COMPONENT_ID,FAMILY,SUBFAMILY,STOREY,OWNER_FAMILY,OWNER_STAGE,SOURCE,DIMENSIONS,GROSS_M3,DEDUCTIONS_M3,DEDUCTION_DETAIL,NET_M3,RELEASED_M3,CONDITIONAL_M3,CONDITIONAL_RANGE_M3,LANE,EVIDENCE_STATUS,S2_CENSUS_STATE,UNRESOLVED_REASON,REBAR_LINK,FLAGS
FTG-F-1888-7312,FOOTINGS,ISOLATED / COMBINED FOOTING,FOUNDATION,FOOTINGS,S9 (concrete) / S4 -> S4.1 -> D1.2 (bars),"ST7757 FP outline 1669:F>v (bbox mm [1887.9, 7311.9, 2787.9, 8111.9]); schedule p.9","{""D_m"": 0.3, ""L_m"": 0.9, ""W_m"": 0.8, ""drawn_matches_schedule"": true, ""type"": ""F""}",0.216,0,,0.216,0.216,,,RELEASED_S9_DELTA,SCHEDULE_PRINTED + DRAWN_OUTLINE_MATCH,VERIFIED,,S4:FOCC-1669,
FTG-F15-7088-7312,FOOTINGS,ISOLATED / COMBINED FOOTING,FOUNDATION,FOOTINGS,S9 (concrete) / S4 -> S4.1 -> D1.2 (bars),"ST7757 FP outline 1B2A (bbox mm [7087.9, 7311.9, 8887.9, 8311.9]); schedule p.9","{""D_m"": 0.4, ""L_m"": 1.8, ""W_m"": 1.0, ""drawn_matches_schedule"": true, ""type"": ""F15""}",0.72,0,,0.72,0.72,,,RELEASED_S9_DELTA,SCHEDULE_PRINTED + DRAWN_OUTLINE_MATCH,VERIFIED,,S4:FOCC-1B2A,
FTG-F-13638-7312,FOOTINGS,ISOLATED / COMBINED FOOTING,FOUNDATION,FOOTINGS,S9 (concrete) / S4 -> S4.1 -> D1.2 (bars),"ST7757 FP outline 166A:F>v (bbox mm [13637.9, 7311.9, 14537.9, 8111.9]); schedule p.9","{""D_m"": 0.3, ""L_m"": 0.9, ""W_m"": 0.8, ""drawn_matches_schedule"": true, ""type"": ""F""}",0.216,0,,0.216,0.216,,,RELEASED_S9_DELTA,SCHEDULE_PRINTED + DRAWN_OUTLINE_MATCH,VERIFIED,,S4:FOCC-166A,
FTG-F11-16163-7312,FOOTINGS,ISOLATED / COMBINED FOOTING,FOUNDATION,FOOTINGS,S9 (concrete) / S4 -> S4.1 -> D1.2 (bars),"ST7757 FP outline 1B07 (bbox mm [16162.9, 7311.9, 19662.9, 8811.9]); schedule p.9","{""D_m"": 0.5, ""L_m"": 3.5, ""W_m"": 1.5, ""drawn_matches_schedule"": true, ""type"": ""F11""}",2.625,0,,2.625,2.625,,,RELEASED_S9_DELTA,SCHEDULE_PRINTED + DRAWN_OUTLINE_MATCH,VERIFIED,,S4:FOCC-1B07,
FTG-F14-22408-7312,FOOTINGS,ISOLATED / COMBINED FOOTING,FOUNDATION,FOOTINGS,S9 (concrete) / S4 -> S4.1 -> D1.2 (bars),"ST7757 FP outline 1B1A (bbox mm [22407.9, 7311.9, 26207.9, 10611.9]); schedule p.9","{""D_m"": 0.5, ""L_m"": 3.8, ""W_m"": 3.3, ""drawn_matches_schedule"": true, ""type"": ""F14""}",6.27,0,,6.27,6.27,,,RELEASED_S9_DELTA,SCHEDULE_PRINTED + DRAWN_OUTLINE_MATCH,VERIFIED,,S4:FOCC-1B1A,
FTG-CONFLICT_F_F10-30008-7312,FOOTINGS,ISOLATED / COMBINED FOOTING,FOUNDATION,FOOTINGS,S9 (concrete) / S4 -> S4.1 -> D1.2 (bars),"ST7757 FP outline 1B1B (bbox mm [30007.9, 7311.9, 33257.9, 8711.9]); schedule p.9","{""candidates"": {""F"": [90.0, 80.0, 30.0], ""F10"": [280.0, 140.0, 50.0]}, ""drawn_bbox_m"": [3.25, 1.4]}",,,,,,,"[0.216, 1.96]",SOURCE_CONFLICT,TAG_CONFLICT,BLOCKED,"tag conflict ['F', 'F10'] (S1); the drawn outline matches neither schedule row; S2 BLOCKED",S4:FOCC-1B1B,"[""FOOTING_TYPE_CONFLICT""]"
FTG-F5-26458-7912,FOOTINGS,ISOLATED / COMBINED FOOTING,FOUNDATION,FOOTINGS,S9 (concrete) / S4 -> S4.1 -> D1.2 (bars),"ST7757 FP outline 166D:F>v (bbox mm [26457.9, 7911.9, 28857.9, 10011.9]); schedule p.9","{""D_m"": 0.4, ""L_m"": 2.4, ""W_m"": 2.1, ""drawn_matches_schedule"": true, ""type"": ""F5""}",2.016,0,,2.016,2.016,,,RELEASED_S9_DELTA,SCHEDULE_PRINTED + DRAWN_OUTLINE_MATCH,VERIFIED,,S4:FOCC-166D,
FTG-F3-11838-8262,FOOTINGS,ISOLATED / COMBINED FOOTING,FOUNDATION,FOOTINGS,S9 (concrete) / S4 -> S4.1 -> D1.2 (bars),"ST7757 FP outline 166C:F>v (bbox mm [11837.9, 8261.9, 13237.9, 9861.9]); schedule p.9","{""D_m"": 0.3, ""L_m"": 1.6, ""W_m"": 1.4, ""drawn_matches_schedule"": true, ""type"": ""F3""}",0.672,0,,0.672,0.672,,,RELEASED_S9_DELTA,SCHEDULE_PRINTED + DRAWN_OUTLINE_MATCH,VERIFIED,,S4:FOCC-166C,
FTG-F13-11188-10712,FOOTINGS,ISOLATED / COMBINED FOOTING,FOUNDATION,FOOTINGS,S9 (concrete) / S4 -> S4.1 -> D1.2 (bars),"ST7757 FP outline 1ADB (bbox mm [11187.7, 10711.9, 15487.7, 13111.9]); schedule p.9","{""D_m"": 0.5, ""L_m"": 4.3, ""W_m"": 2.4, ""drawn_matches_schedule"": true, ""type"": ""F13""}",5.16,0,,5.16,5.16,,,RELEASED_S9_DELTA,SCHEDULE_PRINTED + DRAWN_OUTLINE_MATCH,VERIFIED,,S4:FOCC-1ADB,
FTG-FN-32258-10812,FOOTINGS,ISOLATED / COMBINED FOOTING,FOUNDATION,FOOTINGS,S9 (concrete) / S4 -> S4.1 -> D1.2 (bars),"ST7757 FP outline 1100+1101+1102+1103 (bbox mm [32257.9, 10811.9, 33257.9, 11811.9]); schedule p.9","{""D_m"": 0.3, ""L_m"": 1.0, ""W_m"": 1.0, ""drawn_matches_schedule"": true, ""type"": ""FN""}",0.3,0,,0.3,0.3,,,RELEASED_S9_DELTA,SCHEDULE_PRINTED + DRAWN_OUTLINE_MATCH,VERIFIED,,S4:FOCC-1100+1101+1102+1103,
FTG-F6-15938-11062,FOOTINGS,ISOLATED / COMBINED FOOTING,FOUNDATION,FOOTINGS,S9 (concrete) / S4 -> S4.1 -> D1.2 (bars),"ST7757 FP outline 1B19 (bbox mm [15937.9, 11061.9, 18137.9, 13661.9]); schedule p.9","{""D_m"": 0.5, ""L_m"": 2.6, ""W_m"": 2.2, ""drawn_matches_schedule"": true, ""type"": ""F6""}",2.86,0,,2.86,2.86,,,RELEASED_S9_DELTA,SCHEDULE_PRINTED + DRAWN_OUTLINE_MATCH,VERIFIED,,S4:FOCC-1B19,
FTG-F3-5538-11362,FOOTINGS,ISOLATED / COMBINED FOOTING,FOUNDATION,FOOTINGS,S9 (concrete) / S4 -> S4.1 -> D1.2 (bars),"ST7757 FP outline 166B:F>v (bbox mm [5537.9, 11361.9, 7137.9, 12761.9]); schedule p.9","{""D_m"": 0.3, ""L_m"": 1.6, ""W_m"": 1.4, ""drawn_matches_schedule"": true, ""type"": ""F3""}",0.672,0,,0.672,0.672,,,RELEASED_S9_DELTA,SCHEDULE_PRINTED + DRAWN_OUTLINE_MATCH,VERIFIED,,S4:FOCC-166B,
FTG-FN-23558-12287,FOOTINGS,ISOLATED / COMBINED FOOTING,FOUNDATION,FOOTINGS,S9 (concrete) / S4 -> S4.1 -> D1.2 (bars),"ST7757 FP outline 10F8+10F9+10FA+10FB (bbox mm [23557.9, 12286.9, 24557.9, 13286.9]); schedule p.9","{""D_m"": 0.3, ""L_m"": 1.0, ""W_m"": 1.0, ""drawn_matches_schedule"": true, ""type"": ""FN""}",0.3,0,,0.3,0.3,,,RELEASED_S9_DELTA,SCHEDULE_PRINTED + DRAWN_OUTLINE_MATCH,VERIFIED,,S4:FOCC-10F8+10F9+10FA+10FB,
FTG-FN-28083-12287,FOOTINGS,ISOLATED / COMBINED FOOTING,FOUNDATION,FOOTINGS,S9 (concrete) / S4 -> S4.1 -> D1.2 (bars),"ST7757 FP outline 10F0+10F1+10F2+10F3 (bbox mm [28082.9, 12286.9, 29082.9, 13286.9]); schedule p.9","{""D_m"": 0.3, ""L_m"": 1.0, ""W_m"": 1.0, ""drawn_matches_schedule"": true, ""type"": ""FN""}",0.3,0,,0.3,0.3,,,RELEASED_S9_DELTA,SCHEDULE_PRINTED + DRAWN_OUTLINE_MATCH,VERIFIED,,S4:FOCC-10F0+10F1+10F2+10F3,
FTG-F8-29258-13262,FOOTINGS,ISOLATED / COMBINED FOOTING,FOUNDATION,FOOTINGS,S9 (concrete) / S4 -> S4.1 -> D1.2 (bars),"ST7757 FP outline 1B24 (bbox mm [29257.9, 13261.9, 33257.9, 16861.9]); schedule p.9","{""D_m"": 0.5, ""L_m"": 4.0, ""W_m"": 3.6, ""drawn_matches_schedule"": true, ""type"": ""F8""}",7.2,0,,7.2,7.2,,,RELEASED_S9_DELTA,SCHEDULE_PRINTED + DRAWN_OUTLINE_MATCH,VERIFIED,,S4:FOCC-1B24,
FTG-F-1888-13312,FOOTINGS,ISOLATED / COMBINED FOOTING,FOUNDATION,FOOTINGS,S9 (concrete) / S4 -> S4.1 -> D1.2 (bars),"ST7757 FP outline 1668:F>v (bbox mm [1887.9, 13311.9, 2687.9, 14211.9]); schedule p.9","{""D_m"": 0.3, ""L_m"": 0.9, ""W_m"": 0.8, ""drawn_matches_schedule"": true, ""type"": ""F""}",0.216,0,,0.216,0.216,,,RELEASED_S9_DELTA,SCHEDULE_PRINTED + DRAWN_OUTLINE_MATCH,VERIFIED,,S4:FOCC-1668,
FTG-F-4288-13462,FOOTINGS,ISOLATED / COMBINED FOOTING,FOUNDATION,FOOTINGS,S9 (concrete) / S4 -> S4.1 -> D1.2 (bars),"ST7757 FP outline 1667:F>v (bbox mm [4287.9, 13461.9, 5187.9, 14261.9]); schedule p.9","{""D_m"": 0.3, ""L_m"": 0.9, ""W_m"": 0.8, ""drawn_matches_schedule"": true, ""type"": ""F""}",0.216,0,,0.216,0.216,,,RELEASED_S9_DELTA,SCHEDULE_PRINTED + DRAWN_OUTLINE_MATCH,VERIFIED,,S4:FOCC-1667,
FTG-FF-18688-14112,FOOTINGS,ISOLATED / COMBINED FOOTING,FOUNDATION,FOOTINGS,S9 (concrete) / S4 -> S4.1 -> D1.2 (bars),"ST7757 FP outline 1B2B (bbox mm [18687.7, 14112.0, 23287.7, 18612.0]); schedule p.9","{""D_m"": 0.55, ""L_m"": 4.6, ""W_m"": 4.5, ""drawn_matches_schedule"": true, ""type"": ""FF""}",11.385,0,,11.385,11.385,,,RELEASED_S9_DELTA,SCHEDULE_PRINTED + DRAWN_OUTLINE_MATCH,VERIFIED,,S4:FOCC-1B2B,"[""LIFT_FOOTING_FF (S8.8 FTG; counted once here)""]"
FTG-F12-13688-14562,FOOTINGS,ISOLATED / COMBINED FOOTING,FOUNDATION,FOOTINGS,S9 (concrete) / S4 -> S4.1 -> D1.2 (bars),"ST7757 FP outline 1ABF (bbox mm [13687.9, 14561.9, 18087.9, 17761.9]); schedule p.9","{""D_m"": 0.7, ""L_m"": 4.4, ""W_m"": 3.2, ""drawn_matches_schedule"": true, ""type"": ""F12""}",9.856,0,,9.856,9.856,,,RELEASED_S9_DELTA,SCHEDULE_PRINTED + DRAWN_OUTLINE_MATCH,VERIFIED,,S4:FOCC-1ABF,
FTG-F9-25608-15262,FOOTINGS,ISOLATED / COMBINED FOOTING,FOUNDATION,FOOTINGS,S9 (concrete) / S4 -> S4.1 -> D1.2 (bars),"ST7757 FP outline 180F (bbox mm [25607.9, 15261.9, 29007.9, 17961.9]); schedule p.9","{""D_m"": 0.55, ""L_m"": 3.4, ""W_m"": 2.7, ""drawn_matches_schedule"": true, ""type"": ""F9""}",5.049,0,,5.049,5.049,,,RELEASED_S9_DELTA,SCHEDULE_PRINTED + DRAWN_OUTLINE_MATCH,VERIFIED,,S4:FOCC-180F,
FTG-FN-28608-17612,FOOTINGS,ISOLATED / COMBINED FOOTING,FOUNDATION,FOOTINGS,S9 (concrete) / S4 -> S4.1 -> D1.2 (bars),"ST7757 FP outline 180C (bbox mm [28607.9, 17611.9, 29607.9, 18611.9]); schedule p.9","{""D_m"": 0.3, ""L_m"": 1.0, ""W_m"": 1.0, ""drawn_matches_schedule"": true, ""type"": ""FN""}",0.3,0.042,"[{""depth_m"": 0.3, ""max_m3"": 0.042, ""plan_m2"": 0.14, ""with"": ""FTG-F9-25608-15262""}]",0.258,0.258,,,RELEASED_S9_DELTA,SCHEDULE_PRINTED + DRAWN_OUTLINE_MATCH,VERIFIED,,S4:FOCC-180C,"[""OUTLINE_OVERLAP_DEDUCTED (maximum prism)""]"
FTG-F2-16188-19612,FOOTINGS,ISOLATED / COMBINED FOOTING,FOUNDATION,FOOTINGS,S9 (concrete) / S4 -> S4.1 -> D1.2 (bars),"ST7757 FP outline 165C:F>v (bbox mm [16187.9, 19611.9, 17887.9, 21511.9]); schedule p.9","{""D_m"": 0.35, ""L_m"": 1.9, ""W_m"": 1.7, ""drawn_matches_schedule"": true, ""type"": ""F2""}",1.1305,0,,1.1305,1.1305,,,RELEASED_S9_DELTA,SCHEDULE_PRINTED + DRAWN_OUTLINE_MATCH,VERIFIED,,S4:FOCC-165C,
FTG-F2-18888-19612,FOOTINGS,ISOLATED / COMBINED FOOTING,FOUNDATION,FOOTINGS,S9 (concrete) / S4 -> S4.1 -> D1.2 (bars),"ST7757 FP outline 1663:F>v (bbox mm [18887.9, 19611.9, 20587.9, 21511.9]); schedule p.9","{""D_m"": 0.35, ""L_m"": 1.9, ""W_m"": 1.7, ""drawn_matches_schedule"": true, ""type"": ""F2""}",1.1305,0,,1.1305,1.1305,,,RELEASED_S9_DELTA,SCHEDULE_PRINTED + DRAWN_OUTLINE_MATCH,VERIFIED,,S4:FOCC-1663,
FTG-F5-22358-19612,FOOTINGS,ISOLATED / COMBINED FOOTING,FOUNDATION,FOOTINGS,S9 (concrete) / S4 -> S4.1 -> D1.2 (bars),"ST7757 FP outline 1664:F>v (bbox mm [22357.9, 19611.9, 24757.9, 21711.9]); schedule p.9","{""D_m"": 0.4, ""L_m"": 2.4, ""W_m"": 2.1, ""drawn_matches_schedule"": true, ""type"": ""F5""}",2.016,0,,2.016,2.016,,,RELEASED_S9_DELTA,SCHEDULE_PRINTED + DRAWN_OUTLINE_MATCH,VERIFIED,,S4:FOCC-1664,
FTG-F4-26358-19662,FOOTINGS,ISOLATED / COMBINED FOOTING,FOUNDATION,FOOTINGS,S9 (concrete) / S4 -> S4.1 -> D1.2 (bars),"ST7757 FP outline 1665:F>v (bbox mm [26357.9, 19661.9, 28557.9, 21661.9]); schedule p.9","{""D_m"": 0.4, ""L_m"": 2.2, ""W_m"": 2.0, ""drawn_matches_schedule"": true, ""type"": ""F4""}",1.76,0,,1.76,1.76,,,RELEASED_S9_DELTA,SCHEDULE_PRINTED + DRAWN_OUTLINE_MATCH,VERIFIED,,S4:FOCC-1665,
FTG-F4-30408-19687,FOOTINGS,ISOLATED / COMBINED FOOTING,FOUNDATION,FOOTINGS,S9 (concrete) / S4 -> S4.1 -> D1.2 (bars),"ST7757 FP outline 1666:F>v (bbox mm [30407.9, 19686.9, 32607.9, 21686.9]); schedule p.9","{""D_m"": 0.4, ""L_m"": 2.2, ""W_m"": 2.0, ""drawn_matches_schedule"": true, ""type"": ""F4""}",1.76,0,,1.76,1.76,,,RELEASED_S9_DELTA,SCHEDULE_PRINTED + DRAWN_OUTLINE_MATCH,VERIFIED,,S4:FOCC-1666,
COL-C10-X15-Y01-FOUNDATION,COLUMNS,C10 (AXIS_PLAN_TAG),FOUNDATION,COLUMNS,S9 (concrete) / S3.1 (+ S9-C01) (bars),"ST7757 FP/CAP/GBP handles ['10E8', '88D', '255']; schedule p.9","{""drawn_cm"": [70.0, 30.0], ""drawn_vs_schedule"": ""MATCH"", ""footing"": ""FTG-CONFLICT_F_F10-30008-7312"", ""interval_basis"": ""founding level not printed (S1 BLOCKED)"", ""interval_m"": null, ""schedule_cm"": [30.0, 70.0]}",,,,,,,,BLOCKED_UNQUANTIFIED,SECTION_PRINTED; HEIGHT_NOT_ESTABLISHED,VERIFIED,"foundation-storey neck: founding level not printed (excavation >= 1.50 m below plot level is a minimum); the indicative value uses (+1.00) - (-1.50 + footing depth), whose two unknowns act in opposite directions (no bound); never in a total",S3.1:COL-C10-X15-Y01-FOUNDATION,"[""INDICATIVE_VALUE_ONLY""]"
COL-C10-X15-Y01-GF,COLUMNS,C10 (AXIS_PLAN_TAG),GF,COLUMNS,S9 (concrete) / S3.1 (+ S9-C01) (bars),ST7757 GFRS handles ['371']; schedule p.9,"{""drawn_cm"": [70.0, 25.0], ""drawn_vs_schedule"": ""MATCH"", ""interval_basis"": ""printed floor-to-floor (S1 ESTABLISHED; P7757 VE-AA-09)"", ""interval_m"": 4.5, ""schedule_cm"": [25.0, 70.0]}",0.7875,0,,0.7875,0.7875,,,RELEASED_S9_DELTA,SECTION_PRINTED + DRAWN_MATCH; INTERVAL_PRINTED_FLOOR_TO_FLOOR,VERIFIED,,S3.1:COL-C10-X15-Y01-GF,"[""INTERVAL = PRINTED FLOOR-TO-FLOOR (structural levels not printed; project-basis value, as S3.1 main bars)""]"
COL-C-X01-Y01-FOUNDATION,COLUMNS,C (AXIS_PLAN_TAG),FOUNDATION,COLUMNS,S9 (concrete) / S3.1 (+ S9-C01) (bars),"ST7757 FP/CAP/GBP handles ['10AB', '849', '207']; schedule p.9","{""drawn_cm"": [50.0, 30.0], ""drawn_vs_schedule"": ""MATCH"", ""footing"": ""FTG-F-1888-7312"", ""interval_basis"": ""founding level not printed (S1 BLOCKED)"", ""interval_m"": null, ""schedule_cm"": [30.0, 50.0]}",,,,,,0.33,,BLOCKED_UNQUANTIFIED,SECTION_PRINTED; HEIGHT_NOT_ESTABLISHED,VERIFIED,"foundation-storey neck: founding level not printed (excavation >= 1.50 m below plot level is a minimum); the indicative value uses (+1.00) - (-1.50 + footing depth), whose two unknowns act in opposite directions (no bound); never in a total",S3.1:COL-C-X01-Y01-FOUNDATION,"[""INDICATIVE_VALUE_ONLY""]"
COL-C-X01-Y01-GF,COLUMNS,C (AXIS_PLAN_TAG),GF,COLUMNS,S9 (concrete) / S3.1 (+ S9-C01) (bars),ST7757 GFRS handles ['34D']; schedule p.9,"{""drawn_cm"": [40.0, 20.0], ""drawn_vs_schedule"": ""MISMATCH"", ""interval_basis"": ""printed floor-to-floor (S1 ESTABLISHED; P7757 VE-AA-09)"", ""interval_m"": 4.5, ""schedule_cm"": [20.0, 50.0]}",,,,,,0.45,"[0.36, 0.45]",CONDITIONAL_NOT_RELEASED,SECTION_PRINTED; DRAWN_DIFFERS,PROVISIONAL,"S2 PROVISIONAL: drawn section [40.0, 20.0] vs schedule [20.0, 50.0] (MISMATCH) or below the minimum thickness",S3.1:COL-C-X01-Y01-GF,"[""DRAWN_VS_SCHEDULE""]"
COL-C3-X04-Y01-FOUNDATION,COLUMNS,C3 (TAG_CONFLICT),FOUNDATION,COLUMNS,S9 (concrete) / S3.1 (+ S9-C01) (bars),"ST7757 FP/CAP/GBP handles ['10AE', '84C', '20B']; schedule p.9","{""drawn_cm"": [50.0, 30.0], ""drawn_vs_schedule"": ""MATCH"", ""footing"": ""FTG-F15-7088-7312"", ""interval_basis"": ""founding level not printed (S1 BLOCKED)"", ""interval_m"": null, ""schedule_cm"": [30.0, 50.0]}",,,,,,0.315,,BLOCKED_UNQUANTIFIED,SECTION_PRINTED; HEIGHT_NOT_ESTABLISHED,BLOCKED,"foundation-storey neck: founding level not printed (excavation >= 1.50 m below plot level is a minimum); the indicative value uses (+1.00) - (-1.50 + footing depth), whose two unknowns act in opposite directions (no bound); never in a total",S3.1:COL-C3-X04-Y01-FOUNDATION,"[""INDICATIVE_VALUE_ONLY""]"
COL-C3-X04-Y01-GF,COLUMNS,C3 (TAG_CONFLICT),GF,COLUMNS,S9 (concrete) / S3.1 (+ S9-C01) (bars),ST7757 GFRS handles ['350']; schedule p.9,"{""drawn_cm"": [40.0, 20.0], ""drawn_vs_schedule"": ""MISMATCH"", ""interval_basis"": ""printed floor-to-floor (S1 ESTABLISHED; P7757 VE-AA-09)"", ""interval_m"": 4.5, ""schedule_cm"": [25.0, 50.0]}",,,,,,0.5625,,SOURCE_CONFLICT,TYPE_OR_SECTION_CONFLICT,BLOCKED,"S2 BLOCKED (type / tag conflict, S1 review queue)",S3.1:COL-C3-X04-Y01-GF,"[""COLUMN_TYPE_CONFLICT""]"
COL-C-X06-Y01-FOUNDATION,COLUMNS,C (AXIS_PLAN_TAG),FOUNDATION,COLUMNS,S9 (concrete) / S3.1 (+ S9-C01) (bars),"ST7757 FP/CAP/GBP handles ['10B7', '85B', '218']; schedule p.9","{""drawn_cm"": [50.0, 30.0], ""drawn_vs_schedule"": ""MATCH"", ""footing"": ""FTG-F-13638-7312"", ""interval_basis"": ""founding level not printed (S1 BLOCKED)"", ""interval_m"": null, ""schedule_cm"": [30.0, 50.0]}",,,,,,0.33,,BLOCKED_UNQUANTIFIED,SECTION_PRINTED; HEIGHT_NOT_ESTABLISHED,VERIFIED,"foundation-storey neck: founding level not printed (excavation >= 1.50 m below plot level is a minimum); the indicative value uses (+1.00) - (-1.50 + footing depth), whose two unknowns act in opposite directions (no bound); never in a total",S3.1:COL-C-X06-Y01-FOUNDATION,"[""INDICATIVE_VALUE_ONLY""]"
COL-C-X06-Y01-GF,COLUMNS,C (AXIS_PLAN_TAG),GF,COLUMNS,S9 (concrete) / S3.1 (+ S9-C01) (bars),ST7757 GFRS handles ['359']; schedule p.9,"{""drawn_cm"": [40.0, 20.0], ""drawn_vs_schedule"": ""MISMATCH"", ""interval_basis"": ""printed floor-to-floor (S1 ESTABLISHED; P7757 VE-AA-09)"", ""interval_m"": 4.5, ""schedule_cm"": [20.0, 50.0]}",,,,,,0.45,"[0.36, 0.45]",CONDITIONAL_NOT_RELEASED,SECTION_PRINTED; DRAWN_DIFFERS,PROVISIONAL,"S2 PROVISIONAL: drawn section [40.0, 20.0] vs schedule [20.0, 50.0] (MISMATCH) or below the minimum thickness",S3.1:COL-C-X06-Y01-GF,"[""DRAWN_VS_SCHEDULE""]"
COL-C11-X?-Y01@17913-7462-FOUNDATION,COLUMNS,C11 (AXIS_PLAN_TAG),FOUNDATION,COLUMNS,S9 (concrete) / S3.1 (+ S9-C01) (bars),"ST7757 FP/CAP/GBP handles ['10DD', '883', '249']; schedule p.9","{""drawn_cm"": [110.0, 30.0], ""drawn_vs_schedule"": ""MATCH"", ""footing"": ""FTG-F11-16163-7312"", ""interval_basis"": ""founding level not printed (S1 BLOCKED)"", ""interval_m"": null, ""schedule_cm"": [30.0, 110.0]}",,,,,,0.66,,BLOCKED_UNQUANTIFIED,SECTION_PRINTED; HEIGHT_NOT_ESTABLISHED,VERIFIED,"foundation-storey neck: founding level not printed (excavation >= 1.50 m below plot level is a minimum); the indicative value uses (+1.00) - (-1.50 + footing depth), whose two unknowns act in opposite directions (no bound); never in a total",S3.1:COL-C11-X?-Y01@17913-7462-FOUNDATION,"[""INDICATIVE_VALUE_ONLY""]"
COL-C11-X?-Y01@17913-7462-GF,COLUMNS,C11 (AXIS_PLAN_TAG),GF,COLUMNS,S9 (concrete) / S3.1 (+ S9-C01) (bars),ST7757 GFRS handles ['37D']; schedule p.9,"{""drawn_cm"": [110.0, 25.0], ""drawn_vs_schedule"": ""MATCH"", ""interval_basis"": ""printed floor-to-floor (S1 ESTABLISHED; P7757 VE-AA-09)"", ""interval_m"": 4.5, ""schedule_cm"": [25.0, 110.0]}",1.2375,0,,1.2375,1.2375,,,RELEASED_S9_DELTA,SECTION_PRINTED + DRAWN_MATCH; INTERVAL_PRINTED_FLOOR_TO_FLOOR,VERIFIED,,S3.1:COL-C11-X?-Y01@17913-7462-GF,"[""INTERVAL = PRINTED FLOOR-TO-FLOOR (structural levels not printed; project-basis value, as S3.1 main bars)""]"
COL-C3-X12-Y01-FOUNDATION,COLUMNS,C3 (AXIS_PLAN_TAG),FOUNDATION,COLUMNS,S9 (concrete) / S3.1 (+ S9-C01) (bars),"ST7757 FP/CAP/GBP handles ['10E4', '88A', '251']; schedule p.9","{""drawn_cm"": [50.0, 30.0], ""drawn_vs_schedule"": ""MATCH"", ""footing"": ""FTG-F14-22408-7312"", ""interval_basis"": ""founding level not printed (S1 BLOCKED)"", ""interval_m"": null, ""schedule_cm"": [30.0, 50.0]}",,,,,,0.3,,BLOCKED_UNQUANTIFIED,SECTION_PRINTED; HEIGHT_NOT_ESTABLISHED,VERIFIED,"foundation-storey neck: founding level not printed (excavation >= 1.50 m below plot level is a minimum); the indicative value uses (+1.00) - (-1.50 + footing depth), whose two unknowns act in opposite directions (no bound); never in a total",S3.1:COL-C3-X12-Y01-FOUNDATION,"[""INDICATIVE_VALUE_ONLY""]"
COL-C3-X12-Y01-GF,COLUMNS,C3 (AXIS_PLAN_TAG),GF,COLUMNS,S9 (concrete) / S3.1 (+ S9-C01) (bars),ST7757 GFRS handles ['383']; schedule p.9,"{""drawn_cm"": [50.0, 25.0], ""drawn_vs_schedule"": ""MATCH"", ""interval_basis"": ""printed floor-to-floor (S1 ESTABLISHED; P7757 VE-AA-09)"", ""interval_m"": 4.5, ""schedule_cm"": [25.0, 50.0]}",0.5625,0,,0.5625,0.5625,,,RELEASED_S9_DELTA,SECTION_PRINTED + DRAWN_MATCH; INTERVAL_PRINTED_FLOOR_TO_FLOOR,VERIFIED,,S3.1:COL-C3-X12-Y01-GF,"[""INTERVAL = PRINTED FLOOR-TO-FLOOR (structural levels not printed; project-basis value, as S3.1 main bars)""]"
COL-C-X16-Y01-FOUNDATION,COLUMNS,C (AXIS_PLAN_TAG),FOUNDATION,COLUMNS,S9 (concrete) / S3.1 (+ S9-C01) (bars),"ST7757 FP/CAP/GBP handles ['10A4', '840', '200']; schedule p.9","{""drawn_cm"": [30.0, 50.0], ""drawn_vs_schedule"": ""MATCH"", ""footing"": ""FTG-CONFLICT_F_F10-30008-7312"", ""interval_basis"": ""founding level not printed (S1 BLOCKED)"", ""interval_m"": null, ""schedule_cm"": [30.0, 50.0]}",,,,,,,,BLOCKED_UNQUANTIFIED,SECTION_PRINTED; HEIGHT_NOT_ESTABLISHED,VERIFIED,"foundation-storey neck: founding level not printed (excavation >= 1.50 m below plot level is a minimum); the indicative value uses (+1.00) - (-1.50 + footing depth), whose two unknowns act in opposite directions (no bound); never in a total",S3.1:COL-C-X16-Y01-FOUNDATION,"[""INDICATIVE_VALUE_ONLY""]"
COL-C-X16-Y01-GF,COLUMNS,C (AXIS_PLAN_TAG),GF,COLUMNS,S9 (concrete) / S3.1 (+ S9-C01) (bars),ST7757 GFRS handles ['347']; schedule p.9,"{""drawn_cm"": [20.0, 40.0], ""drawn_vs_schedule"": ""MISMATCH"", ""interval_basis"": ""printed floor-to-floor (S1 ESTABLISHED; P7757 VE-AA-09)"", ""interval_m"": 4.5, ""schedule_cm"": [20.0, 50.0]}",,,,,,0.45,"[0.36, 0.45]",CONDITIONAL_NOT_RELEASED,SECTION_PRINTED; DRAWN_DIFFERS,PROVISIONAL,"S2 PROVISIONAL: drawn section [20.0, 40.0] vs schedule [20.0, 50.0] (MISMATCH) or below the minimum thickness",S3.1:COL-C-X16-Y01-GF,"[""DRAWN_VS_SCHEDULE""]"
COL-P.C-X08-Y02-1F,COLUMNS,P.C (PLAN_LABEL),1F,COLUMNS,S9 (concrete) / S3.1 (+ S9-C01) (bars),ST7757 FFRS handles ['66A']; schedule p.9,"{""drawn_cm"": [70.0, 20.0], ""drawn_vs_schedule"": ""MATCH"", ""interval_basis"": ""printed floor-to-floor (S1 ESTABLISHED; P7757 VE-AA-09)"", ""interval_m"": 4.2, ""schedule_cm"": [20, 70]}",0.588,0,,0.588,0.588,,,RELEASED_S9_DELTA,SECTION_PRINTED + DRAWN_MATCH; INTERVAL_PRINTED_FLOOR_TO_FLOOR,VERIFIED,,S3.1:COL-P.C-X08-Y02-1F,"[""SPECIAL_COLUMN SPC-PLANTED_COLUMN-GFRS-544 (S8.5: no concrete added)"", ""INTERVAL = PRINTED FLOOR-TO-FLOOR (structural levels not printed; project-basis value, as S3.1 main bars)""]"
COL-C8-X12-Y02-FOUNDATION,COLUMNS,C8 (TAG_CONFLICT),FOUNDATION,COLUMNS,S9 (concrete) / S3.1 (+ S9-C01) (bars),"ST7757 FP/CAP/GBP handles ['10E0', '886', '24D']; schedule p.9","{""drawn_cm"": [80.0, 30.0], ""drawn_vs_schedule"": ""MISMATCH"", ""footing"": ""FTG-F14-22408-7312"", ""interval_basis"": ""founding level not printed (S1 BLOCKED)"", ""interval_m"": null, ""schedule_cm"": [30.0, 90.0]}",,,,,,0.54,,BLOCKED_UNQUANTIFIED,SECTION_PRINTED; HEIGHT_NOT_ESTABLISHED,BLOCKED,"foundation-storey neck: founding level not printed (excavation >= 1.50 m below plot level is a minimum); the indicative value uses (+1.00) - (-1.50 + footing depth), whose two unknowns act in opposite directions (no bound); never in a total",S3.1:COL-C8-X12-Y02-FOUNDATION,"[""INDICATIVE_VALUE_ONLY""]"
COL-C8-X12-Y02-GF,COLUMNS,C8 (TAG_CONFLICT),GF,COLUMNS,S9 (concrete) / S3.1 (+ S9-C01) (bars),ST7757 GFRS handles ['380']; schedule p.9,"{""drawn_cm"": [80.0, 25.0], ""drawn_vs_schedule"": ""MISMATCH"", ""interval_basis"": ""printed floor-to-floor (S1 ESTABLISHED; P7757 VE-AA-09)"", ""interval_m"": 4.5, ""schedule_cm"": [25.0, 90.0]}",,,,,,1.0125,,SOURCE_CONFLICT,TYPE_OR_SECTION_CONFLICT,BLOCKED,"S2 BLOCKED (type / tag conflict, S1 review queue)",S3.1:COL-C8-X12-Y02-GF,"[""COLUMN_TYPE_CONFLICT""]"
COL-C8-X12-Y02-1F,COLUMNS,C8 (TAG_CONFLICT),1F,COLUMNS,S9 (concrete) / S3.1 (+ S9-C01) (bars),ST7757 FFRS handles ['69A']; schedule p.9,"{""drawn_cm"": [80.0, 25.0], ""drawn_vs_schedule"": ""MISMATCH"", ""interval_basis"": ""printed floor-to-floor (S1 ESTABLISHED; P7757 VE-AA-09)"", ""interval_m"": 4.2, ""schedule_cm"": [20.0, 90.0]}",,,,,,0.756,,SOURCE_CONFLICT,TYPE_OR_SECTION_CONFLICT,BLOCKED,"S2 BLOCKED (type / tag conflict, S1 review queue)",S3.1:COL-C8-X12-Y02-1F,"[""COLUMN_TYPE_CONFLICT""]"
COL-P.C-X15-Y02-1F,COLUMNS,P.C (PLAN_LABEL),1F,COLUMNS,S9 (concrete) / S3.1 (+ S9-C01) (bars),ST7757 FFRS handles ['69D']; schedule p.9,"{""drawn_cm"": [50.0, 20.0], ""drawn_vs_schedule"": ""MATCH"", ""interval_basis"": ""printed floor-to-floor (S1 ESTABLISHED; P7757 VE-AA-09)"", ""interval_m"": 4.2, ""schedule_cm"": [20, 50]}",0.42,0,,0.42,0.42,,,RELEASED_S9_DELTA,SECTION_PRINTED + DRAWN_MATCH; INTERVAL_PRINTED_FLOOR_TO_FLOOR,VERIFIED,,S3.1:COL-P.C-X15-Y02-1F,"[""SPECIAL_COLUMN SPC-PLANTED_COLUMN-GFRS-548 (S8.5: no concrete added)"", ""INTERVAL = PRINTED FLOOR-TO-FLOOR (structural levels not printed; project-basis value, as S3.1 main bars)""]"
COL-C5-X14-Y02-FOUNDATION,COLUMNS,C5 (AXIS_PLAN_TAG),FOUNDATION,COLUMNS,S9 (concrete) / S3.1 (+ S9-C01) (bars),"ST7757 FP/CAP/GBP handles ['10D3', '878', '23C']; schedule p.9","{""drawn_cm"": [60.0, 30.0], ""drawn_vs_schedule"": ""MATCH"", ""footing"": ""FTG-F5-26458-7912"", ""interval_basis"": ""founding level not printed (S1 BLOCKED)"", ""interval_m"": null, ""schedule_cm"": [30.0, 60.0]}",,,,,,0.378,,BLOCKED_UNQUANTIFIED,SECTION_PRINTED; HEIGHT_NOT_ESTABLISHED,VERIFIED,"foundation-storey neck: founding level not printed (excavation >= 1.50 m below plot level is a minimum); the indicative value uses (+1.00) - (-1.50 + footing depth), whose two unknowns act in opposite directions (no bound); never in a total",S3.1:COL-C5-X14-Y02-FOUNDATION,"[""INDICATIVE_VALUE_ONLY""]"
COL-C5-X14-Y02-GF,COLUMNS,C5 (AXIS_PLAN_TAG),GF,COLUMNS,S9 (concrete) / S3.1 (+ S9-C01) (bars),ST7757 GFRS handles ['374']; schedule p.9,"{""drawn_cm"": [60.0, 25.0], ""drawn_vs_schedule"": ""MATCH"", ""interval_basis"": ""printed floor-to-floor (S1 ESTABLISHED; P7757 VE-AA-09)"", ""interval_m"": 4.5, ""schedule_cm"": [25.0, 60.0]}",0.675,0,,0.675,0.675,,,RELEASED_S9_DELTA,SECTION_PRINTED + DRAWN_MATCH; INTERVAL_PRINTED_FLOOR_TO_FLOOR,VERIFIED,,S3.1:COL-C5-X14-Y02-GF,"[""INTERVAL = PRINTED FLOOR-TO-FLOOR (structural levels not printed; project-basis value, as S3.1 main bars)""]"
COL-C5-X14-Y02-1F,COLUMNS,C5 (AXIS_PLAN_TAG),1F,COLUMNS,S9 (concrete) / S3.1 (+ S9-C01) (bars),ST7757 FFRS handles ['694']; schedule p.9,"{""drawn_cm"": [60.0, 25.0], ""drawn_vs_schedule"": ""MISMATCH"", ""interval_basis"": ""printed floor-to-floor (S1 ESTABLISHED; P7757 VE-AA-09)"", ""interval_m"": 4.2, ""schedule_cm"": [20.0, 50.0]}",,,,,,0.42,"[0.42, 0.63]",CONDITIONAL_NOT_RELEASED,SECTION_PRINTED; DRAWN_DIFFERS,PROVISIONAL,"S2 PROVISIONAL: drawn section [60.0, 25.0] vs schedule [20.0, 50.0] (MISMATCH) or below the minimum thickness",S3.1:COL-C5-X14-Y02-1F,"[""DRAWN_VS_SCHEDULE""]"
COL-C3-X05-Y02-FOUNDATION,COLUMNS,C3 (AXIS_PLAN_TAG),FOUNDATION,COLUMNS,S9 (concrete) / S3.1 (+ S9-C01) (bars),"ST7757 FP/CAP/GBP handles ['10C5', '868', '22C']; schedule p.9","{""drawn_cm"": [30.0, 50.0], ""drawn_vs_schedule"": ""MATCH"", ""footing"": ""FTG-F3-11838-8262"", ""interval_basis"": ""founding level not printed (S1 BLOCKED)"", ""interval_m"": null, ""schedule_cm"": [30.0, 50.0]}",,,,,,0.33,,BLOCKED_UNQUANTIFIED,SECTION_PRINTED; HEIGHT_NOT_ESTABLISHED,VERIFIED,"foundation-storey neck: founding level not printed (excavation >= 1.50 m below plot level is a minimum); the indicative value uses (+1.00) - (-1.50 + footing depth), whose two unknowns act in opposite directions (no bound); never in a total",S3.1:COL-C3-X05-Y02-FOUNDATION,"[""INDICATIVE_VALUE_ONLY""]"
COL-C3-X05-Y02-GF,COLUMNS,C3 (AXIS_PLAN_TAG),GF,COLUMNS,S9 (concrete) / S3.1 (+ S9-C01) (bars),ST7757 GFRS handles ['365']; schedule p.9,"{""drawn_cm"": [25.0, 50.0], ""drawn_vs_schedule"": ""MATCH"", ""interval_basis"": ""printed floor-to-floor (S1 ESTABLISHED; P7757 VE-AA-09)"", ""interval_m"": 4.5, ""schedule_cm"": [25.0, 50.0]}",0.5625,0,,0.5625,0.5625,,,RELEASED_S9_DELTA,SECTION_PRINTED + DRAWN_MATCH; INTERVAL_PRINTED_FLOOR_TO_FLOOR,VERIFIED,,S3.1:COL-C3-X05-Y02-GF,"[""INTERVAL = PRINTED FLOOR-TO-FLOOR (structural levels not printed; project-basis value, as S3.1 main bars)""]"
COL-C3-X05-Y02-1F,COLUMNS,C3 (AXIS_PLAN_TAG),1F,COLUMNS,S9 (concrete) / S3.1 (+ S9-C01) (bars),ST7757 FFRS handles ['68B']; schedule p.9,"{""drawn_cm"": [20.0, 50.0], ""drawn_vs_schedule"": ""MATCH"", ""interval_basis"": ""printed floor-to-floor (S1 ESTABLISHED; P7757 VE-AA-09)"", ""interval_m"": 4.2, ""schedule_cm"": [20.0, 50.0]}",0.42,0,,0.42,0.42,,,RELEASED_S9_DELTA,SECTION_PRINTED + DRAWN_MATCH; INTERVAL_PRINTED_FLOOR_TO_FLOOR,VERIFIED,,S3.1:COL-C3-X05-Y02-1F,"[""INTERVAL = PRINTED FLOOR-TO-FLOOR (structural levels not printed; project-basis value, as S3.1 main bars)""]"
COL-CN-X16-Y03-FOUNDATION,COLUMNS,CN (AXIS_PLAN_TAG),FOUNDATION,COLUMNS,S9 (concrete) / S3.1 (+ S9-C01) (bars),"ST7757 FP/CAP/GBP handles ['10FE', '895', '809']; schedule p.9","{""drawn_cm"": [30.0, 30.0], ""drawn_vs_schedule"": ""MATCH"", ""footing"": ""FTG-FN-32258-10812"", ""interval_basis"": ""founding level not printed (S1 BLOCKED)"", ""interval_m"": null, ""schedule_cm"": [30.0, 30.0]}",,,,,,0.198,,BLOCKED_UNQUANTIFIED,SECTION_PRINTED; HEIGHT_NOT_ESTABLISHED,VERIFIED,"foundation-storey neck: founding level not printed (excavation >= 1.50 m below plot level is a minimum); the indicative value uses (+1.00) - (-1.50 + footing depth), whose two unknowns act in opposite directions (no bound); never in a total",S3.1:COL-CN-X16-Y03-FOUNDATION,"[""INDICATIVE_VALUE_ONLY""]"
COL-C5-X05-Y04-FOUNDATION,COLUMNS,C5 (AXIS_PLAN_TAG),FOUNDATION,COLUMNS,S9 (concrete) / S3.1 (+ S9-C01) (bars),"ST7757 FP/CAP/GBP handles ['10BD', '862', '223']; schedule p.9","{""drawn_cm"": [30.0, 60.0], ""drawn_vs_schedule"": ""MATCH"", ""footing"": ""FTG-F13-11188-10712"", ""interval_basis"": ""founding level not printed (S1 BLOCKED)"", ""interval_m"": null, ""schedule_cm"": [30.0, 60.0]}",,,,,,0.36,,BLOCKED_UNQUANTIFIED,SECTION_PRINTED; HEIGHT_NOT_ESTABLISHED,VERIFIED,"foundation-storey neck: founding level not printed (excavation >= 1.50 m below plot level is a minimum); the indicative value uses (+1.00) - (-1.50 + footing depth), whose two unknowns act in opposite directions (no bound); never in a total",S3.1:COL-C5-X05-Y04-FOUNDATION,"[""INDICATIVE_VALUE_ONLY""]"
COL-C5-X05-Y04-GF,COLUMNS,C5 (AXIS_PLAN_TAG),GF,COLUMNS,S9 (concrete) / S3.1 (+ S9-C01) (bars),ST7757 GFRS handles ['35F']; schedule p.9,"{""drawn_cm"": [25.0, 60.0], ""drawn_vs_schedule"": ""MATCH"", ""interval_basis"": ""printed floor-to-floor (S1 ESTABLISHED; P7757 VE-AA-09)"", ""interval_m"": 4.5, ""schedule_cm"": [25.0, 60.0]}",0.675,0,,0.675,0.675,,,RELEASED_S9_DELTA,SECTION_PRINTED + DRAWN_MATCH; INTERVAL_PRINTED_FLOOR_TO_FLOOR,VERIFIED,,S3.1:COL-C5-X05-Y04-GF,"[""INTERVAL = PRINTED FLOOR-TO-FLOOR (structural levels not printed; project-basis value, as S3.1 main bars)""]"
COL-C5-X05-Y04-1F,COLUMNS,C5 (AXIS_PLAN_TAG),1F,COLUMNS,S9 (concrete) / S3.1 (+ S9-C01) (bars),ST7757 FFRS handles ['685']; schedule p.9,"{""drawn_cm"": [20.0, 60.0], ""drawn_vs_schedule"": ""MISMATCH"", ""interval_basis"": ""printed floor-to-floor (S1 ESTABLISHED; P7757 VE-AA-09)"", ""interval_m"": 4.2, ""schedule_cm"": [20.0, 50.0]}",,,,,,0.42,"[0.42, 0.504]",CONDITIONAL_NOT_RELEASED,SECTION_PRINTED; DRAWN_DIFFERS,PROVISIONAL,"S2 PROVISIONAL: drawn section [20.0, 60.0] vs schedule [20.0, 50.0] (MISMATCH) or below the minimum thickness",S3.1:COL-C5-X05-Y04-1F,"[""DRAWN_VS_SCHEDULE""]"
COL-C3-X03-Y04-FOUNDATION,COLUMNS,C3 (AXIS_PLAN_TAG),FOUNDATION,COLUMNS,S9 (concrete) / S3.1 (+ S9-C01) (bars),"ST7757 FP/CAP/GBP handles ['10B1', '853', '211']; schedule p.9","{""drawn_cm"": [50.0, 30.0], ""drawn_vs_schedule"": ""MATCH"", ""footing"": ""FTG-F3-5538-11362"", ""interval_basis"": ""founding level not printed (S1 BLOCKED)"", ""interval_m"": null, ""schedule_cm"": [30.0, 50.0]}",,,,,,0.33,,BLOCKED_UNQUANTIFIED,SECTION_PRINTED; HEIGHT_NOT_ESTABLISHED,VERIFIED,"foundation-storey neck: founding level not printed (excavation >= 1.50 m below plot level is a minimum); the indicative value uses (+1.00) - (-1.50 + footing depth), whose two unknowns act in opposite directions (no bound); never in a total",S3.1:COL-C3-X03-Y04-FOUNDATION,"[""INDICATIVE_VALUE_ONLY""]"
COL-C3-X03-Y04-GF,COLUMNS,C3 (AXIS_PLAN_TAG),GF,COLUMNS,S9 (concrete) / S3.1 (+ S9-C01) (bars),ST7757 GFRS handles ['353']; schedule p.9,"{""drawn_cm"": [50.0, 25.0], ""drawn_vs_schedule"": ""MATCH"", ""interval_basis"": ""printed floor-to-floor (S1 ESTABLISHED; P7757 VE-AA-09)"", ""interval_m"": 4.5, ""schedule_cm"": [25.0, 50.0]}",0.5625,0,,0.5625,0.5625,,,RELEASED_S9_DELTA,SECTION_PRINTED + DRAWN_MATCH; INTERVAL_PRINTED_FLOOR_TO_FLOOR,VERIFIED,,S3.1:COL-C3-X03-Y04-GF,"[""INTERVAL = PRINTED FLOOR-TO-FLOOR (structural levels not printed; project-basis value, as S3.1 main bars)""]"
COL-C11-X06-Y04-FOUNDATION,COLUMNS,C11 (AXIS_PLAN_TAG),FOUNDATION,COLUMNS,S9 (concrete) / S3.1 (+ S9-C01) (bars),"ST7757 FP/CAP/GBP handles ['10BA', '85E', '220']; schedule p.9","{""drawn_cm"": [110.0, 30.0], ""drawn_vs_schedule"": ""MATCH"", ""footing"": ""FTG-F13-11188-10712"", ""interval_basis"": ""founding level not printed (S1 BLOCKED)"", ""interval_m"": null, ""schedule_cm"": [30.0, 110.0]}",,,,,,0.66,,BLOCKED_UNQUANTIFIED,SECTION_PRINTED; HEIGHT_NOT_ESTABLISHED,VERIFIED,"foundation-storey neck: founding level not printed (excavation >= 1.50 m below plot level is a minimum); the indicative value uses (+1.00) - (-1.50 + footing depth), whose two unknowns act in opposite directions (no bound); never in a total",S3.1:COL-C11-X06-Y04-FOUNDATION,"[""INDICATIVE_VALUE_ONLY""]"
COL-C11-X06-Y04-GF,COLUMNS,C11 (AXIS_PLAN_TAG),GF,COLUMNS,S9 (concrete) / S3.1 (+ S9-C01) (bars),ST7757 GFRS handles ['35C']; schedule p.9,"{""drawn_cm"": [110.0, 25.0], ""drawn_vs_schedule"": ""MATCH"", ""interval_basis"": ""printed floor-to-floor (S1 ESTABLISHED; P7757 VE-AA-09)"", ""interval_m"": 4.5, ""schedule_cm"": [25.0, 110.0]}",1.2375,0,,1.2375,1.2375,,,RELEASED_S9_DELTA,SECTION_PRINTED + DRAWN_MATCH; INTERVAL_PRINTED_FLOOR_TO_FLOOR,VERIFIED,,S3.1:COL-C11-X06-Y04-GF,"[""SPECIAL_COLUMN SPC-DEAD_COLUMN-GFRS-38A (S8.5: no concrete added)"", ""INTERVAL = PRINTED FLOOR-TO-FLOOR (structural levels not printed; project-basis value, as S3.1 main bars)""]"
COL-C6-X08-Y04-FOUNDATION,COLUMNS,C6 (AXIS_PLAN_TAG),FOUNDATION,COLUMNS,S9 (concrete) / S3.1 (+ S9-C01) (bars),"ST7757 FP/CAP/GBP handles ['10C2', '865', '228']; schedule p.9","{""drawn_cm"": [30.0, 70.0], ""drawn_vs_schedule"": ""MATCH"", ""footing"": ""FTG-F6-15938-11062"", ""interval_basis"": ""founding level not printed (S1 BLOCKED)"", ""interval_m"": null, ""schedule_cm"": [30.0, 70.0]}",,,,,,0.42,,BLOCKED_UNQUANTIFIED,SECTION_PRINTED; HEIGHT_NOT_ESTABLISHED,VERIFIED,"foundation-storey neck: founding level not printed (excavation >= 1.50 m below plot level is a minimum); the indicative value uses (+1.00) - (-1.50 + footing depth), whose two unknowns act in opposite directions (no bound); never in a total",S3.1:COL-C6-X08-Y04-FOUNDATION,"[""INDICATIVE_VALUE_ONLY""]"
COL-C6-X08-Y04-GF,COLUMNS,C6 (AXIS_PLAN_TAG),GF,COLUMNS,S9 (concrete) / S3.1 (+ S9-C01) (bars),ST7757 GFRS handles ['362']; schedule p.9,"{""drawn_cm"": [25.0, 70.0], ""drawn_vs_schedule"": ""MATCH"", ""interval_basis"": ""printed floor-to-floor (S1 ESTABLISHED; P7757 VE-AA-09)"", ""interval_m"": 4.5, ""schedule_cm"": [25.0, 70.0]}",0.7875,0,,0.7875,0.7875,,,RELEASED_S9_DELTA,SECTION_PRINTED + DRAWN_MATCH; INTERVAL_PRINTED_FLOOR_TO_FLOOR,VERIFIED,,S3.1:COL-C6-X08-Y04-GF,"[""INTERVAL = PRINTED FLOOR-TO-FLOOR (structural levels not printed; project-basis value, as S3.1 main bars)""]"
COL-C6-X08-Y04-1F,COLUMNS,C6 (AXIS_PLAN_TAG),1F,COLUMNS,S9 (concrete) / S3.1 (+ S9-C01) (bars),ST7757 FFRS handles ['688']; schedule p.9,"{""drawn_cm"": [25.0, 70.0], ""drawn_vs_schedule"": ""MISMATCH"", ""interval_basis"": ""printed floor-to-floor (S1 ESTABLISHED; P7757 VE-AA-09)"", ""interval_m"": 4.2, ""schedule_cm"": [20.0, 60.0]}",,,,,,0.504,"[0.504, 0.735]",CONDITIONAL_NOT_RELEASED,SECTION_PRINTED; DRAWN_DIFFERS,PROVISIONAL,"S2 PROVISIONAL: drawn section [25.0, 70.0] vs schedule [20.0, 60.0] (MISMATCH) or below the minimum thickness",S3.1:COL-C6-X08-Y04-1F,"[""DRAWN_VS_SCHEDULE""]"
COL-CN-X?-Y?@24058-12787-FOUNDATION,COLUMNS,CN (AXIS_PLAN_TAG),FOUNDATION,COLUMNS,S9 (concrete) / S3.1 (+ S9-C01) (bars),"ST7757 FP/CAP/GBP handles ['10F6', '892', '7F5']; schedule p.9","{""drawn_cm"": [30.0, 30.0], ""drawn_vs_schedule"": ""MATCH"", ""footing"": ""FTG-FN-23558-12287"", ""interval_basis"": ""founding level not printed (S1 BLOCKED)"", ""interval_m"": null, ""schedule_cm"": [30.0, 30.0]}",,,,,,0.198,,BLOCKED_UNQUANTIFIED,SECTION_PRINTED; HEIGHT_NOT_ESTABLISHED,VERIFIED,"foundation-storey neck: founding level not printed (excavation >= 1.50 m below plot level is a minimum); the indicative value uses (+1.00) - (-1.50 + footing depth), whose two unknowns act in opposite directions (no bound); never in a total",S3.1:COL-CN-X?-Y?@24058-12787-FOUNDATION,"[""INDICATIVE_VALUE_ONLY""]"
COL-CN-X?-Y?@28583-12787-FOUNDATION,COLUMNS,CN (AXIS_PLAN_TAG),FOUNDATION,COLUMNS,S9 (concrete) / S3.1 (+ S9-C01) (bars),"ST7757 FP/CAP/GBP handles ['10EE', '88F', '7ED']; schedule p.9","{""drawn_cm"": [30.0, 30.0], ""drawn_vs_schedule"": ""MATCH"", ""footing"": ""FTG-FN-28083-12287"", ""interval_basis"": ""founding level not printed (S1 BLOCKED)"", ""interval_m"": null, ""schedule_cm"": [30.0, 30.0]}",,,,,,0.198,,BLOCKED_UNQUANTIFIED,SECTION_PRINTED; HEIGHT_NOT_ESTABLISHED,VERIFIED,"foundation-storey neck: founding level not printed (excavation >= 1.50 m below plot level is a minimum); the indicative value uses (+1.00) - (-1.50 + footing depth), whose two unknowns act in opposite directions (no bound); never in a total",S3.1:COL-CN-X?-Y?@28583-12787-FOUNDATION,"[""INDICATIVE_VALUE_ONLY""]"
COL-C-X01-Y05-FOUNDATION,COLUMNS,C (AXIS_PLAN_TAG),FOUNDATION,COLUMNS,S9 (concrete) / S3.1 (+ S9-C01) (bars),"ST7757 FP/CAP/GBP handles ['10A8', '844', '204']; schedule p.9","{""drawn_cm"": [30.0, 50.0], ""drawn_vs_schedule"": ""MATCH"", ""footing"": ""FTG-F-1888-13312"", ""interval_basis"": ""founding level not printed (S1 BLOCKED)"", ""interval_m"": null, ""schedule_cm"": [30.0, 50.0]}",,,,,,0.33,,BLOCKED_UNQUANTIFIED,SECTION_PRINTED; HEIGHT_NOT_ESTABLISHED,VERIFIED,"foundation-storey neck: founding level not printed (excavation >= 1.50 m below plot level is a minimum); the indicative value uses (+1.00) - (-1.50 + footing depth), whose two unknowns act in opposite directions (no bound); never in a total",S3.1:COL-C-X01-Y05-FOUNDATION,"[""INDICATIVE_VALUE_ONLY""]"
COL-C-X01-Y05-GF,COLUMNS,C (AXIS_PLAN_TAG),GF,COLUMNS,S9 (concrete) / S3.1 (+ S9-C01) (bars),ST7757 GFRS handles ['34A']; schedule p.9,"{""drawn_cm"": [20.0, 40.0], ""drawn_vs_schedule"": ""MISMATCH"", ""interval_basis"": ""printed floor-to-floor (S1 ESTABLISHED; P7757 VE-AA-09)"", ""interval_m"": 4.5, ""schedule_cm"": [20.0, 50.0]}",,,,,,0.45,"[0.36, 0.45]",CONDITIONAL_NOT_RELEASED,SECTION_PRINTED; DRAWN_DIFFERS,PROVISIONAL,"S2 PROVISIONAL: drawn section [20.0, 40.0] vs schedule [20.0, 50.0] (MISMATCH) or below the minimum thickness",S3.1:COL-C-X01-Y05-GF,"[""DRAWN_VS_SCHEDULE""]"
COL-C-X02-Y05-FOUNDATION,COLUMNS,C (AXIS_PLAN_TAG),FOUNDATION,COLUMNS,S9 (concrete) / S3.1 (+ S9-C01) (bars),"ST7757 FP/CAP/GBP handles ['10B4', '856', '214']; schedule p.9","{""drawn_cm"": [50.0, 30.0], ""drawn_vs_schedule"": ""MATCH"", ""footing"": ""FTG-F-4288-13462"", ""interval_basis"": ""founding level not printed (S1 BLOCKED)"", ""interval_m"": null, ""schedule_cm"": [30.0, 50.0]}",,,,,,0.33,,BLOCKED_UNQUANTIFIED,SECTION_PRINTED; HEIGHT_NOT_ESTABLISHED,VERIFIED,"foundation-storey neck: founding level not printed (excavation >= 1.50 m below plot level is a minimum); the indicative value uses (+1.00) - (-1.50 + footing depth), whose two unknowns act in opposite directions (no bound); never in a total",S3.1:COL-C-X02-Y05-FOUNDATION,"[""INDICATIVE_VALUE_ONLY""]"
COL-C-X02-Y05-GF,COLUMNS,C (AXIS_PLAN_TAG),GF,COLUMNS,S9 (concrete) / S3.1 (+ S9-C01) (bars),ST7757 GFRS handles ['356']; schedule p.9,"{""drawn_cm"": [40.0, 20.0], ""drawn_vs_schedule"": ""MISMATCH"", ""interval_basis"": ""printed floor-to-floor (S1 ESTABLISHED; P7757 VE-AA-09)"", ""interval_m"": 4.5, ""schedule_cm"": [20.0, 50.0]}",,,,,,0.45,"[0.36, 0.45]",CONDITIONAL_NOT_RELEASED,SECTION_PRINTED; DRAWN_DIFFERS,PROVISIONAL,"S2 PROVISIONAL: drawn section [40.0, 20.0] vs schedule [20.0, 50.0] (MISMATCH) or below the minimum thickness",S3.1:COL-C-X02-Y05-GF,"[""DRAWN_VS_SCHEDULE""]"
COL-C3-X16-Y06-FOUNDATION,COLUMNS,C3 (AXIS_PLAN_TAG),FOUNDATION,COLUMNS,S9 (concrete) / S3.1 (+ S9-C01) (bars),"ST7757 FP/CAP/GBP handles ['10A0', '83C', '1FC']; schedule p.9","{""drawn_cm"": [30.0, 50.0], ""drawn_vs_schedule"": ""MATCH"", ""footing"": ""FTG-F8-29258-13262"", ""interval_basis"": ""founding level not printed (S1 BLOCKED)"", ""interval_m"": null, ""schedule_cm"": [30.0, 50.0]}",,,,,,0.3,,BLOCKED_UNQUANTIFIED,SECTION_PRINTED; HEIGHT_NOT_ESTABLISHED,VERIFIED,"foundation-storey neck: founding level not printed (excavation >= 1.50 m below plot level is a minimum); the indicative value uses (+1.00) - (-1.50 + footing depth), whose two unknowns act in opposite directions (no bound); never in a total",S3.1:COL-C3-X16-Y06-FOUNDATION,"[""INDICATIVE_VALUE_ONLY""]"
COL-C3-X16-Y06-GF,COLUMNS,C3 (AXIS_PLAN_TAG),GF,COLUMNS,S9 (concrete) / S3.1 (+ S9-C01) (bars),ST7757 GFRS handles ['344']; schedule p.9,"{""drawn_cm"": [20.0, 50.0], ""drawn_vs_schedule"": ""MISMATCH"", ""interval_basis"": ""printed floor-to-floor (S1 ESTABLISHED; P7757 VE-AA-09)"", ""interval_m"": 4.5, ""schedule_cm"": [25.0, 50.0]}",,,,,,0.5625,"[0.45, 0.5625]",CONDITIONAL_NOT_RELEASED,SECTION_PRINTED; DRAWN_DIFFERS,PROVISIONAL,"S2 PROVISIONAL: drawn section [20.0, 50.0] vs schedule [25.0, 50.0] (MISMATCH) or below the minimum thickness",S3.1:COL-C3-X16-Y06-GF,"[""DRAWN_VS_SCHEDULE""]"
COL-C8-X15-Y06-FOUNDATION,COLUMNS,C8 (AXIS_PLAN_TAG),FOUNDATION,COLUMNS,S9 (concrete) / S3.1 (+ S9-C01) (bars),"ST7757 FP/CAP/GBP handles ['10D0', '873', '238']; schedule p.9","{""drawn_cm"": [90.0, 30.0], ""drawn_vs_schedule"": ""MATCH"", ""footing"": ""FTG-F8-29258-13262"", ""interval_basis"": ""founding level not printed (S1 BLOCKED)"", ""interval_m"": null, ""schedule_cm"": [30.0, 90.0]}",,,,,,0.54,,BLOCKED_UNQUANTIFIED,SECTION_PRINTED; HEIGHT_NOT_ESTABLISHED,VERIFIED,"foundation-storey neck: founding level not printed (excavation >= 1.50 m below plot level is a minimum); the indicative value uses (+1.00) - (-1.50 + footing depth), whose two unknowns act in opposite directions (no bound); never in a total",S3.1:COL-C8-X15-Y06-FOUNDATION,"[""INDICATIVE_VALUE_ONLY""]"
COL-C8-X15-Y06-GF,COLUMNS,C8 (AXIS_PLAN_TAG),GF,COLUMNS,S9 (concrete) / S3.1 (+ S9-C01) (bars),ST7757 GFRS handles ['36E']; schedule p.9,"{""drawn_cm"": [90.0, 25.0], ""drawn_vs_schedule"": ""MATCH"", ""interval_basis"": ""printed floor-to-floor (S1 ESTABLISHED; P7757 VE-AA-09)"", ""interval_m"": 4.5, ""schedule_cm"": [25.0, 90.0]}",1.0125,0,,1.0125,1.0125,,,RELEASED_S9_DELTA,SECTION_PRINTED + DRAWN_MATCH; INTERVAL_PRINTED_FLOOR_TO_FLOOR,VERIFIED,,S3.1:COL-C8-X15-Y06-GF,"[""SPECIAL_COLUMN SPC-TURN_COLUMN-GFRS-31F (S8.5: no concrete added)"", ""INTERVAL = PRINTED FLOOR-TO-FLOOR (structural levels not printed; project-basis value, as S3.1 main bars)""]"
COL-C8-X15-Y06-1F,COLUMNS,C8 (AXIS_PLAN_TAG),1F,COLUMNS,S9 (concrete) / S3.1 (+ S9-C01) (bars),ST7757 FFRS handles ['664']; schedule p.9,"{""drawn_cm"": [20.0, 90.0], ""drawn_vs_schedule"": ""MATCH"", ""interval_basis"": ""printed floor-to-floor (S1 ESTABLISHED; P7757 VE-AA-09)"", ""interval_m"": 4.2, ""schedule_cm"": [20.0, 90.0]}",0.756,0,,0.756,0.756,,,RELEASED_S9_DELTA,SECTION_PRINTED + DRAWN_MATCH; INTERVAL_PRINTED_FLOOR_TO_FLOOR,VERIFIED,,S3.1:COL-C8-X15-Y06-1F,"[""SPECIAL_COLUMN SPC-TURN_COLUMN-GFRS-31F (S8.5: no concrete added)"", ""INTERVAL = PRINTED FLOOR-TO-FLOOR (structural levels not printed; project-basis value, as S3.1 main bars)""]"
COL-C2-X09-Y07-FOUNDATION,COLUMNS,C2 (AXIS_PLAN_TAG),FOUNDATION,COLUMNS,S9 (concrete) / S3.1 (+ S9-C01) (bars),"ST7757 FP/CAP/GBP handles ['1096', '834', '1F2']; schedule p.9","{""drawn_cm"": [20.0, 50.0], ""drawn_vs_schedule"": ""MISMATCH"", ""footing"": ""FTG-FF-18688-14112"", ""interval_basis"": ""founding level not printed (S1 BLOCKED)"", ""interval_m"": null, ""schedule_cm"": [30.0, 50.0]}",,,,,,0.2925,,SOURCE_CONFLICT,SECTION_PRINTED; HEIGHT_NOT_ESTABLISHED,PROVISIONAL,"foundation-storey neck: founding level not printed (excavation >= 1.50 m below plot level is a minimum); the indicative value uses (+1.00) - (-1.50 + footing depth), whose two unknowns act in opposite directions (no bound); never in a total",S3.1:COL-C2-X09-Y07-FOUNDATION,"[""LIFT_COLUMN 200 / 250 drawn vs 300 schedule at the pit (S8.8 C-01, Q-LIFT-08)"", ""INDICATIVE_VALUE_ONLY""]"
COL-C2-X09-Y07-GF,COLUMNS,C2 (AXIS_PLAN_TAG),GF,COLUMNS,S9 (concrete) / S3.1 (+ S9-C01) (bars),ST7757 GFRS handles ['33E']; schedule p.9,"{""drawn_cm"": [20.0, 50.0], ""drawn_vs_schedule"": ""MATCH"", ""interval_basis"": ""printed floor-to-floor (S1 ESTABLISHED; P7757 VE-AA-09)"", ""interval_m"": 4.5, ""schedule_cm"": [20.0, 50.0]}",,,,,,0.45,"[0.45, 0.45]",CONDITIONAL_NOT_RELEASED,SECTION_PRINTED,PROVISIONAL,"S2 PROVISIONAL: drawn section [20.0, 50.0] vs schedule [20.0, 50.0] (MATCH) or below the minimum thickness",S3.1:COL-C2-X09-Y07-GF,"[""DRAWN_VS_SCHEDULE""]"
COL-C2-X09-Y07-1F,COLUMNS,C2 (AXIS_PLAN_TAG),1F,COLUMNS,S9 (concrete) / S3.1 (+ S9-C01) (bars),ST7757 FFRS handles ['67F']; schedule p.9,"{""drawn_cm"": [20.0, 50.0], ""drawn_vs_schedule"": ""MATCH"", ""interval_basis"": ""printed floor-to-floor (S1 ESTABLISHED; P7757 VE-AA-09)"", ""interval_m"": 4.2, ""schedule_cm"": [20.0, 50.0]}",0.42,0,,0.42,0.42,,,RELEASED_S9_DELTA,SECTION_PRINTED + DRAWN_MATCH; INTERVAL_PRINTED_FLOOR_TO_FLOOR,VERIFIED,,S3.1:COL-C2-X09-Y07-1F,"[""INTERVAL = PRINTED FLOOR-TO-FLOOR (structural levels not printed; project-basis value, as S3.1 main bars)""]"
COL-C2-X09-Y07-2F,COLUMNS,C2 (AXIS_PLAN_TAG),2F,COLUMNS,S9 (concrete) / S3.1 (+ S9-C01) (bars),ST7757 SFRS handles ['41E']; schedule p.9,"{""drawn_cm"": [20.0, 50.0], ""drawn_vs_schedule"": ""MATCH"", ""interval_basis"": ""printed floor-to-floor (S1 ESTABLISHED; P7757 VE-AA-09)"", ""interval_m"": 4.2, ""schedule_cm"": [20.0, 50.0]}",0.42,0,,0.42,0.42,,,RELEASED_S9_DELTA,SECTION_PRINTED + DRAWN_MATCH; INTERVAL_PRINTED_FLOOR_TO_FLOOR,VERIFIED,,S3.1:COL-C2-X09-Y07-2F,"[""INTERVAL = PRINTED FLOOR-TO-FLOOR (structural levels not printed; project-basis value, as S3.1 main bars)""]"
COL-CN-X15-Y?@31208-15726-FOUNDATION,COLUMNS,CN (AXIS_PLAN_TAG),FOUNDATION,COLUMNS,S9 (concrete) / S3.1 (+ S9-C01) (bars),"ST7757 FP/CAP/GBP handles ['17C5', '17CC', '17BD']; schedule p.9","{""drawn_cm"": [30.0, 30.0], ""drawn_vs_schedule"": ""MATCH"", ""footing"": ""FTG-F8-29258-13262"", ""interval_basis"": ""founding level not printed (S1 BLOCKED)"", ""interval_m"": null, ""schedule_cm"": [30.0, 30.0]}",,,,,,0.18,,BLOCKED_UNQUANTIFIED,SECTION_PRINTED; HEIGHT_NOT_ESTABLISHED,VERIFIED,"foundation-storey neck: founding level not printed (excavation >= 1.50 m below plot level is a minimum); the indicative value uses (+1.00) - (-1.50 + footing depth), whose two unknowns act in opposite directions (no bound); never in a total",S3.1:COL-CN-X15-Y?@31208-15726-FOUNDATION,"[""INDICATIVE_VALUE_ONLY""]"
COL-C9-X10-Y07-FOUNDATION,COLUMNS,C9 (AXIS_PLAN_TAG),FOUNDATION,COLUMNS,S9 (concrete) / S3.1 (+ S9-C01) (bars),"ST7757 FP/CAP/GBP handles ['1090', '82E', '1EC']; schedule p.9","{""drawn_cm"": [25.0, 100.0], ""drawn_vs_schedule"": ""MISMATCH"", ""footing"": ""FTG-FF-18688-14112"", ""interval_basis"": ""founding level not printed (S1 BLOCKED)"", ""interval_m"": null, ""schedule_cm"": [30.0, 100.0]}",,,,,,0.585,,SOURCE_CONFLICT,SECTION_PRINTED; HEIGHT_NOT_ESTABLISHED,PROVISIONAL,"foundation-storey neck: founding level not printed (excavation >= 1.50 m below plot level is a minimum); the indicative value uses (+1.00) - (-1.50 + footing depth), whose two unknowns act in opposite directions (no bound); never in a total",S3.1:COL-C9-X10-Y07-FOUNDATION,"[""LIFT_COLUMN 200 / 250 drawn vs 300 schedule at the pit (S8.8 C-01, Q-LIFT-08)"", ""INDICATIVE_VALUE_ONLY""]"
COL-C9-X10-Y07-GF,COLUMNS,C9 (AXIS_PLAN_TAG),GF,COLUMNS,S9 (concrete) / S3.1 (+ S9-C01) (bars),ST7757 GFRS handles ['338']; schedule p.9,"{""drawn_cm"": [25.0, 100.0], ""drawn_vs_schedule"": ""MATCH"", ""interval_basis"": ""printed floor-to-floor (S1 ESTABLISHED; P7757 VE-AA-09)"", ""interval_m"": 4.5, ""schedule_cm"": [25.0, 100.0]}",1.125,0,,1.125,1.125,,,RELEASED_S9_DELTA,SECTION_PRINTED + DRAWN_MATCH; INTERVAL_PRINTED_FLOOR_TO_FLOOR,VERIFIED,,S3.1:COL-C9-X10-Y07-GF,"[""INTERVAL = PRINTED FLOOR-TO-FLOOR (structural levels not printed; project-basis value, as S3.1 main bars)""]"
COL-C9-X10-Y07-1F,COLUMNS,C9 (AXIS_PLAN_TAG),1F,COLUMNS,S9 (concrete) / S3.1 (+ S9-C01) (bars),ST7757 FFRS handles ['679']; schedule p.9,"{""drawn_cm"": [25.0, 100.0], ""drawn_vs_schedule"": ""MISMATCH"", ""interval_basis"": ""printed floor-to-floor (S1 ESTABLISHED; P7757 VE-AA-09)"", ""interval_m"": 4.2, ""schedule_cm"": [20.0, 90.0]}",,,,,,0.756,"[0.756, 1.05]",CONDITIONAL_NOT_RELEASED,SECTION_PRINTED; DRAWN_DIFFERS,PROVISIONAL,"S2 PROVISIONAL: drawn section [25.0, 100.0] vs schedule [20.0, 90.0] (MISMATCH) or below the minimum thickness",S3.1:COL-C9-X10-Y07-1F,"[""DRAWN_VS_SCHEDULE""]"
COL-C9-X10-Y07-2F,COLUMNS,C9 (AXIS_PLAN_TAG),2F,COLUMNS,S9 (concrete) / S3.1 (+ S9-C01) (bars),ST7757 SFRS handles ['418']; schedule p.9,"{""drawn_cm"": [20.0, 70.0], ""drawn_vs_schedule"": ""MATCH"", ""interval_basis"": ""printed floor-to-floor (S1 ESTABLISHED; P7757 VE-AA-09)"", ""interval_m"": 4.2, ""schedule_cm"": [20.0, 70.0]}",0.588,0,,0.588,0.588,,,RELEASED_S9_DELTA,SECTION_PRINTED + DRAWN_MATCH; INTERVAL_PRINTED_FLOOR_TO_FLOOR,VERIFIED,,S3.1:COL-C9-X10-Y07-2F,"[""INTERVAL = PRINTED FLOOR-TO-FLOOR (structural levels not printed; project-basis value, as S3.1 main bars)""]"
COL-P.C-X?-Y?@24888-15994-2F,COLUMNS,P.C (PLAN_LABEL),2F,COLUMNS,S9 (concrete) / S3.1 (+ S9-C01) (bars),ST7757 SFRS handles ['778']; schedule p.9,"{""drawn_cm"": [20.0, 40.0], ""drawn_vs_schedule"": ""MISMATCH"", ""interval_basis"": ""printed floor-to-floor (S1 ESTABLISHED; P7757 VE-AA-09)"", ""interval_m"": 4.2, ""schedule_cm"": [20, 50]}",,,,,,0.42,"[0.336, 0.42]",CONDITIONAL_NOT_RELEASED,SECTION_PRINTED; DRAWN_DIFFERS,PROVISIONAL,"S2 PROVISIONAL: drawn section [20.0, 40.0] vs schedule [20, 50] (MISMATCH) or below the minimum thickness",S3.1:COL-P.C-X?-Y?@24888-15994-2F,"[""SPECIAL_COLUMN SPC-PLANTED_COLUMN-FFRS-77C (S8.5: no concrete added)"", ""DRAWN_VS_SCHEDULE""]"
COL-C7-X07-Y?@15888-16162-FOUNDATION,COLUMNS,C7 (AXIS_PLAN_TAG),FOUNDATION,COLUMNS,S9 (concrete) / S3.1 (+ S9-C01) (bars),"ST7757 FP/CAP/GBP handles ['10C8', '86C', '230']; schedule p.9","{""drawn_cm"": [80.0, 30.0], ""drawn_vs_schedule"": ""MATCH"", ""footing"": ""FTG-F12-13688-14562"", ""interval_basis"": ""founding level not printed (S1 BLOCKED)"", ""interval_m"": null, ""schedule_cm"": [30.0, 80.0]}",,,,,,0.432,,BLOCKED_UNQUANTIFIED,SECTION_PRINTED; HEIGHT_NOT_ESTABLISHED,VERIFIED,"foundation-storey neck: founding level not printed (excavation >= 1.50 m below plot level is a minimum); the indicative value uses (+1.00) - (-1.50 + footing depth), whose two unknowns act in opposite directions (no bound); never in a total",S3.1:COL-C7-X07-Y?@15888-16162-FOUNDATION,"[""INDICATIVE_VALUE_ONLY""]"
COL-C7-X07-Y?@15888-16162-GF,COLUMNS,C7 (AXIS_PLAN_TAG),GF,COLUMNS,S9 (concrete) / S3.1 (+ S9-C01) (bars),ST7757 GFRS handles ['368']; schedule p.9,"{""drawn_cm"": [80.0, 25.0], ""drawn_vs_schedule"": ""MATCH"", ""interval_basis"": ""printed floor-to-floor (S1 ESTABLISHED; P7757 VE-AA-09)"", ""interval_m"": 4.5, ""schedule_cm"": [25.0, 80.0]}",0.9,0,,0.9,0.9,,,RELEASED_S9_DELTA,SECTION_PRINTED + DRAWN_MATCH; INTERVAL_PRINTED_FLOOR_TO_FLOOR,VERIFIED,,S3.1:COL-C7-X07-Y?@15888-16162-GF,"[""INTERVAL = PRINTED FLOOR-TO-FLOOR (structural levels not printed; project-basis value, as S3.1 main bars)""]"
COL-C7-X07-Y?@15888-16162-1F,COLUMNS,C7 (AXIS_PLAN_TAG),1F,COLUMNS,S9 (concrete) / S3.1 (+ S9-C01) (bars),ST7757 FFRS handles ['68E']; schedule p.9,"{""drawn_cm"": [80.0, 25.0], ""drawn_vs_schedule"": ""MISMATCH"", ""interval_basis"": ""printed floor-to-floor (S1 ESTABLISHED; P7757 VE-AA-09)"", ""interval_m"": 4.2, ""schedule_cm"": [20.0, 80.0]}",,,,,,0.672,"[0.672, 0.84]",CONDITIONAL_NOT_RELEASED,SECTION_PRINTED; DRAWN_DIFFERS,PROVISIONAL,"S2 PROVISIONAL: drawn section [80.0, 25.0] vs schedule [20.0, 80.0] (MISMATCH) or below the minimum thickness",S3.1:COL-C7-X07-Y?@15888-16162-1F,"[""DRAWN_VS_SCHEDULE""]"
COL-C9-X13-Y08-FOUNDATION,COLUMNS,C9 (AXIS_PLAN_TAG),FOUNDATION,COLUMNS,S9 (concrete) / S3.1 (+ S9-C01) (bars),"ST7757 FP/CAP/GBP handles ['10DA', '880', '245']; schedule p.9","{""drawn_cm"": [100.0, 30.0], ""drawn_vs_schedule"": ""MATCH"", ""footing"": ""FTG-F9-25608-15262"", ""interval_basis"": ""founding level not printed (S1 BLOCKED)"", ""interval_m"": null, ""schedule_cm"": [30.0, 100.0]}",,,,,,0.585,,BLOCKED_UNQUANTIFIED,SECTION_PRINTED; HEIGHT_NOT_ESTABLISHED,VERIFIED,"foundation-storey neck: founding level not printed (excavation >= 1.50 m below plot level is a minimum); the indicative value uses (+1.00) - (-1.50 + footing depth), whose two unknowns act in opposite directions (no bound); never in a total",S3.1:COL-C9-X13-Y08-FOUNDATION,"[""INDICATIVE_VALUE_ONLY""]"
COL-C9-X13-Y08-GF,COLUMNS,C9 (AXIS_PLAN_TAG),GF,COLUMNS,S9 (concrete) / S3.1 (+ S9-C01) (bars),ST7757 GFRS handles ['37A']; schedule p.9,"{""drawn_cm"": [100.0, 25.0], ""drawn_vs_schedule"": ""MATCH"", ""interval_basis"": ""printed floor-to-floor (S1 ESTABLISHED; P7757 VE-AA-09)"", ""interval_m"": 4.5, ""schedule_cm"": [25.0, 100.0]}",1.125,0,,1.125,1.125,,,RELEASED_S9_DELTA,SECTION_PRINTED + DRAWN_MATCH; INTERVAL_PRINTED_FLOOR_TO_FLOOR,VERIFIED,,S3.1:COL-C9-X13-Y08-GF,"[""SPECIAL_COLUMN SPC-TURN_COLUMN-GFRS-324 (S8.5: no concrete added)"", ""INTERVAL = PRINTED FLOOR-TO-FLOOR (structural levels not printed; project-basis value, as S3.1 main bars)""]"
COL-C9-X13-Y08-1F,COLUMNS,C9 (AXIS_PLAN_TAG),1F,COLUMNS,S9 (concrete) / S3.1 (+ S9-C01) (bars),ST7757 FFRS handles ['667']; schedule p.9,"{""drawn_cm"": [20.0, 100.0], ""drawn_vs_schedule"": ""MISMATCH"", ""interval_basis"": ""printed floor-to-floor (S1 ESTABLISHED; P7757 VE-AA-09)"", ""interval_m"": 4.2, ""schedule_cm"": [20.0, 90.0]}",,,,,,0.756,"[0.756, 0.84]",CONDITIONAL_NOT_RELEASED,SECTION_PRINTED; DRAWN_DIFFERS,PROVISIONAL,"S2 PROVISIONAL: drawn section [20.0, 100.0] vs schedule [20.0, 90.0] (MISMATCH) or below the minimum thickness",S3.1:COL-C9-X13-Y08-1F,"[""SPECIAL_COLUMN SPC-TURN_COLUMN-GFRS-324 (S8.5: no concrete added)"", ""DRAWN_VS_SCHEDULE""]"
COL-C3-X08-Y09-FOUNDATION,COLUMNS,C3 (AXIS_PLAN_TAG),FOUNDATION,COLUMNS,S9 (concrete) / S3.1 (+ S9-C01) (bars),"ST7757 FP/CAP/GBP handles ['10CC', '870', '234']; schedule p.9","{""drawn_cm"": [30.0, 50.0], ""drawn_vs_schedule"": ""MATCH"", ""footing"": ""FTG-F12-13688-14562"", ""interval_basis"": ""founding level not printed (S1 BLOCKED)"", ""interval_m"": null, ""schedule_cm"": [30.0, 50.0]}",,,,,,0.27,,BLOCKED_UNQUANTIFIED,SECTION_PRINTED; HEIGHT_NOT_ESTABLISHED,VERIFIED,"foundation-storey neck: founding level not printed (excavation >= 1.50 m below plot level is a minimum); the indicative value uses (+1.00) - (-1.50 + footing depth), whose two unknowns act in opposite directions (no bound); never in a total",S3.1:COL-C3-X08-Y09-FOUNDATION,"[""INDICATIVE_VALUE_ONLY""]"
COL-C3-X08-Y09-GF,COLUMNS,C3 (AXIS_PLAN_TAG),GF,COLUMNS,S9 (concrete) / S3.1 (+ S9-C01) (bars),ST7757 GFRS handles ['36B']; schedule p.9,"{""drawn_cm"": [25.0, 50.0], ""drawn_vs_schedule"": ""MATCH"", ""interval_basis"": ""printed floor-to-floor (S1 ESTABLISHED; P7757 VE-AA-09)"", ""interval_m"": 4.5, ""schedule_cm"": [25.0, 50.0]}",0.5625,0,,0.5625,0.5625,,,RELEASED_S9_DELTA,SECTION_PRINTED + DRAWN_MATCH; INTERVAL_PRINTED_FLOOR_TO_FLOOR,VERIFIED,,S3.1:COL-C3-X08-Y09-GF,"[""INTERVAL = PRINTED FLOOR-TO-FLOOR (structural levels not printed; project-basis value, as S3.1 main bars)""]"
COL-C3-X08-Y09-1F,COLUMNS,C3 (AXIS_PLAN_TAG),1F,COLUMNS,S9 (concrete) / S3.1 (+ S9-C01) (bars),ST7757 FFRS handles ['691']; schedule p.9,"{""drawn_cm"": [25.0, 50.0], ""drawn_vs_schedule"": ""MISMATCH"", ""interval_basis"": ""printed floor-to-floor (S1 ESTABLISHED; P7757 VE-AA-09)"", ""interval_m"": 4.2, ""schedule_cm"": [20.0, 50.0]}",,,,,,0.42,"[0.42, 0.525]",CONDITIONAL_NOT_RELEASED,SECTION_PRINTED; DRAWN_DIFFERS,PROVISIONAL,"S2 PROVISIONAL: drawn section [25.0, 50.0] vs schedule [20.0, 50.0] (MISMATCH) or below the minimum thickness",S3.1:COL-C3-X08-Y09-1F,"[""DRAWN_VS_SCHEDULE""]"
COL-C3-X08-Y09-2F,COLUMNS,C3 (AXIS_PLAN_TAG),2F,COLUMNS,S9 (concrete) / S3.1 (+ S9-C01) (bars),ST7757 SFRS handles ['424']; schedule p.9,"{""drawn_cm"": [25.0, 50.0], ""drawn_vs_schedule"": ""MISMATCH"", ""interval_basis"": ""printed floor-to-floor (S1 ESTABLISHED; P7757 VE-AA-09)"", ""interval_m"": 4.2, ""schedule_cm"": [20.0, 50.0]}",,,,,,0.42,"[0.42, 0.525]",CONDITIONAL_NOT_RELEASED,SECTION_PRINTED; DRAWN_DIFFERS,PROVISIONAL,"S2 PROVISIONAL: drawn section [25.0, 50.0] vs schedule [20.0, 50.0] (MISMATCH) or below the minimum thickness",S3.1:COL-C3-X08-Y09-2F,"[""DRAWN_VS_SCHEDULE""]"
COL-C1-X09-Y09-FOUNDATION,COLUMNS,C1 (AXIS_PLAN_TAG),FOUNDATION,COLUMNS,S9 (concrete) / S3.1 (+ S9-C01) (bars),"ST7757 FP/CAP/GBP handles ['1099', '837', '1F5']; schedule p.9","{""drawn_cm"": [20.0, 50.0], ""drawn_vs_schedule"": ""MISMATCH"", ""footing"": ""FTG-FF-18688-14112"", ""interval_basis"": ""founding level not printed (S1 BLOCKED)"", ""interval_m"": null, ""schedule_cm"": [30.0, 50.0]}",,,,,,0.2925,,SOURCE_CONFLICT,SECTION_PRINTED; HEIGHT_NOT_ESTABLISHED,PROVISIONAL,"foundation-storey neck: founding level not printed (excavation >= 1.50 m below plot level is a minimum); the indicative value uses (+1.00) - (-1.50 + footing depth), whose two unknowns act in opposite directions (no bound); never in a total",S3.1:COL-C1-X09-Y09-FOUNDATION,"[""LIFT_COLUMN 200 / 250 drawn vs 300 schedule at the pit (S8.8 C-01, Q-LIFT-08)"", ""INDICATIVE_VALUE_ONLY""]"
COL-C1-X09-Y09-GF,COLUMNS,C1 (AXIS_PLAN_TAG),GF,COLUMNS,S9 (concrete) / S3.1 (+ S9-C01) (bars),ST7757 GFRS handles ['341']; schedule p.9,"{""drawn_cm"": [20.0, 50.0], ""drawn_vs_schedule"": ""MATCH"", ""interval_basis"": ""printed floor-to-floor (S1 ESTABLISHED; P7757 VE-AA-09)"", ""interval_m"": 4.5, ""schedule_cm"": [20.0, 50.0]}",,,,,,0.45,"[0.45, 0.45]",CONDITIONAL_NOT_RELEASED,SECTION_PRINTED,PROVISIONAL,"S2 PROVISIONAL: drawn section [20.0, 50.0] vs schedule [20.0, 50.0] (MATCH) or below the minimum thickness",S3.1:COL-C1-X09-Y09-GF,"[""DRAWN_VS_SCHEDULE""]"
COL-C1-X09-Y09-1F,COLUMNS,C1 (AXIS_PLAN_TAG),1F,COLUMNS,S9 (concrete) / S3.1 (+ S9-C01) (bars),ST7757 FFRS handles ['682']; schedule p.9,"{""drawn_cm"": [20.0, 50.0], ""drawn_vs_schedule"": ""MATCH"", ""interval_basis"": ""printed floor-to-floor (S1 ESTABLISHED; P7757 VE-AA-09)"", ""interval_m"": 4.2, ""schedule_cm"": [20.0, 50.0]}",0.42,0,,0.42,0.42,,,RELEASED_S9_DELTA,SECTION_PRINTED + DRAWN_MATCH; INTERVAL_PRINTED_FLOOR_TO_FLOOR,VERIFIED,,S3.1:COL-C1-X09-Y09-1F,"[""INTERVAL = PRINTED FLOOR-TO-FLOOR (structural levels not printed; project-basis value, as S3.1 main bars)""]"
COL-C1-X09-Y09-2F,COLUMNS,C1 (AXIS_PLAN_TAG),2F,COLUMNS,S9 (concrete) / S3.1 (+ S9-C01) (bars),ST7757 SFRS handles ['421']; schedule p.9,"{""drawn_cm"": [20.0, 50.0], ""drawn_vs_schedule"": ""MATCH"", ""interval_basis"": ""printed floor-to-floor (S1 ESTABLISHED; P7757 VE-AA-09)"", ""interval_m"": 4.2, ""schedule_cm"": [20.0, 50.0]}",0.42,0,,0.42,0.42,,,RELEASED_S9_DELTA,SECTION_PRINTED + DRAWN_MATCH; INTERVAL_PRINTED_FLOOR_TO_FLOOR,VERIFIED,,S3.1:COL-C1-X09-Y09-2F,"[""INTERVAL = PRINTED FLOOR-TO-FLOOR (structural levels not printed; project-basis value, as S3.1 main bars)""]"
COL-C2-X10-Y09-FOUNDATION,COLUMNS,C2 (AXIS_PLAN_TAG),FOUNDATION,COLUMNS,S9 (concrete) / S3.1 (+ S9-C01) (bars),"ST7757 FP/CAP/GBP handles ['1093', '831', '1EF']; schedule p.9","{""drawn_cm"": [20.0, 50.0], ""drawn_vs_schedule"": ""MISMATCH"", ""footing"": ""FTG-FF-18688-14112"", ""interval_basis"": ""founding level not printed (S1 BLOCKED)"", ""interval_m"": null, ""schedule_cm"": [30.0, 50.0]}",,,,,,0.2925,,SOURCE_CONFLICT,SECTION_PRINTED; HEIGHT_NOT_ESTABLISHED,PROVISIONAL,"foundation-storey neck: founding level not printed (excavation >= 1.50 m below plot level is a minimum); the indicative value uses (+1.00) - (-1.50 + footing depth), whose two unknowns act in opposite directions (no bound); never in a total",S3.1:COL-C2-X10-Y09-FOUNDATION,"[""LIFT_COLUMN 200 / 250 drawn vs 300 schedule at the pit (S8.8 C-01, Q-LIFT-08)"", ""INDICATIVE_VALUE_ONLY""]"
COL-C2-X10-Y09-GF,COLUMNS,C2 (AXIS_PLAN_TAG),GF,COLUMNS,S9 (concrete) / S3.1 (+ S9-C01) (bars),ST7757 GFRS handles ['33B']; schedule p.9,"{""drawn_cm"": [20.0, 50.0], ""drawn_vs_schedule"": ""MATCH"", ""interval_basis"": ""printed floor-to-floor (S1 ESTABLISHED; P7757 VE-AA-09)"", ""interval_m"": 4.5, ""schedule_cm"": [20.0, 50.0]}",,,,,,0.45,"[0.45, 0.45]",CONDITIONAL_NOT_RELEASED,SECTION_PRINTED,PROVISIONAL,"S2 PROVISIONAL: drawn section [20.0, 50.0] vs schedule [20.0, 50.0] (MATCH) or below the minimum thickness",S3.1:COL-C2-X10-Y09-GF,"[""DRAWN_VS_SCHEDULE""]"
COL-C2-X10-Y09-1F,COLUMNS,C2 (AXIS_PLAN_TAG),1F,COLUMNS,S9 (concrete) / S3.1 (+ S9-C01) (bars),ST7757 FFRS handles ['67C']; schedule p.9,"{""drawn_cm"": [20.0, 50.0], ""drawn_vs_schedule"": ""MATCH"", ""interval_basis"": ""printed floor-to-floor (S1 ESTABLISHED; P7757 VE-AA-09)"", ""interval_m"": 4.2, ""schedule_cm"": [20.0, 50.0]}",0.42,0,,0.42,0.42,,,RELEASED_S9_DELTA,SECTION_PRINTED + DRAWN_MATCH; INTERVAL_PRINTED_FLOOR_TO_FLOOR,VERIFIED,,S3.1:COL-C2-X10-Y09-1F,"[""INTERVAL = PRINTED FLOOR-TO-FLOOR (structural levels not printed; project-basis value, as S3.1 main bars)""]"
COL-C2-X10-Y09-2F,COLUMNS,C2 (AXIS_PLAN_TAG),2F,COLUMNS,S9 (concrete) / S3.1 (+ S9-C01) (bars),ST7757 SFRS handles ['41B']; schedule p.9,"{""drawn_cm"": [20.0, 50.0], ""drawn_vs_schedule"": ""MATCH"", ""interval_basis"": ""printed floor-to-floor (S1 ESTABLISHED; P7757 VE-AA-09)"", ""interval_m"": 4.2, ""schedule_cm"": [20.0, 50.0]}",0.42,0,,0.42,0.42,,,RELEASED_S9_DELTA,SECTION_PRINTED + DRAWN_MATCH; INTERVAL_PRINTED_FLOOR_TO_FLOOR,VERIFIED,,S3.1:COL-C2-X10-Y09-2F,"[""INTERVAL = PRINTED FLOOR-TO-FLOOR (structural levels not printed; project-basis value, as S3.1 main bars)""]"
COL-CN-X?-Y?@29108-18112-FOUNDATION,COLUMNS,CN (FOUNDATION_PLAN_TAG),FOUNDATION,COLUMNS,S9 (concrete) / S3.1 (+ S9-C01) (bars),"ST7757 FP/GBP handles ['180A', '17BA']; schedule p.9","{""drawn_cm"": [30.0, 30.0], ""drawn_vs_schedule"": ""MATCH"", ""footing"": ""FTG-FN-28608-17612"", ""interval_basis"": ""founding level not printed (S1 BLOCKED)"", ""interval_m"": null, ""schedule_cm"": [30.0, 30.0]}",,,,,,0.198,,BLOCKED_UNQUANTIFIED,SECTION_PRINTED; HEIGHT_NOT_ESTABLISHED,VERIFIED,"foundation-storey neck: founding level not printed (excavation >= 1.50 m below plot level is a minimum); the indicative value uses (+1.00) - (-1.50 + footing depth), whose two unknowns act in opposite directions (no bound); never in a total",S3.1:COL-CN-X?-Y?@29108-18112-FOUNDATION,"[""INDICATIVE_VALUE_ONLY""]"
COL-CN-X?-Y10@31108-20498-FOUNDATION,COLUMNS,CN (AXIS_PLAN_TAG),FOUNDATION,COLUMNS,S9 (concrete) / S3.1 (+ S9-C01) (bars),"ST7757 FP/CAP/GBP handles ['17C8', '17CF', '17C0']; schedule p.9","{""drawn_cm"": [30.0, 30.0], ""drawn_vs_schedule"": ""MATCH"", ""footing"": ""FTG-F4-30408-19687"", ""interval_basis"": ""founding level not printed (S1 BLOCKED)"", ""interval_m"": null, ""schedule_cm"": [30.0, 30.0]}",,,,,,0.189,,BLOCKED_UNQUANTIFIED,SECTION_PRINTED; HEIGHT_NOT_ESTABLISHED,VERIFIED,"foundation-storey neck: founding level not printed (excavation >= 1.50 m below plot level is a minimum); the indicative value uses (+1.00) - (-1.50 + footing depth), whose two unknowns act in opposite directions (no bound); never in a total",S3.1:COL-CN-X?-Y10@31108-20498-FOUNDATION,"[""INDICATIVE_VALUE_ONLY""]"
COL-C2-X08-Y10-FOUNDATION,COLUMNS,C2 (AXIS_PLAN_TAG),FOUNDATION,COLUMNS,S9 (concrete) / S3.1 (+ S9-C01) (bars),"ST7757 FP/CAP/GBP handles ['1084', '817', '1DC']; schedule p.9","{""drawn_cm"": [30.0, 50.0], ""drawn_vs_schedule"": ""MATCH"", ""footing"": ""FTG-F2-16188-19612"", ""interval_basis"": ""founding level not printed (S1 BLOCKED)"", ""interval_m"": null, ""schedule_cm"": [30.0, 50.0]}",,,,,,0.3225,,BLOCKED_UNQUANTIFIED,SECTION_PRINTED; HEIGHT_NOT_ESTABLISHED,VERIFIED,"foundation-storey neck: founding level not printed (excavation >= 1.50 m below plot level is a minimum); the indicative value uses (+1.00) - (-1.50 + footing depth), whose two unknowns act in opposite directions (no bound); never in a total",S3.1:COL-C2-X08-Y10-FOUNDATION,"[""INDICATIVE_VALUE_ONLY""]"
COL-C2-X08-Y10-GF,COLUMNS,C2 (AXIS_PLAN_TAG),GF,COLUMNS,S9 (concrete) / S3.1 (+ S9-C01) (bars),ST7757 GFRS handles ['32C']; schedule p.9,"{""drawn_cm"": [20.0, 50.0], ""drawn_vs_schedule"": ""MATCH"", ""interval_basis"": ""printed floor-to-floor (S1 ESTABLISHED; P7757 VE-AA-09)"", ""interval_m"": 4.5, ""schedule_cm"": [20.0, 50.0]}",,,,,,0.45,"[0.45, 0.45]",CONDITIONAL_NOT_RELEASED,SECTION_PRINTED,PROVISIONAL,"S2 PROVISIONAL: drawn section [20.0, 50.0] vs schedule [20.0, 50.0] (MATCH) or below the minimum thickness",S3.1:COL-C2-X08-Y10-GF,"[""DRAWN_VS_SCHEDULE""]"
COL-C2-X08-Y10-1F,COLUMNS,C2 (AXIS_PLAN_TAG),1F,COLUMNS,S9 (concrete) / S3.1 (+ S9-C01) (bars),ST7757 FFRS handles ['66D']; schedule p.9,"{""drawn_cm"": [20.0, 50.0], ""drawn_vs_schedule"": ""MATCH"", ""interval_basis"": ""printed floor-to-floor (S1 ESTABLISHED; P7757 VE-AA-09)"", ""interval_m"": 4.2, ""schedule_cm"": [20.0, 50.0]}",0.42,0,,0.42,0.42,,,RELEASED_S9_DELTA,SECTION_PRINTED + DRAWN_MATCH; INTERVAL_PRINTED_FLOOR_TO_FLOOR,VERIFIED,,S3.1:COL-C2-X08-Y10-1F,"[""INTERVAL = PRINTED FLOOR-TO-FLOOR (structural levels not printed; project-basis value, as S3.1 main bars)""]"
COL-C2-X08-Y10-2F,COLUMNS,C2 (AXIS_PLAN_TAG),2F,COLUMNS,S9 (concrete) / S3.1 (+ S9-C01) (bars),ST7757 SFRS handles ['40F']; schedule p.9,"{""drawn_cm"": [20.0, 50.0], ""drawn_vs_schedule"": ""MATCH"", ""interval_basis"": ""printed floor-to-floor (S1 ESTABLISHED; P7757 VE-AA-09)"", ""interval_m"": 4.2, ""schedule_cm"": [20.0, 50.0]}",0.42,0,,0.42,0.42,,,RELEASED_S9_DELTA,SECTION_PRINTED + DRAWN_MATCH; INTERVAL_PRINTED_FLOOR_TO_FLOOR,VERIFIED,,S3.1:COL-C2-X08-Y10-2F,"[""INTERVAL = PRINTED FLOOR-TO-FLOOR (structural levels not printed; project-basis value, as S3.1 main bars)""]"
COL-C2-X09-Y10-FOUNDATION,COLUMNS,C2 (AXIS_PLAN_TAG),FOUNDATION,COLUMNS,S9 (concrete) / S3.1 (+ S9-C01) (bars),"ST7757 FP/CAP/GBP handles ['1087', '821', '1E0']; schedule p.9","{""drawn_cm"": [30.0, 50.0], ""drawn_vs_schedule"": ""MATCH"", ""footing"": ""FTG-F2-18888-19612"", ""interval_basis"": ""founding level not printed (S1 BLOCKED)"", ""interval_m"": null, ""schedule_cm"": [30.0, 50.0]}",,,,,,0.3225,,BLOCKED_UNQUANTIFIED,SECTION_PRINTED; HEIGHT_NOT_ESTABLISHED,VERIFIED,"foundation-storey neck: founding level not printed (excavation >= 1.50 m below plot level is a minimum); the indicative value uses (+1.00) - (-1.50 + footing depth), whose two unknowns act in opposite directions (no bound); never in a total",S3.1:COL-C2-X09-Y10-FOUNDATION,"[""INDICATIVE_VALUE_ONLY""]"
COL-C2-X09-Y10-GF,COLUMNS,C2 (AXIS_PLAN_TAG),GF,COLUMNS,S9 (concrete) / S3.1 (+ S9-C01) (bars),ST7757 GFRS handles ['32F']; schedule p.9,"{""drawn_cm"": [20.0, 50.0], ""drawn_vs_schedule"": ""MATCH"", ""interval_basis"": ""printed floor-to-floor (S1 ESTABLISHED; P7757 VE-AA-09)"", ""interval_m"": 4.5, ""schedule_cm"": [20.0, 50.0]}",,,,,,0.45,"[0.45, 0.45]",CONDITIONAL_NOT_RELEASED,SECTION_PRINTED,PROVISIONAL,"S2 PROVISIONAL: drawn section [20.0, 50.0] vs schedule [20.0, 50.0] (MATCH) or below the minimum thickness",S3.1:COL-C2-X09-Y10-GF,"[""DRAWN_VS_SCHEDULE""]"
COL-C2-X09-Y10-1F,COLUMNS,C2 (AXIS_PLAN_TAG),1F,COLUMNS,S9 (concrete) / S3.1 (+ S9-C01) (bars),ST7757 FFRS handles ['670']; schedule p.9,"{""drawn_cm"": [20.0, 50.0], ""drawn_vs_schedule"": ""MATCH"", ""interval_basis"": ""printed floor-to-floor (S1 ESTABLISHED; P7757 VE-AA-09)"", ""interval_m"": 4.2, ""schedule_cm"": [20.0, 50.0]}",0.42,0,,0.42,0.42,,,RELEASED_S9_DELTA,SECTION_PRINTED + DRAWN_MATCH; INTERVAL_PRINTED_FLOOR_TO_FLOOR,VERIFIED,,S3.1:COL-C2-X09-Y10-1F,"[""INTERVAL = PRINTED FLOOR-TO-FLOOR (structural levels not printed; project-basis value, as S3.1 main bars)""]"
COL-C2-X09-Y10-2F,COLUMNS,C2 (AXIS_PLAN_TAG),2F,COLUMNS,S9 (concrete) / S3.1 (+ S9-C01) (bars),ST7757 SFRS handles ['412']; schedule p.9,"{""drawn_cm"": [20.0, 50.0], ""drawn_vs_schedule"": ""MATCH"", ""interval_basis"": ""printed floor-to-floor (S1 ESTABLISHED; P7757 VE-AA-09)"", ""interval_m"": 4.2, ""schedule_cm"": [20.0, 50.0]}",0.42,0,,0.42,0.42,,,RELEASED_S9_DELTA,SECTION_PRINTED + DRAWN_MATCH; INTERVAL_PRINTED_FLOOR_TO_FLOOR,VERIFIED,,S3.1:COL-C2-X09-Y10-2F,"[""INTERVAL = PRINTED FLOOR-TO-FLOOR (structural levels not printed; project-basis value, as S3.1 main bars)""]"
COL-C5-X11-Y10-FOUNDATION,COLUMNS,C5 (AXIS_PLAN_TAG),FOUNDATION,COLUMNS,S9 (concrete) / S3.1 (+ S9-C01) (bars),"ST7757 FP/CAP/GBP handles ['108A', '826', '1E4']; schedule p.9","{""drawn_cm"": [60.0, 30.0], ""drawn_vs_schedule"": ""MATCH"", ""footing"": ""FTG-F5-22358-19612"", ""interval_basis"": ""founding level not printed (S1 BLOCKED)"", ""interval_m"": null, ""schedule_cm"": [30.0, 60.0]}",,,,,,0.378,,BLOCKED_UNQUANTIFIED,SECTION_PRINTED; HEIGHT_NOT_ESTABLISHED,VERIFIED,"foundation-storey neck: founding level not printed (excavation >= 1.50 m below plot level is a minimum); the indicative value uses (+1.00) - (-1.50 + footing depth), whose two unknowns act in opposite directions (no bound); never in a total",S3.1:COL-C5-X11-Y10-FOUNDATION,"[""INDICATIVE_VALUE_ONLY""]"
COL-C5-X11-Y10-GF,COLUMNS,C5 (AXIS_PLAN_TAG),GF,COLUMNS,S9 (concrete) / S3.1 (+ S9-C01) (bars),ST7757 GFRS handles ['332']; schedule p.9,"{""drawn_cm"": [60.0, 25.0], ""drawn_vs_schedule"": ""MATCH"", ""interval_basis"": ""printed floor-to-floor (S1 ESTABLISHED; P7757 VE-AA-09)"", ""interval_m"": 4.5, ""schedule_cm"": [25.0, 60.0]}",0.675,0,,0.675,0.675,,,RELEASED_S9_DELTA,SECTION_PRINTED + DRAWN_MATCH; INTERVAL_PRINTED_FLOOR_TO_FLOOR,VERIFIED,,S3.1:COL-C5-X11-Y10-GF,"[""INTERVAL = PRINTED FLOOR-TO-FLOOR (structural levels not printed; project-basis value, as S3.1 main bars)""]"
COL-C5-X11-Y10-1F,COLUMNS,C5 (AXIS_PLAN_TAG),1F,COLUMNS,S9 (concrete) / S3.1 (+ S9-C01) (bars),ST7757 FFRS handles ['673']; schedule p.9,"{""drawn_cm"": [60.0, 25.0], ""drawn_vs_schedule"": ""MISMATCH"", ""interval_basis"": ""printed floor-to-floor (S1 ESTABLISHED; P7757 VE-AA-09)"", ""interval_m"": 4.2, ""schedule_cm"": [20.0, 50.0]}",,,,,,0.42,"[0.42, 0.63]",CONDITIONAL_NOT_RELEASED,SECTION_PRINTED; DRAWN_DIFFERS,PROVISIONAL,"S2 PROVISIONAL: drawn section [60.0, 25.0] vs schedule [20.0, 50.0] (MISMATCH) or below the minimum thickness",S3.1:COL-C5-X11-Y10-1F,"[""DRAWN_VS_SCHEDULE""]"
COL-C5-X11-Y10-2F,COLUMNS,C5 (AXIS_PLAN_TAG),2F,COLUMNS,S9 (concrete) / S3.1 (+ S9-C01) (bars),ST7757 SFRS handles ['415']; schedule p.9,"{""drawn_cm"": [60.0, 20.0], ""drawn_vs_schedule"": ""MISMATCH"", ""interval_basis"": ""printed floor-to-floor (S1 ESTABLISHED; P7757 VE-AA-09)"", ""interval_m"": 4.2, ""schedule_cm"": [20.0, 50.0]}",,,,,,0.42,"[0.42, 0.504]",CONDITIONAL_NOT_RELEASED,SECTION_PRINTED; DRAWN_DIFFERS,PROVISIONAL,"S2 PROVISIONAL: drawn section [60.0, 20.0] vs schedule [20.0, 50.0] (MISMATCH) or below the minimum thickness",S3.1:COL-C5-X11-Y10-2F,"[""DRAWN_VS_SCHEDULE""]"
COL-C4-X13-Y10-FOUNDATION,COLUMNS,C4 (AXIS_PLAN_TAG),FOUNDATION,COLUMNS,S9 (concrete) / S3.1 (+ S9-C01) (bars),"ST7757 FP/CAP/GBP handles ['10D7', '87C', '241']; schedule p.9","{""drawn_cm"": [50.0, 30.0], ""drawn_vs_schedule"": ""MATCH"", ""footing"": ""FTG-F4-26358-19662"", ""interval_basis"": ""founding level not printed (S1 BLOCKED)"", ""interval_m"": null, ""schedule_cm"": [30.0, 50.0]}",,,,,,0.315,,BLOCKED_UNQUANTIFIED,SECTION_PRINTED; HEIGHT_NOT_ESTABLISHED,VERIFIED,"foundation-storey neck: founding level not printed (excavation >= 1.50 m below plot level is a minimum); the indicative value uses (+1.00) - (-1.50 + footing depth), whose two unknowns act in opposite directions (no bound); never in a total",S3.1:COL-C4-X13-Y10-FOUNDATION,"[""INDICATIVE_VALUE_ONLY""]"
COL-C4-X13-Y10-GF,COLUMNS,C4 (AXIS_PLAN_TAG),GF,COLUMNS,S9 (concrete) / S3.1 (+ S9-C01) (bars),ST7757 GFRS handles ['377']; schedule p.9,"{""drawn_cm"": [50.0, 25.0], ""drawn_vs_schedule"": ""MATCH"", ""interval_basis"": ""printed floor-to-floor (S1 ESTABLISHED; P7757 VE-AA-09)"", ""interval_m"": 4.5, ""schedule_cm"": [25.0, 50.0]}",0.5625,0,,0.5625,0.5625,,,RELEASED_S9_DELTA,SECTION_PRINTED + DRAWN_MATCH; INTERVAL_PRINTED_FLOOR_TO_FLOOR,VERIFIED,,S3.1:COL-C4-X13-Y10-GF,"[""INTERVAL = PRINTED FLOOR-TO-FLOOR (structural levels not printed; project-basis value, as S3.1 main bars)""]"
COL-C4-X13-Y10-1F,COLUMNS,C4 (AXIS_PLAN_TAG),1F,COLUMNS,S9 (concrete) / S3.1 (+ S9-C01) (bars),ST7757 FFRS handles ['697']; schedule p.9,"{""drawn_cm"": [50.0, 25.0], ""drawn_vs_schedule"": ""MISMATCH"", ""interval_basis"": ""printed floor-to-floor (S1 ESTABLISHED; P7757 VE-AA-09)"", ""interval_m"": 4.2, ""schedule_cm"": [20.0, 50.0]}",,,,,,0.42,"[0.42, 0.525]",CONDITIONAL_NOT_RELEASED,SECTION_PRINTED; DRAWN_DIFFERS,PROVISIONAL,"S2 PROVISIONAL: drawn section [50.0, 25.0] vs schedule [20.0, 50.0] (MISMATCH) or below the minimum thickness",S3.1:COL-C4-X13-Y10-1F,"[""DRAWN_VS_SCHEDULE""]"
COL-C4-X15-Y10-FOUNDATION,COLUMNS,C4 (AXIS_PLAN_TAG),FOUNDATION,COLUMNS,S9 (concrete) / S3.1 (+ S9-C01) (bars),"ST7757 FP/CAP/GBP handles ['108D', '82A', '1E8']; schedule p.9","{""drawn_cm"": [50.0, 25.0], ""drawn_vs_schedule"": ""MISMATCH"", ""footing"": ""FTG-F4-30408-19687"", ""interval_basis"": ""founding level not printed (S1 BLOCKED)"", ""interval_m"": null, ""schedule_cm"": [30.0, 50.0]}",,,,,,0.315,,BLOCKED_UNQUANTIFIED,SECTION_PRINTED; HEIGHT_NOT_ESTABLISHED,PROVISIONAL,"foundation-storey neck: founding level not printed (excavation >= 1.50 m below plot level is a minimum); the indicative value uses (+1.00) - (-1.50 + footing depth), whose two unknowns act in opposite directions (no bound); never in a total",S3.1:COL-C4-X15-Y10-FOUNDATION,"[""INDICATIVE_VALUE_ONLY""]"
COL-C4-X15-Y10-GF,COLUMNS,C4 (AXIS_PLAN_TAG),GF,COLUMNS,S9 (concrete) / S3.1 (+ S9-C01) (bars),ST7757 GFRS handles ['335']; schedule p.9,"{""drawn_cm"": [50.0, 25.0], ""drawn_vs_schedule"": ""MATCH"", ""interval_basis"": ""printed floor-to-floor (S1 ESTABLISHED; P7757 VE-AA-09)"", ""interval_m"": 4.5, ""schedule_cm"": [25.0, 50.0]}",0.5625,0,,0.5625,0.5625,,,RELEASED_S9_DELTA,SECTION_PRINTED + DRAWN_MATCH; INTERVAL_PRINTED_FLOOR_TO_FLOOR,VERIFIED,,S3.1:COL-C4-X15-Y10-GF,"[""INTERVAL = PRINTED FLOOR-TO-FLOOR (structural levels not printed; project-basis value, as S3.1 main bars)""]"
COL-C4-X15-Y10-1F,COLUMNS,C4 (AXIS_PLAN_TAG),1F,COLUMNS,S9 (concrete) / S3.1 (+ S9-C01) (bars),ST7757 FFRS handles ['676']; schedule p.9,"{""drawn_cm"": [50.0, 25.0], ""drawn_vs_schedule"": ""MISMATCH"", ""interval_basis"": ""printed floor-to-floor (S1 ESTABLISHED; P7757 VE-AA-09)"", ""interval_m"": 4.2, ""schedule_cm"": [20.0, 50.0]}",,,,,,0.42,"[0.42, 0.525]",CONDITIONAL_NOT_RELEASED,SECTION_PRINTED; DRAWN_DIFFERS,PROVISIONAL,"S2 PROVISIONAL: drawn section [50.0, 25.0] vs schedule [20.0, 50.0] (MISMATCH) or below the minimum thickness",S3.1:COL-C4-X15-Y10-1F,"[""DRAWN_VS_SCHEDULE""]"
GSO-107-7CE-1,GROUND_BEAMS,GROUND_BEAM GB (typical p.13),GROUND,GROUND_BEAMS,S9 (concrete) / S5 -> S5.1 -> AD1 -> D1.1 (bars),"ST7757 GBP handles [""107"", ""7CE""]; p.13 details ['P13-GB-EXTERIOR']","{""clear_concrete_length_m"": 0.364, ""depth_mm"": null, ""depth_state"": ""BOUNDED_ABOVE"", ""details"": [""P13-GB-EXTERIOR""], ""width_mm"": 300.0, ""width_state"": ""SOURCE_EXPLICIT""}",,,,,,,"[null, 0.1092]",CONDITIONAL_NOT_RELEASED,DEPTH_BOUNDED_ABOVE (exterior: follows the architecture),,exterior ground beam 30 x FOLLOW ARCH: depth <= the bound only (PRE-S5.1 04); no lower bound,S5:GSO-107-7CE-1,"[""UPPER_BOUND_ONLY""]"
GSO-109-7CB-1,GROUND_BEAMS,GROUND_BEAM GB (typical p.13),GROUND,GROUND_BEAMS,S9 (concrete) / S5 -> S5.1 -> AD1 -> D1.1 (bars),"ST7757 GBP handles [""109"", ""7CB""]; p.13 details ['NO_PROJECT_DETAIL_FOR_CONCENTRATED_LOAD', 'P13-GB-EXTERIOR', 'P13-GB-GT5M']","{""clear_concrete_length_m"": 9.5, ""depth_mm"": null, ""depth_state"": ""UNRESOLVED"", ""details"": [""NO_PROJECT_DETAIL_FOR_CONCENTRATED_LOAD"", ""P13-GB-EXTERIOR"", ""P13-GB-GT5M""], ""width_mm"": null, ""width_state"": ""UNRESOLVED""}",,,,,,,,BLOCKED_UNQUANTIFIED,WIDTH UNRESOLVED / DEPTH UNRESOLVED,,section not established (exterior / interior or concentrated-load case unresolved; S5 why_not_resolved),S5:GSO-109-7CB-1,
GSO-109-7CB-2,GROUND_BEAMS,GROUND_BEAM GB (typical p.13),GROUND,GROUND_BEAMS,S9 (concrete) / S5 -> S5.1 -> AD1 -> D1.1 (bars),"ST7757 GBP handles [""109"", ""7CB""]; p.13 details ['P13-GB-EXTERIOR']","{""clear_concrete_length_m"": 2.7, ""depth_mm"": null, ""depth_state"": ""BOUNDED_ABOVE"", ""details"": [""P13-GB-EXTERIOR""], ""width_mm"": 300.0, ""width_state"": ""SOURCE_EXPLICIT""}",,,,,,,"[null, 0.81]",CONDITIONAL_NOT_RELEASED,DEPTH_BOUNDED_ABOVE (exterior: follows the architecture),,exterior ground beam 30 x FOLLOW ARCH: depth <= the bound only (PRE-S5.1 04); no lower bound,S5:GSO-109-7CB-2,"[""UPPER_BOUND_ONLY""]"
GSO-10A-7C9-1,GROUND_BEAMS,GROUND_BEAM GB (typical p.13),GROUND,GROUND_BEAMS,S9 (concrete) / S5 -> S5.1 -> AD1 -> D1.1 (bars),"ST7757 GBP handles [""10A"", ""7C9""]; p.13 details ['P13-GB-EXTERIOR']","{""clear_concrete_length_m"": 4.6, ""depth_mm"": null, ""depth_state"": ""BOUNDED_ABOVE"", ""details"": [""P13-GB-EXTERIOR""], ""width_mm"": 300.0, ""width_state"": ""SOURCE_EXPLICIT""}",,,,,,,"[null, 1.38]",CONDITIONAL_NOT_RELEASED,DEPTH_BOUNDED_ABOVE (exterior: follows the architecture),,exterior ground beam 30 x FOLLOW ARCH: depth <= the bound only (PRE-S5.1 04); no lower bound,S5:GSO-10A-7C9-1,"[""UPPER_BOUND_ONLY""]"
GSO-10B-7D1-1,GROUND_BEAMS,GROUND_BEAM GB (typical p.13),GROUND,GROUND_BEAMS,S9 (concrete) / S5 -> S5.1 -> AD1 -> D1.1 (bars),"ST7757 GBP handles [""10B"", ""7D1""]; p.13 details ['P13-GB-EXTERIOR', 'P13-GB-LT2_5M', 'P13-GB-LT5M']","{""candidate_depths_mm"": [300.0, 400.0], ""clear_concrete_length_m"": 1.5, ""depth_mm"": null, ""depth_state"": ""CANDIDATE_CONFLICT"", ""details"": [""P13-GB-EXTERIOR"", ""P13-GB-LT2_5M"", ""P13-GB-LT5M""], ""width_mm"": 300.0, ""width_state"": ""CANDIDATE_INVARIANT""}",,,,,,,"[0.135, 0.18]",CONDITIONAL_NOT_RELEASED,DEPTH_CANDIDATE_CONFLICT,,the p.13 length-class detail (< 2.5 / < 5 / > 5 m) changes with the length basis (centre-to-centre or clear); S2 consultant question,S5:GSO-10B-7D1-1,"[""LENGTH_CLASS_DETAIL""]"
GSO-10B-7D1-2,GROUND_BEAMS,GROUND_BEAM GB (typical p.13),GROUND,GROUND_BEAMS,S9 (concrete) / S5 -> S5.1 -> AD1 -> D1.1 (bars),"ST7757 GBP handles [""10B"", ""7D1""]; p.13 details ['P13-GB-EXTERIOR']","{""clear_concrete_length_m"": 2.3, ""depth_mm"": null, ""depth_state"": ""SOURCE_CONFLICT"", ""details"": [""P13-GB-EXTERIOR""], ""width_mm"": 300.0, ""width_state"": ""SOURCE_EXPLICIT""}",,,,,,,,BLOCKED_UNQUANTIFIED,WIDTH SOURCE_EXPLICIT / DEPTH SOURCE_CONFLICT,,section not established (exterior / interior or concentrated-load case unresolved; S5 why_not_resolved),S5:GSO-10B-7D1-2,
GSO-114-115-7DF-1,GROUND_BEAMS,GROUND_BEAM GB (typical p.13),GROUND,GROUND_BEAMS,S9 (concrete) / S5 -> S5.1 -> AD1 -> D1.1 (bars),"ST7757 GBP handles [""114"", ""115"", ""7DF""]; p.13 details ['P13-GB-EXTERIOR', 'P13-GB-LT5M']","{""candidate_depths_mm"": [400.0], ""clear_concrete_length_m"": 2.625, ""depth_mm"": null, ""depth_state"": ""CANDIDATE_CONFLICT"", ""details"": [""P13-GB-EXTERIOR"", ""P13-GB-LT5M""], ""width_mm"": 300.0, ""width_state"": ""CANDIDATE_INVARIANT""}",,,,,,,"[0.315, 0.315]",CONDITIONAL_NOT_RELEASED,DEPTH_CANDIDATE_CONFLICT,,the p.13 length-class detail (< 2.5 / < 5 / > 5 m) changes with the length basis (centre-to-centre or clear); S2 consultant question,S5:GSO-114-115-7DF-1,"[""LENGTH_CLASS_DETAIL""]"
GSO-114-115-7DF-2,GROUND_BEAMS,GROUND_BEAM GB (typical p.13),GROUND,GROUND_BEAMS,S9 (concrete) / S5 -> S5.1 -> AD1 -> D1.1 (bars),"ST7757 GBP handles [""114"", ""115"", ""7DF""]; p.13 details ['P13-GB-EXTERIOR']","{""clear_concrete_length_m"": 1.3, ""depth_mm"": null, ""depth_state"": ""BOUNDED_ABOVE"", ""details"": [""P13-GB-EXTERIOR""], ""width_mm"": 300.0, ""width_state"": ""SOURCE_EXPLICIT""}",,,,,,,"[null, 0.39]",CONDITIONAL_NOT_RELEASED,DEPTH_BOUNDED_ABOVE (exterior: follows the architecture),,exterior ground beam 30 x FOLLOW ARCH: depth <= the bound only (PRE-S5.1 04); no lower bound,S5:GSO-114-115-7DF-2,"[""UPPER_BOUND_ONLY""]"
GSO-136-7D5-1,GROUND_BEAMS,GROUND_BEAM GB (typical p.13),GROUND,GROUND_BEAMS,S9 (concrete) / S5 -> S5.1 -> AD1 -> D1.1 (bars),"ST7757 GBP handles [""136"", ""7D5""]; p.13 details ['P13-GB-EXTERIOR']","{""clear_concrete_length_m"": 6.4, ""depth_mm"": null, ""depth_state"": ""SOURCE_CONFLICT"", ""details"": [""P13-GB-EXTERIOR""], ""width_mm"": 300.0, ""width_state"": ""SOURCE_EXPLICIT""}",,,,,,,,BLOCKED_UNQUANTIFIED,WIDTH SOURCE_EXPLICIT / DEPTH SOURCE_CONFLICT,,section not established (exterior / interior or concentrated-load case unresolved; S5 why_not_resolved),S5:GSO-136-7D5-1,
GSO-137-138-1,GROUND_BEAMS,GROUND_BEAM GB (typical p.13),GROUND,GROUND_BEAMS,S9 (concrete) / S5 -> S5.1 -> AD1 -> D1.1 (bars),"ST7757 GBP handles [""137"", ""138""]; p.13 details ['P13-GB-EXTERIOR']","{""clear_concrete_length_m"": 2.45, ""depth_mm"": null, ""depth_state"": ""SOURCE_CONFLICT"", ""details"": [""P13-GB-EXTERIOR""], ""width_mm"": 300.0, ""width_state"": ""SOURCE_EXPLICIT""}",,,,,,,,BLOCKED_UNQUANTIFIED,WIDTH SOURCE_EXPLICIT / DEPTH SOURCE_CONFLICT,,section not established (exterior / interior or concentrated-load case unresolved; S5 why_not_resolved),S5:GSO-137-138-1,
GSO-13C-7D9-1,GROUND_BEAMS,GROUND_BEAM GB (typical p.13),GROUND,GROUND_BEAMS,S9 (concrete) / S5 -> S5.1 -> AD1 -> D1.1 (bars),"ST7757 GBP handles [""13C"", ""7D9""]; p.13 details ['P13-GB-LT2_5M', 'P13-GB-LT5M']","{""candidate_depths_mm"": [300.0, 400.0], ""clear_concrete_length_m"": 1.45, ""depth_mm"": null, ""depth_state"": ""CANDIDATE_CONFLICT"", ""details"": [""P13-GB-LT2_5M"", ""P13-GB-LT5M""], ""width_mm"": 300.0, ""width_state"": ""CANDIDATE_INVARIANT""}",,,,,,,"[0.1305, 0.174]",CONDITIONAL_NOT_RELEASED,DEPTH_CANDIDATE_CONFLICT,,the p.13 length-class detail (< 2.5 / < 5 / > 5 m) changes with the length basis (centre-to-centre or clear); S2 consultant question,S5:GSO-13C-7D9-1,"[""LENGTH_CLASS_DETAIL""]"
GSO-13D-7D2-1,GROUND_BEAMS,GROUND_BEAM GB (typical p.13),GROUND,GROUND_BEAMS,S9 (concrete) / S5 -> S5.1 -> AD1 -> D1.1 (bars),"ST7757 GBP handles [""13D"", ""7D2""]; p.13 details ['P13-GB-EXTERIOR']","{""clear_concrete_length_m"": 5.9, ""depth_mm"": null, ""depth_state"": ""SOURCE_CONFLICT"", ""details"": [""P13-GB-EXTERIOR""], ""width_mm"": 300.0, ""width_state"": ""SOURCE_EXPLICIT""}",,,,,,,,BLOCKED_UNQUANTIFIED,WIDTH SOURCE_EXPLICIT / DEPTH SOURCE_CONFLICT,,section not established (exterior / interior or concentrated-load case unresolved; S5 why_not_resolved),S5:GSO-13D-7D2-1,
GSO-13E-7D6-1,GROUND_BEAMS,GROUND_BEAM GB (typical p.13),GROUND,GROUND_BEAMS,S9 (concrete) / S5 -> S5.1 -> AD1 -> D1.1 (bars),"ST7757 GBP handles [""13E"", ""7D6""]; p.13 details ['NO_PROJECT_DETAIL_FOR_CONCENTRATED_LOAD', 'P13-GB-GT5M']","{""clear_concrete_length_m"": 5.1, ""depth_mm"": null, ""depth_state"": ""UNRESOLVED"", ""details"": [""NO_PROJECT_DETAIL_FOR_CONCENTRATED_LOAD"", ""P13-GB-GT5M""], ""width_mm"": null, ""width_state"": ""UNRESOLVED""}",,,,,,,,BLOCKED_UNQUANTIFIED,WIDTH UNRESOLVED / DEPTH UNRESOLVED,,section not established (exterior / interior or concentrated-load case unresolved; S5 why_not_resolved),S5:GSO-13E-7D6-1,
GSO-13F-7D3-1,GROUND_BEAMS,GROUND_BEAM GB (typical p.13),GROUND,GROUND_BEAMS,S9 (concrete) / S5 -> S5.1 -> AD1 -> D1.1 (bars),"ST7757 GBP handles [""13F"", ""7D3""]; p.13 details ['NO_PROJECT_DETAIL_FOR_CONCENTRATED_LOAD', 'P13-GB-LT5M']","{""clear_concrete_length_m"": 4.3, ""depth_mm"": null, ""depth_state"": ""UNRESOLVED"", ""details"": [""NO_PROJECT_DETAIL_FOR_CONCENTRATED_LOAD"", ""P13-GB-LT5M""], ""width_mm"": null, ""width_state"": ""UNRESOLVED""}",,,,,,,,BLOCKED_UNQUANTIFIED,WIDTH UNRESOLVED / DEPTH UNRESOLVED,,section not established (exterior / interior or concentrated-load case unresolved; S5 why_not_resolved),S5:GSO-13F-7D3-1,
GSO-140-7D7-1,GROUND_BEAMS,GROUND_BEAM GB (typical p.13),GROUND,GROUND_BEAMS,S9 (concrete) / S5 -> S5.1 -> AD1 -> D1.1 (bars),"ST7757 GBP handles [""140"", ""7D7""]; p.13 details ['NO_PROJECT_DETAIL_FOR_CONCENTRATED_LOAD', 'P13-GB-LT5M']","{""clear_concrete_length_m"": 4.3, ""depth_mm"": null, ""depth_state"": ""UNRESOLVED"", ""details"": [""NO_PROJECT_DETAIL_FOR_CONCENTRATED_LOAD"", ""P13-GB-LT5M""], ""width_mm"": null, ""width_state"": ""UNRESOLVED""}",,,,,,,,BLOCKED_UNQUANTIFIED,WIDTH UNRESOLVED / DEPTH UNRESOLVED,,section not established (exterior / interior or concentrated-load case unresolved; S5 why_not_resolved),S5:GSO-140-7D7-1,
GSO-141-7DA-1,GROUND_BEAMS,GROUND_BEAM GB (typical p.13),GROUND,GROUND_BEAMS,S9 (concrete) / S5 -> S5.1 -> AD1 -> D1.1 (bars),"ST7757 GBP handles [""141"", ""7DA""]; p.13 details ['P13-GB-LT2_5M', 'P13-GB-LT5M']","{""candidate_depths_mm"": [300.0, 400.0], ""clear_concrete_length_m"": 1.2, ""depth_mm"": null, ""depth_state"": ""CANDIDATE_CONFLICT"", ""details"": [""P13-GB-LT2_5M"", ""P13-GB-LT5M""], ""width_mm"": 300.0, ""width_state"": ""CANDIDATE_INVARIANT""}",,,,,,,"[0.108, 0.144]",CONDITIONAL_NOT_RELEASED,DEPTH_CANDIDATE_CONFLICT,,the p.13 length-class detail (< 2.5 / < 5 / > 5 m) changes with the length basis (centre-to-centre or clear); S2 consultant question,S5:GSO-141-7DA-1,"[""LENGTH_CLASS_DETAIL""]"
GSO-142-7D8-1,GROUND_BEAMS,GROUND_BEAM GB (typical p.13),GROUND,GROUND_BEAMS,S9 (concrete) / S5 -> S5.1 -> AD1 -> D1.1 (bars),"ST7757 GBP handles [""142"", ""7D8""]; p.13 details ['P13-GB-LT2_5M', 'P13-GB-LT5M']","{""candidate_depths_mm"": [300.0, 400.0], ""clear_concrete_length_m"": 2.45, ""depth_mm"": null, ""depth_state"": ""CANDIDATE_CONFLICT"", ""details"": [""P13-GB-LT2_5M"", ""P13-GB-LT5M""], ""width_mm"": 300.0, ""width_state"": ""CANDIDATE_INVARIANT""}",,,,,,,"[0.2205, 0.294]",CONDITIONAL_NOT_RELEASED,DEPTH_CANDIDATE_CONFLICT,,the p.13 length-class detail (< 2.5 / < 5 / > 5 m) changes with the length basis (centre-to-centre or clear); S2 consultant question,S5:GSO-142-7D8-1,"[""LENGTH_CLASS_DETAIL""]"
GSO-145-7CA-1,GROUND_BEAMS,GROUND_BEAM GB (typical p.13),GROUND,GROUND_BEAMS,S9 (concrete) / S5 -> S5.1 -> AD1 -> D1.1 (bars),"ST7757 GBP handles [""145"", ""7CA""]; p.13 details ['P13-GB-EXTERIOR', 'P13-GB-LT2_5M', 'P13-GB-LT5M']","{""candidate_depths_mm"": [300.0, 400.0], ""clear_concrete_length_m"": 0.4, ""depth_mm"": null, ""depth_state"": ""CANDIDATE_CONFLICT"", ""details"": [""P13-GB-EXTERIOR"", ""P13-GB-LT2_5M"", ""P13-GB-LT5M""], ""width_mm"": 300.0, ""width_state"": ""CANDIDATE_INVARIANT""}",,,,,,,"[0.036, 0.048]",CONDITIONAL_NOT_RELEASED,DEPTH_CANDIDATE_CONFLICT,,the p.13 length-class detail (< 2.5 / < 5 / > 5 m) changes with the length basis (centre-to-centre or clear); S2 consultant question,S5:GSO-145-7CA-1,"[""LENGTH_CLASS_DETAIL""]"
GSO-145-7CA-2,GROUND_BEAMS,GROUND_BEAM GB (typical p.13),GROUND,GROUND_BEAMS,S9 (concrete) / S5 -> S5.1 -> AD1 -> D1.1 (bars),"ST7757 GBP handles [""145"", ""7CA""]; p.13 details ['P13-GB-EXTERIOR', 'P13-GB-LT2_5M', 'P13-GB-LT5M']","{""candidate_depths_mm"": [300.0, 400.0], ""clear_concrete_length_m"": 2.3, ""depth_mm"": null, ""depth_state"": ""CANDIDATE_CONFLICT"", ""details"": [""P13-GB-EXTERIOR"", ""P13-GB-LT2_5M"", ""P13-GB-LT5M""], ""width_mm"": 300.0, ""width_state"": ""CANDIDATE_INVARIANT""}",,,,,,,"[0.207, 0.276]",CONDITIONAL_NOT_RELEASED,DEPTH_CANDIDATE_CONFLICT,,the p.13 length-class detail (< 2.5 / < 5 / > 5 m) changes with the length basis (centre-to-centre or clear); S2 consultant question,S5:GSO-145-7CA-2,"[""LENGTH_CLASS_DETAIL""]"
GSO-15C-7CC-1,GROUND_BEAMS,GROUND_BEAM GB (typical p.13),GROUND,GROUND_BEAMS,S9 (concrete) / S5 -> S5.1 -> AD1 -> D1.1 (bars),"ST7757 GBP handles [""15C"", ""7CC""]; p.13 details ['P13-GB-LT2_5M', 'P13-GB-LT5M']","{""candidate_depths_mm"": [300.0, 400.0], ""clear_concrete_length_m"": 2.4, ""depth_mm"": null, ""depth_state"": ""CANDIDATE_CONFLICT"", ""details"": [""P13-GB-LT2_5M"", ""P13-GB-LT5M""], ""width_mm"": 300.0, ""width_state"": ""CANDIDATE_INVARIANT""}",,,,,,,"[0.216, 0.288]",CONDITIONAL_NOT_RELEASED,DEPTH_CANDIDATE_CONFLICT,,the p.13 length-class detail (< 2.5 / < 5 / > 5 m) changes with the length basis (centre-to-centre or clear); S2 consultant question,S5:GSO-15C-7CC-1,"[""LENGTH_CLASS_DETAIL""]"
GSO-15D-7C8-1,GROUND_BEAMS,GROUND_BEAM GB (typical p.13),GROUND,GROUND_BEAMS,S9 (concrete) / S5 -> S5.1 -> AD1 -> D1.1 (bars),"ST7757 GBP handles [""15D"", ""7C8""]; p.13 details ['P13-GB-LT2_5M', 'P13-GB-LT5M']","{""candidate_depths_mm"": [300.0, 400.0], ""clear_concrete_length_m"": 2.9, ""depth_mm"": null, ""depth_state"": ""CANDIDATE_CONFLICT"", ""details"": [""P13-GB-LT2_5M"", ""P13-GB-LT5M""], ""width_mm"": 300.0, ""width_state"": ""CANDIDATE_INVARIANT""}",,,,,,,"[0.261, 0.348]",CONDITIONAL_NOT_RELEASED,DEPTH_CANDIDATE_CONFLICT,,the p.13 length-class detail (< 2.5 / < 5 / > 5 m) changes with the length basis (centre-to-centre or clear); S2 consultant question,S5:GSO-15D-7C8-1,"[""LENGTH_CLASS_DETAIL""]"
GSO-15E-15F-1,GROUND_BEAMS,GROUND_BEAM GB (typical p.13),GROUND,GROUND_BEAMS,S9 (concrete) / S5 -> S5.1 -> AD1 -> D1.1 (bars),"ST7757 GBP handles [""15E"", ""15F""]; p.13 details ['NO_PROJECT_DETAIL_FOR_CONCENTRATED_LOAD', 'P13-GB-LT5M']","{""clear_concrete_length_m"": 3.0, ""depth_mm"": null, ""depth_state"": ""UNRESOLVED"", ""details"": [""NO_PROJECT_DETAIL_FOR_CONCENTRATED_LOAD"", ""P13-GB-LT5M""], ""width_mm"": null, ""width_state"": ""UNRESOLVED""}",,,,,,,,BLOCKED_UNQUANTIFIED,WIDTH UNRESOLVED / DEPTH UNRESOLVED,,section not established (exterior / interior or concentrated-load case unresolved; S5 why_not_resolved),S5:GSO-15E-15F-1,
GSO-16F-7FF-1,GROUND_BEAMS,GROUND_BEAM GB (typical p.13),GROUND,GROUND_BEAMS,S9 (concrete) / S5 -> S5.1 -> AD1 -> D1.1 (bars),"ST7757 GBP handles [""16F"", ""7FF""]; p.13 details ['P13-GB-LT2_5M', 'P13-GB-LT5M']","{""candidate_depths_mm"": [300.0, 400.0], ""clear_concrete_length_m"": 1.25, ""depth_mm"": null, ""depth_state"": ""CANDIDATE_CONFLICT"", ""details"": [""P13-GB-LT2_5M"", ""P13-GB-LT5M""], ""width_mm"": 300.0, ""width_state"": ""CANDIDATE_INVARIANT""}",,,,,,,"[0.1125, 0.15]",CONDITIONAL_NOT_RELEASED,DEPTH_CANDIDATE_CONFLICT,,the p.13 length-class detail (< 2.5 / < 5 / > 5 m) changes with the length basis (centre-to-centre or clear); S2 consultant question,S5:GSO-16F-7FF-1,"[""LENGTH_CLASS_DETAIL""]"
GSO-170-7C3-1,GROUND_BEAMS,GROUND_BEAM GB (typical p.13),GROUND,GROUND_BEAMS,S9 (concrete) / S5 -> S5.1 -> AD1 -> D1.1 (bars),"ST7757 GBP handles [""170"", ""7C3""]; p.13 details ['P13-GB-EXTERIOR']","{""clear_concrete_length_m"": 6.22, ""depth_mm"": null, ""depth_state"": ""BOUNDED_ABOVE"", ""details"": [""P13-GB-EXTERIOR""], ""width_mm"": 300.0, ""width_state"": ""SOURCE_EXPLICIT""}",,,,,,,"[null, 1.866]",CONDITIONAL_NOT_RELEASED,DEPTH_BOUNDED_ABOVE (exterior: follows the architecture),,exterior ground beam 30 x FOLLOW ARCH: depth <= the bound only (PRE-S5.1 04); no lower bound,S5:GSO-170-7C3-1,"[""UPPER_BOUND_ONLY""]"
GSO-170-7C3-2,GROUND_BEAMS,GROUND_BEAM GB (typical p.13),GROUND,GROUND_BEAMS,S9 (concrete) / S5 -> S5.1 -> AD1 -> D1.1 (bars),"ST7757 GBP handles [""170"", ""7C3""]; p.13 details ['P13-GB-EXTERIOR']","{""clear_concrete_length_m"": 3.6, ""depth_mm"": null, ""depth_state"": ""BOUNDED_ABOVE"", ""details"": [""P13-GB-EXTERIOR""], ""width_mm"": 300.0, ""width_state"": ""SOURCE_EXPLICIT""}",,,,,,,"[null, 1.08]",CONDITIONAL_NOT_RELEASED,DEPTH_BOUNDED_ABOVE (exterior: follows the architecture),,exterior ground beam 30 x FOLLOW ARCH: depth <= the bound only (PRE-S5.1 04); no lower bound,S5:GSO-170-7C3-2,"[""UPPER_BOUND_ONLY""]"
GSO-170-7C3-3,GROUND_BEAMS,GROUND_BEAM GB (typical p.13),GROUND,GROUND_BEAMS,S9 (concrete) / S5 -> S5.1 -> AD1 -> D1.1 (bars),"ST7757 GBP handles [""170"", ""7C3""]; p.13 details ['P13-GB-EXTERIOR']","{""clear_concrete_length_m"": 3.35, ""depth_mm"": null, ""depth_state"": ""BOUNDED_ABOVE"", ""details"": [""P13-GB-EXTERIOR""], ""width_mm"": 300.0, ""width_state"": ""SOURCE_EXPLICIT""}",,,,,,,"[null, 1.005]",CONDITIONAL_NOT_RELEASED,DEPTH_BOUNDED_ABOVE (exterior: follows the architecture),,exterior ground beam 30 x FOLLOW ARCH: depth <= the bound only (PRE-S5.1 04); no lower bound,S5:GSO-170-7C3-3,"[""UPPER_BOUND_ONLY""]"
GSO-175-7DE-1,GROUND_BEAMS,GROUND_BEAM GB (typical p.13),GROUND,GROUND_BEAMS,S9 (concrete) / S5 -> S5.1 -> AD1 -> D1.1 (bars),"ST7757 GBP handles [""175"", ""7DE""]; p.13 details ['NO_PROJECT_DETAIL_FOR_CONCENTRATED_LOAD', 'P13-GB-LT5M']","{""clear_concrete_length_m"": 3.75, ""depth_mm"": null, ""depth_state"": ""UNRESOLVED"", ""details"": [""NO_PROJECT_DETAIL_FOR_CONCENTRATED_LOAD"", ""P13-GB-LT5M""], ""width_mm"": null, ""width_state"": ""UNRESOLVED""}",,,,,,,,BLOCKED_UNQUANTIFIED,WIDTH UNRESOLVED / DEPTH UNRESOLVED,,section not established (exterior / interior or concentrated-load case unresolved; S5 why_not_resolved),S5:GSO-175-7DE-1,
GSO-176-7E6-1,GROUND_BEAMS,GROUND_BEAM GB (typical p.13),GROUND,GROUND_BEAMS,S9 (concrete) / S5 -> S5.1 -> AD1 -> D1.1 (bars),"ST7757 GBP handles [""176"", ""7E6""]; p.13 details ['NO_PROJECT_DETAIL_FOR_CONCENTRATED_LOAD', 'P13-GB-LT5M']","{""clear_concrete_length_m"": 3.75, ""depth_mm"": null, ""depth_state"": ""UNRESOLVED"", ""details"": [""NO_PROJECT_DETAIL_FOR_CONCENTRATED_LOAD"", ""P13-GB-LT5M""], ""width_mm"": null, ""width_state"": ""UNRESOLVED""}",,,,,,,,BLOCKED_UNQUANTIFIED,WIDTH UNRESOLVED / DEPTH UNRESOLVED,,section not established (exterior / interior or concentrated-load case unresolved; S5 why_not_resolved),S5:GSO-176-7E6-1,
GSO-177-7CD-1,GROUND_BEAMS,GROUND_BEAM GB (typical p.13),GROUND,GROUND_BEAMS,S9 (concrete) / S5 -> S5.1 -> AD1 -> D1.1 (bars),"ST7757 GBP handles [""177"", ""7CD""]; p.13 details ['NO_PROJECT_DETAIL_FOR_CONCENTRATED_LOAD', 'P13-GB-GT5M']","{""clear_concrete_length_m"": 5.37, ""depth_mm"": null, ""depth_state"": ""UNRESOLVED"", ""details"": [""NO_PROJECT_DETAIL_FOR_CONCENTRATED_LOAD"", ""P13-GB-GT5M""], ""width_mm"": null, ""width_state"": ""UNRESOLVED""}",,,,,,,,BLOCKED_UNQUANTIFIED,WIDTH UNRESOLVED / DEPTH UNRESOLVED,,section not established (exterior / interior or concentrated-load case unresolved; S5 why_not_resolved),S5:GSO-177-7CD-1,
GSO-177-7CD-2,GROUND_BEAMS,GROUND_BEAM GB (typical p.13),GROUND,GROUND_BEAMS,S9 (concrete) / S5 -> S5.1 -> AD1 -> D1.1 (bars),"ST7757 GBP handles [""177"", ""7CD""]; p.13 details ['P13-GB-LT2_5M', 'P13-GB-LT5M']","{""candidate_depths_mm"": [300.0, 400.0], ""clear_concrete_length_m"": 1.887, ""depth_mm"": null, ""depth_state"": ""CANDIDATE_CONFLICT"", ""details"": [""P13-GB-LT2_5M"", ""P13-GB-LT5M""], ""width_mm"": 300.0, ""width_state"": ""CANDIDATE_INVARIANT""}",,,,,,,"[0.16983, 0.22644]",CONDITIONAL_NOT_RELEASED,DEPTH_CANDIDATE_CONFLICT,,the p.13 length-class detail (< 2.5 / < 5 / > 5 m) changes with the length basis (centre-to-centre or clear); S2 consultant question,S5:GSO-177-7CD-2,"[""LENGTH_CLASS_DETAIL""]"
GSO-178-7DB-1,GROUND_BEAMS,GROUND_BEAM GB (typical p.13),GROUND,GROUND_BEAMS,S9 (concrete) / S5 -> S5.1 -> AD1 -> D1.1 (bars),"ST7757 GBP handles [""178"", ""7DB""]; p.13 details ['P13-GB-EXTERIOR', 'P13-GB-LT5M']","{""candidate_depths_mm"": [400.0], ""clear_concrete_length_m"": 3.8, ""depth_mm"": null, ""depth_state"": ""CANDIDATE_CONFLICT"", ""details"": [""P13-GB-EXTERIOR"", ""P13-GB-LT5M""], ""width_mm"": 300.0, ""width_state"": ""CANDIDATE_INVARIANT""}",,,,,,,"[0.456, 0.456]",CONDITIONAL_NOT_RELEASED,DEPTH_CANDIDATE_CONFLICT,,the p.13 length-class detail (< 2.5 / < 5 / > 5 m) changes with the length basis (centre-to-centre or clear); S2 consultant question,S5:GSO-178-7DB-1,"[""LENGTH_CLASS_DETAIL""]"
GSO-17B-7E5-1,GROUND_BEAMS,GROUND_BEAM GB (typical p.13),GROUND,GROUND_BEAMS,S9 (concrete) / S5 -> S5.1 -> AD1 -> D1.1 (bars),"ST7757 GBP handles [""17B"", ""7E5""]; p.13 details ['P13-GB-LT2_5M', 'P13-GB-LT5M']","{""candidate_depths_mm"": [300.0, 400.0], ""clear_concrete_length_m"": 1.2, ""depth_mm"": null, ""depth_state"": ""CANDIDATE_CONFLICT"", ""details"": [""P13-GB-LT2_5M"", ""P13-GB-LT5M""], ""width_mm"": 300.0, ""width_state"": ""CANDIDATE_INVARIANT""}",,,,,,,"[0.108, 0.144]",CONDITIONAL_NOT_RELEASED,DEPTH_CANDIDATE_CONFLICT,,the p.13 length-class detail (< 2.5 / < 5 / > 5 m) changes with the length basis (centre-to-centre or clear); S2 consultant question,S5:GSO-17B-7E5-1,"[""LENGTH_CLASS_DETAIL""]"
GSO-17C-7E3-1,GROUND_BEAMS,GROUND_BEAM GB (typical p.13),GROUND,GROUND_BEAMS,S9 (concrete) / S5 -> S5.1 -> AD1 -> D1.1 (bars),"ST7757 GBP handles [""17C"", ""7E3""]; p.13 details ['P13-GB-LT2_5M', 'P13-GB-LT5M']","{""candidate_depths_mm"": [300.0, 400.0], ""clear_concrete_length_m"": 3.228, ""depth_mm"": null, ""depth_state"": ""CANDIDATE_CONFLICT"", ""details"": [""P13-GB-LT2_5M"", ""P13-GB-LT5M""], ""width_mm"": 300.0, ""width_state"": ""CANDIDATE_INVARIANT""}",,,,,,,"[0.29052, 0.38736]",CONDITIONAL_NOT_RELEASED,DEPTH_CANDIDATE_CONFLICT,,the p.13 length-class detail (< 2.5 / < 5 / > 5 m) changes with the length basis (centre-to-centre or clear); S2 consultant question,S5:GSO-17C-7E3-1,"[""LENGTH_CLASS_DETAIL""]"
GSO-17D-7E4-1,GROUND_BEAMS,GROUND_BEAM GB (typical p.13),GROUND,GROUND_BEAMS,S9 (concrete) / S5 -> S5.1 -> AD1 -> D1.1 (bars),"ST7757 GBP handles [""17D"", ""7E4""]; p.13 details ['NO_PROJECT_DETAIL_FOR_CONCENTRATED_LOAD', 'P13-GB-LT5M']","{""clear_concrete_length_m"": 4.272, ""depth_mm"": null, ""depth_state"": ""UNRESOLVED"", ""details"": [""NO_PROJECT_DETAIL_FOR_CONCENTRATED_LOAD"", ""P13-GB-LT5M""], ""width_mm"": null, ""width_state"": ""UNRESOLVED""}",,,,,,,,BLOCKED_UNQUANTIFIED,WIDTH UNRESOLVED / DEPTH UNRESOLVED,,section not established (exterior / interior or concentrated-load case unresolved; S5 why_not_resolved),S5:GSO-17D-7E4-1,
GSO-17E-17F-1,GROUND_BEAMS,GROUND_BEAM GB (typical p.13),GROUND,GROUND_BEAMS,S9 (concrete) / S5 -> S5.1 -> AD1 -> D1.1 (bars),"ST7757 GBP handles [""17E"", ""17F""]; p.13 details ['NO_PROJECT_DETAIL_FOR_CONCENTRATED_LOAD', 'P13-GB-LT5M']","{""clear_concrete_length_m"": 2.467, ""depth_mm"": null, ""depth_state"": ""UNRESOLVED"", ""details"": [""NO_PROJECT_DETAIL_FOR_CONCENTRATED_LOAD"", ""P13-GB-LT5M""], ""width_mm"": null, ""width_state"": ""UNRESOLVED""}",,,,,,,,BLOCKED_UNQUANTIFIED,WIDTH UNRESOLVED / DEPTH UNRESOLVED,,section not established (exterior / interior or concentrated-load case unresolved; S5 why_not_resolved),S5:GSO-17E-17F-1,
GSO-180-181-1,GROUND_BEAMS,GROUND_BEAM GB (typical p.13),GROUND,GROUND_BEAMS,S9 (concrete) / S5 -> S5.1 -> AD1 -> D1.1 (bars),"ST7757 GBP handles [""180"", ""181""]; p.13 details ['P13-GB-LT2_5M', 'P13-GB-LT5M']","{""candidate_depths_mm"": [300.0, 400.0], ""clear_concrete_length_m"": 0.789, ""depth_mm"": null, ""depth_state"": ""CANDIDATE_CONFLICT"", ""details"": [""P13-GB-LT2_5M"", ""P13-GB-LT5M""], ""width_mm"": 300.0, ""width_state"": ""CANDIDATE_INVARIANT""}",,,,,,,"[0.07101, 0.09468]",CONDITIONAL_NOT_RELEASED,DEPTH_CANDIDATE_CONFLICT,,the p.13 length-class detail (< 2.5 / < 5 / > 5 m) changes with the length basis (centre-to-centre or clear); S2 consultant question,S5:GSO-180-181-1,"[""LENGTH_CLASS_DETAIL""]"
GSO-180D-180E-1,GROUND_BEAMS,GROUND_BEAM GB (typical p.13),GROUND,GROUND_BEAMS,S9 (concrete) / S5 -> S5.1 -> AD1 -> D1.1 (bars),"ST7757 GBP handles [""180D"", ""180E""]; p.13 details ['P13-GB-EXTERIOR', 'P13-GB-LT2_5M', 'P13-GB-LT5M']","{""candidate_depths_mm"": [300.0, 400.0], ""clear_concrete_length_m"": 2.1, ""depth_mm"": null, ""depth_state"": ""CANDIDATE_CONFLICT"", ""details"": [""P13-GB-EXTERIOR"", ""P13-GB-LT2_5M"", ""P13-GB-LT5M""], ""width_mm"": 300.0, ""width_state"": ""CANDIDATE_INVARIANT""}",,,,,,,"[0.189, 0.252]",CONDITIONAL_NOT_RELEASED,DEPTH_CANDIDATE_CONFLICT,,the p.13 length-class detail (< 2.5 / < 5 / > 5 m) changes with the length basis (centre-to-centre or clear); S2 consultant question,S5:GSO-180D-180E-1,"[""LENGTH_CLASS_DETAIL""]"
GSO-1811-1812-1,GROUND_BEAMS,GROUND_BEAM GB (typical p.13),GROUND,GROUND_BEAMS,S9 (concrete) / S5 -> S5.1 -> AD1 -> D1.1 (bars),"ST7757 GBP handles [""1811"", ""1812""]; p.13 details ['P13-GB-EXTERIOR', 'P13-GB-LT2_5M', 'P13-GB-LT5M']","{""candidate_depths_mm"": [300.0, 400.0], ""clear_concrete_length_m"": 1.3, ""depth_mm"": null, ""depth_state"": ""CANDIDATE_CONFLICT"", ""details"": [""P13-GB-EXTERIOR"", ""P13-GB-LT2_5M"", ""P13-GB-LT5M""], ""width_mm"": 300.0, ""width_state"": ""CANDIDATE_INVARIANT""}",,,,,,,"[0.117, 0.156]",CONDITIONAL_NOT_RELEASED,DEPTH_CANDIDATE_CONFLICT,,the p.13 length-class detail (< 2.5 / < 5 / > 5 m) changes with the length basis (centre-to-centre or clear); S2 consultant question,S5:GSO-1811-1812-1,"[""LENGTH_CLASS_DETAIL""]"
GSO-182-183-1,GROUND_BEAMS,GROUND_BEAM GB (typical p.13),GROUND,GROUND_BEAMS,S9 (concrete) / S5 -> S5.1 -> AD1 -> D1.1 (bars),"ST7757 GBP handles [""182"", ""183""]; p.13 details ['P13-GB-LT2_5M', 'P13-GB-LT5M']","{""candidate_depths_mm"": [300.0, 400.0], ""clear_concrete_length_m"": 2.073, ""depth_mm"": null, ""depth_state"": ""CANDIDATE_CONFLICT"", ""details"": [""P13-GB-LT2_5M"", ""P13-GB-LT5M""], ""width_mm"": 300.0, ""width_state"": ""CANDIDATE_INVARIANT""}",,,,,,,"[0.18657, 0.24876]",CONDITIONAL_NOT_RELEASED,DEPTH_CANDIDATE_CONFLICT,,the p.13 length-class detail (< 2.5 / < 5 / > 5 m) changes with the length basis (centre-to-centre or clear); S2 consultant question,S5:GSO-182-183-1,"[""LENGTH_CLASS_DETAIL""]"
GSO-184-7CF-1,GROUND_BEAMS,GROUND_BEAM GB (typical p.13),GROUND,GROUND_BEAMS,S9 (concrete) / S5 -> S5.1 -> AD1 -> D1.1 (bars),"ST7757 GBP handles [""184"", ""7CF""]; p.13 details ['NO_PROJECT_DETAIL_FOR_CONCENTRATED_LOAD', 'P13-GB-LT5M']","{""clear_concrete_length_m"": 3.27, ""depth_mm"": null, ""depth_state"": ""UNRESOLVED"", ""details"": [""NO_PROJECT_DETAIL_FOR_CONCENTRATED_LOAD"", ""P13-GB-LT5M""], ""width_mm"": null, ""width_state"": ""UNRESOLVED""}",,,,,,,,BLOCKED_UNQUANTIFIED,WIDTH UNRESOLVED / DEPTH UNRESOLVED,,section not established (exterior / interior or concentrated-load case unresolved; S5 why_not_resolved),S5:GSO-184-7CF-1,
GSO-184-7CF-2,GROUND_BEAMS,GROUND_BEAM GB (typical p.13),GROUND,GROUND_BEAMS,S9 (concrete) / S5 -> S5.1 -> AD1 -> D1.1 (bars),"ST7757 GBP handles [""184"", ""7CF""]; p.13 details ['P13-GB-LT5M']","{""clear_concrete_length_m"": 3.05, ""depth_mm"": 400.0, ""depth_state"": ""SOURCE_EXPLICIT"", ""details"": [""P13-GB-LT5M""], ""width_mm"": 300.0, ""width_state"": ""SOURCE_EXPLICIT""}",0.366,0,,0.366,0.366,,,RELEASED_S9_DELTA,SECTION_EXPLICIT + CLEAR_LENGTH,VERIFIED (family lengths),,S5:GSO-184-7CF-2,"[""CLEAR BETWEEN COLUMN / FOOTING FACES (S9-MC1); no overlap with the footings (founding <= -1.50, beam top at the GF slab)""]"
GSO-184-7CF-3,GROUND_BEAMS,GROUND_BEAM GB (typical p.13),GROUND,GROUND_BEAMS,S9 (concrete) / S5 -> S5.1 -> AD1 -> D1.1 (bars),"ST7757 GBP handles [""184"", ""7CF""]; p.13 details ['NO_PROJECT_DETAIL_FOR_CONCENTRATED_LOAD', 'P13-GB-GT5M']","{""clear_concrete_length_m"": 5.15, ""depth_mm"": null, ""depth_state"": ""UNRESOLVED"", ""details"": [""NO_PROJECT_DETAIL_FOR_CONCENTRATED_LOAD"", ""P13-GB-GT5M""], ""width_mm"": null, ""width_state"": ""UNRESOLVED""}",,,,,,,,BLOCKED_UNQUANTIFIED,WIDTH UNRESOLVED / DEPTH UNRESOLVED,,section not established (exterior / interior or concentrated-load case unresolved; S5 why_not_resolved),S5:GSO-184-7CF-3,
GSO-185-7C7-1,GROUND_BEAMS,GROUND_BEAM GB (typical p.13),GROUND,GROUND_BEAMS,S9 (concrete) / S5 -> S5.1 -> AD1 -> D1.1 (bars),"ST7757 GBP handles [""185"", ""7C7""]; p.13 details ['P13-GB-EXTERIOR']","{""clear_concrete_length_m"": 0.85, ""depth_mm"": null, ""depth_state"": ""BOUNDED_ABOVE"", ""details"": [""P13-GB-EXTERIOR""], ""width_mm"": 300.0, ""width_state"": ""SOURCE_EXPLICIT""}",,,,,,,"[null, 0.255]",CONDITIONAL_NOT_RELEASED,DEPTH_BOUNDED_ABOVE (exterior: follows the architecture),,exterior ground beam 30 x FOLLOW ARCH: depth <= the bound only (PRE-S5.1 04); no lower bound,S5:GSO-185-7C7-1,"[""UPPER_BOUND_ONLY""]"
GSO-7D0-FC-1,GROUND_BEAMS,GROUND_BEAM GB (typical p.13),GROUND,GROUND_BEAMS,S9 (concrete) / S5 -> S5.1 -> AD1 -> D1.1 (bars),"ST7757 GBP handles [""7D0"", ""FC""]; p.13 details ['P13-GB-EXTERIOR']","{""clear_concrete_length_m"": 3.375, ""depth_mm"": null, ""depth_state"": ""BOUNDED_ABOVE"", ""details"": [""P13-GB-EXTERIOR""], ""width_mm"": 300.0, ""width_state"": ""SOURCE_EXPLICIT""}",,,,,,,"[null, 1.0125]",CONDITIONAL_NOT_RELEASED,DEPTH_BOUNDED_ABOVE (exterior: follows the architecture),,exterior ground beam 30 x FOLLOW ARCH: depth <= the bound only (PRE-S5.1 04); no lower bound,S5:GSO-7D0-FC-1,"[""UPPER_BOUND_ONLY""]"
GSO-7D0-FC-2,GROUND_BEAMS,GROUND_BEAM GB (typical p.13),GROUND,GROUND_BEAMS,S9 (concrete) / S5 -> S5.1 -> AD1 -> D1.1 (bars),"ST7757 GBP handles [""7D0"", ""FC""]; p.13 details ['P13-GB-EXTERIOR']","{""clear_concrete_length_m"": 6.245, ""depth_mm"": null, ""depth_state"": ""BOUNDED_ABOVE"", ""details"": [""P13-GB-EXTERIOR""], ""width_mm"": 300.0, ""width_state"": ""SOURCE_EXPLICIT""}",,,,,,,"[null, 1.8735]",CONDITIONAL_NOT_RELEASED,DEPTH_BOUNDED_ABOVE (exterior: follows the architecture),,exterior ground beam 30 x FOLLOW ARCH: depth <= the bound only (PRE-S5.1 04); no lower bound,S5:GSO-7D0-FC-2,"[""UPPER_BOUND_ONLY""]"
GSO-7D0-FC-3,GROUND_BEAMS,GROUND_BEAM GB (typical p.13),GROUND,GROUND_BEAMS,S9 (concrete) / S5 -> S5.1 -> AD1 -> D1.1 (bars),"ST7757 GBP handles [""7D0"", ""FC""]; p.13 details ['P13-GB-EXTERIOR']","{""clear_concrete_length_m"": 6.65, ""depth_mm"": null, ""depth_state"": ""BOUNDED_ABOVE"", ""details"": [""P13-GB-EXTERIOR""], ""width_mm"": 300.0, ""width_state"": ""SOURCE_EXPLICIT""}",,,,,,,"[null, 1.995]",CONDITIONAL_NOT_RELEASED,DEPTH_BOUNDED_ABOVE (exterior: follows the architecture),,exterior ground beam 30 x FOLLOW ARCH: depth <= the bound only (PRE-S5.1 04); no lower bound,S5:GSO-7D0-FC-3,"[""UPPER_BOUND_ONLY""]"
GSO-7D0-FC-4,GROUND_BEAMS,GROUND_BEAM GB (typical p.13),GROUND,GROUND_BEAMS,S9 (concrete) / S5 -> S5.1 -> AD1 -> D1.1 (bars),"ST7757 GBP handles [""7D0"", ""FC""]; p.13 details ['P13-GB-EXTERIOR']","{""clear_concrete_length_m"": 1.4, ""depth_mm"": null, ""depth_state"": ""BOUNDED_ABOVE"", ""details"": [""P13-GB-EXTERIOR""], ""width_mm"": 300.0, ""width_state"": ""SOURCE_EXPLICIT""}",,,,,,,"[null, 0.42]",CONDITIONAL_NOT_RELEASED,DEPTH_BOUNDED_ABOVE (exterior: follows the architecture),,exterior ground beam 30 x FOLLOW ARCH: depth <= the bound only (PRE-S5.1 04); no lower bound,S5:GSO-7D0-FC-4,"[""UPPER_BOUND_ONLY""]"
GSO-7D4-F8-1,GROUND_BEAMS,GROUND_BEAM GB (typical p.13),GROUND,GROUND_BEAMS,S9 (concrete) / S5 -> S5.1 -> AD1 -> D1.1 (bars),"ST7757 GBP handles [""7D4"", ""F8""]; p.13 details ['P13-GB-EXTERIOR']","{""clear_concrete_length_m"": 5.53, ""depth_mm"": null, ""depth_state"": ""SOURCE_CONFLICT"", ""details"": [""P13-GB-EXTERIOR""], ""width_mm"": 300.0, ""width_state"": ""SOURCE_EXPLICIT""}",,,,,,,,BLOCKED_UNQUANTIFIED,WIDTH SOURCE_EXPLICIT / DEPTH SOURCE_CONFLICT,,section not established (exterior / interior or concentrated-load case unresolved; S5 why_not_resolved),S5:GSO-7D4-F8-1,
GSO-7D4-F8-2,GROUND_BEAMS,GROUND_BEAM GB (typical p.13),GROUND,GROUND_BEAMS,S9 (concrete) / S5 -> S5.1 -> AD1 -> D1.1 (bars),"ST7757 GBP handles [""7D4"", ""F8""]; p.13 details ['P13-GB-EXTERIOR']","{""clear_concrete_length_m"": 4.3, ""depth_mm"": null, ""depth_state"": ""SOURCE_CONFLICT"", ""details"": [""P13-GB-EXTERIOR""], ""width_mm"": 300.0, ""width_state"": ""SOURCE_EXPLICIT""}",,,,,,,,BLOCKED_UNQUANTIFIED,WIDTH SOURCE_EXPLICIT / DEPTH SOURCE_CONFLICT,,section not established (exterior / interior or concentrated-load case unresolved; S5 why_not_resolved),S5:GSO-7D4-F8-2,
GSO-7DC-7DD-1,GROUND_BEAMS,GROUND_BEAM GB (typical p.13),GROUND,GROUND_BEAMS,S9 (concrete) / S5 -> S5.1 -> AD1 -> D1.1 (bars),"ST7757 GBP handles [""7DC"", ""7DD""]; p.13 details ['NO_PROJECT_DETAIL_FOR_CONCENTRATED_LOAD', 'P13-GB-LT5M']","{""clear_concrete_length_m"": 3.525, ""depth_mm"": null, ""depth_state"": ""UNRESOLVED"", ""details"": [""NO_PROJECT_DETAIL_FOR_CONCENTRATED_LOAD"", ""P13-GB-LT5M""], ""width_mm"": null, ""width_state"": ""UNRESOLVED""}",,,,,,,,BLOCKED_UNQUANTIFIED,WIDTH UNRESOLVED / DEPTH UNRESOLVED,,section not established (exterior / interior or concentrated-load case unresolved; S5 why_not_resolved),S5:GSO-7DC-7DD-1,
GSO-7DC-7DD-2,GROUND_BEAMS,GROUND_BEAM GB (typical p.13),GROUND,GROUND_BEAMS,S9 (concrete) / S5 -> S5.1 -> AD1 -> D1.1 (bars),"ST7757 GBP handles [""7DC"", ""7DD""]; p.13 details ['P13-GB-LT5M']","{""clear_concrete_length_m"": 3.525, ""depth_mm"": 400.0, ""depth_state"": ""SOURCE_EXPLICIT"", ""details"": [""P13-GB-LT5M""], ""width_mm"": 300.0, ""width_state"": ""SOURCE_EXPLICIT""}",0.423,0,,0.423,0.423,,,RELEASED_S9_DELTA,SECTION_EXPLICIT + CLEAR_LENGTH,VERIFIED (family lengths),,S5:GSO-7DC-7DD-2,"[""CLEAR BETWEEN COLUMN / FOOTING FACES (S9-MC1); no overlap with the footings (founding <= -1.50, beam top at the GF slab)""]"
GSO-7E0-FD-1,GROUND_BEAMS,GROUND_BEAM GB (typical p.13),GROUND,GROUND_BEAMS,S9 (concrete) / S5 -> S5.1 -> AD1 -> D1.1 (bars),"ST7757 GBP handles [""7E0"", ""FD""]; p.13 details ['P13-GB-EXTERIOR']","{""clear_concrete_length_m"": 3.85, ""depth_mm"": null, ""depth_state"": ""BOUNDED_ABOVE"", ""details"": [""P13-GB-EXTERIOR""], ""width_mm"": 300.0, ""width_state"": ""SOURCE_EXPLICIT""}",,,,,,,"[null, 1.155]",CONDITIONAL_NOT_RELEASED,DEPTH_BOUNDED_ABOVE (exterior: follows the architecture),,exterior ground beam 30 x FOLLOW ARCH: depth <= the bound only (PRE-S5.1 04); no lower bound,S5:GSO-7E0-FD-1,"[""UPPER_BOUND_ONLY""]"
GSO-7E0-FD-2,GROUND_BEAMS,GROUND_BEAM GB (typical p.13),GROUND,GROUND_BEAMS,S9 (concrete) / S5 -> S5.1 -> AD1 -> D1.1 (bars),"ST7757 GBP handles [""7E0"", ""FD""]; p.13 details ['P13-GB-EXTERIOR']","{""clear_concrete_length_m"": 3.25, ""depth_mm"": null, ""depth_state"": ""BOUNDED_ABOVE"", ""details"": [""P13-GB-EXTERIOR""], ""width_mm"": 300.0, ""width_state"": ""SOURCE_EXPLICIT""}",,,,,,,"[null, 0.975]",CONDITIONAL_NOT_RELEASED,DEPTH_BOUNDED_ABOVE (exterior: follows the architecture),,exterior ground beam 30 x FOLLOW ARCH: depth <= the bound only (PRE-S5.1 04); no lower bound,S5:GSO-7E0-FD-2,"[""UPPER_BOUND_ONLY""]"
GSO-7E1-7E2-1,GROUND_BEAMS,GROUND_BEAM GB (typical p.13),GROUND,GROUND_BEAMS,S9 (concrete) / S5 -> S5.1 -> AD1 -> D1.1 (bars),"ST7757 GBP handles [""7E1"", ""7E2""]; p.13 details ['NO_PROJECT_DETAIL_FOR_CONCENTRATED_LOAD', 'P13-GB-GT5M']","{""clear_concrete_length_m"": 6.72, ""depth_mm"": null, ""depth_state"": ""UNRESOLVED"", ""details"": [""NO_PROJECT_DETAIL_FOR_CONCENTRATED_LOAD"", ""P13-GB-GT5M""], ""width_mm"": null, ""width_state"": ""UNRESOLVED""}",,,,,,,,BLOCKED_UNQUANTIFIED,WIDTH UNRESOLVED / DEPTH UNRESOLVED,,section not established (exterior / interior or concentrated-load case unresolved; S5 why_not_resolved),S5:GSO-7E1-7E2-1,
GSO-7E7-7E8-1,GROUND_BEAMS,GROUND_BEAM GB (typical p.13),GROUND,GROUND_BEAMS,S9 (concrete) / S5 -> S5.1 -> AD1 -> D1.1 (bars),"ST7757 GBP handles [""7E7"", ""7E8""]; p.13 details ['P13-GB-LT5M']","{""clear_concrete_length_m"": 3.525, ""depth_mm"": 400.0, ""depth_state"": ""SOURCE_EXPLICIT"", ""details"": [""P13-GB-LT5M""], ""width_mm"": 300.0, ""width_state"": ""SOURCE_EXPLICIT""}",0.423,0,,0.423,0.423,,,RELEASED_S9_DELTA,SECTION_EXPLICIT + CLEAR_LENGTH,VERIFIED (family lengths),,S5:GSO-7E7-7E8-1,"[""CLEAR BETWEEN COLUMN / FOOTING FACES (S9-MC1); no overlap with the footings (founding <= -1.50, beam top at the GF slab)""]"
GSO-7E7-7E8-2,GROUND_BEAMS,GROUND_BEAM GB (typical p.13),GROUND,GROUND_BEAMS,S9 (concrete) / S5 -> S5.1 -> AD1 -> D1.1 (bars),"ST7757 GBP handles [""7E7"", ""7E8""]; p.13 details ['NO_PROJECT_DETAIL_FOR_CONCENTRATED_LOAD', 'P13-GB-LT5M']","{""clear_concrete_length_m"": 3.525, ""depth_mm"": null, ""depth_state"": ""UNRESOLVED"", ""details"": [""NO_PROJECT_DETAIL_FOR_CONCENTRATED_LOAD"", ""P13-GB-LT5M""], ""width_mm"": null, ""width_state"": ""UNRESOLVED""}",,,,,,,,BLOCKED_UNQUANTIFIED,WIDTH UNRESOLVED / DEPTH UNRESOLVED,,section not established (exterior / interior or concentrated-load case unresolved; S5 why_not_resolved),S5:GSO-7E7-7E8-2,
GSO-7E9-7EA-1,GROUND_BEAMS,GROUND_BEAM GB (typical p.13),GROUND,GROUND_BEAMS,S9 (concrete) / S5 -> S5.1 -> AD1 -> D1.1 (bars),"ST7757 GBP handles [""7E9"", ""7EA""]; p.13 details ['P13-GB-LT5M']","{""clear_concrete_length_m"": 4.225, ""depth_mm"": 400.0, ""depth_state"": ""SOURCE_EXPLICIT"", ""details"": [""P13-GB-LT5M""], ""width_mm"": 300.0, ""width_state"": ""SOURCE_EXPLICIT""}",0.507,0,,0.507,0.507,,,RELEASED_S9_DELTA,SECTION_EXPLICIT + CLEAR_LENGTH,VERIFIED (family lengths),,S5:GSO-7E9-7EA-1,"[""CLEAR BETWEEN COLUMN / FOOTING FACES (S9-MC1); no overlap with the footings (founding <= -1.50, beam top at the GF slab)""]"
GSO-A-139-13A-1,GROUND_BEAMS,GROUND_BEAM GB (typical p.13),GROUND,GROUND_BEAMS,S9 (concrete) / S5 -> S5.1 -> AD1 -> D1.1 (bars),"ST7757 GBP handles [""139"", ""13A""]; p.13 details ['P13-GB-EXTERIOR']","{""clear_concrete_length_m"": 1.806, ""depth_mm"": null, ""depth_state"": ""SOURCE_CONFLICT"", ""details"": [""P13-GB-EXTERIOR""], ""width_mm"": 300.0, ""width_state"": ""SOURCE_EXPLICIT""}",,,,,,,,BLOCKED_UNQUANTIFIED,WIDTH SOURCE_EXPLICIT / DEPTH SOURCE_CONFLICT,,section not established (exterior / interior or concentrated-load case unresolved; S5 why_not_resolved),S5:GSO-A-139-13A-1,
GSO-A-157-158-1,GROUND_BEAMS,GROUND_BEAM GB (typical p.13),GROUND,GROUND_BEAMS,S9 (concrete) / S5 -> S5.1 -> AD1 -> D1.1 (bars),"ST7757 GBP handles [""157"", ""158""]; p.13 details ['P13-GB-EXTERIOR']","{""clear_concrete_length_m"": 5.878, ""depth_mm"": null, ""depth_state"": ""BOUNDED_ABOVE"", ""details"": [""P13-GB-EXTERIOR""], ""width_mm"": 300.0, ""width_state"": ""SOURCE_EXPLICIT""}",,,,,,,"[null, 1.7634]",CONDITIONAL_NOT_RELEASED,DEPTH_BOUNDED_ABOVE (exterior: follows the architecture),,exterior ground beam 30 x FOLLOW ARCH: depth <= the bound only (PRE-S5.1 04); no lower bound,S5:GSO-A-157-158-1,"[""UPPER_BOUND_ONLY""]"
SOCC-1689-1B1C,GROUND_BEAMS,STRAP_BEAM SB1,GROUND,GROUND_BEAMS,S9 (concrete) / S5 -> S5.1 -> AD1 -> D1.1 (bars),"ST7757 GBP handles [""1689"", ""1B1C"", ""1B1D:SB1>v""]; p.13 details ['SBT:1FB0']","{""clear_concrete_length_m"": 4.55, ""depth_mm"": 500.0, ""depth_state"": ""SOURCE_EXPLICIT"", ""details"": [""SBT:1FB0""], ""width_mm"": 700.0, ""width_state"": ""SOURCE_EXPLICIT""}",1.5925,0,,1.5925,1.5925,,,RELEASED_S9_DELTA,SECTION_EXPLICIT + CLEAR_LENGTH,VERIFIED (family lengths),,S5:SOCC-1689-1B1C,"[""CLEAR BETWEEN COLUMN / FOOTING FACES (S9-MC1); no overlap with the footings (founding <= -1.50, beam top at the GF slab)""]"
SOCC-1B08-1B09,GROUND_BEAMS,STRAP_BEAM SB2,GROUND,GROUND_BEAMS,S9 (concrete) / S5 -> S5.1 -> AD1 -> D1.1 (bars),"ST7757 GBP handles [""1B08"", ""1B09"", ""1B12:sb2>v""]; p.13 details ['SBT:1FBB', 'SBT:2ABA']","{""clear_concrete_length_m"": 1.829, ""depth_mm"": 500.0, ""depth_state"": ""CANDIDATE_INVARIANT"", ""details"": [""SBT:1FBB"", ""SBT:2ABA""], ""width_mm"": null, ""width_state"": ""CANDIDATE_CONFLICT""}",,,,,,,,SOURCE_CONFLICT,WIDTH_CANDIDATE_CONFLICT,,SB2 width conflict (S1 review queue item 9; PRE-S5.1 08),S5:SOCC-1B08-1B09,
SOCC-1B26-1B27,GROUND_BEAMS,STRAP_BEAM SB3,GROUND,GROUND_BEAMS,S9 (concrete) / S5 -> S5.1 -> AD1 -> D1.1 (bars),"ST7757 GBP handles [""1B26"", ""1B27"", ""1B28""]; p.13 details ['SBT:2B06']","{""clear_concrete_length_m"": 2.838, ""depth_mm"": 400.0, ""depth_state"": ""SOURCE_EXPLICIT"", ""details"": [""SBT:2B06""], ""width_mm"": 500.0, ""width_state"": ""SOURCE_EXPLICIT""}",0.5676,0,,0.5676,0.5676,,,RELEASED_S9_DELTA,SECTION_EXPLICIT + CLEAR_LENGTH,VERIFIED (family lengths),,S5:SOCC-1B26-1B27,"[""CLEAR BETWEEN COLUMN / FOOTING FACES (S9-MC1); no overlap with the footings (founding <= -1.50, beam top at the GF slab)""]"
BM-1F_ROOF-B1-BL014-6D0,BEAMS,SIMPLE B1,1F,BEAMS,"S9 (concrete, conditional) / S6 -> S6.1 -> D1.1 (bars)","ST7757 FFRS geometry [""BD016"", ""BD029""] tags [""6D0""]; schedule [""1E5C""]","{""B_mm"": 200.0, ""H_mm"": 400.0, ""authority"": ""SOURCE_DERIVED_HIGH_CONFIDENCE"", ""cc_m"": 1.921, ""clear_m"": 1.62, ""drawn_width_mm"": 200.0, ""mark"": ""B1"", ""stair_qualifier"": null, ""width_match"": ""MATCH""}",,,,,,0.1296,"[0.1296, 0.18144]",CONDITIONAL_NOT_RELEASED,SCHEDULE_SECTION + CLEAR_FACE_TO_FACE,LOWER_BOUND (S2 superstructure beam lengths),beam depth convention (H overall vs below the slab) not printed; S2 holds the length as a lower bound,S6:BM-1F_ROOF-B1-BL014-6D0,"[""BEAM_DEPTH_CONVENTION"", ""S2_LENGTH_LOWER_BOUND""]"
BM-1F_ROOF-B1-BL016-6CE,BEAMS,SIMPLE B1,1F,BEAMS,"S9 (concrete, conditional) / S6 -> S6.1 -> D1.1 (bars)","ST7757 FFRS geometry [""BD024""] tags [""6CE""]; schedule [""1E5C""]","{""B_mm"": 200.0, ""H_mm"": 400.0, ""authority"": ""SOURCE_DERIVED_HIGH_CONFIDENCE"", ""cc_m"": 1.45, ""clear_m"": 0.7, ""drawn_width_mm"": 200.0, ""mark"": ""B1"", ""stair_qualifier"": null, ""width_match"": ""MATCH""}",,,,,,0.056,"[0.056, 0.0784]",CONDITIONAL_NOT_RELEASED,SCHEDULE_SECTION + CLEAR_FACE_TO_FACE,LOWER_BOUND (S2 superstructure beam lengths),beam depth convention (H overall vs below the slab) not printed; S2 holds the length as a lower bound,S6:BM-1F_ROOF-B1-BL016-6CE,"[""BEAM_DEPTH_CONVENTION"", ""S2_LENGTH_LOWER_BOUND""]"
BM-1F_ROOF-B1-BL028-6CB,BEAMS,SIMPLE B1,1F,BEAMS,"S9 (concrete, conditional) / S6 -> S6.1 -> D1.1 (bars)","ST7757 FFRS geometry [""BD036""] tags [""6CB""]; schedule [""1E5C""]","{""B_mm"": 200.0, ""H_mm"": 400.0, ""authority"": ""SOURCE_DERIVED_HIGH_CONFIDENCE"", ""cc_m"": 2.0, ""clear_m"": 1.8, ""drawn_width_mm"": 200.0, ""mark"": ""B1"", ""stair_qualifier"": null, ""width_match"": ""MATCH""}",,,,,,0.144,"[0.144, 0.2016]",CONDITIONAL_NOT_RELEASED,SCHEDULE_SECTION + CLEAR_FACE_TO_FACE,LOWER_BOUND (S2 superstructure beam lengths),beam depth convention (H overall vs below the slab) not printed; S2 holds the length as a lower bound,S6:BM-1F_ROOF-B1-BL028-6CB,"[""BEAM_DEPTH_CONVENTION"", ""S2_LENGTH_LOWER_BOUND""]"
BM-1F_ROOF-B11-BL025-6D8,BEAMS,SIMPLE B11,1F,BEAMS,"S9 (concrete, conditional) / S6 -> S6.1 -> D1.1 (bars)","ST7757 FFRS geometry [""BD014"", ""BD015""] tags [""6D8""]; schedule [""1EDB""]","{""B_mm"": 200.0, ""H_mm"": 750.0, ""authority"": ""SOURCE_DERIVED_HIGH_CONFIDENCE"", ""cc_m"": 5.198, ""clear_m"": 4.748, ""drawn_width_mm"": 200.0, ""mark"": ""B11"", ""stair_qualifier"": null, ""width_match"": ""MATCH""}",,,,,,0.7122,"[0.7122, 0.864136]",CONDITIONAL_NOT_RELEASED,SCHEDULE_SECTION + CLEAR_FACE_TO_FACE,LOWER_BOUND (S2 superstructure beam lengths),beam depth convention (H overall vs below the slab) not printed; S2 holds the length as a lower bound,S6:BM-1F_ROOF-B11-BL025-6D8,"[""BEAM_DEPTH_CONVENTION"", ""S2_LENGTH_LOWER_BOUND""]"
BM-1F_ROOF-B18-BL008-6ED,BEAMS,SIMPLE B18,1F,BEAMS,"S9 (concrete, conditional) / S6 -> S6.1 -> D1.1 (bars)","ST7757 FFRS geometry [""BD009""] tags [""6ED""]; schedule [""1F28""]","{""B_mm"": 350.0, ""H_mm"": 750.0, ""authority"": ""SOURCE_DERIVED_HIGH_CONFIDENCE"", ""cc_m"": 5.1, ""clear_m"": 4.85, ""drawn_width_mm"": 350.0, ""mark"": ""B18"", ""stair_qualifier"": null, ""width_match"": ""MATCH""}",,,,,,1.273125,"[1.273125, 1.544725]",CONDITIONAL_NOT_RELEASED,SCHEDULE_SECTION + CLEAR_FACE_TO_FACE,LOWER_BOUND (S2 superstructure beam lengths),beam depth convention (H overall vs below the slab) not printed; S2 holds the length as a lower bound,S6:BM-1F_ROOF-B18-BL008-6ED,"[""BEAM_DEPTH_CONVENTION"", ""S2_LENGTH_LOWER_BOUND""]"
BM-1F_ROOF-B19-BL029-6CF,BEAMS,SIMPLE B19,1F,BEAMS,"S9 (concrete, conditional) / S6 -> S6.1 -> D1.1 (bars)","ST7757 FFRS geometry [""BD022""] tags [""6CF""]; schedule [""1F33""]","{""B_mm"": 400.0, ""H_mm"": 750.0, ""authority"": ""SOURCE_DERIVED_HIGH_CONFIDENCE"", ""cc_m"": 3.16, ""clear_m"": 2.876, ""drawn_width_mm"": 400.0, ""mark"": ""B19"", ""stair_qualifier"": null, ""width_match"": ""MATCH""}",,,,,,0.8628,"[0.8628, 1.046864]",CONDITIONAL_NOT_RELEASED,SCHEDULE_SECTION + CLEAR_FACE_TO_FACE,LOWER_BOUND (S2 superstructure beam lengths),beam depth convention (H overall vs below the slab) not printed; S2 holds the length as a lower bound,S6:BM-1F_ROOF-B19-BL029-6CF,"[""BEAM_DEPTH_CONVENTION"", ""S2_LENGTH_LOWER_BOUND""]"
BM-1F_ROOF-B2-BL016-6C9,BEAMS,SIMPLE B2,1F,BEAMS,"S9 (concrete, conditional) / S6 -> S6.1 -> D1.1 (bars)","ST7757 FFRS geometry [""BD024""] tags [""6C9""]; schedule [""1E78""]","{""B_mm"": 200.0, ""H_mm"": 400.0, ""authority"": ""SOURCE_DERIVED_HIGH_CONFIDENCE"", ""cc_m"": 3.35, ""clear_m"": 3.0, ""drawn_width_mm"": 200.0, ""mark"": ""B2"", ""stair_qualifier"": null, ""width_match"": ""MATCH""}",,,,,,0.24,"[0.24, 0.336]",CONDITIONAL_NOT_RELEASED,SCHEDULE_SECTION + CLEAR_FACE_TO_FACE,LOWER_BOUND (S2 superstructure beam lengths),beam depth convention (H overall vs below the slab) not printed; S2 holds the length as a lower bound,S6:BM-1F_ROOF-B2-BL016-6C9,"[""BEAM_DEPTH_CONVENTION"", ""S2_LENGTH_LOWER_BOUND""]"
BM-1F_ROOF-B2-BL017-6CA,BEAMS,SIMPLE B2,1F,BEAMS,"S9 (concrete, conditional) / S6 -> S6.1 -> D1.1 (bars)","ST7757 FFRS geometry [""BD023"", ""BD037""] tags [""6CA""]; schedule [""1E78""]","{""B_mm"": 200.0, ""H_mm"": 400.0, ""authority"": ""SOURCE_DERIVED_HIGH_CONFIDENCE"", ""cc_m"": 3.2, ""clear_m"": 2.7, ""drawn_width_mm"": 200.0, ""mark"": ""B2"", ""stair_qualifier"": null, ""width_match"": ""MATCH""}",,,,,,0.216,"[0.216, 0.3024]",CONDITIONAL_NOT_RELEASED,SCHEDULE_SECTION + CLEAR_FACE_TO_FACE,LOWER_BOUND (S2 superstructure beam lengths),beam depth convention (H overall vs below the slab) not printed; S2 holds the length as a lower bound,S6:BM-1F_ROOF-B2-BL017-6CA,"[""BEAM_DEPTH_CONVENTION"", ""S2_LENGTH_LOWER_BOUND""]"
BM-1F_ROOF-B2-BL019-6BA,BEAMS,SIMPLE B2,1F,BEAMS,"S9 (concrete, conditional) / S6 -> S6.1 -> D1.1 (bars)","ST7757 FFRS geometry [""BD031""] tags [""6BA""]; schedule [""1E78""]","{""B_mm"": 200.0, ""H_mm"": 400.0, ""authority"": ""SOURCE_DERIVED_HIGH_CONFIDENCE"", ""cc_m"": 3.2, ""clear_m"": 2.7, ""drawn_width_mm"": 200.0, ""mark"": ""B2"", ""stair_qualifier"": null, ""width_match"": ""MATCH""}",,,,,,0.216,"[0.216, 0.3024]",CONDITIONAL_NOT_RELEASED,SCHEDULE_SECTION + CLEAR_FACE_TO_FACE,LOWER_BOUND (S2 superstructure beam lengths),beam depth convention (H overall vs below the slab) not printed; S2 holds the length as a lower bound,S6:BM-1F_ROOF-B2-BL019-6BA,"[""BEAM_DEPTH_CONVENTION"", ""S2_LENGTH_LOWER_BOUND""]"
BM-1F_ROOF-B23-BL009-74B,BEAMS,SIMPLE B23,1F,BEAMS,"S9 (concrete, conditional) / S6 -> S6.1 -> D1.1 (bars)","ST7757 FFRS geometry [""BD027""] tags [""74B""]; schedule [""1F5F""]","{""B_mm"": 450.0, ""H_mm"": 750.0, ""authority"": ""SOURCE_DERIVED_HIGH_CONFIDENCE"", ""cc_m"": 3.8, ""clear_m"": 3.3, ""drawn_width_mm"": 450.0, ""mark"": ""B23"", ""stair_qualifier"": null, ""width_match"": ""MATCH""}",,,,,,1.11375,"[1.11375, 1.35135]",CONDITIONAL_NOT_RELEASED,SCHEDULE_SECTION + CLEAR_FACE_TO_FACE,LOWER_BOUND (S2 superstructure beam lengths),beam depth convention (H overall vs below the slab) not printed; S2 holds the length as a lower bound,S6:BM-1F_ROOF-B23-BL009-74B,"[""BEAM_DEPTH_CONVENTION"", ""S2_LENGTH_LOWER_BOUND""]"
BM-1F_ROOF-B25-BL006-6D1,BEAMS,SIMPLE B25,1F,BEAMS,"S9 (concrete, conditional) / S6 -> S6.1 -> D1.1 (bars)","ST7757 FFRS geometry [""BD011""] tags [""6D1""]; schedule [""1F75""]","{""B_mm"": 550.0, ""H_mm"": 750.0, ""authority"": ""SOURCE_DERIVED_HIGH_CONFIDENCE"", ""cc_m"": 7.26, ""clear_m"": 6.909, ""drawn_width_mm"": 550.0, ""mark"": ""B25"", ""stair_qualifier"": null, ""width_match"": ""MATCH""}",,,,,,2.8499625,"[2.8499625, 3.4579545]",CONDITIONAL_NOT_RELEASED,SCHEDULE_SECTION + CLEAR_FACE_TO_FACE,LOWER_BOUND (S2 superstructure beam lengths),beam depth convention (H overall vs below the slab) not printed; S2 holds the length as a lower bound,S6:BM-1F_ROOF-B25-BL006-6D1,"[""BEAM_DEPTH_CONVENTION"", ""S2_LENGTH_LOWER_BOUND""]"
BM-1F_ROOF-B3-BL023-6B9,BEAMS,SIMPLE B3,1F,BEAMS,"S9 (concrete, conditional) / S6 -> S6.1 -> D1.1 (bars)","ST7757 FFRS geometry [""BL023""] tags [""6B9""]; schedule [""1E83""]","{""B_mm"": 200.0, ""H_mm"": 400.0, ""authority"": ""SOURCE_DERIVED_HIGH_CONFIDENCE"", ""cc_m"": 2.7, ""clear_m"": 2.5, ""drawn_width_mm"": 200.0, ""mark"": ""B3"", ""stair_qualifier"": null, ""width_match"": ""MATCH""}",,,,,,0.2,"[0.2, 0.28]",CONDITIONAL_NOT_RELEASED,SCHEDULE_SECTION + CLEAR_FACE_TO_FACE,LOWER_BOUND (S2 superstructure beam lengths),beam depth convention (H overall vs below the slab) not printed; S2 holds the length as a lower bound,S6:BM-1F_ROOF-B3-BL023-6B9,"[""BEAM_DEPTH_CONVENTION"", ""S2_LENGTH_LOWER_BOUND""]"
BM-1F_ROOF-B4-BA001-1829,BEAMS,DOME RING B4,1F,DOMES,S8.3,"ST7757 FFRS geometry [""BA001""] tags [""1829""]; schedule [""1E8E""]","{""length_m"": 1.294}",,,,,,,,EXCLUDED_OWNED_BY_OTHER_FAMILY,TRANSFERRED_TO_S8_3,LOWER_BOUND (S2 superstructure beam lengths),dome ring band: owned by S8.3 (ring concrete SOURCE_CONFLICT there),S6:BM-1F_ROOF-B4-BA001-1829,
BM-1F_ROOF-B4-BA002-1828,BEAMS,DOME RING B4,1F,DOMES,S8.3,"ST7757 FFRS geometry [""BA002""] tags [""1828""]; schedule [""1E8E""]","{""length_m"": 1.517}",,,,,,,,EXCLUDED_OWNED_BY_OTHER_FAMILY,TRANSFERRED_TO_S8_3,LOWER_BOUND (S2 superstructure beam lengths),dome ring band: owned by S8.3 (ring concrete SOURCE_CONFLICT there),S6:BM-1F_ROOF-B4-BA002-1828,
BM-1F_ROOF-B4-BL011-711,BEAMS,SIMPLE B4,1F,BEAMS,"S9 (concrete, conditional) / S6 -> S6.1 -> D1.1 (bars)","ST7757 FFRS geometry [""BD003""] tags [""711""]; schedule [""1E8E""]","{""B_mm"": 200.0, ""H_mm"": 500.0, ""authority"": ""SOURCE_DERIVED_HIGH_CONFIDENCE"", ""cc_m"": 4.262, ""clear_m"": 3.712, ""drawn_width_mm"": 200.0, ""mark"": ""B4"", ""stair_qualifier"": null, ""width_match"": ""MATCH""}",,,,,,0.3712,"[0.3712, 0.489984]",CONDITIONAL_NOT_RELEASED,SCHEDULE_SECTION + CLEAR_FACE_TO_FACE,LOWER_BOUND (S2 superstructure beam lengths),beam depth convention (H overall vs below the slab) not printed; S2 holds the length as a lower bound,S6:BM-1F_ROOF-B4-BL011-711,"[""BEAM_DEPTH_CONVENTION"", ""S2_LENGTH_LOWER_BOUND""]"
BM-1F_ROOF-B4-BL025-6D9,BEAMS,SIMPLE B4,1F,BEAMS,"S9 (concrete, conditional) / S6 -> S6.1 -> D1.1 (bars)","ST7757 FFRS geometry [""BD014"", ""BD015""] tags [""6D9""]; schedule [""1E8E""]","{""B_mm"": 200.0, ""H_mm"": 500.0, ""authority"": ""SOURCE_DERIVED_HIGH_CONFIDENCE"", ""cc_m"": 4.625, ""clear_m"": 4.3, ""drawn_width_mm"": 200.0, ""mark"": ""B4"", ""stair_qualifier"": null, ""width_match"": ""MATCH""}",,,,,,0.43,"[0.43, 0.5676]",CONDITIONAL_NOT_RELEASED,SCHEDULE_SECTION + CLEAR_FACE_TO_FACE,LOWER_BOUND (S2 superstructure beam lengths),beam depth convention (H overall vs below the slab) not printed; S2 holds the length as a lower bound,S6:BM-1F_ROOF-B4-BL025-6D9,"[""BEAM_DEPTH_CONVENTION"", ""S2_LENGTH_LOWER_BOUND""]"
BM-1F_ROOF-B4-BL032-6B5,BEAMS,SIMPLE B4,1F,BEAMS,"S9 (concrete, conditional) / S6 -> S6.1 -> D1.1 (bars)","ST7757 FFRS geometry [""BD028""] tags [""6B5""]; schedule [""1E8E""]","{""B_mm"": 200.0, ""H_mm"": 500.0, ""authority"": ""SOURCE_DERIVED_HIGH_CONFIDENCE"", ""cc_m"": 4.325, ""clear_m"": 4.1, ""drawn_width_mm"": 200.0, ""mark"": ""B4"", ""stair_qualifier"": null, ""width_match"": ""MATCH""}",,,,,,0.41,"[0.41, 0.5412]",CONDITIONAL_NOT_RELEASED,SCHEDULE_SECTION + CLEAR_FACE_TO_FACE,LOWER_BOUND (S2 superstructure beam lengths),beam depth convention (H overall vs below the slab) not printed; S2 holds the length as a lower bound,S6:BM-1F_ROOF-B4-BL032-6B5,"[""BEAM_DEPTH_CONVENTION"", ""S2_LENGTH_LOWER_BOUND""]"
BM-1F_ROOF-B5-BL007-6EC,BEAMS,SIMPLE B5,1F,BEAMS,"S9 (concrete, conditional) / S6 -> S6.1 -> D1.1 (bars)","ST7757 FFRS geometry [""BD010""] tags [""6EC""]; schedule [""1E99""]","{""B_mm"": 200.0, ""H_mm"": 500.0, ""authority"": ""SOURCE_DERIVED_HIGH_CONFIDENCE"", ""cc_m"": 5.125, ""clear_m"": 4.85, ""drawn_width_mm"": 200.0, ""mark"": ""B5"", ""stair_qualifier"": null, ""width_match"": ""MATCH""}",,,,,,0.485,"[0.485, 0.6402]",CONDITIONAL_NOT_RELEASED,SCHEDULE_SECTION + CLEAR_FACE_TO_FACE,LOWER_BOUND (S2 superstructure beam lengths),beam depth convention (H overall vs below the slab) not printed; S2 holds the length as a lower bound,S6:BM-1F_ROOF-B5-BL007-6EC,"[""BEAM_DEPTH_CONVENTION"", ""S2_LENGTH_LOWER_BOUND""]"
BM-1F_ROOF-B5-BL022-6C4,BEAMS,SIMPLE B5,1F,BEAMS,"S9 (concrete, conditional) / S6 -> S6.1 -> D1.1 (bars)","ST7757 FFRS geometry [""BD035""] tags [""6C4""]; schedule [""1E99""]","{""B_mm"": 200.0, ""H_mm"": 500.0, ""authority"": ""SOURCE_DERIVED_HIGH_CONFIDENCE"", ""cc_m"": 4.1, ""clear_m"": 3.475, ""drawn_width_mm"": 200.0, ""mark"": ""B5"", ""stair_qualifier"": null, ""width_match"": ""MATCH""}",,,,,,0.3475,"[0.3475, 0.4587]",CONDITIONAL_NOT_RELEASED,SCHEDULE_SECTION + CLEAR_FACE_TO_FACE,LOWER_BOUND (S2 superstructure beam lengths),beam depth convention (H overall vs below the slab) not printed; S2 holds the length as a lower bound,S6:BM-1F_ROOF-B5-BL022-6C4,"[""BEAM_DEPTH_CONVENTION"", ""S2_LENGTH_LOWER_BOUND""]"
BM-1F_ROOF-B6-BL012-76C,BEAMS,SIMPLE B6,1F,BEAMS,"S9 (concrete, conditional) / S6 -> S6.1 -> D1.1 (bars)","ST7757 FFRS geometry [""BD012""] tags [""76C""]; schedule [""1EA4""]","{""B_mm"": 250.0, ""H_mm"": 500.0, ""authority"": ""SOURCE_DERIVED_HIGH_CONFIDENCE"", ""cc_m"": 4.4, ""clear_m"": 4.1, ""drawn_width_mm"": 250.0, ""mark"": ""B6"", ""stair_qualifier"": null, ""width_match"": ""MATCH""}",,,,,,0.5125,"[0.5125, 0.6765]",CONDITIONAL_NOT_RELEASED,SCHEDULE_SECTION + CLEAR_FACE_TO_FACE,LOWER_BOUND (S2 superstructure beam lengths),beam depth convention (H overall vs below the slab) not printed; S2 holds the length as a lower bound,S6:BM-1F_ROOF-B6-BL012-76C,"[""BEAM_DEPTH_CONVENTION"", ""S2_LENGTH_LOWER_BOUND""]"
BM-1F_ROOF-B6-BL013-6BD,BEAMS,SIMPLE B6,1F,BEAMS,"S9 (concrete, conditional) / S6 -> S6.1 -> D1.1 (bars)","ST7757 FFRS geometry [""BD018""] tags [""6BD""]; schedule [""1EA4""]","{""B_mm"": 250.0, ""H_mm"": 500.0, ""authority"": ""SOURCE_DERIVED_HIGH_CONFIDENCE"", ""cc_m"": 4.4, ""clear_m"": 4.1, ""drawn_width_mm"": 250.0, ""mark"": ""B6"", ""stair_qualifier"": null, ""width_match"": ""MATCH""}",,,,,,0.5125,"[0.5125, 0.6765]",CONDITIONAL_NOT_RELEASED,SCHEDULE_SECTION + CLEAR_FACE_TO_FACE,LOWER_BOUND (S2 superstructure beam lengths),beam depth convention (H overall vs below the slab) not printed; S2 holds the length as a lower bound,S6:BM-1F_ROOF-B6-BL013-6BD,"[""BEAM_DEPTH_CONVENTION"", ""S2_LENGTH_LOWER_BOUND""]"
BM-1F_ROOF-B6-BL014-6C5,BEAMS,SIMPLE B6,1F,BEAMS,"S9 (concrete, conditional) / S6 -> S6.1 -> D1.1 (bars)","ST7757 FFRS geometry [""BL014""] tags [""6C5""]; schedule [""1EA4""]","{""B_mm"": 250.0, ""H_mm"": 500.0, ""authority"": ""SOURCE_CONFLICT"", ""cc_m"": 4.729, ""clear_m"": 4.428, ""drawn_width_mm"": 200.0, ""mark"": ""B6"", ""stair_qualifier"": null, ""width_match"": ""SOURCE_CONFLICT""}",,,,,,0.5535,"[0.5535, 0.73062]",SOURCE_CONFLICT,SCHEDULE_SECTION + CLEAR_FACE_TO_FACE (conflict),LOWER_BOUND (S2 superstructure beam lengths),S6 authority / width conflict; beam depth convention (H overall vs below the slab) not printed; S2 holds the length as a lower bound,S6:BM-1F_ROOF-B6-BL014-6C5,"[""BEAM_DEPTH_CONVENTION"", ""S2_LENGTH_LOWER_BOUND""]"
BM-1F_ROOF-B6-BL030-6D7,BEAMS,SIMPLE B6,1F,BEAMS,"S9 (concrete, conditional) / S6 -> S6.1 -> D1.1 (bars)","ST7757 FFRS geometry [""BD013""] tags [""6D7""]; schedule [""1EA4""]","{""B_mm"": 250.0, ""H_mm"": 500.0, ""authority"": ""SOURCE_DERIVED_HIGH_CONFIDENCE"", ""cc_m"": 4.772, ""clear_m"": 4.372, ""drawn_width_mm"": 250.0, ""mark"": ""B6"", ""stair_qualifier"": null, ""width_match"": ""MATCH""}",,,,,,0.5465,"[0.5465, 0.72138]",CONDITIONAL_NOT_RELEASED,SCHEDULE_SECTION + CLEAR_FACE_TO_FACE,LOWER_BOUND (S2 superstructure beam lengths),beam depth convention (H overall vs below the slab) not printed; S2 holds the length as a lower bound,S6:BM-1F_ROOF-B6-BL030-6D7,"[""BEAM_DEPTH_CONVENTION"", ""S2_LENGTH_LOWER_BOUND""]"
BM-1F_ROOF-B6-BL031-6D4,BEAMS,SIMPLE B6,1F,BEAMS,"S9 (concrete, conditional) / S6 -> S6.1 -> D1.1 (bars)","ST7757 FFRS geometry [""BD019""] tags [""6D4""]; schedule [""1EA4""]","{""B_mm"": 250.0, ""H_mm"": 500.0, ""authority"": ""SOURCE_DERIVED_HIGH_CONFIDENCE"", ""cc_m"": 4.797, ""clear_m"": 4.372, ""drawn_width_mm"": 250.0, ""mark"": ""B6"", ""stair_qualifier"": null, ""width_match"": ""MATCH""}",,,,,,0.5465,"[0.5465, 0.72138]",CONDITIONAL_NOT_RELEASED,SCHEDULE_SECTION + CLEAR_FACE_TO_FACE,LOWER_BOUND (S2 superstructure beam lengths),beam depth convention (H overall vs below the slab) not printed; S2 holds the length as a lower bound,S6:BM-1F_ROOF-B6-BL031-6D4,"[""BEAM_DEPTH_CONVENTION"", ""S2_LENGTH_LOWER_BOUND""]"
BM-1F_ROOF-B7-BL017-6CD,BEAMS,SIMPLE B7,1F,BEAMS,"S9 (concrete, conditional) / S6 -> S6.1 -> D1.1 (bars)","ST7757 FFRS geometry [""BD023"", ""BD037""] tags [""6CD""]; schedule [""1EAF""]","{""B_mm"": 200.0, ""H_mm"": 750.0, ""authority"": ""SOURCE_DERIVED_HIGH_CONFIDENCE"", ""cc_m"": 1.7, ""clear_m"": 1.2, ""drawn_width_mm"": 200.0, ""mark"": ""B7"", ""stair_qualifier"": null, ""width_match"": ""MATCH""}",,,,,,0.18,"[0.18, 0.2184]",CONDITIONAL_NOT_RELEASED,SCHEDULE_SECTION + CLEAR_FACE_TO_FACE,LOWER_BOUND (S2 superstructure beam lengths),beam depth convention (H overall vs below the slab) not printed; S2 holds the length as a lower bound,S6:BM-1F_ROOF-B7-BL017-6CD,"[""BEAM_DEPTH_CONVENTION"", ""S2_LENGTH_LOWER_BOUND""]"
BM-1F_ROOF-B7-BL027-6CC,BEAMS,SIMPLE B7,1F,BEAMS,"S9 (concrete, conditional) / S6 -> S6.1 -> D1.1 (bars)","ST7757 FFRS geometry [""BD021""] tags [""6CC""]; schedule [""1EAF""]","{""B_mm"": 200.0, ""H_mm"": 750.0, ""authority"": ""SOURCE_DERIVED_HIGH_CONFIDENCE"", ""cc_m"": 2.025, ""clear_m"": 1.7, ""drawn_width_mm"": 200.0, ""mark"": ""B7"", ""stair_qualifier"": null, ""width_match"": ""MATCH""}",,,,,,0.255,"[0.255, 0.3094]",CONDITIONAL_NOT_RELEASED,SCHEDULE_SECTION + CLEAR_FACE_TO_FACE,LOWER_BOUND (S2 superstructure beam lengths),beam depth convention (H overall vs below the slab) not printed; S2 holds the length as a lower bound,S6:BM-1F_ROOF-B7-BL027-6CC,"[""BEAM_DEPTH_CONVENTION"", ""S2_LENGTH_LOWER_BOUND""]"
BM-2F_ROOF-B1-BL002-78B,BEAMS,SIMPLE B1,2F,BEAMS,"S9 (concrete, conditional) / S6 -> S6.1 -> D1.1 (bars)","ST7757 SFRS geometry [""BD004""] tags [""78B""]; schedule [""1E5C""]","{""B_mm"": 200.0, ""H_mm"": 400.0, ""authority"": ""SOURCE_DERIVED_HIGH_CONFIDENCE"", ""cc_m"": 1.6, ""clear_m"": 1.0, ""drawn_width_mm"": 200.0, ""mark"": ""B1"", ""stair_qualifier"": null, ""width_match"": ""MATCH""}",,,,,,0.08,"[0.08, 0.112]",CONDITIONAL_NOT_RELEASED,SCHEDULE_SECTION + CLEAR_FACE_TO_FACE,LOWER_BOUND (S2 superstructure beam lengths),beam depth convention (H overall vs below the slab) not printed; S2 holds the length as a lower bound,S6:BM-2F_ROOF-B1-BL002-78B,"[""BEAM_DEPTH_CONVENTION"", ""S2_LENGTH_LOWER_BOUND""]"
BM-2F_ROOF-B1-BL003-78C,BEAMS,SIMPLE B1,2F,BEAMS,"S9 (concrete, conditional) / S6 -> S6.1 -> D1.1 (bars)","ST7757 SFRS geometry [""BD003"", ""BD013""] tags [""78C""]; schedule [""1E5C""]","{""B_mm"": 200.0, ""H_mm"": 400.0, ""authority"": ""SOURCE_DERIVED_HIGH_CONFIDENCE"", ""cc_m"": 1.7, ""clear_m"": 1.2, ""drawn_width_mm"": 200.0, ""mark"": ""B1"", ""stair_qualifier"": null, ""width_match"": ""MATCH""}",,,,,,0.096,"[0.096, 0.1344]",CONDITIONAL_NOT_RELEASED,SCHEDULE_SECTION + CLEAR_FACE_TO_FACE,LOWER_BOUND (S2 superstructure beam lengths),beam depth convention (H overall vs below the slab) not printed; S2 holds the length as a lower bound,S6:BM-2F_ROOF-B1-BL003-78C,"[""BEAM_DEPTH_CONVENTION"", ""S2_LENGTH_LOWER_BOUND""]"
BM-2F_ROOF-B1-BL006-78F,BEAMS,SIMPLE B1,2F,BEAMS,"S9 (concrete, conditional) / S6 -> S6.1 -> D1.1 (bars)","ST7757 SFRS geometry [""BL006""] tags [""78F""]; schedule [""1E5C""]","{""B_mm"": 200.0, ""H_mm"": 400.0, ""authority"": ""UNRESOLVED"", ""cc_m"": 2.0, ""clear_m"": 1.8, ""drawn_width_mm"": 200.0, ""mark"": ""B1"", ""stair_qualifier"": null, ""width_match"": ""MATCH""}",,,,,,0.144,"[0.144, 0.2016]",CONDITIONAL_NOT_RELEASED,SCHEDULE_SECTION + CLEAR_FACE_TO_FACE,LOWER_BOUND (S2 superstructure beam lengths),beam depth convention (H overall vs below the slab) not printed; S2 holds the length as a lower bound,S6:BM-2F_ROOF-B1-BL006-78F,"[""BEAM_DEPTH_CONVENTION"", ""S2_LENGTH_LOWER_BOUND""]"
BM-2F_ROOF-B1-BL011-78D,BEAMS,SIMPLE B1,2F,BEAMS,"S9 (concrete, conditional) / S6 -> S6.1 -> D1.1 (bars)","ST7757 SFRS geometry [""BD012""] tags [""78D""]; schedule [""1E5C""]","{""B_mm"": 200.0, ""H_mm"": 400.0, ""authority"": ""SOURCE_DERIVED_HIGH_CONFIDENCE"", ""cc_m"": 2.0, ""clear_m"": 1.8, ""drawn_width_mm"": 200.0, ""mark"": ""B1"", ""stair_qualifier"": null, ""width_match"": ""MATCH""}",,,,,,0.144,"[0.144, 0.2016]",CONDITIONAL_NOT_RELEASED,SCHEDULE_SECTION + CLEAR_FACE_TO_FACE,LOWER_BOUND (S2 superstructure beam lengths),beam depth convention (H overall vs below the slab) not printed; S2 holds the length as a lower bound,S6:BM-2F_ROOF-B1-BL011-78D,"[""BEAM_DEPTH_CONVENTION"", ""S2_LENGTH_LOWER_BOUND""]"
BM-2F_ROOF-B15-BL004-7A9,BEAMS,SIMPLE B15,2F,BEAMS,"S9 (concrete, conditional) / S6 -> S6.1 -> D1.1 (bars)","ST7757 SFRS geometry [""BD002""] tags [""7A9""]; schedule [""1F07""]","{""B_mm"": 200.0, ""H_mm"": 1200.0, ""authority"": ""SOURCE_DERIVED_HIGH_CONFIDENCE"", ""cc_m"": 3.2, ""clear_m"": 2.7, ""drawn_width_mm"": 200.0, ""mark"": ""B15"", ""stair_qualifier"": null, ""width_match"": ""MATCH""}",,,,,,0.648,"[0.648, 0.7344]",CONDITIONAL_NOT_RELEASED,SCHEDULE_SECTION + CLEAR_FACE_TO_FACE,LOWER_BOUND (S2 superstructure beam lengths),beam depth convention (H overall vs below the slab) not printed; S2 holds the length as a lower bound,S6:BM-2F_ROOF-B15-BL004-7A9,"[""BEAM_DEPTH_CONVENTION"", ""S2_LENGTH_LOWER_BOUND""]"
BM-2F_ROOF-B2-BL006-78E,BEAMS,SIMPLE B2,2F,BEAMS,"S9 (concrete, conditional) / S6 -> S6.1 -> D1.1 (bars)","ST7757 SFRS geometry [""BD006"", ""BD007"", ""BD008""] tags [""78E""]; schedule [""1E78""]","{""B_mm"": 200.0, ""H_mm"": 400.0, ""authority"": ""SOURCE_DERIVED_HIGH_CONFIDENCE"", ""cc_m"": 3.2, ""clear_m"": 3.0, ""drawn_width_mm"": 200.0, ""mark"": ""B2"", ""stair_qualifier"": null, ""width_match"": ""MATCH""}",,,,,,0.24,"[0.24, 0.336]",CONDITIONAL_NOT_RELEASED,SCHEDULE_SECTION + CLEAR_FACE_TO_FACE,LOWER_BOUND (S2 superstructure beam lengths),beam depth convention (H overall vs below the slab) not printed; S2 holds the length as a lower bound,S6:BM-2F_ROOF-B2-BL006-78E,"[""BEAM_DEPTH_CONVENTION"", ""S2_LENGTH_LOWER_BOUND""]"
BM-2F_ROOF-B2-BL006-790,BEAMS,SIMPLE B2,2F,BEAMS,"S9 (concrete, conditional) / S6 -> S6.1 -> D1.1 (bars)","ST7757 SFRS geometry [""BD006"", ""BD007"", ""BD008""] tags [""790""]; schedule [""1E78""]","{""B_mm"": 200.0, ""H_mm"": 400.0, ""authority"": ""SOURCE_DERIVED_HIGH_CONFIDENCE"", ""cc_m"": 2.731, ""clear_m"": 2.5, ""drawn_width_mm"": 200.0, ""mark"": ""B2"", ""stair_qualifier"": null, ""width_match"": ""MATCH""}",,,,,,0.2,"[0.2, 0.28]",CONDITIONAL_NOT_RELEASED,SCHEDULE_SECTION + CLEAR_FACE_TO_FACE,LOWER_BOUND (S2 superstructure beam lengths),beam depth convention (H overall vs below the slab) not printed; S2 holds the length as a lower bound,S6:BM-2F_ROOF-B2-BL006-790,"[""BEAM_DEPTH_CONVENTION"", ""S2_LENGTH_LOWER_BOUND""]"
BM-2F_ROOF-B2-BL010-775,BEAMS,SIMPLE B2,2F,BEAMS,"S9 (concrete, conditional) / S6 -> S6.1 -> D1.1 (bars)","ST7757 SFRS geometry [""BD009""] tags [""775""]; schedule [""1E78""]","{""B_mm"": 200.0, ""H_mm"": 400.0, ""authority"": ""SOURCE_DERIVED_HIGH_CONFIDENCE"", ""cc_m"": 3.2, ""clear_m"": 3.0, ""drawn_width_mm"": 200.0, ""mark"": ""B2"", ""stair_qualifier"": null, ""width_match"": ""MATCH""}",,,,,,0.24,"[0.24, 0.336]",CONDITIONAL_NOT_RELEASED,SCHEDULE_SECTION + CLEAR_FACE_TO_FACE,LOWER_BOUND (S2 superstructure beam lengths),beam depth convention (H overall vs below the slab) not printed; S2 holds the length as a lower bound,S6:BM-2F_ROOF-B2-BL010-775,"[""BEAM_DEPTH_CONVENTION"", ""S2_LENGTH_LOWER_BOUND""]"
BM-2F_ROOF-B2-BL010-78A,BEAMS,SIMPLE B2,2F,BEAMS,"S9 (concrete, conditional) / S6 -> S6.1 -> D1.1 (bars)","ST7757 SFRS geometry [""BD009""] tags [""78A""]; schedule [""1E78""]","{""B_mm"": 200.0, ""H_mm"": 400.0, ""authority"": ""SOURCE_DERIVED_HIGH_CONFIDENCE"", ""cc_m"": 2.0, ""clear_m"": 1.8, ""drawn_width_mm"": 200.0, ""mark"": ""B2"", ""stair_qualifier"": null, ""width_match"": ""MATCH""}",,,,,,0.144,"[0.144, 0.2016]",CONDITIONAL_NOT_RELEASED,SCHEDULE_SECTION + CLEAR_FACE_TO_FACE,LOWER_BOUND (S2 superstructure beam lengths),beam depth convention (H overall vs below the slab) not printed; S2 holds the length as a lower bound,S6:BM-2F_ROOF-B2-BL010-78A,"[""BEAM_DEPTH_CONVENTION"", ""S2_LENGTH_LOWER_BOUND""]"
BM-2F_ROOF-B3-BL002-79B,BEAMS,SIMPLE B3,2F,BEAMS,"S9 (concrete, conditional) / S6 -> S6.1 -> D1.1 (bars)","ST7757 SFRS geometry [""BD004""] tags [""79B""]; schedule [""1E83""]","{""B_mm"": 200.0, ""H_mm"": 400.0, ""authority"": ""SOURCE_DERIVED_HIGH_CONFIDENCE"", ""cc_m"": 3.35, ""clear_m"": 3.0, ""drawn_width_mm"": 200.0, ""mark"": ""B3"", ""stair_qualifier"": null, ""width_match"": ""MATCH""}",,,,,,0.24,"[0.24, 0.336]",CONDITIONAL_NOT_RELEASED,SCHEDULE_SECTION + CLEAR_FACE_TO_FACE,LOWER_BOUND (S2 superstructure beam lengths),beam depth convention (H overall vs below the slab) not printed; S2 holds the length as a lower bound,S6:BM-2F_ROOF-B3-BL002-79B,"[""BEAM_DEPTH_CONVENTION"", ""S2_LENGTH_LOWER_BOUND""]"
BM-2F_ROOF-B3-BL003-79C,BEAMS,SIMPLE B3,2F,BEAMS,"S9 (concrete, conditional) / S6 -> S6.1 -> D1.1 (bars)","ST7757 SFRS geometry [""BD003"", ""BD013""] tags [""79C""]; schedule [""1E83""]","{""B_mm"": 200.0, ""H_mm"": 400.0, ""authority"": ""SOURCE_DERIVED_HIGH_CONFIDENCE"", ""cc_m"": 3.2, ""clear_m"": 2.7, ""drawn_width_mm"": 200.0, ""mark"": ""B3"", ""stair_qualifier"": null, ""width_match"": ""MATCH""}",,,,,,0.216,"[0.216, 0.3024]",CONDITIONAL_NOT_RELEASED,SCHEDULE_SECTION + CLEAR_FACE_TO_FACE,LOWER_BOUND (S2 superstructure beam lengths),beam depth convention (H overall vs below the slab) not printed; S2 holds the length as a lower bound,S6:BM-2F_ROOF-B3-BL003-79C,"[""BEAM_DEPTH_CONVENTION"", ""S2_LENGTH_LOWER_BOUND""]"
BM-2F_ROOF-B3-BL007-79D,BEAMS,SIMPLE B3,2F,BEAMS,"S9 (concrete, conditional) / S6 -> S6.1 -> D1.1 (bars)","ST7757 SFRS geometry [""BD016""] tags [""79D""]; schedule [""1E83""]","{""B_mm"": 200.0, ""H_mm"": 400.0, ""authority"": ""SOURCE_DERIVED_HIGH_CONFIDENCE"", ""cc_m"": 2.7, ""clear_m"": 2.5, ""drawn_width_mm"": 200.0, ""mark"": ""B3"", ""stair_qualifier"": null, ""width_match"": ""MATCH""}",,,,,,0.2,"[0.2, 0.28]",CONDITIONAL_NOT_RELEASED,SCHEDULE_SECTION + CLEAR_FACE_TO_FACE,LOWER_BOUND (S2 superstructure beam lengths),beam depth convention (H overall vs below the slab) not printed; S2 holds the length as a lower bound,S6:BM-2F_ROOF-B3-BL007-79D,"[""BEAM_DEPTH_CONVENTION"", ""S2_LENGTH_LOWER_BOUND""]"
BM-2F_ROOF-B3-BL008-774,BEAMS,SIMPLE B3,2F,BEAMS,"S9 (concrete, conditional) / S6 -> S6.1 -> D1.1 (bars)","ST7757 SFRS geometry [""BD011""] tags [""774""]; schedule [""1E83""]","{""B_mm"": 200.0, ""H_mm"": 400.0, ""authority"": ""SOURCE_DERIVED_HIGH_CONFIDENCE"", ""cc_m"": 2.675, ""clear_m"": 2.45, ""drawn_width_mm"": 200.0, ""mark"": ""B3"", ""stair_qualifier"": null, ""width_match"": ""MATCH""}",,,,,,0.196,"[0.196, 0.2744]",CONDITIONAL_NOT_RELEASED,SCHEDULE_SECTION + CLEAR_FACE_TO_FACE,LOWER_BOUND (S2 superstructure beam lengths),beam depth convention (H overall vs below the slab) not printed; S2 holds the length as a lower bound,S6:BM-2F_ROOF-B3-BL008-774,"[""BEAM_DEPTH_CONVENTION"", ""S2_LENGTH_LOWER_BOUND""]"
BM-2F_ROOF-B7-BL001-7A1,BEAMS,SIMPLE B7,2F,BEAMS,"S9 (concrete, conditional) / S6 -> S6.1 -> D1.1 (bars)","ST7757 SFRS geometry [""BD005""] tags [""7A1""]; schedule [""1EAF""]","{""B_mm"": 200.0, ""H_mm"": 750.0, ""authority"": ""SOURCE_DERIVED_HIGH_CONFIDENCE"", ""cc_m"": 4.718, ""clear_m"": 4.418, ""drawn_width_mm"": 200.0, ""mark"": ""B7"", ""stair_qualifier"": null, ""width_match"": ""MATCH""}",,,,,,0.6627,"[0.6627, 0.804076]",CONDITIONAL_NOT_RELEASED,SCHEDULE_SECTION + CLEAR_FACE_TO_FACE,LOWER_BOUND (S2 superstructure beam lengths),beam depth convention (H overall vs below the slab) not printed; S2 holds the length as a lower bound,S6:BM-2F_ROOF-B7-BL001-7A1,"[""BEAM_DEPTH_CONVENTION"", ""S2_LENGTH_LOWER_BOUND""]"
BM-2F_ROOF-B8-BL007-79E,BEAMS,SIMPLE B8,2F,BEAMS,"S9 (concrete, conditional) / S6 -> S6.1 -> D1.1 (bars)","ST7757 SFRS geometry [""BD016""] tags [""79E""]; schedule [""1EBA""]","{""B_mm"": 200.0, ""H_mm"": 750.0, ""authority"": ""SOURCE_DERIVED_HIGH_CONFIDENCE"", ""cc_m"": 3.87, ""clear_m"": 3.47, ""drawn_width_mm"": 200.0, ""mark"": ""B8"", ""stair_qualifier"": null, ""width_match"": ""MATCH""}",,,,,,0.5205,"[0.5205, 0.63154]",CONDITIONAL_NOT_RELEASED,SCHEDULE_SECTION + CLEAR_FACE_TO_FACE,LOWER_BOUND (S2 superstructure beam lengths),beam depth convention (H overall vs below the slab) not printed; S2 holds the length as a lower bound,S6:BM-2F_ROOF-B8-BL007-79E,"[""BEAM_DEPTH_CONVENTION"", ""S2_LENGTH_LOWER_BOUND""]"
BM-GF_ROOF-B1-BL004-476,BEAMS,SIMPLE B1,GF,BEAMS,"S9 (concrete, conditional) / S6 -> S6.1 -> D1.1 (bars)","ST7757 GFRS geometry [""BL004""] tags [""476""]; schedule [""1E5C""]","{""B_mm"": 200.0, ""H_mm"": 400.0, ""authority"": ""UNRESOLVED"", ""cc_m"": 1.875, ""clear_m"": 1.2, ""drawn_width_mm"": 200.0, ""mark"": ""B1"", ""stair_qualifier"": null, ""width_match"": ""MATCH""}",,,,,,0.096,"[0.096, 0.1344]",CONDITIONAL_NOT_RELEASED,SCHEDULE_SECTION + CLEAR_FACE_TO_FACE,LOWER_BOUND (S2 superstructure beam lengths),beam depth convention (H overall vs below the slab) not printed; S2 holds the length as a lower bound,S6:BM-GF_ROOF-B1-BL004-476,"[""BEAM_DEPTH_CONVENTION"", ""S2_LENGTH_LOWER_BOUND""]"
BM-GF_ROOF-B1-BL004-477,BEAMS,SIMPLE B1,GF,BEAMS,"S9 (concrete, conditional) / S6 -> S6.1 -> D1.1 (bars)","ST7757 GFRS geometry [""BD020""] tags [""477""]; schedule [""1E5C""]","{""B_mm"": 200.0, ""H_mm"": 400.0, ""authority"": ""SOURCE_DERIVED_HIGH_CONFIDENCE"", ""cc_m"": 2.575, ""clear_m"": 1.9, ""drawn_width_mm"": 200.0, ""mark"": ""B1"", ""stair_qualifier"": null, ""width_match"": ""MATCH""}",,,,,,0.152,"[0.152, 0.2128]",CONDITIONAL_NOT_RELEASED,SCHEDULE_SECTION + CLEAR_FACE_TO_FACE,LOWER_BOUND (S2 superstructure beam lengths),beam depth convention (H overall vs below the slab) not printed; S2 holds the length as a lower bound,S6:BM-GF_ROOF-B1-BL004-477,"[""BEAM_DEPTH_CONVENTION"", ""S2_LENGTH_LOWER_BOUND""]"
BM-GF_ROOF-B1-BL008-478,BEAMS,SIMPLE B1,GF,BEAMS,"S9 (concrete, conditional) / S6 -> S6.1 -> D1.1 (bars)","ST7757 GFRS geometry [""BD009""] tags [""478""]; schedule [""1E5C""]","{""B_mm"": 200.0, ""H_mm"": 400.0, ""authority"": ""SOURCE_DERIVED_HIGH_CONFIDENCE"", ""cc_m"": 1.65, ""clear_m"": 1.3, ""drawn_width_mm"": 200.0, ""mark"": ""B1"", ""stair_qualifier"": null, ""width_match"": ""MATCH""}",,,,,,0.104,"[0.104, 0.1456]",CONDITIONAL_NOT_RELEASED,SCHEDULE_SECTION + CLEAR_FACE_TO_FACE,LOWER_BOUND (S2 superstructure beam lengths),beam depth convention (H overall vs below the slab) not printed; S2 holds the length as a lower bound,S6:BM-GF_ROOF-B1-BL008-478,"[""BEAM_DEPTH_CONVENTION"", ""S2_LENGTH_LOWER_BOUND""]"
BM-GF_ROOF-B1-BL012-50E,BEAMS,SIMPLE B1,GF,BEAMS,"S9 (concrete, conditional) / S6 -> S6.1 -> D1.1 (bars)","ST7757 GFRS geometry [""BD012""] tags [""50E""]; schedule [""1E5C""]","{""B_mm"": 200.0, ""H_mm"": 400.0, ""authority"": ""SOURCE_DERIVED_HIGH_CONFIDENCE"", ""cc_m"": 1.475, ""clear_m"": 1.2, ""drawn_width_mm"": 200.0, ""mark"": ""B1"", ""stair_qualifier"": null, ""width_match"": ""MATCH""}",,,,,,0.096,"[0.096, 0.1344]",CONDITIONAL_NOT_RELEASED,SCHEDULE_SECTION + CLEAR_FACE_TO_FACE,LOWER_BOUND (S2 superstructure beam lengths),beam depth convention (H overall vs below the slab) not printed; S2 holds the length as a lower bound,S6:BM-GF_ROOF-B1-BL012-50E,"[""BEAM_DEPTH_CONVENTION"", ""S2_LENGTH_LOWER_BOUND""]"
BM-GF_ROOF-B1-BL016-45D,BEAMS,SIMPLE B1,GF,BEAMS,"S9 (concrete, conditional) / S6 -> S6.1 -> D1.1 (bars)","ST7757 GFRS geometry [""BL016""] tags [""45D""]; schedule [""1E5C""]","{""B_mm"": 200.0, ""H_mm"": 400.0, ""authority"": ""UNRESOLVED"", ""cc_m"": 1.25, ""clear_m"": 0.8, ""drawn_width_mm"": 200.0, ""mark"": ""B1"", ""stair_qualifier"": null, ""width_match"": ""MATCH""}",,,,,,0.064,"[0.064, 0.0896]",CONDITIONAL_NOT_RELEASED,SCHEDULE_SECTION + CLEAR_FACE_TO_FACE,LOWER_BOUND (S2 superstructure beam lengths),beam depth convention (H overall vs below the slab) not printed; S2 holds the length as a lower bound,S6:BM-GF_ROOF-B1-BL016-45D,"[""BEAM_DEPTH_CONVENTION"", ""S2_LENGTH_LOWER_BOUND""]"
BM-GF_ROOF-B1-BL023-466,BEAMS,SIMPLE B1,GF,BEAMS,"S9 (concrete, conditional) / S6 -> S6.1 -> D1.1 (bars)","ST7757 GFRS geometry [""BD025"", ""BD037""] tags [""466""]; schedule [""1E5C""]","{""B_mm"": 200.0, ""H_mm"": 400.0, ""authority"": ""SOURCE_DERIVED_HIGH_CONFIDENCE"", ""cc_m"": 2.797, ""clear_m"": 2.569, ""drawn_width_mm"": 200.0, ""mark"": ""B1"", ""stair_qualifier"": null, ""width_match"": ""MATCH""}",,,,,,0.20552,"[0.20552, 0.287728]",CONDITIONAL_NOT_RELEASED,SCHEDULE_SECTION + CLEAR_FACE_TO_FACE,LOWER_BOUND (S2 superstructure beam lengths),beam depth convention (H overall vs below the slab) not printed; S2 holds the length as a lower bound,S6:BM-GF_ROOF-B1-BL023-466,"[""BEAM_DEPTH_CONVENTION"", ""S2_LENGTH_LOWER_BOUND""]"
BM-GF_ROOF-B1-BL027-4B7,BEAMS,SIMPLE B1,GF,BEAMS,"S9 (concrete, conditional) / S6 -> S6.1 -> D1.1 (bars)","ST7757 GFRS geometry [""BD036""] tags [""4B7""]; schedule [""1E5C""]","{""B_mm"": 200.0, ""H_mm"": 400.0, ""authority"": ""SOURCE_DERIVED_HIGH_CONFIDENCE"", ""cc_m"": 1.45, ""clear_m"": 0.7, ""drawn_width_mm"": 200.0, ""mark"": ""B1"", ""stair_qualifier"": null, ""width_match"": ""MATCH""}",,,,,,0.056,"[0.056, 0.0784]",CONDITIONAL_NOT_RELEASED,SCHEDULE_SECTION + CLEAR_FACE_TO_FACE,LOWER_BOUND (S2 superstructure beam lengths),beam depth convention (H overall vs below the slab) not printed; S2 holds the length as a lower bound,S6:BM-GF_ROOF-B1-BL027-4B7,"[""BEAM_DEPTH_CONVENTION"", ""S2_LENGTH_LOWER_BOUND""]"
BM-GF_ROOF-B1-BL034-447,BEAMS,SIMPLE B1,GF,BEAMS,"S9 (concrete, conditional) / S6 -> S6.1 -> D1.1 (bars)","ST7757 GFRS geometry [""BD051""] tags [""447""]; schedule [""1E5C""]","{""B_mm"": 200.0, ""H_mm"": 400.0, ""authority"": ""SOURCE_DERIVED_HIGH_CONFIDENCE"", ""cc_m"": 1.975, ""clear_m"": 1.75, ""drawn_width_mm"": 200.0, ""mark"": ""B1"", ""stair_qualifier"": null, ""width_match"": ""MATCH""}",,,,,,0.14,"[0.14, 0.196]",CONDITIONAL_NOT_RELEASED,SCHEDULE_SECTION + CLEAR_FACE_TO_FACE,LOWER_BOUND (S2 superstructure beam lengths),beam depth convention (H overall vs below the slab) not printed; S2 holds the length as a lower bound,S6:BM-GF_ROOF-B1-BL034-447,"[""BEAM_DEPTH_CONVENTION"", ""S2_LENGTH_LOWER_BOUND""]"
BM-GF_ROOF-B1-BL037-45E,BEAMS,SIMPLE B1,GF,BEAMS,"S9 (concrete, conditional) / S6 -> S6.1 -> D1.1 (bars)","ST7757 GFRS geometry [""BD047""] tags [""45E""]; schedule [""1E5C""]","{""B_mm"": 200.0, ""H_mm"": 400.0, ""authority"": ""SOURCE_DERIVED_HIGH_CONFIDENCE"", ""cc_m"": 2.0, ""clear_m"": 1.8, ""drawn_width_mm"": 200.0, ""mark"": ""B1"", ""stair_qualifier"": null, ""width_match"": ""MATCH""}",,,,,,0.144,"[0.144, 0.2016]",CONDITIONAL_NOT_RELEASED,SCHEDULE_SECTION + CLEAR_FACE_TO_FACE,LOWER_BOUND (S2 superstructure beam lengths),beam depth convention (H overall vs below the slab) not printed; S2 holds the length as a lower bound,S6:BM-GF_ROOF-B1-BL037-45E,"[""BEAM_DEPTH_CONVENTION"", ""S2_LENGTH_LOWER_BOUND""]"
BM-GF_ROOF-B1-BL040-445,BEAMS,SIMPLE B1,GF,BEAMS,"S9 (concrete, conditional) / S6 -> S6.1 -> D1.1 (bars)","ST7757 GFRS geometry [""BL040""] tags [""445""]; schedule [""1E5C""]","{""B_mm"": 200.0, ""H_mm"": 400.0, ""authority"": ""UNRESOLVED"", ""cc_m"": 1.67, ""clear_m"": 1.47, ""drawn_width_mm"": 200.0, ""mark"": ""B1"", ""stair_qualifier"": null, ""width_match"": ""MATCH""}",,,,,,0.1176,"[0.1176, 0.16464]",CONDITIONAL_NOT_RELEASED,SCHEDULE_SECTION + CLEAR_FACE_TO_FACE,LOWER_BOUND (S2 superstructure beam lengths),beam depth convention (H overall vs below the slab) not printed; S2 holds the length as a lower bound,S6:BM-GF_ROOF-B1-BL040-445,"[""BEAM_DEPTH_CONVENTION"", ""S2_LENGTH_LOWER_BOUND""]"
BM-GF_ROOF-B1-BL047-6A1,BEAMS,SIMPLE B1,GF,BEAMS,"S9 (concrete, conditional) / S6 -> S6.1 -> D1.1 (bars)","ST7757 GFRS geometry [""BD003""] tags [""6A1""]; schedule [""1E5C""]","{""B_mm"": 200.0, ""H_mm"": 400.0, ""authority"": ""SOURCE_DERIVED_HIGH_CONFIDENCE"", ""cc_m"": 1.675, ""clear_m"": 1.147, ""drawn_width_mm"": 200.0, ""mark"": ""B1"", ""stair_qualifier"": null, ""width_match"": ""MATCH""}",,,,,,0.09176,"[0.09176, 0.128464]",CONDITIONAL_NOT_RELEASED,SCHEDULE_SECTION + CLEAR_FACE_TO_FACE,LOWER_BOUND (S2 superstructure beam lengths),beam depth convention (H overall vs below the slab) not printed; S2 holds the length as a lower bound,S6:BM-GF_ROOF-B1-BL047-6A1,"[""BEAM_DEPTH_CONVENTION"", ""S2_LENGTH_LOWER_BOUND""]"
BM-GF_ROOF-B1-BL048-430,BEAMS,SIMPLE B1,GF,BEAMS,"S9 (concrete, conditional) / S6 -> S6.1 -> D1.1 (bars)","ST7757 GFRS geometry [""BD030""] tags [""430""]; schedule [""1E5C""]","{""B_mm"": 200.0, ""H_mm"": 400.0, ""authority"": ""SOURCE_DERIVED_HIGH_CONFIDENCE"", ""cc_m"": 1.575, ""clear_m"": 0.947, ""drawn_width_mm"": 200.0, ""mark"": ""B1"", ""stair_qualifier"": null, ""width_match"": ""MATCH""}",,,,,,0.07576,"[0.07576, 0.106064]",CONDITIONAL_NOT_RELEASED,SCHEDULE_SECTION + CLEAR_FACE_TO_FACE,LOWER_BOUND (S2 superstructure beam lengths),beam depth convention (H overall vs below the slab) not printed; S2 holds the length as a lower bound,S6:BM-GF_ROOF-B1-BL048-430,"[""BEAM_DEPTH_CONVENTION"", ""S2_LENGTH_LOWER_BOUND""]"
BM-GF_ROOF-B11-BL023-444,BEAMS,SIMPLE B11,GF,BEAMS,"S9 (concrete, conditional) / S6 -> S6.1 -> D1.1 (bars)","ST7757 GFRS geometry [""BD025"", ""BD037""] tags [""444""]; schedule [""1EDB""]","{""B_mm"": 200.0, ""H_mm"": 750.0, ""authority"": ""SOURCE_DERIVED_HIGH_CONFIDENCE"", ""cc_m"": 2.853, ""clear_m"": 2.625, ""drawn_width_mm"": 200.0, ""mark"": ""B11"", ""stair_qualifier"": null, ""width_match"": ""MATCH""}",,,,,,0.39375,"[0.39375, 0.47775]",CONDITIONAL_NOT_RELEASED,SCHEDULE_SECTION + CLEAR_FACE_TO_FACE,LOWER_BOUND (S2 superstructure beam lengths),beam depth convention (H overall vs below the slab) not printed; S2 holds the length as a lower bound,S6:BM-GF_ROOF-B11-BL023-444,"[""BEAM_DEPTH_CONVENTION"", ""S2_LENGTH_LOWER_BOUND""]"
BM-GF_ROOF-B13-BL042-467,BEAMS,SIMPLE B13,GF,BEAMS,"S9 (concrete, conditional) / S6 -> S6.1 -> D1.1 (bars)","ST7757 GFRS geometry [""BD033""] tags [""467""]; schedule [""1EF1""]","{""B_mm"": 250.0, ""H_mm"": 750.0, ""authority"": ""SOURCE_DERIVED_HIGH_CONFIDENCE"", ""cc_m"": 4.015, ""clear_m"": 3.398, ""drawn_width_mm"": 250.0, ""mark"": ""B13"", ""stair_qualifier"": null, ""width_match"": ""MATCH""}",,,,,,0.637125,"[0.637125, 0.773045]",CONDITIONAL_NOT_RELEASED,SCHEDULE_SECTION + CLEAR_FACE_TO_FACE,LOWER_BOUND (S2 superstructure beam lengths),beam depth convention (H overall vs below the slab) not printed; S2 holds the length as a lower bound,S6:BM-GF_ROOF-B13-BL042-467,"[""BEAM_DEPTH_CONVENTION"", ""S2_LENGTH_LOWER_BOUND""]"
BM-GF_ROOF-B14-BL036-45F,BEAMS,SIMPLE B14,GF,BEAMS,"S9 (concrete, conditional) / S6 -> S6.1 -> D1.1 (bars)","ST7757 GFRS geometry [""BD032""] tags [""45F""]; schedule [""1EFC""]","{""B_mm"": 200.0, ""H_mm"": 750.0, ""authority"": ""SOURCE_DERIVED_HIGH_CONFIDENCE"", ""cc_m"": 2.025, ""clear_m"": 1.8, ""drawn_width_mm"": 200.0, ""mark"": ""B14"", ""stair_qualifier"": null, ""width_match"": ""MATCH""}",,,,,,0.27,"[0.27, 0.3276]",CONDITIONAL_NOT_RELEASED,SCHEDULE_SECTION + CLEAR_FACE_TO_FACE,LOWER_BOUND (S2 superstructure beam lengths),beam depth convention (H overall vs below the slab) not printed; S2 holds the length as a lower bound,S6:BM-GF_ROOF-B14-BL036-45F,"[""BEAM_DEPTH_CONVENTION"", ""S2_LENGTH_LOWER_BOUND""]"
BM-GF_ROOF-B16-BL030-473,BEAMS,SIMPLE B16,GF,BEAMS,"S9 (concrete, conditional) / S6 -> S6.1 -> D1.1 (bars)","ST7757 GFRS geometry [""BD044""] tags [""473""]; schedule [""1F12""]","{""B_mm"": 300.0, ""H_mm"": 750.0, ""authority"": ""SOURCE_DERIVED_HIGH_CONFIDENCE"", ""cc_m"": 4.1, ""clear_m"": 3.52, ""drawn_width_mm"": 300.0, ""mark"": ""B16"", ""stair_qualifier"": null, ""width_match"": ""MATCH""}",,,,,,0.792,"[0.792, 0.96096]",CONDITIONAL_NOT_RELEASED,SCHEDULE_SECTION + CLEAR_FACE_TO_FACE,LOWER_BOUND (S2 superstructure beam lengths),beam depth convention (H overall vs below the slab) not printed; S2 holds the length as a lower bound,S6:BM-GF_ROOF-B16-BL030-473,"[""BEAM_DEPTH_CONVENTION"", ""S2_LENGTH_LOWER_BOUND""]"
BM-GF_ROOF-B17-BL044-432,BEAMS,SIMPLE B17,GF,BEAMS,"S9 (concrete, conditional) / S6 -> S6.1 -> D1.1 (bars)","ST7757 GFRS geometry [""BD043""] tags [""432""]; schedule [""1F1D""]","{""B_mm"": 450.0, ""H_mm"": 750.0, ""authority"": ""SOURCE_DERIVED_HIGH_CONFIDENCE"", ""cc_m"": 5.775, ""clear_m"": 5.1, ""drawn_width_mm"": 450.0, ""mark"": ""B17"", ""stair_qualifier"": null, ""width_match"": ""MATCH""}",,,,,,1.72125,"[1.72125, 2.08845]",CONDITIONAL_NOT_RELEASED,SCHEDULE_SECTION + CLEAR_FACE_TO_FACE,LOWER_BOUND (S2 superstructure beam lengths),beam depth convention (H overall vs below the slab) not printed; S2 holds the length as a lower bound,S6:BM-GF_ROOF-B17-BL044-432,"[""BEAM_DEPTH_CONVENTION"", ""S2_LENGTH_LOWER_BOUND""]"
BM-GF_ROOF-B2-BL005-485,BEAMS,SIMPLE B2,GF,BEAMS,"S9 (concrete, conditional) / S6 -> S6.1 -> D1.1 (bars)","ST7757 GFRS geometry [""BD026""] tags [""485""]; schedule [""1E78""]","{""B_mm"": 200.0, ""H_mm"": 400.0, ""authority"": ""SOURCE_DERIVED_HIGH_CONFIDENCE"", ""cc_m"": 2.8, ""clear_m"": 2.5, ""drawn_width_mm"": 200.0, ""mark"": ""B2"", ""stair_qualifier"": null, ""width_match"": ""MATCH""}",,,,,,0.2,"[0.2, 0.28]",CONDITIONAL_NOT_RELEASED,SCHEDULE_SECTION + CLEAR_FACE_TO_FACE,LOWER_BOUND (S2 superstructure beam lengths),beam depth convention (H overall vs below the slab) not printed; S2 holds the length as a lower bound,S6:BM-GF_ROOF-B2-BL005-485,"[""BEAM_DEPTH_CONVENTION"", ""S2_LENGTH_LOWER_BOUND""]"
BM-GF_ROOF-B2-BL016-492,BEAMS,SIMPLE B2,GF,BEAMS,"S9 (concrete, conditional) / S6 -> S6.1 -> D1.1 (bars)","ST7757 GFRS geometry [""BD018"", ""BD039""] tags [""492""]; schedule [""1E78""]","{""B_mm"": 200.0, ""H_mm"": 400.0, ""authority"": ""SOURCE_DERIVED_HIGH_CONFIDENCE"", ""cc_m"": 3.2, ""clear_m"": 2.7, ""drawn_width_mm"": 200.0, ""mark"": ""B2"", ""stair_qualifier"": null, ""width_match"": ""MATCH""}",,,,,,0.216,"[0.216, 0.3024]",CONDITIONAL_NOT_RELEASED,SCHEDULE_SECTION + CLEAR_FACE_TO_FACE,LOWER_BOUND (S2 superstructure beam lengths),beam depth convention (H overall vs below the slab) not printed; S2 holds the length as a lower bound,S6:BM-GF_ROOF-B2-BL016-492,"[""BEAM_DEPTH_CONVENTION"", ""S2_LENGTH_LOWER_BOUND""]"
BM-GF_ROOF-B2-BL028-449,BEAMS,SIMPLE B2,GF,BEAMS,"S9 (concrete, conditional) / S6 -> S6.1 -> D1.1 (bars)","ST7757 GFRS geometry [""BD035"", ""BD048""] tags [""449""]; schedule [""1E78""]","{""B_mm"": 200.0, ""H_mm"": 400.0, ""authority"": ""SOURCE_DERIVED_HIGH_CONFIDENCE"", ""cc_m"": 3.2, ""clear_m"": 2.7, ""drawn_width_mm"": 200.0, ""mark"": ""B2"", ""stair_qualifier"": null, ""width_match"": ""MATCH""}",,,,,,0.216,"[0.216, 0.3024]",CONDITIONAL_NOT_RELEASED,SCHEDULE_SECTION + CLEAR_FACE_TO_FACE,LOWER_BOUND (S2 superstructure beam lengths),beam depth convention (H overall vs below the slab) not printed; S2 holds the length as a lower bound,S6:BM-GF_ROOF-B2-BL028-449,"[""BEAM_DEPTH_CONVENTION"", ""S2_LENGTH_LOWER_BOUND""]"
BM-GF_ROOF-B20-BL020-453:b20>v,BEAMS,SIMPLE B20,GF,BEAMS,"S9 (concrete, conditional) / S6 -> S6.1 -> D1.1 (bars)","ST7757 GFRS geometry [""BD038""] tags [""453:b20>v""]; schedule [""1F3E""]","{""B_mm"": 400.0, ""H_mm"": 750.0, ""authority"": ""SOURCE_DERIVED_HIGH_CONFIDENCE"", ""cc_m"": 2.7, ""clear_m"": 2.5, ""drawn_width_mm"": 400.0, ""mark"": ""B20"", ""stair_qualifier"": null, ""width_match"": ""MATCH""}",,,,,,0.75,"[0.75, 0.91]",CONDITIONAL_NOT_RELEASED,SCHEDULE_SECTION + CLEAR_FACE_TO_FACE,LOWER_BOUND (S2 superstructure beam lengths),beam depth convention (H overall vs below the slab) not printed; S2 holds the length as a lower bound,S6:BM-GF_ROOF-B20-BL020-453:b20>v,"[""BEAM_DEPTH_CONVENTION"", ""S2_LENGTH_LOWER_BOUND""]"
BM-GF_ROOF-B21-BL001-468,BEAMS,SIMPLE B21,GF,BEAMS,"S9 (concrete, conditional) / S6 -> S6.1 -> D1.1 (bars)","ST7757 GFRS geometry [""BL001""] tags [""468""]; schedule [""1F49""]","{""B_mm"": 450.0, ""H_mm"": 750.0, ""authority"": ""SOURCE_CONFLICT"", ""cc_m"": 7.768, ""clear_m"": 7.422, ""drawn_width_mm"": 400.0, ""mark"": ""B21"", ""stair_qualifier"": null, ""width_match"": ""SOURCE_CONFLICT""}",,,,,,2.504925,"[2.504925, 3.039309]",SOURCE_CONFLICT,SCHEDULE_SECTION + CLEAR_FACE_TO_FACE (conflict),LOWER_BOUND (S2 superstructure beam lengths),S6 authority / width conflict; beam depth convention (H overall vs below the slab) not printed; S2 holds the length as a lower bound,S6:BM-GF_ROOF-B21-BL001-468,"[""BEAM_DEPTH_CONVENTION"", ""S2_LENGTH_LOWER_BOUND""]"
BM-GF_ROOF-B22-BL013-496,BEAMS,SIMPLE B22,GF,BEAMS,"S9 (concrete, conditional) / S6 -> S6.1 -> D1.1 (bars)","ST7757 GFRS geometry [""BD011""] tags [""496""]; schedule [""1F54""]","{""B_mm"": 500.0, ""H_mm"": 750.0, ""authority"": ""SOURCE_DERIVED_HIGH_CONFIDENCE"", ""cc_m"": 6.6, ""clear_m"": 6.4, ""drawn_width_mm"": 500.0, ""mark"": ""B22"", ""stair_qualifier"": null, ""width_match"": ""MATCH""}",,,,,,2.4,"[2.4, 2.912]",CONDITIONAL_NOT_RELEASED,SCHEDULE_SECTION + CLEAR_FACE_TO_FACE,LOWER_BOUND (S2 superstructure beam lengths),beam depth convention (H overall vs below the slab) not printed; S2 holds the length as a lower bound,S6:BM-GF_ROOF-B22-BL013-496,"[""BEAM_DEPTH_CONVENTION"", ""S2_LENGTH_LOWER_BOUND""]"
BM-GF_ROOF-B24-BL043-1814:B24>v,BEAMS,SIMPLE B24,GF,BEAMS,"S9 (concrete, conditional) / S6 -> S6.1 -> D1.1 (bars)","ST7757 GFRS geometry [""BD055""] tags [""1814:B24>v""]; schedule [""1F6A""]","{""B_mm"": 500.0, ""H_mm"": 750.0, ""authority"": ""SOURCE_DERIVED_HIGH_CONFIDENCE"", ""cc_m"": 4.05, ""clear_m"": 3.55, ""drawn_width_mm"": 500.0, ""mark"": ""B24"", ""stair_qualifier"": null, ""width_match"": ""MATCH""}",,,,,,1.33125,"[1.33125, 1.61525]",CONDITIONAL_NOT_RELEASED,SCHEDULE_SECTION + CLEAR_FACE_TO_FACE,LOWER_BOUND (S2 superstructure beam lengths),beam depth convention (H overall vs below the slab) not printed; S2 holds the length as a lower bound,S6:BM-GF_ROOF-B24-BL043-1814:B24>v,"[""BEAM_DEPTH_CONVENTION"", ""S2_LENGTH_LOWER_BOUND""]"
BM-GF_ROOF-B26-BL014-4CC,BEAMS,SIMPLE B26,GF,BEAMS,"S9 (concrete, conditional) / S6 -> S6.1 -> D1.1 (bars)","ST7757 GFRS geometry [""BL014""] tags [""4CC""]; schedule [""1F80""]","{""B_mm"": 650.0, ""H_mm"": 850.0, ""authority"": ""SOURCE_DERIVED_HIGH_CONFIDENCE"", ""cc_m"": 7.65, ""clear_m"": 7.338, ""drawn_width_mm"": 650.0, ""mark"": ""B26"", ""stair_qualifier"": null, ""width_match"": ""MATCH""}",,,,,,4.054245,"[4.054245, 4.817397]",CONDITIONAL_NOT_RELEASED,SCHEDULE_SECTION + CLEAR_FACE_TO_FACE,LOWER_BOUND (S2 superstructure beam lengths),beam depth convention (H overall vs below the slab) not printed; S2 holds the length as a lower bound,S6:BM-GF_ROOF-B26-BL014-4CC,"[""BEAM_DEPTH_CONVENTION"", ""S2_LENGTH_LOWER_BOUND""]"
BM-GF_ROOF-B27-BL002-532,BEAMS,SIMPLE B27,GF,BEAMS,"S9 (concrete, conditional) / S6 -> S6.1 -> D1.1 (bars)","ST7757 GFRS geometry [""BD019""] tags [""532""]; schedule [""1F8B""]","{""B_mm"": 900.0, ""H_mm"": 850.0, ""authority"": ""SOURCE_DERIVED_HIGH_CONFIDENCE"", ""cc_m"": 3.995, ""clear_m"": 3.444, ""drawn_width_mm"": 900.0, ""mark"": ""B27"", ""stair_qualifier"": null, ""width_match"": ""MATCH""}",,,,,,2.63466,"[2.63466, 3.130596]",CONDITIONAL_NOT_RELEASED,SCHEDULE_SECTION + CLEAR_FACE_TO_FACE,LOWER_BOUND (S2 superstructure beam lengths),beam depth convention (H overall vs below the slab) not printed; S2 holds the length as a lower bound,S6:BM-GF_ROOF-B27-BL002-532,"[""BEAM_DEPTH_CONVENTION"", ""S2_LENGTH_LOWER_BOUND""]"
BM-GF_ROOF-B28-BL026-46C,BEAMS,SIMPLE B28,GF,BEAMS,"S9 (concrete, conditional) / S6 -> S6.1 -> D1.1 (bars)","ST7757 GFRS geometry [""BD031""] tags [""46C""]; schedule [""1F96""]","{""B_mm"": 250.0, ""H_mm"": 750.0, ""authority"": ""SOURCE_DERIVED_HIGH_CONFIDENCE"", ""cc_m"": 1.48, ""clear_m"": 1.13, ""drawn_width_mm"": 250.0, ""mark"": ""B28"", ""stair_qualifier"": null, ""width_match"": ""MATCH""}",,,,,,0.211875,"[0.211875, 0.257075]",CONDITIONAL_NOT_RELEASED,SCHEDULE_SECTION + CLEAR_FACE_TO_FACE,LOWER_BOUND (S2 superstructure beam lengths),beam depth convention (H overall vs below the slab) not printed; S2 holds the length as a lower bound,S6:BM-GF_ROOF-B28-BL026-46C,"[""BEAM_DEPTH_CONVENTION"", ""S2_LENGTH_LOWER_BOUND""]"
BM-GF_ROOF-B29-BL039-465,BEAMS,SIMPLE B29,GF,BEAMS,"S9 (concrete, conditional) / S6 -> S6.1 -> D1.1 (bars)","ST7757 GFRS geometry [""BL039""] tags [""465""]; schedule [""2A47""]","{""B_mm"": 250.0, ""H_mm"": 750.0, ""authority"": ""SOURCE_CONFLICT"", ""cc_m"": 7.21, ""clear_m"": 6.757, ""drawn_width_mm"": 200.0, ""mark"": ""B29"", ""stair_qualifier"": null, ""width_match"": ""SOURCE_CONFLICT""}",,,,,,1.2669375,"[1.2669375, 1.5372175]",SOURCE_CONFLICT,SCHEDULE_SECTION + CLEAR_FACE_TO_FACE (conflict),LOWER_BOUND (S2 superstructure beam lengths),S6 authority / width conflict; beam depth convention (H overall vs below the slab) not printed; S2 holds the length as a lower bound,S6:BM-GF_ROOF-B29-BL039-465,"[""BEAM_DEPTH_CONVENTION"", ""S2_LENGTH_LOWER_BOUND""]"
BM-GF_ROOF-B3-BL027-448,BEAMS,SIMPLE B3,GF,BEAMS,"S9 (concrete, conditional) / S6 -> S6.1 -> D1.1 (bars)","ST7757 GFRS geometry [""BD036""] tags [""448""]; schedule [""1E83""]","{""B_mm"": 200.0, ""H_mm"": 400.0, ""authority"": ""SOURCE_DERIVED_HIGH_CONFIDENCE"", ""cc_m"": 3.325, ""clear_m"": 2.95, ""drawn_width_mm"": 200.0, ""mark"": ""B3"", ""stair_qualifier"": null, ""width_match"": ""MATCH""}",,,,,,0.236,"[0.236, 0.3304]",CONDITIONAL_NOT_RELEASED,SCHEDULE_SECTION + CLEAR_FACE_TO_FACE,LOWER_BOUND (S2 superstructure beam lengths),beam depth convention (H overall vs below the slab) not printed; S2 holds the length as a lower bound,S6:BM-GF_ROOF-B3-BL027-448,"[""BEAM_DEPTH_CONVENTION"", ""S2_LENGTH_LOWER_BOUND""]"
BM-GF_ROOF-B3-BL032-462,BEAMS,SIMPLE B3,GF,BEAMS,"S9 (concrete, conditional) / S6 -> S6.1 -> D1.1 (bars)","ST7757 GFRS geometry [""BD027""] tags [""462""]; schedule [""1E83""]","{""B_mm"": 200.0, ""H_mm"": 400.0, ""authority"": ""SOURCE_DERIVED_HIGH_CONFIDENCE"", ""cc_m"": 3.65, ""clear_m"": 3.3, ""drawn_width_mm"": 200.0, ""mark"": ""B3"", ""stair_qualifier"": null, ""width_match"": ""MATCH""}",,,,,,0.264,"[0.264, 0.3696]",CONDITIONAL_NOT_RELEASED,SCHEDULE_SECTION + CLEAR_FACE_TO_FACE,LOWER_BOUND (S2 superstructure beam lengths),beam depth convention (H overall vs below the slab) not printed; S2 holds the length as a lower bound,S6:BM-GF_ROOF-B3-BL032-462,"[""BEAM_DEPTH_CONVENTION"", ""S2_LENGTH_LOWER_BOUND""]"
BM-GF_ROOF-B3-BL033-6B7,BEAMS,SIMPLE B3,GF,BEAMS,"S9 (concrete, conditional) / S6 -> S6.1 -> D1.1 (bars)","ST7757 GFRS geometry [""BL033""] tags [""6B7""]; schedule [""1E83""]","{""B_mm"": 200.0, ""H_mm"": 400.0, ""authority"": ""SOURCE_DERIVED_HIGH_CONFIDENCE"", ""cc_m"": 2.7, ""clear_m"": 2.5, ""drawn_width_mm"": 200.0, ""mark"": ""B3"", ""stair_qualifier"": null, ""width_match"": ""MATCH""}",,,,,,0.2,"[0.2, 0.28]",CONDITIONAL_NOT_RELEASED,SCHEDULE_SECTION + CLEAR_FACE_TO_FACE,LOWER_BOUND (S2 superstructure beam lengths),beam depth convention (H overall vs below the slab) not printed; S2 holds the length as a lower bound,S6:BM-GF_ROOF-B3-BL033-6B7,"[""BEAM_DEPTH_CONVENTION"", ""S2_LENGTH_LOWER_BOUND""]"
BM-GF_ROOF-B4-BL009-49B:b4>v,BEAMS,SIMPLE B4,GF,BEAMS,"S9 (concrete, conditional) / S6 -> S6.1 -> D1.1 (bars)","ST7757 GFRS geometry [""BD008""] tags [""49B:b4>v""]; schedule [""1E8E""]","{""B_mm"": 200.0, ""H_mm"": 500.0, ""authority"": ""SOURCE_DERIVED_HIGH_CONFIDENCE"", ""cc_m"": 4.7, ""clear_m"": 4.5, ""drawn_width_mm"": 200.0, ""mark"": ""B4"", ""stair_qualifier"": null, ""width_match"": ""MATCH""}",,,,,,0.45,"[0.45, 0.594]",CONDITIONAL_NOT_RELEASED,SCHEDULE_SECTION + CLEAR_FACE_TO_FACE,LOWER_BOUND (S2 superstructure beam lengths),beam depth convention (H overall vs below the slab) not printed; S2 holds the length as a lower bound,S6:BM-GF_ROOF-B4-BL009-49B:b4>v,"[""BEAM_DEPTH_CONVENTION"", ""S2_LENGTH_LOWER_BOUND""]"
BM-GF_ROOF-B4-BL010-508,BEAMS,SIMPLE B4,GF,BEAMS,"S9 (concrete, conditional) / S6 -> S6.1 -> D1.1 (bars)","ST7757 GFRS geometry [""BD007""] tags [""508""]; schedule [""1E8E""]","{""B_mm"": 200.0, ""H_mm"": 500.0, ""authority"": ""SOURCE_DERIVED_HIGH_CONFIDENCE"", ""cc_m"": 4.675, ""clear_m"": 4.45, ""drawn_width_mm"": 200.0, ""mark"": ""B4"", ""stair_qualifier"": null, ""width_match"": ""MATCH""}",,,,,,0.445,"[0.445, 0.5874]",CONDITIONAL_NOT_RELEASED,SCHEDULE_SECTION + CLEAR_FACE_TO_FACE,LOWER_BOUND (S2 superstructure beam lengths),beam depth convention (H overall vs below the slab) not printed; S2 holds the length as a lower bound,S6:BM-GF_ROOF-B4-BL010-508,"[""BEAM_DEPTH_CONVENTION"", ""S2_LENGTH_LOWER_BOUND""]"
BM-GF_ROOF-B4-BL022-497,BEAMS,SIMPLE B4,GF,BEAMS,"S9 (concrete, conditional) / S6 -> S6.1 -> D1.1 (bars)","ST7757 GFRS geometry [""BD013"", ""BD014"", ""BD015""] tags [""497""]; schedule [""1E8E""]","{""B_mm"": 200.0, ""H_mm"": 500.0, ""authority"": ""SOURCE_DERIVED_HIGH_CONFIDENCE"", ""cc_m"": 3.774, ""clear_m"": 2.965, ""drawn_width_mm"": 200.0, ""mark"": ""B4"", ""stair_qualifier"": null, ""width_match"": ""MATCH""}",,,,,,0.2965,"[0.2965, 0.39138]",CONDITIONAL_NOT_RELEASED,SCHEDULE_SECTION + CLEAR_FACE_TO_FACE,LOWER_BOUND (S2 superstructure beam lengths),beam depth convention (H overall vs below the slab) not printed; S2 holds the length as a lower bound,S6:BM-GF_ROOF-B4-BL022-497,"[""BEAM_DEPTH_CONVENTION"", ""S2_LENGTH_LOWER_BOUND""]"
BM-GF_ROOF-B4-BL025-46B,BEAMS,SIMPLE B4,GF,BEAMS,"S9 (concrete, conditional) / S6 -> S6.1 -> D1.1 (bars)","ST7757 GFRS geometry [""BD029""] tags [""46B""]; schedule [""1E8E""]","{""B_mm"": 200.0, ""H_mm"": 500.0, ""authority"": ""SOURCE_DERIVED_HIGH_CONFIDENCE"", ""cc_m"": 2.305, ""clear_m"": 1.98, ""drawn_width_mm"": 200.0, ""mark"": ""B4"", ""stair_qualifier"": null, ""width_match"": ""MATCH""}",,,,,,0.198,"[0.198, 0.26136]",CONDITIONAL_NOT_RELEASED,SCHEDULE_SECTION + CLEAR_FACE_TO_FACE,LOWER_BOUND (S2 superstructure beam lengths),beam depth convention (H overall vs below the slab) not printed; S2 holds the length as a lower bound,S6:BM-GF_ROOF-B4-BL025-46B,"[""BEAM_DEPTH_CONVENTION"", ""S2_LENGTH_LOWER_BOUND""]"
BM-GF_ROOF-B4-BL040-446,BEAMS,SIMPLE B4,GF,BEAMS,"S9 (concrete, conditional) / S6 -> S6.1 -> D1.1 (bars)","ST7757 GFRS geometry [""BD049"", ""BD050""] tags [""446""]; schedule [""1E8E""]","{""B_mm"": 200.0, ""H_mm"": 500.0, ""authority"": ""SOURCE_DERIVED_HIGH_CONFIDENCE"", ""cc_m"": 4.0, ""clear_m"": 3.75, ""drawn_width_mm"": 200.0, ""mark"": ""B4"", ""stair_qualifier"": null, ""width_match"": ""MATCH""}",,,,,,0.375,"[0.375, 0.495]",CONDITIONAL_NOT_RELEASED,SCHEDULE_SECTION + CLEAR_FACE_TO_FACE,LOWER_BOUND (S2 superstructure beam lengths),beam depth convention (H overall vs below the slab) not printed; S2 holds the length as a lower bound,S6:BM-GF_ROOF-B4-BL040-446,"[""BEAM_DEPTH_CONVENTION"", ""S2_LENGTH_LOWER_BOUND""]"
BM-GF_ROOF-B4-BL045-4DB,BEAMS,SIMPLE B4,GF,BEAMS,"S9 (concrete, conditional) / S6 -> S6.1 -> D1.1 (bars)","ST7757 GFRS geometry [""BD028""] tags [""4DB""]; schedule [""1E8E""]","{""B_mm"": 200.0, ""H_mm"": 500.0, ""authority"": ""SOURCE_DERIVED_HIGH_CONFIDENCE"", ""cc_m"": 3.957, ""clear_m"": 3.429, ""drawn_width_mm"": 200.0, ""mark"": ""B4"", ""stair_qualifier"": null, ""width_match"": ""MATCH""}",,,,,,0.3429,"[0.3429, 0.452628]",CONDITIONAL_NOT_RELEASED,SCHEDULE_SECTION + CLEAR_FACE_TO_FACE,LOWER_BOUND (S2 superstructure beam lengths),beam depth convention (H overall vs below the slab) not printed; S2 holds the length as a lower bound,S6:BM-GF_ROOF-B4-BL045-4DB,"[""BEAM_DEPTH_CONVENTION"", ""S2_LENGTH_LOWER_BOUND""]"
BM-GF_ROOF-B5-BL022-498,BEAMS,SIMPLE B5,GF,BEAMS,"S9 (concrete, conditional) / S6 -> S6.1 -> D1.1 (bars)","ST7757 GFRS geometry [""BD013"", ""BD014"", ""BD015""] tags [""498""]; schedule [""1E99""]","{""B_mm"": 200.0, ""H_mm"": 500.0, ""authority"": ""SOURCE_DERIVED_HIGH_CONFIDENCE"", ""cc_m"": 4.301, ""clear_m"": 3.617, ""drawn_width_mm"": 200.0, ""mark"": ""B5"", ""stair_qualifier"": null, ""width_match"": ""MATCH""}",,,,,,0.3617,"[0.3617, 0.477444]",CONDITIONAL_NOT_RELEASED,SCHEDULE_SECTION + CLEAR_FACE_TO_FACE,LOWER_BOUND (S2 superstructure beam lengths),beam depth convention (H overall vs below the slab) not printed; S2 holds the length as a lower bound,S6:BM-GF_ROOF-B5-BL022-498,"[""BEAM_DEPTH_CONVENTION"", ""S2_LENGTH_LOWER_BOUND""]"
BM-GF_ROOF-B7-BA001-47D:b7>v,BEAMS,CURVED B7,GF,BEAMS,"S9 (concrete, conditional) / S6 -> S6.1 -> D1.1 (bars)","ST7757 GFRS geometry [""BA001""] tags [""47D:b7>v""]; schedule [""1EAF""]","{""B_mm"": 200.0, ""H_mm"": 750.0, ""authority"": ""SOURCE_DERIVED_HIGH_CONFIDENCE"", ""cc_m"": 1.885, ""clear_m"": null, ""drawn_width_mm"": 200.0, ""mark"": ""B7"", ""stair_qualifier"": null, ""width_match"": ""MATCH""}",,,,,,,"[null, 0.28275]",CONDITIONAL_NOT_RELEASED,ARC_BAND_CENTRE_LENGTH,LOWER_BOUND (S2 superstructure beam lengths),curved band: only the centre-to-centre arc length is held (clear length not established) -> an upper bound,S6:BM-GF_ROOF-B7-BA001-47D:b7>v,"[""UPPER_BOUND_ONLY""]"
BM-GF_ROOF-B7-BA002-46E,BEAMS,CURVED B7,GF,BEAMS,"S9 (concrete, conditional) / S6 -> S6.1 -> D1.1 (bars)","ST7757 GFRS geometry [""BA002""] tags [""46E""]; schedule [""1EAF""]","{""B_mm"": 200.0, ""H_mm"": 750.0, ""authority"": ""SOURCE_DERIVED_HIGH_CONFIDENCE"", ""cc_m"": 0.438, ""clear_m"": null, ""drawn_width_mm"": 200.0, ""mark"": ""B7"", ""stair_qualifier"": null, ""width_match"": ""MATCH""}",,,,,,,"[null, 0.0657]",CONDITIONAL_NOT_RELEASED,ARC_BAND_CENTRE_LENGTH,LOWER_BOUND (S2 superstructure beam lengths),curved band: only the centre-to-centre arc length is held (clear length not established) -> an upper bound,S6:BM-GF_ROOF-B7-BA002-46E,"[""UPPER_BOUND_ONLY""]"
BM-GF_ROOF-B7-BA003-470,BEAMS,CURVED B7,GF,BEAMS,"S9 (concrete, conditional) / S6 -> S6.1 -> D1.1 (bars)","ST7757 GFRS geometry [""BA003""] tags [""470""]; schedule [""1EAF""]","{""B_mm"": 200.0, ""H_mm"": 750.0, ""authority"": ""SOURCE_DERIVED_HIGH_CONFIDENCE"", ""cc_m"": 0.348, ""clear_m"": null, ""drawn_width_mm"": 200.0, ""mark"": ""B7"", ""stair_qualifier"": null, ""width_match"": ""MATCH""}",,,,,,,"[null, 0.0522]",CONDITIONAL_NOT_RELEASED,ARC_BAND_CENTRE_LENGTH,LOWER_BOUND (S2 superstructure beam lengths),curved band: only the centre-to-centre arc length is held (clear length not established) -> an upper bound,S6:BM-GF_ROOF-B7-BA003-470,"[""UPPER_BOUND_ONLY""]"
BM-GF_ROOF-B7-BA004-46F,BEAMS,CURVED B7,GF,BEAMS,"S9 (concrete, conditional) / S6 -> S6.1 -> D1.1 (bars)","ST7757 GFRS geometry [""BA004""] tags [""46F""]; schedule [""1EAF""]","{""B_mm"": 200.0, ""H_mm"": 750.0, ""authority"": ""SOURCE_DERIVED_HIGH_CONFIDENCE"", ""cc_m"": 0.616, ""clear_m"": null, ""drawn_width_mm"": 200.0, ""mark"": ""B7"", ""stair_qualifier"": null, ""width_match"": ""MATCH""}",,,,,,,"[null, 0.0924]",CONDITIONAL_NOT_RELEASED,ARC_BAND_CENTRE_LENGTH,LOWER_BOUND (S2 superstructure beam lengths),curved band: only the centre-to-centre arc length is held (clear length not established) -> an upper bound,S6:BM-GF_ROOF-B7-BA004-46F,"[""UPPER_BOUND_ONLY""]"
BM-GF_ROOF-B7-BA005-471,BEAMS,CURVED B7,GF,BEAMS,"S9 (concrete, conditional) / S6 -> S6.1 -> D1.1 (bars)","ST7757 GFRS geometry [""BA005""] tags [""471""]; schedule [""1EAF""]","{""B_mm"": 200.0, ""H_mm"": 750.0, ""authority"": ""SOURCE_DERIVED_HIGH_CONFIDENCE"", ""cc_m"": 0.476, ""clear_m"": null, ""drawn_width_mm"": 200.0, ""mark"": ""B7"", ""stair_qualifier"": null, ""width_match"": ""MATCH""}",,,,,,,"[null, 0.0714]",CONDITIONAL_NOT_RELEASED,ARC_BAND_CENTRE_LENGTH,LOWER_BOUND (S2 superstructure beam lengths),curved band: only the centre-to-centre arc length is held (clear length not established) -> an upper bound,S6:BM-GF_ROOF-B7-BA005-471,"[""UPPER_BOUND_ONLY""]"
BM-GF_ROOF-B7-BL028-4B6,BEAMS,SIMPLE B7,GF,BEAMS,"S9 (concrete, conditional) / S6 -> S6.1 -> D1.1 (bars)","ST7757 GFRS geometry [""BD035"", ""BD048""] tags [""4B6""]; schedule [""1EAF""]","{""B_mm"": 200.0, ""H_mm"": 750.0, ""authority"": ""SOURCE_DERIVED_HIGH_CONFIDENCE"", ""cc_m"": 1.7, ""clear_m"": 1.2, ""drawn_width_mm"": 200.0, ""mark"": ""B7"", ""stair_qualifier"": null, ""width_match"": ""MATCH""}",,,,,,0.18,"[0.18, 0.2184]",CONDITIONAL_NOT_RELEASED,SCHEDULE_SECTION + CLEAR_FACE_TO_FACE,LOWER_BOUND (S2 superstructure beam lengths),beam depth convention (H overall vs below the slab) not printed; S2 holds the length as a lower bound,S6:BM-GF_ROOF-B7-BL028-4B6,"[""BEAM_DEPTH_CONVENTION"", ""S2_LENGTH_LOWER_BOUND""]"
BM-GF_ROOF-B7-BL046-4D2,BEAMS,SIMPLE B7,GF,BEAMS,"S9 (concrete, conditional) / S6 -> S6.1 -> D1.1 (bars)","ST7757 GFRS geometry [""BD052""] tags [""4D2""]; schedule [""1EAF""]","{""B_mm"": 200.0, ""H_mm"": 750.0, ""authority"": ""SOURCE_DERIVED_HIGH_CONFIDENCE"", ""cc_m"": 1.975, ""clear_m"": 1.7, ""drawn_width_mm"": 200.0, ""mark"": ""B7"", ""stair_qualifier"": null, ""width_match"": ""MATCH""}",,,,,,0.255,"[0.255, 0.3094]",CONDITIONAL_NOT_RELEASED,SCHEDULE_SECTION + CLEAR_FACE_TO_FACE,LOWER_BOUND (S2 superstructure beam lengths),beam depth convention (H overall vs below the slab) not printed; S2 holds the length as a lower bound,S6:BM-GF_ROOF-B7-BL046-4D2,"[""BEAM_DEPTH_CONVENTION"", ""S2_LENGTH_LOWER_BOUND""]"
BM-GF_ROOF-B8-BL031-472,BEAMS,SIMPLE B8,GF,BEAMS,"S9 (concrete, conditional) / S6 -> S6.1 -> D1.1 (bars)","ST7757 GFRS geometry [""BD045""] tags [""472""]; schedule [""1EBA""]","{""B_mm"": 200.0, ""H_mm"": 750.0, ""authority"": ""SOURCE_DERIVED_HIGH_CONFIDENCE"", ""cc_m"": 3.995, ""clear_m"": 3.52, ""drawn_width_mm"": 200.0, ""mark"": ""B8"", ""stair_qualifier"": null, ""width_match"": ""MATCH""}",,,,,,0.528,"[0.528, 0.64064]",CONDITIONAL_NOT_RELEASED,SCHEDULE_SECTION + CLEAR_FACE_TO_FACE,LOWER_BOUND (S2 superstructure beam lengths),beam depth convention (H overall vs below the slab) not printed; S2 holds the length as a lower bound,S6:BM-GF_ROOF-B8-BL031-472,"[""BEAM_DEPTH_CONVENTION"", ""S2_LENGTH_LOWER_BOUND""]"
BM-GF_ROOF-B9-BL011-5BD,BEAMS,SIMPLE B9,GF,BEAMS,"S9 (concrete, conditional) / S6 -> S6.1 -> D1.1 (bars)","ST7757 GFRS geometry [""BD006""] tags [""5BD""]; schedule [""1EC5""]","{""B_mm"": 200.0, ""H_mm"": 750.0, ""authority"": ""SOURCE_DERIVED_HIGH_CONFIDENCE"", ""cc_m"": 6.4, ""clear_m"": 6.1, ""drawn_width_mm"": 200.0, ""mark"": ""B9"", ""stair_qualifier"": null, ""width_match"": ""MATCH""}",,,,,,0.915,"[0.915, 1.1102]",CONDITIONAL_NOT_RELEASED,SCHEDULE_SECTION + CLEAR_FACE_TO_FACE,LOWER_BOUND (S2 superstructure beam lengths),beam depth convention (H overall vs below the slab) not printed; S2 holds the length as a lower bound,S6:BM-GF_ROOF-B9-BL011-5BD,"[""BEAM_DEPTH_CONVENTION"", ""S2_LENGTH_LOWER_BOUND""]"
BM-GF_ROOF-CA-BL015-69E,BEAMS,SIMPLE CA,GF,BEAMS,"S9 (concrete, conditional) / S6 -> S6.1 -> D1.1 (bars)","ST7757 GFRS geometry [""BL015""] tags [""69E""]; schedule [""2A53""]","{""B_mm"": 300.0, ""H_mm"": 500.0, ""authority"": ""SOURCE_DERIVED_HIGH_CONFIDENCE"", ""cc_m"": 1.275, ""clear_m"": 1.15, ""drawn_width_mm"": 300.0, ""mark"": ""CA"", ""stair_qualifier"": null, ""width_match"": ""MATCH""}",,,,,,0.1725,"[0.1725, 0.2277]",CONDITIONAL_NOT_RELEASED,SCHEDULE_SECTION + CLEAR_FACE_TO_FACE,LOWER_BOUND (S2 superstructure beam lengths),beam depth convention (H overall vs below the slab) not printed; S2 holds the length as a lower bound,S6:BM-GF_ROOF-CA-BL015-69E,"[""BEAM_DEPTH_CONVENTION"", ""S2_LENGTH_LOWER_BOUND""]"
CBO-FFRS-CB10-BL001#SPAN1,BEAMS,CONTINUOUS CB10,1F,BEAMS,"S9 (concrete, conditional) / S6 -> S6.1 -> D1.1 (bars)","ST7757 FFRS geometry [""BD002""] tags [""717"", ""718""]; schedule [""23F0""]","{""B_mm"": 250.0, ""H_mm"": 500.0, ""binding"": ""BOUND_SOURCE_CONFLICT"", ""cc_m"": 2.85, ""clear_m"": 2.3, ""drawn_width_mm"": 200.0, ""mark"": ""CB10"", ""schedule_span_m"": 3.0}",,,,,,0.2875,"[0.2875, 0.3795]",SOURCE_CONFLICT,SCHEDULE_SECTION + CLEAR_SPAN (drawn width differs),LOWER_BOUND (S2 superstructure beam lengths),drawn width differs from the schedule; beam depth convention: schedule H read as the overall depth (S6 / D1.1 links); alternative H below the slab adds B x t; S2 holds the length as a lower bound,S6:CBO-FFRS-CB10-BL001,"[""BEAM_DEPTH_CONVENTION"", ""S2_LENGTH_LOWER_BOUND""]"
CBO-FFRS-CB10-BL001#SPAN2,BEAMS,CONTINUOUS CB10,1F,BEAMS,"S9 (concrete, conditional) / S6 -> S6.1 -> D1.1 (bars)","ST7757 FFRS geometry [""BD002""] tags [""717"", ""718""]; schedule [""23F0""]","{""B_mm"": 250.0, ""H_mm"": 500.0, ""binding"": ""BOUND_SOURCE_CONFLICT"", ""cc_m"": 4.175, ""clear_m"": 3.65, ""drawn_width_mm"": 200.0, ""mark"": ""CB10"", ""schedule_span_m"": 4.1}",,,,,,0.45625,"[0.45625, 0.60225]",SOURCE_CONFLICT,SCHEDULE_SECTION + CLEAR_SPAN (drawn width differs),LOWER_BOUND (S2 superstructure beam lengths),drawn width differs from the schedule; beam depth convention: schedule H read as the overall depth (S6 / D1.1 links); alternative H below the slab adds B x t; S2 holds the length as a lower bound,S6:CBO-FFRS-CB10-BL001,"[""BEAM_DEPTH_CONVENTION"", ""S2_LENGTH_LOWER_BOUND""]"
CBO-FFRS-CB11-BL024#SPAN1,BEAMS,CONTINUOUS CB11,1F,BEAMS,"S9 (concrete, conditional) / S6 -> S6.1 -> D1.1 (bars)","ST7757 FFRS geometry [""BD004""] tags [""6DA"", ""6DB"", ""6DC""]; schedule [""26C1""]","{""B_mm"": 300.0, ""H_mm"": 750.0, ""binding"": ""BOUND_VERIFIED"", ""cc_m"": 7.458, ""clear_m"": 6.708, ""drawn_width_mm"": 300.0, ""mark"": ""CB11"", ""schedule_span_m"": 7.1}",,,,,,1.5093,"[1.5093, 1.831284]",CONDITIONAL_NOT_RELEASED,SCHEDULE_SECTION + CLEAR_SPAN,LOWER_BOUND (S2 superstructure beam lengths),beam depth convention: schedule H read as the overall depth (S6 / D1.1 links); alternative H below the slab adds B x t; S2 holds the length as a lower bound,S6:CBO-FFRS-CB11-BL024,"[""BEAM_DEPTH_CONVENTION"", ""S2_LENGTH_LOWER_BOUND""]"
CBO-FFRS-CB11-BL024#SPAN2,BEAMS,CONTINUOUS CB11,1F,BEAMS,"S9 (concrete, conditional) / S6 -> S6.1 -> D1.1 (bars)","ST7757 FFRS geometry [""BD004""] tags [""6DA"", ""6DB"", ""6DC""]; schedule [""26C1""]","{""B_mm"": 300.0, ""H_mm"": 750.0, ""binding"": ""BOUND_VERIFIED"", ""cc_m"": 3.35, ""clear_m"": 2.65, ""drawn_width_mm"": 300.0, ""mark"": ""CB11"", ""schedule_span_m"": 3.2}",,,,,,0.59625,"[0.59625, 0.72345]",CONDITIONAL_NOT_RELEASED,SCHEDULE_SECTION + CLEAR_SPAN,LOWER_BOUND (S2 superstructure beam lengths),beam depth convention: schedule H read as the overall depth (S6 / D1.1 links); alternative H below the slab adds B x t; S2 holds the length as a lower bound,S6:CBO-FFRS-CB11-BL024,"[""BEAM_DEPTH_CONVENTION"", ""S2_LENGTH_LOWER_BOUND""]"
CBO-FFRS-CB11-BL024#SPAN3,BEAMS,CONTINUOUS CB11,1F,BEAMS,"S9 (concrete, conditional) / S6 -> S6.1 -> D1.1 (bars)","ST7757 FFRS geometry [""BD004""] tags [""6DA"", ""6DB"", ""6DC""]; schedule [""26C1""]","{""B_mm"": 300.0, ""H_mm"": 750.0, ""binding"": ""BOUND_VERIFIED"", ""cc_m"": 3.85, ""clear_m"": 3.3, ""drawn_width_mm"": 300.0, ""mark"": ""CB11"", ""schedule_span_m"": 3.7}",,,,,,0.7425,"[0.7425, 0.9009]",CONDITIONAL_NOT_RELEASED,SCHEDULE_SECTION + CLEAR_SPAN,LOWER_BOUND (S2 superstructure beam lengths),beam depth convention: schedule H read as the overall depth (S6 / D1.1 links); alternative H below the slab adds B x t; S2 holds the length as a lower bound,S6:CBO-FFRS-CB11-BL024,"[""BEAM_DEPTH_CONVENTION"", ""S2_LENGTH_LOWER_BOUND""]"
CBO-FFRS-CB12-BL003#SPAN1,BEAMS,CONTINUOUS CB12,1F,BEAMS,"S9 (concrete, conditional) / S6 -> S6.1 -> D1.1 (bars)","ST7757 FFRS geometry [""BD007""] tags [""6DD"", ""6DE""]; schedule [""2469""]","{""B_mm"": 250.0, ""H_mm"": 750.0, ""binding"": ""BOUND_VERIFIED"", ""cc_m"": 6.175, ""clear_m"": 5.525, ""drawn_width_mm"": 250.0, ""mark"": ""CB12"", ""schedule_span_m"": 6.1}",,,,,,1.0359375,"[1.0359375, 1.2569375]",CONDITIONAL_NOT_RELEASED,SCHEDULE_SECTION + CLEAR_SPAN,LOWER_BOUND (S2 superstructure beam lengths),beam depth convention: schedule H read as the overall depth (S6 / D1.1 links); alternative H below the slab adds B x t; S2 holds the length as a lower bound,S6:CBO-FFRS-CB12-BL003,"[""BEAM_DEPTH_CONVENTION"", ""S2_LENGTH_LOWER_BOUND""]"
CBO-FFRS-CB12-BL003#SPAN2,BEAMS,CONTINUOUS CB12,1F,BEAMS,"S9 (concrete, conditional) / S6 -> S6.1 -> D1.1 (bars)","ST7757 FFRS geometry [""BD007""] tags [""6DD"", ""6DE""]; schedule [""2469""]","{""B_mm"": 250.0, ""H_mm"": 750.0, ""binding"": ""BOUND_VERIFIED"", ""cc_m"": 5.6, ""clear_m"": 5.025, ""drawn_width_mm"": 250.0, ""mark"": ""CB12"", ""schedule_span_m"": 5.5}",,,,,,0.9421875,"[0.9421875, 1.1431875]",CONDITIONAL_NOT_RELEASED,SCHEDULE_SECTION + CLEAR_SPAN,LOWER_BOUND (S2 superstructure beam lengths),beam depth convention: schedule H read as the overall depth (S6 / D1.1 links); alternative H below the slab adds B x t; S2 holds the length as a lower bound,S6:CBO-FFRS-CB12-BL003,"[""BEAM_DEPTH_CONVENTION"", ""S2_LENGTH_LOWER_BOUND""]"
CBO-FFRS-CB13-BL004#SPAN1,BEAMS,CONTINUOUS CB13,1F,BEAMS,"S9 (concrete, conditional) / S6 -> S6.1 -> D1.1 (bars)","ST7757 FFRS geometry [""BD006""] tags [""76A"", ""76B""]; schedule [""24DF""]","{""B_mm"": 300.0, ""H_mm"": 500.0, ""binding"": ""BOUND_VERIFIED"", ""cc_m"": 3.45, ""clear_m"": 2.9, ""drawn_width_mm"": 300.0, ""mark"": ""CB13"", ""schedule_span_m"": 3.7}",,,,,,0.435,"[0.435, 0.5742]",CONDITIONAL_NOT_RELEASED,SCHEDULE_SECTION + CLEAR_SPAN,LOWER_BOUND (S2 superstructure beam lengths),beam depth convention: schedule H read as the overall depth (S6 / D1.1 links); alternative H below the slab adds B x t; S2 holds the length as a lower bound,S6:CBO-FFRS-CB13-BL004,"[""BEAM_DEPTH_CONVENTION"", ""S2_LENGTH_LOWER_BOUND""]"
CBO-FFRS-CB13-BL004#SPAN2,BEAMS,CONTINUOUS CB13,1F,BEAMS,"S9 (concrete, conditional) / S6 -> S6.1 -> D1.1 (bars)","ST7757 FFRS geometry [""BD006""] tags [""76A"", ""76B""]; schedule [""24DF""]","{""B_mm"": 300.0, ""H_mm"": 500.0, ""binding"": ""BOUND_VERIFIED"", ""cc_m"": 3.725, ""clear_m"": 3.15, ""drawn_width_mm"": 300.0, ""mark"": ""CB13"", ""schedule_span_m"": 3.6}",,,,,,0.4725,"[0.4725, 0.6237]",CONDITIONAL_NOT_RELEASED,SCHEDULE_SECTION + CLEAR_SPAN,LOWER_BOUND (S2 superstructure beam lengths),beam depth convention: schedule H read as the overall depth (S6 / D1.1 links); alternative H below the slab adds B x t; S2 holds the length as a lower bound,S6:CBO-FFRS-CB13-BL004,"[""BEAM_DEPTH_CONVENTION"", ""S2_LENGTH_LOWER_BOUND""]"
CBO-FFRS-CB9-BL023#SPAN1,BEAMS,CONTINUOUS CB9,1F,BEAMS,"S9 (concrete, conditional) / S6 -> S6.1 -> D1.1 (bars)","ST7757 FFRS geometry [""BD040""] tags [""6C8"", ""6C7"", ""6C6""]; schedule [""2619""]","{""B_mm"": 200.0, ""H_mm"": 500.0, ""binding"": ""BOUND_VERIFIED"", ""cc_m"": 4.05, ""clear_m"": 3.55, ""drawn_width_mm"": 200.0, ""mark"": ""CB9"", ""schedule_span_m"": 4.1}",,,,,,0.355,"[0.355, 0.4686]",CONDITIONAL_NOT_RELEASED,SCHEDULE_SECTION + CLEAR_SPAN,LOWER_BOUND (S2 superstructure beam lengths),beam depth convention: schedule H read as the overall depth (S6 / D1.1 links); alternative H below the slab adds B x t; S2 holds the length as a lower bound,S6:CBO-FFRS-CB9-BL023,"[""BEAM_DEPTH_CONVENTION"", ""S2_LENGTH_LOWER_BOUND""]"
CBO-FFRS-CB9-BL023#SPAN2,BEAMS,CONTINUOUS CB9,1F,BEAMS,"S9 (concrete, conditional) / S6 -> S6.1 -> D1.1 (bars)","ST7757 FFRS geometry [""BD040""] tags [""6C8"", ""6C7"", ""6C6""]; schedule [""2619""]","{""B_mm"": 200.0, ""H_mm"": 500.0, ""binding"": ""BOUND_VERIFIED"", ""cc_m"": 3.9, ""clear_m"": 3.35, ""drawn_width_mm"": 200.0, ""mark"": ""CB9"", ""schedule_span_m"": 4.0}",,,,,,0.335,"[0.335, 0.4422]",CONDITIONAL_NOT_RELEASED,SCHEDULE_SECTION + CLEAR_SPAN,LOWER_BOUND (S2 superstructure beam lengths),beam depth convention: schedule H read as the overall depth (S6 / D1.1 links); alternative H below the slab adds B x t; S2 holds the length as a lower bound,S6:CBO-FFRS-CB9-BL023,"[""BEAM_DEPTH_CONVENTION"", ""S2_LENGTH_LOWER_BOUND""]"
CBO-FFRS-CB9-BL023#SPAN3,BEAMS,CONTINUOUS CB9,1F,BEAMS,"S9 (concrete, conditional) / S6 -> S6.1 -> D1.1 (bars)","ST7757 FFRS geometry [""BD040""] tags [""6C8"", ""6C7"", ""6C6""]; schedule [""2619""]","{""B_mm"": 200.0, ""H_mm"": 500.0, ""binding"": ""BOUND_VERIFIED"", ""cc_m"": 3.87, ""clear_m"": 3.47, ""drawn_width_mm"": 200.0, ""mark"": ""CB9"", ""schedule_span_m"": 3.7}",,,,,,0.347,"[0.347, 0.45804]",CONDITIONAL_NOT_RELEASED,SCHEDULE_SECTION + CLEAR_SPAN,LOWER_BOUND (S2 superstructure beam lengths),beam depth convention: schedule H read as the overall depth (S6 / D1.1 links); alternative H below the slab adds B x t; S2 holds the length as a lower bound,S6:CBO-FFRS-CB9-BL023,"[""BEAM_DEPTH_CONVENTION"", ""S2_LENGTH_LOWER_BOUND""]"
CBO-GFRS-CB1-BL007#SPAN1,BEAMS,CONTINUOUS CB1,GF,BEAMS,"S9 (concrete, conditional) / S6 -> S6.1 -> D1.1 (bars)","ST7757 GFRS geometry [""BD001""] tags [""4E1"", ""4E2""]; schedule [""2851""]","{""B_mm"": 350.0, ""H_mm"": 750.0, ""binding"": ""BOUND_VERIFIED"", ""cc_m"": 7.45, ""clear_m"": 7.0, ""drawn_width_mm"": 350.0, ""mark"": ""CB1"", ""schedule_span_m"": 7.5}",,,,,,1.8375,"[1.8375, 2.2295]",CONDITIONAL_NOT_RELEASED,SCHEDULE_SECTION + CLEAR_SPAN,LOWER_BOUND (S2 superstructure beam lengths),beam depth convention: schedule H read as the overall depth (S6 / D1.1 links); alternative H below the slab adds B x t; S2 holds the length as a lower bound,S6:CBO-GFRS-CB1-BL007,"[""BEAM_DEPTH_CONVENTION"", ""S2_LENGTH_LOWER_BOUND""]"
CBO-GFRS-CB1-BL007#SPAN2,BEAMS,CONTINUOUS CB1,GF,BEAMS,"S9 (concrete, conditional) / S6 -> S6.1 -> D1.1 (bars)","ST7757 GFRS geometry [""BD001""] tags [""4E1"", ""4E2""]; schedule [""2851""]","{""B_mm"": 350.0, ""H_mm"": 750.0, ""binding"": ""BOUND_VERIFIED"", ""cc_m"": 5.6, ""clear_m"": 5.1, ""drawn_width_mm"": 350.0, ""mark"": ""CB1"", ""schedule_span_m"": 5.7}",,,,,,1.33875,"[1.33875, 1.62435]",CONDITIONAL_NOT_RELEASED,SCHEDULE_SECTION + CLEAR_SPAN,LOWER_BOUND (S2 superstructure beam lengths),beam depth convention: schedule H read as the overall depth (S6 / D1.1 links); alternative H below the slab adds B x t; S2 holds the length as a lower bound,S6:CBO-GFRS-CB1-BL007,"[""BEAM_DEPTH_CONVENTION"", ""S2_LENGTH_LOWER_BOUND""]"
CBO-GFRS-CB2-BL038#SPAN1,BEAMS,CONTINUOUS CB2,GF,BEAMS,"S9 (concrete, conditional) / S6 -> S6.1 -> D1.1 (bars)","ST7757 GFRS geometry [""BD056""] tags [""42A"", ""42B""]; schedule [""28C7""]","{""B_mm"": 200.0, ""H_mm"": 500.0, ""binding"": ""BOUND_SOURCE_CONFLICT"", ""cc_m"": 3.87, ""clear_m"": 3.47, ""drawn_width_mm"": 250.0, ""mark"": ""CB2"", ""schedule_span_m"": 4.0}",,,,,,0.347,"[0.347, 0.45804]",SOURCE_CONFLICT,SCHEDULE_SECTION + CLEAR_SPAN (drawn width differs),LOWER_BOUND (S2 superstructure beam lengths),drawn width differs from the schedule; beam depth convention: schedule H read as the overall depth (S6 / D1.1 links); alternative H below the slab adds B x t; S2 holds the length as a lower bound,S6:CBO-GFRS-CB2-BL038,"[""BEAM_DEPTH_CONVENTION"", ""S2_LENGTH_LOWER_BOUND""]"
CBO-GFRS-CB2-BL038#SPAN2,BEAMS,CONTINUOUS CB2,GF,BEAMS,"S9 (concrete, conditional) / S6 -> S6.1 -> D1.1 (bars)","ST7757 GFRS geometry [""BD056""] tags [""42A"", ""42B""]; schedule [""28C7""]","{""B_mm"": 200.0, ""H_mm"": 500.0, ""binding"": ""BOUND_SOURCE_CONFLICT"", ""cc_m"": 3.9, ""clear_m"": 3.35, ""drawn_width_mm"": 250.0, ""mark"": ""CB2"", ""schedule_span_m"": 4.0}",,,,,,0.335,"[0.335, 0.4422]",SOURCE_CONFLICT,SCHEDULE_SECTION + CLEAR_SPAN (drawn width differs),LOWER_BOUND (S2 superstructure beam lengths),drawn width differs from the schedule; beam depth convention: schedule H read as the overall depth (S6 / D1.1 links); alternative H below the slab adds B x t; S2 holds the length as a lower bound,S6:CBO-GFRS-CB2-BL038,"[""BEAM_DEPTH_CONVENTION"", ""S2_LENGTH_LOWER_BOUND""]"
CBO-GFRS-CB3-BL022#SPAN1,BEAMS,CONTINUOUS CB3,GF,BEAMS,"S9 (concrete, conditional) / S6 -> S6.1 -> D1.1 (bars)","ST7757 GFRS geometry [""BD013"", ""BD014"", ""BD015""] tags [""493"", ""494"", ""1827"", ""495""]; schedule [""2344""]","{""B_mm"": 200.0, ""H_mm"": 750.0, ""binding"": ""BOUND_VERIFIED"", ""cc_m"": 3.67, ""clear_m"": 3.02, ""drawn_width_mm"": 200.0, ""mark"": ""CB3"", ""schedule_span_m"": 3.4}",,,,,,0.453,"[0.453, 0.54964]",CONDITIONAL_NOT_RELEASED,SCHEDULE_SECTION + CLEAR_SPAN,LOWER_BOUND (S2 superstructure beam lengths),beam depth convention: schedule H read as the overall depth (S6 / D1.1 links); alternative H below the slab adds B x t; S2 holds the length as a lower bound,S6:CBO-GFRS-CB3-BL022,"[""BEAM_DEPTH_CONVENTION"", ""S2_LENGTH_LOWER_BOUND""]"
CBO-GFRS-CB3-BL022#SPAN2,BEAMS,CONTINUOUS CB3,GF,BEAMS,"S9 (concrete, conditional) / S6 -> S6.1 -> D1.1 (bars)","ST7757 GFRS geometry [""BD013"", ""BD014"", ""BD015""] tags [""493"", ""494"", ""1827"", ""495""]; schedule [""2344""]","{""B_mm"": 200.0, ""H_mm"": 750.0, ""binding"": ""BOUND_SOURCE_CONFLICT"", ""cc_m"": 3.35, ""clear_m"": 2.65, ""drawn_width_mm"": 200.0, ""mark"": ""CB3"", ""schedule_span_m"": 3.3}",,,,,,0.3975,"[0.3975, 0.4823]",SOURCE_CONFLICT,SCHEDULE_SECTION + CLEAR_SPAN (drawn width differs),LOWER_BOUND (S2 superstructure beam lengths),drawn width differs from the schedule; beam depth convention: schedule H read as the overall depth (S6 / D1.1 links); alternative H below the slab adds B x t; S2 holds the length as a lower bound,S6:CBO-GFRS-CB3-BL022,"[""BEAM_DEPTH_CONVENTION"", ""S2_LENGTH_LOWER_BOUND""]"
CBO-GFRS-CB3-BL022#SPAN3,BEAMS,CONTINUOUS CB3,GF,BEAMS,"S9 (concrete, conditional) / S6 -> S6.1 -> D1.1 (bars)","ST7757 GFRS geometry [""BD013"", ""BD014"", ""BD015""] tags [""493"", ""494"", ""1827"", ""495""]; schedule [""2344""]","{""B_mm"": 200.0, ""H_mm"": 750.0, ""binding"": ""BOUND_VERIFIED"", ""cc_m"": 3.816, ""clear_m"": 3.191, ""drawn_width_mm"": 200.0, ""mark"": ""CB3"", ""schedule_span_m"": 3.8}",,,,,,0.47865,"[0.47865, 0.580762]",CONDITIONAL_NOT_RELEASED,SCHEDULE_SECTION + CLEAR_SPAN,LOWER_BOUND (S2 superstructure beam lengths),beam depth convention: schedule H read as the overall depth (S6 / D1.1 links); alternative H below the slab adds B x t; S2 holds the length as a lower bound,S6:CBO-GFRS-CB3-BL022,"[""BEAM_DEPTH_CONVENTION"", ""S2_LENGTH_LOWER_BOUND""]"
CBO-GFRS-CB4-BL016#SPAN1,BEAMS,CONTINUOUS CB4,GF,BEAMS,"S9 (concrete, conditional) / S6 -> S6.1 -> D1.1 (bars)","ST7757 GFRS geometry [""BD018"", ""BD039""] tags [""45C"", ""45B""]; schedule [""2933""]","{""B_mm"": 200.0, ""H_mm"": 500.0, ""binding"": ""BOUND_VERIFIED"", ""cc_m"": 2.724, ""clear_m"": 2.374, ""drawn_width_mm"": 200.0, ""mark"": ""CB4"", ""schedule_span_m"": 3.3}",,,,,,0.2374,"[0.2374, 0.313368]",CONDITIONAL_NOT_RELEASED,SCHEDULE_SECTION + CLEAR_SPAN,LOWER_BOUND (S2 superstructure beam lengths),beam depth convention: schedule H read as the overall depth (S6 / D1.1 links); alternative H below the slab adds B x t; S2 holds the length as a lower bound,S6:CBO-GFRS-CB4-BL016,"[""BEAM_DEPTH_CONVENTION"", ""S2_LENGTH_LOWER_BOUND""]"
CBO-GFRS-CB4-BL016#SPAN2,BEAMS,CONTINUOUS CB4,GF,BEAMS,"S9 (concrete, conditional) / S6 -> S6.1 -> D1.1 (bars)","ST7757 GFRS geometry [""BD018"", ""BD039""] tags [""45C"", ""45B""]; schedule [""2933""]","{""B_mm"": 200.0, ""H_mm"": 500.0, ""binding"": ""BOUND_VERIFIED"", ""cc_m"": 3.75, ""clear_m"": 3.2, ""drawn_width_mm"": 200.0, ""mark"": ""CB4"", ""schedule_span_m"": 3.7}",,,,,,0.32,"[0.32, 0.4224]",CONDITIONAL_NOT_RELEASED,SCHEDULE_SECTION + CLEAR_SPAN,LOWER_BOUND (S2 superstructure beam lengths),beam depth convention: schedule H read as the overall depth (S6 / D1.1 links); alternative H below the slab adds B x t; S2 holds the length as a lower bound,S6:CBO-GFRS-CB4-BL016,"[""BEAM_DEPTH_CONVENTION"", ""S2_LENGTH_LOWER_BOUND""]"
CBO-GFRS-CB5-BL008#SPAN1,BEAMS,CONTINUOUS CB5,GF,BEAMS,"S9 (concrete, conditional) / S6 -> S6.1 -> D1.1 (bars)","ST7757 GFRS geometry [""BD009""] tags [""475"", ""474""]; schedule [""299F""]","{""B_mm"": 200.0, ""H_mm"": 400.0, ""binding"": ""BOUND_VERIFIED"", ""cc_m"": 2.85, ""clear_m"": 2.3, ""drawn_width_mm"": 200.0, ""mark"": ""CB5"", ""schedule_span_m"": 2.5}",,,,,,0.184,"[0.184, 0.2576]",CONDITIONAL_NOT_RELEASED,SCHEDULE_SECTION + CLEAR_SPAN,LOWER_BOUND (S2 superstructure beam lengths),beam depth convention: schedule H read as the overall depth (S6 / D1.1 links); alternative H below the slab adds B x t; S2 holds the length as a lower bound,S6:CBO-GFRS-CB5-BL008,"[""BEAM_DEPTH_CONVENTION"", ""S2_LENGTH_LOWER_BOUND""]"
CBO-GFRS-CB5-BL008#SPAN2,BEAMS,CONTINUOUS CB5,GF,BEAMS,"S9 (concrete, conditional) / S6 -> S6.1 -> D1.1 (bars)","ST7757 GFRS geometry [""BD009""] tags [""475"", ""474""]; schedule [""299F""]","{""B_mm"": 200.0, ""H_mm"": 400.0, ""binding"": ""BOUND_CANDIDATE"", ""cc_m"": 4.2, ""clear_m"": 3.7, ""drawn_width_mm"": 200.0, ""mark"": ""CB5"", ""schedule_span_m"": 4.5}",,,,,,0.296,"[0.296, 0.4144]",CONDITIONAL_NOT_RELEASED,SCHEDULE_SECTION + CLEAR_SPAN,LOWER_BOUND (S2 superstructure beam lengths),beam depth convention: schedule H read as the overall depth (S6 / D1.1 links); alternative H below the slab adds B x t; S2 holds the length as a lower bound,S6:CBO-GFRS-CB5-BL008,"[""BEAM_DEPTH_CONVENTION"", ""S2_LENGTH_LOWER_BOUND""]"
CBO-GFRS-CB6-BL004#SPAN1,BEAMS,CONTINUOUS CB6,GF,BEAMS,"S9 (concrete, conditional) / S6 -> S6.1 -> D1.1 (bars)","ST7757 GFRS geometry [""BD020""] tags [""47C"", ""47B""]; schedule [""2A04""]","{""B_mm"": 200.0, ""H_mm"": 750.0, ""binding"": ""BOUND_VERIFIED"", ""cc_m"": 4.35, ""clear_m"": 4.0, ""drawn_width_mm"": 200.0, ""mark"": ""CB6"", ""schedule_span_m"": 4.4}",,,,,,0.6,"[0.6, 0.728]",CONDITIONAL_NOT_RELEASED,SCHEDULE_SECTION + CLEAR_SPAN,LOWER_BOUND (S2 superstructure beam lengths),beam depth convention: schedule H read as the overall depth (S6 / D1.1 links); alternative H below the slab adds B x t; S2 holds the length as a lower bound,S6:CBO-GFRS-CB6-BL004,"[""BEAM_DEPTH_CONVENTION"", ""S2_LENGTH_LOWER_BOUND""]"
CBO-GFRS-CB6-BL004#SPAN2,BEAMS,CONTINUOUS CB6,GF,BEAMS,"S9 (concrete, conditional) / S6 -> S6.1 -> D1.1 (bars)","ST7757 GFRS geometry [""BD020""] tags [""47C"", ""47B""]; schedule [""2A04""]","{""B_mm"": 200.0, ""H_mm"": 750.0, ""binding"": ""BOUND_VERIFIED"", ""cc_m"": 6.225, ""clear_m"": 5.85, ""drawn_width_mm"": 200.0, ""mark"": ""CB6"", ""schedule_span_m"": 6.3}",,,,,,0.8775,"[0.8775, 1.0647]",CONDITIONAL_NOT_RELEASED,SCHEDULE_SECTION + CLEAR_SPAN,LOWER_BOUND (S2 superstructure beam lengths),beam depth convention: schedule H read as the overall depth (S6 / D1.1 links); alternative H below the slab adds B x t; S2 holds the length as a lower bound,S6:CBO-GFRS-CB6-BL004,"[""BEAM_DEPTH_CONVENTION"", ""S2_LENGTH_LOWER_BOUND""]"
CBO-GFRS-CB7-BL003#SPAN1,BEAMS,CONTINUOUS CB7,GF,BEAMS,"S9 (concrete, conditional) / S6 -> S6.1 -> D1.1 (bars)","ST7757 GFRS geometry [""BD002""] tags [""479"", ""47A""]; schedule [""22EC""]","{""B_mm"": 200.0, ""H_mm"": 750.0, ""binding"": ""BOUND_VERIFIED"", ""cc_m"": 5.85, ""clear_m"": 5.45, ""drawn_width_mm"": 200.0, ""mark"": ""CB7"", ""schedule_span_m"": 6.0}",,,,,,0.8175,"[0.8175, 0.9919]",CONDITIONAL_NOT_RELEASED,SCHEDULE_SECTION + CLEAR_SPAN,LOWER_BOUND (S2 superstructure beam lengths),beam depth convention: schedule H read as the overall depth (S6 / D1.1 links); alternative H below the slab adds B x t; S2 holds the length as a lower bound,S6:CBO-GFRS-CB7-BL003,"[""BEAM_DEPTH_CONVENTION"", ""S2_LENGTH_LOWER_BOUND""]"
CBO-GFRS-CB7-BL003#SPAN2,BEAMS,CONTINUOUS CB7,GF,BEAMS,"S9 (concrete, conditional) / S6 -> S6.1 -> D1.1 (bars)","ST7757 GFRS geometry [""BD002""] tags [""479"", ""47A""]; schedule [""22EC""]","{""B_mm"": 200.0, ""H_mm"": 750.0, ""binding"": ""BOUND_VERIFIED"", ""cc_m"": 6.15, ""clear_m"": 5.75, ""drawn_width_mm"": 200.0, ""mark"": ""CB7"", ""schedule_span_m"": 6.1}",,,,,,0.8625,"[0.8625, 1.0465]",CONDITIONAL_NOT_RELEASED,SCHEDULE_SECTION + CLEAR_SPAN,LOWER_BOUND (S2 superstructure beam lengths),beam depth convention: schedule H read as the overall depth (S6 / D1.1 links); alternative H below the slab adds B x t; S2 holds the length as a lower bound,S6:CBO-GFRS-CB7-BL003,"[""BEAM_DEPTH_CONVENTION"", ""S2_LENGTH_LOWER_BOUND""]"
CBO-GFRS-CB8-BL024#SPAN1,BEAMS,CONTINUOUS CB8,GF,BEAMS,"S9 (concrete, conditional) / S6 -> S6.1 -> D1.1 (bars)","ST7757 GFRS geometry [""BD004"", ""BD005""] tags [""69F"", ""6A0""]; schedule [""2574""]","{""B_mm"": 300.0, ""H_mm"": 750.0, ""binding"": ""BOUND_VERIFIED"", ""cc_m"": 6.545, ""clear_m"": 5.745, ""drawn_width_mm"": 300.0, ""mark"": ""CB8"", ""schedule_span_m"": 3.7}",,,,,,1.292625,"[1.292625, 1.568385]",CONDITIONAL_NOT_RELEASED,SCHEDULE_SECTION + CLEAR_SPAN,LOWER_BOUND (S2 superstructure beam lengths),beam depth convention: schedule H read as the overall depth (S6 / D1.1 links); alternative H below the slab adds B x t; S2 holds the length as a lower bound,S6:CBO-GFRS-CB8-BL024,"[""BEAM_DEPTH_CONVENTION"", ""S2_LENGTH_LOWER_BOUND""]"
CBO-GFRS-CB8-BL024#SPAN2,BEAMS,CONTINUOUS CB8,GF,BEAMS,"S9 (concrete, conditional) / S6 -> S6.1 -> D1.1 (bars)","ST7757 GFRS geometry [""BD004"", ""BD005""] tags [""69F"", ""6A0""]; schedule [""2574""]","{""B_mm"": 300.0, ""H_mm"": 750.0, ""binding"": ""BOUND_VERIFIED"", ""cc_m"": 6.95, ""clear_m"": 6.35, ""drawn_width_mm"": 300.0, ""mark"": ""CB8"", ""schedule_span_m"": 6.4}",,,,,,1.42875,"[1.42875, 1.73355]",CONDITIONAL_NOT_RELEASED,SCHEDULE_SECTION + CLEAR_SPAN,LOWER_BOUND (S2 superstructure beam lengths),beam depth convention: schedule H read as the overall depth (S6 / D1.1 links); alternative H below the slab adds B x t; S2 holds the length as a lower bound,S6:CBO-GFRS-CB8-BL024,"[""BEAM_DEPTH_CONVENTION"", ""S2_LENGTH_LOWER_BOUND""]"
CBO-GFRS-CB8-BL024#SPAN3,BEAMS,CONTINUOUS CB8,GF,BEAMS,"S9 (concrete, conditional) / S6 -> S6.1 -> D1.1 (bars)","ST7757 GFRS geometry [""BD004"", ""BD005""] tags [""69F"", ""6A0""]; schedule [""2574""]","{""B_mm"": 300.0, ""H_mm"": 750.0, ""binding"": null, ""cc_m"": null, ""clear_m"": null, ""drawn_width_mm"": null, ""mark"": ""CB8"", ""schedule_span_m"": 6.8}",,,,,,,,BLOCKED_UNQUANTIFIED,SECTION_OR_LENGTH_MISSING,LOWER_BOUND (S2 superstructure beam lengths),clear span not established,S6:CBO-GFRS-CB8-BL024,
ARC:FFRS:BA003,BEAMS,DOME RING untagged arc,1F,DOMES,S8.3,ST7757 FFRS geometry tags ; schedule,"{""length_m"": 1.517}",,,,,,,,EXCLUDED_OWNED_BY_OTHER_FAMILY,TRANSFERRED_TO_S8_3,LOWER_BOUND (S2 superstructure beam lengths),dome ring band: owned by S8.3 (ring concrete SOURCE_CONFLICT there),S6:ARC:FFRS:BA003,
ARC:FFRS:BA004,BEAMS,DOME RING untagged arc,1F,DOMES,S8.3,ST7757 FFRS geometry tags ; schedule,"{""length_m"": 1.294}",,,,,,,,EXCLUDED_OWNED_BY_OTHER_FAMILY,TRANSFERRED_TO_S8_3,LOWER_BOUND (S2 superstructure beam lengths),dome ring band: owned by S8.3 (ring concrete SOURCE_CONFLICT there),S6:ARC:FFRS:BA004,
ARC:FFRS:BA005,BEAMS,DOME RING untagged arc,1F,DOMES,S8.3,ST7757 FFRS geometry tags ; schedule,"{""length_m"": 1.621}",,,,,,,,EXCLUDED_OWNED_BY_OTHER_FAMILY,TRANSFERRED_TO_S8_3,LOWER_BOUND (S2 superstructure beam lengths),dome ring band: owned by S8.3 (ring concrete SOURCE_CONFLICT there),S6:ARC:FFRS:BA005,
ARC:FFRS:BA006,BEAMS,DOME RING untagged arc,1F,DOMES,S8.3,ST7757 FFRS geometry tags ; schedule,"{""length_m"": 1.734}",,,,,,,,EXCLUDED_OWNED_BY_OTHER_FAMILY,TRANSFERRED_TO_S8_3,LOWER_BOUND (S2 superstructure beam lengths),dome ring band: owned by S8.3 (ring concrete SOURCE_CONFLICT there),S6:ARC:FFRS:BA006,
ARC:FFRS:BA007,BEAMS,DOME RING untagged arc,1F,DOMES,S8.3,ST7757 FFRS geometry tags ; schedule,"{""length_m"": 1.734}",,,,,,,,EXCLUDED_OWNED_BY_OTHER_FAMILY,TRANSFERRED_TO_S8_3,LOWER_BOUND (S2 superstructure beam lengths),dome ring band: owned by S8.3 (ring concrete SOURCE_CONFLICT there),S6:ARC:FFRS:BA007,
ARC:FFRS:BA008,BEAMS,DOME RING untagged arc,1F,DOMES,S8.3,ST7757 FFRS geometry tags ; schedule,"{""length_m"": 1.621}",,,,,,,,EXCLUDED_OWNED_BY_OTHER_FAMILY,TRANSFERRED_TO_S8_3,LOWER_BOUND (S2 superstructure beam lengths),dome ring band: owned by S8.3 (ring concrete SOURCE_CONFLICT there),S6:ARC:FFRS:BA008,
SPAN:FFRS:BL002:8912-14499,BEAMS,UNTAGGED BEAM GEOMETRY,1F,BEAMS,"S9 (concrete, conditional) / S6 -> S6.1 -> D1.1 (bars)",ST7757 FFRS geometry tags ; schedule,"{""clear_m"": 5.387, ""drawn_width_mm"": 350.0, ""length_m"": 5.587}",,,,,,,,BLOCKED_UNQUANTIFIED,NO_TAG_NO_SCHEDULE_SECTION,LOWER_BOUND (S2 superstructure beam lengths),beam band drawn without a tag: no schedule depth (S6 BLOCKED_TYPE),S6:SPAN:FFRS:BL002:8912-14499,
SPAN:FFRS:BL005:11912-16087,BEAMS,UNTAGGED BEAM GEOMETRY,1F,BEAMS,"S9 (concrete, conditional) / S6 -> S6.1 -> D1.1 (bars)",ST7757 FFRS geometry tags ; schedule,"{""clear_m"": 3.65, ""drawn_width_mm"": 300.0, ""length_m"": 4.175}",,,,,,,,BLOCKED_UNQUANTIFIED,NO_TAG_NO_SCHEDULE_SECTION,LOWER_BOUND (S2 superstructure beam lengths),beam band drawn without a tag: no schedule depth (S6 BLOCKED_TYPE),S6:SPAN:FFRS:BL005:11912-16087,
SPAN:FFRS:BL005:9062-11912,BEAMS,UNTAGGED BEAM GEOMETRY,1F,BEAMS,"S9 (concrete, conditional) / S6 -> S6.1 -> D1.1 (bars)",ST7757 FFRS geometry tags ; schedule,"{""clear_m"": 2.3, ""drawn_width_mm"": 300.0, ""length_m"": 2.85}",,,,,,,,BLOCKED_UNQUANTIFIED,NO_TAG_NO_SCHEDULE_SECTION,LOWER_BOUND (S2 superstructure beam lengths),beam band drawn without a tag: no schedule depth (S6 BLOCKED_TYPE),S6:SPAN:FFRS:BL005:9062-11912,
SPAN:FFRS:BL008:14062-15912,BEAMS,UNTAGGED BEAM GEOMETRY,1F,BEAMS,"S9 (concrete, conditional) / S6 -> S6.1 -> D1.1 (bars)",ST7757 FFRS geometry tags ; schedule,"{""clear_m"": 1.25, ""drawn_width_mm"": 350.0, ""length_m"": 1.85}",,,,,,,,BLOCKED_UNQUANTIFIED,NO_TAG_NO_SCHEDULE_SECTION,LOWER_BOUND (S2 superstructure beam lengths),beam band drawn without a tag: no schedule depth (S6 BLOCKED_TYPE),S6:SPAN:FFRS:BL008:14062-15912,
SPAN:FFRS:BL009:12388-15888,BEAMS,UNTAGGED BEAM GEOMETRY,1F,BEAMS,"S9 (concrete, conditional) / S6 -> S6.1 -> D1.1 (bars)",ST7757 FFRS geometry tags ; schedule,"{""clear_m"": 2.7, ""drawn_width_mm"": 450.0, ""length_m"": 3.5}",,,,,,,,BLOCKED_UNQUANTIFIED,NO_TAG_NO_SCHEDULE_SECTION,LOWER_BOUND (S2 superstructure beam lengths),beam band drawn without a tag: no schedule depth (S6 BLOCKED_TYPE),S6:SPAN:FFRS:BL009:12388-15888,
SPAN:FFRS:BL010:12388-15888,BEAMS,UNTAGGED BEAM GEOMETRY,1F,BEAMS,"S9 (concrete, conditional) / S6 -> S6.1 -> D1.1 (bars)",ST7757 FFRS geometry tags ; schedule,"{""clear_m"": 3.0, ""drawn_width_mm"": 200.0, ""length_m"": 3.5}",,,,,,,,BLOCKED_UNQUANTIFIED,NO_TAG_NO_SCHEDULE_SECTION,LOWER_BOUND (S2 superstructure beam lengths),beam band drawn without a tag: no schedule depth (S6 BLOCKED_TYPE),S6:SPAN:FFRS:BL010:12388-15888,
SPAN:FFRS:BL010:15888-16957,BEAMS,UNTAGGED BEAM GEOMETRY,1F,BEAMS,"S9 (concrete, conditional) / S6 -> S6.1 -> D1.1 (bars)",ST7757 FFRS geometry tags ; schedule,"{""clear_m"": 0.538, ""drawn_width_mm"": 200.0, ""length_m"": 1.069}",,,,,,,,BLOCKED_UNQUANTIFIED,NO_TAG_NO_SCHEDULE_SECTION,LOWER_BOUND (S2 superstructure beam lengths),beam band drawn without a tag: no schedule depth (S6 BLOCKED_TYPE),S6:SPAN:FFRS:BL010:15888-16957,
SPAN:FFRS:BL018:16004-20492,BEAMS,UNTAGGED BEAM GEOMETRY,1F,BEAMS,"S9 (concrete, conditional) / S6 -> S6.1 -> D1.1 (bars)",ST7757 FFRS geometry tags ; schedule,"{""clear_m"": 4.487, ""drawn_width_mm"": 298.3, ""length_m"": 4.487}",,,,,,,,BLOCKED_UNQUANTIFIED,NO_TAG_NO_SCHEDULE_SECTION,LOWER_BOUND (S2 superstructure beam lengths),beam band drawn without a tag: no schedule depth (S6 BLOCKED_TYPE),S6:SPAN:FFRS:BL018:16004-20492,
SPAN:FFRS:BL019:16087-17362,BEAMS,UNTAGGED BEAM GEOMETRY,1F,BEAMS,"S9 (concrete, conditional) / S6 -> S6.1 -> D1.1 (bars)",ST7757 FFRS geometry tags ; schedule,"{""clear_m"": 0.6, ""drawn_width_mm"": 200.0, ""length_m"": 1.275}",,,,,,,,BLOCKED_UNQUANTIFIED,NO_TAG_NO_SCHEDULE_SECTION,LOWER_BOUND (S2 superstructure beam lengths),beam band drawn without a tag: no schedule depth (S6 BLOCKED_TYPE),S6:SPAN:FFRS:BL019:16087-17362,
SPAN:FFRS:BL020:16087-17362,BEAMS,UNTAGGED BEAM GEOMETRY,1F,BEAMS,"S9 (concrete, conditional) / S6 -> S6.1 -> D1.1 (bars)",ST7757 FFRS geometry tags ; schedule,"{""clear_m"": 0.6, ""drawn_width_mm"": 262.5, ""length_m"": 1.275}",,,,,,,,BLOCKED_UNQUANTIFIED,NO_TAG_NO_SCHEDULE_SECTION,LOWER_BOUND (S2 superstructure beam lengths),beam band drawn without a tag: no schedule depth (S6 BLOCKED_TYPE),S6:SPAN:FFRS:BL020:16087-17362,
SPAN:FFRS:BL021:16482-20442,BEAMS,UNTAGGED BEAM GEOMETRY,1F,BEAMS,"S9 (concrete, conditional) / S6 -> S6.1 -> D1.1 (bars)",ST7757 FFRS geometry tags ; schedule,"{""clear_m"": 3.959, ""drawn_width_mm"": 348.3, ""length_m"": 3.959}",,,,,,,,BLOCKED_UNQUANTIFIED,NO_TAG_NO_SCHEDULE_SECTION,LOWER_BOUND (S2 superstructure beam lengths),beam band drawn without a tag: no schedule depth (S6 BLOCKED_TYPE),S6:SPAN:FFRS:BL021:16482-20442,
SPAN:FFRS:BL029:26630-29105,BEAMS,UNTAGGED BEAM GEOMETRY,1F,BEAMS,"S9 (concrete, conditional) / S6 -> S6.1 -> D1.1 (bars)",ST7757 FFRS geometry tags ; schedule,"{""clear_m"": 2.215, ""drawn_width_mm"": 400.0, ""length_m"": 2.475}",,,,,,,,BLOCKED_UNQUANTIFIED,NO_TAG_NO_SCHEDULE_SECTION,LOWER_BOUND (S2 superstructure beam lengths),beam band drawn without a tag: no schedule depth (S6 BLOCKED_TYPE),S6:SPAN:FFRS:BL029:26630-29105,
SPAN:FFRS:BL033:30758-31508,BEAMS,UNTAGGED BEAM GEOMETRY,1F,BEAMS,"S9 (concrete, conditional) / S6 -> S6.1 -> D1.1 (bars)",ST7757 FFRS geometry tags ; schedule,"{""clear_m"": 0.5, ""drawn_width_mm"": 300.0, ""length_m"": 0.75}",,,,,,,,BLOCKED_UNQUANTIFIED,NO_TAG_NO_SCHEDULE_SECTION,LOWER_BOUND (S2 superstructure beam lengths),beam band drawn without a tag: no schedule depth (S6 BLOCKED_TYPE),S6:SPAN:FFRS:BL033:30758-31508,
SPAN:GFRS:BL002:2844-4653,BEAMS,UNTAGGED BEAM GEOMETRY,GF,BEAMS,"S9 (concrete, conditional) / S6 -> S6.1 -> D1.1 (bars)",ST7757 GFRS geometry tags ; schedule,"{""clear_m"": 1.491, ""drawn_width_mm"": 900.0, ""length_m"": 1.81}",,,,,,,,BLOCKED_UNQUANTIFIED,NO_TAG_NO_SCHEDULE_SECTION,LOWER_BOUND (S2 superstructure beam lengths),beam band drawn without a tag: no schedule depth (S6 BLOCKED_TYPE),S6:SPAN:GFRS:BL002:2844-4653,
SPAN:GFRS:BL010:12087-12712,BEAMS,UNTAGGED BEAM GEOMETRY,GF,BEAMS,"S9 (concrete, conditional) / S6 -> S6.1 -> D1.1 (bars)",ST7757 GFRS geometry tags ; schedule,"{""clear_m"": 0.5, ""drawn_width_mm"": 200.0, ""length_m"": 0.625}",,,,,,,,BLOCKED_UNQUANTIFIED,NO_TAG_NO_SCHEDULE_SECTION,LOWER_BOUND (S2 superstructure beam lengths),beam band drawn without a tag: no schedule depth (S6 BLOCKED_TYPE),S6:SPAN:GFRS:BL010:12087-12712,
SPAN:GFRS:BL013:7462-8912,BEAMS,UNTAGGED BEAM GEOMETRY,GF,BEAMS,"S9 (concrete, conditional) / S6 -> S6.1 -> D1.1 (bars)",ST7757 GFRS geometry tags ; schedule,"{""clear_m"": 1.2, ""drawn_width_mm"": 500.0, ""length_m"": 1.45}",,,,,,,,BLOCKED_UNQUANTIFIED,NO_TAG_NO_SCHEDULE_SECTION,LOWER_BOUND (S2 superstructure beam lengths),beam band drawn without a tag: no schedule depth (S6 BLOCKED_TYPE),S6:SPAN:GFRS:BL013:7462-8912,
SPAN:GFRS:BL017:11912-16112,BEAMS,UNTAGGED BEAM GEOMETRY,GF,BEAMS,"S9 (concrete, conditional) / S6 -> S6.1 -> D1.1 (bars)",ST7757 GFRS geometry tags ; schedule,"{""clear_m"": 3.7, ""drawn_width_mm"": 200.0, ""length_m"": 4.2}",,,,,,,,BLOCKED_UNQUANTIFIED,NO_TAG_NO_SCHEDULE_SECTION,LOWER_BOUND (S2 superstructure beam lengths),beam band drawn without a tag: no schedule depth (S6 BLOCKED_TYPE),S6:SPAN:GFRS:BL017:11912-16112,
SPAN:GFRS:BL020:12388-15888,BEAMS,UNTAGGED BEAM GEOMETRY,GF,BEAMS,"S9 (concrete, conditional) / S6 -> S6.1 -> D1.1 (bars)",ST7757 GFRS geometry tags ; schedule,"{""clear_m"": 2.8, ""drawn_width_mm"": 400.0, ""length_m"": 3.5}",,,,,,,,BLOCKED_UNQUANTIFIED,NO_TAG_NO_SCHEDULE_SECTION,LOWER_BOUND (S2 superstructure beam lengths),beam band drawn without a tag: no schedule depth (S6 BLOCKED_TYPE),S6:SPAN:GFRS:BL020:12388-15888,
SPAN:GFRS:BL020:15888-16988,BEAMS,UNTAGGED BEAM GEOMETRY,GF,BEAMS,"S9 (concrete, conditional) / S6 -> S6.1 -> D1.1 (bars)",ST7757 GFRS geometry tags ; schedule,"{""clear_m"": 0.6, ""drawn_width_mm"": 400.0, ""length_m"": 1.1}",,,,,,,,BLOCKED_UNQUANTIFIED,NO_TAG_NO_SCHEDULE_SECTION,LOWER_BOUND (S2 superstructure beam lengths),beam band drawn without a tag: no schedule depth (S6 BLOCKED_TYPE),S6:SPAN:GFRS:BL020:15888-16988,
SPAN:GFRS:BL021:12388-15888,BEAMS,UNTAGGED BEAM GEOMETRY,GF,BEAMS,"S9 (concrete, conditional) / S6 -> S6.1 -> D1.1 (bars)",ST7757 GFRS geometry tags ; schedule,"{""clear_m"": 3.0, ""drawn_width_mm"": 200.0, ""length_m"": 3.5}",,,,,,,,BLOCKED_UNQUANTIFIED,NO_TAG_NO_SCHEDULE_SECTION,LOWER_BOUND (S2 superstructure beam lengths),beam band drawn without a tag: no schedule depth (S6 BLOCKED_TYPE),S6:SPAN:GFRS:BL021:12388-15888,
SPAN:GFRS:BL021:15888-16957,BEAMS,UNTAGGED BEAM GEOMETRY,GF,BEAMS,"S9 (concrete, conditional) / S6 -> S6.1 -> D1.1 (bars)",ST7757 GFRS geometry tags ; schedule,"{""clear_m"": 0.538, ""drawn_width_mm"": 200.0, ""length_m"": 1.069}",,,,,,,,BLOCKED_UNQUANTIFIED,NO_TAG_NO_SCHEDULE_SECTION,LOWER_BOUND (S2 superstructure beam lengths),beam band drawn without a tag: no schedule depth (S6 BLOCKED_TYPE),S6:SPAN:GFRS:BL021:15888-16957,
SPAN:GFRS:BL023:18712-20687,BEAMS,UNTAGGED BEAM GEOMETRY,GF,BEAMS,"S9 (concrete, conditional) / S6 -> S6.1 -> D1.1 (bars)",ST7757 GFRS geometry tags ; schedule,"{""clear_m"": 1.75, ""drawn_width_mm"": 200.0, ""length_m"": 1.975}",,,,,,,,BLOCKED_UNQUANTIFIED,NO_TAG_NO_SCHEDULE_SECTION,LOWER_BOUND (S2 superstructure beam lengths),beam band drawn without a tag: no schedule depth (S6 BLOCKED_TYPE),S6:SPAN:GFRS:BL023:18712-20687,
SPAN:GFRS:BL024:14088-17913,BEAMS,UNTAGGED BEAM GEOMETRY,GF,BEAMS,"S9 (concrete, conditional) / S6 -> S6.1 -> D1.1 (bars)",ST7757 GFRS geometry tags ; schedule,"{""clear_m"": 3.075, ""drawn_width_mm"": 300.0, ""length_m"": 3.825}",,,,,,,,BLOCKED_UNQUANTIFIED,NO_TAG_NO_SCHEDULE_SECTION,LOWER_BOUND (S2 superstructure beam lengths),beam band drawn without a tag: no schedule depth (S6 BLOCKED_TYPE),S6:SPAN:GFRS:BL024:14088-17913,
SPAN:GFRS:BL029:16412-17362,BEAMS,UNTAGGED BEAM GEOMETRY,GF,BEAMS,"S9 (concrete, conditional) / S6 -> S6.1 -> D1.1 (bars)",ST7757 GFRS geometry tags ; schedule,"{""clear_m"": 0.6, ""drawn_width_mm"": 262.5, ""length_m"": 0.95}",,,,,,,,BLOCKED_UNQUANTIFIED,NO_TAG_NO_SCHEDULE_SECTION,LOWER_BOUND (S2 superstructure beam lengths),beam band drawn without a tag: no schedule depth (S6 BLOCKED_TYPE),S6:SPAN:GFRS:BL029:16412-17362,
SPAN:GFRS:BL042:24521-26120,BEAMS,UNTAGGED BEAM GEOMETRY,GF,BEAMS,"S9 (concrete, conditional) / S6 -> S6.1 -> D1.1 (bars)",ST7757 GFRS geometry tags ; schedule,"{""clear_m"": 1.099, ""drawn_width_mm"": 250.0, ""length_m"": 1.599}",,,,,,,,BLOCKED_UNQUANTIFIED,NO_TAG_NO_SCHEDULE_SECTION,LOWER_BOUND (S2 superstructure beam lengths),beam band drawn without a tag: no schedule depth (S6 BLOCKED_TYPE),S6:SPAN:GFRS:BL042:24521-26120,
SPAN:GFRS:BL043:31508-33083,BEAMS,UNTAGGED BEAM GEOMETRY,GF,BEAMS,"S9 (concrete, conditional) / S6 -> S6.1 -> D1.1 (bars)",ST7757 GFRS geometry tags ; schedule,"{""clear_m"": 1.15, ""drawn_width_mm"": 500.0, ""length_m"": 1.575}",,,,,,,,BLOCKED_UNQUANTIFIED,NO_TAG_NO_SCHEDULE_SECTION,LOWER_BOUND (S2 superstructure beam lengths),beam band drawn without a tag: no schedule depth (S6 BLOCKED_TYPE),S6:SPAN:GFRS:BL043:31508-33083,
SPAN:SFRS:BL001:14112-15994,BEAMS,UNTAGGED BEAM GEOMETRY,2F,BEAMS,"S9 (concrete, conditional) / S6 -> S6.1 -> D1.1 (bars)",ST7757 SFRS geometry tags ; schedule,"{""clear_m"": 1.582, ""drawn_width_mm"": 200.0, ""length_m"": 1.882}",,,,,,,,BLOCKED_UNQUANTIFIED,NO_TAG_NO_SCHEDULE_SECTION,LOWER_BOUND (S2 superstructure beam lengths),beam band drawn without a tag: no schedule depth (S6 BLOCKED_TYPE),S6:SPAN:SFRS:BL001:14112-15994,
SPAN:SFRS:BL002:14112-15762,BEAMS,UNTAGGED BEAM GEOMETRY,2F,BEAMS,"S9 (concrete, conditional) / S6 -> S6.1 -> D1.1 (bars)",ST7757 SFRS geometry tags ; schedule,"{""clear_m"": 1.2, ""drawn_width_mm"": 200.0, ""length_m"": 1.65}",,,,,,,,BLOCKED_UNQUANTIFIED,NO_TAG_NO_SCHEDULE_SECTION,LOWER_BOUND (S2 superstructure beam lengths),beam band drawn without a tag: no schedule depth (S6 BLOCKED_TYPE),S6:SPAN:SFRS:BL002:14112-15762,
SPAN:SFRS:BL003:14112-15662,BEAMS,UNTAGGED BEAM GEOMETRY,2F,BEAMS,"S9 (concrete, conditional) / S6 -> S6.1 -> D1.1 (bars)",ST7757 SFRS geometry tags ; schedule,"{""clear_m"": 1.2, ""drawn_width_mm"": 200.0, ""length_m"": 1.55}",,,,,,,,BLOCKED_UNQUANTIFIED,NO_TAG_NO_SCHEDULE_SECTION,LOWER_BOUND (S2 superstructure beam lengths),beam band drawn without a tag: no schedule depth (S6 BLOCKED_TYPE),S6:SPAN:SFRS:BL003:14112-15662,
SPAN:SFRS:BL004:14112-17362,BEAMS,UNTAGGED BEAM GEOMETRY,2F,BEAMS,"S9 (concrete, conditional) / S6 -> S6.1 -> D1.1 (bars)",ST7757 SFRS geometry tags ; schedule,"{""clear_m"": 2.9, ""drawn_width_mm"": 200.0, ""length_m"": 3.25}",,,,,,,,BLOCKED_UNQUANTIFIED,NO_TAG_NO_SCHEDULE_SECTION,LOWER_BOUND (S2 superstructure beam lengths),beam band drawn without a tag: no schedule depth (S6 BLOCKED_TYPE),S6:SPAN:SFRS:BL004:14112-17362,
SPAN:SFRS:BL005:14112-17362,BEAMS,UNTAGGED BEAM GEOMETRY,2F,BEAMS,"S9 (concrete, conditional) / S6 -> S6.1 -> D1.1 (bars)",ST7757 SFRS geometry tags ; schedule,"{""clear_m"": 2.9, ""drawn_width_mm"": 262.5, ""length_m"": 3.25}",,,,,,,,BLOCKED_UNQUANTIFIED,NO_TAG_NO_SCHEDULE_SECTION,LOWER_BOUND (S2 superstructure beam lengths),beam band drawn without a tag: no schedule depth (S6 BLOCKED_TYPE),S6:SPAN:SFRS:BL005:14112-17362,
SPAN:SFRS:BL007:23558-24888,BEAMS,UNTAGGED BEAM GEOMETRY,2F,BEAMS,"S9 (concrete, conditional) / S6 -> S6.1 -> D1.1 (bars)",ST7757 SFRS geometry tags ; schedule,"{""clear_m"": 0.93, ""drawn_width_mm"": 200.0, ""length_m"": 1.33}",,,,,,,,BLOCKED_UNQUANTIFIED,NO_TAG_NO_SCHEDULE_SECTION,LOWER_BOUND (S2 superstructure beam lengths),beam band drawn without a tag: no schedule depth (S6 BLOCKED_TYPE),S6:SPAN:SFRS:BL007:23558-24888,
BM-GF_ROOF-B3-BL022-1827,BEAMS,STAIR B3,GF,BEAMS,S1 (not carried by S6),ST7757 GFRS BEAMTAG:GFRS:1827,"{""B_cm"": 20.0, ""clear_length_m"": 2.65}",,,,,,,,SOURCE_CONFLICT,SAME_SPAN_CARRIES_TWO_TAGS,,the span carries two tags (S1 issue); S6 measured the other tag,,
SP-GF_ROOF_SLAB-01,SLABS,OUTSIDE_BUILDING_OR_COURT,GF,SLABS,S9 (concrete) / S7 (bars),ST7757 GFRS SLABFACE:GFRS:RB-b6c4680a699d5e39 (25 boundary handles),"{""area_m2_recomputed"": 149.717917, ""area_m2_s1"": 149.718, ""sunken"": false, ""thickness_authority"": ""NOT_APPLICABLE"", ""thickness_mm"": null}",,,,,,,,NOT_APPLICABLE,OUTSIDE_BUILDING_OR_COURT (no slab concrete),,,S7:SP-GF_ROOF_SLAB-01,
SP-GF_ROOF_SLAB-02,SLABS,SLAB_PANEL,GF,SLABS,S9 (concrete) / S7 (bars),ST7757 GFRS SLABFACE:GFRS:RB-13f2da45747640e9 (4 boundary handles),"{""area_m2_recomputed"": 1.053434, ""area_m2_s1"": 1.053, ""sunken"": false, ""thickness_authority"": ""PROJECT_DEFAULT"", ""thickness_mm"": 160.0}",0.16848,0,,0.16848,0.16848,,,RELEASED_S9_DELTA,"PANEL_POLYGON (S1, recomputed) x THICKNESS (PROJECT_DEFAULT)",VERIFIED,,S7:SP-GF_ROOF_SLAB-02,"[""PANEL BETWEEN BEAM / COLUMN FACES (S9-MC1)""]"
SP-GF_ROOF_SLAB-03,SLABS,STAIR_FLIGHT_ZONE,GF,STAIRS,S8.7,ST7757 GFRS SLABFACE:GFRS:RB-eb044e3e68b1d88b (11 boundary handles),"{""area_m2_recomputed"": 10.415, ""area_m2_s1"": 10.415, ""sunken"": false, ""thickness_authority"": ""EXCLUDED_SPECIAL_STRUCTURE"", ""thickness_mm"": null}",,,,,,,,EXCLUDED_OWNED_BY_OTHER_FAMILY,STAIR_FLIGHT_ZONE (S8.7 owns the flights and landings),BLOCKED,,S7:SP-GF_ROOF_SLAB-03,
SP-GF_ROOF_SLAB-04,SLABS,SLAB_PANEL,GF,SLABS,S9 (concrete) / S7 (bars),ST7757 GFRS SLABFACE:GFRS:RB-8407dfa27f13c1a4 (4 boundary handles),"{""area_m2_recomputed"": 2.5725, ""area_m2_s1"": 2.572, ""sunken"": true, ""thickness_authority"": ""PROJECT_DEFAULT"", ""thickness_mm"": 160.0}",0.41152,0,,0.41152,0.41152,,,RELEASED_S9_DELTA,"PANEL_POLYGON (S1, recomputed) x THICKNESS (PROJECT_DEFAULT)",VERIFIED,,S7:SP-GF_ROOF_SLAB-04,"[""SUNKEN: plate only; the drop / step concrete is BLOCKED (drop depth not located)"", ""PANEL BETWEEN BEAM / COLUMN FACES (S9-MC1)""]"
SP-GF_ROOF_SLAB-05,SLABS,SLAB_PANEL,GF,SLABS,S9 (concrete) / S7 (bars),ST7757 GFRS SLABFACE:GFRS:RB-9f7566bab6d9a47c (5 boundary handles),"{""area_m2_recomputed"": 3.325, ""area_m2_s1"": 3.325, ""sunken"": true, ""thickness_authority"": ""PROJECT_DEFAULT"", ""thickness_mm"": 160.0}",0.532,0,,0.532,0.532,,,RELEASED_S9_DELTA,"PANEL_POLYGON (S1, recomputed) x THICKNESS (PROJECT_DEFAULT)",VERIFIED,,S7:SP-GF_ROOF_SLAB-05,"[""SUNKEN: plate only; the drop / step concrete is BLOCKED (drop depth not located)"", ""PANEL BETWEEN BEAM / COLUMN FACES (S9-MC1)""]"
SP-GF_ROOF_SLAB-06,SLABS,SLAB_PANEL,GF,SLABS,S9 (concrete) / S7 (bars),ST7757 GFRS SLABFACE:GFRS:RB-e8b6a284d9272a6a (4 boundary handles),"{""area_m2_recomputed"": 2.8875, ""area_m2_s1"": 2.888, ""sunken"": false, ""thickness_authority"": ""PROJECT_DEFAULT"", ""thickness_mm"": 160.0}",0.46208,0,,0.46208,0.46208,,,RELEASED_S9_DELTA,"PANEL_POLYGON (S1, recomputed) x THICKNESS (PROJECT_DEFAULT)",VERIFIED,,S7:SP-GF_ROOF_SLAB-06,"[""PANEL BETWEEN BEAM / COLUMN FACES (S9-MC1)""]"
SP-GF_ROOF_SLAB-07,SLABS,SLAB_PANEL,GF,SLABS,S9 (concrete) / S7 (bars),ST7757 GFRS SLABFACE:GFRS:RB-7435dd8c486cf985 (5 boundary handles),"{""area_m2_recomputed"": 5.31, ""area_m2_s1"": 5.31, ""sunken"": false, ""thickness_authority"": ""PROJECT_DEFAULT"", ""thickness_mm"": 160.0}",0.8496,0,,0.8496,0.8496,,,RELEASED_S9_DELTA,"PANEL_POLYGON (S1, recomputed) x THICKNESS (PROJECT_DEFAULT)",VERIFIED,,S7:SP-GF_ROOF_SLAB-07,"[""PANEL BETWEEN BEAM / COLUMN FACES (S9-MC1)""]"
SP-GF_ROOF_SLAB-08,SLABS,SLAB_PANEL,GF,SLABS,S9 (concrete) / S7 (bars),ST7757 GFRS SLABFACE:GFRS:RB-2c356c2f58d6d674 (4 boundary handles),"{""area_m2_recomputed"": 12.32049, ""area_m2_s1"": 12.32, ""sunken"": false, ""thickness_authority"": ""PROJECT_DEFAULT"", ""thickness_mm"": 160.0}",1.9712,0,,1.9712,1.9712,,,RELEASED_S9_DELTA,"PANEL_POLYGON (S1, recomputed) x THICKNESS (PROJECT_DEFAULT)",VERIFIED,,S7:SP-GF_ROOF_SLAB-08,"[""PANEL BETWEEN BEAM / COLUMN FACES (S9-MC1)""]"
SP-GF_ROOF_SLAB-09,SLABS,OPEN_TO_BELOW,GF,SLABS,S9 (concrete) / S7 (bars),ST7757 GFRS SLABFACE:GFRS:RB-0e2a2269b9d06378 (9 boundary handles),"{""area_m2_recomputed"": 3.685529, ""area_m2_s1"": 3.686, ""sunken"": false, ""thickness_authority"": ""NOT_APPLICABLE"", ""thickness_mm"": null}",,,,,,,,NOT_APPLICABLE,OPEN_TO_BELOW (no slab concrete),,,S7:SP-GF_ROOF_SLAB-09,
SP-GF_ROOF_SLAB-10,SLABS,SLAB_PANEL,GF,SLABS,S9 (concrete) / S7 (bars),ST7757 GFRS SLABFACE:GFRS:RB-77862cfd094c8969 (6 boundary handles),"{""area_m2_recomputed"": 8.304309, ""area_m2_s1"": 8.304, ""sunken"": false, ""thickness_authority"": ""PROJECT_DEFAULT"", ""thickness_mm"": 160.0}",1.32864,0,,1.32864,1.32864,,,RELEASED_S9_DELTA,"PANEL_POLYGON (S1, recomputed) x THICKNESS (PROJECT_DEFAULT)",VERIFIED,,S7:SP-GF_ROOF_SLAB-10,"[""PANEL BETWEEN BEAM / COLUMN FACES (S9-MC1)""]"
SP-GF_ROOF_SLAB-11,SLABS,SLAB_PANEL,GF,SLABS,S9 (concrete) / S7 (bars),ST7757 GFRS SLABFACE:GFRS:RB-39e87de047ebaa58 (6 boundary handles),"{""area_m2_recomputed"": 4.079352, ""area_m2_s1"": 4.079, ""sunken"": false, ""thickness_authority"": ""PROJECT_DEFAULT"", ""thickness_mm"": 160.0}",0.65264,0,,0.65264,0.65264,,,RELEASED_S9_DELTA,"PANEL_POLYGON (S1, recomputed) x THICKNESS (PROJECT_DEFAULT)",VERIFIED,,S7:SP-GF_ROOF_SLAB-11,"[""PANEL BETWEEN BEAM / COLUMN FACES (S9-MC1)""]"
SP-GF_ROOF_SLAB-12,SLABS,SLAB_PANEL,GF,SLABS,S9 (concrete) / S7 (bars),ST7757 GFRS SLABFACE:GFRS:RB-977d56e0e46dbf14 (6 boundary handles),"{""area_m2_recomputed"": 4.117614, ""area_m2_s1"": 4.118, ""sunken"": true, ""thickness_authority"": ""PROJECT_DEFAULT"", ""thickness_mm"": 160.0}",0.65888,0,,0.65888,0.65888,,,RELEASED_S9_DELTA,"PANEL_POLYGON (S1, recomputed) x THICKNESS (PROJECT_DEFAULT)",VERIFIED,,S7:SP-GF_ROOF_SLAB-12,"[""SUNKEN: plate only; the drop / step concrete is BLOCKED (drop depth not located)"", ""PANEL BETWEEN BEAM / COLUMN FACES (S9-MC1)""]"
SP-GF_ROOF_SLAB-13,SLABS,OPEN_TO_BELOW,GF,SLABS,S9 (concrete) / S7 (bars),ST7757 GFRS SLABFACE:GFRS:RB-8964693cf75d1d62 (8 boundary handles),"{""area_m2_recomputed"": 3.24, ""area_m2_s1"": 3.24, ""sunken"": false, ""thickness_authority"": ""NOT_APPLICABLE"", ""thickness_mm"": null}",,,,,,,,NOT_APPLICABLE,OPEN_TO_BELOW (no slab concrete),,,S7:SP-GF_ROOF_SLAB-13,
SP-GF_ROOF_SLAB-14,SLABS,SLAB_PANEL,GF,SLABS,S9 (concrete) / S7 (bars),ST7757 GFRS SLABFACE:GFRS:RB-6cd4044260647dab (4 boundary handles),"{""area_m2_recomputed"": 2.816514, ""area_m2_s1"": 2.817, ""sunken"": false, ""thickness_authority"": ""PROJECT_DEFAULT"", ""thickness_mm"": 160.0}",0.45072,0,,0.45072,0.45072,,,RELEASED_S9_DELTA,"PANEL_POLYGON (S1, recomputed) x THICKNESS (PROJECT_DEFAULT)",VERIFIED,,S7:SP-GF_ROOF_SLAB-14,"[""PANEL BETWEEN BEAM / COLUMN FACES (S9-MC1)""]"
SP-GF_ROOF_SLAB-15,SLABS,SLAB_PANEL,GF,SLABS,S9 (concrete) / S7 (bars),ST7757 GFRS SLABFACE:GFRS:RB-58eb19dcf85b895e (6 boundary handles),"{""area_m2_recomputed"": 1.299339, ""area_m2_s1"": 1.299, ""sunken"": false, ""thickness_authority"": ""PROJECT_DEFAULT"", ""thickness_mm"": 160.0}",0.20784,0,,0.20784,0.20784,,,RELEASED_S9_DELTA,"PANEL_POLYGON (S1, recomputed) x THICKNESS (PROJECT_DEFAULT)",VERIFIED,,S7:SP-GF_ROOF_SLAB-15,"[""PANEL BETWEEN BEAM / COLUMN FACES (S9-MC1)""]"
SP-GF_ROOF_SLAB-16,SLABS,SLAB_PANEL,GF,SLABS,S9 (concrete) / S7 (bars),ST7757 GFRS SLABFACE:GFRS:RB-03a6983233cb2383 (7 boundary handles),"{""area_m2_recomputed"": 5.375, ""area_m2_s1"": 5.375, ""sunken"": false, ""thickness_authority"": ""PROJECT_DEFAULT"", ""thickness_mm"": 160.0}",0.86,0,,0.86,0.86,,,RELEASED_S9_DELTA,"PANEL_POLYGON (S1, recomputed) x THICKNESS (PROJECT_DEFAULT)",VERIFIED,,S7:SP-GF_ROOF_SLAB-16,"[""PANEL BETWEEN BEAM / COLUMN FACES (S9-MC1)""]"
SP-GF_ROOF_SLAB-17,SLABS,SLAB_PANEL,GF,SLABS,S9 (concrete) / S7 (bars),ST7757 GFRS SLABFACE:GFRS:RB-70e5b308c88875be (5 boundary handles),"{""area_m2_recomputed"": 11.699993, ""area_m2_s1"": 11.7, ""sunken"": false, ""thickness_authority"": ""LOCAL_PANEL"", ""thickness_mm"": 160.0}",1.872,0,,1.872,1.872,,,RELEASED_S9_DELTA,"PANEL_POLYGON (S1, recomputed) x THICKNESS (LOCAL_PANEL)",VERIFIED,,S7:SP-GF_ROOF_SLAB-17,"[""PANEL BETWEEN BEAM / COLUMN FACES (S9-MC1)""]"
SP-GF_ROOF_SLAB-18,SLABS,SLAB_PANEL,GF,SLABS,S9 (concrete) / S7 (bars),ST7757 GFRS SLABFACE:GFRS:RB-2fcd9489dc32f8e9 (6 boundary handles),"{""area_m2_recomputed"": 5.544392, ""area_m2_s1"": 5.544, ""sunken"": false, ""thickness_authority"": ""PROJECT_DEFAULT"", ""thickness_mm"": 160.0}",0.88704,0,,0.88704,0.88704,,,RELEASED_S9_DELTA,"PANEL_POLYGON (S1, recomputed) x THICKNESS (PROJECT_DEFAULT)",VERIFIED,,S7:SP-GF_ROOF_SLAB-18,"[""PANEL BETWEEN BEAM / COLUMN FACES (S9-MC1)""]"
SP-GF_ROOF_SLAB-19,SLABS,SLAB_PANEL,GF,SLABS,S9 (concrete) / S7 (bars),ST7757 GFRS SLABFACE:GFRS:RB-c926c0a1dd6241ab (7 boundary handles),"{""area_m2_recomputed"": 6.139126, ""area_m2_s1"": 6.139, ""sunken"": false, ""thickness_authority"": ""PROJECT_DEFAULT"", ""thickness_mm"": 160.0}",0.98224,0,,0.98224,0.98224,,,RELEASED_S9_DELTA,"PANEL_POLYGON (S1, recomputed) x THICKNESS (PROJECT_DEFAULT)",VERIFIED,,S7:SP-GF_ROOF_SLAB-19,"[""PANEL BETWEEN BEAM / COLUMN FACES (S9-MC1)""]"
SP-GF_ROOF_SLAB-20,SLABS,SLAB_PANEL,GF,SLABS,S9 (concrete) / S7 (bars),ST7757 GFRS SLABFACE:GFRS:RB-7072481c90185d42 (6 boundary handles),"{""area_m2_recomputed"": 15.54, ""area_m2_s1"": 15.54, ""sunken"": false, ""thickness_authority"": ""PROJECT_DEFAULT"", ""thickness_mm"": 160.0}",2.4864,0,,2.4864,2.4864,,,RELEASED_S9_DELTA,"PANEL_POLYGON (S1, recomputed) x THICKNESS (PROJECT_DEFAULT)",VERIFIED,,S7:SP-GF_ROOF_SLAB-20,"[""PANEL BETWEEN BEAM / COLUMN FACES (S9-MC1)""]"
SP-GF_ROOF_SLAB-21,SLABS,STAIR_IN_VOID_ZONE,GF,STAIRS,S8.7,ST7757 GFRS SLABFACE:GFRS:RB-e35a61f938c93869 (7 boundary handles),"{""area_m2_recomputed"": 20.1465, ""area_m2_s1"": 20.146, ""sunken"": false, ""thickness_authority"": ""CLASSIFICATION_BLOCKED"", ""thickness_mm"": null}",,,,,,,,EXCLUDED_OWNED_BY_OTHER_FAMILY,STAIR_IN_VOID_ZONE (S8.7 owns the flights and landings),BLOCKED,,S7:SP-GF_ROOF_SLAB-21,
SP-GF_ROOF_SLAB-22,SLABS,SLAB_PANEL,GF,SLABS,S9 (concrete) / S7 (bars),ST7757 GFRS SLABFACE:GFRS:RB-aea326b6afeb39e9 (4 boundary handles),"{""area_m2_recomputed"": 15.10839, ""area_m2_s1"": 15.108, ""sunken"": false, ""thickness_authority"": ""PROJECT_DEFAULT"", ""thickness_mm"": 160.0}",2.41728,0,,2.41728,2.41728,,,RELEASED_S9_DELTA,"PANEL_POLYGON (S1, recomputed) x THICKNESS (PROJECT_DEFAULT)",VERIFIED,,S7:SP-GF_ROOF_SLAB-22,"[""PANEL BETWEEN BEAM / COLUMN FACES (S9-MC1)""]"
SP-GF_ROOF_SLAB-23,SLABS,SLAB_PANEL,GF,SLABS,S9 (concrete) / S7 (bars),ST7757 GFRS SLABFACE:GFRS:RB-c8de5b32c2737825 (5 boundary handles),"{""area_m2_recomputed"": 7.850641, ""area_m2_s1"": 7.851, ""sunken"": false, ""thickness_authority"": ""PROJECT_DEFAULT"", ""thickness_mm"": 160.0}",1.25616,0,,1.25616,1.25616,,,RELEASED_S9_DELTA,"PANEL_POLYGON (S1, recomputed) x THICKNESS (PROJECT_DEFAULT)",VERIFIED,,S7:SP-GF_ROOF_SLAB-23,"[""PANEL BETWEEN BEAM / COLUMN FACES (S9-MC1)""]"
SP-GF_ROOF_SLAB-24,SLABS,SLAB_PANEL,GF,SLABS,S9 (concrete) / S7 (bars),ST7757 GFRS SLABFACE:GFRS:RB-26941412ef18d4b8 (3 boundary handles),"{""area_m2_recomputed"": 2.080424, ""area_m2_s1"": 2.08, ""sunken"": true, ""thickness_authority"": ""PROJECT_DEFAULT"", ""thickness_mm"": 160.0}",0.3328,0,,0.3328,0.3328,,,RELEASED_S9_DELTA,"PANEL_POLYGON (S1, recomputed) x THICKNESS (PROJECT_DEFAULT)",VERIFIED,,S7:SP-GF_ROOF_SLAB-24,"[""SUNKEN: plate only; the drop / step concrete is BLOCKED (drop depth not located)"", ""PANEL BETWEEN BEAM / COLUMN FACES (S9-MC1)""]"
SP-GF_ROOF_SLAB-25,SLABS,SLAB_PANEL,GF,SLABS,S9 (concrete) / S7 (bars),ST7757 GFRS SLABFACE:GFRS:RB-bbde6ef372a143f3 (6 boundary handles),"{""area_m2_recomputed"": 16.253591, ""area_m2_s1"": 16.254, ""sunken"": false, ""thickness_authority"": ""PROJECT_DEFAULT"", ""thickness_mm"": 160.0}",2.60064,0,,2.60064,2.60064,,,RELEASED_S9_DELTA,"PANEL_POLYGON (S1, recomputed) x THICKNESS (PROJECT_DEFAULT)",VERIFIED,,S7:SP-GF_ROOF_SLAB-25,"[""PANEL BETWEEN BEAM / COLUMN FACES (S9-MC1)""]"
SP-GF_ROOF_SLAB-26,SLABS,SLAB_PANEL,GF,SLABS,S9 (concrete) / S7 (bars),ST7757 GFRS SLABFACE:GFRS:RB-d2dfb67fb2bca40c (6 boundary handles),"{""area_m2_recomputed"": 18.0, ""area_m2_s1"": 18.0, ""sunken"": false, ""thickness_authority"": ""PROJECT_DEFAULT"", ""thickness_mm"": 160.0}",2.88,0,,2.88,2.88,,,RELEASED_S9_DELTA,"PANEL_POLYGON (S1, recomputed) x THICKNESS (PROJECT_DEFAULT)",VERIFIED,,S7:SP-GF_ROOF_SLAB-26,"[""PANEL BETWEEN BEAM / COLUMN FACES (S9-MC1)""]"
SP-GF_ROOF_SLAB-27,SLABS,SLAB_PANEL,GF,SLABS,S9 (concrete) / S7 (bars),ST7757 GFRS SLABFACE:GFRS:RB-fe6ab4927754c652 (6 boundary handles),"{""area_m2_recomputed"": 13.485, ""area_m2_s1"": 13.485, ""sunken"": false, ""thickness_authority"": ""PROJECT_DEFAULT"", ""thickness_mm"": 160.0}",2.1576,0,,2.1576,2.1576,,,RELEASED_S9_DELTA,"PANEL_POLYGON (S1, recomputed) x THICKNESS (PROJECT_DEFAULT)",VERIFIED,,S7:SP-GF_ROOF_SLAB-27,"[""PANEL BETWEEN BEAM / COLUMN FACES (S9-MC1)""]"
SP-GF_ROOF_SLAB-28,SLABS,STAIR_FLIGHT_ZONE,GF,STAIRS,S8.7,ST7757 GFRS SLABFACE:GFRS:RB-8709dabfc8150bff (9 boundary handles),"{""area_m2_recomputed"": 6.978642, ""area_m2_s1"": 6.979, ""sunken"": false, ""thickness_authority"": ""EXCLUDED_SPECIAL_STRUCTURE"", ""thickness_mm"": null}",,,,,,,,EXCLUDED_OWNED_BY_OTHER_FAMILY,STAIR_FLIGHT_ZONE (S8.7 owns the flights and landings),BLOCKED,,S7:SP-GF_ROOF_SLAB-28,
SP-GF_ROOF_SLAB-29,SLABS,SLAB_PANEL,GF,SLABS,S9 (concrete) / S7 (bars),ST7757 GFRS SLABFACE:GFRS:RB-5016d3cbd643afaa (7 boundary handles),"{""area_m2_recomputed"": 7.300909, ""area_m2_s1"": 7.301, ""sunken"": true, ""thickness_authority"": ""LOCAL_PANEL"", ""thickness_mm"": 160.0}",1.16816,0,,1.16816,1.16816,,,RELEASED_S9_DELTA,"PANEL_POLYGON (S1, recomputed) x THICKNESS (LOCAL_PANEL)",VERIFIED,,S7:SP-GF_ROOF_SLAB-29,"[""SUNKEN: plate only; the drop / step concrete is BLOCKED (drop depth not located)"", ""PANEL BETWEEN BEAM / COLUMN FACES (S9-MC1)""]"
SP-GF_ROOF_SLAB-30,SLABS,SLAB_PANEL,GF,SLABS,S9 (concrete) / S7 (bars),ST7757 GFRS SLABFACE:GFRS:RB-2c33c2a9438cc601 (6 boundary handles),"{""area_m2_recomputed"": 5.080307, ""area_m2_s1"": 5.08, ""sunken"": false, ""thickness_authority"": ""PROJECT_DEFAULT"", ""thickness_mm"": 160.0}",0.8128,0,,0.8128,0.8128,,,RELEASED_S9_DELTA,"PANEL_POLYGON (S1, recomputed) x THICKNESS (PROJECT_DEFAULT)",VERIFIED,,S7:SP-GF_ROOF_SLAB-30,"[""PANEL BETWEEN BEAM / COLUMN FACES (S9-MC1)""]"
SP-GF_ROOF_SLAB-31,SLABS,SLAB_PANEL,GF,SLABS,S9 (concrete) / S7 (bars),ST7757 GFRS SLABFACE:GFRS:RB-811ce586283c5ff3 (4 boundary handles),"{""area_m2_recomputed"": 2.937403, ""area_m2_s1"": 2.937, ""sunken"": false, ""thickness_authority"": ""PROJECT_DEFAULT"", ""thickness_mm"": 160.0}",0.46992,0,,0.46992,0.46992,,,RELEASED_S9_DELTA,"PANEL_POLYGON (S1, recomputed) x THICKNESS (PROJECT_DEFAULT)",VERIFIED,,S7:SP-GF_ROOF_SLAB-31,"[""PANEL BETWEEN BEAM / COLUMN FACES (S9-MC1)""]"
SP-GF_ROOF_SLAB-32,SLABS,SLAB_PANEL,GF,SLABS,S9 (concrete) / S7 (bars),ST7757 GFRS SLABFACE:GFRS:RB-0bbab6f9f870aa24 (5 boundary handles),"{""area_m2_recomputed"": 7.764, ""area_m2_s1"": 7.764, ""sunken"": false, ""thickness_authority"": ""PROJECT_DEFAULT"", ""thickness_mm"": 160.0}",1.24224,0,,1.24224,1.24224,,,RELEASED_S9_DELTA,"PANEL_POLYGON (S1, recomputed) x THICKNESS (PROJECT_DEFAULT)",VERIFIED,,S7:SP-GF_ROOF_SLAB-32,"[""PANEL BETWEEN BEAM / COLUMN FACES (S9-MC1)""]"
SP-GF_ROOF_SLAB-33,SLABS,SLAB_PANEL,GF,SLABS,S9 (concrete) / S7 (bars),ST7757 GFRS SLABFACE:GFRS:RB-2a28791fc27d65bd (5 boundary handles),"{""area_m2_recomputed"": 4.287808, ""area_m2_s1"": 4.288, ""sunken"": false, ""thickness_authority"": ""PROJECT_DEFAULT"", ""thickness_mm"": 160.0}",0.68608,0,,0.68608,0.68608,,,RELEASED_S9_DELTA,"PANEL_POLYGON (S1, recomputed) x THICKNESS (PROJECT_DEFAULT)",VERIFIED,,S7:SP-GF_ROOF_SLAB-33,"[""PANEL BETWEEN BEAM / COLUMN FACES (S9-MC1)""]"
SP-GF_ROOF_SLAB-34,SLABS,SLAB_PANEL,GF,SLABS,S9 (concrete) / S7 (bars),ST7757 GFRS SLABFACE:GFRS:RB-a3c677eb990eb8a0 (6 boundary handles),"{""area_m2_recomputed"": 13.455, ""area_m2_s1"": 13.455, ""sunken"": false, ""thickness_authority"": ""PROJECT_DEFAULT"", ""thickness_mm"": 160.0}",2.1528,0,,2.1528,2.1528,,,RELEASED_S9_DELTA,"PANEL_POLYGON (S1, recomputed) x THICKNESS (PROJECT_DEFAULT)",VERIFIED,,S7:SP-GF_ROOF_SLAB-34,"[""PANEL BETWEEN BEAM / COLUMN FACES (S9-MC1)""]"
SP-1F_ROOF_SLAB-01,SLABS,STAIR_FLIGHT_ZONE,1F,STAIRS,S8.7,ST7757 FFRS SLABFACE:FFRS:RB-eb044e3e68b1d88b (11 boundary handles),"{""area_m2_recomputed"": 10.415, ""area_m2_s1"": 10.415, ""sunken"": false, ""thickness_authority"": ""EXCLUDED_SPECIAL_STRUCTURE"", ""thickness_mm"": null}",,,,,,,,EXCLUDED_OWNED_BY_OTHER_FAMILY,STAIR_FLIGHT_ZONE (S8.7 owns the flights and landings),BLOCKED,,S7:SP-1F_ROOF_SLAB-01,
SP-1F_ROOF_SLAB-02,SLABS,SLAB_PANEL,1F,SLABS,S9 (concrete) / S7 (bars),ST7757 FFRS SLABFACE:FFRS:RB-ce3d6131a9f7fd50 (5 boundary handles),"{""area_m2_recomputed"": 5.4, ""area_m2_s1"": 5.4, ""sunken"": true, ""thickness_authority"": ""PROJECT_DEFAULT"", ""thickness_mm"": 160.0}",0.864,0,,0.864,0.864,,,RELEASED_S9_DELTA,"PANEL_POLYGON (S1, recomputed) x THICKNESS (PROJECT_DEFAULT)",VERIFIED,,S7:SP-1F_ROOF_SLAB-02,"[""SUNKEN: plate only; the drop / step concrete is BLOCKED (drop depth not located)"", ""PANEL BETWEEN BEAM / COLUMN FACES (S9-MC1)""]"
SP-1F_ROOF_SLAB-03,SLABS,SLAB_PANEL,1F,SLABS,S9 (concrete) / S7 (bars),ST7757 FFRS SLABFACE:FFRS:RB-d253267d6f8fc196 (6 boundary handles),"{""area_m2_recomputed"": 9.503433, ""area_m2_s1"": 9.503, ""sunken"": false, ""thickness_authority"": ""PROJECT_DEFAULT"", ""thickness_mm"": 160.0}",1.52048,0,,1.52048,1.52048,,,RELEASED_S9_DELTA,"PANEL_POLYGON (S1, recomputed) x THICKNESS (PROJECT_DEFAULT)",VERIFIED,,S7:SP-1F_ROOF_SLAB-03,"[""PANEL BETWEEN BEAM / COLUMN FACES (S9-MC1)""]"
SP-1F_ROOF_SLAB-04,SLABS,SLAB_PANEL,1F,SLABS,S9 (concrete) / S7 (bars),ST7757 FFRS SLABFACE:FFRS:RB-481b3aa57ae26998 (8 boundary handles),"{""area_m2_recomputed"": 13.80406, ""area_m2_s1"": 13.804, ""sunken"": false, ""thickness_authority"": ""PROJECT_DEFAULT"", ""thickness_mm"": 160.0}",2.20864,0,,2.20864,2.20864,,,RELEASED_S9_DELTA,"PANEL_POLYGON (S1, recomputed) x THICKNESS (PROJECT_DEFAULT)",VERIFIED,,S7:SP-1F_ROOF_SLAB-04,"[""PANEL BETWEEN BEAM / COLUMN FACES (S9-MC1)""]"
SP-1F_ROOF_SLAB-05,SLABS,SLAB_PANEL,1F,SLABS,S9 (concrete) / S7 (bars),ST7757 FFRS SLABFACE:FFRS:RB-ca285bed62cbe3e8 (7 boundary handles),"{""area_m2_recomputed"": 17.705, ""area_m2_s1"": 17.705, ""sunken"": false, ""thickness_authority"": ""PROJECT_DEFAULT"", ""thickness_mm"": 160.0}",2.8328,0,,2.8328,2.8328,,,RELEASED_S9_DELTA,"PANEL_POLYGON (S1, recomputed) x THICKNESS (PROJECT_DEFAULT)",VERIFIED,,S7:SP-1F_ROOF_SLAB-05,"[""PANEL BETWEEN BEAM / COLUMN FACES (S9-MC1)""]"
SP-1F_ROOF_SLAB-06,SLABS,OPEN_TO_BELOW,1F,SLABS,S9 (concrete) / S7 (bars),ST7757 FFRS SLABFACE:FFRS:RB-8964693cf75d1d62 (8 boundary handles),"{""area_m2_recomputed"": 3.24, ""area_m2_s1"": 3.24, ""sunken"": false, ""thickness_authority"": ""NOT_APPLICABLE"", ""thickness_mm"": null}",,,,,,,,NOT_APPLICABLE,OPEN_TO_BELOW (no slab concrete),,,S7:SP-1F_ROOF_SLAB-06,
SP-1F_ROOF_SLAB-07,SLABS,SLAB_PANEL,1F,SLABS,S9 (concrete) / S7 (bars),ST7757 FFRS SLABFACE:FFRS:RB-c694d8f6fbcf9c39 (5 boundary handles),"{""area_m2_recomputed"": 4.413506, ""area_m2_s1"": 4.414, ""sunken"": false, ""thickness_authority"": ""PROJECT_DEFAULT"", ""thickness_mm"": 160.0}",0.70624,0,,0.70624,0.70624,,,RELEASED_S9_DELTA,"PANEL_POLYGON (S1, recomputed) x THICKNESS (PROJECT_DEFAULT)",VERIFIED,,S7:SP-1F_ROOF_SLAB-07,"[""PANEL BETWEEN BEAM / COLUMN FACES (S9-MC1)""]"
SP-1F_ROOF_SLAB-08,SLABS,SLAB_PANEL,1F,SLABS,S9 (concrete) / S7 (bars),ST7757 FFRS SLABFACE:FFRS:RB-b4bbef6a8fcf292e (4 boundary handles),"{""area_m2_recomputed"": 3.22046, ""area_m2_s1"": 3.22, ""sunken"": false, ""thickness_authority"": ""PROJECT_DEFAULT"", ""thickness_mm"": 160.0}",0.5152,0,,0.5152,0.5152,,,RELEASED_S9_DELTA,"PANEL_POLYGON (S1, recomputed) x THICKNESS (PROJECT_DEFAULT)",VERIFIED,,S7:SP-1F_ROOF_SLAB-08,"[""PANEL BETWEEN BEAM / COLUMN FACES (S9-MC1)""]"
SP-1F_ROOF_SLAB-09,SLABS,SLAB_PANEL,1F,SLABS,S9 (concrete) / S7 (bars),ST7757 FFRS SLABFACE:FFRS:RB-638c09b02ec70a47 (4 boundary handles),"{""area_m2_recomputed"": 2.761904, ""area_m2_s1"": 2.762, ""sunken"": false, ""thickness_authority"": ""PROJECT_DEFAULT"", ""thickness_mm"": 160.0}",0.44192,0,,0.44192,0.44192,,,RELEASED_S9_DELTA,"PANEL_POLYGON (S1, recomputed) x THICKNESS (PROJECT_DEFAULT)",VERIFIED,,S7:SP-1F_ROOF_SLAB-09,"[""PANEL BETWEEN BEAM / COLUMN FACES (S9-MC1)""]"
SP-1F_ROOF_SLAB-10,SLABS,OUTSIDE_BUILDING_OR_COURT,1F,SLABS,S9 (concrete) / S7 (bars),ST7757 FFRS SLABFACE:FFRS:RB-d2641f30b37f5144 (4 boundary handles),"{""area_m2_recomputed"": 253.822814, ""area_m2_s1"": 253.823, ""sunken"": false, ""thickness_authority"": ""NOT_APPLICABLE"", ""thickness_mm"": null}",,,,,,,,NOT_APPLICABLE,OUTSIDE_BUILDING_OR_COURT (no slab concrete),,,S7:SP-1F_ROOF_SLAB-10,
SP-1F_ROOF_SLAB-11,SLABS,SLAB_PANEL,1F,SLABS,S9 (concrete) / S7 (bars),ST7757 FFRS SLABFACE:FFRS:RB-7c8b8f5a3001c0ba (7 boundary handles),"{""area_m2_recomputed"": 6.455, ""area_m2_s1"": 6.455, ""sunken"": false, ""thickness_authority"": ""PROJECT_DEFAULT"", ""thickness_mm"": 160.0}",1.0328,0,,1.0328,1.0328,,,RELEASED_S9_DELTA,"PANEL_POLYGON (S1, recomputed) x THICKNESS (PROJECT_DEFAULT)",VERIFIED,,S7:SP-1F_ROOF_SLAB-11,"[""PANEL BETWEEN BEAM / COLUMN FACES (S9-MC1)""]"
SP-1F_ROOF_SLAB-12,SLABS,SLAB_PANEL,1F,SLABS,S9 (concrete) / S7 (bars),ST7757 FFRS SLABFACE:FFRS:RB-875084cb85a88315 (4 boundary handles),"{""area_m2_recomputed"": 4.214807, ""area_m2_s1"": 4.215, ""sunken"": false, ""thickness_authority"": ""PROJECT_DEFAULT"", ""thickness_mm"": 160.0}",0.6744,0,,0.6744,0.6744,,,RELEASED_S9_DELTA,"PANEL_POLYGON (S1, recomputed) x THICKNESS (PROJECT_DEFAULT)",VERIFIED,,S7:SP-1F_ROOF_SLAB-12,"[""PANEL BETWEEN BEAM / COLUMN FACES (S9-MC1)""]"
SP-1F_ROOF_SLAB-13,SLABS,DOME_ZONE,1F,DOMES,S8.3,ST7757 FFRS SLABFACE:FFRS:RB-1b02865dce13740b (6 boundary handles),"{""area_m2_recomputed"": 3.691881, ""area_m2_s1"": 3.692, ""sunken"": false, ""thickness_authority"": ""EXCLUDED_SPECIAL_STRUCTURE"", ""thickness_mm"": null}",,,,,,,,EXCLUDED_OWNED_BY_OTHER_FAMILY,DOME_ZONE (S8.3 owns the shells and rings),PROVISIONAL,,S7:SP-1F_ROOF_SLAB-13,
SP-1F_ROOF_SLAB-14,SLABS,DOME_ZONE,1F,DOMES,S8.3,ST7757 FFRS SLABFACE:FFRS:RB-c938a61c415c25b6 (4 boundary handles),"{""area_m2_recomputed"": 3.792015, ""area_m2_s1"": 3.792, ""sunken"": false, ""thickness_authority"": ""EXCLUDED_SPECIAL_STRUCTURE"", ""thickness_mm"": null}",,,,,,,,EXCLUDED_OWNED_BY_OTHER_FAMILY,DOME_ZONE (S8.3 owns the shells and rings),PROVISIONAL,,S7:SP-1F_ROOF_SLAB-14,
SP-1F_ROOF_SLAB-15,SLABS,DOME_ZONE,1F,DOMES,S8.3,ST7757 FFRS SLABFACE:FFRS:RB-e1beb45dcef7130a (4 boundary handles),"{""area_m2_recomputed"": 3.819903, ""area_m2_s1"": 3.82, ""sunken"": false, ""thickness_authority"": ""EXCLUDED_SPECIAL_STRUCTURE"", ""thickness_mm"": null}",,,,,,,,EXCLUDED_OWNED_BY_OTHER_FAMILY,DOME_ZONE (S8.3 owns the shells and rings),PROVISIONAL,,S7:SP-1F_ROOF_SLAB-15,
SP-1F_ROOF_SLAB-16,SLABS,DOME_ZONE,1F,DOMES,S8.3,ST7757 FFRS SLABFACE:FFRS:RB-4be993b8c346a972 (3 boundary handles),"{""area_m2_recomputed"": 3.834881, ""area_m2_s1"": 3.835, ""sunken"": false, ""thickness_authority"": ""EXCLUDED_SPECIAL_STRUCTURE"", ""thickness_mm"": null}",,,,,,,,EXCLUDED_OWNED_BY_OTHER_FAMILY,DOME_ZONE (S8.3 owns the shells and rings),PROVISIONAL,,S7:SP-1F_ROOF_SLAB-16,
SP-1F_ROOF_SLAB-17,SLABS,DOME_ZONE,1F,DOMES,S8.3,ST7757 FFRS SLABFACE:FFRS:RB-d0536d24e6d2962e (3 boundary handles),"{""area_m2_recomputed"": 3.834881, ""area_m2_s1"": 3.835, ""sunken"": false, ""thickness_authority"": ""EXCLUDED_SPECIAL_STRUCTURE"", ""thickness_mm"": null}",,,,,,,,EXCLUDED_OWNED_BY_OTHER_FAMILY,DOME_ZONE (S8.3 owns the shells and rings),PROVISIONAL,,S7:SP-1F_ROOF_SLAB-17,
SP-1F_ROOF_SLAB-18,SLABS,DOME_ZONE,1F,DOMES,S8.3,ST7757 FFRS SLABFACE:FFRS:RB-65080bf84af19dbb (4 boundary handles),"{""area_m2_recomputed"": 3.819903, ""area_m2_s1"": 3.82, ""sunken"": false, ""thickness_authority"": ""EXCLUDED_SPECIAL_STRUCTURE"", ""thickness_mm"": null}",,,,,,,,EXCLUDED_OWNED_BY_OTHER_FAMILY,DOME_ZONE (S8.3 owns the shells and rings),PROVISIONAL,,S7:SP-1F_ROOF_SLAB-18,
SP-1F_ROOF_SLAB-19,SLABS,DOME_ZONE,1F,DOMES,S8.3,ST7757 FFRS SLABFACE:FFRS:RB-66debf23d5f5ee03 (4 boundary handles),"{""area_m2_recomputed"": 3.792015, ""area_m2_s1"": 3.792, ""sunken"": false, ""thickness_authority"": ""EXCLUDED_SPECIAL_STRUCTURE"", ""thickness_mm"": null}",,,,,,,,EXCLUDED_OWNED_BY_OTHER_FAMILY,DOME_ZONE (S8.3 owns the shells and rings),PROVISIONAL,,S7:SP-1F_ROOF_SLAB-19,
SP-1F_ROOF_SLAB-20,SLABS,DOME_ZONE,1F,DOMES,S8.3,ST7757 FFRS SLABFACE:FFRS:RB-c6163fb0d459e836 (6 boundary handles),"{""area_m2_recomputed"": 3.691881, ""area_m2_s1"": 3.692, ""sunken"": false, ""thickness_authority"": ""EXCLUDED_SPECIAL_STRUCTURE"", ""thickness_mm"": null}",,,,,,,,EXCLUDED_OWNED_BY_OTHER_FAMILY,DOME_ZONE (S8.3 owns the shells and rings),PROVISIONAL,,S7:SP-1F_ROOF_SLAB-20,
SP-1F_ROOF_SLAB-21,SLABS,SLAB_PANEL,1F,SLABS,S9 (concrete) / S7 (bars),ST7757 FFRS SLABFACE:FFRS:RB-7b7aa90dda1e189c (4 boundary handles),"{""area_m2_recomputed"": 20.855, ""area_m2_s1"": 20.855, ""sunken"": false, ""thickness_authority"": ""LOCAL_PANEL"", ""thickness_mm"": 160.0}",3.3368,0,,3.3368,3.3368,,,RELEASED_S9_DELTA,"PANEL_POLYGON (S1, recomputed) x THICKNESS (LOCAL_PANEL)",VERIFIED,,S7:SP-1F_ROOF_SLAB-21,"[""PANEL BETWEEN BEAM / COLUMN FACES (S9-MC1)""]"
SP-1F_ROOF_SLAB-22,SLABS,SLAB_PANEL,1F,SLABS,S9 (concrete) / S7 (bars),ST7757 FFRS SLABFACE:FFRS:RB-16279570d7aab82d (4 boundary handles),"{""area_m2_recomputed"": 11.028459, ""area_m2_s1"": 11.028, ""sunken"": false, ""thickness_authority"": ""PROJECT_DEFAULT"", ""thickness_mm"": 160.0}",1.76448,0,,1.76448,1.76448,,,RELEASED_S9_DELTA,"PANEL_POLYGON (S1, recomputed) x THICKNESS (PROJECT_DEFAULT)",VERIFIED,,S7:SP-1F_ROOF_SLAB-22,"[""PANEL BETWEEN BEAM / COLUMN FACES (S9-MC1)""]"
SP-1F_ROOF_SLAB-23,SLABS,SLAB_PANEL,1F,SLABS,S9 (concrete) / S7 (bars),ST7757 FFRS SLABFACE:FFRS:RB-883f8d4e1b91ba02 (4 boundary handles),"{""area_m2_recomputed"": 11.028454, ""area_m2_s1"": 11.028, ""sunken"": false, ""thickness_authority"": ""PROJECT_DEFAULT"", ""thickness_mm"": 160.0}",1.76448,0,,1.76448,1.76448,,,RELEASED_S9_DELTA,"PANEL_POLYGON (S1, recomputed) x THICKNESS (PROJECT_DEFAULT)",VERIFIED,,S7:SP-1F_ROOF_SLAB-23,"[""PANEL BETWEEN BEAM / COLUMN FACES (S9-MC1)""]"
SP-1F_ROOF_SLAB-24,SLABS,SLAB_PANEL,1F,SLABS,S9 (concrete) / S7 (bars),ST7757 FFRS SLABFACE:FFRS:RB-7f5c1376a64234d2 (4 boundary handles),"{""area_m2_recomputed"": 4.557297, ""area_m2_s1"": 4.557, ""sunken"": false, ""thickness_authority"": ""PROJECT_DEFAULT"", ""thickness_mm"": 160.0}",0.72912,0,,0.72912,0.72912,,,RELEASED_S9_DELTA,"PANEL_POLYGON (S1, recomputed) x THICKNESS (PROJECT_DEFAULT)",VERIFIED,,S7:SP-1F_ROOF_SLAB-24,"[""PANEL BETWEEN BEAM / COLUMN FACES (S9-MC1)""]"
SP-1F_ROOF_SLAB-25,SLABS,SLAB_PANEL,1F,SLABS,S9 (concrete) / S7 (bars),ST7757 FFRS SLABFACE:FFRS:RB-c507222a99cdc93e (5 boundary handles),"{""area_m2_recomputed"": 4.68359, ""area_m2_s1"": 4.684, ""sunken"": false, ""thickness_authority"": ""PROJECT_DEFAULT"", ""thickness_mm"": 160.0}",0.74944,0,,0.74944,0.74944,,,RELEASED_S9_DELTA,"PANEL_POLYGON (S1, recomputed) x THICKNESS (PROJECT_DEFAULT)",VERIFIED,,S7:SP-1F_ROOF_SLAB-25,"[""PANEL BETWEEN BEAM / COLUMN FACES (S9-MC1)""]"
SP-2F_ROOF_SLAB-01,SLABS,SLAB_PANEL,2F,WATER_TANK_ROOF,S8.4,ST7757 SFRS SLABFACE:SFRS:RB-e790709b45b2cab3 (8 boundary handles),"{""area_m2_recomputed"": 8.235, ""area_m2_s1"": 8.235, ""sunken"": false, ""thickness_authority"": ""LOCAL_PANEL"", ""thickness_mm"": 180.0}",,,,,,,,EXCLUDED_OWNED_BY_OTHER_FAMILY,released by S8.4 (frozen),VERIFIED,,S7:SP-2F_ROOF_SLAB-01,
SP-2F_ROOF_SLAB-02,SLABS,SLAB_PANEL,2F,WATER_TANK_ROOF,S8.4,ST7757 SFRS SLABFACE:SFRS:RB-ce3d6131a9f7fd50 (5 boundary handles),"{""area_m2_recomputed"": 5.4, ""area_m2_s1"": 5.4, ""sunken"": false, ""thickness_authority"": ""LOCAL_PANEL"", ""thickness_mm"": 180.0}",,,,,,,,EXCLUDED_OWNED_BY_OTHER_FAMILY,released by S8.4 (frozen),VERIFIED,,S7:SP-2F_ROOF_SLAB-02,
SP-2F_ROOF_SLAB-03,SLABS,SLAB_PANEL,2F,SLABS,S9 (concrete) / S7 (bars),ST7757 SFRS SLABFACE:SFRS:RB-5655d29d28f841bf (8 boundary handles),"{""area_m2_recomputed"": 3.24, ""area_m2_s1"": 3.24, ""sunken"": false, ""thickness_authority"": ""PROJECT_DEFAULT"", ""thickness_mm"": 160.0}",0.5184,0,,0.5184,0.5184,,,RELEASED_S9_DELTA,"PANEL_POLYGON (S1, recomputed) x THICKNESS (PROJECT_DEFAULT)",VERIFIED,,S7:SP-2F_ROOF_SLAB-03,"[""PANEL BETWEEN BEAM / COLUMN FACES (S9-MC1)""]"
SP-2F_ROOF_SLAB-04,SLABS,SLAB_PANEL,2F,SLABS,S9 (concrete) / S7 (bars),ST7757 SFRS SLABFACE:SFRS:RB-97c6a37adc26ce81 (8 boundary handles),"{""area_m2_recomputed"": 15.0, ""area_m2_s1"": 15.0, ""sunken"": false, ""thickness_authority"": ""PROJECT_DEFAULT"", ""thickness_mm"": 160.0}",2.4,0,,2.4,2.4,,,RELEASED_S9_DELTA,"PANEL_POLYGON (S1, recomputed) x THICKNESS (PROJECT_DEFAULT)",VERIFIED,,S7:SP-2F_ROOF_SLAB-04,"[""PANEL BETWEEN BEAM / COLUMN FACES (S9-MC1)""]"
SP-2F_ROOF_SLAB-05,SLABS,OUTSIDE_BUILDING_OR_COURT,2F,SLABS,S9 (concrete) / S7 (bars),ST7757 SFRS SLABFACE:SFRS:RB-d2641f30b37f5144 (4 boundary handles),"{""area_m2_recomputed"": 253.995314, ""area_m2_s1"": 253.995, ""sunken"": false, ""thickness_authority"": ""NOT_APPLICABLE"", ""thickness_mm"": null}",,,,,,,,NOT_APPLICABLE,OUTSIDE_BUILDING_OR_COURT (no slab concrete),,,S7:SP-2F_ROOF_SLAB-05,
SP-2F_ROOF_SLAB-06,SLABS,SLAB_PANEL,2F,SLABS,S9 (concrete) / S7 (bars),ST7757 SFRS SLABFACE:SFRS:RB-506d1196b6eba373 (7 boundary handles),"{""area_m2_recomputed"": 7.25, ""area_m2_s1"": 7.25, ""sunken"": false, ""thickness_authority"": ""PROJECT_DEFAULT"", ""thickness_mm"": 160.0}",1.16,0,,1.16,1.16,,,RELEASED_S9_DELTA,"PANEL_POLYGON (S1, recomputed) x THICKNESS (PROJECT_DEFAULT)",VERIFIED,,S7:SP-2F_ROOF_SLAB-06,"[""PANEL BETWEEN BEAM / COLUMN FACES (S9-MC1)""]"
SP-2F_ROOF_SLAB-07,SLABS,SLAB_PANEL,2F,SLABS,S9 (concrete) / S7 (bars),ST7757 SFRS SLABFACE:SFRS:RB-13593c15e90502fc (4 boundary handles),"{""area_m2_recomputed"": 2.16, ""area_m2_s1"": 2.16, ""sunken"": false, ""thickness_authority"": ""PROJECT_DEFAULT"", ""thickness_mm"": 160.0}",0.3456,0,,0.3456,0.3456,,,RELEASED_S9_DELTA,"PANEL_POLYGON (S1, recomputed) x THICKNESS (PROJECT_DEFAULT)",VERIFIED,,S7:SP-2F_ROOF_SLAB-07,"[""PANEL BETWEEN BEAM / COLUMN FACES (S9-MC1)""]"
SP-2F_ROOF_SLAB-08,SLABS,SLAB_PANEL,2F,SLABS,S9 (concrete) / S7 (bars),ST7757 SFRS SLABFACE:SFRS:RB-f92a13d654de1be4 (4 boundary handles),"{""area_m2_recomputed"": 3.6, ""area_m2_s1"": 3.6, ""sunken"": false, ""thickness_authority"": ""PROJECT_DEFAULT"", ""thickness_mm"": 160.0}",0.576,0,,0.576,0.576,,,RELEASED_S9_DELTA,"PANEL_POLYGON (S1, recomputed) x THICKNESS (PROJECT_DEFAULT)",VERIFIED,,S7:SP-2F_ROOF_SLAB-08,"[""PANEL BETWEEN BEAM / COLUMN FACES (S9-MC1)""]"
SP-2F_ROOF_SLAB-09,SLABS,OUTSIDE_BUILDING_OR_COURT,2F,SLABS,S9 (concrete) / S7 (bars),ST7757 SFRS SLABFACE:SFRS:RB-0853be186bd8ac53 (24 boundary handles),"{""area_m2_recomputed"": 128.396172, ""area_m2_s1"": 128.396, ""sunken"": false, ""thickness_authority"": ""NOT_APPLICABLE"", ""thickness_mm"": null}",,,,,,,,NOT_APPLICABLE,OUTSIDE_BUILDING_OR_COURT (no slab concrete),,,S7:SP-2F_ROOF_SLAB-09,
SP-GBP-01,SLABS,OUTSIDE_BUILDING_OR_COURT,GROUND,SLABS,S9 (concrete) / S7 (bars),ST7757 GBP SLABFACE:GBP:RB-22e83b57df23051c (28 boundary handles),"{""area_m2_recomputed"": 160.245361, ""area_m2_s1"": 160.245, ""sunken"": false, ""thickness_authority"": ""NOT_APPLICABLE"", ""thickness_mm"": null}",,,,,,,,NOT_APPLICABLE,OUTSIDE_BUILDING_OR_COURT (no slab concrete),,,S7:SP-GBP-01,
SP-GBP-02,GROUND_SLAB,SLAB_PANEL,GROUND,GROUND_SLAB,S8.1 / S8.1A,ST7757 GBP SLABFACE:GBP:RB-164c60db32636761 (7 boundary handles),"{""area_m2_recomputed"": 10.912109, ""area_m2_s1"": 10.912, ""sunken"": false, ""thickness_authority"": ""FLOOR_SPECIFIC_NOTE"", ""thickness_mm"": 100}",,,,,,1.091210923,,CONDITIONAL_NOT_RELEASED,GROUND_SLAB_NOTE_T10_SCOPE_OPEN,LOWER_BOUND,S8.1 / S8.1A: the 'T=10cm' ground-slab note's scope and the cover (cast against soil?) are not established for this face,S7:SP-GBP-02,"[""S8_1A_BLOCKED_AREA""]"
SP-GBP-03,GROUND_SLAB,SLAB_PANEL,GROUND,GROUND_SLAB,S8.1 / S8.1A,ST7757 GBP SLABFACE:GBP:RB-cb3056ca15647806 (5 boundary handles),"{""area_m2_recomputed"": 1.704031, ""area_m2_s1"": 1.704, ""sunken"": false, ""thickness_authority"": ""FLOOR_SPECIFIC_NOTE"", ""thickness_mm"": 100}",,,,,,0.170403066,,CONDITIONAL_NOT_RELEASED,GROUND_SLAB_NOTE_T10_SCOPE_OPEN,LOWER_BOUND,S8.1 / S8.1A: the 'T=10cm' ground-slab note's scope and the cover (cast against soil?) are not established for this face,S7:SP-GBP-03,"[""S8_1A_BLOCKED_AREA""]"
SP-GBP-04,GROUND_SLAB,SLAB_PANEL,GROUND,GROUND_SLAB,S8.1 / S8.1A,ST7757 GBP SLABFACE:GBP:RB-6adc3ea835b0e982 (5 boundary handles),"{""area_m2_recomputed"": 2.0625, ""area_m2_s1"": 2.062, ""sunken"": false, ""thickness_authority"": ""FLOOR_SPECIFIC_NOTE"", ""thickness_mm"": 100}",,,,,,0.20625,,CONDITIONAL_NOT_RELEASED,GROUND_SLAB_NOTE_T10_SCOPE_OPEN,LOWER_BOUND,S8.1 / S8.1A: the 'T=10cm' ground-slab note's scope and the cover (cast against soil?) are not established for this face,S7:SP-GBP-04,"[""S8_1A_BLOCKED_AREA""]"
SP-GBP-05,GROUND_SLAB,SLAB_PANEL,GROUND,GROUND_SLAB,S8.1 / S8.1A,ST7757 GBP SLABFACE:GBP:RB-437b2b5f21fbe8f2 (5 boundary handles),"{""area_m2_recomputed"": 3.834377, ""area_m2_s1"": 3.834, ""sunken"": false, ""thickness_authority"": ""FLOOR_SPECIFIC_NOTE"", ""thickness_mm"": 100}",,,,,,0.383437714,,CONDITIONAL_NOT_RELEASED,GROUND_SLAB_NOTE_T10_SCOPE_OPEN,LOWER_BOUND,S8.1 / S8.1A: the 'T=10cm' ground-slab note's scope and the cover (cast against soil?) are not established for this face,S7:SP-GBP-05,"[""S8_1A_BLOCKED_AREA""]"
SP-GBP-06,GROUND_SLAB,SLAB_PANEL,GROUND,GROUND_SLAB,S8.1 / S8.1A,ST7757 GBP SLABFACE:GBP:RB-c841a4196a53c504 (4 boundary handles),"{""area_m2_recomputed"": 3.255, ""area_m2_s1"": 3.255, ""sunken"": false, ""thickness_authority"": ""FLOOR_SPECIFIC_NOTE"", ""thickness_mm"": 100}",,,,,,0.3255,,CONDITIONAL_NOT_RELEASED,GROUND_SLAB_NOTE_T10_SCOPE_OPEN,LOWER_BOUND,S8.1 / S8.1A: the 'T=10cm' ground-slab note's scope and the cover (cast against soil?) are not established for this face,S7:SP-GBP-06,"[""S8_1A_BLOCKED_AREA""]"
SP-GBP-07,GROUND_SLAB,SLAB_PANEL,GROUND,GROUND_SLAB,S8.1 / S8.1A,ST7757 GBP SLABFACE:GBP:RB-1255af52f3aa374b (6 boundary handles),"{""area_m2_recomputed"": 2.052667, ""area_m2_s1"": 2.053, ""sunken"": false, ""thickness_authority"": ""FLOOR_SPECIFIC_NOTE"", ""thickness_mm"": 100}",,,,,,0.205266703,,CONDITIONAL_NOT_RELEASED,GROUND_SLAB_NOTE_T10_SCOPE_OPEN,LOWER_BOUND,S8.1 / S8.1A: the 'T=10cm' ground-slab note's scope and the cover (cast against soil?) are not established for this face,S7:SP-GBP-07,"[""S8_1A_BLOCKED_AREA""]"
SP-GBP-08,GROUND_SLAB,SLAB_PANEL,GROUND,GROUND_SLAB,S8.1,ST7757 GBP SLABFACE:GBP:RB-d307dca1f17ae7be (5 boundary handles),"{""area_m2_recomputed"": 14.893125, ""area_m2_s1"": 14.893, ""sunken"": false, ""thickness_authority"": ""FLOOR_SPECIFIC_NOTE"", ""thickness_mm"": null}",,,,,,,,EXCLUDED_OWNED_BY_OTHER_FAMILY,released by S8.1 as S8.1-C-GS-ZONE-1690,LOWER_BOUND,,S7:SP-GBP-08,
SP-GBP-09,GROUND_SLAB,SLAB_PANEL,GROUND,GROUND_SLAB,S8.1 / S8.1A,ST7757 GBP SLABFACE:GBP:RB-844c983386116547 (6 boundary handles),"{""area_m2_recomputed"": 4.18, ""area_m2_s1"": 4.18, ""sunken"": false, ""thickness_authority"": ""FLOOR_SPECIFIC_NOTE"", ""thickness_mm"": 100}",,,,,,0.418,,CONDITIONAL_NOT_RELEASED,GROUND_SLAB_NOTE_T10_SCOPE_OPEN,LOWER_BOUND,S8.1 / S8.1A: the 'T=10cm' ground-slab note's scope and the cover (cast against soil?) are not established for this face,S7:SP-GBP-09,"[""S8_1A_BLOCKED_AREA""]"
SP-GBP-10,GROUND_SLAB,SLAB_PANEL,GROUND,GROUND_SLAB,S8.1 / S8.1A,ST7757 GBP SLABFACE:GBP:RB-fe502ff8fab2cc0e (5 boundary handles),"{""area_m2_recomputed"": 2.6825, ""area_m2_s1"": 2.683, ""sunken"": false, ""thickness_authority"": ""FLOOR_SPECIFIC_NOTE"", ""thickness_mm"": 100}",,,,,,0.26825,,CONDITIONAL_NOT_RELEASED,GROUND_SLAB_NOTE_T10_SCOPE_OPEN,LOWER_BOUND,S8.1 / S8.1A: the 'T=10cm' ground-slab note's scope and the cover (cast against soil?) are not established for this face,S7:SP-GBP-10,"[""S8_1A_BLOCKED_AREA""]"
SP-GBP-11,GROUND_SLAB,SLAB_PANEL,GROUND,GROUND_SLAB,S8.1 / S8.1A,ST7757 GBP SLABFACE:GBP:RB-796692e368e6e518 (6 boundary handles),"{""area_m2_recomputed"": 14.893125, ""area_m2_s1"": 14.893, ""sunken"": false, ""thickness_authority"": ""FLOOR_SPECIFIC_NOTE"", ""thickness_mm"": 100}",,,,,,1.4893125,,CONDITIONAL_NOT_RELEASED,GROUND_SLAB_NOTE_T10_SCOPE_OPEN,LOWER_BOUND,S8.1 / S8.1A: the 'T=10cm' ground-slab note's scope and the cover (cast against soil?) are not established for this face,S7:SP-GBP-11,"[""S8_1A_BLOCKED_AREA""]"
SP-GBP-12,SLABS,STAIR_FLIGHT_ZONE,GROUND,STAIRS,S8.7,ST7757 GBP SLABFACE:GBP:RB-bb0099152bddfcfc (4 boundary handles),"{""area_m2_recomputed"": 8.372328, ""area_m2_s1"": 8.372, ""sunken"": false, ""thickness_authority"": ""BLOCKED"", ""thickness_mm"": null}",,,,,,,,EXCLUDED_OWNED_BY_OTHER_FAMILY,STAIR_FLIGHT_ZONE (S8.7 owns the flights and landings),BLOCKED,,S7:SP-GBP-12,
SP-GBP-13,GROUND_SLAB,SLAB_PANEL,GROUND,GROUND_SLAB,S8.1 / S8.1A,ST7757 GBP SLABFACE:GBP:RB-47a72fac643109b4 (8 boundary handles),"{""area_m2_recomputed"": 24.505, ""area_m2_s1"": 24.505, ""sunken"": false, ""thickness_authority"": ""FLOOR_SPECIFIC_NOTE"", ""thickness_mm"": 100}",,,,,,2.4505,,CONDITIONAL_NOT_RELEASED,GROUND_SLAB_NOTE_T10_SCOPE_OPEN,LOWER_BOUND,S8.1 / S8.1A: the 'T=10cm' ground-slab note's scope and the cover (cast against soil?) are not established for this face,S7:SP-GBP-13,"[""S8_1A_BLOCKED_AREA""]"
SP-GBP-14,GROUND_SLAB,SLAB_PANEL,GROUND,GROUND_SLAB,S8.1,ST7757 GBP SLABFACE:GBP:RB-737be5e35599529f (8 boundary handles),"{""area_m2_recomputed"": 22.964402, ""area_m2_s1"": 22.964, ""sunken"": false, ""thickness_authority"": ""FLOOR_SPECIFIC_NOTE"", ""thickness_mm"": null}",,,,,,,,EXCLUDED_OWNED_BY_OTHER_FAMILY,released by S8.1 as S8.1-C-GS-ZONE-169D,LOWER_BOUND,,S7:SP-GBP-14,
SP-GBP-15,GROUND_SLAB,SLAB_PANEL,GROUND,GROUND_SLAB,S8.1 / S8.1A,ST7757 GBP SLABFACE:GBP:RB-5abc9ada35d80b7c (5 boundary handles),"{""area_m2_recomputed"": 6.88, ""area_m2_s1"": 6.88, ""sunken"": false, ""thickness_authority"": ""FLOOR_SPECIFIC_NOTE"", ""thickness_mm"": 100}",,,,,,0.688,,CONDITIONAL_NOT_RELEASED,GROUND_SLAB_NOTE_T10_SCOPE_OPEN,LOWER_BOUND,S8.1 / S8.1A: the 'T=10cm' ground-slab note's scope and the cover (cast against soil?) are not established for this face,S7:SP-GBP-15,"[""S8_1A_BLOCKED_AREA""]"
SP-GBP-16,GROUND_SLAB,SLAB_PANEL,GROUND,GROUND_SLAB,S8.1 / S8.1A,ST7757 GBP SLABFACE:GBP:RB-39d6e863e70f98c4 (6 boundary handles),"{""area_m2_recomputed"": 11.61, ""area_m2_s1"": 11.61, ""sunken"": false, ""thickness_authority"": ""FLOOR_SPECIFIC_NOTE"", ""thickness_mm"": 100}",,,,,,1.161,,CONDITIONAL_NOT_RELEASED,GROUND_SLAB_NOTE_T10_SCOPE_OPEN,LOWER_BOUND,S8.1 / S8.1A: the 'T=10cm' ground-slab note's scope and the cover (cast against soil?) are not established for this face,S7:SP-GBP-16,"[""S8_1A_BLOCKED_AREA""]"
SP-GBP-17,GROUND_SLAB,SLAB_PANEL,GROUND,GROUND_SLAB,S8.1 / S8.1A,ST7757 GBP SLABFACE:GBP:RB-790891af7cd21dad (5 boundary handles),"{""area_m2_recomputed"": 14.5258, ""area_m2_s1"": 14.526, ""sunken"": false, ""thickness_authority"": ""FLOOR_SPECIFIC_NOTE"", ""thickness_mm"": 100}",,,,,,1.45257996,,CONDITIONAL_NOT_RELEASED,GROUND_SLAB_NOTE_T10_SCOPE_OPEN,LOWER_BOUND,S8.1 / S8.1A: the 'T=10cm' ground-slab note's scope and the cover (cast against soil?) are not established for this face,S7:SP-GBP-17,"[""S8_1A_BLOCKED_AREA""]"
SP-GBP-18,GROUND_SLAB,SLAB_PANEL,GROUND,GROUND_SLAB,S8.1 / S8.1A,ST7757 GBP SLABFACE:GBP:RB-1bb509e2983f772e (6 boundary handles),"{""area_m2_recomputed"": 6.86, ""area_m2_s1"": 6.86, ""sunken"": false, ""thickness_authority"": ""FLOOR_SPECIFIC_NOTE"", ""thickness_mm"": 100}",,,,,,0.686,,CONDITIONAL_NOT_RELEASED,GROUND_SLAB_NOTE_T10_SCOPE_OPEN,LOWER_BOUND,S8.1 / S8.1A: the 'T=10cm' ground-slab note's scope and the cover (cast against soil?) are not established for this face,S7:SP-GBP-18,"[""S8_1A_BLOCKED_AREA""]"
SP-GBP-19,GROUND_SLAB,SLAB_PANEL,GROUND,GROUND_SLAB,S8.1 / S8.1A,ST7757 GBP SLABFACE:GBP:RB-6a84103bfafe0b35 (4 boundary handles),"{""area_m2_recomputed"": 3.1175, ""area_m2_s1"": 3.118, ""sunken"": false, ""thickness_authority"": ""FLOOR_SPECIFIC_NOTE"", ""thickness_mm"": 100}",,,,,,0.31175,,CONDITIONAL_NOT_RELEASED,GROUND_SLAB_NOTE_T10_SCOPE_OPEN,LOWER_BOUND,S8.1 / S8.1A: the 'T=10cm' ground-slab note's scope and the cover (cast against soil?) are not established for this face,S7:SP-GBP-19,"[""S8_1A_BLOCKED_AREA""]"
SP-GBP-20,GROUND_SLAB,SLAB_PANEL,GROUND,GROUND_SLAB,S8.1 / S8.1A,ST7757 GBP SLABFACE:GBP:RB-47793bedcf5d0138 (4 boundary handles),"{""area_m2_recomputed"": 1.44, ""area_m2_s1"": 1.44, ""sunken"": false, ""thickness_authority"": ""FLOOR_SPECIFIC_NOTE"", ""thickness_mm"": 100}",,,,,,0.144,,CONDITIONAL_NOT_RELEASED,GROUND_SLAB_NOTE_T10_SCOPE_OPEN,LOWER_BOUND,S8.1 / S8.1A: the 'T=10cm' ground-slab note's scope and the cover (cast against soil?) are not established for this face,S7:SP-GBP-20,"[""S8_1A_BLOCKED_AREA""]"
SP-GBP-21,GROUND_SLAB,SLAB_PANEL,GROUND,GROUND_SLAB,S8.1 / S8.1A,ST7757 GBP SLABFACE:GBP:RB-352d519a931e2c5c (4 boundary handles),"{""area_m2_recomputed"": 1.14, ""area_m2_s1"": 1.14, ""sunken"": false, ""thickness_authority"": ""FLOOR_SPECIFIC_NOTE"", ""thickness_mm"": 100}",,,,,,0.114,,CONDITIONAL_NOT_RELEASED,GROUND_SLAB_NOTE_T10_SCOPE_OPEN,LOWER_BOUND,S8.1 / S8.1A: the 'T=10cm' ground-slab note's scope and the cover (cast against soil?) are not established for this face,S7:SP-GBP-21,"[""S8_1A_BLOCKED_AREA""]"
SP-GBP-22,GROUND_SLAB,SLAB_PANEL,GROUND,GROUND_SLAB,S8.1 / S8.1A,ST7757 GBP SLABFACE:GBP:RB-477fa18219b3a5ee (7 boundary handles),"{""area_m2_recomputed"": 8.124, ""area_m2_s1"": 8.124, ""sunken"": false, ""thickness_authority"": ""FLOOR_SPECIFIC_NOTE"", ""thickness_mm"": 100}",,,,,,0.8124,,CONDITIONAL_NOT_RELEASED,GROUND_SLAB_NOTE_T10_SCOPE_OPEN,LOWER_BOUND,S8.1 / S8.1A: the 'T=10cm' ground-slab note's scope and the cover (cast against soil?) are not established for this face,S7:SP-GBP-22,"[""S8_1A_BLOCKED_AREA""]"
SP-GBP-23,GROUND_SLAB,SLAB_PANEL,GROUND,GROUND_SLAB,S8.1 / S8.1A,ST7757 GBP SLABFACE:GBP:RB-2389a2464166a47e (6 boundary handles),"{""area_m2_recomputed"": 6.000148, ""area_m2_s1"": 6.0, ""sunken"": false, ""thickness_authority"": ""FLOOR_SPECIFIC_NOTE"", ""thickness_mm"": 100}",,,,,,0.60001482,,CONDITIONAL_NOT_RELEASED,GROUND_SLAB_NOTE_T10_SCOPE_OPEN,LOWER_BOUND,S8.1 / S8.1A: the 'T=10cm' ground-slab note's scope and the cover (cast against soil?) are not established for this face,S7:SP-GBP-23,"[""S8_1A_BLOCKED_AREA""]"
S8.1-C-GS-ZONE-1690,GROUND_SLAB,cell GS-ZONE-1690 (SP-GBP-08),GROUND,GROUND_SLAB,S8.1 (S8.1A: unchanged),"S8.1 03 PROJECT_GEOMETRY (ground-beam inner faces as drawn; the arc as an arc; axis spacing agrees with the printed dimension chains, the face offsets are drawn only)","{""area_m2"": 14.893125, ""thickness_mm"": 100.0}",1.4893125,0,,1.4893125,1.4893125,,,RELEASED_FROZEN_STAGE,PROJECT_BASIS_QTO,,,S8.1:GS-ZONE-1690,
S8.1-C-GS-ZONE-169D,GROUND_SLAB,cell GS-ZONE-169D (SP-GBP-14),GROUND,GROUND_SLAB,S8.1 (S8.1A: unchanged),"S8.1 03 PROJECT_GEOMETRY (ground-beam inner faces as drawn; the arc as an arc; axis spacing agrees with the printed dimension chains, the face offsets are drawn only)","{""area_m2"": 22.965398163397, ""thickness_mm"": 100.0}",2.296539816,0,,2.296539816,2.296539816,,,RELEASED_FROZEN_STAGE,PROJECT_BASIS_QTO,,,S8.1:GS-ZONE-169D,
PL-BASE-DEEP,POOL,deep-end base: plan extent x 0.40,GROUND,POOL,S8.2 / S8.2A,S8.2 03,,,,,,,,,BLOCKED_UNQUANTIFIED,BLOCKED_UNQUANTIFIED,,plan extent of the deep zone ('AS PER ARCH' 1985; not printed in the architectural set),,
PL-BASE-SLOPE,POOL,sloping base,GROUND,POOL,S8.2 / S8.2A,S8.2 03,,,,,,,,,BLOCKED_UNQUANTIFIED,BLOCKED_UNQUANTIFIED,,plan extent and rise ('AS PER ARCH' 1977); thickness (drawn only),,
PL-BASE-SHALLOW,POOL,shallow-end base,GROUND,POOL,S8.2 / S8.2A,S8.2 03,,,,,,,,,BLOCKED_UNQUANTIFIED,BLOCKED_UNQUANTIFIED,,"plan extent ('AS PER ARCH' 1969); thickness (drawn equal to 40, not dimensioned)",,
PL-WALL-RUN-E,POOL,PL-WALL-RUN-E: band x height above the base top,GROUND,POOL,S8.2 / S8.2A,S8.2 03,,,,,,,,,BLOCKED_UNQUANTIFIED,BLOCKED_UNQUANTIFIED,,wall height above the base top ('AS PER ARCH' 1931 / 1993; varies from the deep to the shallow end),,
PL-WALL-RUN-N,POOL,PL-WALL-RUN-N: band x height above the base top,GROUND,POOL,S8.2 / S8.2A,S8.2 03,,,,,,,,,BLOCKED_UNQUANTIFIED,BLOCKED_UNQUANTIFIED,,wall height above the base top ('AS PER ARCH' 1931 / 1993; varies from the deep to the shallow end),,
PL-WALL-RUN-S,POOL,PL-WALL-RUN-S: band x height above the base top,GROUND,POOL,S8.2 / S8.2A,S8.2 03,,,,,,,,,BLOCKED_UNQUANTIFIED,BLOCKED_UNQUANTIFIED,,wall height above the base top ('AS PER ARCH' 1931 / 1993; varies from the deep to the shallow end),,
PL-WALL-RUN-W,POOL,PL-WALL-RUN-W: band x height above the base top,GROUND,POOL,S8.2 / S8.2A,S8.2 03,,,,,,,,,BLOCKED_UNQUANTIFIED,BLOCKED_UNQUANTIFIED,,wall height above the base top ('AS PER ARCH' 1931 / 1993; varies from the deep to the shallow end),,
CQ-DOME-A-SHELL,DOMES,SHELL,1F,DOMES,"S8.3 (+ errata, S8.3A sensitivity)",S8.3 06,,2.540680661,0,,2.540680661,2.540680661,,,RELEASED_FROZEN_STAGE,PROJECT_BASIS_QTO,,,S8.3:DOME-A,
CQ-DOME-A-RING,DOMES,RING_BEAM,1F,DOMES,"S8.3 (+ errata, S8.3A sensitivity)",S8.3 06,,,,,,,,,SOURCE_CONFLICT,SOURCE_CONFLICT,,"ring depth 'AS PER ARCH' (not established); ring plan position: plan band r 2211-2411 vs detail band under the shell edge (CF-S8.3-02, -03)",S8.3:DOME-A,
CQ-DOME-A-DRUM,DOMES,DRUM_BETWEEN_ROOF_AND_SPRINGING,1F,DOMES,"S8.3 (+ errata, S8.3A sensitivity)",S8.3 06,,,,,,,,,BLOCKED_UNQUANTIFIED,BLOCKED_UNQUANTIFIED,,architecture draws a 1.30 m drum; whether it is the RC ring itself or a wall under it is not stated,S8.3:DOME-A,
CQ-DOME-A-OPENING,DOMES,SLAB_OPENING_UNDER_DOME,1F,DOMES,"S8.3 (+ errata, S8.3A sensitivity)",S8.3 06,,,,,,,,,NOT_APPLICABLE,NOT_APPLICABLE,,,S8.3:DOME-A,
CQ-DOME-B-SHELL,DOMES,SHELL,1F,DOMES,"S8.3 (+ errata, S8.3A sensitivity)",S8.3 06,,2.540680661,0,,2.540680661,2.540680661,,,RELEASED_FROZEN_STAGE,PROJECT_BASIS_QTO,,,S8.3:DOME-B,
CQ-DOME-B-RING,DOMES,RING_BEAM,1F,DOMES,"S8.3 (+ errata, S8.3A sensitivity)",S8.3 06,,,,,,,,,SOURCE_CONFLICT,SOURCE_CONFLICT,,"ring depth 'AS PER ARCH' (not established); ring plan position: plan band r 2211-2411 vs detail band under the shell edge (CF-S8.3-02, -03)",S8.3:DOME-B,
CQ-DOME-B-DRUM,DOMES,DRUM_BETWEEN_ROOF_AND_SPRINGING,1F,DOMES,"S8.3 (+ errata, S8.3A sensitivity)",S8.3 06,,,,,,,,,BLOCKED_UNQUANTIFIED,BLOCKED_UNQUANTIFIED,,architecture draws a 1.30 m drum; whether it is the RC ring itself or a wall under it is not stated,S8.3:DOME-B,
CQ-DOME-B-OPENING,DOMES,SLAB_OPENING_UNDER_DOME,1F,DOMES,"S8.3 (+ errata, S8.3A sensitivity)",S8.3 06,,,,,,,,,NOT_APPLICABLE,NOT_APPLICABLE,,,S8.3:DOME-B,
CQ-DOME-TOWER-SHELL,DOMES,SHELL,1F,DOMES,"S8.3 (+ errata, S8.3A sensitivity)",S8.3 06,,,,,,,,,SOURCE_CONFLICT,SOURCE_CONFLICT,,"architectural only: no structural dome, thickness, ring or support (CF-S8.3-01)",S8.3:DOME-TOWER,
S8.4-C-01,WATER_TANK_ROOF,SP-2F_ROOF_SLAB-01,2F,WATER_TANK_ROOF,S8.4,S8.4 04,"{""area_m2"": 8.235, ""thickness_mm"": 180.0}",1.4823,0,,1.4823,1.4823,,,RELEASED_FROZEN_STAGE,PROJECT_BASIS_QTO,,,S8.4:SP-2F_ROOF_SLAB-01,
S8.4-C-02,WATER_TANK_ROOF,SP-2F_ROOF_SLAB-02,2F,WATER_TANK_ROOF,S8.4,S8.4 04,"{""area_m2"": 5.4, ""thickness_mm"": 180.0}",0.972,0,,0.972,0.972,,,RELEASED_FROZEN_STAGE,PROJECT_BASIS_QTO,,,S8.4:SP-2F_ROOF_SLAB-02,
S8.4-C-TANK_BASE,WATER_TANK_ROOF,SPC-WATER_TANK-SFRS,2F,WATER_TANK_ROOF,S8.4,S8.4 04,"{""area_m2"": null, ""thickness_mm"": null}",,,,,,,,NOT_IN_SOURCE,NOT_IN_SOURCE,,,,
S8.4-C-TANK_WALLS,WATER_TANK_ROOF,SPC-WATER_TANK-SFRS,2F,WATER_TANK_ROOF,S8.4,S8.4 04,"{""area_m2"": null, ""thickness_mm"": null}",,,,,,,,NOT_IN_SOURCE,NOT_IN_SOURCE,,,,
LT-OP-GF-005,LINTELS,L1 150 x 200,GF,LINTELS,S8.6A (supersedes S8.6),S8.6 06 opening OP-GF-005,"{""B_mm"": 150.0, ""D_mm"": 200.0, ""length_mm"": 1424.11489}",,,,,,0.042723447,,BLOCKED_UNQUANTIFIED,BLOCKED_BEARING_REQUIREMENT,,BLOCKED_BEARING_REQUIREMENT: start 223.7 mm (T_JUNCTION) against MIN.40cm,S8.6A:LT-OP-GF-005,"[""S8.6 released 0.042723447 m3: SUPERSEDED (not added)""]"
LT-OP-GF-008,LINTELS,L1 150 x 200,GF,LINTELS,S8.6A (supersedes S8.6),S8.6 06 opening OP-GF-008,"{""B_mm"": 150.0, ""D_mm"": 200.0, ""length_mm"": 1600.0}",0.048,0,,0.048,0.048,,,RELEASED_FROZEN_STAGE,RETAINED_PROJECT_BASIS_QTO,,,S8.6A:LT-OP-GF-008,
LT-OP-GF-013,LINTELS,L1 200 x 200,GF,LINTELS,S8.6A (supersedes S8.6),S8.6 06 opening OP-GF-013,"{""B_mm"": 200.0, ""D_mm"": 200.0, ""length_mm"": 1500.5}",,,,,,0.06002,,BLOCKED_UNQUANTIFIED,BLOCKED_COLUMN_CONNECTION,,BLOCKED_COLUMN_CONNECTION: start 100 mm (COLUMN) against MIN.40cm,S8.6A:LT-OP-GF-013,"[""S8.6 released 0.06002 m3: SUPERSEDED (not added)""]"
LT-OP-GF-014,LINTELS,L2 200 x 200,GF,LINTELS,S8.6A (supersedes S8.6),S8.6 06 opening OP-GF-014,"{""B_mm"": 200.0, ""D_mm"": 200.0, ""length_mm"": 2300.0}",,,,,,0.092,,BLOCKED_UNQUANTIFIED,BLOCKED_HEAD_FUNCTION_UNRESOLVED,,"bearings confirmed, but the opening is glazing whose function (window or full-height) is unresolved and no head is printed: on this project printed sills show full-height glazing exists, so a wall above the head is not established. Not released automatically.",S8.6A:LT-OP-GF-014,"[""S8.6 released 0.092 m3: SUPERSEDED (not added)""]"
LT-OP-GF-018,LINTELS,L1 200 x 200,GF,LINTELS,S8.6A (supersedes S8.6),S8.6 06 opening OP-GF-018,"{""B_mm"": 200.0, ""D_mm"": 200.0, ""length_mm"": 1500.5}",,,,,,0.06002,,BLOCKED_UNQUANTIFIED,BLOCKED_COLUMN_CONNECTION,,BLOCKED_COLUMN_CONNECTION: end 100 mm (COLUMN) against MIN.40cm,S8.6A:LT-OP-GF-018,"[""S8.6 released 0.06002 m3: SUPERSEDED (not added)""]"
LT-OP-GF-021,LINTELS,L1 150 x 200,GF,LINTELS,S8.6A (supersedes S8.6),S8.6 06 opening OP-GF-021,"{""B_mm"": 150.0, ""D_mm"": 200.0, ""length_mm"": 1450.5}",,,,,,0.043515,,BLOCKED_UNQUANTIFIED,BLOCKED_BEARING_REQUIREMENT,,BLOCKED_BEARING_REQUIREMENT: start 253 mm (T_JUNCTION) against MIN.40cm,S8.6A:LT-OP-GF-021,"[""S8.6 released 0.043515 m3: SUPERSEDED (not added)""]"
LT-OP-GF-028,LINTELS,L1 150 x 200,GF,LINTELS,S8.6A (supersedes S8.6),S8.6 06 opening OP-GF-028,"{""B_mm"": 150.0, ""D_mm"": 200.0, ""length_mm"": 1800.0}",0.054,0,,0.054,0.054,,,RELEASED_FROZEN_STAGE,RETAINED_PROJECT_BASIS_QTO,,,S8.6A:LT-OP-GF-028,
LT-OP-GF-029,LINTELS,L1 150 x 200,GF,LINTELS,S8.6A (supersedes S8.6),S8.6 06 opening OP-GF-029,"{""B_mm"": 150.0, ""D_mm"": 200.0, ""length_mm"": 1389.681073}",,,,,,0.041690432,,BLOCKED_UNQUANTIFIED,BLOCKED_BEARING_REQUIREMENT,,BLOCKED_BEARING_REQUIREMENT: start 372.7 mm (OBLIQUE_JUNCTION); end 189.1 mm (L_CORNER) against MIN.40cm,S8.6A:LT-OP-GF-029,"[""S8.6 released 0.041690432 m3: SUPERSEDED (not added)""]"
LT-OP-1F-003,LINTELS,L1 150 x 200,1F,LINTELS,S8.6A (supersedes S8.6),S8.6 06 opening OP-1F-003,"{""B_mm"": 150.0, ""D_mm"": 200.0, ""length_mm"": 1600.0}",0.048,0,,0.048,0.048,,,RELEASED_FROZEN_STAGE,RETAINED_PROJECT_BASIS_QTO,,,S8.6A:LT-OP-1F-003,
LT-OP-1F-014,LINTELS,L1 150 x 200,1F,LINTELS,S8.6A (supersedes S8.6),S8.6 06 opening OP-1F-014,"{""B_mm"": 150.0, ""D_mm"": 200.0, ""length_mm"": 1600.0}",0.048,0,,0.048,0.048,,,RELEASED_FROZEN_STAGE,RETAINED_PROJECT_BASIS_QTO,,,S8.6A:LT-OP-1F-014,
LT-OP-1F-017,LINTELS,L1 150 x 200,1F,LINTELS,S8.6A (supersedes S8.6),S8.6 06 opening OP-1F-017,"{""B_mm"": 150.0, ""D_mm"": 200.0, ""length_mm"": 1459.760055}",,,,,,0.039292802,,BLOCKED_UNQUANTIFIED,BLOCKED_BEARING_REQUIREMENT,,BLOCKED_BEARING_REQUIREMENT: start 259.2 mm (T_JUNCTION) against MIN.40cm,S8.6A:LT-OP-1F-017,"[""S8.6 released 0.043792802 m3: SUPERSEDED (not added)""]"
LT-OP-1F-018,LINTELS,L1 150 x 200,1F,LINTELS,S8.6A (supersedes S8.6),S8.6 06 opening OP-1F-018,"{""B_mm"": 150.0, ""D_mm"": 200.0, ""length_mm"": 1800.0}",0.054,0,,0.054,0.054,,,RELEASED_FROZEN_STAGE,RETAINED_PROJECT_BASIS_QTO,,,S8.6A:LT-OP-1F-018,"[""S8.6 frozen 0.0495 m3 superseded""]"
LT-OP-1F-020,LINTELS,L1 150 x 200,1F,LINTELS,S8.6A (supersedes S8.6),S8.6 06 opening OP-1F-020,"{""B_mm"": 150.0, ""D_mm"": 200.0, ""length_mm"": 1700.0}",0.051,0,,0.051,0.051,,,RELEASED_FROZEN_STAGE,RETAINED_PROJECT_BASIS_QTO,,,S8.6A:LT-OP-1F-020,
LT-OP-1F-021,LINTELS,L2 150 x 200,1F,LINTELS,S8.6A (supersedes S8.6),S8.6 06 opening OP-1F-021,"{""B_mm"": 150.0, ""D_mm"": 200.0, ""length_mm"": 2100.0}",0.063,0,,0.063,0.063,,,RELEASED_FROZEN_STAGE,RETAINED_PROJECT_BASIS_QTO,,,S8.6A:LT-OP-1F-021,
LT-OP-GF-001,LINTELS,L2 200 x 200,GF,LINTELS,S8.6,S8.6 06 opening OP-GF-001,"{""B_mm"": 200.0, ""D_mm"": 200.0, ""length_mm"": 2754.919716}",,,,,,0.110196789,,CONDITIONAL_NOT_RELEASED,SENSITIVITY_ONLY,,S8.6 BLOCKED_SUPPORT_IDENTITY: sensitivity only (support identity / bearing not established),S8.6A:LT-OP-GF-001,
LT-OP-GF-002,LINTELS,L2 200 x 200,GF,LINTELS,S8.6,S8.6 06 opening OP-GF-002,"{""B_mm"": 200.0, ""D_mm"": 200.0, ""length_mm"": 2754.919716}",,,,,,0.110196789,,CONDITIONAL_NOT_RELEASED,SENSITIVITY_ONLY,,S8.6 BLOCKED_SUPPORT_IDENTITY: sensitivity only (support identity / bearing not established),S8.6A:LT-OP-GF-002,
LT-OP-GF-003,LINTELS,L1 200 x 200,GF,LINTELS,S8.6,S8.6 06 opening OP-GF-003,"{""B_mm"": 200.0, ""D_mm"": 200.0, ""length_mm"": 1668.373886}",,,,,,0.066734955,,CONDITIONAL_NOT_RELEASED,SENSITIVITY_ONLY,,S8.6 BLOCKED_SUPPORT_IDENTITY: sensitivity only (support identity / bearing not established),S8.6A:LT-OP-GF-003,
LT-OP-GF-004,LINTELS,L1 150 x 200,GF,LINTELS,S8.6,S8.6 06 opening OP-GF-004,"{""B_mm"": 150.0, ""D_mm"": 200.0, ""length_mm"": 1800.0}",,,,,,0.054,,CONDITIONAL_NOT_RELEASED,SENSITIVITY_ONLY,,S8.6 BLOCKED_SUPPORT_IDENTITY: sensitivity only (support identity / bearing not established),S8.6A:LT-OP-GF-004,
LT-OP-GF-006,LINTELS,L1 200 x 200,GF,LINTELS,S8.6,S8.6 06 opening OP-GF-006,"{""B_mm"": 200.0, ""D_mm"": 200.0, ""length_mm"": 1150.5}",,,,,,0.04602,,CONDITIONAL_NOT_RELEASED,SENSITIVITY_ONLY,,S8.6 BLOCKED_SUPPORT_IDENTITY: sensitivity only (support identity / bearing not established),S8.6A:LT-OP-GF-006,
LT-OP-GF-007,LINTELS,L1 200 x 200,GF,LINTELS,S8.6,S8.6 06 opening OP-GF-007,"{""B_mm"": 200.0, ""D_mm"": 200.0, ""length_mm"": 1450.5}",,,,,,0.05802,,CONDITIONAL_NOT_RELEASED,SENSITIVITY_ONLY,,S8.6 BLOCKED_SUPPORT_IDENTITY: sensitivity only (support identity / bearing not established),S8.6A:LT-OP-GF-007,
LT-OP-GF-009,LINTELS,L2 200 x 200,GF,LINTELS,S8.6,S8.6 06 opening OP-GF-009,"{""B_mm"": 200.0, ""D_mm"": 200.0, ""length_mm"": 2300.0}",,,,,,0.092,,CONDITIONAL_NOT_RELEASED,SENSITIVITY_ONLY,,S8.6 BLOCKED_SUPPORT_IDENTITY: sensitivity only (support identity / bearing not established),S8.6A:LT-OP-GF-009,
LT-OP-GF-010,LINTELS,L1 200 x 200,GF,LINTELS,S8.6,S8.6 06 opening OP-GF-010,"{""B_mm"": 200.0, ""D_mm"": 200.0, ""length_mm"": 1501.0}",,,,,,0.06004,,CONDITIONAL_NOT_RELEASED,SENSITIVITY_ONLY,,S8.6 BLOCKED_SUPPORT_IDENTITY: sensitivity only (support identity / bearing not established),S8.6A:LT-OP-GF-010,
LT-OP-GF-011,LINTELS,L2 200 x 200,GF,LINTELS,S8.6,S8.6 06 opening OP-GF-011,"{""B_mm"": 200.0, ""D_mm"": 200.0, ""length_mm"": 1800.0}",,,,,,0.072,,CONDITIONAL_NOT_RELEASED,SENSITIVITY_ONLY,,S8.6 BLOCKED_SUPPORT_IDENTITY: sensitivity only (support identity / bearing not established),S8.6A:LT-OP-GF-011,
LT-OP-GF-012,LINTELS,L2 200 x 200,GF,LINTELS,S8.6,S8.6 06 opening OP-GF-012,"{""B_mm"": 200.0, ""D_mm"": 200.0, ""length_mm"": 1200.0}",,,,,,0.048,,CONDITIONAL_NOT_RELEASED,SENSITIVITY_ONLY,,S8.6 BLOCKED_SUPPORT_IDENTITY: sensitivity only (support identity / bearing not established),S8.6A:LT-OP-GF-012,
LT-OP-GF-015,LINTELS,L1 200 x 200,GF,LINTELS,S8.6,S8.6 06 opening OP-GF-015,"{""B_mm"": 200.0, ""D_mm"": 200.0, ""length_mm"": 1541.38954}",,,,,,0.061655582,,CONDITIONAL_NOT_RELEASED,SENSITIVITY_ONLY,,S8.6 BLOCKED_SUPPORT_IDENTITY: sensitivity only (support identity / bearing not established),S8.6A:LT-OP-GF-015,
LT-OP-GF-016,LINTELS,L2 200 x 200,GF,LINTELS,S8.6,S8.6 06 opening OP-GF-016,"{""B_mm"": 200.0, ""D_mm"": 200.0, ""length_mm"": 2700.5}",,,,,,0.10802,,CONDITIONAL_NOT_RELEASED,SENSITIVITY_ONLY,,S8.6 BLOCKED_SUPPORT_IDENTITY: sensitivity only (support identity / bearing not established),S8.6A:LT-OP-GF-016,
LT-OP-GF-017,LINTELS,L2 200 x 200,GF,LINTELS,S8.6,S8.6 06 opening OP-GF-017,"{""B_mm"": 200.0, ""D_mm"": 200.0, ""length_mm"": 2000.0}",,,,,,0.08,,CONDITIONAL_NOT_RELEASED,SENSITIVITY_ONLY,,S8.6 BLOCKED_SUPPORT_IDENTITY: sensitivity only (support identity / bearing not established),S8.6A:LT-OP-GF-017,
LT-OP-GF-019,LINTELS,L1 200 x 200,GF,LINTELS,S8.6,S8.6 06 opening OP-GF-019,"{""B_mm"": 200.0, ""D_mm"": 200.0, ""length_mm"": 1447.37403}",,,,,,0.057894961,,CONDITIONAL_NOT_RELEASED,SENSITIVITY_ONLY,,S8.6 BLOCKED_SUPPORT_IDENTITY: sensitivity only (support identity / bearing not established),S8.6A:LT-OP-GF-019,
LT-OP-GF-020,LINTELS,L1 200 x 200,GF,LINTELS,S8.6,S8.6 06 opening OP-GF-020,"{""B_mm"": 200.0, ""D_mm"": 200.0, ""length_mm"": 1300.0}",,,,,,0.052,,CONDITIONAL_NOT_RELEASED,SENSITIVITY_ONLY,,S8.6 BLOCKED_SUPPORT_IDENTITY: sensitivity only (support identity / bearing not established),S8.6A:LT-OP-GF-020,
LT-OP-GF-022,LINTELS,L1 200 x 200,GF,LINTELS,S8.6,S8.6 06 opening OP-GF-022,"{""B_mm"": 200.0, ""D_mm"": 200.0, ""length_mm"": 1375.5}",,,,,,0.05502,,CONDITIONAL_NOT_RELEASED,SENSITIVITY_ONLY,,S8.6 BLOCKED_SUPPORT_IDENTITY: sensitivity only (support identity / bearing not established),S8.6A:LT-OP-GF-022,
LT-OP-GF-023,LINTELS,L1 200 x 200,GF,LINTELS,S8.6,S8.6 06 opening OP-GF-023,"{""B_mm"": 200.0, ""D_mm"": 200.0, ""length_mm"": 1800.0}",,,,,,0.072,,CONDITIONAL_NOT_RELEASED,SENSITIVITY_ONLY,,S8.6 BLOCKED_SUPPORT_IDENTITY: sensitivity only (support identity / bearing not established),S8.6A:LT-OP-GF-023,
LT-OP-GF-024,LINTELS,L1 150 x 200,GF,LINTELS,S8.6,S8.6 06 opening OP-GF-024,"{""B_mm"": 150.0, ""D_mm"": 200.0, ""length_mm"": 1438.832155}",,,,,,0.043164965,,CONDITIONAL_NOT_RELEASED,SENSITIVITY_ONLY,,S8.6 BLOCKED_SUPPORT_IDENTITY: sensitivity only (support identity / bearing not established),S8.6A:LT-OP-GF-024,
LT-OP-GF-025,LINTELS,L1 200 x 200,GF,LINTELS,S8.6,S8.6 06 opening OP-GF-025,"{""B_mm"": 200.0, ""D_mm"": 200.0, ""length_mm"": 1000.0}",,,,,,0.04,,CONDITIONAL_NOT_RELEASED,SENSITIVITY_ONLY,,S8.6 BLOCKED_SUPPORT_IDENTITY: sensitivity only (support identity / bearing not established),S8.6A:LT-OP-GF-025,
LT-OP-GF-026,LINTELS,L1 150 x 200,GF,LINTELS,S8.6,S8.6 06 opening OP-GF-026,"{""B_mm"": 150.0, ""D_mm"": 200.0, ""length_mm"": 1438.832155}",,,,,,0.043164965,,CONDITIONAL_NOT_RELEASED,SENSITIVITY_ONLY,,S8.6 BLOCKED_SUPPORT_IDENTITY: sensitivity only (support identity / bearing not established),S8.6A:LT-OP-GF-026,
LT-OP-GF-027,LINTELS,L1 200 x 200,GF,LINTELS,S8.6,S8.6 06 opening OP-GF-027,"{""B_mm"": 200.0, ""D_mm"": 200.0, ""length_mm"": 1400.0}",,,,,,0.056,,CONDITIONAL_NOT_RELEASED,SENSITIVITY_ONLY,,S8.6 BLOCKED_SUPPORT_IDENTITY: sensitivity only (support identity / bearing not established),S8.6A:LT-OP-GF-027,
LT-OP-GF-031,LINTELS,L5 200 x 550,GF,LINTELS,S8.6,S8.6 06 opening OP-GF-031,"{""B_mm"": 200.0, ""D_mm"": 550.0, ""length_mm"": 6900.5}",,,,,,0.759055,,CONDITIONAL_NOT_RELEASED,SENSITIVITY_ONLY,,S8.6 BLOCKED_SUPPORT_IDENTITY: sensitivity only (support identity / bearing not established),S8.6A:LT-OP-GF-031,
LT-OP-1F-001,LINTELS,L3 200 x 300,1F,LINTELS,S8.6,S8.6 06 opening OP-1F-001,"{""B_mm"": 200.0, ""D_mm"": 300.0, ""length_mm"": 3249.77408}",,,,,,0.194986445,,CONDITIONAL_NOT_RELEASED,SENSITIVITY_ONLY,,S8.6 BLOCKED_SUPPORT_IDENTITY: sensitivity only (support identity / bearing not established),S8.6A:LT-OP-1F-001,
LT-OP-1F-002,LINTELS,L1 200 x 200,1F,LINTELS,S8.6,S8.6 06 opening OP-1F-002,"{""B_mm"": 200.0, ""D_mm"": 200.0, ""length_mm"": 1400.0}",,,,,,0.056,,CONDITIONAL_NOT_RELEASED,SENSITIVITY_ONLY,,S8.6 BLOCKED_SUPPORT_IDENTITY: sensitivity only (support identity / bearing not established),S8.6A:LT-OP-1F-002,
LT-OP-1F-004,LINTELS,L1 200 x 200,1F,LINTELS,S8.6,S8.6 06 opening OP-1F-004,"{""B_mm"": 200.0, ""D_mm"": 200.0, ""length_mm"": 1400.0}",,,,,,0.056,,CONDITIONAL_NOT_RELEASED,SENSITIVITY_ONLY,,S8.6 BLOCKED_SUPPORT_IDENTITY: sensitivity only (support identity / bearing not established),S8.6A:LT-OP-1F-004,
LT-OP-1F-005,LINTELS,L2 200 x 200,1F,LINTELS,S8.6,S8.6 06 opening OP-1F-005,"{""B_mm"": 200.0, ""D_mm"": 200.0, ""length_mm"": 2000.0}",,,,,,0.08,,CONDITIONAL_NOT_RELEASED,SENSITIVITY_ONLY,,S8.6 BLOCKED_SUPPORT_IDENTITY: sensitivity only (support identity / bearing not established),S8.6A:LT-OP-1F-005,
LT-OP-1F-006,LINTELS,L1 150 x 200,1F,LINTELS,S8.6,S8.6 06 opening OP-1F-006,"{""B_mm"": 150.0, ""D_mm"": 200.0, ""length_mm"": 1280.344662}",,,,,,0.03841034,,CONDITIONAL_NOT_RELEASED,SENSITIVITY_ONLY,,S8.6 BLOCKED_SUPPORT_IDENTITY: sensitivity only (support identity / bearing not established),S8.6A:LT-OP-1F-006,
LT-OP-1F-007,LINTELS,L1 150 x 200,1F,LINTELS,S8.6,S8.6 06 opening OP-1F-007,"{""B_mm"": 150.0, ""D_mm"": 200.0, ""length_mm"": 1800.0}",,,,,,0.054,,CONDITIONAL_NOT_RELEASED,SENSITIVITY_ONLY,,S8.6 BLOCKED_SUPPORT_IDENTITY: sensitivity only (support identity / bearing not established),S8.6A:LT-OP-1F-007,
LT-OP-1F-008,LINTELS,L1 150 x 200,1F,LINTELS,S8.6,S8.6 06 opening OP-1F-008,"{""B_mm"": 150.0, ""D_mm"": 200.0, ""length_mm"": 1639.019835}",,,,,,0.049170595,,CONDITIONAL_NOT_RELEASED,SENSITIVITY_ONLY,,S8.6 BLOCKED_SUPPORT_IDENTITY: sensitivity only (support identity / bearing not established),S8.6A:LT-OP-1F-008,
LT-OP-1F-009,LINTELS,L2 200 x 200,1F,LINTELS,S8.6,S8.6 06 opening OP-1F-009,"{""B_mm"": 200.0, ""D_mm"": 200.0, ""length_mm"": 2352.32}",,,,,,0.0940928,,CONDITIONAL_NOT_RELEASED,SENSITIVITY_ONLY,,S8.6 BLOCKED_SUPPORT_IDENTITY: sensitivity only (support identity / bearing not established),S8.6A:LT-OP-1F-009,
LT-OP-1F-010,LINTELS,L1 200 x 200,1F,LINTELS,S8.6,S8.6 06 opening OP-1F-010,"{""B_mm"": 200.0, ""D_mm"": 200.0, ""length_mm"": 1500.5}",,,,,,0.06002,,CONDITIONAL_NOT_RELEASED,SENSITIVITY_ONLY,,S8.6 BLOCKED_SUPPORT_IDENTITY: sensitivity only (support identity / bearing not established),S8.6A:LT-OP-1F-010,
LT-OP-1F-011,LINTELS,L1 200 x 200,1F,LINTELS,S8.6,S8.6 06 opening OP-1F-011,"{""B_mm"": 200.0, ""D_mm"": 200.0, ""length_mm"": 1375.5}",,,,,,0.05502,,CONDITIONAL_NOT_RELEASED,SENSITIVITY_ONLY,,S8.6 BLOCKED_SUPPORT_IDENTITY: sensitivity only (support identity / bearing not established),S8.6A:LT-OP-1F-011,
LT-OP-1F-012,LINTELS,L1 200 x 200,1F,LINTELS,S8.6,S8.6 06 opening OP-1F-012,"{""B_mm"": 200.0, ""D_mm"": 200.0, ""length_mm"": 1800.0}",,,,,,0.072,,CONDITIONAL_NOT_RELEASED,SENSITIVITY_ONLY,,S8.6 BLOCKED_SUPPORT_IDENTITY: sensitivity only (support identity / bearing not established),S8.6A:LT-OP-1F-012,
LT-OP-1F-013,LINTELS,L1 200 x 200,1F,LINTELS,S8.6,S8.6 06 opening OP-1F-013,"{""B_mm"": 200.0, ""D_mm"": 200.0, ""length_mm"": 1571.0}",,,,,,0.06284,,CONDITIONAL_NOT_RELEASED,SENSITIVITY_ONLY,,S8.6 BLOCKED_SUPPORT_IDENTITY: sensitivity only (support identity / bearing not established),S8.6A:LT-OP-1F-013,
LT-OP-1F-015,LINTELS,L1 200 x 200,1F,LINTELS,S8.6,S8.6 06 opening OP-1F-015,"{""B_mm"": 200.0, ""D_mm"": 200.0, ""length_mm"": 1000.0}",,,,,,0.04,,CONDITIONAL_NOT_RELEASED,SENSITIVITY_ONLY,,S8.6 BLOCKED_SUPPORT_IDENTITY: sensitivity only (support identity / bearing not established),S8.6A:LT-OP-1F-015,
LT-OP-1F-016,LINTELS,L1 200 x 200,1F,LINTELS,S8.6,S8.6 06 opening OP-1F-016,"{""B_mm"": 200.0, ""D_mm"": 200.0, ""length_mm"": 1400.0}",,,,,,0.056,,CONDITIONAL_NOT_RELEASED,SENSITIVITY_ONLY,,S8.6 BLOCKED_SUPPORT_IDENTITY: sensitivity only (support identity / bearing not established),S8.6A:LT-OP-1F-016,
LT-OP-1F-019,LINTELS,L1 150 x 200,1F,LINTELS,S8.6,S8.6 06 opening OP-1F-019,"{""B_mm"": 150.0, ""D_mm"": 200.0, ""length_mm"": 1700.0}",,,,,,0.051,,CONDITIONAL_NOT_RELEASED,SENSITIVITY_ONLY,,S8.6 BLOCKED_SUPPORT_IDENTITY: sensitivity only (support identity / bearing not established),S8.6A:LT-OP-1F-019,
LT-OP-1F-022,LINTELS,L1 150 x 200,1F,LINTELS,S8.6,S8.6 06 opening OP-1F-022,"{""B_mm"": 150.0, ""D_mm"": 200.0, ""length_mm"": 1459.760055}",,,,,,0.043792802,,CONDITIONAL_NOT_RELEASED,SENSITIVITY_ONLY,,S8.6 BLOCKED_SUPPORT_IDENTITY: sensitivity only (support identity / bearing not established),S8.6A:LT-OP-1F-022,
LT-OP-1F-024,LINTELS,L2 200 x 200,1F,LINTELS,S8.6,S8.6 06 opening OP-1F-024,"{""B_mm"": 200.0, ""D_mm"": 200.0, ""length_mm"": 2352.32}",,,,,,0.0940928,,CONDITIONAL_NOT_RELEASED,SENSITIVITY_ONLY,,S8.6 BLOCKED_SUPPORT_IDENTITY: sensitivity only (support identity / bearing not established),S8.6A:LT-OP-1F-024,
LT-OP-1F-025,LINTELS,L2 200 x 200,1F,LINTELS,S8.6,S8.6 06 opening OP-1F-025,"{""B_mm"": 200.0, ""D_mm"": 200.0, ""length_mm"": 2352.32}",,,,,,0.0940928,,CONDITIONAL_NOT_RELEASED,SENSITIVITY_ONLY,,S8.6 BLOCKED_SUPPORT_IDENTITY: sensitivity only (support identity / bearing not established),S8.6A:LT-OP-1F-025,
LT-OP-1F-026,LINTELS,L1 200 x 200,1F,LINTELS,S8.6,S8.6 06 opening OP-1F-026,"{""B_mm"": 200.0, ""D_mm"": 200.0, ""length_mm"": 900.0}",,,,,,0.036,,CONDITIONAL_NOT_RELEASED,SENSITIVITY_ONLY,,S8.6 BLOCKED_SUPPORT_IDENTITY: sensitivity only (support identity / bearing not established),S8.6A:LT-OP-1F-026,
LT-OP-2F-001,LINTELS,L2 200 x 200,2F,LINTELS,S8.6,S8.6 06 opening OP-2F-001,"{""B_mm"": 200.0, ""D_mm"": 200.0, ""length_mm"": 2000.0}",,,,,,0.08,,CONDITIONAL_NOT_RELEASED,SENSITIVITY_ONLY,,S8.6 BLOCKED_SUPPORT_IDENTITY: sensitivity only (support identity / bearing not established),S8.6A:LT-OP-2F-001,
LT-OP-2F-002,LINTELS,L1 150 x 200,2F,LINTELS,S8.6,S8.6 06 opening OP-2F-002,"{""B_mm"": 150.0, ""D_mm"": 200.0, ""length_mm"": 1800.0}",,,,,,0.054,,CONDITIONAL_NOT_RELEASED,SENSITIVITY_ONLY,,S8.6 BLOCKED_SUPPORT_IDENTITY: sensitivity only (support identity / bearing not established),S8.6A:LT-OP-2F-002,
LT-OP-2F-003,LINTELS,L1 200 x 200,2F,LINTELS,S8.6,S8.6 06 opening OP-2F-003,"{""B_mm"": 200.0, ""D_mm"": 200.0, ""length_mm"": 1500.5}",,,,,,0.06002,,CONDITIONAL_NOT_RELEASED,SENSITIVITY_ONLY,,S8.6 BLOCKED_SUPPORT_IDENTITY: sensitivity only (support identity / bearing not established),S8.6A:LT-OP-2F-003,
LT-OP-2F-004,LINTELS,L1 200 x 200,2F,LINTELS,S8.6,S8.6 06 opening OP-2F-004,"{""B_mm"": 200.0, ""D_mm"": 200.0, ""length_mm"": 1375.5}",,,,,,0.05502,,CONDITIONAL_NOT_RELEASED,SENSITIVITY_ONLY,,S8.6 BLOCKED_SUPPORT_IDENTITY: sensitivity only (support identity / bearing not established),S8.6A:LT-OP-2F-004,
LT-OP-2F-005,LINTELS,L1 200 x 200,2F,LINTELS,S8.6,S8.6 06 opening OP-2F-005,"{""B_mm"": 200.0, ""D_mm"": 200.0, ""length_mm"": 1800.0}",,,,,,0.072,,CONDITIONAL_NOT_RELEASED,SENSITIVITY_ONLY,,S8.6 BLOCKED_SUPPORT_IDENTITY: sensitivity only (support identity / bearing not established),S8.6A:LT-OP-2F-005,
LT-OP-2F-006,LINTELS,L1 200 x 200,2F,LINTELS,S8.6,S8.6 06 opening OP-2F-006,"{""B_mm"": 200.0, ""D_mm"": 200.0, ""length_mm"": 1401.0}",,,,,,0.05604,,CONDITIONAL_NOT_RELEASED,SENSITIVITY_ONLY,,S8.6 BLOCKED_SUPPORT_IDENTITY: sensitivity only (support identity / bearing not established),S8.6A:LT-OP-2F-006,
LT-OP-2F-007,LINTELS,L1 150 x 200,2F,LINTELS,S8.6,S8.6 06 opening OP-2F-007,"{""B_mm"": 150.0, ""D_mm"": 200.0, ""length_mm"": 1449.798491}",,,,,,0.043493955,,CONDITIONAL_NOT_RELEASED,SENSITIVITY_ONLY,,S8.6 BLOCKED_SUPPORT_IDENTITY: sensitivity only (support identity / bearing not established),S8.6A:LT-OP-2F-007,
LT-OP-2F-008,LINTELS,L2 200 x 200,2F,LINTELS,S8.6,S8.6 06 opening OP-2F-008,"{""B_mm"": 200.0, ""D_mm"": 200.0, ""length_mm"": 1600.0}",,,,,,0.064,,CONDITIONAL_NOT_RELEASED,SENSITIVITY_ONLY,,S8.6 BLOCKED_SUPPORT_IDENTITY: sensitivity only (support identity / bearing not established),S8.6A:LT-OP-2F-008,
LT-OP-1F-023,LINTELS,L4 200 x 400,1F,LINTELS,S8.6,S8.6 06 opening OP-1F-023,"{""B_mm"": 200.0, ""D_mm"": 400.0, ""length_mm"": 3930.5}",,,,,,0.31444,,CONDITIONAL_NOT_RELEASED,SENSITIVITY_ONLY,,S8.6 BLOCKED_SUPPORT_IDENTITY: sensitivity only (support identity / bearing not established),S8.6A:LT-OP-1F-023,
A1-F1,STAIRS,ST-A WAIST_AND_MONOLITHIC_STEPS,GF,STAIRS,S8.7 (S8.7A / B / C: no release delta),S8.7 07,"{""plan_area_m2"": 3.935, ""thickness_mm"": null}",,,,,,,,SOURCE_CONFLICT,SOURCE_CONFLICT,,riser count and run differ between the structural plan (12 risers from 16162) and the architectural plan (10 from 16712); waist from the zone tag only,S8.7:A1-F1,
A1-W1,STAIRS,ST-A WINDER_TURN,GF,STAIRS,S8.7 (S8.7A / B / C: no release delta),S8.7 07,"{""plan_area_m2"": 1.5, ""thickness_mm"": null}",,,,,,,,BLOCKED_UNQUANTIFIED,BLOCKED_UNQUANTIFIED,,winder soffit form (flat slab under the winders or warped soffit) and the level of each winder are not stated,S8.7:A1-W1,
A1-L1,STAIRS,ST-A LANDING_PLATE,GF,STAIRS,S8.7 (S8.7A / B / C: no release delta),S8.7 07,"{""plan_area_m2"": 1.44, ""thickness_mm"": 160.0}",0.2304,0,,0.2304,0.2304,,,RELEASED_FROZEN_STAGE,PROJECT_BASIS_QTO,,,S8.7:A1-L1,
A1-F2,STAIRS,ST-A WAIST_AND_MONOLITHIC_STEPS,GF,STAIRS,S8.7 (S8.7A / B / C: no release delta),S8.7 07,"{""plan_area_m2"": 3.96, ""thickness_mm"": null}",,,,,,,,SOURCE_CONFLICT,SOURCE_CONFLICT,,"riser count and run differ: structural plan and SECTION A-A 12 risers / 3.30 m, architectural plan 11 / 3.00 m",S8.7:A1-F2,
A2-F1,STAIRS,ST-A WAIST_AND_MONOLITHIC_STEPS,1F,STAIRS,S8.7 (S8.7A / B / C: no release delta),S8.7 07,"{""plan_area_m2"": 3.935, ""thickness_mm"": null}",,,,,,,,BLOCKED_UNQUANTIFIED,BLOCKED_UNQUANTIFIED,,"the 1F -> 2F half-landing level is not printed, so the rise of the flight is unknown",S8.7:A2-F1,
A2-W1,STAIRS,ST-A WINDER_TURN,1F,STAIRS,S8.7 (S8.7A / B / C: no release delta),S8.7 07,"{""plan_area_m2"": 1.5, ""thickness_mm"": null}",,,,,,,,SOURCE_CONFLICT,SOURCE_CONFLICT,,the structural 1F roof sheet draws no winder lines (one riser line 5E2) where the architectural 1F plan draws four winder risers; levels not printed,S8.7:A2-W1,
A2-L1,STAIRS,ST-A LANDING_PLATE,1F,STAIRS,S8.7 (S8.7A / B / C: no release delta),S8.7 07,"{""plan_area_m2"": 1.44, ""thickness_mm"": null}",,,,,,,,BLOCKED_UNQUANTIFIED,BLOCKED_UNQUANTIFIED,,the 1F -> 2F half-landing level is not printed (scaled only): the volume is blocked although it does not depend on the level,S8.7:A2-L1,
A2-F2,STAIRS,ST-A WAIST_AND_MONOLITHIC_STEPS,1F,STAIRS,S8.7 (S8.7A / B / C: no release delta),S8.7 07,"{""plan_area_m2"": 3.6, ""thickness_mm"": null}",,,,,,,,BLOCKED_UNQUANTIFIED,BLOCKED_UNQUANTIFIED,,half-landing level not printed; SECTION A-A draws 12 risers where both plans draw 11,S8.7:A2-F2,
A2-T1,STAIRS,ST-A LANDING_PLATE,1F,STAIRS,S8.7 (S8.7A / B / C: no release delta),S8.7 07,"{""plan_area_m2"": 0.12, ""thickness_mm"": 160.0}",0.0192,0,,0.0192,0.0192,,,RELEASED_FROZEN_STAGE,PROJECT_BASIS_QTO,,,S8.7:A2-T1,
B-F1,STAIRS,ST-B STEPS_ON_GRADE,GROUND,STAIRS,S8.7 (S8.7A / B / C: no release delta),S8.7 07,"{""plan_area_m2"": 1.08, ""thickness_mm"": null}",,,,,,,,BLOCKED_UNQUANTIFIED,BLOCKED_UNQUANTIFIED,,"steps on grade: no structural section, thickness or bars for them (concrete, masonry or fill not stated)",S8.7:B-F1,
C-F1,STAIRS,ST-C WAIST_AND_MONOLITHIC_STEPS,GF,STAIRS,S8.7 (S8.7A / B / C: no release delta),S8.7 07,"{""plan_area_m2"": 8.003095045, ""thickness_mm"": null}",,,,,,,,BLOCKED_UNQUANTIFIED,BLOCKED_UNQUANTIFIED,,"the corner landing level is not printed; curved flight; beam CA (S1 BM-GF_ROOF-CA-BL015-69E, outline 54E) crosses the straight part on the GF roof sheet at a level not stated",S8.7:C-F1,
C-L1,STAIRS,ST-C LANDING_PLATE,GF,STAIRS,S8.7 (S8.7A / B / C: no release delta),S8.7 07,"{""plan_area_m2"": 1.3525, ""thickness_mm"": null}",,,,,,,,BLOCKED_UNQUANTIFIED,BLOCKED_UNQUANTIFIED,,the corner landing level is not printed: the volume is blocked although it does not depend on the level,S8.7:C-L1,
C-F2,STAIRS,ST-C WAIST_AND_MONOLITHIC_STEPS,GF,STAIRS,S8.7 (S8.7A / B / C: no release delta),S8.7 07,"{""plan_area_m2"": 1.44, ""thickness_mm"": null}",,,,,,,,BLOCKED_UNQUANTIFIED,BLOCKED_UNQUANTIFIED,,"the corner landing level is not printed, so the rise of the short flight is unknown",S8.7:C-F2,
C-T1,STAIRS,ST-C LANDING_PLATE,GF,STAIRS,S8.7 (S8.7A / B / C: no release delta),S8.7 07,"{""plan_area_m2"": 1.668642425, ""thickness_mm"": 160.0}",0.266982788,0,,0.266982788,0.266982788,,,RELEASED_FROZEN_STAGE,PROJECT_BASIS_QTO,,,S8.7:C-T1,
D-F1,STAIRS,ST-D STEPS_ON_GRADE,GROUND,STAIRS,S8.7 (S8.7A / B / C: no release delta),S8.7 07,"{""plan_area_m2"": 3.36, ""thickness_mm"": null}",,,,,,,,BLOCKED_UNQUANTIFIED,BLOCKED_UNQUANTIFIED,,"external steps on grade: no structural section, thickness or bars",S8.7:D-F1,
LIFT-01-PIT-WALL-S,LIFT,pit wall,GROUND,LIFT,S8.8,"S8.8 06 rect [19787.904, 15411.856, 21587.904, 15611.856]","{""footprint_m2"": 0.36, ""thickness_mm"": 200.0}",,,,,,0.702,,INDICATIVE_ONLY_NOT_RELEASED,PLAN_ESTABLISHED; HEIGHT_BLOCKED,,"pit depth / wall height not printed; the value is S8.8's sensitivity (FF top at the -1.50 minimum founding = -0.95 -> +1.00), never released",,"[""KEEP_BLOCKED (owner instruction)""]"
LIFT-01-PIT-WALL-N,LIFT,pit wall,GROUND,LIFT,S8.8,"S8.8 06 rect [19787.904, 17411.856, 21587.904, 17611.856]","{""footprint_m2"": 0.36, ""thickness_mm"": 200.0}",,,,,,0.702,,INDICATIVE_ONLY_NOT_RELEASED,PLAN_ESTABLISHED; HEIGHT_BLOCKED,,"pit depth / wall height not printed; the value is S8.8's sensitivity (FF top at the -1.50 minimum founding = -0.95 -> +1.00), never released",,"[""KEEP_BLOCKED (owner instruction)""]"
LIFT-01-PIT-WALL-W,LIFT,pit wall,GROUND,LIFT,S8.8,"S8.8 06 rect [19587.904, 15911.856, 19787.904, 17111.856]","{""footprint_m2"": 0.24, ""thickness_mm"": 200.0}",,,,,,0.468,,INDICATIVE_ONLY_NOT_RELEASED,PLAN_ESTABLISHED; HEIGHT_BLOCKED,,"pit depth / wall height not printed; the value is S8.8's sensitivity (FF top at the -1.50 minimum founding = -0.95 -> +1.00), never released",,"[""KEEP_BLOCKED (owner instruction)""]"
LIFT-01-PIT-WALL-E,LIFT,pit wall,GROUND,LIFT,S8.8,"S8.8 06 rect [21587.904, 16411.856, 21787.904, 17111.856]","{""footprint_m2"": 0.14, ""thickness_mm"": 200.0}",,,,,,0.273,,INDICATIVE_ONLY_NOT_RELEASED,PLAN_ESTABLISHED; HEIGHT_BLOCKED,,"pit depth / wall height not printed; the value is S8.8's sensitivity (FF top at the -1.50 minimum founding = -0.95 -> +1.00), never released",,"[""KEEP_BLOCKED (owner instruction)""]"
LIFT-01-PIT-BASE,LIFT,pit floor,FOUNDATION,FOOTINGS,footing family,S8.8 04,,,,,,,,,NOT_APPLICABLE,the FF top is the pit floor; no separate element,,,,
LIFT-01-FTG,LIFT,lift footing FF (reference),FOUNDATION,FOOTINGS,S9 footing family (FTG-FF-18688-14112),S8.8 04 / 06,,,,,,,,,EXCLUDED_OWNED_BY_OTHER_FAMILY,COUNTED ONCE in the footing family (FTG-FF-18688-14112),,,,
LIFT-01-ENCL-GF,LIFT,shaft enclosure,GF,LIFT,S8.8,S8.8 06,,,,,,,,,NOT_APPLICABLE,NOT_STRUCTURAL_RC (architectural walls; S10 scope),,,,
LIFT-01-ENCL-1F,LIFT,shaft enclosure,1F,LIFT,S8.8,S8.8 06,,,,,,,,,NOT_APPLICABLE,NOT_STRUCTURAL_RC (architectural walls; S10 scope),,,,
LIFT-01-ENCL-2F,LIFT,shaft enclosure,2F,LIFT,S8.8,S8.8 06,,,,,,,,,NOT_APPLICABLE,NOT_STRUCTURAL_RC (architectural walls; S10 scope),,,,
LIFT-01-TIE-GF,LIFT,conditional tie beam (P8-N19),GF,LIFT,S8.8,S8.8 06 / 09,,,,,,,,,BLOCKED_UNQUANTIFIED,BLOCKED,,"section, reinforcement and the storey-height measure not stated (see 09)",,"[""KEEP_BLOCKED (owner instruction)""]"
LIFT-01-OVERRUN,LIFT,overrun,ROOF,LIFT,S8.8,S8.8 06,,,,,,,,,NOT_IN_SOURCE,NOT_IN_SOURCE,,,,
S9-BLINDING-FOOTINGS,PLAIN_CONCRETE,blinding under footings,FOUNDATION,PLAIN_CONCRETE,none (S9 records it),"P8-N16 mix 1:3:6 (no thickness, no extent); p.16 typical 50 x 10 blinding under a G.B only","{""released_footing_plan_m2"": 130.69}",,,,,,,,BLOCKED_UNQUANTIFIED,NOT_DIMENSIONED,,no blinding thickness or projection is printed for the project footings,,
S9-BLINDING-GROUND-BEAMS,PLAIN_CONCRETE,blinding under ground beams,GROUND,PLAIN_CONCRETE,none,p.16 typical G.B on 50 x 10 blinding (typical only),,,,,,,,,BLOCKED_UNQUANTIFIED,TYPICAL_ONLY,,typical detail only; GB levels not printed,,
S9-PARAPET-GF_ROOF,PARAPETS,parapet,ROOF,PARAPETS,none (S1 SPC-PARAPET),"ST7757 p.4-6 note 1 'PARAPET, BEFORE CASTING'; p.14 parapet sections (candidate)",,,,,,,,,BLOCKED_UNQUANTIFIED,GEOMETRY_FOLLOWS_ARCHITECTURE,,GF-roof parapet: geometry follows the architectural drawings (lengths / heights not on the structural set),,
S9-PARAPET-1F_ROOF,PARAPETS,parapet,ROOF,PARAPETS,none (S1 SPC-PARAPET),"ST7757 p.4-6 note 1 'PARAPET, BEFORE CASTING'; p.14 parapet sections (candidate)",,,,,,,,,BLOCKED_UNQUANTIFIED,GEOMETRY_FOLLOWS_ARCHITECTURE,,1F-roof parapet: geometry follows the architectural drawings (lengths / heights not on the structural set),,
S9-PARAPET-2F_ROOF,PARAPETS,parapet,ROOF,PARAPETS,none (S1 SPC-PARAPET),"ST7757 p.4-6 note 1 'PARAPET, BEFORE CASTING'; p.14 parapet sections (candidate)",,,,,,,,,BLOCKED_UNQUANTIFIED,GEOMETRY_FOLLOWS_ARCHITECTURE,,2F-roof parapet: geometry follows the architectural drawings (lengths / heights not on the structural set),,
S9-BOUNDARY-WALL,BOUNDARY_WALL,boundary wall and pads,SITE,BOUNDARY_WALL,none (S1 SPC-BOUNDARY_WALL),p.14 boundary-wall typical detail vs schedule row B.W,,,,,,,,,SOURCE_CONFLICT,SOURCE_CONFLICT,,typical detail vs schedule row B.W; length not on the structural plans,,
S9-LOWER-GROUND-BEAMS,GROUND_BEAMS,lower ground beam (P13-FOOTING-DEEP),FOUNDATION,GROUND_BEAMS,none (S2 LOWER_GROUND_BEAM blocked x 26),p.13 'more than 2.5 m above the footing',,,,,,,,,BLOCKED_UNQUANTIFIED,TRIGGER_NOT_ESTABLISHED,,whether any footing needs a lower ground beam depends on the founding levels,,
S9-SUNKEN-DROP-SP-GF_ROOF_SLAB-04,SLABS,sunken slab drop / step,GF,SLABS,none,ST7757 GFRS SLABFACE:GFRS:RB-8407dfa27f13c1a4 (4 boundary handles),,,,,,,,,BLOCKED_UNQUANTIFIED,DROP_NOT_LOCATED,,drop depth / step detail not located (PRE-S7 SOURCE_EXPECTED_NOT_LOCATED),,
S9-SUNKEN-DROP-SP-GF_ROOF_SLAB-05,SLABS,sunken slab drop / step,GF,SLABS,none,ST7757 GFRS SLABFACE:GFRS:RB-9f7566bab6d9a47c (5 boundary handles),,,,,,,,,BLOCKED_UNQUANTIFIED,DROP_NOT_LOCATED,,drop depth / step detail not located (PRE-S7 SOURCE_EXPECTED_NOT_LOCATED),,
S9-SUNKEN-DROP-SP-GF_ROOF_SLAB-12,SLABS,sunken slab drop / step,GF,SLABS,none,ST7757 GFRS SLABFACE:GFRS:RB-977d56e0e46dbf14 (6 boundary handles),,,,,,,,,BLOCKED_UNQUANTIFIED,DROP_NOT_LOCATED,,drop depth / step detail not located (PRE-S7 SOURCE_EXPECTED_NOT_LOCATED),,
S9-SUNKEN-DROP-SP-GF_ROOF_SLAB-24,SLABS,sunken slab drop / step,GF,SLABS,none,ST7757 GFRS SLABFACE:GFRS:RB-26941412ef18d4b8 (3 boundary handles),,,,,,,,,BLOCKED_UNQUANTIFIED,DROP_NOT_LOCATED,,drop depth / step detail not located (PRE-S7 SOURCE_EXPECTED_NOT_LOCATED),,
S9-SUNKEN-DROP-SP-GF_ROOF_SLAB-29,SLABS,sunken slab drop / step,GF,SLABS,none,ST7757 GFRS SLABFACE:GFRS:RB-5016d3cbd643afaa (7 boundary handles),,,,,,,,,BLOCKED_UNQUANTIFIED,DROP_NOT_LOCATED,,drop depth / step detail not located (PRE-S7 SOURCE_EXPECTED_NOT_LOCATED),,
S9-SUNKEN-DROP-SP-1F_ROOF_SLAB-02,SLABS,sunken slab drop / step,1F,SLABS,none,ST7757 FFRS SLABFACE:FFRS:RB-ce3d6131a9f7fd50 (5 boundary handles),,,,,,,,,BLOCKED_UNQUANTIFIED,DROP_NOT_LOCATED,,drop depth / step detail not located (PRE-S7 SOURCE_EXPECTED_NOT_LOCATED),,
SPC-RIBBED_SLAB,OTHER,ribbed slab,GF,OTHER,S1,typical detail only,,,,,,,,,NOT_IN_SOURCE,NO_OCCURRENCE_MARKED,,typical detail printed; no plan occurrence,,
SPC-CASEMENT_DETAIL,OTHER,casement detail,GF,OTHER,S1,typical detail only,,,,,,,,,NOT_IN_SOURCE,NO_OCCURRENCE_MARKED,,typical detail printed; no plan occurrence,,
SPC-BEAM_OPENING,OTHER,beam opening,GF,OTHER,S1,typical detail only,,,,,,,,,NOT_IN_SOURCE,NO_OCCURRENCE_MARKED,,typical detail printed; no plan occurrence,,
