COMPONENT_ID,COMPONENT,OWNER,FLOOR,BAR_ROLE,SHARE,DIRECTION,TOKEN,DIA_MM,RATE_OR_COUNT,COUNT_MODE,LAYER,LAYER_AUTHORITY,CLEAR_SPAN_MM,DISTRIBUTION_MM,L_BASIS,COVER_BASIS,LENGTH_STATE,LENGTH_RULE,BLOCKED_PORTIONS,BAR_RUN_ID,PROJECT_SUPPORT,BLOCKERS,READINESS,DECISION_ONLY,DECISIONS_NEEDED,SCOPE,KG
CMP-0001,CURTAILMENT_SEGMENT,SP-GF_ROOF_SLAB-02,GF_ROOF_SLAB,BOTTOM_X,50% STOPPED,X,551,10,5,BARS_PER_METRE,BOTTOM,"ENGINEERING_DERIVED (unqualified plan callout; '/Top' and '(T&B)' are marked, plan note 2 gives the top steel over beams; p.15: bottom bars 'see schedule or plan')",1700,619.7,CLEAR_SPAN,MINIMUM_PROJECT_COVER_25,PROJECT_BASIS_NUMERIC,"clear span minus 0.125 L at each continuous end (1), plus the end portion at non-continuous ends","[""end anchorage into non-continuous supports SUP-GF_ROOF_SLAB-050 (shape only; cover >= 25 mm minimum, '40 CL.' binding unclear)""]",,P15-BOT-STOP-0.125L + plan callout 551,"[""CONTINUOUS_BAR_SPEC_MISMATCH"", ""COUNT_BASIS_UNRESOLVED"", ""EDGE_BAR_UNRESOLVED"", ""WHICH_50_PERCENT_UNRESOLVED""]",BLOCKED_FROM_S7,True,"[""Q-50PCT"", ""Q-COUNT"", ""Q-MISMATCH""]",IN_SCOPE_S7,
CMP-0002,CONTINUOUS_BAR_RUN,RUN-B-028,GF_ROOF_SLAB,BOTTOM_X,50% CONTINUOUS (counted once per run),X,551,10,5,BARS_PER_METRE,BOTTOM,"ENGINEERING_DERIVED (unqualified plan callout; '/Top' and '(T&B)' are marked, plan note 2 gives the top steel over beams; p.15: bottom bars 'see schedule or plan')",1700,619.7,CLEAR_SPAN,MINIMUM_PROJECT_COVER_25,PROJECT_BASIS_NUMERIC,"run extent face to face of the run's end supports, plus the end portions","[""end anchorage into non-continuous supports SUP-GF_ROOF_SLAB-050 (shape only; cover >= 25 mm minimum, '40 CL.' binding unclear)"", ""laps / splices (not located)""]",RUN-B-028,P15-BOT-STOP-0.125L 'balance continuous' + plan callout 551,"[""CONTINUOUS_BAR_SPEC_MISMATCH"", ""COUNT_BASIS_UNRESOLVED"", ""EDGE_BAR_UNRESOLVED"", ""WHICH_50_PERCENT_UNRESOLVED""]",BLOCKED_FROM_S7,True,"[""Q-50PCT"", ""Q-COUNT"", ""Q-MISMATCH""]",IN_SCOPE_S7,
CMP-0003,BOTTOM_Y,SP-GF_ROOF_SLAB-02,GF_ROOF_SLAB,BOTTOM_Y,100%,Y,552,10,5,EXPLICIT_COUNT,BOTTOM,"ENGINEERING_DERIVED (unqualified plan callout; '/Top' and '(T&B)' are marked, plan note 2 gives the top steel over beams; p.15: bottom bars 'see schedule or plan')",619.7,1700,CLEAR_SPAN,MINIMUM_PROJECT_COVER_25,PROJECT_BASIS_NUMERIC,clear span plus the end portions into the supports,"[""end anchorage into non-continuous supports SUP-GF_ROOF_SLAB-155,SUP-GF_ROOF_SLAB-163 (shape only; cover >= 25 mm minimum, '40 CL.' binding unclear)""]",RUN-B-029,plan callout 552,"[""COUNT_NOTATION_AMBIGUOUS_NO_PER_METRE""]",BLOCKED_FROM_S7,True,"[""Q-ABSCOUNT""]",IN_SCOPE_S7,
CMP-0004,TEMPERATURE_X,SP-GF_ROOF_SLAB-02,GF_ROOF_SLAB,TEMPERATURE_X,,X,,,,,,,,,,,BLOCKED_UNQUANTIFIED,,,,P15 detail 'TEMP. REINFORCING' + P15-TEMP-TABLE,"[""COUNT_BASIS_UNRESOLVED"", ""TABLE_NO_EXACT_ROW"", ""TEMPERATURE_REGION_DEPENDS_ON_TOP_EXTENT""]",BLOCKED_FROM_S7,True,"[""Q-COUNT"", ""Q-TEMP"", ""Q-TOPEXT""]",IN_SCOPE_S7,
CMP-0005,TEMPERATURE_Y,SP-GF_ROOF_SLAB-02,GF_ROOF_SLAB,TEMPERATURE_Y,,Y,,,,,,,,,,,BLOCKED_UNQUANTIFIED,,,,P15 detail 'TEMP. REINFORCING' + P15-TEMP-TABLE,"[""COUNT_BASIS_UNRESOLVED"", ""TABLE_NO_EXACT_ROW"", ""TEMPERATURE_REGION_DEPENDS_ON_TOP_EXTENT""]",BLOCKED_FROM_S7,True,"[""Q-COUNT"", ""Q-TEMP"", ""Q-TOPEXT""]",IN_SCOPE_S7,
CMP-0006,CURTAILMENT_SEGMENT,SP-GF_ROOF_SLAB-04,GF_ROOF_SLAB,BOTTOM_X,50% STOPPED,X,4AE,10,5,BARS_PER_METRE,BOTTOM,"ENGINEERING_DERIVED (unqualified plan callout; '/Top' and '(T&B)' are marked, plan note 2 gives the top steel over beams; p.15: bottom bars 'see schedule or plan')",1470,1750,CLEAR_SPAN,MINIMUM_PROJECT_COVER_25,PROJECT_BASIS_NUMERIC,"clear span minus 0.125 L at each continuous end (1), plus the end portion at non-continuous ends",[],,P15-BOT-STOP-0.125L + plan callout 4AE,"[""COUNT_BASIS_UNRESOLVED"", ""EDGE_BAR_UNRESOLVED"", ""SUPPORT_CONTINUITY_UNRESOLVED"", ""WHICH_50_PERCENT_UNRESOLVED""]",BLOCKED_FROM_S7,False,"[""Q-50PCT"", ""Q-COUNT""]",IN_SCOPE_S7,
CMP-0007,CONTINUOUS_BAR_RUN,RUN-B-030,GF_ROOF_SLAB,BOTTOM_X,50% CONTINUOUS (counted once per run),X,4AE,10,5,BARS_PER_METRE,BOTTOM,"ENGINEERING_DERIVED (unqualified plan callout; '/Top' and '(T&B)' are marked, plan note 2 gives the top steel over beams; p.15: bottom bars 'see schedule or plan')",1470,1750,CLEAR_SPAN,MINIMUM_PROJECT_COVER_25,PROJECT_BASIS_NUMERIC,"run extent face to face of the run's end supports, plus the end portions","[""laps / splices (not located)""]",RUN-B-030,P15-BOT-STOP-0.125L 'balance continuous' + plan callout 4AE,"[""COUNT_BASIS_UNRESOLVED"", ""EDGE_BAR_UNRESOLVED"", ""SUPPORT_CONTINUITY_UNRESOLVED"", ""WHICH_50_PERCENT_UNRESOLVED""]",BLOCKED_FROM_S7,False,"[""Q-50PCT"", ""Q-COUNT""]",IN_SCOPE_S7,
CMP-0008,BOTTOM_Y,SP-GF_ROOF_SLAB-04,GF_ROOF_SLAB,BOTTOM_Y,100%,Y,4AC,10,5,BARS_PER_METRE,BOTTOM,"ENGINEERING_DERIVED (unqualified plan callout; '/Top' and '(T&B)' are marked, plan note 2 gives the top steel over beams; p.15: bottom bars 'see schedule or plan')",1750,1470,CLEAR_SPAN,MINIMUM_PROJECT_COVER_25,PROJECT_BASIS_NUMERIC,clear span plus the end portions into the supports,"[""end anchorage into non-continuous supports SUP-GF_ROOF_SLAB-144 (shape only; cover >= 25 mm minimum, '40 CL.' binding unclear)""]",RUN-B-031,plan callout 4AC,"[""COUNT_BASIS_UNRESOLVED"", ""EDGE_BAR_UNRESOLVED"", ""SUPPORT_CONTINUITY_UNRESOLVED""]",BLOCKED_FROM_S7,False,"[""Q-COUNT""]",IN_SCOPE_S7,
CMP-0009,TEMPERATURE_X,SP-GF_ROOF_SLAB-04,GF_ROOF_SLAB,TEMPERATURE_X,,X,,,,,,,,,,,BLOCKED_UNQUANTIFIED,,,,P15 detail 'TEMP. REINFORCING' + P15-TEMP-TABLE,"[""COUNT_BASIS_UNRESOLVED"", ""TABLE_NO_EXACT_ROW"", ""TEMPERATURE_REGION_DEPENDS_ON_TOP_EXTENT""]",BLOCKED_FROM_S7,True,"[""Q-COUNT"", ""Q-TEMP"", ""Q-TOPEXT""]",IN_SCOPE_S7,
CMP-0010,TEMPERATURE_Y,SP-GF_ROOF_SLAB-04,GF_ROOF_SLAB,TEMPERATURE_Y,,Y,,,,,,,,,,,BLOCKED_UNQUANTIFIED,,,,P15 detail 'TEMP. REINFORCING' + P15-TEMP-TABLE,"[""COUNT_BASIS_UNRESOLVED"", ""TABLE_NO_EXACT_ROW"", ""TEMPERATURE_REGION_DEPENDS_ON_TOP_EXTENT""]",BLOCKED_FROM_S7,True,"[""Q-COUNT"", ""Q-TEMP"", ""Q-TOPEXT""]",IN_SCOPE_S7,
CMP-0011,CURTAILMENT_SEGMENT,SP-GF_ROOF_SLAB-05,GF_ROOF_SLAB,BOTTOM_X,50% STOPPED,X,4BB,10,5,BARS_PER_METRE,BOTTOM,"ENGINEERING_DERIVED (unqualified plan callout; '/Top' and '(T&B)' are marked, plan note 2 gives the top steel over beams; p.15: bottom bars 'see schedule or plan')",1900,1750,CLEAR_SPAN,MINIMUM_PROJECT_COVER_25,PROJECT_BASIS_NUMERIC,"clear span minus 0.125 L at each continuous end (1), plus the end portion at non-continuous ends",[],,P15-BOT-STOP-0.125L + plan callout 4BB,"[""COUNT_BASIS_UNRESOLVED"", ""EDGE_BAR_UNRESOLVED"", ""SUPPORT_CONTINUITY_UNRESOLVED"", ""WHICH_50_PERCENT_UNRESOLVED""]",BLOCKED_FROM_S7,False,"[""Q-50PCT"", ""Q-COUNT""]",IN_SCOPE_S7,
CMP-0012,CONTINUOUS_BAR_RUN,RUN-B-030,GF_ROOF_SLAB,BOTTOM_X,50% CONTINUOUS (counted once per run),X,4BB,10,5,BARS_PER_METRE,BOTTOM,"ENGINEERING_DERIVED (unqualified plan callout; '/Top' and '(T&B)' are marked, plan note 2 gives the top steel over beams; p.15: bottom bars 'see schedule or plan')",1900,1750,CLEAR_SPAN,MINIMUM_PROJECT_COVER_25,PROJECT_BASIS_NUMERIC,"run extent face to face of the run's end supports, plus the end portions","[""laps / splices (not located)""]",RUN-B-030,P15-BOT-STOP-0.125L 'balance continuous' + plan callout 4BB,"[""COUNT_BASIS_UNRESOLVED"", ""EDGE_BAR_UNRESOLVED"", ""SUPPORT_CONTINUITY_UNRESOLVED"", ""WHICH_50_PERCENT_UNRESOLVED""]",BLOCKED_FROM_S7,False,"[""Q-50PCT"", ""Q-COUNT""]",IN_SCOPE_S7,
CMP-0013,BOTTOM_Y,SP-GF_ROOF_SLAB-05,GF_ROOF_SLAB,BOTTOM_Y,100%,Y,4BC,10,5,BARS_PER_METRE,BOTTOM,"ENGINEERING_DERIVED (unqualified plan callout; '/Top' and '(T&B)' are marked, plan note 2 gives the top steel over beams; p.15: bottom bars 'see schedule or plan')",1750,1900,CLEAR_SPAN,MINIMUM_PROJECT_COVER_25,PROJECT_BASIS_NUMERIC,clear span plus the end portions into the supports,"[""end anchorage into non-continuous supports SUP-GF_ROOF_SLAB-145,SUP-GF_ROOF_SLAB-145 (shape only; cover >= 25 mm minimum, '40 CL.' binding unclear)""]",RUN-B-032,plan callout 4BC,"[""COUNT_BASIS_UNRESOLVED"", ""EDGE_BAR_UNRESOLVED"", ""SUPPORT_CONTINUITY_UNRESOLVED""]",BLOCKED_FROM_S7,False,"[""Q-COUNT""]",IN_SCOPE_S7,
CMP-0014,TEMPERATURE_X,SP-GF_ROOF_SLAB-05,GF_ROOF_SLAB,TEMPERATURE_X,,X,,,,,,,,,,,BLOCKED_UNQUANTIFIED,,,,P15 detail 'TEMP. REINFORCING' + P15-TEMP-TABLE,"[""COUNT_BASIS_UNRESOLVED"", ""TABLE_NO_EXACT_ROW"", ""TEMPERATURE_REGION_DEPENDS_ON_TOP_EXTENT""]",BLOCKED_FROM_S7,True,"[""Q-COUNT"", ""Q-TEMP"", ""Q-TOPEXT""]",IN_SCOPE_S7,
CMP-0015,TEMPERATURE_Y,SP-GF_ROOF_SLAB-05,GF_ROOF_SLAB,TEMPERATURE_Y,,Y,,,,,,,,,,,BLOCKED_UNQUANTIFIED,,,,P15 detail 'TEMP. REINFORCING' + P15-TEMP-TABLE,"[""COUNT_BASIS_UNRESOLVED"", ""TABLE_NO_EXACT_ROW"", ""TEMPERATURE_REGION_DEPENDS_ON_TOP_EXTENT""]",BLOCKED_FROM_S7,True,"[""Q-COUNT"", ""Q-TEMP"", ""Q-TOPEXT""]",IN_SCOPE_S7,
CMP-0016,CURTAILMENT_SEGMENT,SP-GF_ROOF_SLAB-06,GF_ROOF_SLAB,BOTTOM_X,50% STOPPED,X,4C0,10,5,BARS_PER_METRE,BOTTOM,"ENGINEERING_DERIVED (unqualified plan callout; '/Top' and '(T&B)' are marked, plan note 2 gives the top steel over beams; p.15: bottom bars 'see schedule or plan')",1650,1750,CLEAR_SPAN,MINIMUM_PROJECT_COVER_25,PROJECT_BASIS_NUMERIC,"clear span minus 0.125 L at each continuous end (1), plus the end portion at non-continuous ends",[],,P15-BOT-STOP-0.125L + plan callout 4C0,"[""CONTINUOUS_BAR_SPEC_MISMATCH"", ""COUNT_BASIS_UNRESOLVED"", ""EDGE_BAR_UNRESOLVED"", ""SUPPORT_CONTINUITY_UNRESOLVED"", ""WHICH_50_PERCENT_UNRESOLVED""]",BLOCKED_FROM_S7,False,"[""Q-50PCT"", ""Q-COUNT"", ""Q-MISMATCH""]",IN_SCOPE_S7,
CMP-0017,CONTINUOUS_BAR_RUN,RUN-B-033,GF_ROOF_SLAB,BOTTOM_X,50% CONTINUOUS (counted once per run),X,4C0,10,5,BARS_PER_METRE,BOTTOM,"ENGINEERING_DERIVED (unqualified plan callout; '/Top' and '(T&B)' are marked, plan note 2 gives the top steel over beams; p.15: bottom bars 'see schedule or plan')",1650,1750,CLEAR_SPAN,MINIMUM_PROJECT_COVER_25,PROJECT_BASIS_NUMERIC,"run extent face to face of the run's end supports, plus the end portions","[""laps / splices (not located)""]",RUN-B-033,P15-BOT-STOP-0.125L 'balance continuous' + plan callout 4C0,"[""CONTINUOUS_BAR_SPEC_MISMATCH"", ""COUNT_BASIS_UNRESOLVED"", ""EDGE_BAR_UNRESOLVED"", ""SUPPORT_CONTINUITY_UNRESOLVED"", ""WHICH_50_PERCENT_UNRESOLVED""]",BLOCKED_FROM_S7,False,"[""Q-50PCT"", ""Q-COUNT"", ""Q-MISMATCH""]",IN_SCOPE_S7,
CMP-0018,CURTAILMENT_SEGMENT,SP-GF_ROOF_SLAB-06,GF_ROOF_SLAB,BOTTOM_Y,50% STOPPED,Y,4C1,10,5,BARS_PER_METRE,BOTTOM,"ENGINEERING_DERIVED (unqualified plan callout; '/Top' and '(T&B)' are marked, plan note 2 gives the top steel over beams; p.15: bottom bars 'see schedule or plan')",1750,1650,CLEAR_SPAN,MINIMUM_PROJECT_COVER_25,PROJECT_BASIS_NUMERIC,"clear span minus 0.125 L at each continuous end (1), plus the end portion at non-continuous ends","[""end anchorage into non-continuous supports SUP-GF_ROOF_SLAB-146 (shape only; cover >= 25 mm minimum, '40 CL.' binding unclear)""]",,P15-BOT-STOP-0.125L + plan callout 4C1,"[""CONTINUOUS_BAR_SPEC_MISMATCH"", ""COUNT_BASIS_UNRESOLVED"", ""EDGE_BAR_UNRESOLVED"", ""WHICH_50_PERCENT_UNRESOLVED""]",BLOCKED_FROM_S7,True,"[""Q-50PCT"", ""Q-COUNT"", ""Q-MISMATCH""]",IN_SCOPE_S7,
CMP-0019,CONTINUOUS_BAR_RUN,RUN-B-034,GF_ROOF_SLAB,BOTTOM_Y,50% CONTINUOUS (counted once per run),Y,4C1,10,5,BARS_PER_METRE,BOTTOM,"ENGINEERING_DERIVED (unqualified plan callout; '/Top' and '(T&B)' are marked, plan note 2 gives the top steel over beams; p.15: bottom bars 'see schedule or plan')",1750,1650,CLEAR_SPAN,MINIMUM_PROJECT_COVER_25,PROJECT_BASIS_NUMERIC,"run extent face to face of the run's end supports, plus the end portions","[""end anchorage into non-continuous supports SUP-GF_ROOF_SLAB-146 (shape only; cover >= 25 mm minimum, '40 CL.' binding unclear)"", ""laps / splices (not located)""]",RUN-B-034,P15-BOT-STOP-0.125L 'balance continuous' + plan callout 4C1,"[""CONTINUOUS_BAR_SPEC_MISMATCH"", ""COUNT_BASIS_UNRESOLVED"", ""EDGE_BAR_UNRESOLVED"", ""WHICH_50_PERCENT_UNRESOLVED""]",BLOCKED_FROM_S7,True,"[""Q-50PCT"", ""Q-COUNT"", ""Q-MISMATCH""]",IN_SCOPE_S7,
CMP-0020,TEMPERATURE_X,SP-GF_ROOF_SLAB-06,GF_ROOF_SLAB,TEMPERATURE_X,,X,,,,,,,,,,,BLOCKED_UNQUANTIFIED,,,,P15 detail 'TEMP. REINFORCING' + P15-TEMP-TABLE,"[""COUNT_BASIS_UNRESOLVED"", ""TABLE_NO_EXACT_ROW"", ""TEMPERATURE_REGION_DEPENDS_ON_TOP_EXTENT""]",BLOCKED_FROM_S7,True,"[""Q-COUNT"", ""Q-TEMP"", ""Q-TOPEXT""]",IN_SCOPE_S7,
CMP-0021,TEMPERATURE_Y,SP-GF_ROOF_SLAB-06,GF_ROOF_SLAB,TEMPERATURE_Y,,Y,,,,,,,,,,,BLOCKED_UNQUANTIFIED,,,,P15 detail 'TEMP. REINFORCING' + P15-TEMP-TABLE,"[""COUNT_BASIS_UNRESOLVED"", ""TABLE_NO_EXACT_ROW"", ""TEMPERATURE_REGION_DEPENDS_ON_TOP_EXTENT""]",BLOCKED_FROM_S7,True,"[""Q-COUNT"", ""Q-TEMP"", ""Q-TOPEXT""]",IN_SCOPE_S7,
CMP-0022,BOTTOM_X,SP-GF_ROOF_SLAB-07,GF_ROOF_SLAB,BOTTOM_X,100%,X,4A4,10,5,BARS_PER_METRE,BOTTOM,"ENGINEERING_DERIVED (unqualified plan callout; '/Top' and '(T&B)' are marked, plan note 2 gives the top steel over beams; p.15: bottom bars 'see schedule or plan')",1800,2950,CLEAR_SPAN,MINIMUM_PROJECT_COVER_25,PROJECT_BASIS_NUMERIC,clear span plus the end portions into the supports,[],RUN-B-035,plan callout 4A4,"[""COUNT_BASIS_UNRESOLVED"", ""EDGE_BAR_UNRESOLVED"", ""RUN_ALIGNMENT_PARTIAL"", ""SUPPORT_CONTINUITY_UNRESOLVED""]",BLOCKED_FROM_S7,False,"[""Q-COUNT""]",IN_SCOPE_S7,
CMP-0023,BOTTOM_Y,SP-GF_ROOF_SLAB-07,GF_ROOF_SLAB,BOTTOM_Y,100%,Y,4A2,10,5,BARS_PER_METRE,BOTTOM,"ENGINEERING_DERIVED (unqualified plan callout; '/Top' and '(T&B)' are marked, plan note 2 gives the top steel over beams; p.15: bottom bars 'see schedule or plan')",2950,1800,CLEAR_SPAN,MINIMUM_PROJECT_COVER_25,PROJECT_BASIS_NUMERIC,clear span plus the end portions into the supports,"[""end anchorage into non-continuous supports SUP-GF_ROOF_SLAB-143,SUP-GF_ROOF_SLAB-147 (shape only; cover >= 25 mm minimum, '40 CL.' binding unclear)""]",RUN-B-036,plan callout 4A2,"[""COUNT_BASIS_UNRESOLVED"", ""EDGE_BAR_UNRESOLVED""]",BLOCKED_FROM_S7,True,"[""Q-COUNT""]",IN_SCOPE_S7,
CMP-0024,TEMPERATURE_X,SP-GF_ROOF_SLAB-07,GF_ROOF_SLAB,TEMPERATURE_X,,X,,,,,,,,,,,BLOCKED_UNQUANTIFIED,,,,P15 detail 'TEMP. REINFORCING' + P15-TEMP-TABLE,"[""COUNT_BASIS_UNRESOLVED"", ""TABLE_NO_EXACT_ROW"", ""TEMPERATURE_REGION_DEPENDS_ON_TOP_EXTENT""]",BLOCKED_FROM_S7,True,"[""Q-COUNT"", ""Q-TEMP"", ""Q-TOPEXT""]",IN_SCOPE_S7,
CMP-0025,TEMPERATURE_Y,SP-GF_ROOF_SLAB-07,GF_ROOF_SLAB,TEMPERATURE_Y,,Y,,,,,,,,,,,BLOCKED_UNQUANTIFIED,,,,P15 detail 'TEMP. REINFORCING' + P15-TEMP-TABLE,"[""COUNT_BASIS_UNRESOLVED"", ""TABLE_NO_EXACT_ROW"", ""TEMPERATURE_REGION_DEPENDS_ON_TOP_EXTENT""]",BLOCKED_FROM_S7,True,"[""Q-COUNT"", ""Q-TEMP"", ""Q-TOPEXT""]",IN_SCOPE_S7,
CMP-0026,CURTAILMENT_SEGMENT,SP-GF_ROOF_SLAB-08,GF_ROOF_SLAB,BOTTOM_X,50% STOPPED,X,4D0,10,6,BARS_PER_METRE,BOTTOM,"ENGINEERING_DERIVED (unqualified plan callout; '/Top' and '(T&B)' are marked, plan note 2 gives the top steel over beams; p.15: bottom bars 'see schedule or plan')",3500,3520.1,CLEAR_SPAN,MINIMUM_PROJECT_COVER_25,PROJECT_BASIS_NUMERIC,"clear span minus 0.125 L at each continuous end (1), plus the end portion at non-continuous ends","[""end anchorage into non-continuous supports SUP-GF_ROOF_SLAB-137 (shape only; cover >= 25 mm minimum, '40 CL.' binding unclear)""]",,P15-BOT-STOP-0.125L + plan callout 4D0,"[""CONTINUOUS_BAR_SPEC_MISMATCH"", ""COUNT_BASIS_UNRESOLVED"", ""EDGE_BAR_UNRESOLVED"", ""WHICH_50_PERCENT_UNRESOLVED""]",BLOCKED_FROM_S7,True,"[""Q-50PCT"", ""Q-COUNT"", ""Q-MISMATCH""]",IN_SCOPE_S7,
CMP-0027,CONTINUOUS_BAR_RUN,RUN-B-037,GF_ROOF_SLAB,BOTTOM_X,50% CONTINUOUS (counted once per run),X,4D0,10,6,BARS_PER_METRE,BOTTOM,"ENGINEERING_DERIVED (unqualified plan callout; '/Top' and '(T&B)' are marked, plan note 2 gives the top steel over beams; p.15: bottom bars 'see schedule or plan')",3500,3520.1,CLEAR_SPAN,MINIMUM_PROJECT_COVER_25,PROJECT_BASIS_NUMERIC,"run extent face to face of the run's end supports, plus the end portions","[""end anchorage into non-continuous supports SUP-GF_ROOF_SLAB-137 (shape only; cover >= 25 mm minimum, '40 CL.' binding unclear)"", ""laps / splices (not located)""]",RUN-B-037,P15-BOT-STOP-0.125L 'balance continuous' + plan callout 4D0,"[""CONTINUOUS_BAR_SPEC_MISMATCH"", ""COUNT_BASIS_UNRESOLVED"", ""EDGE_BAR_UNRESOLVED"", ""WHICH_50_PERCENT_UNRESOLVED""]",BLOCKED_FROM_S7,True,"[""Q-50PCT"", ""Q-COUNT"", ""Q-MISMATCH""]",IN_SCOPE_S7,
CMP-0028,BOTTOM_Y,SP-GF_ROOF_SLAB-08,GF_ROOF_SLAB,BOTTOM_Y,100%,Y,4D1,10,5,BARS_PER_METRE,BOTTOM,"ENGINEERING_DERIVED (unqualified plan callout; '/Top' and '(T&B)' are marked, plan note 2 gives the top steel over beams; p.15: bottom bars 'see schedule or plan')",3520.1,3500,CLEAR_SPAN,MINIMUM_PROJECT_COVER_25,PROJECT_BASIS_NUMERIC,clear span plus the end portions into the supports,"[""end anchorage into non-continuous supports SUP-GF_ROOF_SLAB-157,SUP-GF_ROOF_SLAB-156 (shape only; cover >= 25 mm minimum, '40 CL.' binding unclear)""]",RUN-B-038,plan callout 4D1,"[""COUNT_BASIS_UNRESOLVED"", ""EDGE_BAR_UNRESOLVED"", ""RUN_ALIGNMENT_PARTIAL""]",BLOCKED_FROM_S7,False,"[""Q-COUNT""]",IN_SCOPE_S7,
CMP-0029,TEMPERATURE_X,SP-GF_ROOF_SLAB-08,GF_ROOF_SLAB,TEMPERATURE_X,,X,,,,,,,,,,,BLOCKED_UNQUANTIFIED,,,,P15 detail 'TEMP. REINFORCING' + P15-TEMP-TABLE,"[""COUNT_BASIS_UNRESOLVED"", ""TABLE_NO_EXACT_ROW"", ""TEMPERATURE_REGION_DEPENDS_ON_TOP_EXTENT""]",BLOCKED_FROM_S7,True,"[""Q-COUNT"", ""Q-TEMP"", ""Q-TOPEXT""]",IN_SCOPE_S7,
CMP-0030,TEMPERATURE_Y,SP-GF_ROOF_SLAB-08,GF_ROOF_SLAB,TEMPERATURE_Y,,Y,,,,,,,,,,,BLOCKED_UNQUANTIFIED,,,,P15 detail 'TEMP. REINFORCING' + P15-TEMP-TABLE,"[""COUNT_BASIS_UNRESOLVED"", ""TABLE_NO_EXACT_ROW"", ""TEMPERATURE_REGION_DEPENDS_ON_TOP_EXTENT""]",BLOCKED_FROM_S7,True,"[""Q-COUNT"", ""Q-TEMP"", ""Q-TOPEXT""]",IN_SCOPE_S7,
CMP-0031,CURTAILMENT_SEGMENT,SP-GF_ROOF_SLAB-10,GF_ROOF_SLAB,BOTTOM_X,50% STOPPED,X,4C5,10,5,BARS_PER_METRE,BOTTOM,"ENGINEERING_DERIVED (unqualified plan callout; '/Top' and '(T&B)' are marked, plan note 2 gives the top steel over beams; p.15: bottom bars 'see schedule or plan')",,,CLEAR_SPAN,MINIMUM_PROJECT_COVER_25,PROJECT_BASIS_NUMERIC,"clear span minus 0.125 L at each continuous end (3), plus the end portion at non-continuous ends",[],,P15-BOT-STOP-0.125L + plan callout 4C5,"[""CONTINUOUS_BAR_SPEC_MISMATCH"", ""COUNT_BASIS_UNRESOLVED"", ""EDGE_BAR_UNRESOLVED"", ""RUN_ALIGNMENT_PARTIAL"", ""SPAN_NOT_SINGLE_VALUED"", ""WHICH_50_PERCENT_UNRESOLVED""]",BLOCKED_FROM_S7,False,"[""Q-50PCT"", ""Q-COUNT"", ""Q-MISMATCH""]",IN_SCOPE_S7,
CMP-0032,CONTINUOUS_BAR_RUN,RUN-B-035,GF_ROOF_SLAB,BOTTOM_X,50% CONTINUOUS (counted once per run),X,4C5,10,5,BARS_PER_METRE,BOTTOM,"ENGINEERING_DERIVED (unqualified plan callout; '/Top' and '(T&B)' are marked, plan note 2 gives the top steel over beams; p.15: bottom bars 'see schedule or plan')",,,CLEAR_SPAN,MINIMUM_PROJECT_COVER_25,PROJECT_BASIS_NUMERIC,"run extent face to face of the run's end supports, plus the end portions","[""laps / splices (not located)""]",RUN-B-035,P15-BOT-STOP-0.125L 'balance continuous' + plan callout 4C5,"[""CONTINUOUS_BAR_SPEC_MISMATCH"", ""COUNT_BASIS_UNRESOLVED"", ""EDGE_BAR_UNRESOLVED"", ""RUN_ALIGNMENT_PARTIAL"", ""SPAN_NOT_SINGLE_VALUED"", ""WHICH_50_PERCENT_UNRESOLVED""]",BLOCKED_FROM_S7,False,"[""Q-50PCT"", ""Q-COUNT"", ""Q-MISMATCH""]",IN_SCOPE_S7,
CMP-0033,CURTAILMENT_SEGMENT,SP-GF_ROOF_SLAB-10,GF_ROOF_SLAB,BOTTOM_Y,50% STOPPED,Y,4C6,10,6,BARS_PER_METRE,BOTTOM,"ENGINEERING_DERIVED (unqualified plan callout; '/Top' and '(T&B)' are marked, plan note 2 gives the top steel over beams; p.15: bottom bars 'see schedule or plan')",,,CLEAR_SPAN,MINIMUM_PROJECT_COVER_25,PROJECT_BASIS_NUMERIC,"clear span minus 0.125 L at each continuous end (1), plus the end portion at non-continuous ends",[],,P15-BOT-STOP-0.125L + plan callout 4C6,"[""CONTINUOUS_BAR_SPEC_MISMATCH"", ""COUNT_BASIS_UNRESOLVED"", ""EDGE_BAR_UNRESOLVED"", ""SPAN_NOT_SINGLE_VALUED"", ""SUPPORT_CONTINUITY_UNRESOLVED"", ""SUPPORT_NOT_A_BEAM"", ""WHICH_50_PERCENT_UNRESOLVED""]",BLOCKED_FROM_S7,False,"[""Q-50PCT"", ""Q-COUNT"", ""Q-MISMATCH""]",IN_SCOPE_S7,
CMP-0034,CONTINUOUS_BAR_RUN,RUN-B-039,GF_ROOF_SLAB,BOTTOM_Y,50% CONTINUOUS (counted once per run),Y,4C6,10,6,BARS_PER_METRE,BOTTOM,"ENGINEERING_DERIVED (unqualified plan callout; '/Top' and '(T&B)' are marked, plan note 2 gives the top steel over beams; p.15: bottom bars 'see schedule or plan')",,,CLEAR_SPAN,MINIMUM_PROJECT_COVER_25,PROJECT_BASIS_NUMERIC,"run extent face to face of the run's end supports, plus the end portions","[""laps / splices (not located)""]",RUN-B-039,P15-BOT-STOP-0.125L 'balance continuous' + plan callout 4C6,"[""CONTINUOUS_BAR_SPEC_MISMATCH"", ""COUNT_BASIS_UNRESOLVED"", ""EDGE_BAR_UNRESOLVED"", ""SPAN_NOT_SINGLE_VALUED"", ""SUPPORT_CONTINUITY_UNRESOLVED"", ""SUPPORT_NOT_A_BEAM"", ""WHICH_50_PERCENT_UNRESOLVED""]",BLOCKED_FROM_S7,False,"[""Q-50PCT"", ""Q-COUNT"", ""Q-MISMATCH""]",IN_SCOPE_S7,
CMP-0035,TEMPERATURE_X,SP-GF_ROOF_SLAB-10,GF_ROOF_SLAB,TEMPERATURE_X,,X,,,,,,,,,,,BLOCKED_UNQUANTIFIED,,,,P15 detail 'TEMP. REINFORCING' + P15-TEMP-TABLE,"[""COUNT_BASIS_UNRESOLVED"", ""SPAN_NOT_SINGLE_VALUED"", ""TABLE_NO_EXACT_ROW"", ""TEMPERATURE_REGION_DEPENDS_ON_TOP_EXTENT""]",BLOCKED_FROM_S7,False,"[""Q-COUNT"", ""Q-TEMP"", ""Q-TOPEXT""]",IN_SCOPE_S7,
CMP-0036,TEMPERATURE_Y,SP-GF_ROOF_SLAB-10,GF_ROOF_SLAB,TEMPERATURE_Y,,Y,,,,,,,,,,,BLOCKED_UNQUANTIFIED,,,,P15 detail 'TEMP. REINFORCING' + P15-TEMP-TABLE,"[""COUNT_BASIS_UNRESOLVED"", ""SPAN_NOT_SINGLE_VALUED"", ""TABLE_NO_EXACT_ROW"", ""TEMPERATURE_REGION_DEPENDS_ON_TOP_EXTENT""]",BLOCKED_FROM_S7,False,"[""Q-COUNT"", ""Q-TEMP"", ""Q-TOPEXT""]",IN_SCOPE_S7,
CMP-0037,CURTAILMENT_SEGMENT,SP-GF_ROOF_SLAB-11,GF_ROOF_SLAB,BOTTOM_X,50% STOPPED,X,4A9,10,5,BARS_PER_METRE,BOTTOM,"ENGINEERING_DERIVED (unqualified plan callout; '/Top' and '(T&B)' are marked, plan note 2 gives the top steel over beams; p.15: bottom bars 'see schedule or plan')",,,CLEAR_SPAN,MINIMUM_PROJECT_COVER_25,PROJECT_BASIS_NUMERIC,"clear span minus 0.125 L at each continuous end (2), plus the end portion at non-continuous ends","[""end anchorage into non-continuous supports SUP-GF_ROOF_SLAB-125,SUP-GF_ROOF_SLAB-125,SUP-GF_ROOF_SLAB-125 (shape only; cover >= 25 mm minimum, '40 CL.' binding unclear)""]",,P15-BOT-STOP-0.125L + plan callout 4A9,"[""COUNT_BASIS_UNRESOLVED"", ""EDGE_BAR_UNRESOLVED"", ""RUN_ALIGNMENT_PARTIAL"", ""SPAN_NOT_SINGLE_VALUED"", ""WHICH_50_PERCENT_UNRESOLVED""]",BLOCKED_FROM_S7,False,"[""Q-50PCT"", ""Q-COUNT""]",IN_SCOPE_S7,
CMP-0038,CONTINUOUS_BAR_RUN,RUN-B-035,GF_ROOF_SLAB,BOTTOM_X,50% CONTINUOUS (counted once per run),X,4A9,10,5,BARS_PER_METRE,BOTTOM,"ENGINEERING_DERIVED (unqualified plan callout; '/Top' and '(T&B)' are marked, plan note 2 gives the top steel over beams; p.15: bottom bars 'see schedule or plan')",,,CLEAR_SPAN,MINIMUM_PROJECT_COVER_25,PROJECT_BASIS_NUMERIC,"run extent face to face of the run's end supports, plus the end portions","[""end anchorage into non-continuous supports SUP-GF_ROOF_SLAB-125,SUP-GF_ROOF_SLAB-125,SUP-GF_ROOF_SLAB-125 (shape only; cover >= 25 mm minimum, '40 CL.' binding unclear)"", ""laps / splices (not located)""]",RUN-B-035,P15-BOT-STOP-0.125L 'balance continuous' + plan callout 4A9,"[""COUNT_BASIS_UNRESOLVED"", ""EDGE_BAR_UNRESOLVED"", ""RUN_ALIGNMENT_PARTIAL"", ""SPAN_NOT_SINGLE_VALUED"", ""WHICH_50_PERCENT_UNRESOLVED""]",BLOCKED_FROM_S7,False,"[""Q-50PCT"", ""Q-COUNT""]",IN_SCOPE_S7,
CMP-0039,CURTAILMENT_SEGMENT,SP-GF_ROOF_SLAB-11,GF_ROOF_SLAB,BOTTOM_Y,50% STOPPED,Y,4A7,10,5,BARS_PER_METRE,BOTTOM,"ENGINEERING_DERIVED (unqualified plan callout; '/Top' and '(T&B)' are marked, plan note 2 gives the top steel over beams; p.15: bottom bars 'see schedule or plan')",,,CLEAR_SPAN,MINIMUM_PROJECT_COVER_25,PROJECT_BASIS_NUMERIC,"clear span minus 0.125 L at each continuous end (1), plus the end portion at non-continuous ends",[],,P15-BOT-STOP-0.125L + plan callout 4A7,"[""COUNT_BASIS_UNRESOLVED"", ""EDGE_BAR_UNRESOLVED"", ""RUN_ALIGNMENT_PARTIAL"", ""SPAN_NOT_SINGLE_VALUED"", ""SUPPORT_CONTINUITY_UNRESOLVED"", ""WHICH_50_PERCENT_UNRESOLVED""]",BLOCKED_FROM_S7,False,"[""Q-50PCT"", ""Q-COUNT""]",IN_SCOPE_S7,
CMP-0040,CONTINUOUS_BAR_RUN,RUN-B-040,GF_ROOF_SLAB,BOTTOM_Y,50% CONTINUOUS (counted once per run),Y,4A7,10,5,BARS_PER_METRE,BOTTOM,"ENGINEERING_DERIVED (unqualified plan callout; '/Top' and '(T&B)' are marked, plan note 2 gives the top steel over beams; p.15: bottom bars 'see schedule or plan')",,,CLEAR_SPAN,MINIMUM_PROJECT_COVER_25,PROJECT_BASIS_NUMERIC,"run extent face to face of the run's end supports, plus the end portions","[""laps / splices (not located)""]",RUN-B-040,P15-BOT-STOP-0.125L 'balance continuous' + plan callout 4A7,"[""COUNT_BASIS_UNRESOLVED"", ""EDGE_BAR_UNRESOLVED"", ""RUN_ALIGNMENT_PARTIAL"", ""SPAN_NOT_SINGLE_VALUED"", ""SUPPORT_CONTINUITY_UNRESOLVED"", ""WHICH_50_PERCENT_UNRESOLVED""]",BLOCKED_FROM_S7,False,"[""Q-50PCT"", ""Q-COUNT""]",IN_SCOPE_S7,
CMP-0041,TEMPERATURE_X,SP-GF_ROOF_SLAB-11,GF_ROOF_SLAB,TEMPERATURE_X,,X,,,,,,,,,,,BLOCKED_UNQUANTIFIED,,,,P15 detail 'TEMP. REINFORCING' + P15-TEMP-TABLE,"[""COUNT_BASIS_UNRESOLVED"", ""SPAN_NOT_SINGLE_VALUED"", ""TABLE_NO_EXACT_ROW"", ""TEMPERATURE_REGION_DEPENDS_ON_TOP_EXTENT""]",BLOCKED_FROM_S7,False,"[""Q-COUNT"", ""Q-TEMP"", ""Q-TOPEXT""]",IN_SCOPE_S7,
CMP-0042,TEMPERATURE_Y,SP-GF_ROOF_SLAB-11,GF_ROOF_SLAB,TEMPERATURE_Y,,Y,,,,,,,,,,,BLOCKED_UNQUANTIFIED,,,,P15 detail 'TEMP. REINFORCING' + P15-TEMP-TABLE,"[""COUNT_BASIS_UNRESOLVED"", ""SPAN_NOT_SINGLE_VALUED"", ""TABLE_NO_EXACT_ROW"", ""TEMPERATURE_REGION_DEPENDS_ON_TOP_EXTENT""]",BLOCKED_FROM_S7,False,"[""Q-COUNT"", ""Q-TEMP"", ""Q-TOPEXT""]",IN_SCOPE_S7,
CMP-0043,BOTTOM_X,SP-GF_ROOF_SLAB-12,GF_ROOF_SLAB,BOTTOM_X,100%,X,4EB,10,5,BARS_PER_METRE,BOTTOM,"ENGINEERING_DERIVED (unqualified plan callout; '/Top' and '(T&B)' are marked, plan note 2 gives the top steel over beams; p.15: bottom bars 'see schedule or plan')",,,CLEAR_SPAN,MINIMUM_PROJECT_COVER_25,PROJECT_BASIS_NUMERIC,clear span plus the end portions into the supports,[],RUN-B-041,plan callout 4EB,"[""COUNT_BASIS_UNRESOLVED"", ""EDGE_BAR_UNRESOLVED"", ""SPAN_NOT_SINGLE_VALUED"", ""SUPPORT_CONTINUITY_UNRESOLVED"", ""SUPPORT_NOT_A_BEAM""]",BLOCKED_FROM_S7,False,"[""Q-COUNT""]",IN_SCOPE_S7,
CMP-0044,BOTTOM_Y,SP-GF_ROOF_SLAB-12,GF_ROOF_SLAB,BOTTOM_Y,100%,Y,4EC,10,5,BARS_PER_METRE,BOTTOM,"ENGINEERING_DERIVED (unqualified plan callout; '/Top' and '(T&B)' are marked, plan note 2 gives the top steel over beams; p.15: bottom bars 'see schedule or plan')",,,CLEAR_SPAN,MINIMUM_PROJECT_COVER_25,PROJECT_BASIS_NUMERIC,clear span plus the end portions into the supports,[],RUN-B-042,plan callout 4EC,"[""COUNT_BASIS_UNRESOLVED"", ""EDGE_BAR_UNRESOLVED"", ""SPAN_NOT_SINGLE_VALUED"", ""SUPPORT_CONTINUITY_UNRESOLVED"", ""SUPPORT_NOT_A_BEAM""]",BLOCKED_FROM_S7,False,"[""Q-COUNT""]",IN_SCOPE_S7,
CMP-0045,TEMPERATURE_X,SP-GF_ROOF_SLAB-12,GF_ROOF_SLAB,TEMPERATURE_X,,X,,,,,,,,,,,BLOCKED_UNQUANTIFIED,,,,P15 detail 'TEMP. REINFORCING' + P15-TEMP-TABLE,"[""COUNT_BASIS_UNRESOLVED"", ""SPAN_NOT_SINGLE_VALUED"", ""TABLE_NO_EXACT_ROW"", ""TEMPERATURE_REGION_DEPENDS_ON_TOP_EXTENT""]",BLOCKED_FROM_S7,False,"[""Q-COUNT"", ""Q-TEMP"", ""Q-TOPEXT""]",IN_SCOPE_S7,
CMP-0046,TEMPERATURE_Y,SP-GF_ROOF_SLAB-12,GF_ROOF_SLAB,TEMPERATURE_Y,,Y,,,,,,,,,,,BLOCKED_UNQUANTIFIED,,,,P15 detail 'TEMP. REINFORCING' + P15-TEMP-TABLE,"[""COUNT_BASIS_UNRESOLVED"", ""SPAN_NOT_SINGLE_VALUED"", ""TABLE_NO_EXACT_ROW"", ""TEMPERATURE_REGION_DEPENDS_ON_TOP_EXTENT""]",BLOCKED_FROM_S7,False,"[""Q-COUNT"", ""Q-TEMP"", ""Q-TOPEXT""]",IN_SCOPE_S7,
CMP-0047,CURTAILMENT_SEGMENT,SP-GF_ROOF_SLAB-14,GF_ROOF_SLAB,BOTTOM_X,50% STOPPED,X,4D8,10,5,BARS_PER_METRE,BOTTOM,"ENGINEERING_DERIVED (unqualified plan callout; '/Top' and '(T&B)' are marked, plan note 2 gives the top steel over beams; p.15: bottom bars 'see schedule or plan')",,,CLEAR_SPAN,MINIMUM_PROJECT_COVER_25,PROJECT_BASIS_NUMERIC,"clear span minus 0.125 L at each continuous end (1), plus the end portion at non-continuous ends",[],,P15-BOT-STOP-0.125L + plan callout 4D8,"[""CONTINUOUS_BAR_SPEC_MISMATCH"", ""COUNT_BASIS_UNRESOLVED"", ""EDGE_BAR_UNRESOLVED"", ""SPAN_NOT_SINGLE_VALUED"", ""SUPPORT_CONTINUITY_UNRESOLVED"", ""WHICH_50_PERCENT_UNRESOLVED""]",BLOCKED_FROM_S7,False,"[""Q-50PCT"", ""Q-COUNT"", ""Q-MISMATCH""]",IN_SCOPE_S7,
CMP-0048,CONTINUOUS_BAR_RUN,RUN-B-043,GF_ROOF_SLAB,BOTTOM_X,50% CONTINUOUS (counted once per run),X,4D8,10,5,BARS_PER_METRE,BOTTOM,"ENGINEERING_DERIVED (unqualified plan callout; '/Top' and '(T&B)' are marked, plan note 2 gives the top steel over beams; p.15: bottom bars 'see schedule or plan')",,,CLEAR_SPAN,MINIMUM_PROJECT_COVER_25,PROJECT_BASIS_NUMERIC,"run extent face to face of the run's end supports, plus the end portions","[""laps / splices (not located)""]",RUN-B-043,P15-BOT-STOP-0.125L 'balance continuous' + plan callout 4D8,"[""CONTINUOUS_BAR_SPEC_MISMATCH"", ""COUNT_BASIS_UNRESOLVED"", ""EDGE_BAR_UNRESOLVED"", ""SPAN_NOT_SINGLE_VALUED"", ""SUPPORT_CONTINUITY_UNRESOLVED"", ""WHICH_50_PERCENT_UNRESOLVED""]",BLOCKED_FROM_S7,False,"[""Q-50PCT"", ""Q-COUNT"", ""Q-MISMATCH""]",IN_SCOPE_S7,
CMP-0049,CURTAILMENT_SEGMENT,SP-GF_ROOF_SLAB-14,GF_ROOF_SLAB,BOTTOM_Y,50% STOPPED,Y,4D6,10,5,BARS_PER_METRE,BOTTOM,"ENGINEERING_DERIVED (unqualified plan callout; '/Top' and '(T&B)' are marked, plan note 2 gives the top steel over beams; p.15: bottom bars 'see schedule or plan')",,,CLEAR_SPAN,MINIMUM_PROJECT_COVER_25,PROJECT_BASIS_NUMERIC,"clear span minus 0.125 L at each continuous end (2), plus the end portion at non-continuous ends",[],,P15-BOT-STOP-0.125L + plan callout 4D6,"[""CONTINUOUS_BAR_SPEC_MISMATCH"", ""COUNT_BASIS_UNRESOLVED"", ""EDGE_BAR_UNRESOLVED"", ""RUN_ALIGNMENT_PARTIAL"", ""SPAN_NOT_SINGLE_VALUED"", ""WHICH_50_PERCENT_UNRESOLVED""]",BLOCKED_FROM_S7,False,"[""Q-50PCT"", ""Q-COUNT"", ""Q-MISMATCH""]",IN_SCOPE_S7,
CMP-0050,CONTINUOUS_BAR_RUN,RUN-B-038,GF_ROOF_SLAB,BOTTOM_Y,50% CONTINUOUS (counted once per run),Y,4D6,10,5,BARS_PER_METRE,BOTTOM,"ENGINEERING_DERIVED (unqualified plan callout; '/Top' and '(T&B)' are marked, plan note 2 gives the top steel over beams; p.15: bottom bars 'see schedule or plan')",,,CLEAR_SPAN,MINIMUM_PROJECT_COVER_25,PROJECT_BASIS_NUMERIC,"run extent face to face of the run's end supports, plus the end portions","[""laps / splices (not located)""]",RUN-B-038,P15-BOT-STOP-0.125L 'balance continuous' + plan callout 4D6,"[""CONTINUOUS_BAR_SPEC_MISMATCH"", ""COUNT_BASIS_UNRESOLVED"", ""EDGE_BAR_UNRESOLVED"", ""RUN_ALIGNMENT_PARTIAL"", ""SPAN_NOT_SINGLE_VALUED"", ""WHICH_50_PERCENT_UNRESOLVED""]",BLOCKED_FROM_S7,False,"[""Q-50PCT"", ""Q-COUNT"", ""Q-MISMATCH""]",IN_SCOPE_S7,
CMP-0051,TEMPERATURE_X,SP-GF_ROOF_SLAB-14,GF_ROOF_SLAB,TEMPERATURE_X,,X,,,,,,,,,,,BLOCKED_UNQUANTIFIED,,,,P15 detail 'TEMP. REINFORCING' + P15-TEMP-TABLE,"[""COUNT_BASIS_UNRESOLVED"", ""SPAN_NOT_SINGLE_VALUED"", ""TABLE_NO_EXACT_ROW"", ""TEMPERATURE_REGION_DEPENDS_ON_TOP_EXTENT""]",BLOCKED_FROM_S7,False,"[""Q-COUNT"", ""Q-TEMP"", ""Q-TOPEXT""]",IN_SCOPE_S7,
CMP-0052,TEMPERATURE_Y,SP-GF_ROOF_SLAB-14,GF_ROOF_SLAB,TEMPERATURE_Y,,Y,,,,,,,,,,,BLOCKED_UNQUANTIFIED,,,,P15 detail 'TEMP. REINFORCING' + P15-TEMP-TABLE,"[""COUNT_BASIS_UNRESOLVED"", ""SPAN_NOT_SINGLE_VALUED"", ""TABLE_NO_EXACT_ROW"", ""TEMPERATURE_REGION_DEPENDS_ON_TOP_EXTENT""]",BLOCKED_FROM_S7,False,"[""Q-COUNT"", ""Q-TEMP"", ""Q-TOPEXT""]",IN_SCOPE_S7,
CMP-0053,BOTTOM_X,SP-GF_ROOF_SLAB-15,GF_ROOF_SLAB,BOTTOM_X,100%,X,5B9,10,5,EXPLICIT_COUNT,BOTTOM,"ENGINEERING_DERIVED (unqualified plan callout; '/Top' and '(T&B)' are marked, plan note 2 gives the top steel over beams; p.15: bottom bars 'see schedule or plan')",1150,1129.9,CLEAR_SPAN,MINIMUM_PROJECT_COVER_25,PROJECT_BASIS_NUMERIC,clear span plus the end portions into the supports,"[""end anchorage into non-continuous supports SUP-GF_ROOF_SLAB-051 (shape only; cover >= 25 mm minimum, '40 CL.' binding unclear)""]",RUN-B-044,plan callout 5B9,"[""COUNT_NOTATION_AMBIGUOUS_NO_PER_METRE"", ""SUPPORT_CONTINUITY_UNRESOLVED""]",BLOCKED_FROM_S7,False,"[""Q-ABSCOUNT""]",IN_SCOPE_S7,
CMP-0054,CURTAILMENT_SEGMENT,SP-GF_ROOF_SLAB-15,GF_ROOF_SLAB,BOTTOM_Y,50% STOPPED,Y,5B7,10,5,BARS_PER_METRE,BOTTOM,"ENGINEERING_DERIVED (unqualified plan callout; '/Top' and '(T&B)' are marked, plan note 2 gives the top steel over beams; p.15: bottom bars 'see schedule or plan')",1129.9,1150,CLEAR_SPAN,MINIMUM_PROJECT_COVER_25,PROJECT_BASIS_NUMERIC,"clear span minus 0.125 L at each continuous end (1), plus the end portion at non-continuous ends","[""end anchorage into non-continuous supports SUP-GF_ROOF_SLAB-160 (shape only; cover >= 25 mm minimum, '40 CL.' binding unclear)""]",,P15-BOT-STOP-0.125L + plan callout 5B7,"[""COUNT_BASIS_UNRESOLVED"", ""EDGE_BAR_UNRESOLVED"", ""WHICH_50_PERCENT_UNRESOLVED""]",BLOCKED_FROM_S7,True,"[""Q-50PCT"", ""Q-COUNT""]",IN_SCOPE_S7,
CMP-0055,CONTINUOUS_BAR_RUN,RUN-B-045,GF_ROOF_SLAB,BOTTOM_Y,50% CONTINUOUS (counted once per run),Y,5B7,10,5,BARS_PER_METRE,BOTTOM,"ENGINEERING_DERIVED (unqualified plan callout; '/Top' and '(T&B)' are marked, plan note 2 gives the top steel over beams; p.15: bottom bars 'see schedule or plan')",1129.9,1150,CLEAR_SPAN,MINIMUM_PROJECT_COVER_25,PROJECT_BASIS_NUMERIC,"run extent face to face of the run's end supports, plus the end portions","[""end anchorage into non-continuous supports SUP-GF_ROOF_SLAB-160 (shape only; cover >= 25 mm minimum, '40 CL.' binding unclear)"", ""laps / splices (not located)""]",RUN-B-045,P15-BOT-STOP-0.125L 'balance continuous' + plan callout 5B7,"[""COUNT_BASIS_UNRESOLVED"", ""EDGE_BAR_UNRESOLVED"", ""WHICH_50_PERCENT_UNRESOLVED""]",BLOCKED_FROM_S7,True,"[""Q-50PCT"", ""Q-COUNT""]",IN_SCOPE_S7,
CMP-0056,TEMPERATURE_X,SP-GF_ROOF_SLAB-15,GF_ROOF_SLAB,TEMPERATURE_X,,X,,,,,,,,,,,BLOCKED_UNQUANTIFIED,,,,P15 detail 'TEMP. REINFORCING' + P15-TEMP-TABLE,"[""COUNT_BASIS_UNRESOLVED"", ""TABLE_NO_EXACT_ROW"", ""TEMPERATURE_REGION_DEPENDS_ON_TOP_EXTENT""]",BLOCKED_FROM_S7,True,"[""Q-COUNT"", ""Q-TEMP"", ""Q-TOPEXT""]",IN_SCOPE_S7,
CMP-0057,TEMPERATURE_Y,SP-GF_ROOF_SLAB-15,GF_ROOF_SLAB,TEMPERATURE_Y,,Y,,,,,,,,,,,BLOCKED_UNQUANTIFIED,,,,P15 detail 'TEMP. REINFORCING' + P15-TEMP-TABLE,"[""COUNT_BASIS_UNRESOLVED"", ""TABLE_NO_EXACT_ROW"", ""TEMPERATURE_REGION_DEPENDS_ON_TOP_EXTENT""]",BLOCKED_FROM_S7,True,"[""Q-COUNT"", ""Q-TEMP"", ""Q-TOPEXT""]",IN_SCOPE_S7,
CMP-0058,CURTAILMENT_SEGMENT,SP-GF_ROOF_SLAB-16,GF_ROOF_SLAB,BOTTOM_X,50% STOPPED,X,4B4,10,5,BARS_PER_METRE,BOTTOM,"ENGINEERING_DERIVED (unqualified plan callout; '/Top' and '(T&B)' are marked, plan note 2 gives the top steel over beams; p.15: bottom bars 'see schedule or plan')",,,CLEAR_SPAN,MINIMUM_PROJECT_COVER_25,PROJECT_BASIS_NUMERIC,"clear span minus 0.125 L at each continuous end (2), plus the end portion at non-continuous ends","[""end anchorage into non-continuous supports SUP-GF_ROOF_SLAB-128 (shape only; cover >= 25 mm minimum, '40 CL.' binding unclear)""]",,P15-BOT-STOP-0.125L + plan callout 4B4,"[""CONTINUOUS_BAR_SPEC_MISMATCH"", ""COUNT_BASIS_UNRESOLVED"", ""EDGE_BAR_UNRESOLVED"", ""RUN_ALIGNMENT_PARTIAL"", ""SPAN_NOT_SINGLE_VALUED"", ""WHICH_50_PERCENT_UNRESOLVED""]",BLOCKED_FROM_S7,False,"[""Q-50PCT"", ""Q-COUNT"", ""Q-MISMATCH""]",IN_SCOPE_S7,
CMP-0059,CONTINUOUS_BAR_RUN,RUN-B-046,GF_ROOF_SLAB,BOTTOM_X,50% CONTINUOUS (counted once per run),X,4B4,10,5,BARS_PER_METRE,BOTTOM,"ENGINEERING_DERIVED (unqualified plan callout; '/Top' and '(T&B)' are marked, plan note 2 gives the top steel over beams; p.15: bottom bars 'see schedule or plan')",,,CLEAR_SPAN,MINIMUM_PROJECT_COVER_25,PROJECT_BASIS_NUMERIC,"run extent face to face of the run's end supports, plus the end portions","[""end anchorage into non-continuous supports SUP-GF_ROOF_SLAB-128 (shape only; cover >= 25 mm minimum, '40 CL.' binding unclear)"", ""laps / splices (not located)""]",RUN-B-046,P15-BOT-STOP-0.125L 'balance continuous' + plan callout 4B4,"[""CONTINUOUS_BAR_SPEC_MISMATCH"", ""COUNT_BASIS_UNRESOLVED"", ""EDGE_BAR_UNRESOLVED"", ""RUN_ALIGNMENT_PARTIAL"", ""SPAN_NOT_SINGLE_VALUED"", ""WHICH_50_PERCENT_UNRESOLVED""]",BLOCKED_FROM_S7,False,"[""Q-50PCT"", ""Q-COUNT"", ""Q-MISMATCH""]",IN_SCOPE_S7,
CMP-0060,CURTAILMENT_SEGMENT,SP-GF_ROOF_SLAB-16,GF_ROOF_SLAB,BOTTOM_Y,50% STOPPED,Y,4B5,10,5,BARS_PER_METRE,BOTTOM,"ENGINEERING_DERIVED (unqualified plan callout; '/Top' and '(T&B)' are marked, plan note 2 gives the top steel over beams; p.15: bottom bars 'see schedule or plan')",,,CLEAR_SPAN,MINIMUM_PROJECT_COVER_25,PROJECT_BASIS_NUMERIC,"clear span minus 0.125 L at each continuous end (1), plus the end portion at non-continuous ends","[""end anchorage into non-continuous supports SUP-GF_ROOF_SLAB-141,SUP-GF_ROOF_SLAB-093 (shape only; cover >= 25 mm minimum, '40 CL.' binding unclear)""]",,P15-BOT-STOP-0.125L + plan callout 4B5,"[""CONTINUOUS_BAR_SPEC_MISMATCH"", ""COUNT_BASIS_UNRESOLVED"", ""EDGE_BAR_UNRESOLVED"", ""SPAN_NOT_SINGLE_VALUED"", ""WHICH_50_PERCENT_UNRESOLVED""]",BLOCKED_FROM_S7,False,"[""Q-50PCT"", ""Q-COUNT"", ""Q-MISMATCH""]",IN_SCOPE_S7,
CMP-0061,CONTINUOUS_BAR_RUN,RUN-B-047,GF_ROOF_SLAB,BOTTOM_Y,50% CONTINUOUS (counted once per run),Y,4B5,10,5,BARS_PER_METRE,BOTTOM,"ENGINEERING_DERIVED (unqualified plan callout; '/Top' and '(T&B)' are marked, plan note 2 gives the top steel over beams; p.15: bottom bars 'see schedule or plan')",,,CLEAR_SPAN,MINIMUM_PROJECT_COVER_25,PROJECT_BASIS_NUMERIC,"run extent face to face of the run's end supports, plus the end portions","[""end anchorage into non-continuous supports SUP-GF_ROOF_SLAB-141,SUP-GF_ROOF_SLAB-093 (shape only; cover >= 25 mm minimum, '40 CL.' binding unclear)"", ""laps / splices (not located)""]",RUN-B-047,P15-BOT-STOP-0.125L 'balance continuous' + plan callout 4B5,"[""CONTINUOUS_BAR_SPEC_MISMATCH"", ""COUNT_BASIS_UNRESOLVED"", ""EDGE_BAR_UNRESOLVED"", ""SPAN_NOT_SINGLE_VALUED"", ""WHICH_50_PERCENT_UNRESOLVED""]",BLOCKED_FROM_S7,False,"[""Q-50PCT"", ""Q-COUNT"", ""Q-MISMATCH""]",IN_SCOPE_S7,
CMP-0062,TEMPERATURE_X,SP-GF_ROOF_SLAB-16,GF_ROOF_SLAB,TEMPERATURE_X,,X,,,,,,,,,,,BLOCKED_UNQUANTIFIED,,,,P15 detail 'TEMP. REINFORCING' + P15-TEMP-TABLE,"[""COUNT_BASIS_UNRESOLVED"", ""SPAN_NOT_SINGLE_VALUED"", ""TABLE_NO_EXACT_ROW"", ""TEMPERATURE_REGION_DEPENDS_ON_TOP_EXTENT""]",BLOCKED_FROM_S7,False,"[""Q-COUNT"", ""Q-TEMP"", ""Q-TOPEXT""]",IN_SCOPE_S7,
CMP-0063,TEMPERATURE_Y,SP-GF_ROOF_SLAB-16,GF_ROOF_SLAB,TEMPERATURE_Y,,Y,,,,,,,,,,,BLOCKED_UNQUANTIFIED,,,,P15 detail 'TEMP. REINFORCING' + P15-TEMP-TABLE,"[""COUNT_BASIS_UNRESOLVED"", ""SPAN_NOT_SINGLE_VALUED"", ""TABLE_NO_EXACT_ROW"", ""TEMPERATURE_REGION_DEPENDS_ON_TOP_EXTENT""]",BLOCKED_FROM_S7,False,"[""Q-COUNT"", ""Q-TEMP"", ""Q-TOPEXT""]",IN_SCOPE_S7,
CMP-0064,CURTAILMENT_SEGMENT,SP-GF_ROOF_SLAB-17,GF_ROOF_SLAB,BOTTOM_X,50% STOPPED,X,541,10,6,BARS_PER_METRE,BOTTOM,"ENGINEERING_DERIVED (unqualified plan callout; '/Top' and '(T&B)' are marked, plan note 2 gives the top steel over beams; p.15: bottom bars 'see schedule or plan')",,,CLEAR_SPAN,MINIMUM_PROJECT_COVER_25,PROJECT_BASIS_NUMERIC,"clear span minus 0.125 L at each continuous end (2), plus the end portion at non-continuous ends",[],,P15-BOT-STOP-0.125L + plan callout 541,"[""CONTINUOUS_BAR_SPEC_MISMATCH"", ""COUNT_BASIS_UNRESOLVED"", ""EDGE_BAR_UNRESOLVED"", ""SPAN_NOT_SINGLE_VALUED"", ""WHICH_50_PERCENT_UNRESOLVED""]",BLOCKED_FROM_S7,False,"[""Q-50PCT"", ""Q-COUNT"", ""Q-MISMATCH""]",IN_SCOPE_S7,
CMP-0065,CONTINUOUS_BAR_RUN,RUN-B-048,GF_ROOF_SLAB,BOTTOM_X,50% CONTINUOUS (counted once per run),X,541,10,6,BARS_PER_METRE,BOTTOM,"ENGINEERING_DERIVED (unqualified plan callout; '/Top' and '(T&B)' are marked, plan note 2 gives the top steel over beams; p.15: bottom bars 'see schedule or plan')",,,CLEAR_SPAN,MINIMUM_PROJECT_COVER_25,PROJECT_BASIS_NUMERIC,"run extent face to face of the run's end supports, plus the end portions","[""laps / splices (not located)""]",RUN-B-048,P15-BOT-STOP-0.125L 'balance continuous' + plan callout 541,"[""CONTINUOUS_BAR_SPEC_MISMATCH"", ""COUNT_BASIS_UNRESOLVED"", ""EDGE_BAR_UNRESOLVED"", ""SPAN_NOT_SINGLE_VALUED"", ""WHICH_50_PERCENT_UNRESOLVED""]",BLOCKED_FROM_S7,False,"[""Q-50PCT"", ""Q-COUNT"", ""Q-MISMATCH""]",IN_SCOPE_S7,
CMP-0066,CURTAILMENT_SEGMENT,SP-GF_ROOF_SLAB-17,GF_ROOF_SLAB,BOTTOM_Y,50% STOPPED,Y,542,12,7,BARS_PER_METRE,BOTTOM,"ENGINEERING_DERIVED (unqualified plan callout; '/Top' and '(T&B)' are marked, plan note 2 gives the top steel over beams; p.15: bottom bars 'see schedule or plan')",,,CLEAR_SPAN,MINIMUM_PROJECT_COVER_25,PROJECT_BASIS_NUMERIC,"clear span minus 0.125 L at each continuous end (1), plus the end portion at non-continuous ends",[],,P15-BOT-STOP-0.125L + plan callout 542,"[""CONTINUOUS_BAR_SPEC_MISMATCH"", ""COUNT_BASIS_UNRESOLVED"", ""EDGE_BAR_UNRESOLVED"", ""SPAN_NOT_SINGLE_VALUED"", ""SUPPORT_CONTINUITY_UNRESOLVED"", ""SUPPORT_NOT_A_BEAM"", ""WHICH_50_PERCENT_UNRESOLVED""]",BLOCKED_FROM_S7,False,"[""Q-50PCT"", ""Q-COUNT"", ""Q-MISMATCH""]",IN_SCOPE_S7,
CMP-0067,CONTINUOUS_BAR_RUN,RUN-B-049,GF_ROOF_SLAB,BOTTOM_Y,50% CONTINUOUS (counted once per run),Y,542,12,7,BARS_PER_METRE,BOTTOM,"ENGINEERING_DERIVED (unqualified plan callout; '/Top' and '(T&B)' are marked, plan note 2 gives the top steel over beams; p.15: bottom bars 'see schedule or plan')",,,CLEAR_SPAN,MINIMUM_PROJECT_COVER_25,PROJECT_BASIS_NUMERIC,"run extent face to face of the run's end supports, plus the end portions","[""laps / splices (not located)""]",RUN-B-049,P15-BOT-STOP-0.125L 'balance continuous' + plan callout 542,"[""CONTINUOUS_BAR_SPEC_MISMATCH"", ""COUNT_BASIS_UNRESOLVED"", ""EDGE_BAR_UNRESOLVED"", ""SPAN_NOT_SINGLE_VALUED"", ""SUPPORT_CONTINUITY_UNRESOLVED"", ""SUPPORT_NOT_A_BEAM"", ""WHICH_50_PERCENT_UNRESOLVED""]",BLOCKED_FROM_S7,False,"[""Q-50PCT"", ""Q-COUNT"", ""Q-MISMATCH""]",IN_SCOPE_S7,
CMP-0068,TEMPERATURE_X,SP-GF_ROOF_SLAB-17,GF_ROOF_SLAB,TEMPERATURE_X,,X,,,,,,,,,,,BLOCKED_UNQUANTIFIED,,,,P15 detail 'TEMP. REINFORCING' + P15-TEMP-TABLE,"[""COUNT_BASIS_UNRESOLVED"", ""SPAN_NOT_SINGLE_VALUED"", ""TABLE_NO_EXACT_ROW"", ""TEMPERATURE_REGION_DEPENDS_ON_TOP_EXTENT""]",BLOCKED_FROM_S7,False,"[""Q-COUNT"", ""Q-TEMP"", ""Q-TOPEXT""]",IN_SCOPE_S7,
CMP-0069,TEMPERATURE_Y,SP-GF_ROOF_SLAB-17,GF_ROOF_SLAB,TEMPERATURE_Y,,Y,,,,,,,,,,,BLOCKED_UNQUANTIFIED,,,,P15 detail 'TEMP. REINFORCING' + P15-TEMP-TABLE,"[""COUNT_BASIS_UNRESOLVED"", ""SPAN_NOT_SINGLE_VALUED"", ""TABLE_NO_EXACT_ROW"", ""TEMPERATURE_REGION_DEPENDS_ON_TOP_EXTENT""]",BLOCKED_FROM_S7,False,"[""Q-COUNT"", ""Q-TEMP"", ""Q-TOPEXT""]",IN_SCOPE_S7,
CMP-0070,CURTAILMENT_SEGMENT,SP-GF_ROOF_SLAB-18,GF_ROOF_SLAB,BOTTOM_X,50% STOPPED,X,52A,10,5,BARS_PER_METRE,BOTTOM,"ENGINEERING_DERIVED (unqualified plan callout; '/Top' and '(T&B)' are marked, plan note 2 gives the top steel over beams; p.15: bottom bars 'see schedule or plan')",,,CLEAR_SPAN,MINIMUM_PROJECT_COVER_25,PROJECT_BASIS_NUMERIC,"clear span minus 0.125 L at each continuous end (2), plus the end portion at non-continuous ends",[],,P15-BOT-STOP-0.125L + plan callout 52A,"[""CONTINUOUS_BAR_SPEC_MISMATCH"", ""COUNT_BASIS_UNRESOLVED"", ""EDGE_BAR_UNRESOLVED"", ""RUN_ALIGNMENT_PARTIAL"", ""SPAN_NOT_SINGLE_VALUED"", ""WHICH_50_PERCENT_UNRESOLVED""]",BLOCKED_FROM_S7,False,"[""Q-50PCT"", ""Q-COUNT"", ""Q-MISMATCH""]",IN_SCOPE_S7,
CMP-0071,CONTINUOUS_BAR_RUN,RUN-B-046,GF_ROOF_SLAB,BOTTOM_X,50% CONTINUOUS (counted once per run),X,52A,10,5,BARS_PER_METRE,BOTTOM,"ENGINEERING_DERIVED (unqualified plan callout; '/Top' and '(T&B)' are marked, plan note 2 gives the top steel over beams; p.15: bottom bars 'see schedule or plan')",,,CLEAR_SPAN,MINIMUM_PROJECT_COVER_25,PROJECT_BASIS_NUMERIC,"run extent face to face of the run's end supports, plus the end portions","[""laps / splices (not located)""]",RUN-B-046,P15-BOT-STOP-0.125L 'balance continuous' + plan callout 52A,"[""CONTINUOUS_BAR_SPEC_MISMATCH"", ""COUNT_BASIS_UNRESOLVED"", ""EDGE_BAR_UNRESOLVED"", ""RUN_ALIGNMENT_PARTIAL"", ""SPAN_NOT_SINGLE_VALUED"", ""WHICH_50_PERCENT_UNRESOLVED""]",BLOCKED_FROM_S7,False,"[""Q-50PCT"", ""Q-COUNT"", ""Q-MISMATCH""]",IN_SCOPE_S7,
CMP-0072,CURTAILMENT_SEGMENT,SP-GF_ROOF_SLAB-18,GF_ROOF_SLAB,BOTTOM_Y,50% STOPPED,Y,528,10,5,BARS_PER_METRE,BOTTOM,"ENGINEERING_DERIVED (unqualified plan callout; '/Top' and '(T&B)' are marked, plan note 2 gives the top steel over beams; p.15: bottom bars 'see schedule or plan')",,,CLEAR_SPAN,MINIMUM_PROJECT_COVER_25,PROJECT_BASIS_NUMERIC,"clear span minus 0.125 L at each continuous end (1), plus the end portion at non-continuous ends","[""end anchorage into non-continuous supports SUP-GF_ROOF_SLAB-142 (shape only; cover >= 25 mm minimum, '40 CL.' binding unclear)""]",,P15-BOT-STOP-0.125L + plan callout 528,"[""COUNT_BASIS_UNRESOLVED"", ""EDGE_BAR_UNRESOLVED"", ""RUN_ALIGNMENT_PARTIAL"", ""SPAN_NOT_SINGLE_VALUED"", ""SUPPORT_CONTINUITY_UNRESOLVED"", ""WHICH_50_PERCENT_UNRESOLVED""]",BLOCKED_FROM_S7,False,"[""Q-50PCT"", ""Q-COUNT""]",IN_SCOPE_S7,
CMP-0073,CONTINUOUS_BAR_RUN,RUN-B-040,GF_ROOF_SLAB,BOTTOM_Y,50% CONTINUOUS (counted once per run),Y,528,10,5,BARS_PER_METRE,BOTTOM,"ENGINEERING_DERIVED (unqualified plan callout; '/Top' and '(T&B)' are marked, plan note 2 gives the top steel over beams; p.15: bottom bars 'see schedule or plan')",,,CLEAR_SPAN,MINIMUM_PROJECT_COVER_25,PROJECT_BASIS_NUMERIC,"run extent face to face of the run's end supports, plus the end portions","[""end anchorage into non-continuous supports SUP-GF_ROOF_SLAB-142 (shape only; cover >= 25 mm minimum, '40 CL.' binding unclear)"", ""laps / splices (not located)""]",RUN-B-040,P15-BOT-STOP-0.125L 'balance continuous' + plan callout 528,"[""COUNT_BASIS_UNRESOLVED"", ""EDGE_BAR_UNRESOLVED"", ""RUN_ALIGNMENT_PARTIAL"", ""SPAN_NOT_SINGLE_VALUED"", ""SUPPORT_CONTINUITY_UNRESOLVED"", ""WHICH_50_PERCENT_UNRESOLVED""]",BLOCKED_FROM_S7,False,"[""Q-50PCT"", ""Q-COUNT""]",IN_SCOPE_S7,
CMP-0074,TEMPERATURE_X,SP-GF_ROOF_SLAB-18,GF_ROOF_SLAB,TEMPERATURE_X,,X,,,,,,,,,,,BLOCKED_UNQUANTIFIED,,,,P15 detail 'TEMP. REINFORCING' + P15-TEMP-TABLE,"[""COUNT_BASIS_UNRESOLVED"", ""SPAN_NOT_SINGLE_VALUED"", ""TABLE_NO_EXACT_ROW"", ""TEMPERATURE_REGION_DEPENDS_ON_TOP_EXTENT""]",BLOCKED_FROM_S7,False,"[""Q-COUNT"", ""Q-TEMP"", ""Q-TOPEXT""]",IN_SCOPE_S7,
CMP-0075,TEMPERATURE_Y,SP-GF_ROOF_SLAB-18,GF_ROOF_SLAB,TEMPERATURE_Y,,Y,,,,,,,,,,,BLOCKED_UNQUANTIFIED,,,,P15 detail 'TEMP. REINFORCING' + P15-TEMP-TABLE,"[""COUNT_BASIS_UNRESOLVED"", ""SPAN_NOT_SINGLE_VALUED"", ""TABLE_NO_EXACT_ROW"", ""TEMPERATURE_REGION_DEPENDS_ON_TOP_EXTENT""]",BLOCKED_FROM_S7,False,"[""Q-COUNT"", ""Q-TEMP"", ""Q-TOPEXT""]",IN_SCOPE_S7,
CMP-0076,BOTTOM_X,SP-GF_ROOF_SLAB-19,GF_ROOF_SLAB,BOTTOM_X,100%,X,530,10,5,BARS_PER_METRE,BOTTOM,"ENGINEERING_DERIVED (unqualified plan callout; '/Top' and '(T&B)' are marked, plan note 2 gives the top steel over beams; p.15: bottom bars 'see schedule or plan')",4000,1600,CLEAR_SPAN,MINIMUM_PROJECT_COVER_25,PROJECT_BASIS_NUMERIC,clear span plus the end portions into the supports,"[""end anchorage into non-continuous supports SUP-GF_ROOF_SLAB-068,SUP-GF_ROOF_SLAB-070 (shape only; cover >= 25 mm minimum, '40 CL.' binding unclear)""]",RUN-B-050,plan callout 530,"[""COUNT_BASIS_UNRESOLVED"", ""EDGE_BAR_UNRESOLVED""]",BLOCKED_FROM_S7,True,"[""Q-COUNT""]",IN_SCOPE_S7,
CMP-0077,CURTAILMENT_SEGMENT,SP-GF_ROOF_SLAB-19,GF_ROOF_SLAB,BOTTOM_Y,50% STOPPED,Y,531,10,6,BARS_PER_METRE,BOTTOM,"ENGINEERING_DERIVED (unqualified plan callout; '/Top' and '(T&B)' are marked, plan note 2 gives the top steel over beams; p.15: bottom bars 'see schedule or plan')",1600,4000,CLEAR_SPAN,MINIMUM_PROJECT_COVER_25,PROJECT_BASIS_NUMERIC,"clear span minus 0.125 L at each continuous end (1), plus the end portion at non-continuous ends","[""end anchorage into non-continuous supports SUP-GF_ROOF_SLAB-042,SUP-GF_ROOF_SLAB-042 (shape only; cover >= 25 mm minimum, '40 CL.' binding unclear)""]",,P15-BOT-STOP-0.125L + plan callout 531,"[""COUNT_BASIS_UNRESOLVED"", ""EDGE_BAR_UNRESOLVED"", ""WHICH_50_PERCENT_UNRESOLVED""]",BLOCKED_FROM_S7,True,"[""Q-50PCT"", ""Q-COUNT""]",IN_SCOPE_S7,
CMP-0078,CONTINUOUS_BAR_RUN,RUN-B-051,GF_ROOF_SLAB,BOTTOM_Y,50% CONTINUOUS (counted once per run),Y,531,10,6,BARS_PER_METRE,BOTTOM,"ENGINEERING_DERIVED (unqualified plan callout; '/Top' and '(T&B)' are marked, plan note 2 gives the top steel over beams; p.15: bottom bars 'see schedule or plan')",1600,4000,CLEAR_SPAN,MINIMUM_PROJECT_COVER_25,PROJECT_BASIS_NUMERIC,"run extent face to face of the run's end supports, plus the end portions","[""end anchorage into non-continuous supports SUP-GF_ROOF_SLAB-042,SUP-GF_ROOF_SLAB-042 (shape only; cover >= 25 mm minimum, '40 CL.' binding unclear)"", ""laps / splices (not located)""]",RUN-B-051,P15-BOT-STOP-0.125L 'balance continuous' + plan callout 531,"[""COUNT_BASIS_UNRESOLVED"", ""EDGE_BAR_UNRESOLVED"", ""WHICH_50_PERCENT_UNRESOLVED""]",BLOCKED_FROM_S7,True,"[""Q-50PCT"", ""Q-COUNT""]",IN_SCOPE_S7,
CMP-0079,TEMPERATURE_X,SP-GF_ROOF_SLAB-19,GF_ROOF_SLAB,TEMPERATURE_X,,X,,,,,,,,,,,BLOCKED_UNQUANTIFIED,,,,P15 detail 'TEMP. REINFORCING' + P15-TEMP-TABLE,"[""COUNT_BASIS_UNRESOLVED"", ""TABLE_NO_EXACT_ROW"", ""TEMPERATURE_REGION_DEPENDS_ON_TOP_EXTENT""]",BLOCKED_FROM_S7,True,"[""Q-COUNT"", ""Q-TEMP"", ""Q-TOPEXT""]",IN_SCOPE_S7,
CMP-0080,TEMPERATURE_Y,SP-GF_ROOF_SLAB-19,GF_ROOF_SLAB,TEMPERATURE_Y,,Y,,,,,,,,,,,BLOCKED_UNQUANTIFIED,,,,P15 detail 'TEMP. REINFORCING' + P15-TEMP-TABLE,"[""COUNT_BASIS_UNRESOLVED"", ""TABLE_NO_EXACT_ROW"", ""TEMPERATURE_REGION_DEPENDS_ON_TOP_EXTENT""]",BLOCKED_FROM_S7,True,"[""Q-COUNT"", ""Q-TEMP"", ""Q-TOPEXT""]",IN_SCOPE_S7,
CMP-0081,CURTAILMENT_SEGMENT,SP-GF_ROOF_SLAB-20,GF_ROOF_SLAB,BOTTOM_X,50% STOPPED,X,521,10,6,BARS_PER_METRE,BOTTOM,"ENGINEERING_DERIVED (unqualified plan callout; '/Top' and '(T&B)' are marked, plan note 2 gives the top steel over beams; p.15: bottom bars 'see schedule or plan')",4200,3700,CLEAR_SPAN,MINIMUM_PROJECT_COVER_25,PROJECT_BASIS_NUMERIC,"clear span minus 0.125 L at each continuous end (2), plus the end portion at non-continuous ends","[""end anchorage into non-continuous supports SUP-GF_ROOF_SLAB-060 (shape only; cover >= 25 mm minimum, '40 CL.' binding unclear)""]",,P15-BOT-STOP-0.125L + plan callout 521,"[""CONTINUOUS_BAR_SPEC_MISMATCH"", ""COUNT_BASIS_UNRESOLVED"", ""EDGE_BAR_UNRESOLVED"", ""WHICH_50_PERCENT_UNRESOLVED""]",BLOCKED_FROM_S7,True,"[""Q-50PCT"", ""Q-COUNT"", ""Q-MISMATCH""]",IN_SCOPE_S7,
CMP-0082,CONTINUOUS_BAR_RUN,RUN-B-052,GF_ROOF_SLAB,BOTTOM_X,50% CONTINUOUS (counted once per run),X,521,10,6,BARS_PER_METRE,BOTTOM,"ENGINEERING_DERIVED (unqualified plan callout; '/Top' and '(T&B)' are marked, plan note 2 gives the top steel over beams; p.15: bottom bars 'see schedule or plan')",4200,3700,CLEAR_SPAN,MINIMUM_PROJECT_COVER_25,PROJECT_BASIS_NUMERIC,"run extent face to face of the run's end supports, plus the end portions","[""end anchorage into non-continuous supports SUP-GF_ROOF_SLAB-060 (shape only; cover >= 25 mm minimum, '40 CL.' binding unclear)"", ""laps / splices (not located)""]",RUN-B-052,P15-BOT-STOP-0.125L 'balance continuous' + plan callout 521,"[""CONTINUOUS_BAR_SPEC_MISMATCH"", ""COUNT_BASIS_UNRESOLVED"", ""EDGE_BAR_UNRESOLVED"", ""WHICH_50_PERCENT_UNRESOLVED""]",BLOCKED_FROM_S7,True,"[""Q-50PCT"", ""Q-COUNT"", ""Q-MISMATCH""]",IN_SCOPE_S7,
CMP-0083,BOTTOM_Y,SP-GF_ROOF_SLAB-20,GF_ROOF_SLAB,BOTTOM_Y,100%,Y,522,10,7,BARS_PER_METRE,BOTTOM,"ENGINEERING_DERIVED (unqualified plan callout; '/Top' and '(T&B)' are marked, plan note 2 gives the top steel over beams; p.15: bottom bars 'see schedule or plan')",3700,4200,CLEAR_SPAN,MINIMUM_PROJECT_COVER_25,PROJECT_BASIS_NUMERIC,clear span plus the end portions into the supports,"[""end anchorage into non-continuous supports SUP-GF_ROOF_SLAB-094,SUP-GF_ROOF_SLAB-028 (shape only; cover >= 25 mm minimum, '40 CL.' binding unclear)""]",RUN-B-053,plan callout 522,"[""COUNT_BASIS_UNRESOLVED"", ""EDGE_BAR_UNRESOLVED"", ""SUPPORT_CONTINUITY_UNRESOLVED""]",BLOCKED_FROM_S7,False,"[""Q-COUNT""]",IN_SCOPE_S7,
CMP-0084,TEMPERATURE_X,SP-GF_ROOF_SLAB-20,GF_ROOF_SLAB,TEMPERATURE_X,,X,,,,,,,,,,,BLOCKED_UNQUANTIFIED,,,,P15 detail 'TEMP. REINFORCING' + P15-TEMP-TABLE,"[""COUNT_BASIS_UNRESOLVED"", ""TABLE_NO_EXACT_ROW"", ""TEMPERATURE_REGION_DEPENDS_ON_TOP_EXTENT""]",BLOCKED_FROM_S7,True,"[""Q-COUNT"", ""Q-TEMP"", ""Q-TOPEXT""]",IN_SCOPE_S7,
CMP-0085,TEMPERATURE_Y,SP-GF_ROOF_SLAB-20,GF_ROOF_SLAB,TEMPERATURE_Y,,Y,,,,,,,,,,,BLOCKED_UNQUANTIFIED,,,,P15 detail 'TEMP. REINFORCING' + P15-TEMP-TABLE,"[""COUNT_BASIS_UNRESOLVED"", ""TABLE_NO_EXACT_ROW"", ""TEMPERATURE_REGION_DEPENDS_ON_TOP_EXTENT""]",BLOCKED_FROM_S7,True,"[""Q-COUNT"", ""Q-TEMP"", ""Q-TOPEXT""]",IN_SCOPE_S7,
CMP-0086,CURTAILMENT_SEGMENT,SP-GF_ROOF_SLAB-22,GF_ROOF_SLAB,BOTTOM_X,50% STOPPED,X,526,10,7,BARS_PER_METRE,BOTTOM,"ENGINEERING_DERIVED (unqualified plan callout; '/Top' and '(T&B)' are marked, plan note 2 gives the top steel over beams; p.15: bottom bars 'see schedule or plan')",,,CLEAR_SPAN,MINIMUM_PROJECT_COVER_25,PROJECT_BASIS_NUMERIC,"clear span minus 0.125 L at each continuous end (1), plus the end portion at non-continuous ends",[],,P15-BOT-STOP-0.125L + plan callout 526,"[""COUNT_BASIS_UNRESOLVED"", ""EDGE_BAR_UNRESOLVED"", ""SOURCE_CONFLICT_TWO_CALLOUTS_ONE_DIRECTION"", ""SPAN_NOT_SINGLE_VALUED"", ""SUPPORT_CONTINUITY_UNRESOLVED"", ""WHICH_50_PERCENT_UNRESOLVED""]",BLOCKED_FROM_S7,False,"[""Q-50PCT"", ""Q-COUNT""]",IN_SCOPE_S7,
CMP-0087,CONTINUOUS_BAR_RUN,,GF_ROOF_SLAB,BOTTOM_X,50% CONTINUOUS (counted once per run),X,526,10,7,BARS_PER_METRE,BOTTOM,"ENGINEERING_DERIVED (unqualified plan callout; '/Top' and '(T&B)' are marked, plan note 2 gives the top steel over beams; p.15: bottom bars 'see schedule or plan')",,,CLEAR_SPAN,MINIMUM_PROJECT_COVER_25,PROJECT_BASIS_NUMERIC,"run extent face to face of the run's end supports, plus the end portions","[""laps / splices (not located)""]",,P15-BOT-STOP-0.125L 'balance continuous' + plan callout 526,"[""COUNT_BASIS_UNRESOLVED"", ""EDGE_BAR_UNRESOLVED"", ""SOURCE_CONFLICT_TWO_CALLOUTS_ONE_DIRECTION"", ""SPAN_NOT_SINGLE_VALUED"", ""SUPPORT_CONTINUITY_UNRESOLVED"", ""WHICH_50_PERCENT_UNRESOLVED""]",BLOCKED_FROM_S7,False,"[""Q-50PCT"", ""Q-COUNT""]",IN_SCOPE_S7,
CMP-0088,CURTAILMENT_SEGMENT,SP-GF_ROOF_SLAB-22,GF_ROOF_SLAB,BOTTOM_Y,50% STOPPED,Y,527,10,6,BARS_PER_METRE,BOTTOM,"ENGINEERING_DERIVED (unqualified plan callout; '/Top' and '(T&B)' are marked, plan note 2 gives the top steel over beams; p.15: bottom bars 'see schedule or plan')",,,CLEAR_SPAN,MINIMUM_PROJECT_COVER_25,PROJECT_BASIS_NUMERIC,"clear span minus 0.125 L at each continuous end (1), plus the end portion at non-continuous ends",[],,P15-BOT-STOP-0.125L + plan callout 527,"[""CONTINUOUS_BAR_SPEC_MISMATCH"", ""COUNT_BASIS_UNRESOLVED"", ""EDGE_BAR_UNRESOLVED"", ""SPAN_NOT_SINGLE_VALUED"", ""SUPPORT_CONTINUITY_UNRESOLVED"", ""WHICH_50_PERCENT_UNRESOLVED""]",BLOCKED_FROM_S7,False,"[""Q-50PCT"", ""Q-COUNT"", ""Q-MISMATCH""]",IN_SCOPE_S7,
CMP-0089,CONTINUOUS_BAR_RUN,RUN-B-054,GF_ROOF_SLAB,BOTTOM_Y,50% CONTINUOUS (counted once per run),Y,527,10,6,BARS_PER_METRE,BOTTOM,"ENGINEERING_DERIVED (unqualified plan callout; '/Top' and '(T&B)' are marked, plan note 2 gives the top steel over beams; p.15: bottom bars 'see schedule or plan')",,,CLEAR_SPAN,MINIMUM_PROJECT_COVER_25,PROJECT_BASIS_NUMERIC,"run extent face to face of the run's end supports, plus the end portions","[""laps / splices (not located)""]",RUN-B-054,P15-BOT-STOP-0.125L 'balance continuous' + plan callout 527,"[""CONTINUOUS_BAR_SPEC_MISMATCH"", ""COUNT_BASIS_UNRESOLVED"", ""EDGE_BAR_UNRESOLVED"", ""SPAN_NOT_SINGLE_VALUED"", ""SUPPORT_CONTINUITY_UNRESOLVED"", ""WHICH_50_PERCENT_UNRESOLVED""]",BLOCKED_FROM_S7,False,"[""Q-50PCT"", ""Q-COUNT"", ""Q-MISMATCH""]",IN_SCOPE_S7,
CMP-0090,TEMPERATURE_X,SP-GF_ROOF_SLAB-22,GF_ROOF_SLAB,TEMPERATURE_X,,X,,,,,,,,,,,BLOCKED_UNQUANTIFIED,,,,P15 detail 'TEMP. REINFORCING' + P15-TEMP-TABLE,"[""COUNT_BASIS_UNRESOLVED"", ""SPAN_NOT_SINGLE_VALUED"", ""TABLE_NO_EXACT_ROW"", ""TEMPERATURE_REGION_DEPENDS_ON_TOP_EXTENT""]",BLOCKED_FROM_S7,False,"[""Q-COUNT"", ""Q-TEMP"", ""Q-TOPEXT""]",IN_SCOPE_S7,
CMP-0091,TEMPERATURE_Y,SP-GF_ROOF_SLAB-22,GF_ROOF_SLAB,TEMPERATURE_Y,,Y,,,,,,,,,,,BLOCKED_UNQUANTIFIED,,,,P15 detail 'TEMP. REINFORCING' + P15-TEMP-TABLE,"[""COUNT_BASIS_UNRESOLVED"", ""SPAN_NOT_SINGLE_VALUED"", ""TABLE_NO_EXACT_ROW"", ""TEMPERATURE_REGION_DEPENDS_ON_TOP_EXTENT""]",BLOCKED_FROM_S7,False,"[""Q-COUNT"", ""Q-TEMP"", ""Q-TOPEXT""]",IN_SCOPE_S7,
CMP-0092,CURTAILMENT_SEGMENT,SP-GF_ROOF_SLAB-23,GF_ROOF_SLAB,BOTTOM_X,50% STOPPED,X,4DE,10,6,BARS_PER_METRE,BOTTOM,"ENGINEERING_DERIVED (unqualified plan callout; '/Top' and '(T&B)' are marked, plan note 2 gives the top steel over beams; p.15: bottom bars 'see schedule or plan')",,,CLEAR_SPAN,MINIMUM_PROJECT_COVER_25,PROJECT_BASIS_NUMERIC,"clear span minus 0.125 L at each continuous end (1), plus the end portion at non-continuous ends","[""end anchorage into non-continuous supports SUP-GF_ROOF_SLAB-052 (shape only; cover >= 25 mm minimum, '40 CL.' binding unclear)""]",,P15-BOT-STOP-0.125L + plan callout 4DE,"[""CONTINUOUS_BAR_SPEC_MISMATCH"", ""COUNT_BASIS_UNRESOLVED"", ""EDGE_BAR_UNRESOLVED"", ""SPAN_NOT_SINGLE_VALUED"", ""WHICH_50_PERCENT_UNRESOLVED""]",BLOCKED_FROM_S7,False,"[""Q-50PCT"", ""Q-COUNT"", ""Q-MISMATCH""]",IN_SCOPE_S7,
CMP-0093,CONTINUOUS_BAR_RUN,RUN-B-055,GF_ROOF_SLAB,BOTTOM_X,50% CONTINUOUS (counted once per run),X,4DE,10,6,BARS_PER_METRE,BOTTOM,"ENGINEERING_DERIVED (unqualified plan callout; '/Top' and '(T&B)' are marked, plan note 2 gives the top steel over beams; p.15: bottom bars 'see schedule or plan')",,,CLEAR_SPAN,MINIMUM_PROJECT_COVER_25,PROJECT_BASIS_NUMERIC,"run extent face to face of the run's end supports, plus the end portions","[""end anchorage into non-continuous supports SUP-GF_ROOF_SLAB-052 (shape only; cover >= 25 mm minimum, '40 CL.' binding unclear)"", ""laps / splices (not located)""]",RUN-B-055,P15-BOT-STOP-0.125L 'balance continuous' + plan callout 4DE,"[""CONTINUOUS_BAR_SPEC_MISMATCH"", ""COUNT_BASIS_UNRESOLVED"", ""EDGE_BAR_UNRESOLVED"", ""SPAN_NOT_SINGLE_VALUED"", ""WHICH_50_PERCENT_UNRESOLVED""]",BLOCKED_FROM_S7,False,"[""Q-50PCT"", ""Q-COUNT"", ""Q-MISMATCH""]",IN_SCOPE_S7,
CMP-0094,CURTAILMENT_SEGMENT,SP-GF_ROOF_SLAB-23,GF_ROOF_SLAB,BOTTOM_Y,50% STOPPED,Y,4DC,10,5,BARS_PER_METRE,BOTTOM,"ENGINEERING_DERIVED (unqualified plan callout; '/Top' and '(T&B)' are marked, plan note 2 gives the top steel over beams; p.15: bottom bars 'see schedule or plan')",,,CLEAR_SPAN,MINIMUM_PROJECT_COVER_25,PROJECT_BASIS_NUMERIC,"clear span minus 0.125 L at each continuous end (1), plus the end portion at non-continuous ends","[""end anchorage into non-continuous supports SUP-GF_ROOF_SLAB-164 (shape only; cover >= 25 mm minimum, '40 CL.' binding unclear)""]",,P15-BOT-STOP-0.125L + plan callout 4DC,"[""COUNT_BASIS_UNRESOLVED"", ""EDGE_BAR_UNRESOLVED"", ""SPAN_NOT_SINGLE_VALUED"", ""WHICH_50_PERCENT_UNRESOLVED""]",BLOCKED_FROM_S7,False,"[""Q-50PCT"", ""Q-COUNT""]",IN_SCOPE_S7,
CMP-0095,CONTINUOUS_BAR_RUN,RUN-B-045,GF_ROOF_SLAB,BOTTOM_Y,50% CONTINUOUS (counted once per run),Y,4DC,10,5,BARS_PER_METRE,BOTTOM,"ENGINEERING_DERIVED (unqualified plan callout; '/Top' and '(T&B)' are marked, plan note 2 gives the top steel over beams; p.15: bottom bars 'see schedule or plan')",,,CLEAR_SPAN,MINIMUM_PROJECT_COVER_25,PROJECT_BASIS_NUMERIC,"run extent face to face of the run's end supports, plus the end portions","[""end anchorage into non-continuous supports SUP-GF_ROOF_SLAB-164 (shape only; cover >= 25 mm minimum, '40 CL.' binding unclear)"", ""laps / splices (not located)""]",RUN-B-045,P15-BOT-STOP-0.125L 'balance continuous' + plan callout 4DC,"[""COUNT_BASIS_UNRESOLVED"", ""EDGE_BAR_UNRESOLVED"", ""SPAN_NOT_SINGLE_VALUED"", ""WHICH_50_PERCENT_UNRESOLVED""]",BLOCKED_FROM_S7,False,"[""Q-50PCT"", ""Q-COUNT""]",IN_SCOPE_S7,
CMP-0096,TEMPERATURE_X,SP-GF_ROOF_SLAB-23,GF_ROOF_SLAB,TEMPERATURE_X,,X,,,,,,,,,,,BLOCKED_UNQUANTIFIED,,,,P15 detail 'TEMP. REINFORCING' + P15-TEMP-TABLE,"[""COUNT_BASIS_UNRESOLVED"", ""SPAN_NOT_SINGLE_VALUED"", ""TABLE_NO_EXACT_ROW"", ""TEMPERATURE_REGION_DEPENDS_ON_TOP_EXTENT""]",BLOCKED_FROM_S7,False,"[""Q-COUNT"", ""Q-TEMP"", ""Q-TOPEXT""]",IN_SCOPE_S7,
CMP-0097,TEMPERATURE_Y,SP-GF_ROOF_SLAB-23,GF_ROOF_SLAB,TEMPERATURE_Y,,Y,,,,,,,,,,,BLOCKED_UNQUANTIFIED,,,,P15 detail 'TEMP. REINFORCING' + P15-TEMP-TABLE,"[""COUNT_BASIS_UNRESOLVED"", ""SPAN_NOT_SINGLE_VALUED"", ""TABLE_NO_EXACT_ROW"", ""TEMPERATURE_REGION_DEPENDS_ON_TOP_EXTENT""]",BLOCKED_FROM_S7,False,"[""Q-COUNT"", ""Q-TEMP"", ""Q-TOPEXT""]",IN_SCOPE_S7,
CMP-0098,CURTAILMENT_SEGMENT,SP-GF_ROOF_SLAB-24,GF_ROOF_SLAB,BOTTOM_X,50% STOPPED,X,51B,10,5,BARS_PER_METRE,BOTTOM,"ENGINEERING_DERIVED (unqualified plan callout; '/Top' and '(T&B)' are marked, plan note 2 gives the top steel over beams; p.15: bottom bars 'see schedule or plan')",,,CLEAR_SPAN,MINIMUM_PROJECT_COVER_25,PROJECT_BASIS_NUMERIC,"clear span minus 0.125 L at each continuous end (1), plus the end portion at non-continuous ends",[],,P15-BOT-STOP-0.125L + plan callout 51B,"[""CONTINUOUS_BAR_SPEC_MISMATCH"", ""COUNT_BASIS_UNRESOLVED"", ""EDGE_BAR_UNRESOLVED"", ""SPAN_NOT_SINGLE_VALUED"", ""SUPPORT_CONTINUITY_UNRESOLVED"", ""WHICH_50_PERCENT_UNRESOLVED""]",BLOCKED_FROM_S7,False,"[""Q-50PCT"", ""Q-COUNT"", ""Q-MISMATCH""]",IN_SCOPE_S7,
CMP-0099,CONTINUOUS_BAR_RUN,RUN-B-056,GF_ROOF_SLAB,BOTTOM_X,50% CONTINUOUS (counted once per run),X,51B,10,5,BARS_PER_METRE,BOTTOM,"ENGINEERING_DERIVED (unqualified plan callout; '/Top' and '(T&B)' are marked, plan note 2 gives the top steel over beams; p.15: bottom bars 'see schedule or plan')",,,CLEAR_SPAN,MINIMUM_PROJECT_COVER_25,PROJECT_BASIS_NUMERIC,"run extent face to face of the run's end supports, plus the end portions","[""laps / splices (not located)""]",RUN-B-056,P15-BOT-STOP-0.125L 'balance continuous' + plan callout 51B,"[""CONTINUOUS_BAR_SPEC_MISMATCH"", ""COUNT_BASIS_UNRESOLVED"", ""EDGE_BAR_UNRESOLVED"", ""SPAN_NOT_SINGLE_VALUED"", ""SUPPORT_CONTINUITY_UNRESOLVED"", ""WHICH_50_PERCENT_UNRESOLVED""]",BLOCKED_FROM_S7,False,"[""Q-50PCT"", ""Q-COUNT"", ""Q-MISMATCH""]",IN_SCOPE_S7,
CMP-0100,BOTTOM_Y,SP-GF_ROOF_SLAB-24,GF_ROOF_SLAB,BOTTOM_Y,100%,Y,519,10,5,BARS_PER_METRE,BOTTOM,"ENGINEERING_DERIVED (unqualified plan callout; '/Top' and '(T&B)' are marked, plan note 2 gives the top steel over beams; p.15: bottom bars 'see schedule or plan')",,,CLEAR_SPAN,MINIMUM_PROJECT_COVER_25,PROJECT_BASIS_NUMERIC,clear span plus the end portions into the supports,[],RUN-B-057,plan callout 519,"[""COUNT_BASIS_UNRESOLVED"", ""EDGE_BAR_UNRESOLVED"", ""SPAN_NOT_SINGLE_VALUED"", ""SUPPORT_CONTINUITY_UNRESOLVED""]",BLOCKED_FROM_S7,False,"[""Q-COUNT""]",IN_SCOPE_S7,
CMP-0101,TEMPERATURE_X,SP-GF_ROOF_SLAB-24,GF_ROOF_SLAB,TEMPERATURE_X,,X,,,,,,,,,,,BLOCKED_UNQUANTIFIED,,,,P15 detail 'TEMP. REINFORCING' + P15-TEMP-TABLE,"[""COUNT_BASIS_UNRESOLVED"", ""SPAN_NOT_SINGLE_VALUED"", ""TABLE_NO_EXACT_ROW"", ""TEMPERATURE_REGION_DEPENDS_ON_TOP_EXTENT""]",BLOCKED_FROM_S7,False,"[""Q-COUNT"", ""Q-TEMP"", ""Q-TOPEXT""]",IN_SCOPE_S7,
CMP-0102,TEMPERATURE_Y,SP-GF_ROOF_SLAB-24,GF_ROOF_SLAB,TEMPERATURE_Y,,Y,,,,,,,,,,,BLOCKED_UNQUANTIFIED,,,,P15 detail 'TEMP. REINFORCING' + P15-TEMP-TABLE,"[""COUNT_BASIS_UNRESOLVED"", ""SPAN_NOT_SINGLE_VALUED"", ""TABLE_NO_EXACT_ROW"", ""TEMPERATURE_REGION_DEPENDS_ON_TOP_EXTENT""]",BLOCKED_FROM_S7,False,"[""Q-COUNT"", ""Q-TEMP"", ""Q-TOPEXT""]",IN_SCOPE_S7,
CMP-0103,CURTAILMENT_SEGMENT,SP-GF_ROOF_SLAB-25,GF_ROOF_SLAB,BOTTOM_X,50% STOPPED,X,4CA,10,7,BARS_PER_METRE,BOTTOM,"ENGINEERING_DERIVED (unqualified plan callout; '/Top' and '(T&B)' are marked, plan note 2 gives the top steel over beams; p.15: bottom bars 'see schedule or plan')",3300,4950,CLEAR_SPAN,MINIMUM_PROJECT_COVER_25,PROJECT_BASIS_NUMERIC,"clear span minus 0.125 L at each continuous end (3), plus the end portion at non-continuous ends",[],,P15-BOT-STOP-0.125L + plan callout 4CA,"[""CONTINUOUS_BAR_SPEC_MISMATCH"", ""COUNT_BASIS_UNRESOLVED"", ""EDGE_BAR_UNRESOLVED"", ""SUPPORT_CONTINUITY_UNRESOLVED"", ""WHICH_50_PERCENT_UNRESOLVED""]",BLOCKED_FROM_S7,False,"[""Q-50PCT"", ""Q-COUNT"", ""Q-MISMATCH""]",IN_SCOPE_S7,
CMP-0104,CONTINUOUS_BAR_RUN,RUN-B-058,GF_ROOF_SLAB,BOTTOM_X,50% CONTINUOUS (counted once per run),X,4CA,10,7,BARS_PER_METRE,BOTTOM,"ENGINEERING_DERIVED (unqualified plan callout; '/Top' and '(T&B)' are marked, plan note 2 gives the top steel over beams; p.15: bottom bars 'see schedule or plan')",3300,4950,CLEAR_SPAN,MINIMUM_PROJECT_COVER_25,PROJECT_BASIS_NUMERIC,"run extent face to face of the run's end supports, plus the end portions","[""laps / splices (not located)""]",RUN-B-058,P15-BOT-STOP-0.125L 'balance continuous' + plan callout 4CA,"[""CONTINUOUS_BAR_SPEC_MISMATCH"", ""COUNT_BASIS_UNRESOLVED"", ""EDGE_BAR_UNRESOLVED"", ""SUPPORT_CONTINUITY_UNRESOLVED"", ""WHICH_50_PERCENT_UNRESOLVED""]",BLOCKED_FROM_S7,False,"[""Q-50PCT"", ""Q-COUNT"", ""Q-MISMATCH""]",IN_SCOPE_S7,
CMP-0105,CURTAILMENT_SEGMENT,SP-GF_ROOF_SLAB-25,GF_ROOF_SLAB,BOTTOM_Y,50% STOPPED,Y,4CB,10,6,BARS_PER_METRE,BOTTOM,"ENGINEERING_DERIVED (unqualified plan callout; '/Top' and '(T&B)' are marked, plan note 2 gives the top steel over beams; p.15: bottom bars 'see schedule or plan')",4950,3300,CLEAR_SPAN,MINIMUM_PROJECT_COVER_25,PROJECT_BASIS_NUMERIC,"clear span minus 0.125 L at each continuous end (2), plus the end portion at non-continuous ends",[],,P15-BOT-STOP-0.125L + plan callout 4CB,"[""CONTINUOUS_BAR_SPEC_MISMATCH"", ""COUNT_BASIS_UNRESOLVED"", ""EDGE_BAR_UNRESOLVED"", ""WHICH_50_PERCENT_UNRESOLVED""]",BLOCKED_FROM_S7,True,"[""Q-50PCT"", ""Q-COUNT"", ""Q-MISMATCH""]",IN_SCOPE_S7,
CMP-0106,CONTINUOUS_BAR_RUN,RUN-B-059,GF_ROOF_SLAB,BOTTOM_Y,50% CONTINUOUS (counted once per run),Y,4CB,10,6,BARS_PER_METRE,BOTTOM,"ENGINEERING_DERIVED (unqualified plan callout; '/Top' and '(T&B)' are marked, plan note 2 gives the top steel over beams; p.15: bottom bars 'see schedule or plan')",4950,3300,CLEAR_SPAN,MINIMUM_PROJECT_COVER_25,PROJECT_BASIS_NUMERIC,"run extent face to face of the run's end supports, plus the end portions","[""laps / splices (not located)""]",RUN-B-059,P15-BOT-STOP-0.125L 'balance continuous' + plan callout 4CB,"[""CONTINUOUS_BAR_SPEC_MISMATCH"", ""COUNT_BASIS_UNRESOLVED"", ""EDGE_BAR_UNRESOLVED"", ""WHICH_50_PERCENT_UNRESOLVED""]",BLOCKED_FROM_S7,True,"[""Q-50PCT"", ""Q-COUNT"", ""Q-MISMATCH""]",IN_SCOPE_S7,
CMP-0107,TEMPERATURE_X,SP-GF_ROOF_SLAB-25,GF_ROOF_SLAB,TEMPERATURE_X,,X,,,,,,,,,,,BLOCKED_UNQUANTIFIED,,,,P15 detail 'TEMP. REINFORCING' + P15-TEMP-TABLE,"[""COUNT_BASIS_UNRESOLVED"", ""TABLE_NO_EXACT_ROW"", ""TEMPERATURE_REGION_DEPENDS_ON_TOP_EXTENT""]",BLOCKED_FROM_S7,True,"[""Q-COUNT"", ""Q-TEMP"", ""Q-TOPEXT""]",IN_SCOPE_S7,
CMP-0108,TEMPERATURE_Y,SP-GF_ROOF_SLAB-25,GF_ROOF_SLAB,TEMPERATURE_Y,,Y,,,,,,,,,,,BLOCKED_UNQUANTIFIED,,,,P15 detail 'TEMP. REINFORCING' + P15-TEMP-TABLE,"[""COUNT_BASIS_UNRESOLVED"", ""TABLE_NO_EXACT_ROW"", ""TEMPERATURE_REGION_DEPENDS_ON_TOP_EXTENT""]",BLOCKED_FROM_S7,True,"[""Q-COUNT"", ""Q-TEMP"", ""Q-TOPEXT""]",IN_SCOPE_S7,
CMP-0109,CURTAILMENT_SEGMENT,SP-GF_ROOF_SLAB-26,GF_ROOF_SLAB,BOTTOM_X,50% STOPPED,X,506,10,7,BARS_PER_METRE,BOTTOM,"ENGINEERING_DERIVED (unqualified plan callout; '/Top' and '(T&B)' are marked, plan note 2 gives the top steel over beams; p.15: bottom bars 'see schedule or plan')",4000,4500,CLEAR_SPAN,MINIMUM_PROJECT_COVER_25,PROJECT_BASIS_NUMERIC,"clear span minus 0.125 L at each continuous end (1), plus the end portion at non-continuous ends","[""end anchorage into non-continuous supports SUP-GF_ROOF_SLAB-071 (shape only; cover >= 25 mm minimum, '40 CL.' binding unclear)""]",,P15-BOT-STOP-0.125L + plan callout 506,"[""COUNT_BASIS_UNRESOLVED"", ""EDGE_BAR_UNRESOLVED"", ""WHICH_50_PERCENT_UNRESOLVED""]",BLOCKED_FROM_S7,True,"[""Q-50PCT"", ""Q-COUNT""]",IN_SCOPE_S7,
CMP-0110,CONTINUOUS_BAR_RUN,RUN-B-060,GF_ROOF_SLAB,BOTTOM_X,50% CONTINUOUS (counted once per run),X,506,10,7,BARS_PER_METRE,BOTTOM,"ENGINEERING_DERIVED (unqualified plan callout; '/Top' and '(T&B)' are marked, plan note 2 gives the top steel over beams; p.15: bottom bars 'see schedule or plan')",4000,4500,CLEAR_SPAN,MINIMUM_PROJECT_COVER_25,PROJECT_BASIS_NUMERIC,"run extent face to face of the run's end supports, plus the end portions","[""end anchorage into non-continuous supports SUP-GF_ROOF_SLAB-071 (shape only; cover >= 25 mm minimum, '40 CL.' binding unclear)"", ""laps / splices (not located)""]",RUN-B-060,P15-BOT-STOP-0.125L 'balance continuous' + plan callout 506,"[""COUNT_BASIS_UNRESOLVED"", ""EDGE_BAR_UNRESOLVED"", ""WHICH_50_PERCENT_UNRESOLVED""]",BLOCKED_FROM_S7,True,"[""Q-50PCT"", ""Q-COUNT""]",IN_SCOPE_S7,
CMP-0111,CURTAILMENT_SEGMENT,SP-GF_ROOF_SLAB-26,GF_ROOF_SLAB,BOTTOM_Y,50% STOPPED,Y,507,10,6,BARS_PER_METRE,BOTTOM,"ENGINEERING_DERIVED (unqualified plan callout; '/Top' and '(T&B)' are marked, plan note 2 gives the top steel over beams; p.15: bottom bars 'see schedule or plan')",4500,4000,CLEAR_SPAN,MINIMUM_PROJECT_COVER_25,PROJECT_BASIS_NUMERIC,"clear span minus 0.125 L at each continuous end (1), plus the end portion at non-continuous ends","[""end anchorage into non-continuous supports SUP-GF_ROOF_SLAB-015 (shape only; cover >= 25 mm minimum, '40 CL.' binding unclear)""]",,P15-BOT-STOP-0.125L + plan callout 507,"[""COUNT_BASIS_UNRESOLVED"", ""EDGE_BAR_UNRESOLVED"", ""WHICH_50_PERCENT_UNRESOLVED""]",BLOCKED_FROM_S7,True,"[""Q-50PCT"", ""Q-COUNT""]",IN_SCOPE_S7,
CMP-0112,CONTINUOUS_BAR_RUN,RUN-B-051,GF_ROOF_SLAB,BOTTOM_Y,50% CONTINUOUS (counted once per run),Y,507,10,6,BARS_PER_METRE,BOTTOM,"ENGINEERING_DERIVED (unqualified plan callout; '/Top' and '(T&B)' are marked, plan note 2 gives the top steel over beams; p.15: bottom bars 'see schedule or plan')",4500,4000,CLEAR_SPAN,MINIMUM_PROJECT_COVER_25,PROJECT_BASIS_NUMERIC,"run extent face to face of the run's end supports, plus the end portions","[""end anchorage into non-continuous supports SUP-GF_ROOF_SLAB-015 (shape only; cover >= 25 mm minimum, '40 CL.' binding unclear)"", ""laps / splices (not located)""]",RUN-B-051,P15-BOT-STOP-0.125L 'balance continuous' + plan callout 507,"[""COUNT_BASIS_UNRESOLVED"", ""EDGE_BAR_UNRESOLVED"", ""WHICH_50_PERCENT_UNRESOLVED""]",BLOCKED_FROM_S7,True,"[""Q-50PCT"", ""Q-COUNT""]",IN_SCOPE_S7,
CMP-0113,TEMPERATURE_X,SP-GF_ROOF_SLAB-26,GF_ROOF_SLAB,TEMPERATURE_X,,X,,,,,,,,,,,BLOCKED_UNQUANTIFIED,,,,P15 detail 'TEMP. REINFORCING' + P15-TEMP-TABLE,"[""COUNT_BASIS_UNRESOLVED"", ""TABLE_NO_EXACT_ROW"", ""TEMPERATURE_REGION_DEPENDS_ON_TOP_EXTENT""]",BLOCKED_FROM_S7,True,"[""Q-COUNT"", ""Q-TEMP"", ""Q-TOPEXT""]",IN_SCOPE_S7,
CMP-0114,TEMPERATURE_Y,SP-GF_ROOF_SLAB-26,GF_ROOF_SLAB,TEMPERATURE_Y,,Y,,,,,,,,,,,BLOCKED_UNQUANTIFIED,,,,P15 detail 'TEMP. REINFORCING' + P15-TEMP-TABLE,"[""COUNT_BASIS_UNRESOLVED"", ""TABLE_NO_EXACT_ROW"", ""TEMPERATURE_REGION_DEPENDS_ON_TOP_EXTENT""]",BLOCKED_FROM_S7,True,"[""Q-COUNT"", ""Q-TEMP"", ""Q-TOPEXT""]",IN_SCOPE_S7,
CMP-0115,CURTAILMENT_SEGMENT,SP-GF_ROOF_SLAB-27,GF_ROOF_SLAB,BOTTOM_X,50% STOPPED,X,501,10,7,BARS_PER_METRE,BOTTOM,"ENGINEERING_DERIVED (unqualified plan callout; '/Top' and '(T&B)' are marked, plan note 2 gives the top steel over beams; p.15: bottom bars 'see schedule or plan')",3000,4500,CLEAR_SPAN,MINIMUM_PROJECT_COVER_25,PROJECT_BASIS_NUMERIC,"clear span minus 0.125 L at each continuous end (2), plus the end portion at non-continuous ends",[],,P15-BOT-STOP-0.125L + plan callout 501,"[""COUNT_BASIS_UNRESOLVED"", ""EDGE_BAR_UNRESOLVED"", ""WHICH_50_PERCENT_UNRESOLVED""]",BLOCKED_FROM_S7,True,"[""Q-50PCT"", ""Q-COUNT""]",IN_SCOPE_S7,
CMP-0116,CONTINUOUS_BAR_RUN,RUN-B-060,GF_ROOF_SLAB,BOTTOM_X,50% CONTINUOUS (counted once per run),X,501,10,7,BARS_PER_METRE,BOTTOM,"ENGINEERING_DERIVED (unqualified plan callout; '/Top' and '(T&B)' are marked, plan note 2 gives the top steel over beams; p.15: bottom bars 'see schedule or plan')",3000,4500,CLEAR_SPAN,MINIMUM_PROJECT_COVER_25,PROJECT_BASIS_NUMERIC,"run extent face to face of the run's end supports, plus the end portions","[""laps / splices (not located)""]",RUN-B-060,P15-BOT-STOP-0.125L 'balance continuous' + plan callout 501,"[""COUNT_BASIS_UNRESOLVED"", ""EDGE_BAR_UNRESOLVED"", ""WHICH_50_PERCENT_UNRESOLVED""]",BLOCKED_FROM_S7,True,"[""Q-50PCT"", ""Q-COUNT""]",IN_SCOPE_S7,
CMP-0117,BOTTOM_Y,SP-GF_ROOF_SLAB-27,GF_ROOF_SLAB,BOTTOM_Y,100%,Y,502,10,6,BARS_PER_METRE,BOTTOM,"ENGINEERING_DERIVED (unqualified plan callout; '/Top' and '(T&B)' are marked, plan note 2 gives the top steel over beams; p.15: bottom bars 'see schedule or plan')",4500,3000,CLEAR_SPAN,MINIMUM_PROJECT_COVER_25,PROJECT_BASIS_NUMERIC,clear span plus the end portions into the supports,"[""end anchorage into non-continuous supports SUP-GF_ROOF_SLAB-016,SUP-GF_ROOF_SLAB-017,SUP-GF_ROOF_SLAB-018,SUP-GF_ROOF_SLAB-035,SUP-GF_ROOF_SLAB-035 (shape only; cover >= 25 mm minimum, '40 CL.' binding unclear)""]",RUN-B-061,plan callout 502,"[""COUNT_BASIS_UNRESOLVED"", ""EDGE_BAR_UNRESOLVED""]",BLOCKED_FROM_S7,True,"[""Q-COUNT""]",IN_SCOPE_S7,
CMP-0118,TEMPERATURE_X,SP-GF_ROOF_SLAB-27,GF_ROOF_SLAB,TEMPERATURE_X,,X,,,,,,,,,,,BLOCKED_UNQUANTIFIED,,,,P15 detail 'TEMP. REINFORCING' + P15-TEMP-TABLE,"[""COUNT_BASIS_UNRESOLVED"", ""TABLE_NO_EXACT_ROW"", ""TEMPERATURE_REGION_DEPENDS_ON_TOP_EXTENT""]",BLOCKED_FROM_S7,True,"[""Q-COUNT"", ""Q-TEMP"", ""Q-TOPEXT""]",IN_SCOPE_S7,
CMP-0119,TEMPERATURE_Y,SP-GF_ROOF_SLAB-27,GF_ROOF_SLAB,TEMPERATURE_Y,,Y,,,,,,,,,,,BLOCKED_UNQUANTIFIED,,,,P15 detail 'TEMP. REINFORCING' + P15-TEMP-TABLE,"[""COUNT_BASIS_UNRESOLVED"", ""TABLE_NO_EXACT_ROW"", ""TEMPERATURE_REGION_DEPENDS_ON_TOP_EXTENT""]",BLOCKED_FROM_S7,True,"[""Q-COUNT"", ""Q-TEMP"", ""Q-TOPEXT""]",IN_SCOPE_S7,
CMP-0120,CURTAILMENT_SEGMENT,SP-GF_ROOF_SLAB-29,GF_ROOF_SLAB,BOTTOM_X,50% STOPPED,X,517,10,6,BARS_PER_METRE,BOTTOM,"ENGINEERING_DERIVED (unqualified plan callout; '/Top' and '(T&B)' are marked, plan note 2 gives the top steel over beams; p.15: bottom bars 'see schedule or plan')",,,CLEAR_SPAN,MINIMUM_PROJECT_COVER_25,PROJECT_BASIS_NUMERIC,"clear span minus 0.125 L at each continuous end (1), plus the end portion at non-continuous ends",[],,P15-BOT-STOP-0.125L + plan callout 517,"[""CONTINUOUS_BAR_SPEC_MISMATCH"", ""COUNT_BASIS_UNRESOLVED"", ""EDGE_BAR_UNRESOLVED"", ""SPAN_NOT_SINGLE_VALUED"", ""SUPPORT_CONTINUITY_UNRESOLVED"", ""WHICH_50_PERCENT_UNRESOLVED""]",BLOCKED_FROM_S7,False,"[""Q-50PCT"", ""Q-COUNT"", ""Q-MISMATCH""]",IN_SCOPE_S7,
CMP-0121,CONTINUOUS_BAR_RUN,RUN-B-062,GF_ROOF_SLAB,BOTTOM_X,50% CONTINUOUS (counted once per run),X,517,10,6,BARS_PER_METRE,BOTTOM,"ENGINEERING_DERIVED (unqualified plan callout; '/Top' and '(T&B)' are marked, plan note 2 gives the top steel over beams; p.15: bottom bars 'see schedule or plan')",,,CLEAR_SPAN,MINIMUM_PROJECT_COVER_25,PROJECT_BASIS_NUMERIC,"run extent face to face of the run's end supports, plus the end portions","[""laps / splices (not located)""]",RUN-B-062,P15-BOT-STOP-0.125L 'balance continuous' + plan callout 517,"[""CONTINUOUS_BAR_SPEC_MISMATCH"", ""COUNT_BASIS_UNRESOLVED"", ""EDGE_BAR_UNRESOLVED"", ""SPAN_NOT_SINGLE_VALUED"", ""SUPPORT_CONTINUITY_UNRESOLVED"", ""WHICH_50_PERCENT_UNRESOLVED""]",BLOCKED_FROM_S7,False,"[""Q-50PCT"", ""Q-COUNT"", ""Q-MISMATCH""]",IN_SCOPE_S7,
CMP-0122,BOTTOM_Y,SP-GF_ROOF_SLAB-29,GF_ROOF_SLAB,BOTTOM_Y,100%,Y,518,10,5,BARS_PER_METRE,BOTTOM,"ENGINEERING_DERIVED (unqualified plan callout; '/Top' and '(T&B)' are marked, plan note 2 gives the top steel over beams; p.15: bottom bars 'see schedule or plan')",,,CLEAR_SPAN,MINIMUM_PROJECT_COVER_25,PROJECT_BASIS_NUMERIC,clear span plus the end portions into the supports,[],RUN-B-063,plan callout 518,"[""COUNT_BASIS_UNRESOLVED"", ""EDGE_BAR_UNRESOLVED"", ""SPAN_NOT_SINGLE_VALUED"", ""SUPPORT_CONTINUITY_UNRESOLVED""]",BLOCKED_FROM_S7,False,"[""Q-COUNT""]",IN_SCOPE_S7,
CMP-0123,TEMPERATURE_X,SP-GF_ROOF_SLAB-29,GF_ROOF_SLAB,TEMPERATURE_X,,X,,,,,,,,,,,BLOCKED_UNQUANTIFIED,,,,P15 detail 'TEMP. REINFORCING' + P15-TEMP-TABLE,"[""COUNT_BASIS_UNRESOLVED"", ""SPAN_NOT_SINGLE_VALUED"", ""TABLE_NO_EXACT_ROW"", ""TEMPERATURE_REGION_DEPENDS_ON_TOP_EXTENT""]",BLOCKED_FROM_S7,False,"[""Q-COUNT"", ""Q-TEMP"", ""Q-TOPEXT""]",IN_SCOPE_S7,
CMP-0124,TEMPERATURE_Y,SP-GF_ROOF_SLAB-29,GF_ROOF_SLAB,TEMPERATURE_Y,,Y,,,,,,,,,,,BLOCKED_UNQUANTIFIED,,,,P15 detail 'TEMP. REINFORCING' + P15-TEMP-TABLE,"[""COUNT_BASIS_UNRESOLVED"", ""SPAN_NOT_SINGLE_VALUED"", ""TABLE_NO_EXACT_ROW"", ""TEMPERATURE_REGION_DEPENDS_ON_TOP_EXTENT""]",BLOCKED_FROM_S7,False,"[""Q-COUNT"", ""Q-TEMP"", ""Q-TOPEXT""]",IN_SCOPE_S7,
CMP-0125,CURTAILMENT_SEGMENT,SP-GF_ROOF_SLAB-30,GF_ROOF_SLAB,BOTTOM_X,50% STOPPED,X,4F0,10,5,BARS_PER_METRE,BOTTOM,"ENGINEERING_DERIVED (unqualified plan callout; '/Top' and '(T&B)' are marked, plan note 2 gives the top steel over beams; p.15: bottom bars 'see schedule or plan')",,,CLEAR_SPAN,MINIMUM_PROJECT_COVER_25,PROJECT_BASIS_NUMERIC,"clear span minus 0.125 L at each continuous end (1), plus the end portion at non-continuous ends","[""end anchorage into non-continuous supports SUP-GF_ROOF_SLAB-005 (shape only; cover >= 25 mm minimum, '40 CL.' binding unclear)""]",,P15-BOT-STOP-0.125L + plan callout 4F0,"[""CONTINUOUS_BAR_SPEC_MISMATCH"", ""COUNT_BASIS_UNRESOLVED"", ""EDGE_BAR_UNRESOLVED"", ""SPAN_NOT_SINGLE_VALUED"", ""WHICH_50_PERCENT_UNRESOLVED""]",BLOCKED_FROM_S7,False,"[""Q-50PCT"", ""Q-COUNT"", ""Q-MISMATCH""]",IN_SCOPE_S7,
CMP-0126,CONTINUOUS_BAR_RUN,RUN-B-064,GF_ROOF_SLAB,BOTTOM_X,50% CONTINUOUS (counted once per run),X,4F0,10,5,BARS_PER_METRE,BOTTOM,"ENGINEERING_DERIVED (unqualified plan callout; '/Top' and '(T&B)' are marked, plan note 2 gives the top steel over beams; p.15: bottom bars 'see schedule or plan')",,,CLEAR_SPAN,MINIMUM_PROJECT_COVER_25,PROJECT_BASIS_NUMERIC,"run extent face to face of the run's end supports, plus the end portions","[""end anchorage into non-continuous supports SUP-GF_ROOF_SLAB-005 (shape only; cover >= 25 mm minimum, '40 CL.' binding unclear)"", ""laps / splices (not located)""]",RUN-B-064,P15-BOT-STOP-0.125L 'balance continuous' + plan callout 4F0,"[""CONTINUOUS_BAR_SPEC_MISMATCH"", ""COUNT_BASIS_UNRESOLVED"", ""EDGE_BAR_UNRESOLVED"", ""SPAN_NOT_SINGLE_VALUED"", ""WHICH_50_PERCENT_UNRESOLVED""]",BLOCKED_FROM_S7,False,"[""Q-50PCT"", ""Q-COUNT"", ""Q-MISMATCH""]",IN_SCOPE_S7,
CMP-0127,BOTTOM_Y,SP-GF_ROOF_SLAB-30,GF_ROOF_SLAB,BOTTOM_Y,100%,Y,4F1,10,5,BARS_PER_METRE,BOTTOM,"ENGINEERING_DERIVED (unqualified plan callout; '/Top' and '(T&B)' are marked, plan note 2 gives the top steel over beams; p.15: bottom bars 'see schedule or plan')",,,CLEAR_SPAN,MINIMUM_PROJECT_COVER_25,PROJECT_BASIS_NUMERIC,clear span plus the end portions into the supports,"[""end anchorage into non-continuous supports SUP-GF_ROOF_SLAB-019,SUP-GF_ROOF_SLAB-109 (shape only; cover >= 25 mm minimum, '40 CL.' binding unclear)""]",RUN-B-065,plan callout 4F1,"[""COUNT_BASIS_UNRESOLVED"", ""EDGE_BAR_UNRESOLVED"", ""SPAN_NOT_SINGLE_VALUED"", ""SUPPORT_CONTINUITY_UNRESOLVED""]",BLOCKED_FROM_S7,False,"[""Q-COUNT""]",IN_SCOPE_S7,
CMP-0128,TEMPERATURE_X,SP-GF_ROOF_SLAB-30,GF_ROOF_SLAB,TEMPERATURE_X,,X,,,,,,,,,,,BLOCKED_UNQUANTIFIED,,,,P15 detail 'TEMP. REINFORCING' + P15-TEMP-TABLE,"[""COUNT_BASIS_UNRESOLVED"", ""SPAN_NOT_SINGLE_VALUED"", ""TABLE_NO_EXACT_ROW"", ""TEMPERATURE_REGION_DEPENDS_ON_TOP_EXTENT""]",BLOCKED_FROM_S7,False,"[""Q-COUNT"", ""Q-TEMP"", ""Q-TOPEXT""]",IN_SCOPE_S7,
CMP-0129,TEMPERATURE_Y,SP-GF_ROOF_SLAB-30,GF_ROOF_SLAB,TEMPERATURE_Y,,Y,,,,,,,,,,,BLOCKED_UNQUANTIFIED,,,,P15 detail 'TEMP. REINFORCING' + P15-TEMP-TABLE,"[""COUNT_BASIS_UNRESOLVED"", ""SPAN_NOT_SINGLE_VALUED"", ""TABLE_NO_EXACT_ROW"", ""TEMPERATURE_REGION_DEPENDS_ON_TOP_EXTENT""]",BLOCKED_FROM_S7,False,"[""Q-COUNT"", ""Q-TEMP"", ""Q-TOPEXT""]",IN_SCOPE_S7,
CMP-0130,CURTAILMENT_SEGMENT,SP-GF_ROOF_SLAB-31,GF_ROOF_SLAB,BOTTOM_X,50% STOPPED,X,4F5,10,5,BARS_PER_METRE,BOTTOM,"ENGINEERING_DERIVED (unqualified plan callout; '/Top' and '(T&B)' are marked, plan note 2 gives the top steel over beams; p.15: bottom bars 'see schedule or plan')",,,CLEAR_SPAN,MINIMUM_PROJECT_COVER_25,PROJECT_BASIS_NUMERIC,"clear span minus 0.125 L at each continuous end (1), plus the end portion at non-continuous ends","[""end anchorage into non-continuous supports SUP-GF_ROOF_SLAB-006 (shape only; cover >= 25 mm minimum, '40 CL.' binding unclear)""]",,P15-BOT-STOP-0.125L + plan callout 4F5,"[""COUNT_BASIS_UNRESOLVED"", ""EDGE_BAR_UNRESOLVED"", ""SPAN_NOT_SINGLE_VALUED"", ""WHICH_50_PERCENT_UNRESOLVED""]",BLOCKED_FROM_S7,False,"[""Q-50PCT"", ""Q-COUNT""]",IN_SCOPE_S7,
CMP-0131,CONTINUOUS_BAR_RUN,RUN-B-066,GF_ROOF_SLAB,BOTTOM_X,50% CONTINUOUS (counted once per run),X,4F5,10,5,BARS_PER_METRE,BOTTOM,"ENGINEERING_DERIVED (unqualified plan callout; '/Top' and '(T&B)' are marked, plan note 2 gives the top steel over beams; p.15: bottom bars 'see schedule or plan')",,,CLEAR_SPAN,MINIMUM_PROJECT_COVER_25,PROJECT_BASIS_NUMERIC,"run extent face to face of the run's end supports, plus the end portions","[""end anchorage into non-continuous supports SUP-GF_ROOF_SLAB-006 (shape only; cover >= 25 mm minimum, '40 CL.' binding unclear)"", ""laps / splices (not located)""]",RUN-B-066,P15-BOT-STOP-0.125L 'balance continuous' + plan callout 4F5,"[""COUNT_BASIS_UNRESOLVED"", ""EDGE_BAR_UNRESOLVED"", ""SPAN_NOT_SINGLE_VALUED"", ""WHICH_50_PERCENT_UNRESOLVED""]",BLOCKED_FROM_S7,False,"[""Q-50PCT"", ""Q-COUNT""]",IN_SCOPE_S7,
CMP-0132,CURTAILMENT_SEGMENT,SP-GF_ROOF_SLAB-31,GF_ROOF_SLAB,BOTTOM_Y,50% STOPPED,Y,4F6,10,5,BARS_PER_METRE,BOTTOM,"ENGINEERING_DERIVED (unqualified plan callout; '/Top' and '(T&B)' are marked, plan note 2 gives the top steel over beams; p.15: bottom bars 'see schedule or plan')",,,CLEAR_SPAN,MINIMUM_PROJECT_COVER_25,PROJECT_BASIS_NUMERIC,"clear span minus 0.125 L at each continuous end (1), plus the end portion at non-continuous ends","[""end anchorage into non-continuous supports SUP-GF_ROOF_SLAB-110 (shape only; cover >= 25 mm minimum, '40 CL.' binding unclear)""]",,P15-BOT-STOP-0.125L + plan callout 4F6,"[""CONTINUOUS_BAR_SPEC_MISMATCH"", ""COUNT_BASIS_UNRESOLVED"", ""EDGE_BAR_UNRESOLVED"", ""SPAN_NOT_SINGLE_VALUED"", ""WHICH_50_PERCENT_UNRESOLVED""]",BLOCKED_FROM_S7,False,"[""Q-50PCT"", ""Q-COUNT"", ""Q-MISMATCH""]",IN_SCOPE_S7,
CMP-0133,CONTINUOUS_BAR_RUN,RUN-B-067,GF_ROOF_SLAB,BOTTOM_Y,50% CONTINUOUS (counted once per run),Y,4F6,10,5,BARS_PER_METRE,BOTTOM,"ENGINEERING_DERIVED (unqualified plan callout; '/Top' and '(T&B)' are marked, plan note 2 gives the top steel over beams; p.15: bottom bars 'see schedule or plan')",,,CLEAR_SPAN,MINIMUM_PROJECT_COVER_25,PROJECT_BASIS_NUMERIC,"run extent face to face of the run's end supports, plus the end portions","[""end anchorage into non-continuous supports SUP-GF_ROOF_SLAB-110 (shape only; cover >= 25 mm minimum, '40 CL.' binding unclear)"", ""laps / splices (not located)""]",RUN-B-067,P15-BOT-STOP-0.125L 'balance continuous' + plan callout 4F6,"[""CONTINUOUS_BAR_SPEC_MISMATCH"", ""COUNT_BASIS_UNRESOLVED"", ""EDGE_BAR_UNRESOLVED"", ""SPAN_NOT_SINGLE_VALUED"", ""WHICH_50_PERCENT_UNRESOLVED""]",BLOCKED_FROM_S7,False,"[""Q-50PCT"", ""Q-COUNT"", ""Q-MISMATCH""]",IN_SCOPE_S7,
CMP-0134,TEMPERATURE_X,SP-GF_ROOF_SLAB-31,GF_ROOF_SLAB,TEMPERATURE_X,,X,,,,,,,,,,,BLOCKED_UNQUANTIFIED,,,,P15 detail 'TEMP. REINFORCING' + P15-TEMP-TABLE,"[""COUNT_BASIS_UNRESOLVED"", ""SPAN_NOT_SINGLE_VALUED"", ""TABLE_NO_EXACT_ROW"", ""TEMPERATURE_REGION_DEPENDS_ON_TOP_EXTENT""]",BLOCKED_FROM_S7,False,"[""Q-COUNT"", ""Q-TEMP"", ""Q-TOPEXT""]",IN_SCOPE_S7,
CMP-0135,TEMPERATURE_Y,SP-GF_ROOF_SLAB-31,GF_ROOF_SLAB,TEMPERATURE_Y,,Y,,,,,,,,,,,BLOCKED_UNQUANTIFIED,,,,P15 detail 'TEMP. REINFORCING' + P15-TEMP-TABLE,"[""COUNT_BASIS_UNRESOLVED"", ""SPAN_NOT_SINGLE_VALUED"", ""TABLE_NO_EXACT_ROW"", ""TEMPERATURE_REGION_DEPENDS_ON_TOP_EXTENT""]",BLOCKED_FROM_S7,False,"[""Q-COUNT"", ""Q-TEMP"", ""Q-TOPEXT""]",IN_SCOPE_S7,
CMP-0136,CURTAILMENT_SEGMENT,SP-GF_ROOF_SLAB-32,GF_ROOF_SLAB,BOTTOM_X,50% STOPPED,X,50C,10,5,BARS_PER_METRE,BOTTOM,"ENGINEERING_DERIVED (unqualified plan callout; '/Top' and '(T&B)' are marked, plan note 2 gives the top steel over beams; p.15: bottom bars 'see schedule or plan')",6470,1200,CLEAR_SPAN,MINIMUM_PROJECT_COVER_25,PROJECT_BASIS_NUMERIC,"clear span minus 0.125 L at each continuous end (2), plus the end portion at non-continuous ends",[],,P15-BOT-STOP-0.125L + plan callout 50C,"[""COUNT_BASIS_UNRESOLVED"", ""EDGE_BAR_UNRESOLVED"", ""WHICH_50_PERCENT_UNRESOLVED""]",BLOCKED_FROM_S7,True,"[""Q-50PCT"", ""Q-COUNT""]",IN_SCOPE_S7,
CMP-0137,CONTINUOUS_BAR_RUN,RUN-B-066,GF_ROOF_SLAB,BOTTOM_X,50% CONTINUOUS (counted once per run),X,50C,10,5,BARS_PER_METRE,BOTTOM,"ENGINEERING_DERIVED (unqualified plan callout; '/Top' and '(T&B)' are marked, plan note 2 gives the top steel over beams; p.15: bottom bars 'see schedule or plan')",6470,1200,CLEAR_SPAN,MINIMUM_PROJECT_COVER_25,PROJECT_BASIS_NUMERIC,"run extent face to face of the run's end supports, plus the end portions","[""laps / splices (not located)""]",RUN-B-066,P15-BOT-STOP-0.125L 'balance continuous' + plan callout 50C,"[""COUNT_BASIS_UNRESOLVED"", ""EDGE_BAR_UNRESOLVED"", ""WHICH_50_PERCENT_UNRESOLVED""]",BLOCKED_FROM_S7,True,"[""Q-50PCT"", ""Q-COUNT""]",IN_SCOPE_S7,
CMP-0138,BOTTOM_Y,SP-GF_ROOF_SLAB-32,GF_ROOF_SLAB,BOTTOM_Y,100%,Y,50D,10,5,BARS_PER_METRE,BOTTOM,"ENGINEERING_DERIVED (unqualified plan callout; '/Top' and '(T&B)' are marked, plan note 2 gives the top steel over beams; p.15: bottom bars 'see schedule or plan')",1200,6470,CLEAR_SPAN,MINIMUM_PROJECT_COVER_25,PROJECT_BASIS_NUMERIC,clear span plus the end portions into the supports,"[""end anchorage into non-continuous supports SUP-GF_ROOF_SLAB-111 (shape only; cover >= 25 mm minimum, '40 CL.' binding unclear)""]",RUN-B-068,plan callout 50D,"[""COUNT_BASIS_UNRESOLVED"", ""EDGE_BAR_UNRESOLVED"", ""SUPPORT_CONTINUITY_UNRESOLVED""]",BLOCKED_FROM_S7,False,"[""Q-COUNT""]",IN_SCOPE_S7,
CMP-0139,TEMPERATURE_X,SP-GF_ROOF_SLAB-32,GF_ROOF_SLAB,TEMPERATURE_X,,X,,,,,,,,,,,BLOCKED_UNQUANTIFIED,,,,P15 detail 'TEMP. REINFORCING' + P15-TEMP-TABLE,"[""COUNT_BASIS_UNRESOLVED"", ""TABLE_NO_EXACT_ROW"", ""TEMPERATURE_REGION_DEPENDS_ON_TOP_EXTENT""]",BLOCKED_FROM_S7,True,"[""Q-COUNT"", ""Q-TEMP"", ""Q-TOPEXT""]",IN_SCOPE_S7,
CMP-0140,TEMPERATURE_Y,SP-GF_ROOF_SLAB-32,GF_ROOF_SLAB,TEMPERATURE_Y,,Y,,,,,,,,,,,BLOCKED_UNQUANTIFIED,,,,P15 detail 'TEMP. REINFORCING' + P15-TEMP-TABLE,"[""COUNT_BASIS_UNRESOLVED"", ""TABLE_NO_EXACT_ROW"", ""TEMPERATURE_REGION_DEPENDS_ON_TOP_EXTENT""]",BLOCKED_FROM_S7,True,"[""Q-COUNT"", ""Q-TEMP"", ""Q-TOPEXT""]",IN_SCOPE_S7,
CMP-0141,CURTAILMENT_SEGMENT,SP-GF_ROOF_SLAB-33,GF_ROOF_SLAB,BOTTOM_X,50% STOPPED,X,512,10,5,BARS_PER_METRE,BOTTOM,"ENGINEERING_DERIVED (unqualified plan callout; '/Top' and '(T&B)' are marked, plan note 2 gives the top steel over beams; p.15: bottom bars 'see schedule or plan')",3588.8,1200,CLEAR_SPAN,MINIMUM_PROJECT_COVER_25,PROJECT_BASIS_NUMERIC,"clear span minus 0.125 L at each continuous end (2), plus the end portion at non-continuous ends",[],,P15-BOT-STOP-0.125L + plan callout 512,"[""CONTINUOUS_BAR_SPEC_MISMATCH"", ""COUNT_BASIS_UNRESOLVED"", ""EDGE_BAR_UNRESOLVED"", ""WHICH_50_PERCENT_UNRESOLVED""]",BLOCKED_FROM_S7,True,"[""Q-50PCT"", ""Q-COUNT"", ""Q-MISMATCH""]",IN_SCOPE_S7,
CMP-0142,CONTINUOUS_BAR_RUN,RUN-B-066,GF_ROOF_SLAB,BOTTOM_X,50% CONTINUOUS (counted once per run),X,512,10,5,BARS_PER_METRE,BOTTOM,"ENGINEERING_DERIVED (unqualified plan callout; '/Top' and '(T&B)' are marked, plan note 2 gives the top steel over beams; p.15: bottom bars 'see schedule or plan')",3588.8,1200,CLEAR_SPAN,MINIMUM_PROJECT_COVER_25,PROJECT_BASIS_NUMERIC,"run extent face to face of the run's end supports, plus the end portions","[""laps / splices (not located)""]",RUN-B-066,P15-BOT-STOP-0.125L 'balance continuous' + plan callout 512,"[""CONTINUOUS_BAR_SPEC_MISMATCH"", ""COUNT_BASIS_UNRESOLVED"", ""EDGE_BAR_UNRESOLVED"", ""WHICH_50_PERCENT_UNRESOLVED""]",BLOCKED_FROM_S7,True,"[""Q-50PCT"", ""Q-COUNT"", ""Q-MISMATCH""]",IN_SCOPE_S7,
CMP-0143,CURTAILMENT_SEGMENT,SP-GF_ROOF_SLAB-33,GF_ROOF_SLAB,BOTTOM_Y,50% STOPPED,Y,513,10,5,BARS_PER_METRE,BOTTOM,"ENGINEERING_DERIVED (unqualified plan callout; '/Top' and '(T&B)' are marked, plan note 2 gives the top steel over beams; p.15: bottom bars 'see schedule or plan')",1200,3588.8,CLEAR_SPAN,MINIMUM_PROJECT_COVER_25,PROJECT_BASIS_NUMERIC,"clear span minus 0.125 L at each continuous end (1), plus the end portion at non-continuous ends","[""end anchorage into non-continuous supports SUP-GF_ROOF_SLAB-112 (shape only; cover >= 25 mm minimum, '40 CL.' binding unclear)""]",,P15-BOT-STOP-0.125L + plan callout 513,"[""CONTINUOUS_BAR_SPEC_MISMATCH"", ""COUNT_BASIS_UNRESOLVED"", ""EDGE_BAR_UNRESOLVED"", ""SUPPORT_CONTINUITY_UNRESOLVED"", ""WHICH_50_PERCENT_UNRESOLVED""]",BLOCKED_FROM_S7,False,"[""Q-50PCT"", ""Q-COUNT"", ""Q-MISMATCH""]",IN_SCOPE_S7,
CMP-0144,CONTINUOUS_BAR_RUN,RUN-B-069,GF_ROOF_SLAB,BOTTOM_Y,50% CONTINUOUS (counted once per run),Y,513,10,5,BARS_PER_METRE,BOTTOM,"ENGINEERING_DERIVED (unqualified plan callout; '/Top' and '(T&B)' are marked, plan note 2 gives the top steel over beams; p.15: bottom bars 'see schedule or plan')",1200,3588.8,CLEAR_SPAN,MINIMUM_PROJECT_COVER_25,PROJECT_BASIS_NUMERIC,"run extent face to face of the run's end supports, plus the end portions","[""end anchorage into non-continuous supports SUP-GF_ROOF_SLAB-112 (shape only; cover >= 25 mm minimum, '40 CL.' binding unclear)"", ""laps / splices (not located)""]",RUN-B-069,P15-BOT-STOP-0.125L 'balance continuous' + plan callout 513,"[""CONTINUOUS_BAR_SPEC_MISMATCH"", ""COUNT_BASIS_UNRESOLVED"", ""EDGE_BAR_UNRESOLVED"", ""SUPPORT_CONTINUITY_UNRESOLVED"", ""WHICH_50_PERCENT_UNRESOLVED""]",BLOCKED_FROM_S7,False,"[""Q-50PCT"", ""Q-COUNT"", ""Q-MISMATCH""]",IN_SCOPE_S7,
CMP-0145,TEMPERATURE_X,SP-GF_ROOF_SLAB-33,GF_ROOF_SLAB,TEMPERATURE_X,,X,,,,,,,,,,,BLOCKED_UNQUANTIFIED,,,,P15 detail 'TEMP. REINFORCING' + P15-TEMP-TABLE,"[""COUNT_BASIS_UNRESOLVED"", ""TABLE_NO_EXACT_ROW"", ""TEMPERATURE_REGION_DEPENDS_ON_TOP_EXTENT""]",BLOCKED_FROM_S7,True,"[""Q-COUNT"", ""Q-TEMP"", ""Q-TOPEXT""]",IN_SCOPE_S7,
CMP-0146,TEMPERATURE_Y,SP-GF_ROOF_SLAB-33,GF_ROOF_SLAB,TEMPERATURE_Y,,Y,,,,,,,,,,,BLOCKED_UNQUANTIFIED,,,,P15 detail 'TEMP. REINFORCING' + P15-TEMP-TABLE,"[""COUNT_BASIS_UNRESOLVED"", ""TABLE_NO_EXACT_ROW"", ""TEMPERATURE_REGION_DEPENDS_ON_TOP_EXTENT""]",BLOCKED_FROM_S7,True,"[""Q-COUNT"", ""Q-TEMP"", ""Q-TOPEXT""]",IN_SCOPE_S7,
CMP-0147,CURTAILMENT_SEGMENT,SP-GF_ROOF_SLAB-34,GF_ROOF_SLAB,BOTTOM_X,50% STOPPED,X,4FC,10,7,BARS_PER_METRE,BOTTOM,"ENGINEERING_DERIVED (unqualified plan callout; '/Top' and '(T&B)' are marked, plan note 2 gives the top steel over beams; p.15: bottom bars 'see schedule or plan')",3000,4500,CLEAR_SPAN,MINIMUM_PROJECT_COVER_25,PROJECT_BASIS_NUMERIC,"clear span minus 0.125 L at each continuous end (2), plus the end portion at non-continuous ends",[],,P15-BOT-STOP-0.125L + plan callout 4FC,"[""CONTINUOUS_BAR_SPEC_MISMATCH"", ""COUNT_BASIS_UNRESOLVED"", ""EDGE_BAR_UNRESOLVED"", ""SUPPORT_CONTINUITY_UNRESOLVED"", ""WHICH_50_PERCENT_UNRESOLVED""]",BLOCKED_FROM_S7,False,"[""Q-50PCT"", ""Q-COUNT"", ""Q-MISMATCH""]",IN_SCOPE_S7,
CMP-0148,CONTINUOUS_BAR_RUN,RUN-B-060,GF_ROOF_SLAB,BOTTOM_X,50% CONTINUOUS (counted once per run),X,4FC,10,7,BARS_PER_METRE,BOTTOM,"ENGINEERING_DERIVED (unqualified plan callout; '/Top' and '(T&B)' are marked, plan note 2 gives the top steel over beams; p.15: bottom bars 'see schedule or plan')",3000,4500,CLEAR_SPAN,MINIMUM_PROJECT_COVER_25,PROJECT_BASIS_NUMERIC,"run extent face to face of the run's end supports, plus the end portions","[""laps / splices (not located)""]",RUN-B-060,P15-BOT-STOP-0.125L 'balance continuous' + plan callout 4FC,"[""CONTINUOUS_BAR_SPEC_MISMATCH"", ""COUNT_BASIS_UNRESOLVED"", ""EDGE_BAR_UNRESOLVED"", ""SUPPORT_CONTINUITY_UNRESOLVED"", ""WHICH_50_PERCENT_UNRESOLVED""]",BLOCKED_FROM_S7,False,"[""Q-50PCT"", ""Q-COUNT"", ""Q-MISMATCH""]",IN_SCOPE_S7,
CMP-0149,BOTTOM_Y,SP-GF_ROOF_SLAB-34,GF_ROOF_SLAB,BOTTOM_Y,100%,Y,4FD,10,6,BARS_PER_METRE,BOTTOM,"ENGINEERING_DERIVED (unqualified plan callout; '/Top' and '(T&B)' are marked, plan note 2 gives the top steel over beams; p.15: bottom bars 'see schedule or plan')",4500,3000,CLEAR_SPAN,MINIMUM_PROJECT_COVER_25,PROJECT_BASIS_NUMERIC,clear span plus the end portions into the supports,"[""end anchorage into non-continuous supports SUP-GF_ROOF_SLAB-036,SUP-GF_ROOF_SLAB-020 (shape only; cover >= 25 mm minimum, '40 CL.' binding unclear)""]",RUN-B-070,plan callout 4FD,"[""COUNT_BASIS_UNRESOLVED"", ""EDGE_BAR_UNRESOLVED""]",BLOCKED_FROM_S7,True,"[""Q-COUNT""]",IN_SCOPE_S7,
CMP-0150,TEMPERATURE_X,SP-GF_ROOF_SLAB-34,GF_ROOF_SLAB,TEMPERATURE_X,,X,,,,,,,,,,,BLOCKED_UNQUANTIFIED,,,,P15 detail 'TEMP. REINFORCING' + P15-TEMP-TABLE,"[""COUNT_BASIS_UNRESOLVED"", ""TABLE_NO_EXACT_ROW"", ""TEMPERATURE_REGION_DEPENDS_ON_TOP_EXTENT""]",BLOCKED_FROM_S7,True,"[""Q-COUNT"", ""Q-TEMP"", ""Q-TOPEXT""]",IN_SCOPE_S7,
CMP-0151,TEMPERATURE_Y,SP-GF_ROOF_SLAB-34,GF_ROOF_SLAB,TEMPERATURE_Y,,Y,,,,,,,,,,,BLOCKED_UNQUANTIFIED,,,,P15 detail 'TEMP. REINFORCING' + P15-TEMP-TABLE,"[""COUNT_BASIS_UNRESOLVED"", ""TABLE_NO_EXACT_ROW"", ""TEMPERATURE_REGION_DEPENDS_ON_TOP_EXTENT""]",BLOCKED_FROM_S7,True,"[""Q-COUNT"", ""Q-TEMP"", ""Q-TOPEXT""]",IN_SCOPE_S7,
CMP-0152,BOTTOM_X,SP-1F_ROOF_SLAB-02,1F_ROOF_SLAB,BOTTOM_X,100%,X,73C,10,5,BARS_PER_METRE,BOTTOM,"ENGINEERING_DERIVED (unqualified plan callout; '/Top' and '(T&B)' are marked, plan note 2 gives the top steel over beams; p.15: bottom bars 'see schedule or plan')",1800,3000,CLEAR_SPAN,MINIMUM_PROJECT_COVER_25,PROJECT_BASIS_NUMERIC,clear span plus the end portions into the supports,[],RUN-B-001,plan callout 73C,"[""COUNT_BASIS_UNRESOLVED"", ""EDGE_BAR_UNRESOLVED"", ""SUPPORT_CONTINUITY_UNRESOLVED""]",BLOCKED_FROM_S7,False,"[""Q-COUNT""]",IN_SCOPE_S7,
CMP-0153,BOTTOM_Y,SP-1F_ROOF_SLAB-02,1F_ROOF_SLAB,BOTTOM_Y,100%,Y,73A,10,5,BARS_PER_METRE,BOTTOM,"ENGINEERING_DERIVED (unqualified plan callout; '/Top' and '(T&B)' are marked, plan note 2 gives the top steel over beams; p.15: bottom bars 'see schedule or plan')",3000,1800,CLEAR_SPAN,MINIMUM_PROJECT_COVER_25,PROJECT_BASIS_NUMERIC,clear span plus the end portions into the supports,"[""end anchorage into non-continuous supports SUP-1F_ROOF_SLAB-102,SUP-1F_ROOF_SLAB-126 (shape only; cover >= 25 mm minimum, '40 CL.' binding unclear)""]",RUN-B-002,plan callout 73A,"[""COUNT_BASIS_UNRESOLVED"", ""EDGE_BAR_UNRESOLVED""]",BLOCKED_FROM_S7,True,"[""Q-COUNT""]",IN_SCOPE_S7,
CMP-0154,TEMPERATURE_X,SP-1F_ROOF_SLAB-02,1F_ROOF_SLAB,TEMPERATURE_X,,X,,,,,,,,,,,BLOCKED_UNQUANTIFIED,,,,P15 detail 'TEMP. REINFORCING' + P15-TEMP-TABLE,"[""COUNT_BASIS_UNRESOLVED"", ""TABLE_NO_EXACT_ROW"", ""TEMPERATURE_REGION_DEPENDS_ON_TOP_EXTENT""]",BLOCKED_FROM_S7,True,"[""Q-COUNT"", ""Q-TEMP"", ""Q-TOPEXT""]",IN_SCOPE_S7,
CMP-0155,TEMPERATURE_Y,SP-1F_ROOF_SLAB-02,1F_ROOF_SLAB,TEMPERATURE_Y,,Y,,,,,,,,,,,BLOCKED_UNQUANTIFIED,,,,P15 detail 'TEMP. REINFORCING' + P15-TEMP-TABLE,"[""COUNT_BASIS_UNRESOLVED"", ""TABLE_NO_EXACT_ROW"", ""TEMPERATURE_REGION_DEPENDS_ON_TOP_EXTENT""]",BLOCKED_FROM_S7,True,"[""Q-COUNT"", ""Q-TEMP"", ""Q-TOPEXT""]",IN_SCOPE_S7,
CMP-0156,CURTAILMENT_SEGMENT,SP-1F_ROOF_SLAB-03,1F_ROOF_SLAB,BOTTOM_X,50% STOPPED,X,6F1,10,6,BARS_PER_METRE,BOTTOM,"ENGINEERING_DERIVED (unqualified plan callout; '/Top' and '(T&B)' are marked, plan note 2 gives the top steel over beams; p.15: bottom bars 'see schedule or plan')",2220,4415.3,CLEAR_SPAN,MINIMUM_PROJECT_COVER_25,PROJECT_BASIS_NUMERIC,"clear span minus 0.125 L at each continuous end (2), plus the end portion at non-continuous ends",[],,P15-BOT-STOP-0.125L + plan callout 6F1,"[""CONTINUOUS_BAR_SPEC_MISMATCH"", ""COUNT_BASIS_UNRESOLVED"", ""EDGE_BAR_UNRESOLVED"", ""SUPPORT_CONTINUITY_UNRESOLVED"", ""SUPPORT_NOT_A_BEAM"", ""WHICH_50_PERCENT_UNRESOLVED""]",BLOCKED_FROM_S7,False,"[""Q-50PCT"", ""Q-COUNT"", ""Q-MISMATCH""]",IN_SCOPE_S7,
CMP-0157,CONTINUOUS_BAR_RUN,RUN-B-003,1F_ROOF_SLAB,BOTTOM_X,50% CONTINUOUS (counted once per run),X,6F1,10,6,BARS_PER_METRE,BOTTOM,"ENGINEERING_DERIVED (unqualified plan callout; '/Top' and '(T&B)' are marked, plan note 2 gives the top steel over beams; p.15: bottom bars 'see schedule or plan')",2220,4415.3,CLEAR_SPAN,MINIMUM_PROJECT_COVER_25,PROJECT_BASIS_NUMERIC,"run extent face to face of the run's end supports, plus the end portions","[""laps / splices (not located)""]",RUN-B-003,P15-BOT-STOP-0.125L 'balance continuous' + plan callout 6F1,"[""CONTINUOUS_BAR_SPEC_MISMATCH"", ""COUNT_BASIS_UNRESOLVED"", ""EDGE_BAR_UNRESOLVED"", ""SUPPORT_CONTINUITY_UNRESOLVED"", ""SUPPORT_NOT_A_BEAM"", ""WHICH_50_PERCENT_UNRESOLVED""]",BLOCKED_FROM_S7,False,"[""Q-50PCT"", ""Q-COUNT"", ""Q-MISMATCH""]",IN_SCOPE_S7,
CMP-0158,CURTAILMENT_SEGMENT,SP-1F_ROOF_SLAB-03,1F_ROOF_SLAB,BOTTOM_Y,50% STOPPED,Y,6F2,10,5,BARS_PER_METRE,BOTTOM,"ENGINEERING_DERIVED (unqualified plan callout; '/Top' and '(T&B)' are marked, plan note 2 gives the top steel over beams; p.15: bottom bars 'see schedule or plan')",4415.3,2220,CLEAR_SPAN,MINIMUM_PROJECT_COVER_25,PROJECT_BASIS_NUMERIC,"clear span minus 0.125 L at each continuous end (1), plus the end portion at non-continuous ends","[""end anchorage into non-continuous supports SUP-1F_ROOF_SLAB-103 (shape only; cover >= 25 mm minimum, '40 CL.' binding unclear)""]",,P15-BOT-STOP-0.125L + plan callout 6F2,"[""COUNT_BASIS_UNRESOLVED"", ""EDGE_BAR_UNRESOLVED"", ""RUN_ALIGNMENT_PARTIAL"", ""WHICH_50_PERCENT_UNRESOLVED""]",BLOCKED_FROM_S7,False,"[""Q-50PCT"", ""Q-COUNT""]",IN_SCOPE_S7,
CMP-0159,CONTINUOUS_BAR_RUN,RUN-B-004,1F_ROOF_SLAB,BOTTOM_Y,50% CONTINUOUS (counted once per run),Y,6F2,10,5,BARS_PER_METRE,BOTTOM,"ENGINEERING_DERIVED (unqualified plan callout; '/Top' and '(T&B)' are marked, plan note 2 gives the top steel over beams; p.15: bottom bars 'see schedule or plan')",4415.3,2220,CLEAR_SPAN,MINIMUM_PROJECT_COVER_25,PROJECT_BASIS_NUMERIC,"run extent face to face of the run's end supports, plus the end portions","[""end anchorage into non-continuous supports SUP-1F_ROOF_SLAB-103 (shape only; cover >= 25 mm minimum, '40 CL.' binding unclear)"", ""laps / splices (not located)""]",RUN-B-004,P15-BOT-STOP-0.125L 'balance continuous' + plan callout 6F2,"[""COUNT_BASIS_UNRESOLVED"", ""EDGE_BAR_UNRESOLVED"", ""RUN_ALIGNMENT_PARTIAL"", ""WHICH_50_PERCENT_UNRESOLVED""]",BLOCKED_FROM_S7,False,"[""Q-50PCT"", ""Q-COUNT""]",IN_SCOPE_S7,
CMP-0160,TEMPERATURE_X,SP-1F_ROOF_SLAB-03,1F_ROOF_SLAB,TEMPERATURE_X,,X,,,,,,,,,,,BLOCKED_UNQUANTIFIED,,,,P15 detail 'TEMP. REINFORCING' + P15-TEMP-TABLE,"[""COUNT_BASIS_UNRESOLVED"", ""TABLE_NO_EXACT_ROW"", ""TEMPERATURE_REGION_DEPENDS_ON_TOP_EXTENT""]",BLOCKED_FROM_S7,True,"[""Q-COUNT"", ""Q-TEMP"", ""Q-TOPEXT""]",IN_SCOPE_S7,
CMP-0161,TEMPERATURE_Y,SP-1F_ROOF_SLAB-03,1F_ROOF_SLAB,TEMPERATURE_Y,,Y,,,,,,,,,,,BLOCKED_UNQUANTIFIED,,,,P15 detail 'TEMP. REINFORCING' + P15-TEMP-TABLE,"[""COUNT_BASIS_UNRESOLVED"", ""TABLE_NO_EXACT_ROW"", ""TEMPERATURE_REGION_DEPENDS_ON_TOP_EXTENT""]",BLOCKED_FROM_S7,True,"[""Q-COUNT"", ""Q-TEMP"", ""Q-TOPEXT""]",IN_SCOPE_S7,
CMP-0162,CURTAILMENT_SEGMENT,SP-1F_ROOF_SLAB-04,1F_ROOF_SLAB,BOTTOM_X,50% STOPPED,X,6F6,10,7,BARS_PER_METRE,BOTTOM,"ENGINEERING_DERIVED (unqualified plan callout; '/Top' and '(T&B)' are marked, plan note 2 gives the top steel over beams; p.15: bottom bars 'see schedule or plan')",3000,4797.1,CLEAR_SPAN,MINIMUM_PROJECT_COVER_25,PROJECT_BASIS_NUMERIC,"clear span minus 0.125 L at each continuous end (1), plus the end portion at non-continuous ends","[""end anchorage into non-continuous supports SUP-1F_ROOF_SLAB-087,SUP-1F_ROOF_SLAB-087,SUP-1F_ROOF_SLAB-087 (shape only; cover >= 25 mm minimum, '40 CL.' binding unclear)""]",,P15-BOT-STOP-0.125L + plan callout 6F6,"[""CONTINUOUS_BAR_SPEC_MISMATCH"", ""COUNT_BASIS_UNRESOLVED"", ""EDGE_BAR_UNRESOLVED"", ""SUPPORT_CONTINUITY_UNRESOLVED"", ""WHICH_50_PERCENT_UNRESOLVED""]",BLOCKED_FROM_S7,False,"[""Q-50PCT"", ""Q-COUNT"", ""Q-MISMATCH""]",IN_SCOPE_S7,
CMP-0163,CONTINUOUS_BAR_RUN,RUN-B-005,1F_ROOF_SLAB,BOTTOM_X,50% CONTINUOUS (counted once per run),X,6F6,10,7,BARS_PER_METRE,BOTTOM,"ENGINEERING_DERIVED (unqualified plan callout; '/Top' and '(T&B)' are marked, plan note 2 gives the top steel over beams; p.15: bottom bars 'see schedule or plan')",3000,4797.1,CLEAR_SPAN,MINIMUM_PROJECT_COVER_25,PROJECT_BASIS_NUMERIC,"run extent face to face of the run's end supports, plus the end portions","[""end anchorage into non-continuous supports SUP-1F_ROOF_SLAB-087,SUP-1F_ROOF_SLAB-087,SUP-1F_ROOF_SLAB-087 (shape only; cover >= 25 mm minimum, '40 CL.' binding unclear)"", ""laps / splices (not located)""]",RUN-B-005,P15-BOT-STOP-0.125L 'balance continuous' + plan callout 6F6,"[""CONTINUOUS_BAR_SPEC_MISMATCH"", ""COUNT_BASIS_UNRESOLVED"", ""EDGE_BAR_UNRESOLVED"", ""SUPPORT_CONTINUITY_UNRESOLVED"", ""WHICH_50_PERCENT_UNRESOLVED""]",BLOCKED_FROM_S7,False,"[""Q-50PCT"", ""Q-COUNT"", ""Q-MISMATCH""]",IN_SCOPE_S7,
CMP-0164,CURTAILMENT_SEGMENT,SP-1F_ROOF_SLAB-04,1F_ROOF_SLAB,BOTTOM_Y,50% STOPPED,Y,6F7,10,6,BARS_PER_METRE,BOTTOM,"ENGINEERING_DERIVED (unqualified plan callout; '/Top' and '(T&B)' are marked, plan note 2 gives the top steel over beams; p.15: bottom bars 'see schedule or plan')",4797.1,3000,CLEAR_SPAN,MINIMUM_PROJECT_COVER_25,PROJECT_BASIS_NUMERIC,"clear span minus 0.125 L at each continuous end (1), plus the end portion at non-continuous ends","[""end anchorage into non-continuous supports SUP-1F_ROOF_SLAB-104,SUP-1F_ROOF_SLAB-104,SUP-1F_ROOF_SLAB-104 (shape only; cover >= 25 mm minimum, '40 CL.' binding unclear)""]",,P15-BOT-STOP-0.125L + plan callout 6F7,"[""CONTINUOUS_BAR_SPEC_MISMATCH"", ""COUNT_BASIS_UNRESOLVED"", ""EDGE_BAR_UNRESOLVED"", ""WHICH_50_PERCENT_UNRESOLVED""]",BLOCKED_FROM_S7,True,"[""Q-50PCT"", ""Q-COUNT"", ""Q-MISMATCH""]",IN_SCOPE_S7,
CMP-0165,CONTINUOUS_BAR_RUN,RUN-B-006,1F_ROOF_SLAB,BOTTOM_Y,50% CONTINUOUS (counted once per run),Y,6F7,10,6,BARS_PER_METRE,BOTTOM,"ENGINEERING_DERIVED (unqualified plan callout; '/Top' and '(T&B)' are marked, plan note 2 gives the top steel over beams; p.15: bottom bars 'see schedule or plan')",4797.1,3000,CLEAR_SPAN,MINIMUM_PROJECT_COVER_25,PROJECT_BASIS_NUMERIC,"run extent face to face of the run's end supports, plus the end portions","[""end anchorage into non-continuous supports SUP-1F_ROOF_SLAB-104,SUP-1F_ROOF_SLAB-104,SUP-1F_ROOF_SLAB-104 (shape only; cover >= 25 mm minimum, '40 CL.' binding unclear)"", ""laps / splices (not located)""]",RUN-B-006,P15-BOT-STOP-0.125L 'balance continuous' + plan callout 6F7,"[""CONTINUOUS_BAR_SPEC_MISMATCH"", ""COUNT_BASIS_UNRESOLVED"", ""EDGE_BAR_UNRESOLVED"", ""WHICH_50_PERCENT_UNRESOLVED""]",BLOCKED_FROM_S7,True,"[""Q-50PCT"", ""Q-COUNT"", ""Q-MISMATCH""]",IN_SCOPE_S7,
CMP-0166,TEMPERATURE_X,SP-1F_ROOF_SLAB-04,1F_ROOF_SLAB,TEMPERATURE_X,,X,,,,,,,,,,,BLOCKED_UNQUANTIFIED,,,,P15 detail 'TEMP. REINFORCING' + P15-TEMP-TABLE,"[""COUNT_BASIS_UNRESOLVED"", ""TABLE_NO_EXACT_ROW"", ""TEMPERATURE_REGION_DEPENDS_ON_TOP_EXTENT""]",BLOCKED_FROM_S7,True,"[""Q-COUNT"", ""Q-TEMP"", ""Q-TOPEXT""]",IN_SCOPE_S7,
CMP-0167,TEMPERATURE_Y,SP-1F_ROOF_SLAB-04,1F_ROOF_SLAB,TEMPERATURE_Y,,Y,,,,,,,,,,,BLOCKED_UNQUANTIFIED,,,,P15 detail 'TEMP. REINFORCING' + P15-TEMP-TABLE,"[""COUNT_BASIS_UNRESOLVED"", ""TABLE_NO_EXACT_ROW"", ""TEMPERATURE_REGION_DEPENDS_ON_TOP_EXTENT""]",BLOCKED_FROM_S7,True,"[""Q-COUNT"", ""Q-TEMP"", ""Q-TOPEXT""]",IN_SCOPE_S7,
CMP-0168,CURTAILMENT_SEGMENT,SP-1F_ROOF_SLAB-05,1F_ROOF_SLAB,BOTTOM_X,50% STOPPED,X,6FB,10,7,BARS_PER_METRE,BOTTOM,"ENGINEERING_DERIVED (unqualified plan callout; '/Top' and '(T&B)' are marked, plan note 2 gives the top steel over beams; p.15: bottom bars 'see schedule or plan')",4100,4325,CLEAR_SPAN,MINIMUM_PROJECT_COVER_25,PROJECT_BASIS_NUMERIC,"clear span minus 0.125 L at each continuous end (1), plus the end portion at non-continuous ends","[""end anchorage into non-continuous supports SUP-1F_ROOF_SLAB-021 (shape only; cover >= 25 mm minimum, '40 CL.' binding unclear)""]",,P15-BOT-STOP-0.125L + plan callout 6FB,"[""CONTINUOUS_BAR_SPEC_MISMATCH"", ""COUNT_BASIS_UNRESOLVED"", ""EDGE_BAR_UNRESOLVED"", ""SUPPORT_CONTINUITY_UNRESOLVED"", ""SUPPORT_NOT_A_BEAM"", ""WHICH_50_PERCENT_UNRESOLVED""]",BLOCKED_FROM_S7,False,"[""Q-50PCT"", ""Q-COUNT"", ""Q-MISMATCH""]",IN_SCOPE_S7,
CMP-0169,CONTINUOUS_BAR_RUN,RUN-B-007,1F_ROOF_SLAB,BOTTOM_X,50% CONTINUOUS (counted once per run),X,6FB,10,7,BARS_PER_METRE,BOTTOM,"ENGINEERING_DERIVED (unqualified plan callout; '/Top' and '(T&B)' are marked, plan note 2 gives the top steel over beams; p.15: bottom bars 'see schedule or plan')",4100,4325,CLEAR_SPAN,MINIMUM_PROJECT_COVER_25,PROJECT_BASIS_NUMERIC,"run extent face to face of the run's end supports, plus the end portions","[""end anchorage into non-continuous supports SUP-1F_ROOF_SLAB-021 (shape only; cover >= 25 mm minimum, '40 CL.' binding unclear)"", ""laps / splices (not located)""]",RUN-B-007,P15-BOT-STOP-0.125L 'balance continuous' + plan callout 6FB,"[""CONTINUOUS_BAR_SPEC_MISMATCH"", ""COUNT_BASIS_UNRESOLVED"", ""EDGE_BAR_UNRESOLVED"", ""SUPPORT_CONTINUITY_UNRESOLVED"", ""SUPPORT_NOT_A_BEAM"", ""WHICH_50_PERCENT_UNRESOLVED""]",BLOCKED_FROM_S7,False,"[""Q-50PCT"", ""Q-COUNT"", ""Q-MISMATCH""]",IN_SCOPE_S7,
CMP-0170,CURTAILMENT_SEGMENT,SP-1F_ROOF_SLAB-05,1F_ROOF_SLAB,BOTTOM_Y,50% STOPPED,Y,6FC,10,6,BARS_PER_METRE,BOTTOM,"ENGINEERING_DERIVED (unqualified plan callout; '/Top' and '(T&B)' are marked, plan note 2 gives the top steel over beams; p.15: bottom bars 'see schedule or plan')",4325,4100,CLEAR_SPAN,MINIMUM_PROJECT_COVER_25,PROJECT_BASIS_NUMERIC,"clear span minus 0.125 L at each continuous end (1), plus the end portion at non-continuous ends","[""end anchorage into non-continuous supports SUP-1F_ROOF_SLAB-105,SUP-1F_ROOF_SLAB-105,SUP-1F_ROOF_SLAB-105 (shape only; cover >= 25 mm minimum, '40 CL.' binding unclear)""]",,P15-BOT-STOP-0.125L + plan callout 6FC,"[""CONTINUOUS_BAR_SPEC_MISMATCH"", ""COUNT_BASIS_UNRESOLVED"", ""EDGE_BAR_UNRESOLVED"", ""WHICH_50_PERCENT_UNRESOLVED""]",BLOCKED_FROM_S7,True,"[""Q-50PCT"", ""Q-COUNT"", ""Q-MISMATCH""]",IN_SCOPE_S7,
CMP-0171,CONTINUOUS_BAR_RUN,RUN-B-008,1F_ROOF_SLAB,BOTTOM_Y,50% CONTINUOUS (counted once per run),Y,6FC,10,6,BARS_PER_METRE,BOTTOM,"ENGINEERING_DERIVED (unqualified plan callout; '/Top' and '(T&B)' are marked, plan note 2 gives the top steel over beams; p.15: bottom bars 'see schedule or plan')",4325,4100,CLEAR_SPAN,MINIMUM_PROJECT_COVER_25,PROJECT_BASIS_NUMERIC,"run extent face to face of the run's end supports, plus the end portions","[""end anchorage into non-continuous supports SUP-1F_ROOF_SLAB-105,SUP-1F_ROOF_SLAB-105,SUP-1F_ROOF_SLAB-105 (shape only; cover >= 25 mm minimum, '40 CL.' binding unclear)"", ""laps / splices (not located)""]",RUN-B-008,P15-BOT-STOP-0.125L 'balance continuous' + plan callout 6FC,"[""CONTINUOUS_BAR_SPEC_MISMATCH"", ""COUNT_BASIS_UNRESOLVED"", ""EDGE_BAR_UNRESOLVED"", ""WHICH_50_PERCENT_UNRESOLVED""]",BLOCKED_FROM_S7,True,"[""Q-50PCT"", ""Q-COUNT"", ""Q-MISMATCH""]",IN_SCOPE_S7,
CMP-0172,TEMPERATURE_X,SP-1F_ROOF_SLAB-05,1F_ROOF_SLAB,TEMPERATURE_X,,X,,,,,,,,,,,BLOCKED_UNQUANTIFIED,,,,P15 detail 'TEMP. REINFORCING' + P15-TEMP-TABLE,"[""COUNT_BASIS_UNRESOLVED"", ""TABLE_NO_EXACT_ROW"", ""TEMPERATURE_REGION_DEPENDS_ON_TOP_EXTENT""]",BLOCKED_FROM_S7,True,"[""Q-COUNT"", ""Q-TEMP"", ""Q-TOPEXT""]",IN_SCOPE_S7,
CMP-0173,TEMPERATURE_Y,SP-1F_ROOF_SLAB-05,1F_ROOF_SLAB,TEMPERATURE_Y,,Y,,,,,,,,,,,BLOCKED_UNQUANTIFIED,,,,P15 detail 'TEMP. REINFORCING' + P15-TEMP-TABLE,"[""COUNT_BASIS_UNRESOLVED"", ""TABLE_NO_EXACT_ROW"", ""TEMPERATURE_REGION_DEPENDS_ON_TOP_EXTENT""]",BLOCKED_FROM_S7,True,"[""Q-COUNT"", ""Q-TEMP"", ""Q-TOPEXT""]",IN_SCOPE_S7,
CMP-0174,CURTAILMENT_SEGMENT,SP-1F_ROOF_SLAB-07,1F_ROOF_SLAB,BOTTOM_X,50% STOPPED,X,705,10,5,BARS_PER_METRE,BOTTOM,"ENGINEERING_DERIVED (unqualified plan callout; '/Top' and '(T&B)' are marked, plan note 2 gives the top steel over beams; p.15: bottom bars 'see schedule or plan')",4372.2,1010.5,CLEAR_SPAN,MINIMUM_PROJECT_COVER_25,PROJECT_BASIS_NUMERIC,"clear span minus 0.125 L at each continuous end (1), plus the end portion at non-continuous ends","[""end anchorage into non-continuous supports SUP-1F_ROOF_SLAB-022 (shape only; cover >= 25 mm minimum, '40 CL.' binding unclear)""]",,P15-BOT-STOP-0.125L + plan callout 705,"[""COUNT_BASIS_UNRESOLVED"", ""EDGE_BAR_UNRESOLVED"", ""RUN_ALIGNMENT_PARTIAL"", ""WHICH_50_PERCENT_UNRESOLVED""]",BLOCKED_FROM_S7,False,"[""Q-50PCT"", ""Q-COUNT""]",IN_SCOPE_S7,
CMP-0175,CONTINUOUS_BAR_RUN,RUN-B-009,1F_ROOF_SLAB,BOTTOM_X,50% CONTINUOUS (counted once per run),X,705,10,5,BARS_PER_METRE,BOTTOM,"ENGINEERING_DERIVED (unqualified plan callout; '/Top' and '(T&B)' are marked, plan note 2 gives the top steel over beams; p.15: bottom bars 'see schedule or plan')",4372.2,1010.5,CLEAR_SPAN,MINIMUM_PROJECT_COVER_25,PROJECT_BASIS_NUMERIC,"run extent face to face of the run's end supports, plus the end portions","[""end anchorage into non-continuous supports SUP-1F_ROOF_SLAB-022 (shape only; cover >= 25 mm minimum, '40 CL.' binding unclear)"", ""laps / splices (not located)""]",RUN-B-009,P15-BOT-STOP-0.125L 'balance continuous' + plan callout 705,"[""COUNT_BASIS_UNRESOLVED"", ""EDGE_BAR_UNRESOLVED"", ""RUN_ALIGNMENT_PARTIAL"", ""WHICH_50_PERCENT_UNRESOLVED""]",BLOCKED_FROM_S7,False,"[""Q-50PCT"", ""Q-COUNT""]",IN_SCOPE_S7,
CMP-0176,CURTAILMENT_SEGMENT,SP-1F_ROOF_SLAB-07,1F_ROOF_SLAB,BOTTOM_Y,50% STOPPED,Y,706,10,5,BARS_PER_METRE,BOTTOM,"ENGINEERING_DERIVED (unqualified plan callout; '/Top' and '(T&B)' are marked, plan note 2 gives the top steel over beams; p.15: bottom bars 'see schedule or plan')",1010.5,4372.2,CLEAR_SPAN,MINIMUM_PROJECT_COVER_25,PROJECT_BASIS_NUMERIC,"clear span minus 0.125 L at each continuous end (2), plus the end portion at non-continuous ends",[],,P15-BOT-STOP-0.125L + plan callout 706,"[""CONTINUOUS_BAR_SPEC_MISMATCH"", ""COUNT_BASIS_UNRESOLVED"", ""EDGE_BAR_UNRESOLVED"", ""RUN_ALIGNMENT_PARTIAL"", ""SUPPORT_CONTINUITY_UNRESOLVED"", ""WHICH_50_PERCENT_UNRESOLVED""]",BLOCKED_FROM_S7,False,"[""Q-50PCT"", ""Q-COUNT"", ""Q-MISMATCH""]",IN_SCOPE_S7,
CMP-0177,CONTINUOUS_BAR_RUN,RUN-B-004,1F_ROOF_SLAB,BOTTOM_Y,50% CONTINUOUS (counted once per run),Y,706,10,5,BARS_PER_METRE,BOTTOM,"ENGINEERING_DERIVED (unqualified plan callout; '/Top' and '(T&B)' are marked, plan note 2 gives the top steel over beams; p.15: bottom bars 'see schedule or plan')",1010.5,4372.2,CLEAR_SPAN,MINIMUM_PROJECT_COVER_25,PROJECT_BASIS_NUMERIC,"run extent face to face of the run's end supports, plus the end portions","[""laps / splices (not located)""]",RUN-B-004,P15-BOT-STOP-0.125L 'balance continuous' + plan callout 706,"[""CONTINUOUS_BAR_SPEC_MISMATCH"", ""COUNT_BASIS_UNRESOLVED"", ""EDGE_BAR_UNRESOLVED"", ""RUN_ALIGNMENT_PARTIAL"", ""SUPPORT_CONTINUITY_UNRESOLVED"", ""WHICH_50_PERCENT_UNRESOLVED""]",BLOCKED_FROM_S7,False,"[""Q-50PCT"", ""Q-COUNT"", ""Q-MISMATCH""]",IN_SCOPE_S7,
CMP-0178,TEMPERATURE_X,SP-1F_ROOF_SLAB-07,1F_ROOF_SLAB,TEMPERATURE_X,,X,,,,,,,,,,,BLOCKED_UNQUANTIFIED,,,,P15 detail 'TEMP. REINFORCING' + P15-TEMP-TABLE,"[""COUNT_BASIS_UNRESOLVED"", ""TABLE_NO_EXACT_ROW"", ""TEMPERATURE_REGION_DEPENDS_ON_TOP_EXTENT""]",BLOCKED_FROM_S7,True,"[""Q-COUNT"", ""Q-TEMP"", ""Q-TOPEXT""]",IN_SCOPE_S7,
CMP-0179,TEMPERATURE_Y,SP-1F_ROOF_SLAB-07,1F_ROOF_SLAB,TEMPERATURE_Y,,Y,,,,,,,,,,,BLOCKED_UNQUANTIFIED,,,,P15 detail 'TEMP. REINFORCING' + P15-TEMP-TABLE,"[""COUNT_BASIS_UNRESOLVED"", ""TABLE_NO_EXACT_ROW"", ""TEMPERATURE_REGION_DEPENDS_ON_TOP_EXTENT""]",BLOCKED_FROM_S7,True,"[""Q-COUNT"", ""Q-TEMP"", ""Q-TOPEXT""]",IN_SCOPE_S7,
CMP-0180,CURTAILMENT_SEGMENT,SP-1F_ROOF_SLAB-08,1F_ROOF_SLAB,BOTTOM_X,50% STOPPED,X,74F,10,5,BARS_PER_METRE,BOTTOM,"ENGINEERING_DERIVED (unqualified plan callout; '/Top' and '(T&B)' are marked, plan note 2 gives the top steel over beams; p.15: bottom bars 'see schedule or plan')",4100,785.5,CLEAR_SPAN,MINIMUM_PROJECT_COVER_25,PROJECT_BASIS_NUMERIC,"clear span minus 0.125 L at each continuous end (1), plus the end portion at non-continuous ends","[""end anchorage into non-continuous supports SUP-1F_ROOF_SLAB-040 (shape only; cover >= 25 mm minimum, '40 CL.' binding unclear)""]",,P15-BOT-STOP-0.125L + plan callout 74F,"[""COUNT_BASIS_UNRESOLVED"", ""EDGE_BAR_UNRESOLVED"", ""RUN_ALIGNMENT_PARTIAL"", ""WHICH_50_PERCENT_UNRESOLVED""]",BLOCKED_FROM_S7,False,"[""Q-50PCT"", ""Q-COUNT""]",IN_SCOPE_S7,
CMP-0181,CONTINUOUS_BAR_RUN,RUN-B-009,1F_ROOF_SLAB,BOTTOM_X,50% CONTINUOUS (counted once per run),X,74F,10,5,BARS_PER_METRE,BOTTOM,"ENGINEERING_DERIVED (unqualified plan callout; '/Top' and '(T&B)' are marked, plan note 2 gives the top steel over beams; p.15: bottom bars 'see schedule or plan')",4100,785.5,CLEAR_SPAN,MINIMUM_PROJECT_COVER_25,PROJECT_BASIS_NUMERIC,"run extent face to face of the run's end supports, plus the end portions","[""end anchorage into non-continuous supports SUP-1F_ROOF_SLAB-040 (shape only; cover >= 25 mm minimum, '40 CL.' binding unclear)"", ""laps / splices (not located)""]",RUN-B-009,P15-BOT-STOP-0.125L 'balance continuous' + plan callout 74F,"[""COUNT_BASIS_UNRESOLVED"", ""EDGE_BAR_UNRESOLVED"", ""RUN_ALIGNMENT_PARTIAL"", ""WHICH_50_PERCENT_UNRESOLVED""]",BLOCKED_FROM_S7,False,"[""Q-50PCT"", ""Q-COUNT""]",IN_SCOPE_S7,
CMP-0182,BOTTOM_Y,SP-1F_ROOF_SLAB-08,1F_ROOF_SLAB,BOTTOM_Y,100%,Y,750,10,5,EXPLICIT_COUNT,BOTTOM,"ENGINEERING_DERIVED (unqualified plan callout; '/Top' and '(T&B)' are marked, plan note 2 gives the top steel over beams; p.15: bottom bars 'see schedule or plan')",785.5,4100,CLEAR_SPAN,MINIMUM_PROJECT_COVER_25,PROJECT_BASIS_NUMERIC,clear span plus the end portions into the supports,"[""end anchorage into non-continuous supports SUP-1F_ROOF_SLAB-064 (shape only; cover >= 25 mm minimum, '40 CL.' binding unclear)""]",RUN-B-010,plan callout 750,"[""COUNT_NOTATION_AMBIGUOUS_NO_PER_METRE"", ""SUPPORT_CONTINUITY_UNRESOLVED""]",BLOCKED_FROM_S7,False,"[""Q-ABSCOUNT""]",IN_SCOPE_S7,
CMP-0183,TEMPERATURE_X,SP-1F_ROOF_SLAB-08,1F_ROOF_SLAB,TEMPERATURE_X,,X,,,,,,,,,,,BLOCKED_UNQUANTIFIED,,,,P15 detail 'TEMP. REINFORCING' + P15-TEMP-TABLE,"[""COUNT_BASIS_UNRESOLVED"", ""TABLE_NO_EXACT_ROW"", ""TEMPERATURE_REGION_DEPENDS_ON_TOP_EXTENT""]",BLOCKED_FROM_S7,True,"[""Q-COUNT"", ""Q-TEMP"", ""Q-TOPEXT""]",IN_SCOPE_S7,
CMP-0184,TEMPERATURE_Y,SP-1F_ROOF_SLAB-08,1F_ROOF_SLAB,TEMPERATURE_Y,,Y,,,,,,,,,,,BLOCKED_UNQUANTIFIED,,,,P15 detail 'TEMP. REINFORCING' + P15-TEMP-TABLE,"[""COUNT_BASIS_UNRESOLVED"", ""TABLE_NO_EXACT_ROW"", ""TEMPERATURE_REGION_DEPENDS_ON_TOP_EXTENT""]",BLOCKED_FROM_S7,True,"[""Q-COUNT"", ""Q-TEMP"", ""Q-TOPEXT""]",IN_SCOPE_S7,
CMP-0185,CURTAILMENT_SEGMENT,SP-1F_ROOF_SLAB-09,1F_ROOF_SLAB,BOTTOM_X,50% STOPPED,X,709,10,5,BARS_PER_METRE,BOTTOM,"ENGINEERING_DERIVED (unqualified plan callout; '/Top' and '(T&B)' are marked, plan note 2 gives the top steel over beams; p.15: bottom bars 'see schedule or plan')",,,CLEAR_SPAN,MINIMUM_PROJECT_COVER_25,PROJECT_BASIS_NUMERIC,"clear span minus 0.125 L at each continuous end (1), plus the end portion at non-continuous ends","[""end anchorage into non-continuous supports SUP-1F_ROOF_SLAB-043 (shape only; cover >= 25 mm minimum, '40 CL.' binding unclear)""]",,P15-BOT-STOP-0.125L + plan callout 709,"[""COUNT_BASIS_UNRESOLVED"", ""EDGE_BAR_UNRESOLVED"", ""RUN_ALIGNMENT_PARTIAL"", ""SPAN_NOT_SINGLE_VALUED"", ""WHICH_50_PERCENT_UNRESOLVED""]",BLOCKED_FROM_S7,False,"[""Q-50PCT"", ""Q-COUNT""]",IN_SCOPE_S7,
CMP-0186,CONTINUOUS_BAR_RUN,RUN-B-009,1F_ROOF_SLAB,BOTTOM_X,50% CONTINUOUS (counted once per run),X,709,10,5,BARS_PER_METRE,BOTTOM,"ENGINEERING_DERIVED (unqualified plan callout; '/Top' and '(T&B)' are marked, plan note 2 gives the top steel over beams; p.15: bottom bars 'see schedule or plan')",,,CLEAR_SPAN,MINIMUM_PROJECT_COVER_25,PROJECT_BASIS_NUMERIC,"run extent face to face of the run's end supports, plus the end portions","[""end anchorage into non-continuous supports SUP-1F_ROOF_SLAB-043 (shape only; cover >= 25 mm minimum, '40 CL.' binding unclear)"", ""laps / splices (not located)""]",RUN-B-009,P15-BOT-STOP-0.125L 'balance continuous' + plan callout 709,"[""COUNT_BASIS_UNRESOLVED"", ""EDGE_BAR_UNRESOLVED"", ""RUN_ALIGNMENT_PARTIAL"", ""SPAN_NOT_SINGLE_VALUED"", ""WHICH_50_PERCENT_UNRESOLVED""]",BLOCKED_FROM_S7,False,"[""Q-50PCT"", ""Q-COUNT""]",IN_SCOPE_S7,
CMP-0187,CURTAILMENT_SEGMENT,SP-1F_ROOF_SLAB-09,1F_ROOF_SLAB,BOTTOM_Y,50% STOPPED,Y,707,10,5,BARS_PER_METRE,BOTTOM,"ENGINEERING_DERIVED (unqualified plan callout; '/Top' and '(T&B)' are marked, plan note 2 gives the top steel over beams; p.15: bottom bars 'see schedule or plan')",,,CLEAR_SPAN,MINIMUM_PROJECT_COVER_25,PROJECT_BASIS_NUMERIC,"clear span minus 0.125 L at each continuous end (2), plus the end portion at non-continuous ends",[],,P15-BOT-STOP-0.125L + plan callout 707,"[""COUNT_BASIS_UNRESOLVED"", ""EDGE_BAR_UNRESOLVED"", ""RUN_ALIGNMENT_PARTIAL"", ""SPAN_NOT_SINGLE_VALUED"", ""WHICH_50_PERCENT_UNRESOLVED""]",BLOCKED_FROM_S7,False,"[""Q-50PCT"", ""Q-COUNT""]",IN_SCOPE_S7,
CMP-0188,CONTINUOUS_BAR_RUN,RUN-B-004,1F_ROOF_SLAB,BOTTOM_Y,50% CONTINUOUS (counted once per run),Y,707,10,5,BARS_PER_METRE,BOTTOM,"ENGINEERING_DERIVED (unqualified plan callout; '/Top' and '(T&B)' are marked, plan note 2 gives the top steel over beams; p.15: bottom bars 'see schedule or plan')",,,CLEAR_SPAN,MINIMUM_PROJECT_COVER_25,PROJECT_BASIS_NUMERIC,"run extent face to face of the run's end supports, plus the end portions","[""laps / splices (not located)""]",RUN-B-004,P15-BOT-STOP-0.125L 'balance continuous' + plan callout 707,"[""COUNT_BASIS_UNRESOLVED"", ""EDGE_BAR_UNRESOLVED"", ""RUN_ALIGNMENT_PARTIAL"", ""SPAN_NOT_SINGLE_VALUED"", ""WHICH_50_PERCENT_UNRESOLVED""]",BLOCKED_FROM_S7,False,"[""Q-50PCT"", ""Q-COUNT""]",IN_SCOPE_S7,
CMP-0189,TEMPERATURE_X,SP-1F_ROOF_SLAB-09,1F_ROOF_SLAB,TEMPERATURE_X,,X,,,,,,,,,,,BLOCKED_UNQUANTIFIED,,,,P15 detail 'TEMP. REINFORCING' + P15-TEMP-TABLE,"[""COUNT_BASIS_UNRESOLVED"", ""SPAN_NOT_SINGLE_VALUED"", ""TABLE_NO_EXACT_ROW"", ""TEMPERATURE_REGION_DEPENDS_ON_TOP_EXTENT""]",BLOCKED_FROM_S7,False,"[""Q-COUNT"", ""Q-TEMP"", ""Q-TOPEXT""]",IN_SCOPE_S7,
CMP-0190,TEMPERATURE_Y,SP-1F_ROOF_SLAB-09,1F_ROOF_SLAB,TEMPERATURE_Y,,Y,,,,,,,,,,,BLOCKED_UNQUANTIFIED,,,,P15 detail 'TEMP. REINFORCING' + P15-TEMP-TABLE,"[""COUNT_BASIS_UNRESOLVED"", ""SPAN_NOT_SINGLE_VALUED"", ""TABLE_NO_EXACT_ROW"", ""TEMPERATURE_REGION_DEPENDS_ON_TOP_EXTENT""]",BLOCKED_FROM_S7,False,"[""Q-COUNT"", ""Q-TEMP"", ""Q-TOPEXT""]",IN_SCOPE_S7,
CMP-0191,CURTAILMENT_SEGMENT,SP-1F_ROOF_SLAB-11,1F_ROOF_SLAB,BOTTOM_X,50% STOPPED,X,730,10,5,BARS_PER_METRE,BOTTOM,"ENGINEERING_DERIVED (unqualified plan callout; '/Top' and '(T&B)' are marked, plan note 2 gives the top steel over beams; p.15: bottom bars 'see schedule or plan')",,,CLEAR_SPAN,MINIMUM_PROJECT_COVER_25,PROJECT_BASIS_NUMERIC,"clear span minus 0.125 L at each continuous end (1), plus the end portion at non-continuous ends","[""end anchorage into non-continuous supports SUP-1F_ROOF_SLAB-092,SUP-1F_ROOF_SLAB-026 (shape only; cover >= 25 mm minimum, '40 CL.' binding unclear)""]",,P15-BOT-STOP-0.125L + plan callout 730,"[""COUNT_BASIS_UNRESOLVED"", ""EDGE_BAR_UNRESOLVED"", ""RUN_ALIGNMENT_PARTIAL"", ""SPAN_NOT_SINGLE_VALUED"", ""WHICH_50_PERCENT_UNRESOLVED""]",BLOCKED_FROM_S7,False,"[""Q-50PCT"", ""Q-COUNT""]",IN_SCOPE_S7,
CMP-0192,CONTINUOUS_BAR_RUN,RUN-B-009,1F_ROOF_SLAB,BOTTOM_X,50% CONTINUOUS (counted once per run),X,730,10,5,BARS_PER_METRE,BOTTOM,"ENGINEERING_DERIVED (unqualified plan callout; '/Top' and '(T&B)' are marked, plan note 2 gives the top steel over beams; p.15: bottom bars 'see schedule or plan')",,,CLEAR_SPAN,MINIMUM_PROJECT_COVER_25,PROJECT_BASIS_NUMERIC,"run extent face to face of the run's end supports, plus the end portions","[""end anchorage into non-continuous supports SUP-1F_ROOF_SLAB-092,SUP-1F_ROOF_SLAB-026 (shape only; cover >= 25 mm minimum, '40 CL.' binding unclear)"", ""laps / splices (not located)""]",RUN-B-009,P15-BOT-STOP-0.125L 'balance continuous' + plan callout 730,"[""COUNT_BASIS_UNRESOLVED"", ""EDGE_BAR_UNRESOLVED"", ""RUN_ALIGNMENT_PARTIAL"", ""SPAN_NOT_SINGLE_VALUED"", ""WHICH_50_PERCENT_UNRESOLVED""]",BLOCKED_FROM_S7,False,"[""Q-50PCT"", ""Q-COUNT""]",IN_SCOPE_S7,
CMP-0193,CURTAILMENT_SEGMENT,SP-1F_ROOF_SLAB-11,1F_ROOF_SLAB,BOTTOM_Y,50% STOPPED,Y,732,10,6,BARS_PER_METRE,BOTTOM,"ENGINEERING_DERIVED (unqualified plan callout; '/Top' and '(T&B)' are marked, plan note 2 gives the top steel over beams; p.15: bottom bars 'see schedule or plan')",,,CLEAR_SPAN,MINIMUM_PROJECT_COVER_25,PROJECT_BASIS_NUMERIC,"clear span minus 0.125 L at each continuous end (1), plus the end portion at non-continuous ends","[""end anchorage into non-continuous supports SUP-1F_ROOF_SLAB-122 (shape only; cover >= 25 mm minimum, '40 CL.' binding unclear)""]",,P15-BOT-STOP-0.125L + plan callout 732,"[""CONTINUOUS_BAR_SPEC_MISMATCH"", ""COUNT_BASIS_UNRESOLVED"", ""EDGE_BAR_UNRESOLVED"", ""SPAN_NOT_SINGLE_VALUED"", ""SUPPORT_CONTINUITY_UNRESOLVED"", ""WHICH_50_PERCENT_UNRESOLVED""]",BLOCKED_FROM_S7,False,"[""Q-50PCT"", ""Q-COUNT"", ""Q-MISMATCH""]",IN_SCOPE_S7,
CMP-0194,CONTINUOUS_BAR_RUN,RUN-B-011,1F_ROOF_SLAB,BOTTOM_Y,50% CONTINUOUS (counted once per run),Y,732,10,6,BARS_PER_METRE,BOTTOM,"ENGINEERING_DERIVED (unqualified plan callout; '/Top' and '(T&B)' are marked, plan note 2 gives the top steel over beams; p.15: bottom bars 'see schedule or plan')",,,CLEAR_SPAN,MINIMUM_PROJECT_COVER_25,PROJECT_BASIS_NUMERIC,"run extent face to face of the run's end supports, plus the end portions","[""end anchorage into non-continuous supports SUP-1F_ROOF_SLAB-122 (shape only; cover >= 25 mm minimum, '40 CL.' binding unclear)"", ""laps / splices (not located)""]",RUN-B-011,P15-BOT-STOP-0.125L 'balance continuous' + plan callout 732,"[""CONTINUOUS_BAR_SPEC_MISMATCH"", ""COUNT_BASIS_UNRESOLVED"", ""EDGE_BAR_UNRESOLVED"", ""SPAN_NOT_SINGLE_VALUED"", ""SUPPORT_CONTINUITY_UNRESOLVED"", ""WHICH_50_PERCENT_UNRESOLVED""]",BLOCKED_FROM_S7,False,"[""Q-50PCT"", ""Q-COUNT"", ""Q-MISMATCH""]",IN_SCOPE_S7,
CMP-0195,TEMPERATURE_X,SP-1F_ROOF_SLAB-11,1F_ROOF_SLAB,TEMPERATURE_X,,X,,,,,,,,,,,BLOCKED_UNQUANTIFIED,,,,P15 detail 'TEMP. REINFORCING' + P15-TEMP-TABLE,"[""COUNT_BASIS_UNRESOLVED"", ""SPAN_NOT_SINGLE_VALUED"", ""TABLE_NO_EXACT_ROW"", ""TEMPERATURE_REGION_DEPENDS_ON_TOP_EXTENT""]",BLOCKED_FROM_S7,False,"[""Q-COUNT"", ""Q-TEMP"", ""Q-TOPEXT""]",IN_SCOPE_S7,
CMP-0196,TEMPERATURE_Y,SP-1F_ROOF_SLAB-11,1F_ROOF_SLAB,TEMPERATURE_Y,,Y,,,,,,,,,,,BLOCKED_UNQUANTIFIED,,,,P15 detail 'TEMP. REINFORCING' + P15-TEMP-TABLE,"[""COUNT_BASIS_UNRESOLVED"", ""SPAN_NOT_SINGLE_VALUED"", ""TABLE_NO_EXACT_ROW"", ""TEMPERATURE_REGION_DEPENDS_ON_TOP_EXTENT""]",BLOCKED_FROM_S7,False,"[""Q-COUNT"", ""Q-TEMP"", ""Q-TOPEXT""]",IN_SCOPE_S7,
CMP-0197,CURTAILMENT_SEGMENT,SP-1F_ROOF_SLAB-12,1F_ROOF_SLAB,BOTTOM_X,50% STOPPED,X,735,10,5,BARS_PER_METRE,BOTTOM,"ENGINEERING_DERIVED (unqualified plan callout; '/Top' and '(T&B)' are marked, plan note 2 gives the top steel over beams; p.15: bottom bars 'see schedule or plan')",,,CLEAR_SPAN,MINIMUM_PROJECT_COVER_25,PROJECT_BASIS_NUMERIC,"clear span minus 0.125 L at each continuous end (2), plus the end portion at non-continuous ends",[],,P15-BOT-STOP-0.125L + plan callout 735,"[""COUNT_BASIS_UNRESOLVED"", ""EDGE_BAR_UNRESOLVED"", ""RUN_ALIGNMENT_PARTIAL"", ""SPAN_NOT_SINGLE_VALUED"", ""WHICH_50_PERCENT_UNRESOLVED""]",BLOCKED_FROM_S7,False,"[""Q-50PCT"", ""Q-COUNT""]",IN_SCOPE_S7,
CMP-0198,CONTINUOUS_BAR_RUN,RUN-B-009,1F_ROOF_SLAB,BOTTOM_X,50% CONTINUOUS (counted once per run),X,735,10,5,BARS_PER_METRE,BOTTOM,"ENGINEERING_DERIVED (unqualified plan callout; '/Top' and '(T&B)' are marked, plan note 2 gives the top steel over beams; p.15: bottom bars 'see schedule or plan')",,,CLEAR_SPAN,MINIMUM_PROJECT_COVER_25,PROJECT_BASIS_NUMERIC,"run extent face to face of the run's end supports, plus the end portions","[""laps / splices (not located)""]",RUN-B-009,P15-BOT-STOP-0.125L 'balance continuous' + plan callout 735,"[""COUNT_BASIS_UNRESOLVED"", ""EDGE_BAR_UNRESOLVED"", ""RUN_ALIGNMENT_PARTIAL"", ""SPAN_NOT_SINGLE_VALUED"", ""WHICH_50_PERCENT_UNRESOLVED""]",BLOCKED_FROM_S7,False,"[""Q-50PCT"", ""Q-COUNT""]",IN_SCOPE_S7,
CMP-0199,CURTAILMENT_SEGMENT,SP-1F_ROOF_SLAB-12,1F_ROOF_SLAB,BOTTOM_Y,50% STOPPED,Y,737,10,5,BARS_PER_METRE,BOTTOM,"ENGINEERING_DERIVED (unqualified plan callout; '/Top' and '(T&B)' are marked, plan note 2 gives the top steel over beams; p.15: bottom bars 'see schedule or plan')",,,CLEAR_SPAN,MINIMUM_PROJECT_COVER_25,PROJECT_BASIS_NUMERIC,"clear span minus 0.125 L at each continuous end (2), plus the end portion at non-continuous ends",[],,P15-BOT-STOP-0.125L + plan callout 737,"[""CONTINUOUS_BAR_SPEC_MISMATCH"", ""COUNT_BASIS_UNRESOLVED"", ""EDGE_BAR_UNRESOLVED"", ""RUN_ALIGNMENT_PARTIAL"", ""SPAN_NOT_SINGLE_VALUED"", ""WHICH_50_PERCENT_UNRESOLVED""]",BLOCKED_FROM_S7,False,"[""Q-50PCT"", ""Q-COUNT"", ""Q-MISMATCH""]",IN_SCOPE_S7,
CMP-0200,CONTINUOUS_BAR_RUN,RUN-B-012,1F_ROOF_SLAB,BOTTOM_Y,50% CONTINUOUS (counted once per run),Y,737,10,5,BARS_PER_METRE,BOTTOM,"ENGINEERING_DERIVED (unqualified plan callout; '/Top' and '(T&B)' are marked, plan note 2 gives the top steel over beams; p.15: bottom bars 'see schedule or plan')",,,CLEAR_SPAN,MINIMUM_PROJECT_COVER_25,PROJECT_BASIS_NUMERIC,"run extent face to face of the run's end supports, plus the end portions","[""laps / splices (not located)""]",RUN-B-012,P15-BOT-STOP-0.125L 'balance continuous' + plan callout 737,"[""CONTINUOUS_BAR_SPEC_MISMATCH"", ""COUNT_BASIS_UNRESOLVED"", ""EDGE_BAR_UNRESOLVED"", ""RUN_ALIGNMENT_PARTIAL"", ""SPAN_NOT_SINGLE_VALUED"", ""WHICH_50_PERCENT_UNRESOLVED""]",BLOCKED_FROM_S7,False,"[""Q-50PCT"", ""Q-COUNT"", ""Q-MISMATCH""]",IN_SCOPE_S7,
CMP-0201,TEMPERATURE_X,SP-1F_ROOF_SLAB-12,1F_ROOF_SLAB,TEMPERATURE_X,,X,,,,,,,,,,,BLOCKED_UNQUANTIFIED,,,,P15 detail 'TEMP. REINFORCING' + P15-TEMP-TABLE,"[""COUNT_BASIS_UNRESOLVED"", ""SPAN_NOT_SINGLE_VALUED"", ""TABLE_NO_EXACT_ROW"", ""TEMPERATURE_REGION_DEPENDS_ON_TOP_EXTENT""]",BLOCKED_FROM_S7,False,"[""Q-COUNT"", ""Q-TEMP"", ""Q-TOPEXT""]",IN_SCOPE_S7,
CMP-0202,TEMPERATURE_Y,SP-1F_ROOF_SLAB-12,1F_ROOF_SLAB,TEMPERATURE_Y,,Y,,,,,,,,,,,BLOCKED_UNQUANTIFIED,,,,P15 detail 'TEMP. REINFORCING' + P15-TEMP-TABLE,"[""COUNT_BASIS_UNRESOLVED"", ""SPAN_NOT_SINGLE_VALUED"", ""TABLE_NO_EXACT_ROW"", ""TEMPERATURE_REGION_DEPENDS_ON_TOP_EXTENT""]",BLOCKED_FROM_S7,False,"[""Q-COUNT"", ""Q-TEMP"", ""Q-TOPEXT""]",IN_SCOPE_S7,
CMP-0203,CURTAILMENT_SEGMENT,SP-1F_ROOF_SLAB-21,1F_ROOF_SLAB,BOTTOM_X,50% STOPPED,X,71C,10,8,BARS_PER_METRE,BOTTOM,"ENGINEERING_DERIVED (unqualified plan callout; '/Top' and '(T&B)' are marked, plan note 2 gives the top steel over beams; p.15: bottom bars 'see schedule or plan')",4300,4850,CLEAR_SPAN,MINIMUM_PROJECT_COVER_25,PROJECT_BASIS_NUMERIC,"clear span minus 0.125 L at each continuous end (1), plus the end portion at non-continuous ends",[],,P15-BOT-STOP-0.125L + plan callout 71C,"[""CONTINUOUS_BAR_SPEC_MISMATCH"", ""COUNT_BASIS_UNRESOLVED"", ""EDGE_BAR_UNRESOLVED"", ""SUPPORT_CONTINUITY_UNRESOLVED"", ""WHICH_50_PERCENT_UNRESOLVED""]",BLOCKED_FROM_S7,False,"[""Q-50PCT"", ""Q-COUNT"", ""Q-MISMATCH""]",IN_SCOPE_S7,
CMP-0204,CONTINUOUS_BAR_RUN,RUN-B-013,1F_ROOF_SLAB,BOTTOM_X,50% CONTINUOUS (counted once per run),X,71C,10,8,BARS_PER_METRE,BOTTOM,"ENGINEERING_DERIVED (unqualified plan callout; '/Top' and '(T&B)' are marked, plan note 2 gives the top steel over beams; p.15: bottom bars 'see schedule or plan')",4300,4850,CLEAR_SPAN,MINIMUM_PROJECT_COVER_25,PROJECT_BASIS_NUMERIC,"run extent face to face of the run's end supports, plus the end portions","[""laps / splices (not located)""]",RUN-B-013,P15-BOT-STOP-0.125L 'balance continuous' + plan callout 71C,"[""CONTINUOUS_BAR_SPEC_MISMATCH"", ""COUNT_BASIS_UNRESOLVED"", ""EDGE_BAR_UNRESOLVED"", ""SUPPORT_CONTINUITY_UNRESOLVED"", ""WHICH_50_PERCENT_UNRESOLVED""]",BLOCKED_FROM_S7,False,"[""Q-50PCT"", ""Q-COUNT"", ""Q-MISMATCH""]",IN_SCOPE_S7,
CMP-0205,CURTAILMENT_SEGMENT,SP-1F_ROOF_SLAB-21,1F_ROOF_SLAB,BOTTOM_Y,50% STOPPED,Y,71D,10,7,BARS_PER_METRE,BOTTOM,"ENGINEERING_DERIVED (unqualified plan callout; '/Top' and '(T&B)' are marked, plan note 2 gives the top steel over beams; p.15: bottom bars 'see schedule or plan')",4850,4300,CLEAR_SPAN,MINIMUM_PROJECT_COVER_25,PROJECT_BASIS_NUMERIC,"clear span minus 0.125 L at each continuous end (1), plus the end portion at non-continuous ends","[""end anchorage into non-continuous supports SUP-1F_ROOF_SLAB-113 (shape only; cover >= 25 mm minimum, '40 CL.' binding unclear)""]",,P15-BOT-STOP-0.125L + plan callout 71D,"[""CONTINUOUS_BAR_SPEC_MISMATCH"", ""COUNT_BASIS_UNRESOLVED"", ""EDGE_BAR_UNRESOLVED"", ""WHICH_50_PERCENT_UNRESOLVED""]",BLOCKED_FROM_S7,True,"[""Q-50PCT"", ""Q-COUNT"", ""Q-MISMATCH""]",IN_SCOPE_S7,
CMP-0206,CONTINUOUS_BAR_RUN,RUN-B-014,1F_ROOF_SLAB,BOTTOM_Y,50% CONTINUOUS (counted once per run),Y,71D,10,7,BARS_PER_METRE,BOTTOM,"ENGINEERING_DERIVED (unqualified plan callout; '/Top' and '(T&B)' are marked, plan note 2 gives the top steel over beams; p.15: bottom bars 'see schedule or plan')",4850,4300,CLEAR_SPAN,MINIMUM_PROJECT_COVER_25,PROJECT_BASIS_NUMERIC,"run extent face to face of the run's end supports, plus the end portions","[""end anchorage into non-continuous supports SUP-1F_ROOF_SLAB-113 (shape only; cover >= 25 mm minimum, '40 CL.' binding unclear)"", ""laps / splices (not located)""]",RUN-B-014,P15-BOT-STOP-0.125L 'balance continuous' + plan callout 71D,"[""CONTINUOUS_BAR_SPEC_MISMATCH"", ""COUNT_BASIS_UNRESOLVED"", ""EDGE_BAR_UNRESOLVED"", ""WHICH_50_PERCENT_UNRESOLVED""]",BLOCKED_FROM_S7,True,"[""Q-50PCT"", ""Q-COUNT"", ""Q-MISMATCH""]",IN_SCOPE_S7,
CMP-0207,TEMPERATURE_X,SP-1F_ROOF_SLAB-21,1F_ROOF_SLAB,TEMPERATURE_X,,X,,,,,,,,,,,BLOCKED_UNQUANTIFIED,,,,P15 detail 'TEMP. REINFORCING' + P15-TEMP-TABLE,"[""COUNT_BASIS_UNRESOLVED"", ""TABLE_NO_EXACT_ROW"", ""TEMPERATURE_REGION_DEPENDS_ON_TOP_EXTENT""]",BLOCKED_FROM_S7,True,"[""Q-COUNT"", ""Q-TEMP"", ""Q-TOPEXT""]",IN_SCOPE_S7,
CMP-0208,TEMPERATURE_Y,SP-1F_ROOF_SLAB-21,1F_ROOF_SLAB,TEMPERATURE_Y,,Y,,,,,,,,,,,BLOCKED_UNQUANTIFIED,,,,P15 detail 'TEMP. REINFORCING' + P15-TEMP-TABLE,"[""COUNT_BASIS_UNRESOLVED"", ""TABLE_NO_EXACT_ROW"", ""TEMPERATURE_REGION_DEPENDS_ON_TOP_EXTENT""]",BLOCKED_FROM_S7,True,"[""Q-COUNT"", ""Q-TEMP"", ""Q-TOPEXT""]",IN_SCOPE_S7,
CMP-0209,CORNER_BAR,SP-1F_ROOF_SLAB-21,1F_ROOF_SLAB,CORNER_BAR,,DIAGONAL_135,71E,14,3,EXPLICIT_COUNT,,,,,,,BLOCKED_UNQUANTIFIED,,,,corner callout 71E (S-TEXT-CORNER / S-REIN-CORNER),"[""CORNER_BAR_LAYER_NOT_STATED"", ""CORNER_BAR_LENGTH_NOT_DIMENSIONED""]",BLOCKED_FROM_S7,False,[],IN_SCOPE_S7,
CMP-0210,CORNER_BAR,SP-1F_ROOF_SLAB-21,1F_ROOF_SLAB,CORNER_BAR,,DIAGONAL_45,725,14,3,EXPLICIT_COUNT,,,,,,,BLOCKED_UNQUANTIFIED,,,,corner callout 725 (S-TEXT-CORNER / S-REIN-CORNER),"[""CORNER_BAR_LAYER_NOT_STATED"", ""CORNER_BAR_LENGTH_NOT_DIMENSIONED""]",BLOCKED_FROM_S7,False,[],IN_SCOPE_S7,
CMP-0211,CORNER_BAR,SP-1F_ROOF_SLAB-21,1F_ROOF_SLAB,CORNER_BAR,,DIAGONAL_45,72E,14,3,EXPLICIT_COUNT,,,,,,,BLOCKED_UNQUANTIFIED,,,,corner callout 72E (S-TEXT-CORNER / S-REIN-CORNER),"[""CORNER_BAR_LAYER_NOT_STATED"", ""CORNER_BAR_LENGTH_NOT_DIMENSIONED""]",BLOCKED_FROM_S7,False,[],IN_SCOPE_S7,
CMP-0212,CORNER_BAR,SP-1F_ROOF_SLAB-21,1F_ROOF_SLAB,CORNER_BAR,,DIAGONAL_135,72F,14,3,EXPLICIT_COUNT,,,,,,,BLOCKED_UNQUANTIFIED,,,,corner callout 72F (S-TEXT-CORNER / S-REIN-CORNER),"[""CORNER_BAR_LAYER_NOT_STATED"", ""CORNER_BAR_LENGTH_NOT_DIMENSIONED""]",BLOCKED_FROM_S7,False,[],IN_SCOPE_S7,
CMP-0213,CURTAILMENT_SEGMENT,SP-1F_ROOF_SLAB-22,1F_ROOF_SLAB,BOTTOM_X,50% STOPPED,X,70F,10,6,BARS_PER_METRE,BOTTOM,"ENGINEERING_DERIVED (unqualified plan callout; '/Top' and '(T&B)' are marked, plan note 2 gives the top steel over beams; p.15: bottom bars 'see schedule or plan')",2273.9,4850,CLEAR_SPAN,MINIMUM_PROJECT_COVER_25,PROJECT_BASIS_NUMERIC,"clear span minus 0.125 L at each continuous end (2), plus the end portion at non-continuous ends",[],,P15-BOT-STOP-0.125L + plan callout 70F,"[""CONTINUOUS_BAR_SPEC_MISMATCH"", ""COUNT_BASIS_UNRESOLVED"", ""EDGE_BAR_UNRESOLVED"", ""WHICH_50_PERCENT_UNRESOLVED""]",BLOCKED_FROM_S7,True,"[""Q-50PCT"", ""Q-COUNT"", ""Q-MISMATCH""]",IN_SCOPE_S7,
CMP-0214,CONTINUOUS_BAR_RUN,RUN-B-015,1F_ROOF_SLAB,BOTTOM_X,50% CONTINUOUS (counted once per run),X,70F,10,6,BARS_PER_METRE,BOTTOM,"ENGINEERING_DERIVED (unqualified plan callout; '/Top' and '(T&B)' are marked, plan note 2 gives the top steel over beams; p.15: bottom bars 'see schedule or plan')",2273.9,4850,CLEAR_SPAN,MINIMUM_PROJECT_COVER_25,PROJECT_BASIS_NUMERIC,"run extent face to face of the run's end supports, plus the end portions","[""laps / splices (not located)""]",RUN-B-015,P15-BOT-STOP-0.125L 'balance continuous' + plan callout 70F,"[""CONTINUOUS_BAR_SPEC_MISMATCH"", ""COUNT_BASIS_UNRESOLVED"", ""EDGE_BAR_UNRESOLVED"", ""WHICH_50_PERCENT_UNRESOLVED""]",BLOCKED_FROM_S7,True,"[""Q-50PCT"", ""Q-COUNT"", ""Q-MISMATCH""]",IN_SCOPE_S7,
CMP-0215,CURTAILMENT_SEGMENT,SP-1F_ROOF_SLAB-22,1F_ROOF_SLAB,BOTTOM_Y,50% STOPPED,Y,710,10,5,BARS_PER_METRE,BOTTOM,"ENGINEERING_DERIVED (unqualified plan callout; '/Top' and '(T&B)' are marked, plan note 2 gives the top steel over beams; p.15: bottom bars 'see schedule or plan')",4850,2273.9,CLEAR_SPAN,MINIMUM_PROJECT_COVER_25,PROJECT_BASIS_NUMERIC,"clear span minus 0.125 L at each continuous end (1), plus the end portion at non-continuous ends","[""end anchorage into non-continuous supports SUP-1F_ROOF_SLAB-114 (shape only; cover >= 25 mm minimum, '40 CL.' binding unclear)""]",,P15-BOT-STOP-0.125L + plan callout 710,"[""COUNT_BASIS_UNRESOLVED"", ""EDGE_BAR_UNRESOLVED"", ""RUN_ALIGNMENT_PARTIAL"", ""WHICH_50_PERCENT_UNRESOLVED""]",BLOCKED_FROM_S7,False,"[""Q-50PCT"", ""Q-COUNT""]",IN_SCOPE_S7,
CMP-0216,CONTINUOUS_BAR_RUN,RUN-B-012,1F_ROOF_SLAB,BOTTOM_Y,50% CONTINUOUS (counted once per run),Y,710,10,5,BARS_PER_METRE,BOTTOM,"ENGINEERING_DERIVED (unqualified plan callout; '/Top' and '(T&B)' are marked, plan note 2 gives the top steel over beams; p.15: bottom bars 'see schedule or plan')",4850,2273.9,CLEAR_SPAN,MINIMUM_PROJECT_COVER_25,PROJECT_BASIS_NUMERIC,"run extent face to face of the run's end supports, plus the end portions","[""end anchorage into non-continuous supports SUP-1F_ROOF_SLAB-114 (shape only; cover >= 25 mm minimum, '40 CL.' binding unclear)"", ""laps / splices (not located)""]",RUN-B-012,P15-BOT-STOP-0.125L 'balance continuous' + plan callout 710,"[""COUNT_BASIS_UNRESOLVED"", ""EDGE_BAR_UNRESOLVED"", ""RUN_ALIGNMENT_PARTIAL"", ""WHICH_50_PERCENT_UNRESOLVED""]",BLOCKED_FROM_S7,False,"[""Q-50PCT"", ""Q-COUNT""]",IN_SCOPE_S7,
CMP-0217,TEMPERATURE_X,SP-1F_ROOF_SLAB-22,1F_ROOF_SLAB,TEMPERATURE_X,,X,,,,,,,,,,,BLOCKED_UNQUANTIFIED,,,,P15 detail 'TEMP. REINFORCING' + P15-TEMP-TABLE,"[""COUNT_BASIS_UNRESOLVED"", ""TABLE_NO_EXACT_ROW"", ""TEMPERATURE_REGION_DEPENDS_ON_TOP_EXTENT""]",BLOCKED_FROM_S7,True,"[""Q-COUNT"", ""Q-TEMP"", ""Q-TOPEXT""]",IN_SCOPE_S7,
CMP-0218,TEMPERATURE_Y,SP-1F_ROOF_SLAB-22,1F_ROOF_SLAB,TEMPERATURE_Y,,Y,,,,,,,,,,,BLOCKED_UNQUANTIFIED,,,,P15 detail 'TEMP. REINFORCING' + P15-TEMP-TABLE,"[""COUNT_BASIS_UNRESOLVED"", ""TABLE_NO_EXACT_ROW"", ""TEMPERATURE_REGION_DEPENDS_ON_TOP_EXTENT""]",BLOCKED_FROM_S7,True,"[""Q-COUNT"", ""Q-TEMP"", ""Q-TOPEXT""]",IN_SCOPE_S7,
CMP-0219,CURTAILMENT_SEGMENT,SP-1F_ROOF_SLAB-23,1F_ROOF_SLAB,BOTTOM_X,50% STOPPED,X,700,10,6,BARS_PER_METRE,BOTTOM,"ENGINEERING_DERIVED (unqualified plan callout; '/Top' and '(T&B)' are marked, plan note 2 gives the top steel over beams; p.15: bottom bars 'see schedule or plan')",2273.9,4850,CLEAR_SPAN,MINIMUM_PROJECT_COVER_25,PROJECT_BASIS_NUMERIC,"clear span minus 0.125 L at each continuous end (1), plus the end portion at non-continuous ends",[],,P15-BOT-STOP-0.125L + plan callout 700,"[""CONTINUOUS_BAR_SPEC_MISMATCH"", ""COUNT_BASIS_UNRESOLVED"", ""EDGE_BAR_UNRESOLVED"", ""SUPPORT_CONTINUITY_UNRESOLVED"", ""WHICH_50_PERCENT_UNRESOLVED""]",BLOCKED_FROM_S7,False,"[""Q-50PCT"", ""Q-COUNT"", ""Q-MISMATCH""]",IN_SCOPE_S7,
CMP-0220,CONTINUOUS_BAR_RUN,RUN-B-015,1F_ROOF_SLAB,BOTTOM_X,50% CONTINUOUS (counted once per run),X,700,10,6,BARS_PER_METRE,BOTTOM,"ENGINEERING_DERIVED (unqualified plan callout; '/Top' and '(T&B)' are marked, plan note 2 gives the top steel over beams; p.15: bottom bars 'see schedule or plan')",2273.9,4850,CLEAR_SPAN,MINIMUM_PROJECT_COVER_25,PROJECT_BASIS_NUMERIC,"run extent face to face of the run's end supports, plus the end portions","[""laps / splices (not located)""]",RUN-B-015,P15-BOT-STOP-0.125L 'balance continuous' + plan callout 700,"[""CONTINUOUS_BAR_SPEC_MISMATCH"", ""COUNT_BASIS_UNRESOLVED"", ""EDGE_BAR_UNRESOLVED"", ""SUPPORT_CONTINUITY_UNRESOLVED"", ""WHICH_50_PERCENT_UNRESOLVED""]",BLOCKED_FROM_S7,False,"[""Q-50PCT"", ""Q-COUNT"", ""Q-MISMATCH""]",IN_SCOPE_S7,
CMP-0221,CURTAILMENT_SEGMENT,SP-1F_ROOF_SLAB-23,1F_ROOF_SLAB,BOTTOM_Y,50% STOPPED,Y,701,10,5,BARS_PER_METRE,BOTTOM,"ENGINEERING_DERIVED (unqualified plan callout; '/Top' and '(T&B)' are marked, plan note 2 gives the top steel over beams; p.15: bottom bars 'see schedule or plan')",4850,2273.9,CLEAR_SPAN,MINIMUM_PROJECT_COVER_25,PROJECT_BASIS_NUMERIC,"clear span minus 0.125 L at each continuous end (1), plus the end portion at non-continuous ends","[""end anchorage into non-continuous supports SUP-1F_ROOF_SLAB-115 (shape only; cover >= 25 mm minimum, '40 CL.' binding unclear)""]",,P15-BOT-STOP-0.125L + plan callout 701,"[""COUNT_BASIS_UNRESOLVED"", ""EDGE_BAR_UNRESOLVED"", ""RUN_ALIGNMENT_PARTIAL"", ""WHICH_50_PERCENT_UNRESOLVED""]",BLOCKED_FROM_S7,False,"[""Q-50PCT"", ""Q-COUNT""]",IN_SCOPE_S7,
CMP-0222,CONTINUOUS_BAR_RUN,RUN-B-004,1F_ROOF_SLAB,BOTTOM_Y,50% CONTINUOUS (counted once per run),Y,701,10,5,BARS_PER_METRE,BOTTOM,"ENGINEERING_DERIVED (unqualified plan callout; '/Top' and '(T&B)' are marked, plan note 2 gives the top steel over beams; p.15: bottom bars 'see schedule or plan')",4850,2273.9,CLEAR_SPAN,MINIMUM_PROJECT_COVER_25,PROJECT_BASIS_NUMERIC,"run extent face to face of the run's end supports, plus the end portions","[""end anchorage into non-continuous supports SUP-1F_ROOF_SLAB-115 (shape only; cover >= 25 mm minimum, '40 CL.' binding unclear)"", ""laps / splices (not located)""]",RUN-B-004,P15-BOT-STOP-0.125L 'balance continuous' + plan callout 701,"[""COUNT_BASIS_UNRESOLVED"", ""EDGE_BAR_UNRESOLVED"", ""RUN_ALIGNMENT_PARTIAL"", ""WHICH_50_PERCENT_UNRESOLVED""]",BLOCKED_FROM_S7,False,"[""Q-50PCT"", ""Q-COUNT""]",IN_SCOPE_S7,
CMP-0223,TEMPERATURE_X,SP-1F_ROOF_SLAB-23,1F_ROOF_SLAB,TEMPERATURE_X,,X,,,,,,,,,,,BLOCKED_UNQUANTIFIED,,,,P15 detail 'TEMP. REINFORCING' + P15-TEMP-TABLE,"[""COUNT_BASIS_UNRESOLVED"", ""TABLE_NO_EXACT_ROW"", ""TEMPERATURE_REGION_DEPENDS_ON_TOP_EXTENT""]",BLOCKED_FROM_S7,True,"[""Q-COUNT"", ""Q-TEMP"", ""Q-TOPEXT""]",IN_SCOPE_S7,
CMP-0224,TEMPERATURE_Y,SP-1F_ROOF_SLAB-23,1F_ROOF_SLAB,TEMPERATURE_Y,,Y,,,,,,,,,,,BLOCKED_UNQUANTIFIED,,,,P15 detail 'TEMP. REINFORCING' + P15-TEMP-TABLE,"[""COUNT_BASIS_UNRESOLVED"", ""TABLE_NO_EXACT_ROW"", ""TEMPERATURE_REGION_DEPENDS_ON_TOP_EXTENT""]",BLOCKED_FROM_S7,True,"[""Q-COUNT"", ""Q-TEMP"", ""Q-TOPEXT""]",IN_SCOPE_S7,
CMP-0225,CURTAILMENT_SEGMENT,SP-1F_ROOF_SLAB-24,1F_ROOF_SLAB,BOTTOM_X,50% STOPPED,X,754,10,5,BARS_PER_METRE,BOTTOM,"ENGINEERING_DERIVED (unqualified plan callout; '/Top' and '(T&B)' are marked, plan note 2 gives the top steel over beams; p.15: bottom bars 'see schedule or plan')",4372.2,1042.3,CLEAR_SPAN,MINIMUM_PROJECT_COVER_25,PROJECT_BASIS_NUMERIC,"clear span minus 0.125 L at each continuous end (1), plus the end portion at non-continuous ends","[""end anchorage into non-continuous supports SUP-1F_ROOF_SLAB-007 (shape only; cover >= 25 mm minimum, '40 CL.' binding unclear)""]",,P15-BOT-STOP-0.125L + plan callout 754,"[""CONTINUOUS_BAR_SPEC_MISMATCH"", ""COUNT_BASIS_UNRESOLVED"", ""EDGE_BAR_UNRESOLVED"", ""WHICH_50_PERCENT_UNRESOLVED""]",BLOCKED_FROM_S7,True,"[""Q-50PCT"", ""Q-COUNT"", ""Q-MISMATCH""]",IN_SCOPE_S7,
CMP-0226,CONTINUOUS_BAR_RUN,RUN-B-016,1F_ROOF_SLAB,BOTTOM_X,50% CONTINUOUS (counted once per run),X,754,10,5,BARS_PER_METRE,BOTTOM,"ENGINEERING_DERIVED (unqualified plan callout; '/Top' and '(T&B)' are marked, plan note 2 gives the top steel over beams; p.15: bottom bars 'see schedule or plan')",4372.2,1042.3,CLEAR_SPAN,MINIMUM_PROJECT_COVER_25,PROJECT_BASIS_NUMERIC,"run extent face to face of the run's end supports, plus the end portions","[""end anchorage into non-continuous supports SUP-1F_ROOF_SLAB-007 (shape only; cover >= 25 mm minimum, '40 CL.' binding unclear)"", ""laps / splices (not located)""]",RUN-B-016,P15-BOT-STOP-0.125L 'balance continuous' + plan callout 754,"[""CONTINUOUS_BAR_SPEC_MISMATCH"", ""COUNT_BASIS_UNRESOLVED"", ""EDGE_BAR_UNRESOLVED"", ""WHICH_50_PERCENT_UNRESOLVED""]",BLOCKED_FROM_S7,True,"[""Q-50PCT"", ""Q-COUNT"", ""Q-MISMATCH""]",IN_SCOPE_S7,
CMP-0227,BOTTOM_Y,SP-1F_ROOF_SLAB-24,1F_ROOF_SLAB,BOTTOM_Y,100%,Y,755,10,5,BARS_PER_METRE,BOTTOM,"ENGINEERING_DERIVED (unqualified plan callout; '/Top' and '(T&B)' are marked, plan note 2 gives the top steel over beams; p.15: bottom bars 'see schedule or plan')",1042.3,4372.2,CLEAR_SPAN,MINIMUM_PROJECT_COVER_25,PROJECT_BASIS_NUMERIC,clear span plus the end portions into the supports,"[""end anchorage into non-continuous supports SUP-1F_ROOF_SLAB-116 (shape only; cover >= 25 mm minimum, '40 CL.' binding unclear)""]",RUN-B-017,plan callout 755,"[""COUNT_BASIS_UNRESOLVED"", ""EDGE_BAR_UNRESOLVED"", ""SUPPORT_CONTINUITY_UNRESOLVED""]",BLOCKED_FROM_S7,False,"[""Q-COUNT""]",IN_SCOPE_S7,
CMP-0228,TEMPERATURE_X,SP-1F_ROOF_SLAB-24,1F_ROOF_SLAB,TEMPERATURE_X,,X,,,,,,,,,,,BLOCKED_UNQUANTIFIED,,,,P15 detail 'TEMP. REINFORCING' + P15-TEMP-TABLE,"[""COUNT_BASIS_UNRESOLVED"", ""TABLE_NO_EXACT_ROW"", ""TEMPERATURE_REGION_DEPENDS_ON_TOP_EXTENT""]",BLOCKED_FROM_S7,True,"[""Q-COUNT"", ""Q-TEMP"", ""Q-TOPEXT""]",IN_SCOPE_S7,
CMP-0229,TEMPERATURE_Y,SP-1F_ROOF_SLAB-24,1F_ROOF_SLAB,TEMPERATURE_Y,,Y,,,,,,,,,,,BLOCKED_UNQUANTIFIED,,,,P15 detail 'TEMP. REINFORCING' + P15-TEMP-TABLE,"[""COUNT_BASIS_UNRESOLVED"", ""TABLE_NO_EXACT_ROW"", ""TEMPERATURE_REGION_DEPENDS_ON_TOP_EXTENT""]",BLOCKED_FROM_S7,True,"[""Q-COUNT"", ""Q-TEMP"", ""Q-TOPEXT""]",IN_SCOPE_S7,
CMP-0230,CURTAILMENT_SEGMENT,SP-1F_ROOF_SLAB-25,1F_ROOF_SLAB,BOTTOM_X,50% STOPPED,X,715,10,5,BARS_PER_METRE,BOTTOM,"ENGINEERING_DERIVED (unqualified plan callout; '/Top' and '(T&B)' are marked, plan note 2 gives the top steel over beams; p.15: bottom bars 'see schedule or plan')",4100,1142.3,CLEAR_SPAN,MINIMUM_PROJECT_COVER_25,PROJECT_BASIS_NUMERIC,"clear span minus 0.125 L at each continuous end (1), plus the end portion at non-continuous ends","[""end anchorage into non-continuous supports SUP-1F_ROOF_SLAB-041 (shape only; cover >= 25 mm minimum, '40 CL.' binding unclear)""]",,P15-BOT-STOP-0.125L + plan callout 715,"[""CONTINUOUS_BAR_SPEC_MISMATCH"", ""COUNT_BASIS_UNRESOLVED"", ""EDGE_BAR_UNRESOLVED"", ""WHICH_50_PERCENT_UNRESOLVED""]",BLOCKED_FROM_S7,True,"[""Q-50PCT"", ""Q-COUNT"", ""Q-MISMATCH""]",IN_SCOPE_S7,
CMP-0231,CONTINUOUS_BAR_RUN,RUN-B-018,1F_ROOF_SLAB,BOTTOM_X,50% CONTINUOUS (counted once per run),X,715,10,5,BARS_PER_METRE,BOTTOM,"ENGINEERING_DERIVED (unqualified plan callout; '/Top' and '(T&B)' are marked, plan note 2 gives the top steel over beams; p.15: bottom bars 'see schedule or plan')",4100,1142.3,CLEAR_SPAN,MINIMUM_PROJECT_COVER_25,PROJECT_BASIS_NUMERIC,"run extent face to face of the run's end supports, plus the end portions","[""end anchorage into non-continuous supports SUP-1F_ROOF_SLAB-041 (shape only; cover >= 25 mm minimum, '40 CL.' binding unclear)"", ""laps / splices (not located)""]",RUN-B-018,P15-BOT-STOP-0.125L 'balance continuous' + plan callout 715,"[""CONTINUOUS_BAR_SPEC_MISMATCH"", ""COUNT_BASIS_UNRESOLVED"", ""EDGE_BAR_UNRESOLVED"", ""WHICH_50_PERCENT_UNRESOLVED""]",BLOCKED_FROM_S7,True,"[""Q-50PCT"", ""Q-COUNT"", ""Q-MISMATCH""]",IN_SCOPE_S7,
CMP-0232,BOTTOM_Y,SP-1F_ROOF_SLAB-25,1F_ROOF_SLAB,BOTTOM_Y,100%,Y,716,10,5,BARS_PER_METRE,BOTTOM,"ENGINEERING_DERIVED (unqualified plan callout; '/Top' and '(T&B)' are marked, plan note 2 gives the top steel over beams; p.15: bottom bars 'see schedule or plan')",1142.3,4100,CLEAR_SPAN,MINIMUM_PROJECT_COVER_25,PROJECT_BASIS_NUMERIC,clear span plus the end portions into the supports,"[""end anchorage into non-continuous supports SUP-1F_ROOF_SLAB-072,SUP-1F_ROOF_SLAB-072 (shape only; cover >= 25 mm minimum, '40 CL.' binding unclear)""]",RUN-B-019,plan callout 716,"[""COUNT_BASIS_UNRESOLVED"", ""EDGE_BAR_UNRESOLVED"", ""SUPPORT_CONTINUITY_UNRESOLVED""]",BLOCKED_FROM_S7,False,"[""Q-COUNT""]",IN_SCOPE_S7,
CMP-0233,TEMPERATURE_X,SP-1F_ROOF_SLAB-25,1F_ROOF_SLAB,TEMPERATURE_X,,X,,,,,,,,,,,BLOCKED_UNQUANTIFIED,,,,P15 detail 'TEMP. REINFORCING' + P15-TEMP-TABLE,"[""COUNT_BASIS_UNRESOLVED"", ""TABLE_NO_EXACT_ROW"", ""TEMPERATURE_REGION_DEPENDS_ON_TOP_EXTENT""]",BLOCKED_FROM_S7,True,"[""Q-COUNT"", ""Q-TEMP"", ""Q-TOPEXT""]",IN_SCOPE_S7,
CMP-0234,TEMPERATURE_Y,SP-1F_ROOF_SLAB-25,1F_ROOF_SLAB,TEMPERATURE_Y,,Y,,,,,,,,,,,BLOCKED_UNQUANTIFIED,,,,P15 detail 'TEMP. REINFORCING' + P15-TEMP-TABLE,"[""COUNT_BASIS_UNRESOLVED"", ""TABLE_NO_EXACT_ROW"", ""TEMPERATURE_REGION_DEPENDS_ON_TOP_EXTENT""]",BLOCKED_FROM_S7,True,"[""Q-COUNT"", ""Q-TEMP"", ""Q-TOPEXT""]",IN_SCOPE_S7,
CMP-0235,BOTTOM_X,SP-2F_ROOF_SLAB-01,2F_ROOF_SLAB,BOTTOM_X,100%,X,7A7,14,7,BARS_PER_METRE,TOP_AND_BOTTOM,PROJECT_SOURCE ((T&B) qualifier),2500,3300,CLEAR_SPAN,MINIMUM_PROJECT_COVER_25,PROJECT_BASIS_NUMERIC,clear span plus the end portions into the supports,"[""end anchorage into non-continuous supports SUP-2F_ROOF_SLAB-032,SUP-2F_ROOF_SLAB-032,SUP-2F_ROOF_SLAB-013 (shape only; cover >= 25 mm minimum, '40 CL.' binding unclear)""]",,plan callout 7A7,"[""CLASSIFICATION_BLOCKED"", ""COUNT_BASIS_UNRESOLVED"", ""EDGE_BAR_UNRESOLVED"", ""SUPPORT_CONTINUITY_UNRESOLVED"", ""SUPPORT_NOT_A_BEAM""]",BLOCKED_FROM_S7,False,"[""Q-COUNT""]",CLASSIFICATION_BLOCKED,
CMP-0236,TOP_X,SP-2F_ROOF_SLAB-01,2F_ROOF_SLAB,TOP_X,100%,X,7A7,14,7,BARS_PER_METRE,TOP_AND_BOTTOM,PROJECT_SOURCE ((T&B) qualifier),2500,3300,CLEAR_SPAN,MINIMUM_PROJECT_COVER_25,PROJECT_BASIS_NUMERIC,clear span plus the end portions into the supports,"[""end anchorage into non-continuous supports SUP-2F_ROOF_SLAB-032,SUP-2F_ROOF_SLAB-032,SUP-2F_ROOF_SLAB-013 (shape only; cover >= 25 mm minimum, '40 CL.' binding unclear)""]",,plan callout 7A7 (T&B),"[""CLASSIFICATION_BLOCKED"", ""COUNT_BASIS_UNRESOLVED"", ""EDGE_BAR_UNRESOLVED"", ""SUPPORT_CONTINUITY_UNRESOLVED"", ""SUPPORT_NOT_A_BEAM""]",BLOCKED_FROM_S7,False,"[""Q-COUNT""]",CLASSIFICATION_BLOCKED,
CMP-0237,BOTTOM_Y,SP-2F_ROOF_SLAB-01,2F_ROOF_SLAB,BOTTOM_Y,100%,Y,7A8,14,6,BARS_PER_METRE,TOP_AND_BOTTOM,PROJECT_SOURCE ((T&B) qualifier),3300,2500,CLEAR_SPAN,MINIMUM_PROJECT_COVER_25,PROJECT_BASIS_NUMERIC,clear span plus the end portions into the supports,"[""end anchorage into non-continuous supports SUP-2F_ROOF_SLAB-054 (shape only; cover >= 25 mm minimum, '40 CL.' binding unclear)""]",,plan callout 7A8,"[""CLASSIFICATION_BLOCKED"", ""COUNT_BASIS_UNRESOLVED"", ""EDGE_BAR_UNRESOLVED"", ""SUPPORT_CONTINUITY_UNRESOLVED""]",BLOCKED_FROM_S7,False,"[""Q-COUNT""]",CLASSIFICATION_BLOCKED,
CMP-0238,TOP_Y,SP-2F_ROOF_SLAB-01,2F_ROOF_SLAB,TOP_Y,100%,Y,7A8,14,6,BARS_PER_METRE,TOP_AND_BOTTOM,PROJECT_SOURCE ((T&B) qualifier),3300,2500,CLEAR_SPAN,MINIMUM_PROJECT_COVER_25,PROJECT_BASIS_NUMERIC,clear span plus the end portions into the supports,"[""end anchorage into non-continuous supports SUP-2F_ROOF_SLAB-054 (shape only; cover >= 25 mm minimum, '40 CL.' binding unclear)""]",,plan callout 7A8 (T&B),"[""CLASSIFICATION_BLOCKED"", ""COUNT_BASIS_UNRESOLVED"", ""EDGE_BAR_UNRESOLVED"", ""SUPPORT_CONTINUITY_UNRESOLVED""]",BLOCKED_FROM_S7,False,"[""Q-COUNT""]",CLASSIFICATION_BLOCKED,
CMP-0239,TEMPERATURE_X,SP-2F_ROOF_SLAB-01,2F_ROOF_SLAB,TEMPERATURE_X,,X,,,,,,,,,,,BLOCKED_UNQUANTIFIED,,,,P15 detail 'TEMP. REINFORCING' + P15-TEMP-TABLE,"[""CLASSIFICATION_BLOCKED"", ""COUNT_BASIS_UNRESOLVED"", ""TABLE_NO_EXACT_ROW"", ""TEMPERATURE_REGION_DEPENDS_ON_TOP_EXTENT""]",BLOCKED_FROM_S7,False,"[""Q-COUNT"", ""Q-TEMP"", ""Q-TOPEXT""]",CLASSIFICATION_BLOCKED,
CMP-0240,TEMPERATURE_Y,SP-2F_ROOF_SLAB-01,2F_ROOF_SLAB,TEMPERATURE_Y,,Y,,,,,,,,,,,BLOCKED_UNQUANTIFIED,,,,P15 detail 'TEMP. REINFORCING' + P15-TEMP-TABLE,"[""CLASSIFICATION_BLOCKED"", ""COUNT_BASIS_UNRESOLVED"", ""TABLE_NO_EXACT_ROW"", ""TEMPERATURE_REGION_DEPENDS_ON_TOP_EXTENT""]",BLOCKED_FROM_S7,False,"[""Q-COUNT"", ""Q-TEMP"", ""Q-TOPEXT""]",CLASSIFICATION_BLOCKED,
CMP-0241,BOTTOM_X,SP-2F_ROOF_SLAB-02,2F_ROOF_SLAB,BOTTOM_X,100%,X,798,12,6,BARS_PER_METRE,TOP_AND_BOTTOM,PROJECT_SOURCE ((T&B) qualifier),1800,3000,CLEAR_SPAN,MINIMUM_PROJECT_COVER_25,PROJECT_BASIS_NUMERIC,clear span plus the end portions into the supports,[],,plan callout 798,"[""CLASSIFICATION_BLOCKED"", ""COUNT_BASIS_UNRESOLVED"", ""EDGE_BAR_UNRESOLVED"", ""SUPPORT_CONTINUITY_UNRESOLVED""]",BLOCKED_FROM_S7,False,"[""Q-COUNT""]",CLASSIFICATION_BLOCKED,
CMP-0242,TOP_X,SP-2F_ROOF_SLAB-02,2F_ROOF_SLAB,TOP_X,100%,X,798,12,6,BARS_PER_METRE,TOP_AND_BOTTOM,PROJECT_SOURCE ((T&B) qualifier),1800,3000,CLEAR_SPAN,MINIMUM_PROJECT_COVER_25,PROJECT_BASIS_NUMERIC,clear span plus the end portions into the supports,[],,plan callout 798 (T&B),"[""CLASSIFICATION_BLOCKED"", ""COUNT_BASIS_UNRESOLVED"", ""EDGE_BAR_UNRESOLVED"", ""SUPPORT_CONTINUITY_UNRESOLVED""]",BLOCKED_FROM_S7,False,"[""Q-COUNT""]",CLASSIFICATION_BLOCKED,
CMP-0243,BOTTOM_Y,SP-2F_ROOF_SLAB-02,2F_ROOF_SLAB,BOTTOM_Y,100%,Y,796,12,6,BARS_PER_METRE,TOP_AND_BOTTOM,PROJECT_SOURCE ((T&B) qualifier),3000,1800,CLEAR_SPAN,MINIMUM_PROJECT_COVER_25,PROJECT_BASIS_NUMERIC,clear span plus the end portions into the supports,"[""end anchorage into non-continuous supports SUP-2F_ROOF_SLAB-055 (shape only; cover >= 25 mm minimum, '40 CL.' binding unclear)""]",,plan callout 796,"[""CLASSIFICATION_BLOCKED"", ""COUNT_BASIS_UNRESOLVED"", ""EDGE_BAR_UNRESOLVED"", ""SUPPORT_CONTINUITY_UNRESOLVED""]",BLOCKED_FROM_S7,False,"[""Q-COUNT""]",CLASSIFICATION_BLOCKED,
CMP-0244,TOP_Y,SP-2F_ROOF_SLAB-02,2F_ROOF_SLAB,TOP_Y,100%,Y,796,12,6,BARS_PER_METRE,TOP_AND_BOTTOM,PROJECT_SOURCE ((T&B) qualifier),3000,1800,CLEAR_SPAN,MINIMUM_PROJECT_COVER_25,PROJECT_BASIS_NUMERIC,clear span plus the end portions into the supports,"[""end anchorage into non-continuous supports SUP-2F_ROOF_SLAB-055 (shape only; cover >= 25 mm minimum, '40 CL.' binding unclear)""]",,plan callout 796 (T&B),"[""CLASSIFICATION_BLOCKED"", ""COUNT_BASIS_UNRESOLVED"", ""EDGE_BAR_UNRESOLVED"", ""SUPPORT_CONTINUITY_UNRESOLVED""]",BLOCKED_FROM_S7,False,"[""Q-COUNT""]",CLASSIFICATION_BLOCKED,
CMP-0245,TEMPERATURE_X,SP-2F_ROOF_SLAB-02,2F_ROOF_SLAB,TEMPERATURE_X,,X,,,,,,,,,,,BLOCKED_UNQUANTIFIED,,,,P15 detail 'TEMP. REINFORCING' + P15-TEMP-TABLE,"[""CLASSIFICATION_BLOCKED"", ""COUNT_BASIS_UNRESOLVED"", ""TABLE_NO_EXACT_ROW"", ""TEMPERATURE_REGION_DEPENDS_ON_TOP_EXTENT""]",BLOCKED_FROM_S7,False,"[""Q-COUNT"", ""Q-TEMP"", ""Q-TOPEXT""]",CLASSIFICATION_BLOCKED,
CMP-0246,TEMPERATURE_Y,SP-2F_ROOF_SLAB-02,2F_ROOF_SLAB,TEMPERATURE_Y,,Y,,,,,,,,,,,BLOCKED_UNQUANTIFIED,,,,P15 detail 'TEMP. REINFORCING' + P15-TEMP-TABLE,"[""CLASSIFICATION_BLOCKED"", ""COUNT_BASIS_UNRESOLVED"", ""TABLE_NO_EXACT_ROW"", ""TEMPERATURE_REGION_DEPENDS_ON_TOP_EXTENT""]",BLOCKED_FROM_S7,False,"[""Q-COUNT"", ""Q-TEMP"", ""Q-TOPEXT""]",CLASSIFICATION_BLOCKED,
CMP-0247,CURTAILMENT_SEGMENT,SP-2F_ROOF_SLAB-03,2F_ROOF_SLAB,BOTTOM_X,50% STOPPED,X,793,10,5,BARS_PER_METRE,BOTTOM,"ENGINEERING_DERIVED (unqualified plan callout; '/Top' and '(T&B)' are marked, plan note 2 gives the top steel over beams; p.15: bottom bars 'see schedule or plan')",1800,1800,CLEAR_SPAN,MINIMUM_PROJECT_COVER_25,PROJECT_BASIS_NUMERIC,"clear span minus 0.125 L at each continuous end (5), plus the end portion at non-continuous ends","[""end anchorage into non-continuous supports SUP-2F_ROOF_SLAB-014 (shape only; cover >= 25 mm minimum, '40 CL.' binding unclear)""]",,P15-BOT-STOP-0.125L + plan callout 793,"[""CONTINUOUS_BAR_SPEC_MISMATCH"", ""COUNT_BASIS_UNRESOLVED"", ""EDGE_BAR_UNRESOLVED"", ""WHICH_50_PERCENT_UNRESOLVED""]",BLOCKED_FROM_S7,True,"[""Q-50PCT"", ""Q-COUNT"", ""Q-MISMATCH""]",IN_SCOPE_S7,
CMP-0248,CONTINUOUS_BAR_RUN,RUN-B-020,2F_ROOF_SLAB,BOTTOM_X,50% CONTINUOUS (counted once per run),X,793,10,5,BARS_PER_METRE,BOTTOM,"ENGINEERING_DERIVED (unqualified plan callout; '/Top' and '(T&B)' are marked, plan note 2 gives the top steel over beams; p.15: bottom bars 'see schedule or plan')",1800,1800,CLEAR_SPAN,MINIMUM_PROJECT_COVER_25,PROJECT_BASIS_NUMERIC,"run extent face to face of the run's end supports, plus the end portions","[""end anchorage into non-continuous supports SUP-2F_ROOF_SLAB-014 (shape only; cover >= 25 mm minimum, '40 CL.' binding unclear)"", ""laps / splices (not located)""]",RUN-B-020,P15-BOT-STOP-0.125L 'balance continuous' + plan callout 793,"[""CONTINUOUS_BAR_SPEC_MISMATCH"", ""COUNT_BASIS_UNRESOLVED"", ""EDGE_BAR_UNRESOLVED"", ""WHICH_50_PERCENT_UNRESOLVED""]",BLOCKED_FROM_S7,True,"[""Q-50PCT"", ""Q-COUNT"", ""Q-MISMATCH""]",IN_SCOPE_S7,
CMP-0249,CURTAILMENT_SEGMENT,SP-2F_ROOF_SLAB-03,2F_ROOF_SLAB,BOTTOM_Y,50% STOPPED,Y,791,10,5,BARS_PER_METRE,BOTTOM,"ENGINEERING_DERIVED (unqualified plan callout; '/Top' and '(T&B)' are marked, plan note 2 gives the top steel over beams; p.15: bottom bars 'see schedule or plan')",1800,1800,CLEAR_SPAN,MINIMUM_PROJECT_COVER_25,PROJECT_BASIS_NUMERIC,"clear span minus 0.125 L at each continuous end (1), plus the end portion at non-continuous ends",[],,P15-BOT-STOP-0.125L + plan callout 791,"[""COUNT_BASIS_UNRESOLVED"", ""EDGE_BAR_UNRESOLVED"", ""SUPPORT_CONTINUITY_UNRESOLVED"", ""WHICH_50_PERCENT_UNRESOLVED""]",BLOCKED_FROM_S7,False,"[""Q-50PCT"", ""Q-COUNT""]",IN_SCOPE_S7,
CMP-0250,CONTINUOUS_BAR_RUN,RUN-B-021,2F_ROOF_SLAB,BOTTOM_Y,50% CONTINUOUS (counted once per run),Y,791,10,5,BARS_PER_METRE,BOTTOM,"ENGINEERING_DERIVED (unqualified plan callout; '/Top' and '(T&B)' are marked, plan note 2 gives the top steel over beams; p.15: bottom bars 'see schedule or plan')",1800,1800,CLEAR_SPAN,MINIMUM_PROJECT_COVER_25,PROJECT_BASIS_NUMERIC,"run extent face to face of the run's end supports, plus the end portions","[""laps / splices (not located)""]",RUN-B-021,P15-BOT-STOP-0.125L 'balance continuous' + plan callout 791,"[""COUNT_BASIS_UNRESOLVED"", ""EDGE_BAR_UNRESOLVED"", ""SUPPORT_CONTINUITY_UNRESOLVED"", ""WHICH_50_PERCENT_UNRESOLVED""]",BLOCKED_FROM_S7,False,"[""Q-50PCT"", ""Q-COUNT""]",IN_SCOPE_S7,
CMP-0251,TEMPERATURE_X,SP-2F_ROOF_SLAB-03,2F_ROOF_SLAB,TEMPERATURE_X,,X,,,,,,,,,,,BLOCKED_UNQUANTIFIED,,,,P15 detail 'TEMP. REINFORCING' + P15-TEMP-TABLE,"[""COUNT_BASIS_UNRESOLVED"", ""TABLE_NO_EXACT_ROW"", ""TEMPERATURE_REGION_DEPENDS_ON_TOP_EXTENT""]",BLOCKED_FROM_S7,True,"[""Q-COUNT"", ""Q-TEMP"", ""Q-TOPEXT""]",IN_SCOPE_S7,
CMP-0252,TEMPERATURE_Y,SP-2F_ROOF_SLAB-03,2F_ROOF_SLAB,TEMPERATURE_Y,,Y,,,,,,,,,,,BLOCKED_UNQUANTIFIED,,,,P15 detail 'TEMP. REINFORCING' + P15-TEMP-TABLE,"[""COUNT_BASIS_UNRESOLVED"", ""TABLE_NO_EXACT_ROW"", ""TEMPERATURE_REGION_DEPENDS_ON_TOP_EXTENT""]",BLOCKED_FROM_S7,True,"[""Q-COUNT"", ""Q-TEMP"", ""Q-TOPEXT""]",IN_SCOPE_S7,
CMP-0253,CURTAILMENT_SEGMENT,SP-2F_ROOF_SLAB-04,2F_ROOF_SLAB,BOTTOM_X,50% STOPPED,X,7B8,10,7,BARS_PER_METRE,BOTTOM,"ENGINEERING_DERIVED (unqualified plan callout; '/Top' and '(T&B)' are marked, plan note 2 gives the top steel over beams; p.15: bottom bars 'see schedule or plan')",3000,5000,CLEAR_SPAN,MINIMUM_PROJECT_COVER_25,PROJECT_BASIS_NUMERIC,"clear span minus 0.125 L at each continuous end (3), plus the end portion at non-continuous ends","[""end anchorage into non-continuous supports SUP-2F_ROOF_SLAB-001,SUP-2F_ROOF_SLAB-001 (shape only; cover >= 25 mm minimum, '40 CL.' binding unclear)""]",,P15-BOT-STOP-0.125L + plan callout 7B8,"[""CONTINUOUS_BAR_SPEC_MISMATCH"", ""COUNT_BASIS_UNRESOLVED"", ""EDGE_BAR_UNRESOLVED"", ""SUPPORT_CONTINUITY_UNRESOLVED"", ""WHICH_50_PERCENT_UNRESOLVED""]",BLOCKED_FROM_S7,False,"[""Q-50PCT"", ""Q-COUNT"", ""Q-MISMATCH""]",IN_SCOPE_S7,
CMP-0254,CONTINUOUS_BAR_RUN,RUN-B-022,2F_ROOF_SLAB,BOTTOM_X,50% CONTINUOUS (counted once per run),X,7B8,10,7,BARS_PER_METRE,BOTTOM,"ENGINEERING_DERIVED (unqualified plan callout; '/Top' and '(T&B)' are marked, plan note 2 gives the top steel over beams; p.15: bottom bars 'see schedule or plan')",3000,5000,CLEAR_SPAN,MINIMUM_PROJECT_COVER_25,PROJECT_BASIS_NUMERIC,"run extent face to face of the run's end supports, plus the end portions","[""end anchorage into non-continuous supports SUP-2F_ROOF_SLAB-001,SUP-2F_ROOF_SLAB-001 (shape only; cover >= 25 mm minimum, '40 CL.' binding unclear)"", ""laps / splices (not located)""]",RUN-B-022,P15-BOT-STOP-0.125L 'balance continuous' + plan callout 7B8,"[""CONTINUOUS_BAR_SPEC_MISMATCH"", ""COUNT_BASIS_UNRESOLVED"", ""EDGE_BAR_UNRESOLVED"", ""SUPPORT_CONTINUITY_UNRESOLVED"", ""WHICH_50_PERCENT_UNRESOLVED""]",BLOCKED_FROM_S7,False,"[""Q-50PCT"", ""Q-COUNT"", ""Q-MISMATCH""]",IN_SCOPE_S7,
CMP-0255,CURTAILMENT_SEGMENT,SP-2F_ROOF_SLAB-04,2F_ROOF_SLAB,BOTTOM_Y,50% STOPPED,Y,7B9,10,6,BARS_PER_METRE,BOTTOM,"ENGINEERING_DERIVED (unqualified plan callout; '/Top' and '(T&B)' are marked, plan note 2 gives the top steel over beams; p.15: bottom bars 'see schedule or plan')",5000,3000,CLEAR_SPAN,MINIMUM_PROJECT_COVER_25,PROJECT_BASIS_NUMERIC,"clear span minus 0.125 L at each continuous end (1), plus the end portion at non-continuous ends","[""end anchorage into non-continuous supports SUP-2F_ROOF_SLAB-056,SUP-2F_ROOF_SLAB-056,SUP-2F_ROOF_SLAB-056 (shape only; cover >= 25 mm minimum, '40 CL.' binding unclear)""]",,P15-BOT-STOP-0.125L + plan callout 7B9,"[""CONTINUOUS_BAR_SPEC_MISMATCH"", ""COUNT_BASIS_UNRESOLVED"", ""EDGE_BAR_UNRESOLVED"", ""WHICH_50_PERCENT_UNRESOLVED""]",BLOCKED_FROM_S7,True,"[""Q-50PCT"", ""Q-COUNT"", ""Q-MISMATCH""]",IN_SCOPE_S7,
CMP-0256,CONTINUOUS_BAR_RUN,RUN-B-023,2F_ROOF_SLAB,BOTTOM_Y,50% CONTINUOUS (counted once per run),Y,7B9,10,6,BARS_PER_METRE,BOTTOM,"ENGINEERING_DERIVED (unqualified plan callout; '/Top' and '(T&B)' are marked, plan note 2 gives the top steel over beams; p.15: bottom bars 'see schedule or plan')",5000,3000,CLEAR_SPAN,MINIMUM_PROJECT_COVER_25,PROJECT_BASIS_NUMERIC,"run extent face to face of the run's end supports, plus the end portions","[""end anchorage into non-continuous supports SUP-2F_ROOF_SLAB-056,SUP-2F_ROOF_SLAB-056,SUP-2F_ROOF_SLAB-056 (shape only; cover >= 25 mm minimum, '40 CL.' binding unclear)"", ""laps / splices (not located)""]",RUN-B-023,P15-BOT-STOP-0.125L 'balance continuous' + plan callout 7B9,"[""CONTINUOUS_BAR_SPEC_MISMATCH"", ""COUNT_BASIS_UNRESOLVED"", ""EDGE_BAR_UNRESOLVED"", ""WHICH_50_PERCENT_UNRESOLVED""]",BLOCKED_FROM_S7,True,"[""Q-50PCT"", ""Q-COUNT"", ""Q-MISMATCH""]",IN_SCOPE_S7,
CMP-0257,TEMPERATURE_X,SP-2F_ROOF_SLAB-04,2F_ROOF_SLAB,TEMPERATURE_X,,X,,,,,,,,,,,BLOCKED_UNQUANTIFIED,,,,P15 detail 'TEMP. REINFORCING' + P15-TEMP-TABLE,"[""COUNT_BASIS_UNRESOLVED"", ""TABLE_NO_EXACT_ROW"", ""TEMPERATURE_REGION_DEPENDS_ON_TOP_EXTENT""]",BLOCKED_FROM_S7,True,"[""Q-COUNT"", ""Q-TEMP"", ""Q-TOPEXT""]",IN_SCOPE_S7,
CMP-0258,TEMPERATURE_Y,SP-2F_ROOF_SLAB-04,2F_ROOF_SLAB,TEMPERATURE_Y,,Y,,,,,,,,,,,BLOCKED_UNQUANTIFIED,,,,P15 detail 'TEMP. REINFORCING' + P15-TEMP-TABLE,"[""COUNT_BASIS_UNRESOLVED"", ""TABLE_NO_EXACT_ROW"", ""TEMPERATURE_REGION_DEPENDS_ON_TOP_EXTENT""]",BLOCKED_FROM_S7,True,"[""Q-COUNT"", ""Q-TEMP"", ""Q-TOPEXT""]",IN_SCOPE_S7,
CMP-0259,CURTAILMENT_SEGMENT,SP-2F_ROOF_SLAB-06,2F_ROOF_SLAB,BOTTOM_X,50% STOPPED,X,7AD,10,6,BARS_PER_METRE,BOTTOM,"ENGINEERING_DERIVED (unqualified plan callout; '/Top' and '(T&B)' are marked, plan note 2 gives the top steel over beams; p.15: bottom bars 'see schedule or plan')",2500,2900,CLEAR_SPAN,MINIMUM_PROJECT_COVER_25,PROJECT_BASIS_NUMERIC,"clear span minus 0.125 L at each continuous end (3), plus the end portion at non-continuous ends","[""end anchorage into non-continuous supports SUP-2F_ROOF_SLAB-033,SUP-2F_ROOF_SLAB-027,SUP-2F_ROOF_SLAB-034 (shape only; cover >= 25 mm minimum, '40 CL.' binding unclear)""]",,P15-BOT-STOP-0.125L + plan callout 7AD,"[""CONTINUOUS_BAR_SPEC_MISMATCH"", ""COUNT_BASIS_UNRESOLVED"", ""EDGE_BAR_UNRESOLVED"", ""WHICH_50_PERCENT_UNRESOLVED""]",BLOCKED_FROM_S7,True,"[""Q-50PCT"", ""Q-COUNT"", ""Q-MISMATCH""]",IN_SCOPE_S7,
CMP-0260,CONTINUOUS_BAR_RUN,RUN-B-024,2F_ROOF_SLAB,BOTTOM_X,50% CONTINUOUS (counted once per run),X,7AD,10,6,BARS_PER_METRE,BOTTOM,"ENGINEERING_DERIVED (unqualified plan callout; '/Top' and '(T&B)' are marked, plan note 2 gives the top steel over beams; p.15: bottom bars 'see schedule or plan')",2500,2900,CLEAR_SPAN,MINIMUM_PROJECT_COVER_25,PROJECT_BASIS_NUMERIC,"run extent face to face of the run's end supports, plus the end portions","[""end anchorage into non-continuous supports SUP-2F_ROOF_SLAB-033,SUP-2F_ROOF_SLAB-027,SUP-2F_ROOF_SLAB-034 (shape only; cover >= 25 mm minimum, '40 CL.' binding unclear)"", ""laps / splices (not located)""]",RUN-B-024,P15-BOT-STOP-0.125L 'balance continuous' + plan callout 7AD,"[""CONTINUOUS_BAR_SPEC_MISMATCH"", ""COUNT_BASIS_UNRESOLVED"", ""EDGE_BAR_UNRESOLVED"", ""WHICH_50_PERCENT_UNRESOLVED""]",BLOCKED_FROM_S7,True,"[""Q-50PCT"", ""Q-COUNT"", ""Q-MISMATCH""]",IN_SCOPE_S7,
CMP-0261,BOTTOM_Y,SP-2F_ROOF_SLAB-06,2F_ROOF_SLAB,BOTTOM_Y,100%,Y,7AE,10,5,BARS_PER_METRE,BOTTOM,"ENGINEERING_DERIVED (unqualified plan callout; '/Top' and '(T&B)' are marked, plan note 2 gives the top steel over beams; p.15: bottom bars 'see schedule or plan')",2900,2500,CLEAR_SPAN,MINIMUM_PROJECT_COVER_25,PROJECT_BASIS_NUMERIC,clear span plus the end portions into the supports,"[""end anchorage into non-continuous supports SUP-2F_ROOF_SLAB-047 (shape only; cover >= 25 mm minimum, '40 CL.' binding unclear)""]",RUN-B-025,plan callout 7AE,"[""COUNT_BASIS_UNRESOLVED"", ""EDGE_BAR_UNRESOLVED"", ""SUPPORT_CONTINUITY_UNRESOLVED""]",BLOCKED_FROM_S7,False,"[""Q-COUNT""]",IN_SCOPE_S7,
CMP-0262,TEMPERATURE_X,SP-2F_ROOF_SLAB-06,2F_ROOF_SLAB,TEMPERATURE_X,,X,,,,,,,,,,,BLOCKED_UNQUANTIFIED,,,,P15 detail 'TEMP. REINFORCING' + P15-TEMP-TABLE,"[""COUNT_BASIS_UNRESOLVED"", ""TABLE_NO_EXACT_ROW"", ""TEMPERATURE_REGION_DEPENDS_ON_TOP_EXTENT""]",BLOCKED_FROM_S7,True,"[""Q-COUNT"", ""Q-TEMP"", ""Q-TOPEXT""]",IN_SCOPE_S7,
CMP-0263,TEMPERATURE_Y,SP-2F_ROOF_SLAB-06,2F_ROOF_SLAB,TEMPERATURE_Y,,Y,,,,,,,,,,,BLOCKED_UNQUANTIFIED,,,,P15 detail 'TEMP. REINFORCING' + P15-TEMP-TABLE,"[""COUNT_BASIS_UNRESOLVED"", ""TABLE_NO_EXACT_ROW"", ""TEMPERATURE_REGION_DEPENDS_ON_TOP_EXTENT""]",BLOCKED_FROM_S7,True,"[""Q-COUNT"", ""Q-TEMP"", ""Q-TOPEXT""]",IN_SCOPE_S7,
CMP-0264,CURTAILMENT_SEGMENT,SP-2F_ROOF_SLAB-07,2F_ROOF_SLAB,BOTTOM_X,50% STOPPED,X,788,10,5,BARS_PER_METRE,BOTTOM,"ENGINEERING_DERIVED (unqualified plan callout; '/Top' and '(T&B)' are marked, plan note 2 gives the top steel over beams; p.15: bottom bars 'see schedule or plan')",1800,1200,CLEAR_SPAN,MINIMUM_PROJECT_COVER_25,PROJECT_BASIS_NUMERIC,"clear span minus 0.125 L at each continuous end (2), plus the end portion at non-continuous ends",[],,P15-BOT-STOP-0.125L + plan callout 788,"[""CONTINUOUS_BAR_SPEC_MISMATCH"", ""COUNT_BASIS_UNRESOLVED"", ""EDGE_BAR_UNRESOLVED"", ""WHICH_50_PERCENT_UNRESOLVED""]",BLOCKED_FROM_S7,True,"[""Q-50PCT"", ""Q-COUNT"", ""Q-MISMATCH""]",IN_SCOPE_S7,
CMP-0265,CONTINUOUS_BAR_RUN,RUN-B-026,2F_ROOF_SLAB,BOTTOM_X,50% CONTINUOUS (counted once per run),X,788,10,5,BARS_PER_METRE,BOTTOM,"ENGINEERING_DERIVED (unqualified plan callout; '/Top' and '(T&B)' are marked, plan note 2 gives the top steel over beams; p.15: bottom bars 'see schedule or plan')",1800,1200,CLEAR_SPAN,MINIMUM_PROJECT_COVER_25,PROJECT_BASIS_NUMERIC,"run extent face to face of the run's end supports, plus the end portions","[""laps / splices (not located)""]",RUN-B-026,P15-BOT-STOP-0.125L 'balance continuous' + plan callout 788,"[""CONTINUOUS_BAR_SPEC_MISMATCH"", ""COUNT_BASIS_UNRESOLVED"", ""EDGE_BAR_UNRESOLVED"", ""WHICH_50_PERCENT_UNRESOLVED""]",BLOCKED_FROM_S7,True,"[""Q-50PCT"", ""Q-COUNT"", ""Q-MISMATCH""]",IN_SCOPE_S7,
CMP-0266,CURTAILMENT_SEGMENT,SP-2F_ROOF_SLAB-07,2F_ROOF_SLAB,BOTTOM_Y,50% STOPPED,Y,789,10,5,BARS_PER_METRE,BOTTOM,"ENGINEERING_DERIVED (unqualified plan callout; '/Top' and '(T&B)' are marked, plan note 2 gives the top steel over beams; p.15: bottom bars 'see schedule or plan')",1200,1800,CLEAR_SPAN,MINIMUM_PROJECT_COVER_25,PROJECT_BASIS_NUMERIC,"clear span minus 0.125 L at each continuous end (1), plus the end portion at non-continuous ends","[""end anchorage into non-continuous supports SUP-2F_ROOF_SLAB-048 (shape only; cover >= 25 mm minimum, '40 CL.' binding unclear)""]",,P15-BOT-STOP-0.125L + plan callout 789,"[""COUNT_BASIS_UNRESOLVED"", ""EDGE_BAR_UNRESOLVED"", ""WHICH_50_PERCENT_UNRESOLVED""]",BLOCKED_FROM_S7,True,"[""Q-50PCT"", ""Q-COUNT""]",IN_SCOPE_S7,
CMP-0267,CONTINUOUS_BAR_RUN,RUN-B-021,2F_ROOF_SLAB,BOTTOM_Y,50% CONTINUOUS (counted once per run),Y,789,10,5,BARS_PER_METRE,BOTTOM,"ENGINEERING_DERIVED (unqualified plan callout; '/Top' and '(T&B)' are marked, plan note 2 gives the top steel over beams; p.15: bottom bars 'see schedule or plan')",1200,1800,CLEAR_SPAN,MINIMUM_PROJECT_COVER_25,PROJECT_BASIS_NUMERIC,"run extent face to face of the run's end supports, plus the end portions","[""end anchorage into non-continuous supports SUP-2F_ROOF_SLAB-048 (shape only; cover >= 25 mm minimum, '40 CL.' binding unclear)"", ""laps / splices (not located)""]",RUN-B-021,P15-BOT-STOP-0.125L 'balance continuous' + plan callout 789,"[""COUNT_BASIS_UNRESOLVED"", ""EDGE_BAR_UNRESOLVED"", ""WHICH_50_PERCENT_UNRESOLVED""]",BLOCKED_FROM_S7,True,"[""Q-50PCT"", ""Q-COUNT""]",IN_SCOPE_S7,
CMP-0268,TEMPERATURE_X,SP-2F_ROOF_SLAB-07,2F_ROOF_SLAB,TEMPERATURE_X,,X,,,,,,,,,,,BLOCKED_UNQUANTIFIED,,,,P15 detail 'TEMP. REINFORCING' + P15-TEMP-TABLE,"[""COUNT_BASIS_UNRESOLVED"", ""TABLE_NO_EXACT_ROW"", ""TEMPERATURE_REGION_DEPENDS_ON_TOP_EXTENT""]",BLOCKED_FROM_S7,True,"[""Q-COUNT"", ""Q-TEMP"", ""Q-TOPEXT""]",IN_SCOPE_S7,
CMP-0269,TEMPERATURE_Y,SP-2F_ROOF_SLAB-07,2F_ROOF_SLAB,TEMPERATURE_Y,,Y,,,,,,,,,,,BLOCKED_UNQUANTIFIED,,,,P15 detail 'TEMP. REINFORCING' + P15-TEMP-TABLE,"[""COUNT_BASIS_UNRESOLVED"", ""TABLE_NO_EXACT_ROW"", ""TEMPERATURE_REGION_DEPENDS_ON_TOP_EXTENT""]",BLOCKED_FROM_S7,True,"[""Q-COUNT"", ""Q-TEMP"", ""Q-TOPEXT""]",IN_SCOPE_S7,
CMP-0270,CURTAILMENT_SEGMENT,SP-2F_ROOF_SLAB-08,2F_ROOF_SLAB,BOTTOM_X,50% STOPPED,X,783,10,5,BARS_PER_METRE,BOTTOM,"ENGINEERING_DERIVED (unqualified plan callout; '/Top' and '(T&B)' are marked, plan note 2 gives the top steel over beams; p.15: bottom bars 'see schedule or plan')",3000,1200,CLEAR_SPAN,MINIMUM_PROJECT_COVER_25,PROJECT_BASIS_NUMERIC,"clear span minus 0.125 L at each continuous end (1), plus the end portion at non-continuous ends","[""end anchorage into non-continuous supports SUP-2F_ROOF_SLAB-002 (shape only; cover >= 25 mm minimum, '40 CL.' binding unclear)""]",,P15-BOT-STOP-0.125L + plan callout 783,"[""COUNT_BASIS_UNRESOLVED"", ""EDGE_BAR_UNRESOLVED"", ""WHICH_50_PERCENT_UNRESOLVED""]",BLOCKED_FROM_S7,True,"[""Q-50PCT"", ""Q-COUNT""]",IN_SCOPE_S7,
CMP-0271,CONTINUOUS_BAR_RUN,RUN-B-026,2F_ROOF_SLAB,BOTTOM_X,50% CONTINUOUS (counted once per run),X,783,10,5,BARS_PER_METRE,BOTTOM,"ENGINEERING_DERIVED (unqualified plan callout; '/Top' and '(T&B)' are marked, plan note 2 gives the top steel over beams; p.15: bottom bars 'see schedule or plan')",3000,1200,CLEAR_SPAN,MINIMUM_PROJECT_COVER_25,PROJECT_BASIS_NUMERIC,"run extent face to face of the run's end supports, plus the end portions","[""end anchorage into non-continuous supports SUP-2F_ROOF_SLAB-002 (shape only; cover >= 25 mm minimum, '40 CL.' binding unclear)"", ""laps / splices (not located)""]",RUN-B-026,P15-BOT-STOP-0.125L 'balance continuous' + plan callout 783,"[""COUNT_BASIS_UNRESOLVED"", ""EDGE_BAR_UNRESOLVED"", ""WHICH_50_PERCENT_UNRESOLVED""]",BLOCKED_FROM_S7,True,"[""Q-50PCT"", ""Q-COUNT""]",IN_SCOPE_S7,
CMP-0272,CURTAILMENT_SEGMENT,SP-2F_ROOF_SLAB-08,2F_ROOF_SLAB,BOTTOM_Y,50% STOPPED,Y,784,10,5,BARS_PER_METRE,BOTTOM,"ENGINEERING_DERIVED (unqualified plan callout; '/Top' and '(T&B)' are marked, plan note 2 gives the top steel over beams; p.15: bottom bars 'see schedule or plan')",1200,3000,CLEAR_SPAN,MINIMUM_PROJECT_COVER_25,PROJECT_BASIS_NUMERIC,"clear span minus 0.125 L at each continuous end (1), plus the end portion at non-continuous ends","[""end anchorage into non-continuous supports SUP-2F_ROOF_SLAB-049 (shape only; cover >= 25 mm minimum, '40 CL.' binding unclear)""]",,P15-BOT-STOP-0.125L + plan callout 784,"[""CONTINUOUS_BAR_SPEC_MISMATCH"", ""COUNT_BASIS_UNRESOLVED"", ""EDGE_BAR_UNRESOLVED"", ""WHICH_50_PERCENT_UNRESOLVED""]",BLOCKED_FROM_S7,True,"[""Q-50PCT"", ""Q-COUNT"", ""Q-MISMATCH""]",IN_SCOPE_S7,
CMP-0273,CONTINUOUS_BAR_RUN,RUN-B-027,2F_ROOF_SLAB,BOTTOM_Y,50% CONTINUOUS (counted once per run),Y,784,10,5,BARS_PER_METRE,BOTTOM,"ENGINEERING_DERIVED (unqualified plan callout; '/Top' and '(T&B)' are marked, plan note 2 gives the top steel over beams; p.15: bottom bars 'see schedule or plan')",1200,3000,CLEAR_SPAN,MINIMUM_PROJECT_COVER_25,PROJECT_BASIS_NUMERIC,"run extent face to face of the run's end supports, plus the end portions","[""end anchorage into non-continuous supports SUP-2F_ROOF_SLAB-049 (shape only; cover >= 25 mm minimum, '40 CL.' binding unclear)"", ""laps / splices (not located)""]",RUN-B-027,P15-BOT-STOP-0.125L 'balance continuous' + plan callout 784,"[""CONTINUOUS_BAR_SPEC_MISMATCH"", ""COUNT_BASIS_UNRESOLVED"", ""EDGE_BAR_UNRESOLVED"", ""WHICH_50_PERCENT_UNRESOLVED""]",BLOCKED_FROM_S7,True,"[""Q-50PCT"", ""Q-COUNT"", ""Q-MISMATCH""]",IN_SCOPE_S7,
CMP-0274,TEMPERATURE_X,SP-2F_ROOF_SLAB-08,2F_ROOF_SLAB,TEMPERATURE_X,,X,,,,,,,,,,,BLOCKED_UNQUANTIFIED,,,,P15 detail 'TEMP. REINFORCING' + P15-TEMP-TABLE,"[""COUNT_BASIS_UNRESOLVED"", ""TABLE_NO_EXACT_ROW"", ""TEMPERATURE_REGION_DEPENDS_ON_TOP_EXTENT""]",BLOCKED_FROM_S7,True,"[""Q-COUNT"", ""Q-TEMP"", ""Q-TOPEXT""]",IN_SCOPE_S7,
CMP-0275,TEMPERATURE_Y,SP-2F_ROOF_SLAB-08,2F_ROOF_SLAB,TEMPERATURE_Y,,Y,,,,,,,,,,,BLOCKED_UNQUANTIFIED,,,,P15 detail 'TEMP. REINFORCING' + P15-TEMP-TABLE,"[""COUNT_BASIS_UNRESOLVED"", ""TABLE_NO_EXACT_ROW"", ""TEMPERATURE_REGION_DEPENDS_ON_TOP_EXTENT""]",BLOCKED_FROM_S7,True,"[""Q-COUNT"", ""Q-TEMP"", ""Q-TOPEXT""]",IN_SCOPE_S7,
CMP-0276,TOP_SUPPORT_X,SUP-2F_ROOF_SLAB-001,2F_ROOF_SLAB,TOP_SUPPORT,,X,,10,5 bars per metre (200 mm),,,,,,,,BLOCKED_UNQUANTIFIED,,"[""top anchor leg turned down into the support (shape only)""]",RUN-T-2F_ROOF_SLAB-001,"plan note 2 (P4-6-NOTE-2), floor rule","[""COUNT_BASIS_UNRESOLVED"", ""EDGE_BAR_UNRESOLVED"", ""TOP_EXTENT_SOURCE_CONFLICT""]",BLOCKED_FROM_S7,True,"[""Q-COUNT"", ""Q-TOPEXT""]","IN_SCOPE_S7,NOT_SLAB",
CMP-0277,TOP_SUPPORT_X,SUP-2F_ROOF_SLAB-002,2F_ROOF_SLAB,TOP_SUPPORT,,X,,10,5 bars per metre (200 mm),,,,,,,,BLOCKED_UNQUANTIFIED,,"[""top anchor leg turned down into the support (shape only)""]",RUN-T-2F_ROOF_SLAB-002,"plan note 2 (P4-6-NOTE-2), floor rule","[""COUNT_BASIS_UNRESOLVED"", ""EDGE_BAR_UNRESOLVED"", ""TOP_EXTENT_SOURCE_CONFLICT""]",BLOCKED_FROM_S7,True,"[""Q-COUNT"", ""Q-TOPEXT""]","IN_SCOPE_S7,NOT_SLAB",
CMP-0278,TOP_SUPPORT_X,SUP-GF_ROOF_SLAB-003,GF_ROOF_SLAB,TOP_SUPPORT,,X,,10,5 bars per metre (200 mm),,,,,,,,BLOCKED_UNQUANTIFIED,,[],RUN-T-GF_ROOF_SLAB-003,"plan note 2 (P4-6-NOTE-2), floor rule","[""COUNT_BASIS_UNRESOLVED"", ""EDGE_BAR_UNRESOLVED"", ""TOP_EXTENT_SOURCE_CONFLICT""]",BLOCKED_FROM_S7,True,"[""Q-COUNT"", ""Q-TOPEXT""]",IN_SCOPE_S7,
CMP-0279,TOP_SUPPORT_X,SUP-GF_ROOF_SLAB-004,GF_ROOF_SLAB,TOP_SUPPORT,,X,,10,5 bars per metre (200 mm),,,,,,,,BLOCKED_UNQUANTIFIED,,[],RUN-T-GF_ROOF_SLAB-004,"plan note 2 (P4-6-NOTE-2), floor rule","[""COUNT_BASIS_UNRESOLVED"", ""EDGE_BAR_UNRESOLVED"", ""SUPPORT_CONTINUITY_UNRESOLVED"", ""TOP_EXTENT_SOURCE_CONFLICT""]",BLOCKED_FROM_S7,False,"[""Q-COUNT"", ""Q-TOPEXT""]","EXCLUDED_SPECIAL_STRUCTURE,IN_SCOPE_S7",
CMP-0280,TOP_SUPPORT_X,SUP-GF_ROOF_SLAB-005,GF_ROOF_SLAB,TOP_SUPPORT,,X,,10,5 bars per metre (200 mm),,,,,,,,BLOCKED_UNQUANTIFIED,,"[""top anchor leg turned down into the support (shape only)""]",RUN-T-GF_ROOF_SLAB-005,"plan note 2 (P4-6-NOTE-2), floor rule","[""COUNT_BASIS_UNRESOLVED"", ""EDGE_BAR_UNRESOLVED"", ""TOP_EXTENT_SOURCE_CONFLICT""]",BLOCKED_FROM_S7,True,"[""Q-COUNT"", ""Q-TOPEXT""]",IN_SCOPE_S7,
CMP-0281,TOP_SUPPORT_X,SUP-GF_ROOF_SLAB-006,GF_ROOF_SLAB,TOP_SUPPORT,,X,,10,5 bars per metre (200 mm),,,,,,,,BLOCKED_UNQUANTIFIED,,"[""top anchor leg turned down into the support (shape only)""]",RUN-T-GF_ROOF_SLAB-006,"plan note 2 (P4-6-NOTE-2), floor rule","[""COUNT_BASIS_UNRESOLVED"", ""EDGE_BAR_UNRESOLVED"", ""TOP_EXTENT_SOURCE_CONFLICT""]",BLOCKED_FROM_S7,True,"[""Q-COUNT"", ""Q-TOPEXT""]",IN_SCOPE_S7,
CMP-0282,TOP_SUPPORT_X,SUP-1F_ROOF_SLAB-007,1F_ROOF_SLAB,TOP_SUPPORT,,X,,10,5 bars per metre (200 mm),,,,,,,,BLOCKED_UNQUANTIFIED,,"[""top anchor leg turned down into the support (shape only)""]",RUN-T-1F_ROOF_SLAB-007,"plan note 2 (P4-6-NOTE-2), floor rule","[""COUNT_BASIS_UNRESOLVED"", ""EDGE_BAR_UNRESOLVED"", ""TOP_EXTENT_SOURCE_CONFLICT""]",BLOCKED_FROM_S7,True,"[""Q-COUNT"", ""Q-TOPEXT""]","IN_SCOPE_S7,NOT_SLAB",
CMP-0283,TOP_SUPPORT_X,SUP-2F_ROOF_SLAB-008,2F_ROOF_SLAB,TOP_SUPPORT,,X,,10,5 bars per metre (200 mm),,,,,,,,BLOCKED_UNQUANTIFIED,,[],RUN-T-2F_ROOF_SLAB-008,"plan note 2 (P4-6-NOTE-2), floor rule","[""CLASSIFICATION_BLOCKED"", ""COUNT_BASIS_UNRESOLVED"", ""EDGE_BAR_UNRESOLVED"", ""SUPPORT_CONTINUITY_UNRESOLVED"", ""TOP_EXTENT_SOURCE_CONFLICT""]",BLOCKED_FROM_S7,False,"[""Q-COUNT"", ""Q-TOPEXT""]","CLASSIFICATION_BLOCKED,IN_SCOPE_S7",
CMP-0284,TOP_SUPPORT_X,SUP-2F_ROOF_SLAB-009,2F_ROOF_SLAB,TOP_SUPPORT,,X,,10,5 bars per metre (200 mm),,,,,,,,BLOCKED_UNQUANTIFIED,,[],RUN-T-2F_ROOF_SLAB-009,"plan note 2 (P4-6-NOTE-2), floor rule","[""COUNT_BASIS_UNRESOLVED"", ""EDGE_BAR_UNRESOLVED"", ""TOP_EXTENT_SOURCE_CONFLICT""]",BLOCKED_FROM_S7,True,"[""Q-COUNT"", ""Q-TOPEXT""]",IN_SCOPE_S7,
CMP-0285,TOP_SUPPORT_X,SUP-2F_ROOF_SLAB-010,2F_ROOF_SLAB,TOP_SUPPORT,,X,,10,5 bars per metre (200 mm),,,,,,,,BLOCKED_UNQUANTIFIED,,[],RUN-T-2F_ROOF_SLAB-010,"plan note 2 (P4-6-NOTE-2), floor rule","[""COUNT_BASIS_UNRESOLVED"", ""EDGE_BAR_UNRESOLVED"", ""TOP_EXTENT_SOURCE_CONFLICT""]",BLOCKED_FROM_S7,True,"[""Q-COUNT"", ""Q-TOPEXT""]",IN_SCOPE_S7,
CMP-0286,TOP_SUPPORT_X,SUP-GF_ROOF_SLAB-011,GF_ROOF_SLAB,TOP_SUPPORT,,X,,10,5 bars per metre (200 mm),,,,,,,,BLOCKED_UNQUANTIFIED,,[],RUN-T-GF_ROOF_SLAB-011,"plan note 2 (P4-6-NOTE-2), floor rule","[""COUNT_BASIS_UNRESOLVED"", ""EDGE_BAR_UNRESOLVED"", ""TOP_EXTENT_SOURCE_CONFLICT""]",BLOCKED_FROM_S7,True,"[""Q-COUNT"", ""Q-TOPEXT""]",IN_SCOPE_S7,
CMP-0287,TOP_SUPPORT_X,SUP-GF_ROOF_SLAB-012,GF_ROOF_SLAB,TOP_SUPPORT,,X,,10,5 bars per metre (200 mm),,,,,,,,BLOCKED_UNQUANTIFIED,,[],RUN-T-GF_ROOF_SLAB-012,"plan note 2 (P4-6-NOTE-2), floor rule","[""COUNT_BASIS_UNRESOLVED"", ""EDGE_BAR_UNRESOLVED"", ""TOP_EXTENT_SOURCE_CONFLICT""]",BLOCKED_FROM_S7,True,"[""Q-COUNT"", ""Q-TOPEXT""]",IN_SCOPE_S7,
CMP-0288,TOP_SUPPORT_X,SUP-2F_ROOF_SLAB-013,2F_ROOF_SLAB,TOP_SUPPORT,,X,,10,5 bars per metre (200 mm),,,,,,,,BLOCKED_UNQUANTIFIED,,"[""top anchor leg turned down into the support (shape only)""]",RUN-T-2F_ROOF_SLAB-013,"plan note 2 (P4-6-NOTE-2), floor rule","[""CLASSIFICATION_BLOCKED"", ""COUNT_BASIS_UNRESOLVED"", ""EDGE_BAR_UNRESOLVED"", ""TOP_EXTENT_SOURCE_CONFLICT""]",BLOCKED_FROM_S7,False,"[""Q-COUNT"", ""Q-TOPEXT""]",CLASSIFICATION_BLOCKED,
CMP-0289,TOP_SUPPORT_X,SUP-2F_ROOF_SLAB-014,2F_ROOF_SLAB,TOP_SUPPORT,,X,,10,5 bars per metre (200 mm),,,,,,,,BLOCKED_UNQUANTIFIED,,"[""top anchor leg turned down into the support (shape only)""]",RUN-T-2F_ROOF_SLAB-014,"plan note 2 (P4-6-NOTE-2), floor rule","[""COUNT_BASIS_UNRESOLVED"", ""EDGE_BAR_UNRESOLVED"", ""TOP_EXTENT_SOURCE_CONFLICT""]",BLOCKED_FROM_S7,True,"[""Q-COUNT"", ""Q-TOPEXT""]",IN_SCOPE_S7,
CMP-0290,TOP_SUPPORT_Y,SUP-GF_ROOF_SLAB-015,GF_ROOF_SLAB,TOP_SUPPORT,,Y,,10,5 bars per metre (200 mm),,,,,,,,BLOCKED_UNQUANTIFIED,,"[""top anchor leg turned down into the support (shape only)""]",RUN-T-GF_ROOF_SLAB-015,"plan note 2 (P4-6-NOTE-2), floor rule","[""COUNT_BASIS_UNRESOLVED"", ""EDGE_BAR_UNRESOLVED"", ""TOP_EXTENT_SOURCE_CONFLICT""]",BLOCKED_FROM_S7,True,"[""Q-COUNT"", ""Q-TOPEXT""]",IN_SCOPE_S7,
CMP-0291,TOP_SUPPORT_Y,SUP-GF_ROOF_SLAB-016,GF_ROOF_SLAB,TOP_SUPPORT,,Y,,10,5 bars per metre (200 mm),,,,,,,,BLOCKED_UNQUANTIFIED,,"[""top anchor leg turned down into the support (shape only)""]",RUN-T-GF_ROOF_SLAB-016,"plan note 2 (P4-6-NOTE-2), floor rule","[""COUNT_BASIS_UNRESOLVED"", ""EDGE_BAR_UNRESOLVED"", ""TOP_EXTENT_SOURCE_CONFLICT""]",BLOCKED_FROM_S7,True,"[""Q-COUNT"", ""Q-TOPEXT""]",IN_SCOPE_S7,
CMP-0292,TOP_SUPPORT_Y,SUP-GF_ROOF_SLAB-017,GF_ROOF_SLAB,TOP_SUPPORT,,Y,,10,5 bars per metre (200 mm),,,,,,,,BLOCKED_UNQUANTIFIED,,"[""top anchor leg turned down into the support (shape only)""]",RUN-T-GF_ROOF_SLAB-017,"plan note 2 (P4-6-NOTE-2), floor rule","[""COUNT_BASIS_UNRESOLVED"", ""EDGE_BAR_UNRESOLVED"", ""TOP_EXTENT_SOURCE_CONFLICT""]",BLOCKED_FROM_S7,True,"[""Q-COUNT"", ""Q-TOPEXT""]",IN_SCOPE_S7,
CMP-0293,TOP_SUPPORT_Y,SUP-GF_ROOF_SLAB-018,GF_ROOF_SLAB,TOP_SUPPORT,,Y,,10,5 bars per metre (200 mm),,,,,,,,BLOCKED_UNQUANTIFIED,,"[""top anchor leg turned down into the support (shape only)""]",RUN-T-GF_ROOF_SLAB-018,"plan note 2 (P4-6-NOTE-2), floor rule","[""COUNT_BASIS_UNRESOLVED"", ""EDGE_BAR_UNRESOLVED"", ""TOP_EXTENT_SOURCE_CONFLICT""]",BLOCKED_FROM_S7,True,"[""Q-COUNT"", ""Q-TOPEXT""]",IN_SCOPE_S7,
CMP-0294,TOP_SUPPORT_Y,SUP-GF_ROOF_SLAB-019,GF_ROOF_SLAB,TOP_SUPPORT,,Y,,10,5 bars per metre (200 mm),,,,,,,,BLOCKED_UNQUANTIFIED,,"[""top anchor leg turned down into the support (shape only)""]",RUN-T-GF_ROOF_SLAB-019,"plan note 2 (P4-6-NOTE-2), floor rule","[""COUNT_BASIS_UNRESOLVED"", ""EDGE_BAR_UNRESOLVED"", ""TOP_EXTENT_SOURCE_CONFLICT""]",BLOCKED_FROM_S7,True,"[""Q-COUNT"", ""Q-TOPEXT""]",IN_SCOPE_S7,
CMP-0295,TOP_SUPPORT_Y,SUP-GF_ROOF_SLAB-020,GF_ROOF_SLAB,TOP_SUPPORT,,Y,,10,5 bars per metre (200 mm),,,,,,,,BLOCKED_UNQUANTIFIED,,"[""top anchor leg turned down into the support (shape only)""]",RUN-T-GF_ROOF_SLAB-020,"plan note 2 (P4-6-NOTE-2), floor rule","[""COUNT_BASIS_UNRESOLVED"", ""EDGE_BAR_UNRESOLVED"", ""TOP_EXTENT_SOURCE_CONFLICT""]",BLOCKED_FROM_S7,True,"[""Q-COUNT"", ""Q-TOPEXT""]",IN_SCOPE_S7,
CMP-0296,TOP_SUPPORT_X,SUP-1F_ROOF_SLAB-021,1F_ROOF_SLAB,TOP_SUPPORT,,X,,10,5 bars per metre (200 mm),,,,,,,,BLOCKED_UNQUANTIFIED,,"[""top anchor leg turned down into the support (shape only)""]",RUN-T-1F_ROOF_SLAB-021,"plan note 2 (P4-6-NOTE-2), floor rule","[""COUNT_BASIS_UNRESOLVED"", ""EDGE_BAR_UNRESOLVED"", ""TOP_EXTENT_SOURCE_CONFLICT""]",BLOCKED_FROM_S7,True,"[""Q-COUNT"", ""Q-TOPEXT""]","IN_SCOPE_S7,NOT_SLAB",
CMP-0297,TOP_SUPPORT_X,SUP-1F_ROOF_SLAB-022,1F_ROOF_SLAB,TOP_SUPPORT,,X,,10,5 bars per metre (200 mm),,,,,,,,BLOCKED_UNQUANTIFIED,,"[""top anchor leg turned down into the support (shape only)""]",RUN-T-1F_ROOF_SLAB-022,"plan note 2 (P4-6-NOTE-2), floor rule","[""COUNT_BASIS_UNRESOLVED"", ""EDGE_BAR_UNRESOLVED"", ""TOP_EXTENT_SOURCE_CONFLICT""]",BLOCKED_FROM_S7,True,"[""Q-COUNT"", ""Q-TOPEXT""]","IN_SCOPE_S7,NOT_SLAB",
CMP-0298,TOP_SUPPORT_X,SUP-2F_ROOF_SLAB-023,2F_ROOF_SLAB,TOP_SUPPORT,,X,,10,5 bars per metre (200 mm),,,,,,,,BLOCKED_UNQUANTIFIED,,[],RUN-T-2F_ROOF_SLAB-023,"plan note 2 (P4-6-NOTE-2), floor rule","[""CLASSIFICATION_BLOCKED"", ""COUNT_BASIS_UNRESOLVED"", ""EDGE_BAR_UNRESOLVED"", ""SUPPORT_CONTINUITY_UNRESOLVED"", ""TOP_EXTENT_SOURCE_CONFLICT""]",BLOCKED_FROM_S7,False,"[""Q-COUNT"", ""Q-TOPEXT""]",CLASSIFICATION_BLOCKED,
CMP-0299,TOP_SUPPORT_X,SUP-2F_ROOF_SLAB-024,2F_ROOF_SLAB,TOP_SUPPORT,,X,,10,5 bars per metre (200 mm),,,,,,,,BLOCKED_UNQUANTIFIED,,[],RUN-T-2F_ROOF_SLAB-024,"plan note 2 (P4-6-NOTE-2), floor rule","[""COUNT_BASIS_UNRESOLVED"", ""EDGE_BAR_UNRESOLVED"", ""TOP_EXTENT_SOURCE_CONFLICT""]",BLOCKED_FROM_S7,True,"[""Q-COUNT"", ""Q-TOPEXT""]",IN_SCOPE_S7,
CMP-0300,TOP_SUPPORT_X,SUP-2F_ROOF_SLAB-025,2F_ROOF_SLAB,TOP_SUPPORT,,X,,10,5 bars per metre (200 mm),,,,,,,,BLOCKED_UNQUANTIFIED,,[],RUN-T-2F_ROOF_SLAB-025,"plan note 2 (P4-6-NOTE-2), floor rule","[""COUNT_BASIS_UNRESOLVED"", ""EDGE_BAR_UNRESOLVED"", ""TOP_EXTENT_SOURCE_CONFLICT""]",BLOCKED_FROM_S7,True,"[""Q-COUNT"", ""Q-TOPEXT""]",IN_SCOPE_S7,
CMP-0301,TOP_SUPPORT_X,SUP-1F_ROOF_SLAB-026,1F_ROOF_SLAB,TOP_SUPPORT,,X,,10,5 bars per metre (200 mm),,,,,,,,BLOCKED_UNQUANTIFIED,,"[""top anchor leg turned down into the support (shape only)""]",RUN-T-1F_ROOF_SLAB-026,"plan note 2 (P4-6-NOTE-2), floor rule","[""COUNT_BASIS_UNRESOLVED"", ""EDGE_BAR_UNRESOLVED"", ""TOP_EXTENT_SOURCE_CONFLICT""]",BLOCKED_FROM_S7,True,"[""Q-COUNT"", ""Q-TOPEXT""]",IN_SCOPE_S7,
CMP-0302,TOP_SUPPORT_X,SUP-2F_ROOF_SLAB-027,2F_ROOF_SLAB,TOP_SUPPORT,,X,,10,5 bars per metre (200 mm),,,,,,,,BLOCKED_UNQUANTIFIED,,"[""top anchor leg turned down into the support (shape only)""]",RUN-T-2F_ROOF_SLAB-027,"plan note 2 (P4-6-NOTE-2), floor rule","[""COUNT_BASIS_UNRESOLVED"", ""EDGE_BAR_UNRESOLVED"", ""TOP_EXTENT_SOURCE_CONFLICT""]",BLOCKED_FROM_S7,True,"[""Q-COUNT"", ""Q-TOPEXT""]",IN_SCOPE_S7,
CMP-0303,TOP_SUPPORT_Y,SUP-GF_ROOF_SLAB-028,GF_ROOF_SLAB,TOP_SUPPORT,,Y,,10,5 bars per metre (200 mm),,,,,,,,BLOCKED_UNQUANTIFIED,,"[""top anchor leg turned down into the support (shape only)""]",RUN-T-GF_ROOF_SLAB-028,"plan note 2 (P4-6-NOTE-2), floor rule","[""COUNT_BASIS_UNRESOLVED"", ""EDGE_BAR_UNRESOLVED"", ""TOP_EXTENT_SOURCE_CONFLICT""]",BLOCKED_FROM_S7,True,"[""Q-COUNT"", ""Q-TOPEXT""]",IN_SCOPE_S7,
CMP-0304,TOP_SUPPORT_X,SUP-1F_ROOF_SLAB-029,1F_ROOF_SLAB,TOP_SUPPORT,,X,,10,5 bars per metre (200 mm),,,,,,,,BLOCKED_UNQUANTIFIED,,[],RUN-T-1F_ROOF_SLAB-029,"plan note 2 (P4-6-NOTE-2), floor rule","[""COUNT_BASIS_UNRESOLVED"", ""EDGE_BAR_UNRESOLVED"", ""TOP_EXTENT_SOURCE_CONFLICT""]",BLOCKED_FROM_S7,True,"[""Q-COUNT"", ""Q-TOPEXT""]",IN_SCOPE_S7,
CMP-0305,TOP_SUPPORT_X,SUP-1F_ROOF_SLAB-030,1F_ROOF_SLAB,TOP_SUPPORT,,X,,10,5 bars per metre (200 mm),,,,,,,,BLOCKED_UNQUANTIFIED,,[],RUN-T-1F_ROOF_SLAB-030,"plan note 2 (P4-6-NOTE-2), floor rule","[""COUNT_BASIS_UNRESOLVED"", ""EDGE_BAR_UNRESOLVED"", ""SUPPORT_CONTINUITY_UNRESOLVED"", ""TOP_EXTENT_SOURCE_CONFLICT""]",BLOCKED_FROM_S7,False,"[""Q-COUNT"", ""Q-TOPEXT""]","EXCLUDED_SPECIAL_STRUCTURE,IN_SCOPE_S7",
CMP-0306,TOP_SUPPORT_X,SUP-1F_ROOF_SLAB-031,1F_ROOF_SLAB,TOP_SUPPORT,,X,,10,5 bars per metre (200 mm),,,,,,,,BLOCKED_UNQUANTIFIED,,[],RUN-T-1F_ROOF_SLAB-031,"plan note 2 (P4-6-NOTE-2), floor rule","[""COUNT_BASIS_UNRESOLVED"", ""EDGE_BAR_UNRESOLVED"", ""TOP_EXTENT_SOURCE_CONFLICT""]",BLOCKED_FROM_S7,True,"[""Q-COUNT"", ""Q-TOPEXT""]",IN_SCOPE_S7,
CMP-0307,TOP_SUPPORT_X,SUP-2F_ROOF_SLAB-032,2F_ROOF_SLAB,TOP_SUPPORT,,X,,10,5 bars per metre (200 mm),,,,,,,,BLOCKED_UNQUANTIFIED,,"[""top anchor leg turned down into the support (shape only)""]",RUN-T-2F_ROOF_SLAB-032,"plan note 2 (P4-6-NOTE-2), floor rule","[""CLASSIFICATION_BLOCKED"", ""COUNT_BASIS_UNRESOLVED"", ""EDGE_BAR_UNRESOLVED"", ""TOP_EXTENT_SOURCE_CONFLICT""]",BLOCKED_FROM_S7,False,"[""Q-COUNT"", ""Q-TOPEXT""]","CLASSIFICATION_BLOCKED,NOT_SLAB",
CMP-0308,TOP_SUPPORT_X,SUP-2F_ROOF_SLAB-033,2F_ROOF_SLAB,TOP_SUPPORT,,X,,10,5 bars per metre (200 mm),,,,,,,,BLOCKED_UNQUANTIFIED,,"[""top anchor leg turned down into the support (shape only)""]",RUN-T-2F_ROOF_SLAB-033,"plan note 2 (P4-6-NOTE-2), floor rule","[""COUNT_BASIS_UNRESOLVED"", ""EDGE_BAR_UNRESOLVED"", ""TOP_EXTENT_SOURCE_CONFLICT""]",BLOCKED_FROM_S7,True,"[""Q-COUNT"", ""Q-TOPEXT""]","IN_SCOPE_S7,NOT_SLAB",
CMP-0309,TOP_SUPPORT_X,SUP-2F_ROOF_SLAB-034,2F_ROOF_SLAB,TOP_SUPPORT,,X,,10,5 bars per metre (200 mm),,,,,,,,BLOCKED_UNQUANTIFIED,,"[""top anchor leg turned down into the support (shape only)""]",RUN-T-2F_ROOF_SLAB-034,"plan note 2 (P4-6-NOTE-2), floor rule","[""COUNT_BASIS_UNRESOLVED"", ""EDGE_BAR_UNRESOLVED"", ""TOP_EXTENT_SOURCE_CONFLICT""]",BLOCKED_FROM_S7,True,"[""Q-COUNT"", ""Q-TOPEXT""]","IN_SCOPE_S7,NOT_SLAB",
CMP-0310,TOP_SUPPORT_Y,SUP-GF_ROOF_SLAB-035,GF_ROOF_SLAB,TOP_SUPPORT,,Y,,10,5 bars per metre (200 mm),,,,,,,,BLOCKED_UNQUANTIFIED,,"[""top anchor leg turned down into the support (shape only)""]",RUN-T-GF_ROOF_SLAB-035,"plan note 2 (P4-6-NOTE-2), floor rule","[""COUNT_BASIS_UNRESOLVED"", ""EDGE_BAR_UNRESOLVED"", ""TOP_EXTENT_SOURCE_CONFLICT""]",BLOCKED_FROM_S7,True,"[""Q-COUNT"", ""Q-TOPEXT""]","IN_SCOPE_S7,NOT_SLAB",
CMP-0311,TOP_SUPPORT_Y,SUP-GF_ROOF_SLAB-036,GF_ROOF_SLAB,TOP_SUPPORT,,Y,,10,5 bars per metre (200 mm),,,,,,,,BLOCKED_UNQUANTIFIED,,"[""top anchor leg turned down into the support (shape only)""]",RUN-T-GF_ROOF_SLAB-036,"plan note 2 (P4-6-NOTE-2), floor rule","[""COUNT_BASIS_UNRESOLVED"", ""EDGE_BAR_UNRESOLVED"", ""TOP_EXTENT_SOURCE_CONFLICT""]",BLOCKED_FROM_S7,True,"[""Q-COUNT"", ""Q-TOPEXT""]","IN_SCOPE_S7,NOT_SLAB",
CMP-0312,TOP_SUPPORT_Y,SUP-GF_ROOF_SLAB-037,GF_ROOF_SLAB,TOP_SUPPORT,,Y,,16,3 bars (printed count),,,,,,,,BLOCKED_UNQUANTIFIED,,[],RUN-T-GF_ROOF_SLAB-037,explicit '/Top' callout 1824 (3%%c16/Top),"[""EXPLICIT_TOP_GRAPHIC_SHAPE_ONLY"", ""TOP_EXTENT_SOURCE_CONFLICT"", ""TOP_OVERRIDE_RULE_UNRESOLVED""]",BLOCKED_FROM_S7,False,"[""Q-TOPEXT"", ""Q-TOPOVR""]",IN_SCOPE_S7,
CMP-0313,TOP_SUPPORT_Y,SUP-GF_ROOF_SLAB-038,GF_ROOF_SLAB,TOP_SUPPORT,,Y,,10,5 bars per metre (200 mm),,,,,,,,BLOCKED_UNQUANTIFIED,,[],RUN-T-GF_ROOF_SLAB-038,"plan note 2 (P4-6-NOTE-2), floor rule","[""COUNT_BASIS_UNRESOLVED"", ""EDGE_BAR_UNRESOLVED"", ""SUPPORT_CONTINUITY_UNRESOLVED"", ""TOP_EXTENT_SOURCE_CONFLICT""]",BLOCKED_FROM_S7,False,"[""Q-COUNT"", ""Q-TOPEXT""]",IN_SCOPE_S7,
CMP-0314,TOP_SUPPORT_Y,SUP-GF_ROOF_SLAB-039,GF_ROOF_SLAB,TOP_SUPPORT,,Y,,10,5 bars per metre (200 mm),,,,,,,,BLOCKED_UNQUANTIFIED,,[],RUN-T-GF_ROOF_SLAB-039,"plan note 2 (P4-6-NOTE-2), floor rule","[""COUNT_BASIS_UNRESOLVED"", ""EDGE_BAR_UNRESOLVED"", ""SUPPORT_CONTINUITY_UNRESOLVED"", ""TOP_EXTENT_SOURCE_CONFLICT""]",BLOCKED_FROM_S7,False,"[""Q-COUNT"", ""Q-TOPEXT""]",IN_SCOPE_S7,
CMP-0315,TOP_SUPPORT_X,SUP-1F_ROOF_SLAB-040,1F_ROOF_SLAB,TOP_SUPPORT,,X,,10,5 bars per metre (200 mm),,,,,,,,BLOCKED_UNQUANTIFIED,,"[""top anchor leg turned down into the support (shape only)""]",RUN-T-1F_ROOF_SLAB-040,"plan note 2 (P4-6-NOTE-2), floor rule","[""COUNT_BASIS_UNRESOLVED"", ""EDGE_BAR_UNRESOLVED"", ""TOP_EXTENT_SOURCE_CONFLICT""]",BLOCKED_FROM_S7,True,"[""Q-COUNT"", ""Q-TOPEXT""]","IN_SCOPE_S7,NOT_SLAB",
CMP-0316,TOP_SUPPORT_X,SUP-1F_ROOF_SLAB-041,1F_ROOF_SLAB,TOP_SUPPORT,,X,,10,5 bars per metre (200 mm),,,,,,,,BLOCKED_UNQUANTIFIED,,"[""top anchor leg turned down into the support (shape only)""]",RUN-T-1F_ROOF_SLAB-041,"plan note 2 (P4-6-NOTE-2), floor rule","[""COUNT_BASIS_UNRESOLVED"", ""EDGE_BAR_UNRESOLVED"", ""TOP_EXTENT_SOURCE_CONFLICT""]",BLOCKED_FROM_S7,True,"[""Q-COUNT"", ""Q-TOPEXT""]","IN_SCOPE_S7,NOT_SLAB",
CMP-0317,TOP_SUPPORT_Y,SUP-GF_ROOF_SLAB-042,GF_ROOF_SLAB,TOP_SUPPORT,,Y,,10,5 bars per metre (200 mm),,,,,,,,BLOCKED_UNQUANTIFIED,,"[""top anchor leg turned down into the support (shape only)""]",RUN-T-GF_ROOF_SLAB-042,"plan note 2 (P4-6-NOTE-2), floor rule","[""COUNT_BASIS_UNRESOLVED"", ""EDGE_BAR_UNRESOLVED"", ""TOP_EXTENT_SOURCE_CONFLICT""]",BLOCKED_FROM_S7,True,"[""Q-COUNT"", ""Q-TOPEXT""]","IN_SCOPE_S7,NOT_SLAB",
CMP-0318,TOP_SUPPORT_X,SUP-1F_ROOF_SLAB-043,1F_ROOF_SLAB,TOP_SUPPORT,,X,,10,5 bars per metre (200 mm),,,,,,,,BLOCKED_UNQUANTIFIED,,"[""top anchor leg turned down into the support (shape only)""]",RUN-T-1F_ROOF_SLAB-043,"plan note 2 (P4-6-NOTE-2), floor rule","[""COUNT_BASIS_UNRESOLVED"", ""EDGE_BAR_UNRESOLVED"", ""TOP_EXTENT_SOURCE_CONFLICT""]",BLOCKED_FROM_S7,True,"[""Q-COUNT"", ""Q-TOPEXT""]",IN_SCOPE_S7,
CMP-0319,TOP_SUPPORT_X,SUP-1F_ROOF_SLAB-044,1F_ROOF_SLAB,TOP_SUPPORT,,X,,10,5 bars per metre (200 mm),,,,,,,,BLOCKED_UNQUANTIFIED,,[],RUN-T-1F_ROOF_SLAB-044,"plan note 2 (P4-6-NOTE-2), floor rule","[""COUNT_BASIS_UNRESOLVED"", ""EDGE_BAR_UNRESOLVED"", ""TOP_EXTENT_SOURCE_CONFLICT""]",BLOCKED_FROM_S7,True,"[""Q-COUNT"", ""Q-TOPEXT""]",IN_SCOPE_S7,
CMP-0320,TOP_SUPPORT_X,SUP-1F_ROOF_SLAB-045,1F_ROOF_SLAB,TOP_SUPPORT,,X,,10,5 bars per metre (200 mm),,,,,,,,BLOCKED_UNQUANTIFIED,,[],RUN-T-1F_ROOF_SLAB-045,"plan note 2 (P4-6-NOTE-2), floor rule","[""COUNT_BASIS_UNRESOLVED"", ""EDGE_BAR_UNRESOLVED"", ""SUPPORT_CONTINUITY_UNRESOLVED"", ""TOP_EXTENT_SOURCE_CONFLICT""]",BLOCKED_FROM_S7,False,"[""Q-COUNT"", ""Q-TOPEXT""]","EXCLUDED_SPECIAL_STRUCTURE,IN_SCOPE_S7",
CMP-0321,TOP_SUPPORT_X,SUP-1F_ROOF_SLAB-046,1F_ROOF_SLAB,TOP_SUPPORT,,X,,10,5 bars per metre (200 mm),,,,,,,,BLOCKED_UNQUANTIFIED,,[],RUN-T-1F_ROOF_SLAB-046,"plan note 2 (P4-6-NOTE-2), floor rule","[""COUNT_BASIS_UNRESOLVED"", ""EDGE_BAR_UNRESOLVED"", ""TOP_EXTENT_SOURCE_CONFLICT""]",BLOCKED_FROM_S7,True,"[""Q-COUNT"", ""Q-TOPEXT""]",IN_SCOPE_S7,
CMP-0322,TOP_SUPPORT_Y,SUP-2F_ROOF_SLAB-047,2F_ROOF_SLAB,TOP_SUPPORT,,Y,,10,5 bars per metre (200 mm),,,,,,,,BLOCKED_UNQUANTIFIED,,"[""top anchor leg turned down into the support (shape only)""]",RUN-T-2F_ROOF_SLAB-047,"plan note 2 (P4-6-NOTE-2), floor rule","[""COUNT_BASIS_UNRESOLVED"", ""EDGE_BAR_UNRESOLVED"", ""TOP_EXTENT_SOURCE_CONFLICT""]",BLOCKED_FROM_S7,True,"[""Q-COUNT"", ""Q-TOPEXT""]","IN_SCOPE_S7,NOT_SLAB",
CMP-0323,TOP_SUPPORT_Y,SUP-2F_ROOF_SLAB-048,2F_ROOF_SLAB,TOP_SUPPORT,,Y,,10,5 bars per metre (200 mm),,,,,,,,BLOCKED_UNQUANTIFIED,,"[""top anchor leg turned down into the support (shape only)""]",RUN-T-2F_ROOF_SLAB-048,"plan note 2 (P4-6-NOTE-2), floor rule","[""COUNT_BASIS_UNRESOLVED"", ""EDGE_BAR_UNRESOLVED"", ""TOP_EXTENT_SOURCE_CONFLICT""]",BLOCKED_FROM_S7,True,"[""Q-COUNT"", ""Q-TOPEXT""]","IN_SCOPE_S7,NOT_SLAB",
CMP-0324,TOP_SUPPORT_Y,SUP-2F_ROOF_SLAB-049,2F_ROOF_SLAB,TOP_SUPPORT,,Y,,10,5 bars per metre (200 mm),,,,,,,,BLOCKED_UNQUANTIFIED,,"[""top anchor leg turned down into the support (shape only)""]",RUN-T-2F_ROOF_SLAB-049,"plan note 2 (P4-6-NOTE-2), floor rule","[""COUNT_BASIS_UNRESOLVED"", ""EDGE_BAR_UNRESOLVED"", ""TOP_EXTENT_SOURCE_CONFLICT""]",BLOCKED_FROM_S7,True,"[""Q-COUNT"", ""Q-TOPEXT""]","IN_SCOPE_S7,NOT_SLAB",
CMP-0325,TOP_SUPPORT_X,SUP-GF_ROOF_SLAB-050,GF_ROOF_SLAB,TOP_SUPPORT,,X,,10,5 bars per metre (200 mm),,,,,,,,BLOCKED_UNQUANTIFIED,,"[""top anchor leg turned down into the support (shape only)""]",RUN-T-GF_ROOF_SLAB-050,"plan note 2 (P4-6-NOTE-2), floor rule","[""COUNT_BASIS_UNRESOLVED"", ""EDGE_BAR_UNRESOLVED"", ""TOP_EXTENT_SOURCE_CONFLICT""]",BLOCKED_FROM_S7,True,"[""Q-COUNT"", ""Q-TOPEXT""]",IN_SCOPE_S7,
CMP-0326,TOP_SUPPORT_X,SUP-GF_ROOF_SLAB-051,GF_ROOF_SLAB,TOP_SUPPORT,,X,,10,5 bars per metre (200 mm),,,,,,,,BLOCKED_UNQUANTIFIED,,"[""top anchor leg turned down into the support (shape only)""]",RUN-T-GF_ROOF_SLAB-051,"plan note 2 (P4-6-NOTE-2), floor rule","[""COUNT_BASIS_UNRESOLVED"", ""EDGE_BAR_UNRESOLVED"", ""TOP_EXTENT_SOURCE_CONFLICT""]",BLOCKED_FROM_S7,True,"[""Q-COUNT"", ""Q-TOPEXT""]",IN_SCOPE_S7,
CMP-0327,TOP_SUPPORT_X,SUP-GF_ROOF_SLAB-052,GF_ROOF_SLAB,TOP_SUPPORT,,X,,10,5 bars per metre (200 mm),,,,,,,,BLOCKED_UNQUANTIFIED,,"[""top anchor leg turned down into the support (shape only)""]",RUN-T-GF_ROOF_SLAB-052,"plan note 2 (P4-6-NOTE-2), floor rule","[""COUNT_BASIS_UNRESOLVED"", ""EDGE_BAR_UNRESOLVED"", ""TOP_EXTENT_SOURCE_CONFLICT""]",BLOCKED_FROM_S7,True,"[""Q-COUNT"", ""Q-TOPEXT""]",IN_SCOPE_S7,
CMP-0328,TOP_SUPPORT_X,SUP-1F_ROOF_SLAB-053,1F_ROOF_SLAB,TOP_SUPPORT,,X,,10,5 bars per metre (200 mm),,,,,,,,BLOCKED_UNQUANTIFIED,,[],RUN-T-1F_ROOF_SLAB-053,"plan note 2 (P4-6-NOTE-2), floor rule","[""COUNT_BASIS_UNRESOLVED"", ""EDGE_BAR_UNRESOLVED"", ""TOP_EXTENT_SOURCE_CONFLICT""]",BLOCKED_FROM_S7,True,"[""Q-COUNT"", ""Q-TOPEXT""]",IN_SCOPE_S7,
CMP-0329,TOP_SUPPORT_Y,SUP-2F_ROOF_SLAB-054,2F_ROOF_SLAB,TOP_SUPPORT,,Y,,10,5 bars per metre (200 mm),,,,,,,,BLOCKED_UNQUANTIFIED,,"[""top anchor leg turned down into the support (shape only)""]",RUN-T-2F_ROOF_SLAB-054,"plan note 2 (P4-6-NOTE-2), floor rule","[""CLASSIFICATION_BLOCKED"", ""COUNT_BASIS_UNRESOLVED"", ""EDGE_BAR_UNRESOLVED"", ""TOP_EXTENT_SOURCE_CONFLICT""]",BLOCKED_FROM_S7,False,"[""Q-COUNT"", ""Q-TOPEXT""]","CLASSIFICATION_BLOCKED,NOT_SLAB",
CMP-0330,TOP_SUPPORT_Y,SUP-2F_ROOF_SLAB-055,2F_ROOF_SLAB,TOP_SUPPORT,,Y,,10,5 bars per metre (200 mm),,,,,,,,BLOCKED_UNQUANTIFIED,,"[""top anchor leg turned down into the support (shape only)""]",RUN-T-2F_ROOF_SLAB-055,"plan note 2 (P4-6-NOTE-2), floor rule","[""CLASSIFICATION_BLOCKED"", ""COUNT_BASIS_UNRESOLVED"", ""EDGE_BAR_UNRESOLVED"", ""TOP_EXTENT_SOURCE_CONFLICT""]",BLOCKED_FROM_S7,False,"[""Q-COUNT"", ""Q-TOPEXT""]","CLASSIFICATION_BLOCKED,NOT_SLAB",
CMP-0331,TOP_SUPPORT_Y,SUP-2F_ROOF_SLAB-056,2F_ROOF_SLAB,TOP_SUPPORT,,Y,,10,5 bars per metre (200 mm),,,,,,,,BLOCKED_UNQUANTIFIED,,"[""top anchor leg turned down into the support (shape only)""]",RUN-T-2F_ROOF_SLAB-056,"plan note 2 (P4-6-NOTE-2), floor rule","[""COUNT_BASIS_UNRESOLVED"", ""EDGE_BAR_UNRESOLVED"", ""TOP_EXTENT_SOURCE_CONFLICT""]",BLOCKED_FROM_S7,True,"[""Q-COUNT"", ""Q-TOPEXT""]","IN_SCOPE_S7,NOT_SLAB",
CMP-0332,TOP_SUPPORT_X,SUP-1F_ROOF_SLAB-057,1F_ROOF_SLAB,TOP_SUPPORT,,X,,10,5 bars per metre (200 mm),,,,,,,,BLOCKED_UNQUANTIFIED,,[],RUN-T-1F_ROOF_SLAB-057,"plan note 2 (P4-6-NOTE-2), floor rule","[""COUNT_BASIS_UNRESOLVED"", ""EDGE_BAR_UNRESOLVED"", ""TOP_EXTENT_SOURCE_CONFLICT""]",BLOCKED_FROM_S7,True,"[""Q-COUNT"", ""Q-TOPEXT""]",IN_SCOPE_S7,
CMP-0333,TOP_SUPPORT_X,SUP-1F_ROOF_SLAB-058,1F_ROOF_SLAB,TOP_SUPPORT,,X,,10,5 bars per metre (200 mm),,,,,,,,BLOCKED_UNQUANTIFIED,,[],RUN-T-1F_ROOF_SLAB-058,"plan note 2 (P4-6-NOTE-2), floor rule","[""COUNT_BASIS_UNRESOLVED"", ""EDGE_BAR_UNRESOLVED"", ""TOP_EXTENT_SOURCE_CONFLICT""]",BLOCKED_FROM_S7,True,"[""Q-COUNT"", ""Q-TOPEXT""]",IN_SCOPE_S7,
CMP-0334,TOP_SUPPORT_Y,SUP-2F_ROOF_SLAB-059,2F_ROOF_SLAB,TOP_SUPPORT,,Y,,10,5 bars per metre (200 mm),,,,,,,,BLOCKED_UNQUANTIFIED,,[],RUN-T-2F_ROOF_SLAB-059,"plan note 2 (P4-6-NOTE-2), floor rule","[""CLASSIFICATION_BLOCKED"", ""COUNT_BASIS_UNRESOLVED"", ""EDGE_BAR_UNRESOLVED"", ""SUPPORT_CONTINUITY_UNRESOLVED"", ""TOP_EXTENT_SOURCE_CONFLICT""]",BLOCKED_FROM_S7,False,"[""Q-COUNT"", ""Q-TOPEXT""]","CLASSIFICATION_BLOCKED,IN_SCOPE_S7",
CMP-0335,TOP_SUPPORT_X,SUP-GF_ROOF_SLAB-060,GF_ROOF_SLAB,TOP_SUPPORT,,X,,10,5 bars per metre (200 mm),,,,,,,,BLOCKED_UNQUANTIFIED,,"[""top anchor leg turned down into the support (shape only)""]",RUN-T-GF_ROOF_SLAB-060,"plan note 2 (P4-6-NOTE-2), floor rule","[""COUNT_BASIS_UNRESOLVED"", ""EDGE_BAR_UNRESOLVED"", ""TOP_EXTENT_SOURCE_CONFLICT""]",BLOCKED_FROM_S7,True,"[""Q-COUNT"", ""Q-TOPEXT""]","IN_SCOPE_S7,NOT_SLAB",
CMP-0336,TOP_SUPPORT_X,SUP-GF_ROOF_SLAB-061,GF_ROOF_SLAB,TOP_SUPPORT,,X,,10,5 bars per metre (200 mm),,,,,,,,BLOCKED_UNQUANTIFIED,,[],RUN-T-GF_ROOF_SLAB-061,"plan note 2 (P4-6-NOTE-2), floor rule","[""COUNT_BASIS_UNRESOLVED"", ""EDGE_BAR_UNRESOLVED"", ""SUPPORT_CONTINUITY_UNRESOLVED"", ""TOP_EXTENT_SOURCE_CONFLICT""]",BLOCKED_FROM_S7,False,"[""Q-COUNT"", ""Q-TOPEXT""]",IN_SCOPE_S7,
CMP-0337,TOP_SUPPORT_X,SUP-GF_ROOF_SLAB-062,GF_ROOF_SLAB,TOP_SUPPORT,,X,,10,5 bars per metre (200 mm),,,,,,,,BLOCKED_UNQUANTIFIED,,[],RUN-T-GF_ROOF_SLAB-062,"plan note 2 (P4-6-NOTE-2), floor rule","[""COUNT_BASIS_UNRESOLVED"", ""EDGE_BAR_UNRESOLVED"", ""TOP_EXTENT_SOURCE_CONFLICT""]",BLOCKED_FROM_S7,True,"[""Q-COUNT"", ""Q-TOPEXT""]",IN_SCOPE_S7,
CMP-0338,TOP_SUPPORT_Y,SUP-1F_ROOF_SLAB-063,1F_ROOF_SLAB,TOP_SUPPORT,,Y,,10,5 bars per metre (200 mm),,,,,,,,BLOCKED_UNQUANTIFIED,,[],RUN-T-1F_ROOF_SLAB-063,"plan note 2 (P4-6-NOTE-2), floor rule","[""COUNT_BASIS_UNRESOLVED"", ""EDGE_BAR_UNRESOLVED"", ""SUPPORT_CONTINUITY_UNRESOLVED"", ""TOP_EXTENT_SOURCE_CONFLICT""]",BLOCKED_FROM_S7,False,"[""Q-COUNT"", ""Q-TOPEXT""]","EXCLUDED_SPECIAL_STRUCTURE,IN_SCOPE_S7",
CMP-0339,TOP_SUPPORT_Y,SUP-1F_ROOF_SLAB-064,1F_ROOF_SLAB,TOP_SUPPORT,,Y,,10,5 bars per metre (200 mm),,,,,,,,BLOCKED_UNQUANTIFIED,,"[""top anchor leg turned down into the support (shape only)""]",RUN-T-1F_ROOF_SLAB-064,"plan note 2 (P4-6-NOTE-2), floor rule","[""COUNT_BASIS_UNRESOLVED"", ""EDGE_BAR_UNRESOLVED"", ""TOP_EXTENT_SOURCE_CONFLICT""]",BLOCKED_FROM_S7,True,"[""Q-COUNT"", ""Q-TOPEXT""]","IN_SCOPE_S7,NOT_SLAB",
CMP-0340,TOP_SUPPORT_X,SUP-GF_ROOF_SLAB-065,GF_ROOF_SLAB,TOP_SUPPORT,,X,,10,5 bars per metre (200 mm),,,,,,,,BLOCKED_UNQUANTIFIED,,[],RUN-T-GF_ROOF_SLAB-065,"plan note 2 (P4-6-NOTE-2), floor rule","[""COUNT_BASIS_UNRESOLVED"", ""EDGE_BAR_UNRESOLVED"", ""TOP_EXTENT_SOURCE_CONFLICT""]",BLOCKED_FROM_S7,True,"[""Q-COUNT"", ""Q-TOPEXT""]",IN_SCOPE_S7,
CMP-0341,TOP_SUPPORT_Y,SUP-2F_ROOF_SLAB-066,2F_ROOF_SLAB,TOP_SUPPORT,,Y,,10,5 bars per metre (200 mm),,,,,,,,BLOCKED_UNQUANTIFIED,,[],RUN-T-2F_ROOF_SLAB-066,"plan note 2 (P4-6-NOTE-2), floor rule","[""COUNT_BASIS_UNRESOLVED"", ""EDGE_BAR_UNRESOLVED"", ""TOP_EXTENT_SOURCE_CONFLICT""]",BLOCKED_FROM_S7,True,"[""Q-COUNT"", ""Q-TOPEXT""]",IN_SCOPE_S7,
CMP-0342,TOP_SUPPORT_Y,SUP-2F_ROOF_SLAB-067,2F_ROOF_SLAB,TOP_SUPPORT,,Y,,10,5 bars per metre (200 mm),,,,,,,,BLOCKED_UNQUANTIFIED,,[],RUN-T-2F_ROOF_SLAB-067,"plan note 2 (P4-6-NOTE-2), floor rule","[""COUNT_BASIS_UNRESOLVED"", ""EDGE_BAR_UNRESOLVED"", ""TOP_EXTENT_SOURCE_CONFLICT""]",BLOCKED_FROM_S7,True,"[""Q-COUNT"", ""Q-TOPEXT""]",IN_SCOPE_S7,
CMP-0343,TOP_SUPPORT_X,SUP-GF_ROOF_SLAB-068,GF_ROOF_SLAB,TOP_SUPPORT,,X,,10,5 bars per metre (200 mm),,,,,,,,BLOCKED_UNQUANTIFIED,,"[""top anchor leg turned down into the support (shape only)""]",RUN-T-GF_ROOF_SLAB-068,"plan note 2 (P4-6-NOTE-2), floor rule","[""COUNT_BASIS_UNRESOLVED"", ""EDGE_BAR_UNRESOLVED"", ""TOP_EXTENT_SOURCE_CONFLICT""]",BLOCKED_FROM_S7,True,"[""Q-COUNT"", ""Q-TOPEXT""]","IN_SCOPE_S7,NOT_SLAB",
CMP-0344,TOP_SUPPORT_X,SUP-GF_ROOF_SLAB-069,GF_ROOF_SLAB,TOP_SUPPORT,,X,,10,5 bars per metre (200 mm),,,,,,,,BLOCKED_UNQUANTIFIED,,[],RUN-T-GF_ROOF_SLAB-069,"plan note 2 (P4-6-NOTE-2), floor rule","[""COUNT_BASIS_UNRESOLVED"", ""EDGE_BAR_UNRESOLVED"", ""TOP_EXTENT_SOURCE_CONFLICT""]",BLOCKED_FROM_S7,True,"[""Q-COUNT"", ""Q-TOPEXT""]",IN_SCOPE_S7,
CMP-0345,TOP_SUPPORT_X,SUP-GF_ROOF_SLAB-070,GF_ROOF_SLAB,TOP_SUPPORT,,X,,10,5 bars per metre (200 mm),,,,,,,,BLOCKED_UNQUANTIFIED,,"[""top anchor leg turned down into the support (shape only)""]",RUN-T-GF_ROOF_SLAB-070,"plan note 2 (P4-6-NOTE-2), floor rule","[""COUNT_BASIS_UNRESOLVED"", ""EDGE_BAR_UNRESOLVED"", ""TOP_EXTENT_SOURCE_CONFLICT""]",BLOCKED_FROM_S7,True,"[""Q-COUNT"", ""Q-TOPEXT""]",IN_SCOPE_S7,
CMP-0346,TOP_SUPPORT_X,SUP-GF_ROOF_SLAB-071,GF_ROOF_SLAB,TOP_SUPPORT,,X,,10,5 bars per metre (200 mm),,,,,,,,BLOCKED_UNQUANTIFIED,,"[""top anchor leg turned down into the support (shape only)""]",RUN-T-GF_ROOF_SLAB-071,"plan note 2 (P4-6-NOTE-2), floor rule","[""COUNT_BASIS_UNRESOLVED"", ""EDGE_BAR_UNRESOLVED"", ""TOP_EXTENT_SOURCE_CONFLICT""]",BLOCKED_FROM_S7,True,"[""Q-COUNT"", ""Q-TOPEXT""]",IN_SCOPE_S7,
CMP-0347,TOP_SUPPORT_Y,SUP-1F_ROOF_SLAB-072,1F_ROOF_SLAB,TOP_SUPPORT,,Y,,10,5 bars per metre (200 mm),,,,,,,,BLOCKED_UNQUANTIFIED,,"[""top anchor leg turned down into the support (shape only)""]",RUN-T-1F_ROOF_SLAB-072,"plan note 2 (P4-6-NOTE-2), floor rule","[""COUNT_BASIS_UNRESOLVED"", ""EDGE_BAR_UNRESOLVED"", ""TOP_EXTENT_SOURCE_CONFLICT""]",BLOCKED_FROM_S7,True,"[""Q-COUNT"", ""Q-TOPEXT""]","IN_SCOPE_S7,NOT_SLAB",
CMP-0348,TOP_SUPPORT_Y,SUP-2F_ROOF_SLAB-073,2F_ROOF_SLAB,TOP_SUPPORT,,Y,,10,5 bars per metre (200 mm),,,,,,,,BLOCKED_UNQUANTIFIED,,[],RUN-T-2F_ROOF_SLAB-073,"plan note 2 (P4-6-NOTE-2), floor rule","[""CLASSIFICATION_BLOCKED"", ""COUNT_BASIS_UNRESOLVED"", ""EDGE_BAR_UNRESOLVED"", ""SUPPORT_CONTINUITY_UNRESOLVED"", ""TOP_EXTENT_SOURCE_CONFLICT""]",BLOCKED_FROM_S7,False,"[""Q-COUNT"", ""Q-TOPEXT""]","CLASSIFICATION_BLOCKED,IN_SCOPE_S7",
CMP-0349,TOP_SUPPORT_Y,SUP-1F_ROOF_SLAB-074,1F_ROOF_SLAB,TOP_SUPPORT,,Y,,10,5 bars per metre (200 mm),,,,,,,,BLOCKED_UNQUANTIFIED,,[],RUN-T-1F_ROOF_SLAB-074,"plan note 2 (P4-6-NOTE-2), floor rule","[""COUNT_BASIS_UNRESOLVED"", ""EDGE_BAR_UNRESOLVED"", ""SUPPORT_CONTINUITY_UNRESOLVED"", ""TOP_EXTENT_SOURCE_CONFLICT""]",BLOCKED_FROM_S7,False,"[""Q-COUNT"", ""Q-TOPEXT""]","EXCLUDED_SPECIAL_STRUCTURE,IN_SCOPE_S7",
CMP-0350,TOP_SUPPORT_X,SUP-GF_ROOF_SLAB-075,GF_ROOF_SLAB,TOP_SUPPORT,,X,,10,5 bars per metre (200 mm),,,,,,,,BLOCKED_UNQUANTIFIED,,[],RUN-T-GF_ROOF_SLAB-075,"plan note 2 (P4-6-NOTE-2), floor rule","[""COUNT_BASIS_UNRESOLVED"", ""EDGE_BAR_UNRESOLVED"", ""TOP_EXTENT_SOURCE_CONFLICT""]",BLOCKED_FROM_S7,True,"[""Q-COUNT"", ""Q-TOPEXT""]",IN_SCOPE_S7,
CMP-0351,TOP_SUPPORT_Y,SUP-1F_ROOF_SLAB-076,1F_ROOF_SLAB,TOP_SUPPORT,,Y,,10,5 bars per metre (200 mm),,,,,,,,BLOCKED_UNQUANTIFIED,,[],RUN-T-1F_ROOF_SLAB-076,"plan note 2 (P4-6-NOTE-2), floor rule","[""COUNT_BASIS_UNRESOLVED"", ""EDGE_BAR_UNRESOLVED"", ""SUPPORT_CONTINUITY_UNRESOLVED"", ""TOP_EXTENT_SOURCE_CONFLICT""]",BLOCKED_FROM_S7,False,"[""Q-COUNT"", ""Q-TOPEXT""]","EXCLUDED_SPECIAL_STRUCTURE,IN_SCOPE_S7",
CMP-0352,TOP_SUPPORT_X,SUP-GF_ROOF_SLAB-077,GF_ROOF_SLAB,TOP_SUPPORT,,X,,10,5 bars per metre (200 mm),,,,,,,,BLOCKED_UNQUANTIFIED,,[],RUN-T-GF_ROOF_SLAB-077,"plan note 2 (P4-6-NOTE-2), floor rule","[""COUNT_BASIS_UNRESOLVED"", ""EDGE_BAR_UNRESOLVED"", ""TOP_EXTENT_SOURCE_CONFLICT""]",BLOCKED_FROM_S7,True,"[""Q-COUNT"", ""Q-TOPEXT""]",IN_SCOPE_S7,
CMP-0353,TOP_SUPPORT_X,SUP-GF_ROOF_SLAB-078,GF_ROOF_SLAB,TOP_SUPPORT,,X,,10,5 bars per metre (200 mm),,,,,,,,BLOCKED_UNQUANTIFIED,,[],RUN-T-GF_ROOF_SLAB-078,"plan note 2 (P4-6-NOTE-2), floor rule","[""CLASSIFICATION_BLOCKED"", ""COUNT_BASIS_UNRESOLVED"", ""EDGE_BAR_UNRESOLVED"", ""SUPPORT_CONTINUITY_UNRESOLVED"", ""TOP_EXTENT_SOURCE_CONFLICT""]",BLOCKED_FROM_S7,False,"[""Q-COUNT"", ""Q-TOPEXT""]","CLASSIFICATION_BLOCKED,IN_SCOPE_S7",
CMP-0354,TOP_SUPPORT_X,SUP-GF_ROOF_SLAB-079,GF_ROOF_SLAB,TOP_SUPPORT,,X,,10,5 bars per metre (200 mm),,,,,,,,BLOCKED_UNQUANTIFIED,,[],RUN-T-GF_ROOF_SLAB-079,"plan note 2 (P4-6-NOTE-2), floor rule","[""COUNT_BASIS_UNRESOLVED"", ""EDGE_BAR_UNRESOLVED"", ""TOP_EXTENT_SOURCE_CONFLICT""]",BLOCKED_FROM_S7,True,"[""Q-COUNT"", ""Q-TOPEXT""]",IN_SCOPE_S7,
CMP-0355,TOP_SUPPORT_X,SUP-1F_ROOF_SLAB-080,1F_ROOF_SLAB,TOP_SUPPORT,,X,,10,5 bars per metre (200 mm),,,,,,,,BLOCKED_UNQUANTIFIED,,[],RUN-T-1F_ROOF_SLAB-080,"plan note 2 (P4-6-NOTE-2), floor rule","[""COUNT_BASIS_UNRESOLVED"", ""EDGE_BAR_UNRESOLVED"", ""TOP_EXTENT_SOURCE_CONFLICT""]",BLOCKED_FROM_S7,True,"[""Q-COUNT"", ""Q-TOPEXT""]",IN_SCOPE_S7,
CMP-0356,TOP_SUPPORT_X,SUP-1F_ROOF_SLAB-081,1F_ROOF_SLAB,TOP_SUPPORT,,X,,10,5 bars per metre (200 mm),,,,,,,,BLOCKED_UNQUANTIFIED,,[],RUN-T-1F_ROOF_SLAB-081,"plan note 2 (P4-6-NOTE-2), floor rule","[""COUNT_BASIS_UNRESOLVED"", ""EDGE_BAR_UNRESOLVED"", ""TOP_EXTENT_SOURCE_CONFLICT""]",BLOCKED_FROM_S7,True,"[""Q-COUNT"", ""Q-TOPEXT""]",IN_SCOPE_S7,
CMP-0357,TOP_SUPPORT_X,SUP-GF_ROOF_SLAB-082,GF_ROOF_SLAB,TOP_SUPPORT,,X,,10,5 bars per metre (200 mm),,,,,,,,BLOCKED_UNQUANTIFIED,,[],RUN-T-GF_ROOF_SLAB-082,"plan note 2 (P4-6-NOTE-2), floor rule","[""COUNT_BASIS_UNRESOLVED"", ""EDGE_BAR_UNRESOLVED"", ""SUPPORT_CONTINUITY_UNRESOLVED"", ""TOP_EXTENT_SOURCE_CONFLICT""]",BLOCKED_FROM_S7,False,"[""Q-COUNT"", ""Q-TOPEXT""]",IN_SCOPE_S7,
CMP-0358,TOP_SUPPORT_X,SUP-GF_ROOF_SLAB-083,GF_ROOF_SLAB,TOP_SUPPORT,,X,,10,5 bars per metre (200 mm),,,,,,,,BLOCKED_UNQUANTIFIED,,[],RUN-T-GF_ROOF_SLAB-083,"plan note 2 (P4-6-NOTE-2), floor rule","[""COUNT_BASIS_UNRESOLVED"", ""EDGE_BAR_UNRESOLVED"", ""TOP_EXTENT_SOURCE_CONFLICT""]",BLOCKED_FROM_S7,True,"[""Q-COUNT"", ""Q-TOPEXT""]",IN_SCOPE_S7,
CMP-0359,TOP_SUPPORT_X,SUP-GF_ROOF_SLAB-084,GF_ROOF_SLAB,TOP_SUPPORT,,X,,10,5 bars per metre (200 mm),,,,,,,,BLOCKED_UNQUANTIFIED,,[],RUN-T-GF_ROOF_SLAB-084,"plan note 2 (P4-6-NOTE-2), floor rule","[""COUNT_BASIS_UNRESOLVED"", ""EDGE_BAR_UNRESOLVED"", ""TOP_EXTENT_SOURCE_CONFLICT""]",BLOCKED_FROM_S7,True,"[""Q-COUNT"", ""Q-TOPEXT""]",IN_SCOPE_S7,
CMP-0360,TOP_SUPPORT_X,SUP-GF_ROOF_SLAB-085,GF_ROOF_SLAB,TOP_SUPPORT,,X,,10,5 bars per metre (200 mm),,,,,,,,BLOCKED_UNQUANTIFIED,,[],RUN-T-GF_ROOF_SLAB-085,"plan note 2 (P4-6-NOTE-2), floor rule","[""CLASSIFICATION_BLOCKED"", ""COUNT_BASIS_UNRESOLVED"", ""EDGE_BAR_UNRESOLVED"", ""SUPPORT_CONTINUITY_UNRESOLVED"", ""TOP_EXTENT_SOURCE_CONFLICT""]",BLOCKED_FROM_S7,False,"[""Q-COUNT"", ""Q-TOPEXT""]","CLASSIFICATION_BLOCKED,EXCLUDED_SPECIAL_STRUCTURE",
CMP-0361,TOP_SUPPORT_X,SUP-1F_ROOF_SLAB-086,1F_ROOF_SLAB,TOP_SUPPORT,,X,,10,5 bars per metre (200 mm),,,,,,,,BLOCKED_UNQUANTIFIED,,[],RUN-T-1F_ROOF_SLAB-086,"plan note 2 (P4-6-NOTE-2), floor rule","[""COUNT_BASIS_UNRESOLVED"", ""EDGE_BAR_UNRESOLVED"", ""SUPPORT_CONTINUITY_UNRESOLVED"", ""TOP_EXTENT_SOURCE_CONFLICT""]",BLOCKED_FROM_S7,False,"[""Q-COUNT"", ""Q-TOPEXT""]",IN_SCOPE_S7,
CMP-0362,TOP_SUPPORT_X,SUP-1F_ROOF_SLAB-087,1F_ROOF_SLAB,TOP_SUPPORT,,X,,10,5 bars per metre (200 mm),,,,,,,,BLOCKED_UNQUANTIFIED,,"[""top anchor leg turned down into the support (shape only)""]",RUN-T-1F_ROOF_SLAB-087,"plan note 2 (P4-6-NOTE-2), floor rule","[""COUNT_BASIS_UNRESOLVED"", ""EDGE_BAR_UNRESOLVED"", ""TOP_EXTENT_SOURCE_CONFLICT""]",BLOCKED_FROM_S7,True,"[""Q-COUNT"", ""Q-TOPEXT""]","IN_SCOPE_S7,VOID_OR_OPENING",
CMP-0363,TOP_SUPPORT_X,SUP-GF_ROOF_SLAB-088,GF_ROOF_SLAB,TOP_SUPPORT,,X,,10,5 bars per metre (200 mm),,,,,,,,BLOCKED_UNQUANTIFIED,,[],RUN-T-GF_ROOF_SLAB-088,"plan note 2 (P4-6-NOTE-2), floor rule","[""COUNT_BASIS_UNRESOLVED"", ""EDGE_BAR_UNRESOLVED"", ""TOP_EXTENT_SOURCE_CONFLICT""]",BLOCKED_FROM_S7,True,"[""Q-COUNT"", ""Q-TOPEXT""]",IN_SCOPE_S7,
CMP-0364,TOP_SUPPORT_X,SUP-GF_ROOF_SLAB-089,GF_ROOF_SLAB,TOP_SUPPORT,,X,,10,5 bars per metre (200 mm),,,,,,,,BLOCKED_UNQUANTIFIED,,[],RUN-T-GF_ROOF_SLAB-089,"plan note 2 (P4-6-NOTE-2), floor rule","[""COUNT_BASIS_UNRESOLVED"", ""EDGE_BAR_UNRESOLVED"", ""TOP_EXTENT_SOURCE_CONFLICT""]",BLOCKED_FROM_S7,True,"[""Q-COUNT"", ""Q-TOPEXT""]",IN_SCOPE_S7,
CMP-0365,TOP_SUPPORT_X,SUP-GF_ROOF_SLAB-090,GF_ROOF_SLAB,TOP_SUPPORT,,X,,10,5 bars per metre (200 mm),,,,,,,,BLOCKED_UNQUANTIFIED,,[],RUN-T-GF_ROOF_SLAB-090,"plan note 2 (P4-6-NOTE-2), floor rule","[""COUNT_BASIS_UNRESOLVED"", ""EDGE_BAR_UNRESOLVED"", ""SUPPORT_CONTINUITY_UNRESOLVED"", ""TOP_EXTENT_SOURCE_CONFLICT""]",BLOCKED_FROM_S7,False,"[""Q-COUNT"", ""Q-TOPEXT""]",IN_SCOPE_S7,
CMP-0366,TOP_SUPPORT_X,SUP-1F_ROOF_SLAB-091,1F_ROOF_SLAB,TOP_SUPPORT,,X,,10,5 bars per metre (200 mm),,,,,,,,BLOCKED_UNQUANTIFIED,,[],RUN-T-1F_ROOF_SLAB-091,"plan note 2 (P4-6-NOTE-2), floor rule","[""COUNT_BASIS_UNRESOLVED"", ""EDGE_BAR_UNRESOLVED"", ""SUPPORT_CONTINUITY_UNRESOLVED"", ""TOP_EXTENT_SOURCE_CONFLICT""]",BLOCKED_FROM_S7,False,"[""Q-COUNT"", ""Q-TOPEXT""]","EXCLUDED_SPECIAL_STRUCTURE,IN_SCOPE_S7",
CMP-0367,TOP_SUPPORT_X,SUP-1F_ROOF_SLAB-092,1F_ROOF_SLAB,TOP_SUPPORT,,X,,10,5 bars per metre (200 mm),,,,,,,,BLOCKED_UNQUANTIFIED,,"[""top anchor leg turned down into the support (shape only)""]",RUN-T-1F_ROOF_SLAB-092,"plan note 2 (P4-6-NOTE-2), floor rule","[""COUNT_BASIS_UNRESOLVED"", ""EDGE_BAR_UNRESOLVED"", ""TOP_EXTENT_SOURCE_CONFLICT""]",BLOCKED_FROM_S7,True,"[""Q-COUNT"", ""Q-TOPEXT""]","IN_SCOPE_S7,VOID_OR_OPENING",
CMP-0368,TOP_SUPPORT_Y,SUP-GF_ROOF_SLAB-093,GF_ROOF_SLAB,TOP_SUPPORT,,Y,,10,5 bars per metre (200 mm),,,,,,,,BLOCKED_UNQUANTIFIED,,"[""top anchor leg turned down into the support (shape only)""]",RUN-T-GF_ROOF_SLAB-093,"plan note 2 (P4-6-NOTE-2), floor rule","[""COUNT_BASIS_UNRESOLVED"", ""EDGE_BAR_UNRESOLVED"", ""TOP_EXTENT_SOURCE_CONFLICT""]",BLOCKED_FROM_S7,True,"[""Q-COUNT"", ""Q-TOPEXT""]",IN_SCOPE_S7,
CMP-0369,TOP_SUPPORT_Y,SUP-GF_ROOF_SLAB-094,GF_ROOF_SLAB,TOP_SUPPORT,,Y,,10,5 bars per metre (200 mm),,,,,,,,BLOCKED_UNQUANTIFIED,,"[""top anchor leg turned down into the support (shape only)""]",RUN-T-GF_ROOF_SLAB-094,"plan note 2 (P4-6-NOTE-2), floor rule","[""COUNT_BASIS_UNRESOLVED"", ""EDGE_BAR_UNRESOLVED"", ""TOP_EXTENT_SOURCE_CONFLICT""]",BLOCKED_FROM_S7,True,"[""Q-COUNT"", ""Q-TOPEXT""]","IN_SCOPE_S7,NOT_SLAB",
CMP-0370,TOP_SUPPORT_X,SUP-1F_ROOF_SLAB-095,1F_ROOF_SLAB,TOP_SUPPORT,,X,,10,5 bars per metre (200 mm),,,,,,,,BLOCKED_UNQUANTIFIED,,[],RUN-T-1F_ROOF_SLAB-095,"plan note 2 (P4-6-NOTE-2), floor rule","[""COUNT_BASIS_UNRESOLVED"", ""EDGE_BAR_UNRESOLVED"", ""TOP_EXTENT_SOURCE_CONFLICT""]",BLOCKED_FROM_S7,True,"[""Q-COUNT"", ""Q-TOPEXT""]",IN_SCOPE_S7,
CMP-0371,TOP_SUPPORT_Y,SUP-GF_ROOF_SLAB-096,GF_ROOF_SLAB,TOP_SUPPORT,,Y,,10,5 bars per metre (200 mm),,,,,,,,BLOCKED_UNQUANTIFIED,,[],RUN-T-GF_ROOF_SLAB-096,"plan note 2 (P4-6-NOTE-2), floor rule","[""CLASSIFICATION_BLOCKED"", ""COUNT_BASIS_UNRESOLVED"", ""EDGE_BAR_UNRESOLVED"", ""SUPPORT_CONTINUITY_UNRESOLVED"", ""TOP_EXTENT_SOURCE_CONFLICT""]",BLOCKED_FROM_S7,False,"[""Q-COUNT"", ""Q-TOPEXT""]","CLASSIFICATION_BLOCKED,IN_SCOPE_S7",
CMP-0372,TOP_SUPPORT_Y,SUP-GF_ROOF_SLAB-097,GF_ROOF_SLAB,TOP_SUPPORT,,Y,,10,5 bars per metre (200 mm),,,,,,,,BLOCKED_UNQUANTIFIED,,[],RUN-T-GF_ROOF_SLAB-097,"plan note 2 (P4-6-NOTE-2), floor rule","[""COUNT_BASIS_UNRESOLVED"", ""EDGE_BAR_UNRESOLVED"", ""TOP_EXTENT_SOURCE_CONFLICT""]",BLOCKED_FROM_S7,True,"[""Q-COUNT"", ""Q-TOPEXT""]",IN_SCOPE_S7,
CMP-0373,TOP_SUPPORT_Y,SUP-GF_ROOF_SLAB-098,GF_ROOF_SLAB,TOP_SUPPORT,,Y,,10,5 bars per metre (200 mm),,,,,,,,BLOCKED_UNQUANTIFIED,,[],RUN-T-GF_ROOF_SLAB-098,"plan note 2 (P4-6-NOTE-2), floor rule","[""COUNT_BASIS_UNRESOLVED"", ""EDGE_BAR_UNRESOLVED"", ""TOP_EXTENT_SOURCE_CONFLICT""]",BLOCKED_FROM_S7,True,"[""Q-COUNT"", ""Q-TOPEXT""]",IN_SCOPE_S7,
CMP-0374,TOP_SUPPORT_Y,SUP-GF_ROOF_SLAB-099,GF_ROOF_SLAB,TOP_SUPPORT,,Y,,10,5 bars per metre (200 mm),,,,,,,,BLOCKED_UNQUANTIFIED,,[],RUN-T-GF_ROOF_SLAB-099,"plan note 2 (P4-6-NOTE-2), floor rule","[""COUNT_BASIS_UNRESOLVED"", ""EDGE_BAR_UNRESOLVED"", ""SUPPORT_CONTINUITY_UNRESOLVED"", ""TOP_EXTENT_SOURCE_CONFLICT""]",BLOCKED_FROM_S7,False,"[""Q-COUNT"", ""Q-TOPEXT""]","EXCLUDED_SPECIAL_STRUCTURE,IN_SCOPE_S7",
CMP-0375,TOP_SUPPORT_Y,SUP-GF_ROOF_SLAB-100,GF_ROOF_SLAB,TOP_SUPPORT,,Y,,10,5 bars per metre (200 mm),,,,,,,,BLOCKED_UNQUANTIFIED,,[],RUN-T-GF_ROOF_SLAB-100,"plan note 2 (P4-6-NOTE-2), floor rule","[""COUNT_BASIS_UNRESOLVED"", ""EDGE_BAR_UNRESOLVED"", ""SUPPORT_CONTINUITY_UNRESOLVED"", ""TOP_EXTENT_SOURCE_CONFLICT""]",BLOCKED_FROM_S7,False,"[""Q-COUNT"", ""Q-TOPEXT""]","EXCLUDED_SPECIAL_STRUCTURE,IN_SCOPE_S7",
CMP-0376,TOP_SUPPORT_Y,SUP-GF_ROOF_SLAB-101,GF_ROOF_SLAB,TOP_SUPPORT,,Y,,10,5 bars per metre (200 mm),,,,,,,,BLOCKED_UNQUANTIFIED,,[],RUN-T-GF_ROOF_SLAB-101,"plan note 2 (P4-6-NOTE-2), floor rule","[""COUNT_BASIS_UNRESOLVED"", ""EDGE_BAR_UNRESOLVED"", ""SUPPORT_CONTINUITY_UNRESOLVED"", ""TOP_EXTENT_SOURCE_CONFLICT""]",BLOCKED_FROM_S7,False,"[""Q-COUNT"", ""Q-TOPEXT""]",IN_SCOPE_S7,
CMP-0377,TOP_SUPPORT_Y,SUP-1F_ROOF_SLAB-102,1F_ROOF_SLAB,TOP_SUPPORT,,Y,,10,5 bars per metre (200 mm),,,,,,,,BLOCKED_UNQUANTIFIED,,"[""top anchor leg turned down into the support (shape only)""]",RUN-T-1F_ROOF_SLAB-102,"plan note 2 (P4-6-NOTE-2), floor rule","[""COUNT_BASIS_UNRESOLVED"", ""EDGE_BAR_UNRESOLVED"", ""TOP_EXTENT_SOURCE_CONFLICT""]",BLOCKED_FROM_S7,True,"[""Q-COUNT"", ""Q-TOPEXT""]","IN_SCOPE_S7,NOT_SLAB",
CMP-0378,TOP_SUPPORT_Y,SUP-1F_ROOF_SLAB-103,1F_ROOF_SLAB,TOP_SUPPORT,,Y,,10,5 bars per metre (200 mm),,,,,,,,BLOCKED_UNQUANTIFIED,,"[""top anchor leg turned down into the support (shape only)""]",RUN-T-1F_ROOF_SLAB-103,"plan note 2 (P4-6-NOTE-2), floor rule","[""COUNT_BASIS_UNRESOLVED"", ""EDGE_BAR_UNRESOLVED"", ""TOP_EXTENT_SOURCE_CONFLICT""]",BLOCKED_FROM_S7,True,"[""Q-COUNT"", ""Q-TOPEXT""]","IN_SCOPE_S7,NOT_SLAB",
CMP-0379,TOP_SUPPORT_Y,SUP-1F_ROOF_SLAB-104,1F_ROOF_SLAB,TOP_SUPPORT,,Y,,10,5 bars per metre (200 mm),,,,,,,,BLOCKED_UNQUANTIFIED,,"[""top anchor leg turned down into the support (shape only)""]",RUN-T-1F_ROOF_SLAB-104,"plan note 2 (P4-6-NOTE-2), floor rule","[""COUNT_BASIS_UNRESOLVED"", ""EDGE_BAR_UNRESOLVED"", ""TOP_EXTENT_SOURCE_CONFLICT""]",BLOCKED_FROM_S7,True,"[""Q-COUNT"", ""Q-TOPEXT""]","IN_SCOPE_S7,NOT_SLAB",
CMP-0380,TOP_SUPPORT_Y,SUP-1F_ROOF_SLAB-105,1F_ROOF_SLAB,TOP_SUPPORT,,Y,,10,5 bars per metre (200 mm),,,,,,,,BLOCKED_UNQUANTIFIED,,"[""top anchor leg turned down into the support (shape only)""]",RUN-T-1F_ROOF_SLAB-105,"plan note 2 (P4-6-NOTE-2), floor rule","[""COUNT_BASIS_UNRESOLVED"", ""EDGE_BAR_UNRESOLVED"", ""TOP_EXTENT_SOURCE_CONFLICT""]",BLOCKED_FROM_S7,True,"[""Q-COUNT"", ""Q-TOPEXT""]","IN_SCOPE_S7,NOT_SLAB",
CMP-0381,TOP_SUPPORT_X,SUP-GF_ROOF_SLAB-106,GF_ROOF_SLAB,TOP_SUPPORT,,X,,10,5 bars per metre (200 mm),,,,,,,,BLOCKED_UNQUANTIFIED,,[],RUN-T-GF_ROOF_SLAB-106,"plan note 2 (P4-6-NOTE-2), floor rule","[""COUNT_BASIS_UNRESOLVED"", ""EDGE_BAR_UNRESOLVED"", ""TOP_EXTENT_SOURCE_CONFLICT""]",BLOCKED_FROM_S7,True,"[""Q-COUNT"", ""Q-TOPEXT""]",IN_SCOPE_S7,
CMP-0382,TOP_SUPPORT_X,SUP-GF_ROOF_SLAB-107,GF_ROOF_SLAB,TOP_SUPPORT,,X,,10,5 bars per metre (200 mm),,,,,,,,BLOCKED_UNQUANTIFIED,,[],RUN-T-GF_ROOF_SLAB-107,"plan note 2 (P4-6-NOTE-2), floor rule","[""COUNT_BASIS_UNRESOLVED"", ""EDGE_BAR_UNRESOLVED"", ""TOP_EXTENT_SOURCE_CONFLICT""]",BLOCKED_FROM_S7,True,"[""Q-COUNT"", ""Q-TOPEXT""]",IN_SCOPE_S7,
CMP-0383,TOP_SUPPORT_X,SUP-GF_ROOF_SLAB-108,GF_ROOF_SLAB,TOP_SUPPORT,,X,,10,5 bars per metre (200 mm),,,,,,,,BLOCKED_UNQUANTIFIED,,[],RUN-T-GF_ROOF_SLAB-108,"plan note 2 (P4-6-NOTE-2), floor rule","[""COUNT_BASIS_UNRESOLVED"", ""EDGE_BAR_UNRESOLVED"", ""TOP_EXTENT_SOURCE_CONFLICT""]",BLOCKED_FROM_S7,True,"[""Q-COUNT"", ""Q-TOPEXT""]",IN_SCOPE_S7,
CMP-0384,TOP_SUPPORT_Y,SUP-GF_ROOF_SLAB-109,GF_ROOF_SLAB,TOP_SUPPORT,,Y,,10,5 bars per metre (200 mm),,,,,,,,BLOCKED_UNQUANTIFIED,,"[""top anchor leg turned down into the support (shape only)""]",RUN-T-GF_ROOF_SLAB-109,"plan note 2 (P4-6-NOTE-2), floor rule","[""COUNT_BASIS_UNRESOLVED"", ""EDGE_BAR_UNRESOLVED"", ""TOP_EXTENT_SOURCE_CONFLICT""]",BLOCKED_FROM_S7,True,"[""Q-COUNT"", ""Q-TOPEXT""]",IN_SCOPE_S7,
CMP-0385,TOP_SUPPORT_Y,SUP-GF_ROOF_SLAB-110,GF_ROOF_SLAB,TOP_SUPPORT,,Y,,10,5 bars per metre (200 mm),,,,,,,,BLOCKED_UNQUANTIFIED,,"[""top anchor leg turned down into the support (shape only)""]",RUN-T-GF_ROOF_SLAB-110,"plan note 2 (P4-6-NOTE-2), floor rule","[""COUNT_BASIS_UNRESOLVED"", ""EDGE_BAR_UNRESOLVED"", ""TOP_EXTENT_SOURCE_CONFLICT""]",BLOCKED_FROM_S7,True,"[""Q-COUNT"", ""Q-TOPEXT""]",IN_SCOPE_S7,
CMP-0386,TOP_SUPPORT_Y,SUP-GF_ROOF_SLAB-111,GF_ROOF_SLAB,TOP_SUPPORT,,Y,,10,5 bars per metre (200 mm),,,,,,,,BLOCKED_UNQUANTIFIED,,"[""top anchor leg turned down into the support (shape only)""]",RUN-T-GF_ROOF_SLAB-111,"plan note 2 (P4-6-NOTE-2), floor rule","[""COUNT_BASIS_UNRESOLVED"", ""EDGE_BAR_UNRESOLVED"", ""TOP_EXTENT_SOURCE_CONFLICT""]",BLOCKED_FROM_S7,True,"[""Q-COUNT"", ""Q-TOPEXT""]",IN_SCOPE_S7,
CMP-0387,TOP_SUPPORT_Y,SUP-GF_ROOF_SLAB-112,GF_ROOF_SLAB,TOP_SUPPORT,,Y,,10,5 bars per metre (200 mm),,,,,,,,BLOCKED_UNQUANTIFIED,,"[""top anchor leg turned down into the support (shape only)""]",RUN-T-GF_ROOF_SLAB-112,"plan note 2 (P4-6-NOTE-2), floor rule","[""COUNT_BASIS_UNRESOLVED"", ""EDGE_BAR_UNRESOLVED"", ""TOP_EXTENT_SOURCE_CONFLICT""]",BLOCKED_FROM_S7,True,"[""Q-COUNT"", ""Q-TOPEXT""]",IN_SCOPE_S7,
CMP-0388,TOP_SUPPORT_Y,SUP-1F_ROOF_SLAB-113,1F_ROOF_SLAB,TOP_SUPPORT,,Y,,10,5 bars per metre (200 mm),,,,,,,,BLOCKED_UNQUANTIFIED,,"[""top anchor leg turned down into the support (shape only)""]",RUN-T-1F_ROOF_SLAB-113,"plan note 2 (P4-6-NOTE-2), floor rule","[""COUNT_BASIS_UNRESOLVED"", ""EDGE_BAR_UNRESOLVED"", ""TOP_EXTENT_SOURCE_CONFLICT""]",BLOCKED_FROM_S7,True,"[""Q-COUNT"", ""Q-TOPEXT""]","IN_SCOPE_S7,NOT_SLAB",
CMP-0389,TOP_SUPPORT_Y,SUP-1F_ROOF_SLAB-114,1F_ROOF_SLAB,TOP_SUPPORT,,Y,,10,5 bars per metre (200 mm),,,,,,,,BLOCKED_UNQUANTIFIED,,"[""top anchor leg turned down into the support (shape only)""]",RUN-T-1F_ROOF_SLAB-114,"plan note 2 (P4-6-NOTE-2), floor rule","[""COUNT_BASIS_UNRESOLVED"", ""EDGE_BAR_UNRESOLVED"", ""TOP_EXTENT_SOURCE_CONFLICT""]",BLOCKED_FROM_S7,True,"[""Q-COUNT"", ""Q-TOPEXT""]","IN_SCOPE_S7,NOT_SLAB",
CMP-0390,TOP_SUPPORT_Y,SUP-1F_ROOF_SLAB-115,1F_ROOF_SLAB,TOP_SUPPORT,,Y,,10,5 bars per metre (200 mm),,,,,,,,BLOCKED_UNQUANTIFIED,,"[""top anchor leg turned down into the support (shape only)""]",RUN-T-1F_ROOF_SLAB-115,"plan note 2 (P4-6-NOTE-2), floor rule","[""COUNT_BASIS_UNRESOLVED"", ""EDGE_BAR_UNRESOLVED"", ""TOP_EXTENT_SOURCE_CONFLICT""]",BLOCKED_FROM_S7,True,"[""Q-COUNT"", ""Q-TOPEXT""]","IN_SCOPE_S7,NOT_SLAB",
CMP-0391,TOP_SUPPORT_Y,SUP-1F_ROOF_SLAB-116,1F_ROOF_SLAB,TOP_SUPPORT,,Y,,10,5 bars per metre (200 mm),,,,,,,,BLOCKED_UNQUANTIFIED,,"[""top anchor leg turned down into the support (shape only)""]",RUN-T-1F_ROOF_SLAB-116,"plan note 2 (P4-6-NOTE-2), floor rule","[""COUNT_BASIS_UNRESOLVED"", ""EDGE_BAR_UNRESOLVED"", ""TOP_EXTENT_SOURCE_CONFLICT""]",BLOCKED_FROM_S7,True,"[""Q-COUNT"", ""Q-TOPEXT""]","IN_SCOPE_S7,NOT_SLAB",
CMP-0392,TOP_SUPPORT_Y,SUP-1F_ROOF_SLAB-117,1F_ROOF_SLAB,TOP_SUPPORT,,Y,,10,5 bars per metre (200 mm),,,,,,,,BLOCKED_UNQUANTIFIED,,[],RUN-T-1F_ROOF_SLAB-117,"plan note 2 (P4-6-NOTE-2), floor rule","[""COUNT_BASIS_UNRESOLVED"", ""EDGE_BAR_UNRESOLVED"", ""TOP_EXTENT_SOURCE_CONFLICT""]",BLOCKED_FROM_S7,True,"[""Q-COUNT"", ""Q-TOPEXT""]",IN_SCOPE_S7,
CMP-0393,TOP_SUPPORT_Y,SUP-1F_ROOF_SLAB-118,1F_ROOF_SLAB,TOP_SUPPORT,,Y,,10,5 bars per metre (200 mm),,,,,,,,BLOCKED_UNQUANTIFIED,,[],RUN-T-1F_ROOF_SLAB-118,"plan note 2 (P4-6-NOTE-2), floor rule","[""COUNT_BASIS_UNRESOLVED"", ""EDGE_BAR_UNRESOLVED"", ""TOP_EXTENT_SOURCE_CONFLICT""]",BLOCKED_FROM_S7,True,"[""Q-COUNT"", ""Q-TOPEXT""]",IN_SCOPE_S7,
CMP-0394,TOP_SUPPORT_Y,SUP-1F_ROOF_SLAB-119,1F_ROOF_SLAB,TOP_SUPPORT,,Y,,10,5 bars per metre (200 mm),,,,,,,,BLOCKED_UNQUANTIFIED,,[],RUN-T-1F_ROOF_SLAB-119,"plan note 2 (P4-6-NOTE-2), floor rule","[""COUNT_BASIS_UNRESOLVED"", ""EDGE_BAR_UNRESOLVED"", ""TOP_EXTENT_SOURCE_CONFLICT""]",BLOCKED_FROM_S7,True,"[""Q-COUNT"", ""Q-TOPEXT""]",IN_SCOPE_S7,
CMP-0395,TOP_SUPPORT_X,SUP-GF_ROOF_SLAB-120,GF_ROOF_SLAB,TOP_SUPPORT,,X,,10,5 bars per metre (200 mm),,,,,,,,BLOCKED_UNQUANTIFIED,,[],RUN-T-GF_ROOF_SLAB-120,"plan note 2 (P4-6-NOTE-2), floor rule","[""COUNT_BASIS_UNRESOLVED"", ""EDGE_BAR_UNRESOLVED"", ""SUPPORT_CONTINUITY_UNRESOLVED"", ""TOP_EXTENT_SOURCE_CONFLICT""]",BLOCKED_FROM_S7,False,"[""Q-COUNT"", ""Q-TOPEXT""]",IN_SCOPE_S7,
CMP-0396,TOP_SUPPORT_X,SUP-GF_ROOF_SLAB-121,GF_ROOF_SLAB,TOP_SUPPORT,,X,,10,5 bars per metre (200 mm),,,,,,,,BLOCKED_UNQUANTIFIED,,[],RUN-T-GF_ROOF_SLAB-121,"plan note 2 (P4-6-NOTE-2), floor rule","[""COUNT_BASIS_UNRESOLVED"", ""EDGE_BAR_UNRESOLVED"", ""SUPPORT_CONTINUITY_UNRESOLVED"", ""TOP_EXTENT_SOURCE_CONFLICT""]",BLOCKED_FROM_S7,False,"[""Q-COUNT"", ""Q-TOPEXT""]",IN_SCOPE_S7,
CMP-0397,TOP_SUPPORT_Y,SUP-1F_ROOF_SLAB-122,1F_ROOF_SLAB,TOP_SUPPORT,,Y,,10,5 bars per metre (200 mm),,,,,,,,BLOCKED_UNQUANTIFIED,,"[""top anchor leg turned down into the support (shape only)""]",RUN-T-1F_ROOF_SLAB-122,"plan note 2 (P4-6-NOTE-2), floor rule","[""COUNT_BASIS_UNRESOLVED"", ""EDGE_BAR_UNRESOLVED"", ""TOP_EXTENT_SOURCE_CONFLICT""]",BLOCKED_FROM_S7,True,"[""Q-COUNT"", ""Q-TOPEXT""]","IN_SCOPE_S7,VOID_OR_OPENING",
CMP-0398,TOP_SUPPORT_X,SUP-GF_ROOF_SLAB-123,GF_ROOF_SLAB,TOP_SUPPORT,,X,,10,5 bars per metre (200 mm),,,,,,,,BLOCKED_UNQUANTIFIED,,[],RUN-T-GF_ROOF_SLAB-123,"plan note 2 (P4-6-NOTE-2), floor rule","[""COUNT_BASIS_UNRESOLVED"", ""EDGE_BAR_UNRESOLVED"", ""SUPPORT_CONTINUITY_UNRESOLVED"", ""TOP_EXTENT_SOURCE_CONFLICT""]",BLOCKED_FROM_S7,False,"[""Q-COUNT"", ""Q-TOPEXT""]",IN_SCOPE_S7,
CMP-0399,TOP_SUPPORT_X,SUP-GF_ROOF_SLAB-124,GF_ROOF_SLAB,TOP_SUPPORT,,X,,10,5 bars per metre (200 mm),,,,,,,,BLOCKED_UNQUANTIFIED,,[],RUN-T-GF_ROOF_SLAB-124,"plan note 2 (P4-6-NOTE-2), floor rule","[""COUNT_BASIS_UNRESOLVED"", ""EDGE_BAR_UNRESOLVED"", ""TOP_EXTENT_SOURCE_CONFLICT""]",BLOCKED_FROM_S7,True,"[""Q-COUNT"", ""Q-TOPEXT""]",IN_SCOPE_S7,
CMP-0400,TOP_SUPPORT_X,SUP-GF_ROOF_SLAB-125,GF_ROOF_SLAB,TOP_SUPPORT,,X,,10,5 bars per metre (200 mm),,,,,,,,BLOCKED_UNQUANTIFIED,,"[""top anchor leg turned down into the support (shape only)""]",RUN-T-GF_ROOF_SLAB-125,"plan note 2 (P4-6-NOTE-2), floor rule","[""COUNT_BASIS_UNRESOLVED"", ""EDGE_BAR_UNRESOLVED"", ""TOP_EXTENT_SOURCE_CONFLICT""]",BLOCKED_FROM_S7,True,"[""Q-COUNT"", ""Q-TOPEXT""]","IN_SCOPE_S7,VOID_OR_OPENING",
CMP-0401,TOP_SUPPORT_Y,SUP-1F_ROOF_SLAB-126,1F_ROOF_SLAB,TOP_SUPPORT,,Y,,10,5 bars per metre (200 mm),,,,,,,,BLOCKED_UNQUANTIFIED,,"[""top anchor leg turned down into the support (shape only)""]",RUN-T-1F_ROOF_SLAB-126,"plan note 2 (P4-6-NOTE-2), floor rule","[""COUNT_BASIS_UNRESOLVED"", ""EDGE_BAR_UNRESOLVED"", ""TOP_EXTENT_SOURCE_CONFLICT""]",BLOCKED_FROM_S7,True,"[""Q-COUNT"", ""Q-TOPEXT""]","IN_SCOPE_S7,VOID_OR_OPENING",
CMP-0402,TOP_SUPPORT_X,SUP-GF_ROOF_SLAB-127,GF_ROOF_SLAB,TOP_SUPPORT,,X,,10,5 bars per metre (200 mm),,,,,,,,BLOCKED_UNQUANTIFIED,,[],RUN-T-GF_ROOF_SLAB-127,"plan note 2 (P4-6-NOTE-2), floor rule","[""COUNT_BASIS_UNRESOLVED"", ""EDGE_BAR_UNRESOLVED"", ""SUPPORT_CONTINUITY_UNRESOLVED"", ""TOP_EXTENT_SOURCE_CONFLICT""]",BLOCKED_FROM_S7,False,"[""Q-COUNT"", ""Q-TOPEXT""]","EXCLUDED_SPECIAL_STRUCTURE,IN_SCOPE_S7",
CMP-0403,TOP_SUPPORT_X,SUP-GF_ROOF_SLAB-128,GF_ROOF_SLAB,TOP_SUPPORT,,X,,10,5 bars per metre (200 mm),,,,,,,,BLOCKED_UNQUANTIFIED,,"[""top anchor leg turned down into the support (shape only)""]",RUN-T-GF_ROOF_SLAB-128,"plan note 2 (P4-6-NOTE-2), floor rule","[""COUNT_BASIS_UNRESOLVED"", ""EDGE_BAR_UNRESOLVED"", ""TOP_EXTENT_SOURCE_CONFLICT""]",BLOCKED_FROM_S7,True,"[""Q-COUNT"", ""Q-TOPEXT""]","IN_SCOPE_S7,VOID_OR_OPENING",
CMP-0404,TOP_SUPPORT_Y,SUP-1F_ROOF_SLAB-129,1F_ROOF_SLAB,TOP_SUPPORT,,Y,,10,5 bars per metre (200 mm),,,,,,,,BLOCKED_UNQUANTIFIED,,[],RUN-T-1F_ROOF_SLAB-129,"plan note 2 (P4-6-NOTE-2), floor rule","[""COUNT_BASIS_UNRESOLVED"", ""EDGE_BAR_UNRESOLVED"", ""TOP_EXTENT_SOURCE_CONFLICT""]",BLOCKED_FROM_S7,True,"[""Q-COUNT"", ""Q-TOPEXT""]",IN_SCOPE_S7,
CMP-0405,TOP_SUPPORT_Y,SUP-1F_ROOF_SLAB-130,1F_ROOF_SLAB,TOP_SUPPORT,,Y,,10,5 bars per metre (200 mm),,,,,,,,BLOCKED_UNQUANTIFIED,,[],RUN-T-1F_ROOF_SLAB-130,"plan note 2 (P4-6-NOTE-2), floor rule","[""COUNT_BASIS_UNRESOLVED"", ""EDGE_BAR_UNRESOLVED"", ""TOP_EXTENT_SOURCE_CONFLICT""]",BLOCKED_FROM_S7,True,"[""Q-COUNT"", ""Q-TOPEXT""]",IN_SCOPE_S7,
CMP-0406,TOP_SUPPORT_Y,SUP-1F_ROOF_SLAB-131,1F_ROOF_SLAB,TOP_SUPPORT,,Y,,10,5 bars per metre (200 mm),,,,,,,,BLOCKED_UNQUANTIFIED,,[],RUN-T-1F_ROOF_SLAB-131,"plan note 2 (P4-6-NOTE-2), floor rule","[""COUNT_BASIS_UNRESOLVED"", ""EDGE_BAR_UNRESOLVED"", ""TOP_EXTENT_SOURCE_CONFLICT""]",BLOCKED_FROM_S7,True,"[""Q-COUNT"", ""Q-TOPEXT""]",IN_SCOPE_S7,
CMP-0407,TOP_SUPPORT_Y,SUP-1F_ROOF_SLAB-132,1F_ROOF_SLAB,TOP_SUPPORT,,Y,,10,5 bars per metre (200 mm),,,,,,,,BLOCKED_UNQUANTIFIED,,[],RUN-T-1F_ROOF_SLAB-132,"plan note 2 (P4-6-NOTE-2), floor rule","[""COUNT_BASIS_UNRESOLVED"", ""EDGE_BAR_UNRESOLVED"", ""SUPPORT_CONTINUITY_UNRESOLVED"", ""TOP_EXTENT_SOURCE_CONFLICT""]",BLOCKED_FROM_S7,False,"[""Q-COUNT"", ""Q-TOPEXT""]","EXCLUDED_SPECIAL_STRUCTURE,IN_SCOPE_S7",
CMP-0408,TOP_SUPPORT_X,SUP-GF_ROOF_SLAB-133,GF_ROOF_SLAB,TOP_SUPPORT,,X,,10,5 bars per metre (200 mm),,,,,,,,BLOCKED_UNQUANTIFIED,,[],RUN-T-GF_ROOF_SLAB-133,"plan note 2 (P4-6-NOTE-2), floor rule","[""COUNT_BASIS_UNRESOLVED"", ""EDGE_BAR_UNRESOLVED"", ""TOP_EXTENT_SOURCE_CONFLICT""]",BLOCKED_FROM_S7,True,"[""Q-COUNT"", ""Q-TOPEXT""]",IN_SCOPE_S7,
CMP-0409,TOP_SUPPORT_X,SUP-GF_ROOF_SLAB-134,GF_ROOF_SLAB,TOP_SUPPORT,,X,,10,5 bars per metre (200 mm),,,,,,,,BLOCKED_UNQUANTIFIED,,[],RUN-T-GF_ROOF_SLAB-134,"plan note 2 (P4-6-NOTE-2), floor rule","[""COUNT_BASIS_UNRESOLVED"", ""EDGE_BAR_UNRESOLVED"", ""TOP_EXTENT_SOURCE_CONFLICT""]",BLOCKED_FROM_S7,True,"[""Q-COUNT"", ""Q-TOPEXT""]",IN_SCOPE_S7,
CMP-0410,TOP_SUPPORT_Y,SUP-1F_ROOF_SLAB-135,1F_ROOF_SLAB,TOP_SUPPORT,,Y,,10,5 bars per metre (200 mm),,,,,,,,BLOCKED_UNQUANTIFIED,,[],RUN-T-1F_ROOF_SLAB-135,"plan note 2 (P4-6-NOTE-2), floor rule","[""COUNT_BASIS_UNRESOLVED"", ""EDGE_BAR_UNRESOLVED"", ""SUPPORT_CONTINUITY_UNRESOLVED"", ""TOP_EXTENT_SOURCE_CONFLICT""]",BLOCKED_FROM_S7,False,"[""Q-COUNT"", ""Q-TOPEXT""]","EXCLUDED_SPECIAL_STRUCTURE,IN_SCOPE_S7",
CMP-0411,TOP_SUPPORT_X,SUP-GF_ROOF_SLAB-136,GF_ROOF_SLAB,TOP_SUPPORT,,X,,10,5 bars per metre (200 mm),,,,,,,,BLOCKED_UNQUANTIFIED,,[],RUN-T-GF_ROOF_SLAB-136,"plan note 2 (P4-6-NOTE-2), floor rule","[""COUNT_BASIS_UNRESOLVED"", ""EDGE_BAR_UNRESOLVED"", ""TOP_EXTENT_SOURCE_CONFLICT""]",BLOCKED_FROM_S7,True,"[""Q-COUNT"", ""Q-TOPEXT""]",IN_SCOPE_S7,
CMP-0412,TOP_SUPPORT_X,SUP-GF_ROOF_SLAB-137,GF_ROOF_SLAB,TOP_SUPPORT,,X,,10,5 bars per metre (200 mm),,,,,,,,BLOCKED_UNQUANTIFIED,,"[""top anchor leg turned down into the support (shape only)""]",RUN-T-GF_ROOF_SLAB-137,"plan note 2 (P4-6-NOTE-2), floor rule","[""COUNT_BASIS_UNRESOLVED"", ""EDGE_BAR_UNRESOLVED"", ""TOP_EXTENT_SOURCE_CONFLICT""]",BLOCKED_FROM_S7,True,"[""Q-COUNT"", ""Q-TOPEXT""]","IN_SCOPE_S7,VOID_OR_OPENING",
CMP-0413,TOP_SUPPORT_Y,SUP-1F_ROOF_SLAB-138,1F_ROOF_SLAB,TOP_SUPPORT,,Y,,10,5 bars per metre (200 mm),,,,,,,,BLOCKED_UNQUANTIFIED,,[],RUN-T-1F_ROOF_SLAB-138,"plan note 2 (P4-6-NOTE-2), floor rule","[""COUNT_BASIS_UNRESOLVED"", ""EDGE_BAR_UNRESOLVED"", ""TOP_EXTENT_SOURCE_CONFLICT""]",BLOCKED_FROM_S7,True,"[""Q-COUNT"", ""Q-TOPEXT""]",IN_SCOPE_S7,
CMP-0414,TOP_SUPPORT_Y,SUP-GF_ROOF_SLAB-139,GF_ROOF_SLAB,TOP_SUPPORT,,Y,,10,5 bars per metre (200 mm),,,,,,,,BLOCKED_UNQUANTIFIED,,[],RUN-T-GF_ROOF_SLAB-139,"plan note 2 (P4-6-NOTE-2), floor rule","[""COUNT_BASIS_UNRESOLVED"", ""EDGE_BAR_UNRESOLVED"", ""TOP_EXTENT_SOURCE_CONFLICT""]",BLOCKED_FROM_S7,True,"[""Q-COUNT"", ""Q-TOPEXT""]",IN_SCOPE_S7,
CMP-0415,TOP_SUPPORT_X,SUP-GF_ROOF_SLAB-140,GF_ROOF_SLAB,TOP_SUPPORT,,X,,10,5 bars per metre (200 mm),,,,,,,,BLOCKED_UNQUANTIFIED,,[],RUN-T-GF_ROOF_SLAB-140,"plan note 2 (P4-6-NOTE-2), floor rule","[""COUNT_BASIS_UNRESOLVED"", ""EDGE_BAR_UNRESOLVED"", ""SUPPORT_CONTINUITY_UNRESOLVED"", ""TOP_EXTENT_SOURCE_CONFLICT""]",BLOCKED_FROM_S7,False,"[""Q-COUNT"", ""Q-TOPEXT""]",IN_SCOPE_S7,
CMP-0416,TOP_SUPPORT_Y,SUP-GF_ROOF_SLAB-141,GF_ROOF_SLAB,TOP_SUPPORT,,Y,,10,5 bars per metre (200 mm),,,,,,,,BLOCKED_UNQUANTIFIED,,"[""top anchor leg turned down into the support (shape only)""]",RUN-T-GF_ROOF_SLAB-141,"plan note 2 (P4-6-NOTE-2), floor rule","[""COUNT_BASIS_UNRESOLVED"", ""EDGE_BAR_UNRESOLVED"", ""TOP_EXTENT_SOURCE_CONFLICT""]",BLOCKED_FROM_S7,True,"[""Q-COUNT"", ""Q-TOPEXT""]","IN_SCOPE_S7,VOID_OR_OPENING",
CMP-0417,TOP_SUPPORT_Y,SUP-GF_ROOF_SLAB-142,GF_ROOF_SLAB,TOP_SUPPORT,,Y,,10,5 bars per metre (200 mm),,,,,,,,BLOCKED_UNQUANTIFIED,,"[""top anchor leg turned down into the support (shape only)""]",RUN-T-GF_ROOF_SLAB-142,"plan note 2 (P4-6-NOTE-2), floor rule","[""COUNT_BASIS_UNRESOLVED"", ""EDGE_BAR_UNRESOLVED"", ""TOP_EXTENT_SOURCE_CONFLICT""]",BLOCKED_FROM_S7,True,"[""Q-COUNT"", ""Q-TOPEXT""]","IN_SCOPE_S7,VOID_OR_OPENING",
CMP-0418,TOP_SUPPORT_Y,SUP-GF_ROOF_SLAB-143,GF_ROOF_SLAB,TOP_SUPPORT,,Y,,10,5 bars per metre (200 mm),,,,,,,,BLOCKED_UNQUANTIFIED,,"[""top anchor leg turned down into the support (shape only)""]",RUN-T-GF_ROOF_SLAB-143,"plan note 2 (P4-6-NOTE-2), floor rule","[""COUNT_BASIS_UNRESOLVED"", ""EDGE_BAR_UNRESOLVED"", ""TOP_EXTENT_SOURCE_CONFLICT""]",BLOCKED_FROM_S7,True,"[""Q-COUNT"", ""Q-TOPEXT""]","IN_SCOPE_S7,VOID_OR_OPENING",
CMP-0419,TOP_SUPPORT_Y,SUP-GF_ROOF_SLAB-144,GF_ROOF_SLAB,TOP_SUPPORT,,Y,,10,5 bars per metre (200 mm),,,,,,,,BLOCKED_UNQUANTIFIED,,"[""top anchor leg turned down into the support (shape only)""]",RUN-T-GF_ROOF_SLAB-144,"plan note 2 (P4-6-NOTE-2), floor rule","[""COUNT_BASIS_UNRESOLVED"", ""EDGE_BAR_UNRESOLVED"", ""TOP_EXTENT_SOURCE_CONFLICT""]",BLOCKED_FROM_S7,True,"[""Q-COUNT"", ""Q-TOPEXT""]","IN_SCOPE_S7,NOT_SLAB",
CMP-0420,TOP_SUPPORT_Y,SUP-GF_ROOF_SLAB-145,GF_ROOF_SLAB,TOP_SUPPORT,,Y,,10,5 bars per metre (200 mm),,,,,,,,BLOCKED_UNQUANTIFIED,,"[""top anchor leg turned down into the support (shape only)""]",RUN-T-GF_ROOF_SLAB-145,"plan note 2 (P4-6-NOTE-2), floor rule","[""COUNT_BASIS_UNRESOLVED"", ""EDGE_BAR_UNRESOLVED"", ""TOP_EXTENT_SOURCE_CONFLICT""]",BLOCKED_FROM_S7,True,"[""Q-COUNT"", ""Q-TOPEXT""]","IN_SCOPE_S7,NOT_SLAB",
CMP-0421,TOP_SUPPORT_Y,SUP-GF_ROOF_SLAB-146,GF_ROOF_SLAB,TOP_SUPPORT,,Y,,10,5 bars per metre (200 mm),,,,,,,,BLOCKED_UNQUANTIFIED,,"[""top anchor leg turned down into the support (shape only)""]",RUN-T-GF_ROOF_SLAB-146,"plan note 2 (P4-6-NOTE-2), floor rule","[""COUNT_BASIS_UNRESOLVED"", ""EDGE_BAR_UNRESOLVED"", ""TOP_EXTENT_SOURCE_CONFLICT""]",BLOCKED_FROM_S7,True,"[""Q-COUNT"", ""Q-TOPEXT""]","IN_SCOPE_S7,NOT_SLAB",
CMP-0422,TOP_SUPPORT_Y,SUP-GF_ROOF_SLAB-147,GF_ROOF_SLAB,TOP_SUPPORT,,Y,,10,5 bars per metre (200 mm),,,,,,,,BLOCKED_UNQUANTIFIED,,"[""top anchor leg turned down into the support (shape only)""]",RUN-T-GF_ROOF_SLAB-147,"plan note 2 (P4-6-NOTE-2), floor rule","[""COUNT_BASIS_UNRESOLVED"", ""EDGE_BAR_UNRESOLVED"", ""TOP_EXTENT_SOURCE_CONFLICT""]",BLOCKED_FROM_S7,True,"[""Q-COUNT"", ""Q-TOPEXT""]","IN_SCOPE_S7,NOT_SLAB",
CMP-0423,TOP_SUPPORT_Y,SUP-GF_ROOF_SLAB-148,GF_ROOF_SLAB,TOP_SUPPORT,,Y,,10,5 bars per metre (200 mm),,,,,,,,BLOCKED_UNQUANTIFIED,,[],RUN-T-GF_ROOF_SLAB-148,"plan note 2 (P4-6-NOTE-2), floor rule","[""CLASSIFICATION_BLOCKED"", ""COUNT_BASIS_UNRESOLVED"", ""EDGE_BAR_UNRESOLVED"", ""SUPPORT_CONTINUITY_UNRESOLVED"", ""TOP_EXTENT_SOURCE_CONFLICT""]",BLOCKED_FROM_S7,False,"[""Q-COUNT"", ""Q-TOPEXT""]","CLASSIFICATION_BLOCKED,IN_SCOPE_S7",
CMP-0424,TOP_SUPPORT_Y,SUP-GF_ROOF_SLAB-149,GF_ROOF_SLAB,TOP_SUPPORT,,Y,,10,5 bars per metre (200 mm),,,,,,,,BLOCKED_UNQUANTIFIED,,[],RUN-T-GF_ROOF_SLAB-149,"plan note 2 (P4-6-NOTE-2), floor rule","[""CLASSIFICATION_BLOCKED"", ""COUNT_BASIS_UNRESOLVED"", ""EDGE_BAR_UNRESOLVED"", ""SUPPORT_CONTINUITY_UNRESOLVED"", ""TOP_EXTENT_SOURCE_CONFLICT""]",BLOCKED_FROM_S7,False,"[""Q-COUNT"", ""Q-TOPEXT""]","CLASSIFICATION_BLOCKED,IN_SCOPE_S7",
CMP-0425,TOP_SUPPORT_Y,SUP-GF_ROOF_SLAB-150,GF_ROOF_SLAB,TOP_SUPPORT,,Y,,10,5 bars per metre (200 mm),,,,,,,,BLOCKED_UNQUANTIFIED,,[],RUN-T-GF_ROOF_SLAB-150,"plan note 2 (P4-6-NOTE-2), floor rule","[""COUNT_BASIS_UNRESOLVED"", ""EDGE_BAR_UNRESOLVED"", ""SUPPORT_CONTINUITY_UNRESOLVED"", ""TOP_EXTENT_SOURCE_CONFLICT""]",BLOCKED_FROM_S7,False,"[""Q-COUNT"", ""Q-TOPEXT""]",IN_SCOPE_S7,
CMP-0426,TOP_SUPPORT_Y,SUP-GF_ROOF_SLAB-151,GF_ROOF_SLAB,TOP_SUPPORT,,Y,,10,5 bars per metre (200 mm),,,,,,,,BLOCKED_UNQUANTIFIED,,[],RUN-T-GF_ROOF_SLAB-151,"plan note 2 (P4-6-NOTE-2), floor rule","[""COUNT_BASIS_UNRESOLVED"", ""EDGE_BAR_UNRESOLVED"", ""SUPPORT_CONTINUITY_UNRESOLVED"", ""TOP_EXTENT_SOURCE_CONFLICT""]",BLOCKED_FROM_S7,False,"[""Q-COUNT"", ""Q-TOPEXT""]",IN_SCOPE_S7,
CMP-0427,TOP_SUPPORT_Y,SUP-GF_ROOF_SLAB-152,GF_ROOF_SLAB,TOP_SUPPORT,,Y,,10,5 bars per metre (200 mm),,,,,,,,BLOCKED_UNQUANTIFIED,,[],RUN-T-GF_ROOF_SLAB-152,"plan note 2 (P4-6-NOTE-2), floor rule","[""COUNT_BASIS_UNRESOLVED"", ""EDGE_BAR_UNRESOLVED"", ""TOP_EXTENT_SOURCE_CONFLICT""]",BLOCKED_FROM_S7,True,"[""Q-COUNT"", ""Q-TOPEXT""]",IN_SCOPE_S7,
CMP-0428,TOP_SUPPORT_Y,SUP-GF_ROOF_SLAB-153,GF_ROOF_SLAB,TOP_SUPPORT,,Y,,10,5 bars per metre (200 mm),,,,,,,,BLOCKED_UNQUANTIFIED,,[],RUN-T-GF_ROOF_SLAB-153,"plan note 2 (P4-6-NOTE-2), floor rule","[""COUNT_BASIS_UNRESOLVED"", ""EDGE_BAR_UNRESOLVED"", ""TOP_EXTENT_SOURCE_CONFLICT""]",BLOCKED_FROM_S7,True,"[""Q-COUNT"", ""Q-TOPEXT""]",IN_SCOPE_S7,
CMP-0429,TOP_SUPPORT_Y,SUP-GF_ROOF_SLAB-154,GF_ROOF_SLAB,TOP_SUPPORT,,Y,,10,5 bars per metre (200 mm),,,,,,,,BLOCKED_UNQUANTIFIED,,[],RUN-T-GF_ROOF_SLAB-154,"plan note 2 (P4-6-NOTE-2), floor rule","[""COUNT_BASIS_UNRESOLVED"", ""EDGE_BAR_UNRESOLVED"", ""TOP_EXTENT_SOURCE_CONFLICT""]",BLOCKED_FROM_S7,True,"[""Q-COUNT"", ""Q-TOPEXT""]",IN_SCOPE_S7,
CMP-0430,TOP_SUPPORT_Y,SUP-GF_ROOF_SLAB-155,GF_ROOF_SLAB,TOP_SUPPORT,,Y,,10,5 bars per metre (200 mm),,,,,,,,BLOCKED_UNQUANTIFIED,,"[""top anchor leg turned down into the support (shape only)""]",RUN-T-GF_ROOF_SLAB-155,"plan note 2 (P4-6-NOTE-2), floor rule","[""COUNT_BASIS_UNRESOLVED"", ""EDGE_BAR_UNRESOLVED"", ""TOP_EXTENT_SOURCE_CONFLICT""]",BLOCKED_FROM_S7,True,"[""Q-COUNT"", ""Q-TOPEXT""]","IN_SCOPE_S7,NOT_SLAB",
CMP-0431,TOP_SUPPORT_Y,SUP-GF_ROOF_SLAB-156,GF_ROOF_SLAB,TOP_SUPPORT,,Y,,10,5 bars per metre (200 mm),,,,,,,,BLOCKED_UNQUANTIFIED,,"[""top anchor leg turned down into the support (shape only)""]",RUN-T-GF_ROOF_SLAB-156,"plan note 2 (P4-6-NOTE-2), floor rule","[""COUNT_BASIS_UNRESOLVED"", ""EDGE_BAR_UNRESOLVED"", ""TOP_EXTENT_SOURCE_CONFLICT""]",BLOCKED_FROM_S7,True,"[""Q-COUNT"", ""Q-TOPEXT""]","IN_SCOPE_S7,NOT_SLAB",
CMP-0432,TOP_SUPPORT_Y,SUP-GF_ROOF_SLAB-157,GF_ROOF_SLAB,TOP_SUPPORT,,Y,,10,5 bars per metre (200 mm),,,,,,,,BLOCKED_UNQUANTIFIED,,"[""top anchor leg turned down into the support (shape only)""]",RUN-T-GF_ROOF_SLAB-157,"plan note 2 (P4-6-NOTE-2), floor rule","[""COUNT_BASIS_UNRESOLVED"", ""EDGE_BAR_UNRESOLVED"", ""TOP_EXTENT_SOURCE_CONFLICT""]",BLOCKED_FROM_S7,True,"[""Q-COUNT"", ""Q-TOPEXT""]",IN_SCOPE_S7,
CMP-0433,TOP_SUPPORT_Y,SUP-GF_ROOF_SLAB-158,GF_ROOF_SLAB,TOP_SUPPORT,,Y,,10,5 bars per metre (200 mm),,,,,,,,BLOCKED_UNQUANTIFIED,,[],RUN-T-GF_ROOF_SLAB-158,"plan note 2 (P4-6-NOTE-2), floor rule","[""COUNT_BASIS_UNRESOLVED"", ""EDGE_BAR_UNRESOLVED"", ""SUPPORT_CONTINUITY_UNRESOLVED"", ""TOP_EXTENT_SOURCE_CONFLICT""]",BLOCKED_FROM_S7,False,"[""Q-COUNT"", ""Q-TOPEXT""]",IN_SCOPE_S7,
CMP-0434,TOP_SUPPORT_Y,SUP-GF_ROOF_SLAB-159,GF_ROOF_SLAB,TOP_SUPPORT,,Y,,10,5 bars per metre (200 mm),,,,,,,,BLOCKED_UNQUANTIFIED,,[],RUN-T-GF_ROOF_SLAB-159,"plan note 2 (P4-6-NOTE-2), floor rule","[""COUNT_BASIS_UNRESOLVED"", ""EDGE_BAR_UNRESOLVED"", ""TOP_EXTENT_SOURCE_CONFLICT""]",BLOCKED_FROM_S7,True,"[""Q-COUNT"", ""Q-TOPEXT""]",IN_SCOPE_S7,
CMP-0435,TOP_SUPPORT_Y,SUP-GF_ROOF_SLAB-160,GF_ROOF_SLAB,TOP_SUPPORT,,Y,,10,5 bars per metre (200 mm),,,,,,,,BLOCKED_UNQUANTIFIED,,"[""top anchor leg turned down into the support (shape only)""]",RUN-T-GF_ROOF_SLAB-160,"plan note 2 (P4-6-NOTE-2), floor rule","[""COUNT_BASIS_UNRESOLVED"", ""EDGE_BAR_UNRESOLVED"", ""TOP_EXTENT_SOURCE_CONFLICT""]",BLOCKED_FROM_S7,True,"[""Q-COUNT"", ""Q-TOPEXT""]","IN_SCOPE_S7,VOID_OR_OPENING",
CMP-0436,TOP_SUPPORT_Y,SUP-GF_ROOF_SLAB-161,GF_ROOF_SLAB,TOP_SUPPORT,,Y,,10,5 bars per metre (200 mm),,,,,,,,BLOCKED_UNQUANTIFIED,,[],RUN-T-GF_ROOF_SLAB-161,"plan note 2 (P4-6-NOTE-2), floor rule","[""COUNT_BASIS_UNRESOLVED"", ""EDGE_BAR_UNRESOLVED"", ""SUPPORT_CONTINUITY_UNRESOLVED"", ""TOP_EXTENT_SOURCE_CONFLICT""]",BLOCKED_FROM_S7,False,"[""Q-COUNT"", ""Q-TOPEXT""]",IN_SCOPE_S7,
CMP-0437,TOP_SUPPORT_Y,SUP-GF_ROOF_SLAB-162,GF_ROOF_SLAB,TOP_SUPPORT,,Y,,10,5 bars per metre (200 mm),,,,,,,,BLOCKED_UNQUANTIFIED,,[],RUN-T-GF_ROOF_SLAB-162,"plan note 2 (P4-6-NOTE-2), floor rule","[""COUNT_BASIS_UNRESOLVED"", ""EDGE_BAR_UNRESOLVED"", ""TOP_EXTENT_SOURCE_CONFLICT""]",BLOCKED_FROM_S7,True,"[""Q-COUNT"", ""Q-TOPEXT""]",IN_SCOPE_S7,
CMP-0438,TOP_SUPPORT_Y,SUP-GF_ROOF_SLAB-163,GF_ROOF_SLAB,TOP_SUPPORT,,Y,,10,5 bars per metre (200 mm),,,,,,,,BLOCKED_UNQUANTIFIED,,"[""top anchor leg turned down into the support (shape only)""]",RUN-T-GF_ROOF_SLAB-163,"plan note 2 (P4-6-NOTE-2), floor rule","[""COUNT_BASIS_UNRESOLVED"", ""EDGE_BAR_UNRESOLVED"", ""TOP_EXTENT_SOURCE_CONFLICT""]",BLOCKED_FROM_S7,True,"[""Q-COUNT"", ""Q-TOPEXT""]","IN_SCOPE_S7,VOID_OR_OPENING",
CMP-0439,TOP_SUPPORT_Y,SUP-GF_ROOF_SLAB-164,GF_ROOF_SLAB,TOP_SUPPORT,,Y,,10,5 bars per metre (200 mm),,,,,,,,BLOCKED_UNQUANTIFIED,,"[""top anchor leg turned down into the support (shape only)""]",RUN-T-GF_ROOF_SLAB-164,"plan note 2 (P4-6-NOTE-2), floor rule","[""COUNT_BASIS_UNRESOLVED"", ""EDGE_BAR_UNRESOLVED"", ""TOP_EXTENT_SOURCE_CONFLICT""]",BLOCKED_FROM_S7,True,"[""Q-COUNT"", ""Q-TOPEXT""]",IN_SCOPE_S7,
CMP-0440,TOP_SUPPORT_Y,SUP-GF_ROOF_SLAB-165,GF_ROOF_SLAB,TOP_SUPPORT,,Y,,10,5 bars per metre (200 mm),,,,,,,,BLOCKED_UNQUANTIFIED,,[],RUN-T-GF_ROOF_SLAB-165,"plan note 2 (P4-6-NOTE-2), floor rule","[""COUNT_BASIS_UNRESOLVED"", ""EDGE_BAR_UNRESOLVED"", ""TOP_EXTENT_SOURCE_CONFLICT""]",BLOCKED_FROM_S7,True,"[""Q-COUNT"", ""Q-TOPEXT""]",IN_SCOPE_S7,
