OCCURRENCE_ID,MEMBER_FAMILY,MARK,COMPONENT,COMPONENT_VALUE,S5_STATUS,WHY,CANDIDATE_INVARIANT,MAY_RELEASE,LENGTH_SOURCE,WIDTH_SOURCE,DEPTH_SOURCE,REBAR_DETAIL_ID,DETAIL_APPLICABILITY,TOP_MAIN,BOTTOM_ROW_1,BOTTOM_ROW_2,SIDE_REBAR,STIRRUP_DIAMETER,STIRRUP_RATE,STIRRUP_GEOMETRY,END_TREATMENT,DEVELOPMENT,PROVENANCE_READY,OCCURRENCE_S5_STATUS
GSO-107-7CE-1,GROUND_BEAM,untagged (p.13 typical sections),TOP_MAIN,3Ø16,READY_LOWER_BOUND,"straight run: support face-to-face, derived per span in PRE-S5.1 (research/pre_s5_1_source_resolution, no numerical-minimum shortcut); development / end anchorage not source-established",False,True,"DXF GBP layer-1 face pair, clear between supports 0.364 m; support centreline 0.664 m; bar run: PRE-S5.1 support face-to-face",DXF face separation 300 mm = section B 300,FOLLOW ARCH. (not printed),"[""P13-GB-EXTERIOR""]",PROJECT_GENERAL_DETAIL,3Ø16,3Ø16,3Ø16,2Ø12/30cm,Ø8,150 mm,BLOCKED_COMPONENT,BLOCKED_COMPONENT,BLOCKED_COMPONENT,True,READY_LOWER_BOUND
GSO-107-7CE-1,GROUND_BEAM,untagged (p.13 typical sections),BOTTOM_ROW_1,3Ø16,READY_LOWER_BOUND,"straight run: support face-to-face, derived per span in PRE-S5.1 (research/pre_s5_1_source_resolution, no numerical-minimum shortcut); development / end anchorage not source-established",False,True,"DXF GBP layer-1 face pair, clear between supports 0.364 m; support centreline 0.664 m; bar run: PRE-S5.1 support face-to-face",DXF face separation 300 mm = section B 300,FOLLOW ARCH. (not printed),"[""P13-GB-EXTERIOR""]",PROJECT_GENERAL_DETAIL,3Ø16,3Ø16,3Ø16,2Ø12/30cm,Ø8,150 mm,BLOCKED_COMPONENT,BLOCKED_COMPONENT,BLOCKED_COMPONENT,True,READY_LOWER_BOUND
GSO-107-7CE-1,GROUND_BEAM,untagged (p.13 typical sections),BOTTOM_ROW_2,3Ø16,READY_LOWER_BOUND,"straight run: support face-to-face, derived per span in PRE-S5.1 (research/pre_s5_1_source_resolution, no numerical-minimum shortcut); development / end anchorage not source-established",False,True,"DXF GBP layer-1 face pair, clear between supports 0.364 m; support centreline 0.664 m; bar run: PRE-S5.1 support face-to-face",DXF face separation 300 mm = section B 300,FOLLOW ARCH. (not printed),"[""P13-GB-EXTERIOR""]",PROJECT_GENERAL_DETAIL,3Ø16,3Ø16,3Ø16,2Ø12/30cm,Ø8,150 mm,BLOCKED_COMPONENT,BLOCKED_COMPONENT,BLOCKED_COMPONENT,True,READY_LOWER_BOUND
GSO-107-7CE-1,GROUND_BEAM,untagged (p.13 typical sections),SIDE_BARS,2Ø12/30cm,BLOCKED_COMPONENT,side bars 2Ø12 per 30 cm of depth; depth FOLLOW ARCH. not printed,False,False,"DXF GBP layer-1 face pair, clear between supports 0.364 m; support centreline 0.664 m; bar run: PRE-S5.1 support face-to-face",DXF face separation 300 mm = section B 300,FOLLOW ARCH. (not printed),"[""P13-GB-EXTERIOR""]",PROJECT_GENERAL_DETAIL,3Ø16,3Ø16,3Ø16,2Ø12/30cm,Ø8,150 mm,BLOCKED_COMPONENT,BLOCKED_COMPONENT,BLOCKED_COMPONENT,True,READY_LOWER_BOUND
GSO-107-7CE-1,GROUND_BEAM,untagged (p.13 typical sections),STIRRUP_DIAMETER,Ø8,READY,typical section callout,False,True,"DXF GBP layer-1 face pair, clear between supports 0.364 m; support centreline 0.664 m; bar run: PRE-S5.1 support face-to-face",DXF face separation 300 mm = section B 300,FOLLOW ARCH. (not printed),"[""P13-GB-EXTERIOR""]",PROJECT_GENERAL_DETAIL,3Ø16,3Ø16,3Ø16,2Ø12/30cm,Ø8,150 mm,BLOCKED_COMPONENT,BLOCKED_COMPONENT,BLOCKED_COMPONENT,True,READY_LOWER_BOUND
GSO-107-7CE-1,GROUND_BEAM,untagged (p.13 typical sections),STIRRUP_RATE,150 mm,READY,typical section callout,False,True,"DXF GBP layer-1 face pair, clear between supports 0.364 m; support centreline 0.664 m; bar run: PRE-S5.1 support face-to-face",DXF face separation 300 mm = section B 300,FOLLOW ARCH. (not printed),"[""P13-GB-EXTERIOR""]",PROJECT_GENERAL_DETAIL,3Ø16,3Ø16,3Ø16,2Ø12/30cm,Ø8,150 mm,BLOCKED_COMPONENT,BLOCKED_COMPONENT,BLOCKED_COMPONENT,True,READY_LOWER_BOUND
GSO-107-7CE-1,GROUND_BEAM,untagged (p.13 typical sections),STIRRUP_CORE_PATH,D = FOLLOW ARCH.,BLOCKED_COMPONENT,section depth not printed (FOLLOW ARCH.),False,False,"DXF GBP layer-1 face pair, clear between supports 0.364 m; support centreline 0.664 m; bar run: PRE-S5.1 support face-to-face",DXF face separation 300 mm = section B 300,FOLLOW ARCH. (not printed),"[""P13-GB-EXTERIOR""]",PROJECT_GENERAL_DETAIL,3Ø16,3Ø16,3Ø16,2Ø12/30cm,Ø8,150 mm,BLOCKED_COMPONENT,BLOCKED_COMPONENT,BLOCKED_COMPONENT,True,READY_LOWER_BOUND
GSO-107-7CE-1,GROUND_BEAM,untagged (p.13 typical sections),STIRRUP_COUNT,150 mm,READY_LOWER_BOUND,count >= ceil(clear span / spacing); first / last stirrup position not stated,False,True,"DXF GBP layer-1 face pair, clear between supports 0.364 m; support centreline 0.664 m; bar run: PRE-S5.1 support face-to-face",DXF face separation 300 mm = section B 300,FOLLOW ARCH. (not printed),"[""P13-GB-EXTERIOR""]",PROJECT_GENERAL_DETAIL,3Ø16,3Ø16,3Ø16,2Ø12/30cm,Ø8,150 mm,BLOCKED_COMPONENT,BLOCKED_COMPONENT,BLOCKED_COMPONENT,True,READY_LOWER_BOUND
GSO-107-7CE-1,GROUND_BEAM,untagged (p.13 typical sections),HOOK_1,,BLOCKED_COMPONENT,hook angle / extension: NO_PROJECT_SOURCE (engineer / code decision; never verified),False,False,"DXF GBP layer-1 face pair, clear between supports 0.364 m; support centreline 0.664 m; bar run: PRE-S5.1 support face-to-face",DXF face separation 300 mm = section B 300,FOLLOW ARCH. (not printed),"[""P13-GB-EXTERIOR""]",PROJECT_GENERAL_DETAIL,3Ø16,3Ø16,3Ø16,2Ø12/30cm,Ø8,150 mm,BLOCKED_COMPONENT,BLOCKED_COMPONENT,BLOCKED_COMPONENT,True,READY_LOWER_BOUND
GSO-107-7CE-1,GROUND_BEAM,untagged (p.13 typical sections),HOOK_2,,BLOCKED_COMPONENT,hook angle / extension: NO_PROJECT_SOURCE (engineer / code decision; never verified),False,False,"DXF GBP layer-1 face pair, clear between supports 0.364 m; support centreline 0.664 m; bar run: PRE-S5.1 support face-to-face",DXF face separation 300 mm = section B 300,FOLLOW ARCH. (not printed),"[""P13-GB-EXTERIOR""]",PROJECT_GENERAL_DETAIL,3Ø16,3Ø16,3Ø16,2Ø12/30cm,Ø8,150 mm,BLOCKED_COMPONENT,BLOCKED_COMPONENT,BLOCKED_COMPONENT,True,READY_LOWER_BOUND
GSO-107-7CE-1,GROUND_BEAM,untagged (p.13 typical sections),END_ZONE_EXTRA,,NOT_APPLICABLE,the section prints one uniform spacing; no end-zone callout,False,False,"DXF GBP layer-1 face pair, clear between supports 0.364 m; support centreline 0.664 m; bar run: PRE-S5.1 support face-to-face",DXF face separation 300 mm = section B 300,FOLLOW ARCH. (not printed),"[""P13-GB-EXTERIOR""]",PROJECT_GENERAL_DETAIL,3Ø16,3Ø16,3Ø16,2Ø12/30cm,Ø8,150 mm,BLOCKED_COMPONENT,BLOCKED_COMPONENT,BLOCKED_COMPONENT,True,READY_LOWER_BOUND
GSO-107-7CE-1,GROUND_BEAM,untagged (p.13 typical sections),END_TREATMENT,,BLOCKED_COMPONENT,bar ends at the supports are not detailed,False,False,"DXF GBP layer-1 face pair, clear between supports 0.364 m; support centreline 0.664 m; bar run: PRE-S5.1 support face-to-face",DXF face separation 300 mm = section B 300,FOLLOW ARCH. (not printed),"[""P13-GB-EXTERIOR""]",PROJECT_GENERAL_DETAIL,3Ø16,3Ø16,3Ø16,2Ø12/30cm,Ø8,150 mm,BLOCKED_COMPONENT,BLOCKED_COMPONENT,BLOCKED_COMPONENT,True,READY_LOWER_BOUND
GSO-107-7CE-1,GROUND_BEAM,untagged (p.13 typical sections),DEVELOPMENT_INTO_SUPPORT_1,,BLOCKED_COMPONENT,no beam-end anchorage rule in the project source (DEVELOPMENT_STARTER_70D_40D is 'development / tie length of starter bars only' only),False,False,"DXF GBP layer-1 face pair, clear between supports 0.364 m; support centreline 0.664 m; bar run: PRE-S5.1 support face-to-face",DXF face separation 300 mm = section B 300,FOLLOW ARCH. (not printed),"[""P13-GB-EXTERIOR""]",PROJECT_GENERAL_DETAIL,3Ø16,3Ø16,3Ø16,2Ø12/30cm,Ø8,150 mm,BLOCKED_COMPONENT,BLOCKED_COMPONENT,BLOCKED_COMPONENT,True,READY_LOWER_BOUND
GSO-107-7CE-1,GROUND_BEAM,untagged (p.13 typical sections),DEVELOPMENT_INTO_SUPPORT_2,,BLOCKED_COMPONENT,no beam-end anchorage rule in the project source (DEVELOPMENT_STARTER_70D_40D is 'development / tie length of starter bars only' only),False,False,"DXF GBP layer-1 face pair, clear between supports 0.364 m; support centreline 0.664 m; bar run: PRE-S5.1 support face-to-face",DXF face separation 300 mm = section B 300,FOLLOW ARCH. (not printed),"[""P13-GB-EXTERIOR""]",PROJECT_GENERAL_DETAIL,3Ø16,3Ø16,3Ø16,2Ø12/30cm,Ø8,150 mm,BLOCKED_COMPONENT,BLOCKED_COMPONENT,BLOCKED_COMPONENT,True,READY_LOWER_BOUND
GSO-107-7CE-1,GROUND_BEAM,untagged (p.13 typical sections),LAP,,NOT_APPLICABLE,net measurement: laps are a procurement matter (BBS firewall),False,False,"DXF GBP layer-1 face pair, clear between supports 0.364 m; support centreline 0.664 m; bar run: PRE-S5.1 support face-to-face",DXF face separation 300 mm = section B 300,FOLLOW ARCH. (not printed),"[""P13-GB-EXTERIOR""]",PROJECT_GENERAL_DETAIL,3Ø16,3Ø16,3Ø16,2Ø12/30cm,Ø8,150 mm,BLOCKED_COMPONENT,BLOCKED_COMPONENT,BLOCKED_COMPONENT,True,READY_LOWER_BOUND
GSO-109-7CB-1,GROUND_BEAM,untagged (p.13 typical sections),TOP_MAIN,3Ø16,READY_LOWER_BOUND,"straight run: support face-to-face, derived per span in PRE-S5.1 (research/pre_s5_1_source_resolution, no numerical-minimum shortcut); development / end anchorage not source-established",False,True,"DXF GBP layer-1 face pair, clear between supports 9.500 m; support centreline 9.900 m; bar run: PRE-S5.1 support face-to-face",DXF face separation 300 mm = section B 300,FOLLOW ARCH. (not printed),"[""P13-GB-EXTERIOR""]",PROJECT_GENERAL_DETAIL,3Ø16,3Ø16,3Ø16,2Ø12/30cm,Ø8,150 mm,BLOCKED_COMPONENT,BLOCKED_COMPONENT,BLOCKED_COMPONENT,True,READY_LOWER_BOUND
GSO-109-7CB-1,GROUND_BEAM,untagged (p.13 typical sections),BOTTOM_ROW_1,3Ø16,READY_LOWER_BOUND,"straight run: support face-to-face, derived per span in PRE-S5.1 (research/pre_s5_1_source_resolution, no numerical-minimum shortcut); development / end anchorage not source-established",False,True,"DXF GBP layer-1 face pair, clear between supports 9.500 m; support centreline 9.900 m; bar run: PRE-S5.1 support face-to-face",DXF face separation 300 mm = section B 300,FOLLOW ARCH. (not printed),"[""P13-GB-EXTERIOR""]",PROJECT_GENERAL_DETAIL,3Ø16,3Ø16,3Ø16,2Ø12/30cm,Ø8,150 mm,BLOCKED_COMPONENT,BLOCKED_COMPONENT,BLOCKED_COMPONENT,True,READY_LOWER_BOUND
GSO-109-7CB-1,GROUND_BEAM,untagged (p.13 typical sections),BOTTOM_ROW_2,3Ø16,READY_LOWER_BOUND,"straight run: support face-to-face, derived per span in PRE-S5.1 (research/pre_s5_1_source_resolution, no numerical-minimum shortcut); development / end anchorage not source-established",False,True,"DXF GBP layer-1 face pair, clear between supports 9.500 m; support centreline 9.900 m; bar run: PRE-S5.1 support face-to-face",DXF face separation 300 mm = section B 300,FOLLOW ARCH. (not printed),"[""P13-GB-EXTERIOR""]",PROJECT_GENERAL_DETAIL,3Ø16,3Ø16,3Ø16,2Ø12/30cm,Ø8,150 mm,BLOCKED_COMPONENT,BLOCKED_COMPONENT,BLOCKED_COMPONENT,True,READY_LOWER_BOUND
GSO-109-7CB-1,GROUND_BEAM,untagged (p.13 typical sections),SIDE_BARS,2Ø12/30cm,BLOCKED_COMPONENT,side bars 2Ø12 per 30 cm of depth; depth FOLLOW ARCH. not printed,False,False,"DXF GBP layer-1 face pair, clear between supports 9.500 m; support centreline 9.900 m; bar run: PRE-S5.1 support face-to-face",DXF face separation 300 mm = section B 300,FOLLOW ARCH. (not printed),"[""P13-GB-EXTERIOR""]",PROJECT_GENERAL_DETAIL,3Ø16,3Ø16,3Ø16,2Ø12/30cm,Ø8,150 mm,BLOCKED_COMPONENT,BLOCKED_COMPONENT,BLOCKED_COMPONENT,True,READY_LOWER_BOUND
GSO-109-7CB-1,GROUND_BEAM,untagged (p.13 typical sections),STIRRUP_DIAMETER,Ø8,READY,typical section callout,False,True,"DXF GBP layer-1 face pair, clear between supports 9.500 m; support centreline 9.900 m; bar run: PRE-S5.1 support face-to-face",DXF face separation 300 mm = section B 300,FOLLOW ARCH. (not printed),"[""P13-GB-EXTERIOR""]",PROJECT_GENERAL_DETAIL,3Ø16,3Ø16,3Ø16,2Ø12/30cm,Ø8,150 mm,BLOCKED_COMPONENT,BLOCKED_COMPONENT,BLOCKED_COMPONENT,True,READY_LOWER_BOUND
GSO-109-7CB-1,GROUND_BEAM,untagged (p.13 typical sections),STIRRUP_RATE,150 mm,READY,typical section callout,False,True,"DXF GBP layer-1 face pair, clear between supports 9.500 m; support centreline 9.900 m; bar run: PRE-S5.1 support face-to-face",DXF face separation 300 mm = section B 300,FOLLOW ARCH. (not printed),"[""P13-GB-EXTERIOR""]",PROJECT_GENERAL_DETAIL,3Ø16,3Ø16,3Ø16,2Ø12/30cm,Ø8,150 mm,BLOCKED_COMPONENT,BLOCKED_COMPONENT,BLOCKED_COMPONENT,True,READY_LOWER_BOUND
GSO-109-7CB-1,GROUND_BEAM,untagged (p.13 typical sections),STIRRUP_CORE_PATH,D = FOLLOW ARCH.,BLOCKED_COMPONENT,section depth not printed (FOLLOW ARCH.),False,False,"DXF GBP layer-1 face pair, clear between supports 9.500 m; support centreline 9.900 m; bar run: PRE-S5.1 support face-to-face",DXF face separation 300 mm = section B 300,FOLLOW ARCH. (not printed),"[""P13-GB-EXTERIOR""]",PROJECT_GENERAL_DETAIL,3Ø16,3Ø16,3Ø16,2Ø12/30cm,Ø8,150 mm,BLOCKED_COMPONENT,BLOCKED_COMPONENT,BLOCKED_COMPONENT,True,READY_LOWER_BOUND
GSO-109-7CB-1,GROUND_BEAM,untagged (p.13 typical sections),STIRRUP_COUNT,150 mm,READY_LOWER_BOUND,count >= ceil(clear span / spacing); first / last stirrup position not stated,False,True,"DXF GBP layer-1 face pair, clear between supports 9.500 m; support centreline 9.900 m; bar run: PRE-S5.1 support face-to-face",DXF face separation 300 mm = section B 300,FOLLOW ARCH. (not printed),"[""P13-GB-EXTERIOR""]",PROJECT_GENERAL_DETAIL,3Ø16,3Ø16,3Ø16,2Ø12/30cm,Ø8,150 mm,BLOCKED_COMPONENT,BLOCKED_COMPONENT,BLOCKED_COMPONENT,True,READY_LOWER_BOUND
GSO-109-7CB-1,GROUND_BEAM,untagged (p.13 typical sections),HOOK_1,,BLOCKED_COMPONENT,hook angle / extension: NO_PROJECT_SOURCE (engineer / code decision; never verified),False,False,"DXF GBP layer-1 face pair, clear between supports 9.500 m; support centreline 9.900 m; bar run: PRE-S5.1 support face-to-face",DXF face separation 300 mm = section B 300,FOLLOW ARCH. (not printed),"[""P13-GB-EXTERIOR""]",PROJECT_GENERAL_DETAIL,3Ø16,3Ø16,3Ø16,2Ø12/30cm,Ø8,150 mm,BLOCKED_COMPONENT,BLOCKED_COMPONENT,BLOCKED_COMPONENT,True,READY_LOWER_BOUND
GSO-109-7CB-1,GROUND_BEAM,untagged (p.13 typical sections),HOOK_2,,BLOCKED_COMPONENT,hook angle / extension: NO_PROJECT_SOURCE (engineer / code decision; never verified),False,False,"DXF GBP layer-1 face pair, clear between supports 9.500 m; support centreline 9.900 m; bar run: PRE-S5.1 support face-to-face",DXF face separation 300 mm = section B 300,FOLLOW ARCH. (not printed),"[""P13-GB-EXTERIOR""]",PROJECT_GENERAL_DETAIL,3Ø16,3Ø16,3Ø16,2Ø12/30cm,Ø8,150 mm,BLOCKED_COMPONENT,BLOCKED_COMPONENT,BLOCKED_COMPONENT,True,READY_LOWER_BOUND
GSO-109-7CB-1,GROUND_BEAM,untagged (p.13 typical sections),END_ZONE_EXTRA,,NOT_APPLICABLE,the section prints one uniform spacing; no end-zone callout,False,False,"DXF GBP layer-1 face pair, clear between supports 9.500 m; support centreline 9.900 m; bar run: PRE-S5.1 support face-to-face",DXF face separation 300 mm = section B 300,FOLLOW ARCH. (not printed),"[""P13-GB-EXTERIOR""]",PROJECT_GENERAL_DETAIL,3Ø16,3Ø16,3Ø16,2Ø12/30cm,Ø8,150 mm,BLOCKED_COMPONENT,BLOCKED_COMPONENT,BLOCKED_COMPONENT,True,READY_LOWER_BOUND
GSO-109-7CB-1,GROUND_BEAM,untagged (p.13 typical sections),END_TREATMENT,,BLOCKED_COMPONENT,bar ends at the supports are not detailed,False,False,"DXF GBP layer-1 face pair, clear between supports 9.500 m; support centreline 9.900 m; bar run: PRE-S5.1 support face-to-face",DXF face separation 300 mm = section B 300,FOLLOW ARCH. (not printed),"[""P13-GB-EXTERIOR""]",PROJECT_GENERAL_DETAIL,3Ø16,3Ø16,3Ø16,2Ø12/30cm,Ø8,150 mm,BLOCKED_COMPONENT,BLOCKED_COMPONENT,BLOCKED_COMPONENT,True,READY_LOWER_BOUND
GSO-109-7CB-1,GROUND_BEAM,untagged (p.13 typical sections),DEVELOPMENT_INTO_SUPPORT_1,,BLOCKED_COMPONENT,no beam-end anchorage rule in the project source (DEVELOPMENT_STARTER_70D_40D is 'development / tie length of starter bars only' only),False,False,"DXF GBP layer-1 face pair, clear between supports 9.500 m; support centreline 9.900 m; bar run: PRE-S5.1 support face-to-face",DXF face separation 300 mm = section B 300,FOLLOW ARCH. (not printed),"[""P13-GB-EXTERIOR""]",PROJECT_GENERAL_DETAIL,3Ø16,3Ø16,3Ø16,2Ø12/30cm,Ø8,150 mm,BLOCKED_COMPONENT,BLOCKED_COMPONENT,BLOCKED_COMPONENT,True,READY_LOWER_BOUND
GSO-109-7CB-1,GROUND_BEAM,untagged (p.13 typical sections),DEVELOPMENT_INTO_SUPPORT_2,,BLOCKED_COMPONENT,no beam-end anchorage rule in the project source (DEVELOPMENT_STARTER_70D_40D is 'development / tie length of starter bars only' only),False,False,"DXF GBP layer-1 face pair, clear between supports 9.500 m; support centreline 9.900 m; bar run: PRE-S5.1 support face-to-face",DXF face separation 300 mm = section B 300,FOLLOW ARCH. (not printed),"[""P13-GB-EXTERIOR""]",PROJECT_GENERAL_DETAIL,3Ø16,3Ø16,3Ø16,2Ø12/30cm,Ø8,150 mm,BLOCKED_COMPONENT,BLOCKED_COMPONENT,BLOCKED_COMPONENT,True,READY_LOWER_BOUND
GSO-109-7CB-1,GROUND_BEAM,untagged (p.13 typical sections),LAP,,NOT_APPLICABLE,net measurement: laps are a procurement matter (BBS firewall),False,False,"DXF GBP layer-1 face pair, clear between supports 9.500 m; support centreline 9.900 m; bar run: PRE-S5.1 support face-to-face",DXF face separation 300 mm = section B 300,FOLLOW ARCH. (not printed),"[""P13-GB-EXTERIOR""]",PROJECT_GENERAL_DETAIL,3Ø16,3Ø16,3Ø16,2Ø12/30cm,Ø8,150 mm,BLOCKED_COMPONENT,BLOCKED_COMPONENT,BLOCKED_COMPONENT,True,READY_LOWER_BOUND
GSO-109-7CB-2,GROUND_BEAM,untagged (p.13 typical sections),TOP_MAIN,3Ø16,READY_LOWER_BOUND,"straight run: support face-to-face, derived per span in PRE-S5.1 (research/pre_s5_1_source_resolution, no numerical-minimum shortcut); development / end anchorage not source-established",False,True,"DXF GBP layer-1 face pair, clear between supports 2.700 m; support centreline 3.200 m; bar run: PRE-S5.1 support face-to-face",DXF face separation 300 mm = section B 300,FOLLOW ARCH. (not printed),"[""P13-GB-EXTERIOR""]",PROJECT_GENERAL_DETAIL,3Ø16,3Ø16,3Ø16,2Ø12/30cm,Ø8,150 mm,BLOCKED_COMPONENT,BLOCKED_COMPONENT,BLOCKED_COMPONENT,True,READY_LOWER_BOUND
GSO-109-7CB-2,GROUND_BEAM,untagged (p.13 typical sections),BOTTOM_ROW_1,3Ø16,READY_LOWER_BOUND,"straight run: support face-to-face, derived per span in PRE-S5.1 (research/pre_s5_1_source_resolution, no numerical-minimum shortcut); development / end anchorage not source-established",False,True,"DXF GBP layer-1 face pair, clear between supports 2.700 m; support centreline 3.200 m; bar run: PRE-S5.1 support face-to-face",DXF face separation 300 mm = section B 300,FOLLOW ARCH. (not printed),"[""P13-GB-EXTERIOR""]",PROJECT_GENERAL_DETAIL,3Ø16,3Ø16,3Ø16,2Ø12/30cm,Ø8,150 mm,BLOCKED_COMPONENT,BLOCKED_COMPONENT,BLOCKED_COMPONENT,True,READY_LOWER_BOUND
GSO-109-7CB-2,GROUND_BEAM,untagged (p.13 typical sections),BOTTOM_ROW_2,3Ø16,READY_LOWER_BOUND,"straight run: support face-to-face, derived per span in PRE-S5.1 (research/pre_s5_1_source_resolution, no numerical-minimum shortcut); development / end anchorage not source-established",False,True,"DXF GBP layer-1 face pair, clear between supports 2.700 m; support centreline 3.200 m; bar run: PRE-S5.1 support face-to-face",DXF face separation 300 mm = section B 300,FOLLOW ARCH. (not printed),"[""P13-GB-EXTERIOR""]",PROJECT_GENERAL_DETAIL,3Ø16,3Ø16,3Ø16,2Ø12/30cm,Ø8,150 mm,BLOCKED_COMPONENT,BLOCKED_COMPONENT,BLOCKED_COMPONENT,True,READY_LOWER_BOUND
GSO-109-7CB-2,GROUND_BEAM,untagged (p.13 typical sections),SIDE_BARS,2Ø12/30cm,BLOCKED_COMPONENT,side bars 2Ø12 per 30 cm of depth; depth FOLLOW ARCH. not printed,False,False,"DXF GBP layer-1 face pair, clear between supports 2.700 m; support centreline 3.200 m; bar run: PRE-S5.1 support face-to-face",DXF face separation 300 mm = section B 300,FOLLOW ARCH. (not printed),"[""P13-GB-EXTERIOR""]",PROJECT_GENERAL_DETAIL,3Ø16,3Ø16,3Ø16,2Ø12/30cm,Ø8,150 mm,BLOCKED_COMPONENT,BLOCKED_COMPONENT,BLOCKED_COMPONENT,True,READY_LOWER_BOUND
GSO-109-7CB-2,GROUND_BEAM,untagged (p.13 typical sections),STIRRUP_DIAMETER,Ø8,READY,typical section callout,False,True,"DXF GBP layer-1 face pair, clear between supports 2.700 m; support centreline 3.200 m; bar run: PRE-S5.1 support face-to-face",DXF face separation 300 mm = section B 300,FOLLOW ARCH. (not printed),"[""P13-GB-EXTERIOR""]",PROJECT_GENERAL_DETAIL,3Ø16,3Ø16,3Ø16,2Ø12/30cm,Ø8,150 mm,BLOCKED_COMPONENT,BLOCKED_COMPONENT,BLOCKED_COMPONENT,True,READY_LOWER_BOUND
GSO-109-7CB-2,GROUND_BEAM,untagged (p.13 typical sections),STIRRUP_RATE,150 mm,READY,typical section callout,False,True,"DXF GBP layer-1 face pair, clear between supports 2.700 m; support centreline 3.200 m; bar run: PRE-S5.1 support face-to-face",DXF face separation 300 mm = section B 300,FOLLOW ARCH. (not printed),"[""P13-GB-EXTERIOR""]",PROJECT_GENERAL_DETAIL,3Ø16,3Ø16,3Ø16,2Ø12/30cm,Ø8,150 mm,BLOCKED_COMPONENT,BLOCKED_COMPONENT,BLOCKED_COMPONENT,True,READY_LOWER_BOUND
GSO-109-7CB-2,GROUND_BEAM,untagged (p.13 typical sections),STIRRUP_CORE_PATH,D = FOLLOW ARCH.,BLOCKED_COMPONENT,section depth not printed (FOLLOW ARCH.),False,False,"DXF GBP layer-1 face pair, clear between supports 2.700 m; support centreline 3.200 m; bar run: PRE-S5.1 support face-to-face",DXF face separation 300 mm = section B 300,FOLLOW ARCH. (not printed),"[""P13-GB-EXTERIOR""]",PROJECT_GENERAL_DETAIL,3Ø16,3Ø16,3Ø16,2Ø12/30cm,Ø8,150 mm,BLOCKED_COMPONENT,BLOCKED_COMPONENT,BLOCKED_COMPONENT,True,READY_LOWER_BOUND
GSO-109-7CB-2,GROUND_BEAM,untagged (p.13 typical sections),STIRRUP_COUNT,150 mm,READY_LOWER_BOUND,count >= ceil(clear span / spacing); first / last stirrup position not stated,False,True,"DXF GBP layer-1 face pair, clear between supports 2.700 m; support centreline 3.200 m; bar run: PRE-S5.1 support face-to-face",DXF face separation 300 mm = section B 300,FOLLOW ARCH. (not printed),"[""P13-GB-EXTERIOR""]",PROJECT_GENERAL_DETAIL,3Ø16,3Ø16,3Ø16,2Ø12/30cm,Ø8,150 mm,BLOCKED_COMPONENT,BLOCKED_COMPONENT,BLOCKED_COMPONENT,True,READY_LOWER_BOUND
GSO-109-7CB-2,GROUND_BEAM,untagged (p.13 typical sections),HOOK_1,,BLOCKED_COMPONENT,hook angle / extension: NO_PROJECT_SOURCE (engineer / code decision; never verified),False,False,"DXF GBP layer-1 face pair, clear between supports 2.700 m; support centreline 3.200 m; bar run: PRE-S5.1 support face-to-face",DXF face separation 300 mm = section B 300,FOLLOW ARCH. (not printed),"[""P13-GB-EXTERIOR""]",PROJECT_GENERAL_DETAIL,3Ø16,3Ø16,3Ø16,2Ø12/30cm,Ø8,150 mm,BLOCKED_COMPONENT,BLOCKED_COMPONENT,BLOCKED_COMPONENT,True,READY_LOWER_BOUND
GSO-109-7CB-2,GROUND_BEAM,untagged (p.13 typical sections),HOOK_2,,BLOCKED_COMPONENT,hook angle / extension: NO_PROJECT_SOURCE (engineer / code decision; never verified),False,False,"DXF GBP layer-1 face pair, clear between supports 2.700 m; support centreline 3.200 m; bar run: PRE-S5.1 support face-to-face",DXF face separation 300 mm = section B 300,FOLLOW ARCH. (not printed),"[""P13-GB-EXTERIOR""]",PROJECT_GENERAL_DETAIL,3Ø16,3Ø16,3Ø16,2Ø12/30cm,Ø8,150 mm,BLOCKED_COMPONENT,BLOCKED_COMPONENT,BLOCKED_COMPONENT,True,READY_LOWER_BOUND
GSO-109-7CB-2,GROUND_BEAM,untagged (p.13 typical sections),END_ZONE_EXTRA,,NOT_APPLICABLE,the section prints one uniform spacing; no end-zone callout,False,False,"DXF GBP layer-1 face pair, clear between supports 2.700 m; support centreline 3.200 m; bar run: PRE-S5.1 support face-to-face",DXF face separation 300 mm = section B 300,FOLLOW ARCH. (not printed),"[""P13-GB-EXTERIOR""]",PROJECT_GENERAL_DETAIL,3Ø16,3Ø16,3Ø16,2Ø12/30cm,Ø8,150 mm,BLOCKED_COMPONENT,BLOCKED_COMPONENT,BLOCKED_COMPONENT,True,READY_LOWER_BOUND
GSO-109-7CB-2,GROUND_BEAM,untagged (p.13 typical sections),END_TREATMENT,,BLOCKED_COMPONENT,bar ends at the supports are not detailed,False,False,"DXF GBP layer-1 face pair, clear between supports 2.700 m; support centreline 3.200 m; bar run: PRE-S5.1 support face-to-face",DXF face separation 300 mm = section B 300,FOLLOW ARCH. (not printed),"[""P13-GB-EXTERIOR""]",PROJECT_GENERAL_DETAIL,3Ø16,3Ø16,3Ø16,2Ø12/30cm,Ø8,150 mm,BLOCKED_COMPONENT,BLOCKED_COMPONENT,BLOCKED_COMPONENT,True,READY_LOWER_BOUND
GSO-109-7CB-2,GROUND_BEAM,untagged (p.13 typical sections),DEVELOPMENT_INTO_SUPPORT_1,,BLOCKED_COMPONENT,no beam-end anchorage rule in the project source (DEVELOPMENT_STARTER_70D_40D is 'development / tie length of starter bars only' only),False,False,"DXF GBP layer-1 face pair, clear between supports 2.700 m; support centreline 3.200 m; bar run: PRE-S5.1 support face-to-face",DXF face separation 300 mm = section B 300,FOLLOW ARCH. (not printed),"[""P13-GB-EXTERIOR""]",PROJECT_GENERAL_DETAIL,3Ø16,3Ø16,3Ø16,2Ø12/30cm,Ø8,150 mm,BLOCKED_COMPONENT,BLOCKED_COMPONENT,BLOCKED_COMPONENT,True,READY_LOWER_BOUND
GSO-109-7CB-2,GROUND_BEAM,untagged (p.13 typical sections),DEVELOPMENT_INTO_SUPPORT_2,,BLOCKED_COMPONENT,no beam-end anchorage rule in the project source (DEVELOPMENT_STARTER_70D_40D is 'development / tie length of starter bars only' only),False,False,"DXF GBP layer-1 face pair, clear between supports 2.700 m; support centreline 3.200 m; bar run: PRE-S5.1 support face-to-face",DXF face separation 300 mm = section B 300,FOLLOW ARCH. (not printed),"[""P13-GB-EXTERIOR""]",PROJECT_GENERAL_DETAIL,3Ø16,3Ø16,3Ø16,2Ø12/30cm,Ø8,150 mm,BLOCKED_COMPONENT,BLOCKED_COMPONENT,BLOCKED_COMPONENT,True,READY_LOWER_BOUND
GSO-109-7CB-2,GROUND_BEAM,untagged (p.13 typical sections),LAP,,NOT_APPLICABLE,net measurement: laps are a procurement matter (BBS firewall),False,False,"DXF GBP layer-1 face pair, clear between supports 2.700 m; support centreline 3.200 m; bar run: PRE-S5.1 support face-to-face",DXF face separation 300 mm = section B 300,FOLLOW ARCH. (not printed),"[""P13-GB-EXTERIOR""]",PROJECT_GENERAL_DETAIL,3Ø16,3Ø16,3Ø16,2Ø12/30cm,Ø8,150 mm,BLOCKED_COMPONENT,BLOCKED_COMPONENT,BLOCKED_COMPONENT,True,READY_LOWER_BOUND
GSO-10A-7C9-1,GROUND_BEAM,untagged (p.13 typical sections),TOP_MAIN,3Ø16,READY_LOWER_BOUND,"straight run: support face-to-face, derived per span in PRE-S5.1 (research/pre_s5_1_source_resolution, no numerical-minimum shortcut); development / end anchorage not source-established",False,True,"DXF GBP layer-1 face pair, clear between supports 4.600 m; support centreline 4.600 m; bar run: PRE-S5.1 support face-to-face",DXF face separation 300 mm = section B 300,FOLLOW ARCH. (not printed),"[""P13-GB-EXTERIOR""]",PROJECT_GENERAL_DETAIL,3Ø16,3Ø16,3Ø16,2Ø12/30cm,Ø8,150 mm,BLOCKED_COMPONENT,BLOCKED_COMPONENT,BLOCKED_COMPONENT,True,READY_LOWER_BOUND
GSO-10A-7C9-1,GROUND_BEAM,untagged (p.13 typical sections),BOTTOM_ROW_1,3Ø16,READY_LOWER_BOUND,"straight run: support face-to-face, derived per span in PRE-S5.1 (research/pre_s5_1_source_resolution, no numerical-minimum shortcut); development / end anchorage not source-established",False,True,"DXF GBP layer-1 face pair, clear between supports 4.600 m; support centreline 4.600 m; bar run: PRE-S5.1 support face-to-face",DXF face separation 300 mm = section B 300,FOLLOW ARCH. (not printed),"[""P13-GB-EXTERIOR""]",PROJECT_GENERAL_DETAIL,3Ø16,3Ø16,3Ø16,2Ø12/30cm,Ø8,150 mm,BLOCKED_COMPONENT,BLOCKED_COMPONENT,BLOCKED_COMPONENT,True,READY_LOWER_BOUND
GSO-10A-7C9-1,GROUND_BEAM,untagged (p.13 typical sections),BOTTOM_ROW_2,3Ø16,READY_LOWER_BOUND,"straight run: support face-to-face, derived per span in PRE-S5.1 (research/pre_s5_1_source_resolution, no numerical-minimum shortcut); development / end anchorage not source-established",False,True,"DXF GBP layer-1 face pair, clear between supports 4.600 m; support centreline 4.600 m; bar run: PRE-S5.1 support face-to-face",DXF face separation 300 mm = section B 300,FOLLOW ARCH. (not printed),"[""P13-GB-EXTERIOR""]",PROJECT_GENERAL_DETAIL,3Ø16,3Ø16,3Ø16,2Ø12/30cm,Ø8,150 mm,BLOCKED_COMPONENT,BLOCKED_COMPONENT,BLOCKED_COMPONENT,True,READY_LOWER_BOUND
GSO-10A-7C9-1,GROUND_BEAM,untagged (p.13 typical sections),SIDE_BARS,2Ø12/30cm,BLOCKED_COMPONENT,side bars 2Ø12 per 30 cm of depth; depth FOLLOW ARCH. not printed,False,False,"DXF GBP layer-1 face pair, clear between supports 4.600 m; support centreline 4.600 m; bar run: PRE-S5.1 support face-to-face",DXF face separation 300 mm = section B 300,FOLLOW ARCH. (not printed),"[""P13-GB-EXTERIOR""]",PROJECT_GENERAL_DETAIL,3Ø16,3Ø16,3Ø16,2Ø12/30cm,Ø8,150 mm,BLOCKED_COMPONENT,BLOCKED_COMPONENT,BLOCKED_COMPONENT,True,READY_LOWER_BOUND
GSO-10A-7C9-1,GROUND_BEAM,untagged (p.13 typical sections),STIRRUP_DIAMETER,Ø8,READY,typical section callout,False,True,"DXF GBP layer-1 face pair, clear between supports 4.600 m; support centreline 4.600 m; bar run: PRE-S5.1 support face-to-face",DXF face separation 300 mm = section B 300,FOLLOW ARCH. (not printed),"[""P13-GB-EXTERIOR""]",PROJECT_GENERAL_DETAIL,3Ø16,3Ø16,3Ø16,2Ø12/30cm,Ø8,150 mm,BLOCKED_COMPONENT,BLOCKED_COMPONENT,BLOCKED_COMPONENT,True,READY_LOWER_BOUND
GSO-10A-7C9-1,GROUND_BEAM,untagged (p.13 typical sections),STIRRUP_RATE,150 mm,READY,typical section callout,False,True,"DXF GBP layer-1 face pair, clear between supports 4.600 m; support centreline 4.600 m; bar run: PRE-S5.1 support face-to-face",DXF face separation 300 mm = section B 300,FOLLOW ARCH. (not printed),"[""P13-GB-EXTERIOR""]",PROJECT_GENERAL_DETAIL,3Ø16,3Ø16,3Ø16,2Ø12/30cm,Ø8,150 mm,BLOCKED_COMPONENT,BLOCKED_COMPONENT,BLOCKED_COMPONENT,True,READY_LOWER_BOUND
GSO-10A-7C9-1,GROUND_BEAM,untagged (p.13 typical sections),STIRRUP_CORE_PATH,D = FOLLOW ARCH.,BLOCKED_COMPONENT,section depth not printed (FOLLOW ARCH.),False,False,"DXF GBP layer-1 face pair, clear between supports 4.600 m; support centreline 4.600 m; bar run: PRE-S5.1 support face-to-face",DXF face separation 300 mm = section B 300,FOLLOW ARCH. (not printed),"[""P13-GB-EXTERIOR""]",PROJECT_GENERAL_DETAIL,3Ø16,3Ø16,3Ø16,2Ø12/30cm,Ø8,150 mm,BLOCKED_COMPONENT,BLOCKED_COMPONENT,BLOCKED_COMPONENT,True,READY_LOWER_BOUND
GSO-10A-7C9-1,GROUND_BEAM,untagged (p.13 typical sections),STIRRUP_COUNT,150 mm,READY_LOWER_BOUND,count >= ceil(clear span / spacing); first / last stirrup position not stated,False,True,"DXF GBP layer-1 face pair, clear between supports 4.600 m; support centreline 4.600 m; bar run: PRE-S5.1 support face-to-face",DXF face separation 300 mm = section B 300,FOLLOW ARCH. (not printed),"[""P13-GB-EXTERIOR""]",PROJECT_GENERAL_DETAIL,3Ø16,3Ø16,3Ø16,2Ø12/30cm,Ø8,150 mm,BLOCKED_COMPONENT,BLOCKED_COMPONENT,BLOCKED_COMPONENT,True,READY_LOWER_BOUND
GSO-10A-7C9-1,GROUND_BEAM,untagged (p.13 typical sections),HOOK_1,,BLOCKED_COMPONENT,hook angle / extension: NO_PROJECT_SOURCE (engineer / code decision; never verified),False,False,"DXF GBP layer-1 face pair, clear between supports 4.600 m; support centreline 4.600 m; bar run: PRE-S5.1 support face-to-face",DXF face separation 300 mm = section B 300,FOLLOW ARCH. (not printed),"[""P13-GB-EXTERIOR""]",PROJECT_GENERAL_DETAIL,3Ø16,3Ø16,3Ø16,2Ø12/30cm,Ø8,150 mm,BLOCKED_COMPONENT,BLOCKED_COMPONENT,BLOCKED_COMPONENT,True,READY_LOWER_BOUND
GSO-10A-7C9-1,GROUND_BEAM,untagged (p.13 typical sections),HOOK_2,,BLOCKED_COMPONENT,hook angle / extension: NO_PROJECT_SOURCE (engineer / code decision; never verified),False,False,"DXF GBP layer-1 face pair, clear between supports 4.600 m; support centreline 4.600 m; bar run: PRE-S5.1 support face-to-face",DXF face separation 300 mm = section B 300,FOLLOW ARCH. (not printed),"[""P13-GB-EXTERIOR""]",PROJECT_GENERAL_DETAIL,3Ø16,3Ø16,3Ø16,2Ø12/30cm,Ø8,150 mm,BLOCKED_COMPONENT,BLOCKED_COMPONENT,BLOCKED_COMPONENT,True,READY_LOWER_BOUND
GSO-10A-7C9-1,GROUND_BEAM,untagged (p.13 typical sections),END_ZONE_EXTRA,,NOT_APPLICABLE,the section prints one uniform spacing; no end-zone callout,False,False,"DXF GBP layer-1 face pair, clear between supports 4.600 m; support centreline 4.600 m; bar run: PRE-S5.1 support face-to-face",DXF face separation 300 mm = section B 300,FOLLOW ARCH. (not printed),"[""P13-GB-EXTERIOR""]",PROJECT_GENERAL_DETAIL,3Ø16,3Ø16,3Ø16,2Ø12/30cm,Ø8,150 mm,BLOCKED_COMPONENT,BLOCKED_COMPONENT,BLOCKED_COMPONENT,True,READY_LOWER_BOUND
GSO-10A-7C9-1,GROUND_BEAM,untagged (p.13 typical sections),END_TREATMENT,,BLOCKED_COMPONENT,bar ends at the supports are not detailed,False,False,"DXF GBP layer-1 face pair, clear between supports 4.600 m; support centreline 4.600 m; bar run: PRE-S5.1 support face-to-face",DXF face separation 300 mm = section B 300,FOLLOW ARCH. (not printed),"[""P13-GB-EXTERIOR""]",PROJECT_GENERAL_DETAIL,3Ø16,3Ø16,3Ø16,2Ø12/30cm,Ø8,150 mm,BLOCKED_COMPONENT,BLOCKED_COMPONENT,BLOCKED_COMPONENT,True,READY_LOWER_BOUND
GSO-10A-7C9-1,GROUND_BEAM,untagged (p.13 typical sections),DEVELOPMENT_INTO_SUPPORT_1,,BLOCKED_COMPONENT,no beam-end anchorage rule in the project source (DEVELOPMENT_STARTER_70D_40D is 'development / tie length of starter bars only' only),False,False,"DXF GBP layer-1 face pair, clear between supports 4.600 m; support centreline 4.600 m; bar run: PRE-S5.1 support face-to-face",DXF face separation 300 mm = section B 300,FOLLOW ARCH. (not printed),"[""P13-GB-EXTERIOR""]",PROJECT_GENERAL_DETAIL,3Ø16,3Ø16,3Ø16,2Ø12/30cm,Ø8,150 mm,BLOCKED_COMPONENT,BLOCKED_COMPONENT,BLOCKED_COMPONENT,True,READY_LOWER_BOUND
GSO-10A-7C9-1,GROUND_BEAM,untagged (p.13 typical sections),DEVELOPMENT_INTO_SUPPORT_2,,BLOCKED_COMPONENT,no beam-end anchorage rule in the project source (DEVELOPMENT_STARTER_70D_40D is 'development / tie length of starter bars only' only),False,False,"DXF GBP layer-1 face pair, clear between supports 4.600 m; support centreline 4.600 m; bar run: PRE-S5.1 support face-to-face",DXF face separation 300 mm = section B 300,FOLLOW ARCH. (not printed),"[""P13-GB-EXTERIOR""]",PROJECT_GENERAL_DETAIL,3Ø16,3Ø16,3Ø16,2Ø12/30cm,Ø8,150 mm,BLOCKED_COMPONENT,BLOCKED_COMPONENT,BLOCKED_COMPONENT,True,READY_LOWER_BOUND
GSO-10A-7C9-1,GROUND_BEAM,untagged (p.13 typical sections),LAP,,NOT_APPLICABLE,net measurement: laps are a procurement matter (BBS firewall),False,False,"DXF GBP layer-1 face pair, clear between supports 4.600 m; support centreline 4.600 m; bar run: PRE-S5.1 support face-to-face",DXF face separation 300 mm = section B 300,FOLLOW ARCH. (not printed),"[""P13-GB-EXTERIOR""]",PROJECT_GENERAL_DETAIL,3Ø16,3Ø16,3Ø16,2Ø12/30cm,Ø8,150 mm,BLOCKED_COMPONENT,BLOCKED_COMPONENT,BLOCKED_COMPONENT,True,READY_LOWER_BOUND
GSO-10B-7D1-1,GROUND_BEAM,untagged (p.13 typical sections),TOP_MAIN,3Ø14 | 3Ø16,BLOCKED_COMPONENT,candidate details disagree: P13-GB-EXTERIOR 3Ø16; P13-GB-LT2_5M 3Ø14; P13-GB-LT5M 3Ø14,False,False,"DXF GBP layer-1 face pair, clear between supports 1.500 m; support centreline 1.600 m; bar run: PRE-S5.1 support face-to-face",DXF face separation 300 mm = section B 300,p.13 section D candidates: 300 | 400 | None,"[""P13-GB-EXTERIOR"", ""P13-GB-LT2_5M"", ""P13-GB-LT5M""]",CANDIDATE_DETAIL,3Ø14 | 3Ø16,3Ø14 | 3Ø16,3Ø14 | 3Ø16,2Ø12/30cm | None | None,"(8, 150) | (8, 150) | None","(8, 150) | (8, 150) | None",BLOCKED_COMPONENT,BLOCKED_COMPONENT,BLOCKED_COMPONENT,True,BLOCKED_COMPONENT
GSO-10B-7D1-1,GROUND_BEAM,untagged (p.13 typical sections),BOTTOM_ROW_1,3Ø14 | 3Ø16,BLOCKED_COMPONENT,candidate details disagree: P13-GB-EXTERIOR 3Ø16; P13-GB-LT2_5M 3Ø14; P13-GB-LT5M 3Ø14,False,False,"DXF GBP layer-1 face pair, clear between supports 1.500 m; support centreline 1.600 m; bar run: PRE-S5.1 support face-to-face",DXF face separation 300 mm = section B 300,p.13 section D candidates: 300 | 400 | None,"[""P13-GB-EXTERIOR"", ""P13-GB-LT2_5M"", ""P13-GB-LT5M""]",CANDIDATE_DETAIL,3Ø14 | 3Ø16,3Ø14 | 3Ø16,3Ø14 | 3Ø16,2Ø12/30cm | None | None,"(8, 150) | (8, 150) | None","(8, 150) | (8, 150) | None",BLOCKED_COMPONENT,BLOCKED_COMPONENT,BLOCKED_COMPONENT,True,BLOCKED_COMPONENT
GSO-10B-7D1-1,GROUND_BEAM,untagged (p.13 typical sections),BOTTOM_ROW_2,3Ø14 | 3Ø16,BLOCKED_COMPONENT,candidate details disagree: P13-GB-EXTERIOR 3Ø16; P13-GB-LT2_5M 3Ø14; P13-GB-LT5M 3Ø14,False,False,"DXF GBP layer-1 face pair, clear between supports 1.500 m; support centreline 1.600 m; bar run: PRE-S5.1 support face-to-face",DXF face separation 300 mm = section B 300,p.13 section D candidates: 300 | 400 | None,"[""P13-GB-EXTERIOR"", ""P13-GB-LT2_5M"", ""P13-GB-LT5M""]",CANDIDATE_DETAIL,3Ø14 | 3Ø16,3Ø14 | 3Ø16,3Ø14 | 3Ø16,2Ø12/30cm | None | None,"(8, 150) | (8, 150) | None","(8, 150) | (8, 150) | None",BLOCKED_COMPONENT,BLOCKED_COMPONENT,BLOCKED_COMPONENT,True,BLOCKED_COMPONENT
GSO-10B-7D1-1,GROUND_BEAM,untagged (p.13 typical sections),SIDE_BARS,2Ø12/30cm | None | None,BLOCKED_COMPONENT,side bars 2Ø12 per 30 cm of depth; depth FOLLOW ARCH. not printed; other candidates have none,False,False,"DXF GBP layer-1 face pair, clear between supports 1.500 m; support centreline 1.600 m; bar run: PRE-S5.1 support face-to-face",DXF face separation 300 mm = section B 300,p.13 section D candidates: 300 | 400 | None,"[""P13-GB-EXTERIOR"", ""P13-GB-LT2_5M"", ""P13-GB-LT5M""]",CANDIDATE_DETAIL,3Ø14 | 3Ø16,3Ø14 | 3Ø16,3Ø14 | 3Ø16,2Ø12/30cm | None | None,"(8, 150) | (8, 150) | None","(8, 150) | (8, 150) | None",BLOCKED_COMPONENT,BLOCKED_COMPONENT,BLOCKED_COMPONENT,True,BLOCKED_COMPONENT
GSO-10B-7D1-1,GROUND_BEAM,untagged (p.13 typical sections),STIRRUP_DIAMETER,"(8, 150) | (8, 150) | None",BLOCKED_COMPONENT,a candidate section draws a stirrup with no size / spacing callout,False,False,"DXF GBP layer-1 face pair, clear between supports 1.500 m; support centreline 1.600 m; bar run: PRE-S5.1 support face-to-face",DXF face separation 300 mm = section B 300,p.13 section D candidates: 300 | 400 | None,"[""P13-GB-EXTERIOR"", ""P13-GB-LT2_5M"", ""P13-GB-LT5M""]",CANDIDATE_DETAIL,3Ø14 | 3Ø16,3Ø14 | 3Ø16,3Ø14 | 3Ø16,2Ø12/30cm | None | None,"(8, 150) | (8, 150) | None","(8, 150) | (8, 150) | None",BLOCKED_COMPONENT,BLOCKED_COMPONENT,BLOCKED_COMPONENT,True,BLOCKED_COMPONENT
GSO-10B-7D1-1,GROUND_BEAM,untagged (p.13 typical sections),STIRRUP_RATE,"(8, 150) | (8, 150) | None",BLOCKED_COMPONENT,a candidate section draws a stirrup with no size / spacing callout,False,False,"DXF GBP layer-1 face pair, clear between supports 1.500 m; support centreline 1.600 m; bar run: PRE-S5.1 support face-to-face",DXF face separation 300 mm = section B 300,p.13 section D candidates: 300 | 400 | None,"[""P13-GB-EXTERIOR"", ""P13-GB-LT2_5M"", ""P13-GB-LT5M""]",CANDIDATE_DETAIL,3Ø14 | 3Ø16,3Ø14 | 3Ø16,3Ø14 | 3Ø16,2Ø12/30cm | None | None,"(8, 150) | (8, 150) | None","(8, 150) | (8, 150) | None",BLOCKED_COMPONENT,BLOCKED_COMPONENT,BLOCKED_COMPONENT,True,BLOCKED_COMPONENT
GSO-10B-7D1-1,GROUND_BEAM,untagged (p.13 typical sections),STIRRUP_CORE_PATH,D = FOLLOW ARCH.,BLOCKED_COMPONENT,section depth not printed (FOLLOW ARCH.),False,False,"DXF GBP layer-1 face pair, clear between supports 1.500 m; support centreline 1.600 m; bar run: PRE-S5.1 support face-to-face",DXF face separation 300 mm = section B 300,p.13 section D candidates: 300 | 400 | None,"[""P13-GB-EXTERIOR"", ""P13-GB-LT2_5M"", ""P13-GB-LT5M""]",CANDIDATE_DETAIL,3Ø14 | 3Ø16,3Ø14 | 3Ø16,3Ø14 | 3Ø16,2Ø12/30cm | None | None,"(8, 150) | (8, 150) | None","(8, 150) | (8, 150) | None",BLOCKED_COMPONENT,BLOCKED_COMPONENT,BLOCKED_COMPONENT,True,BLOCKED_COMPONENT
GSO-10B-7D1-1,GROUND_BEAM,untagged (p.13 typical sections),STIRRUP_COUNT,,BLOCKED_COMPONENT,spacing not established,False,False,"DXF GBP layer-1 face pair, clear between supports 1.500 m; support centreline 1.600 m; bar run: PRE-S5.1 support face-to-face",DXF face separation 300 mm = section B 300,p.13 section D candidates: 300 | 400 | None,"[""P13-GB-EXTERIOR"", ""P13-GB-LT2_5M"", ""P13-GB-LT5M""]",CANDIDATE_DETAIL,3Ø14 | 3Ø16,3Ø14 | 3Ø16,3Ø14 | 3Ø16,2Ø12/30cm | None | None,"(8, 150) | (8, 150) | None","(8, 150) | (8, 150) | None",BLOCKED_COMPONENT,BLOCKED_COMPONENT,BLOCKED_COMPONENT,True,BLOCKED_COMPONENT
GSO-10B-7D1-1,GROUND_BEAM,untagged (p.13 typical sections),HOOK_1,,BLOCKED_COMPONENT,hook angle / extension: NO_PROJECT_SOURCE (engineer / code decision; never verified),False,False,"DXF GBP layer-1 face pair, clear between supports 1.500 m; support centreline 1.600 m; bar run: PRE-S5.1 support face-to-face",DXF face separation 300 mm = section B 300,p.13 section D candidates: 300 | 400 | None,"[""P13-GB-EXTERIOR"", ""P13-GB-LT2_5M"", ""P13-GB-LT5M""]",CANDIDATE_DETAIL,3Ø14 | 3Ø16,3Ø14 | 3Ø16,3Ø14 | 3Ø16,2Ø12/30cm | None | None,"(8, 150) | (8, 150) | None","(8, 150) | (8, 150) | None",BLOCKED_COMPONENT,BLOCKED_COMPONENT,BLOCKED_COMPONENT,True,BLOCKED_COMPONENT
GSO-10B-7D1-1,GROUND_BEAM,untagged (p.13 typical sections),HOOK_2,,BLOCKED_COMPONENT,hook angle / extension: NO_PROJECT_SOURCE (engineer / code decision; never verified),False,False,"DXF GBP layer-1 face pair, clear between supports 1.500 m; support centreline 1.600 m; bar run: PRE-S5.1 support face-to-face",DXF face separation 300 mm = section B 300,p.13 section D candidates: 300 | 400 | None,"[""P13-GB-EXTERIOR"", ""P13-GB-LT2_5M"", ""P13-GB-LT5M""]",CANDIDATE_DETAIL,3Ø14 | 3Ø16,3Ø14 | 3Ø16,3Ø14 | 3Ø16,2Ø12/30cm | None | None,"(8, 150) | (8, 150) | None","(8, 150) | (8, 150) | None",BLOCKED_COMPONENT,BLOCKED_COMPONENT,BLOCKED_COMPONENT,True,BLOCKED_COMPONENT
GSO-10B-7D1-1,GROUND_BEAM,untagged (p.13 typical sections),END_ZONE_EXTRA,,NOT_APPLICABLE,the section prints one uniform spacing; no end-zone callout,False,False,"DXF GBP layer-1 face pair, clear between supports 1.500 m; support centreline 1.600 m; bar run: PRE-S5.1 support face-to-face",DXF face separation 300 mm = section B 300,p.13 section D candidates: 300 | 400 | None,"[""P13-GB-EXTERIOR"", ""P13-GB-LT2_5M"", ""P13-GB-LT5M""]",CANDIDATE_DETAIL,3Ø14 | 3Ø16,3Ø14 | 3Ø16,3Ø14 | 3Ø16,2Ø12/30cm | None | None,"(8, 150) | (8, 150) | None","(8, 150) | (8, 150) | None",BLOCKED_COMPONENT,BLOCKED_COMPONENT,BLOCKED_COMPONENT,True,BLOCKED_COMPONENT
GSO-10B-7D1-1,GROUND_BEAM,untagged (p.13 typical sections),END_TREATMENT,,BLOCKED_COMPONENT,bar ends at the supports are not detailed,False,False,"DXF GBP layer-1 face pair, clear between supports 1.500 m; support centreline 1.600 m; bar run: PRE-S5.1 support face-to-face",DXF face separation 300 mm = section B 300,p.13 section D candidates: 300 | 400 | None,"[""P13-GB-EXTERIOR"", ""P13-GB-LT2_5M"", ""P13-GB-LT5M""]",CANDIDATE_DETAIL,3Ø14 | 3Ø16,3Ø14 | 3Ø16,3Ø14 | 3Ø16,2Ø12/30cm | None | None,"(8, 150) | (8, 150) | None","(8, 150) | (8, 150) | None",BLOCKED_COMPONENT,BLOCKED_COMPONENT,BLOCKED_COMPONENT,True,BLOCKED_COMPONENT
GSO-10B-7D1-1,GROUND_BEAM,untagged (p.13 typical sections),DEVELOPMENT_INTO_SUPPORT_1,,BLOCKED_COMPONENT,no beam-end anchorage rule in the project source (DEVELOPMENT_STARTER_70D_40D is 'development / tie length of starter bars only' only),False,False,"DXF GBP layer-1 face pair, clear between supports 1.500 m; support centreline 1.600 m; bar run: PRE-S5.1 support face-to-face",DXF face separation 300 mm = section B 300,p.13 section D candidates: 300 | 400 | None,"[""P13-GB-EXTERIOR"", ""P13-GB-LT2_5M"", ""P13-GB-LT5M""]",CANDIDATE_DETAIL,3Ø14 | 3Ø16,3Ø14 | 3Ø16,3Ø14 | 3Ø16,2Ø12/30cm | None | None,"(8, 150) | (8, 150) | None","(8, 150) | (8, 150) | None",BLOCKED_COMPONENT,BLOCKED_COMPONENT,BLOCKED_COMPONENT,True,BLOCKED_COMPONENT
GSO-10B-7D1-1,GROUND_BEAM,untagged (p.13 typical sections),DEVELOPMENT_INTO_SUPPORT_2,,BLOCKED_COMPONENT,no beam-end anchorage rule in the project source (DEVELOPMENT_STARTER_70D_40D is 'development / tie length of starter bars only' only),False,False,"DXF GBP layer-1 face pair, clear between supports 1.500 m; support centreline 1.600 m; bar run: PRE-S5.1 support face-to-face",DXF face separation 300 mm = section B 300,p.13 section D candidates: 300 | 400 | None,"[""P13-GB-EXTERIOR"", ""P13-GB-LT2_5M"", ""P13-GB-LT5M""]",CANDIDATE_DETAIL,3Ø14 | 3Ø16,3Ø14 | 3Ø16,3Ø14 | 3Ø16,2Ø12/30cm | None | None,"(8, 150) | (8, 150) | None","(8, 150) | (8, 150) | None",BLOCKED_COMPONENT,BLOCKED_COMPONENT,BLOCKED_COMPONENT,True,BLOCKED_COMPONENT
GSO-10B-7D1-1,GROUND_BEAM,untagged (p.13 typical sections),LAP,,NOT_APPLICABLE,net measurement: laps are a procurement matter (BBS firewall),False,False,"DXF GBP layer-1 face pair, clear between supports 1.500 m; support centreline 1.600 m; bar run: PRE-S5.1 support face-to-face",DXF face separation 300 mm = section B 300,p.13 section D candidates: 300 | 400 | None,"[""P13-GB-EXTERIOR"", ""P13-GB-LT2_5M"", ""P13-GB-LT5M""]",CANDIDATE_DETAIL,3Ø14 | 3Ø16,3Ø14 | 3Ø16,3Ø14 | 3Ø16,2Ø12/30cm | None | None,"(8, 150) | (8, 150) | None","(8, 150) | (8, 150) | None",BLOCKED_COMPONENT,BLOCKED_COMPONENT,BLOCKED_COMPONENT,True,BLOCKED_COMPONENT
GSO-10B-7D1-2,GROUND_BEAM,untagged (p.13 typical sections),TOP_MAIN,3Ø14 | 3Ø16,BLOCKED_COMPONENT,candidate details disagree: P13-GB-EXTERIOR 3Ø16; P13-GB-LT2_5M 3Ø14; P13-GB-LT5M 3Ø14,False,False,"DXF GBP layer-1 face pair, clear between supports 2.300 m; support centreline 2.850 m; bar run: PRE-S5.1 support face-to-face",DXF face separation 300 mm = section B 300,p.13 section D candidates: 300 | 400 | None,"[""P13-GB-EXTERIOR"", ""P13-GB-LT2_5M"", ""P13-GB-LT5M""]",CANDIDATE_DETAIL,3Ø14 | 3Ø16,3Ø14 | 3Ø16,3Ø14 | 3Ø16,2Ø12/30cm | None | None,"(8, 150) | (8, 150) | None","(8, 150) | (8, 150) | None",BLOCKED_COMPONENT,BLOCKED_COMPONENT,BLOCKED_COMPONENT,True,BLOCKED_COMPONENT
GSO-10B-7D1-2,GROUND_BEAM,untagged (p.13 typical sections),BOTTOM_ROW_1,3Ø14 | 3Ø16,BLOCKED_COMPONENT,candidate details disagree: P13-GB-EXTERIOR 3Ø16; P13-GB-LT2_5M 3Ø14; P13-GB-LT5M 3Ø14,False,False,"DXF GBP layer-1 face pair, clear between supports 2.300 m; support centreline 2.850 m; bar run: PRE-S5.1 support face-to-face",DXF face separation 300 mm = section B 300,p.13 section D candidates: 300 | 400 | None,"[""P13-GB-EXTERIOR"", ""P13-GB-LT2_5M"", ""P13-GB-LT5M""]",CANDIDATE_DETAIL,3Ø14 | 3Ø16,3Ø14 | 3Ø16,3Ø14 | 3Ø16,2Ø12/30cm | None | None,"(8, 150) | (8, 150) | None","(8, 150) | (8, 150) | None",BLOCKED_COMPONENT,BLOCKED_COMPONENT,BLOCKED_COMPONENT,True,BLOCKED_COMPONENT
GSO-10B-7D1-2,GROUND_BEAM,untagged (p.13 typical sections),BOTTOM_ROW_2,3Ø14 | 3Ø16,BLOCKED_COMPONENT,candidate details disagree: P13-GB-EXTERIOR 3Ø16; P13-GB-LT2_5M 3Ø14; P13-GB-LT5M 3Ø14,False,False,"DXF GBP layer-1 face pair, clear between supports 2.300 m; support centreline 2.850 m; bar run: PRE-S5.1 support face-to-face",DXF face separation 300 mm = section B 300,p.13 section D candidates: 300 | 400 | None,"[""P13-GB-EXTERIOR"", ""P13-GB-LT2_5M"", ""P13-GB-LT5M""]",CANDIDATE_DETAIL,3Ø14 | 3Ø16,3Ø14 | 3Ø16,3Ø14 | 3Ø16,2Ø12/30cm | None | None,"(8, 150) | (8, 150) | None","(8, 150) | (8, 150) | None",BLOCKED_COMPONENT,BLOCKED_COMPONENT,BLOCKED_COMPONENT,True,BLOCKED_COMPONENT
GSO-10B-7D1-2,GROUND_BEAM,untagged (p.13 typical sections),SIDE_BARS,2Ø12/30cm | None | None,BLOCKED_COMPONENT,side bars 2Ø12 per 30 cm of depth; depth FOLLOW ARCH. not printed; other candidates have none,False,False,"DXF GBP layer-1 face pair, clear between supports 2.300 m; support centreline 2.850 m; bar run: PRE-S5.1 support face-to-face",DXF face separation 300 mm = section B 300,p.13 section D candidates: 300 | 400 | None,"[""P13-GB-EXTERIOR"", ""P13-GB-LT2_5M"", ""P13-GB-LT5M""]",CANDIDATE_DETAIL,3Ø14 | 3Ø16,3Ø14 | 3Ø16,3Ø14 | 3Ø16,2Ø12/30cm | None | None,"(8, 150) | (8, 150) | None","(8, 150) | (8, 150) | None",BLOCKED_COMPONENT,BLOCKED_COMPONENT,BLOCKED_COMPONENT,True,BLOCKED_COMPONENT
GSO-10B-7D1-2,GROUND_BEAM,untagged (p.13 typical sections),STIRRUP_DIAMETER,"(8, 150) | (8, 150) | None",BLOCKED_COMPONENT,a candidate section draws a stirrup with no size / spacing callout,False,False,"DXF GBP layer-1 face pair, clear between supports 2.300 m; support centreline 2.850 m; bar run: PRE-S5.1 support face-to-face",DXF face separation 300 mm = section B 300,p.13 section D candidates: 300 | 400 | None,"[""P13-GB-EXTERIOR"", ""P13-GB-LT2_5M"", ""P13-GB-LT5M""]",CANDIDATE_DETAIL,3Ø14 | 3Ø16,3Ø14 | 3Ø16,3Ø14 | 3Ø16,2Ø12/30cm | None | None,"(8, 150) | (8, 150) | None","(8, 150) | (8, 150) | None",BLOCKED_COMPONENT,BLOCKED_COMPONENT,BLOCKED_COMPONENT,True,BLOCKED_COMPONENT
GSO-10B-7D1-2,GROUND_BEAM,untagged (p.13 typical sections),STIRRUP_RATE,"(8, 150) | (8, 150) | None",BLOCKED_COMPONENT,a candidate section draws a stirrup with no size / spacing callout,False,False,"DXF GBP layer-1 face pair, clear between supports 2.300 m; support centreline 2.850 m; bar run: PRE-S5.1 support face-to-face",DXF face separation 300 mm = section B 300,p.13 section D candidates: 300 | 400 | None,"[""P13-GB-EXTERIOR"", ""P13-GB-LT2_5M"", ""P13-GB-LT5M""]",CANDIDATE_DETAIL,3Ø14 | 3Ø16,3Ø14 | 3Ø16,3Ø14 | 3Ø16,2Ø12/30cm | None | None,"(8, 150) | (8, 150) | None","(8, 150) | (8, 150) | None",BLOCKED_COMPONENT,BLOCKED_COMPONENT,BLOCKED_COMPONENT,True,BLOCKED_COMPONENT
GSO-10B-7D1-2,GROUND_BEAM,untagged (p.13 typical sections),STIRRUP_CORE_PATH,D = FOLLOW ARCH.,BLOCKED_COMPONENT,section depth not printed (FOLLOW ARCH.),False,False,"DXF GBP layer-1 face pair, clear between supports 2.300 m; support centreline 2.850 m; bar run: PRE-S5.1 support face-to-face",DXF face separation 300 mm = section B 300,p.13 section D candidates: 300 | 400 | None,"[""P13-GB-EXTERIOR"", ""P13-GB-LT2_5M"", ""P13-GB-LT5M""]",CANDIDATE_DETAIL,3Ø14 | 3Ø16,3Ø14 | 3Ø16,3Ø14 | 3Ø16,2Ø12/30cm | None | None,"(8, 150) | (8, 150) | None","(8, 150) | (8, 150) | None",BLOCKED_COMPONENT,BLOCKED_COMPONENT,BLOCKED_COMPONENT,True,BLOCKED_COMPONENT
GSO-10B-7D1-2,GROUND_BEAM,untagged (p.13 typical sections),STIRRUP_COUNT,,BLOCKED_COMPONENT,spacing not established,False,False,"DXF GBP layer-1 face pair, clear between supports 2.300 m; support centreline 2.850 m; bar run: PRE-S5.1 support face-to-face",DXF face separation 300 mm = section B 300,p.13 section D candidates: 300 | 400 | None,"[""P13-GB-EXTERIOR"", ""P13-GB-LT2_5M"", ""P13-GB-LT5M""]",CANDIDATE_DETAIL,3Ø14 | 3Ø16,3Ø14 | 3Ø16,3Ø14 | 3Ø16,2Ø12/30cm | None | None,"(8, 150) | (8, 150) | None","(8, 150) | (8, 150) | None",BLOCKED_COMPONENT,BLOCKED_COMPONENT,BLOCKED_COMPONENT,True,BLOCKED_COMPONENT
GSO-10B-7D1-2,GROUND_BEAM,untagged (p.13 typical sections),HOOK_1,,BLOCKED_COMPONENT,hook angle / extension: NO_PROJECT_SOURCE (engineer / code decision; never verified),False,False,"DXF GBP layer-1 face pair, clear between supports 2.300 m; support centreline 2.850 m; bar run: PRE-S5.1 support face-to-face",DXF face separation 300 mm = section B 300,p.13 section D candidates: 300 | 400 | None,"[""P13-GB-EXTERIOR"", ""P13-GB-LT2_5M"", ""P13-GB-LT5M""]",CANDIDATE_DETAIL,3Ø14 | 3Ø16,3Ø14 | 3Ø16,3Ø14 | 3Ø16,2Ø12/30cm | None | None,"(8, 150) | (8, 150) | None","(8, 150) | (8, 150) | None",BLOCKED_COMPONENT,BLOCKED_COMPONENT,BLOCKED_COMPONENT,True,BLOCKED_COMPONENT
GSO-10B-7D1-2,GROUND_BEAM,untagged (p.13 typical sections),HOOK_2,,BLOCKED_COMPONENT,hook angle / extension: NO_PROJECT_SOURCE (engineer / code decision; never verified),False,False,"DXF GBP layer-1 face pair, clear between supports 2.300 m; support centreline 2.850 m; bar run: PRE-S5.1 support face-to-face",DXF face separation 300 mm = section B 300,p.13 section D candidates: 300 | 400 | None,"[""P13-GB-EXTERIOR"", ""P13-GB-LT2_5M"", ""P13-GB-LT5M""]",CANDIDATE_DETAIL,3Ø14 | 3Ø16,3Ø14 | 3Ø16,3Ø14 | 3Ø16,2Ø12/30cm | None | None,"(8, 150) | (8, 150) | None","(8, 150) | (8, 150) | None",BLOCKED_COMPONENT,BLOCKED_COMPONENT,BLOCKED_COMPONENT,True,BLOCKED_COMPONENT
GSO-10B-7D1-2,GROUND_BEAM,untagged (p.13 typical sections),END_ZONE_EXTRA,,NOT_APPLICABLE,the section prints one uniform spacing; no end-zone callout,False,False,"DXF GBP layer-1 face pair, clear between supports 2.300 m; support centreline 2.850 m; bar run: PRE-S5.1 support face-to-face",DXF face separation 300 mm = section B 300,p.13 section D candidates: 300 | 400 | None,"[""P13-GB-EXTERIOR"", ""P13-GB-LT2_5M"", ""P13-GB-LT5M""]",CANDIDATE_DETAIL,3Ø14 | 3Ø16,3Ø14 | 3Ø16,3Ø14 | 3Ø16,2Ø12/30cm | None | None,"(8, 150) | (8, 150) | None","(8, 150) | (8, 150) | None",BLOCKED_COMPONENT,BLOCKED_COMPONENT,BLOCKED_COMPONENT,True,BLOCKED_COMPONENT
GSO-10B-7D1-2,GROUND_BEAM,untagged (p.13 typical sections),END_TREATMENT,,BLOCKED_COMPONENT,bar ends at the supports are not detailed,False,False,"DXF GBP layer-1 face pair, clear between supports 2.300 m; support centreline 2.850 m; bar run: PRE-S5.1 support face-to-face",DXF face separation 300 mm = section B 300,p.13 section D candidates: 300 | 400 | None,"[""P13-GB-EXTERIOR"", ""P13-GB-LT2_5M"", ""P13-GB-LT5M""]",CANDIDATE_DETAIL,3Ø14 | 3Ø16,3Ø14 | 3Ø16,3Ø14 | 3Ø16,2Ø12/30cm | None | None,"(8, 150) | (8, 150) | None","(8, 150) | (8, 150) | None",BLOCKED_COMPONENT,BLOCKED_COMPONENT,BLOCKED_COMPONENT,True,BLOCKED_COMPONENT
GSO-10B-7D1-2,GROUND_BEAM,untagged (p.13 typical sections),DEVELOPMENT_INTO_SUPPORT_1,,BLOCKED_COMPONENT,no beam-end anchorage rule in the project source (DEVELOPMENT_STARTER_70D_40D is 'development / tie length of starter bars only' only),False,False,"DXF GBP layer-1 face pair, clear between supports 2.300 m; support centreline 2.850 m; bar run: PRE-S5.1 support face-to-face",DXF face separation 300 mm = section B 300,p.13 section D candidates: 300 | 400 | None,"[""P13-GB-EXTERIOR"", ""P13-GB-LT2_5M"", ""P13-GB-LT5M""]",CANDIDATE_DETAIL,3Ø14 | 3Ø16,3Ø14 | 3Ø16,3Ø14 | 3Ø16,2Ø12/30cm | None | None,"(8, 150) | (8, 150) | None","(8, 150) | (8, 150) | None",BLOCKED_COMPONENT,BLOCKED_COMPONENT,BLOCKED_COMPONENT,True,BLOCKED_COMPONENT
GSO-10B-7D1-2,GROUND_BEAM,untagged (p.13 typical sections),DEVELOPMENT_INTO_SUPPORT_2,,BLOCKED_COMPONENT,no beam-end anchorage rule in the project source (DEVELOPMENT_STARTER_70D_40D is 'development / tie length of starter bars only' only),False,False,"DXF GBP layer-1 face pair, clear between supports 2.300 m; support centreline 2.850 m; bar run: PRE-S5.1 support face-to-face",DXF face separation 300 mm = section B 300,p.13 section D candidates: 300 | 400 | None,"[""P13-GB-EXTERIOR"", ""P13-GB-LT2_5M"", ""P13-GB-LT5M""]",CANDIDATE_DETAIL,3Ø14 | 3Ø16,3Ø14 | 3Ø16,3Ø14 | 3Ø16,2Ø12/30cm | None | None,"(8, 150) | (8, 150) | None","(8, 150) | (8, 150) | None",BLOCKED_COMPONENT,BLOCKED_COMPONENT,BLOCKED_COMPONENT,True,BLOCKED_COMPONENT
GSO-10B-7D1-2,GROUND_BEAM,untagged (p.13 typical sections),LAP,,NOT_APPLICABLE,net measurement: laps are a procurement matter (BBS firewall),False,False,"DXF GBP layer-1 face pair, clear between supports 2.300 m; support centreline 2.850 m; bar run: PRE-S5.1 support face-to-face",DXF face separation 300 mm = section B 300,p.13 section D candidates: 300 | 400 | None,"[""P13-GB-EXTERIOR"", ""P13-GB-LT2_5M"", ""P13-GB-LT5M""]",CANDIDATE_DETAIL,3Ø14 | 3Ø16,3Ø14 | 3Ø16,3Ø14 | 3Ø16,2Ø12/30cm | None | None,"(8, 150) | (8, 150) | None","(8, 150) | (8, 150) | None",BLOCKED_COMPONENT,BLOCKED_COMPONENT,BLOCKED_COMPONENT,True,BLOCKED_COMPONENT
GSO-114-115-7DF-1,GROUND_BEAM,untagged (p.13 typical sections),TOP_MAIN,3Ø16,READY_LOWER_BOUND,"straight run: support face-to-face, derived per span in PRE-S5.1 (research/pre_s5_1_source_resolution, no numerical-minimum shortcut); development / end anchorage not source-established",False,True,"DXF GBP layer-1 face pair, clear between supports 2.625 m; support centreline 2.925 m; bar run: PRE-S5.1 support face-to-face",DXF face separation 300 mm = section B 300,FOLLOW ARCH. (not printed),"[""P13-GB-EXTERIOR""]",PROJECT_GENERAL_DETAIL,3Ø16,3Ø16,3Ø16,2Ø12/30cm,Ø8,150 mm,BLOCKED_COMPONENT,BLOCKED_COMPONENT,BLOCKED_COMPONENT,True,READY_LOWER_BOUND
GSO-114-115-7DF-1,GROUND_BEAM,untagged (p.13 typical sections),BOTTOM_ROW_1,3Ø16,READY_LOWER_BOUND,"straight run: support face-to-face, derived per span in PRE-S5.1 (research/pre_s5_1_source_resolution, no numerical-minimum shortcut); development / end anchorage not source-established",False,True,"DXF GBP layer-1 face pair, clear between supports 2.625 m; support centreline 2.925 m; bar run: PRE-S5.1 support face-to-face",DXF face separation 300 mm = section B 300,FOLLOW ARCH. (not printed),"[""P13-GB-EXTERIOR""]",PROJECT_GENERAL_DETAIL,3Ø16,3Ø16,3Ø16,2Ø12/30cm,Ø8,150 mm,BLOCKED_COMPONENT,BLOCKED_COMPONENT,BLOCKED_COMPONENT,True,READY_LOWER_BOUND
GSO-114-115-7DF-1,GROUND_BEAM,untagged (p.13 typical sections),BOTTOM_ROW_2,3Ø16,READY_LOWER_BOUND,"straight run: support face-to-face, derived per span in PRE-S5.1 (research/pre_s5_1_source_resolution, no numerical-minimum shortcut); development / end anchorage not source-established",False,True,"DXF GBP layer-1 face pair, clear between supports 2.625 m; support centreline 2.925 m; bar run: PRE-S5.1 support face-to-face",DXF face separation 300 mm = section B 300,FOLLOW ARCH. (not printed),"[""P13-GB-EXTERIOR""]",PROJECT_GENERAL_DETAIL,3Ø16,3Ø16,3Ø16,2Ø12/30cm,Ø8,150 mm,BLOCKED_COMPONENT,BLOCKED_COMPONENT,BLOCKED_COMPONENT,True,READY_LOWER_BOUND
GSO-114-115-7DF-1,GROUND_BEAM,untagged (p.13 typical sections),SIDE_BARS,2Ø12/30cm,BLOCKED_COMPONENT,side bars 2Ø12 per 30 cm of depth; depth FOLLOW ARCH. not printed,False,False,"DXF GBP layer-1 face pair, clear between supports 2.625 m; support centreline 2.925 m; bar run: PRE-S5.1 support face-to-face",DXF face separation 300 mm = section B 300,FOLLOW ARCH. (not printed),"[""P13-GB-EXTERIOR""]",PROJECT_GENERAL_DETAIL,3Ø16,3Ø16,3Ø16,2Ø12/30cm,Ø8,150 mm,BLOCKED_COMPONENT,BLOCKED_COMPONENT,BLOCKED_COMPONENT,True,READY_LOWER_BOUND
GSO-114-115-7DF-1,GROUND_BEAM,untagged (p.13 typical sections),STIRRUP_DIAMETER,Ø8,READY,typical section callout,False,True,"DXF GBP layer-1 face pair, clear between supports 2.625 m; support centreline 2.925 m; bar run: PRE-S5.1 support face-to-face",DXF face separation 300 mm = section B 300,FOLLOW ARCH. (not printed),"[""P13-GB-EXTERIOR""]",PROJECT_GENERAL_DETAIL,3Ø16,3Ø16,3Ø16,2Ø12/30cm,Ø8,150 mm,BLOCKED_COMPONENT,BLOCKED_COMPONENT,BLOCKED_COMPONENT,True,READY_LOWER_BOUND
GSO-114-115-7DF-1,GROUND_BEAM,untagged (p.13 typical sections),STIRRUP_RATE,150 mm,READY,typical section callout,False,True,"DXF GBP layer-1 face pair, clear between supports 2.625 m; support centreline 2.925 m; bar run: PRE-S5.1 support face-to-face",DXF face separation 300 mm = section B 300,FOLLOW ARCH. (not printed),"[""P13-GB-EXTERIOR""]",PROJECT_GENERAL_DETAIL,3Ø16,3Ø16,3Ø16,2Ø12/30cm,Ø8,150 mm,BLOCKED_COMPONENT,BLOCKED_COMPONENT,BLOCKED_COMPONENT,True,READY_LOWER_BOUND
GSO-114-115-7DF-1,GROUND_BEAM,untagged (p.13 typical sections),STIRRUP_CORE_PATH,D = FOLLOW ARCH.,BLOCKED_COMPONENT,section depth not printed (FOLLOW ARCH.),False,False,"DXF GBP layer-1 face pair, clear between supports 2.625 m; support centreline 2.925 m; bar run: PRE-S5.1 support face-to-face",DXF face separation 300 mm = section B 300,FOLLOW ARCH. (not printed),"[""P13-GB-EXTERIOR""]",PROJECT_GENERAL_DETAIL,3Ø16,3Ø16,3Ø16,2Ø12/30cm,Ø8,150 mm,BLOCKED_COMPONENT,BLOCKED_COMPONENT,BLOCKED_COMPONENT,True,READY_LOWER_BOUND
GSO-114-115-7DF-1,GROUND_BEAM,untagged (p.13 typical sections),STIRRUP_COUNT,150 mm,READY_LOWER_BOUND,count >= ceil(clear span / spacing); first / last stirrup position not stated,False,True,"DXF GBP layer-1 face pair, clear between supports 2.625 m; support centreline 2.925 m; bar run: PRE-S5.1 support face-to-face",DXF face separation 300 mm = section B 300,FOLLOW ARCH. (not printed),"[""P13-GB-EXTERIOR""]",PROJECT_GENERAL_DETAIL,3Ø16,3Ø16,3Ø16,2Ø12/30cm,Ø8,150 mm,BLOCKED_COMPONENT,BLOCKED_COMPONENT,BLOCKED_COMPONENT,True,READY_LOWER_BOUND
GSO-114-115-7DF-1,GROUND_BEAM,untagged (p.13 typical sections),HOOK_1,,BLOCKED_COMPONENT,hook angle / extension: NO_PROJECT_SOURCE (engineer / code decision; never verified),False,False,"DXF GBP layer-1 face pair, clear between supports 2.625 m; support centreline 2.925 m; bar run: PRE-S5.1 support face-to-face",DXF face separation 300 mm = section B 300,FOLLOW ARCH. (not printed),"[""P13-GB-EXTERIOR""]",PROJECT_GENERAL_DETAIL,3Ø16,3Ø16,3Ø16,2Ø12/30cm,Ø8,150 mm,BLOCKED_COMPONENT,BLOCKED_COMPONENT,BLOCKED_COMPONENT,True,READY_LOWER_BOUND
GSO-114-115-7DF-1,GROUND_BEAM,untagged (p.13 typical sections),HOOK_2,,BLOCKED_COMPONENT,hook angle / extension: NO_PROJECT_SOURCE (engineer / code decision; never verified),False,False,"DXF GBP layer-1 face pair, clear between supports 2.625 m; support centreline 2.925 m; bar run: PRE-S5.1 support face-to-face",DXF face separation 300 mm = section B 300,FOLLOW ARCH. (not printed),"[""P13-GB-EXTERIOR""]",PROJECT_GENERAL_DETAIL,3Ø16,3Ø16,3Ø16,2Ø12/30cm,Ø8,150 mm,BLOCKED_COMPONENT,BLOCKED_COMPONENT,BLOCKED_COMPONENT,True,READY_LOWER_BOUND
GSO-114-115-7DF-1,GROUND_BEAM,untagged (p.13 typical sections),END_ZONE_EXTRA,,NOT_APPLICABLE,the section prints one uniform spacing; no end-zone callout,False,False,"DXF GBP layer-1 face pair, clear between supports 2.625 m; support centreline 2.925 m; bar run: PRE-S5.1 support face-to-face",DXF face separation 300 mm = section B 300,FOLLOW ARCH. (not printed),"[""P13-GB-EXTERIOR""]",PROJECT_GENERAL_DETAIL,3Ø16,3Ø16,3Ø16,2Ø12/30cm,Ø8,150 mm,BLOCKED_COMPONENT,BLOCKED_COMPONENT,BLOCKED_COMPONENT,True,READY_LOWER_BOUND
GSO-114-115-7DF-1,GROUND_BEAM,untagged (p.13 typical sections),END_TREATMENT,,BLOCKED_COMPONENT,bar ends at the supports are not detailed,False,False,"DXF GBP layer-1 face pair, clear between supports 2.625 m; support centreline 2.925 m; bar run: PRE-S5.1 support face-to-face",DXF face separation 300 mm = section B 300,FOLLOW ARCH. (not printed),"[""P13-GB-EXTERIOR""]",PROJECT_GENERAL_DETAIL,3Ø16,3Ø16,3Ø16,2Ø12/30cm,Ø8,150 mm,BLOCKED_COMPONENT,BLOCKED_COMPONENT,BLOCKED_COMPONENT,True,READY_LOWER_BOUND
GSO-114-115-7DF-1,GROUND_BEAM,untagged (p.13 typical sections),DEVELOPMENT_INTO_SUPPORT_1,,BLOCKED_COMPONENT,no beam-end anchorage rule in the project source (DEVELOPMENT_STARTER_70D_40D is 'development / tie length of starter bars only' only),False,False,"DXF GBP layer-1 face pair, clear between supports 2.625 m; support centreline 2.925 m; bar run: PRE-S5.1 support face-to-face",DXF face separation 300 mm = section B 300,FOLLOW ARCH. (not printed),"[""P13-GB-EXTERIOR""]",PROJECT_GENERAL_DETAIL,3Ø16,3Ø16,3Ø16,2Ø12/30cm,Ø8,150 mm,BLOCKED_COMPONENT,BLOCKED_COMPONENT,BLOCKED_COMPONENT,True,READY_LOWER_BOUND
GSO-114-115-7DF-1,GROUND_BEAM,untagged (p.13 typical sections),DEVELOPMENT_INTO_SUPPORT_2,,BLOCKED_COMPONENT,no beam-end anchorage rule in the project source (DEVELOPMENT_STARTER_70D_40D is 'development / tie length of starter bars only' only),False,False,"DXF GBP layer-1 face pair, clear between supports 2.625 m; support centreline 2.925 m; bar run: PRE-S5.1 support face-to-face",DXF face separation 300 mm = section B 300,FOLLOW ARCH. (not printed),"[""P13-GB-EXTERIOR""]",PROJECT_GENERAL_DETAIL,3Ø16,3Ø16,3Ø16,2Ø12/30cm,Ø8,150 mm,BLOCKED_COMPONENT,BLOCKED_COMPONENT,BLOCKED_COMPONENT,True,READY_LOWER_BOUND
GSO-114-115-7DF-1,GROUND_BEAM,untagged (p.13 typical sections),LAP,,NOT_APPLICABLE,net measurement: laps are a procurement matter (BBS firewall),False,False,"DXF GBP layer-1 face pair, clear between supports 2.625 m; support centreline 2.925 m; bar run: PRE-S5.1 support face-to-face",DXF face separation 300 mm = section B 300,FOLLOW ARCH. (not printed),"[""P13-GB-EXTERIOR""]",PROJECT_GENERAL_DETAIL,3Ø16,3Ø16,3Ø16,2Ø12/30cm,Ø8,150 mm,BLOCKED_COMPONENT,BLOCKED_COMPONENT,BLOCKED_COMPONENT,True,READY_LOWER_BOUND
GSO-114-115-7DF-2,GROUND_BEAM,untagged (p.13 typical sections),TOP_MAIN,3Ø16,READY_LOWER_BOUND,"straight run: support face-to-face, derived per span in PRE-S5.1 (research/pre_s5_1_source_resolution, no numerical-minimum shortcut); development / end anchorage not source-established",False,True,"DXF GBP layer-1 face pair, clear between supports 1.300 m; support centreline 1.600 m; bar run: PRE-S5.1 support face-to-face",DXF face separation 300 mm = section B 300,FOLLOW ARCH. (not printed),"[""P13-GB-EXTERIOR""]",PROJECT_GENERAL_DETAIL,3Ø16,3Ø16,3Ø16,2Ø12/30cm,Ø8,150 mm,BLOCKED_COMPONENT,BLOCKED_COMPONENT,BLOCKED_COMPONENT,True,READY_LOWER_BOUND
GSO-114-115-7DF-2,GROUND_BEAM,untagged (p.13 typical sections),BOTTOM_ROW_1,3Ø16,READY_LOWER_BOUND,"straight run: support face-to-face, derived per span in PRE-S5.1 (research/pre_s5_1_source_resolution, no numerical-minimum shortcut); development / end anchorage not source-established",False,True,"DXF GBP layer-1 face pair, clear between supports 1.300 m; support centreline 1.600 m; bar run: PRE-S5.1 support face-to-face",DXF face separation 300 mm = section B 300,FOLLOW ARCH. (not printed),"[""P13-GB-EXTERIOR""]",PROJECT_GENERAL_DETAIL,3Ø16,3Ø16,3Ø16,2Ø12/30cm,Ø8,150 mm,BLOCKED_COMPONENT,BLOCKED_COMPONENT,BLOCKED_COMPONENT,True,READY_LOWER_BOUND
GSO-114-115-7DF-2,GROUND_BEAM,untagged (p.13 typical sections),BOTTOM_ROW_2,3Ø16,READY_LOWER_BOUND,"straight run: support face-to-face, derived per span in PRE-S5.1 (research/pre_s5_1_source_resolution, no numerical-minimum shortcut); development / end anchorage not source-established",False,True,"DXF GBP layer-1 face pair, clear between supports 1.300 m; support centreline 1.600 m; bar run: PRE-S5.1 support face-to-face",DXF face separation 300 mm = section B 300,FOLLOW ARCH. (not printed),"[""P13-GB-EXTERIOR""]",PROJECT_GENERAL_DETAIL,3Ø16,3Ø16,3Ø16,2Ø12/30cm,Ø8,150 mm,BLOCKED_COMPONENT,BLOCKED_COMPONENT,BLOCKED_COMPONENT,True,READY_LOWER_BOUND
GSO-114-115-7DF-2,GROUND_BEAM,untagged (p.13 typical sections),SIDE_BARS,2Ø12/30cm,BLOCKED_COMPONENT,side bars 2Ø12 per 30 cm of depth; depth FOLLOW ARCH. not printed,False,False,"DXF GBP layer-1 face pair, clear between supports 1.300 m; support centreline 1.600 m; bar run: PRE-S5.1 support face-to-face",DXF face separation 300 mm = section B 300,FOLLOW ARCH. (not printed),"[""P13-GB-EXTERIOR""]",PROJECT_GENERAL_DETAIL,3Ø16,3Ø16,3Ø16,2Ø12/30cm,Ø8,150 mm,BLOCKED_COMPONENT,BLOCKED_COMPONENT,BLOCKED_COMPONENT,True,READY_LOWER_BOUND
GSO-114-115-7DF-2,GROUND_BEAM,untagged (p.13 typical sections),STIRRUP_DIAMETER,Ø8,READY,typical section callout,False,True,"DXF GBP layer-1 face pair, clear between supports 1.300 m; support centreline 1.600 m; bar run: PRE-S5.1 support face-to-face",DXF face separation 300 mm = section B 300,FOLLOW ARCH. (not printed),"[""P13-GB-EXTERIOR""]",PROJECT_GENERAL_DETAIL,3Ø16,3Ø16,3Ø16,2Ø12/30cm,Ø8,150 mm,BLOCKED_COMPONENT,BLOCKED_COMPONENT,BLOCKED_COMPONENT,True,READY_LOWER_BOUND
GSO-114-115-7DF-2,GROUND_BEAM,untagged (p.13 typical sections),STIRRUP_RATE,150 mm,READY,typical section callout,False,True,"DXF GBP layer-1 face pair, clear between supports 1.300 m; support centreline 1.600 m; bar run: PRE-S5.1 support face-to-face",DXF face separation 300 mm = section B 300,FOLLOW ARCH. (not printed),"[""P13-GB-EXTERIOR""]",PROJECT_GENERAL_DETAIL,3Ø16,3Ø16,3Ø16,2Ø12/30cm,Ø8,150 mm,BLOCKED_COMPONENT,BLOCKED_COMPONENT,BLOCKED_COMPONENT,True,READY_LOWER_BOUND
GSO-114-115-7DF-2,GROUND_BEAM,untagged (p.13 typical sections),STIRRUP_CORE_PATH,D = FOLLOW ARCH.,BLOCKED_COMPONENT,section depth not printed (FOLLOW ARCH.),False,False,"DXF GBP layer-1 face pair, clear between supports 1.300 m; support centreline 1.600 m; bar run: PRE-S5.1 support face-to-face",DXF face separation 300 mm = section B 300,FOLLOW ARCH. (not printed),"[""P13-GB-EXTERIOR""]",PROJECT_GENERAL_DETAIL,3Ø16,3Ø16,3Ø16,2Ø12/30cm,Ø8,150 mm,BLOCKED_COMPONENT,BLOCKED_COMPONENT,BLOCKED_COMPONENT,True,READY_LOWER_BOUND
GSO-114-115-7DF-2,GROUND_BEAM,untagged (p.13 typical sections),STIRRUP_COUNT,150 mm,READY_LOWER_BOUND,count >= ceil(clear span / spacing); first / last stirrup position not stated,False,True,"DXF GBP layer-1 face pair, clear between supports 1.300 m; support centreline 1.600 m; bar run: PRE-S5.1 support face-to-face",DXF face separation 300 mm = section B 300,FOLLOW ARCH. (not printed),"[""P13-GB-EXTERIOR""]",PROJECT_GENERAL_DETAIL,3Ø16,3Ø16,3Ø16,2Ø12/30cm,Ø8,150 mm,BLOCKED_COMPONENT,BLOCKED_COMPONENT,BLOCKED_COMPONENT,True,READY_LOWER_BOUND
GSO-114-115-7DF-2,GROUND_BEAM,untagged (p.13 typical sections),HOOK_1,,BLOCKED_COMPONENT,hook angle / extension: NO_PROJECT_SOURCE (engineer / code decision; never verified),False,False,"DXF GBP layer-1 face pair, clear between supports 1.300 m; support centreline 1.600 m; bar run: PRE-S5.1 support face-to-face",DXF face separation 300 mm = section B 300,FOLLOW ARCH. (not printed),"[""P13-GB-EXTERIOR""]",PROJECT_GENERAL_DETAIL,3Ø16,3Ø16,3Ø16,2Ø12/30cm,Ø8,150 mm,BLOCKED_COMPONENT,BLOCKED_COMPONENT,BLOCKED_COMPONENT,True,READY_LOWER_BOUND
GSO-114-115-7DF-2,GROUND_BEAM,untagged (p.13 typical sections),HOOK_2,,BLOCKED_COMPONENT,hook angle / extension: NO_PROJECT_SOURCE (engineer / code decision; never verified),False,False,"DXF GBP layer-1 face pair, clear between supports 1.300 m; support centreline 1.600 m; bar run: PRE-S5.1 support face-to-face",DXF face separation 300 mm = section B 300,FOLLOW ARCH. (not printed),"[""P13-GB-EXTERIOR""]",PROJECT_GENERAL_DETAIL,3Ø16,3Ø16,3Ø16,2Ø12/30cm,Ø8,150 mm,BLOCKED_COMPONENT,BLOCKED_COMPONENT,BLOCKED_COMPONENT,True,READY_LOWER_BOUND
GSO-114-115-7DF-2,GROUND_BEAM,untagged (p.13 typical sections),END_ZONE_EXTRA,,NOT_APPLICABLE,the section prints one uniform spacing; no end-zone callout,False,False,"DXF GBP layer-1 face pair, clear between supports 1.300 m; support centreline 1.600 m; bar run: PRE-S5.1 support face-to-face",DXF face separation 300 mm = section B 300,FOLLOW ARCH. (not printed),"[""P13-GB-EXTERIOR""]",PROJECT_GENERAL_DETAIL,3Ø16,3Ø16,3Ø16,2Ø12/30cm,Ø8,150 mm,BLOCKED_COMPONENT,BLOCKED_COMPONENT,BLOCKED_COMPONENT,True,READY_LOWER_BOUND
GSO-114-115-7DF-2,GROUND_BEAM,untagged (p.13 typical sections),END_TREATMENT,,BLOCKED_COMPONENT,bar ends at the supports are not detailed,False,False,"DXF GBP layer-1 face pair, clear between supports 1.300 m; support centreline 1.600 m; bar run: PRE-S5.1 support face-to-face",DXF face separation 300 mm = section B 300,FOLLOW ARCH. (not printed),"[""P13-GB-EXTERIOR""]",PROJECT_GENERAL_DETAIL,3Ø16,3Ø16,3Ø16,2Ø12/30cm,Ø8,150 mm,BLOCKED_COMPONENT,BLOCKED_COMPONENT,BLOCKED_COMPONENT,True,READY_LOWER_BOUND
GSO-114-115-7DF-2,GROUND_BEAM,untagged (p.13 typical sections),DEVELOPMENT_INTO_SUPPORT_1,,BLOCKED_COMPONENT,no beam-end anchorage rule in the project source (DEVELOPMENT_STARTER_70D_40D is 'development / tie length of starter bars only' only),False,False,"DXF GBP layer-1 face pair, clear between supports 1.300 m; support centreline 1.600 m; bar run: PRE-S5.1 support face-to-face",DXF face separation 300 mm = section B 300,FOLLOW ARCH. (not printed),"[""P13-GB-EXTERIOR""]",PROJECT_GENERAL_DETAIL,3Ø16,3Ø16,3Ø16,2Ø12/30cm,Ø8,150 mm,BLOCKED_COMPONENT,BLOCKED_COMPONENT,BLOCKED_COMPONENT,True,READY_LOWER_BOUND
GSO-114-115-7DF-2,GROUND_BEAM,untagged (p.13 typical sections),DEVELOPMENT_INTO_SUPPORT_2,,BLOCKED_COMPONENT,no beam-end anchorage rule in the project source (DEVELOPMENT_STARTER_70D_40D is 'development / tie length of starter bars only' only),False,False,"DXF GBP layer-1 face pair, clear between supports 1.300 m; support centreline 1.600 m; bar run: PRE-S5.1 support face-to-face",DXF face separation 300 mm = section B 300,FOLLOW ARCH. (not printed),"[""P13-GB-EXTERIOR""]",PROJECT_GENERAL_DETAIL,3Ø16,3Ø16,3Ø16,2Ø12/30cm,Ø8,150 mm,BLOCKED_COMPONENT,BLOCKED_COMPONENT,BLOCKED_COMPONENT,True,READY_LOWER_BOUND
GSO-114-115-7DF-2,GROUND_BEAM,untagged (p.13 typical sections),LAP,,NOT_APPLICABLE,net measurement: laps are a procurement matter (BBS firewall),False,False,"DXF GBP layer-1 face pair, clear between supports 1.300 m; support centreline 1.600 m; bar run: PRE-S5.1 support face-to-face",DXF face separation 300 mm = section B 300,FOLLOW ARCH. (not printed),"[""P13-GB-EXTERIOR""]",PROJECT_GENERAL_DETAIL,3Ø16,3Ø16,3Ø16,2Ø12/30cm,Ø8,150 mm,BLOCKED_COMPONENT,BLOCKED_COMPONENT,BLOCKED_COMPONENT,True,READY_LOWER_BOUND
GSO-136-7D5-1,GROUND_BEAM,untagged (p.13 typical sections),TOP_MAIN,3Ø16,READY_LOWER_BOUND,"straight run: support face-to-face, derived per span in PRE-S5.1 (research/pre_s5_1_source_resolution, no numerical-minimum shortcut); development / end anchorage not source-established",True,True,"DXF GBP layer-1 face pair, clear between supports 6.400 m; support centreline 6.350 m; bar run: PRE-S5.1 support face-to-face",DXF face separation 300 mm = section B 300,p.13 section D candidates: 600 | None,"[""P13-GB-EXTERIOR"", ""P13-GB-GT5M""]",CANDIDATE_DETAIL,3Ø16,3Ø16,3Ø16,2Ø12/30cm | None,Ø8,150 mm,BLOCKED_COMPONENT,BLOCKED_COMPONENT,BLOCKED_COMPONENT,True,READY_LOWER_BOUND
GSO-136-7D5-1,GROUND_BEAM,untagged (p.13 typical sections),BOTTOM_ROW_1,3Ø16,READY_LOWER_BOUND,"straight run: support face-to-face, derived per span in PRE-S5.1 (research/pre_s5_1_source_resolution, no numerical-minimum shortcut); development / end anchorage not source-established",True,True,"DXF GBP layer-1 face pair, clear between supports 6.400 m; support centreline 6.350 m; bar run: PRE-S5.1 support face-to-face",DXF face separation 300 mm = section B 300,p.13 section D candidates: 600 | None,"[""P13-GB-EXTERIOR"", ""P13-GB-GT5M""]",CANDIDATE_DETAIL,3Ø16,3Ø16,3Ø16,2Ø12/30cm | None,Ø8,150 mm,BLOCKED_COMPONENT,BLOCKED_COMPONENT,BLOCKED_COMPONENT,True,READY_LOWER_BOUND
GSO-136-7D5-1,GROUND_BEAM,untagged (p.13 typical sections),BOTTOM_ROW_2,3Ø16,READY_LOWER_BOUND,"straight run: support face-to-face, derived per span in PRE-S5.1 (research/pre_s5_1_source_resolution, no numerical-minimum shortcut); development / end anchorage not source-established",True,True,"DXF GBP layer-1 face pair, clear between supports 6.400 m; support centreline 6.350 m; bar run: PRE-S5.1 support face-to-face",DXF face separation 300 mm = section B 300,p.13 section D candidates: 600 | None,"[""P13-GB-EXTERIOR"", ""P13-GB-GT5M""]",CANDIDATE_DETAIL,3Ø16,3Ø16,3Ø16,2Ø12/30cm | None,Ø8,150 mm,BLOCKED_COMPONENT,BLOCKED_COMPONENT,BLOCKED_COMPONENT,True,READY_LOWER_BOUND
GSO-136-7D5-1,GROUND_BEAM,untagged (p.13 typical sections),SIDE_BARS,2Ø12/30cm | None,BLOCKED_COMPONENT,side bars 2Ø12 per 30 cm of depth; depth FOLLOW ARCH. not printed; other candidates have none,False,False,"DXF GBP layer-1 face pair, clear between supports 6.400 m; support centreline 6.350 m; bar run: PRE-S5.1 support face-to-face",DXF face separation 300 mm = section B 300,p.13 section D candidates: 600 | None,"[""P13-GB-EXTERIOR"", ""P13-GB-GT5M""]",CANDIDATE_DETAIL,3Ø16,3Ø16,3Ø16,2Ø12/30cm | None,Ø8,150 mm,BLOCKED_COMPONENT,BLOCKED_COMPONENT,BLOCKED_COMPONENT,True,READY_LOWER_BOUND
GSO-136-7D5-1,GROUND_BEAM,untagged (p.13 typical sections),STIRRUP_DIAMETER,Ø8,READY,typical section callout,True,True,"DXF GBP layer-1 face pair, clear between supports 6.400 m; support centreline 6.350 m; bar run: PRE-S5.1 support face-to-face",DXF face separation 300 mm = section B 300,p.13 section D candidates: 600 | None,"[""P13-GB-EXTERIOR"", ""P13-GB-GT5M""]",CANDIDATE_DETAIL,3Ø16,3Ø16,3Ø16,2Ø12/30cm | None,Ø8,150 mm,BLOCKED_COMPONENT,BLOCKED_COMPONENT,BLOCKED_COMPONENT,True,READY_LOWER_BOUND
GSO-136-7D5-1,GROUND_BEAM,untagged (p.13 typical sections),STIRRUP_RATE,150 mm,READY,typical section callout,True,True,"DXF GBP layer-1 face pair, clear between supports 6.400 m; support centreline 6.350 m; bar run: PRE-S5.1 support face-to-face",DXF face separation 300 mm = section B 300,p.13 section D candidates: 600 | None,"[""P13-GB-EXTERIOR"", ""P13-GB-GT5M""]",CANDIDATE_DETAIL,3Ø16,3Ø16,3Ø16,2Ø12/30cm | None,Ø8,150 mm,BLOCKED_COMPONENT,BLOCKED_COMPONENT,BLOCKED_COMPONENT,True,READY_LOWER_BOUND
GSO-136-7D5-1,GROUND_BEAM,untagged (p.13 typical sections),STIRRUP_CORE_PATH,D = FOLLOW ARCH.,BLOCKED_COMPONENT,section depth not printed (FOLLOW ARCH.),False,False,"DXF GBP layer-1 face pair, clear between supports 6.400 m; support centreline 6.350 m; bar run: PRE-S5.1 support face-to-face",DXF face separation 300 mm = section B 300,p.13 section D candidates: 600 | None,"[""P13-GB-EXTERIOR"", ""P13-GB-GT5M""]",CANDIDATE_DETAIL,3Ø16,3Ø16,3Ø16,2Ø12/30cm | None,Ø8,150 mm,BLOCKED_COMPONENT,BLOCKED_COMPONENT,BLOCKED_COMPONENT,True,READY_LOWER_BOUND
GSO-136-7D5-1,GROUND_BEAM,untagged (p.13 typical sections),STIRRUP_COUNT,150 mm,READY_LOWER_BOUND,count >= ceil(clear span / spacing); first / last stirrup position not stated,True,True,"DXF GBP layer-1 face pair, clear between supports 6.400 m; support centreline 6.350 m; bar run: PRE-S5.1 support face-to-face",DXF face separation 300 mm = section B 300,p.13 section D candidates: 600 | None,"[""P13-GB-EXTERIOR"", ""P13-GB-GT5M""]",CANDIDATE_DETAIL,3Ø16,3Ø16,3Ø16,2Ø12/30cm | None,Ø8,150 mm,BLOCKED_COMPONENT,BLOCKED_COMPONENT,BLOCKED_COMPONENT,True,READY_LOWER_BOUND
GSO-136-7D5-1,GROUND_BEAM,untagged (p.13 typical sections),HOOK_1,,BLOCKED_COMPONENT,hook angle / extension: NO_PROJECT_SOURCE (engineer / code decision; never verified),False,False,"DXF GBP layer-1 face pair, clear between supports 6.400 m; support centreline 6.350 m; bar run: PRE-S5.1 support face-to-face",DXF face separation 300 mm = section B 300,p.13 section D candidates: 600 | None,"[""P13-GB-EXTERIOR"", ""P13-GB-GT5M""]",CANDIDATE_DETAIL,3Ø16,3Ø16,3Ø16,2Ø12/30cm | None,Ø8,150 mm,BLOCKED_COMPONENT,BLOCKED_COMPONENT,BLOCKED_COMPONENT,True,READY_LOWER_BOUND
GSO-136-7D5-1,GROUND_BEAM,untagged (p.13 typical sections),HOOK_2,,BLOCKED_COMPONENT,hook angle / extension: NO_PROJECT_SOURCE (engineer / code decision; never verified),False,False,"DXF GBP layer-1 face pair, clear between supports 6.400 m; support centreline 6.350 m; bar run: PRE-S5.1 support face-to-face",DXF face separation 300 mm = section B 300,p.13 section D candidates: 600 | None,"[""P13-GB-EXTERIOR"", ""P13-GB-GT5M""]",CANDIDATE_DETAIL,3Ø16,3Ø16,3Ø16,2Ø12/30cm | None,Ø8,150 mm,BLOCKED_COMPONENT,BLOCKED_COMPONENT,BLOCKED_COMPONENT,True,READY_LOWER_BOUND
GSO-136-7D5-1,GROUND_BEAM,untagged (p.13 typical sections),END_ZONE_EXTRA,,NOT_APPLICABLE,the section prints one uniform spacing; no end-zone callout,False,False,"DXF GBP layer-1 face pair, clear between supports 6.400 m; support centreline 6.350 m; bar run: PRE-S5.1 support face-to-face",DXF face separation 300 mm = section B 300,p.13 section D candidates: 600 | None,"[""P13-GB-EXTERIOR"", ""P13-GB-GT5M""]",CANDIDATE_DETAIL,3Ø16,3Ø16,3Ø16,2Ø12/30cm | None,Ø8,150 mm,BLOCKED_COMPONENT,BLOCKED_COMPONENT,BLOCKED_COMPONENT,True,READY_LOWER_BOUND
GSO-136-7D5-1,GROUND_BEAM,untagged (p.13 typical sections),END_TREATMENT,,BLOCKED_COMPONENT,bar ends at the supports are not detailed,False,False,"DXF GBP layer-1 face pair, clear between supports 6.400 m; support centreline 6.350 m; bar run: PRE-S5.1 support face-to-face",DXF face separation 300 mm = section B 300,p.13 section D candidates: 600 | None,"[""P13-GB-EXTERIOR"", ""P13-GB-GT5M""]",CANDIDATE_DETAIL,3Ø16,3Ø16,3Ø16,2Ø12/30cm | None,Ø8,150 mm,BLOCKED_COMPONENT,BLOCKED_COMPONENT,BLOCKED_COMPONENT,True,READY_LOWER_BOUND
GSO-136-7D5-1,GROUND_BEAM,untagged (p.13 typical sections),DEVELOPMENT_INTO_SUPPORT_1,,BLOCKED_COMPONENT,no beam-end anchorage rule in the project source (DEVELOPMENT_STARTER_70D_40D is 'development / tie length of starter bars only' only),False,False,"DXF GBP layer-1 face pair, clear between supports 6.400 m; support centreline 6.350 m; bar run: PRE-S5.1 support face-to-face",DXF face separation 300 mm = section B 300,p.13 section D candidates: 600 | None,"[""P13-GB-EXTERIOR"", ""P13-GB-GT5M""]",CANDIDATE_DETAIL,3Ø16,3Ø16,3Ø16,2Ø12/30cm | None,Ø8,150 mm,BLOCKED_COMPONENT,BLOCKED_COMPONENT,BLOCKED_COMPONENT,True,READY_LOWER_BOUND
GSO-136-7D5-1,GROUND_BEAM,untagged (p.13 typical sections),DEVELOPMENT_INTO_SUPPORT_2,,BLOCKED_COMPONENT,no beam-end anchorage rule in the project source (DEVELOPMENT_STARTER_70D_40D is 'development / tie length of starter bars only' only),False,False,"DXF GBP layer-1 face pair, clear between supports 6.400 m; support centreline 6.350 m; bar run: PRE-S5.1 support face-to-face",DXF face separation 300 mm = section B 300,p.13 section D candidates: 600 | None,"[""P13-GB-EXTERIOR"", ""P13-GB-GT5M""]",CANDIDATE_DETAIL,3Ø16,3Ø16,3Ø16,2Ø12/30cm | None,Ø8,150 mm,BLOCKED_COMPONENT,BLOCKED_COMPONENT,BLOCKED_COMPONENT,True,READY_LOWER_BOUND
GSO-136-7D5-1,GROUND_BEAM,untagged (p.13 typical sections),LAP,,NOT_APPLICABLE,net measurement: laps are a procurement matter (BBS firewall),False,False,"DXF GBP layer-1 face pair, clear between supports 6.400 m; support centreline 6.350 m; bar run: PRE-S5.1 support face-to-face",DXF face separation 300 mm = section B 300,p.13 section D candidates: 600 | None,"[""P13-GB-EXTERIOR"", ""P13-GB-GT5M""]",CANDIDATE_DETAIL,3Ø16,3Ø16,3Ø16,2Ø12/30cm | None,Ø8,150 mm,BLOCKED_COMPONENT,BLOCKED_COMPONENT,BLOCKED_COMPONENT,True,READY_LOWER_BOUND
GSO-137-138-1,GROUND_BEAM,untagged (p.13 typical sections),TOP_MAIN,3Ø14 | 3Ø16,BLOCKED_COMPONENT,candidate details disagree: P13-GB-EXTERIOR 3Ø16; P13-GB-LT2_5M 3Ø14; P13-GB-LT5M 3Ø14,False,False,"DXF GBP layer-1 face pair, clear between supports 2.450 m; support centreline 2.750 m; bar run: PRE-S5.1 support face-to-face",DXF face separation 300 mm = section B 300,p.13 section D candidates: 300 | 400 | None,"[""P13-GB-EXTERIOR"", ""P13-GB-LT2_5M"", ""P13-GB-LT5M""]",CANDIDATE_DETAIL,3Ø14 | 3Ø16,3Ø14 | 3Ø16,3Ø14 | 3Ø16,2Ø12/30cm | None | None,"(8, 150) | (8, 150) | None","(8, 150) | (8, 150) | None",BLOCKED_COMPONENT,BLOCKED_COMPONENT,BLOCKED_COMPONENT,True,BLOCKED_COMPONENT
GSO-137-138-1,GROUND_BEAM,untagged (p.13 typical sections),BOTTOM_ROW_1,3Ø14 | 3Ø16,BLOCKED_COMPONENT,candidate details disagree: P13-GB-EXTERIOR 3Ø16; P13-GB-LT2_5M 3Ø14; P13-GB-LT5M 3Ø14,False,False,"DXF GBP layer-1 face pair, clear between supports 2.450 m; support centreline 2.750 m; bar run: PRE-S5.1 support face-to-face",DXF face separation 300 mm = section B 300,p.13 section D candidates: 300 | 400 | None,"[""P13-GB-EXTERIOR"", ""P13-GB-LT2_5M"", ""P13-GB-LT5M""]",CANDIDATE_DETAIL,3Ø14 | 3Ø16,3Ø14 | 3Ø16,3Ø14 | 3Ø16,2Ø12/30cm | None | None,"(8, 150) | (8, 150) | None","(8, 150) | (8, 150) | None",BLOCKED_COMPONENT,BLOCKED_COMPONENT,BLOCKED_COMPONENT,True,BLOCKED_COMPONENT
GSO-137-138-1,GROUND_BEAM,untagged (p.13 typical sections),BOTTOM_ROW_2,3Ø14 | 3Ø16,BLOCKED_COMPONENT,candidate details disagree: P13-GB-EXTERIOR 3Ø16; P13-GB-LT2_5M 3Ø14; P13-GB-LT5M 3Ø14,False,False,"DXF GBP layer-1 face pair, clear between supports 2.450 m; support centreline 2.750 m; bar run: PRE-S5.1 support face-to-face",DXF face separation 300 mm = section B 300,p.13 section D candidates: 300 | 400 | None,"[""P13-GB-EXTERIOR"", ""P13-GB-LT2_5M"", ""P13-GB-LT5M""]",CANDIDATE_DETAIL,3Ø14 | 3Ø16,3Ø14 | 3Ø16,3Ø14 | 3Ø16,2Ø12/30cm | None | None,"(8, 150) | (8, 150) | None","(8, 150) | (8, 150) | None",BLOCKED_COMPONENT,BLOCKED_COMPONENT,BLOCKED_COMPONENT,True,BLOCKED_COMPONENT
GSO-137-138-1,GROUND_BEAM,untagged (p.13 typical sections),SIDE_BARS,2Ø12/30cm | None | None,BLOCKED_COMPONENT,side bars 2Ø12 per 30 cm of depth; depth FOLLOW ARCH. not printed; other candidates have none,False,False,"DXF GBP layer-1 face pair, clear between supports 2.450 m; support centreline 2.750 m; bar run: PRE-S5.1 support face-to-face",DXF face separation 300 mm = section B 300,p.13 section D candidates: 300 | 400 | None,"[""P13-GB-EXTERIOR"", ""P13-GB-LT2_5M"", ""P13-GB-LT5M""]",CANDIDATE_DETAIL,3Ø14 | 3Ø16,3Ø14 | 3Ø16,3Ø14 | 3Ø16,2Ø12/30cm | None | None,"(8, 150) | (8, 150) | None","(8, 150) | (8, 150) | None",BLOCKED_COMPONENT,BLOCKED_COMPONENT,BLOCKED_COMPONENT,True,BLOCKED_COMPONENT
GSO-137-138-1,GROUND_BEAM,untagged (p.13 typical sections),STIRRUP_DIAMETER,"(8, 150) | (8, 150) | None",BLOCKED_COMPONENT,a candidate section draws a stirrup with no size / spacing callout,False,False,"DXF GBP layer-1 face pair, clear between supports 2.450 m; support centreline 2.750 m; bar run: PRE-S5.1 support face-to-face",DXF face separation 300 mm = section B 300,p.13 section D candidates: 300 | 400 | None,"[""P13-GB-EXTERIOR"", ""P13-GB-LT2_5M"", ""P13-GB-LT5M""]",CANDIDATE_DETAIL,3Ø14 | 3Ø16,3Ø14 | 3Ø16,3Ø14 | 3Ø16,2Ø12/30cm | None | None,"(8, 150) | (8, 150) | None","(8, 150) | (8, 150) | None",BLOCKED_COMPONENT,BLOCKED_COMPONENT,BLOCKED_COMPONENT,True,BLOCKED_COMPONENT
GSO-137-138-1,GROUND_BEAM,untagged (p.13 typical sections),STIRRUP_RATE,"(8, 150) | (8, 150) | None",BLOCKED_COMPONENT,a candidate section draws a stirrup with no size / spacing callout,False,False,"DXF GBP layer-1 face pair, clear between supports 2.450 m; support centreline 2.750 m; bar run: PRE-S5.1 support face-to-face",DXF face separation 300 mm = section B 300,p.13 section D candidates: 300 | 400 | None,"[""P13-GB-EXTERIOR"", ""P13-GB-LT2_5M"", ""P13-GB-LT5M""]",CANDIDATE_DETAIL,3Ø14 | 3Ø16,3Ø14 | 3Ø16,3Ø14 | 3Ø16,2Ø12/30cm | None | None,"(8, 150) | (8, 150) | None","(8, 150) | (8, 150) | None",BLOCKED_COMPONENT,BLOCKED_COMPONENT,BLOCKED_COMPONENT,True,BLOCKED_COMPONENT
GSO-137-138-1,GROUND_BEAM,untagged (p.13 typical sections),STIRRUP_CORE_PATH,D = FOLLOW ARCH.,BLOCKED_COMPONENT,section depth not printed (FOLLOW ARCH.),False,False,"DXF GBP layer-1 face pair, clear between supports 2.450 m; support centreline 2.750 m; bar run: PRE-S5.1 support face-to-face",DXF face separation 300 mm = section B 300,p.13 section D candidates: 300 | 400 | None,"[""P13-GB-EXTERIOR"", ""P13-GB-LT2_5M"", ""P13-GB-LT5M""]",CANDIDATE_DETAIL,3Ø14 | 3Ø16,3Ø14 | 3Ø16,3Ø14 | 3Ø16,2Ø12/30cm | None | None,"(8, 150) | (8, 150) | None","(8, 150) | (8, 150) | None",BLOCKED_COMPONENT,BLOCKED_COMPONENT,BLOCKED_COMPONENT,True,BLOCKED_COMPONENT
GSO-137-138-1,GROUND_BEAM,untagged (p.13 typical sections),STIRRUP_COUNT,,BLOCKED_COMPONENT,spacing not established,False,False,"DXF GBP layer-1 face pair, clear between supports 2.450 m; support centreline 2.750 m; bar run: PRE-S5.1 support face-to-face",DXF face separation 300 mm = section B 300,p.13 section D candidates: 300 | 400 | None,"[""P13-GB-EXTERIOR"", ""P13-GB-LT2_5M"", ""P13-GB-LT5M""]",CANDIDATE_DETAIL,3Ø14 | 3Ø16,3Ø14 | 3Ø16,3Ø14 | 3Ø16,2Ø12/30cm | None | None,"(8, 150) | (8, 150) | None","(8, 150) | (8, 150) | None",BLOCKED_COMPONENT,BLOCKED_COMPONENT,BLOCKED_COMPONENT,True,BLOCKED_COMPONENT
GSO-137-138-1,GROUND_BEAM,untagged (p.13 typical sections),HOOK_1,,BLOCKED_COMPONENT,hook angle / extension: NO_PROJECT_SOURCE (engineer / code decision; never verified),False,False,"DXF GBP layer-1 face pair, clear between supports 2.450 m; support centreline 2.750 m; bar run: PRE-S5.1 support face-to-face",DXF face separation 300 mm = section B 300,p.13 section D candidates: 300 | 400 | None,"[""P13-GB-EXTERIOR"", ""P13-GB-LT2_5M"", ""P13-GB-LT5M""]",CANDIDATE_DETAIL,3Ø14 | 3Ø16,3Ø14 | 3Ø16,3Ø14 | 3Ø16,2Ø12/30cm | None | None,"(8, 150) | (8, 150) | None","(8, 150) | (8, 150) | None",BLOCKED_COMPONENT,BLOCKED_COMPONENT,BLOCKED_COMPONENT,True,BLOCKED_COMPONENT
GSO-137-138-1,GROUND_BEAM,untagged (p.13 typical sections),HOOK_2,,BLOCKED_COMPONENT,hook angle / extension: NO_PROJECT_SOURCE (engineer / code decision; never verified),False,False,"DXF GBP layer-1 face pair, clear between supports 2.450 m; support centreline 2.750 m; bar run: PRE-S5.1 support face-to-face",DXF face separation 300 mm = section B 300,p.13 section D candidates: 300 | 400 | None,"[""P13-GB-EXTERIOR"", ""P13-GB-LT2_5M"", ""P13-GB-LT5M""]",CANDIDATE_DETAIL,3Ø14 | 3Ø16,3Ø14 | 3Ø16,3Ø14 | 3Ø16,2Ø12/30cm | None | None,"(8, 150) | (8, 150) | None","(8, 150) | (8, 150) | None",BLOCKED_COMPONENT,BLOCKED_COMPONENT,BLOCKED_COMPONENT,True,BLOCKED_COMPONENT
GSO-137-138-1,GROUND_BEAM,untagged (p.13 typical sections),END_ZONE_EXTRA,,NOT_APPLICABLE,the section prints one uniform spacing; no end-zone callout,False,False,"DXF GBP layer-1 face pair, clear between supports 2.450 m; support centreline 2.750 m; bar run: PRE-S5.1 support face-to-face",DXF face separation 300 mm = section B 300,p.13 section D candidates: 300 | 400 | None,"[""P13-GB-EXTERIOR"", ""P13-GB-LT2_5M"", ""P13-GB-LT5M""]",CANDIDATE_DETAIL,3Ø14 | 3Ø16,3Ø14 | 3Ø16,3Ø14 | 3Ø16,2Ø12/30cm | None | None,"(8, 150) | (8, 150) | None","(8, 150) | (8, 150) | None",BLOCKED_COMPONENT,BLOCKED_COMPONENT,BLOCKED_COMPONENT,True,BLOCKED_COMPONENT
GSO-137-138-1,GROUND_BEAM,untagged (p.13 typical sections),END_TREATMENT,,BLOCKED_COMPONENT,bar ends at the supports are not detailed,False,False,"DXF GBP layer-1 face pair, clear between supports 2.450 m; support centreline 2.750 m; bar run: PRE-S5.1 support face-to-face",DXF face separation 300 mm = section B 300,p.13 section D candidates: 300 | 400 | None,"[""P13-GB-EXTERIOR"", ""P13-GB-LT2_5M"", ""P13-GB-LT5M""]",CANDIDATE_DETAIL,3Ø14 | 3Ø16,3Ø14 | 3Ø16,3Ø14 | 3Ø16,2Ø12/30cm | None | None,"(8, 150) | (8, 150) | None","(8, 150) | (8, 150) | None",BLOCKED_COMPONENT,BLOCKED_COMPONENT,BLOCKED_COMPONENT,True,BLOCKED_COMPONENT
GSO-137-138-1,GROUND_BEAM,untagged (p.13 typical sections),DEVELOPMENT_INTO_SUPPORT_1,,BLOCKED_COMPONENT,no beam-end anchorage rule in the project source (DEVELOPMENT_STARTER_70D_40D is 'development / tie length of starter bars only' only),False,False,"DXF GBP layer-1 face pair, clear between supports 2.450 m; support centreline 2.750 m; bar run: PRE-S5.1 support face-to-face",DXF face separation 300 mm = section B 300,p.13 section D candidates: 300 | 400 | None,"[""P13-GB-EXTERIOR"", ""P13-GB-LT2_5M"", ""P13-GB-LT5M""]",CANDIDATE_DETAIL,3Ø14 | 3Ø16,3Ø14 | 3Ø16,3Ø14 | 3Ø16,2Ø12/30cm | None | None,"(8, 150) | (8, 150) | None","(8, 150) | (8, 150) | None",BLOCKED_COMPONENT,BLOCKED_COMPONENT,BLOCKED_COMPONENT,True,BLOCKED_COMPONENT
GSO-137-138-1,GROUND_BEAM,untagged (p.13 typical sections),DEVELOPMENT_INTO_SUPPORT_2,,BLOCKED_COMPONENT,no beam-end anchorage rule in the project source (DEVELOPMENT_STARTER_70D_40D is 'development / tie length of starter bars only' only),False,False,"DXF GBP layer-1 face pair, clear between supports 2.450 m; support centreline 2.750 m; bar run: PRE-S5.1 support face-to-face",DXF face separation 300 mm = section B 300,p.13 section D candidates: 300 | 400 | None,"[""P13-GB-EXTERIOR"", ""P13-GB-LT2_5M"", ""P13-GB-LT5M""]",CANDIDATE_DETAIL,3Ø14 | 3Ø16,3Ø14 | 3Ø16,3Ø14 | 3Ø16,2Ø12/30cm | None | None,"(8, 150) | (8, 150) | None","(8, 150) | (8, 150) | None",BLOCKED_COMPONENT,BLOCKED_COMPONENT,BLOCKED_COMPONENT,True,BLOCKED_COMPONENT
GSO-137-138-1,GROUND_BEAM,untagged (p.13 typical sections),LAP,,NOT_APPLICABLE,net measurement: laps are a procurement matter (BBS firewall),False,False,"DXF GBP layer-1 face pair, clear between supports 2.450 m; support centreline 2.750 m; bar run: PRE-S5.1 support face-to-face",DXF face separation 300 mm = section B 300,p.13 section D candidates: 300 | 400 | None,"[""P13-GB-EXTERIOR"", ""P13-GB-LT2_5M"", ""P13-GB-LT5M""]",CANDIDATE_DETAIL,3Ø14 | 3Ø16,3Ø14 | 3Ø16,3Ø14 | 3Ø16,2Ø12/30cm | None | None,"(8, 150) | (8, 150) | None","(8, 150) | (8, 150) | None",BLOCKED_COMPONENT,BLOCKED_COMPONENT,BLOCKED_COMPONENT,True,BLOCKED_COMPONENT
GSO-13C-7D9-1,GROUND_BEAM,untagged (p.13 typical sections),TOP_MAIN,3Ø14,READY_LOWER_BOUND,"straight run: support face-to-face, derived per span in PRE-S5.1 (research/pre_s5_1_source_resolution, no numerical-minimum shortcut); development / end anchorage not source-established",False,True,"DXF GBP layer-1 face pair, clear between supports 1.450 m; support centreline 1.750 m; bar run: PRE-S5.1 support face-to-face",DXF face separation 300 mm = section B 300,p.13 section D candidates: 300 | 400,"[""P13-GB-LT2_5M"", ""P13-GB-LT5M""]",EXPLICIT_LENGTH_CONDITION,3Ø14,3Ø14,3Ø14,,"(8, 150) | None","(8, 150) | None",BLOCKED_COMPONENT,BLOCKED_COMPONENT,BLOCKED_COMPONENT,True,READY_LOWER_BOUND
GSO-13C-7D9-1,GROUND_BEAM,untagged (p.13 typical sections),BOTTOM_ROW_1,3Ø14,READY_LOWER_BOUND,"straight run: support face-to-face, derived per span in PRE-S5.1 (research/pre_s5_1_source_resolution, no numerical-minimum shortcut); development / end anchorage not source-established",False,True,"DXF GBP layer-1 face pair, clear between supports 1.450 m; support centreline 1.750 m; bar run: PRE-S5.1 support face-to-face",DXF face separation 300 mm = section B 300,p.13 section D candidates: 300 | 400,"[""P13-GB-LT2_5M"", ""P13-GB-LT5M""]",EXPLICIT_LENGTH_CONDITION,3Ø14,3Ø14,3Ø14,,"(8, 150) | None","(8, 150) | None",BLOCKED_COMPONENT,BLOCKED_COMPONENT,BLOCKED_COMPONENT,True,READY_LOWER_BOUND
GSO-13C-7D9-1,GROUND_BEAM,untagged (p.13 typical sections),BOTTOM_ROW_2,3Ø14,READY_LOWER_BOUND,"straight run: support face-to-face, derived per span in PRE-S5.1 (research/pre_s5_1_source_resolution, no numerical-minimum shortcut); development / end anchorage not source-established",False,True,"DXF GBP layer-1 face pair, clear between supports 1.450 m; support centreline 1.750 m; bar run: PRE-S5.1 support face-to-face",DXF face separation 300 mm = section B 300,p.13 section D candidates: 300 | 400,"[""P13-GB-LT2_5M"", ""P13-GB-LT5M""]",EXPLICIT_LENGTH_CONDITION,3Ø14,3Ø14,3Ø14,,"(8, 150) | None","(8, 150) | None",BLOCKED_COMPONENT,BLOCKED_COMPONENT,BLOCKED_COMPONENT,True,READY_LOWER_BOUND
GSO-13C-7D9-1,GROUND_BEAM,untagged (p.13 typical sections),SIDE_BARS,,NOT_APPLICABLE,the candidate section(s) carry no side bars,False,False,"DXF GBP layer-1 face pair, clear between supports 1.450 m; support centreline 1.750 m; bar run: PRE-S5.1 support face-to-face",DXF face separation 300 mm = section B 300,p.13 section D candidates: 300 | 400,"[""P13-GB-LT2_5M"", ""P13-GB-LT5M""]",EXPLICIT_LENGTH_CONDITION,3Ø14,3Ø14,3Ø14,,"(8, 150) | None","(8, 150) | None",BLOCKED_COMPONENT,BLOCKED_COMPONENT,BLOCKED_COMPONENT,True,READY_LOWER_BOUND
GSO-13C-7D9-1,GROUND_BEAM,untagged (p.13 typical sections),STIRRUP_DIAMETER,"(8, 150) | None",BLOCKED_COMPONENT,a candidate section draws a stirrup with no size / spacing callout,False,False,"DXF GBP layer-1 face pair, clear between supports 1.450 m; support centreline 1.750 m; bar run: PRE-S5.1 support face-to-face",DXF face separation 300 mm = section B 300,p.13 section D candidates: 300 | 400,"[""P13-GB-LT2_5M"", ""P13-GB-LT5M""]",EXPLICIT_LENGTH_CONDITION,3Ø14,3Ø14,3Ø14,,"(8, 150) | None","(8, 150) | None",BLOCKED_COMPONENT,BLOCKED_COMPONENT,BLOCKED_COMPONENT,True,READY_LOWER_BOUND
GSO-13C-7D9-1,GROUND_BEAM,untagged (p.13 typical sections),STIRRUP_RATE,"(8, 150) | None",BLOCKED_COMPONENT,a candidate section draws a stirrup with no size / spacing callout,False,False,"DXF GBP layer-1 face pair, clear between supports 1.450 m; support centreline 1.750 m; bar run: PRE-S5.1 support face-to-face",DXF face separation 300 mm = section B 300,p.13 section D candidates: 300 | 400,"[""P13-GB-LT2_5M"", ""P13-GB-LT5M""]",EXPLICIT_LENGTH_CONDITION,3Ø14,3Ø14,3Ø14,,"(8, 150) | None","(8, 150) | None",BLOCKED_COMPONENT,BLOCKED_COMPONENT,BLOCKED_COMPONENT,True,READY_LOWER_BOUND
GSO-13C-7D9-1,GROUND_BEAM,untagged (p.13 typical sections),STIRRUP_CORE_PATH,300x300 | 300x400,BLOCKED_COMPONENT,candidate sections differ in depth,False,False,"DXF GBP layer-1 face pair, clear between supports 1.450 m; support centreline 1.750 m; bar run: PRE-S5.1 support face-to-face",DXF face separation 300 mm = section B 300,p.13 section D candidates: 300 | 400,"[""P13-GB-LT2_5M"", ""P13-GB-LT5M""]",EXPLICIT_LENGTH_CONDITION,3Ø14,3Ø14,3Ø14,,"(8, 150) | None","(8, 150) | None",BLOCKED_COMPONENT,BLOCKED_COMPONENT,BLOCKED_COMPONENT,True,READY_LOWER_BOUND
GSO-13C-7D9-1,GROUND_BEAM,untagged (p.13 typical sections),STIRRUP_COUNT,,BLOCKED_COMPONENT,spacing not established,False,False,"DXF GBP layer-1 face pair, clear between supports 1.450 m; support centreline 1.750 m; bar run: PRE-S5.1 support face-to-face",DXF face separation 300 mm = section B 300,p.13 section D candidates: 300 | 400,"[""P13-GB-LT2_5M"", ""P13-GB-LT5M""]",EXPLICIT_LENGTH_CONDITION,3Ø14,3Ø14,3Ø14,,"(8, 150) | None","(8, 150) | None",BLOCKED_COMPONENT,BLOCKED_COMPONENT,BLOCKED_COMPONENT,True,READY_LOWER_BOUND
GSO-13C-7D9-1,GROUND_BEAM,untagged (p.13 typical sections),HOOK_1,,BLOCKED_COMPONENT,hook angle / extension: NO_PROJECT_SOURCE (engineer / code decision; never verified),False,False,"DXF GBP layer-1 face pair, clear between supports 1.450 m; support centreline 1.750 m; bar run: PRE-S5.1 support face-to-face",DXF face separation 300 mm = section B 300,p.13 section D candidates: 300 | 400,"[""P13-GB-LT2_5M"", ""P13-GB-LT5M""]",EXPLICIT_LENGTH_CONDITION,3Ø14,3Ø14,3Ø14,,"(8, 150) | None","(8, 150) | None",BLOCKED_COMPONENT,BLOCKED_COMPONENT,BLOCKED_COMPONENT,True,READY_LOWER_BOUND
GSO-13C-7D9-1,GROUND_BEAM,untagged (p.13 typical sections),HOOK_2,,BLOCKED_COMPONENT,hook angle / extension: NO_PROJECT_SOURCE (engineer / code decision; never verified),False,False,"DXF GBP layer-1 face pair, clear between supports 1.450 m; support centreline 1.750 m; bar run: PRE-S5.1 support face-to-face",DXF face separation 300 mm = section B 300,p.13 section D candidates: 300 | 400,"[""P13-GB-LT2_5M"", ""P13-GB-LT5M""]",EXPLICIT_LENGTH_CONDITION,3Ø14,3Ø14,3Ø14,,"(8, 150) | None","(8, 150) | None",BLOCKED_COMPONENT,BLOCKED_COMPONENT,BLOCKED_COMPONENT,True,READY_LOWER_BOUND
GSO-13C-7D9-1,GROUND_BEAM,untagged (p.13 typical sections),END_ZONE_EXTRA,,NOT_APPLICABLE,the section prints one uniform spacing; no end-zone callout,False,False,"DXF GBP layer-1 face pair, clear between supports 1.450 m; support centreline 1.750 m; bar run: PRE-S5.1 support face-to-face",DXF face separation 300 mm = section B 300,p.13 section D candidates: 300 | 400,"[""P13-GB-LT2_5M"", ""P13-GB-LT5M""]",EXPLICIT_LENGTH_CONDITION,3Ø14,3Ø14,3Ø14,,"(8, 150) | None","(8, 150) | None",BLOCKED_COMPONENT,BLOCKED_COMPONENT,BLOCKED_COMPONENT,True,READY_LOWER_BOUND
GSO-13C-7D9-1,GROUND_BEAM,untagged (p.13 typical sections),END_TREATMENT,,BLOCKED_COMPONENT,bar ends at the supports are not detailed,False,False,"DXF GBP layer-1 face pair, clear between supports 1.450 m; support centreline 1.750 m; bar run: PRE-S5.1 support face-to-face",DXF face separation 300 mm = section B 300,p.13 section D candidates: 300 | 400,"[""P13-GB-LT2_5M"", ""P13-GB-LT5M""]",EXPLICIT_LENGTH_CONDITION,3Ø14,3Ø14,3Ø14,,"(8, 150) | None","(8, 150) | None",BLOCKED_COMPONENT,BLOCKED_COMPONENT,BLOCKED_COMPONENT,True,READY_LOWER_BOUND
GSO-13C-7D9-1,GROUND_BEAM,untagged (p.13 typical sections),DEVELOPMENT_INTO_SUPPORT_1,,BLOCKED_COMPONENT,no beam-end anchorage rule in the project source (DEVELOPMENT_STARTER_70D_40D is 'development / tie length of starter bars only' only),False,False,"DXF GBP layer-1 face pair, clear between supports 1.450 m; support centreline 1.750 m; bar run: PRE-S5.1 support face-to-face",DXF face separation 300 mm = section B 300,p.13 section D candidates: 300 | 400,"[""P13-GB-LT2_5M"", ""P13-GB-LT5M""]",EXPLICIT_LENGTH_CONDITION,3Ø14,3Ø14,3Ø14,,"(8, 150) | None","(8, 150) | None",BLOCKED_COMPONENT,BLOCKED_COMPONENT,BLOCKED_COMPONENT,True,READY_LOWER_BOUND
GSO-13C-7D9-1,GROUND_BEAM,untagged (p.13 typical sections),DEVELOPMENT_INTO_SUPPORT_2,,BLOCKED_COMPONENT,no beam-end anchorage rule in the project source (DEVELOPMENT_STARTER_70D_40D is 'development / tie length of starter bars only' only),False,False,"DXF GBP layer-1 face pair, clear between supports 1.450 m; support centreline 1.750 m; bar run: PRE-S5.1 support face-to-face",DXF face separation 300 mm = section B 300,p.13 section D candidates: 300 | 400,"[""P13-GB-LT2_5M"", ""P13-GB-LT5M""]",EXPLICIT_LENGTH_CONDITION,3Ø14,3Ø14,3Ø14,,"(8, 150) | None","(8, 150) | None",BLOCKED_COMPONENT,BLOCKED_COMPONENT,BLOCKED_COMPONENT,True,READY_LOWER_BOUND
GSO-13C-7D9-1,GROUND_BEAM,untagged (p.13 typical sections),LAP,,NOT_APPLICABLE,net measurement: laps are a procurement matter (BBS firewall),False,False,"DXF GBP layer-1 face pair, clear between supports 1.450 m; support centreline 1.750 m; bar run: PRE-S5.1 support face-to-face",DXF face separation 300 mm = section B 300,p.13 section D candidates: 300 | 400,"[""P13-GB-LT2_5M"", ""P13-GB-LT5M""]",EXPLICIT_LENGTH_CONDITION,3Ø14,3Ø14,3Ø14,,"(8, 150) | None","(8, 150) | None",BLOCKED_COMPONENT,BLOCKED_COMPONENT,BLOCKED_COMPONENT,True,READY_LOWER_BOUND
GSO-13D-7D2-1,GROUND_BEAM,untagged (p.13 typical sections),TOP_MAIN,3Ø16,READY_LOWER_BOUND,"straight run: support face-to-face, derived per span in PRE-S5.1 (research/pre_s5_1_source_resolution, no numerical-minimum shortcut); development / end anchorage not source-established",True,True,"DXF GBP layer-1 face pair, clear between supports 5.900 m; support centreline 6.200 m; bar run: PRE-S5.1 support face-to-face",DXF face separation 300 mm = section B 300,p.13 section D candidates: 600 | None,"[""P13-GB-EXTERIOR"", ""P13-GB-GT5M""]",CANDIDATE_DETAIL,3Ø16,3Ø16,3Ø16,2Ø12/30cm | None,Ø8,150 mm,BLOCKED_COMPONENT,BLOCKED_COMPONENT,BLOCKED_COMPONENT,True,READY_LOWER_BOUND
GSO-13D-7D2-1,GROUND_BEAM,untagged (p.13 typical sections),BOTTOM_ROW_1,3Ø16,READY_LOWER_BOUND,"straight run: support face-to-face, derived per span in PRE-S5.1 (research/pre_s5_1_source_resolution, no numerical-minimum shortcut); development / end anchorage not source-established",True,True,"DXF GBP layer-1 face pair, clear between supports 5.900 m; support centreline 6.200 m; bar run: PRE-S5.1 support face-to-face",DXF face separation 300 mm = section B 300,p.13 section D candidates: 600 | None,"[""P13-GB-EXTERIOR"", ""P13-GB-GT5M""]",CANDIDATE_DETAIL,3Ø16,3Ø16,3Ø16,2Ø12/30cm | None,Ø8,150 mm,BLOCKED_COMPONENT,BLOCKED_COMPONENT,BLOCKED_COMPONENT,True,READY_LOWER_BOUND
GSO-13D-7D2-1,GROUND_BEAM,untagged (p.13 typical sections),BOTTOM_ROW_2,3Ø16,READY_LOWER_BOUND,"straight run: support face-to-face, derived per span in PRE-S5.1 (research/pre_s5_1_source_resolution, no numerical-minimum shortcut); development / end anchorage not source-established",True,True,"DXF GBP layer-1 face pair, clear between supports 5.900 m; support centreline 6.200 m; bar run: PRE-S5.1 support face-to-face",DXF face separation 300 mm = section B 300,p.13 section D candidates: 600 | None,"[""P13-GB-EXTERIOR"", ""P13-GB-GT5M""]",CANDIDATE_DETAIL,3Ø16,3Ø16,3Ø16,2Ø12/30cm | None,Ø8,150 mm,BLOCKED_COMPONENT,BLOCKED_COMPONENT,BLOCKED_COMPONENT,True,READY_LOWER_BOUND
GSO-13D-7D2-1,GROUND_BEAM,untagged (p.13 typical sections),SIDE_BARS,2Ø12/30cm | None,BLOCKED_COMPONENT,side bars 2Ø12 per 30 cm of depth; depth FOLLOW ARCH. not printed; other candidates have none,False,False,"DXF GBP layer-1 face pair, clear between supports 5.900 m; support centreline 6.200 m; bar run: PRE-S5.1 support face-to-face",DXF face separation 300 mm = section B 300,p.13 section D candidates: 600 | None,"[""P13-GB-EXTERIOR"", ""P13-GB-GT5M""]",CANDIDATE_DETAIL,3Ø16,3Ø16,3Ø16,2Ø12/30cm | None,Ø8,150 mm,BLOCKED_COMPONENT,BLOCKED_COMPONENT,BLOCKED_COMPONENT,True,READY_LOWER_BOUND
GSO-13D-7D2-1,GROUND_BEAM,untagged (p.13 typical sections),STIRRUP_DIAMETER,Ø8,READY,typical section callout,True,True,"DXF GBP layer-1 face pair, clear between supports 5.900 m; support centreline 6.200 m; bar run: PRE-S5.1 support face-to-face",DXF face separation 300 mm = section B 300,p.13 section D candidates: 600 | None,"[""P13-GB-EXTERIOR"", ""P13-GB-GT5M""]",CANDIDATE_DETAIL,3Ø16,3Ø16,3Ø16,2Ø12/30cm | None,Ø8,150 mm,BLOCKED_COMPONENT,BLOCKED_COMPONENT,BLOCKED_COMPONENT,True,READY_LOWER_BOUND
GSO-13D-7D2-1,GROUND_BEAM,untagged (p.13 typical sections),STIRRUP_RATE,150 mm,READY,typical section callout,True,True,"DXF GBP layer-1 face pair, clear between supports 5.900 m; support centreline 6.200 m; bar run: PRE-S5.1 support face-to-face",DXF face separation 300 mm = section B 300,p.13 section D candidates: 600 | None,"[""P13-GB-EXTERIOR"", ""P13-GB-GT5M""]",CANDIDATE_DETAIL,3Ø16,3Ø16,3Ø16,2Ø12/30cm | None,Ø8,150 mm,BLOCKED_COMPONENT,BLOCKED_COMPONENT,BLOCKED_COMPONENT,True,READY_LOWER_BOUND
GSO-13D-7D2-1,GROUND_BEAM,untagged (p.13 typical sections),STIRRUP_CORE_PATH,D = FOLLOW ARCH.,BLOCKED_COMPONENT,section depth not printed (FOLLOW ARCH.),False,False,"DXF GBP layer-1 face pair, clear between supports 5.900 m; support centreline 6.200 m; bar run: PRE-S5.1 support face-to-face",DXF face separation 300 mm = section B 300,p.13 section D candidates: 600 | None,"[""P13-GB-EXTERIOR"", ""P13-GB-GT5M""]",CANDIDATE_DETAIL,3Ø16,3Ø16,3Ø16,2Ø12/30cm | None,Ø8,150 mm,BLOCKED_COMPONENT,BLOCKED_COMPONENT,BLOCKED_COMPONENT,True,READY_LOWER_BOUND
GSO-13D-7D2-1,GROUND_BEAM,untagged (p.13 typical sections),STIRRUP_COUNT,150 mm,READY_LOWER_BOUND,count >= ceil(clear span / spacing); first / last stirrup position not stated,True,True,"DXF GBP layer-1 face pair, clear between supports 5.900 m; support centreline 6.200 m; bar run: PRE-S5.1 support face-to-face",DXF face separation 300 mm = section B 300,p.13 section D candidates: 600 | None,"[""P13-GB-EXTERIOR"", ""P13-GB-GT5M""]",CANDIDATE_DETAIL,3Ø16,3Ø16,3Ø16,2Ø12/30cm | None,Ø8,150 mm,BLOCKED_COMPONENT,BLOCKED_COMPONENT,BLOCKED_COMPONENT,True,READY_LOWER_BOUND
GSO-13D-7D2-1,GROUND_BEAM,untagged (p.13 typical sections),HOOK_1,,BLOCKED_COMPONENT,hook angle / extension: NO_PROJECT_SOURCE (engineer / code decision; never verified),False,False,"DXF GBP layer-1 face pair, clear between supports 5.900 m; support centreline 6.200 m; bar run: PRE-S5.1 support face-to-face",DXF face separation 300 mm = section B 300,p.13 section D candidates: 600 | None,"[""P13-GB-EXTERIOR"", ""P13-GB-GT5M""]",CANDIDATE_DETAIL,3Ø16,3Ø16,3Ø16,2Ø12/30cm | None,Ø8,150 mm,BLOCKED_COMPONENT,BLOCKED_COMPONENT,BLOCKED_COMPONENT,True,READY_LOWER_BOUND
GSO-13D-7D2-1,GROUND_BEAM,untagged (p.13 typical sections),HOOK_2,,BLOCKED_COMPONENT,hook angle / extension: NO_PROJECT_SOURCE (engineer / code decision; never verified),False,False,"DXF GBP layer-1 face pair, clear between supports 5.900 m; support centreline 6.200 m; bar run: PRE-S5.1 support face-to-face",DXF face separation 300 mm = section B 300,p.13 section D candidates: 600 | None,"[""P13-GB-EXTERIOR"", ""P13-GB-GT5M""]",CANDIDATE_DETAIL,3Ø16,3Ø16,3Ø16,2Ø12/30cm | None,Ø8,150 mm,BLOCKED_COMPONENT,BLOCKED_COMPONENT,BLOCKED_COMPONENT,True,READY_LOWER_BOUND
GSO-13D-7D2-1,GROUND_BEAM,untagged (p.13 typical sections),END_ZONE_EXTRA,,NOT_APPLICABLE,the section prints one uniform spacing; no end-zone callout,False,False,"DXF GBP layer-1 face pair, clear between supports 5.900 m; support centreline 6.200 m; bar run: PRE-S5.1 support face-to-face",DXF face separation 300 mm = section B 300,p.13 section D candidates: 600 | None,"[""P13-GB-EXTERIOR"", ""P13-GB-GT5M""]",CANDIDATE_DETAIL,3Ø16,3Ø16,3Ø16,2Ø12/30cm | None,Ø8,150 mm,BLOCKED_COMPONENT,BLOCKED_COMPONENT,BLOCKED_COMPONENT,True,READY_LOWER_BOUND
GSO-13D-7D2-1,GROUND_BEAM,untagged (p.13 typical sections),END_TREATMENT,,BLOCKED_COMPONENT,bar ends at the supports are not detailed,False,False,"DXF GBP layer-1 face pair, clear between supports 5.900 m; support centreline 6.200 m; bar run: PRE-S5.1 support face-to-face",DXF face separation 300 mm = section B 300,p.13 section D candidates: 600 | None,"[""P13-GB-EXTERIOR"", ""P13-GB-GT5M""]",CANDIDATE_DETAIL,3Ø16,3Ø16,3Ø16,2Ø12/30cm | None,Ø8,150 mm,BLOCKED_COMPONENT,BLOCKED_COMPONENT,BLOCKED_COMPONENT,True,READY_LOWER_BOUND
GSO-13D-7D2-1,GROUND_BEAM,untagged (p.13 typical sections),DEVELOPMENT_INTO_SUPPORT_1,,BLOCKED_COMPONENT,no beam-end anchorage rule in the project source (DEVELOPMENT_STARTER_70D_40D is 'development / tie length of starter bars only' only),False,False,"DXF GBP layer-1 face pair, clear between supports 5.900 m; support centreline 6.200 m; bar run: PRE-S5.1 support face-to-face",DXF face separation 300 mm = section B 300,p.13 section D candidates: 600 | None,"[""P13-GB-EXTERIOR"", ""P13-GB-GT5M""]",CANDIDATE_DETAIL,3Ø16,3Ø16,3Ø16,2Ø12/30cm | None,Ø8,150 mm,BLOCKED_COMPONENT,BLOCKED_COMPONENT,BLOCKED_COMPONENT,True,READY_LOWER_BOUND
GSO-13D-7D2-1,GROUND_BEAM,untagged (p.13 typical sections),DEVELOPMENT_INTO_SUPPORT_2,,BLOCKED_COMPONENT,no beam-end anchorage rule in the project source (DEVELOPMENT_STARTER_70D_40D is 'development / tie length of starter bars only' only),False,False,"DXF GBP layer-1 face pair, clear between supports 5.900 m; support centreline 6.200 m; bar run: PRE-S5.1 support face-to-face",DXF face separation 300 mm = section B 300,p.13 section D candidates: 600 | None,"[""P13-GB-EXTERIOR"", ""P13-GB-GT5M""]",CANDIDATE_DETAIL,3Ø16,3Ø16,3Ø16,2Ø12/30cm | None,Ø8,150 mm,BLOCKED_COMPONENT,BLOCKED_COMPONENT,BLOCKED_COMPONENT,True,READY_LOWER_BOUND
GSO-13D-7D2-1,GROUND_BEAM,untagged (p.13 typical sections),LAP,,NOT_APPLICABLE,net measurement: laps are a procurement matter (BBS firewall),False,False,"DXF GBP layer-1 face pair, clear between supports 5.900 m; support centreline 6.200 m; bar run: PRE-S5.1 support face-to-face",DXF face separation 300 mm = section B 300,p.13 section D candidates: 600 | None,"[""P13-GB-EXTERIOR"", ""P13-GB-GT5M""]",CANDIDATE_DETAIL,3Ø16,3Ø16,3Ø16,2Ø12/30cm | None,Ø8,150 mm,BLOCKED_COMPONENT,BLOCKED_COMPONENT,BLOCKED_COMPONENT,True,READY_LOWER_BOUND
GSO-13E-7D6-1,GROUND_BEAM,untagged (p.13 typical sections),TOP_MAIN,3Ø16,READY_LOWER_BOUND,"straight run: support face-to-face, derived per span in PRE-S5.1 (research/pre_s5_1_source_resolution, no numerical-minimum shortcut); development / end anchorage not source-established",True,True,"DXF GBP layer-1 face pair, clear between supports 5.100 m; support centreline 5.250 m; bar run: PRE-S5.1 support face-to-face",DXF face separation 300 mm = section B 300,p.13 section D candidates: 600 | None,"[""P13-GB-EXTERIOR"", ""P13-GB-GT5M""]",CANDIDATE_DETAIL,3Ø16,3Ø16,3Ø16,2Ø12/30cm | None,Ø8,150 mm,BLOCKED_COMPONENT,BLOCKED_COMPONENT,BLOCKED_COMPONENT,True,READY_LOWER_BOUND
GSO-13E-7D6-1,GROUND_BEAM,untagged (p.13 typical sections),BOTTOM_ROW_1,3Ø16,READY_LOWER_BOUND,"straight run: support face-to-face, derived per span in PRE-S5.1 (research/pre_s5_1_source_resolution, no numerical-minimum shortcut); development / end anchorage not source-established",True,True,"DXF GBP layer-1 face pair, clear between supports 5.100 m; support centreline 5.250 m; bar run: PRE-S5.1 support face-to-face",DXF face separation 300 mm = section B 300,p.13 section D candidates: 600 | None,"[""P13-GB-EXTERIOR"", ""P13-GB-GT5M""]",CANDIDATE_DETAIL,3Ø16,3Ø16,3Ø16,2Ø12/30cm | None,Ø8,150 mm,BLOCKED_COMPONENT,BLOCKED_COMPONENT,BLOCKED_COMPONENT,True,READY_LOWER_BOUND
GSO-13E-7D6-1,GROUND_BEAM,untagged (p.13 typical sections),BOTTOM_ROW_2,3Ø16,READY_LOWER_BOUND,"straight run: support face-to-face, derived per span in PRE-S5.1 (research/pre_s5_1_source_resolution, no numerical-minimum shortcut); development / end anchorage not source-established",True,True,"DXF GBP layer-1 face pair, clear between supports 5.100 m; support centreline 5.250 m; bar run: PRE-S5.1 support face-to-face",DXF face separation 300 mm = section B 300,p.13 section D candidates: 600 | None,"[""P13-GB-EXTERIOR"", ""P13-GB-GT5M""]",CANDIDATE_DETAIL,3Ø16,3Ø16,3Ø16,2Ø12/30cm | None,Ø8,150 mm,BLOCKED_COMPONENT,BLOCKED_COMPONENT,BLOCKED_COMPONENT,True,READY_LOWER_BOUND
GSO-13E-7D6-1,GROUND_BEAM,untagged (p.13 typical sections),SIDE_BARS,2Ø12/30cm | None,BLOCKED_COMPONENT,side bars 2Ø12 per 30 cm of depth; depth FOLLOW ARCH. not printed; other candidates have none,False,False,"DXF GBP layer-1 face pair, clear between supports 5.100 m; support centreline 5.250 m; bar run: PRE-S5.1 support face-to-face",DXF face separation 300 mm = section B 300,p.13 section D candidates: 600 | None,"[""P13-GB-EXTERIOR"", ""P13-GB-GT5M""]",CANDIDATE_DETAIL,3Ø16,3Ø16,3Ø16,2Ø12/30cm | None,Ø8,150 mm,BLOCKED_COMPONENT,BLOCKED_COMPONENT,BLOCKED_COMPONENT,True,READY_LOWER_BOUND
GSO-13E-7D6-1,GROUND_BEAM,untagged (p.13 typical sections),STIRRUP_DIAMETER,Ø8,READY,typical section callout,True,True,"DXF GBP layer-1 face pair, clear between supports 5.100 m; support centreline 5.250 m; bar run: PRE-S5.1 support face-to-face",DXF face separation 300 mm = section B 300,p.13 section D candidates: 600 | None,"[""P13-GB-EXTERIOR"", ""P13-GB-GT5M""]",CANDIDATE_DETAIL,3Ø16,3Ø16,3Ø16,2Ø12/30cm | None,Ø8,150 mm,BLOCKED_COMPONENT,BLOCKED_COMPONENT,BLOCKED_COMPONENT,True,READY_LOWER_BOUND
GSO-13E-7D6-1,GROUND_BEAM,untagged (p.13 typical sections),STIRRUP_RATE,150 mm,READY,typical section callout,True,True,"DXF GBP layer-1 face pair, clear between supports 5.100 m; support centreline 5.250 m; bar run: PRE-S5.1 support face-to-face",DXF face separation 300 mm = section B 300,p.13 section D candidates: 600 | None,"[""P13-GB-EXTERIOR"", ""P13-GB-GT5M""]",CANDIDATE_DETAIL,3Ø16,3Ø16,3Ø16,2Ø12/30cm | None,Ø8,150 mm,BLOCKED_COMPONENT,BLOCKED_COMPONENT,BLOCKED_COMPONENT,True,READY_LOWER_BOUND
GSO-13E-7D6-1,GROUND_BEAM,untagged (p.13 typical sections),STIRRUP_CORE_PATH,D = FOLLOW ARCH.,BLOCKED_COMPONENT,section depth not printed (FOLLOW ARCH.),False,False,"DXF GBP layer-1 face pair, clear between supports 5.100 m; support centreline 5.250 m; bar run: PRE-S5.1 support face-to-face",DXF face separation 300 mm = section B 300,p.13 section D candidates: 600 | None,"[""P13-GB-EXTERIOR"", ""P13-GB-GT5M""]",CANDIDATE_DETAIL,3Ø16,3Ø16,3Ø16,2Ø12/30cm | None,Ø8,150 mm,BLOCKED_COMPONENT,BLOCKED_COMPONENT,BLOCKED_COMPONENT,True,READY_LOWER_BOUND
GSO-13E-7D6-1,GROUND_BEAM,untagged (p.13 typical sections),STIRRUP_COUNT,150 mm,READY_LOWER_BOUND,count >= ceil(clear span / spacing); first / last stirrup position not stated,True,True,"DXF GBP layer-1 face pair, clear between supports 5.100 m; support centreline 5.250 m; bar run: PRE-S5.1 support face-to-face",DXF face separation 300 mm = section B 300,p.13 section D candidates: 600 | None,"[""P13-GB-EXTERIOR"", ""P13-GB-GT5M""]",CANDIDATE_DETAIL,3Ø16,3Ø16,3Ø16,2Ø12/30cm | None,Ø8,150 mm,BLOCKED_COMPONENT,BLOCKED_COMPONENT,BLOCKED_COMPONENT,True,READY_LOWER_BOUND
GSO-13E-7D6-1,GROUND_BEAM,untagged (p.13 typical sections),HOOK_1,,BLOCKED_COMPONENT,hook angle / extension: NO_PROJECT_SOURCE (engineer / code decision; never verified),False,False,"DXF GBP layer-1 face pair, clear between supports 5.100 m; support centreline 5.250 m; bar run: PRE-S5.1 support face-to-face",DXF face separation 300 mm = section B 300,p.13 section D candidates: 600 | None,"[""P13-GB-EXTERIOR"", ""P13-GB-GT5M""]",CANDIDATE_DETAIL,3Ø16,3Ø16,3Ø16,2Ø12/30cm | None,Ø8,150 mm,BLOCKED_COMPONENT,BLOCKED_COMPONENT,BLOCKED_COMPONENT,True,READY_LOWER_BOUND
GSO-13E-7D6-1,GROUND_BEAM,untagged (p.13 typical sections),HOOK_2,,BLOCKED_COMPONENT,hook angle / extension: NO_PROJECT_SOURCE (engineer / code decision; never verified),False,False,"DXF GBP layer-1 face pair, clear between supports 5.100 m; support centreline 5.250 m; bar run: PRE-S5.1 support face-to-face",DXF face separation 300 mm = section B 300,p.13 section D candidates: 600 | None,"[""P13-GB-EXTERIOR"", ""P13-GB-GT5M""]",CANDIDATE_DETAIL,3Ø16,3Ø16,3Ø16,2Ø12/30cm | None,Ø8,150 mm,BLOCKED_COMPONENT,BLOCKED_COMPONENT,BLOCKED_COMPONENT,True,READY_LOWER_BOUND
GSO-13E-7D6-1,GROUND_BEAM,untagged (p.13 typical sections),END_ZONE_EXTRA,,NOT_APPLICABLE,the section prints one uniform spacing; no end-zone callout,False,False,"DXF GBP layer-1 face pair, clear between supports 5.100 m; support centreline 5.250 m; bar run: PRE-S5.1 support face-to-face",DXF face separation 300 mm = section B 300,p.13 section D candidates: 600 | None,"[""P13-GB-EXTERIOR"", ""P13-GB-GT5M""]",CANDIDATE_DETAIL,3Ø16,3Ø16,3Ø16,2Ø12/30cm | None,Ø8,150 mm,BLOCKED_COMPONENT,BLOCKED_COMPONENT,BLOCKED_COMPONENT,True,READY_LOWER_BOUND
GSO-13E-7D6-1,GROUND_BEAM,untagged (p.13 typical sections),END_TREATMENT,,BLOCKED_COMPONENT,bar ends at the supports are not detailed,False,False,"DXF GBP layer-1 face pair, clear between supports 5.100 m; support centreline 5.250 m; bar run: PRE-S5.1 support face-to-face",DXF face separation 300 mm = section B 300,p.13 section D candidates: 600 | None,"[""P13-GB-EXTERIOR"", ""P13-GB-GT5M""]",CANDIDATE_DETAIL,3Ø16,3Ø16,3Ø16,2Ø12/30cm | None,Ø8,150 mm,BLOCKED_COMPONENT,BLOCKED_COMPONENT,BLOCKED_COMPONENT,True,READY_LOWER_BOUND
GSO-13E-7D6-1,GROUND_BEAM,untagged (p.13 typical sections),DEVELOPMENT_INTO_SUPPORT_1,,BLOCKED_COMPONENT,no beam-end anchorage rule in the project source (DEVELOPMENT_STARTER_70D_40D is 'development / tie length of starter bars only' only),False,False,"DXF GBP layer-1 face pair, clear between supports 5.100 m; support centreline 5.250 m; bar run: PRE-S5.1 support face-to-face",DXF face separation 300 mm = section B 300,p.13 section D candidates: 600 | None,"[""P13-GB-EXTERIOR"", ""P13-GB-GT5M""]",CANDIDATE_DETAIL,3Ø16,3Ø16,3Ø16,2Ø12/30cm | None,Ø8,150 mm,BLOCKED_COMPONENT,BLOCKED_COMPONENT,BLOCKED_COMPONENT,True,READY_LOWER_BOUND
GSO-13E-7D6-1,GROUND_BEAM,untagged (p.13 typical sections),DEVELOPMENT_INTO_SUPPORT_2,,BLOCKED_COMPONENT,no beam-end anchorage rule in the project source (DEVELOPMENT_STARTER_70D_40D is 'development / tie length of starter bars only' only),False,False,"DXF GBP layer-1 face pair, clear between supports 5.100 m; support centreline 5.250 m; bar run: PRE-S5.1 support face-to-face",DXF face separation 300 mm = section B 300,p.13 section D candidates: 600 | None,"[""P13-GB-EXTERIOR"", ""P13-GB-GT5M""]",CANDIDATE_DETAIL,3Ø16,3Ø16,3Ø16,2Ø12/30cm | None,Ø8,150 mm,BLOCKED_COMPONENT,BLOCKED_COMPONENT,BLOCKED_COMPONENT,True,READY_LOWER_BOUND
GSO-13E-7D6-1,GROUND_BEAM,untagged (p.13 typical sections),LAP,,NOT_APPLICABLE,net measurement: laps are a procurement matter (BBS firewall),False,False,"DXF GBP layer-1 face pair, clear between supports 5.100 m; support centreline 5.250 m; bar run: PRE-S5.1 support face-to-face",DXF face separation 300 mm = section B 300,p.13 section D candidates: 600 | None,"[""P13-GB-EXTERIOR"", ""P13-GB-GT5M""]",CANDIDATE_DETAIL,3Ø16,3Ø16,3Ø16,2Ø12/30cm | None,Ø8,150 mm,BLOCKED_COMPONENT,BLOCKED_COMPONENT,BLOCKED_COMPONENT,True,READY_LOWER_BOUND
GSO-13F-7D3-1,GROUND_BEAM,untagged (p.13 typical sections),TOP_MAIN,3Ø14,READY_LOWER_BOUND,"straight run: support face-to-face, derived per span in PRE-S5.1 (research/pre_s5_1_source_resolution, no numerical-minimum shortcut); development / end anchorage not source-established",False,True,"DXF GBP layer-1 face pair, clear between supports 4.300 m; support centreline 4.600 m; bar run: PRE-S5.1 support face-to-face",DXF face separation 300 mm = section B 300,p.13 section D candidates: 400,"[""P13-GB-LT5M""]",EXPLICIT_LENGTH_CONDITION,3Ø14,3Ø14,3Ø14,,Ø8,150 mm,PROVISIONAL_ONLY,BLOCKED_COMPONENT,BLOCKED_COMPONENT,True,READY_LOWER_BOUND
GSO-13F-7D3-1,GROUND_BEAM,untagged (p.13 typical sections),BOTTOM_ROW_1,3Ø14,READY_LOWER_BOUND,"straight run: support face-to-face, derived per span in PRE-S5.1 (research/pre_s5_1_source_resolution, no numerical-minimum shortcut); development / end anchorage not source-established",False,True,"DXF GBP layer-1 face pair, clear between supports 4.300 m; support centreline 4.600 m; bar run: PRE-S5.1 support face-to-face",DXF face separation 300 mm = section B 300,p.13 section D candidates: 400,"[""P13-GB-LT5M""]",EXPLICIT_LENGTH_CONDITION,3Ø14,3Ø14,3Ø14,,Ø8,150 mm,PROVISIONAL_ONLY,BLOCKED_COMPONENT,BLOCKED_COMPONENT,True,READY_LOWER_BOUND
GSO-13F-7D3-1,GROUND_BEAM,untagged (p.13 typical sections),BOTTOM_ROW_2,3Ø14,READY_LOWER_BOUND,"straight run: support face-to-face, derived per span in PRE-S5.1 (research/pre_s5_1_source_resolution, no numerical-minimum shortcut); development / end anchorage not source-established",False,True,"DXF GBP layer-1 face pair, clear between supports 4.300 m; support centreline 4.600 m; bar run: PRE-S5.1 support face-to-face",DXF face separation 300 mm = section B 300,p.13 section D candidates: 400,"[""P13-GB-LT5M""]",EXPLICIT_LENGTH_CONDITION,3Ø14,3Ø14,3Ø14,,Ø8,150 mm,PROVISIONAL_ONLY,BLOCKED_COMPONENT,BLOCKED_COMPONENT,True,READY_LOWER_BOUND
GSO-13F-7D3-1,GROUND_BEAM,untagged (p.13 typical sections),SIDE_BARS,,NOT_APPLICABLE,the candidate section(s) carry no side bars,False,False,"DXF GBP layer-1 face pair, clear between supports 4.300 m; support centreline 4.600 m; bar run: PRE-S5.1 support face-to-face",DXF face separation 300 mm = section B 300,p.13 section D candidates: 400,"[""P13-GB-LT5M""]",EXPLICIT_LENGTH_CONDITION,3Ø14,3Ø14,3Ø14,,Ø8,150 mm,PROVISIONAL_ONLY,BLOCKED_COMPONENT,BLOCKED_COMPONENT,True,READY_LOWER_BOUND
GSO-13F-7D3-1,GROUND_BEAM,untagged (p.13 typical sections),STIRRUP_DIAMETER,Ø8,READY,typical section callout,False,True,"DXF GBP layer-1 face pair, clear between supports 4.300 m; support centreline 4.600 m; bar run: PRE-S5.1 support face-to-face",DXF face separation 300 mm = section B 300,p.13 section D candidates: 400,"[""P13-GB-LT5M""]",EXPLICIT_LENGTH_CONDITION,3Ø14,3Ø14,3Ø14,,Ø8,150 mm,PROVISIONAL_ONLY,BLOCKED_COMPONENT,BLOCKED_COMPONENT,True,READY_LOWER_BOUND
GSO-13F-7D3-1,GROUND_BEAM,untagged (p.13 typical sections),STIRRUP_RATE,150 mm,READY,typical section callout,False,True,"DXF GBP layer-1 face pair, clear between supports 4.300 m; support centreline 4.600 m; bar run: PRE-S5.1 support face-to-face",DXF face separation 300 mm = section B 300,p.13 section D candidates: 400,"[""P13-GB-LT5M""]",EXPLICIT_LENGTH_CONDITION,3Ø14,3Ø14,3Ø14,,Ø8,150 mm,PROVISIONAL_ONLY,BLOCKED_COMPONENT,BLOCKED_COMPONENT,True,READY_LOWER_BOUND
GSO-13F-7D3-1,GROUND_BEAM,untagged (p.13 typical sections),STIRRUP_CORE_PATH,"300x400, cover 70 (soil)",PROVISIONAL_ONLY,"B, D and the 70 mm soil cover are source-established; the closed single link is drawn in the typical section but its topology is not a verified facet",False,False,"DXF GBP layer-1 face pair, clear between supports 4.300 m; support centreline 4.600 m; bar run: PRE-S5.1 support face-to-face",DXF face separation 300 mm = section B 300,p.13 section D candidates: 400,"[""P13-GB-LT5M""]",EXPLICIT_LENGTH_CONDITION,3Ø14,3Ø14,3Ø14,,Ø8,150 mm,PROVISIONAL_ONLY,BLOCKED_COMPONENT,BLOCKED_COMPONENT,True,READY_LOWER_BOUND
GSO-13F-7D3-1,GROUND_BEAM,untagged (p.13 typical sections),STIRRUP_COUNT,150 mm,READY_LOWER_BOUND,count >= ceil(clear span / spacing); first / last stirrup position not stated,False,True,"DXF GBP layer-1 face pair, clear between supports 4.300 m; support centreline 4.600 m; bar run: PRE-S5.1 support face-to-face",DXF face separation 300 mm = section B 300,p.13 section D candidates: 400,"[""P13-GB-LT5M""]",EXPLICIT_LENGTH_CONDITION,3Ø14,3Ø14,3Ø14,,Ø8,150 mm,PROVISIONAL_ONLY,BLOCKED_COMPONENT,BLOCKED_COMPONENT,True,READY_LOWER_BOUND
GSO-13F-7D3-1,GROUND_BEAM,untagged (p.13 typical sections),HOOK_1,,BLOCKED_COMPONENT,hook angle / extension: NO_PROJECT_SOURCE (engineer / code decision; never verified),False,False,"DXF GBP layer-1 face pair, clear between supports 4.300 m; support centreline 4.600 m; bar run: PRE-S5.1 support face-to-face",DXF face separation 300 mm = section B 300,p.13 section D candidates: 400,"[""P13-GB-LT5M""]",EXPLICIT_LENGTH_CONDITION,3Ø14,3Ø14,3Ø14,,Ø8,150 mm,PROVISIONAL_ONLY,BLOCKED_COMPONENT,BLOCKED_COMPONENT,True,READY_LOWER_BOUND
GSO-13F-7D3-1,GROUND_BEAM,untagged (p.13 typical sections),HOOK_2,,BLOCKED_COMPONENT,hook angle / extension: NO_PROJECT_SOURCE (engineer / code decision; never verified),False,False,"DXF GBP layer-1 face pair, clear between supports 4.300 m; support centreline 4.600 m; bar run: PRE-S5.1 support face-to-face",DXF face separation 300 mm = section B 300,p.13 section D candidates: 400,"[""P13-GB-LT5M""]",EXPLICIT_LENGTH_CONDITION,3Ø14,3Ø14,3Ø14,,Ø8,150 mm,PROVISIONAL_ONLY,BLOCKED_COMPONENT,BLOCKED_COMPONENT,True,READY_LOWER_BOUND
GSO-13F-7D3-1,GROUND_BEAM,untagged (p.13 typical sections),END_ZONE_EXTRA,,NOT_APPLICABLE,the section prints one uniform spacing; no end-zone callout,False,False,"DXF GBP layer-1 face pair, clear between supports 4.300 m; support centreline 4.600 m; bar run: PRE-S5.1 support face-to-face",DXF face separation 300 mm = section B 300,p.13 section D candidates: 400,"[""P13-GB-LT5M""]",EXPLICIT_LENGTH_CONDITION,3Ø14,3Ø14,3Ø14,,Ø8,150 mm,PROVISIONAL_ONLY,BLOCKED_COMPONENT,BLOCKED_COMPONENT,True,READY_LOWER_BOUND
GSO-13F-7D3-1,GROUND_BEAM,untagged (p.13 typical sections),END_TREATMENT,,BLOCKED_COMPONENT,bar ends at the supports are not detailed,False,False,"DXF GBP layer-1 face pair, clear between supports 4.300 m; support centreline 4.600 m; bar run: PRE-S5.1 support face-to-face",DXF face separation 300 mm = section B 300,p.13 section D candidates: 400,"[""P13-GB-LT5M""]",EXPLICIT_LENGTH_CONDITION,3Ø14,3Ø14,3Ø14,,Ø8,150 mm,PROVISIONAL_ONLY,BLOCKED_COMPONENT,BLOCKED_COMPONENT,True,READY_LOWER_BOUND
GSO-13F-7D3-1,GROUND_BEAM,untagged (p.13 typical sections),DEVELOPMENT_INTO_SUPPORT_1,,BLOCKED_COMPONENT,no beam-end anchorage rule in the project source (DEVELOPMENT_STARTER_70D_40D is 'development / tie length of starter bars only' only),False,False,"DXF GBP layer-1 face pair, clear between supports 4.300 m; support centreline 4.600 m; bar run: PRE-S5.1 support face-to-face",DXF face separation 300 mm = section B 300,p.13 section D candidates: 400,"[""P13-GB-LT5M""]",EXPLICIT_LENGTH_CONDITION,3Ø14,3Ø14,3Ø14,,Ø8,150 mm,PROVISIONAL_ONLY,BLOCKED_COMPONENT,BLOCKED_COMPONENT,True,READY_LOWER_BOUND
GSO-13F-7D3-1,GROUND_BEAM,untagged (p.13 typical sections),DEVELOPMENT_INTO_SUPPORT_2,,BLOCKED_COMPONENT,no beam-end anchorage rule in the project source (DEVELOPMENT_STARTER_70D_40D is 'development / tie length of starter bars only' only),False,False,"DXF GBP layer-1 face pair, clear between supports 4.300 m; support centreline 4.600 m; bar run: PRE-S5.1 support face-to-face",DXF face separation 300 mm = section B 300,p.13 section D candidates: 400,"[""P13-GB-LT5M""]",EXPLICIT_LENGTH_CONDITION,3Ø14,3Ø14,3Ø14,,Ø8,150 mm,PROVISIONAL_ONLY,BLOCKED_COMPONENT,BLOCKED_COMPONENT,True,READY_LOWER_BOUND
GSO-13F-7D3-1,GROUND_BEAM,untagged (p.13 typical sections),LAP,,NOT_APPLICABLE,net measurement: laps are a procurement matter (BBS firewall),False,False,"DXF GBP layer-1 face pair, clear between supports 4.300 m; support centreline 4.600 m; bar run: PRE-S5.1 support face-to-face",DXF face separation 300 mm = section B 300,p.13 section D candidates: 400,"[""P13-GB-LT5M""]",EXPLICIT_LENGTH_CONDITION,3Ø14,3Ø14,3Ø14,,Ø8,150 mm,PROVISIONAL_ONLY,BLOCKED_COMPONENT,BLOCKED_COMPONENT,True,READY_LOWER_BOUND
GSO-140-7D7-1,GROUND_BEAM,untagged (p.13 typical sections),TOP_MAIN,3Ø14,READY_LOWER_BOUND,"straight run: support face-to-face, derived per span in PRE-S5.1 (research/pre_s5_1_source_resolution, no numerical-minimum shortcut); development / end anchorage not source-established",False,True,"DXF GBP layer-1 face pair, clear between supports 4.300 m; support centreline 4.600 m; bar run: PRE-S5.1 support face-to-face",DXF face separation 300 mm = section B 300,p.13 section D candidates: 400,"[""P13-GB-LT5M""]",EXPLICIT_LENGTH_CONDITION,3Ø14,3Ø14,3Ø14,,Ø8,150 mm,PROVISIONAL_ONLY,BLOCKED_COMPONENT,BLOCKED_COMPONENT,True,READY_LOWER_BOUND
GSO-140-7D7-1,GROUND_BEAM,untagged (p.13 typical sections),BOTTOM_ROW_1,3Ø14,READY_LOWER_BOUND,"straight run: support face-to-face, derived per span in PRE-S5.1 (research/pre_s5_1_source_resolution, no numerical-minimum shortcut); development / end anchorage not source-established",False,True,"DXF GBP layer-1 face pair, clear between supports 4.300 m; support centreline 4.600 m; bar run: PRE-S5.1 support face-to-face",DXF face separation 300 mm = section B 300,p.13 section D candidates: 400,"[""P13-GB-LT5M""]",EXPLICIT_LENGTH_CONDITION,3Ø14,3Ø14,3Ø14,,Ø8,150 mm,PROVISIONAL_ONLY,BLOCKED_COMPONENT,BLOCKED_COMPONENT,True,READY_LOWER_BOUND
GSO-140-7D7-1,GROUND_BEAM,untagged (p.13 typical sections),BOTTOM_ROW_2,3Ø14,READY_LOWER_BOUND,"straight run: support face-to-face, derived per span in PRE-S5.1 (research/pre_s5_1_source_resolution, no numerical-minimum shortcut); development / end anchorage not source-established",False,True,"DXF GBP layer-1 face pair, clear between supports 4.300 m; support centreline 4.600 m; bar run: PRE-S5.1 support face-to-face",DXF face separation 300 mm = section B 300,p.13 section D candidates: 400,"[""P13-GB-LT5M""]",EXPLICIT_LENGTH_CONDITION,3Ø14,3Ø14,3Ø14,,Ø8,150 mm,PROVISIONAL_ONLY,BLOCKED_COMPONENT,BLOCKED_COMPONENT,True,READY_LOWER_BOUND
GSO-140-7D7-1,GROUND_BEAM,untagged (p.13 typical sections),SIDE_BARS,,NOT_APPLICABLE,the candidate section(s) carry no side bars,False,False,"DXF GBP layer-1 face pair, clear between supports 4.300 m; support centreline 4.600 m; bar run: PRE-S5.1 support face-to-face",DXF face separation 300 mm = section B 300,p.13 section D candidates: 400,"[""P13-GB-LT5M""]",EXPLICIT_LENGTH_CONDITION,3Ø14,3Ø14,3Ø14,,Ø8,150 mm,PROVISIONAL_ONLY,BLOCKED_COMPONENT,BLOCKED_COMPONENT,True,READY_LOWER_BOUND
GSO-140-7D7-1,GROUND_BEAM,untagged (p.13 typical sections),STIRRUP_DIAMETER,Ø8,READY,typical section callout,False,True,"DXF GBP layer-1 face pair, clear between supports 4.300 m; support centreline 4.600 m; bar run: PRE-S5.1 support face-to-face",DXF face separation 300 mm = section B 300,p.13 section D candidates: 400,"[""P13-GB-LT5M""]",EXPLICIT_LENGTH_CONDITION,3Ø14,3Ø14,3Ø14,,Ø8,150 mm,PROVISIONAL_ONLY,BLOCKED_COMPONENT,BLOCKED_COMPONENT,True,READY_LOWER_BOUND
GSO-140-7D7-1,GROUND_BEAM,untagged (p.13 typical sections),STIRRUP_RATE,150 mm,READY,typical section callout,False,True,"DXF GBP layer-1 face pair, clear between supports 4.300 m; support centreline 4.600 m; bar run: PRE-S5.1 support face-to-face",DXF face separation 300 mm = section B 300,p.13 section D candidates: 400,"[""P13-GB-LT5M""]",EXPLICIT_LENGTH_CONDITION,3Ø14,3Ø14,3Ø14,,Ø8,150 mm,PROVISIONAL_ONLY,BLOCKED_COMPONENT,BLOCKED_COMPONENT,True,READY_LOWER_BOUND
GSO-140-7D7-1,GROUND_BEAM,untagged (p.13 typical sections),STIRRUP_CORE_PATH,"300x400, cover 70 (soil)",PROVISIONAL_ONLY,"B, D and the 70 mm soil cover are source-established; the closed single link is drawn in the typical section but its topology is not a verified facet",False,False,"DXF GBP layer-1 face pair, clear between supports 4.300 m; support centreline 4.600 m; bar run: PRE-S5.1 support face-to-face",DXF face separation 300 mm = section B 300,p.13 section D candidates: 400,"[""P13-GB-LT5M""]",EXPLICIT_LENGTH_CONDITION,3Ø14,3Ø14,3Ø14,,Ø8,150 mm,PROVISIONAL_ONLY,BLOCKED_COMPONENT,BLOCKED_COMPONENT,True,READY_LOWER_BOUND
GSO-140-7D7-1,GROUND_BEAM,untagged (p.13 typical sections),STIRRUP_COUNT,150 mm,READY_LOWER_BOUND,count >= ceil(clear span / spacing); first / last stirrup position not stated,False,True,"DXF GBP layer-1 face pair, clear between supports 4.300 m; support centreline 4.600 m; bar run: PRE-S5.1 support face-to-face",DXF face separation 300 mm = section B 300,p.13 section D candidates: 400,"[""P13-GB-LT5M""]",EXPLICIT_LENGTH_CONDITION,3Ø14,3Ø14,3Ø14,,Ø8,150 mm,PROVISIONAL_ONLY,BLOCKED_COMPONENT,BLOCKED_COMPONENT,True,READY_LOWER_BOUND
GSO-140-7D7-1,GROUND_BEAM,untagged (p.13 typical sections),HOOK_1,,BLOCKED_COMPONENT,hook angle / extension: NO_PROJECT_SOURCE (engineer / code decision; never verified),False,False,"DXF GBP layer-1 face pair, clear between supports 4.300 m; support centreline 4.600 m; bar run: PRE-S5.1 support face-to-face",DXF face separation 300 mm = section B 300,p.13 section D candidates: 400,"[""P13-GB-LT5M""]",EXPLICIT_LENGTH_CONDITION,3Ø14,3Ø14,3Ø14,,Ø8,150 mm,PROVISIONAL_ONLY,BLOCKED_COMPONENT,BLOCKED_COMPONENT,True,READY_LOWER_BOUND
GSO-140-7D7-1,GROUND_BEAM,untagged (p.13 typical sections),HOOK_2,,BLOCKED_COMPONENT,hook angle / extension: NO_PROJECT_SOURCE (engineer / code decision; never verified),False,False,"DXF GBP layer-1 face pair, clear between supports 4.300 m; support centreline 4.600 m; bar run: PRE-S5.1 support face-to-face",DXF face separation 300 mm = section B 300,p.13 section D candidates: 400,"[""P13-GB-LT5M""]",EXPLICIT_LENGTH_CONDITION,3Ø14,3Ø14,3Ø14,,Ø8,150 mm,PROVISIONAL_ONLY,BLOCKED_COMPONENT,BLOCKED_COMPONENT,True,READY_LOWER_BOUND
GSO-140-7D7-1,GROUND_BEAM,untagged (p.13 typical sections),END_ZONE_EXTRA,,NOT_APPLICABLE,the section prints one uniform spacing; no end-zone callout,False,False,"DXF GBP layer-1 face pair, clear between supports 4.300 m; support centreline 4.600 m; bar run: PRE-S5.1 support face-to-face",DXF face separation 300 mm = section B 300,p.13 section D candidates: 400,"[""P13-GB-LT5M""]",EXPLICIT_LENGTH_CONDITION,3Ø14,3Ø14,3Ø14,,Ø8,150 mm,PROVISIONAL_ONLY,BLOCKED_COMPONENT,BLOCKED_COMPONENT,True,READY_LOWER_BOUND
GSO-140-7D7-1,GROUND_BEAM,untagged (p.13 typical sections),END_TREATMENT,,BLOCKED_COMPONENT,bar ends at the supports are not detailed,False,False,"DXF GBP layer-1 face pair, clear between supports 4.300 m; support centreline 4.600 m; bar run: PRE-S5.1 support face-to-face",DXF face separation 300 mm = section B 300,p.13 section D candidates: 400,"[""P13-GB-LT5M""]",EXPLICIT_LENGTH_CONDITION,3Ø14,3Ø14,3Ø14,,Ø8,150 mm,PROVISIONAL_ONLY,BLOCKED_COMPONENT,BLOCKED_COMPONENT,True,READY_LOWER_BOUND
GSO-140-7D7-1,GROUND_BEAM,untagged (p.13 typical sections),DEVELOPMENT_INTO_SUPPORT_1,,BLOCKED_COMPONENT,no beam-end anchorage rule in the project source (DEVELOPMENT_STARTER_70D_40D is 'development / tie length of starter bars only' only),False,False,"DXF GBP layer-1 face pair, clear between supports 4.300 m; support centreline 4.600 m; bar run: PRE-S5.1 support face-to-face",DXF face separation 300 mm = section B 300,p.13 section D candidates: 400,"[""P13-GB-LT5M""]",EXPLICIT_LENGTH_CONDITION,3Ø14,3Ø14,3Ø14,,Ø8,150 mm,PROVISIONAL_ONLY,BLOCKED_COMPONENT,BLOCKED_COMPONENT,True,READY_LOWER_BOUND
GSO-140-7D7-1,GROUND_BEAM,untagged (p.13 typical sections),DEVELOPMENT_INTO_SUPPORT_2,,BLOCKED_COMPONENT,no beam-end anchorage rule in the project source (DEVELOPMENT_STARTER_70D_40D is 'development / tie length of starter bars only' only),False,False,"DXF GBP layer-1 face pair, clear between supports 4.300 m; support centreline 4.600 m; bar run: PRE-S5.1 support face-to-face",DXF face separation 300 mm = section B 300,p.13 section D candidates: 400,"[""P13-GB-LT5M""]",EXPLICIT_LENGTH_CONDITION,3Ø14,3Ø14,3Ø14,,Ø8,150 mm,PROVISIONAL_ONLY,BLOCKED_COMPONENT,BLOCKED_COMPONENT,True,READY_LOWER_BOUND
GSO-140-7D7-1,GROUND_BEAM,untagged (p.13 typical sections),LAP,,NOT_APPLICABLE,net measurement: laps are a procurement matter (BBS firewall),False,False,"DXF GBP layer-1 face pair, clear between supports 4.300 m; support centreline 4.600 m; bar run: PRE-S5.1 support face-to-face",DXF face separation 300 mm = section B 300,p.13 section D candidates: 400,"[""P13-GB-LT5M""]",EXPLICIT_LENGTH_CONDITION,3Ø14,3Ø14,3Ø14,,Ø8,150 mm,PROVISIONAL_ONLY,BLOCKED_COMPONENT,BLOCKED_COMPONENT,True,READY_LOWER_BOUND
GSO-141-7DA-1,GROUND_BEAM,untagged (p.13 typical sections),TOP_MAIN,3Ø14,READY_LOWER_BOUND,"straight run: support face-to-face, derived per span in PRE-S5.1 (research/pre_s5_1_source_resolution, no numerical-minimum shortcut); development / end anchorage not source-established",False,True,"DXF GBP layer-1 face pair, clear between supports 1.200 m; support centreline 1.500 m; bar run: PRE-S5.1 support face-to-face",DXF face separation 300 mm = section B 300,p.13 section D candidates: 300 | 400,"[""P13-GB-LT2_5M"", ""P13-GB-LT5M""]",EXPLICIT_LENGTH_CONDITION,3Ø14,3Ø14,3Ø14,,"(8, 150) | None","(8, 150) | None",BLOCKED_COMPONENT,BLOCKED_COMPONENT,BLOCKED_COMPONENT,True,READY_LOWER_BOUND
GSO-141-7DA-1,GROUND_BEAM,untagged (p.13 typical sections),BOTTOM_ROW_1,3Ø14,READY_LOWER_BOUND,"straight run: support face-to-face, derived per span in PRE-S5.1 (research/pre_s5_1_source_resolution, no numerical-minimum shortcut); development / end anchorage not source-established",False,True,"DXF GBP layer-1 face pair, clear between supports 1.200 m; support centreline 1.500 m; bar run: PRE-S5.1 support face-to-face",DXF face separation 300 mm = section B 300,p.13 section D candidates: 300 | 400,"[""P13-GB-LT2_5M"", ""P13-GB-LT5M""]",EXPLICIT_LENGTH_CONDITION,3Ø14,3Ø14,3Ø14,,"(8, 150) | None","(8, 150) | None",BLOCKED_COMPONENT,BLOCKED_COMPONENT,BLOCKED_COMPONENT,True,READY_LOWER_BOUND
GSO-141-7DA-1,GROUND_BEAM,untagged (p.13 typical sections),BOTTOM_ROW_2,3Ø14,READY_LOWER_BOUND,"straight run: support face-to-face, derived per span in PRE-S5.1 (research/pre_s5_1_source_resolution, no numerical-minimum shortcut); development / end anchorage not source-established",False,True,"DXF GBP layer-1 face pair, clear between supports 1.200 m; support centreline 1.500 m; bar run: PRE-S5.1 support face-to-face",DXF face separation 300 mm = section B 300,p.13 section D candidates: 300 | 400,"[""P13-GB-LT2_5M"", ""P13-GB-LT5M""]",EXPLICIT_LENGTH_CONDITION,3Ø14,3Ø14,3Ø14,,"(8, 150) | None","(8, 150) | None",BLOCKED_COMPONENT,BLOCKED_COMPONENT,BLOCKED_COMPONENT,True,READY_LOWER_BOUND
GSO-141-7DA-1,GROUND_BEAM,untagged (p.13 typical sections),SIDE_BARS,,NOT_APPLICABLE,the candidate section(s) carry no side bars,False,False,"DXF GBP layer-1 face pair, clear between supports 1.200 m; support centreline 1.500 m; bar run: PRE-S5.1 support face-to-face",DXF face separation 300 mm = section B 300,p.13 section D candidates: 300 | 400,"[""P13-GB-LT2_5M"", ""P13-GB-LT5M""]",EXPLICIT_LENGTH_CONDITION,3Ø14,3Ø14,3Ø14,,"(8, 150) | None","(8, 150) | None",BLOCKED_COMPONENT,BLOCKED_COMPONENT,BLOCKED_COMPONENT,True,READY_LOWER_BOUND
GSO-141-7DA-1,GROUND_BEAM,untagged (p.13 typical sections),STIRRUP_DIAMETER,"(8, 150) | None",BLOCKED_COMPONENT,a candidate section draws a stirrup with no size / spacing callout,False,False,"DXF GBP layer-1 face pair, clear between supports 1.200 m; support centreline 1.500 m; bar run: PRE-S5.1 support face-to-face",DXF face separation 300 mm = section B 300,p.13 section D candidates: 300 | 400,"[""P13-GB-LT2_5M"", ""P13-GB-LT5M""]",EXPLICIT_LENGTH_CONDITION,3Ø14,3Ø14,3Ø14,,"(8, 150) | None","(8, 150) | None",BLOCKED_COMPONENT,BLOCKED_COMPONENT,BLOCKED_COMPONENT,True,READY_LOWER_BOUND
GSO-141-7DA-1,GROUND_BEAM,untagged (p.13 typical sections),STIRRUP_RATE,"(8, 150) | None",BLOCKED_COMPONENT,a candidate section draws a stirrup with no size / spacing callout,False,False,"DXF GBP layer-1 face pair, clear between supports 1.200 m; support centreline 1.500 m; bar run: PRE-S5.1 support face-to-face",DXF face separation 300 mm = section B 300,p.13 section D candidates: 300 | 400,"[""P13-GB-LT2_5M"", ""P13-GB-LT5M""]",EXPLICIT_LENGTH_CONDITION,3Ø14,3Ø14,3Ø14,,"(8, 150) | None","(8, 150) | None",BLOCKED_COMPONENT,BLOCKED_COMPONENT,BLOCKED_COMPONENT,True,READY_LOWER_BOUND
GSO-141-7DA-1,GROUND_BEAM,untagged (p.13 typical sections),STIRRUP_CORE_PATH,300x300 | 300x400,BLOCKED_COMPONENT,candidate sections differ in depth,False,False,"DXF GBP layer-1 face pair, clear between supports 1.200 m; support centreline 1.500 m; bar run: PRE-S5.1 support face-to-face",DXF face separation 300 mm = section B 300,p.13 section D candidates: 300 | 400,"[""P13-GB-LT2_5M"", ""P13-GB-LT5M""]",EXPLICIT_LENGTH_CONDITION,3Ø14,3Ø14,3Ø14,,"(8, 150) | None","(8, 150) | None",BLOCKED_COMPONENT,BLOCKED_COMPONENT,BLOCKED_COMPONENT,True,READY_LOWER_BOUND
GSO-141-7DA-1,GROUND_BEAM,untagged (p.13 typical sections),STIRRUP_COUNT,,BLOCKED_COMPONENT,spacing not established,False,False,"DXF GBP layer-1 face pair, clear between supports 1.200 m; support centreline 1.500 m; bar run: PRE-S5.1 support face-to-face",DXF face separation 300 mm = section B 300,p.13 section D candidates: 300 | 400,"[""P13-GB-LT2_5M"", ""P13-GB-LT5M""]",EXPLICIT_LENGTH_CONDITION,3Ø14,3Ø14,3Ø14,,"(8, 150) | None","(8, 150) | None",BLOCKED_COMPONENT,BLOCKED_COMPONENT,BLOCKED_COMPONENT,True,READY_LOWER_BOUND
GSO-141-7DA-1,GROUND_BEAM,untagged (p.13 typical sections),HOOK_1,,BLOCKED_COMPONENT,hook angle / extension: NO_PROJECT_SOURCE (engineer / code decision; never verified),False,False,"DXF GBP layer-1 face pair, clear between supports 1.200 m; support centreline 1.500 m; bar run: PRE-S5.1 support face-to-face",DXF face separation 300 mm = section B 300,p.13 section D candidates: 300 | 400,"[""P13-GB-LT2_5M"", ""P13-GB-LT5M""]",EXPLICIT_LENGTH_CONDITION,3Ø14,3Ø14,3Ø14,,"(8, 150) | None","(8, 150) | None",BLOCKED_COMPONENT,BLOCKED_COMPONENT,BLOCKED_COMPONENT,True,READY_LOWER_BOUND
GSO-141-7DA-1,GROUND_BEAM,untagged (p.13 typical sections),HOOK_2,,BLOCKED_COMPONENT,hook angle / extension: NO_PROJECT_SOURCE (engineer / code decision; never verified),False,False,"DXF GBP layer-1 face pair, clear between supports 1.200 m; support centreline 1.500 m; bar run: PRE-S5.1 support face-to-face",DXF face separation 300 mm = section B 300,p.13 section D candidates: 300 | 400,"[""P13-GB-LT2_5M"", ""P13-GB-LT5M""]",EXPLICIT_LENGTH_CONDITION,3Ø14,3Ø14,3Ø14,,"(8, 150) | None","(8, 150) | None",BLOCKED_COMPONENT,BLOCKED_COMPONENT,BLOCKED_COMPONENT,True,READY_LOWER_BOUND
GSO-141-7DA-1,GROUND_BEAM,untagged (p.13 typical sections),END_ZONE_EXTRA,,NOT_APPLICABLE,the section prints one uniform spacing; no end-zone callout,False,False,"DXF GBP layer-1 face pair, clear between supports 1.200 m; support centreline 1.500 m; bar run: PRE-S5.1 support face-to-face",DXF face separation 300 mm = section B 300,p.13 section D candidates: 300 | 400,"[""P13-GB-LT2_5M"", ""P13-GB-LT5M""]",EXPLICIT_LENGTH_CONDITION,3Ø14,3Ø14,3Ø14,,"(8, 150) | None","(8, 150) | None",BLOCKED_COMPONENT,BLOCKED_COMPONENT,BLOCKED_COMPONENT,True,READY_LOWER_BOUND
GSO-141-7DA-1,GROUND_BEAM,untagged (p.13 typical sections),END_TREATMENT,,BLOCKED_COMPONENT,bar ends at the supports are not detailed,False,False,"DXF GBP layer-1 face pair, clear between supports 1.200 m; support centreline 1.500 m; bar run: PRE-S5.1 support face-to-face",DXF face separation 300 mm = section B 300,p.13 section D candidates: 300 | 400,"[""P13-GB-LT2_5M"", ""P13-GB-LT5M""]",EXPLICIT_LENGTH_CONDITION,3Ø14,3Ø14,3Ø14,,"(8, 150) | None","(8, 150) | None",BLOCKED_COMPONENT,BLOCKED_COMPONENT,BLOCKED_COMPONENT,True,READY_LOWER_BOUND
GSO-141-7DA-1,GROUND_BEAM,untagged (p.13 typical sections),DEVELOPMENT_INTO_SUPPORT_1,,BLOCKED_COMPONENT,no beam-end anchorage rule in the project source (DEVELOPMENT_STARTER_70D_40D is 'development / tie length of starter bars only' only),False,False,"DXF GBP layer-1 face pair, clear between supports 1.200 m; support centreline 1.500 m; bar run: PRE-S5.1 support face-to-face",DXF face separation 300 mm = section B 300,p.13 section D candidates: 300 | 400,"[""P13-GB-LT2_5M"", ""P13-GB-LT5M""]",EXPLICIT_LENGTH_CONDITION,3Ø14,3Ø14,3Ø14,,"(8, 150) | None","(8, 150) | None",BLOCKED_COMPONENT,BLOCKED_COMPONENT,BLOCKED_COMPONENT,True,READY_LOWER_BOUND
GSO-141-7DA-1,GROUND_BEAM,untagged (p.13 typical sections),DEVELOPMENT_INTO_SUPPORT_2,,BLOCKED_COMPONENT,no beam-end anchorage rule in the project source (DEVELOPMENT_STARTER_70D_40D is 'development / tie length of starter bars only' only),False,False,"DXF GBP layer-1 face pair, clear between supports 1.200 m; support centreline 1.500 m; bar run: PRE-S5.1 support face-to-face",DXF face separation 300 mm = section B 300,p.13 section D candidates: 300 | 400,"[""P13-GB-LT2_5M"", ""P13-GB-LT5M""]",EXPLICIT_LENGTH_CONDITION,3Ø14,3Ø14,3Ø14,,"(8, 150) | None","(8, 150) | None",BLOCKED_COMPONENT,BLOCKED_COMPONENT,BLOCKED_COMPONENT,True,READY_LOWER_BOUND
GSO-141-7DA-1,GROUND_BEAM,untagged (p.13 typical sections),LAP,,NOT_APPLICABLE,net measurement: laps are a procurement matter (BBS firewall),False,False,"DXF GBP layer-1 face pair, clear between supports 1.200 m; support centreline 1.500 m; bar run: PRE-S5.1 support face-to-face",DXF face separation 300 mm = section B 300,p.13 section D candidates: 300 | 400,"[""P13-GB-LT2_5M"", ""P13-GB-LT5M""]",EXPLICIT_LENGTH_CONDITION,3Ø14,3Ø14,3Ø14,,"(8, 150) | None","(8, 150) | None",BLOCKED_COMPONENT,BLOCKED_COMPONENT,BLOCKED_COMPONENT,True,READY_LOWER_BOUND
GSO-142-7D8-1,GROUND_BEAM,untagged (p.13 typical sections),TOP_MAIN,3Ø14,READY_LOWER_BOUND,"straight run: support face-to-face, derived per span in PRE-S5.1 (research/pre_s5_1_source_resolution, no numerical-minimum shortcut); development / end anchorage not source-established",True,True,"DXF GBP layer-1 face pair, clear between supports 2.450 m; support centreline 2.750 m; bar run: PRE-S5.1 support face-to-face",DXF face separation 300 mm = section B 300,p.13 section D candidates: 300 | 400,"[""P13-GB-LT2_5M"", ""P13-GB-LT5M""]",CANDIDATE_DETAIL,3Ø14,3Ø14,3Ø14,,"(8, 150) | None","(8, 150) | None",BLOCKED_COMPONENT,BLOCKED_COMPONENT,BLOCKED_COMPONENT,True,READY_LOWER_BOUND
GSO-142-7D8-1,GROUND_BEAM,untagged (p.13 typical sections),BOTTOM_ROW_1,3Ø14,READY_LOWER_BOUND,"straight run: support face-to-face, derived per span in PRE-S5.1 (research/pre_s5_1_source_resolution, no numerical-minimum shortcut); development / end anchorage not source-established",True,True,"DXF GBP layer-1 face pair, clear between supports 2.450 m; support centreline 2.750 m; bar run: PRE-S5.1 support face-to-face",DXF face separation 300 mm = section B 300,p.13 section D candidates: 300 | 400,"[""P13-GB-LT2_5M"", ""P13-GB-LT5M""]",CANDIDATE_DETAIL,3Ø14,3Ø14,3Ø14,,"(8, 150) | None","(8, 150) | None",BLOCKED_COMPONENT,BLOCKED_COMPONENT,BLOCKED_COMPONENT,True,READY_LOWER_BOUND
GSO-142-7D8-1,GROUND_BEAM,untagged (p.13 typical sections),BOTTOM_ROW_2,3Ø14,READY_LOWER_BOUND,"straight run: support face-to-face, derived per span in PRE-S5.1 (research/pre_s5_1_source_resolution, no numerical-minimum shortcut); development / end anchorage not source-established",True,True,"DXF GBP layer-1 face pair, clear between supports 2.450 m; support centreline 2.750 m; bar run: PRE-S5.1 support face-to-face",DXF face separation 300 mm = section B 300,p.13 section D candidates: 300 | 400,"[""P13-GB-LT2_5M"", ""P13-GB-LT5M""]",CANDIDATE_DETAIL,3Ø14,3Ø14,3Ø14,,"(8, 150) | None","(8, 150) | None",BLOCKED_COMPONENT,BLOCKED_COMPONENT,BLOCKED_COMPONENT,True,READY_LOWER_BOUND
GSO-142-7D8-1,GROUND_BEAM,untagged (p.13 typical sections),SIDE_BARS,,NOT_APPLICABLE,the candidate section(s) carry no side bars,False,False,"DXF GBP layer-1 face pair, clear between supports 2.450 m; support centreline 2.750 m; bar run: PRE-S5.1 support face-to-face",DXF face separation 300 mm = section B 300,p.13 section D candidates: 300 | 400,"[""P13-GB-LT2_5M"", ""P13-GB-LT5M""]",CANDIDATE_DETAIL,3Ø14,3Ø14,3Ø14,,"(8, 150) | None","(8, 150) | None",BLOCKED_COMPONENT,BLOCKED_COMPONENT,BLOCKED_COMPONENT,True,READY_LOWER_BOUND
GSO-142-7D8-1,GROUND_BEAM,untagged (p.13 typical sections),STIRRUP_DIAMETER,"(8, 150) | None",BLOCKED_COMPONENT,a candidate section draws a stirrup with no size / spacing callout,False,False,"DXF GBP layer-1 face pair, clear between supports 2.450 m; support centreline 2.750 m; bar run: PRE-S5.1 support face-to-face",DXF face separation 300 mm = section B 300,p.13 section D candidates: 300 | 400,"[""P13-GB-LT2_5M"", ""P13-GB-LT5M""]",CANDIDATE_DETAIL,3Ø14,3Ø14,3Ø14,,"(8, 150) | None","(8, 150) | None",BLOCKED_COMPONENT,BLOCKED_COMPONENT,BLOCKED_COMPONENT,True,READY_LOWER_BOUND
GSO-142-7D8-1,GROUND_BEAM,untagged (p.13 typical sections),STIRRUP_RATE,"(8, 150) | None",BLOCKED_COMPONENT,a candidate section draws a stirrup with no size / spacing callout,False,False,"DXF GBP layer-1 face pair, clear between supports 2.450 m; support centreline 2.750 m; bar run: PRE-S5.1 support face-to-face",DXF face separation 300 mm = section B 300,p.13 section D candidates: 300 | 400,"[""P13-GB-LT2_5M"", ""P13-GB-LT5M""]",CANDIDATE_DETAIL,3Ø14,3Ø14,3Ø14,,"(8, 150) | None","(8, 150) | None",BLOCKED_COMPONENT,BLOCKED_COMPONENT,BLOCKED_COMPONENT,True,READY_LOWER_BOUND
GSO-142-7D8-1,GROUND_BEAM,untagged (p.13 typical sections),STIRRUP_CORE_PATH,300x300 | 300x400,BLOCKED_COMPONENT,candidate sections differ in depth,False,False,"DXF GBP layer-1 face pair, clear between supports 2.450 m; support centreline 2.750 m; bar run: PRE-S5.1 support face-to-face",DXF face separation 300 mm = section B 300,p.13 section D candidates: 300 | 400,"[""P13-GB-LT2_5M"", ""P13-GB-LT5M""]",CANDIDATE_DETAIL,3Ø14,3Ø14,3Ø14,,"(8, 150) | None","(8, 150) | None",BLOCKED_COMPONENT,BLOCKED_COMPONENT,BLOCKED_COMPONENT,True,READY_LOWER_BOUND
GSO-142-7D8-1,GROUND_BEAM,untagged (p.13 typical sections),STIRRUP_COUNT,,BLOCKED_COMPONENT,spacing not established,False,False,"DXF GBP layer-1 face pair, clear between supports 2.450 m; support centreline 2.750 m; bar run: PRE-S5.1 support face-to-face",DXF face separation 300 mm = section B 300,p.13 section D candidates: 300 | 400,"[""P13-GB-LT2_5M"", ""P13-GB-LT5M""]",CANDIDATE_DETAIL,3Ø14,3Ø14,3Ø14,,"(8, 150) | None","(8, 150) | None",BLOCKED_COMPONENT,BLOCKED_COMPONENT,BLOCKED_COMPONENT,True,READY_LOWER_BOUND
GSO-142-7D8-1,GROUND_BEAM,untagged (p.13 typical sections),HOOK_1,,BLOCKED_COMPONENT,hook angle / extension: NO_PROJECT_SOURCE (engineer / code decision; never verified),False,False,"DXF GBP layer-1 face pair, clear between supports 2.450 m; support centreline 2.750 m; bar run: PRE-S5.1 support face-to-face",DXF face separation 300 mm = section B 300,p.13 section D candidates: 300 | 400,"[""P13-GB-LT2_5M"", ""P13-GB-LT5M""]",CANDIDATE_DETAIL,3Ø14,3Ø14,3Ø14,,"(8, 150) | None","(8, 150) | None",BLOCKED_COMPONENT,BLOCKED_COMPONENT,BLOCKED_COMPONENT,True,READY_LOWER_BOUND
GSO-142-7D8-1,GROUND_BEAM,untagged (p.13 typical sections),HOOK_2,,BLOCKED_COMPONENT,hook angle / extension: NO_PROJECT_SOURCE (engineer / code decision; never verified),False,False,"DXF GBP layer-1 face pair, clear between supports 2.450 m; support centreline 2.750 m; bar run: PRE-S5.1 support face-to-face",DXF face separation 300 mm = section B 300,p.13 section D candidates: 300 | 400,"[""P13-GB-LT2_5M"", ""P13-GB-LT5M""]",CANDIDATE_DETAIL,3Ø14,3Ø14,3Ø14,,"(8, 150) | None","(8, 150) | None",BLOCKED_COMPONENT,BLOCKED_COMPONENT,BLOCKED_COMPONENT,True,READY_LOWER_BOUND
GSO-142-7D8-1,GROUND_BEAM,untagged (p.13 typical sections),END_ZONE_EXTRA,,NOT_APPLICABLE,the section prints one uniform spacing; no end-zone callout,False,False,"DXF GBP layer-1 face pair, clear between supports 2.450 m; support centreline 2.750 m; bar run: PRE-S5.1 support face-to-face",DXF face separation 300 mm = section B 300,p.13 section D candidates: 300 | 400,"[""P13-GB-LT2_5M"", ""P13-GB-LT5M""]",CANDIDATE_DETAIL,3Ø14,3Ø14,3Ø14,,"(8, 150) | None","(8, 150) | None",BLOCKED_COMPONENT,BLOCKED_COMPONENT,BLOCKED_COMPONENT,True,READY_LOWER_BOUND
GSO-142-7D8-1,GROUND_BEAM,untagged (p.13 typical sections),END_TREATMENT,,BLOCKED_COMPONENT,bar ends at the supports are not detailed,False,False,"DXF GBP layer-1 face pair, clear between supports 2.450 m; support centreline 2.750 m; bar run: PRE-S5.1 support face-to-face",DXF face separation 300 mm = section B 300,p.13 section D candidates: 300 | 400,"[""P13-GB-LT2_5M"", ""P13-GB-LT5M""]",CANDIDATE_DETAIL,3Ø14,3Ø14,3Ø14,,"(8, 150) | None","(8, 150) | None",BLOCKED_COMPONENT,BLOCKED_COMPONENT,BLOCKED_COMPONENT,True,READY_LOWER_BOUND
GSO-142-7D8-1,GROUND_BEAM,untagged (p.13 typical sections),DEVELOPMENT_INTO_SUPPORT_1,,BLOCKED_COMPONENT,no beam-end anchorage rule in the project source (DEVELOPMENT_STARTER_70D_40D is 'development / tie length of starter bars only' only),False,False,"DXF GBP layer-1 face pair, clear between supports 2.450 m; support centreline 2.750 m; bar run: PRE-S5.1 support face-to-face",DXF face separation 300 mm = section B 300,p.13 section D candidates: 300 | 400,"[""P13-GB-LT2_5M"", ""P13-GB-LT5M""]",CANDIDATE_DETAIL,3Ø14,3Ø14,3Ø14,,"(8, 150) | None","(8, 150) | None",BLOCKED_COMPONENT,BLOCKED_COMPONENT,BLOCKED_COMPONENT,True,READY_LOWER_BOUND
GSO-142-7D8-1,GROUND_BEAM,untagged (p.13 typical sections),DEVELOPMENT_INTO_SUPPORT_2,,BLOCKED_COMPONENT,no beam-end anchorage rule in the project source (DEVELOPMENT_STARTER_70D_40D is 'development / tie length of starter bars only' only),False,False,"DXF GBP layer-1 face pair, clear between supports 2.450 m; support centreline 2.750 m; bar run: PRE-S5.1 support face-to-face",DXF face separation 300 mm = section B 300,p.13 section D candidates: 300 | 400,"[""P13-GB-LT2_5M"", ""P13-GB-LT5M""]",CANDIDATE_DETAIL,3Ø14,3Ø14,3Ø14,,"(8, 150) | None","(8, 150) | None",BLOCKED_COMPONENT,BLOCKED_COMPONENT,BLOCKED_COMPONENT,True,READY_LOWER_BOUND
GSO-142-7D8-1,GROUND_BEAM,untagged (p.13 typical sections),LAP,,NOT_APPLICABLE,net measurement: laps are a procurement matter (BBS firewall),False,False,"DXF GBP layer-1 face pair, clear between supports 2.450 m; support centreline 2.750 m; bar run: PRE-S5.1 support face-to-face",DXF face separation 300 mm = section B 300,p.13 section D candidates: 300 | 400,"[""P13-GB-LT2_5M"", ""P13-GB-LT5M""]",CANDIDATE_DETAIL,3Ø14,3Ø14,3Ø14,,"(8, 150) | None","(8, 150) | None",BLOCKED_COMPONENT,BLOCKED_COMPONENT,BLOCKED_COMPONENT,True,READY_LOWER_BOUND
GSO-145-7CA-1,GROUND_BEAM,untagged (p.13 typical sections),TOP_MAIN,3Ø16,READY_LOWER_BOUND,"straight run: support face-to-face, derived per span in PRE-S5.1 (research/pre_s5_1_source_resolution, no numerical-minimum shortcut); development / end anchorage not source-established",False,True,"DXF GBP layer-1 face pair, clear between supports 0.400 m; support centreline 0.400 m; bar run: PRE-S5.1 support face-to-face",DXF face separation 300 mm = section B 300,FOLLOW ARCH. (not printed),"[""P13-GB-EXTERIOR""]",PROJECT_GENERAL_DETAIL,3Ø16,3Ø16,3Ø16,2Ø12/30cm,Ø8,150 mm,BLOCKED_COMPONENT,BLOCKED_COMPONENT,BLOCKED_COMPONENT,True,READY_LOWER_BOUND
GSO-145-7CA-1,GROUND_BEAM,untagged (p.13 typical sections),BOTTOM_ROW_1,3Ø16,READY_LOWER_BOUND,"straight run: support face-to-face, derived per span in PRE-S5.1 (research/pre_s5_1_source_resolution, no numerical-minimum shortcut); development / end anchorage not source-established",False,True,"DXF GBP layer-1 face pair, clear between supports 0.400 m; support centreline 0.400 m; bar run: PRE-S5.1 support face-to-face",DXF face separation 300 mm = section B 300,FOLLOW ARCH. (not printed),"[""P13-GB-EXTERIOR""]",PROJECT_GENERAL_DETAIL,3Ø16,3Ø16,3Ø16,2Ø12/30cm,Ø8,150 mm,BLOCKED_COMPONENT,BLOCKED_COMPONENT,BLOCKED_COMPONENT,True,READY_LOWER_BOUND
GSO-145-7CA-1,GROUND_BEAM,untagged (p.13 typical sections),BOTTOM_ROW_2,3Ø16,READY_LOWER_BOUND,"straight run: support face-to-face, derived per span in PRE-S5.1 (research/pre_s5_1_source_resolution, no numerical-minimum shortcut); development / end anchorage not source-established",False,True,"DXF GBP layer-1 face pair, clear between supports 0.400 m; support centreline 0.400 m; bar run: PRE-S5.1 support face-to-face",DXF face separation 300 mm = section B 300,FOLLOW ARCH. (not printed),"[""P13-GB-EXTERIOR""]",PROJECT_GENERAL_DETAIL,3Ø16,3Ø16,3Ø16,2Ø12/30cm,Ø8,150 mm,BLOCKED_COMPONENT,BLOCKED_COMPONENT,BLOCKED_COMPONENT,True,READY_LOWER_BOUND
GSO-145-7CA-1,GROUND_BEAM,untagged (p.13 typical sections),SIDE_BARS,2Ø12/30cm,BLOCKED_COMPONENT,side bars 2Ø12 per 30 cm of depth; depth FOLLOW ARCH. not printed,False,False,"DXF GBP layer-1 face pair, clear between supports 0.400 m; support centreline 0.400 m; bar run: PRE-S5.1 support face-to-face",DXF face separation 300 mm = section B 300,FOLLOW ARCH. (not printed),"[""P13-GB-EXTERIOR""]",PROJECT_GENERAL_DETAIL,3Ø16,3Ø16,3Ø16,2Ø12/30cm,Ø8,150 mm,BLOCKED_COMPONENT,BLOCKED_COMPONENT,BLOCKED_COMPONENT,True,READY_LOWER_BOUND
GSO-145-7CA-1,GROUND_BEAM,untagged (p.13 typical sections),STIRRUP_DIAMETER,Ø8,READY,typical section callout,False,True,"DXF GBP layer-1 face pair, clear between supports 0.400 m; support centreline 0.400 m; bar run: PRE-S5.1 support face-to-face",DXF face separation 300 mm = section B 300,FOLLOW ARCH. (not printed),"[""P13-GB-EXTERIOR""]",PROJECT_GENERAL_DETAIL,3Ø16,3Ø16,3Ø16,2Ø12/30cm,Ø8,150 mm,BLOCKED_COMPONENT,BLOCKED_COMPONENT,BLOCKED_COMPONENT,True,READY_LOWER_BOUND
GSO-145-7CA-1,GROUND_BEAM,untagged (p.13 typical sections),STIRRUP_RATE,150 mm,READY,typical section callout,False,True,"DXF GBP layer-1 face pair, clear between supports 0.400 m; support centreline 0.400 m; bar run: PRE-S5.1 support face-to-face",DXF face separation 300 mm = section B 300,FOLLOW ARCH. (not printed),"[""P13-GB-EXTERIOR""]",PROJECT_GENERAL_DETAIL,3Ø16,3Ø16,3Ø16,2Ø12/30cm,Ø8,150 mm,BLOCKED_COMPONENT,BLOCKED_COMPONENT,BLOCKED_COMPONENT,True,READY_LOWER_BOUND
GSO-145-7CA-1,GROUND_BEAM,untagged (p.13 typical sections),STIRRUP_CORE_PATH,D = FOLLOW ARCH.,BLOCKED_COMPONENT,section depth not printed (FOLLOW ARCH.),False,False,"DXF GBP layer-1 face pair, clear between supports 0.400 m; support centreline 0.400 m; bar run: PRE-S5.1 support face-to-face",DXF face separation 300 mm = section B 300,FOLLOW ARCH. (not printed),"[""P13-GB-EXTERIOR""]",PROJECT_GENERAL_DETAIL,3Ø16,3Ø16,3Ø16,2Ø12/30cm,Ø8,150 mm,BLOCKED_COMPONENT,BLOCKED_COMPONENT,BLOCKED_COMPONENT,True,READY_LOWER_BOUND
GSO-145-7CA-1,GROUND_BEAM,untagged (p.13 typical sections),STIRRUP_COUNT,150 mm,READY_LOWER_BOUND,count >= ceil(clear span / spacing); first / last stirrup position not stated,False,True,"DXF GBP layer-1 face pair, clear between supports 0.400 m; support centreline 0.400 m; bar run: PRE-S5.1 support face-to-face",DXF face separation 300 mm = section B 300,FOLLOW ARCH. (not printed),"[""P13-GB-EXTERIOR""]",PROJECT_GENERAL_DETAIL,3Ø16,3Ø16,3Ø16,2Ø12/30cm,Ø8,150 mm,BLOCKED_COMPONENT,BLOCKED_COMPONENT,BLOCKED_COMPONENT,True,READY_LOWER_BOUND
GSO-145-7CA-1,GROUND_BEAM,untagged (p.13 typical sections),HOOK_1,,BLOCKED_COMPONENT,hook angle / extension: NO_PROJECT_SOURCE (engineer / code decision; never verified),False,False,"DXF GBP layer-1 face pair, clear between supports 0.400 m; support centreline 0.400 m; bar run: PRE-S5.1 support face-to-face",DXF face separation 300 mm = section B 300,FOLLOW ARCH. (not printed),"[""P13-GB-EXTERIOR""]",PROJECT_GENERAL_DETAIL,3Ø16,3Ø16,3Ø16,2Ø12/30cm,Ø8,150 mm,BLOCKED_COMPONENT,BLOCKED_COMPONENT,BLOCKED_COMPONENT,True,READY_LOWER_BOUND
GSO-145-7CA-1,GROUND_BEAM,untagged (p.13 typical sections),HOOK_2,,BLOCKED_COMPONENT,hook angle / extension: NO_PROJECT_SOURCE (engineer / code decision; never verified),False,False,"DXF GBP layer-1 face pair, clear between supports 0.400 m; support centreline 0.400 m; bar run: PRE-S5.1 support face-to-face",DXF face separation 300 mm = section B 300,FOLLOW ARCH. (not printed),"[""P13-GB-EXTERIOR""]",PROJECT_GENERAL_DETAIL,3Ø16,3Ø16,3Ø16,2Ø12/30cm,Ø8,150 mm,BLOCKED_COMPONENT,BLOCKED_COMPONENT,BLOCKED_COMPONENT,True,READY_LOWER_BOUND
GSO-145-7CA-1,GROUND_BEAM,untagged (p.13 typical sections),END_ZONE_EXTRA,,NOT_APPLICABLE,the section prints one uniform spacing; no end-zone callout,False,False,"DXF GBP layer-1 face pair, clear between supports 0.400 m; support centreline 0.400 m; bar run: PRE-S5.1 support face-to-face",DXF face separation 300 mm = section B 300,FOLLOW ARCH. (not printed),"[""P13-GB-EXTERIOR""]",PROJECT_GENERAL_DETAIL,3Ø16,3Ø16,3Ø16,2Ø12/30cm,Ø8,150 mm,BLOCKED_COMPONENT,BLOCKED_COMPONENT,BLOCKED_COMPONENT,True,READY_LOWER_BOUND
GSO-145-7CA-1,GROUND_BEAM,untagged (p.13 typical sections),END_TREATMENT,,BLOCKED_COMPONENT,bar ends at the supports are not detailed,False,False,"DXF GBP layer-1 face pair, clear between supports 0.400 m; support centreline 0.400 m; bar run: PRE-S5.1 support face-to-face",DXF face separation 300 mm = section B 300,FOLLOW ARCH. (not printed),"[""P13-GB-EXTERIOR""]",PROJECT_GENERAL_DETAIL,3Ø16,3Ø16,3Ø16,2Ø12/30cm,Ø8,150 mm,BLOCKED_COMPONENT,BLOCKED_COMPONENT,BLOCKED_COMPONENT,True,READY_LOWER_BOUND
GSO-145-7CA-1,GROUND_BEAM,untagged (p.13 typical sections),DEVELOPMENT_INTO_SUPPORT_1,,BLOCKED_COMPONENT,no beam-end anchorage rule in the project source (DEVELOPMENT_STARTER_70D_40D is 'development / tie length of starter bars only' only),False,False,"DXF GBP layer-1 face pair, clear between supports 0.400 m; support centreline 0.400 m; bar run: PRE-S5.1 support face-to-face",DXF face separation 300 mm = section B 300,FOLLOW ARCH. (not printed),"[""P13-GB-EXTERIOR""]",PROJECT_GENERAL_DETAIL,3Ø16,3Ø16,3Ø16,2Ø12/30cm,Ø8,150 mm,BLOCKED_COMPONENT,BLOCKED_COMPONENT,BLOCKED_COMPONENT,True,READY_LOWER_BOUND
GSO-145-7CA-1,GROUND_BEAM,untagged (p.13 typical sections),DEVELOPMENT_INTO_SUPPORT_2,,BLOCKED_COMPONENT,no beam-end anchorage rule in the project source (DEVELOPMENT_STARTER_70D_40D is 'development / tie length of starter bars only' only),False,False,"DXF GBP layer-1 face pair, clear between supports 0.400 m; support centreline 0.400 m; bar run: PRE-S5.1 support face-to-face",DXF face separation 300 mm = section B 300,FOLLOW ARCH. (not printed),"[""P13-GB-EXTERIOR""]",PROJECT_GENERAL_DETAIL,3Ø16,3Ø16,3Ø16,2Ø12/30cm,Ø8,150 mm,BLOCKED_COMPONENT,BLOCKED_COMPONENT,BLOCKED_COMPONENT,True,READY_LOWER_BOUND
GSO-145-7CA-1,GROUND_BEAM,untagged (p.13 typical sections),LAP,,NOT_APPLICABLE,net measurement: laps are a procurement matter (BBS firewall),False,False,"DXF GBP layer-1 face pair, clear between supports 0.400 m; support centreline 0.400 m; bar run: PRE-S5.1 support face-to-face",DXF face separation 300 mm = section B 300,FOLLOW ARCH. (not printed),"[""P13-GB-EXTERIOR""]",PROJECT_GENERAL_DETAIL,3Ø16,3Ø16,3Ø16,2Ø12/30cm,Ø8,150 mm,BLOCKED_COMPONENT,BLOCKED_COMPONENT,BLOCKED_COMPONENT,True,READY_LOWER_BOUND
GSO-145-7CA-2,GROUND_BEAM,untagged (p.13 typical sections),TOP_MAIN,3Ø16,READY_LOWER_BOUND,"straight run: support face-to-face, derived per span in PRE-S5.1 (research/pre_s5_1_source_resolution, no numerical-minimum shortcut); development / end anchorage not source-established",False,True,"DXF GBP layer-1 face pair, clear between supports 2.300 m; support centreline 2.600 m; bar run: PRE-S5.1 support face-to-face",DXF face separation 300 mm = section B 300,FOLLOW ARCH. (not printed),"[""P13-GB-EXTERIOR""]",PROJECT_GENERAL_DETAIL,3Ø16,3Ø16,3Ø16,2Ø12/30cm,Ø8,150 mm,BLOCKED_COMPONENT,BLOCKED_COMPONENT,BLOCKED_COMPONENT,True,READY_LOWER_BOUND
GSO-145-7CA-2,GROUND_BEAM,untagged (p.13 typical sections),BOTTOM_ROW_1,3Ø16,READY_LOWER_BOUND,"straight run: support face-to-face, derived per span in PRE-S5.1 (research/pre_s5_1_source_resolution, no numerical-minimum shortcut); development / end anchorage not source-established",False,True,"DXF GBP layer-1 face pair, clear between supports 2.300 m; support centreline 2.600 m; bar run: PRE-S5.1 support face-to-face",DXF face separation 300 mm = section B 300,FOLLOW ARCH. (not printed),"[""P13-GB-EXTERIOR""]",PROJECT_GENERAL_DETAIL,3Ø16,3Ø16,3Ø16,2Ø12/30cm,Ø8,150 mm,BLOCKED_COMPONENT,BLOCKED_COMPONENT,BLOCKED_COMPONENT,True,READY_LOWER_BOUND
GSO-145-7CA-2,GROUND_BEAM,untagged (p.13 typical sections),BOTTOM_ROW_2,3Ø16,READY_LOWER_BOUND,"straight run: support face-to-face, derived per span in PRE-S5.1 (research/pre_s5_1_source_resolution, no numerical-minimum shortcut); development / end anchorage not source-established",False,True,"DXF GBP layer-1 face pair, clear between supports 2.300 m; support centreline 2.600 m; bar run: PRE-S5.1 support face-to-face",DXF face separation 300 mm = section B 300,FOLLOW ARCH. (not printed),"[""P13-GB-EXTERIOR""]",PROJECT_GENERAL_DETAIL,3Ø16,3Ø16,3Ø16,2Ø12/30cm,Ø8,150 mm,BLOCKED_COMPONENT,BLOCKED_COMPONENT,BLOCKED_COMPONENT,True,READY_LOWER_BOUND
GSO-145-7CA-2,GROUND_BEAM,untagged (p.13 typical sections),SIDE_BARS,2Ø12/30cm,BLOCKED_COMPONENT,side bars 2Ø12 per 30 cm of depth; depth FOLLOW ARCH. not printed,False,False,"DXF GBP layer-1 face pair, clear between supports 2.300 m; support centreline 2.600 m; bar run: PRE-S5.1 support face-to-face",DXF face separation 300 mm = section B 300,FOLLOW ARCH. (not printed),"[""P13-GB-EXTERIOR""]",PROJECT_GENERAL_DETAIL,3Ø16,3Ø16,3Ø16,2Ø12/30cm,Ø8,150 mm,BLOCKED_COMPONENT,BLOCKED_COMPONENT,BLOCKED_COMPONENT,True,READY_LOWER_BOUND
GSO-145-7CA-2,GROUND_BEAM,untagged (p.13 typical sections),STIRRUP_DIAMETER,Ø8,READY,typical section callout,False,True,"DXF GBP layer-1 face pair, clear between supports 2.300 m; support centreline 2.600 m; bar run: PRE-S5.1 support face-to-face",DXF face separation 300 mm = section B 300,FOLLOW ARCH. (not printed),"[""P13-GB-EXTERIOR""]",PROJECT_GENERAL_DETAIL,3Ø16,3Ø16,3Ø16,2Ø12/30cm,Ø8,150 mm,BLOCKED_COMPONENT,BLOCKED_COMPONENT,BLOCKED_COMPONENT,True,READY_LOWER_BOUND
GSO-145-7CA-2,GROUND_BEAM,untagged (p.13 typical sections),STIRRUP_RATE,150 mm,READY,typical section callout,False,True,"DXF GBP layer-1 face pair, clear between supports 2.300 m; support centreline 2.600 m; bar run: PRE-S5.1 support face-to-face",DXF face separation 300 mm = section B 300,FOLLOW ARCH. (not printed),"[""P13-GB-EXTERIOR""]",PROJECT_GENERAL_DETAIL,3Ø16,3Ø16,3Ø16,2Ø12/30cm,Ø8,150 mm,BLOCKED_COMPONENT,BLOCKED_COMPONENT,BLOCKED_COMPONENT,True,READY_LOWER_BOUND
GSO-145-7CA-2,GROUND_BEAM,untagged (p.13 typical sections),STIRRUP_CORE_PATH,D = FOLLOW ARCH.,BLOCKED_COMPONENT,section depth not printed (FOLLOW ARCH.),False,False,"DXF GBP layer-1 face pair, clear between supports 2.300 m; support centreline 2.600 m; bar run: PRE-S5.1 support face-to-face",DXF face separation 300 mm = section B 300,FOLLOW ARCH. (not printed),"[""P13-GB-EXTERIOR""]",PROJECT_GENERAL_DETAIL,3Ø16,3Ø16,3Ø16,2Ø12/30cm,Ø8,150 mm,BLOCKED_COMPONENT,BLOCKED_COMPONENT,BLOCKED_COMPONENT,True,READY_LOWER_BOUND
GSO-145-7CA-2,GROUND_BEAM,untagged (p.13 typical sections),STIRRUP_COUNT,150 mm,READY_LOWER_BOUND,count >= ceil(clear span / spacing); first / last stirrup position not stated,False,True,"DXF GBP layer-1 face pair, clear between supports 2.300 m; support centreline 2.600 m; bar run: PRE-S5.1 support face-to-face",DXF face separation 300 mm = section B 300,FOLLOW ARCH. (not printed),"[""P13-GB-EXTERIOR""]",PROJECT_GENERAL_DETAIL,3Ø16,3Ø16,3Ø16,2Ø12/30cm,Ø8,150 mm,BLOCKED_COMPONENT,BLOCKED_COMPONENT,BLOCKED_COMPONENT,True,READY_LOWER_BOUND
GSO-145-7CA-2,GROUND_BEAM,untagged (p.13 typical sections),HOOK_1,,BLOCKED_COMPONENT,hook angle / extension: NO_PROJECT_SOURCE (engineer / code decision; never verified),False,False,"DXF GBP layer-1 face pair, clear between supports 2.300 m; support centreline 2.600 m; bar run: PRE-S5.1 support face-to-face",DXF face separation 300 mm = section B 300,FOLLOW ARCH. (not printed),"[""P13-GB-EXTERIOR""]",PROJECT_GENERAL_DETAIL,3Ø16,3Ø16,3Ø16,2Ø12/30cm,Ø8,150 mm,BLOCKED_COMPONENT,BLOCKED_COMPONENT,BLOCKED_COMPONENT,True,READY_LOWER_BOUND
GSO-145-7CA-2,GROUND_BEAM,untagged (p.13 typical sections),HOOK_2,,BLOCKED_COMPONENT,hook angle / extension: NO_PROJECT_SOURCE (engineer / code decision; never verified),False,False,"DXF GBP layer-1 face pair, clear between supports 2.300 m; support centreline 2.600 m; bar run: PRE-S5.1 support face-to-face",DXF face separation 300 mm = section B 300,FOLLOW ARCH. (not printed),"[""P13-GB-EXTERIOR""]",PROJECT_GENERAL_DETAIL,3Ø16,3Ø16,3Ø16,2Ø12/30cm,Ø8,150 mm,BLOCKED_COMPONENT,BLOCKED_COMPONENT,BLOCKED_COMPONENT,True,READY_LOWER_BOUND
GSO-145-7CA-2,GROUND_BEAM,untagged (p.13 typical sections),END_ZONE_EXTRA,,NOT_APPLICABLE,the section prints one uniform spacing; no end-zone callout,False,False,"DXF GBP layer-1 face pair, clear between supports 2.300 m; support centreline 2.600 m; bar run: PRE-S5.1 support face-to-face",DXF face separation 300 mm = section B 300,FOLLOW ARCH. (not printed),"[""P13-GB-EXTERIOR""]",PROJECT_GENERAL_DETAIL,3Ø16,3Ø16,3Ø16,2Ø12/30cm,Ø8,150 mm,BLOCKED_COMPONENT,BLOCKED_COMPONENT,BLOCKED_COMPONENT,True,READY_LOWER_BOUND
GSO-145-7CA-2,GROUND_BEAM,untagged (p.13 typical sections),END_TREATMENT,,BLOCKED_COMPONENT,bar ends at the supports are not detailed,False,False,"DXF GBP layer-1 face pair, clear between supports 2.300 m; support centreline 2.600 m; bar run: PRE-S5.1 support face-to-face",DXF face separation 300 mm = section B 300,FOLLOW ARCH. (not printed),"[""P13-GB-EXTERIOR""]",PROJECT_GENERAL_DETAIL,3Ø16,3Ø16,3Ø16,2Ø12/30cm,Ø8,150 mm,BLOCKED_COMPONENT,BLOCKED_COMPONENT,BLOCKED_COMPONENT,True,READY_LOWER_BOUND
GSO-145-7CA-2,GROUND_BEAM,untagged (p.13 typical sections),DEVELOPMENT_INTO_SUPPORT_1,,BLOCKED_COMPONENT,no beam-end anchorage rule in the project source (DEVELOPMENT_STARTER_70D_40D is 'development / tie length of starter bars only' only),False,False,"DXF GBP layer-1 face pair, clear between supports 2.300 m; support centreline 2.600 m; bar run: PRE-S5.1 support face-to-face",DXF face separation 300 mm = section B 300,FOLLOW ARCH. (not printed),"[""P13-GB-EXTERIOR""]",PROJECT_GENERAL_DETAIL,3Ø16,3Ø16,3Ø16,2Ø12/30cm,Ø8,150 mm,BLOCKED_COMPONENT,BLOCKED_COMPONENT,BLOCKED_COMPONENT,True,READY_LOWER_BOUND
GSO-145-7CA-2,GROUND_BEAM,untagged (p.13 typical sections),DEVELOPMENT_INTO_SUPPORT_2,,BLOCKED_COMPONENT,no beam-end anchorage rule in the project source (DEVELOPMENT_STARTER_70D_40D is 'development / tie length of starter bars only' only),False,False,"DXF GBP layer-1 face pair, clear between supports 2.300 m; support centreline 2.600 m; bar run: PRE-S5.1 support face-to-face",DXF face separation 300 mm = section B 300,FOLLOW ARCH. (not printed),"[""P13-GB-EXTERIOR""]",PROJECT_GENERAL_DETAIL,3Ø16,3Ø16,3Ø16,2Ø12/30cm,Ø8,150 mm,BLOCKED_COMPONENT,BLOCKED_COMPONENT,BLOCKED_COMPONENT,True,READY_LOWER_BOUND
GSO-145-7CA-2,GROUND_BEAM,untagged (p.13 typical sections),LAP,,NOT_APPLICABLE,net measurement: laps are a procurement matter (BBS firewall),False,False,"DXF GBP layer-1 face pair, clear between supports 2.300 m; support centreline 2.600 m; bar run: PRE-S5.1 support face-to-face",DXF face separation 300 mm = section B 300,FOLLOW ARCH. (not printed),"[""P13-GB-EXTERIOR""]",PROJECT_GENERAL_DETAIL,3Ø16,3Ø16,3Ø16,2Ø12/30cm,Ø8,150 mm,BLOCKED_COMPONENT,BLOCKED_COMPONENT,BLOCKED_COMPONENT,True,READY_LOWER_BOUND
GSO-15C-7CC-1,GROUND_BEAM,untagged (p.13 typical sections),TOP_MAIN,3Ø14,READY_LOWER_BOUND,"straight run: support face-to-face, derived per span in PRE-S5.1 (research/pre_s5_1_source_resolution, no numerical-minimum shortcut); development / end anchorage not source-established",True,True,"DXF GBP layer-1 face pair, clear between supports 2.400 m; support centreline 2.650 m; bar run: PRE-S5.1 support face-to-face",DXF face separation 300 mm = section B 300,p.13 section D candidates: 300 | 400,"[""P13-GB-LT2_5M"", ""P13-GB-LT5M""]",CANDIDATE_DETAIL,3Ø14,3Ø14,3Ø14,,"(8, 150) | None","(8, 150) | None",BLOCKED_COMPONENT,BLOCKED_COMPONENT,BLOCKED_COMPONENT,True,READY_LOWER_BOUND
GSO-15C-7CC-1,GROUND_BEAM,untagged (p.13 typical sections),BOTTOM_ROW_1,3Ø14,READY_LOWER_BOUND,"straight run: support face-to-face, derived per span in PRE-S5.1 (research/pre_s5_1_source_resolution, no numerical-minimum shortcut); development / end anchorage not source-established",True,True,"DXF GBP layer-1 face pair, clear between supports 2.400 m; support centreline 2.650 m; bar run: PRE-S5.1 support face-to-face",DXF face separation 300 mm = section B 300,p.13 section D candidates: 300 | 400,"[""P13-GB-LT2_5M"", ""P13-GB-LT5M""]",CANDIDATE_DETAIL,3Ø14,3Ø14,3Ø14,,"(8, 150) | None","(8, 150) | None",BLOCKED_COMPONENT,BLOCKED_COMPONENT,BLOCKED_COMPONENT,True,READY_LOWER_BOUND
GSO-15C-7CC-1,GROUND_BEAM,untagged (p.13 typical sections),BOTTOM_ROW_2,3Ø14,READY_LOWER_BOUND,"straight run: support face-to-face, derived per span in PRE-S5.1 (research/pre_s5_1_source_resolution, no numerical-minimum shortcut); development / end anchorage not source-established",True,True,"DXF GBP layer-1 face pair, clear between supports 2.400 m; support centreline 2.650 m; bar run: PRE-S5.1 support face-to-face",DXF face separation 300 mm = section B 300,p.13 section D candidates: 300 | 400,"[""P13-GB-LT2_5M"", ""P13-GB-LT5M""]",CANDIDATE_DETAIL,3Ø14,3Ø14,3Ø14,,"(8, 150) | None","(8, 150) | None",BLOCKED_COMPONENT,BLOCKED_COMPONENT,BLOCKED_COMPONENT,True,READY_LOWER_BOUND
GSO-15C-7CC-1,GROUND_BEAM,untagged (p.13 typical sections),SIDE_BARS,,NOT_APPLICABLE,the candidate section(s) carry no side bars,False,False,"DXF GBP layer-1 face pair, clear between supports 2.400 m; support centreline 2.650 m; bar run: PRE-S5.1 support face-to-face",DXF face separation 300 mm = section B 300,p.13 section D candidates: 300 | 400,"[""P13-GB-LT2_5M"", ""P13-GB-LT5M""]",CANDIDATE_DETAIL,3Ø14,3Ø14,3Ø14,,"(8, 150) | None","(8, 150) | None",BLOCKED_COMPONENT,BLOCKED_COMPONENT,BLOCKED_COMPONENT,True,READY_LOWER_BOUND
GSO-15C-7CC-1,GROUND_BEAM,untagged (p.13 typical sections),STIRRUP_DIAMETER,"(8, 150) | None",BLOCKED_COMPONENT,a candidate section draws a stirrup with no size / spacing callout,False,False,"DXF GBP layer-1 face pair, clear between supports 2.400 m; support centreline 2.650 m; bar run: PRE-S5.1 support face-to-face",DXF face separation 300 mm = section B 300,p.13 section D candidates: 300 | 400,"[""P13-GB-LT2_5M"", ""P13-GB-LT5M""]",CANDIDATE_DETAIL,3Ø14,3Ø14,3Ø14,,"(8, 150) | None","(8, 150) | None",BLOCKED_COMPONENT,BLOCKED_COMPONENT,BLOCKED_COMPONENT,True,READY_LOWER_BOUND
GSO-15C-7CC-1,GROUND_BEAM,untagged (p.13 typical sections),STIRRUP_RATE,"(8, 150) | None",BLOCKED_COMPONENT,a candidate section draws a stirrup with no size / spacing callout,False,False,"DXF GBP layer-1 face pair, clear between supports 2.400 m; support centreline 2.650 m; bar run: PRE-S5.1 support face-to-face",DXF face separation 300 mm = section B 300,p.13 section D candidates: 300 | 400,"[""P13-GB-LT2_5M"", ""P13-GB-LT5M""]",CANDIDATE_DETAIL,3Ø14,3Ø14,3Ø14,,"(8, 150) | None","(8, 150) | None",BLOCKED_COMPONENT,BLOCKED_COMPONENT,BLOCKED_COMPONENT,True,READY_LOWER_BOUND
GSO-15C-7CC-1,GROUND_BEAM,untagged (p.13 typical sections),STIRRUP_CORE_PATH,300x300 | 300x400,BLOCKED_COMPONENT,candidate sections differ in depth,False,False,"DXF GBP layer-1 face pair, clear between supports 2.400 m; support centreline 2.650 m; bar run: PRE-S5.1 support face-to-face",DXF face separation 300 mm = section B 300,p.13 section D candidates: 300 | 400,"[""P13-GB-LT2_5M"", ""P13-GB-LT5M""]",CANDIDATE_DETAIL,3Ø14,3Ø14,3Ø14,,"(8, 150) | None","(8, 150) | None",BLOCKED_COMPONENT,BLOCKED_COMPONENT,BLOCKED_COMPONENT,True,READY_LOWER_BOUND
GSO-15C-7CC-1,GROUND_BEAM,untagged (p.13 typical sections),STIRRUP_COUNT,,BLOCKED_COMPONENT,spacing not established,False,False,"DXF GBP layer-1 face pair, clear between supports 2.400 m; support centreline 2.650 m; bar run: PRE-S5.1 support face-to-face",DXF face separation 300 mm = section B 300,p.13 section D candidates: 300 | 400,"[""P13-GB-LT2_5M"", ""P13-GB-LT5M""]",CANDIDATE_DETAIL,3Ø14,3Ø14,3Ø14,,"(8, 150) | None","(8, 150) | None",BLOCKED_COMPONENT,BLOCKED_COMPONENT,BLOCKED_COMPONENT,True,READY_LOWER_BOUND
GSO-15C-7CC-1,GROUND_BEAM,untagged (p.13 typical sections),HOOK_1,,BLOCKED_COMPONENT,hook angle / extension: NO_PROJECT_SOURCE (engineer / code decision; never verified),False,False,"DXF GBP layer-1 face pair, clear between supports 2.400 m; support centreline 2.650 m; bar run: PRE-S5.1 support face-to-face",DXF face separation 300 mm = section B 300,p.13 section D candidates: 300 | 400,"[""P13-GB-LT2_5M"", ""P13-GB-LT5M""]",CANDIDATE_DETAIL,3Ø14,3Ø14,3Ø14,,"(8, 150) | None","(8, 150) | None",BLOCKED_COMPONENT,BLOCKED_COMPONENT,BLOCKED_COMPONENT,True,READY_LOWER_BOUND
GSO-15C-7CC-1,GROUND_BEAM,untagged (p.13 typical sections),HOOK_2,,BLOCKED_COMPONENT,hook angle / extension: NO_PROJECT_SOURCE (engineer / code decision; never verified),False,False,"DXF GBP layer-1 face pair, clear between supports 2.400 m; support centreline 2.650 m; bar run: PRE-S5.1 support face-to-face",DXF face separation 300 mm = section B 300,p.13 section D candidates: 300 | 400,"[""P13-GB-LT2_5M"", ""P13-GB-LT5M""]",CANDIDATE_DETAIL,3Ø14,3Ø14,3Ø14,,"(8, 150) | None","(8, 150) | None",BLOCKED_COMPONENT,BLOCKED_COMPONENT,BLOCKED_COMPONENT,True,READY_LOWER_BOUND
GSO-15C-7CC-1,GROUND_BEAM,untagged (p.13 typical sections),END_ZONE_EXTRA,,NOT_APPLICABLE,the section prints one uniform spacing; no end-zone callout,False,False,"DXF GBP layer-1 face pair, clear between supports 2.400 m; support centreline 2.650 m; bar run: PRE-S5.1 support face-to-face",DXF face separation 300 mm = section B 300,p.13 section D candidates: 300 | 400,"[""P13-GB-LT2_5M"", ""P13-GB-LT5M""]",CANDIDATE_DETAIL,3Ø14,3Ø14,3Ø14,,"(8, 150) | None","(8, 150) | None",BLOCKED_COMPONENT,BLOCKED_COMPONENT,BLOCKED_COMPONENT,True,READY_LOWER_BOUND
GSO-15C-7CC-1,GROUND_BEAM,untagged (p.13 typical sections),END_TREATMENT,,BLOCKED_COMPONENT,bar ends at the supports are not detailed,False,False,"DXF GBP layer-1 face pair, clear between supports 2.400 m; support centreline 2.650 m; bar run: PRE-S5.1 support face-to-face",DXF face separation 300 mm = section B 300,p.13 section D candidates: 300 | 400,"[""P13-GB-LT2_5M"", ""P13-GB-LT5M""]",CANDIDATE_DETAIL,3Ø14,3Ø14,3Ø14,,"(8, 150) | None","(8, 150) | None",BLOCKED_COMPONENT,BLOCKED_COMPONENT,BLOCKED_COMPONENT,True,READY_LOWER_BOUND
GSO-15C-7CC-1,GROUND_BEAM,untagged (p.13 typical sections),DEVELOPMENT_INTO_SUPPORT_1,,BLOCKED_COMPONENT,no beam-end anchorage rule in the project source (DEVELOPMENT_STARTER_70D_40D is 'development / tie length of starter bars only' only),False,False,"DXF GBP layer-1 face pair, clear between supports 2.400 m; support centreline 2.650 m; bar run: PRE-S5.1 support face-to-face",DXF face separation 300 mm = section B 300,p.13 section D candidates: 300 | 400,"[""P13-GB-LT2_5M"", ""P13-GB-LT5M""]",CANDIDATE_DETAIL,3Ø14,3Ø14,3Ø14,,"(8, 150) | None","(8, 150) | None",BLOCKED_COMPONENT,BLOCKED_COMPONENT,BLOCKED_COMPONENT,True,READY_LOWER_BOUND
GSO-15C-7CC-1,GROUND_BEAM,untagged (p.13 typical sections),DEVELOPMENT_INTO_SUPPORT_2,,BLOCKED_COMPONENT,no beam-end anchorage rule in the project source (DEVELOPMENT_STARTER_70D_40D is 'development / tie length of starter bars only' only),False,False,"DXF GBP layer-1 face pair, clear between supports 2.400 m; support centreline 2.650 m; bar run: PRE-S5.1 support face-to-face",DXF face separation 300 mm = section B 300,p.13 section D candidates: 300 | 400,"[""P13-GB-LT2_5M"", ""P13-GB-LT5M""]",CANDIDATE_DETAIL,3Ø14,3Ø14,3Ø14,,"(8, 150) | None","(8, 150) | None",BLOCKED_COMPONENT,BLOCKED_COMPONENT,BLOCKED_COMPONENT,True,READY_LOWER_BOUND
GSO-15C-7CC-1,GROUND_BEAM,untagged (p.13 typical sections),LAP,,NOT_APPLICABLE,net measurement: laps are a procurement matter (BBS firewall),False,False,"DXF GBP layer-1 face pair, clear between supports 2.400 m; support centreline 2.650 m; bar run: PRE-S5.1 support face-to-face",DXF face separation 300 mm = section B 300,p.13 section D candidates: 300 | 400,"[""P13-GB-LT2_5M"", ""P13-GB-LT5M""]",CANDIDATE_DETAIL,3Ø14,3Ø14,3Ø14,,"(8, 150) | None","(8, 150) | None",BLOCKED_COMPONENT,BLOCKED_COMPONENT,BLOCKED_COMPONENT,True,READY_LOWER_BOUND
GSO-15D-7C8-1,GROUND_BEAM,untagged (p.13 typical sections),TOP_MAIN,3Ø14,READY_LOWER_BOUND,"straight run: support face-to-face, derived per span in PRE-S5.1 (research/pre_s5_1_source_resolution, no numerical-minimum shortcut); development / end anchorage not source-established",False,True,"DXF GBP layer-1 face pair, clear between supports 2.900 m; support centreline 3.050 m; bar run: PRE-S5.1 support face-to-face",DXF face separation 300 mm = section B 300,p.13 section D candidates: 400,"[""P13-GB-LT5M""]",EXPLICIT_LENGTH_CONDITION,3Ø14,3Ø14,3Ø14,,Ø8,150 mm,PROVISIONAL_ONLY,BLOCKED_COMPONENT,BLOCKED_COMPONENT,True,READY_LOWER_BOUND
GSO-15D-7C8-1,GROUND_BEAM,untagged (p.13 typical sections),BOTTOM_ROW_1,3Ø14,READY_LOWER_BOUND,"straight run: support face-to-face, derived per span in PRE-S5.1 (research/pre_s5_1_source_resolution, no numerical-minimum shortcut); development / end anchorage not source-established",False,True,"DXF GBP layer-1 face pair, clear between supports 2.900 m; support centreline 3.050 m; bar run: PRE-S5.1 support face-to-face",DXF face separation 300 mm = section B 300,p.13 section D candidates: 400,"[""P13-GB-LT5M""]",EXPLICIT_LENGTH_CONDITION,3Ø14,3Ø14,3Ø14,,Ø8,150 mm,PROVISIONAL_ONLY,BLOCKED_COMPONENT,BLOCKED_COMPONENT,True,READY_LOWER_BOUND
GSO-15D-7C8-1,GROUND_BEAM,untagged (p.13 typical sections),BOTTOM_ROW_2,3Ø14,READY_LOWER_BOUND,"straight run: support face-to-face, derived per span in PRE-S5.1 (research/pre_s5_1_source_resolution, no numerical-minimum shortcut); development / end anchorage not source-established",False,True,"DXF GBP layer-1 face pair, clear between supports 2.900 m; support centreline 3.050 m; bar run: PRE-S5.1 support face-to-face",DXF face separation 300 mm = section B 300,p.13 section D candidates: 400,"[""P13-GB-LT5M""]",EXPLICIT_LENGTH_CONDITION,3Ø14,3Ø14,3Ø14,,Ø8,150 mm,PROVISIONAL_ONLY,BLOCKED_COMPONENT,BLOCKED_COMPONENT,True,READY_LOWER_BOUND
GSO-15D-7C8-1,GROUND_BEAM,untagged (p.13 typical sections),SIDE_BARS,,NOT_APPLICABLE,the candidate section(s) carry no side bars,False,False,"DXF GBP layer-1 face pair, clear between supports 2.900 m; support centreline 3.050 m; bar run: PRE-S5.1 support face-to-face",DXF face separation 300 mm = section B 300,p.13 section D candidates: 400,"[""P13-GB-LT5M""]",EXPLICIT_LENGTH_CONDITION,3Ø14,3Ø14,3Ø14,,Ø8,150 mm,PROVISIONAL_ONLY,BLOCKED_COMPONENT,BLOCKED_COMPONENT,True,READY_LOWER_BOUND
GSO-15D-7C8-1,GROUND_BEAM,untagged (p.13 typical sections),STIRRUP_DIAMETER,Ø8,READY,typical section callout,False,True,"DXF GBP layer-1 face pair, clear between supports 2.900 m; support centreline 3.050 m; bar run: PRE-S5.1 support face-to-face",DXF face separation 300 mm = section B 300,p.13 section D candidates: 400,"[""P13-GB-LT5M""]",EXPLICIT_LENGTH_CONDITION,3Ø14,3Ø14,3Ø14,,Ø8,150 mm,PROVISIONAL_ONLY,BLOCKED_COMPONENT,BLOCKED_COMPONENT,True,READY_LOWER_BOUND
GSO-15D-7C8-1,GROUND_BEAM,untagged (p.13 typical sections),STIRRUP_RATE,150 mm,READY,typical section callout,False,True,"DXF GBP layer-1 face pair, clear between supports 2.900 m; support centreline 3.050 m; bar run: PRE-S5.1 support face-to-face",DXF face separation 300 mm = section B 300,p.13 section D candidates: 400,"[""P13-GB-LT5M""]",EXPLICIT_LENGTH_CONDITION,3Ø14,3Ø14,3Ø14,,Ø8,150 mm,PROVISIONAL_ONLY,BLOCKED_COMPONENT,BLOCKED_COMPONENT,True,READY_LOWER_BOUND
GSO-15D-7C8-1,GROUND_BEAM,untagged (p.13 typical sections),STIRRUP_CORE_PATH,"300x400, cover 70 (soil)",PROVISIONAL_ONLY,"B, D and the 70 mm soil cover are source-established; the closed single link is drawn in the typical section but its topology is not a verified facet",False,False,"DXF GBP layer-1 face pair, clear between supports 2.900 m; support centreline 3.050 m; bar run: PRE-S5.1 support face-to-face",DXF face separation 300 mm = section B 300,p.13 section D candidates: 400,"[""P13-GB-LT5M""]",EXPLICIT_LENGTH_CONDITION,3Ø14,3Ø14,3Ø14,,Ø8,150 mm,PROVISIONAL_ONLY,BLOCKED_COMPONENT,BLOCKED_COMPONENT,True,READY_LOWER_BOUND
GSO-15D-7C8-1,GROUND_BEAM,untagged (p.13 typical sections),STIRRUP_COUNT,150 mm,READY_LOWER_BOUND,count >= ceil(clear span / spacing); first / last stirrup position not stated,False,True,"DXF GBP layer-1 face pair, clear between supports 2.900 m; support centreline 3.050 m; bar run: PRE-S5.1 support face-to-face",DXF face separation 300 mm = section B 300,p.13 section D candidates: 400,"[""P13-GB-LT5M""]",EXPLICIT_LENGTH_CONDITION,3Ø14,3Ø14,3Ø14,,Ø8,150 mm,PROVISIONAL_ONLY,BLOCKED_COMPONENT,BLOCKED_COMPONENT,True,READY_LOWER_BOUND
GSO-15D-7C8-1,GROUND_BEAM,untagged (p.13 typical sections),HOOK_1,,BLOCKED_COMPONENT,hook angle / extension: NO_PROJECT_SOURCE (engineer / code decision; never verified),False,False,"DXF GBP layer-1 face pair, clear between supports 2.900 m; support centreline 3.050 m; bar run: PRE-S5.1 support face-to-face",DXF face separation 300 mm = section B 300,p.13 section D candidates: 400,"[""P13-GB-LT5M""]",EXPLICIT_LENGTH_CONDITION,3Ø14,3Ø14,3Ø14,,Ø8,150 mm,PROVISIONAL_ONLY,BLOCKED_COMPONENT,BLOCKED_COMPONENT,True,READY_LOWER_BOUND
GSO-15D-7C8-1,GROUND_BEAM,untagged (p.13 typical sections),HOOK_2,,BLOCKED_COMPONENT,hook angle / extension: NO_PROJECT_SOURCE (engineer / code decision; never verified),False,False,"DXF GBP layer-1 face pair, clear between supports 2.900 m; support centreline 3.050 m; bar run: PRE-S5.1 support face-to-face",DXF face separation 300 mm = section B 300,p.13 section D candidates: 400,"[""P13-GB-LT5M""]",EXPLICIT_LENGTH_CONDITION,3Ø14,3Ø14,3Ø14,,Ø8,150 mm,PROVISIONAL_ONLY,BLOCKED_COMPONENT,BLOCKED_COMPONENT,True,READY_LOWER_BOUND
GSO-15D-7C8-1,GROUND_BEAM,untagged (p.13 typical sections),END_ZONE_EXTRA,,NOT_APPLICABLE,the section prints one uniform spacing; no end-zone callout,False,False,"DXF GBP layer-1 face pair, clear between supports 2.900 m; support centreline 3.050 m; bar run: PRE-S5.1 support face-to-face",DXF face separation 300 mm = section B 300,p.13 section D candidates: 400,"[""P13-GB-LT5M""]",EXPLICIT_LENGTH_CONDITION,3Ø14,3Ø14,3Ø14,,Ø8,150 mm,PROVISIONAL_ONLY,BLOCKED_COMPONENT,BLOCKED_COMPONENT,True,READY_LOWER_BOUND
GSO-15D-7C8-1,GROUND_BEAM,untagged (p.13 typical sections),END_TREATMENT,,BLOCKED_COMPONENT,bar ends at the supports are not detailed,False,False,"DXF GBP layer-1 face pair, clear between supports 2.900 m; support centreline 3.050 m; bar run: PRE-S5.1 support face-to-face",DXF face separation 300 mm = section B 300,p.13 section D candidates: 400,"[""P13-GB-LT5M""]",EXPLICIT_LENGTH_CONDITION,3Ø14,3Ø14,3Ø14,,Ø8,150 mm,PROVISIONAL_ONLY,BLOCKED_COMPONENT,BLOCKED_COMPONENT,True,READY_LOWER_BOUND
GSO-15D-7C8-1,GROUND_BEAM,untagged (p.13 typical sections),DEVELOPMENT_INTO_SUPPORT_1,,BLOCKED_COMPONENT,no beam-end anchorage rule in the project source (DEVELOPMENT_STARTER_70D_40D is 'development / tie length of starter bars only' only),False,False,"DXF GBP layer-1 face pair, clear between supports 2.900 m; support centreline 3.050 m; bar run: PRE-S5.1 support face-to-face",DXF face separation 300 mm = section B 300,p.13 section D candidates: 400,"[""P13-GB-LT5M""]",EXPLICIT_LENGTH_CONDITION,3Ø14,3Ø14,3Ø14,,Ø8,150 mm,PROVISIONAL_ONLY,BLOCKED_COMPONENT,BLOCKED_COMPONENT,True,READY_LOWER_BOUND
GSO-15D-7C8-1,GROUND_BEAM,untagged (p.13 typical sections),DEVELOPMENT_INTO_SUPPORT_2,,BLOCKED_COMPONENT,no beam-end anchorage rule in the project source (DEVELOPMENT_STARTER_70D_40D is 'development / tie length of starter bars only' only),False,False,"DXF GBP layer-1 face pair, clear between supports 2.900 m; support centreline 3.050 m; bar run: PRE-S5.1 support face-to-face",DXF face separation 300 mm = section B 300,p.13 section D candidates: 400,"[""P13-GB-LT5M""]",EXPLICIT_LENGTH_CONDITION,3Ø14,3Ø14,3Ø14,,Ø8,150 mm,PROVISIONAL_ONLY,BLOCKED_COMPONENT,BLOCKED_COMPONENT,True,READY_LOWER_BOUND
GSO-15D-7C8-1,GROUND_BEAM,untagged (p.13 typical sections),LAP,,NOT_APPLICABLE,net measurement: laps are a procurement matter (BBS firewall),False,False,"DXF GBP layer-1 face pair, clear between supports 2.900 m; support centreline 3.050 m; bar run: PRE-S5.1 support face-to-face",DXF face separation 300 mm = section B 300,p.13 section D candidates: 400,"[""P13-GB-LT5M""]",EXPLICIT_LENGTH_CONDITION,3Ø14,3Ø14,3Ø14,,Ø8,150 mm,PROVISIONAL_ONLY,BLOCKED_COMPONENT,BLOCKED_COMPONENT,True,READY_LOWER_BOUND
GSO-15E-15F-1,GROUND_BEAM,untagged (p.13 typical sections),TOP_MAIN,3Ø14,READY_LOWER_BOUND,"straight run: support face-to-face, derived per span in PRE-S5.1 (research/pre_s5_1_source_resolution, no numerical-minimum shortcut); development / end anchorage not source-established",False,True,"DXF GBP layer-1 face pair, clear between supports 3.000 m; support centreline 3.200 m; bar run: PRE-S5.1 support face-to-face",DXF face separation 300 mm = section B 300,p.13 section D candidates: 400,"[""P13-GB-LT5M""]",EXPLICIT_LENGTH_CONDITION,3Ø14,3Ø14,3Ø14,,Ø8,150 mm,PROVISIONAL_ONLY,BLOCKED_COMPONENT,BLOCKED_COMPONENT,True,READY_LOWER_BOUND
GSO-15E-15F-1,GROUND_BEAM,untagged (p.13 typical sections),BOTTOM_ROW_1,3Ø14,READY_LOWER_BOUND,"straight run: support face-to-face, derived per span in PRE-S5.1 (research/pre_s5_1_source_resolution, no numerical-minimum shortcut); development / end anchorage not source-established",False,True,"DXF GBP layer-1 face pair, clear between supports 3.000 m; support centreline 3.200 m; bar run: PRE-S5.1 support face-to-face",DXF face separation 300 mm = section B 300,p.13 section D candidates: 400,"[""P13-GB-LT5M""]",EXPLICIT_LENGTH_CONDITION,3Ø14,3Ø14,3Ø14,,Ø8,150 mm,PROVISIONAL_ONLY,BLOCKED_COMPONENT,BLOCKED_COMPONENT,True,READY_LOWER_BOUND
GSO-15E-15F-1,GROUND_BEAM,untagged (p.13 typical sections),BOTTOM_ROW_2,3Ø14,READY_LOWER_BOUND,"straight run: support face-to-face, derived per span in PRE-S5.1 (research/pre_s5_1_source_resolution, no numerical-minimum shortcut); development / end anchorage not source-established",False,True,"DXF GBP layer-1 face pair, clear between supports 3.000 m; support centreline 3.200 m; bar run: PRE-S5.1 support face-to-face",DXF face separation 300 mm = section B 300,p.13 section D candidates: 400,"[""P13-GB-LT5M""]",EXPLICIT_LENGTH_CONDITION,3Ø14,3Ø14,3Ø14,,Ø8,150 mm,PROVISIONAL_ONLY,BLOCKED_COMPONENT,BLOCKED_COMPONENT,True,READY_LOWER_BOUND
GSO-15E-15F-1,GROUND_BEAM,untagged (p.13 typical sections),SIDE_BARS,,NOT_APPLICABLE,the candidate section(s) carry no side bars,False,False,"DXF GBP layer-1 face pair, clear between supports 3.000 m; support centreline 3.200 m; bar run: PRE-S5.1 support face-to-face",DXF face separation 300 mm = section B 300,p.13 section D candidates: 400,"[""P13-GB-LT5M""]",EXPLICIT_LENGTH_CONDITION,3Ø14,3Ø14,3Ø14,,Ø8,150 mm,PROVISIONAL_ONLY,BLOCKED_COMPONENT,BLOCKED_COMPONENT,True,READY_LOWER_BOUND
GSO-15E-15F-1,GROUND_BEAM,untagged (p.13 typical sections),STIRRUP_DIAMETER,Ø8,READY,typical section callout,False,True,"DXF GBP layer-1 face pair, clear between supports 3.000 m; support centreline 3.200 m; bar run: PRE-S5.1 support face-to-face",DXF face separation 300 mm = section B 300,p.13 section D candidates: 400,"[""P13-GB-LT5M""]",EXPLICIT_LENGTH_CONDITION,3Ø14,3Ø14,3Ø14,,Ø8,150 mm,PROVISIONAL_ONLY,BLOCKED_COMPONENT,BLOCKED_COMPONENT,True,READY_LOWER_BOUND
GSO-15E-15F-1,GROUND_BEAM,untagged (p.13 typical sections),STIRRUP_RATE,150 mm,READY,typical section callout,False,True,"DXF GBP layer-1 face pair, clear between supports 3.000 m; support centreline 3.200 m; bar run: PRE-S5.1 support face-to-face",DXF face separation 300 mm = section B 300,p.13 section D candidates: 400,"[""P13-GB-LT5M""]",EXPLICIT_LENGTH_CONDITION,3Ø14,3Ø14,3Ø14,,Ø8,150 mm,PROVISIONAL_ONLY,BLOCKED_COMPONENT,BLOCKED_COMPONENT,True,READY_LOWER_BOUND
GSO-15E-15F-1,GROUND_BEAM,untagged (p.13 typical sections),STIRRUP_CORE_PATH,"300x400, cover 70 (soil)",PROVISIONAL_ONLY,"B, D and the 70 mm soil cover are source-established; the closed single link is drawn in the typical section but its topology is not a verified facet",False,False,"DXF GBP layer-1 face pair, clear between supports 3.000 m; support centreline 3.200 m; bar run: PRE-S5.1 support face-to-face",DXF face separation 300 mm = section B 300,p.13 section D candidates: 400,"[""P13-GB-LT5M""]",EXPLICIT_LENGTH_CONDITION,3Ø14,3Ø14,3Ø14,,Ø8,150 mm,PROVISIONAL_ONLY,BLOCKED_COMPONENT,BLOCKED_COMPONENT,True,READY_LOWER_BOUND
GSO-15E-15F-1,GROUND_BEAM,untagged (p.13 typical sections),STIRRUP_COUNT,150 mm,READY_LOWER_BOUND,count >= ceil(clear span / spacing); first / last stirrup position not stated,False,True,"DXF GBP layer-1 face pair, clear between supports 3.000 m; support centreline 3.200 m; bar run: PRE-S5.1 support face-to-face",DXF face separation 300 mm = section B 300,p.13 section D candidates: 400,"[""P13-GB-LT5M""]",EXPLICIT_LENGTH_CONDITION,3Ø14,3Ø14,3Ø14,,Ø8,150 mm,PROVISIONAL_ONLY,BLOCKED_COMPONENT,BLOCKED_COMPONENT,True,READY_LOWER_BOUND
GSO-15E-15F-1,GROUND_BEAM,untagged (p.13 typical sections),HOOK_1,,BLOCKED_COMPONENT,hook angle / extension: NO_PROJECT_SOURCE (engineer / code decision; never verified),False,False,"DXF GBP layer-1 face pair, clear between supports 3.000 m; support centreline 3.200 m; bar run: PRE-S5.1 support face-to-face",DXF face separation 300 mm = section B 300,p.13 section D candidates: 400,"[""P13-GB-LT5M""]",EXPLICIT_LENGTH_CONDITION,3Ø14,3Ø14,3Ø14,,Ø8,150 mm,PROVISIONAL_ONLY,BLOCKED_COMPONENT,BLOCKED_COMPONENT,True,READY_LOWER_BOUND
GSO-15E-15F-1,GROUND_BEAM,untagged (p.13 typical sections),HOOK_2,,BLOCKED_COMPONENT,hook angle / extension: NO_PROJECT_SOURCE (engineer / code decision; never verified),False,False,"DXF GBP layer-1 face pair, clear between supports 3.000 m; support centreline 3.200 m; bar run: PRE-S5.1 support face-to-face",DXF face separation 300 mm = section B 300,p.13 section D candidates: 400,"[""P13-GB-LT5M""]",EXPLICIT_LENGTH_CONDITION,3Ø14,3Ø14,3Ø14,,Ø8,150 mm,PROVISIONAL_ONLY,BLOCKED_COMPONENT,BLOCKED_COMPONENT,True,READY_LOWER_BOUND
GSO-15E-15F-1,GROUND_BEAM,untagged (p.13 typical sections),END_ZONE_EXTRA,,NOT_APPLICABLE,the section prints one uniform spacing; no end-zone callout,False,False,"DXF GBP layer-1 face pair, clear between supports 3.000 m; support centreline 3.200 m; bar run: PRE-S5.1 support face-to-face",DXF face separation 300 mm = section B 300,p.13 section D candidates: 400,"[""P13-GB-LT5M""]",EXPLICIT_LENGTH_CONDITION,3Ø14,3Ø14,3Ø14,,Ø8,150 mm,PROVISIONAL_ONLY,BLOCKED_COMPONENT,BLOCKED_COMPONENT,True,READY_LOWER_BOUND
GSO-15E-15F-1,GROUND_BEAM,untagged (p.13 typical sections),END_TREATMENT,,BLOCKED_COMPONENT,bar ends at the supports are not detailed,False,False,"DXF GBP layer-1 face pair, clear between supports 3.000 m; support centreline 3.200 m; bar run: PRE-S5.1 support face-to-face",DXF face separation 300 mm = section B 300,p.13 section D candidates: 400,"[""P13-GB-LT5M""]",EXPLICIT_LENGTH_CONDITION,3Ø14,3Ø14,3Ø14,,Ø8,150 mm,PROVISIONAL_ONLY,BLOCKED_COMPONENT,BLOCKED_COMPONENT,True,READY_LOWER_BOUND
GSO-15E-15F-1,GROUND_BEAM,untagged (p.13 typical sections),DEVELOPMENT_INTO_SUPPORT_1,,BLOCKED_COMPONENT,no beam-end anchorage rule in the project source (DEVELOPMENT_STARTER_70D_40D is 'development / tie length of starter bars only' only),False,False,"DXF GBP layer-1 face pair, clear between supports 3.000 m; support centreline 3.200 m; bar run: PRE-S5.1 support face-to-face",DXF face separation 300 mm = section B 300,p.13 section D candidates: 400,"[""P13-GB-LT5M""]",EXPLICIT_LENGTH_CONDITION,3Ø14,3Ø14,3Ø14,,Ø8,150 mm,PROVISIONAL_ONLY,BLOCKED_COMPONENT,BLOCKED_COMPONENT,True,READY_LOWER_BOUND
GSO-15E-15F-1,GROUND_BEAM,untagged (p.13 typical sections),DEVELOPMENT_INTO_SUPPORT_2,,BLOCKED_COMPONENT,no beam-end anchorage rule in the project source (DEVELOPMENT_STARTER_70D_40D is 'development / tie length of starter bars only' only),False,False,"DXF GBP layer-1 face pair, clear between supports 3.000 m; support centreline 3.200 m; bar run: PRE-S5.1 support face-to-face",DXF face separation 300 mm = section B 300,p.13 section D candidates: 400,"[""P13-GB-LT5M""]",EXPLICIT_LENGTH_CONDITION,3Ø14,3Ø14,3Ø14,,Ø8,150 mm,PROVISIONAL_ONLY,BLOCKED_COMPONENT,BLOCKED_COMPONENT,True,READY_LOWER_BOUND
GSO-15E-15F-1,GROUND_BEAM,untagged (p.13 typical sections),LAP,,NOT_APPLICABLE,net measurement: laps are a procurement matter (BBS firewall),False,False,"DXF GBP layer-1 face pair, clear between supports 3.000 m; support centreline 3.200 m; bar run: PRE-S5.1 support face-to-face",DXF face separation 300 mm = section B 300,p.13 section D candidates: 400,"[""P13-GB-LT5M""]",EXPLICIT_LENGTH_CONDITION,3Ø14,3Ø14,3Ø14,,Ø8,150 mm,PROVISIONAL_ONLY,BLOCKED_COMPONENT,BLOCKED_COMPONENT,True,READY_LOWER_BOUND
GSO-16F-7FF-1,GROUND_BEAM,untagged (p.13 typical sections),TOP_MAIN,3Ø14,READY_LOWER_BOUND,"straight run: support face-to-face, derived per span in PRE-S5.1 (research/pre_s5_1_source_resolution, no numerical-minimum shortcut); development / end anchorage not source-established",False,True,"DXF GBP layer-1 face pair, clear between supports 1.250 m; support centreline 1.550 m; bar run: PRE-S5.1 support face-to-face",DXF face separation 300 mm = section B 300,p.13 section D candidates: 300 | 400,"[""P13-GB-LT2_5M"", ""P13-GB-LT5M""]",EXPLICIT_LENGTH_CONDITION,3Ø14,3Ø14,3Ø14,,"(8, 150) | None","(8, 150) | None",BLOCKED_COMPONENT,BLOCKED_COMPONENT,BLOCKED_COMPONENT,True,READY_LOWER_BOUND
GSO-16F-7FF-1,GROUND_BEAM,untagged (p.13 typical sections),BOTTOM_ROW_1,3Ø14,READY_LOWER_BOUND,"straight run: support face-to-face, derived per span in PRE-S5.1 (research/pre_s5_1_source_resolution, no numerical-minimum shortcut); development / end anchorage not source-established",False,True,"DXF GBP layer-1 face pair, clear between supports 1.250 m; support centreline 1.550 m; bar run: PRE-S5.1 support face-to-face",DXF face separation 300 mm = section B 300,p.13 section D candidates: 300 | 400,"[""P13-GB-LT2_5M"", ""P13-GB-LT5M""]",EXPLICIT_LENGTH_CONDITION,3Ø14,3Ø14,3Ø14,,"(8, 150) | None","(8, 150) | None",BLOCKED_COMPONENT,BLOCKED_COMPONENT,BLOCKED_COMPONENT,True,READY_LOWER_BOUND
GSO-16F-7FF-1,GROUND_BEAM,untagged (p.13 typical sections),BOTTOM_ROW_2,3Ø14,READY_LOWER_BOUND,"straight run: support face-to-face, derived per span in PRE-S5.1 (research/pre_s5_1_source_resolution, no numerical-minimum shortcut); development / end anchorage not source-established",False,True,"DXF GBP layer-1 face pair, clear between supports 1.250 m; support centreline 1.550 m; bar run: PRE-S5.1 support face-to-face",DXF face separation 300 mm = section B 300,p.13 section D candidates: 300 | 400,"[""P13-GB-LT2_5M"", ""P13-GB-LT5M""]",EXPLICIT_LENGTH_CONDITION,3Ø14,3Ø14,3Ø14,,"(8, 150) | None","(8, 150) | None",BLOCKED_COMPONENT,BLOCKED_COMPONENT,BLOCKED_COMPONENT,True,READY_LOWER_BOUND
GSO-16F-7FF-1,GROUND_BEAM,untagged (p.13 typical sections),SIDE_BARS,,NOT_APPLICABLE,the candidate section(s) carry no side bars,False,False,"DXF GBP layer-1 face pair, clear between supports 1.250 m; support centreline 1.550 m; bar run: PRE-S5.1 support face-to-face",DXF face separation 300 mm = section B 300,p.13 section D candidates: 300 | 400,"[""P13-GB-LT2_5M"", ""P13-GB-LT5M""]",EXPLICIT_LENGTH_CONDITION,3Ø14,3Ø14,3Ø14,,"(8, 150) | None","(8, 150) | None",BLOCKED_COMPONENT,BLOCKED_COMPONENT,BLOCKED_COMPONENT,True,READY_LOWER_BOUND
GSO-16F-7FF-1,GROUND_BEAM,untagged (p.13 typical sections),STIRRUP_DIAMETER,"(8, 150) | None",BLOCKED_COMPONENT,a candidate section draws a stirrup with no size / spacing callout,False,False,"DXF GBP layer-1 face pair, clear between supports 1.250 m; support centreline 1.550 m; bar run: PRE-S5.1 support face-to-face",DXF face separation 300 mm = section B 300,p.13 section D candidates: 300 | 400,"[""P13-GB-LT2_5M"", ""P13-GB-LT5M""]",EXPLICIT_LENGTH_CONDITION,3Ø14,3Ø14,3Ø14,,"(8, 150) | None","(8, 150) | None",BLOCKED_COMPONENT,BLOCKED_COMPONENT,BLOCKED_COMPONENT,True,READY_LOWER_BOUND
GSO-16F-7FF-1,GROUND_BEAM,untagged (p.13 typical sections),STIRRUP_RATE,"(8, 150) | None",BLOCKED_COMPONENT,a candidate section draws a stirrup with no size / spacing callout,False,False,"DXF GBP layer-1 face pair, clear between supports 1.250 m; support centreline 1.550 m; bar run: PRE-S5.1 support face-to-face",DXF face separation 300 mm = section B 300,p.13 section D candidates: 300 | 400,"[""P13-GB-LT2_5M"", ""P13-GB-LT5M""]",EXPLICIT_LENGTH_CONDITION,3Ø14,3Ø14,3Ø14,,"(8, 150) | None","(8, 150) | None",BLOCKED_COMPONENT,BLOCKED_COMPONENT,BLOCKED_COMPONENT,True,READY_LOWER_BOUND
GSO-16F-7FF-1,GROUND_BEAM,untagged (p.13 typical sections),STIRRUP_CORE_PATH,300x300 | 300x400,BLOCKED_COMPONENT,candidate sections differ in depth,False,False,"DXF GBP layer-1 face pair, clear between supports 1.250 m; support centreline 1.550 m; bar run: PRE-S5.1 support face-to-face",DXF face separation 300 mm = section B 300,p.13 section D candidates: 300 | 400,"[""P13-GB-LT2_5M"", ""P13-GB-LT5M""]",EXPLICIT_LENGTH_CONDITION,3Ø14,3Ø14,3Ø14,,"(8, 150) | None","(8, 150) | None",BLOCKED_COMPONENT,BLOCKED_COMPONENT,BLOCKED_COMPONENT,True,READY_LOWER_BOUND
GSO-16F-7FF-1,GROUND_BEAM,untagged (p.13 typical sections),STIRRUP_COUNT,,BLOCKED_COMPONENT,spacing not established,False,False,"DXF GBP layer-1 face pair, clear between supports 1.250 m; support centreline 1.550 m; bar run: PRE-S5.1 support face-to-face",DXF face separation 300 mm = section B 300,p.13 section D candidates: 300 | 400,"[""P13-GB-LT2_5M"", ""P13-GB-LT5M""]",EXPLICIT_LENGTH_CONDITION,3Ø14,3Ø14,3Ø14,,"(8, 150) | None","(8, 150) | None",BLOCKED_COMPONENT,BLOCKED_COMPONENT,BLOCKED_COMPONENT,True,READY_LOWER_BOUND
GSO-16F-7FF-1,GROUND_BEAM,untagged (p.13 typical sections),HOOK_1,,BLOCKED_COMPONENT,hook angle / extension: NO_PROJECT_SOURCE (engineer / code decision; never verified),False,False,"DXF GBP layer-1 face pair, clear between supports 1.250 m; support centreline 1.550 m; bar run: PRE-S5.1 support face-to-face",DXF face separation 300 mm = section B 300,p.13 section D candidates: 300 | 400,"[""P13-GB-LT2_5M"", ""P13-GB-LT5M""]",EXPLICIT_LENGTH_CONDITION,3Ø14,3Ø14,3Ø14,,"(8, 150) | None","(8, 150) | None",BLOCKED_COMPONENT,BLOCKED_COMPONENT,BLOCKED_COMPONENT,True,READY_LOWER_BOUND
GSO-16F-7FF-1,GROUND_BEAM,untagged (p.13 typical sections),HOOK_2,,BLOCKED_COMPONENT,hook angle / extension: NO_PROJECT_SOURCE (engineer / code decision; never verified),False,False,"DXF GBP layer-1 face pair, clear between supports 1.250 m; support centreline 1.550 m; bar run: PRE-S5.1 support face-to-face",DXF face separation 300 mm = section B 300,p.13 section D candidates: 300 | 400,"[""P13-GB-LT2_5M"", ""P13-GB-LT5M""]",EXPLICIT_LENGTH_CONDITION,3Ø14,3Ø14,3Ø14,,"(8, 150) | None","(8, 150) | None",BLOCKED_COMPONENT,BLOCKED_COMPONENT,BLOCKED_COMPONENT,True,READY_LOWER_BOUND
GSO-16F-7FF-1,GROUND_BEAM,untagged (p.13 typical sections),END_ZONE_EXTRA,,NOT_APPLICABLE,the section prints one uniform spacing; no end-zone callout,False,False,"DXF GBP layer-1 face pair, clear between supports 1.250 m; support centreline 1.550 m; bar run: PRE-S5.1 support face-to-face",DXF face separation 300 mm = section B 300,p.13 section D candidates: 300 | 400,"[""P13-GB-LT2_5M"", ""P13-GB-LT5M""]",EXPLICIT_LENGTH_CONDITION,3Ø14,3Ø14,3Ø14,,"(8, 150) | None","(8, 150) | None",BLOCKED_COMPONENT,BLOCKED_COMPONENT,BLOCKED_COMPONENT,True,READY_LOWER_BOUND
GSO-16F-7FF-1,GROUND_BEAM,untagged (p.13 typical sections),END_TREATMENT,,BLOCKED_COMPONENT,bar ends at the supports are not detailed,False,False,"DXF GBP layer-1 face pair, clear between supports 1.250 m; support centreline 1.550 m; bar run: PRE-S5.1 support face-to-face",DXF face separation 300 mm = section B 300,p.13 section D candidates: 300 | 400,"[""P13-GB-LT2_5M"", ""P13-GB-LT5M""]",EXPLICIT_LENGTH_CONDITION,3Ø14,3Ø14,3Ø14,,"(8, 150) | None","(8, 150) | None",BLOCKED_COMPONENT,BLOCKED_COMPONENT,BLOCKED_COMPONENT,True,READY_LOWER_BOUND
GSO-16F-7FF-1,GROUND_BEAM,untagged (p.13 typical sections),DEVELOPMENT_INTO_SUPPORT_1,,BLOCKED_COMPONENT,no beam-end anchorage rule in the project source (DEVELOPMENT_STARTER_70D_40D is 'development / tie length of starter bars only' only),False,False,"DXF GBP layer-1 face pair, clear between supports 1.250 m; support centreline 1.550 m; bar run: PRE-S5.1 support face-to-face",DXF face separation 300 mm = section B 300,p.13 section D candidates: 300 | 400,"[""P13-GB-LT2_5M"", ""P13-GB-LT5M""]",EXPLICIT_LENGTH_CONDITION,3Ø14,3Ø14,3Ø14,,"(8, 150) | None","(8, 150) | None",BLOCKED_COMPONENT,BLOCKED_COMPONENT,BLOCKED_COMPONENT,True,READY_LOWER_BOUND
GSO-16F-7FF-1,GROUND_BEAM,untagged (p.13 typical sections),DEVELOPMENT_INTO_SUPPORT_2,,BLOCKED_COMPONENT,no beam-end anchorage rule in the project source (DEVELOPMENT_STARTER_70D_40D is 'development / tie length of starter bars only' only),False,False,"DXF GBP layer-1 face pair, clear between supports 1.250 m; support centreline 1.550 m; bar run: PRE-S5.1 support face-to-face",DXF face separation 300 mm = section B 300,p.13 section D candidates: 300 | 400,"[""P13-GB-LT2_5M"", ""P13-GB-LT5M""]",EXPLICIT_LENGTH_CONDITION,3Ø14,3Ø14,3Ø14,,"(8, 150) | None","(8, 150) | None",BLOCKED_COMPONENT,BLOCKED_COMPONENT,BLOCKED_COMPONENT,True,READY_LOWER_BOUND
GSO-16F-7FF-1,GROUND_BEAM,untagged (p.13 typical sections),LAP,,NOT_APPLICABLE,net measurement: laps are a procurement matter (BBS firewall),False,False,"DXF GBP layer-1 face pair, clear between supports 1.250 m; support centreline 1.550 m; bar run: PRE-S5.1 support face-to-face",DXF face separation 300 mm = section B 300,p.13 section D candidates: 300 | 400,"[""P13-GB-LT2_5M"", ""P13-GB-LT5M""]",EXPLICIT_LENGTH_CONDITION,3Ø14,3Ø14,3Ø14,,"(8, 150) | None","(8, 150) | None",BLOCKED_COMPONENT,BLOCKED_COMPONENT,BLOCKED_COMPONENT,True,READY_LOWER_BOUND
GSO-170-7C3-1,GROUND_BEAM,untagged (p.13 typical sections),TOP_MAIN,3Ø16,READY_LOWER_BOUND,"straight run: support face-to-face, derived per span in PRE-S5.1 (research/pre_s5_1_source_resolution, no numerical-minimum shortcut); development / end anchorage not source-established",False,True,"DXF GBP layer-1 face pair, clear between supports 6.220 m; support centreline 6.520 m; bar run: PRE-S5.1 support face-to-face",DXF face separation 300 mm = section B 300,FOLLOW ARCH. (not printed),"[""P13-GB-EXTERIOR""]",PROJECT_GENERAL_DETAIL,3Ø16,3Ø16,3Ø16,2Ø12/30cm,Ø8,150 mm,BLOCKED_COMPONENT,BLOCKED_COMPONENT,BLOCKED_COMPONENT,True,READY_LOWER_BOUND
GSO-170-7C3-1,GROUND_BEAM,untagged (p.13 typical sections),BOTTOM_ROW_1,3Ø16,READY_LOWER_BOUND,"straight run: support face-to-face, derived per span in PRE-S5.1 (research/pre_s5_1_source_resolution, no numerical-minimum shortcut); development / end anchorage not source-established",False,True,"DXF GBP layer-1 face pair, clear between supports 6.220 m; support centreline 6.520 m; bar run: PRE-S5.1 support face-to-face",DXF face separation 300 mm = section B 300,FOLLOW ARCH. (not printed),"[""P13-GB-EXTERIOR""]",PROJECT_GENERAL_DETAIL,3Ø16,3Ø16,3Ø16,2Ø12/30cm,Ø8,150 mm,BLOCKED_COMPONENT,BLOCKED_COMPONENT,BLOCKED_COMPONENT,True,READY_LOWER_BOUND
GSO-170-7C3-1,GROUND_BEAM,untagged (p.13 typical sections),BOTTOM_ROW_2,3Ø16,READY_LOWER_BOUND,"straight run: support face-to-face, derived per span in PRE-S5.1 (research/pre_s5_1_source_resolution, no numerical-minimum shortcut); development / end anchorage not source-established",False,True,"DXF GBP layer-1 face pair, clear between supports 6.220 m; support centreline 6.520 m; bar run: PRE-S5.1 support face-to-face",DXF face separation 300 mm = section B 300,FOLLOW ARCH. (not printed),"[""P13-GB-EXTERIOR""]",PROJECT_GENERAL_DETAIL,3Ø16,3Ø16,3Ø16,2Ø12/30cm,Ø8,150 mm,BLOCKED_COMPONENT,BLOCKED_COMPONENT,BLOCKED_COMPONENT,True,READY_LOWER_BOUND
GSO-170-7C3-1,GROUND_BEAM,untagged (p.13 typical sections),SIDE_BARS,2Ø12/30cm,BLOCKED_COMPONENT,side bars 2Ø12 per 30 cm of depth; depth FOLLOW ARCH. not printed,False,False,"DXF GBP layer-1 face pair, clear between supports 6.220 m; support centreline 6.520 m; bar run: PRE-S5.1 support face-to-face",DXF face separation 300 mm = section B 300,FOLLOW ARCH. (not printed),"[""P13-GB-EXTERIOR""]",PROJECT_GENERAL_DETAIL,3Ø16,3Ø16,3Ø16,2Ø12/30cm,Ø8,150 mm,BLOCKED_COMPONENT,BLOCKED_COMPONENT,BLOCKED_COMPONENT,True,READY_LOWER_BOUND
GSO-170-7C3-1,GROUND_BEAM,untagged (p.13 typical sections),STIRRUP_DIAMETER,Ø8,READY,typical section callout,False,True,"DXF GBP layer-1 face pair, clear between supports 6.220 m; support centreline 6.520 m; bar run: PRE-S5.1 support face-to-face",DXF face separation 300 mm = section B 300,FOLLOW ARCH. (not printed),"[""P13-GB-EXTERIOR""]",PROJECT_GENERAL_DETAIL,3Ø16,3Ø16,3Ø16,2Ø12/30cm,Ø8,150 mm,BLOCKED_COMPONENT,BLOCKED_COMPONENT,BLOCKED_COMPONENT,True,READY_LOWER_BOUND
GSO-170-7C3-1,GROUND_BEAM,untagged (p.13 typical sections),STIRRUP_RATE,150 mm,READY,typical section callout,False,True,"DXF GBP layer-1 face pair, clear between supports 6.220 m; support centreline 6.520 m; bar run: PRE-S5.1 support face-to-face",DXF face separation 300 mm = section B 300,FOLLOW ARCH. (not printed),"[""P13-GB-EXTERIOR""]",PROJECT_GENERAL_DETAIL,3Ø16,3Ø16,3Ø16,2Ø12/30cm,Ø8,150 mm,BLOCKED_COMPONENT,BLOCKED_COMPONENT,BLOCKED_COMPONENT,True,READY_LOWER_BOUND
GSO-170-7C3-1,GROUND_BEAM,untagged (p.13 typical sections),STIRRUP_CORE_PATH,D = FOLLOW ARCH.,BLOCKED_COMPONENT,section depth not printed (FOLLOW ARCH.),False,False,"DXF GBP layer-1 face pair, clear between supports 6.220 m; support centreline 6.520 m; bar run: PRE-S5.1 support face-to-face",DXF face separation 300 mm = section B 300,FOLLOW ARCH. (not printed),"[""P13-GB-EXTERIOR""]",PROJECT_GENERAL_DETAIL,3Ø16,3Ø16,3Ø16,2Ø12/30cm,Ø8,150 mm,BLOCKED_COMPONENT,BLOCKED_COMPONENT,BLOCKED_COMPONENT,True,READY_LOWER_BOUND
GSO-170-7C3-1,GROUND_BEAM,untagged (p.13 typical sections),STIRRUP_COUNT,150 mm,READY_LOWER_BOUND,count >= ceil(clear span / spacing); first / last stirrup position not stated,False,True,"DXF GBP layer-1 face pair, clear between supports 6.220 m; support centreline 6.520 m; bar run: PRE-S5.1 support face-to-face",DXF face separation 300 mm = section B 300,FOLLOW ARCH. (not printed),"[""P13-GB-EXTERIOR""]",PROJECT_GENERAL_DETAIL,3Ø16,3Ø16,3Ø16,2Ø12/30cm,Ø8,150 mm,BLOCKED_COMPONENT,BLOCKED_COMPONENT,BLOCKED_COMPONENT,True,READY_LOWER_BOUND
GSO-170-7C3-1,GROUND_BEAM,untagged (p.13 typical sections),HOOK_1,,BLOCKED_COMPONENT,hook angle / extension: NO_PROJECT_SOURCE (engineer / code decision; never verified),False,False,"DXF GBP layer-1 face pair, clear between supports 6.220 m; support centreline 6.520 m; bar run: PRE-S5.1 support face-to-face",DXF face separation 300 mm = section B 300,FOLLOW ARCH. (not printed),"[""P13-GB-EXTERIOR""]",PROJECT_GENERAL_DETAIL,3Ø16,3Ø16,3Ø16,2Ø12/30cm,Ø8,150 mm,BLOCKED_COMPONENT,BLOCKED_COMPONENT,BLOCKED_COMPONENT,True,READY_LOWER_BOUND
GSO-170-7C3-1,GROUND_BEAM,untagged (p.13 typical sections),HOOK_2,,BLOCKED_COMPONENT,hook angle / extension: NO_PROJECT_SOURCE (engineer / code decision; never verified),False,False,"DXF GBP layer-1 face pair, clear between supports 6.220 m; support centreline 6.520 m; bar run: PRE-S5.1 support face-to-face",DXF face separation 300 mm = section B 300,FOLLOW ARCH. (not printed),"[""P13-GB-EXTERIOR""]",PROJECT_GENERAL_DETAIL,3Ø16,3Ø16,3Ø16,2Ø12/30cm,Ø8,150 mm,BLOCKED_COMPONENT,BLOCKED_COMPONENT,BLOCKED_COMPONENT,True,READY_LOWER_BOUND
GSO-170-7C3-1,GROUND_BEAM,untagged (p.13 typical sections),END_ZONE_EXTRA,,NOT_APPLICABLE,the section prints one uniform spacing; no end-zone callout,False,False,"DXF GBP layer-1 face pair, clear between supports 6.220 m; support centreline 6.520 m; bar run: PRE-S5.1 support face-to-face",DXF face separation 300 mm = section B 300,FOLLOW ARCH. (not printed),"[""P13-GB-EXTERIOR""]",PROJECT_GENERAL_DETAIL,3Ø16,3Ø16,3Ø16,2Ø12/30cm,Ø8,150 mm,BLOCKED_COMPONENT,BLOCKED_COMPONENT,BLOCKED_COMPONENT,True,READY_LOWER_BOUND
GSO-170-7C3-1,GROUND_BEAM,untagged (p.13 typical sections),END_TREATMENT,,BLOCKED_COMPONENT,bar ends at the supports are not detailed,False,False,"DXF GBP layer-1 face pair, clear between supports 6.220 m; support centreline 6.520 m; bar run: PRE-S5.1 support face-to-face",DXF face separation 300 mm = section B 300,FOLLOW ARCH. (not printed),"[""P13-GB-EXTERIOR""]",PROJECT_GENERAL_DETAIL,3Ø16,3Ø16,3Ø16,2Ø12/30cm,Ø8,150 mm,BLOCKED_COMPONENT,BLOCKED_COMPONENT,BLOCKED_COMPONENT,True,READY_LOWER_BOUND
GSO-170-7C3-1,GROUND_BEAM,untagged (p.13 typical sections),DEVELOPMENT_INTO_SUPPORT_1,,BLOCKED_COMPONENT,no beam-end anchorage rule in the project source (DEVELOPMENT_STARTER_70D_40D is 'development / tie length of starter bars only' only),False,False,"DXF GBP layer-1 face pair, clear between supports 6.220 m; support centreline 6.520 m; bar run: PRE-S5.1 support face-to-face",DXF face separation 300 mm = section B 300,FOLLOW ARCH. (not printed),"[""P13-GB-EXTERIOR""]",PROJECT_GENERAL_DETAIL,3Ø16,3Ø16,3Ø16,2Ø12/30cm,Ø8,150 mm,BLOCKED_COMPONENT,BLOCKED_COMPONENT,BLOCKED_COMPONENT,True,READY_LOWER_BOUND
GSO-170-7C3-1,GROUND_BEAM,untagged (p.13 typical sections),DEVELOPMENT_INTO_SUPPORT_2,,BLOCKED_COMPONENT,no beam-end anchorage rule in the project source (DEVELOPMENT_STARTER_70D_40D is 'development / tie length of starter bars only' only),False,False,"DXF GBP layer-1 face pair, clear between supports 6.220 m; support centreline 6.520 m; bar run: PRE-S5.1 support face-to-face",DXF face separation 300 mm = section B 300,FOLLOW ARCH. (not printed),"[""P13-GB-EXTERIOR""]",PROJECT_GENERAL_DETAIL,3Ø16,3Ø16,3Ø16,2Ø12/30cm,Ø8,150 mm,BLOCKED_COMPONENT,BLOCKED_COMPONENT,BLOCKED_COMPONENT,True,READY_LOWER_BOUND
GSO-170-7C3-1,GROUND_BEAM,untagged (p.13 typical sections),LAP,,NOT_APPLICABLE,net measurement: laps are a procurement matter (BBS firewall),False,False,"DXF GBP layer-1 face pair, clear between supports 6.220 m; support centreline 6.520 m; bar run: PRE-S5.1 support face-to-face",DXF face separation 300 mm = section B 300,FOLLOW ARCH. (not printed),"[""P13-GB-EXTERIOR""]",PROJECT_GENERAL_DETAIL,3Ø16,3Ø16,3Ø16,2Ø12/30cm,Ø8,150 mm,BLOCKED_COMPONENT,BLOCKED_COMPONENT,BLOCKED_COMPONENT,True,READY_LOWER_BOUND
GSO-170-7C3-2,GROUND_BEAM,untagged (p.13 typical sections),TOP_MAIN,3Ø16,READY_LOWER_BOUND,"straight run: support face-to-face, derived per span in PRE-S5.1 (research/pre_s5_1_source_resolution, no numerical-minimum shortcut); development / end anchorage not source-established",False,True,"DXF GBP layer-1 face pair, clear between supports 3.600 m; support centreline 3.900 m; bar run: PRE-S5.1 support face-to-face",DXF face separation 300 mm = section B 300,FOLLOW ARCH. (not printed),"[""P13-GB-EXTERIOR""]",PROJECT_GENERAL_DETAIL,3Ø16,3Ø16,3Ø16,2Ø12/30cm,Ø8,150 mm,BLOCKED_COMPONENT,BLOCKED_COMPONENT,BLOCKED_COMPONENT,True,READY_LOWER_BOUND
GSO-170-7C3-2,GROUND_BEAM,untagged (p.13 typical sections),BOTTOM_ROW_1,3Ø16,READY_LOWER_BOUND,"straight run: support face-to-face, derived per span in PRE-S5.1 (research/pre_s5_1_source_resolution, no numerical-minimum shortcut); development / end anchorage not source-established",False,True,"DXF GBP layer-1 face pair, clear between supports 3.600 m; support centreline 3.900 m; bar run: PRE-S5.1 support face-to-face",DXF face separation 300 mm = section B 300,FOLLOW ARCH. (not printed),"[""P13-GB-EXTERIOR""]",PROJECT_GENERAL_DETAIL,3Ø16,3Ø16,3Ø16,2Ø12/30cm,Ø8,150 mm,BLOCKED_COMPONENT,BLOCKED_COMPONENT,BLOCKED_COMPONENT,True,READY_LOWER_BOUND
GSO-170-7C3-2,GROUND_BEAM,untagged (p.13 typical sections),BOTTOM_ROW_2,3Ø16,READY_LOWER_BOUND,"straight run: support face-to-face, derived per span in PRE-S5.1 (research/pre_s5_1_source_resolution, no numerical-minimum shortcut); development / end anchorage not source-established",False,True,"DXF GBP layer-1 face pair, clear between supports 3.600 m; support centreline 3.900 m; bar run: PRE-S5.1 support face-to-face",DXF face separation 300 mm = section B 300,FOLLOW ARCH. (not printed),"[""P13-GB-EXTERIOR""]",PROJECT_GENERAL_DETAIL,3Ø16,3Ø16,3Ø16,2Ø12/30cm,Ø8,150 mm,BLOCKED_COMPONENT,BLOCKED_COMPONENT,BLOCKED_COMPONENT,True,READY_LOWER_BOUND
GSO-170-7C3-2,GROUND_BEAM,untagged (p.13 typical sections),SIDE_BARS,2Ø12/30cm,BLOCKED_COMPONENT,side bars 2Ø12 per 30 cm of depth; depth FOLLOW ARCH. not printed,False,False,"DXF GBP layer-1 face pair, clear between supports 3.600 m; support centreline 3.900 m; bar run: PRE-S5.1 support face-to-face",DXF face separation 300 mm = section B 300,FOLLOW ARCH. (not printed),"[""P13-GB-EXTERIOR""]",PROJECT_GENERAL_DETAIL,3Ø16,3Ø16,3Ø16,2Ø12/30cm,Ø8,150 mm,BLOCKED_COMPONENT,BLOCKED_COMPONENT,BLOCKED_COMPONENT,True,READY_LOWER_BOUND
GSO-170-7C3-2,GROUND_BEAM,untagged (p.13 typical sections),STIRRUP_DIAMETER,Ø8,READY,typical section callout,False,True,"DXF GBP layer-1 face pair, clear between supports 3.600 m; support centreline 3.900 m; bar run: PRE-S5.1 support face-to-face",DXF face separation 300 mm = section B 300,FOLLOW ARCH. (not printed),"[""P13-GB-EXTERIOR""]",PROJECT_GENERAL_DETAIL,3Ø16,3Ø16,3Ø16,2Ø12/30cm,Ø8,150 mm,BLOCKED_COMPONENT,BLOCKED_COMPONENT,BLOCKED_COMPONENT,True,READY_LOWER_BOUND
GSO-170-7C3-2,GROUND_BEAM,untagged (p.13 typical sections),STIRRUP_RATE,150 mm,READY,typical section callout,False,True,"DXF GBP layer-1 face pair, clear between supports 3.600 m; support centreline 3.900 m; bar run: PRE-S5.1 support face-to-face",DXF face separation 300 mm = section B 300,FOLLOW ARCH. (not printed),"[""P13-GB-EXTERIOR""]",PROJECT_GENERAL_DETAIL,3Ø16,3Ø16,3Ø16,2Ø12/30cm,Ø8,150 mm,BLOCKED_COMPONENT,BLOCKED_COMPONENT,BLOCKED_COMPONENT,True,READY_LOWER_BOUND
GSO-170-7C3-2,GROUND_BEAM,untagged (p.13 typical sections),STIRRUP_CORE_PATH,D = FOLLOW ARCH.,BLOCKED_COMPONENT,section depth not printed (FOLLOW ARCH.),False,False,"DXF GBP layer-1 face pair, clear between supports 3.600 m; support centreline 3.900 m; bar run: PRE-S5.1 support face-to-face",DXF face separation 300 mm = section B 300,FOLLOW ARCH. (not printed),"[""P13-GB-EXTERIOR""]",PROJECT_GENERAL_DETAIL,3Ø16,3Ø16,3Ø16,2Ø12/30cm,Ø8,150 mm,BLOCKED_COMPONENT,BLOCKED_COMPONENT,BLOCKED_COMPONENT,True,READY_LOWER_BOUND
GSO-170-7C3-2,GROUND_BEAM,untagged (p.13 typical sections),STIRRUP_COUNT,150 mm,READY_LOWER_BOUND,count >= ceil(clear span / spacing); first / last stirrup position not stated,False,True,"DXF GBP layer-1 face pair, clear between supports 3.600 m; support centreline 3.900 m; bar run: PRE-S5.1 support face-to-face",DXF face separation 300 mm = section B 300,FOLLOW ARCH. (not printed),"[""P13-GB-EXTERIOR""]",PROJECT_GENERAL_DETAIL,3Ø16,3Ø16,3Ø16,2Ø12/30cm,Ø8,150 mm,BLOCKED_COMPONENT,BLOCKED_COMPONENT,BLOCKED_COMPONENT,True,READY_LOWER_BOUND
GSO-170-7C3-2,GROUND_BEAM,untagged (p.13 typical sections),HOOK_1,,BLOCKED_COMPONENT,hook angle / extension: NO_PROJECT_SOURCE (engineer / code decision; never verified),False,False,"DXF GBP layer-1 face pair, clear between supports 3.600 m; support centreline 3.900 m; bar run: PRE-S5.1 support face-to-face",DXF face separation 300 mm = section B 300,FOLLOW ARCH. (not printed),"[""P13-GB-EXTERIOR""]",PROJECT_GENERAL_DETAIL,3Ø16,3Ø16,3Ø16,2Ø12/30cm,Ø8,150 mm,BLOCKED_COMPONENT,BLOCKED_COMPONENT,BLOCKED_COMPONENT,True,READY_LOWER_BOUND
GSO-170-7C3-2,GROUND_BEAM,untagged (p.13 typical sections),HOOK_2,,BLOCKED_COMPONENT,hook angle / extension: NO_PROJECT_SOURCE (engineer / code decision; never verified),False,False,"DXF GBP layer-1 face pair, clear between supports 3.600 m; support centreline 3.900 m; bar run: PRE-S5.1 support face-to-face",DXF face separation 300 mm = section B 300,FOLLOW ARCH. (not printed),"[""P13-GB-EXTERIOR""]",PROJECT_GENERAL_DETAIL,3Ø16,3Ø16,3Ø16,2Ø12/30cm,Ø8,150 mm,BLOCKED_COMPONENT,BLOCKED_COMPONENT,BLOCKED_COMPONENT,True,READY_LOWER_BOUND
GSO-170-7C3-2,GROUND_BEAM,untagged (p.13 typical sections),END_ZONE_EXTRA,,NOT_APPLICABLE,the section prints one uniform spacing; no end-zone callout,False,False,"DXF GBP layer-1 face pair, clear between supports 3.600 m; support centreline 3.900 m; bar run: PRE-S5.1 support face-to-face",DXF face separation 300 mm = section B 300,FOLLOW ARCH. (not printed),"[""P13-GB-EXTERIOR""]",PROJECT_GENERAL_DETAIL,3Ø16,3Ø16,3Ø16,2Ø12/30cm,Ø8,150 mm,BLOCKED_COMPONENT,BLOCKED_COMPONENT,BLOCKED_COMPONENT,True,READY_LOWER_BOUND
GSO-170-7C3-2,GROUND_BEAM,untagged (p.13 typical sections),END_TREATMENT,,BLOCKED_COMPONENT,bar ends at the supports are not detailed,False,False,"DXF GBP layer-1 face pair, clear between supports 3.600 m; support centreline 3.900 m; bar run: PRE-S5.1 support face-to-face",DXF face separation 300 mm = section B 300,FOLLOW ARCH. (not printed),"[""P13-GB-EXTERIOR""]",PROJECT_GENERAL_DETAIL,3Ø16,3Ø16,3Ø16,2Ø12/30cm,Ø8,150 mm,BLOCKED_COMPONENT,BLOCKED_COMPONENT,BLOCKED_COMPONENT,True,READY_LOWER_BOUND
GSO-170-7C3-2,GROUND_BEAM,untagged (p.13 typical sections),DEVELOPMENT_INTO_SUPPORT_1,,BLOCKED_COMPONENT,no beam-end anchorage rule in the project source (DEVELOPMENT_STARTER_70D_40D is 'development / tie length of starter bars only' only),False,False,"DXF GBP layer-1 face pair, clear between supports 3.600 m; support centreline 3.900 m; bar run: PRE-S5.1 support face-to-face",DXF face separation 300 mm = section B 300,FOLLOW ARCH. (not printed),"[""P13-GB-EXTERIOR""]",PROJECT_GENERAL_DETAIL,3Ø16,3Ø16,3Ø16,2Ø12/30cm,Ø8,150 mm,BLOCKED_COMPONENT,BLOCKED_COMPONENT,BLOCKED_COMPONENT,True,READY_LOWER_BOUND
GSO-170-7C3-2,GROUND_BEAM,untagged (p.13 typical sections),DEVELOPMENT_INTO_SUPPORT_2,,BLOCKED_COMPONENT,no beam-end anchorage rule in the project source (DEVELOPMENT_STARTER_70D_40D is 'development / tie length of starter bars only' only),False,False,"DXF GBP layer-1 face pair, clear between supports 3.600 m; support centreline 3.900 m; bar run: PRE-S5.1 support face-to-face",DXF face separation 300 mm = section B 300,FOLLOW ARCH. (not printed),"[""P13-GB-EXTERIOR""]",PROJECT_GENERAL_DETAIL,3Ø16,3Ø16,3Ø16,2Ø12/30cm,Ø8,150 mm,BLOCKED_COMPONENT,BLOCKED_COMPONENT,BLOCKED_COMPONENT,True,READY_LOWER_BOUND
GSO-170-7C3-2,GROUND_BEAM,untagged (p.13 typical sections),LAP,,NOT_APPLICABLE,net measurement: laps are a procurement matter (BBS firewall),False,False,"DXF GBP layer-1 face pair, clear between supports 3.600 m; support centreline 3.900 m; bar run: PRE-S5.1 support face-to-face",DXF face separation 300 mm = section B 300,FOLLOW ARCH. (not printed),"[""P13-GB-EXTERIOR""]",PROJECT_GENERAL_DETAIL,3Ø16,3Ø16,3Ø16,2Ø12/30cm,Ø8,150 mm,BLOCKED_COMPONENT,BLOCKED_COMPONENT,BLOCKED_COMPONENT,True,READY_LOWER_BOUND
GSO-170-7C3-3,GROUND_BEAM,untagged (p.13 typical sections),TOP_MAIN,3Ø16,READY_LOWER_BOUND,"straight run: support face-to-face, derived per span in PRE-S5.1 (research/pre_s5_1_source_resolution, no numerical-minimum shortcut); development / end anchorage not source-established",False,True,"DXF GBP layer-1 face pair, clear between supports 3.350 m; support centreline 3.650 m; bar run: PRE-S5.1 support face-to-face",DXF face separation 300 mm = section B 300,FOLLOW ARCH. (not printed),"[""P13-GB-EXTERIOR""]",PROJECT_GENERAL_DETAIL,3Ø16,3Ø16,3Ø16,2Ø12/30cm,Ø8,150 mm,BLOCKED_COMPONENT,BLOCKED_COMPONENT,BLOCKED_COMPONENT,True,READY_LOWER_BOUND
GSO-170-7C3-3,GROUND_BEAM,untagged (p.13 typical sections),BOTTOM_ROW_1,3Ø16,READY_LOWER_BOUND,"straight run: support face-to-face, derived per span in PRE-S5.1 (research/pre_s5_1_source_resolution, no numerical-minimum shortcut); development / end anchorage not source-established",False,True,"DXF GBP layer-1 face pair, clear between supports 3.350 m; support centreline 3.650 m; bar run: PRE-S5.1 support face-to-face",DXF face separation 300 mm = section B 300,FOLLOW ARCH. (not printed),"[""P13-GB-EXTERIOR""]",PROJECT_GENERAL_DETAIL,3Ø16,3Ø16,3Ø16,2Ø12/30cm,Ø8,150 mm,BLOCKED_COMPONENT,BLOCKED_COMPONENT,BLOCKED_COMPONENT,True,READY_LOWER_BOUND
GSO-170-7C3-3,GROUND_BEAM,untagged (p.13 typical sections),BOTTOM_ROW_2,3Ø16,READY_LOWER_BOUND,"straight run: support face-to-face, derived per span in PRE-S5.1 (research/pre_s5_1_source_resolution, no numerical-minimum shortcut); development / end anchorage not source-established",False,True,"DXF GBP layer-1 face pair, clear between supports 3.350 m; support centreline 3.650 m; bar run: PRE-S5.1 support face-to-face",DXF face separation 300 mm = section B 300,FOLLOW ARCH. (not printed),"[""P13-GB-EXTERIOR""]",PROJECT_GENERAL_DETAIL,3Ø16,3Ø16,3Ø16,2Ø12/30cm,Ø8,150 mm,BLOCKED_COMPONENT,BLOCKED_COMPONENT,BLOCKED_COMPONENT,True,READY_LOWER_BOUND
GSO-170-7C3-3,GROUND_BEAM,untagged (p.13 typical sections),SIDE_BARS,2Ø12/30cm,BLOCKED_COMPONENT,side bars 2Ø12 per 30 cm of depth; depth FOLLOW ARCH. not printed,False,False,"DXF GBP layer-1 face pair, clear between supports 3.350 m; support centreline 3.650 m; bar run: PRE-S5.1 support face-to-face",DXF face separation 300 mm = section B 300,FOLLOW ARCH. (not printed),"[""P13-GB-EXTERIOR""]",PROJECT_GENERAL_DETAIL,3Ø16,3Ø16,3Ø16,2Ø12/30cm,Ø8,150 mm,BLOCKED_COMPONENT,BLOCKED_COMPONENT,BLOCKED_COMPONENT,True,READY_LOWER_BOUND
GSO-170-7C3-3,GROUND_BEAM,untagged (p.13 typical sections),STIRRUP_DIAMETER,Ø8,READY,typical section callout,False,True,"DXF GBP layer-1 face pair, clear between supports 3.350 m; support centreline 3.650 m; bar run: PRE-S5.1 support face-to-face",DXF face separation 300 mm = section B 300,FOLLOW ARCH. (not printed),"[""P13-GB-EXTERIOR""]",PROJECT_GENERAL_DETAIL,3Ø16,3Ø16,3Ø16,2Ø12/30cm,Ø8,150 mm,BLOCKED_COMPONENT,BLOCKED_COMPONENT,BLOCKED_COMPONENT,True,READY_LOWER_BOUND
GSO-170-7C3-3,GROUND_BEAM,untagged (p.13 typical sections),STIRRUP_RATE,150 mm,READY,typical section callout,False,True,"DXF GBP layer-1 face pair, clear between supports 3.350 m; support centreline 3.650 m; bar run: PRE-S5.1 support face-to-face",DXF face separation 300 mm = section B 300,FOLLOW ARCH. (not printed),"[""P13-GB-EXTERIOR""]",PROJECT_GENERAL_DETAIL,3Ø16,3Ø16,3Ø16,2Ø12/30cm,Ø8,150 mm,BLOCKED_COMPONENT,BLOCKED_COMPONENT,BLOCKED_COMPONENT,True,READY_LOWER_BOUND
GSO-170-7C3-3,GROUND_BEAM,untagged (p.13 typical sections),STIRRUP_CORE_PATH,D = FOLLOW ARCH.,BLOCKED_COMPONENT,section depth not printed (FOLLOW ARCH.),False,False,"DXF GBP layer-1 face pair, clear between supports 3.350 m; support centreline 3.650 m; bar run: PRE-S5.1 support face-to-face",DXF face separation 300 mm = section B 300,FOLLOW ARCH. (not printed),"[""P13-GB-EXTERIOR""]",PROJECT_GENERAL_DETAIL,3Ø16,3Ø16,3Ø16,2Ø12/30cm,Ø8,150 mm,BLOCKED_COMPONENT,BLOCKED_COMPONENT,BLOCKED_COMPONENT,True,READY_LOWER_BOUND
GSO-170-7C3-3,GROUND_BEAM,untagged (p.13 typical sections),STIRRUP_COUNT,150 mm,READY_LOWER_BOUND,count >= ceil(clear span / spacing); first / last stirrup position not stated,False,True,"DXF GBP layer-1 face pair, clear between supports 3.350 m; support centreline 3.650 m; bar run: PRE-S5.1 support face-to-face",DXF face separation 300 mm = section B 300,FOLLOW ARCH. (not printed),"[""P13-GB-EXTERIOR""]",PROJECT_GENERAL_DETAIL,3Ø16,3Ø16,3Ø16,2Ø12/30cm,Ø8,150 mm,BLOCKED_COMPONENT,BLOCKED_COMPONENT,BLOCKED_COMPONENT,True,READY_LOWER_BOUND
GSO-170-7C3-3,GROUND_BEAM,untagged (p.13 typical sections),HOOK_1,,BLOCKED_COMPONENT,hook angle / extension: NO_PROJECT_SOURCE (engineer / code decision; never verified),False,False,"DXF GBP layer-1 face pair, clear between supports 3.350 m; support centreline 3.650 m; bar run: PRE-S5.1 support face-to-face",DXF face separation 300 mm = section B 300,FOLLOW ARCH. (not printed),"[""P13-GB-EXTERIOR""]",PROJECT_GENERAL_DETAIL,3Ø16,3Ø16,3Ø16,2Ø12/30cm,Ø8,150 mm,BLOCKED_COMPONENT,BLOCKED_COMPONENT,BLOCKED_COMPONENT,True,READY_LOWER_BOUND
GSO-170-7C3-3,GROUND_BEAM,untagged (p.13 typical sections),HOOK_2,,BLOCKED_COMPONENT,hook angle / extension: NO_PROJECT_SOURCE (engineer / code decision; never verified),False,False,"DXF GBP layer-1 face pair, clear between supports 3.350 m; support centreline 3.650 m; bar run: PRE-S5.1 support face-to-face",DXF face separation 300 mm = section B 300,FOLLOW ARCH. (not printed),"[""P13-GB-EXTERIOR""]",PROJECT_GENERAL_DETAIL,3Ø16,3Ø16,3Ø16,2Ø12/30cm,Ø8,150 mm,BLOCKED_COMPONENT,BLOCKED_COMPONENT,BLOCKED_COMPONENT,True,READY_LOWER_BOUND
GSO-170-7C3-3,GROUND_BEAM,untagged (p.13 typical sections),END_ZONE_EXTRA,,NOT_APPLICABLE,the section prints one uniform spacing; no end-zone callout,False,False,"DXF GBP layer-1 face pair, clear between supports 3.350 m; support centreline 3.650 m; bar run: PRE-S5.1 support face-to-face",DXF face separation 300 mm = section B 300,FOLLOW ARCH. (not printed),"[""P13-GB-EXTERIOR""]",PROJECT_GENERAL_DETAIL,3Ø16,3Ø16,3Ø16,2Ø12/30cm,Ø8,150 mm,BLOCKED_COMPONENT,BLOCKED_COMPONENT,BLOCKED_COMPONENT,True,READY_LOWER_BOUND
GSO-170-7C3-3,GROUND_BEAM,untagged (p.13 typical sections),END_TREATMENT,,BLOCKED_COMPONENT,bar ends at the supports are not detailed,False,False,"DXF GBP layer-1 face pair, clear between supports 3.350 m; support centreline 3.650 m; bar run: PRE-S5.1 support face-to-face",DXF face separation 300 mm = section B 300,FOLLOW ARCH. (not printed),"[""P13-GB-EXTERIOR""]",PROJECT_GENERAL_DETAIL,3Ø16,3Ø16,3Ø16,2Ø12/30cm,Ø8,150 mm,BLOCKED_COMPONENT,BLOCKED_COMPONENT,BLOCKED_COMPONENT,True,READY_LOWER_BOUND
GSO-170-7C3-3,GROUND_BEAM,untagged (p.13 typical sections),DEVELOPMENT_INTO_SUPPORT_1,,BLOCKED_COMPONENT,no beam-end anchorage rule in the project source (DEVELOPMENT_STARTER_70D_40D is 'development / tie length of starter bars only' only),False,False,"DXF GBP layer-1 face pair, clear between supports 3.350 m; support centreline 3.650 m; bar run: PRE-S5.1 support face-to-face",DXF face separation 300 mm = section B 300,FOLLOW ARCH. (not printed),"[""P13-GB-EXTERIOR""]",PROJECT_GENERAL_DETAIL,3Ø16,3Ø16,3Ø16,2Ø12/30cm,Ø8,150 mm,BLOCKED_COMPONENT,BLOCKED_COMPONENT,BLOCKED_COMPONENT,True,READY_LOWER_BOUND
GSO-170-7C3-3,GROUND_BEAM,untagged (p.13 typical sections),DEVELOPMENT_INTO_SUPPORT_2,,BLOCKED_COMPONENT,no beam-end anchorage rule in the project source (DEVELOPMENT_STARTER_70D_40D is 'development / tie length of starter bars only' only),False,False,"DXF GBP layer-1 face pair, clear between supports 3.350 m; support centreline 3.650 m; bar run: PRE-S5.1 support face-to-face",DXF face separation 300 mm = section B 300,FOLLOW ARCH. (not printed),"[""P13-GB-EXTERIOR""]",PROJECT_GENERAL_DETAIL,3Ø16,3Ø16,3Ø16,2Ø12/30cm,Ø8,150 mm,BLOCKED_COMPONENT,BLOCKED_COMPONENT,BLOCKED_COMPONENT,True,READY_LOWER_BOUND
GSO-170-7C3-3,GROUND_BEAM,untagged (p.13 typical sections),LAP,,NOT_APPLICABLE,net measurement: laps are a procurement matter (BBS firewall),False,False,"DXF GBP layer-1 face pair, clear between supports 3.350 m; support centreline 3.650 m; bar run: PRE-S5.1 support face-to-face",DXF face separation 300 mm = section B 300,FOLLOW ARCH. (not printed),"[""P13-GB-EXTERIOR""]",PROJECT_GENERAL_DETAIL,3Ø16,3Ø16,3Ø16,2Ø12/30cm,Ø8,150 mm,BLOCKED_COMPONENT,BLOCKED_COMPONENT,BLOCKED_COMPONENT,True,READY_LOWER_BOUND
GSO-175-7DE-1,GROUND_BEAM,untagged (p.13 typical sections),TOP_MAIN,3Ø14 | 3Ø16,BLOCKED_COMPONENT,candidate details disagree: P13-GB-EXTERIOR 3Ø16; P13-GB-LT5M 3Ø14,False,False,"DXF GBP layer-1 face pair, clear between supports 3.750 m; support centreline 4.050 m; bar run: PRE-S5.1 support face-to-face",DXF face separation 300 mm = section B 300,p.13 section D candidates: 400 | None,"[""P13-GB-EXTERIOR"", ""P13-GB-LT5M""]",CANDIDATE_DETAIL,3Ø14 | 3Ø16,3Ø14 | 3Ø16,3Ø14 | 3Ø16,2Ø12/30cm | None,Ø8,150 mm,BLOCKED_COMPONENT,BLOCKED_COMPONENT,BLOCKED_COMPONENT,True,BLOCKED_COMPONENT
GSO-175-7DE-1,GROUND_BEAM,untagged (p.13 typical sections),BOTTOM_ROW_1,3Ø14 | 3Ø16,BLOCKED_COMPONENT,candidate details disagree: P13-GB-EXTERIOR 3Ø16; P13-GB-LT5M 3Ø14,False,False,"DXF GBP layer-1 face pair, clear between supports 3.750 m; support centreline 4.050 m; bar run: PRE-S5.1 support face-to-face",DXF face separation 300 mm = section B 300,p.13 section D candidates: 400 | None,"[""P13-GB-EXTERIOR"", ""P13-GB-LT5M""]",CANDIDATE_DETAIL,3Ø14 | 3Ø16,3Ø14 | 3Ø16,3Ø14 | 3Ø16,2Ø12/30cm | None,Ø8,150 mm,BLOCKED_COMPONENT,BLOCKED_COMPONENT,BLOCKED_COMPONENT,True,BLOCKED_COMPONENT
GSO-175-7DE-1,GROUND_BEAM,untagged (p.13 typical sections),BOTTOM_ROW_2,3Ø14 | 3Ø16,BLOCKED_COMPONENT,candidate details disagree: P13-GB-EXTERIOR 3Ø16; P13-GB-LT5M 3Ø14,False,False,"DXF GBP layer-1 face pair, clear between supports 3.750 m; support centreline 4.050 m; bar run: PRE-S5.1 support face-to-face",DXF face separation 300 mm = section B 300,p.13 section D candidates: 400 | None,"[""P13-GB-EXTERIOR"", ""P13-GB-LT5M""]",CANDIDATE_DETAIL,3Ø14 | 3Ø16,3Ø14 | 3Ø16,3Ø14 | 3Ø16,2Ø12/30cm | None,Ø8,150 mm,BLOCKED_COMPONENT,BLOCKED_COMPONENT,BLOCKED_COMPONENT,True,BLOCKED_COMPONENT
GSO-175-7DE-1,GROUND_BEAM,untagged (p.13 typical sections),SIDE_BARS,2Ø12/30cm | None,BLOCKED_COMPONENT,side bars 2Ø12 per 30 cm of depth; depth FOLLOW ARCH. not printed; other candidates have none,False,False,"DXF GBP layer-1 face pair, clear between supports 3.750 m; support centreline 4.050 m; bar run: PRE-S5.1 support face-to-face",DXF face separation 300 mm = section B 300,p.13 section D candidates: 400 | None,"[""P13-GB-EXTERIOR"", ""P13-GB-LT5M""]",CANDIDATE_DETAIL,3Ø14 | 3Ø16,3Ø14 | 3Ø16,3Ø14 | 3Ø16,2Ø12/30cm | None,Ø8,150 mm,BLOCKED_COMPONENT,BLOCKED_COMPONENT,BLOCKED_COMPONENT,True,BLOCKED_COMPONENT
GSO-175-7DE-1,GROUND_BEAM,untagged (p.13 typical sections),STIRRUP_DIAMETER,Ø8,READY,typical section callout,True,True,"DXF GBP layer-1 face pair, clear between supports 3.750 m; support centreline 4.050 m; bar run: PRE-S5.1 support face-to-face",DXF face separation 300 mm = section B 300,p.13 section D candidates: 400 | None,"[""P13-GB-EXTERIOR"", ""P13-GB-LT5M""]",CANDIDATE_DETAIL,3Ø14 | 3Ø16,3Ø14 | 3Ø16,3Ø14 | 3Ø16,2Ø12/30cm | None,Ø8,150 mm,BLOCKED_COMPONENT,BLOCKED_COMPONENT,BLOCKED_COMPONENT,True,BLOCKED_COMPONENT
GSO-175-7DE-1,GROUND_BEAM,untagged (p.13 typical sections),STIRRUP_RATE,150 mm,READY,typical section callout,True,True,"DXF GBP layer-1 face pair, clear between supports 3.750 m; support centreline 4.050 m; bar run: PRE-S5.1 support face-to-face",DXF face separation 300 mm = section B 300,p.13 section D candidates: 400 | None,"[""P13-GB-EXTERIOR"", ""P13-GB-LT5M""]",CANDIDATE_DETAIL,3Ø14 | 3Ø16,3Ø14 | 3Ø16,3Ø14 | 3Ø16,2Ø12/30cm | None,Ø8,150 mm,BLOCKED_COMPONENT,BLOCKED_COMPONENT,BLOCKED_COMPONENT,True,BLOCKED_COMPONENT
GSO-175-7DE-1,GROUND_BEAM,untagged (p.13 typical sections),STIRRUP_CORE_PATH,D = FOLLOW ARCH.,BLOCKED_COMPONENT,section depth not printed (FOLLOW ARCH.),False,False,"DXF GBP layer-1 face pair, clear between supports 3.750 m; support centreline 4.050 m; bar run: PRE-S5.1 support face-to-face",DXF face separation 300 mm = section B 300,p.13 section D candidates: 400 | None,"[""P13-GB-EXTERIOR"", ""P13-GB-LT5M""]",CANDIDATE_DETAIL,3Ø14 | 3Ø16,3Ø14 | 3Ø16,3Ø14 | 3Ø16,2Ø12/30cm | None,Ø8,150 mm,BLOCKED_COMPONENT,BLOCKED_COMPONENT,BLOCKED_COMPONENT,True,BLOCKED_COMPONENT
GSO-175-7DE-1,GROUND_BEAM,untagged (p.13 typical sections),STIRRUP_COUNT,150 mm,READY_LOWER_BOUND,count >= ceil(clear span / spacing); first / last stirrup position not stated,True,True,"DXF GBP layer-1 face pair, clear between supports 3.750 m; support centreline 4.050 m; bar run: PRE-S5.1 support face-to-face",DXF face separation 300 mm = section B 300,p.13 section D candidates: 400 | None,"[""P13-GB-EXTERIOR"", ""P13-GB-LT5M""]",CANDIDATE_DETAIL,3Ø14 | 3Ø16,3Ø14 | 3Ø16,3Ø14 | 3Ø16,2Ø12/30cm | None,Ø8,150 mm,BLOCKED_COMPONENT,BLOCKED_COMPONENT,BLOCKED_COMPONENT,True,BLOCKED_COMPONENT
GSO-175-7DE-1,GROUND_BEAM,untagged (p.13 typical sections),HOOK_1,,BLOCKED_COMPONENT,hook angle / extension: NO_PROJECT_SOURCE (engineer / code decision; never verified),False,False,"DXF GBP layer-1 face pair, clear between supports 3.750 m; support centreline 4.050 m; bar run: PRE-S5.1 support face-to-face",DXF face separation 300 mm = section B 300,p.13 section D candidates: 400 | None,"[""P13-GB-EXTERIOR"", ""P13-GB-LT5M""]",CANDIDATE_DETAIL,3Ø14 | 3Ø16,3Ø14 | 3Ø16,3Ø14 | 3Ø16,2Ø12/30cm | None,Ø8,150 mm,BLOCKED_COMPONENT,BLOCKED_COMPONENT,BLOCKED_COMPONENT,True,BLOCKED_COMPONENT
GSO-175-7DE-1,GROUND_BEAM,untagged (p.13 typical sections),HOOK_2,,BLOCKED_COMPONENT,hook angle / extension: NO_PROJECT_SOURCE (engineer / code decision; never verified),False,False,"DXF GBP layer-1 face pair, clear between supports 3.750 m; support centreline 4.050 m; bar run: PRE-S5.1 support face-to-face",DXF face separation 300 mm = section B 300,p.13 section D candidates: 400 | None,"[""P13-GB-EXTERIOR"", ""P13-GB-LT5M""]",CANDIDATE_DETAIL,3Ø14 | 3Ø16,3Ø14 | 3Ø16,3Ø14 | 3Ø16,2Ø12/30cm | None,Ø8,150 mm,BLOCKED_COMPONENT,BLOCKED_COMPONENT,BLOCKED_COMPONENT,True,BLOCKED_COMPONENT
GSO-175-7DE-1,GROUND_BEAM,untagged (p.13 typical sections),END_ZONE_EXTRA,,NOT_APPLICABLE,the section prints one uniform spacing; no end-zone callout,False,False,"DXF GBP layer-1 face pair, clear between supports 3.750 m; support centreline 4.050 m; bar run: PRE-S5.1 support face-to-face",DXF face separation 300 mm = section B 300,p.13 section D candidates: 400 | None,"[""P13-GB-EXTERIOR"", ""P13-GB-LT5M""]",CANDIDATE_DETAIL,3Ø14 | 3Ø16,3Ø14 | 3Ø16,3Ø14 | 3Ø16,2Ø12/30cm | None,Ø8,150 mm,BLOCKED_COMPONENT,BLOCKED_COMPONENT,BLOCKED_COMPONENT,True,BLOCKED_COMPONENT
GSO-175-7DE-1,GROUND_BEAM,untagged (p.13 typical sections),END_TREATMENT,,BLOCKED_COMPONENT,bar ends at the supports are not detailed,False,False,"DXF GBP layer-1 face pair, clear between supports 3.750 m; support centreline 4.050 m; bar run: PRE-S5.1 support face-to-face",DXF face separation 300 mm = section B 300,p.13 section D candidates: 400 | None,"[""P13-GB-EXTERIOR"", ""P13-GB-LT5M""]",CANDIDATE_DETAIL,3Ø14 | 3Ø16,3Ø14 | 3Ø16,3Ø14 | 3Ø16,2Ø12/30cm | None,Ø8,150 mm,BLOCKED_COMPONENT,BLOCKED_COMPONENT,BLOCKED_COMPONENT,True,BLOCKED_COMPONENT
GSO-175-7DE-1,GROUND_BEAM,untagged (p.13 typical sections),DEVELOPMENT_INTO_SUPPORT_1,,BLOCKED_COMPONENT,no beam-end anchorage rule in the project source (DEVELOPMENT_STARTER_70D_40D is 'development / tie length of starter bars only' only),False,False,"DXF GBP layer-1 face pair, clear between supports 3.750 m; support centreline 4.050 m; bar run: PRE-S5.1 support face-to-face",DXF face separation 300 mm = section B 300,p.13 section D candidates: 400 | None,"[""P13-GB-EXTERIOR"", ""P13-GB-LT5M""]",CANDIDATE_DETAIL,3Ø14 | 3Ø16,3Ø14 | 3Ø16,3Ø14 | 3Ø16,2Ø12/30cm | None,Ø8,150 mm,BLOCKED_COMPONENT,BLOCKED_COMPONENT,BLOCKED_COMPONENT,True,BLOCKED_COMPONENT
GSO-175-7DE-1,GROUND_BEAM,untagged (p.13 typical sections),DEVELOPMENT_INTO_SUPPORT_2,,BLOCKED_COMPONENT,no beam-end anchorage rule in the project source (DEVELOPMENT_STARTER_70D_40D is 'development / tie length of starter bars only' only),False,False,"DXF GBP layer-1 face pair, clear between supports 3.750 m; support centreline 4.050 m; bar run: PRE-S5.1 support face-to-face",DXF face separation 300 mm = section B 300,p.13 section D candidates: 400 | None,"[""P13-GB-EXTERIOR"", ""P13-GB-LT5M""]",CANDIDATE_DETAIL,3Ø14 | 3Ø16,3Ø14 | 3Ø16,3Ø14 | 3Ø16,2Ø12/30cm | None,Ø8,150 mm,BLOCKED_COMPONENT,BLOCKED_COMPONENT,BLOCKED_COMPONENT,True,BLOCKED_COMPONENT
GSO-175-7DE-1,GROUND_BEAM,untagged (p.13 typical sections),LAP,,NOT_APPLICABLE,net measurement: laps are a procurement matter (BBS firewall),False,False,"DXF GBP layer-1 face pair, clear between supports 3.750 m; support centreline 4.050 m; bar run: PRE-S5.1 support face-to-face",DXF face separation 300 mm = section B 300,p.13 section D candidates: 400 | None,"[""P13-GB-EXTERIOR"", ""P13-GB-LT5M""]",CANDIDATE_DETAIL,3Ø14 | 3Ø16,3Ø14 | 3Ø16,3Ø14 | 3Ø16,2Ø12/30cm | None,Ø8,150 mm,BLOCKED_COMPONENT,BLOCKED_COMPONENT,BLOCKED_COMPONENT,True,BLOCKED_COMPONENT
GSO-176-7E6-1,GROUND_BEAM,untagged (p.13 typical sections),TOP_MAIN,3Ø14 | 3Ø16,BLOCKED_COMPONENT,candidate details disagree: P13-GB-EXTERIOR 3Ø16; P13-GB-LT5M 3Ø14,False,False,"DXF GBP layer-1 face pair, clear between supports 3.750 m; support centreline 4.050 m; bar run: PRE-S5.1 support face-to-face",DXF face separation 300 mm = section B 300,p.13 section D candidates: 400 | None,"[""P13-GB-EXTERIOR"", ""P13-GB-LT5M""]",CANDIDATE_DETAIL,3Ø14 | 3Ø16,3Ø14 | 3Ø16,3Ø14 | 3Ø16,2Ø12/30cm | None,Ø8,150 mm,BLOCKED_COMPONENT,BLOCKED_COMPONENT,BLOCKED_COMPONENT,True,BLOCKED_COMPONENT
GSO-176-7E6-1,GROUND_BEAM,untagged (p.13 typical sections),BOTTOM_ROW_1,3Ø14 | 3Ø16,BLOCKED_COMPONENT,candidate details disagree: P13-GB-EXTERIOR 3Ø16; P13-GB-LT5M 3Ø14,False,False,"DXF GBP layer-1 face pair, clear between supports 3.750 m; support centreline 4.050 m; bar run: PRE-S5.1 support face-to-face",DXF face separation 300 mm = section B 300,p.13 section D candidates: 400 | None,"[""P13-GB-EXTERIOR"", ""P13-GB-LT5M""]",CANDIDATE_DETAIL,3Ø14 | 3Ø16,3Ø14 | 3Ø16,3Ø14 | 3Ø16,2Ø12/30cm | None,Ø8,150 mm,BLOCKED_COMPONENT,BLOCKED_COMPONENT,BLOCKED_COMPONENT,True,BLOCKED_COMPONENT
GSO-176-7E6-1,GROUND_BEAM,untagged (p.13 typical sections),BOTTOM_ROW_2,3Ø14 | 3Ø16,BLOCKED_COMPONENT,candidate details disagree: P13-GB-EXTERIOR 3Ø16; P13-GB-LT5M 3Ø14,False,False,"DXF GBP layer-1 face pair, clear between supports 3.750 m; support centreline 4.050 m; bar run: PRE-S5.1 support face-to-face",DXF face separation 300 mm = section B 300,p.13 section D candidates: 400 | None,"[""P13-GB-EXTERIOR"", ""P13-GB-LT5M""]",CANDIDATE_DETAIL,3Ø14 | 3Ø16,3Ø14 | 3Ø16,3Ø14 | 3Ø16,2Ø12/30cm | None,Ø8,150 mm,BLOCKED_COMPONENT,BLOCKED_COMPONENT,BLOCKED_COMPONENT,True,BLOCKED_COMPONENT
GSO-176-7E6-1,GROUND_BEAM,untagged (p.13 typical sections),SIDE_BARS,2Ø12/30cm | None,BLOCKED_COMPONENT,side bars 2Ø12 per 30 cm of depth; depth FOLLOW ARCH. not printed; other candidates have none,False,False,"DXF GBP layer-1 face pair, clear between supports 3.750 m; support centreline 4.050 m; bar run: PRE-S5.1 support face-to-face",DXF face separation 300 mm = section B 300,p.13 section D candidates: 400 | None,"[""P13-GB-EXTERIOR"", ""P13-GB-LT5M""]",CANDIDATE_DETAIL,3Ø14 | 3Ø16,3Ø14 | 3Ø16,3Ø14 | 3Ø16,2Ø12/30cm | None,Ø8,150 mm,BLOCKED_COMPONENT,BLOCKED_COMPONENT,BLOCKED_COMPONENT,True,BLOCKED_COMPONENT
GSO-176-7E6-1,GROUND_BEAM,untagged (p.13 typical sections),STIRRUP_DIAMETER,Ø8,READY,typical section callout,True,True,"DXF GBP layer-1 face pair, clear between supports 3.750 m; support centreline 4.050 m; bar run: PRE-S5.1 support face-to-face",DXF face separation 300 mm = section B 300,p.13 section D candidates: 400 | None,"[""P13-GB-EXTERIOR"", ""P13-GB-LT5M""]",CANDIDATE_DETAIL,3Ø14 | 3Ø16,3Ø14 | 3Ø16,3Ø14 | 3Ø16,2Ø12/30cm | None,Ø8,150 mm,BLOCKED_COMPONENT,BLOCKED_COMPONENT,BLOCKED_COMPONENT,True,BLOCKED_COMPONENT
GSO-176-7E6-1,GROUND_BEAM,untagged (p.13 typical sections),STIRRUP_RATE,150 mm,READY,typical section callout,True,True,"DXF GBP layer-1 face pair, clear between supports 3.750 m; support centreline 4.050 m; bar run: PRE-S5.1 support face-to-face",DXF face separation 300 mm = section B 300,p.13 section D candidates: 400 | None,"[""P13-GB-EXTERIOR"", ""P13-GB-LT5M""]",CANDIDATE_DETAIL,3Ø14 | 3Ø16,3Ø14 | 3Ø16,3Ø14 | 3Ø16,2Ø12/30cm | None,Ø8,150 mm,BLOCKED_COMPONENT,BLOCKED_COMPONENT,BLOCKED_COMPONENT,True,BLOCKED_COMPONENT
GSO-176-7E6-1,GROUND_BEAM,untagged (p.13 typical sections),STIRRUP_CORE_PATH,D = FOLLOW ARCH.,BLOCKED_COMPONENT,section depth not printed (FOLLOW ARCH.),False,False,"DXF GBP layer-1 face pair, clear between supports 3.750 m; support centreline 4.050 m; bar run: PRE-S5.1 support face-to-face",DXF face separation 300 mm = section B 300,p.13 section D candidates: 400 | None,"[""P13-GB-EXTERIOR"", ""P13-GB-LT5M""]",CANDIDATE_DETAIL,3Ø14 | 3Ø16,3Ø14 | 3Ø16,3Ø14 | 3Ø16,2Ø12/30cm | None,Ø8,150 mm,BLOCKED_COMPONENT,BLOCKED_COMPONENT,BLOCKED_COMPONENT,True,BLOCKED_COMPONENT
GSO-176-7E6-1,GROUND_BEAM,untagged (p.13 typical sections),STIRRUP_COUNT,150 mm,READY_LOWER_BOUND,count >= ceil(clear span / spacing); first / last stirrup position not stated,True,True,"DXF GBP layer-1 face pair, clear between supports 3.750 m; support centreline 4.050 m; bar run: PRE-S5.1 support face-to-face",DXF face separation 300 mm = section B 300,p.13 section D candidates: 400 | None,"[""P13-GB-EXTERIOR"", ""P13-GB-LT5M""]",CANDIDATE_DETAIL,3Ø14 | 3Ø16,3Ø14 | 3Ø16,3Ø14 | 3Ø16,2Ø12/30cm | None,Ø8,150 mm,BLOCKED_COMPONENT,BLOCKED_COMPONENT,BLOCKED_COMPONENT,True,BLOCKED_COMPONENT
GSO-176-7E6-1,GROUND_BEAM,untagged (p.13 typical sections),HOOK_1,,BLOCKED_COMPONENT,hook angle / extension: NO_PROJECT_SOURCE (engineer / code decision; never verified),False,False,"DXF GBP layer-1 face pair, clear between supports 3.750 m; support centreline 4.050 m; bar run: PRE-S5.1 support face-to-face",DXF face separation 300 mm = section B 300,p.13 section D candidates: 400 | None,"[""P13-GB-EXTERIOR"", ""P13-GB-LT5M""]",CANDIDATE_DETAIL,3Ø14 | 3Ø16,3Ø14 | 3Ø16,3Ø14 | 3Ø16,2Ø12/30cm | None,Ø8,150 mm,BLOCKED_COMPONENT,BLOCKED_COMPONENT,BLOCKED_COMPONENT,True,BLOCKED_COMPONENT
GSO-176-7E6-1,GROUND_BEAM,untagged (p.13 typical sections),HOOK_2,,BLOCKED_COMPONENT,hook angle / extension: NO_PROJECT_SOURCE (engineer / code decision; never verified),False,False,"DXF GBP layer-1 face pair, clear between supports 3.750 m; support centreline 4.050 m; bar run: PRE-S5.1 support face-to-face",DXF face separation 300 mm = section B 300,p.13 section D candidates: 400 | None,"[""P13-GB-EXTERIOR"", ""P13-GB-LT5M""]",CANDIDATE_DETAIL,3Ø14 | 3Ø16,3Ø14 | 3Ø16,3Ø14 | 3Ø16,2Ø12/30cm | None,Ø8,150 mm,BLOCKED_COMPONENT,BLOCKED_COMPONENT,BLOCKED_COMPONENT,True,BLOCKED_COMPONENT
GSO-176-7E6-1,GROUND_BEAM,untagged (p.13 typical sections),END_ZONE_EXTRA,,NOT_APPLICABLE,the section prints one uniform spacing; no end-zone callout,False,False,"DXF GBP layer-1 face pair, clear between supports 3.750 m; support centreline 4.050 m; bar run: PRE-S5.1 support face-to-face",DXF face separation 300 mm = section B 300,p.13 section D candidates: 400 | None,"[""P13-GB-EXTERIOR"", ""P13-GB-LT5M""]",CANDIDATE_DETAIL,3Ø14 | 3Ø16,3Ø14 | 3Ø16,3Ø14 | 3Ø16,2Ø12/30cm | None,Ø8,150 mm,BLOCKED_COMPONENT,BLOCKED_COMPONENT,BLOCKED_COMPONENT,True,BLOCKED_COMPONENT
GSO-176-7E6-1,GROUND_BEAM,untagged (p.13 typical sections),END_TREATMENT,,BLOCKED_COMPONENT,bar ends at the supports are not detailed,False,False,"DXF GBP layer-1 face pair, clear between supports 3.750 m; support centreline 4.050 m; bar run: PRE-S5.1 support face-to-face",DXF face separation 300 mm = section B 300,p.13 section D candidates: 400 | None,"[""P13-GB-EXTERIOR"", ""P13-GB-LT5M""]",CANDIDATE_DETAIL,3Ø14 | 3Ø16,3Ø14 | 3Ø16,3Ø14 | 3Ø16,2Ø12/30cm | None,Ø8,150 mm,BLOCKED_COMPONENT,BLOCKED_COMPONENT,BLOCKED_COMPONENT,True,BLOCKED_COMPONENT
GSO-176-7E6-1,GROUND_BEAM,untagged (p.13 typical sections),DEVELOPMENT_INTO_SUPPORT_1,,BLOCKED_COMPONENT,no beam-end anchorage rule in the project source (DEVELOPMENT_STARTER_70D_40D is 'development / tie length of starter bars only' only),False,False,"DXF GBP layer-1 face pair, clear between supports 3.750 m; support centreline 4.050 m; bar run: PRE-S5.1 support face-to-face",DXF face separation 300 mm = section B 300,p.13 section D candidates: 400 | None,"[""P13-GB-EXTERIOR"", ""P13-GB-LT5M""]",CANDIDATE_DETAIL,3Ø14 | 3Ø16,3Ø14 | 3Ø16,3Ø14 | 3Ø16,2Ø12/30cm | None,Ø8,150 mm,BLOCKED_COMPONENT,BLOCKED_COMPONENT,BLOCKED_COMPONENT,True,BLOCKED_COMPONENT
GSO-176-7E6-1,GROUND_BEAM,untagged (p.13 typical sections),DEVELOPMENT_INTO_SUPPORT_2,,BLOCKED_COMPONENT,no beam-end anchorage rule in the project source (DEVELOPMENT_STARTER_70D_40D is 'development / tie length of starter bars only' only),False,False,"DXF GBP layer-1 face pair, clear between supports 3.750 m; support centreline 4.050 m; bar run: PRE-S5.1 support face-to-face",DXF face separation 300 mm = section B 300,p.13 section D candidates: 400 | None,"[""P13-GB-EXTERIOR"", ""P13-GB-LT5M""]",CANDIDATE_DETAIL,3Ø14 | 3Ø16,3Ø14 | 3Ø16,3Ø14 | 3Ø16,2Ø12/30cm | None,Ø8,150 mm,BLOCKED_COMPONENT,BLOCKED_COMPONENT,BLOCKED_COMPONENT,True,BLOCKED_COMPONENT
GSO-176-7E6-1,GROUND_BEAM,untagged (p.13 typical sections),LAP,,NOT_APPLICABLE,net measurement: laps are a procurement matter (BBS firewall),False,False,"DXF GBP layer-1 face pair, clear between supports 3.750 m; support centreline 4.050 m; bar run: PRE-S5.1 support face-to-face",DXF face separation 300 mm = section B 300,p.13 section D candidates: 400 | None,"[""P13-GB-EXTERIOR"", ""P13-GB-LT5M""]",CANDIDATE_DETAIL,3Ø14 | 3Ø16,3Ø14 | 3Ø16,3Ø14 | 3Ø16,2Ø12/30cm | None,Ø8,150 mm,BLOCKED_COMPONENT,BLOCKED_COMPONENT,BLOCKED_COMPONENT,True,BLOCKED_COMPONENT
GSO-177-7CD-1,GROUND_BEAM,untagged (p.13 typical sections),TOP_MAIN,3Ø16,READY_LOWER_BOUND,"straight run: support face-to-face, derived per span in PRE-S5.1 (research/pre_s5_1_source_resolution, no numerical-minimum shortcut); development / end anchorage not source-established",True,True,"DXF GBP layer-1 face pair, clear between supports 5.370 m; support centreline 5.520 m; bar run: PRE-S5.1 support face-to-face",DXF face separation 300 mm = section B 300,p.13 section D candidates: 600 | None,"[""P13-GB-EXTERIOR"", ""P13-GB-GT5M""]",CANDIDATE_DETAIL,3Ø16,3Ø16,3Ø16,2Ø12/30cm | None,Ø8,150 mm,BLOCKED_COMPONENT,BLOCKED_COMPONENT,BLOCKED_COMPONENT,True,READY_LOWER_BOUND
GSO-177-7CD-1,GROUND_BEAM,untagged (p.13 typical sections),BOTTOM_ROW_1,3Ø16,READY_LOWER_BOUND,"straight run: support face-to-face, derived per span in PRE-S5.1 (research/pre_s5_1_source_resolution, no numerical-minimum shortcut); development / end anchorage not source-established",True,True,"DXF GBP layer-1 face pair, clear between supports 5.370 m; support centreline 5.520 m; bar run: PRE-S5.1 support face-to-face",DXF face separation 300 mm = section B 300,p.13 section D candidates: 600 | None,"[""P13-GB-EXTERIOR"", ""P13-GB-GT5M""]",CANDIDATE_DETAIL,3Ø16,3Ø16,3Ø16,2Ø12/30cm | None,Ø8,150 mm,BLOCKED_COMPONENT,BLOCKED_COMPONENT,BLOCKED_COMPONENT,True,READY_LOWER_BOUND
GSO-177-7CD-1,GROUND_BEAM,untagged (p.13 typical sections),BOTTOM_ROW_2,3Ø16,READY_LOWER_BOUND,"straight run: support face-to-face, derived per span in PRE-S5.1 (research/pre_s5_1_source_resolution, no numerical-minimum shortcut); development / end anchorage not source-established",True,True,"DXF GBP layer-1 face pair, clear between supports 5.370 m; support centreline 5.520 m; bar run: PRE-S5.1 support face-to-face",DXF face separation 300 mm = section B 300,p.13 section D candidates: 600 | None,"[""P13-GB-EXTERIOR"", ""P13-GB-GT5M""]",CANDIDATE_DETAIL,3Ø16,3Ø16,3Ø16,2Ø12/30cm | None,Ø8,150 mm,BLOCKED_COMPONENT,BLOCKED_COMPONENT,BLOCKED_COMPONENT,True,READY_LOWER_BOUND
GSO-177-7CD-1,GROUND_BEAM,untagged (p.13 typical sections),SIDE_BARS,2Ø12/30cm | None,BLOCKED_COMPONENT,side bars 2Ø12 per 30 cm of depth; depth FOLLOW ARCH. not printed; other candidates have none,False,False,"DXF GBP layer-1 face pair, clear between supports 5.370 m; support centreline 5.520 m; bar run: PRE-S5.1 support face-to-face",DXF face separation 300 mm = section B 300,p.13 section D candidates: 600 | None,"[""P13-GB-EXTERIOR"", ""P13-GB-GT5M""]",CANDIDATE_DETAIL,3Ø16,3Ø16,3Ø16,2Ø12/30cm | None,Ø8,150 mm,BLOCKED_COMPONENT,BLOCKED_COMPONENT,BLOCKED_COMPONENT,True,READY_LOWER_BOUND
GSO-177-7CD-1,GROUND_BEAM,untagged (p.13 typical sections),STIRRUP_DIAMETER,Ø8,READY,typical section callout,True,True,"DXF GBP layer-1 face pair, clear between supports 5.370 m; support centreline 5.520 m; bar run: PRE-S5.1 support face-to-face",DXF face separation 300 mm = section B 300,p.13 section D candidates: 600 | None,"[""P13-GB-EXTERIOR"", ""P13-GB-GT5M""]",CANDIDATE_DETAIL,3Ø16,3Ø16,3Ø16,2Ø12/30cm | None,Ø8,150 mm,BLOCKED_COMPONENT,BLOCKED_COMPONENT,BLOCKED_COMPONENT,True,READY_LOWER_BOUND
GSO-177-7CD-1,GROUND_BEAM,untagged (p.13 typical sections),STIRRUP_RATE,150 mm,READY,typical section callout,True,True,"DXF GBP layer-1 face pair, clear between supports 5.370 m; support centreline 5.520 m; bar run: PRE-S5.1 support face-to-face",DXF face separation 300 mm = section B 300,p.13 section D candidates: 600 | None,"[""P13-GB-EXTERIOR"", ""P13-GB-GT5M""]",CANDIDATE_DETAIL,3Ø16,3Ø16,3Ø16,2Ø12/30cm | None,Ø8,150 mm,BLOCKED_COMPONENT,BLOCKED_COMPONENT,BLOCKED_COMPONENT,True,READY_LOWER_BOUND
GSO-177-7CD-1,GROUND_BEAM,untagged (p.13 typical sections),STIRRUP_CORE_PATH,D = FOLLOW ARCH.,BLOCKED_COMPONENT,section depth not printed (FOLLOW ARCH.),False,False,"DXF GBP layer-1 face pair, clear between supports 5.370 m; support centreline 5.520 m; bar run: PRE-S5.1 support face-to-face",DXF face separation 300 mm = section B 300,p.13 section D candidates: 600 | None,"[""P13-GB-EXTERIOR"", ""P13-GB-GT5M""]",CANDIDATE_DETAIL,3Ø16,3Ø16,3Ø16,2Ø12/30cm | None,Ø8,150 mm,BLOCKED_COMPONENT,BLOCKED_COMPONENT,BLOCKED_COMPONENT,True,READY_LOWER_BOUND
GSO-177-7CD-1,GROUND_BEAM,untagged (p.13 typical sections),STIRRUP_COUNT,150 mm,READY_LOWER_BOUND,count >= ceil(clear span / spacing); first / last stirrup position not stated,True,True,"DXF GBP layer-1 face pair, clear between supports 5.370 m; support centreline 5.520 m; bar run: PRE-S5.1 support face-to-face",DXF face separation 300 mm = section B 300,p.13 section D candidates: 600 | None,"[""P13-GB-EXTERIOR"", ""P13-GB-GT5M""]",CANDIDATE_DETAIL,3Ø16,3Ø16,3Ø16,2Ø12/30cm | None,Ø8,150 mm,BLOCKED_COMPONENT,BLOCKED_COMPONENT,BLOCKED_COMPONENT,True,READY_LOWER_BOUND
GSO-177-7CD-1,GROUND_BEAM,untagged (p.13 typical sections),HOOK_1,,BLOCKED_COMPONENT,hook angle / extension: NO_PROJECT_SOURCE (engineer / code decision; never verified),False,False,"DXF GBP layer-1 face pair, clear between supports 5.370 m; support centreline 5.520 m; bar run: PRE-S5.1 support face-to-face",DXF face separation 300 mm = section B 300,p.13 section D candidates: 600 | None,"[""P13-GB-EXTERIOR"", ""P13-GB-GT5M""]",CANDIDATE_DETAIL,3Ø16,3Ø16,3Ø16,2Ø12/30cm | None,Ø8,150 mm,BLOCKED_COMPONENT,BLOCKED_COMPONENT,BLOCKED_COMPONENT,True,READY_LOWER_BOUND
GSO-177-7CD-1,GROUND_BEAM,untagged (p.13 typical sections),HOOK_2,,BLOCKED_COMPONENT,hook angle / extension: NO_PROJECT_SOURCE (engineer / code decision; never verified),False,False,"DXF GBP layer-1 face pair, clear between supports 5.370 m; support centreline 5.520 m; bar run: PRE-S5.1 support face-to-face",DXF face separation 300 mm = section B 300,p.13 section D candidates: 600 | None,"[""P13-GB-EXTERIOR"", ""P13-GB-GT5M""]",CANDIDATE_DETAIL,3Ø16,3Ø16,3Ø16,2Ø12/30cm | None,Ø8,150 mm,BLOCKED_COMPONENT,BLOCKED_COMPONENT,BLOCKED_COMPONENT,True,READY_LOWER_BOUND
GSO-177-7CD-1,GROUND_BEAM,untagged (p.13 typical sections),END_ZONE_EXTRA,,NOT_APPLICABLE,the section prints one uniform spacing; no end-zone callout,False,False,"DXF GBP layer-1 face pair, clear between supports 5.370 m; support centreline 5.520 m; bar run: PRE-S5.1 support face-to-face",DXF face separation 300 mm = section B 300,p.13 section D candidates: 600 | None,"[""P13-GB-EXTERIOR"", ""P13-GB-GT5M""]",CANDIDATE_DETAIL,3Ø16,3Ø16,3Ø16,2Ø12/30cm | None,Ø8,150 mm,BLOCKED_COMPONENT,BLOCKED_COMPONENT,BLOCKED_COMPONENT,True,READY_LOWER_BOUND
GSO-177-7CD-1,GROUND_BEAM,untagged (p.13 typical sections),END_TREATMENT,,BLOCKED_COMPONENT,bar ends at the supports are not detailed,False,False,"DXF GBP layer-1 face pair, clear between supports 5.370 m; support centreline 5.520 m; bar run: PRE-S5.1 support face-to-face",DXF face separation 300 mm = section B 300,p.13 section D candidates: 600 | None,"[""P13-GB-EXTERIOR"", ""P13-GB-GT5M""]",CANDIDATE_DETAIL,3Ø16,3Ø16,3Ø16,2Ø12/30cm | None,Ø8,150 mm,BLOCKED_COMPONENT,BLOCKED_COMPONENT,BLOCKED_COMPONENT,True,READY_LOWER_BOUND
GSO-177-7CD-1,GROUND_BEAM,untagged (p.13 typical sections),DEVELOPMENT_INTO_SUPPORT_1,,BLOCKED_COMPONENT,no beam-end anchorage rule in the project source (DEVELOPMENT_STARTER_70D_40D is 'development / tie length of starter bars only' only),False,False,"DXF GBP layer-1 face pair, clear between supports 5.370 m; support centreline 5.520 m; bar run: PRE-S5.1 support face-to-face",DXF face separation 300 mm = section B 300,p.13 section D candidates: 600 | None,"[""P13-GB-EXTERIOR"", ""P13-GB-GT5M""]",CANDIDATE_DETAIL,3Ø16,3Ø16,3Ø16,2Ø12/30cm | None,Ø8,150 mm,BLOCKED_COMPONENT,BLOCKED_COMPONENT,BLOCKED_COMPONENT,True,READY_LOWER_BOUND
GSO-177-7CD-1,GROUND_BEAM,untagged (p.13 typical sections),DEVELOPMENT_INTO_SUPPORT_2,,BLOCKED_COMPONENT,no beam-end anchorage rule in the project source (DEVELOPMENT_STARTER_70D_40D is 'development / tie length of starter bars only' only),False,False,"DXF GBP layer-1 face pair, clear between supports 5.370 m; support centreline 5.520 m; bar run: PRE-S5.1 support face-to-face",DXF face separation 300 mm = section B 300,p.13 section D candidates: 600 | None,"[""P13-GB-EXTERIOR"", ""P13-GB-GT5M""]",CANDIDATE_DETAIL,3Ø16,3Ø16,3Ø16,2Ø12/30cm | None,Ø8,150 mm,BLOCKED_COMPONENT,BLOCKED_COMPONENT,BLOCKED_COMPONENT,True,READY_LOWER_BOUND
GSO-177-7CD-1,GROUND_BEAM,untagged (p.13 typical sections),LAP,,NOT_APPLICABLE,net measurement: laps are a procurement matter (BBS firewall),False,False,"DXF GBP layer-1 face pair, clear between supports 5.370 m; support centreline 5.520 m; bar run: PRE-S5.1 support face-to-face",DXF face separation 300 mm = section B 300,p.13 section D candidates: 600 | None,"[""P13-GB-EXTERIOR"", ""P13-GB-GT5M""]",CANDIDATE_DETAIL,3Ø16,3Ø16,3Ø16,2Ø12/30cm | None,Ø8,150 mm,BLOCKED_COMPONENT,BLOCKED_COMPONENT,BLOCKED_COMPONENT,True,READY_LOWER_BOUND
GSO-177-7CD-2,GROUND_BEAM,untagged (p.13 typical sections),TOP_MAIN,3Ø14 | 3Ø16,BLOCKED_COMPONENT,candidate details disagree: P13-GB-EXTERIOR 3Ø16; P13-GB-LT2_5M 3Ø14; P13-GB-LT5M 3Ø14,False,False,"DXF GBP layer-1 face pair, clear between supports 1.887 m; support centreline 2.037 m; bar run: PRE-S5.1 support face-to-face",DXF face separation 300 mm = section B 300,p.13 section D candidates: 300 | 400 | None,"[""P13-GB-EXTERIOR"", ""P13-GB-LT2_5M"", ""P13-GB-LT5M""]",CANDIDATE_DETAIL,3Ø14 | 3Ø16,3Ø14 | 3Ø16,3Ø14 | 3Ø16,2Ø12/30cm | None | None,"(8, 150) | (8, 150) | None","(8, 150) | (8, 150) | None",BLOCKED_COMPONENT,BLOCKED_COMPONENT,BLOCKED_COMPONENT,True,BLOCKED_COMPONENT
GSO-177-7CD-2,GROUND_BEAM,untagged (p.13 typical sections),BOTTOM_ROW_1,3Ø14 | 3Ø16,BLOCKED_COMPONENT,candidate details disagree: P13-GB-EXTERIOR 3Ø16; P13-GB-LT2_5M 3Ø14; P13-GB-LT5M 3Ø14,False,False,"DXF GBP layer-1 face pair, clear between supports 1.887 m; support centreline 2.037 m; bar run: PRE-S5.1 support face-to-face",DXF face separation 300 mm = section B 300,p.13 section D candidates: 300 | 400 | None,"[""P13-GB-EXTERIOR"", ""P13-GB-LT2_5M"", ""P13-GB-LT5M""]",CANDIDATE_DETAIL,3Ø14 | 3Ø16,3Ø14 | 3Ø16,3Ø14 | 3Ø16,2Ø12/30cm | None | None,"(8, 150) | (8, 150) | None","(8, 150) | (8, 150) | None",BLOCKED_COMPONENT,BLOCKED_COMPONENT,BLOCKED_COMPONENT,True,BLOCKED_COMPONENT
GSO-177-7CD-2,GROUND_BEAM,untagged (p.13 typical sections),BOTTOM_ROW_2,3Ø14 | 3Ø16,BLOCKED_COMPONENT,candidate details disagree: P13-GB-EXTERIOR 3Ø16; P13-GB-LT2_5M 3Ø14; P13-GB-LT5M 3Ø14,False,False,"DXF GBP layer-1 face pair, clear between supports 1.887 m; support centreline 2.037 m; bar run: PRE-S5.1 support face-to-face",DXF face separation 300 mm = section B 300,p.13 section D candidates: 300 | 400 | None,"[""P13-GB-EXTERIOR"", ""P13-GB-LT2_5M"", ""P13-GB-LT5M""]",CANDIDATE_DETAIL,3Ø14 | 3Ø16,3Ø14 | 3Ø16,3Ø14 | 3Ø16,2Ø12/30cm | None | None,"(8, 150) | (8, 150) | None","(8, 150) | (8, 150) | None",BLOCKED_COMPONENT,BLOCKED_COMPONENT,BLOCKED_COMPONENT,True,BLOCKED_COMPONENT
GSO-177-7CD-2,GROUND_BEAM,untagged (p.13 typical sections),SIDE_BARS,2Ø12/30cm | None | None,BLOCKED_COMPONENT,side bars 2Ø12 per 30 cm of depth; depth FOLLOW ARCH. not printed; other candidates have none,False,False,"DXF GBP layer-1 face pair, clear between supports 1.887 m; support centreline 2.037 m; bar run: PRE-S5.1 support face-to-face",DXF face separation 300 mm = section B 300,p.13 section D candidates: 300 | 400 | None,"[""P13-GB-EXTERIOR"", ""P13-GB-LT2_5M"", ""P13-GB-LT5M""]",CANDIDATE_DETAIL,3Ø14 | 3Ø16,3Ø14 | 3Ø16,3Ø14 | 3Ø16,2Ø12/30cm | None | None,"(8, 150) | (8, 150) | None","(8, 150) | (8, 150) | None",BLOCKED_COMPONENT,BLOCKED_COMPONENT,BLOCKED_COMPONENT,True,BLOCKED_COMPONENT
GSO-177-7CD-2,GROUND_BEAM,untagged (p.13 typical sections),STIRRUP_DIAMETER,"(8, 150) | (8, 150) | None",BLOCKED_COMPONENT,a candidate section draws a stirrup with no size / spacing callout,False,False,"DXF GBP layer-1 face pair, clear between supports 1.887 m; support centreline 2.037 m; bar run: PRE-S5.1 support face-to-face",DXF face separation 300 mm = section B 300,p.13 section D candidates: 300 | 400 | None,"[""P13-GB-EXTERIOR"", ""P13-GB-LT2_5M"", ""P13-GB-LT5M""]",CANDIDATE_DETAIL,3Ø14 | 3Ø16,3Ø14 | 3Ø16,3Ø14 | 3Ø16,2Ø12/30cm | None | None,"(8, 150) | (8, 150) | None","(8, 150) | (8, 150) | None",BLOCKED_COMPONENT,BLOCKED_COMPONENT,BLOCKED_COMPONENT,True,BLOCKED_COMPONENT
GSO-177-7CD-2,GROUND_BEAM,untagged (p.13 typical sections),STIRRUP_RATE,"(8, 150) | (8, 150) | None",BLOCKED_COMPONENT,a candidate section draws a stirrup with no size / spacing callout,False,False,"DXF GBP layer-1 face pair, clear between supports 1.887 m; support centreline 2.037 m; bar run: PRE-S5.1 support face-to-face",DXF face separation 300 mm = section B 300,p.13 section D candidates: 300 | 400 | None,"[""P13-GB-EXTERIOR"", ""P13-GB-LT2_5M"", ""P13-GB-LT5M""]",CANDIDATE_DETAIL,3Ø14 | 3Ø16,3Ø14 | 3Ø16,3Ø14 | 3Ø16,2Ø12/30cm | None | None,"(8, 150) | (8, 150) | None","(8, 150) | (8, 150) | None",BLOCKED_COMPONENT,BLOCKED_COMPONENT,BLOCKED_COMPONENT,True,BLOCKED_COMPONENT
GSO-177-7CD-2,GROUND_BEAM,untagged (p.13 typical sections),STIRRUP_CORE_PATH,D = FOLLOW ARCH.,BLOCKED_COMPONENT,section depth not printed (FOLLOW ARCH.),False,False,"DXF GBP layer-1 face pair, clear between supports 1.887 m; support centreline 2.037 m; bar run: PRE-S5.1 support face-to-face",DXF face separation 300 mm = section B 300,p.13 section D candidates: 300 | 400 | None,"[""P13-GB-EXTERIOR"", ""P13-GB-LT2_5M"", ""P13-GB-LT5M""]",CANDIDATE_DETAIL,3Ø14 | 3Ø16,3Ø14 | 3Ø16,3Ø14 | 3Ø16,2Ø12/30cm | None | None,"(8, 150) | (8, 150) | None","(8, 150) | (8, 150) | None",BLOCKED_COMPONENT,BLOCKED_COMPONENT,BLOCKED_COMPONENT,True,BLOCKED_COMPONENT
GSO-177-7CD-2,GROUND_BEAM,untagged (p.13 typical sections),STIRRUP_COUNT,,BLOCKED_COMPONENT,spacing not established,False,False,"DXF GBP layer-1 face pair, clear between supports 1.887 m; support centreline 2.037 m; bar run: PRE-S5.1 support face-to-face",DXF face separation 300 mm = section B 300,p.13 section D candidates: 300 | 400 | None,"[""P13-GB-EXTERIOR"", ""P13-GB-LT2_5M"", ""P13-GB-LT5M""]",CANDIDATE_DETAIL,3Ø14 | 3Ø16,3Ø14 | 3Ø16,3Ø14 | 3Ø16,2Ø12/30cm | None | None,"(8, 150) | (8, 150) | None","(8, 150) | (8, 150) | None",BLOCKED_COMPONENT,BLOCKED_COMPONENT,BLOCKED_COMPONENT,True,BLOCKED_COMPONENT
GSO-177-7CD-2,GROUND_BEAM,untagged (p.13 typical sections),HOOK_1,,BLOCKED_COMPONENT,hook angle / extension: NO_PROJECT_SOURCE (engineer / code decision; never verified),False,False,"DXF GBP layer-1 face pair, clear between supports 1.887 m; support centreline 2.037 m; bar run: PRE-S5.1 support face-to-face",DXF face separation 300 mm = section B 300,p.13 section D candidates: 300 | 400 | None,"[""P13-GB-EXTERIOR"", ""P13-GB-LT2_5M"", ""P13-GB-LT5M""]",CANDIDATE_DETAIL,3Ø14 | 3Ø16,3Ø14 | 3Ø16,3Ø14 | 3Ø16,2Ø12/30cm | None | None,"(8, 150) | (8, 150) | None","(8, 150) | (8, 150) | None",BLOCKED_COMPONENT,BLOCKED_COMPONENT,BLOCKED_COMPONENT,True,BLOCKED_COMPONENT
GSO-177-7CD-2,GROUND_BEAM,untagged (p.13 typical sections),HOOK_2,,BLOCKED_COMPONENT,hook angle / extension: NO_PROJECT_SOURCE (engineer / code decision; never verified),False,False,"DXF GBP layer-1 face pair, clear between supports 1.887 m; support centreline 2.037 m; bar run: PRE-S5.1 support face-to-face",DXF face separation 300 mm = section B 300,p.13 section D candidates: 300 | 400 | None,"[""P13-GB-EXTERIOR"", ""P13-GB-LT2_5M"", ""P13-GB-LT5M""]",CANDIDATE_DETAIL,3Ø14 | 3Ø16,3Ø14 | 3Ø16,3Ø14 | 3Ø16,2Ø12/30cm | None | None,"(8, 150) | (8, 150) | None","(8, 150) | (8, 150) | None",BLOCKED_COMPONENT,BLOCKED_COMPONENT,BLOCKED_COMPONENT,True,BLOCKED_COMPONENT
GSO-177-7CD-2,GROUND_BEAM,untagged (p.13 typical sections),END_ZONE_EXTRA,,NOT_APPLICABLE,the section prints one uniform spacing; no end-zone callout,False,False,"DXF GBP layer-1 face pair, clear between supports 1.887 m; support centreline 2.037 m; bar run: PRE-S5.1 support face-to-face",DXF face separation 300 mm = section B 300,p.13 section D candidates: 300 | 400 | None,"[""P13-GB-EXTERIOR"", ""P13-GB-LT2_5M"", ""P13-GB-LT5M""]",CANDIDATE_DETAIL,3Ø14 | 3Ø16,3Ø14 | 3Ø16,3Ø14 | 3Ø16,2Ø12/30cm | None | None,"(8, 150) | (8, 150) | None","(8, 150) | (8, 150) | None",BLOCKED_COMPONENT,BLOCKED_COMPONENT,BLOCKED_COMPONENT,True,BLOCKED_COMPONENT
GSO-177-7CD-2,GROUND_BEAM,untagged (p.13 typical sections),END_TREATMENT,,BLOCKED_COMPONENT,bar ends at the supports are not detailed,False,False,"DXF GBP layer-1 face pair, clear between supports 1.887 m; support centreline 2.037 m; bar run: PRE-S5.1 support face-to-face",DXF face separation 300 mm = section B 300,p.13 section D candidates: 300 | 400 | None,"[""P13-GB-EXTERIOR"", ""P13-GB-LT2_5M"", ""P13-GB-LT5M""]",CANDIDATE_DETAIL,3Ø14 | 3Ø16,3Ø14 | 3Ø16,3Ø14 | 3Ø16,2Ø12/30cm | None | None,"(8, 150) | (8, 150) | None","(8, 150) | (8, 150) | None",BLOCKED_COMPONENT,BLOCKED_COMPONENT,BLOCKED_COMPONENT,True,BLOCKED_COMPONENT
GSO-177-7CD-2,GROUND_BEAM,untagged (p.13 typical sections),DEVELOPMENT_INTO_SUPPORT_1,,BLOCKED_COMPONENT,no beam-end anchorage rule in the project source (DEVELOPMENT_STARTER_70D_40D is 'development / tie length of starter bars only' only),False,False,"DXF GBP layer-1 face pair, clear between supports 1.887 m; support centreline 2.037 m; bar run: PRE-S5.1 support face-to-face",DXF face separation 300 mm = section B 300,p.13 section D candidates: 300 | 400 | None,"[""P13-GB-EXTERIOR"", ""P13-GB-LT2_5M"", ""P13-GB-LT5M""]",CANDIDATE_DETAIL,3Ø14 | 3Ø16,3Ø14 | 3Ø16,3Ø14 | 3Ø16,2Ø12/30cm | None | None,"(8, 150) | (8, 150) | None","(8, 150) | (8, 150) | None",BLOCKED_COMPONENT,BLOCKED_COMPONENT,BLOCKED_COMPONENT,True,BLOCKED_COMPONENT
GSO-177-7CD-2,GROUND_BEAM,untagged (p.13 typical sections),DEVELOPMENT_INTO_SUPPORT_2,,BLOCKED_COMPONENT,no beam-end anchorage rule in the project source (DEVELOPMENT_STARTER_70D_40D is 'development / tie length of starter bars only' only),False,False,"DXF GBP layer-1 face pair, clear between supports 1.887 m; support centreline 2.037 m; bar run: PRE-S5.1 support face-to-face",DXF face separation 300 mm = section B 300,p.13 section D candidates: 300 | 400 | None,"[""P13-GB-EXTERIOR"", ""P13-GB-LT2_5M"", ""P13-GB-LT5M""]",CANDIDATE_DETAIL,3Ø14 | 3Ø16,3Ø14 | 3Ø16,3Ø14 | 3Ø16,2Ø12/30cm | None | None,"(8, 150) | (8, 150) | None","(8, 150) | (8, 150) | None",BLOCKED_COMPONENT,BLOCKED_COMPONENT,BLOCKED_COMPONENT,True,BLOCKED_COMPONENT
GSO-177-7CD-2,GROUND_BEAM,untagged (p.13 typical sections),LAP,,NOT_APPLICABLE,net measurement: laps are a procurement matter (BBS firewall),False,False,"DXF GBP layer-1 face pair, clear between supports 1.887 m; support centreline 2.037 m; bar run: PRE-S5.1 support face-to-face",DXF face separation 300 mm = section B 300,p.13 section D candidates: 300 | 400 | None,"[""P13-GB-EXTERIOR"", ""P13-GB-LT2_5M"", ""P13-GB-LT5M""]",CANDIDATE_DETAIL,3Ø14 | 3Ø16,3Ø14 | 3Ø16,3Ø14 | 3Ø16,2Ø12/30cm | None | None,"(8, 150) | (8, 150) | None","(8, 150) | (8, 150) | None",BLOCKED_COMPONENT,BLOCKED_COMPONENT,BLOCKED_COMPONENT,True,BLOCKED_COMPONENT
GSO-178-7DB-1,GROUND_BEAM,untagged (p.13 typical sections),TOP_MAIN,3Ø16,READY_LOWER_BOUND,"straight run: support face-to-face, derived per span in PRE-S5.1 (research/pre_s5_1_source_resolution, no numerical-minimum shortcut); development / end anchorage not source-established",False,True,"DXF GBP layer-1 face pair, clear between supports 3.800 m; support centreline 4.100 m; bar run: PRE-S5.1 support face-to-face",DXF face separation 300 mm = section B 300,FOLLOW ARCH. (not printed),"[""P13-GB-EXTERIOR""]",PROJECT_GENERAL_DETAIL,3Ø16,3Ø16,3Ø16,2Ø12/30cm,Ø8,150 mm,BLOCKED_COMPONENT,BLOCKED_COMPONENT,BLOCKED_COMPONENT,True,READY_LOWER_BOUND
GSO-178-7DB-1,GROUND_BEAM,untagged (p.13 typical sections),BOTTOM_ROW_1,3Ø16,READY_LOWER_BOUND,"straight run: support face-to-face, derived per span in PRE-S5.1 (research/pre_s5_1_source_resolution, no numerical-minimum shortcut); development / end anchorage not source-established",False,True,"DXF GBP layer-1 face pair, clear between supports 3.800 m; support centreline 4.100 m; bar run: PRE-S5.1 support face-to-face",DXF face separation 300 mm = section B 300,FOLLOW ARCH. (not printed),"[""P13-GB-EXTERIOR""]",PROJECT_GENERAL_DETAIL,3Ø16,3Ø16,3Ø16,2Ø12/30cm,Ø8,150 mm,BLOCKED_COMPONENT,BLOCKED_COMPONENT,BLOCKED_COMPONENT,True,READY_LOWER_BOUND
GSO-178-7DB-1,GROUND_BEAM,untagged (p.13 typical sections),BOTTOM_ROW_2,3Ø16,READY_LOWER_BOUND,"straight run: support face-to-face, derived per span in PRE-S5.1 (research/pre_s5_1_source_resolution, no numerical-minimum shortcut); development / end anchorage not source-established",False,True,"DXF GBP layer-1 face pair, clear between supports 3.800 m; support centreline 4.100 m; bar run: PRE-S5.1 support face-to-face",DXF face separation 300 mm = section B 300,FOLLOW ARCH. (not printed),"[""P13-GB-EXTERIOR""]",PROJECT_GENERAL_DETAIL,3Ø16,3Ø16,3Ø16,2Ø12/30cm,Ø8,150 mm,BLOCKED_COMPONENT,BLOCKED_COMPONENT,BLOCKED_COMPONENT,True,READY_LOWER_BOUND
GSO-178-7DB-1,GROUND_BEAM,untagged (p.13 typical sections),SIDE_BARS,2Ø12/30cm,BLOCKED_COMPONENT,side bars 2Ø12 per 30 cm of depth; depth FOLLOW ARCH. not printed,False,False,"DXF GBP layer-1 face pair, clear between supports 3.800 m; support centreline 4.100 m; bar run: PRE-S5.1 support face-to-face",DXF face separation 300 mm = section B 300,FOLLOW ARCH. (not printed),"[""P13-GB-EXTERIOR""]",PROJECT_GENERAL_DETAIL,3Ø16,3Ø16,3Ø16,2Ø12/30cm,Ø8,150 mm,BLOCKED_COMPONENT,BLOCKED_COMPONENT,BLOCKED_COMPONENT,True,READY_LOWER_BOUND
GSO-178-7DB-1,GROUND_BEAM,untagged (p.13 typical sections),STIRRUP_DIAMETER,Ø8,READY,typical section callout,False,True,"DXF GBP layer-1 face pair, clear between supports 3.800 m; support centreline 4.100 m; bar run: PRE-S5.1 support face-to-face",DXF face separation 300 mm = section B 300,FOLLOW ARCH. (not printed),"[""P13-GB-EXTERIOR""]",PROJECT_GENERAL_DETAIL,3Ø16,3Ø16,3Ø16,2Ø12/30cm,Ø8,150 mm,BLOCKED_COMPONENT,BLOCKED_COMPONENT,BLOCKED_COMPONENT,True,READY_LOWER_BOUND
GSO-178-7DB-1,GROUND_BEAM,untagged (p.13 typical sections),STIRRUP_RATE,150 mm,READY,typical section callout,False,True,"DXF GBP layer-1 face pair, clear between supports 3.800 m; support centreline 4.100 m; bar run: PRE-S5.1 support face-to-face",DXF face separation 300 mm = section B 300,FOLLOW ARCH. (not printed),"[""P13-GB-EXTERIOR""]",PROJECT_GENERAL_DETAIL,3Ø16,3Ø16,3Ø16,2Ø12/30cm,Ø8,150 mm,BLOCKED_COMPONENT,BLOCKED_COMPONENT,BLOCKED_COMPONENT,True,READY_LOWER_BOUND
GSO-178-7DB-1,GROUND_BEAM,untagged (p.13 typical sections),STIRRUP_CORE_PATH,D = FOLLOW ARCH.,BLOCKED_COMPONENT,section depth not printed (FOLLOW ARCH.),False,False,"DXF GBP layer-1 face pair, clear between supports 3.800 m; support centreline 4.100 m; bar run: PRE-S5.1 support face-to-face",DXF face separation 300 mm = section B 300,FOLLOW ARCH. (not printed),"[""P13-GB-EXTERIOR""]",PROJECT_GENERAL_DETAIL,3Ø16,3Ø16,3Ø16,2Ø12/30cm,Ø8,150 mm,BLOCKED_COMPONENT,BLOCKED_COMPONENT,BLOCKED_COMPONENT,True,READY_LOWER_BOUND
GSO-178-7DB-1,GROUND_BEAM,untagged (p.13 typical sections),STIRRUP_COUNT,150 mm,READY_LOWER_BOUND,count >= ceil(clear span / spacing); first / last stirrup position not stated,False,True,"DXF GBP layer-1 face pair, clear between supports 3.800 m; support centreline 4.100 m; bar run: PRE-S5.1 support face-to-face",DXF face separation 300 mm = section B 300,FOLLOW ARCH. (not printed),"[""P13-GB-EXTERIOR""]",PROJECT_GENERAL_DETAIL,3Ø16,3Ø16,3Ø16,2Ø12/30cm,Ø8,150 mm,BLOCKED_COMPONENT,BLOCKED_COMPONENT,BLOCKED_COMPONENT,True,READY_LOWER_BOUND
GSO-178-7DB-1,GROUND_BEAM,untagged (p.13 typical sections),HOOK_1,,BLOCKED_COMPONENT,hook angle / extension: NO_PROJECT_SOURCE (engineer / code decision; never verified),False,False,"DXF GBP layer-1 face pair, clear between supports 3.800 m; support centreline 4.100 m; bar run: PRE-S5.1 support face-to-face",DXF face separation 300 mm = section B 300,FOLLOW ARCH. (not printed),"[""P13-GB-EXTERIOR""]",PROJECT_GENERAL_DETAIL,3Ø16,3Ø16,3Ø16,2Ø12/30cm,Ø8,150 mm,BLOCKED_COMPONENT,BLOCKED_COMPONENT,BLOCKED_COMPONENT,True,READY_LOWER_BOUND
GSO-178-7DB-1,GROUND_BEAM,untagged (p.13 typical sections),HOOK_2,,BLOCKED_COMPONENT,hook angle / extension: NO_PROJECT_SOURCE (engineer / code decision; never verified),False,False,"DXF GBP layer-1 face pair, clear between supports 3.800 m; support centreline 4.100 m; bar run: PRE-S5.1 support face-to-face",DXF face separation 300 mm = section B 300,FOLLOW ARCH. (not printed),"[""P13-GB-EXTERIOR""]",PROJECT_GENERAL_DETAIL,3Ø16,3Ø16,3Ø16,2Ø12/30cm,Ø8,150 mm,BLOCKED_COMPONENT,BLOCKED_COMPONENT,BLOCKED_COMPONENT,True,READY_LOWER_BOUND
GSO-178-7DB-1,GROUND_BEAM,untagged (p.13 typical sections),END_ZONE_EXTRA,,NOT_APPLICABLE,the section prints one uniform spacing; no end-zone callout,False,False,"DXF GBP layer-1 face pair, clear between supports 3.800 m; support centreline 4.100 m; bar run: PRE-S5.1 support face-to-face",DXF face separation 300 mm = section B 300,FOLLOW ARCH. (not printed),"[""P13-GB-EXTERIOR""]",PROJECT_GENERAL_DETAIL,3Ø16,3Ø16,3Ø16,2Ø12/30cm,Ø8,150 mm,BLOCKED_COMPONENT,BLOCKED_COMPONENT,BLOCKED_COMPONENT,True,READY_LOWER_BOUND
GSO-178-7DB-1,GROUND_BEAM,untagged (p.13 typical sections),END_TREATMENT,,BLOCKED_COMPONENT,bar ends at the supports are not detailed,False,False,"DXF GBP layer-1 face pair, clear between supports 3.800 m; support centreline 4.100 m; bar run: PRE-S5.1 support face-to-face",DXF face separation 300 mm = section B 300,FOLLOW ARCH. (not printed),"[""P13-GB-EXTERIOR""]",PROJECT_GENERAL_DETAIL,3Ø16,3Ø16,3Ø16,2Ø12/30cm,Ø8,150 mm,BLOCKED_COMPONENT,BLOCKED_COMPONENT,BLOCKED_COMPONENT,True,READY_LOWER_BOUND
GSO-178-7DB-1,GROUND_BEAM,untagged (p.13 typical sections),DEVELOPMENT_INTO_SUPPORT_1,,BLOCKED_COMPONENT,no beam-end anchorage rule in the project source (DEVELOPMENT_STARTER_70D_40D is 'development / tie length of starter bars only' only),False,False,"DXF GBP layer-1 face pair, clear between supports 3.800 m; support centreline 4.100 m; bar run: PRE-S5.1 support face-to-face",DXF face separation 300 mm = section B 300,FOLLOW ARCH. (not printed),"[""P13-GB-EXTERIOR""]",PROJECT_GENERAL_DETAIL,3Ø16,3Ø16,3Ø16,2Ø12/30cm,Ø8,150 mm,BLOCKED_COMPONENT,BLOCKED_COMPONENT,BLOCKED_COMPONENT,True,READY_LOWER_BOUND
GSO-178-7DB-1,GROUND_BEAM,untagged (p.13 typical sections),DEVELOPMENT_INTO_SUPPORT_2,,BLOCKED_COMPONENT,no beam-end anchorage rule in the project source (DEVELOPMENT_STARTER_70D_40D is 'development / tie length of starter bars only' only),False,False,"DXF GBP layer-1 face pair, clear between supports 3.800 m; support centreline 4.100 m; bar run: PRE-S5.1 support face-to-face",DXF face separation 300 mm = section B 300,FOLLOW ARCH. (not printed),"[""P13-GB-EXTERIOR""]",PROJECT_GENERAL_DETAIL,3Ø16,3Ø16,3Ø16,2Ø12/30cm,Ø8,150 mm,BLOCKED_COMPONENT,BLOCKED_COMPONENT,BLOCKED_COMPONENT,True,READY_LOWER_BOUND
GSO-178-7DB-1,GROUND_BEAM,untagged (p.13 typical sections),LAP,,NOT_APPLICABLE,net measurement: laps are a procurement matter (BBS firewall),False,False,"DXF GBP layer-1 face pair, clear between supports 3.800 m; support centreline 4.100 m; bar run: PRE-S5.1 support face-to-face",DXF face separation 300 mm = section B 300,FOLLOW ARCH. (not printed),"[""P13-GB-EXTERIOR""]",PROJECT_GENERAL_DETAIL,3Ø16,3Ø16,3Ø16,2Ø12/30cm,Ø8,150 mm,BLOCKED_COMPONENT,BLOCKED_COMPONENT,BLOCKED_COMPONENT,True,READY_LOWER_BOUND
GSO-17B-7E5-1,GROUND_BEAM,untagged (p.13 typical sections),TOP_MAIN,3Ø14,READY_LOWER_BOUND,"straight run: support face-to-face, derived per span in PRE-S5.1 (research/pre_s5_1_source_resolution, no numerical-minimum shortcut); development / end anchorage not source-established",False,True,"DXF GBP layer-1 face pair, clear between supports 1.200 m; support centreline 1.500 m; bar run: PRE-S5.1 support face-to-face",DXF face separation 300 mm = section B 300,p.13 section D candidates: 300 | 400,"[""P13-GB-LT2_5M"", ""P13-GB-LT5M""]",EXPLICIT_LENGTH_CONDITION,3Ø14,3Ø14,3Ø14,,"(8, 150) | None","(8, 150) | None",BLOCKED_COMPONENT,BLOCKED_COMPONENT,BLOCKED_COMPONENT,True,READY_LOWER_BOUND
GSO-17B-7E5-1,GROUND_BEAM,untagged (p.13 typical sections),BOTTOM_ROW_1,3Ø14,READY_LOWER_BOUND,"straight run: support face-to-face, derived per span in PRE-S5.1 (research/pre_s5_1_source_resolution, no numerical-minimum shortcut); development / end anchorage not source-established",False,True,"DXF GBP layer-1 face pair, clear between supports 1.200 m; support centreline 1.500 m; bar run: PRE-S5.1 support face-to-face",DXF face separation 300 mm = section B 300,p.13 section D candidates: 300 | 400,"[""P13-GB-LT2_5M"", ""P13-GB-LT5M""]",EXPLICIT_LENGTH_CONDITION,3Ø14,3Ø14,3Ø14,,"(8, 150) | None","(8, 150) | None",BLOCKED_COMPONENT,BLOCKED_COMPONENT,BLOCKED_COMPONENT,True,READY_LOWER_BOUND
GSO-17B-7E5-1,GROUND_BEAM,untagged (p.13 typical sections),BOTTOM_ROW_2,3Ø14,READY_LOWER_BOUND,"straight run: support face-to-face, derived per span in PRE-S5.1 (research/pre_s5_1_source_resolution, no numerical-minimum shortcut); development / end anchorage not source-established",False,True,"DXF GBP layer-1 face pair, clear between supports 1.200 m; support centreline 1.500 m; bar run: PRE-S5.1 support face-to-face",DXF face separation 300 mm = section B 300,p.13 section D candidates: 300 | 400,"[""P13-GB-LT2_5M"", ""P13-GB-LT5M""]",EXPLICIT_LENGTH_CONDITION,3Ø14,3Ø14,3Ø14,,"(8, 150) | None","(8, 150) | None",BLOCKED_COMPONENT,BLOCKED_COMPONENT,BLOCKED_COMPONENT,True,READY_LOWER_BOUND
GSO-17B-7E5-1,GROUND_BEAM,untagged (p.13 typical sections),SIDE_BARS,,NOT_APPLICABLE,the candidate section(s) carry no side bars,False,False,"DXF GBP layer-1 face pair, clear between supports 1.200 m; support centreline 1.500 m; bar run: PRE-S5.1 support face-to-face",DXF face separation 300 mm = section B 300,p.13 section D candidates: 300 | 400,"[""P13-GB-LT2_5M"", ""P13-GB-LT5M""]",EXPLICIT_LENGTH_CONDITION,3Ø14,3Ø14,3Ø14,,"(8, 150) | None","(8, 150) | None",BLOCKED_COMPONENT,BLOCKED_COMPONENT,BLOCKED_COMPONENT,True,READY_LOWER_BOUND
GSO-17B-7E5-1,GROUND_BEAM,untagged (p.13 typical sections),STIRRUP_DIAMETER,"(8, 150) | None",BLOCKED_COMPONENT,a candidate section draws a stirrup with no size / spacing callout,False,False,"DXF GBP layer-1 face pair, clear between supports 1.200 m; support centreline 1.500 m; bar run: PRE-S5.1 support face-to-face",DXF face separation 300 mm = section B 300,p.13 section D candidates: 300 | 400,"[""P13-GB-LT2_5M"", ""P13-GB-LT5M""]",EXPLICIT_LENGTH_CONDITION,3Ø14,3Ø14,3Ø14,,"(8, 150) | None","(8, 150) | None",BLOCKED_COMPONENT,BLOCKED_COMPONENT,BLOCKED_COMPONENT,True,READY_LOWER_BOUND
GSO-17B-7E5-1,GROUND_BEAM,untagged (p.13 typical sections),STIRRUP_RATE,"(8, 150) | None",BLOCKED_COMPONENT,a candidate section draws a stirrup with no size / spacing callout,False,False,"DXF GBP layer-1 face pair, clear between supports 1.200 m; support centreline 1.500 m; bar run: PRE-S5.1 support face-to-face",DXF face separation 300 mm = section B 300,p.13 section D candidates: 300 | 400,"[""P13-GB-LT2_5M"", ""P13-GB-LT5M""]",EXPLICIT_LENGTH_CONDITION,3Ø14,3Ø14,3Ø14,,"(8, 150) | None","(8, 150) | None",BLOCKED_COMPONENT,BLOCKED_COMPONENT,BLOCKED_COMPONENT,True,READY_LOWER_BOUND
GSO-17B-7E5-1,GROUND_BEAM,untagged (p.13 typical sections),STIRRUP_CORE_PATH,300x300 | 300x400,BLOCKED_COMPONENT,candidate sections differ in depth,False,False,"DXF GBP layer-1 face pair, clear between supports 1.200 m; support centreline 1.500 m; bar run: PRE-S5.1 support face-to-face",DXF face separation 300 mm = section B 300,p.13 section D candidates: 300 | 400,"[""P13-GB-LT2_5M"", ""P13-GB-LT5M""]",EXPLICIT_LENGTH_CONDITION,3Ø14,3Ø14,3Ø14,,"(8, 150) | None","(8, 150) | None",BLOCKED_COMPONENT,BLOCKED_COMPONENT,BLOCKED_COMPONENT,True,READY_LOWER_BOUND
GSO-17B-7E5-1,GROUND_BEAM,untagged (p.13 typical sections),STIRRUP_COUNT,,BLOCKED_COMPONENT,spacing not established,False,False,"DXF GBP layer-1 face pair, clear between supports 1.200 m; support centreline 1.500 m; bar run: PRE-S5.1 support face-to-face",DXF face separation 300 mm = section B 300,p.13 section D candidates: 300 | 400,"[""P13-GB-LT2_5M"", ""P13-GB-LT5M""]",EXPLICIT_LENGTH_CONDITION,3Ø14,3Ø14,3Ø14,,"(8, 150) | None","(8, 150) | None",BLOCKED_COMPONENT,BLOCKED_COMPONENT,BLOCKED_COMPONENT,True,READY_LOWER_BOUND
GSO-17B-7E5-1,GROUND_BEAM,untagged (p.13 typical sections),HOOK_1,,BLOCKED_COMPONENT,hook angle / extension: NO_PROJECT_SOURCE (engineer / code decision; never verified),False,False,"DXF GBP layer-1 face pair, clear between supports 1.200 m; support centreline 1.500 m; bar run: PRE-S5.1 support face-to-face",DXF face separation 300 mm = section B 300,p.13 section D candidates: 300 | 400,"[""P13-GB-LT2_5M"", ""P13-GB-LT5M""]",EXPLICIT_LENGTH_CONDITION,3Ø14,3Ø14,3Ø14,,"(8, 150) | None","(8, 150) | None",BLOCKED_COMPONENT,BLOCKED_COMPONENT,BLOCKED_COMPONENT,True,READY_LOWER_BOUND
GSO-17B-7E5-1,GROUND_BEAM,untagged (p.13 typical sections),HOOK_2,,BLOCKED_COMPONENT,hook angle / extension: NO_PROJECT_SOURCE (engineer / code decision; never verified),False,False,"DXF GBP layer-1 face pair, clear between supports 1.200 m; support centreline 1.500 m; bar run: PRE-S5.1 support face-to-face",DXF face separation 300 mm = section B 300,p.13 section D candidates: 300 | 400,"[""P13-GB-LT2_5M"", ""P13-GB-LT5M""]",EXPLICIT_LENGTH_CONDITION,3Ø14,3Ø14,3Ø14,,"(8, 150) | None","(8, 150) | None",BLOCKED_COMPONENT,BLOCKED_COMPONENT,BLOCKED_COMPONENT,True,READY_LOWER_BOUND
GSO-17B-7E5-1,GROUND_BEAM,untagged (p.13 typical sections),END_ZONE_EXTRA,,NOT_APPLICABLE,the section prints one uniform spacing; no end-zone callout,False,False,"DXF GBP layer-1 face pair, clear between supports 1.200 m; support centreline 1.500 m; bar run: PRE-S5.1 support face-to-face",DXF face separation 300 mm = section B 300,p.13 section D candidates: 300 | 400,"[""P13-GB-LT2_5M"", ""P13-GB-LT5M""]",EXPLICIT_LENGTH_CONDITION,3Ø14,3Ø14,3Ø14,,"(8, 150) | None","(8, 150) | None",BLOCKED_COMPONENT,BLOCKED_COMPONENT,BLOCKED_COMPONENT,True,READY_LOWER_BOUND
GSO-17B-7E5-1,GROUND_BEAM,untagged (p.13 typical sections),END_TREATMENT,,BLOCKED_COMPONENT,bar ends at the supports are not detailed,False,False,"DXF GBP layer-1 face pair, clear between supports 1.200 m; support centreline 1.500 m; bar run: PRE-S5.1 support face-to-face",DXF face separation 300 mm = section B 300,p.13 section D candidates: 300 | 400,"[""P13-GB-LT2_5M"", ""P13-GB-LT5M""]",EXPLICIT_LENGTH_CONDITION,3Ø14,3Ø14,3Ø14,,"(8, 150) | None","(8, 150) | None",BLOCKED_COMPONENT,BLOCKED_COMPONENT,BLOCKED_COMPONENT,True,READY_LOWER_BOUND
GSO-17B-7E5-1,GROUND_BEAM,untagged (p.13 typical sections),DEVELOPMENT_INTO_SUPPORT_1,,BLOCKED_COMPONENT,no beam-end anchorage rule in the project source (DEVELOPMENT_STARTER_70D_40D is 'development / tie length of starter bars only' only),False,False,"DXF GBP layer-1 face pair, clear between supports 1.200 m; support centreline 1.500 m; bar run: PRE-S5.1 support face-to-face",DXF face separation 300 mm = section B 300,p.13 section D candidates: 300 | 400,"[""P13-GB-LT2_5M"", ""P13-GB-LT5M""]",EXPLICIT_LENGTH_CONDITION,3Ø14,3Ø14,3Ø14,,"(8, 150) | None","(8, 150) | None",BLOCKED_COMPONENT,BLOCKED_COMPONENT,BLOCKED_COMPONENT,True,READY_LOWER_BOUND
GSO-17B-7E5-1,GROUND_BEAM,untagged (p.13 typical sections),DEVELOPMENT_INTO_SUPPORT_2,,BLOCKED_COMPONENT,no beam-end anchorage rule in the project source (DEVELOPMENT_STARTER_70D_40D is 'development / tie length of starter bars only' only),False,False,"DXF GBP layer-1 face pair, clear between supports 1.200 m; support centreline 1.500 m; bar run: PRE-S5.1 support face-to-face",DXF face separation 300 mm = section B 300,p.13 section D candidates: 300 | 400,"[""P13-GB-LT2_5M"", ""P13-GB-LT5M""]",EXPLICIT_LENGTH_CONDITION,3Ø14,3Ø14,3Ø14,,"(8, 150) | None","(8, 150) | None",BLOCKED_COMPONENT,BLOCKED_COMPONENT,BLOCKED_COMPONENT,True,READY_LOWER_BOUND
GSO-17B-7E5-1,GROUND_BEAM,untagged (p.13 typical sections),LAP,,NOT_APPLICABLE,net measurement: laps are a procurement matter (BBS firewall),False,False,"DXF GBP layer-1 face pair, clear between supports 1.200 m; support centreline 1.500 m; bar run: PRE-S5.1 support face-to-face",DXF face separation 300 mm = section B 300,p.13 section D candidates: 300 | 400,"[""P13-GB-LT2_5M"", ""P13-GB-LT5M""]",EXPLICIT_LENGTH_CONDITION,3Ø14,3Ø14,3Ø14,,"(8, 150) | None","(8, 150) | None",BLOCKED_COMPONENT,BLOCKED_COMPONENT,BLOCKED_COMPONENT,True,READY_LOWER_BOUND
GSO-17C-7E3-1,GROUND_BEAM,untagged (p.13 typical sections),TOP_MAIN,3Ø14,READY_LOWER_BOUND,"straight run: support face-to-face, derived per span in PRE-S5.1 (research/pre_s5_1_source_resolution, no numerical-minimum shortcut); development / end anchorage not source-established",False,True,"DXF GBP layer-1 face pair, clear between supports 3.228 m; support centreline 3.378 m; bar run: PRE-S5.1 support face-to-face",DXF face separation 300 mm = section B 300,p.13 section D candidates: 400,"[""P13-GB-LT5M""]",EXPLICIT_LENGTH_CONDITION,3Ø14,3Ø14,3Ø14,,Ø8,150 mm,PROVISIONAL_ONLY,BLOCKED_COMPONENT,BLOCKED_COMPONENT,True,READY_LOWER_BOUND
GSO-17C-7E3-1,GROUND_BEAM,untagged (p.13 typical sections),BOTTOM_ROW_1,3Ø14,READY_LOWER_BOUND,"straight run: support face-to-face, derived per span in PRE-S5.1 (research/pre_s5_1_source_resolution, no numerical-minimum shortcut); development / end anchorage not source-established",False,True,"DXF GBP layer-1 face pair, clear between supports 3.228 m; support centreline 3.378 m; bar run: PRE-S5.1 support face-to-face",DXF face separation 300 mm = section B 300,p.13 section D candidates: 400,"[""P13-GB-LT5M""]",EXPLICIT_LENGTH_CONDITION,3Ø14,3Ø14,3Ø14,,Ø8,150 mm,PROVISIONAL_ONLY,BLOCKED_COMPONENT,BLOCKED_COMPONENT,True,READY_LOWER_BOUND
GSO-17C-7E3-1,GROUND_BEAM,untagged (p.13 typical sections),BOTTOM_ROW_2,3Ø14,READY_LOWER_BOUND,"straight run: support face-to-face, derived per span in PRE-S5.1 (research/pre_s5_1_source_resolution, no numerical-minimum shortcut); development / end anchorage not source-established",False,True,"DXF GBP layer-1 face pair, clear between supports 3.228 m; support centreline 3.378 m; bar run: PRE-S5.1 support face-to-face",DXF face separation 300 mm = section B 300,p.13 section D candidates: 400,"[""P13-GB-LT5M""]",EXPLICIT_LENGTH_CONDITION,3Ø14,3Ø14,3Ø14,,Ø8,150 mm,PROVISIONAL_ONLY,BLOCKED_COMPONENT,BLOCKED_COMPONENT,True,READY_LOWER_BOUND
GSO-17C-7E3-1,GROUND_BEAM,untagged (p.13 typical sections),SIDE_BARS,,NOT_APPLICABLE,the candidate section(s) carry no side bars,False,False,"DXF GBP layer-1 face pair, clear between supports 3.228 m; support centreline 3.378 m; bar run: PRE-S5.1 support face-to-face",DXF face separation 300 mm = section B 300,p.13 section D candidates: 400,"[""P13-GB-LT5M""]",EXPLICIT_LENGTH_CONDITION,3Ø14,3Ø14,3Ø14,,Ø8,150 mm,PROVISIONAL_ONLY,BLOCKED_COMPONENT,BLOCKED_COMPONENT,True,READY_LOWER_BOUND
GSO-17C-7E3-1,GROUND_BEAM,untagged (p.13 typical sections),STIRRUP_DIAMETER,Ø8,READY,typical section callout,False,True,"DXF GBP layer-1 face pair, clear between supports 3.228 m; support centreline 3.378 m; bar run: PRE-S5.1 support face-to-face",DXF face separation 300 mm = section B 300,p.13 section D candidates: 400,"[""P13-GB-LT5M""]",EXPLICIT_LENGTH_CONDITION,3Ø14,3Ø14,3Ø14,,Ø8,150 mm,PROVISIONAL_ONLY,BLOCKED_COMPONENT,BLOCKED_COMPONENT,True,READY_LOWER_BOUND
GSO-17C-7E3-1,GROUND_BEAM,untagged (p.13 typical sections),STIRRUP_RATE,150 mm,READY,typical section callout,False,True,"DXF GBP layer-1 face pair, clear between supports 3.228 m; support centreline 3.378 m; bar run: PRE-S5.1 support face-to-face",DXF face separation 300 mm = section B 300,p.13 section D candidates: 400,"[""P13-GB-LT5M""]",EXPLICIT_LENGTH_CONDITION,3Ø14,3Ø14,3Ø14,,Ø8,150 mm,PROVISIONAL_ONLY,BLOCKED_COMPONENT,BLOCKED_COMPONENT,True,READY_LOWER_BOUND
GSO-17C-7E3-1,GROUND_BEAM,untagged (p.13 typical sections),STIRRUP_CORE_PATH,"300x400, cover 70 (soil)",PROVISIONAL_ONLY,"B, D and the 70 mm soil cover are source-established; the closed single link is drawn in the typical section but its topology is not a verified facet",False,False,"DXF GBP layer-1 face pair, clear between supports 3.228 m; support centreline 3.378 m; bar run: PRE-S5.1 support face-to-face",DXF face separation 300 mm = section B 300,p.13 section D candidates: 400,"[""P13-GB-LT5M""]",EXPLICIT_LENGTH_CONDITION,3Ø14,3Ø14,3Ø14,,Ø8,150 mm,PROVISIONAL_ONLY,BLOCKED_COMPONENT,BLOCKED_COMPONENT,True,READY_LOWER_BOUND
GSO-17C-7E3-1,GROUND_BEAM,untagged (p.13 typical sections),STIRRUP_COUNT,150 mm,READY_LOWER_BOUND,count >= ceil(clear span / spacing); first / last stirrup position not stated,False,True,"DXF GBP layer-1 face pair, clear between supports 3.228 m; support centreline 3.378 m; bar run: PRE-S5.1 support face-to-face",DXF face separation 300 mm = section B 300,p.13 section D candidates: 400,"[""P13-GB-LT5M""]",EXPLICIT_LENGTH_CONDITION,3Ø14,3Ø14,3Ø14,,Ø8,150 mm,PROVISIONAL_ONLY,BLOCKED_COMPONENT,BLOCKED_COMPONENT,True,READY_LOWER_BOUND
GSO-17C-7E3-1,GROUND_BEAM,untagged (p.13 typical sections),HOOK_1,,BLOCKED_COMPONENT,hook angle / extension: NO_PROJECT_SOURCE (engineer / code decision; never verified),False,False,"DXF GBP layer-1 face pair, clear between supports 3.228 m; support centreline 3.378 m; bar run: PRE-S5.1 support face-to-face",DXF face separation 300 mm = section B 300,p.13 section D candidates: 400,"[""P13-GB-LT5M""]",EXPLICIT_LENGTH_CONDITION,3Ø14,3Ø14,3Ø14,,Ø8,150 mm,PROVISIONAL_ONLY,BLOCKED_COMPONENT,BLOCKED_COMPONENT,True,READY_LOWER_BOUND
GSO-17C-7E3-1,GROUND_BEAM,untagged (p.13 typical sections),HOOK_2,,BLOCKED_COMPONENT,hook angle / extension: NO_PROJECT_SOURCE (engineer / code decision; never verified),False,False,"DXF GBP layer-1 face pair, clear between supports 3.228 m; support centreline 3.378 m; bar run: PRE-S5.1 support face-to-face",DXF face separation 300 mm = section B 300,p.13 section D candidates: 400,"[""P13-GB-LT5M""]",EXPLICIT_LENGTH_CONDITION,3Ø14,3Ø14,3Ø14,,Ø8,150 mm,PROVISIONAL_ONLY,BLOCKED_COMPONENT,BLOCKED_COMPONENT,True,READY_LOWER_BOUND
GSO-17C-7E3-1,GROUND_BEAM,untagged (p.13 typical sections),END_ZONE_EXTRA,,NOT_APPLICABLE,the section prints one uniform spacing; no end-zone callout,False,False,"DXF GBP layer-1 face pair, clear between supports 3.228 m; support centreline 3.378 m; bar run: PRE-S5.1 support face-to-face",DXF face separation 300 mm = section B 300,p.13 section D candidates: 400,"[""P13-GB-LT5M""]",EXPLICIT_LENGTH_CONDITION,3Ø14,3Ø14,3Ø14,,Ø8,150 mm,PROVISIONAL_ONLY,BLOCKED_COMPONENT,BLOCKED_COMPONENT,True,READY_LOWER_BOUND
GSO-17C-7E3-1,GROUND_BEAM,untagged (p.13 typical sections),END_TREATMENT,,BLOCKED_COMPONENT,bar ends at the supports are not detailed,False,False,"DXF GBP layer-1 face pair, clear between supports 3.228 m; support centreline 3.378 m; bar run: PRE-S5.1 support face-to-face",DXF face separation 300 mm = section B 300,p.13 section D candidates: 400,"[""P13-GB-LT5M""]",EXPLICIT_LENGTH_CONDITION,3Ø14,3Ø14,3Ø14,,Ø8,150 mm,PROVISIONAL_ONLY,BLOCKED_COMPONENT,BLOCKED_COMPONENT,True,READY_LOWER_BOUND
GSO-17C-7E3-1,GROUND_BEAM,untagged (p.13 typical sections),DEVELOPMENT_INTO_SUPPORT_1,,BLOCKED_COMPONENT,no beam-end anchorage rule in the project source (DEVELOPMENT_STARTER_70D_40D is 'development / tie length of starter bars only' only),False,False,"DXF GBP layer-1 face pair, clear between supports 3.228 m; support centreline 3.378 m; bar run: PRE-S5.1 support face-to-face",DXF face separation 300 mm = section B 300,p.13 section D candidates: 400,"[""P13-GB-LT5M""]",EXPLICIT_LENGTH_CONDITION,3Ø14,3Ø14,3Ø14,,Ø8,150 mm,PROVISIONAL_ONLY,BLOCKED_COMPONENT,BLOCKED_COMPONENT,True,READY_LOWER_BOUND
GSO-17C-7E3-1,GROUND_BEAM,untagged (p.13 typical sections),DEVELOPMENT_INTO_SUPPORT_2,,BLOCKED_COMPONENT,no beam-end anchorage rule in the project source (DEVELOPMENT_STARTER_70D_40D is 'development / tie length of starter bars only' only),False,False,"DXF GBP layer-1 face pair, clear between supports 3.228 m; support centreline 3.378 m; bar run: PRE-S5.1 support face-to-face",DXF face separation 300 mm = section B 300,p.13 section D candidates: 400,"[""P13-GB-LT5M""]",EXPLICIT_LENGTH_CONDITION,3Ø14,3Ø14,3Ø14,,Ø8,150 mm,PROVISIONAL_ONLY,BLOCKED_COMPONENT,BLOCKED_COMPONENT,True,READY_LOWER_BOUND
GSO-17C-7E3-1,GROUND_BEAM,untagged (p.13 typical sections),LAP,,NOT_APPLICABLE,net measurement: laps are a procurement matter (BBS firewall),False,False,"DXF GBP layer-1 face pair, clear between supports 3.228 m; support centreline 3.378 m; bar run: PRE-S5.1 support face-to-face",DXF face separation 300 mm = section B 300,p.13 section D candidates: 400,"[""P13-GB-LT5M""]",EXPLICIT_LENGTH_CONDITION,3Ø14,3Ø14,3Ø14,,Ø8,150 mm,PROVISIONAL_ONLY,BLOCKED_COMPONENT,BLOCKED_COMPONENT,True,READY_LOWER_BOUND
GSO-17D-7E4-1,GROUND_BEAM,untagged (p.13 typical sections),TOP_MAIN,3Ø14,READY_LOWER_BOUND,"straight run: support face-to-face, derived per span in PRE-S5.1 (research/pre_s5_1_source_resolution, no numerical-minimum shortcut); development / end anchorage not source-established",False,True,"DXF GBP layer-1 face pair, clear between supports 4.272 m; support centreline 4.572 m; bar run: PRE-S5.1 support face-to-face",DXF face separation 300 mm = section B 300,p.13 section D candidates: 400,"[""P13-GB-LT5M""]",EXPLICIT_LENGTH_CONDITION,3Ø14,3Ø14,3Ø14,,Ø8,150 mm,PROVISIONAL_ONLY,BLOCKED_COMPONENT,BLOCKED_COMPONENT,True,READY_LOWER_BOUND
GSO-17D-7E4-1,GROUND_BEAM,untagged (p.13 typical sections),BOTTOM_ROW_1,3Ø14,READY_LOWER_BOUND,"straight run: support face-to-face, derived per span in PRE-S5.1 (research/pre_s5_1_source_resolution, no numerical-minimum shortcut); development / end anchorage not source-established",False,True,"DXF GBP layer-1 face pair, clear between supports 4.272 m; support centreline 4.572 m; bar run: PRE-S5.1 support face-to-face",DXF face separation 300 mm = section B 300,p.13 section D candidates: 400,"[""P13-GB-LT5M""]",EXPLICIT_LENGTH_CONDITION,3Ø14,3Ø14,3Ø14,,Ø8,150 mm,PROVISIONAL_ONLY,BLOCKED_COMPONENT,BLOCKED_COMPONENT,True,READY_LOWER_BOUND
GSO-17D-7E4-1,GROUND_BEAM,untagged (p.13 typical sections),BOTTOM_ROW_2,3Ø14,READY_LOWER_BOUND,"straight run: support face-to-face, derived per span in PRE-S5.1 (research/pre_s5_1_source_resolution, no numerical-minimum shortcut); development / end anchorage not source-established",False,True,"DXF GBP layer-1 face pair, clear between supports 4.272 m; support centreline 4.572 m; bar run: PRE-S5.1 support face-to-face",DXF face separation 300 mm = section B 300,p.13 section D candidates: 400,"[""P13-GB-LT5M""]",EXPLICIT_LENGTH_CONDITION,3Ø14,3Ø14,3Ø14,,Ø8,150 mm,PROVISIONAL_ONLY,BLOCKED_COMPONENT,BLOCKED_COMPONENT,True,READY_LOWER_BOUND
GSO-17D-7E4-1,GROUND_BEAM,untagged (p.13 typical sections),SIDE_BARS,,NOT_APPLICABLE,the candidate section(s) carry no side bars,False,False,"DXF GBP layer-1 face pair, clear between supports 4.272 m; support centreline 4.572 m; bar run: PRE-S5.1 support face-to-face",DXF face separation 300 mm = section B 300,p.13 section D candidates: 400,"[""P13-GB-LT5M""]",EXPLICIT_LENGTH_CONDITION,3Ø14,3Ø14,3Ø14,,Ø8,150 mm,PROVISIONAL_ONLY,BLOCKED_COMPONENT,BLOCKED_COMPONENT,True,READY_LOWER_BOUND
GSO-17D-7E4-1,GROUND_BEAM,untagged (p.13 typical sections),STIRRUP_DIAMETER,Ø8,READY,typical section callout,False,True,"DXF GBP layer-1 face pair, clear between supports 4.272 m; support centreline 4.572 m; bar run: PRE-S5.1 support face-to-face",DXF face separation 300 mm = section B 300,p.13 section D candidates: 400,"[""P13-GB-LT5M""]",EXPLICIT_LENGTH_CONDITION,3Ø14,3Ø14,3Ø14,,Ø8,150 mm,PROVISIONAL_ONLY,BLOCKED_COMPONENT,BLOCKED_COMPONENT,True,READY_LOWER_BOUND
GSO-17D-7E4-1,GROUND_BEAM,untagged (p.13 typical sections),STIRRUP_RATE,150 mm,READY,typical section callout,False,True,"DXF GBP layer-1 face pair, clear between supports 4.272 m; support centreline 4.572 m; bar run: PRE-S5.1 support face-to-face",DXF face separation 300 mm = section B 300,p.13 section D candidates: 400,"[""P13-GB-LT5M""]",EXPLICIT_LENGTH_CONDITION,3Ø14,3Ø14,3Ø14,,Ø8,150 mm,PROVISIONAL_ONLY,BLOCKED_COMPONENT,BLOCKED_COMPONENT,True,READY_LOWER_BOUND
GSO-17D-7E4-1,GROUND_BEAM,untagged (p.13 typical sections),STIRRUP_CORE_PATH,"300x400, cover 70 (soil)",PROVISIONAL_ONLY,"B, D and the 70 mm soil cover are source-established; the closed single link is drawn in the typical section but its topology is not a verified facet",False,False,"DXF GBP layer-1 face pair, clear between supports 4.272 m; support centreline 4.572 m; bar run: PRE-S5.1 support face-to-face",DXF face separation 300 mm = section B 300,p.13 section D candidates: 400,"[""P13-GB-LT5M""]",EXPLICIT_LENGTH_CONDITION,3Ø14,3Ø14,3Ø14,,Ø8,150 mm,PROVISIONAL_ONLY,BLOCKED_COMPONENT,BLOCKED_COMPONENT,True,READY_LOWER_BOUND
GSO-17D-7E4-1,GROUND_BEAM,untagged (p.13 typical sections),STIRRUP_COUNT,150 mm,READY_LOWER_BOUND,count >= ceil(clear span / spacing); first / last stirrup position not stated,False,True,"DXF GBP layer-1 face pair, clear between supports 4.272 m; support centreline 4.572 m; bar run: PRE-S5.1 support face-to-face",DXF face separation 300 mm = section B 300,p.13 section D candidates: 400,"[""P13-GB-LT5M""]",EXPLICIT_LENGTH_CONDITION,3Ø14,3Ø14,3Ø14,,Ø8,150 mm,PROVISIONAL_ONLY,BLOCKED_COMPONENT,BLOCKED_COMPONENT,True,READY_LOWER_BOUND
GSO-17D-7E4-1,GROUND_BEAM,untagged (p.13 typical sections),HOOK_1,,BLOCKED_COMPONENT,hook angle / extension: NO_PROJECT_SOURCE (engineer / code decision; never verified),False,False,"DXF GBP layer-1 face pair, clear between supports 4.272 m; support centreline 4.572 m; bar run: PRE-S5.1 support face-to-face",DXF face separation 300 mm = section B 300,p.13 section D candidates: 400,"[""P13-GB-LT5M""]",EXPLICIT_LENGTH_CONDITION,3Ø14,3Ø14,3Ø14,,Ø8,150 mm,PROVISIONAL_ONLY,BLOCKED_COMPONENT,BLOCKED_COMPONENT,True,READY_LOWER_BOUND
GSO-17D-7E4-1,GROUND_BEAM,untagged (p.13 typical sections),HOOK_2,,BLOCKED_COMPONENT,hook angle / extension: NO_PROJECT_SOURCE (engineer / code decision; never verified),False,False,"DXF GBP layer-1 face pair, clear between supports 4.272 m; support centreline 4.572 m; bar run: PRE-S5.1 support face-to-face",DXF face separation 300 mm = section B 300,p.13 section D candidates: 400,"[""P13-GB-LT5M""]",EXPLICIT_LENGTH_CONDITION,3Ø14,3Ø14,3Ø14,,Ø8,150 mm,PROVISIONAL_ONLY,BLOCKED_COMPONENT,BLOCKED_COMPONENT,True,READY_LOWER_BOUND
GSO-17D-7E4-1,GROUND_BEAM,untagged (p.13 typical sections),END_ZONE_EXTRA,,NOT_APPLICABLE,the section prints one uniform spacing; no end-zone callout,False,False,"DXF GBP layer-1 face pair, clear between supports 4.272 m; support centreline 4.572 m; bar run: PRE-S5.1 support face-to-face",DXF face separation 300 mm = section B 300,p.13 section D candidates: 400,"[""P13-GB-LT5M""]",EXPLICIT_LENGTH_CONDITION,3Ø14,3Ø14,3Ø14,,Ø8,150 mm,PROVISIONAL_ONLY,BLOCKED_COMPONENT,BLOCKED_COMPONENT,True,READY_LOWER_BOUND
GSO-17D-7E4-1,GROUND_BEAM,untagged (p.13 typical sections),END_TREATMENT,,BLOCKED_COMPONENT,bar ends at the supports are not detailed,False,False,"DXF GBP layer-1 face pair, clear between supports 4.272 m; support centreline 4.572 m; bar run: PRE-S5.1 support face-to-face",DXF face separation 300 mm = section B 300,p.13 section D candidates: 400,"[""P13-GB-LT5M""]",EXPLICIT_LENGTH_CONDITION,3Ø14,3Ø14,3Ø14,,Ø8,150 mm,PROVISIONAL_ONLY,BLOCKED_COMPONENT,BLOCKED_COMPONENT,True,READY_LOWER_BOUND
GSO-17D-7E4-1,GROUND_BEAM,untagged (p.13 typical sections),DEVELOPMENT_INTO_SUPPORT_1,,BLOCKED_COMPONENT,no beam-end anchorage rule in the project source (DEVELOPMENT_STARTER_70D_40D is 'development / tie length of starter bars only' only),False,False,"DXF GBP layer-1 face pair, clear between supports 4.272 m; support centreline 4.572 m; bar run: PRE-S5.1 support face-to-face",DXF face separation 300 mm = section B 300,p.13 section D candidates: 400,"[""P13-GB-LT5M""]",EXPLICIT_LENGTH_CONDITION,3Ø14,3Ø14,3Ø14,,Ø8,150 mm,PROVISIONAL_ONLY,BLOCKED_COMPONENT,BLOCKED_COMPONENT,True,READY_LOWER_BOUND
GSO-17D-7E4-1,GROUND_BEAM,untagged (p.13 typical sections),DEVELOPMENT_INTO_SUPPORT_2,,BLOCKED_COMPONENT,no beam-end anchorage rule in the project source (DEVELOPMENT_STARTER_70D_40D is 'development / tie length of starter bars only' only),False,False,"DXF GBP layer-1 face pair, clear between supports 4.272 m; support centreline 4.572 m; bar run: PRE-S5.1 support face-to-face",DXF face separation 300 mm = section B 300,p.13 section D candidates: 400,"[""P13-GB-LT5M""]",EXPLICIT_LENGTH_CONDITION,3Ø14,3Ø14,3Ø14,,Ø8,150 mm,PROVISIONAL_ONLY,BLOCKED_COMPONENT,BLOCKED_COMPONENT,True,READY_LOWER_BOUND
GSO-17D-7E4-1,GROUND_BEAM,untagged (p.13 typical sections),LAP,,NOT_APPLICABLE,net measurement: laps are a procurement matter (BBS firewall),False,False,"DXF GBP layer-1 face pair, clear between supports 4.272 m; support centreline 4.572 m; bar run: PRE-S5.1 support face-to-face",DXF face separation 300 mm = section B 300,p.13 section D candidates: 400,"[""P13-GB-LT5M""]",EXPLICIT_LENGTH_CONDITION,3Ø14,3Ø14,3Ø14,,Ø8,150 mm,PROVISIONAL_ONLY,BLOCKED_COMPONENT,BLOCKED_COMPONENT,True,READY_LOWER_BOUND
GSO-17E-17F-1,GROUND_BEAM,untagged (p.13 typical sections),TOP_MAIN,3Ø14,READY_LOWER_BOUND,"straight run: support face-to-face, derived per span in PRE-S5.1 (research/pre_s5_1_source_resolution, no numerical-minimum shortcut); development / end anchorage not source-established",True,True,"DXF GBP layer-1 face pair, clear between supports 2.467 m; support centreline 3.037 m; bar run: PRE-S5.1 support face-to-face",DXF face separation 300 mm = section B 300,p.13 section D candidates: 300 | 400,"[""P13-GB-LT2_5M"", ""P13-GB-LT5M""]",CANDIDATE_DETAIL,3Ø14,3Ø14,3Ø14,,"(8, 150) | None","(8, 150) | None",BLOCKED_COMPONENT,BLOCKED_COMPONENT,BLOCKED_COMPONENT,True,READY_LOWER_BOUND
GSO-17E-17F-1,GROUND_BEAM,untagged (p.13 typical sections),BOTTOM_ROW_1,3Ø14,READY_LOWER_BOUND,"straight run: support face-to-face, derived per span in PRE-S5.1 (research/pre_s5_1_source_resolution, no numerical-minimum shortcut); development / end anchorage not source-established",True,True,"DXF GBP layer-1 face pair, clear between supports 2.467 m; support centreline 3.037 m; bar run: PRE-S5.1 support face-to-face",DXF face separation 300 mm = section B 300,p.13 section D candidates: 300 | 400,"[""P13-GB-LT2_5M"", ""P13-GB-LT5M""]",CANDIDATE_DETAIL,3Ø14,3Ø14,3Ø14,,"(8, 150) | None","(8, 150) | None",BLOCKED_COMPONENT,BLOCKED_COMPONENT,BLOCKED_COMPONENT,True,READY_LOWER_BOUND
GSO-17E-17F-1,GROUND_BEAM,untagged (p.13 typical sections),BOTTOM_ROW_2,3Ø14,READY_LOWER_BOUND,"straight run: support face-to-face, derived per span in PRE-S5.1 (research/pre_s5_1_source_resolution, no numerical-minimum shortcut); development / end anchorage not source-established",True,True,"DXF GBP layer-1 face pair, clear between supports 2.467 m; support centreline 3.037 m; bar run: PRE-S5.1 support face-to-face",DXF face separation 300 mm = section B 300,p.13 section D candidates: 300 | 400,"[""P13-GB-LT2_5M"", ""P13-GB-LT5M""]",CANDIDATE_DETAIL,3Ø14,3Ø14,3Ø14,,"(8, 150) | None","(8, 150) | None",BLOCKED_COMPONENT,BLOCKED_COMPONENT,BLOCKED_COMPONENT,True,READY_LOWER_BOUND
GSO-17E-17F-1,GROUND_BEAM,untagged (p.13 typical sections),SIDE_BARS,,NOT_APPLICABLE,the candidate section(s) carry no side bars,False,False,"DXF GBP layer-1 face pair, clear between supports 2.467 m; support centreline 3.037 m; bar run: PRE-S5.1 support face-to-face",DXF face separation 300 mm = section B 300,p.13 section D candidates: 300 | 400,"[""P13-GB-LT2_5M"", ""P13-GB-LT5M""]",CANDIDATE_DETAIL,3Ø14,3Ø14,3Ø14,,"(8, 150) | None","(8, 150) | None",BLOCKED_COMPONENT,BLOCKED_COMPONENT,BLOCKED_COMPONENT,True,READY_LOWER_BOUND
GSO-17E-17F-1,GROUND_BEAM,untagged (p.13 typical sections),STIRRUP_DIAMETER,"(8, 150) | None",BLOCKED_COMPONENT,a candidate section draws a stirrup with no size / spacing callout,False,False,"DXF GBP layer-1 face pair, clear between supports 2.467 m; support centreline 3.037 m; bar run: PRE-S5.1 support face-to-face",DXF face separation 300 mm = section B 300,p.13 section D candidates: 300 | 400,"[""P13-GB-LT2_5M"", ""P13-GB-LT5M""]",CANDIDATE_DETAIL,3Ø14,3Ø14,3Ø14,,"(8, 150) | None","(8, 150) | None",BLOCKED_COMPONENT,BLOCKED_COMPONENT,BLOCKED_COMPONENT,True,READY_LOWER_BOUND
GSO-17E-17F-1,GROUND_BEAM,untagged (p.13 typical sections),STIRRUP_RATE,"(8, 150) | None",BLOCKED_COMPONENT,a candidate section draws a stirrup with no size / spacing callout,False,False,"DXF GBP layer-1 face pair, clear between supports 2.467 m; support centreline 3.037 m; bar run: PRE-S5.1 support face-to-face",DXF face separation 300 mm = section B 300,p.13 section D candidates: 300 | 400,"[""P13-GB-LT2_5M"", ""P13-GB-LT5M""]",CANDIDATE_DETAIL,3Ø14,3Ø14,3Ø14,,"(8, 150) | None","(8, 150) | None",BLOCKED_COMPONENT,BLOCKED_COMPONENT,BLOCKED_COMPONENT,True,READY_LOWER_BOUND
GSO-17E-17F-1,GROUND_BEAM,untagged (p.13 typical sections),STIRRUP_CORE_PATH,300x300 | 300x400,BLOCKED_COMPONENT,candidate sections differ in depth,False,False,"DXF GBP layer-1 face pair, clear between supports 2.467 m; support centreline 3.037 m; bar run: PRE-S5.1 support face-to-face",DXF face separation 300 mm = section B 300,p.13 section D candidates: 300 | 400,"[""P13-GB-LT2_5M"", ""P13-GB-LT5M""]",CANDIDATE_DETAIL,3Ø14,3Ø14,3Ø14,,"(8, 150) | None","(8, 150) | None",BLOCKED_COMPONENT,BLOCKED_COMPONENT,BLOCKED_COMPONENT,True,READY_LOWER_BOUND
GSO-17E-17F-1,GROUND_BEAM,untagged (p.13 typical sections),STIRRUP_COUNT,,BLOCKED_COMPONENT,spacing not established,False,False,"DXF GBP layer-1 face pair, clear between supports 2.467 m; support centreline 3.037 m; bar run: PRE-S5.1 support face-to-face",DXF face separation 300 mm = section B 300,p.13 section D candidates: 300 | 400,"[""P13-GB-LT2_5M"", ""P13-GB-LT5M""]",CANDIDATE_DETAIL,3Ø14,3Ø14,3Ø14,,"(8, 150) | None","(8, 150) | None",BLOCKED_COMPONENT,BLOCKED_COMPONENT,BLOCKED_COMPONENT,True,READY_LOWER_BOUND
GSO-17E-17F-1,GROUND_BEAM,untagged (p.13 typical sections),HOOK_1,,BLOCKED_COMPONENT,hook angle / extension: NO_PROJECT_SOURCE (engineer / code decision; never verified),False,False,"DXF GBP layer-1 face pair, clear between supports 2.467 m; support centreline 3.037 m; bar run: PRE-S5.1 support face-to-face",DXF face separation 300 mm = section B 300,p.13 section D candidates: 300 | 400,"[""P13-GB-LT2_5M"", ""P13-GB-LT5M""]",CANDIDATE_DETAIL,3Ø14,3Ø14,3Ø14,,"(8, 150) | None","(8, 150) | None",BLOCKED_COMPONENT,BLOCKED_COMPONENT,BLOCKED_COMPONENT,True,READY_LOWER_BOUND
GSO-17E-17F-1,GROUND_BEAM,untagged (p.13 typical sections),HOOK_2,,BLOCKED_COMPONENT,hook angle / extension: NO_PROJECT_SOURCE (engineer / code decision; never verified),False,False,"DXF GBP layer-1 face pair, clear between supports 2.467 m; support centreline 3.037 m; bar run: PRE-S5.1 support face-to-face",DXF face separation 300 mm = section B 300,p.13 section D candidates: 300 | 400,"[""P13-GB-LT2_5M"", ""P13-GB-LT5M""]",CANDIDATE_DETAIL,3Ø14,3Ø14,3Ø14,,"(8, 150) | None","(8, 150) | None",BLOCKED_COMPONENT,BLOCKED_COMPONENT,BLOCKED_COMPONENT,True,READY_LOWER_BOUND
GSO-17E-17F-1,GROUND_BEAM,untagged (p.13 typical sections),END_ZONE_EXTRA,,NOT_APPLICABLE,the section prints one uniform spacing; no end-zone callout,False,False,"DXF GBP layer-1 face pair, clear between supports 2.467 m; support centreline 3.037 m; bar run: PRE-S5.1 support face-to-face",DXF face separation 300 mm = section B 300,p.13 section D candidates: 300 | 400,"[""P13-GB-LT2_5M"", ""P13-GB-LT5M""]",CANDIDATE_DETAIL,3Ø14,3Ø14,3Ø14,,"(8, 150) | None","(8, 150) | None",BLOCKED_COMPONENT,BLOCKED_COMPONENT,BLOCKED_COMPONENT,True,READY_LOWER_BOUND
GSO-17E-17F-1,GROUND_BEAM,untagged (p.13 typical sections),END_TREATMENT,,BLOCKED_COMPONENT,bar ends at the supports are not detailed,False,False,"DXF GBP layer-1 face pair, clear between supports 2.467 m; support centreline 3.037 m; bar run: PRE-S5.1 support face-to-face",DXF face separation 300 mm = section B 300,p.13 section D candidates: 300 | 400,"[""P13-GB-LT2_5M"", ""P13-GB-LT5M""]",CANDIDATE_DETAIL,3Ø14,3Ø14,3Ø14,,"(8, 150) | None","(8, 150) | None",BLOCKED_COMPONENT,BLOCKED_COMPONENT,BLOCKED_COMPONENT,True,READY_LOWER_BOUND
GSO-17E-17F-1,GROUND_BEAM,untagged (p.13 typical sections),DEVELOPMENT_INTO_SUPPORT_1,,BLOCKED_COMPONENT,no beam-end anchorage rule in the project source (DEVELOPMENT_STARTER_70D_40D is 'development / tie length of starter bars only' only),False,False,"DXF GBP layer-1 face pair, clear between supports 2.467 m; support centreline 3.037 m; bar run: PRE-S5.1 support face-to-face",DXF face separation 300 mm = section B 300,p.13 section D candidates: 300 | 400,"[""P13-GB-LT2_5M"", ""P13-GB-LT5M""]",CANDIDATE_DETAIL,3Ø14,3Ø14,3Ø14,,"(8, 150) | None","(8, 150) | None",BLOCKED_COMPONENT,BLOCKED_COMPONENT,BLOCKED_COMPONENT,True,READY_LOWER_BOUND
GSO-17E-17F-1,GROUND_BEAM,untagged (p.13 typical sections),DEVELOPMENT_INTO_SUPPORT_2,,BLOCKED_COMPONENT,no beam-end anchorage rule in the project source (DEVELOPMENT_STARTER_70D_40D is 'development / tie length of starter bars only' only),False,False,"DXF GBP layer-1 face pair, clear between supports 2.467 m; support centreline 3.037 m; bar run: PRE-S5.1 support face-to-face",DXF face separation 300 mm = section B 300,p.13 section D candidates: 300 | 400,"[""P13-GB-LT2_5M"", ""P13-GB-LT5M""]",CANDIDATE_DETAIL,3Ø14,3Ø14,3Ø14,,"(8, 150) | None","(8, 150) | None",BLOCKED_COMPONENT,BLOCKED_COMPONENT,BLOCKED_COMPONENT,True,READY_LOWER_BOUND
GSO-17E-17F-1,GROUND_BEAM,untagged (p.13 typical sections),LAP,,NOT_APPLICABLE,net measurement: laps are a procurement matter (BBS firewall),False,False,"DXF GBP layer-1 face pair, clear between supports 2.467 m; support centreline 3.037 m; bar run: PRE-S5.1 support face-to-face",DXF face separation 300 mm = section B 300,p.13 section D candidates: 300 | 400,"[""P13-GB-LT2_5M"", ""P13-GB-LT5M""]",CANDIDATE_DETAIL,3Ø14,3Ø14,3Ø14,,"(8, 150) | None","(8, 150) | None",BLOCKED_COMPONENT,BLOCKED_COMPONENT,BLOCKED_COMPONENT,True,READY_LOWER_BOUND
GSO-180-181-1,GROUND_BEAM,untagged (p.13 typical sections),TOP_MAIN,3Ø14 | 3Ø16,BLOCKED_COMPONENT,candidate details disagree: P13-GB-EXTERIOR 3Ø16; P13-GB-LT2_5M 3Ø14; P13-GB-LT5M 3Ø14,False,False,"DXF GBP layer-1 face pair, clear between supports 0.789 m; support centreline 1.513 m; bar run: PRE-S5.1 support face-to-face",DXF face separation 300 mm = section B 300,p.13 section D candidates: 300 | 400 | None,"[""P13-GB-EXTERIOR"", ""P13-GB-LT2_5M"", ""P13-GB-LT5M""]",CANDIDATE_DETAIL,3Ø14 | 3Ø16,3Ø14 | 3Ø16,3Ø14 | 3Ø16,2Ø12/30cm | None | None,"(8, 150) | (8, 150) | None","(8, 150) | (8, 150) | None",BLOCKED_COMPONENT,BLOCKED_COMPONENT,BLOCKED_COMPONENT,True,BLOCKED_COMPONENT
GSO-180-181-1,GROUND_BEAM,untagged (p.13 typical sections),BOTTOM_ROW_1,3Ø14 | 3Ø16,BLOCKED_COMPONENT,candidate details disagree: P13-GB-EXTERIOR 3Ø16; P13-GB-LT2_5M 3Ø14; P13-GB-LT5M 3Ø14,False,False,"DXF GBP layer-1 face pair, clear between supports 0.789 m; support centreline 1.513 m; bar run: PRE-S5.1 support face-to-face",DXF face separation 300 mm = section B 300,p.13 section D candidates: 300 | 400 | None,"[""P13-GB-EXTERIOR"", ""P13-GB-LT2_5M"", ""P13-GB-LT5M""]",CANDIDATE_DETAIL,3Ø14 | 3Ø16,3Ø14 | 3Ø16,3Ø14 | 3Ø16,2Ø12/30cm | None | None,"(8, 150) | (8, 150) | None","(8, 150) | (8, 150) | None",BLOCKED_COMPONENT,BLOCKED_COMPONENT,BLOCKED_COMPONENT,True,BLOCKED_COMPONENT
GSO-180-181-1,GROUND_BEAM,untagged (p.13 typical sections),BOTTOM_ROW_2,3Ø14 | 3Ø16,BLOCKED_COMPONENT,candidate details disagree: P13-GB-EXTERIOR 3Ø16; P13-GB-LT2_5M 3Ø14; P13-GB-LT5M 3Ø14,False,False,"DXF GBP layer-1 face pair, clear between supports 0.789 m; support centreline 1.513 m; bar run: PRE-S5.1 support face-to-face",DXF face separation 300 mm = section B 300,p.13 section D candidates: 300 | 400 | None,"[""P13-GB-EXTERIOR"", ""P13-GB-LT2_5M"", ""P13-GB-LT5M""]",CANDIDATE_DETAIL,3Ø14 | 3Ø16,3Ø14 | 3Ø16,3Ø14 | 3Ø16,2Ø12/30cm | None | None,"(8, 150) | (8, 150) | None","(8, 150) | (8, 150) | None",BLOCKED_COMPONENT,BLOCKED_COMPONENT,BLOCKED_COMPONENT,True,BLOCKED_COMPONENT
GSO-180-181-1,GROUND_BEAM,untagged (p.13 typical sections),SIDE_BARS,2Ø12/30cm | None | None,BLOCKED_COMPONENT,side bars 2Ø12 per 30 cm of depth; depth FOLLOW ARCH. not printed; other candidates have none,False,False,"DXF GBP layer-1 face pair, clear between supports 0.789 m; support centreline 1.513 m; bar run: PRE-S5.1 support face-to-face",DXF face separation 300 mm = section B 300,p.13 section D candidates: 300 | 400 | None,"[""P13-GB-EXTERIOR"", ""P13-GB-LT2_5M"", ""P13-GB-LT5M""]",CANDIDATE_DETAIL,3Ø14 | 3Ø16,3Ø14 | 3Ø16,3Ø14 | 3Ø16,2Ø12/30cm | None | None,"(8, 150) | (8, 150) | None","(8, 150) | (8, 150) | None",BLOCKED_COMPONENT,BLOCKED_COMPONENT,BLOCKED_COMPONENT,True,BLOCKED_COMPONENT
GSO-180-181-1,GROUND_BEAM,untagged (p.13 typical sections),STIRRUP_DIAMETER,"(8, 150) | (8, 150) | None",BLOCKED_COMPONENT,a candidate section draws a stirrup with no size / spacing callout,False,False,"DXF GBP layer-1 face pair, clear between supports 0.789 m; support centreline 1.513 m; bar run: PRE-S5.1 support face-to-face",DXF face separation 300 mm = section B 300,p.13 section D candidates: 300 | 400 | None,"[""P13-GB-EXTERIOR"", ""P13-GB-LT2_5M"", ""P13-GB-LT5M""]",CANDIDATE_DETAIL,3Ø14 | 3Ø16,3Ø14 | 3Ø16,3Ø14 | 3Ø16,2Ø12/30cm | None | None,"(8, 150) | (8, 150) | None","(8, 150) | (8, 150) | None",BLOCKED_COMPONENT,BLOCKED_COMPONENT,BLOCKED_COMPONENT,True,BLOCKED_COMPONENT
GSO-180-181-1,GROUND_BEAM,untagged (p.13 typical sections),STIRRUP_RATE,"(8, 150) | (8, 150) | None",BLOCKED_COMPONENT,a candidate section draws a stirrup with no size / spacing callout,False,False,"DXF GBP layer-1 face pair, clear between supports 0.789 m; support centreline 1.513 m; bar run: PRE-S5.1 support face-to-face",DXF face separation 300 mm = section B 300,p.13 section D candidates: 300 | 400 | None,"[""P13-GB-EXTERIOR"", ""P13-GB-LT2_5M"", ""P13-GB-LT5M""]",CANDIDATE_DETAIL,3Ø14 | 3Ø16,3Ø14 | 3Ø16,3Ø14 | 3Ø16,2Ø12/30cm | None | None,"(8, 150) | (8, 150) | None","(8, 150) | (8, 150) | None",BLOCKED_COMPONENT,BLOCKED_COMPONENT,BLOCKED_COMPONENT,True,BLOCKED_COMPONENT
GSO-180-181-1,GROUND_BEAM,untagged (p.13 typical sections),STIRRUP_CORE_PATH,D = FOLLOW ARCH.,BLOCKED_COMPONENT,section depth not printed (FOLLOW ARCH.),False,False,"DXF GBP layer-1 face pair, clear between supports 0.789 m; support centreline 1.513 m; bar run: PRE-S5.1 support face-to-face",DXF face separation 300 mm = section B 300,p.13 section D candidates: 300 | 400 | None,"[""P13-GB-EXTERIOR"", ""P13-GB-LT2_5M"", ""P13-GB-LT5M""]",CANDIDATE_DETAIL,3Ø14 | 3Ø16,3Ø14 | 3Ø16,3Ø14 | 3Ø16,2Ø12/30cm | None | None,"(8, 150) | (8, 150) | None","(8, 150) | (8, 150) | None",BLOCKED_COMPONENT,BLOCKED_COMPONENT,BLOCKED_COMPONENT,True,BLOCKED_COMPONENT
GSO-180-181-1,GROUND_BEAM,untagged (p.13 typical sections),STIRRUP_COUNT,,BLOCKED_COMPONENT,spacing not established,False,False,"DXF GBP layer-1 face pair, clear between supports 0.789 m; support centreline 1.513 m; bar run: PRE-S5.1 support face-to-face",DXF face separation 300 mm = section B 300,p.13 section D candidates: 300 | 400 | None,"[""P13-GB-EXTERIOR"", ""P13-GB-LT2_5M"", ""P13-GB-LT5M""]",CANDIDATE_DETAIL,3Ø14 | 3Ø16,3Ø14 | 3Ø16,3Ø14 | 3Ø16,2Ø12/30cm | None | None,"(8, 150) | (8, 150) | None","(8, 150) | (8, 150) | None",BLOCKED_COMPONENT,BLOCKED_COMPONENT,BLOCKED_COMPONENT,True,BLOCKED_COMPONENT
GSO-180-181-1,GROUND_BEAM,untagged (p.13 typical sections),HOOK_1,,BLOCKED_COMPONENT,hook angle / extension: NO_PROJECT_SOURCE (engineer / code decision; never verified),False,False,"DXF GBP layer-1 face pair, clear between supports 0.789 m; support centreline 1.513 m; bar run: PRE-S5.1 support face-to-face",DXF face separation 300 mm = section B 300,p.13 section D candidates: 300 | 400 | None,"[""P13-GB-EXTERIOR"", ""P13-GB-LT2_5M"", ""P13-GB-LT5M""]",CANDIDATE_DETAIL,3Ø14 | 3Ø16,3Ø14 | 3Ø16,3Ø14 | 3Ø16,2Ø12/30cm | None | None,"(8, 150) | (8, 150) | None","(8, 150) | (8, 150) | None",BLOCKED_COMPONENT,BLOCKED_COMPONENT,BLOCKED_COMPONENT,True,BLOCKED_COMPONENT
GSO-180-181-1,GROUND_BEAM,untagged (p.13 typical sections),HOOK_2,,BLOCKED_COMPONENT,hook angle / extension: NO_PROJECT_SOURCE (engineer / code decision; never verified),False,False,"DXF GBP layer-1 face pair, clear between supports 0.789 m; support centreline 1.513 m; bar run: PRE-S5.1 support face-to-face",DXF face separation 300 mm = section B 300,p.13 section D candidates: 300 | 400 | None,"[""P13-GB-EXTERIOR"", ""P13-GB-LT2_5M"", ""P13-GB-LT5M""]",CANDIDATE_DETAIL,3Ø14 | 3Ø16,3Ø14 | 3Ø16,3Ø14 | 3Ø16,2Ø12/30cm | None | None,"(8, 150) | (8, 150) | None","(8, 150) | (8, 150) | None",BLOCKED_COMPONENT,BLOCKED_COMPONENT,BLOCKED_COMPONENT,True,BLOCKED_COMPONENT
GSO-180-181-1,GROUND_BEAM,untagged (p.13 typical sections),END_ZONE_EXTRA,,NOT_APPLICABLE,the section prints one uniform spacing; no end-zone callout,False,False,"DXF GBP layer-1 face pair, clear between supports 0.789 m; support centreline 1.513 m; bar run: PRE-S5.1 support face-to-face",DXF face separation 300 mm = section B 300,p.13 section D candidates: 300 | 400 | None,"[""P13-GB-EXTERIOR"", ""P13-GB-LT2_5M"", ""P13-GB-LT5M""]",CANDIDATE_DETAIL,3Ø14 | 3Ø16,3Ø14 | 3Ø16,3Ø14 | 3Ø16,2Ø12/30cm | None | None,"(8, 150) | (8, 150) | None","(8, 150) | (8, 150) | None",BLOCKED_COMPONENT,BLOCKED_COMPONENT,BLOCKED_COMPONENT,True,BLOCKED_COMPONENT
GSO-180-181-1,GROUND_BEAM,untagged (p.13 typical sections),END_TREATMENT,,BLOCKED_COMPONENT,bar ends at the supports are not detailed,False,False,"DXF GBP layer-1 face pair, clear between supports 0.789 m; support centreline 1.513 m; bar run: PRE-S5.1 support face-to-face",DXF face separation 300 mm = section B 300,p.13 section D candidates: 300 | 400 | None,"[""P13-GB-EXTERIOR"", ""P13-GB-LT2_5M"", ""P13-GB-LT5M""]",CANDIDATE_DETAIL,3Ø14 | 3Ø16,3Ø14 | 3Ø16,3Ø14 | 3Ø16,2Ø12/30cm | None | None,"(8, 150) | (8, 150) | None","(8, 150) | (8, 150) | None",BLOCKED_COMPONENT,BLOCKED_COMPONENT,BLOCKED_COMPONENT,True,BLOCKED_COMPONENT
GSO-180-181-1,GROUND_BEAM,untagged (p.13 typical sections),DEVELOPMENT_INTO_SUPPORT_1,,BLOCKED_COMPONENT,no beam-end anchorage rule in the project source (DEVELOPMENT_STARTER_70D_40D is 'development / tie length of starter bars only' only),False,False,"DXF GBP layer-1 face pair, clear between supports 0.789 m; support centreline 1.513 m; bar run: PRE-S5.1 support face-to-face",DXF face separation 300 mm = section B 300,p.13 section D candidates: 300 | 400 | None,"[""P13-GB-EXTERIOR"", ""P13-GB-LT2_5M"", ""P13-GB-LT5M""]",CANDIDATE_DETAIL,3Ø14 | 3Ø16,3Ø14 | 3Ø16,3Ø14 | 3Ø16,2Ø12/30cm | None | None,"(8, 150) | (8, 150) | None","(8, 150) | (8, 150) | None",BLOCKED_COMPONENT,BLOCKED_COMPONENT,BLOCKED_COMPONENT,True,BLOCKED_COMPONENT
GSO-180-181-1,GROUND_BEAM,untagged (p.13 typical sections),DEVELOPMENT_INTO_SUPPORT_2,,BLOCKED_COMPONENT,no beam-end anchorage rule in the project source (DEVELOPMENT_STARTER_70D_40D is 'development / tie length of starter bars only' only),False,False,"DXF GBP layer-1 face pair, clear between supports 0.789 m; support centreline 1.513 m; bar run: PRE-S5.1 support face-to-face",DXF face separation 300 mm = section B 300,p.13 section D candidates: 300 | 400 | None,"[""P13-GB-EXTERIOR"", ""P13-GB-LT2_5M"", ""P13-GB-LT5M""]",CANDIDATE_DETAIL,3Ø14 | 3Ø16,3Ø14 | 3Ø16,3Ø14 | 3Ø16,2Ø12/30cm | None | None,"(8, 150) | (8, 150) | None","(8, 150) | (8, 150) | None",BLOCKED_COMPONENT,BLOCKED_COMPONENT,BLOCKED_COMPONENT,True,BLOCKED_COMPONENT
GSO-180-181-1,GROUND_BEAM,untagged (p.13 typical sections),LAP,,NOT_APPLICABLE,net measurement: laps are a procurement matter (BBS firewall),False,False,"DXF GBP layer-1 face pair, clear between supports 0.789 m; support centreline 1.513 m; bar run: PRE-S5.1 support face-to-face",DXF face separation 300 mm = section B 300,p.13 section D candidates: 300 | 400 | None,"[""P13-GB-EXTERIOR"", ""P13-GB-LT2_5M"", ""P13-GB-LT5M""]",CANDIDATE_DETAIL,3Ø14 | 3Ø16,3Ø14 | 3Ø16,3Ø14 | 3Ø16,2Ø12/30cm | None | None,"(8, 150) | (8, 150) | None","(8, 150) | (8, 150) | None",BLOCKED_COMPONENT,BLOCKED_COMPONENT,BLOCKED_COMPONENT,True,BLOCKED_COMPONENT
GSO-180D-180E-1,GROUND_BEAM,untagged (p.13 typical sections),TOP_MAIN,3Ø14 | 3Ø16,BLOCKED_COMPONENT,candidate details disagree: P13-GB-EXTERIOR 3Ø16; P13-GB-LT2_5M 3Ø14; P13-GB-LT5M 3Ø14,False,False,"DXF GBP layer-1 face pair, clear between supports 2.100 m; support centreline 2.400 m; bar run: PRE-S5.1 support face-to-face",DXF face separation 300 mm = section B 300,p.13 section D candidates: 300 | 400 | None,"[""P13-GB-EXTERIOR"", ""P13-GB-LT2_5M"", ""P13-GB-LT5M""]",CANDIDATE_DETAIL,3Ø14 | 3Ø16,3Ø14 | 3Ø16,3Ø14 | 3Ø16,2Ø12/30cm | None | None,"(8, 150) | (8, 150) | None","(8, 150) | (8, 150) | None",BLOCKED_COMPONENT,BLOCKED_COMPONENT,BLOCKED_COMPONENT,True,BLOCKED_COMPONENT
GSO-180D-180E-1,GROUND_BEAM,untagged (p.13 typical sections),BOTTOM_ROW_1,3Ø14 | 3Ø16,BLOCKED_COMPONENT,candidate details disagree: P13-GB-EXTERIOR 3Ø16; P13-GB-LT2_5M 3Ø14; P13-GB-LT5M 3Ø14,False,False,"DXF GBP layer-1 face pair, clear between supports 2.100 m; support centreline 2.400 m; bar run: PRE-S5.1 support face-to-face",DXF face separation 300 mm = section B 300,p.13 section D candidates: 300 | 400 | None,"[""P13-GB-EXTERIOR"", ""P13-GB-LT2_5M"", ""P13-GB-LT5M""]",CANDIDATE_DETAIL,3Ø14 | 3Ø16,3Ø14 | 3Ø16,3Ø14 | 3Ø16,2Ø12/30cm | None | None,"(8, 150) | (8, 150) | None","(8, 150) | (8, 150) | None",BLOCKED_COMPONENT,BLOCKED_COMPONENT,BLOCKED_COMPONENT,True,BLOCKED_COMPONENT
GSO-180D-180E-1,GROUND_BEAM,untagged (p.13 typical sections),BOTTOM_ROW_2,3Ø14 | 3Ø16,BLOCKED_COMPONENT,candidate details disagree: P13-GB-EXTERIOR 3Ø16; P13-GB-LT2_5M 3Ø14; P13-GB-LT5M 3Ø14,False,False,"DXF GBP layer-1 face pair, clear between supports 2.100 m; support centreline 2.400 m; bar run: PRE-S5.1 support face-to-face",DXF face separation 300 mm = section B 300,p.13 section D candidates: 300 | 400 | None,"[""P13-GB-EXTERIOR"", ""P13-GB-LT2_5M"", ""P13-GB-LT5M""]",CANDIDATE_DETAIL,3Ø14 | 3Ø16,3Ø14 | 3Ø16,3Ø14 | 3Ø16,2Ø12/30cm | None | None,"(8, 150) | (8, 150) | None","(8, 150) | (8, 150) | None",BLOCKED_COMPONENT,BLOCKED_COMPONENT,BLOCKED_COMPONENT,True,BLOCKED_COMPONENT
GSO-180D-180E-1,GROUND_BEAM,untagged (p.13 typical sections),SIDE_BARS,2Ø12/30cm | None | None,BLOCKED_COMPONENT,side bars 2Ø12 per 30 cm of depth; depth FOLLOW ARCH. not printed; other candidates have none,False,False,"DXF GBP layer-1 face pair, clear between supports 2.100 m; support centreline 2.400 m; bar run: PRE-S5.1 support face-to-face",DXF face separation 300 mm = section B 300,p.13 section D candidates: 300 | 400 | None,"[""P13-GB-EXTERIOR"", ""P13-GB-LT2_5M"", ""P13-GB-LT5M""]",CANDIDATE_DETAIL,3Ø14 | 3Ø16,3Ø14 | 3Ø16,3Ø14 | 3Ø16,2Ø12/30cm | None | None,"(8, 150) | (8, 150) | None","(8, 150) | (8, 150) | None",BLOCKED_COMPONENT,BLOCKED_COMPONENT,BLOCKED_COMPONENT,True,BLOCKED_COMPONENT
GSO-180D-180E-1,GROUND_BEAM,untagged (p.13 typical sections),STIRRUP_DIAMETER,"(8, 150) | (8, 150) | None",BLOCKED_COMPONENT,a candidate section draws a stirrup with no size / spacing callout,False,False,"DXF GBP layer-1 face pair, clear between supports 2.100 m; support centreline 2.400 m; bar run: PRE-S5.1 support face-to-face",DXF face separation 300 mm = section B 300,p.13 section D candidates: 300 | 400 | None,"[""P13-GB-EXTERIOR"", ""P13-GB-LT2_5M"", ""P13-GB-LT5M""]",CANDIDATE_DETAIL,3Ø14 | 3Ø16,3Ø14 | 3Ø16,3Ø14 | 3Ø16,2Ø12/30cm | None | None,"(8, 150) | (8, 150) | None","(8, 150) | (8, 150) | None",BLOCKED_COMPONENT,BLOCKED_COMPONENT,BLOCKED_COMPONENT,True,BLOCKED_COMPONENT
GSO-180D-180E-1,GROUND_BEAM,untagged (p.13 typical sections),STIRRUP_RATE,"(8, 150) | (8, 150) | None",BLOCKED_COMPONENT,a candidate section draws a stirrup with no size / spacing callout,False,False,"DXF GBP layer-1 face pair, clear between supports 2.100 m; support centreline 2.400 m; bar run: PRE-S5.1 support face-to-face",DXF face separation 300 mm = section B 300,p.13 section D candidates: 300 | 400 | None,"[""P13-GB-EXTERIOR"", ""P13-GB-LT2_5M"", ""P13-GB-LT5M""]",CANDIDATE_DETAIL,3Ø14 | 3Ø16,3Ø14 | 3Ø16,3Ø14 | 3Ø16,2Ø12/30cm | None | None,"(8, 150) | (8, 150) | None","(8, 150) | (8, 150) | None",BLOCKED_COMPONENT,BLOCKED_COMPONENT,BLOCKED_COMPONENT,True,BLOCKED_COMPONENT
GSO-180D-180E-1,GROUND_BEAM,untagged (p.13 typical sections),STIRRUP_CORE_PATH,D = FOLLOW ARCH.,BLOCKED_COMPONENT,section depth not printed (FOLLOW ARCH.),False,False,"DXF GBP layer-1 face pair, clear between supports 2.100 m; support centreline 2.400 m; bar run: PRE-S5.1 support face-to-face",DXF face separation 300 mm = section B 300,p.13 section D candidates: 300 | 400 | None,"[""P13-GB-EXTERIOR"", ""P13-GB-LT2_5M"", ""P13-GB-LT5M""]",CANDIDATE_DETAIL,3Ø14 | 3Ø16,3Ø14 | 3Ø16,3Ø14 | 3Ø16,2Ø12/30cm | None | None,"(8, 150) | (8, 150) | None","(8, 150) | (8, 150) | None",BLOCKED_COMPONENT,BLOCKED_COMPONENT,BLOCKED_COMPONENT,True,BLOCKED_COMPONENT
GSO-180D-180E-1,GROUND_BEAM,untagged (p.13 typical sections),STIRRUP_COUNT,,BLOCKED_COMPONENT,spacing not established,False,False,"DXF GBP layer-1 face pair, clear between supports 2.100 m; support centreline 2.400 m; bar run: PRE-S5.1 support face-to-face",DXF face separation 300 mm = section B 300,p.13 section D candidates: 300 | 400 | None,"[""P13-GB-EXTERIOR"", ""P13-GB-LT2_5M"", ""P13-GB-LT5M""]",CANDIDATE_DETAIL,3Ø14 | 3Ø16,3Ø14 | 3Ø16,3Ø14 | 3Ø16,2Ø12/30cm | None | None,"(8, 150) | (8, 150) | None","(8, 150) | (8, 150) | None",BLOCKED_COMPONENT,BLOCKED_COMPONENT,BLOCKED_COMPONENT,True,BLOCKED_COMPONENT
GSO-180D-180E-1,GROUND_BEAM,untagged (p.13 typical sections),HOOK_1,,BLOCKED_COMPONENT,hook angle / extension: NO_PROJECT_SOURCE (engineer / code decision; never verified),False,False,"DXF GBP layer-1 face pair, clear between supports 2.100 m; support centreline 2.400 m; bar run: PRE-S5.1 support face-to-face",DXF face separation 300 mm = section B 300,p.13 section D candidates: 300 | 400 | None,"[""P13-GB-EXTERIOR"", ""P13-GB-LT2_5M"", ""P13-GB-LT5M""]",CANDIDATE_DETAIL,3Ø14 | 3Ø16,3Ø14 | 3Ø16,3Ø14 | 3Ø16,2Ø12/30cm | None | None,"(8, 150) | (8, 150) | None","(8, 150) | (8, 150) | None",BLOCKED_COMPONENT,BLOCKED_COMPONENT,BLOCKED_COMPONENT,True,BLOCKED_COMPONENT
GSO-180D-180E-1,GROUND_BEAM,untagged (p.13 typical sections),HOOK_2,,BLOCKED_COMPONENT,hook angle / extension: NO_PROJECT_SOURCE (engineer / code decision; never verified),False,False,"DXF GBP layer-1 face pair, clear between supports 2.100 m; support centreline 2.400 m; bar run: PRE-S5.1 support face-to-face",DXF face separation 300 mm = section B 300,p.13 section D candidates: 300 | 400 | None,"[""P13-GB-EXTERIOR"", ""P13-GB-LT2_5M"", ""P13-GB-LT5M""]",CANDIDATE_DETAIL,3Ø14 | 3Ø16,3Ø14 | 3Ø16,3Ø14 | 3Ø16,2Ø12/30cm | None | None,"(8, 150) | (8, 150) | None","(8, 150) | (8, 150) | None",BLOCKED_COMPONENT,BLOCKED_COMPONENT,BLOCKED_COMPONENT,True,BLOCKED_COMPONENT
GSO-180D-180E-1,GROUND_BEAM,untagged (p.13 typical sections),END_ZONE_EXTRA,,NOT_APPLICABLE,the section prints one uniform spacing; no end-zone callout,False,False,"DXF GBP layer-1 face pair, clear between supports 2.100 m; support centreline 2.400 m; bar run: PRE-S5.1 support face-to-face",DXF face separation 300 mm = section B 300,p.13 section D candidates: 300 | 400 | None,"[""P13-GB-EXTERIOR"", ""P13-GB-LT2_5M"", ""P13-GB-LT5M""]",CANDIDATE_DETAIL,3Ø14 | 3Ø16,3Ø14 | 3Ø16,3Ø14 | 3Ø16,2Ø12/30cm | None | None,"(8, 150) | (8, 150) | None","(8, 150) | (8, 150) | None",BLOCKED_COMPONENT,BLOCKED_COMPONENT,BLOCKED_COMPONENT,True,BLOCKED_COMPONENT
GSO-180D-180E-1,GROUND_BEAM,untagged (p.13 typical sections),END_TREATMENT,,BLOCKED_COMPONENT,bar ends at the supports are not detailed,False,False,"DXF GBP layer-1 face pair, clear between supports 2.100 m; support centreline 2.400 m; bar run: PRE-S5.1 support face-to-face",DXF face separation 300 mm = section B 300,p.13 section D candidates: 300 | 400 | None,"[""P13-GB-EXTERIOR"", ""P13-GB-LT2_5M"", ""P13-GB-LT5M""]",CANDIDATE_DETAIL,3Ø14 | 3Ø16,3Ø14 | 3Ø16,3Ø14 | 3Ø16,2Ø12/30cm | None | None,"(8, 150) | (8, 150) | None","(8, 150) | (8, 150) | None",BLOCKED_COMPONENT,BLOCKED_COMPONENT,BLOCKED_COMPONENT,True,BLOCKED_COMPONENT
GSO-180D-180E-1,GROUND_BEAM,untagged (p.13 typical sections),DEVELOPMENT_INTO_SUPPORT_1,,BLOCKED_COMPONENT,no beam-end anchorage rule in the project source (DEVELOPMENT_STARTER_70D_40D is 'development / tie length of starter bars only' only),False,False,"DXF GBP layer-1 face pair, clear between supports 2.100 m; support centreline 2.400 m; bar run: PRE-S5.1 support face-to-face",DXF face separation 300 mm = section B 300,p.13 section D candidates: 300 | 400 | None,"[""P13-GB-EXTERIOR"", ""P13-GB-LT2_5M"", ""P13-GB-LT5M""]",CANDIDATE_DETAIL,3Ø14 | 3Ø16,3Ø14 | 3Ø16,3Ø14 | 3Ø16,2Ø12/30cm | None | None,"(8, 150) | (8, 150) | None","(8, 150) | (8, 150) | None",BLOCKED_COMPONENT,BLOCKED_COMPONENT,BLOCKED_COMPONENT,True,BLOCKED_COMPONENT
GSO-180D-180E-1,GROUND_BEAM,untagged (p.13 typical sections),DEVELOPMENT_INTO_SUPPORT_2,,BLOCKED_COMPONENT,no beam-end anchorage rule in the project source (DEVELOPMENT_STARTER_70D_40D is 'development / tie length of starter bars only' only),False,False,"DXF GBP layer-1 face pair, clear between supports 2.100 m; support centreline 2.400 m; bar run: PRE-S5.1 support face-to-face",DXF face separation 300 mm = section B 300,p.13 section D candidates: 300 | 400 | None,"[""P13-GB-EXTERIOR"", ""P13-GB-LT2_5M"", ""P13-GB-LT5M""]",CANDIDATE_DETAIL,3Ø14 | 3Ø16,3Ø14 | 3Ø16,3Ø14 | 3Ø16,2Ø12/30cm | None | None,"(8, 150) | (8, 150) | None","(8, 150) | (8, 150) | None",BLOCKED_COMPONENT,BLOCKED_COMPONENT,BLOCKED_COMPONENT,True,BLOCKED_COMPONENT
GSO-180D-180E-1,GROUND_BEAM,untagged (p.13 typical sections),LAP,,NOT_APPLICABLE,net measurement: laps are a procurement matter (BBS firewall),False,False,"DXF GBP layer-1 face pair, clear between supports 2.100 m; support centreline 2.400 m; bar run: PRE-S5.1 support face-to-face",DXF face separation 300 mm = section B 300,p.13 section D candidates: 300 | 400 | None,"[""P13-GB-EXTERIOR"", ""P13-GB-LT2_5M"", ""P13-GB-LT5M""]",CANDIDATE_DETAIL,3Ø14 | 3Ø16,3Ø14 | 3Ø16,3Ø14 | 3Ø16,2Ø12/30cm | None | None,"(8, 150) | (8, 150) | None","(8, 150) | (8, 150) | None",BLOCKED_COMPONENT,BLOCKED_COMPONENT,BLOCKED_COMPONENT,True,BLOCKED_COMPONENT
GSO-1811-1812-1,GROUND_BEAM,untagged (p.13 typical sections),TOP_MAIN,3Ø14 | 3Ø16,BLOCKED_COMPONENT,candidate details disagree: P13-GB-EXTERIOR 3Ø16; P13-GB-LT2_5M 3Ø14; P13-GB-LT5M 3Ø14,False,False,"DXF GBP layer-1 face pair, clear between supports 1.300 m; support centreline 1.300 m; bar run: PRE-S5.1 support face-to-face",DXF face separation 300 mm = section B 300,p.13 section D candidates: 300 | 400 | None,"[""P13-GB-EXTERIOR"", ""P13-GB-LT2_5M"", ""P13-GB-LT5M""]",CANDIDATE_DETAIL,3Ø14 | 3Ø16,3Ø14 | 3Ø16,3Ø14 | 3Ø16,2Ø12/30cm | None | None,"(8, 150) | (8, 150) | None","(8, 150) | (8, 150) | None",BLOCKED_COMPONENT,BLOCKED_COMPONENT,BLOCKED_COMPONENT,True,BLOCKED_COMPONENT
GSO-1811-1812-1,GROUND_BEAM,untagged (p.13 typical sections),BOTTOM_ROW_1,3Ø14 | 3Ø16,BLOCKED_COMPONENT,candidate details disagree: P13-GB-EXTERIOR 3Ø16; P13-GB-LT2_5M 3Ø14; P13-GB-LT5M 3Ø14,False,False,"DXF GBP layer-1 face pair, clear between supports 1.300 m; support centreline 1.300 m; bar run: PRE-S5.1 support face-to-face",DXF face separation 300 mm = section B 300,p.13 section D candidates: 300 | 400 | None,"[""P13-GB-EXTERIOR"", ""P13-GB-LT2_5M"", ""P13-GB-LT5M""]",CANDIDATE_DETAIL,3Ø14 | 3Ø16,3Ø14 | 3Ø16,3Ø14 | 3Ø16,2Ø12/30cm | None | None,"(8, 150) | (8, 150) | None","(8, 150) | (8, 150) | None",BLOCKED_COMPONENT,BLOCKED_COMPONENT,BLOCKED_COMPONENT,True,BLOCKED_COMPONENT
GSO-1811-1812-1,GROUND_BEAM,untagged (p.13 typical sections),BOTTOM_ROW_2,3Ø14 | 3Ø16,BLOCKED_COMPONENT,candidate details disagree: P13-GB-EXTERIOR 3Ø16; P13-GB-LT2_5M 3Ø14; P13-GB-LT5M 3Ø14,False,False,"DXF GBP layer-1 face pair, clear between supports 1.300 m; support centreline 1.300 m; bar run: PRE-S5.1 support face-to-face",DXF face separation 300 mm = section B 300,p.13 section D candidates: 300 | 400 | None,"[""P13-GB-EXTERIOR"", ""P13-GB-LT2_5M"", ""P13-GB-LT5M""]",CANDIDATE_DETAIL,3Ø14 | 3Ø16,3Ø14 | 3Ø16,3Ø14 | 3Ø16,2Ø12/30cm | None | None,"(8, 150) | (8, 150) | None","(8, 150) | (8, 150) | None",BLOCKED_COMPONENT,BLOCKED_COMPONENT,BLOCKED_COMPONENT,True,BLOCKED_COMPONENT
GSO-1811-1812-1,GROUND_BEAM,untagged (p.13 typical sections),SIDE_BARS,2Ø12/30cm | None | None,BLOCKED_COMPONENT,side bars 2Ø12 per 30 cm of depth; depth FOLLOW ARCH. not printed; other candidates have none,False,False,"DXF GBP layer-1 face pair, clear between supports 1.300 m; support centreline 1.300 m; bar run: PRE-S5.1 support face-to-face",DXF face separation 300 mm = section B 300,p.13 section D candidates: 300 | 400 | None,"[""P13-GB-EXTERIOR"", ""P13-GB-LT2_5M"", ""P13-GB-LT5M""]",CANDIDATE_DETAIL,3Ø14 | 3Ø16,3Ø14 | 3Ø16,3Ø14 | 3Ø16,2Ø12/30cm | None | None,"(8, 150) | (8, 150) | None","(8, 150) | (8, 150) | None",BLOCKED_COMPONENT,BLOCKED_COMPONENT,BLOCKED_COMPONENT,True,BLOCKED_COMPONENT
GSO-1811-1812-1,GROUND_BEAM,untagged (p.13 typical sections),STIRRUP_DIAMETER,"(8, 150) | (8, 150) | None",BLOCKED_COMPONENT,a candidate section draws a stirrup with no size / spacing callout,False,False,"DXF GBP layer-1 face pair, clear between supports 1.300 m; support centreline 1.300 m; bar run: PRE-S5.1 support face-to-face",DXF face separation 300 mm = section B 300,p.13 section D candidates: 300 | 400 | None,"[""P13-GB-EXTERIOR"", ""P13-GB-LT2_5M"", ""P13-GB-LT5M""]",CANDIDATE_DETAIL,3Ø14 | 3Ø16,3Ø14 | 3Ø16,3Ø14 | 3Ø16,2Ø12/30cm | None | None,"(8, 150) | (8, 150) | None","(8, 150) | (8, 150) | None",BLOCKED_COMPONENT,BLOCKED_COMPONENT,BLOCKED_COMPONENT,True,BLOCKED_COMPONENT
GSO-1811-1812-1,GROUND_BEAM,untagged (p.13 typical sections),STIRRUP_RATE,"(8, 150) | (8, 150) | None",BLOCKED_COMPONENT,a candidate section draws a stirrup with no size / spacing callout,False,False,"DXF GBP layer-1 face pair, clear between supports 1.300 m; support centreline 1.300 m; bar run: PRE-S5.1 support face-to-face",DXF face separation 300 mm = section B 300,p.13 section D candidates: 300 | 400 | None,"[""P13-GB-EXTERIOR"", ""P13-GB-LT2_5M"", ""P13-GB-LT5M""]",CANDIDATE_DETAIL,3Ø14 | 3Ø16,3Ø14 | 3Ø16,3Ø14 | 3Ø16,2Ø12/30cm | None | None,"(8, 150) | (8, 150) | None","(8, 150) | (8, 150) | None",BLOCKED_COMPONENT,BLOCKED_COMPONENT,BLOCKED_COMPONENT,True,BLOCKED_COMPONENT
GSO-1811-1812-1,GROUND_BEAM,untagged (p.13 typical sections),STIRRUP_CORE_PATH,D = FOLLOW ARCH.,BLOCKED_COMPONENT,section depth not printed (FOLLOW ARCH.),False,False,"DXF GBP layer-1 face pair, clear between supports 1.300 m; support centreline 1.300 m; bar run: PRE-S5.1 support face-to-face",DXF face separation 300 mm = section B 300,p.13 section D candidates: 300 | 400 | None,"[""P13-GB-EXTERIOR"", ""P13-GB-LT2_5M"", ""P13-GB-LT5M""]",CANDIDATE_DETAIL,3Ø14 | 3Ø16,3Ø14 | 3Ø16,3Ø14 | 3Ø16,2Ø12/30cm | None | None,"(8, 150) | (8, 150) | None","(8, 150) | (8, 150) | None",BLOCKED_COMPONENT,BLOCKED_COMPONENT,BLOCKED_COMPONENT,True,BLOCKED_COMPONENT
GSO-1811-1812-1,GROUND_BEAM,untagged (p.13 typical sections),STIRRUP_COUNT,,BLOCKED_COMPONENT,spacing not established,False,False,"DXF GBP layer-1 face pair, clear between supports 1.300 m; support centreline 1.300 m; bar run: PRE-S5.1 support face-to-face",DXF face separation 300 mm = section B 300,p.13 section D candidates: 300 | 400 | None,"[""P13-GB-EXTERIOR"", ""P13-GB-LT2_5M"", ""P13-GB-LT5M""]",CANDIDATE_DETAIL,3Ø14 | 3Ø16,3Ø14 | 3Ø16,3Ø14 | 3Ø16,2Ø12/30cm | None | None,"(8, 150) | (8, 150) | None","(8, 150) | (8, 150) | None",BLOCKED_COMPONENT,BLOCKED_COMPONENT,BLOCKED_COMPONENT,True,BLOCKED_COMPONENT
GSO-1811-1812-1,GROUND_BEAM,untagged (p.13 typical sections),HOOK_1,,BLOCKED_COMPONENT,hook angle / extension: NO_PROJECT_SOURCE (engineer / code decision; never verified),False,False,"DXF GBP layer-1 face pair, clear between supports 1.300 m; support centreline 1.300 m; bar run: PRE-S5.1 support face-to-face",DXF face separation 300 mm = section B 300,p.13 section D candidates: 300 | 400 | None,"[""P13-GB-EXTERIOR"", ""P13-GB-LT2_5M"", ""P13-GB-LT5M""]",CANDIDATE_DETAIL,3Ø14 | 3Ø16,3Ø14 | 3Ø16,3Ø14 | 3Ø16,2Ø12/30cm | None | None,"(8, 150) | (8, 150) | None","(8, 150) | (8, 150) | None",BLOCKED_COMPONENT,BLOCKED_COMPONENT,BLOCKED_COMPONENT,True,BLOCKED_COMPONENT
GSO-1811-1812-1,GROUND_BEAM,untagged (p.13 typical sections),HOOK_2,,BLOCKED_COMPONENT,hook angle / extension: NO_PROJECT_SOURCE (engineer / code decision; never verified),False,False,"DXF GBP layer-1 face pair, clear between supports 1.300 m; support centreline 1.300 m; bar run: PRE-S5.1 support face-to-face",DXF face separation 300 mm = section B 300,p.13 section D candidates: 300 | 400 | None,"[""P13-GB-EXTERIOR"", ""P13-GB-LT2_5M"", ""P13-GB-LT5M""]",CANDIDATE_DETAIL,3Ø14 | 3Ø16,3Ø14 | 3Ø16,3Ø14 | 3Ø16,2Ø12/30cm | None | None,"(8, 150) | (8, 150) | None","(8, 150) | (8, 150) | None",BLOCKED_COMPONENT,BLOCKED_COMPONENT,BLOCKED_COMPONENT,True,BLOCKED_COMPONENT
GSO-1811-1812-1,GROUND_BEAM,untagged (p.13 typical sections),END_ZONE_EXTRA,,NOT_APPLICABLE,the section prints one uniform spacing; no end-zone callout,False,False,"DXF GBP layer-1 face pair, clear between supports 1.300 m; support centreline 1.300 m; bar run: PRE-S5.1 support face-to-face",DXF face separation 300 mm = section B 300,p.13 section D candidates: 300 | 400 | None,"[""P13-GB-EXTERIOR"", ""P13-GB-LT2_5M"", ""P13-GB-LT5M""]",CANDIDATE_DETAIL,3Ø14 | 3Ø16,3Ø14 | 3Ø16,3Ø14 | 3Ø16,2Ø12/30cm | None | None,"(8, 150) | (8, 150) | None","(8, 150) | (8, 150) | None",BLOCKED_COMPONENT,BLOCKED_COMPONENT,BLOCKED_COMPONENT,True,BLOCKED_COMPONENT
GSO-1811-1812-1,GROUND_BEAM,untagged (p.13 typical sections),END_TREATMENT,,BLOCKED_COMPONENT,bar ends at the supports are not detailed,False,False,"DXF GBP layer-1 face pair, clear between supports 1.300 m; support centreline 1.300 m; bar run: PRE-S5.1 support face-to-face",DXF face separation 300 mm = section B 300,p.13 section D candidates: 300 | 400 | None,"[""P13-GB-EXTERIOR"", ""P13-GB-LT2_5M"", ""P13-GB-LT5M""]",CANDIDATE_DETAIL,3Ø14 | 3Ø16,3Ø14 | 3Ø16,3Ø14 | 3Ø16,2Ø12/30cm | None | None,"(8, 150) | (8, 150) | None","(8, 150) | (8, 150) | None",BLOCKED_COMPONENT,BLOCKED_COMPONENT,BLOCKED_COMPONENT,True,BLOCKED_COMPONENT
GSO-1811-1812-1,GROUND_BEAM,untagged (p.13 typical sections),DEVELOPMENT_INTO_SUPPORT_1,,BLOCKED_COMPONENT,no beam-end anchorage rule in the project source (DEVELOPMENT_STARTER_70D_40D is 'development / tie length of starter bars only' only),False,False,"DXF GBP layer-1 face pair, clear between supports 1.300 m; support centreline 1.300 m; bar run: PRE-S5.1 support face-to-face",DXF face separation 300 mm = section B 300,p.13 section D candidates: 300 | 400 | None,"[""P13-GB-EXTERIOR"", ""P13-GB-LT2_5M"", ""P13-GB-LT5M""]",CANDIDATE_DETAIL,3Ø14 | 3Ø16,3Ø14 | 3Ø16,3Ø14 | 3Ø16,2Ø12/30cm | None | None,"(8, 150) | (8, 150) | None","(8, 150) | (8, 150) | None",BLOCKED_COMPONENT,BLOCKED_COMPONENT,BLOCKED_COMPONENT,True,BLOCKED_COMPONENT
GSO-1811-1812-1,GROUND_BEAM,untagged (p.13 typical sections),DEVELOPMENT_INTO_SUPPORT_2,,BLOCKED_COMPONENT,no beam-end anchorage rule in the project source (DEVELOPMENT_STARTER_70D_40D is 'development / tie length of starter bars only' only),False,False,"DXF GBP layer-1 face pair, clear between supports 1.300 m; support centreline 1.300 m; bar run: PRE-S5.1 support face-to-face",DXF face separation 300 mm = section B 300,p.13 section D candidates: 300 | 400 | None,"[""P13-GB-EXTERIOR"", ""P13-GB-LT2_5M"", ""P13-GB-LT5M""]",CANDIDATE_DETAIL,3Ø14 | 3Ø16,3Ø14 | 3Ø16,3Ø14 | 3Ø16,2Ø12/30cm | None | None,"(8, 150) | (8, 150) | None","(8, 150) | (8, 150) | None",BLOCKED_COMPONENT,BLOCKED_COMPONENT,BLOCKED_COMPONENT,True,BLOCKED_COMPONENT
GSO-1811-1812-1,GROUND_BEAM,untagged (p.13 typical sections),LAP,,NOT_APPLICABLE,net measurement: laps are a procurement matter (BBS firewall),False,False,"DXF GBP layer-1 face pair, clear between supports 1.300 m; support centreline 1.300 m; bar run: PRE-S5.1 support face-to-face",DXF face separation 300 mm = section B 300,p.13 section D candidates: 300 | 400 | None,"[""P13-GB-EXTERIOR"", ""P13-GB-LT2_5M"", ""P13-GB-LT5M""]",CANDIDATE_DETAIL,3Ø14 | 3Ø16,3Ø14 | 3Ø16,3Ø14 | 3Ø16,2Ø12/30cm | None | None,"(8, 150) | (8, 150) | None","(8, 150) | (8, 150) | None",BLOCKED_COMPONENT,BLOCKED_COMPONENT,BLOCKED_COMPONENT,True,BLOCKED_COMPONENT
GSO-182-183-1,GROUND_BEAM,untagged (p.13 typical sections),TOP_MAIN,3Ø14,READY_LOWER_BOUND,"straight run: support face-to-face, derived per span in PRE-S5.1 (research/pre_s5_1_source_resolution, no numerical-minimum shortcut); development / end anchorage not source-established",True,True,"DXF GBP layer-1 face pair, clear between supports 2.073 m; support centreline 2.585 m; bar run: PRE-S5.1 support face-to-face",DXF face separation 300 mm = section B 300,p.13 section D candidates: 300 | 400,"[""P13-GB-LT2_5M"", ""P13-GB-LT5M""]",CANDIDATE_DETAIL,3Ø14,3Ø14,3Ø14,,"(8, 150) | None","(8, 150) | None",BLOCKED_COMPONENT,BLOCKED_COMPONENT,BLOCKED_COMPONENT,True,READY_LOWER_BOUND
GSO-182-183-1,GROUND_BEAM,untagged (p.13 typical sections),BOTTOM_ROW_1,3Ø14,READY_LOWER_BOUND,"straight run: support face-to-face, derived per span in PRE-S5.1 (research/pre_s5_1_source_resolution, no numerical-minimum shortcut); development / end anchorage not source-established",True,True,"DXF GBP layer-1 face pair, clear between supports 2.073 m; support centreline 2.585 m; bar run: PRE-S5.1 support face-to-face",DXF face separation 300 mm = section B 300,p.13 section D candidates: 300 | 400,"[""P13-GB-LT2_5M"", ""P13-GB-LT5M""]",CANDIDATE_DETAIL,3Ø14,3Ø14,3Ø14,,"(8, 150) | None","(8, 150) | None",BLOCKED_COMPONENT,BLOCKED_COMPONENT,BLOCKED_COMPONENT,True,READY_LOWER_BOUND
GSO-182-183-1,GROUND_BEAM,untagged (p.13 typical sections),BOTTOM_ROW_2,3Ø14,READY_LOWER_BOUND,"straight run: support face-to-face, derived per span in PRE-S5.1 (research/pre_s5_1_source_resolution, no numerical-minimum shortcut); development / end anchorage not source-established",True,True,"DXF GBP layer-1 face pair, clear between supports 2.073 m; support centreline 2.585 m; bar run: PRE-S5.1 support face-to-face",DXF face separation 300 mm = section B 300,p.13 section D candidates: 300 | 400,"[""P13-GB-LT2_5M"", ""P13-GB-LT5M""]",CANDIDATE_DETAIL,3Ø14,3Ø14,3Ø14,,"(8, 150) | None","(8, 150) | None",BLOCKED_COMPONENT,BLOCKED_COMPONENT,BLOCKED_COMPONENT,True,READY_LOWER_BOUND
GSO-182-183-1,GROUND_BEAM,untagged (p.13 typical sections),SIDE_BARS,,NOT_APPLICABLE,the candidate section(s) carry no side bars,False,False,"DXF GBP layer-1 face pair, clear between supports 2.073 m; support centreline 2.585 m; bar run: PRE-S5.1 support face-to-face",DXF face separation 300 mm = section B 300,p.13 section D candidates: 300 | 400,"[""P13-GB-LT2_5M"", ""P13-GB-LT5M""]",CANDIDATE_DETAIL,3Ø14,3Ø14,3Ø14,,"(8, 150) | None","(8, 150) | None",BLOCKED_COMPONENT,BLOCKED_COMPONENT,BLOCKED_COMPONENT,True,READY_LOWER_BOUND
GSO-182-183-1,GROUND_BEAM,untagged (p.13 typical sections),STIRRUP_DIAMETER,"(8, 150) | None",BLOCKED_COMPONENT,a candidate section draws a stirrup with no size / spacing callout,False,False,"DXF GBP layer-1 face pair, clear between supports 2.073 m; support centreline 2.585 m; bar run: PRE-S5.1 support face-to-face",DXF face separation 300 mm = section B 300,p.13 section D candidates: 300 | 400,"[""P13-GB-LT2_5M"", ""P13-GB-LT5M""]",CANDIDATE_DETAIL,3Ø14,3Ø14,3Ø14,,"(8, 150) | None","(8, 150) | None",BLOCKED_COMPONENT,BLOCKED_COMPONENT,BLOCKED_COMPONENT,True,READY_LOWER_BOUND
GSO-182-183-1,GROUND_BEAM,untagged (p.13 typical sections),STIRRUP_RATE,"(8, 150) | None",BLOCKED_COMPONENT,a candidate section draws a stirrup with no size / spacing callout,False,False,"DXF GBP layer-1 face pair, clear between supports 2.073 m; support centreline 2.585 m; bar run: PRE-S5.1 support face-to-face",DXF face separation 300 mm = section B 300,p.13 section D candidates: 300 | 400,"[""P13-GB-LT2_5M"", ""P13-GB-LT5M""]",CANDIDATE_DETAIL,3Ø14,3Ø14,3Ø14,,"(8, 150) | None","(8, 150) | None",BLOCKED_COMPONENT,BLOCKED_COMPONENT,BLOCKED_COMPONENT,True,READY_LOWER_BOUND
GSO-182-183-1,GROUND_BEAM,untagged (p.13 typical sections),STIRRUP_CORE_PATH,300x300 | 300x400,BLOCKED_COMPONENT,candidate sections differ in depth,False,False,"DXF GBP layer-1 face pair, clear between supports 2.073 m; support centreline 2.585 m; bar run: PRE-S5.1 support face-to-face",DXF face separation 300 mm = section B 300,p.13 section D candidates: 300 | 400,"[""P13-GB-LT2_5M"", ""P13-GB-LT5M""]",CANDIDATE_DETAIL,3Ø14,3Ø14,3Ø14,,"(8, 150) | None","(8, 150) | None",BLOCKED_COMPONENT,BLOCKED_COMPONENT,BLOCKED_COMPONENT,True,READY_LOWER_BOUND
GSO-182-183-1,GROUND_BEAM,untagged (p.13 typical sections),STIRRUP_COUNT,,BLOCKED_COMPONENT,spacing not established,False,False,"DXF GBP layer-1 face pair, clear between supports 2.073 m; support centreline 2.585 m; bar run: PRE-S5.1 support face-to-face",DXF face separation 300 mm = section B 300,p.13 section D candidates: 300 | 400,"[""P13-GB-LT2_5M"", ""P13-GB-LT5M""]",CANDIDATE_DETAIL,3Ø14,3Ø14,3Ø14,,"(8, 150) | None","(8, 150) | None",BLOCKED_COMPONENT,BLOCKED_COMPONENT,BLOCKED_COMPONENT,True,READY_LOWER_BOUND
GSO-182-183-1,GROUND_BEAM,untagged (p.13 typical sections),HOOK_1,,BLOCKED_COMPONENT,hook angle / extension: NO_PROJECT_SOURCE (engineer / code decision; never verified),False,False,"DXF GBP layer-1 face pair, clear between supports 2.073 m; support centreline 2.585 m; bar run: PRE-S5.1 support face-to-face",DXF face separation 300 mm = section B 300,p.13 section D candidates: 300 | 400,"[""P13-GB-LT2_5M"", ""P13-GB-LT5M""]",CANDIDATE_DETAIL,3Ø14,3Ø14,3Ø14,,"(8, 150) | None","(8, 150) | None",BLOCKED_COMPONENT,BLOCKED_COMPONENT,BLOCKED_COMPONENT,True,READY_LOWER_BOUND
GSO-182-183-1,GROUND_BEAM,untagged (p.13 typical sections),HOOK_2,,BLOCKED_COMPONENT,hook angle / extension: NO_PROJECT_SOURCE (engineer / code decision; never verified),False,False,"DXF GBP layer-1 face pair, clear between supports 2.073 m; support centreline 2.585 m; bar run: PRE-S5.1 support face-to-face",DXF face separation 300 mm = section B 300,p.13 section D candidates: 300 | 400,"[""P13-GB-LT2_5M"", ""P13-GB-LT5M""]",CANDIDATE_DETAIL,3Ø14,3Ø14,3Ø14,,"(8, 150) | None","(8, 150) | None",BLOCKED_COMPONENT,BLOCKED_COMPONENT,BLOCKED_COMPONENT,True,READY_LOWER_BOUND
GSO-182-183-1,GROUND_BEAM,untagged (p.13 typical sections),END_ZONE_EXTRA,,NOT_APPLICABLE,the section prints one uniform spacing; no end-zone callout,False,False,"DXF GBP layer-1 face pair, clear between supports 2.073 m; support centreline 2.585 m; bar run: PRE-S5.1 support face-to-face",DXF face separation 300 mm = section B 300,p.13 section D candidates: 300 | 400,"[""P13-GB-LT2_5M"", ""P13-GB-LT5M""]",CANDIDATE_DETAIL,3Ø14,3Ø14,3Ø14,,"(8, 150) | None","(8, 150) | None",BLOCKED_COMPONENT,BLOCKED_COMPONENT,BLOCKED_COMPONENT,True,READY_LOWER_BOUND
GSO-182-183-1,GROUND_BEAM,untagged (p.13 typical sections),END_TREATMENT,,BLOCKED_COMPONENT,bar ends at the supports are not detailed,False,False,"DXF GBP layer-1 face pair, clear between supports 2.073 m; support centreline 2.585 m; bar run: PRE-S5.1 support face-to-face",DXF face separation 300 mm = section B 300,p.13 section D candidates: 300 | 400,"[""P13-GB-LT2_5M"", ""P13-GB-LT5M""]",CANDIDATE_DETAIL,3Ø14,3Ø14,3Ø14,,"(8, 150) | None","(8, 150) | None",BLOCKED_COMPONENT,BLOCKED_COMPONENT,BLOCKED_COMPONENT,True,READY_LOWER_BOUND
GSO-182-183-1,GROUND_BEAM,untagged (p.13 typical sections),DEVELOPMENT_INTO_SUPPORT_1,,BLOCKED_COMPONENT,no beam-end anchorage rule in the project source (DEVELOPMENT_STARTER_70D_40D is 'development / tie length of starter bars only' only),False,False,"DXF GBP layer-1 face pair, clear between supports 2.073 m; support centreline 2.585 m; bar run: PRE-S5.1 support face-to-face",DXF face separation 300 mm = section B 300,p.13 section D candidates: 300 | 400,"[""P13-GB-LT2_5M"", ""P13-GB-LT5M""]",CANDIDATE_DETAIL,3Ø14,3Ø14,3Ø14,,"(8, 150) | None","(8, 150) | None",BLOCKED_COMPONENT,BLOCKED_COMPONENT,BLOCKED_COMPONENT,True,READY_LOWER_BOUND
GSO-182-183-1,GROUND_BEAM,untagged (p.13 typical sections),DEVELOPMENT_INTO_SUPPORT_2,,BLOCKED_COMPONENT,no beam-end anchorage rule in the project source (DEVELOPMENT_STARTER_70D_40D is 'development / tie length of starter bars only' only),False,False,"DXF GBP layer-1 face pair, clear between supports 2.073 m; support centreline 2.585 m; bar run: PRE-S5.1 support face-to-face",DXF face separation 300 mm = section B 300,p.13 section D candidates: 300 | 400,"[""P13-GB-LT2_5M"", ""P13-GB-LT5M""]",CANDIDATE_DETAIL,3Ø14,3Ø14,3Ø14,,"(8, 150) | None","(8, 150) | None",BLOCKED_COMPONENT,BLOCKED_COMPONENT,BLOCKED_COMPONENT,True,READY_LOWER_BOUND
GSO-182-183-1,GROUND_BEAM,untagged (p.13 typical sections),LAP,,NOT_APPLICABLE,net measurement: laps are a procurement matter (BBS firewall),False,False,"DXF GBP layer-1 face pair, clear between supports 2.073 m; support centreline 2.585 m; bar run: PRE-S5.1 support face-to-face",DXF face separation 300 mm = section B 300,p.13 section D candidates: 300 | 400,"[""P13-GB-LT2_5M"", ""P13-GB-LT5M""]",CANDIDATE_DETAIL,3Ø14,3Ø14,3Ø14,,"(8, 150) | None","(8, 150) | None",BLOCKED_COMPONENT,BLOCKED_COMPONENT,BLOCKED_COMPONENT,True,READY_LOWER_BOUND
GSO-184-7CF-1,GROUND_BEAM,untagged (p.13 typical sections),TOP_MAIN,3Ø14,READY_LOWER_BOUND,"straight run: support face-to-face, derived per span in PRE-S5.1 (research/pre_s5_1_source_resolution, no numerical-minimum shortcut); development / end anchorage not source-established",False,True,"DXF GBP layer-1 face pair, clear between supports 3.270 m; support centreline 3.570 m; bar run: PRE-S5.1 support face-to-face",DXF face separation 300 mm = section B 300,p.13 section D candidates: 400,"[""P13-GB-LT5M""]",EXPLICIT_LENGTH_CONDITION,3Ø14,3Ø14,3Ø14,,Ø8,150 mm,PROVISIONAL_ONLY,BLOCKED_COMPONENT,BLOCKED_COMPONENT,True,READY_LOWER_BOUND
GSO-184-7CF-1,GROUND_BEAM,untagged (p.13 typical sections),BOTTOM_ROW_1,3Ø14,READY_LOWER_BOUND,"straight run: support face-to-face, derived per span in PRE-S5.1 (research/pre_s5_1_source_resolution, no numerical-minimum shortcut); development / end anchorage not source-established",False,True,"DXF GBP layer-1 face pair, clear between supports 3.270 m; support centreline 3.570 m; bar run: PRE-S5.1 support face-to-face",DXF face separation 300 mm = section B 300,p.13 section D candidates: 400,"[""P13-GB-LT5M""]",EXPLICIT_LENGTH_CONDITION,3Ø14,3Ø14,3Ø14,,Ø8,150 mm,PROVISIONAL_ONLY,BLOCKED_COMPONENT,BLOCKED_COMPONENT,True,READY_LOWER_BOUND
GSO-184-7CF-1,GROUND_BEAM,untagged (p.13 typical sections),BOTTOM_ROW_2,3Ø14,READY_LOWER_BOUND,"straight run: support face-to-face, derived per span in PRE-S5.1 (research/pre_s5_1_source_resolution, no numerical-minimum shortcut); development / end anchorage not source-established",False,True,"DXF GBP layer-1 face pair, clear between supports 3.270 m; support centreline 3.570 m; bar run: PRE-S5.1 support face-to-face",DXF face separation 300 mm = section B 300,p.13 section D candidates: 400,"[""P13-GB-LT5M""]",EXPLICIT_LENGTH_CONDITION,3Ø14,3Ø14,3Ø14,,Ø8,150 mm,PROVISIONAL_ONLY,BLOCKED_COMPONENT,BLOCKED_COMPONENT,True,READY_LOWER_BOUND
GSO-184-7CF-1,GROUND_BEAM,untagged (p.13 typical sections),SIDE_BARS,,NOT_APPLICABLE,the candidate section(s) carry no side bars,False,False,"DXF GBP layer-1 face pair, clear between supports 3.270 m; support centreline 3.570 m; bar run: PRE-S5.1 support face-to-face",DXF face separation 300 mm = section B 300,p.13 section D candidates: 400,"[""P13-GB-LT5M""]",EXPLICIT_LENGTH_CONDITION,3Ø14,3Ø14,3Ø14,,Ø8,150 mm,PROVISIONAL_ONLY,BLOCKED_COMPONENT,BLOCKED_COMPONENT,True,READY_LOWER_BOUND
GSO-184-7CF-1,GROUND_BEAM,untagged (p.13 typical sections),STIRRUP_DIAMETER,Ø8,READY,typical section callout,False,True,"DXF GBP layer-1 face pair, clear between supports 3.270 m; support centreline 3.570 m; bar run: PRE-S5.1 support face-to-face",DXF face separation 300 mm = section B 300,p.13 section D candidates: 400,"[""P13-GB-LT5M""]",EXPLICIT_LENGTH_CONDITION,3Ø14,3Ø14,3Ø14,,Ø8,150 mm,PROVISIONAL_ONLY,BLOCKED_COMPONENT,BLOCKED_COMPONENT,True,READY_LOWER_BOUND
GSO-184-7CF-1,GROUND_BEAM,untagged (p.13 typical sections),STIRRUP_RATE,150 mm,READY,typical section callout,False,True,"DXF GBP layer-1 face pair, clear between supports 3.270 m; support centreline 3.570 m; bar run: PRE-S5.1 support face-to-face",DXF face separation 300 mm = section B 300,p.13 section D candidates: 400,"[""P13-GB-LT5M""]",EXPLICIT_LENGTH_CONDITION,3Ø14,3Ø14,3Ø14,,Ø8,150 mm,PROVISIONAL_ONLY,BLOCKED_COMPONENT,BLOCKED_COMPONENT,True,READY_LOWER_BOUND
GSO-184-7CF-1,GROUND_BEAM,untagged (p.13 typical sections),STIRRUP_CORE_PATH,"300x400, cover 70 (soil)",PROVISIONAL_ONLY,"B, D and the 70 mm soil cover are source-established; the closed single link is drawn in the typical section but its topology is not a verified facet",False,False,"DXF GBP layer-1 face pair, clear between supports 3.270 m; support centreline 3.570 m; bar run: PRE-S5.1 support face-to-face",DXF face separation 300 mm = section B 300,p.13 section D candidates: 400,"[""P13-GB-LT5M""]",EXPLICIT_LENGTH_CONDITION,3Ø14,3Ø14,3Ø14,,Ø8,150 mm,PROVISIONAL_ONLY,BLOCKED_COMPONENT,BLOCKED_COMPONENT,True,READY_LOWER_BOUND
GSO-184-7CF-1,GROUND_BEAM,untagged (p.13 typical sections),STIRRUP_COUNT,150 mm,READY_LOWER_BOUND,count >= ceil(clear span / spacing); first / last stirrup position not stated,False,True,"DXF GBP layer-1 face pair, clear between supports 3.270 m; support centreline 3.570 m; bar run: PRE-S5.1 support face-to-face",DXF face separation 300 mm = section B 300,p.13 section D candidates: 400,"[""P13-GB-LT5M""]",EXPLICIT_LENGTH_CONDITION,3Ø14,3Ø14,3Ø14,,Ø8,150 mm,PROVISIONAL_ONLY,BLOCKED_COMPONENT,BLOCKED_COMPONENT,True,READY_LOWER_BOUND
GSO-184-7CF-1,GROUND_BEAM,untagged (p.13 typical sections),HOOK_1,,BLOCKED_COMPONENT,hook angle / extension: NO_PROJECT_SOURCE (engineer / code decision; never verified),False,False,"DXF GBP layer-1 face pair, clear between supports 3.270 m; support centreline 3.570 m; bar run: PRE-S5.1 support face-to-face",DXF face separation 300 mm = section B 300,p.13 section D candidates: 400,"[""P13-GB-LT5M""]",EXPLICIT_LENGTH_CONDITION,3Ø14,3Ø14,3Ø14,,Ø8,150 mm,PROVISIONAL_ONLY,BLOCKED_COMPONENT,BLOCKED_COMPONENT,True,READY_LOWER_BOUND
GSO-184-7CF-1,GROUND_BEAM,untagged (p.13 typical sections),HOOK_2,,BLOCKED_COMPONENT,hook angle / extension: NO_PROJECT_SOURCE (engineer / code decision; never verified),False,False,"DXF GBP layer-1 face pair, clear between supports 3.270 m; support centreline 3.570 m; bar run: PRE-S5.1 support face-to-face",DXF face separation 300 mm = section B 300,p.13 section D candidates: 400,"[""P13-GB-LT5M""]",EXPLICIT_LENGTH_CONDITION,3Ø14,3Ø14,3Ø14,,Ø8,150 mm,PROVISIONAL_ONLY,BLOCKED_COMPONENT,BLOCKED_COMPONENT,True,READY_LOWER_BOUND
GSO-184-7CF-1,GROUND_BEAM,untagged (p.13 typical sections),END_ZONE_EXTRA,,NOT_APPLICABLE,the section prints one uniform spacing; no end-zone callout,False,False,"DXF GBP layer-1 face pair, clear between supports 3.270 m; support centreline 3.570 m; bar run: PRE-S5.1 support face-to-face",DXF face separation 300 mm = section B 300,p.13 section D candidates: 400,"[""P13-GB-LT5M""]",EXPLICIT_LENGTH_CONDITION,3Ø14,3Ø14,3Ø14,,Ø8,150 mm,PROVISIONAL_ONLY,BLOCKED_COMPONENT,BLOCKED_COMPONENT,True,READY_LOWER_BOUND
GSO-184-7CF-1,GROUND_BEAM,untagged (p.13 typical sections),END_TREATMENT,,BLOCKED_COMPONENT,bar ends at the supports are not detailed,False,False,"DXF GBP layer-1 face pair, clear between supports 3.270 m; support centreline 3.570 m; bar run: PRE-S5.1 support face-to-face",DXF face separation 300 mm = section B 300,p.13 section D candidates: 400,"[""P13-GB-LT5M""]",EXPLICIT_LENGTH_CONDITION,3Ø14,3Ø14,3Ø14,,Ø8,150 mm,PROVISIONAL_ONLY,BLOCKED_COMPONENT,BLOCKED_COMPONENT,True,READY_LOWER_BOUND
GSO-184-7CF-1,GROUND_BEAM,untagged (p.13 typical sections),DEVELOPMENT_INTO_SUPPORT_1,,BLOCKED_COMPONENT,no beam-end anchorage rule in the project source (DEVELOPMENT_STARTER_70D_40D is 'development / tie length of starter bars only' only),False,False,"DXF GBP layer-1 face pair, clear between supports 3.270 m; support centreline 3.570 m; bar run: PRE-S5.1 support face-to-face",DXF face separation 300 mm = section B 300,p.13 section D candidates: 400,"[""P13-GB-LT5M""]",EXPLICIT_LENGTH_CONDITION,3Ø14,3Ø14,3Ø14,,Ø8,150 mm,PROVISIONAL_ONLY,BLOCKED_COMPONENT,BLOCKED_COMPONENT,True,READY_LOWER_BOUND
GSO-184-7CF-1,GROUND_BEAM,untagged (p.13 typical sections),DEVELOPMENT_INTO_SUPPORT_2,,BLOCKED_COMPONENT,no beam-end anchorage rule in the project source (DEVELOPMENT_STARTER_70D_40D is 'development / tie length of starter bars only' only),False,False,"DXF GBP layer-1 face pair, clear between supports 3.270 m; support centreline 3.570 m; bar run: PRE-S5.1 support face-to-face",DXF face separation 300 mm = section B 300,p.13 section D candidates: 400,"[""P13-GB-LT5M""]",EXPLICIT_LENGTH_CONDITION,3Ø14,3Ø14,3Ø14,,Ø8,150 mm,PROVISIONAL_ONLY,BLOCKED_COMPONENT,BLOCKED_COMPONENT,True,READY_LOWER_BOUND
GSO-184-7CF-1,GROUND_BEAM,untagged (p.13 typical sections),LAP,,NOT_APPLICABLE,net measurement: laps are a procurement matter (BBS firewall),False,False,"DXF GBP layer-1 face pair, clear between supports 3.270 m; support centreline 3.570 m; bar run: PRE-S5.1 support face-to-face",DXF face separation 300 mm = section B 300,p.13 section D candidates: 400,"[""P13-GB-LT5M""]",EXPLICIT_LENGTH_CONDITION,3Ø14,3Ø14,3Ø14,,Ø8,150 mm,PROVISIONAL_ONLY,BLOCKED_COMPONENT,BLOCKED_COMPONENT,True,READY_LOWER_BOUND
GSO-184-7CF-2,GROUND_BEAM,untagged (p.13 typical sections),TOP_MAIN,3Ø14,READY_LOWER_BOUND,"straight run: support face-to-face, derived per span in PRE-S5.1 (research/pre_s5_1_source_resolution, no numerical-minimum shortcut); development / end anchorage not source-established",False,True,"DXF GBP layer-1 face pair, clear between supports 3.050 m; support centreline 3.350 m; bar run: PRE-S5.1 support face-to-face",DXF face separation 300 mm = section B 300,p.13 section D candidates: 400,"[""P13-GB-LT5M""]",EXPLICIT_LENGTH_CONDITION,3Ø14,3Ø14,3Ø14,,Ø8,150 mm,PROVISIONAL_ONLY,BLOCKED_COMPONENT,BLOCKED_COMPONENT,True,READY_LOWER_BOUND
GSO-184-7CF-2,GROUND_BEAM,untagged (p.13 typical sections),BOTTOM_ROW_1,3Ø14,READY_LOWER_BOUND,"straight run: support face-to-face, derived per span in PRE-S5.1 (research/pre_s5_1_source_resolution, no numerical-minimum shortcut); development / end anchorage not source-established",False,True,"DXF GBP layer-1 face pair, clear between supports 3.050 m; support centreline 3.350 m; bar run: PRE-S5.1 support face-to-face",DXF face separation 300 mm = section B 300,p.13 section D candidates: 400,"[""P13-GB-LT5M""]",EXPLICIT_LENGTH_CONDITION,3Ø14,3Ø14,3Ø14,,Ø8,150 mm,PROVISIONAL_ONLY,BLOCKED_COMPONENT,BLOCKED_COMPONENT,True,READY_LOWER_BOUND
GSO-184-7CF-2,GROUND_BEAM,untagged (p.13 typical sections),BOTTOM_ROW_2,3Ø14,READY_LOWER_BOUND,"straight run: support face-to-face, derived per span in PRE-S5.1 (research/pre_s5_1_source_resolution, no numerical-minimum shortcut); development / end anchorage not source-established",False,True,"DXF GBP layer-1 face pair, clear between supports 3.050 m; support centreline 3.350 m; bar run: PRE-S5.1 support face-to-face",DXF face separation 300 mm = section B 300,p.13 section D candidates: 400,"[""P13-GB-LT5M""]",EXPLICIT_LENGTH_CONDITION,3Ø14,3Ø14,3Ø14,,Ø8,150 mm,PROVISIONAL_ONLY,BLOCKED_COMPONENT,BLOCKED_COMPONENT,True,READY_LOWER_BOUND
GSO-184-7CF-2,GROUND_BEAM,untagged (p.13 typical sections),SIDE_BARS,,NOT_APPLICABLE,the candidate section(s) carry no side bars,False,False,"DXF GBP layer-1 face pair, clear between supports 3.050 m; support centreline 3.350 m; bar run: PRE-S5.1 support face-to-face",DXF face separation 300 mm = section B 300,p.13 section D candidates: 400,"[""P13-GB-LT5M""]",EXPLICIT_LENGTH_CONDITION,3Ø14,3Ø14,3Ø14,,Ø8,150 mm,PROVISIONAL_ONLY,BLOCKED_COMPONENT,BLOCKED_COMPONENT,True,READY_LOWER_BOUND
GSO-184-7CF-2,GROUND_BEAM,untagged (p.13 typical sections),STIRRUP_DIAMETER,Ø8,READY,typical section callout,False,True,"DXF GBP layer-1 face pair, clear between supports 3.050 m; support centreline 3.350 m; bar run: PRE-S5.1 support face-to-face",DXF face separation 300 mm = section B 300,p.13 section D candidates: 400,"[""P13-GB-LT5M""]",EXPLICIT_LENGTH_CONDITION,3Ø14,3Ø14,3Ø14,,Ø8,150 mm,PROVISIONAL_ONLY,BLOCKED_COMPONENT,BLOCKED_COMPONENT,True,READY_LOWER_BOUND
GSO-184-7CF-2,GROUND_BEAM,untagged (p.13 typical sections),STIRRUP_RATE,150 mm,READY,typical section callout,False,True,"DXF GBP layer-1 face pair, clear between supports 3.050 m; support centreline 3.350 m; bar run: PRE-S5.1 support face-to-face",DXF face separation 300 mm = section B 300,p.13 section D candidates: 400,"[""P13-GB-LT5M""]",EXPLICIT_LENGTH_CONDITION,3Ø14,3Ø14,3Ø14,,Ø8,150 mm,PROVISIONAL_ONLY,BLOCKED_COMPONENT,BLOCKED_COMPONENT,True,READY_LOWER_BOUND
GSO-184-7CF-2,GROUND_BEAM,untagged (p.13 typical sections),STIRRUP_CORE_PATH,"300x400, cover 70 (soil)",PROVISIONAL_ONLY,"B, D and the 70 mm soil cover are source-established; the closed single link is drawn in the typical section but its topology is not a verified facet",False,False,"DXF GBP layer-1 face pair, clear between supports 3.050 m; support centreline 3.350 m; bar run: PRE-S5.1 support face-to-face",DXF face separation 300 mm = section B 300,p.13 section D candidates: 400,"[""P13-GB-LT5M""]",EXPLICIT_LENGTH_CONDITION,3Ø14,3Ø14,3Ø14,,Ø8,150 mm,PROVISIONAL_ONLY,BLOCKED_COMPONENT,BLOCKED_COMPONENT,True,READY_LOWER_BOUND
GSO-184-7CF-2,GROUND_BEAM,untagged (p.13 typical sections),STIRRUP_COUNT,150 mm,READY_LOWER_BOUND,count >= ceil(clear span / spacing); first / last stirrup position not stated,False,True,"DXF GBP layer-1 face pair, clear between supports 3.050 m; support centreline 3.350 m; bar run: PRE-S5.1 support face-to-face",DXF face separation 300 mm = section B 300,p.13 section D candidates: 400,"[""P13-GB-LT5M""]",EXPLICIT_LENGTH_CONDITION,3Ø14,3Ø14,3Ø14,,Ø8,150 mm,PROVISIONAL_ONLY,BLOCKED_COMPONENT,BLOCKED_COMPONENT,True,READY_LOWER_BOUND
GSO-184-7CF-2,GROUND_BEAM,untagged (p.13 typical sections),HOOK_1,,BLOCKED_COMPONENT,hook angle / extension: NO_PROJECT_SOURCE (engineer / code decision; never verified),False,False,"DXF GBP layer-1 face pair, clear between supports 3.050 m; support centreline 3.350 m; bar run: PRE-S5.1 support face-to-face",DXF face separation 300 mm = section B 300,p.13 section D candidates: 400,"[""P13-GB-LT5M""]",EXPLICIT_LENGTH_CONDITION,3Ø14,3Ø14,3Ø14,,Ø8,150 mm,PROVISIONAL_ONLY,BLOCKED_COMPONENT,BLOCKED_COMPONENT,True,READY_LOWER_BOUND
GSO-184-7CF-2,GROUND_BEAM,untagged (p.13 typical sections),HOOK_2,,BLOCKED_COMPONENT,hook angle / extension: NO_PROJECT_SOURCE (engineer / code decision; never verified),False,False,"DXF GBP layer-1 face pair, clear between supports 3.050 m; support centreline 3.350 m; bar run: PRE-S5.1 support face-to-face",DXF face separation 300 mm = section B 300,p.13 section D candidates: 400,"[""P13-GB-LT5M""]",EXPLICIT_LENGTH_CONDITION,3Ø14,3Ø14,3Ø14,,Ø8,150 mm,PROVISIONAL_ONLY,BLOCKED_COMPONENT,BLOCKED_COMPONENT,True,READY_LOWER_BOUND
GSO-184-7CF-2,GROUND_BEAM,untagged (p.13 typical sections),END_ZONE_EXTRA,,NOT_APPLICABLE,the section prints one uniform spacing; no end-zone callout,False,False,"DXF GBP layer-1 face pair, clear between supports 3.050 m; support centreline 3.350 m; bar run: PRE-S5.1 support face-to-face",DXF face separation 300 mm = section B 300,p.13 section D candidates: 400,"[""P13-GB-LT5M""]",EXPLICIT_LENGTH_CONDITION,3Ø14,3Ø14,3Ø14,,Ø8,150 mm,PROVISIONAL_ONLY,BLOCKED_COMPONENT,BLOCKED_COMPONENT,True,READY_LOWER_BOUND
GSO-184-7CF-2,GROUND_BEAM,untagged (p.13 typical sections),END_TREATMENT,,BLOCKED_COMPONENT,bar ends at the supports are not detailed,False,False,"DXF GBP layer-1 face pair, clear between supports 3.050 m; support centreline 3.350 m; bar run: PRE-S5.1 support face-to-face",DXF face separation 300 mm = section B 300,p.13 section D candidates: 400,"[""P13-GB-LT5M""]",EXPLICIT_LENGTH_CONDITION,3Ø14,3Ø14,3Ø14,,Ø8,150 mm,PROVISIONAL_ONLY,BLOCKED_COMPONENT,BLOCKED_COMPONENT,True,READY_LOWER_BOUND
GSO-184-7CF-2,GROUND_BEAM,untagged (p.13 typical sections),DEVELOPMENT_INTO_SUPPORT_1,,BLOCKED_COMPONENT,no beam-end anchorage rule in the project source (DEVELOPMENT_STARTER_70D_40D is 'development / tie length of starter bars only' only),False,False,"DXF GBP layer-1 face pair, clear between supports 3.050 m; support centreline 3.350 m; bar run: PRE-S5.1 support face-to-face",DXF face separation 300 mm = section B 300,p.13 section D candidates: 400,"[""P13-GB-LT5M""]",EXPLICIT_LENGTH_CONDITION,3Ø14,3Ø14,3Ø14,,Ø8,150 mm,PROVISIONAL_ONLY,BLOCKED_COMPONENT,BLOCKED_COMPONENT,True,READY_LOWER_BOUND
GSO-184-7CF-2,GROUND_BEAM,untagged (p.13 typical sections),DEVELOPMENT_INTO_SUPPORT_2,,BLOCKED_COMPONENT,no beam-end anchorage rule in the project source (DEVELOPMENT_STARTER_70D_40D is 'development / tie length of starter bars only' only),False,False,"DXF GBP layer-1 face pair, clear between supports 3.050 m; support centreline 3.350 m; bar run: PRE-S5.1 support face-to-face",DXF face separation 300 mm = section B 300,p.13 section D candidates: 400,"[""P13-GB-LT5M""]",EXPLICIT_LENGTH_CONDITION,3Ø14,3Ø14,3Ø14,,Ø8,150 mm,PROVISIONAL_ONLY,BLOCKED_COMPONENT,BLOCKED_COMPONENT,True,READY_LOWER_BOUND
GSO-184-7CF-2,GROUND_BEAM,untagged (p.13 typical sections),LAP,,NOT_APPLICABLE,net measurement: laps are a procurement matter (BBS firewall),False,False,"DXF GBP layer-1 face pair, clear between supports 3.050 m; support centreline 3.350 m; bar run: PRE-S5.1 support face-to-face",DXF face separation 300 mm = section B 300,p.13 section D candidates: 400,"[""P13-GB-LT5M""]",EXPLICIT_LENGTH_CONDITION,3Ø14,3Ø14,3Ø14,,Ø8,150 mm,PROVISIONAL_ONLY,BLOCKED_COMPONENT,BLOCKED_COMPONENT,True,READY_LOWER_BOUND
GSO-184-7CF-3,GROUND_BEAM,untagged (p.13 typical sections),TOP_MAIN,3Ø16,READY_LOWER_BOUND,"straight run: support face-to-face, derived per span in PRE-S5.1 (research/pre_s5_1_source_resolution, no numerical-minimum shortcut); development / end anchorage not source-established",True,True,"DXF GBP layer-1 face pair, clear between supports 5.150 m; support centreline 5.450 m; bar run: PRE-S5.1 support face-to-face",DXF face separation 300 mm = section B 300,p.13 section D candidates: 600 | None,"[""P13-GB-EXTERIOR"", ""P13-GB-GT5M""]",CANDIDATE_DETAIL,3Ø16,3Ø16,3Ø16,2Ø12/30cm | None,Ø8,150 mm,BLOCKED_COMPONENT,BLOCKED_COMPONENT,BLOCKED_COMPONENT,True,READY_LOWER_BOUND
GSO-184-7CF-3,GROUND_BEAM,untagged (p.13 typical sections),BOTTOM_ROW_1,3Ø16,READY_LOWER_BOUND,"straight run: support face-to-face, derived per span in PRE-S5.1 (research/pre_s5_1_source_resolution, no numerical-minimum shortcut); development / end anchorage not source-established",True,True,"DXF GBP layer-1 face pair, clear between supports 5.150 m; support centreline 5.450 m; bar run: PRE-S5.1 support face-to-face",DXF face separation 300 mm = section B 300,p.13 section D candidates: 600 | None,"[""P13-GB-EXTERIOR"", ""P13-GB-GT5M""]",CANDIDATE_DETAIL,3Ø16,3Ø16,3Ø16,2Ø12/30cm | None,Ø8,150 mm,BLOCKED_COMPONENT,BLOCKED_COMPONENT,BLOCKED_COMPONENT,True,READY_LOWER_BOUND
GSO-184-7CF-3,GROUND_BEAM,untagged (p.13 typical sections),BOTTOM_ROW_2,3Ø16,READY_LOWER_BOUND,"straight run: support face-to-face, derived per span in PRE-S5.1 (research/pre_s5_1_source_resolution, no numerical-minimum shortcut); development / end anchorage not source-established",True,True,"DXF GBP layer-1 face pair, clear between supports 5.150 m; support centreline 5.450 m; bar run: PRE-S5.1 support face-to-face",DXF face separation 300 mm = section B 300,p.13 section D candidates: 600 | None,"[""P13-GB-EXTERIOR"", ""P13-GB-GT5M""]",CANDIDATE_DETAIL,3Ø16,3Ø16,3Ø16,2Ø12/30cm | None,Ø8,150 mm,BLOCKED_COMPONENT,BLOCKED_COMPONENT,BLOCKED_COMPONENT,True,READY_LOWER_BOUND
GSO-184-7CF-3,GROUND_BEAM,untagged (p.13 typical sections),SIDE_BARS,2Ø12/30cm | None,BLOCKED_COMPONENT,side bars 2Ø12 per 30 cm of depth; depth FOLLOW ARCH. not printed; other candidates have none,False,False,"DXF GBP layer-1 face pair, clear between supports 5.150 m; support centreline 5.450 m; bar run: PRE-S5.1 support face-to-face",DXF face separation 300 mm = section B 300,p.13 section D candidates: 600 | None,"[""P13-GB-EXTERIOR"", ""P13-GB-GT5M""]",CANDIDATE_DETAIL,3Ø16,3Ø16,3Ø16,2Ø12/30cm | None,Ø8,150 mm,BLOCKED_COMPONENT,BLOCKED_COMPONENT,BLOCKED_COMPONENT,True,READY_LOWER_BOUND
GSO-184-7CF-3,GROUND_BEAM,untagged (p.13 typical sections),STIRRUP_DIAMETER,Ø8,READY,typical section callout,True,True,"DXF GBP layer-1 face pair, clear between supports 5.150 m; support centreline 5.450 m; bar run: PRE-S5.1 support face-to-face",DXF face separation 300 mm = section B 300,p.13 section D candidates: 600 | None,"[""P13-GB-EXTERIOR"", ""P13-GB-GT5M""]",CANDIDATE_DETAIL,3Ø16,3Ø16,3Ø16,2Ø12/30cm | None,Ø8,150 mm,BLOCKED_COMPONENT,BLOCKED_COMPONENT,BLOCKED_COMPONENT,True,READY_LOWER_BOUND
GSO-184-7CF-3,GROUND_BEAM,untagged (p.13 typical sections),STIRRUP_RATE,150 mm,READY,typical section callout,True,True,"DXF GBP layer-1 face pair, clear between supports 5.150 m; support centreline 5.450 m; bar run: PRE-S5.1 support face-to-face",DXF face separation 300 mm = section B 300,p.13 section D candidates: 600 | None,"[""P13-GB-EXTERIOR"", ""P13-GB-GT5M""]",CANDIDATE_DETAIL,3Ø16,3Ø16,3Ø16,2Ø12/30cm | None,Ø8,150 mm,BLOCKED_COMPONENT,BLOCKED_COMPONENT,BLOCKED_COMPONENT,True,READY_LOWER_BOUND
GSO-184-7CF-3,GROUND_BEAM,untagged (p.13 typical sections),STIRRUP_CORE_PATH,D = FOLLOW ARCH.,BLOCKED_COMPONENT,section depth not printed (FOLLOW ARCH.),False,False,"DXF GBP layer-1 face pair, clear between supports 5.150 m; support centreline 5.450 m; bar run: PRE-S5.1 support face-to-face",DXF face separation 300 mm = section B 300,p.13 section D candidates: 600 | None,"[""P13-GB-EXTERIOR"", ""P13-GB-GT5M""]",CANDIDATE_DETAIL,3Ø16,3Ø16,3Ø16,2Ø12/30cm | None,Ø8,150 mm,BLOCKED_COMPONENT,BLOCKED_COMPONENT,BLOCKED_COMPONENT,True,READY_LOWER_BOUND
GSO-184-7CF-3,GROUND_BEAM,untagged (p.13 typical sections),STIRRUP_COUNT,150 mm,READY_LOWER_BOUND,count >= ceil(clear span / spacing); first / last stirrup position not stated,True,True,"DXF GBP layer-1 face pair, clear between supports 5.150 m; support centreline 5.450 m; bar run: PRE-S5.1 support face-to-face",DXF face separation 300 mm = section B 300,p.13 section D candidates: 600 | None,"[""P13-GB-EXTERIOR"", ""P13-GB-GT5M""]",CANDIDATE_DETAIL,3Ø16,3Ø16,3Ø16,2Ø12/30cm | None,Ø8,150 mm,BLOCKED_COMPONENT,BLOCKED_COMPONENT,BLOCKED_COMPONENT,True,READY_LOWER_BOUND
GSO-184-7CF-3,GROUND_BEAM,untagged (p.13 typical sections),HOOK_1,,BLOCKED_COMPONENT,hook angle / extension: NO_PROJECT_SOURCE (engineer / code decision; never verified),False,False,"DXF GBP layer-1 face pair, clear between supports 5.150 m; support centreline 5.450 m; bar run: PRE-S5.1 support face-to-face",DXF face separation 300 mm = section B 300,p.13 section D candidates: 600 | None,"[""P13-GB-EXTERIOR"", ""P13-GB-GT5M""]",CANDIDATE_DETAIL,3Ø16,3Ø16,3Ø16,2Ø12/30cm | None,Ø8,150 mm,BLOCKED_COMPONENT,BLOCKED_COMPONENT,BLOCKED_COMPONENT,True,READY_LOWER_BOUND
GSO-184-7CF-3,GROUND_BEAM,untagged (p.13 typical sections),HOOK_2,,BLOCKED_COMPONENT,hook angle / extension: NO_PROJECT_SOURCE (engineer / code decision; never verified),False,False,"DXF GBP layer-1 face pair, clear between supports 5.150 m; support centreline 5.450 m; bar run: PRE-S5.1 support face-to-face",DXF face separation 300 mm = section B 300,p.13 section D candidates: 600 | None,"[""P13-GB-EXTERIOR"", ""P13-GB-GT5M""]",CANDIDATE_DETAIL,3Ø16,3Ø16,3Ø16,2Ø12/30cm | None,Ø8,150 mm,BLOCKED_COMPONENT,BLOCKED_COMPONENT,BLOCKED_COMPONENT,True,READY_LOWER_BOUND
GSO-184-7CF-3,GROUND_BEAM,untagged (p.13 typical sections),END_ZONE_EXTRA,,NOT_APPLICABLE,the section prints one uniform spacing; no end-zone callout,False,False,"DXF GBP layer-1 face pair, clear between supports 5.150 m; support centreline 5.450 m; bar run: PRE-S5.1 support face-to-face",DXF face separation 300 mm = section B 300,p.13 section D candidates: 600 | None,"[""P13-GB-EXTERIOR"", ""P13-GB-GT5M""]",CANDIDATE_DETAIL,3Ø16,3Ø16,3Ø16,2Ø12/30cm | None,Ø8,150 mm,BLOCKED_COMPONENT,BLOCKED_COMPONENT,BLOCKED_COMPONENT,True,READY_LOWER_BOUND
GSO-184-7CF-3,GROUND_BEAM,untagged (p.13 typical sections),END_TREATMENT,,BLOCKED_COMPONENT,bar ends at the supports are not detailed,False,False,"DXF GBP layer-1 face pair, clear between supports 5.150 m; support centreline 5.450 m; bar run: PRE-S5.1 support face-to-face",DXF face separation 300 mm = section B 300,p.13 section D candidates: 600 | None,"[""P13-GB-EXTERIOR"", ""P13-GB-GT5M""]",CANDIDATE_DETAIL,3Ø16,3Ø16,3Ø16,2Ø12/30cm | None,Ø8,150 mm,BLOCKED_COMPONENT,BLOCKED_COMPONENT,BLOCKED_COMPONENT,True,READY_LOWER_BOUND
GSO-184-7CF-3,GROUND_BEAM,untagged (p.13 typical sections),DEVELOPMENT_INTO_SUPPORT_1,,BLOCKED_COMPONENT,no beam-end anchorage rule in the project source (DEVELOPMENT_STARTER_70D_40D is 'development / tie length of starter bars only' only),False,False,"DXF GBP layer-1 face pair, clear between supports 5.150 m; support centreline 5.450 m; bar run: PRE-S5.1 support face-to-face",DXF face separation 300 mm = section B 300,p.13 section D candidates: 600 | None,"[""P13-GB-EXTERIOR"", ""P13-GB-GT5M""]",CANDIDATE_DETAIL,3Ø16,3Ø16,3Ø16,2Ø12/30cm | None,Ø8,150 mm,BLOCKED_COMPONENT,BLOCKED_COMPONENT,BLOCKED_COMPONENT,True,READY_LOWER_BOUND
GSO-184-7CF-3,GROUND_BEAM,untagged (p.13 typical sections),DEVELOPMENT_INTO_SUPPORT_2,,BLOCKED_COMPONENT,no beam-end anchorage rule in the project source (DEVELOPMENT_STARTER_70D_40D is 'development / tie length of starter bars only' only),False,False,"DXF GBP layer-1 face pair, clear between supports 5.150 m; support centreline 5.450 m; bar run: PRE-S5.1 support face-to-face",DXF face separation 300 mm = section B 300,p.13 section D candidates: 600 | None,"[""P13-GB-EXTERIOR"", ""P13-GB-GT5M""]",CANDIDATE_DETAIL,3Ø16,3Ø16,3Ø16,2Ø12/30cm | None,Ø8,150 mm,BLOCKED_COMPONENT,BLOCKED_COMPONENT,BLOCKED_COMPONENT,True,READY_LOWER_BOUND
GSO-184-7CF-3,GROUND_BEAM,untagged (p.13 typical sections),LAP,,NOT_APPLICABLE,net measurement: laps are a procurement matter (BBS firewall),False,False,"DXF GBP layer-1 face pair, clear between supports 5.150 m; support centreline 5.450 m; bar run: PRE-S5.1 support face-to-face",DXF face separation 300 mm = section B 300,p.13 section D candidates: 600 | None,"[""P13-GB-EXTERIOR"", ""P13-GB-GT5M""]",CANDIDATE_DETAIL,3Ø16,3Ø16,3Ø16,2Ø12/30cm | None,Ø8,150 mm,BLOCKED_COMPONENT,BLOCKED_COMPONENT,BLOCKED_COMPONENT,True,READY_LOWER_BOUND
GSO-185-7C7-1,GROUND_BEAM,untagged (p.13 typical sections),TOP_MAIN,3Ø16,READY_LOWER_BOUND,"straight run: support face-to-face, derived per span in PRE-S5.1 (research/pre_s5_1_source_resolution, no numerical-minimum shortcut); development / end anchorage not source-established",False,True,"DXF GBP layer-1 face pair, clear between supports 0.850 m; support centreline 1.150 m; bar run: PRE-S5.1 support face-to-face",DXF face separation 300 mm = section B 300,FOLLOW ARCH. (not printed),"[""P13-GB-EXTERIOR""]",PROJECT_GENERAL_DETAIL,3Ø16,3Ø16,3Ø16,2Ø12/30cm,Ø8,150 mm,BLOCKED_COMPONENT,BLOCKED_COMPONENT,BLOCKED_COMPONENT,True,READY_LOWER_BOUND
GSO-185-7C7-1,GROUND_BEAM,untagged (p.13 typical sections),BOTTOM_ROW_1,3Ø16,READY_LOWER_BOUND,"straight run: support face-to-face, derived per span in PRE-S5.1 (research/pre_s5_1_source_resolution, no numerical-minimum shortcut); development / end anchorage not source-established",False,True,"DXF GBP layer-1 face pair, clear between supports 0.850 m; support centreline 1.150 m; bar run: PRE-S5.1 support face-to-face",DXF face separation 300 mm = section B 300,FOLLOW ARCH. (not printed),"[""P13-GB-EXTERIOR""]",PROJECT_GENERAL_DETAIL,3Ø16,3Ø16,3Ø16,2Ø12/30cm,Ø8,150 mm,BLOCKED_COMPONENT,BLOCKED_COMPONENT,BLOCKED_COMPONENT,True,READY_LOWER_BOUND
GSO-185-7C7-1,GROUND_BEAM,untagged (p.13 typical sections),BOTTOM_ROW_2,3Ø16,READY_LOWER_BOUND,"straight run: support face-to-face, derived per span in PRE-S5.1 (research/pre_s5_1_source_resolution, no numerical-minimum shortcut); development / end anchorage not source-established",False,True,"DXF GBP layer-1 face pair, clear between supports 0.850 m; support centreline 1.150 m; bar run: PRE-S5.1 support face-to-face",DXF face separation 300 mm = section B 300,FOLLOW ARCH. (not printed),"[""P13-GB-EXTERIOR""]",PROJECT_GENERAL_DETAIL,3Ø16,3Ø16,3Ø16,2Ø12/30cm,Ø8,150 mm,BLOCKED_COMPONENT,BLOCKED_COMPONENT,BLOCKED_COMPONENT,True,READY_LOWER_BOUND
GSO-185-7C7-1,GROUND_BEAM,untagged (p.13 typical sections),SIDE_BARS,2Ø12/30cm,BLOCKED_COMPONENT,side bars 2Ø12 per 30 cm of depth; depth FOLLOW ARCH. not printed,False,False,"DXF GBP layer-1 face pair, clear between supports 0.850 m; support centreline 1.150 m; bar run: PRE-S5.1 support face-to-face",DXF face separation 300 mm = section B 300,FOLLOW ARCH. (not printed),"[""P13-GB-EXTERIOR""]",PROJECT_GENERAL_DETAIL,3Ø16,3Ø16,3Ø16,2Ø12/30cm,Ø8,150 mm,BLOCKED_COMPONENT,BLOCKED_COMPONENT,BLOCKED_COMPONENT,True,READY_LOWER_BOUND
GSO-185-7C7-1,GROUND_BEAM,untagged (p.13 typical sections),STIRRUP_DIAMETER,Ø8,READY,typical section callout,False,True,"DXF GBP layer-1 face pair, clear between supports 0.850 m; support centreline 1.150 m; bar run: PRE-S5.1 support face-to-face",DXF face separation 300 mm = section B 300,FOLLOW ARCH. (not printed),"[""P13-GB-EXTERIOR""]",PROJECT_GENERAL_DETAIL,3Ø16,3Ø16,3Ø16,2Ø12/30cm,Ø8,150 mm,BLOCKED_COMPONENT,BLOCKED_COMPONENT,BLOCKED_COMPONENT,True,READY_LOWER_BOUND
GSO-185-7C7-1,GROUND_BEAM,untagged (p.13 typical sections),STIRRUP_RATE,150 mm,READY,typical section callout,False,True,"DXF GBP layer-1 face pair, clear between supports 0.850 m; support centreline 1.150 m; bar run: PRE-S5.1 support face-to-face",DXF face separation 300 mm = section B 300,FOLLOW ARCH. (not printed),"[""P13-GB-EXTERIOR""]",PROJECT_GENERAL_DETAIL,3Ø16,3Ø16,3Ø16,2Ø12/30cm,Ø8,150 mm,BLOCKED_COMPONENT,BLOCKED_COMPONENT,BLOCKED_COMPONENT,True,READY_LOWER_BOUND
GSO-185-7C7-1,GROUND_BEAM,untagged (p.13 typical sections),STIRRUP_CORE_PATH,D = FOLLOW ARCH.,BLOCKED_COMPONENT,section depth not printed (FOLLOW ARCH.),False,False,"DXF GBP layer-1 face pair, clear between supports 0.850 m; support centreline 1.150 m; bar run: PRE-S5.1 support face-to-face",DXF face separation 300 mm = section B 300,FOLLOW ARCH. (not printed),"[""P13-GB-EXTERIOR""]",PROJECT_GENERAL_DETAIL,3Ø16,3Ø16,3Ø16,2Ø12/30cm,Ø8,150 mm,BLOCKED_COMPONENT,BLOCKED_COMPONENT,BLOCKED_COMPONENT,True,READY_LOWER_BOUND
GSO-185-7C7-1,GROUND_BEAM,untagged (p.13 typical sections),STIRRUP_COUNT,150 mm,READY_LOWER_BOUND,count >= ceil(clear span / spacing); first / last stirrup position not stated,False,True,"DXF GBP layer-1 face pair, clear between supports 0.850 m; support centreline 1.150 m; bar run: PRE-S5.1 support face-to-face",DXF face separation 300 mm = section B 300,FOLLOW ARCH. (not printed),"[""P13-GB-EXTERIOR""]",PROJECT_GENERAL_DETAIL,3Ø16,3Ø16,3Ø16,2Ø12/30cm,Ø8,150 mm,BLOCKED_COMPONENT,BLOCKED_COMPONENT,BLOCKED_COMPONENT,True,READY_LOWER_BOUND
GSO-185-7C7-1,GROUND_BEAM,untagged (p.13 typical sections),HOOK_1,,BLOCKED_COMPONENT,hook angle / extension: NO_PROJECT_SOURCE (engineer / code decision; never verified),False,False,"DXF GBP layer-1 face pair, clear between supports 0.850 m; support centreline 1.150 m; bar run: PRE-S5.1 support face-to-face",DXF face separation 300 mm = section B 300,FOLLOW ARCH. (not printed),"[""P13-GB-EXTERIOR""]",PROJECT_GENERAL_DETAIL,3Ø16,3Ø16,3Ø16,2Ø12/30cm,Ø8,150 mm,BLOCKED_COMPONENT,BLOCKED_COMPONENT,BLOCKED_COMPONENT,True,READY_LOWER_BOUND
GSO-185-7C7-1,GROUND_BEAM,untagged (p.13 typical sections),HOOK_2,,BLOCKED_COMPONENT,hook angle / extension: NO_PROJECT_SOURCE (engineer / code decision; never verified),False,False,"DXF GBP layer-1 face pair, clear between supports 0.850 m; support centreline 1.150 m; bar run: PRE-S5.1 support face-to-face",DXF face separation 300 mm = section B 300,FOLLOW ARCH. (not printed),"[""P13-GB-EXTERIOR""]",PROJECT_GENERAL_DETAIL,3Ø16,3Ø16,3Ø16,2Ø12/30cm,Ø8,150 mm,BLOCKED_COMPONENT,BLOCKED_COMPONENT,BLOCKED_COMPONENT,True,READY_LOWER_BOUND
GSO-185-7C7-1,GROUND_BEAM,untagged (p.13 typical sections),END_ZONE_EXTRA,,NOT_APPLICABLE,the section prints one uniform spacing; no end-zone callout,False,False,"DXF GBP layer-1 face pair, clear between supports 0.850 m; support centreline 1.150 m; bar run: PRE-S5.1 support face-to-face",DXF face separation 300 mm = section B 300,FOLLOW ARCH. (not printed),"[""P13-GB-EXTERIOR""]",PROJECT_GENERAL_DETAIL,3Ø16,3Ø16,3Ø16,2Ø12/30cm,Ø8,150 mm,BLOCKED_COMPONENT,BLOCKED_COMPONENT,BLOCKED_COMPONENT,True,READY_LOWER_BOUND
GSO-185-7C7-1,GROUND_BEAM,untagged (p.13 typical sections),END_TREATMENT,,BLOCKED_COMPONENT,bar ends at the supports are not detailed,False,False,"DXF GBP layer-1 face pair, clear between supports 0.850 m; support centreline 1.150 m; bar run: PRE-S5.1 support face-to-face",DXF face separation 300 mm = section B 300,FOLLOW ARCH. (not printed),"[""P13-GB-EXTERIOR""]",PROJECT_GENERAL_DETAIL,3Ø16,3Ø16,3Ø16,2Ø12/30cm,Ø8,150 mm,BLOCKED_COMPONENT,BLOCKED_COMPONENT,BLOCKED_COMPONENT,True,READY_LOWER_BOUND
GSO-185-7C7-1,GROUND_BEAM,untagged (p.13 typical sections),DEVELOPMENT_INTO_SUPPORT_1,,BLOCKED_COMPONENT,no beam-end anchorage rule in the project source (DEVELOPMENT_STARTER_70D_40D is 'development / tie length of starter bars only' only),False,False,"DXF GBP layer-1 face pair, clear between supports 0.850 m; support centreline 1.150 m; bar run: PRE-S5.1 support face-to-face",DXF face separation 300 mm = section B 300,FOLLOW ARCH. (not printed),"[""P13-GB-EXTERIOR""]",PROJECT_GENERAL_DETAIL,3Ø16,3Ø16,3Ø16,2Ø12/30cm,Ø8,150 mm,BLOCKED_COMPONENT,BLOCKED_COMPONENT,BLOCKED_COMPONENT,True,READY_LOWER_BOUND
GSO-185-7C7-1,GROUND_BEAM,untagged (p.13 typical sections),DEVELOPMENT_INTO_SUPPORT_2,,BLOCKED_COMPONENT,no beam-end anchorage rule in the project source (DEVELOPMENT_STARTER_70D_40D is 'development / tie length of starter bars only' only),False,False,"DXF GBP layer-1 face pair, clear between supports 0.850 m; support centreline 1.150 m; bar run: PRE-S5.1 support face-to-face",DXF face separation 300 mm = section B 300,FOLLOW ARCH. (not printed),"[""P13-GB-EXTERIOR""]",PROJECT_GENERAL_DETAIL,3Ø16,3Ø16,3Ø16,2Ø12/30cm,Ø8,150 mm,BLOCKED_COMPONENT,BLOCKED_COMPONENT,BLOCKED_COMPONENT,True,READY_LOWER_BOUND
GSO-185-7C7-1,GROUND_BEAM,untagged (p.13 typical sections),LAP,,NOT_APPLICABLE,net measurement: laps are a procurement matter (BBS firewall),False,False,"DXF GBP layer-1 face pair, clear between supports 0.850 m; support centreline 1.150 m; bar run: PRE-S5.1 support face-to-face",DXF face separation 300 mm = section B 300,FOLLOW ARCH. (not printed),"[""P13-GB-EXTERIOR""]",PROJECT_GENERAL_DETAIL,3Ø16,3Ø16,3Ø16,2Ø12/30cm,Ø8,150 mm,BLOCKED_COMPONENT,BLOCKED_COMPONENT,BLOCKED_COMPONENT,True,READY_LOWER_BOUND
GSO-7D0-FC-1,GROUND_BEAM,untagged (p.13 typical sections),TOP_MAIN,3Ø16,READY_LOWER_BOUND,"straight run: support face-to-face, derived per span in PRE-S5.1 (research/pre_s5_1_source_resolution, no numerical-minimum shortcut); development / end anchorage not source-established",False,True,"DXF GBP layer-1 face pair, clear between supports 3.375 m; support centreline 3.525 m; bar run: PRE-S5.1 support face-to-face",DXF face separation 300 mm = section B 300,FOLLOW ARCH. (not printed),"[""P13-GB-EXTERIOR""]",PROJECT_GENERAL_DETAIL,3Ø16,3Ø16,3Ø16,2Ø12/30cm,Ø8,150 mm,BLOCKED_COMPONENT,BLOCKED_COMPONENT,BLOCKED_COMPONENT,True,READY_LOWER_BOUND
GSO-7D0-FC-1,GROUND_BEAM,untagged (p.13 typical sections),BOTTOM_ROW_1,3Ø16,READY_LOWER_BOUND,"straight run: support face-to-face, derived per span in PRE-S5.1 (research/pre_s5_1_source_resolution, no numerical-minimum shortcut); development / end anchorage not source-established",False,True,"DXF GBP layer-1 face pair, clear between supports 3.375 m; support centreline 3.525 m; bar run: PRE-S5.1 support face-to-face",DXF face separation 300 mm = section B 300,FOLLOW ARCH. (not printed),"[""P13-GB-EXTERIOR""]",PROJECT_GENERAL_DETAIL,3Ø16,3Ø16,3Ø16,2Ø12/30cm,Ø8,150 mm,BLOCKED_COMPONENT,BLOCKED_COMPONENT,BLOCKED_COMPONENT,True,READY_LOWER_BOUND
GSO-7D0-FC-1,GROUND_BEAM,untagged (p.13 typical sections),BOTTOM_ROW_2,3Ø16,READY_LOWER_BOUND,"straight run: support face-to-face, derived per span in PRE-S5.1 (research/pre_s5_1_source_resolution, no numerical-minimum shortcut); development / end anchorage not source-established",False,True,"DXF GBP layer-1 face pair, clear between supports 3.375 m; support centreline 3.525 m; bar run: PRE-S5.1 support face-to-face",DXF face separation 300 mm = section B 300,FOLLOW ARCH. (not printed),"[""P13-GB-EXTERIOR""]",PROJECT_GENERAL_DETAIL,3Ø16,3Ø16,3Ø16,2Ø12/30cm,Ø8,150 mm,BLOCKED_COMPONENT,BLOCKED_COMPONENT,BLOCKED_COMPONENT,True,READY_LOWER_BOUND
GSO-7D0-FC-1,GROUND_BEAM,untagged (p.13 typical sections),SIDE_BARS,2Ø12/30cm,BLOCKED_COMPONENT,side bars 2Ø12 per 30 cm of depth; depth FOLLOW ARCH. not printed,False,False,"DXF GBP layer-1 face pair, clear between supports 3.375 m; support centreline 3.525 m; bar run: PRE-S5.1 support face-to-face",DXF face separation 300 mm = section B 300,FOLLOW ARCH. (not printed),"[""P13-GB-EXTERIOR""]",PROJECT_GENERAL_DETAIL,3Ø16,3Ø16,3Ø16,2Ø12/30cm,Ø8,150 mm,BLOCKED_COMPONENT,BLOCKED_COMPONENT,BLOCKED_COMPONENT,True,READY_LOWER_BOUND
GSO-7D0-FC-1,GROUND_BEAM,untagged (p.13 typical sections),STIRRUP_DIAMETER,Ø8,READY,typical section callout,False,True,"DXF GBP layer-1 face pair, clear between supports 3.375 m; support centreline 3.525 m; bar run: PRE-S5.1 support face-to-face",DXF face separation 300 mm = section B 300,FOLLOW ARCH. (not printed),"[""P13-GB-EXTERIOR""]",PROJECT_GENERAL_DETAIL,3Ø16,3Ø16,3Ø16,2Ø12/30cm,Ø8,150 mm,BLOCKED_COMPONENT,BLOCKED_COMPONENT,BLOCKED_COMPONENT,True,READY_LOWER_BOUND
GSO-7D0-FC-1,GROUND_BEAM,untagged (p.13 typical sections),STIRRUP_RATE,150 mm,READY,typical section callout,False,True,"DXF GBP layer-1 face pair, clear between supports 3.375 m; support centreline 3.525 m; bar run: PRE-S5.1 support face-to-face",DXF face separation 300 mm = section B 300,FOLLOW ARCH. (not printed),"[""P13-GB-EXTERIOR""]",PROJECT_GENERAL_DETAIL,3Ø16,3Ø16,3Ø16,2Ø12/30cm,Ø8,150 mm,BLOCKED_COMPONENT,BLOCKED_COMPONENT,BLOCKED_COMPONENT,True,READY_LOWER_BOUND
GSO-7D0-FC-1,GROUND_BEAM,untagged (p.13 typical sections),STIRRUP_CORE_PATH,D = FOLLOW ARCH.,BLOCKED_COMPONENT,section depth not printed (FOLLOW ARCH.),False,False,"DXF GBP layer-1 face pair, clear between supports 3.375 m; support centreline 3.525 m; bar run: PRE-S5.1 support face-to-face",DXF face separation 300 mm = section B 300,FOLLOW ARCH. (not printed),"[""P13-GB-EXTERIOR""]",PROJECT_GENERAL_DETAIL,3Ø16,3Ø16,3Ø16,2Ø12/30cm,Ø8,150 mm,BLOCKED_COMPONENT,BLOCKED_COMPONENT,BLOCKED_COMPONENT,True,READY_LOWER_BOUND
GSO-7D0-FC-1,GROUND_BEAM,untagged (p.13 typical sections),STIRRUP_COUNT,150 mm,READY_LOWER_BOUND,count >= ceil(clear span / spacing); first / last stirrup position not stated,False,True,"DXF GBP layer-1 face pair, clear between supports 3.375 m; support centreline 3.525 m; bar run: PRE-S5.1 support face-to-face",DXF face separation 300 mm = section B 300,FOLLOW ARCH. (not printed),"[""P13-GB-EXTERIOR""]",PROJECT_GENERAL_DETAIL,3Ø16,3Ø16,3Ø16,2Ø12/30cm,Ø8,150 mm,BLOCKED_COMPONENT,BLOCKED_COMPONENT,BLOCKED_COMPONENT,True,READY_LOWER_BOUND
GSO-7D0-FC-1,GROUND_BEAM,untagged (p.13 typical sections),HOOK_1,,BLOCKED_COMPONENT,hook angle / extension: NO_PROJECT_SOURCE (engineer / code decision; never verified),False,False,"DXF GBP layer-1 face pair, clear between supports 3.375 m; support centreline 3.525 m; bar run: PRE-S5.1 support face-to-face",DXF face separation 300 mm = section B 300,FOLLOW ARCH. (not printed),"[""P13-GB-EXTERIOR""]",PROJECT_GENERAL_DETAIL,3Ø16,3Ø16,3Ø16,2Ø12/30cm,Ø8,150 mm,BLOCKED_COMPONENT,BLOCKED_COMPONENT,BLOCKED_COMPONENT,True,READY_LOWER_BOUND
GSO-7D0-FC-1,GROUND_BEAM,untagged (p.13 typical sections),HOOK_2,,BLOCKED_COMPONENT,hook angle / extension: NO_PROJECT_SOURCE (engineer / code decision; never verified),False,False,"DXF GBP layer-1 face pair, clear between supports 3.375 m; support centreline 3.525 m; bar run: PRE-S5.1 support face-to-face",DXF face separation 300 mm = section B 300,FOLLOW ARCH. (not printed),"[""P13-GB-EXTERIOR""]",PROJECT_GENERAL_DETAIL,3Ø16,3Ø16,3Ø16,2Ø12/30cm,Ø8,150 mm,BLOCKED_COMPONENT,BLOCKED_COMPONENT,BLOCKED_COMPONENT,True,READY_LOWER_BOUND
GSO-7D0-FC-1,GROUND_BEAM,untagged (p.13 typical sections),END_ZONE_EXTRA,,NOT_APPLICABLE,the section prints one uniform spacing; no end-zone callout,False,False,"DXF GBP layer-1 face pair, clear between supports 3.375 m; support centreline 3.525 m; bar run: PRE-S5.1 support face-to-face",DXF face separation 300 mm = section B 300,FOLLOW ARCH. (not printed),"[""P13-GB-EXTERIOR""]",PROJECT_GENERAL_DETAIL,3Ø16,3Ø16,3Ø16,2Ø12/30cm,Ø8,150 mm,BLOCKED_COMPONENT,BLOCKED_COMPONENT,BLOCKED_COMPONENT,True,READY_LOWER_BOUND
GSO-7D0-FC-1,GROUND_BEAM,untagged (p.13 typical sections),END_TREATMENT,,BLOCKED_COMPONENT,bar ends at the supports are not detailed,False,False,"DXF GBP layer-1 face pair, clear between supports 3.375 m; support centreline 3.525 m; bar run: PRE-S5.1 support face-to-face",DXF face separation 300 mm = section B 300,FOLLOW ARCH. (not printed),"[""P13-GB-EXTERIOR""]",PROJECT_GENERAL_DETAIL,3Ø16,3Ø16,3Ø16,2Ø12/30cm,Ø8,150 mm,BLOCKED_COMPONENT,BLOCKED_COMPONENT,BLOCKED_COMPONENT,True,READY_LOWER_BOUND
GSO-7D0-FC-1,GROUND_BEAM,untagged (p.13 typical sections),DEVELOPMENT_INTO_SUPPORT_1,,BLOCKED_COMPONENT,no beam-end anchorage rule in the project source (DEVELOPMENT_STARTER_70D_40D is 'development / tie length of starter bars only' only),False,False,"DXF GBP layer-1 face pair, clear between supports 3.375 m; support centreline 3.525 m; bar run: PRE-S5.1 support face-to-face",DXF face separation 300 mm = section B 300,FOLLOW ARCH. (not printed),"[""P13-GB-EXTERIOR""]",PROJECT_GENERAL_DETAIL,3Ø16,3Ø16,3Ø16,2Ø12/30cm,Ø8,150 mm,BLOCKED_COMPONENT,BLOCKED_COMPONENT,BLOCKED_COMPONENT,True,READY_LOWER_BOUND
GSO-7D0-FC-1,GROUND_BEAM,untagged (p.13 typical sections),DEVELOPMENT_INTO_SUPPORT_2,,BLOCKED_COMPONENT,no beam-end anchorage rule in the project source (DEVELOPMENT_STARTER_70D_40D is 'development / tie length of starter bars only' only),False,False,"DXF GBP layer-1 face pair, clear between supports 3.375 m; support centreline 3.525 m; bar run: PRE-S5.1 support face-to-face",DXF face separation 300 mm = section B 300,FOLLOW ARCH. (not printed),"[""P13-GB-EXTERIOR""]",PROJECT_GENERAL_DETAIL,3Ø16,3Ø16,3Ø16,2Ø12/30cm,Ø8,150 mm,BLOCKED_COMPONENT,BLOCKED_COMPONENT,BLOCKED_COMPONENT,True,READY_LOWER_BOUND
GSO-7D0-FC-1,GROUND_BEAM,untagged (p.13 typical sections),LAP,,NOT_APPLICABLE,net measurement: laps are a procurement matter (BBS firewall),False,False,"DXF GBP layer-1 face pair, clear between supports 3.375 m; support centreline 3.525 m; bar run: PRE-S5.1 support face-to-face",DXF face separation 300 mm = section B 300,FOLLOW ARCH. (not printed),"[""P13-GB-EXTERIOR""]",PROJECT_GENERAL_DETAIL,3Ø16,3Ø16,3Ø16,2Ø12/30cm,Ø8,150 mm,BLOCKED_COMPONENT,BLOCKED_COMPONENT,BLOCKED_COMPONENT,True,READY_LOWER_BOUND
GSO-7D0-FC-2,GROUND_BEAM,untagged (p.13 typical sections),TOP_MAIN,3Ø16,READY_LOWER_BOUND,"straight run: support face-to-face, derived per span in PRE-S5.1 (research/pre_s5_1_source_resolution, no numerical-minimum shortcut); development / end anchorage not source-established",False,True,"DXF GBP layer-1 face pair, clear between supports 6.245 m; support centreline 6.545 m; bar run: PRE-S5.1 support face-to-face",DXF face separation 300 mm = section B 300,FOLLOW ARCH. (not printed),"[""P13-GB-EXTERIOR""]",PROJECT_GENERAL_DETAIL,3Ø16,3Ø16,3Ø16,2Ø12/30cm,Ø8,150 mm,BLOCKED_COMPONENT,BLOCKED_COMPONENT,BLOCKED_COMPONENT,True,READY_LOWER_BOUND
GSO-7D0-FC-2,GROUND_BEAM,untagged (p.13 typical sections),BOTTOM_ROW_1,3Ø16,READY_LOWER_BOUND,"straight run: support face-to-face, derived per span in PRE-S5.1 (research/pre_s5_1_source_resolution, no numerical-minimum shortcut); development / end anchorage not source-established",False,True,"DXF GBP layer-1 face pair, clear between supports 6.245 m; support centreline 6.545 m; bar run: PRE-S5.1 support face-to-face",DXF face separation 300 mm = section B 300,FOLLOW ARCH. (not printed),"[""P13-GB-EXTERIOR""]",PROJECT_GENERAL_DETAIL,3Ø16,3Ø16,3Ø16,2Ø12/30cm,Ø8,150 mm,BLOCKED_COMPONENT,BLOCKED_COMPONENT,BLOCKED_COMPONENT,True,READY_LOWER_BOUND
GSO-7D0-FC-2,GROUND_BEAM,untagged (p.13 typical sections),BOTTOM_ROW_2,3Ø16,READY_LOWER_BOUND,"straight run: support face-to-face, derived per span in PRE-S5.1 (research/pre_s5_1_source_resolution, no numerical-minimum shortcut); development / end anchorage not source-established",False,True,"DXF GBP layer-1 face pair, clear between supports 6.245 m; support centreline 6.545 m; bar run: PRE-S5.1 support face-to-face",DXF face separation 300 mm = section B 300,FOLLOW ARCH. (not printed),"[""P13-GB-EXTERIOR""]",PROJECT_GENERAL_DETAIL,3Ø16,3Ø16,3Ø16,2Ø12/30cm,Ø8,150 mm,BLOCKED_COMPONENT,BLOCKED_COMPONENT,BLOCKED_COMPONENT,True,READY_LOWER_BOUND
GSO-7D0-FC-2,GROUND_BEAM,untagged (p.13 typical sections),SIDE_BARS,2Ø12/30cm,BLOCKED_COMPONENT,side bars 2Ø12 per 30 cm of depth; depth FOLLOW ARCH. not printed,False,False,"DXF GBP layer-1 face pair, clear between supports 6.245 m; support centreline 6.545 m; bar run: PRE-S5.1 support face-to-face",DXF face separation 300 mm = section B 300,FOLLOW ARCH. (not printed),"[""P13-GB-EXTERIOR""]",PROJECT_GENERAL_DETAIL,3Ø16,3Ø16,3Ø16,2Ø12/30cm,Ø8,150 mm,BLOCKED_COMPONENT,BLOCKED_COMPONENT,BLOCKED_COMPONENT,True,READY_LOWER_BOUND
GSO-7D0-FC-2,GROUND_BEAM,untagged (p.13 typical sections),STIRRUP_DIAMETER,Ø8,READY,typical section callout,False,True,"DXF GBP layer-1 face pair, clear between supports 6.245 m; support centreline 6.545 m; bar run: PRE-S5.1 support face-to-face",DXF face separation 300 mm = section B 300,FOLLOW ARCH. (not printed),"[""P13-GB-EXTERIOR""]",PROJECT_GENERAL_DETAIL,3Ø16,3Ø16,3Ø16,2Ø12/30cm,Ø8,150 mm,BLOCKED_COMPONENT,BLOCKED_COMPONENT,BLOCKED_COMPONENT,True,READY_LOWER_BOUND
GSO-7D0-FC-2,GROUND_BEAM,untagged (p.13 typical sections),STIRRUP_RATE,150 mm,READY,typical section callout,False,True,"DXF GBP layer-1 face pair, clear between supports 6.245 m; support centreline 6.545 m; bar run: PRE-S5.1 support face-to-face",DXF face separation 300 mm = section B 300,FOLLOW ARCH. (not printed),"[""P13-GB-EXTERIOR""]",PROJECT_GENERAL_DETAIL,3Ø16,3Ø16,3Ø16,2Ø12/30cm,Ø8,150 mm,BLOCKED_COMPONENT,BLOCKED_COMPONENT,BLOCKED_COMPONENT,True,READY_LOWER_BOUND
GSO-7D0-FC-2,GROUND_BEAM,untagged (p.13 typical sections),STIRRUP_CORE_PATH,D = FOLLOW ARCH.,BLOCKED_COMPONENT,section depth not printed (FOLLOW ARCH.),False,False,"DXF GBP layer-1 face pair, clear between supports 6.245 m; support centreline 6.545 m; bar run: PRE-S5.1 support face-to-face",DXF face separation 300 mm = section B 300,FOLLOW ARCH. (not printed),"[""P13-GB-EXTERIOR""]",PROJECT_GENERAL_DETAIL,3Ø16,3Ø16,3Ø16,2Ø12/30cm,Ø8,150 mm,BLOCKED_COMPONENT,BLOCKED_COMPONENT,BLOCKED_COMPONENT,True,READY_LOWER_BOUND
GSO-7D0-FC-2,GROUND_BEAM,untagged (p.13 typical sections),STIRRUP_COUNT,150 mm,READY_LOWER_BOUND,count >= ceil(clear span / spacing); first / last stirrup position not stated,False,True,"DXF GBP layer-1 face pair, clear between supports 6.245 m; support centreline 6.545 m; bar run: PRE-S5.1 support face-to-face",DXF face separation 300 mm = section B 300,FOLLOW ARCH. (not printed),"[""P13-GB-EXTERIOR""]",PROJECT_GENERAL_DETAIL,3Ø16,3Ø16,3Ø16,2Ø12/30cm,Ø8,150 mm,BLOCKED_COMPONENT,BLOCKED_COMPONENT,BLOCKED_COMPONENT,True,READY_LOWER_BOUND
GSO-7D0-FC-2,GROUND_BEAM,untagged (p.13 typical sections),HOOK_1,,BLOCKED_COMPONENT,hook angle / extension: NO_PROJECT_SOURCE (engineer / code decision; never verified),False,False,"DXF GBP layer-1 face pair, clear between supports 6.245 m; support centreline 6.545 m; bar run: PRE-S5.1 support face-to-face",DXF face separation 300 mm = section B 300,FOLLOW ARCH. (not printed),"[""P13-GB-EXTERIOR""]",PROJECT_GENERAL_DETAIL,3Ø16,3Ø16,3Ø16,2Ø12/30cm,Ø8,150 mm,BLOCKED_COMPONENT,BLOCKED_COMPONENT,BLOCKED_COMPONENT,True,READY_LOWER_BOUND
GSO-7D0-FC-2,GROUND_BEAM,untagged (p.13 typical sections),HOOK_2,,BLOCKED_COMPONENT,hook angle / extension: NO_PROJECT_SOURCE (engineer / code decision; never verified),False,False,"DXF GBP layer-1 face pair, clear between supports 6.245 m; support centreline 6.545 m; bar run: PRE-S5.1 support face-to-face",DXF face separation 300 mm = section B 300,FOLLOW ARCH. (not printed),"[""P13-GB-EXTERIOR""]",PROJECT_GENERAL_DETAIL,3Ø16,3Ø16,3Ø16,2Ø12/30cm,Ø8,150 mm,BLOCKED_COMPONENT,BLOCKED_COMPONENT,BLOCKED_COMPONENT,True,READY_LOWER_BOUND
GSO-7D0-FC-2,GROUND_BEAM,untagged (p.13 typical sections),END_ZONE_EXTRA,,NOT_APPLICABLE,the section prints one uniform spacing; no end-zone callout,False,False,"DXF GBP layer-1 face pair, clear between supports 6.245 m; support centreline 6.545 m; bar run: PRE-S5.1 support face-to-face",DXF face separation 300 mm = section B 300,FOLLOW ARCH. (not printed),"[""P13-GB-EXTERIOR""]",PROJECT_GENERAL_DETAIL,3Ø16,3Ø16,3Ø16,2Ø12/30cm,Ø8,150 mm,BLOCKED_COMPONENT,BLOCKED_COMPONENT,BLOCKED_COMPONENT,True,READY_LOWER_BOUND
GSO-7D0-FC-2,GROUND_BEAM,untagged (p.13 typical sections),END_TREATMENT,,BLOCKED_COMPONENT,bar ends at the supports are not detailed,False,False,"DXF GBP layer-1 face pair, clear between supports 6.245 m; support centreline 6.545 m; bar run: PRE-S5.1 support face-to-face",DXF face separation 300 mm = section B 300,FOLLOW ARCH. (not printed),"[""P13-GB-EXTERIOR""]",PROJECT_GENERAL_DETAIL,3Ø16,3Ø16,3Ø16,2Ø12/30cm,Ø8,150 mm,BLOCKED_COMPONENT,BLOCKED_COMPONENT,BLOCKED_COMPONENT,True,READY_LOWER_BOUND
GSO-7D0-FC-2,GROUND_BEAM,untagged (p.13 typical sections),DEVELOPMENT_INTO_SUPPORT_1,,BLOCKED_COMPONENT,no beam-end anchorage rule in the project source (DEVELOPMENT_STARTER_70D_40D is 'development / tie length of starter bars only' only),False,False,"DXF GBP layer-1 face pair, clear between supports 6.245 m; support centreline 6.545 m; bar run: PRE-S5.1 support face-to-face",DXF face separation 300 mm = section B 300,FOLLOW ARCH. (not printed),"[""P13-GB-EXTERIOR""]",PROJECT_GENERAL_DETAIL,3Ø16,3Ø16,3Ø16,2Ø12/30cm,Ø8,150 mm,BLOCKED_COMPONENT,BLOCKED_COMPONENT,BLOCKED_COMPONENT,True,READY_LOWER_BOUND
GSO-7D0-FC-2,GROUND_BEAM,untagged (p.13 typical sections),DEVELOPMENT_INTO_SUPPORT_2,,BLOCKED_COMPONENT,no beam-end anchorage rule in the project source (DEVELOPMENT_STARTER_70D_40D is 'development / tie length of starter bars only' only),False,False,"DXF GBP layer-1 face pair, clear between supports 6.245 m; support centreline 6.545 m; bar run: PRE-S5.1 support face-to-face",DXF face separation 300 mm = section B 300,FOLLOW ARCH. (not printed),"[""P13-GB-EXTERIOR""]",PROJECT_GENERAL_DETAIL,3Ø16,3Ø16,3Ø16,2Ø12/30cm,Ø8,150 mm,BLOCKED_COMPONENT,BLOCKED_COMPONENT,BLOCKED_COMPONENT,True,READY_LOWER_BOUND
GSO-7D0-FC-2,GROUND_BEAM,untagged (p.13 typical sections),LAP,,NOT_APPLICABLE,net measurement: laps are a procurement matter (BBS firewall),False,False,"DXF GBP layer-1 face pair, clear between supports 6.245 m; support centreline 6.545 m; bar run: PRE-S5.1 support face-to-face",DXF face separation 300 mm = section B 300,FOLLOW ARCH. (not printed),"[""P13-GB-EXTERIOR""]",PROJECT_GENERAL_DETAIL,3Ø16,3Ø16,3Ø16,2Ø12/30cm,Ø8,150 mm,BLOCKED_COMPONENT,BLOCKED_COMPONENT,BLOCKED_COMPONENT,True,READY_LOWER_BOUND
GSO-7D0-FC-3,GROUND_BEAM,untagged (p.13 typical sections),TOP_MAIN,3Ø16,READY_LOWER_BOUND,"straight run: support face-to-face, derived per span in PRE-S5.1 (research/pre_s5_1_source_resolution, no numerical-minimum shortcut); development / end anchorage not source-established",False,True,"DXF GBP layer-1 face pair, clear between supports 6.650 m; support centreline 6.950 m; bar run: PRE-S5.1 support face-to-face",DXF face separation 300 mm = section B 300,FOLLOW ARCH. (not printed),"[""P13-GB-EXTERIOR""]",PROJECT_GENERAL_DETAIL,3Ø16,3Ø16,3Ø16,2Ø12/30cm,Ø8,150 mm,BLOCKED_COMPONENT,BLOCKED_COMPONENT,BLOCKED_COMPONENT,True,READY_LOWER_BOUND
GSO-7D0-FC-3,GROUND_BEAM,untagged (p.13 typical sections),BOTTOM_ROW_1,3Ø16,READY_LOWER_BOUND,"straight run: support face-to-face, derived per span in PRE-S5.1 (research/pre_s5_1_source_resolution, no numerical-minimum shortcut); development / end anchorage not source-established",False,True,"DXF GBP layer-1 face pair, clear between supports 6.650 m; support centreline 6.950 m; bar run: PRE-S5.1 support face-to-face",DXF face separation 300 mm = section B 300,FOLLOW ARCH. (not printed),"[""P13-GB-EXTERIOR""]",PROJECT_GENERAL_DETAIL,3Ø16,3Ø16,3Ø16,2Ø12/30cm,Ø8,150 mm,BLOCKED_COMPONENT,BLOCKED_COMPONENT,BLOCKED_COMPONENT,True,READY_LOWER_BOUND
GSO-7D0-FC-3,GROUND_BEAM,untagged (p.13 typical sections),BOTTOM_ROW_2,3Ø16,READY_LOWER_BOUND,"straight run: support face-to-face, derived per span in PRE-S5.1 (research/pre_s5_1_source_resolution, no numerical-minimum shortcut); development / end anchorage not source-established",False,True,"DXF GBP layer-1 face pair, clear between supports 6.650 m; support centreline 6.950 m; bar run: PRE-S5.1 support face-to-face",DXF face separation 300 mm = section B 300,FOLLOW ARCH. (not printed),"[""P13-GB-EXTERIOR""]",PROJECT_GENERAL_DETAIL,3Ø16,3Ø16,3Ø16,2Ø12/30cm,Ø8,150 mm,BLOCKED_COMPONENT,BLOCKED_COMPONENT,BLOCKED_COMPONENT,True,READY_LOWER_BOUND
GSO-7D0-FC-3,GROUND_BEAM,untagged (p.13 typical sections),SIDE_BARS,2Ø12/30cm,BLOCKED_COMPONENT,side bars 2Ø12 per 30 cm of depth; depth FOLLOW ARCH. not printed,False,False,"DXF GBP layer-1 face pair, clear between supports 6.650 m; support centreline 6.950 m; bar run: PRE-S5.1 support face-to-face",DXF face separation 300 mm = section B 300,FOLLOW ARCH. (not printed),"[""P13-GB-EXTERIOR""]",PROJECT_GENERAL_DETAIL,3Ø16,3Ø16,3Ø16,2Ø12/30cm,Ø8,150 mm,BLOCKED_COMPONENT,BLOCKED_COMPONENT,BLOCKED_COMPONENT,True,READY_LOWER_BOUND
GSO-7D0-FC-3,GROUND_BEAM,untagged (p.13 typical sections),STIRRUP_DIAMETER,Ø8,READY,typical section callout,False,True,"DXF GBP layer-1 face pair, clear between supports 6.650 m; support centreline 6.950 m; bar run: PRE-S5.1 support face-to-face",DXF face separation 300 mm = section B 300,FOLLOW ARCH. (not printed),"[""P13-GB-EXTERIOR""]",PROJECT_GENERAL_DETAIL,3Ø16,3Ø16,3Ø16,2Ø12/30cm,Ø8,150 mm,BLOCKED_COMPONENT,BLOCKED_COMPONENT,BLOCKED_COMPONENT,True,READY_LOWER_BOUND
GSO-7D0-FC-3,GROUND_BEAM,untagged (p.13 typical sections),STIRRUP_RATE,150 mm,READY,typical section callout,False,True,"DXF GBP layer-1 face pair, clear between supports 6.650 m; support centreline 6.950 m; bar run: PRE-S5.1 support face-to-face",DXF face separation 300 mm = section B 300,FOLLOW ARCH. (not printed),"[""P13-GB-EXTERIOR""]",PROJECT_GENERAL_DETAIL,3Ø16,3Ø16,3Ø16,2Ø12/30cm,Ø8,150 mm,BLOCKED_COMPONENT,BLOCKED_COMPONENT,BLOCKED_COMPONENT,True,READY_LOWER_BOUND
GSO-7D0-FC-3,GROUND_BEAM,untagged (p.13 typical sections),STIRRUP_CORE_PATH,D = FOLLOW ARCH.,BLOCKED_COMPONENT,section depth not printed (FOLLOW ARCH.),False,False,"DXF GBP layer-1 face pair, clear between supports 6.650 m; support centreline 6.950 m; bar run: PRE-S5.1 support face-to-face",DXF face separation 300 mm = section B 300,FOLLOW ARCH. (not printed),"[""P13-GB-EXTERIOR""]",PROJECT_GENERAL_DETAIL,3Ø16,3Ø16,3Ø16,2Ø12/30cm,Ø8,150 mm,BLOCKED_COMPONENT,BLOCKED_COMPONENT,BLOCKED_COMPONENT,True,READY_LOWER_BOUND
GSO-7D0-FC-3,GROUND_BEAM,untagged (p.13 typical sections),STIRRUP_COUNT,150 mm,READY_LOWER_BOUND,count >= ceil(clear span / spacing); first / last stirrup position not stated,False,True,"DXF GBP layer-1 face pair, clear between supports 6.650 m; support centreline 6.950 m; bar run: PRE-S5.1 support face-to-face",DXF face separation 300 mm = section B 300,FOLLOW ARCH. (not printed),"[""P13-GB-EXTERIOR""]",PROJECT_GENERAL_DETAIL,3Ø16,3Ø16,3Ø16,2Ø12/30cm,Ø8,150 mm,BLOCKED_COMPONENT,BLOCKED_COMPONENT,BLOCKED_COMPONENT,True,READY_LOWER_BOUND
GSO-7D0-FC-3,GROUND_BEAM,untagged (p.13 typical sections),HOOK_1,,BLOCKED_COMPONENT,hook angle / extension: NO_PROJECT_SOURCE (engineer / code decision; never verified),False,False,"DXF GBP layer-1 face pair, clear between supports 6.650 m; support centreline 6.950 m; bar run: PRE-S5.1 support face-to-face",DXF face separation 300 mm = section B 300,FOLLOW ARCH. (not printed),"[""P13-GB-EXTERIOR""]",PROJECT_GENERAL_DETAIL,3Ø16,3Ø16,3Ø16,2Ø12/30cm,Ø8,150 mm,BLOCKED_COMPONENT,BLOCKED_COMPONENT,BLOCKED_COMPONENT,True,READY_LOWER_BOUND
GSO-7D0-FC-3,GROUND_BEAM,untagged (p.13 typical sections),HOOK_2,,BLOCKED_COMPONENT,hook angle / extension: NO_PROJECT_SOURCE (engineer / code decision; never verified),False,False,"DXF GBP layer-1 face pair, clear between supports 6.650 m; support centreline 6.950 m; bar run: PRE-S5.1 support face-to-face",DXF face separation 300 mm = section B 300,FOLLOW ARCH. (not printed),"[""P13-GB-EXTERIOR""]",PROJECT_GENERAL_DETAIL,3Ø16,3Ø16,3Ø16,2Ø12/30cm,Ø8,150 mm,BLOCKED_COMPONENT,BLOCKED_COMPONENT,BLOCKED_COMPONENT,True,READY_LOWER_BOUND
GSO-7D0-FC-3,GROUND_BEAM,untagged (p.13 typical sections),END_ZONE_EXTRA,,NOT_APPLICABLE,the section prints one uniform spacing; no end-zone callout,False,False,"DXF GBP layer-1 face pair, clear between supports 6.650 m; support centreline 6.950 m; bar run: PRE-S5.1 support face-to-face",DXF face separation 300 mm = section B 300,FOLLOW ARCH. (not printed),"[""P13-GB-EXTERIOR""]",PROJECT_GENERAL_DETAIL,3Ø16,3Ø16,3Ø16,2Ø12/30cm,Ø8,150 mm,BLOCKED_COMPONENT,BLOCKED_COMPONENT,BLOCKED_COMPONENT,True,READY_LOWER_BOUND
GSO-7D0-FC-3,GROUND_BEAM,untagged (p.13 typical sections),END_TREATMENT,,BLOCKED_COMPONENT,bar ends at the supports are not detailed,False,False,"DXF GBP layer-1 face pair, clear between supports 6.650 m; support centreline 6.950 m; bar run: PRE-S5.1 support face-to-face",DXF face separation 300 mm = section B 300,FOLLOW ARCH. (not printed),"[""P13-GB-EXTERIOR""]",PROJECT_GENERAL_DETAIL,3Ø16,3Ø16,3Ø16,2Ø12/30cm,Ø8,150 mm,BLOCKED_COMPONENT,BLOCKED_COMPONENT,BLOCKED_COMPONENT,True,READY_LOWER_BOUND
GSO-7D0-FC-3,GROUND_BEAM,untagged (p.13 typical sections),DEVELOPMENT_INTO_SUPPORT_1,,BLOCKED_COMPONENT,no beam-end anchorage rule in the project source (DEVELOPMENT_STARTER_70D_40D is 'development / tie length of starter bars only' only),False,False,"DXF GBP layer-1 face pair, clear between supports 6.650 m; support centreline 6.950 m; bar run: PRE-S5.1 support face-to-face",DXF face separation 300 mm = section B 300,FOLLOW ARCH. (not printed),"[""P13-GB-EXTERIOR""]",PROJECT_GENERAL_DETAIL,3Ø16,3Ø16,3Ø16,2Ø12/30cm,Ø8,150 mm,BLOCKED_COMPONENT,BLOCKED_COMPONENT,BLOCKED_COMPONENT,True,READY_LOWER_BOUND
GSO-7D0-FC-3,GROUND_BEAM,untagged (p.13 typical sections),DEVELOPMENT_INTO_SUPPORT_2,,BLOCKED_COMPONENT,no beam-end anchorage rule in the project source (DEVELOPMENT_STARTER_70D_40D is 'development / tie length of starter bars only' only),False,False,"DXF GBP layer-1 face pair, clear between supports 6.650 m; support centreline 6.950 m; bar run: PRE-S5.1 support face-to-face",DXF face separation 300 mm = section B 300,FOLLOW ARCH. (not printed),"[""P13-GB-EXTERIOR""]",PROJECT_GENERAL_DETAIL,3Ø16,3Ø16,3Ø16,2Ø12/30cm,Ø8,150 mm,BLOCKED_COMPONENT,BLOCKED_COMPONENT,BLOCKED_COMPONENT,True,READY_LOWER_BOUND
GSO-7D0-FC-3,GROUND_BEAM,untagged (p.13 typical sections),LAP,,NOT_APPLICABLE,net measurement: laps are a procurement matter (BBS firewall),False,False,"DXF GBP layer-1 face pair, clear between supports 6.650 m; support centreline 6.950 m; bar run: PRE-S5.1 support face-to-face",DXF face separation 300 mm = section B 300,FOLLOW ARCH. (not printed),"[""P13-GB-EXTERIOR""]",PROJECT_GENERAL_DETAIL,3Ø16,3Ø16,3Ø16,2Ø12/30cm,Ø8,150 mm,BLOCKED_COMPONENT,BLOCKED_COMPONENT,BLOCKED_COMPONENT,True,READY_LOWER_BOUND
GSO-7D0-FC-4,GROUND_BEAM,untagged (p.13 typical sections),TOP_MAIN,3Ø16,READY_LOWER_BOUND,"straight run: support face-to-face, derived per span in PRE-S5.1 (research/pre_s5_1_source_resolution, no numerical-minimum shortcut); development / end anchorage not source-established",False,True,"DXF GBP layer-1 face pair, clear between supports 1.400 m; support centreline 1.700 m; bar run: PRE-S5.1 support face-to-face",DXF face separation 300 mm = section B 300,FOLLOW ARCH. (not printed),"[""P13-GB-EXTERIOR""]",PROJECT_GENERAL_DETAIL,3Ø16,3Ø16,3Ø16,2Ø12/30cm,Ø8,150 mm,BLOCKED_COMPONENT,BLOCKED_COMPONENT,BLOCKED_COMPONENT,True,READY_LOWER_BOUND
GSO-7D0-FC-4,GROUND_BEAM,untagged (p.13 typical sections),BOTTOM_ROW_1,3Ø16,READY_LOWER_BOUND,"straight run: support face-to-face, derived per span in PRE-S5.1 (research/pre_s5_1_source_resolution, no numerical-minimum shortcut); development / end anchorage not source-established",False,True,"DXF GBP layer-1 face pair, clear between supports 1.400 m; support centreline 1.700 m; bar run: PRE-S5.1 support face-to-face",DXF face separation 300 mm = section B 300,FOLLOW ARCH. (not printed),"[""P13-GB-EXTERIOR""]",PROJECT_GENERAL_DETAIL,3Ø16,3Ø16,3Ø16,2Ø12/30cm,Ø8,150 mm,BLOCKED_COMPONENT,BLOCKED_COMPONENT,BLOCKED_COMPONENT,True,READY_LOWER_BOUND
GSO-7D0-FC-4,GROUND_BEAM,untagged (p.13 typical sections),BOTTOM_ROW_2,3Ø16,READY_LOWER_BOUND,"straight run: support face-to-face, derived per span in PRE-S5.1 (research/pre_s5_1_source_resolution, no numerical-minimum shortcut); development / end anchorage not source-established",False,True,"DXF GBP layer-1 face pair, clear between supports 1.400 m; support centreline 1.700 m; bar run: PRE-S5.1 support face-to-face",DXF face separation 300 mm = section B 300,FOLLOW ARCH. (not printed),"[""P13-GB-EXTERIOR""]",PROJECT_GENERAL_DETAIL,3Ø16,3Ø16,3Ø16,2Ø12/30cm,Ø8,150 mm,BLOCKED_COMPONENT,BLOCKED_COMPONENT,BLOCKED_COMPONENT,True,READY_LOWER_BOUND
GSO-7D0-FC-4,GROUND_BEAM,untagged (p.13 typical sections),SIDE_BARS,2Ø12/30cm,BLOCKED_COMPONENT,side bars 2Ø12 per 30 cm of depth; depth FOLLOW ARCH. not printed,False,False,"DXF GBP layer-1 face pair, clear between supports 1.400 m; support centreline 1.700 m; bar run: PRE-S5.1 support face-to-face",DXF face separation 300 mm = section B 300,FOLLOW ARCH. (not printed),"[""P13-GB-EXTERIOR""]",PROJECT_GENERAL_DETAIL,3Ø16,3Ø16,3Ø16,2Ø12/30cm,Ø8,150 mm,BLOCKED_COMPONENT,BLOCKED_COMPONENT,BLOCKED_COMPONENT,True,READY_LOWER_BOUND
GSO-7D0-FC-4,GROUND_BEAM,untagged (p.13 typical sections),STIRRUP_DIAMETER,Ø8,READY,typical section callout,False,True,"DXF GBP layer-1 face pair, clear between supports 1.400 m; support centreline 1.700 m; bar run: PRE-S5.1 support face-to-face",DXF face separation 300 mm = section B 300,FOLLOW ARCH. (not printed),"[""P13-GB-EXTERIOR""]",PROJECT_GENERAL_DETAIL,3Ø16,3Ø16,3Ø16,2Ø12/30cm,Ø8,150 mm,BLOCKED_COMPONENT,BLOCKED_COMPONENT,BLOCKED_COMPONENT,True,READY_LOWER_BOUND
GSO-7D0-FC-4,GROUND_BEAM,untagged (p.13 typical sections),STIRRUP_RATE,150 mm,READY,typical section callout,False,True,"DXF GBP layer-1 face pair, clear between supports 1.400 m; support centreline 1.700 m; bar run: PRE-S5.1 support face-to-face",DXF face separation 300 mm = section B 300,FOLLOW ARCH. (not printed),"[""P13-GB-EXTERIOR""]",PROJECT_GENERAL_DETAIL,3Ø16,3Ø16,3Ø16,2Ø12/30cm,Ø8,150 mm,BLOCKED_COMPONENT,BLOCKED_COMPONENT,BLOCKED_COMPONENT,True,READY_LOWER_BOUND
GSO-7D0-FC-4,GROUND_BEAM,untagged (p.13 typical sections),STIRRUP_CORE_PATH,D = FOLLOW ARCH.,BLOCKED_COMPONENT,section depth not printed (FOLLOW ARCH.),False,False,"DXF GBP layer-1 face pair, clear between supports 1.400 m; support centreline 1.700 m; bar run: PRE-S5.1 support face-to-face",DXF face separation 300 mm = section B 300,FOLLOW ARCH. (not printed),"[""P13-GB-EXTERIOR""]",PROJECT_GENERAL_DETAIL,3Ø16,3Ø16,3Ø16,2Ø12/30cm,Ø8,150 mm,BLOCKED_COMPONENT,BLOCKED_COMPONENT,BLOCKED_COMPONENT,True,READY_LOWER_BOUND
GSO-7D0-FC-4,GROUND_BEAM,untagged (p.13 typical sections),STIRRUP_COUNT,150 mm,READY_LOWER_BOUND,count >= ceil(clear span / spacing); first / last stirrup position not stated,False,True,"DXF GBP layer-1 face pair, clear between supports 1.400 m; support centreline 1.700 m; bar run: PRE-S5.1 support face-to-face",DXF face separation 300 mm = section B 300,FOLLOW ARCH. (not printed),"[""P13-GB-EXTERIOR""]",PROJECT_GENERAL_DETAIL,3Ø16,3Ø16,3Ø16,2Ø12/30cm,Ø8,150 mm,BLOCKED_COMPONENT,BLOCKED_COMPONENT,BLOCKED_COMPONENT,True,READY_LOWER_BOUND
GSO-7D0-FC-4,GROUND_BEAM,untagged (p.13 typical sections),HOOK_1,,BLOCKED_COMPONENT,hook angle / extension: NO_PROJECT_SOURCE (engineer / code decision; never verified),False,False,"DXF GBP layer-1 face pair, clear between supports 1.400 m; support centreline 1.700 m; bar run: PRE-S5.1 support face-to-face",DXF face separation 300 mm = section B 300,FOLLOW ARCH. (not printed),"[""P13-GB-EXTERIOR""]",PROJECT_GENERAL_DETAIL,3Ø16,3Ø16,3Ø16,2Ø12/30cm,Ø8,150 mm,BLOCKED_COMPONENT,BLOCKED_COMPONENT,BLOCKED_COMPONENT,True,READY_LOWER_BOUND
GSO-7D0-FC-4,GROUND_BEAM,untagged (p.13 typical sections),HOOK_2,,BLOCKED_COMPONENT,hook angle / extension: NO_PROJECT_SOURCE (engineer / code decision; never verified),False,False,"DXF GBP layer-1 face pair, clear between supports 1.400 m; support centreline 1.700 m; bar run: PRE-S5.1 support face-to-face",DXF face separation 300 mm = section B 300,FOLLOW ARCH. (not printed),"[""P13-GB-EXTERIOR""]",PROJECT_GENERAL_DETAIL,3Ø16,3Ø16,3Ø16,2Ø12/30cm,Ø8,150 mm,BLOCKED_COMPONENT,BLOCKED_COMPONENT,BLOCKED_COMPONENT,True,READY_LOWER_BOUND
GSO-7D0-FC-4,GROUND_BEAM,untagged (p.13 typical sections),END_ZONE_EXTRA,,NOT_APPLICABLE,the section prints one uniform spacing; no end-zone callout,False,False,"DXF GBP layer-1 face pair, clear between supports 1.400 m; support centreline 1.700 m; bar run: PRE-S5.1 support face-to-face",DXF face separation 300 mm = section B 300,FOLLOW ARCH. (not printed),"[""P13-GB-EXTERIOR""]",PROJECT_GENERAL_DETAIL,3Ø16,3Ø16,3Ø16,2Ø12/30cm,Ø8,150 mm,BLOCKED_COMPONENT,BLOCKED_COMPONENT,BLOCKED_COMPONENT,True,READY_LOWER_BOUND
GSO-7D0-FC-4,GROUND_BEAM,untagged (p.13 typical sections),END_TREATMENT,,BLOCKED_COMPONENT,bar ends at the supports are not detailed,False,False,"DXF GBP layer-1 face pair, clear between supports 1.400 m; support centreline 1.700 m; bar run: PRE-S5.1 support face-to-face",DXF face separation 300 mm = section B 300,FOLLOW ARCH. (not printed),"[""P13-GB-EXTERIOR""]",PROJECT_GENERAL_DETAIL,3Ø16,3Ø16,3Ø16,2Ø12/30cm,Ø8,150 mm,BLOCKED_COMPONENT,BLOCKED_COMPONENT,BLOCKED_COMPONENT,True,READY_LOWER_BOUND
GSO-7D0-FC-4,GROUND_BEAM,untagged (p.13 typical sections),DEVELOPMENT_INTO_SUPPORT_1,,BLOCKED_COMPONENT,no beam-end anchorage rule in the project source (DEVELOPMENT_STARTER_70D_40D is 'development / tie length of starter bars only' only),False,False,"DXF GBP layer-1 face pair, clear between supports 1.400 m; support centreline 1.700 m; bar run: PRE-S5.1 support face-to-face",DXF face separation 300 mm = section B 300,FOLLOW ARCH. (not printed),"[""P13-GB-EXTERIOR""]",PROJECT_GENERAL_DETAIL,3Ø16,3Ø16,3Ø16,2Ø12/30cm,Ø8,150 mm,BLOCKED_COMPONENT,BLOCKED_COMPONENT,BLOCKED_COMPONENT,True,READY_LOWER_BOUND
GSO-7D0-FC-4,GROUND_BEAM,untagged (p.13 typical sections),DEVELOPMENT_INTO_SUPPORT_2,,BLOCKED_COMPONENT,no beam-end anchorage rule in the project source (DEVELOPMENT_STARTER_70D_40D is 'development / tie length of starter bars only' only),False,False,"DXF GBP layer-1 face pair, clear between supports 1.400 m; support centreline 1.700 m; bar run: PRE-S5.1 support face-to-face",DXF face separation 300 mm = section B 300,FOLLOW ARCH. (not printed),"[""P13-GB-EXTERIOR""]",PROJECT_GENERAL_DETAIL,3Ø16,3Ø16,3Ø16,2Ø12/30cm,Ø8,150 mm,BLOCKED_COMPONENT,BLOCKED_COMPONENT,BLOCKED_COMPONENT,True,READY_LOWER_BOUND
GSO-7D0-FC-4,GROUND_BEAM,untagged (p.13 typical sections),LAP,,NOT_APPLICABLE,net measurement: laps are a procurement matter (BBS firewall),False,False,"DXF GBP layer-1 face pair, clear between supports 1.400 m; support centreline 1.700 m; bar run: PRE-S5.1 support face-to-face",DXF face separation 300 mm = section B 300,FOLLOW ARCH. (not printed),"[""P13-GB-EXTERIOR""]",PROJECT_GENERAL_DETAIL,3Ø16,3Ø16,3Ø16,2Ø12/30cm,Ø8,150 mm,BLOCKED_COMPONENT,BLOCKED_COMPONENT,BLOCKED_COMPONENT,True,READY_LOWER_BOUND
GSO-7D4-F8-1,GROUND_BEAM,untagged (p.13 typical sections),TOP_MAIN,3Ø16,READY_LOWER_BOUND,"straight run: support face-to-face, derived per span in PRE-S5.1 (research/pre_s5_1_source_resolution, no numerical-minimum shortcut); development / end anchorage not source-established",True,True,"DXF GBP layer-1 face pair, clear between supports 5.530 m; support centreline 5.680 m; bar run: PRE-S5.1 support face-to-face",DXF face separation 300 mm = section B 300,p.13 section D candidates: 600 | None,"[""P13-GB-EXTERIOR"", ""P13-GB-GT5M""]",CANDIDATE_DETAIL,3Ø16,3Ø16,3Ø16,2Ø12/30cm | None,Ø8,150 mm,BLOCKED_COMPONENT,BLOCKED_COMPONENT,BLOCKED_COMPONENT,True,READY_LOWER_BOUND
GSO-7D4-F8-1,GROUND_BEAM,untagged (p.13 typical sections),BOTTOM_ROW_1,3Ø16,READY_LOWER_BOUND,"straight run: support face-to-face, derived per span in PRE-S5.1 (research/pre_s5_1_source_resolution, no numerical-minimum shortcut); development / end anchorage not source-established",True,True,"DXF GBP layer-1 face pair, clear between supports 5.530 m; support centreline 5.680 m; bar run: PRE-S5.1 support face-to-face",DXF face separation 300 mm = section B 300,p.13 section D candidates: 600 | None,"[""P13-GB-EXTERIOR"", ""P13-GB-GT5M""]",CANDIDATE_DETAIL,3Ø16,3Ø16,3Ø16,2Ø12/30cm | None,Ø8,150 mm,BLOCKED_COMPONENT,BLOCKED_COMPONENT,BLOCKED_COMPONENT,True,READY_LOWER_BOUND
GSO-7D4-F8-1,GROUND_BEAM,untagged (p.13 typical sections),BOTTOM_ROW_2,3Ø16,READY_LOWER_BOUND,"straight run: support face-to-face, derived per span in PRE-S5.1 (research/pre_s5_1_source_resolution, no numerical-minimum shortcut); development / end anchorage not source-established",True,True,"DXF GBP layer-1 face pair, clear between supports 5.530 m; support centreline 5.680 m; bar run: PRE-S5.1 support face-to-face",DXF face separation 300 mm = section B 300,p.13 section D candidates: 600 | None,"[""P13-GB-EXTERIOR"", ""P13-GB-GT5M""]",CANDIDATE_DETAIL,3Ø16,3Ø16,3Ø16,2Ø12/30cm | None,Ø8,150 mm,BLOCKED_COMPONENT,BLOCKED_COMPONENT,BLOCKED_COMPONENT,True,READY_LOWER_BOUND
GSO-7D4-F8-1,GROUND_BEAM,untagged (p.13 typical sections),SIDE_BARS,2Ø12/30cm | None,BLOCKED_COMPONENT,side bars 2Ø12 per 30 cm of depth; depth FOLLOW ARCH. not printed; other candidates have none,False,False,"DXF GBP layer-1 face pair, clear between supports 5.530 m; support centreline 5.680 m; bar run: PRE-S5.1 support face-to-face",DXF face separation 300 mm = section B 300,p.13 section D candidates: 600 | None,"[""P13-GB-EXTERIOR"", ""P13-GB-GT5M""]",CANDIDATE_DETAIL,3Ø16,3Ø16,3Ø16,2Ø12/30cm | None,Ø8,150 mm,BLOCKED_COMPONENT,BLOCKED_COMPONENT,BLOCKED_COMPONENT,True,READY_LOWER_BOUND
GSO-7D4-F8-1,GROUND_BEAM,untagged (p.13 typical sections),STIRRUP_DIAMETER,Ø8,READY,typical section callout,True,True,"DXF GBP layer-1 face pair, clear between supports 5.530 m; support centreline 5.680 m; bar run: PRE-S5.1 support face-to-face",DXF face separation 300 mm = section B 300,p.13 section D candidates: 600 | None,"[""P13-GB-EXTERIOR"", ""P13-GB-GT5M""]",CANDIDATE_DETAIL,3Ø16,3Ø16,3Ø16,2Ø12/30cm | None,Ø8,150 mm,BLOCKED_COMPONENT,BLOCKED_COMPONENT,BLOCKED_COMPONENT,True,READY_LOWER_BOUND
GSO-7D4-F8-1,GROUND_BEAM,untagged (p.13 typical sections),STIRRUP_RATE,150 mm,READY,typical section callout,True,True,"DXF GBP layer-1 face pair, clear between supports 5.530 m; support centreline 5.680 m; bar run: PRE-S5.1 support face-to-face",DXF face separation 300 mm = section B 300,p.13 section D candidates: 600 | None,"[""P13-GB-EXTERIOR"", ""P13-GB-GT5M""]",CANDIDATE_DETAIL,3Ø16,3Ø16,3Ø16,2Ø12/30cm | None,Ø8,150 mm,BLOCKED_COMPONENT,BLOCKED_COMPONENT,BLOCKED_COMPONENT,True,READY_LOWER_BOUND
GSO-7D4-F8-1,GROUND_BEAM,untagged (p.13 typical sections),STIRRUP_CORE_PATH,D = FOLLOW ARCH.,BLOCKED_COMPONENT,section depth not printed (FOLLOW ARCH.),False,False,"DXF GBP layer-1 face pair, clear between supports 5.530 m; support centreline 5.680 m; bar run: PRE-S5.1 support face-to-face",DXF face separation 300 mm = section B 300,p.13 section D candidates: 600 | None,"[""P13-GB-EXTERIOR"", ""P13-GB-GT5M""]",CANDIDATE_DETAIL,3Ø16,3Ø16,3Ø16,2Ø12/30cm | None,Ø8,150 mm,BLOCKED_COMPONENT,BLOCKED_COMPONENT,BLOCKED_COMPONENT,True,READY_LOWER_BOUND
GSO-7D4-F8-1,GROUND_BEAM,untagged (p.13 typical sections),STIRRUP_COUNT,150 mm,READY_LOWER_BOUND,count >= ceil(clear span / spacing); first / last stirrup position not stated,True,True,"DXF GBP layer-1 face pair, clear between supports 5.530 m; support centreline 5.680 m; bar run: PRE-S5.1 support face-to-face",DXF face separation 300 mm = section B 300,p.13 section D candidates: 600 | None,"[""P13-GB-EXTERIOR"", ""P13-GB-GT5M""]",CANDIDATE_DETAIL,3Ø16,3Ø16,3Ø16,2Ø12/30cm | None,Ø8,150 mm,BLOCKED_COMPONENT,BLOCKED_COMPONENT,BLOCKED_COMPONENT,True,READY_LOWER_BOUND
GSO-7D4-F8-1,GROUND_BEAM,untagged (p.13 typical sections),HOOK_1,,BLOCKED_COMPONENT,hook angle / extension: NO_PROJECT_SOURCE (engineer / code decision; never verified),False,False,"DXF GBP layer-1 face pair, clear between supports 5.530 m; support centreline 5.680 m; bar run: PRE-S5.1 support face-to-face",DXF face separation 300 mm = section B 300,p.13 section D candidates: 600 | None,"[""P13-GB-EXTERIOR"", ""P13-GB-GT5M""]",CANDIDATE_DETAIL,3Ø16,3Ø16,3Ø16,2Ø12/30cm | None,Ø8,150 mm,BLOCKED_COMPONENT,BLOCKED_COMPONENT,BLOCKED_COMPONENT,True,READY_LOWER_BOUND
GSO-7D4-F8-1,GROUND_BEAM,untagged (p.13 typical sections),HOOK_2,,BLOCKED_COMPONENT,hook angle / extension: NO_PROJECT_SOURCE (engineer / code decision; never verified),False,False,"DXF GBP layer-1 face pair, clear between supports 5.530 m; support centreline 5.680 m; bar run: PRE-S5.1 support face-to-face",DXF face separation 300 mm = section B 300,p.13 section D candidates: 600 | None,"[""P13-GB-EXTERIOR"", ""P13-GB-GT5M""]",CANDIDATE_DETAIL,3Ø16,3Ø16,3Ø16,2Ø12/30cm | None,Ø8,150 mm,BLOCKED_COMPONENT,BLOCKED_COMPONENT,BLOCKED_COMPONENT,True,READY_LOWER_BOUND
GSO-7D4-F8-1,GROUND_BEAM,untagged (p.13 typical sections),END_ZONE_EXTRA,,NOT_APPLICABLE,the section prints one uniform spacing; no end-zone callout,False,False,"DXF GBP layer-1 face pair, clear between supports 5.530 m; support centreline 5.680 m; bar run: PRE-S5.1 support face-to-face",DXF face separation 300 mm = section B 300,p.13 section D candidates: 600 | None,"[""P13-GB-EXTERIOR"", ""P13-GB-GT5M""]",CANDIDATE_DETAIL,3Ø16,3Ø16,3Ø16,2Ø12/30cm | None,Ø8,150 mm,BLOCKED_COMPONENT,BLOCKED_COMPONENT,BLOCKED_COMPONENT,True,READY_LOWER_BOUND
GSO-7D4-F8-1,GROUND_BEAM,untagged (p.13 typical sections),END_TREATMENT,,BLOCKED_COMPONENT,bar ends at the supports are not detailed,False,False,"DXF GBP layer-1 face pair, clear between supports 5.530 m; support centreline 5.680 m; bar run: PRE-S5.1 support face-to-face",DXF face separation 300 mm = section B 300,p.13 section D candidates: 600 | None,"[""P13-GB-EXTERIOR"", ""P13-GB-GT5M""]",CANDIDATE_DETAIL,3Ø16,3Ø16,3Ø16,2Ø12/30cm | None,Ø8,150 mm,BLOCKED_COMPONENT,BLOCKED_COMPONENT,BLOCKED_COMPONENT,True,READY_LOWER_BOUND
GSO-7D4-F8-1,GROUND_BEAM,untagged (p.13 typical sections),DEVELOPMENT_INTO_SUPPORT_1,,BLOCKED_COMPONENT,no beam-end anchorage rule in the project source (DEVELOPMENT_STARTER_70D_40D is 'development / tie length of starter bars only' only),False,False,"DXF GBP layer-1 face pair, clear between supports 5.530 m; support centreline 5.680 m; bar run: PRE-S5.1 support face-to-face",DXF face separation 300 mm = section B 300,p.13 section D candidates: 600 | None,"[""P13-GB-EXTERIOR"", ""P13-GB-GT5M""]",CANDIDATE_DETAIL,3Ø16,3Ø16,3Ø16,2Ø12/30cm | None,Ø8,150 mm,BLOCKED_COMPONENT,BLOCKED_COMPONENT,BLOCKED_COMPONENT,True,READY_LOWER_BOUND
GSO-7D4-F8-1,GROUND_BEAM,untagged (p.13 typical sections),DEVELOPMENT_INTO_SUPPORT_2,,BLOCKED_COMPONENT,no beam-end anchorage rule in the project source (DEVELOPMENT_STARTER_70D_40D is 'development / tie length of starter bars only' only),False,False,"DXF GBP layer-1 face pair, clear between supports 5.530 m; support centreline 5.680 m; bar run: PRE-S5.1 support face-to-face",DXF face separation 300 mm = section B 300,p.13 section D candidates: 600 | None,"[""P13-GB-EXTERIOR"", ""P13-GB-GT5M""]",CANDIDATE_DETAIL,3Ø16,3Ø16,3Ø16,2Ø12/30cm | None,Ø8,150 mm,BLOCKED_COMPONENT,BLOCKED_COMPONENT,BLOCKED_COMPONENT,True,READY_LOWER_BOUND
GSO-7D4-F8-1,GROUND_BEAM,untagged (p.13 typical sections),LAP,,NOT_APPLICABLE,net measurement: laps are a procurement matter (BBS firewall),False,False,"DXF GBP layer-1 face pair, clear between supports 5.530 m; support centreline 5.680 m; bar run: PRE-S5.1 support face-to-face",DXF face separation 300 mm = section B 300,p.13 section D candidates: 600 | None,"[""P13-GB-EXTERIOR"", ""P13-GB-GT5M""]",CANDIDATE_DETAIL,3Ø16,3Ø16,3Ø16,2Ø12/30cm | None,Ø8,150 mm,BLOCKED_COMPONENT,BLOCKED_COMPONENT,BLOCKED_COMPONENT,True,READY_LOWER_BOUND
GSO-7D4-F8-2,GROUND_BEAM,untagged (p.13 typical sections),TOP_MAIN,3Ø14 | 3Ø16,BLOCKED_COMPONENT,candidate details disagree: P13-GB-EXTERIOR 3Ø16; P13-GB-LT5M 3Ø14,False,False,"DXF GBP layer-1 face pair, clear between supports 4.300 m; support centreline 4.600 m; bar run: PRE-S5.1 support face-to-face",DXF face separation 300 mm = section B 300,p.13 section D candidates: 400 | None,"[""P13-GB-EXTERIOR"", ""P13-GB-LT5M""]",CANDIDATE_DETAIL,3Ø14 | 3Ø16,3Ø14 | 3Ø16,3Ø14 | 3Ø16,2Ø12/30cm | None,Ø8,150 mm,BLOCKED_COMPONENT,BLOCKED_COMPONENT,BLOCKED_COMPONENT,True,BLOCKED_COMPONENT
GSO-7D4-F8-2,GROUND_BEAM,untagged (p.13 typical sections),BOTTOM_ROW_1,3Ø14 | 3Ø16,BLOCKED_COMPONENT,candidate details disagree: P13-GB-EXTERIOR 3Ø16; P13-GB-LT5M 3Ø14,False,False,"DXF GBP layer-1 face pair, clear between supports 4.300 m; support centreline 4.600 m; bar run: PRE-S5.1 support face-to-face",DXF face separation 300 mm = section B 300,p.13 section D candidates: 400 | None,"[""P13-GB-EXTERIOR"", ""P13-GB-LT5M""]",CANDIDATE_DETAIL,3Ø14 | 3Ø16,3Ø14 | 3Ø16,3Ø14 | 3Ø16,2Ø12/30cm | None,Ø8,150 mm,BLOCKED_COMPONENT,BLOCKED_COMPONENT,BLOCKED_COMPONENT,True,BLOCKED_COMPONENT
GSO-7D4-F8-2,GROUND_BEAM,untagged (p.13 typical sections),BOTTOM_ROW_2,3Ø14 | 3Ø16,BLOCKED_COMPONENT,candidate details disagree: P13-GB-EXTERIOR 3Ø16; P13-GB-LT5M 3Ø14,False,False,"DXF GBP layer-1 face pair, clear between supports 4.300 m; support centreline 4.600 m; bar run: PRE-S5.1 support face-to-face",DXF face separation 300 mm = section B 300,p.13 section D candidates: 400 | None,"[""P13-GB-EXTERIOR"", ""P13-GB-LT5M""]",CANDIDATE_DETAIL,3Ø14 | 3Ø16,3Ø14 | 3Ø16,3Ø14 | 3Ø16,2Ø12/30cm | None,Ø8,150 mm,BLOCKED_COMPONENT,BLOCKED_COMPONENT,BLOCKED_COMPONENT,True,BLOCKED_COMPONENT
GSO-7D4-F8-2,GROUND_BEAM,untagged (p.13 typical sections),SIDE_BARS,2Ø12/30cm | None,BLOCKED_COMPONENT,side bars 2Ø12 per 30 cm of depth; depth FOLLOW ARCH. not printed; other candidates have none,False,False,"DXF GBP layer-1 face pair, clear between supports 4.300 m; support centreline 4.600 m; bar run: PRE-S5.1 support face-to-face",DXF face separation 300 mm = section B 300,p.13 section D candidates: 400 | None,"[""P13-GB-EXTERIOR"", ""P13-GB-LT5M""]",CANDIDATE_DETAIL,3Ø14 | 3Ø16,3Ø14 | 3Ø16,3Ø14 | 3Ø16,2Ø12/30cm | None,Ø8,150 mm,BLOCKED_COMPONENT,BLOCKED_COMPONENT,BLOCKED_COMPONENT,True,BLOCKED_COMPONENT
GSO-7D4-F8-2,GROUND_BEAM,untagged (p.13 typical sections),STIRRUP_DIAMETER,Ø8,READY,typical section callout,True,True,"DXF GBP layer-1 face pair, clear between supports 4.300 m; support centreline 4.600 m; bar run: PRE-S5.1 support face-to-face",DXF face separation 300 mm = section B 300,p.13 section D candidates: 400 | None,"[""P13-GB-EXTERIOR"", ""P13-GB-LT5M""]",CANDIDATE_DETAIL,3Ø14 | 3Ø16,3Ø14 | 3Ø16,3Ø14 | 3Ø16,2Ø12/30cm | None,Ø8,150 mm,BLOCKED_COMPONENT,BLOCKED_COMPONENT,BLOCKED_COMPONENT,True,BLOCKED_COMPONENT
GSO-7D4-F8-2,GROUND_BEAM,untagged (p.13 typical sections),STIRRUP_RATE,150 mm,READY,typical section callout,True,True,"DXF GBP layer-1 face pair, clear between supports 4.300 m; support centreline 4.600 m; bar run: PRE-S5.1 support face-to-face",DXF face separation 300 mm = section B 300,p.13 section D candidates: 400 | None,"[""P13-GB-EXTERIOR"", ""P13-GB-LT5M""]",CANDIDATE_DETAIL,3Ø14 | 3Ø16,3Ø14 | 3Ø16,3Ø14 | 3Ø16,2Ø12/30cm | None,Ø8,150 mm,BLOCKED_COMPONENT,BLOCKED_COMPONENT,BLOCKED_COMPONENT,True,BLOCKED_COMPONENT
GSO-7D4-F8-2,GROUND_BEAM,untagged (p.13 typical sections),STIRRUP_CORE_PATH,D = FOLLOW ARCH.,BLOCKED_COMPONENT,section depth not printed (FOLLOW ARCH.),False,False,"DXF GBP layer-1 face pair, clear between supports 4.300 m; support centreline 4.600 m; bar run: PRE-S5.1 support face-to-face",DXF face separation 300 mm = section B 300,p.13 section D candidates: 400 | None,"[""P13-GB-EXTERIOR"", ""P13-GB-LT5M""]",CANDIDATE_DETAIL,3Ø14 | 3Ø16,3Ø14 | 3Ø16,3Ø14 | 3Ø16,2Ø12/30cm | None,Ø8,150 mm,BLOCKED_COMPONENT,BLOCKED_COMPONENT,BLOCKED_COMPONENT,True,BLOCKED_COMPONENT
GSO-7D4-F8-2,GROUND_BEAM,untagged (p.13 typical sections),STIRRUP_COUNT,150 mm,READY_LOWER_BOUND,count >= ceil(clear span / spacing); first / last stirrup position not stated,True,True,"DXF GBP layer-1 face pair, clear between supports 4.300 m; support centreline 4.600 m; bar run: PRE-S5.1 support face-to-face",DXF face separation 300 mm = section B 300,p.13 section D candidates: 400 | None,"[""P13-GB-EXTERIOR"", ""P13-GB-LT5M""]",CANDIDATE_DETAIL,3Ø14 | 3Ø16,3Ø14 | 3Ø16,3Ø14 | 3Ø16,2Ø12/30cm | None,Ø8,150 mm,BLOCKED_COMPONENT,BLOCKED_COMPONENT,BLOCKED_COMPONENT,True,BLOCKED_COMPONENT
GSO-7D4-F8-2,GROUND_BEAM,untagged (p.13 typical sections),HOOK_1,,BLOCKED_COMPONENT,hook angle / extension: NO_PROJECT_SOURCE (engineer / code decision; never verified),False,False,"DXF GBP layer-1 face pair, clear between supports 4.300 m; support centreline 4.600 m; bar run: PRE-S5.1 support face-to-face",DXF face separation 300 mm = section B 300,p.13 section D candidates: 400 | None,"[""P13-GB-EXTERIOR"", ""P13-GB-LT5M""]",CANDIDATE_DETAIL,3Ø14 | 3Ø16,3Ø14 | 3Ø16,3Ø14 | 3Ø16,2Ø12/30cm | None,Ø8,150 mm,BLOCKED_COMPONENT,BLOCKED_COMPONENT,BLOCKED_COMPONENT,True,BLOCKED_COMPONENT
GSO-7D4-F8-2,GROUND_BEAM,untagged (p.13 typical sections),HOOK_2,,BLOCKED_COMPONENT,hook angle / extension: NO_PROJECT_SOURCE (engineer / code decision; never verified),False,False,"DXF GBP layer-1 face pair, clear between supports 4.300 m; support centreline 4.600 m; bar run: PRE-S5.1 support face-to-face",DXF face separation 300 mm = section B 300,p.13 section D candidates: 400 | None,"[""P13-GB-EXTERIOR"", ""P13-GB-LT5M""]",CANDIDATE_DETAIL,3Ø14 | 3Ø16,3Ø14 | 3Ø16,3Ø14 | 3Ø16,2Ø12/30cm | None,Ø8,150 mm,BLOCKED_COMPONENT,BLOCKED_COMPONENT,BLOCKED_COMPONENT,True,BLOCKED_COMPONENT
GSO-7D4-F8-2,GROUND_BEAM,untagged (p.13 typical sections),END_ZONE_EXTRA,,NOT_APPLICABLE,the section prints one uniform spacing; no end-zone callout,False,False,"DXF GBP layer-1 face pair, clear between supports 4.300 m; support centreline 4.600 m; bar run: PRE-S5.1 support face-to-face",DXF face separation 300 mm = section B 300,p.13 section D candidates: 400 | None,"[""P13-GB-EXTERIOR"", ""P13-GB-LT5M""]",CANDIDATE_DETAIL,3Ø14 | 3Ø16,3Ø14 | 3Ø16,3Ø14 | 3Ø16,2Ø12/30cm | None,Ø8,150 mm,BLOCKED_COMPONENT,BLOCKED_COMPONENT,BLOCKED_COMPONENT,True,BLOCKED_COMPONENT
GSO-7D4-F8-2,GROUND_BEAM,untagged (p.13 typical sections),END_TREATMENT,,BLOCKED_COMPONENT,bar ends at the supports are not detailed,False,False,"DXF GBP layer-1 face pair, clear between supports 4.300 m; support centreline 4.600 m; bar run: PRE-S5.1 support face-to-face",DXF face separation 300 mm = section B 300,p.13 section D candidates: 400 | None,"[""P13-GB-EXTERIOR"", ""P13-GB-LT5M""]",CANDIDATE_DETAIL,3Ø14 | 3Ø16,3Ø14 | 3Ø16,3Ø14 | 3Ø16,2Ø12/30cm | None,Ø8,150 mm,BLOCKED_COMPONENT,BLOCKED_COMPONENT,BLOCKED_COMPONENT,True,BLOCKED_COMPONENT
GSO-7D4-F8-2,GROUND_BEAM,untagged (p.13 typical sections),DEVELOPMENT_INTO_SUPPORT_1,,BLOCKED_COMPONENT,no beam-end anchorage rule in the project source (DEVELOPMENT_STARTER_70D_40D is 'development / tie length of starter bars only' only),False,False,"DXF GBP layer-1 face pair, clear between supports 4.300 m; support centreline 4.600 m; bar run: PRE-S5.1 support face-to-face",DXF face separation 300 mm = section B 300,p.13 section D candidates: 400 | None,"[""P13-GB-EXTERIOR"", ""P13-GB-LT5M""]",CANDIDATE_DETAIL,3Ø14 | 3Ø16,3Ø14 | 3Ø16,3Ø14 | 3Ø16,2Ø12/30cm | None,Ø8,150 mm,BLOCKED_COMPONENT,BLOCKED_COMPONENT,BLOCKED_COMPONENT,True,BLOCKED_COMPONENT
GSO-7D4-F8-2,GROUND_BEAM,untagged (p.13 typical sections),DEVELOPMENT_INTO_SUPPORT_2,,BLOCKED_COMPONENT,no beam-end anchorage rule in the project source (DEVELOPMENT_STARTER_70D_40D is 'development / tie length of starter bars only' only),False,False,"DXF GBP layer-1 face pair, clear between supports 4.300 m; support centreline 4.600 m; bar run: PRE-S5.1 support face-to-face",DXF face separation 300 mm = section B 300,p.13 section D candidates: 400 | None,"[""P13-GB-EXTERIOR"", ""P13-GB-LT5M""]",CANDIDATE_DETAIL,3Ø14 | 3Ø16,3Ø14 | 3Ø16,3Ø14 | 3Ø16,2Ø12/30cm | None,Ø8,150 mm,BLOCKED_COMPONENT,BLOCKED_COMPONENT,BLOCKED_COMPONENT,True,BLOCKED_COMPONENT
GSO-7D4-F8-2,GROUND_BEAM,untagged (p.13 typical sections),LAP,,NOT_APPLICABLE,net measurement: laps are a procurement matter (BBS firewall),False,False,"DXF GBP layer-1 face pair, clear between supports 4.300 m; support centreline 4.600 m; bar run: PRE-S5.1 support face-to-face",DXF face separation 300 mm = section B 300,p.13 section D candidates: 400 | None,"[""P13-GB-EXTERIOR"", ""P13-GB-LT5M""]",CANDIDATE_DETAIL,3Ø14 | 3Ø16,3Ø14 | 3Ø16,3Ø14 | 3Ø16,2Ø12/30cm | None,Ø8,150 mm,BLOCKED_COMPONENT,BLOCKED_COMPONENT,BLOCKED_COMPONENT,True,BLOCKED_COMPONENT
GSO-7DC-7DD-1,GROUND_BEAM,untagged (p.13 typical sections),TOP_MAIN,3Ø14,READY_LOWER_BOUND,"straight run: support face-to-face, derived per span in PRE-S5.1 (research/pre_s5_1_source_resolution, no numerical-minimum shortcut); development / end anchorage not source-established",False,True,"DXF GBP layer-1 face pair, clear between supports 3.525 m; support centreline 3.825 m; bar run: PRE-S5.1 support face-to-face",DXF face separation 300 mm = section B 300,p.13 section D candidates: 400,"[""P13-GB-LT5M""]",EXPLICIT_LENGTH_CONDITION,3Ø14,3Ø14,3Ø14,,Ø8,150 mm,PROVISIONAL_ONLY,BLOCKED_COMPONENT,BLOCKED_COMPONENT,True,READY_LOWER_BOUND
GSO-7DC-7DD-1,GROUND_BEAM,untagged (p.13 typical sections),BOTTOM_ROW_1,3Ø14,READY_LOWER_BOUND,"straight run: support face-to-face, derived per span in PRE-S5.1 (research/pre_s5_1_source_resolution, no numerical-minimum shortcut); development / end anchorage not source-established",False,True,"DXF GBP layer-1 face pair, clear between supports 3.525 m; support centreline 3.825 m; bar run: PRE-S5.1 support face-to-face",DXF face separation 300 mm = section B 300,p.13 section D candidates: 400,"[""P13-GB-LT5M""]",EXPLICIT_LENGTH_CONDITION,3Ø14,3Ø14,3Ø14,,Ø8,150 mm,PROVISIONAL_ONLY,BLOCKED_COMPONENT,BLOCKED_COMPONENT,True,READY_LOWER_BOUND
GSO-7DC-7DD-1,GROUND_BEAM,untagged (p.13 typical sections),BOTTOM_ROW_2,3Ø14,READY_LOWER_BOUND,"straight run: support face-to-face, derived per span in PRE-S5.1 (research/pre_s5_1_source_resolution, no numerical-minimum shortcut); development / end anchorage not source-established",False,True,"DXF GBP layer-1 face pair, clear between supports 3.525 m; support centreline 3.825 m; bar run: PRE-S5.1 support face-to-face",DXF face separation 300 mm = section B 300,p.13 section D candidates: 400,"[""P13-GB-LT5M""]",EXPLICIT_LENGTH_CONDITION,3Ø14,3Ø14,3Ø14,,Ø8,150 mm,PROVISIONAL_ONLY,BLOCKED_COMPONENT,BLOCKED_COMPONENT,True,READY_LOWER_BOUND
GSO-7DC-7DD-1,GROUND_BEAM,untagged (p.13 typical sections),SIDE_BARS,,NOT_APPLICABLE,the candidate section(s) carry no side bars,False,False,"DXF GBP layer-1 face pair, clear between supports 3.525 m; support centreline 3.825 m; bar run: PRE-S5.1 support face-to-face",DXF face separation 300 mm = section B 300,p.13 section D candidates: 400,"[""P13-GB-LT5M""]",EXPLICIT_LENGTH_CONDITION,3Ø14,3Ø14,3Ø14,,Ø8,150 mm,PROVISIONAL_ONLY,BLOCKED_COMPONENT,BLOCKED_COMPONENT,True,READY_LOWER_BOUND
GSO-7DC-7DD-1,GROUND_BEAM,untagged (p.13 typical sections),STIRRUP_DIAMETER,Ø8,READY,typical section callout,False,True,"DXF GBP layer-1 face pair, clear between supports 3.525 m; support centreline 3.825 m; bar run: PRE-S5.1 support face-to-face",DXF face separation 300 mm = section B 300,p.13 section D candidates: 400,"[""P13-GB-LT5M""]",EXPLICIT_LENGTH_CONDITION,3Ø14,3Ø14,3Ø14,,Ø8,150 mm,PROVISIONAL_ONLY,BLOCKED_COMPONENT,BLOCKED_COMPONENT,True,READY_LOWER_BOUND
GSO-7DC-7DD-1,GROUND_BEAM,untagged (p.13 typical sections),STIRRUP_RATE,150 mm,READY,typical section callout,False,True,"DXF GBP layer-1 face pair, clear between supports 3.525 m; support centreline 3.825 m; bar run: PRE-S5.1 support face-to-face",DXF face separation 300 mm = section B 300,p.13 section D candidates: 400,"[""P13-GB-LT5M""]",EXPLICIT_LENGTH_CONDITION,3Ø14,3Ø14,3Ø14,,Ø8,150 mm,PROVISIONAL_ONLY,BLOCKED_COMPONENT,BLOCKED_COMPONENT,True,READY_LOWER_BOUND
GSO-7DC-7DD-1,GROUND_BEAM,untagged (p.13 typical sections),STIRRUP_CORE_PATH,"300x400, cover 70 (soil)",PROVISIONAL_ONLY,"B, D and the 70 mm soil cover are source-established; the closed single link is drawn in the typical section but its topology is not a verified facet",False,False,"DXF GBP layer-1 face pair, clear between supports 3.525 m; support centreline 3.825 m; bar run: PRE-S5.1 support face-to-face",DXF face separation 300 mm = section B 300,p.13 section D candidates: 400,"[""P13-GB-LT5M""]",EXPLICIT_LENGTH_CONDITION,3Ø14,3Ø14,3Ø14,,Ø8,150 mm,PROVISIONAL_ONLY,BLOCKED_COMPONENT,BLOCKED_COMPONENT,True,READY_LOWER_BOUND
GSO-7DC-7DD-1,GROUND_BEAM,untagged (p.13 typical sections),STIRRUP_COUNT,150 mm,READY_LOWER_BOUND,count >= ceil(clear span / spacing); first / last stirrup position not stated,False,True,"DXF GBP layer-1 face pair, clear between supports 3.525 m; support centreline 3.825 m; bar run: PRE-S5.1 support face-to-face",DXF face separation 300 mm = section B 300,p.13 section D candidates: 400,"[""P13-GB-LT5M""]",EXPLICIT_LENGTH_CONDITION,3Ø14,3Ø14,3Ø14,,Ø8,150 mm,PROVISIONAL_ONLY,BLOCKED_COMPONENT,BLOCKED_COMPONENT,True,READY_LOWER_BOUND
GSO-7DC-7DD-1,GROUND_BEAM,untagged (p.13 typical sections),HOOK_1,,BLOCKED_COMPONENT,hook angle / extension: NO_PROJECT_SOURCE (engineer / code decision; never verified),False,False,"DXF GBP layer-1 face pair, clear between supports 3.525 m; support centreline 3.825 m; bar run: PRE-S5.1 support face-to-face",DXF face separation 300 mm = section B 300,p.13 section D candidates: 400,"[""P13-GB-LT5M""]",EXPLICIT_LENGTH_CONDITION,3Ø14,3Ø14,3Ø14,,Ø8,150 mm,PROVISIONAL_ONLY,BLOCKED_COMPONENT,BLOCKED_COMPONENT,True,READY_LOWER_BOUND
GSO-7DC-7DD-1,GROUND_BEAM,untagged (p.13 typical sections),HOOK_2,,BLOCKED_COMPONENT,hook angle / extension: NO_PROJECT_SOURCE (engineer / code decision; never verified),False,False,"DXF GBP layer-1 face pair, clear between supports 3.525 m; support centreline 3.825 m; bar run: PRE-S5.1 support face-to-face",DXF face separation 300 mm = section B 300,p.13 section D candidates: 400,"[""P13-GB-LT5M""]",EXPLICIT_LENGTH_CONDITION,3Ø14,3Ø14,3Ø14,,Ø8,150 mm,PROVISIONAL_ONLY,BLOCKED_COMPONENT,BLOCKED_COMPONENT,True,READY_LOWER_BOUND
GSO-7DC-7DD-1,GROUND_BEAM,untagged (p.13 typical sections),END_ZONE_EXTRA,,NOT_APPLICABLE,the section prints one uniform spacing; no end-zone callout,False,False,"DXF GBP layer-1 face pair, clear between supports 3.525 m; support centreline 3.825 m; bar run: PRE-S5.1 support face-to-face",DXF face separation 300 mm = section B 300,p.13 section D candidates: 400,"[""P13-GB-LT5M""]",EXPLICIT_LENGTH_CONDITION,3Ø14,3Ø14,3Ø14,,Ø8,150 mm,PROVISIONAL_ONLY,BLOCKED_COMPONENT,BLOCKED_COMPONENT,True,READY_LOWER_BOUND
GSO-7DC-7DD-1,GROUND_BEAM,untagged (p.13 typical sections),END_TREATMENT,,BLOCKED_COMPONENT,bar ends at the supports are not detailed,False,False,"DXF GBP layer-1 face pair, clear between supports 3.525 m; support centreline 3.825 m; bar run: PRE-S5.1 support face-to-face",DXF face separation 300 mm = section B 300,p.13 section D candidates: 400,"[""P13-GB-LT5M""]",EXPLICIT_LENGTH_CONDITION,3Ø14,3Ø14,3Ø14,,Ø8,150 mm,PROVISIONAL_ONLY,BLOCKED_COMPONENT,BLOCKED_COMPONENT,True,READY_LOWER_BOUND
GSO-7DC-7DD-1,GROUND_BEAM,untagged (p.13 typical sections),DEVELOPMENT_INTO_SUPPORT_1,,BLOCKED_COMPONENT,no beam-end anchorage rule in the project source (DEVELOPMENT_STARTER_70D_40D is 'development / tie length of starter bars only' only),False,False,"DXF GBP layer-1 face pair, clear between supports 3.525 m; support centreline 3.825 m; bar run: PRE-S5.1 support face-to-face",DXF face separation 300 mm = section B 300,p.13 section D candidates: 400,"[""P13-GB-LT5M""]",EXPLICIT_LENGTH_CONDITION,3Ø14,3Ø14,3Ø14,,Ø8,150 mm,PROVISIONAL_ONLY,BLOCKED_COMPONENT,BLOCKED_COMPONENT,True,READY_LOWER_BOUND
GSO-7DC-7DD-1,GROUND_BEAM,untagged (p.13 typical sections),DEVELOPMENT_INTO_SUPPORT_2,,BLOCKED_COMPONENT,no beam-end anchorage rule in the project source (DEVELOPMENT_STARTER_70D_40D is 'development / tie length of starter bars only' only),False,False,"DXF GBP layer-1 face pair, clear between supports 3.525 m; support centreline 3.825 m; bar run: PRE-S5.1 support face-to-face",DXF face separation 300 mm = section B 300,p.13 section D candidates: 400,"[""P13-GB-LT5M""]",EXPLICIT_LENGTH_CONDITION,3Ø14,3Ø14,3Ø14,,Ø8,150 mm,PROVISIONAL_ONLY,BLOCKED_COMPONENT,BLOCKED_COMPONENT,True,READY_LOWER_BOUND
GSO-7DC-7DD-1,GROUND_BEAM,untagged (p.13 typical sections),LAP,,NOT_APPLICABLE,net measurement: laps are a procurement matter (BBS firewall),False,False,"DXF GBP layer-1 face pair, clear between supports 3.525 m; support centreline 3.825 m; bar run: PRE-S5.1 support face-to-face",DXF face separation 300 mm = section B 300,p.13 section D candidates: 400,"[""P13-GB-LT5M""]",EXPLICIT_LENGTH_CONDITION,3Ø14,3Ø14,3Ø14,,Ø8,150 mm,PROVISIONAL_ONLY,BLOCKED_COMPONENT,BLOCKED_COMPONENT,True,READY_LOWER_BOUND
GSO-7DC-7DD-2,GROUND_BEAM,untagged (p.13 typical sections),TOP_MAIN,3Ø14,READY_LOWER_BOUND,"straight run: support face-to-face, derived per span in PRE-S5.1 (research/pre_s5_1_source_resolution, no numerical-minimum shortcut); development / end anchorage not source-established",False,True,"DXF GBP layer-1 face pair, clear between supports 3.525 m; support centreline 3.825 m; bar run: PRE-S5.1 support face-to-face",DXF face separation 300 mm = section B 300,p.13 section D candidates: 400,"[""P13-GB-LT5M""]",EXPLICIT_LENGTH_CONDITION,3Ø14,3Ø14,3Ø14,,Ø8,150 mm,PROVISIONAL_ONLY,BLOCKED_COMPONENT,BLOCKED_COMPONENT,True,READY_LOWER_BOUND
GSO-7DC-7DD-2,GROUND_BEAM,untagged (p.13 typical sections),BOTTOM_ROW_1,3Ø14,READY_LOWER_BOUND,"straight run: support face-to-face, derived per span in PRE-S5.1 (research/pre_s5_1_source_resolution, no numerical-minimum shortcut); development / end anchorage not source-established",False,True,"DXF GBP layer-1 face pair, clear between supports 3.525 m; support centreline 3.825 m; bar run: PRE-S5.1 support face-to-face",DXF face separation 300 mm = section B 300,p.13 section D candidates: 400,"[""P13-GB-LT5M""]",EXPLICIT_LENGTH_CONDITION,3Ø14,3Ø14,3Ø14,,Ø8,150 mm,PROVISIONAL_ONLY,BLOCKED_COMPONENT,BLOCKED_COMPONENT,True,READY_LOWER_BOUND
GSO-7DC-7DD-2,GROUND_BEAM,untagged (p.13 typical sections),BOTTOM_ROW_2,3Ø14,READY_LOWER_BOUND,"straight run: support face-to-face, derived per span in PRE-S5.1 (research/pre_s5_1_source_resolution, no numerical-minimum shortcut); development / end anchorage not source-established",False,True,"DXF GBP layer-1 face pair, clear between supports 3.525 m; support centreline 3.825 m; bar run: PRE-S5.1 support face-to-face",DXF face separation 300 mm = section B 300,p.13 section D candidates: 400,"[""P13-GB-LT5M""]",EXPLICIT_LENGTH_CONDITION,3Ø14,3Ø14,3Ø14,,Ø8,150 mm,PROVISIONAL_ONLY,BLOCKED_COMPONENT,BLOCKED_COMPONENT,True,READY_LOWER_BOUND
GSO-7DC-7DD-2,GROUND_BEAM,untagged (p.13 typical sections),SIDE_BARS,,NOT_APPLICABLE,the candidate section(s) carry no side bars,False,False,"DXF GBP layer-1 face pair, clear between supports 3.525 m; support centreline 3.825 m; bar run: PRE-S5.1 support face-to-face",DXF face separation 300 mm = section B 300,p.13 section D candidates: 400,"[""P13-GB-LT5M""]",EXPLICIT_LENGTH_CONDITION,3Ø14,3Ø14,3Ø14,,Ø8,150 mm,PROVISIONAL_ONLY,BLOCKED_COMPONENT,BLOCKED_COMPONENT,True,READY_LOWER_BOUND
GSO-7DC-7DD-2,GROUND_BEAM,untagged (p.13 typical sections),STIRRUP_DIAMETER,Ø8,READY,typical section callout,False,True,"DXF GBP layer-1 face pair, clear between supports 3.525 m; support centreline 3.825 m; bar run: PRE-S5.1 support face-to-face",DXF face separation 300 mm = section B 300,p.13 section D candidates: 400,"[""P13-GB-LT5M""]",EXPLICIT_LENGTH_CONDITION,3Ø14,3Ø14,3Ø14,,Ø8,150 mm,PROVISIONAL_ONLY,BLOCKED_COMPONENT,BLOCKED_COMPONENT,True,READY_LOWER_BOUND
GSO-7DC-7DD-2,GROUND_BEAM,untagged (p.13 typical sections),STIRRUP_RATE,150 mm,READY,typical section callout,False,True,"DXF GBP layer-1 face pair, clear between supports 3.525 m; support centreline 3.825 m; bar run: PRE-S5.1 support face-to-face",DXF face separation 300 mm = section B 300,p.13 section D candidates: 400,"[""P13-GB-LT5M""]",EXPLICIT_LENGTH_CONDITION,3Ø14,3Ø14,3Ø14,,Ø8,150 mm,PROVISIONAL_ONLY,BLOCKED_COMPONENT,BLOCKED_COMPONENT,True,READY_LOWER_BOUND
GSO-7DC-7DD-2,GROUND_BEAM,untagged (p.13 typical sections),STIRRUP_CORE_PATH,"300x400, cover 70 (soil)",PROVISIONAL_ONLY,"B, D and the 70 mm soil cover are source-established; the closed single link is drawn in the typical section but its topology is not a verified facet",False,False,"DXF GBP layer-1 face pair, clear between supports 3.525 m; support centreline 3.825 m; bar run: PRE-S5.1 support face-to-face",DXF face separation 300 mm = section B 300,p.13 section D candidates: 400,"[""P13-GB-LT5M""]",EXPLICIT_LENGTH_CONDITION,3Ø14,3Ø14,3Ø14,,Ø8,150 mm,PROVISIONAL_ONLY,BLOCKED_COMPONENT,BLOCKED_COMPONENT,True,READY_LOWER_BOUND
GSO-7DC-7DD-2,GROUND_BEAM,untagged (p.13 typical sections),STIRRUP_COUNT,150 mm,READY_LOWER_BOUND,count >= ceil(clear span / spacing); first / last stirrup position not stated,False,True,"DXF GBP layer-1 face pair, clear between supports 3.525 m; support centreline 3.825 m; bar run: PRE-S5.1 support face-to-face",DXF face separation 300 mm = section B 300,p.13 section D candidates: 400,"[""P13-GB-LT5M""]",EXPLICIT_LENGTH_CONDITION,3Ø14,3Ø14,3Ø14,,Ø8,150 mm,PROVISIONAL_ONLY,BLOCKED_COMPONENT,BLOCKED_COMPONENT,True,READY_LOWER_BOUND
GSO-7DC-7DD-2,GROUND_BEAM,untagged (p.13 typical sections),HOOK_1,,BLOCKED_COMPONENT,hook angle / extension: NO_PROJECT_SOURCE (engineer / code decision; never verified),False,False,"DXF GBP layer-1 face pair, clear between supports 3.525 m; support centreline 3.825 m; bar run: PRE-S5.1 support face-to-face",DXF face separation 300 mm = section B 300,p.13 section D candidates: 400,"[""P13-GB-LT5M""]",EXPLICIT_LENGTH_CONDITION,3Ø14,3Ø14,3Ø14,,Ø8,150 mm,PROVISIONAL_ONLY,BLOCKED_COMPONENT,BLOCKED_COMPONENT,True,READY_LOWER_BOUND
GSO-7DC-7DD-2,GROUND_BEAM,untagged (p.13 typical sections),HOOK_2,,BLOCKED_COMPONENT,hook angle / extension: NO_PROJECT_SOURCE (engineer / code decision; never verified),False,False,"DXF GBP layer-1 face pair, clear between supports 3.525 m; support centreline 3.825 m; bar run: PRE-S5.1 support face-to-face",DXF face separation 300 mm = section B 300,p.13 section D candidates: 400,"[""P13-GB-LT5M""]",EXPLICIT_LENGTH_CONDITION,3Ø14,3Ø14,3Ø14,,Ø8,150 mm,PROVISIONAL_ONLY,BLOCKED_COMPONENT,BLOCKED_COMPONENT,True,READY_LOWER_BOUND
GSO-7DC-7DD-2,GROUND_BEAM,untagged (p.13 typical sections),END_ZONE_EXTRA,,NOT_APPLICABLE,the section prints one uniform spacing; no end-zone callout,False,False,"DXF GBP layer-1 face pair, clear between supports 3.525 m; support centreline 3.825 m; bar run: PRE-S5.1 support face-to-face",DXF face separation 300 mm = section B 300,p.13 section D candidates: 400,"[""P13-GB-LT5M""]",EXPLICIT_LENGTH_CONDITION,3Ø14,3Ø14,3Ø14,,Ø8,150 mm,PROVISIONAL_ONLY,BLOCKED_COMPONENT,BLOCKED_COMPONENT,True,READY_LOWER_BOUND
GSO-7DC-7DD-2,GROUND_BEAM,untagged (p.13 typical sections),END_TREATMENT,,BLOCKED_COMPONENT,bar ends at the supports are not detailed,False,False,"DXF GBP layer-1 face pair, clear between supports 3.525 m; support centreline 3.825 m; bar run: PRE-S5.1 support face-to-face",DXF face separation 300 mm = section B 300,p.13 section D candidates: 400,"[""P13-GB-LT5M""]",EXPLICIT_LENGTH_CONDITION,3Ø14,3Ø14,3Ø14,,Ø8,150 mm,PROVISIONAL_ONLY,BLOCKED_COMPONENT,BLOCKED_COMPONENT,True,READY_LOWER_BOUND
GSO-7DC-7DD-2,GROUND_BEAM,untagged (p.13 typical sections),DEVELOPMENT_INTO_SUPPORT_1,,BLOCKED_COMPONENT,no beam-end anchorage rule in the project source (DEVELOPMENT_STARTER_70D_40D is 'development / tie length of starter bars only' only),False,False,"DXF GBP layer-1 face pair, clear between supports 3.525 m; support centreline 3.825 m; bar run: PRE-S5.1 support face-to-face",DXF face separation 300 mm = section B 300,p.13 section D candidates: 400,"[""P13-GB-LT5M""]",EXPLICIT_LENGTH_CONDITION,3Ø14,3Ø14,3Ø14,,Ø8,150 mm,PROVISIONAL_ONLY,BLOCKED_COMPONENT,BLOCKED_COMPONENT,True,READY_LOWER_BOUND
GSO-7DC-7DD-2,GROUND_BEAM,untagged (p.13 typical sections),DEVELOPMENT_INTO_SUPPORT_2,,BLOCKED_COMPONENT,no beam-end anchorage rule in the project source (DEVELOPMENT_STARTER_70D_40D is 'development / tie length of starter bars only' only),False,False,"DXF GBP layer-1 face pair, clear between supports 3.525 m; support centreline 3.825 m; bar run: PRE-S5.1 support face-to-face",DXF face separation 300 mm = section B 300,p.13 section D candidates: 400,"[""P13-GB-LT5M""]",EXPLICIT_LENGTH_CONDITION,3Ø14,3Ø14,3Ø14,,Ø8,150 mm,PROVISIONAL_ONLY,BLOCKED_COMPONENT,BLOCKED_COMPONENT,True,READY_LOWER_BOUND
GSO-7DC-7DD-2,GROUND_BEAM,untagged (p.13 typical sections),LAP,,NOT_APPLICABLE,net measurement: laps are a procurement matter (BBS firewall),False,False,"DXF GBP layer-1 face pair, clear between supports 3.525 m; support centreline 3.825 m; bar run: PRE-S5.1 support face-to-face",DXF face separation 300 mm = section B 300,p.13 section D candidates: 400,"[""P13-GB-LT5M""]",EXPLICIT_LENGTH_CONDITION,3Ø14,3Ø14,3Ø14,,Ø8,150 mm,PROVISIONAL_ONLY,BLOCKED_COMPONENT,BLOCKED_COMPONENT,True,READY_LOWER_BOUND
GSO-7E0-FD-1,GROUND_BEAM,untagged (p.13 typical sections),TOP_MAIN,3Ø16,READY_LOWER_BOUND,"straight run: support face-to-face, derived per span in PRE-S5.1 (research/pre_s5_1_source_resolution, no numerical-minimum shortcut); development / end anchorage not source-established",False,True,"DXF GBP layer-1 face pair, clear between supports 3.850 m; support centreline 3.750 m; bar run: PRE-S5.1 support face-to-face",DXF face separation 300 mm = section B 300,FOLLOW ARCH. (not printed),"[""P13-GB-EXTERIOR""]",PROJECT_GENERAL_DETAIL,3Ø16,3Ø16,3Ø16,2Ø12/30cm,Ø8,150 mm,BLOCKED_COMPONENT,BLOCKED_COMPONENT,BLOCKED_COMPONENT,True,READY_LOWER_BOUND
GSO-7E0-FD-1,GROUND_BEAM,untagged (p.13 typical sections),BOTTOM_ROW_1,3Ø16,READY_LOWER_BOUND,"straight run: support face-to-face, derived per span in PRE-S5.1 (research/pre_s5_1_source_resolution, no numerical-minimum shortcut); development / end anchorage not source-established",False,True,"DXF GBP layer-1 face pair, clear between supports 3.850 m; support centreline 3.750 m; bar run: PRE-S5.1 support face-to-face",DXF face separation 300 mm = section B 300,FOLLOW ARCH. (not printed),"[""P13-GB-EXTERIOR""]",PROJECT_GENERAL_DETAIL,3Ø16,3Ø16,3Ø16,2Ø12/30cm,Ø8,150 mm,BLOCKED_COMPONENT,BLOCKED_COMPONENT,BLOCKED_COMPONENT,True,READY_LOWER_BOUND
GSO-7E0-FD-1,GROUND_BEAM,untagged (p.13 typical sections),BOTTOM_ROW_2,3Ø16,READY_LOWER_BOUND,"straight run: support face-to-face, derived per span in PRE-S5.1 (research/pre_s5_1_source_resolution, no numerical-minimum shortcut); development / end anchorage not source-established",False,True,"DXF GBP layer-1 face pair, clear between supports 3.850 m; support centreline 3.750 m; bar run: PRE-S5.1 support face-to-face",DXF face separation 300 mm = section B 300,FOLLOW ARCH. (not printed),"[""P13-GB-EXTERIOR""]",PROJECT_GENERAL_DETAIL,3Ø16,3Ø16,3Ø16,2Ø12/30cm,Ø8,150 mm,BLOCKED_COMPONENT,BLOCKED_COMPONENT,BLOCKED_COMPONENT,True,READY_LOWER_BOUND
GSO-7E0-FD-1,GROUND_BEAM,untagged (p.13 typical sections),SIDE_BARS,2Ø12/30cm,BLOCKED_COMPONENT,side bars 2Ø12 per 30 cm of depth; depth FOLLOW ARCH. not printed,False,False,"DXF GBP layer-1 face pair, clear between supports 3.850 m; support centreline 3.750 m; bar run: PRE-S5.1 support face-to-face",DXF face separation 300 mm = section B 300,FOLLOW ARCH. (not printed),"[""P13-GB-EXTERIOR""]",PROJECT_GENERAL_DETAIL,3Ø16,3Ø16,3Ø16,2Ø12/30cm,Ø8,150 mm,BLOCKED_COMPONENT,BLOCKED_COMPONENT,BLOCKED_COMPONENT,True,READY_LOWER_BOUND
GSO-7E0-FD-1,GROUND_BEAM,untagged (p.13 typical sections),STIRRUP_DIAMETER,Ø8,READY,typical section callout,False,True,"DXF GBP layer-1 face pair, clear between supports 3.850 m; support centreline 3.750 m; bar run: PRE-S5.1 support face-to-face",DXF face separation 300 mm = section B 300,FOLLOW ARCH. (not printed),"[""P13-GB-EXTERIOR""]",PROJECT_GENERAL_DETAIL,3Ø16,3Ø16,3Ø16,2Ø12/30cm,Ø8,150 mm,BLOCKED_COMPONENT,BLOCKED_COMPONENT,BLOCKED_COMPONENT,True,READY_LOWER_BOUND
GSO-7E0-FD-1,GROUND_BEAM,untagged (p.13 typical sections),STIRRUP_RATE,150 mm,READY,typical section callout,False,True,"DXF GBP layer-1 face pair, clear between supports 3.850 m; support centreline 3.750 m; bar run: PRE-S5.1 support face-to-face",DXF face separation 300 mm = section B 300,FOLLOW ARCH. (not printed),"[""P13-GB-EXTERIOR""]",PROJECT_GENERAL_DETAIL,3Ø16,3Ø16,3Ø16,2Ø12/30cm,Ø8,150 mm,BLOCKED_COMPONENT,BLOCKED_COMPONENT,BLOCKED_COMPONENT,True,READY_LOWER_BOUND
GSO-7E0-FD-1,GROUND_BEAM,untagged (p.13 typical sections),STIRRUP_CORE_PATH,D = FOLLOW ARCH.,BLOCKED_COMPONENT,section depth not printed (FOLLOW ARCH.),False,False,"DXF GBP layer-1 face pair, clear between supports 3.850 m; support centreline 3.750 m; bar run: PRE-S5.1 support face-to-face",DXF face separation 300 mm = section B 300,FOLLOW ARCH. (not printed),"[""P13-GB-EXTERIOR""]",PROJECT_GENERAL_DETAIL,3Ø16,3Ø16,3Ø16,2Ø12/30cm,Ø8,150 mm,BLOCKED_COMPONENT,BLOCKED_COMPONENT,BLOCKED_COMPONENT,True,READY_LOWER_BOUND
GSO-7E0-FD-1,GROUND_BEAM,untagged (p.13 typical sections),STIRRUP_COUNT,150 mm,READY_LOWER_BOUND,count >= ceil(clear span / spacing); first / last stirrup position not stated,False,True,"DXF GBP layer-1 face pair, clear between supports 3.850 m; support centreline 3.750 m; bar run: PRE-S5.1 support face-to-face",DXF face separation 300 mm = section B 300,FOLLOW ARCH. (not printed),"[""P13-GB-EXTERIOR""]",PROJECT_GENERAL_DETAIL,3Ø16,3Ø16,3Ø16,2Ø12/30cm,Ø8,150 mm,BLOCKED_COMPONENT,BLOCKED_COMPONENT,BLOCKED_COMPONENT,True,READY_LOWER_BOUND
GSO-7E0-FD-1,GROUND_BEAM,untagged (p.13 typical sections),HOOK_1,,BLOCKED_COMPONENT,hook angle / extension: NO_PROJECT_SOURCE (engineer / code decision; never verified),False,False,"DXF GBP layer-1 face pair, clear between supports 3.850 m; support centreline 3.750 m; bar run: PRE-S5.1 support face-to-face",DXF face separation 300 mm = section B 300,FOLLOW ARCH. (not printed),"[""P13-GB-EXTERIOR""]",PROJECT_GENERAL_DETAIL,3Ø16,3Ø16,3Ø16,2Ø12/30cm,Ø8,150 mm,BLOCKED_COMPONENT,BLOCKED_COMPONENT,BLOCKED_COMPONENT,True,READY_LOWER_BOUND
GSO-7E0-FD-1,GROUND_BEAM,untagged (p.13 typical sections),HOOK_2,,BLOCKED_COMPONENT,hook angle / extension: NO_PROJECT_SOURCE (engineer / code decision; never verified),False,False,"DXF GBP layer-1 face pair, clear between supports 3.850 m; support centreline 3.750 m; bar run: PRE-S5.1 support face-to-face",DXF face separation 300 mm = section B 300,FOLLOW ARCH. (not printed),"[""P13-GB-EXTERIOR""]",PROJECT_GENERAL_DETAIL,3Ø16,3Ø16,3Ø16,2Ø12/30cm,Ø8,150 mm,BLOCKED_COMPONENT,BLOCKED_COMPONENT,BLOCKED_COMPONENT,True,READY_LOWER_BOUND
GSO-7E0-FD-1,GROUND_BEAM,untagged (p.13 typical sections),END_ZONE_EXTRA,,NOT_APPLICABLE,the section prints one uniform spacing; no end-zone callout,False,False,"DXF GBP layer-1 face pair, clear between supports 3.850 m; support centreline 3.750 m; bar run: PRE-S5.1 support face-to-face",DXF face separation 300 mm = section B 300,FOLLOW ARCH. (not printed),"[""P13-GB-EXTERIOR""]",PROJECT_GENERAL_DETAIL,3Ø16,3Ø16,3Ø16,2Ø12/30cm,Ø8,150 mm,BLOCKED_COMPONENT,BLOCKED_COMPONENT,BLOCKED_COMPONENT,True,READY_LOWER_BOUND
GSO-7E0-FD-1,GROUND_BEAM,untagged (p.13 typical sections),END_TREATMENT,,BLOCKED_COMPONENT,bar ends at the supports are not detailed,False,False,"DXF GBP layer-1 face pair, clear between supports 3.850 m; support centreline 3.750 m; bar run: PRE-S5.1 support face-to-face",DXF face separation 300 mm = section B 300,FOLLOW ARCH. (not printed),"[""P13-GB-EXTERIOR""]",PROJECT_GENERAL_DETAIL,3Ø16,3Ø16,3Ø16,2Ø12/30cm,Ø8,150 mm,BLOCKED_COMPONENT,BLOCKED_COMPONENT,BLOCKED_COMPONENT,True,READY_LOWER_BOUND
GSO-7E0-FD-1,GROUND_BEAM,untagged (p.13 typical sections),DEVELOPMENT_INTO_SUPPORT_1,,BLOCKED_COMPONENT,no beam-end anchorage rule in the project source (DEVELOPMENT_STARTER_70D_40D is 'development / tie length of starter bars only' only),False,False,"DXF GBP layer-1 face pair, clear between supports 3.850 m; support centreline 3.750 m; bar run: PRE-S5.1 support face-to-face",DXF face separation 300 mm = section B 300,FOLLOW ARCH. (not printed),"[""P13-GB-EXTERIOR""]",PROJECT_GENERAL_DETAIL,3Ø16,3Ø16,3Ø16,2Ø12/30cm,Ø8,150 mm,BLOCKED_COMPONENT,BLOCKED_COMPONENT,BLOCKED_COMPONENT,True,READY_LOWER_BOUND
GSO-7E0-FD-1,GROUND_BEAM,untagged (p.13 typical sections),DEVELOPMENT_INTO_SUPPORT_2,,BLOCKED_COMPONENT,no beam-end anchorage rule in the project source (DEVELOPMENT_STARTER_70D_40D is 'development / tie length of starter bars only' only),False,False,"DXF GBP layer-1 face pair, clear between supports 3.850 m; support centreline 3.750 m; bar run: PRE-S5.1 support face-to-face",DXF face separation 300 mm = section B 300,FOLLOW ARCH. (not printed),"[""P13-GB-EXTERIOR""]",PROJECT_GENERAL_DETAIL,3Ø16,3Ø16,3Ø16,2Ø12/30cm,Ø8,150 mm,BLOCKED_COMPONENT,BLOCKED_COMPONENT,BLOCKED_COMPONENT,True,READY_LOWER_BOUND
GSO-7E0-FD-1,GROUND_BEAM,untagged (p.13 typical sections),LAP,,NOT_APPLICABLE,net measurement: laps are a procurement matter (BBS firewall),False,False,"DXF GBP layer-1 face pair, clear between supports 3.850 m; support centreline 3.750 m; bar run: PRE-S5.1 support face-to-face",DXF face separation 300 mm = section B 300,FOLLOW ARCH. (not printed),"[""P13-GB-EXTERIOR""]",PROJECT_GENERAL_DETAIL,3Ø16,3Ø16,3Ø16,2Ø12/30cm,Ø8,150 mm,BLOCKED_COMPONENT,BLOCKED_COMPONENT,BLOCKED_COMPONENT,True,READY_LOWER_BOUND
GSO-7E0-FD-2,GROUND_BEAM,untagged (p.13 typical sections),TOP_MAIN,3Ø16,READY_LOWER_BOUND,"straight run: support face-to-face, derived per span in PRE-S5.1 (research/pre_s5_1_source_resolution, no numerical-minimum shortcut); development / end anchorage not source-established",False,True,"DXF GBP layer-1 face pair, clear between supports 3.250 m; support centreline 3.650 m; bar run: PRE-S5.1 support face-to-face",DXF face separation 300 mm = section B 300,FOLLOW ARCH. (not printed),"[""P13-GB-EXTERIOR""]",PROJECT_GENERAL_DETAIL,3Ø16,3Ø16,3Ø16,2Ø12/30cm,Ø8,150 mm,BLOCKED_COMPONENT,BLOCKED_COMPONENT,BLOCKED_COMPONENT,True,READY_LOWER_BOUND
GSO-7E0-FD-2,GROUND_BEAM,untagged (p.13 typical sections),BOTTOM_ROW_1,3Ø16,READY_LOWER_BOUND,"straight run: support face-to-face, derived per span in PRE-S5.1 (research/pre_s5_1_source_resolution, no numerical-minimum shortcut); development / end anchorage not source-established",False,True,"DXF GBP layer-1 face pair, clear between supports 3.250 m; support centreline 3.650 m; bar run: PRE-S5.1 support face-to-face",DXF face separation 300 mm = section B 300,FOLLOW ARCH. (not printed),"[""P13-GB-EXTERIOR""]",PROJECT_GENERAL_DETAIL,3Ø16,3Ø16,3Ø16,2Ø12/30cm,Ø8,150 mm,BLOCKED_COMPONENT,BLOCKED_COMPONENT,BLOCKED_COMPONENT,True,READY_LOWER_BOUND
GSO-7E0-FD-2,GROUND_BEAM,untagged (p.13 typical sections),BOTTOM_ROW_2,3Ø16,READY_LOWER_BOUND,"straight run: support face-to-face, derived per span in PRE-S5.1 (research/pre_s5_1_source_resolution, no numerical-minimum shortcut); development / end anchorage not source-established",False,True,"DXF GBP layer-1 face pair, clear between supports 3.250 m; support centreline 3.650 m; bar run: PRE-S5.1 support face-to-face",DXF face separation 300 mm = section B 300,FOLLOW ARCH. (not printed),"[""P13-GB-EXTERIOR""]",PROJECT_GENERAL_DETAIL,3Ø16,3Ø16,3Ø16,2Ø12/30cm,Ø8,150 mm,BLOCKED_COMPONENT,BLOCKED_COMPONENT,BLOCKED_COMPONENT,True,READY_LOWER_BOUND
GSO-7E0-FD-2,GROUND_BEAM,untagged (p.13 typical sections),SIDE_BARS,2Ø12/30cm,BLOCKED_COMPONENT,side bars 2Ø12 per 30 cm of depth; depth FOLLOW ARCH. not printed,False,False,"DXF GBP layer-1 face pair, clear between supports 3.250 m; support centreline 3.650 m; bar run: PRE-S5.1 support face-to-face",DXF face separation 300 mm = section B 300,FOLLOW ARCH. (not printed),"[""P13-GB-EXTERIOR""]",PROJECT_GENERAL_DETAIL,3Ø16,3Ø16,3Ø16,2Ø12/30cm,Ø8,150 mm,BLOCKED_COMPONENT,BLOCKED_COMPONENT,BLOCKED_COMPONENT,True,READY_LOWER_BOUND
GSO-7E0-FD-2,GROUND_BEAM,untagged (p.13 typical sections),STIRRUP_DIAMETER,Ø8,READY,typical section callout,False,True,"DXF GBP layer-1 face pair, clear between supports 3.250 m; support centreline 3.650 m; bar run: PRE-S5.1 support face-to-face",DXF face separation 300 mm = section B 300,FOLLOW ARCH. (not printed),"[""P13-GB-EXTERIOR""]",PROJECT_GENERAL_DETAIL,3Ø16,3Ø16,3Ø16,2Ø12/30cm,Ø8,150 mm,BLOCKED_COMPONENT,BLOCKED_COMPONENT,BLOCKED_COMPONENT,True,READY_LOWER_BOUND
GSO-7E0-FD-2,GROUND_BEAM,untagged (p.13 typical sections),STIRRUP_RATE,150 mm,READY,typical section callout,False,True,"DXF GBP layer-1 face pair, clear between supports 3.250 m; support centreline 3.650 m; bar run: PRE-S5.1 support face-to-face",DXF face separation 300 mm = section B 300,FOLLOW ARCH. (not printed),"[""P13-GB-EXTERIOR""]",PROJECT_GENERAL_DETAIL,3Ø16,3Ø16,3Ø16,2Ø12/30cm,Ø8,150 mm,BLOCKED_COMPONENT,BLOCKED_COMPONENT,BLOCKED_COMPONENT,True,READY_LOWER_BOUND
GSO-7E0-FD-2,GROUND_BEAM,untagged (p.13 typical sections),STIRRUP_CORE_PATH,D = FOLLOW ARCH.,BLOCKED_COMPONENT,section depth not printed (FOLLOW ARCH.),False,False,"DXF GBP layer-1 face pair, clear between supports 3.250 m; support centreline 3.650 m; bar run: PRE-S5.1 support face-to-face",DXF face separation 300 mm = section B 300,FOLLOW ARCH. (not printed),"[""P13-GB-EXTERIOR""]",PROJECT_GENERAL_DETAIL,3Ø16,3Ø16,3Ø16,2Ø12/30cm,Ø8,150 mm,BLOCKED_COMPONENT,BLOCKED_COMPONENT,BLOCKED_COMPONENT,True,READY_LOWER_BOUND
GSO-7E0-FD-2,GROUND_BEAM,untagged (p.13 typical sections),STIRRUP_COUNT,150 mm,READY_LOWER_BOUND,count >= ceil(clear span / spacing); first / last stirrup position not stated,False,True,"DXF GBP layer-1 face pair, clear between supports 3.250 m; support centreline 3.650 m; bar run: PRE-S5.1 support face-to-face",DXF face separation 300 mm = section B 300,FOLLOW ARCH. (not printed),"[""P13-GB-EXTERIOR""]",PROJECT_GENERAL_DETAIL,3Ø16,3Ø16,3Ø16,2Ø12/30cm,Ø8,150 mm,BLOCKED_COMPONENT,BLOCKED_COMPONENT,BLOCKED_COMPONENT,True,READY_LOWER_BOUND
GSO-7E0-FD-2,GROUND_BEAM,untagged (p.13 typical sections),HOOK_1,,BLOCKED_COMPONENT,hook angle / extension: NO_PROJECT_SOURCE (engineer / code decision; never verified),False,False,"DXF GBP layer-1 face pair, clear between supports 3.250 m; support centreline 3.650 m; bar run: PRE-S5.1 support face-to-face",DXF face separation 300 mm = section B 300,FOLLOW ARCH. (not printed),"[""P13-GB-EXTERIOR""]",PROJECT_GENERAL_DETAIL,3Ø16,3Ø16,3Ø16,2Ø12/30cm,Ø8,150 mm,BLOCKED_COMPONENT,BLOCKED_COMPONENT,BLOCKED_COMPONENT,True,READY_LOWER_BOUND
GSO-7E0-FD-2,GROUND_BEAM,untagged (p.13 typical sections),HOOK_2,,BLOCKED_COMPONENT,hook angle / extension: NO_PROJECT_SOURCE (engineer / code decision; never verified),False,False,"DXF GBP layer-1 face pair, clear between supports 3.250 m; support centreline 3.650 m; bar run: PRE-S5.1 support face-to-face",DXF face separation 300 mm = section B 300,FOLLOW ARCH. (not printed),"[""P13-GB-EXTERIOR""]",PROJECT_GENERAL_DETAIL,3Ø16,3Ø16,3Ø16,2Ø12/30cm,Ø8,150 mm,BLOCKED_COMPONENT,BLOCKED_COMPONENT,BLOCKED_COMPONENT,True,READY_LOWER_BOUND
GSO-7E0-FD-2,GROUND_BEAM,untagged (p.13 typical sections),END_ZONE_EXTRA,,NOT_APPLICABLE,the section prints one uniform spacing; no end-zone callout,False,False,"DXF GBP layer-1 face pair, clear between supports 3.250 m; support centreline 3.650 m; bar run: PRE-S5.1 support face-to-face",DXF face separation 300 mm = section B 300,FOLLOW ARCH. (not printed),"[""P13-GB-EXTERIOR""]",PROJECT_GENERAL_DETAIL,3Ø16,3Ø16,3Ø16,2Ø12/30cm,Ø8,150 mm,BLOCKED_COMPONENT,BLOCKED_COMPONENT,BLOCKED_COMPONENT,True,READY_LOWER_BOUND
GSO-7E0-FD-2,GROUND_BEAM,untagged (p.13 typical sections),END_TREATMENT,,BLOCKED_COMPONENT,bar ends at the supports are not detailed,False,False,"DXF GBP layer-1 face pair, clear between supports 3.250 m; support centreline 3.650 m; bar run: PRE-S5.1 support face-to-face",DXF face separation 300 mm = section B 300,FOLLOW ARCH. (not printed),"[""P13-GB-EXTERIOR""]",PROJECT_GENERAL_DETAIL,3Ø16,3Ø16,3Ø16,2Ø12/30cm,Ø8,150 mm,BLOCKED_COMPONENT,BLOCKED_COMPONENT,BLOCKED_COMPONENT,True,READY_LOWER_BOUND
GSO-7E0-FD-2,GROUND_BEAM,untagged (p.13 typical sections),DEVELOPMENT_INTO_SUPPORT_1,,BLOCKED_COMPONENT,no beam-end anchorage rule in the project source (DEVELOPMENT_STARTER_70D_40D is 'development / tie length of starter bars only' only),False,False,"DXF GBP layer-1 face pair, clear between supports 3.250 m; support centreline 3.650 m; bar run: PRE-S5.1 support face-to-face",DXF face separation 300 mm = section B 300,FOLLOW ARCH. (not printed),"[""P13-GB-EXTERIOR""]",PROJECT_GENERAL_DETAIL,3Ø16,3Ø16,3Ø16,2Ø12/30cm,Ø8,150 mm,BLOCKED_COMPONENT,BLOCKED_COMPONENT,BLOCKED_COMPONENT,True,READY_LOWER_BOUND
GSO-7E0-FD-2,GROUND_BEAM,untagged (p.13 typical sections),DEVELOPMENT_INTO_SUPPORT_2,,BLOCKED_COMPONENT,no beam-end anchorage rule in the project source (DEVELOPMENT_STARTER_70D_40D is 'development / tie length of starter bars only' only),False,False,"DXF GBP layer-1 face pair, clear between supports 3.250 m; support centreline 3.650 m; bar run: PRE-S5.1 support face-to-face",DXF face separation 300 mm = section B 300,FOLLOW ARCH. (not printed),"[""P13-GB-EXTERIOR""]",PROJECT_GENERAL_DETAIL,3Ø16,3Ø16,3Ø16,2Ø12/30cm,Ø8,150 mm,BLOCKED_COMPONENT,BLOCKED_COMPONENT,BLOCKED_COMPONENT,True,READY_LOWER_BOUND
GSO-7E0-FD-2,GROUND_BEAM,untagged (p.13 typical sections),LAP,,NOT_APPLICABLE,net measurement: laps are a procurement matter (BBS firewall),False,False,"DXF GBP layer-1 face pair, clear between supports 3.250 m; support centreline 3.650 m; bar run: PRE-S5.1 support face-to-face",DXF face separation 300 mm = section B 300,FOLLOW ARCH. (not printed),"[""P13-GB-EXTERIOR""]",PROJECT_GENERAL_DETAIL,3Ø16,3Ø16,3Ø16,2Ø12/30cm,Ø8,150 mm,BLOCKED_COMPONENT,BLOCKED_COMPONENT,BLOCKED_COMPONENT,True,READY_LOWER_BOUND
GSO-7E1-7E2-1,GROUND_BEAM,untagged (p.13 typical sections),TOP_MAIN,3Ø16,READY_LOWER_BOUND,"straight run: support face-to-face, derived per span in PRE-S5.1 (research/pre_s5_1_source_resolution, no numerical-minimum shortcut); development / end anchorage not source-established",False,True,"DXF GBP layer-1 face pair, clear between supports 6.720 m; support centreline 7.020 m; bar run: PRE-S5.1 support face-to-face",DXF face separation 300 mm = section B 300,p.13 section D candidates: 600,"[""P13-GB-GT5M""]",EXPLICIT_LENGTH_CONDITION,3Ø16,3Ø16,3Ø16,,Ø8,150 mm,PROVISIONAL_ONLY,BLOCKED_COMPONENT,BLOCKED_COMPONENT,True,READY_LOWER_BOUND
GSO-7E1-7E2-1,GROUND_BEAM,untagged (p.13 typical sections),BOTTOM_ROW_1,3Ø16,READY_LOWER_BOUND,"straight run: support face-to-face, derived per span in PRE-S5.1 (research/pre_s5_1_source_resolution, no numerical-minimum shortcut); development / end anchorage not source-established",False,True,"DXF GBP layer-1 face pair, clear between supports 6.720 m; support centreline 7.020 m; bar run: PRE-S5.1 support face-to-face",DXF face separation 300 mm = section B 300,p.13 section D candidates: 600,"[""P13-GB-GT5M""]",EXPLICIT_LENGTH_CONDITION,3Ø16,3Ø16,3Ø16,,Ø8,150 mm,PROVISIONAL_ONLY,BLOCKED_COMPONENT,BLOCKED_COMPONENT,True,READY_LOWER_BOUND
GSO-7E1-7E2-1,GROUND_BEAM,untagged (p.13 typical sections),BOTTOM_ROW_2,3Ø16,READY_LOWER_BOUND,"straight run: support face-to-face, derived per span in PRE-S5.1 (research/pre_s5_1_source_resolution, no numerical-minimum shortcut); development / end anchorage not source-established",False,True,"DXF GBP layer-1 face pair, clear between supports 6.720 m; support centreline 7.020 m; bar run: PRE-S5.1 support face-to-face",DXF face separation 300 mm = section B 300,p.13 section D candidates: 600,"[""P13-GB-GT5M""]",EXPLICIT_LENGTH_CONDITION,3Ø16,3Ø16,3Ø16,,Ø8,150 mm,PROVISIONAL_ONLY,BLOCKED_COMPONENT,BLOCKED_COMPONENT,True,READY_LOWER_BOUND
GSO-7E1-7E2-1,GROUND_BEAM,untagged (p.13 typical sections),SIDE_BARS,,NOT_APPLICABLE,the candidate section(s) carry no side bars,False,False,"DXF GBP layer-1 face pair, clear between supports 6.720 m; support centreline 7.020 m; bar run: PRE-S5.1 support face-to-face",DXF face separation 300 mm = section B 300,p.13 section D candidates: 600,"[""P13-GB-GT5M""]",EXPLICIT_LENGTH_CONDITION,3Ø16,3Ø16,3Ø16,,Ø8,150 mm,PROVISIONAL_ONLY,BLOCKED_COMPONENT,BLOCKED_COMPONENT,True,READY_LOWER_BOUND
GSO-7E1-7E2-1,GROUND_BEAM,untagged (p.13 typical sections),STIRRUP_DIAMETER,Ø8,READY,typical section callout,False,True,"DXF GBP layer-1 face pair, clear between supports 6.720 m; support centreline 7.020 m; bar run: PRE-S5.1 support face-to-face",DXF face separation 300 mm = section B 300,p.13 section D candidates: 600,"[""P13-GB-GT5M""]",EXPLICIT_LENGTH_CONDITION,3Ø16,3Ø16,3Ø16,,Ø8,150 mm,PROVISIONAL_ONLY,BLOCKED_COMPONENT,BLOCKED_COMPONENT,True,READY_LOWER_BOUND
GSO-7E1-7E2-1,GROUND_BEAM,untagged (p.13 typical sections),STIRRUP_RATE,150 mm,READY,typical section callout,False,True,"DXF GBP layer-1 face pair, clear between supports 6.720 m; support centreline 7.020 m; bar run: PRE-S5.1 support face-to-face",DXF face separation 300 mm = section B 300,p.13 section D candidates: 600,"[""P13-GB-GT5M""]",EXPLICIT_LENGTH_CONDITION,3Ø16,3Ø16,3Ø16,,Ø8,150 mm,PROVISIONAL_ONLY,BLOCKED_COMPONENT,BLOCKED_COMPONENT,True,READY_LOWER_BOUND
GSO-7E1-7E2-1,GROUND_BEAM,untagged (p.13 typical sections),STIRRUP_CORE_PATH,"300x600, cover 70 (soil)",PROVISIONAL_ONLY,"B, D and the 70 mm soil cover are source-established; the closed single link is drawn in the typical section but its topology is not a verified facet",False,False,"DXF GBP layer-1 face pair, clear between supports 6.720 m; support centreline 7.020 m; bar run: PRE-S5.1 support face-to-face",DXF face separation 300 mm = section B 300,p.13 section D candidates: 600,"[""P13-GB-GT5M""]",EXPLICIT_LENGTH_CONDITION,3Ø16,3Ø16,3Ø16,,Ø8,150 mm,PROVISIONAL_ONLY,BLOCKED_COMPONENT,BLOCKED_COMPONENT,True,READY_LOWER_BOUND
GSO-7E1-7E2-1,GROUND_BEAM,untagged (p.13 typical sections),STIRRUP_COUNT,150 mm,READY_LOWER_BOUND,count >= ceil(clear span / spacing); first / last stirrup position not stated,False,True,"DXF GBP layer-1 face pair, clear between supports 6.720 m; support centreline 7.020 m; bar run: PRE-S5.1 support face-to-face",DXF face separation 300 mm = section B 300,p.13 section D candidates: 600,"[""P13-GB-GT5M""]",EXPLICIT_LENGTH_CONDITION,3Ø16,3Ø16,3Ø16,,Ø8,150 mm,PROVISIONAL_ONLY,BLOCKED_COMPONENT,BLOCKED_COMPONENT,True,READY_LOWER_BOUND
GSO-7E1-7E2-1,GROUND_BEAM,untagged (p.13 typical sections),HOOK_1,,BLOCKED_COMPONENT,hook angle / extension: NO_PROJECT_SOURCE (engineer / code decision; never verified),False,False,"DXF GBP layer-1 face pair, clear between supports 6.720 m; support centreline 7.020 m; bar run: PRE-S5.1 support face-to-face",DXF face separation 300 mm = section B 300,p.13 section D candidates: 600,"[""P13-GB-GT5M""]",EXPLICIT_LENGTH_CONDITION,3Ø16,3Ø16,3Ø16,,Ø8,150 mm,PROVISIONAL_ONLY,BLOCKED_COMPONENT,BLOCKED_COMPONENT,True,READY_LOWER_BOUND
GSO-7E1-7E2-1,GROUND_BEAM,untagged (p.13 typical sections),HOOK_2,,BLOCKED_COMPONENT,hook angle / extension: NO_PROJECT_SOURCE (engineer / code decision; never verified),False,False,"DXF GBP layer-1 face pair, clear between supports 6.720 m; support centreline 7.020 m; bar run: PRE-S5.1 support face-to-face",DXF face separation 300 mm = section B 300,p.13 section D candidates: 600,"[""P13-GB-GT5M""]",EXPLICIT_LENGTH_CONDITION,3Ø16,3Ø16,3Ø16,,Ø8,150 mm,PROVISIONAL_ONLY,BLOCKED_COMPONENT,BLOCKED_COMPONENT,True,READY_LOWER_BOUND
GSO-7E1-7E2-1,GROUND_BEAM,untagged (p.13 typical sections),END_ZONE_EXTRA,,NOT_APPLICABLE,the section prints one uniform spacing; no end-zone callout,False,False,"DXF GBP layer-1 face pair, clear between supports 6.720 m; support centreline 7.020 m; bar run: PRE-S5.1 support face-to-face",DXF face separation 300 mm = section B 300,p.13 section D candidates: 600,"[""P13-GB-GT5M""]",EXPLICIT_LENGTH_CONDITION,3Ø16,3Ø16,3Ø16,,Ø8,150 mm,PROVISIONAL_ONLY,BLOCKED_COMPONENT,BLOCKED_COMPONENT,True,READY_LOWER_BOUND
GSO-7E1-7E2-1,GROUND_BEAM,untagged (p.13 typical sections),END_TREATMENT,,BLOCKED_COMPONENT,bar ends at the supports are not detailed,False,False,"DXF GBP layer-1 face pair, clear between supports 6.720 m; support centreline 7.020 m; bar run: PRE-S5.1 support face-to-face",DXF face separation 300 mm = section B 300,p.13 section D candidates: 600,"[""P13-GB-GT5M""]",EXPLICIT_LENGTH_CONDITION,3Ø16,3Ø16,3Ø16,,Ø8,150 mm,PROVISIONAL_ONLY,BLOCKED_COMPONENT,BLOCKED_COMPONENT,True,READY_LOWER_BOUND
GSO-7E1-7E2-1,GROUND_BEAM,untagged (p.13 typical sections),DEVELOPMENT_INTO_SUPPORT_1,,BLOCKED_COMPONENT,no beam-end anchorage rule in the project source (DEVELOPMENT_STARTER_70D_40D is 'development / tie length of starter bars only' only),False,False,"DXF GBP layer-1 face pair, clear between supports 6.720 m; support centreline 7.020 m; bar run: PRE-S5.1 support face-to-face",DXF face separation 300 mm = section B 300,p.13 section D candidates: 600,"[""P13-GB-GT5M""]",EXPLICIT_LENGTH_CONDITION,3Ø16,3Ø16,3Ø16,,Ø8,150 mm,PROVISIONAL_ONLY,BLOCKED_COMPONENT,BLOCKED_COMPONENT,True,READY_LOWER_BOUND
GSO-7E1-7E2-1,GROUND_BEAM,untagged (p.13 typical sections),DEVELOPMENT_INTO_SUPPORT_2,,BLOCKED_COMPONENT,no beam-end anchorage rule in the project source (DEVELOPMENT_STARTER_70D_40D is 'development / tie length of starter bars only' only),False,False,"DXF GBP layer-1 face pair, clear between supports 6.720 m; support centreline 7.020 m; bar run: PRE-S5.1 support face-to-face",DXF face separation 300 mm = section B 300,p.13 section D candidates: 600,"[""P13-GB-GT5M""]",EXPLICIT_LENGTH_CONDITION,3Ø16,3Ø16,3Ø16,,Ø8,150 mm,PROVISIONAL_ONLY,BLOCKED_COMPONENT,BLOCKED_COMPONENT,True,READY_LOWER_BOUND
GSO-7E1-7E2-1,GROUND_BEAM,untagged (p.13 typical sections),LAP,,NOT_APPLICABLE,net measurement: laps are a procurement matter (BBS firewall),False,False,"DXF GBP layer-1 face pair, clear between supports 6.720 m; support centreline 7.020 m; bar run: PRE-S5.1 support face-to-face",DXF face separation 300 mm = section B 300,p.13 section D candidates: 600,"[""P13-GB-GT5M""]",EXPLICIT_LENGTH_CONDITION,3Ø16,3Ø16,3Ø16,,Ø8,150 mm,PROVISIONAL_ONLY,BLOCKED_COMPONENT,BLOCKED_COMPONENT,True,READY_LOWER_BOUND
GSO-7E7-7E8-1,GROUND_BEAM,untagged (p.13 typical sections),TOP_MAIN,3Ø14 | 3Ø16,BLOCKED_COMPONENT,candidate details disagree: P13-GB-EXTERIOR 3Ø16; P13-GB-LT5M 3Ø14,False,False,"DXF GBP layer-1 face pair, clear between supports 3.525 m; support centreline 3.825 m; bar run: PRE-S5.1 support face-to-face",DXF face separation 300 mm = section B 300,p.13 section D candidates: 400 | None,"[""P13-GB-EXTERIOR"", ""P13-GB-LT5M""]",CANDIDATE_DETAIL,3Ø14 | 3Ø16,3Ø14 | 3Ø16,3Ø14 | 3Ø16,2Ø12/30cm | None,Ø8,150 mm,BLOCKED_COMPONENT,BLOCKED_COMPONENT,BLOCKED_COMPONENT,True,BLOCKED_COMPONENT
GSO-7E7-7E8-1,GROUND_BEAM,untagged (p.13 typical sections),BOTTOM_ROW_1,3Ø14 | 3Ø16,BLOCKED_COMPONENT,candidate details disagree: P13-GB-EXTERIOR 3Ø16; P13-GB-LT5M 3Ø14,False,False,"DXF GBP layer-1 face pair, clear between supports 3.525 m; support centreline 3.825 m; bar run: PRE-S5.1 support face-to-face",DXF face separation 300 mm = section B 300,p.13 section D candidates: 400 | None,"[""P13-GB-EXTERIOR"", ""P13-GB-LT5M""]",CANDIDATE_DETAIL,3Ø14 | 3Ø16,3Ø14 | 3Ø16,3Ø14 | 3Ø16,2Ø12/30cm | None,Ø8,150 mm,BLOCKED_COMPONENT,BLOCKED_COMPONENT,BLOCKED_COMPONENT,True,BLOCKED_COMPONENT
GSO-7E7-7E8-1,GROUND_BEAM,untagged (p.13 typical sections),BOTTOM_ROW_2,3Ø14 | 3Ø16,BLOCKED_COMPONENT,candidate details disagree: P13-GB-EXTERIOR 3Ø16; P13-GB-LT5M 3Ø14,False,False,"DXF GBP layer-1 face pair, clear between supports 3.525 m; support centreline 3.825 m; bar run: PRE-S5.1 support face-to-face",DXF face separation 300 mm = section B 300,p.13 section D candidates: 400 | None,"[""P13-GB-EXTERIOR"", ""P13-GB-LT5M""]",CANDIDATE_DETAIL,3Ø14 | 3Ø16,3Ø14 | 3Ø16,3Ø14 | 3Ø16,2Ø12/30cm | None,Ø8,150 mm,BLOCKED_COMPONENT,BLOCKED_COMPONENT,BLOCKED_COMPONENT,True,BLOCKED_COMPONENT
GSO-7E7-7E8-1,GROUND_BEAM,untagged (p.13 typical sections),SIDE_BARS,2Ø12/30cm | None,BLOCKED_COMPONENT,side bars 2Ø12 per 30 cm of depth; depth FOLLOW ARCH. not printed; other candidates have none,False,False,"DXF GBP layer-1 face pair, clear between supports 3.525 m; support centreline 3.825 m; bar run: PRE-S5.1 support face-to-face",DXF face separation 300 mm = section B 300,p.13 section D candidates: 400 | None,"[""P13-GB-EXTERIOR"", ""P13-GB-LT5M""]",CANDIDATE_DETAIL,3Ø14 | 3Ø16,3Ø14 | 3Ø16,3Ø14 | 3Ø16,2Ø12/30cm | None,Ø8,150 mm,BLOCKED_COMPONENT,BLOCKED_COMPONENT,BLOCKED_COMPONENT,True,BLOCKED_COMPONENT
GSO-7E7-7E8-1,GROUND_BEAM,untagged (p.13 typical sections),STIRRUP_DIAMETER,Ø8,READY,typical section callout,True,True,"DXF GBP layer-1 face pair, clear between supports 3.525 m; support centreline 3.825 m; bar run: PRE-S5.1 support face-to-face",DXF face separation 300 mm = section B 300,p.13 section D candidates: 400 | None,"[""P13-GB-EXTERIOR"", ""P13-GB-LT5M""]",CANDIDATE_DETAIL,3Ø14 | 3Ø16,3Ø14 | 3Ø16,3Ø14 | 3Ø16,2Ø12/30cm | None,Ø8,150 mm,BLOCKED_COMPONENT,BLOCKED_COMPONENT,BLOCKED_COMPONENT,True,BLOCKED_COMPONENT
GSO-7E7-7E8-1,GROUND_BEAM,untagged (p.13 typical sections),STIRRUP_RATE,150 mm,READY,typical section callout,True,True,"DXF GBP layer-1 face pair, clear between supports 3.525 m; support centreline 3.825 m; bar run: PRE-S5.1 support face-to-face",DXF face separation 300 mm = section B 300,p.13 section D candidates: 400 | None,"[""P13-GB-EXTERIOR"", ""P13-GB-LT5M""]",CANDIDATE_DETAIL,3Ø14 | 3Ø16,3Ø14 | 3Ø16,3Ø14 | 3Ø16,2Ø12/30cm | None,Ø8,150 mm,BLOCKED_COMPONENT,BLOCKED_COMPONENT,BLOCKED_COMPONENT,True,BLOCKED_COMPONENT
GSO-7E7-7E8-1,GROUND_BEAM,untagged (p.13 typical sections),STIRRUP_CORE_PATH,D = FOLLOW ARCH.,BLOCKED_COMPONENT,section depth not printed (FOLLOW ARCH.),False,False,"DXF GBP layer-1 face pair, clear between supports 3.525 m; support centreline 3.825 m; bar run: PRE-S5.1 support face-to-face",DXF face separation 300 mm = section B 300,p.13 section D candidates: 400 | None,"[""P13-GB-EXTERIOR"", ""P13-GB-LT5M""]",CANDIDATE_DETAIL,3Ø14 | 3Ø16,3Ø14 | 3Ø16,3Ø14 | 3Ø16,2Ø12/30cm | None,Ø8,150 mm,BLOCKED_COMPONENT,BLOCKED_COMPONENT,BLOCKED_COMPONENT,True,BLOCKED_COMPONENT
GSO-7E7-7E8-1,GROUND_BEAM,untagged (p.13 typical sections),STIRRUP_COUNT,150 mm,READY_LOWER_BOUND,count >= ceil(clear span / spacing); first / last stirrup position not stated,True,True,"DXF GBP layer-1 face pair, clear between supports 3.525 m; support centreline 3.825 m; bar run: PRE-S5.1 support face-to-face",DXF face separation 300 mm = section B 300,p.13 section D candidates: 400 | None,"[""P13-GB-EXTERIOR"", ""P13-GB-LT5M""]",CANDIDATE_DETAIL,3Ø14 | 3Ø16,3Ø14 | 3Ø16,3Ø14 | 3Ø16,2Ø12/30cm | None,Ø8,150 mm,BLOCKED_COMPONENT,BLOCKED_COMPONENT,BLOCKED_COMPONENT,True,BLOCKED_COMPONENT
GSO-7E7-7E8-1,GROUND_BEAM,untagged (p.13 typical sections),HOOK_1,,BLOCKED_COMPONENT,hook angle / extension: NO_PROJECT_SOURCE (engineer / code decision; never verified),False,False,"DXF GBP layer-1 face pair, clear between supports 3.525 m; support centreline 3.825 m; bar run: PRE-S5.1 support face-to-face",DXF face separation 300 mm = section B 300,p.13 section D candidates: 400 | None,"[""P13-GB-EXTERIOR"", ""P13-GB-LT5M""]",CANDIDATE_DETAIL,3Ø14 | 3Ø16,3Ø14 | 3Ø16,3Ø14 | 3Ø16,2Ø12/30cm | None,Ø8,150 mm,BLOCKED_COMPONENT,BLOCKED_COMPONENT,BLOCKED_COMPONENT,True,BLOCKED_COMPONENT
GSO-7E7-7E8-1,GROUND_BEAM,untagged (p.13 typical sections),HOOK_2,,BLOCKED_COMPONENT,hook angle / extension: NO_PROJECT_SOURCE (engineer / code decision; never verified),False,False,"DXF GBP layer-1 face pair, clear between supports 3.525 m; support centreline 3.825 m; bar run: PRE-S5.1 support face-to-face",DXF face separation 300 mm = section B 300,p.13 section D candidates: 400 | None,"[""P13-GB-EXTERIOR"", ""P13-GB-LT5M""]",CANDIDATE_DETAIL,3Ø14 | 3Ø16,3Ø14 | 3Ø16,3Ø14 | 3Ø16,2Ø12/30cm | None,Ø8,150 mm,BLOCKED_COMPONENT,BLOCKED_COMPONENT,BLOCKED_COMPONENT,True,BLOCKED_COMPONENT
GSO-7E7-7E8-1,GROUND_BEAM,untagged (p.13 typical sections),END_ZONE_EXTRA,,NOT_APPLICABLE,the section prints one uniform spacing; no end-zone callout,False,False,"DXF GBP layer-1 face pair, clear between supports 3.525 m; support centreline 3.825 m; bar run: PRE-S5.1 support face-to-face",DXF face separation 300 mm = section B 300,p.13 section D candidates: 400 | None,"[""P13-GB-EXTERIOR"", ""P13-GB-LT5M""]",CANDIDATE_DETAIL,3Ø14 | 3Ø16,3Ø14 | 3Ø16,3Ø14 | 3Ø16,2Ø12/30cm | None,Ø8,150 mm,BLOCKED_COMPONENT,BLOCKED_COMPONENT,BLOCKED_COMPONENT,True,BLOCKED_COMPONENT
GSO-7E7-7E8-1,GROUND_BEAM,untagged (p.13 typical sections),END_TREATMENT,,BLOCKED_COMPONENT,bar ends at the supports are not detailed,False,False,"DXF GBP layer-1 face pair, clear between supports 3.525 m; support centreline 3.825 m; bar run: PRE-S5.1 support face-to-face",DXF face separation 300 mm = section B 300,p.13 section D candidates: 400 | None,"[""P13-GB-EXTERIOR"", ""P13-GB-LT5M""]",CANDIDATE_DETAIL,3Ø14 | 3Ø16,3Ø14 | 3Ø16,3Ø14 | 3Ø16,2Ø12/30cm | None,Ø8,150 mm,BLOCKED_COMPONENT,BLOCKED_COMPONENT,BLOCKED_COMPONENT,True,BLOCKED_COMPONENT
GSO-7E7-7E8-1,GROUND_BEAM,untagged (p.13 typical sections),DEVELOPMENT_INTO_SUPPORT_1,,BLOCKED_COMPONENT,no beam-end anchorage rule in the project source (DEVELOPMENT_STARTER_70D_40D is 'development / tie length of starter bars only' only),False,False,"DXF GBP layer-1 face pair, clear between supports 3.525 m; support centreline 3.825 m; bar run: PRE-S5.1 support face-to-face",DXF face separation 300 mm = section B 300,p.13 section D candidates: 400 | None,"[""P13-GB-EXTERIOR"", ""P13-GB-LT5M""]",CANDIDATE_DETAIL,3Ø14 | 3Ø16,3Ø14 | 3Ø16,3Ø14 | 3Ø16,2Ø12/30cm | None,Ø8,150 mm,BLOCKED_COMPONENT,BLOCKED_COMPONENT,BLOCKED_COMPONENT,True,BLOCKED_COMPONENT
GSO-7E7-7E8-1,GROUND_BEAM,untagged (p.13 typical sections),DEVELOPMENT_INTO_SUPPORT_2,,BLOCKED_COMPONENT,no beam-end anchorage rule in the project source (DEVELOPMENT_STARTER_70D_40D is 'development / tie length of starter bars only' only),False,False,"DXF GBP layer-1 face pair, clear between supports 3.525 m; support centreline 3.825 m; bar run: PRE-S5.1 support face-to-face",DXF face separation 300 mm = section B 300,p.13 section D candidates: 400 | None,"[""P13-GB-EXTERIOR"", ""P13-GB-LT5M""]",CANDIDATE_DETAIL,3Ø14 | 3Ø16,3Ø14 | 3Ø16,3Ø14 | 3Ø16,2Ø12/30cm | None,Ø8,150 mm,BLOCKED_COMPONENT,BLOCKED_COMPONENT,BLOCKED_COMPONENT,True,BLOCKED_COMPONENT
GSO-7E7-7E8-1,GROUND_BEAM,untagged (p.13 typical sections),LAP,,NOT_APPLICABLE,net measurement: laps are a procurement matter (BBS firewall),False,False,"DXF GBP layer-1 face pair, clear between supports 3.525 m; support centreline 3.825 m; bar run: PRE-S5.1 support face-to-face",DXF face separation 300 mm = section B 300,p.13 section D candidates: 400 | None,"[""P13-GB-EXTERIOR"", ""P13-GB-LT5M""]",CANDIDATE_DETAIL,3Ø14 | 3Ø16,3Ø14 | 3Ø16,3Ø14 | 3Ø16,2Ø12/30cm | None,Ø8,150 mm,BLOCKED_COMPONENT,BLOCKED_COMPONENT,BLOCKED_COMPONENT,True,BLOCKED_COMPONENT
GSO-7E7-7E8-2,GROUND_BEAM,untagged (p.13 typical sections),TOP_MAIN,3Ø14 | 3Ø16,BLOCKED_COMPONENT,candidate details disagree: P13-GB-EXTERIOR 3Ø16; P13-GB-LT5M 3Ø14,False,False,"DXF GBP layer-1 face pair, clear between supports 3.525 m; support centreline 3.825 m; bar run: PRE-S5.1 support face-to-face",DXF face separation 300 mm = section B 300,p.13 section D candidates: 400 | None,"[""P13-GB-EXTERIOR"", ""P13-GB-LT5M""]",CANDIDATE_DETAIL,3Ø14 | 3Ø16,3Ø14 | 3Ø16,3Ø14 | 3Ø16,2Ø12/30cm | None,Ø8,150 mm,BLOCKED_COMPONENT,BLOCKED_COMPONENT,BLOCKED_COMPONENT,True,BLOCKED_COMPONENT
GSO-7E7-7E8-2,GROUND_BEAM,untagged (p.13 typical sections),BOTTOM_ROW_1,3Ø14 | 3Ø16,BLOCKED_COMPONENT,candidate details disagree: P13-GB-EXTERIOR 3Ø16; P13-GB-LT5M 3Ø14,False,False,"DXF GBP layer-1 face pair, clear between supports 3.525 m; support centreline 3.825 m; bar run: PRE-S5.1 support face-to-face",DXF face separation 300 mm = section B 300,p.13 section D candidates: 400 | None,"[""P13-GB-EXTERIOR"", ""P13-GB-LT5M""]",CANDIDATE_DETAIL,3Ø14 | 3Ø16,3Ø14 | 3Ø16,3Ø14 | 3Ø16,2Ø12/30cm | None,Ø8,150 mm,BLOCKED_COMPONENT,BLOCKED_COMPONENT,BLOCKED_COMPONENT,True,BLOCKED_COMPONENT
GSO-7E7-7E8-2,GROUND_BEAM,untagged (p.13 typical sections),BOTTOM_ROW_2,3Ø14 | 3Ø16,BLOCKED_COMPONENT,candidate details disagree: P13-GB-EXTERIOR 3Ø16; P13-GB-LT5M 3Ø14,False,False,"DXF GBP layer-1 face pair, clear between supports 3.525 m; support centreline 3.825 m; bar run: PRE-S5.1 support face-to-face",DXF face separation 300 mm = section B 300,p.13 section D candidates: 400 | None,"[""P13-GB-EXTERIOR"", ""P13-GB-LT5M""]",CANDIDATE_DETAIL,3Ø14 | 3Ø16,3Ø14 | 3Ø16,3Ø14 | 3Ø16,2Ø12/30cm | None,Ø8,150 mm,BLOCKED_COMPONENT,BLOCKED_COMPONENT,BLOCKED_COMPONENT,True,BLOCKED_COMPONENT
GSO-7E7-7E8-2,GROUND_BEAM,untagged (p.13 typical sections),SIDE_BARS,2Ø12/30cm | None,BLOCKED_COMPONENT,side bars 2Ø12 per 30 cm of depth; depth FOLLOW ARCH. not printed; other candidates have none,False,False,"DXF GBP layer-1 face pair, clear between supports 3.525 m; support centreline 3.825 m; bar run: PRE-S5.1 support face-to-face",DXF face separation 300 mm = section B 300,p.13 section D candidates: 400 | None,"[""P13-GB-EXTERIOR"", ""P13-GB-LT5M""]",CANDIDATE_DETAIL,3Ø14 | 3Ø16,3Ø14 | 3Ø16,3Ø14 | 3Ø16,2Ø12/30cm | None,Ø8,150 mm,BLOCKED_COMPONENT,BLOCKED_COMPONENT,BLOCKED_COMPONENT,True,BLOCKED_COMPONENT
GSO-7E7-7E8-2,GROUND_BEAM,untagged (p.13 typical sections),STIRRUP_DIAMETER,Ø8,READY,typical section callout,True,True,"DXF GBP layer-1 face pair, clear between supports 3.525 m; support centreline 3.825 m; bar run: PRE-S5.1 support face-to-face",DXF face separation 300 mm = section B 300,p.13 section D candidates: 400 | None,"[""P13-GB-EXTERIOR"", ""P13-GB-LT5M""]",CANDIDATE_DETAIL,3Ø14 | 3Ø16,3Ø14 | 3Ø16,3Ø14 | 3Ø16,2Ø12/30cm | None,Ø8,150 mm,BLOCKED_COMPONENT,BLOCKED_COMPONENT,BLOCKED_COMPONENT,True,BLOCKED_COMPONENT
GSO-7E7-7E8-2,GROUND_BEAM,untagged (p.13 typical sections),STIRRUP_RATE,150 mm,READY,typical section callout,True,True,"DXF GBP layer-1 face pair, clear between supports 3.525 m; support centreline 3.825 m; bar run: PRE-S5.1 support face-to-face",DXF face separation 300 mm = section B 300,p.13 section D candidates: 400 | None,"[""P13-GB-EXTERIOR"", ""P13-GB-LT5M""]",CANDIDATE_DETAIL,3Ø14 | 3Ø16,3Ø14 | 3Ø16,3Ø14 | 3Ø16,2Ø12/30cm | None,Ø8,150 mm,BLOCKED_COMPONENT,BLOCKED_COMPONENT,BLOCKED_COMPONENT,True,BLOCKED_COMPONENT
GSO-7E7-7E8-2,GROUND_BEAM,untagged (p.13 typical sections),STIRRUP_CORE_PATH,D = FOLLOW ARCH.,BLOCKED_COMPONENT,section depth not printed (FOLLOW ARCH.),False,False,"DXF GBP layer-1 face pair, clear between supports 3.525 m; support centreline 3.825 m; bar run: PRE-S5.1 support face-to-face",DXF face separation 300 mm = section B 300,p.13 section D candidates: 400 | None,"[""P13-GB-EXTERIOR"", ""P13-GB-LT5M""]",CANDIDATE_DETAIL,3Ø14 | 3Ø16,3Ø14 | 3Ø16,3Ø14 | 3Ø16,2Ø12/30cm | None,Ø8,150 mm,BLOCKED_COMPONENT,BLOCKED_COMPONENT,BLOCKED_COMPONENT,True,BLOCKED_COMPONENT
GSO-7E7-7E8-2,GROUND_BEAM,untagged (p.13 typical sections),STIRRUP_COUNT,150 mm,READY_LOWER_BOUND,count >= ceil(clear span / spacing); first / last stirrup position not stated,True,True,"DXF GBP layer-1 face pair, clear between supports 3.525 m; support centreline 3.825 m; bar run: PRE-S5.1 support face-to-face",DXF face separation 300 mm = section B 300,p.13 section D candidates: 400 | None,"[""P13-GB-EXTERIOR"", ""P13-GB-LT5M""]",CANDIDATE_DETAIL,3Ø14 | 3Ø16,3Ø14 | 3Ø16,3Ø14 | 3Ø16,2Ø12/30cm | None,Ø8,150 mm,BLOCKED_COMPONENT,BLOCKED_COMPONENT,BLOCKED_COMPONENT,True,BLOCKED_COMPONENT
GSO-7E7-7E8-2,GROUND_BEAM,untagged (p.13 typical sections),HOOK_1,,BLOCKED_COMPONENT,hook angle / extension: NO_PROJECT_SOURCE (engineer / code decision; never verified),False,False,"DXF GBP layer-1 face pair, clear between supports 3.525 m; support centreline 3.825 m; bar run: PRE-S5.1 support face-to-face",DXF face separation 300 mm = section B 300,p.13 section D candidates: 400 | None,"[""P13-GB-EXTERIOR"", ""P13-GB-LT5M""]",CANDIDATE_DETAIL,3Ø14 | 3Ø16,3Ø14 | 3Ø16,3Ø14 | 3Ø16,2Ø12/30cm | None,Ø8,150 mm,BLOCKED_COMPONENT,BLOCKED_COMPONENT,BLOCKED_COMPONENT,True,BLOCKED_COMPONENT
GSO-7E7-7E8-2,GROUND_BEAM,untagged (p.13 typical sections),HOOK_2,,BLOCKED_COMPONENT,hook angle / extension: NO_PROJECT_SOURCE (engineer / code decision; never verified),False,False,"DXF GBP layer-1 face pair, clear between supports 3.525 m; support centreline 3.825 m; bar run: PRE-S5.1 support face-to-face",DXF face separation 300 mm = section B 300,p.13 section D candidates: 400 | None,"[""P13-GB-EXTERIOR"", ""P13-GB-LT5M""]",CANDIDATE_DETAIL,3Ø14 | 3Ø16,3Ø14 | 3Ø16,3Ø14 | 3Ø16,2Ø12/30cm | None,Ø8,150 mm,BLOCKED_COMPONENT,BLOCKED_COMPONENT,BLOCKED_COMPONENT,True,BLOCKED_COMPONENT
GSO-7E7-7E8-2,GROUND_BEAM,untagged (p.13 typical sections),END_ZONE_EXTRA,,NOT_APPLICABLE,the section prints one uniform spacing; no end-zone callout,False,False,"DXF GBP layer-1 face pair, clear between supports 3.525 m; support centreline 3.825 m; bar run: PRE-S5.1 support face-to-face",DXF face separation 300 mm = section B 300,p.13 section D candidates: 400 | None,"[""P13-GB-EXTERIOR"", ""P13-GB-LT5M""]",CANDIDATE_DETAIL,3Ø14 | 3Ø16,3Ø14 | 3Ø16,3Ø14 | 3Ø16,2Ø12/30cm | None,Ø8,150 mm,BLOCKED_COMPONENT,BLOCKED_COMPONENT,BLOCKED_COMPONENT,True,BLOCKED_COMPONENT
GSO-7E7-7E8-2,GROUND_BEAM,untagged (p.13 typical sections),END_TREATMENT,,BLOCKED_COMPONENT,bar ends at the supports are not detailed,False,False,"DXF GBP layer-1 face pair, clear between supports 3.525 m; support centreline 3.825 m; bar run: PRE-S5.1 support face-to-face",DXF face separation 300 mm = section B 300,p.13 section D candidates: 400 | None,"[""P13-GB-EXTERIOR"", ""P13-GB-LT5M""]",CANDIDATE_DETAIL,3Ø14 | 3Ø16,3Ø14 | 3Ø16,3Ø14 | 3Ø16,2Ø12/30cm | None,Ø8,150 mm,BLOCKED_COMPONENT,BLOCKED_COMPONENT,BLOCKED_COMPONENT,True,BLOCKED_COMPONENT
GSO-7E7-7E8-2,GROUND_BEAM,untagged (p.13 typical sections),DEVELOPMENT_INTO_SUPPORT_1,,BLOCKED_COMPONENT,no beam-end anchorage rule in the project source (DEVELOPMENT_STARTER_70D_40D is 'development / tie length of starter bars only' only),False,False,"DXF GBP layer-1 face pair, clear between supports 3.525 m; support centreline 3.825 m; bar run: PRE-S5.1 support face-to-face",DXF face separation 300 mm = section B 300,p.13 section D candidates: 400 | None,"[""P13-GB-EXTERIOR"", ""P13-GB-LT5M""]",CANDIDATE_DETAIL,3Ø14 | 3Ø16,3Ø14 | 3Ø16,3Ø14 | 3Ø16,2Ø12/30cm | None,Ø8,150 mm,BLOCKED_COMPONENT,BLOCKED_COMPONENT,BLOCKED_COMPONENT,True,BLOCKED_COMPONENT
GSO-7E7-7E8-2,GROUND_BEAM,untagged (p.13 typical sections),DEVELOPMENT_INTO_SUPPORT_2,,BLOCKED_COMPONENT,no beam-end anchorage rule in the project source (DEVELOPMENT_STARTER_70D_40D is 'development / tie length of starter bars only' only),False,False,"DXF GBP layer-1 face pair, clear between supports 3.525 m; support centreline 3.825 m; bar run: PRE-S5.1 support face-to-face",DXF face separation 300 mm = section B 300,p.13 section D candidates: 400 | None,"[""P13-GB-EXTERIOR"", ""P13-GB-LT5M""]",CANDIDATE_DETAIL,3Ø14 | 3Ø16,3Ø14 | 3Ø16,3Ø14 | 3Ø16,2Ø12/30cm | None,Ø8,150 mm,BLOCKED_COMPONENT,BLOCKED_COMPONENT,BLOCKED_COMPONENT,True,BLOCKED_COMPONENT
GSO-7E7-7E8-2,GROUND_BEAM,untagged (p.13 typical sections),LAP,,NOT_APPLICABLE,net measurement: laps are a procurement matter (BBS firewall),False,False,"DXF GBP layer-1 face pair, clear between supports 3.525 m; support centreline 3.825 m; bar run: PRE-S5.1 support face-to-face",DXF face separation 300 mm = section B 300,p.13 section D candidates: 400 | None,"[""P13-GB-EXTERIOR"", ""P13-GB-LT5M""]",CANDIDATE_DETAIL,3Ø14 | 3Ø16,3Ø14 | 3Ø16,3Ø14 | 3Ø16,2Ø12/30cm | None,Ø8,150 mm,BLOCKED_COMPONENT,BLOCKED_COMPONENT,BLOCKED_COMPONENT,True,BLOCKED_COMPONENT
GSO-7E9-7EA-1,GROUND_BEAM,untagged (p.13 typical sections),TOP_MAIN,3Ø14,READY_LOWER_BOUND,"straight run: support face-to-face, derived per span in PRE-S5.1 (research/pre_s5_1_source_resolution, no numerical-minimum shortcut); development / end anchorage not source-established",False,True,"DXF GBP layer-1 face pair, clear between supports 4.225 m; support centreline 4.525 m; bar run: PRE-S5.1 support face-to-face",DXF face separation 300 mm = section B 300,p.13 section D candidates: 400,"[""P13-GB-LT5M""]",EXPLICIT_LENGTH_CONDITION,3Ø14,3Ø14,3Ø14,,Ø8,150 mm,PROVISIONAL_ONLY,BLOCKED_COMPONENT,BLOCKED_COMPONENT,True,READY_LOWER_BOUND
GSO-7E9-7EA-1,GROUND_BEAM,untagged (p.13 typical sections),BOTTOM_ROW_1,3Ø14,READY_LOWER_BOUND,"straight run: support face-to-face, derived per span in PRE-S5.1 (research/pre_s5_1_source_resolution, no numerical-minimum shortcut); development / end anchorage not source-established",False,True,"DXF GBP layer-1 face pair, clear between supports 4.225 m; support centreline 4.525 m; bar run: PRE-S5.1 support face-to-face",DXF face separation 300 mm = section B 300,p.13 section D candidates: 400,"[""P13-GB-LT5M""]",EXPLICIT_LENGTH_CONDITION,3Ø14,3Ø14,3Ø14,,Ø8,150 mm,PROVISIONAL_ONLY,BLOCKED_COMPONENT,BLOCKED_COMPONENT,True,READY_LOWER_BOUND
GSO-7E9-7EA-1,GROUND_BEAM,untagged (p.13 typical sections),BOTTOM_ROW_2,3Ø14,READY_LOWER_BOUND,"straight run: support face-to-face, derived per span in PRE-S5.1 (research/pre_s5_1_source_resolution, no numerical-minimum shortcut); development / end anchorage not source-established",False,True,"DXF GBP layer-1 face pair, clear between supports 4.225 m; support centreline 4.525 m; bar run: PRE-S5.1 support face-to-face",DXF face separation 300 mm = section B 300,p.13 section D candidates: 400,"[""P13-GB-LT5M""]",EXPLICIT_LENGTH_CONDITION,3Ø14,3Ø14,3Ø14,,Ø8,150 mm,PROVISIONAL_ONLY,BLOCKED_COMPONENT,BLOCKED_COMPONENT,True,READY_LOWER_BOUND
GSO-7E9-7EA-1,GROUND_BEAM,untagged (p.13 typical sections),SIDE_BARS,,NOT_APPLICABLE,the candidate section(s) carry no side bars,False,False,"DXF GBP layer-1 face pair, clear between supports 4.225 m; support centreline 4.525 m; bar run: PRE-S5.1 support face-to-face",DXF face separation 300 mm = section B 300,p.13 section D candidates: 400,"[""P13-GB-LT5M""]",EXPLICIT_LENGTH_CONDITION,3Ø14,3Ø14,3Ø14,,Ø8,150 mm,PROVISIONAL_ONLY,BLOCKED_COMPONENT,BLOCKED_COMPONENT,True,READY_LOWER_BOUND
GSO-7E9-7EA-1,GROUND_BEAM,untagged (p.13 typical sections),STIRRUP_DIAMETER,Ø8,READY,typical section callout,False,True,"DXF GBP layer-1 face pair, clear between supports 4.225 m; support centreline 4.525 m; bar run: PRE-S5.1 support face-to-face",DXF face separation 300 mm = section B 300,p.13 section D candidates: 400,"[""P13-GB-LT5M""]",EXPLICIT_LENGTH_CONDITION,3Ø14,3Ø14,3Ø14,,Ø8,150 mm,PROVISIONAL_ONLY,BLOCKED_COMPONENT,BLOCKED_COMPONENT,True,READY_LOWER_BOUND
GSO-7E9-7EA-1,GROUND_BEAM,untagged (p.13 typical sections),STIRRUP_RATE,150 mm,READY,typical section callout,False,True,"DXF GBP layer-1 face pair, clear between supports 4.225 m; support centreline 4.525 m; bar run: PRE-S5.1 support face-to-face",DXF face separation 300 mm = section B 300,p.13 section D candidates: 400,"[""P13-GB-LT5M""]",EXPLICIT_LENGTH_CONDITION,3Ø14,3Ø14,3Ø14,,Ø8,150 mm,PROVISIONAL_ONLY,BLOCKED_COMPONENT,BLOCKED_COMPONENT,True,READY_LOWER_BOUND
GSO-7E9-7EA-1,GROUND_BEAM,untagged (p.13 typical sections),STIRRUP_CORE_PATH,"300x400, cover 70 (soil)",PROVISIONAL_ONLY,"B, D and the 70 mm soil cover are source-established; the closed single link is drawn in the typical section but its topology is not a verified facet",False,False,"DXF GBP layer-1 face pair, clear between supports 4.225 m; support centreline 4.525 m; bar run: PRE-S5.1 support face-to-face",DXF face separation 300 mm = section B 300,p.13 section D candidates: 400,"[""P13-GB-LT5M""]",EXPLICIT_LENGTH_CONDITION,3Ø14,3Ø14,3Ø14,,Ø8,150 mm,PROVISIONAL_ONLY,BLOCKED_COMPONENT,BLOCKED_COMPONENT,True,READY_LOWER_BOUND
GSO-7E9-7EA-1,GROUND_BEAM,untagged (p.13 typical sections),STIRRUP_COUNT,150 mm,READY_LOWER_BOUND,count >= ceil(clear span / spacing); first / last stirrup position not stated,False,True,"DXF GBP layer-1 face pair, clear between supports 4.225 m; support centreline 4.525 m; bar run: PRE-S5.1 support face-to-face",DXF face separation 300 mm = section B 300,p.13 section D candidates: 400,"[""P13-GB-LT5M""]",EXPLICIT_LENGTH_CONDITION,3Ø14,3Ø14,3Ø14,,Ø8,150 mm,PROVISIONAL_ONLY,BLOCKED_COMPONENT,BLOCKED_COMPONENT,True,READY_LOWER_BOUND
GSO-7E9-7EA-1,GROUND_BEAM,untagged (p.13 typical sections),HOOK_1,,BLOCKED_COMPONENT,hook angle / extension: NO_PROJECT_SOURCE (engineer / code decision; never verified),False,False,"DXF GBP layer-1 face pair, clear between supports 4.225 m; support centreline 4.525 m; bar run: PRE-S5.1 support face-to-face",DXF face separation 300 mm = section B 300,p.13 section D candidates: 400,"[""P13-GB-LT5M""]",EXPLICIT_LENGTH_CONDITION,3Ø14,3Ø14,3Ø14,,Ø8,150 mm,PROVISIONAL_ONLY,BLOCKED_COMPONENT,BLOCKED_COMPONENT,True,READY_LOWER_BOUND
GSO-7E9-7EA-1,GROUND_BEAM,untagged (p.13 typical sections),HOOK_2,,BLOCKED_COMPONENT,hook angle / extension: NO_PROJECT_SOURCE (engineer / code decision; never verified),False,False,"DXF GBP layer-1 face pair, clear between supports 4.225 m; support centreline 4.525 m; bar run: PRE-S5.1 support face-to-face",DXF face separation 300 mm = section B 300,p.13 section D candidates: 400,"[""P13-GB-LT5M""]",EXPLICIT_LENGTH_CONDITION,3Ø14,3Ø14,3Ø14,,Ø8,150 mm,PROVISIONAL_ONLY,BLOCKED_COMPONENT,BLOCKED_COMPONENT,True,READY_LOWER_BOUND
GSO-7E9-7EA-1,GROUND_BEAM,untagged (p.13 typical sections),END_ZONE_EXTRA,,NOT_APPLICABLE,the section prints one uniform spacing; no end-zone callout,False,False,"DXF GBP layer-1 face pair, clear between supports 4.225 m; support centreline 4.525 m; bar run: PRE-S5.1 support face-to-face",DXF face separation 300 mm = section B 300,p.13 section D candidates: 400,"[""P13-GB-LT5M""]",EXPLICIT_LENGTH_CONDITION,3Ø14,3Ø14,3Ø14,,Ø8,150 mm,PROVISIONAL_ONLY,BLOCKED_COMPONENT,BLOCKED_COMPONENT,True,READY_LOWER_BOUND
GSO-7E9-7EA-1,GROUND_BEAM,untagged (p.13 typical sections),END_TREATMENT,,BLOCKED_COMPONENT,bar ends at the supports are not detailed,False,False,"DXF GBP layer-1 face pair, clear between supports 4.225 m; support centreline 4.525 m; bar run: PRE-S5.1 support face-to-face",DXF face separation 300 mm = section B 300,p.13 section D candidates: 400,"[""P13-GB-LT5M""]",EXPLICIT_LENGTH_CONDITION,3Ø14,3Ø14,3Ø14,,Ø8,150 mm,PROVISIONAL_ONLY,BLOCKED_COMPONENT,BLOCKED_COMPONENT,True,READY_LOWER_BOUND
GSO-7E9-7EA-1,GROUND_BEAM,untagged (p.13 typical sections),DEVELOPMENT_INTO_SUPPORT_1,,BLOCKED_COMPONENT,no beam-end anchorage rule in the project source (DEVELOPMENT_STARTER_70D_40D is 'development / tie length of starter bars only' only),False,False,"DXF GBP layer-1 face pair, clear between supports 4.225 m; support centreline 4.525 m; bar run: PRE-S5.1 support face-to-face",DXF face separation 300 mm = section B 300,p.13 section D candidates: 400,"[""P13-GB-LT5M""]",EXPLICIT_LENGTH_CONDITION,3Ø14,3Ø14,3Ø14,,Ø8,150 mm,PROVISIONAL_ONLY,BLOCKED_COMPONENT,BLOCKED_COMPONENT,True,READY_LOWER_BOUND
GSO-7E9-7EA-1,GROUND_BEAM,untagged (p.13 typical sections),DEVELOPMENT_INTO_SUPPORT_2,,BLOCKED_COMPONENT,no beam-end anchorage rule in the project source (DEVELOPMENT_STARTER_70D_40D is 'development / tie length of starter bars only' only),False,False,"DXF GBP layer-1 face pair, clear between supports 4.225 m; support centreline 4.525 m; bar run: PRE-S5.1 support face-to-face",DXF face separation 300 mm = section B 300,p.13 section D candidates: 400,"[""P13-GB-LT5M""]",EXPLICIT_LENGTH_CONDITION,3Ø14,3Ø14,3Ø14,,Ø8,150 mm,PROVISIONAL_ONLY,BLOCKED_COMPONENT,BLOCKED_COMPONENT,True,READY_LOWER_BOUND
GSO-7E9-7EA-1,GROUND_BEAM,untagged (p.13 typical sections),LAP,,NOT_APPLICABLE,net measurement: laps are a procurement matter (BBS firewall),False,False,"DXF GBP layer-1 face pair, clear between supports 4.225 m; support centreline 4.525 m; bar run: PRE-S5.1 support face-to-face",DXF face separation 300 mm = section B 300,p.13 section D candidates: 400,"[""P13-GB-LT5M""]",EXPLICIT_LENGTH_CONDITION,3Ø14,3Ø14,3Ø14,,Ø8,150 mm,PROVISIONAL_ONLY,BLOCKED_COMPONENT,BLOCKED_COMPONENT,True,READY_LOWER_BOUND
GSO-A-139-13A-1,GROUND_BEAM_CURVED,untagged (p.13 typical sections),TOP_MAIN,3Ø14 | 3Ø16,BLOCKED_COMPONENT,candidate details disagree: P13-GB-EXTERIOR 3Ø16; P13-GB-LT2_5M 3Ø14; P13-GB-LT5M 3Ø14,False,False,"DXF GBP layer-1 face pair, clear between supports 1.806 m; bar run: PRE-S5.1 support face-to-face",DXF face separation 300 mm = section B 300,p.13 section D candidates: 300 | 400 | None,"[""P13-GB-EXTERIOR"", ""P13-GB-LT2_5M"", ""P13-GB-LT5M""]",CANDIDATE_DETAIL,3Ø14 | 3Ø16,3Ø14 | 3Ø16,3Ø14 | 3Ø16,2Ø12/30cm | None | None,"(8, 150) | (8, 150) | None","(8, 150) | (8, 150) | None",BLOCKED_COMPONENT,BLOCKED_COMPONENT,BLOCKED_COMPONENT,True,BLOCKED_COMPONENT
GSO-A-139-13A-1,GROUND_BEAM_CURVED,untagged (p.13 typical sections),BOTTOM_ROW_1,3Ø14 | 3Ø16,BLOCKED_COMPONENT,candidate details disagree: P13-GB-EXTERIOR 3Ø16; P13-GB-LT2_5M 3Ø14; P13-GB-LT5M 3Ø14,False,False,"DXF GBP layer-1 face pair, clear between supports 1.806 m; bar run: PRE-S5.1 support face-to-face",DXF face separation 300 mm = section B 300,p.13 section D candidates: 300 | 400 | None,"[""P13-GB-EXTERIOR"", ""P13-GB-LT2_5M"", ""P13-GB-LT5M""]",CANDIDATE_DETAIL,3Ø14 | 3Ø16,3Ø14 | 3Ø16,3Ø14 | 3Ø16,2Ø12/30cm | None | None,"(8, 150) | (8, 150) | None","(8, 150) | (8, 150) | None",BLOCKED_COMPONENT,BLOCKED_COMPONENT,BLOCKED_COMPONENT,True,BLOCKED_COMPONENT
GSO-A-139-13A-1,GROUND_BEAM_CURVED,untagged (p.13 typical sections),BOTTOM_ROW_2,3Ø14 | 3Ø16,BLOCKED_COMPONENT,candidate details disagree: P13-GB-EXTERIOR 3Ø16; P13-GB-LT2_5M 3Ø14; P13-GB-LT5M 3Ø14,False,False,"DXF GBP layer-1 face pair, clear between supports 1.806 m; bar run: PRE-S5.1 support face-to-face",DXF face separation 300 mm = section B 300,p.13 section D candidates: 300 | 400 | None,"[""P13-GB-EXTERIOR"", ""P13-GB-LT2_5M"", ""P13-GB-LT5M""]",CANDIDATE_DETAIL,3Ø14 | 3Ø16,3Ø14 | 3Ø16,3Ø14 | 3Ø16,2Ø12/30cm | None | None,"(8, 150) | (8, 150) | None","(8, 150) | (8, 150) | None",BLOCKED_COMPONENT,BLOCKED_COMPONENT,BLOCKED_COMPONENT,True,BLOCKED_COMPONENT
GSO-A-139-13A-1,GROUND_BEAM_CURVED,untagged (p.13 typical sections),SIDE_BARS,2Ø12/30cm | None | None,BLOCKED_COMPONENT,side bars 2Ø12 per 30 cm of depth; depth FOLLOW ARCH. not printed; other candidates have none,False,False,"DXF GBP layer-1 face pair, clear between supports 1.806 m; bar run: PRE-S5.1 support face-to-face",DXF face separation 300 mm = section B 300,p.13 section D candidates: 300 | 400 | None,"[""P13-GB-EXTERIOR"", ""P13-GB-LT2_5M"", ""P13-GB-LT5M""]",CANDIDATE_DETAIL,3Ø14 | 3Ø16,3Ø14 | 3Ø16,3Ø14 | 3Ø16,2Ø12/30cm | None | None,"(8, 150) | (8, 150) | None","(8, 150) | (8, 150) | None",BLOCKED_COMPONENT,BLOCKED_COMPONENT,BLOCKED_COMPONENT,True,BLOCKED_COMPONENT
GSO-A-139-13A-1,GROUND_BEAM_CURVED,untagged (p.13 typical sections),STIRRUP_DIAMETER,"(8, 150) | (8, 150) | None",BLOCKED_COMPONENT,a candidate section draws a stirrup with no size / spacing callout,False,False,"DXF GBP layer-1 face pair, clear between supports 1.806 m; bar run: PRE-S5.1 support face-to-face",DXF face separation 300 mm = section B 300,p.13 section D candidates: 300 | 400 | None,"[""P13-GB-EXTERIOR"", ""P13-GB-LT2_5M"", ""P13-GB-LT5M""]",CANDIDATE_DETAIL,3Ø14 | 3Ø16,3Ø14 | 3Ø16,3Ø14 | 3Ø16,2Ø12/30cm | None | None,"(8, 150) | (8, 150) | None","(8, 150) | (8, 150) | None",BLOCKED_COMPONENT,BLOCKED_COMPONENT,BLOCKED_COMPONENT,True,BLOCKED_COMPONENT
GSO-A-139-13A-1,GROUND_BEAM_CURVED,untagged (p.13 typical sections),STIRRUP_RATE,"(8, 150) | (8, 150) | None",BLOCKED_COMPONENT,a candidate section draws a stirrup with no size / spacing callout,False,False,"DXF GBP layer-1 face pair, clear between supports 1.806 m; bar run: PRE-S5.1 support face-to-face",DXF face separation 300 mm = section B 300,p.13 section D candidates: 300 | 400 | None,"[""P13-GB-EXTERIOR"", ""P13-GB-LT2_5M"", ""P13-GB-LT5M""]",CANDIDATE_DETAIL,3Ø14 | 3Ø16,3Ø14 | 3Ø16,3Ø14 | 3Ø16,2Ø12/30cm | None | None,"(8, 150) | (8, 150) | None","(8, 150) | (8, 150) | None",BLOCKED_COMPONENT,BLOCKED_COMPONENT,BLOCKED_COMPONENT,True,BLOCKED_COMPONENT
GSO-A-139-13A-1,GROUND_BEAM_CURVED,untagged (p.13 typical sections),STIRRUP_CORE_PATH,D = FOLLOW ARCH.,BLOCKED_COMPONENT,section depth not printed (FOLLOW ARCH.),False,False,"DXF GBP layer-1 face pair, clear between supports 1.806 m; bar run: PRE-S5.1 support face-to-face",DXF face separation 300 mm = section B 300,p.13 section D candidates: 300 | 400 | None,"[""P13-GB-EXTERIOR"", ""P13-GB-LT2_5M"", ""P13-GB-LT5M""]",CANDIDATE_DETAIL,3Ø14 | 3Ø16,3Ø14 | 3Ø16,3Ø14 | 3Ø16,2Ø12/30cm | None | None,"(8, 150) | (8, 150) | None","(8, 150) | (8, 150) | None",BLOCKED_COMPONENT,BLOCKED_COMPONENT,BLOCKED_COMPONENT,True,BLOCKED_COMPONENT
GSO-A-139-13A-1,GROUND_BEAM_CURVED,untagged (p.13 typical sections),STIRRUP_COUNT,,BLOCKED_COMPONENT,spacing not established,False,False,"DXF GBP layer-1 face pair, clear between supports 1.806 m; bar run: PRE-S5.1 support face-to-face",DXF face separation 300 mm = section B 300,p.13 section D candidates: 300 | 400 | None,"[""P13-GB-EXTERIOR"", ""P13-GB-LT2_5M"", ""P13-GB-LT5M""]",CANDIDATE_DETAIL,3Ø14 | 3Ø16,3Ø14 | 3Ø16,3Ø14 | 3Ø16,2Ø12/30cm | None | None,"(8, 150) | (8, 150) | None","(8, 150) | (8, 150) | None",BLOCKED_COMPONENT,BLOCKED_COMPONENT,BLOCKED_COMPONENT,True,BLOCKED_COMPONENT
GSO-A-139-13A-1,GROUND_BEAM_CURVED,untagged (p.13 typical sections),HOOK_1,,BLOCKED_COMPONENT,hook angle / extension: NO_PROJECT_SOURCE (engineer / code decision; never verified),False,False,"DXF GBP layer-1 face pair, clear between supports 1.806 m; bar run: PRE-S5.1 support face-to-face",DXF face separation 300 mm = section B 300,p.13 section D candidates: 300 | 400 | None,"[""P13-GB-EXTERIOR"", ""P13-GB-LT2_5M"", ""P13-GB-LT5M""]",CANDIDATE_DETAIL,3Ø14 | 3Ø16,3Ø14 | 3Ø16,3Ø14 | 3Ø16,2Ø12/30cm | None | None,"(8, 150) | (8, 150) | None","(8, 150) | (8, 150) | None",BLOCKED_COMPONENT,BLOCKED_COMPONENT,BLOCKED_COMPONENT,True,BLOCKED_COMPONENT
GSO-A-139-13A-1,GROUND_BEAM_CURVED,untagged (p.13 typical sections),HOOK_2,,BLOCKED_COMPONENT,hook angle / extension: NO_PROJECT_SOURCE (engineer / code decision; never verified),False,False,"DXF GBP layer-1 face pair, clear between supports 1.806 m; bar run: PRE-S5.1 support face-to-face",DXF face separation 300 mm = section B 300,p.13 section D candidates: 300 | 400 | None,"[""P13-GB-EXTERIOR"", ""P13-GB-LT2_5M"", ""P13-GB-LT5M""]",CANDIDATE_DETAIL,3Ø14 | 3Ø16,3Ø14 | 3Ø16,3Ø14 | 3Ø16,2Ø12/30cm | None | None,"(8, 150) | (8, 150) | None","(8, 150) | (8, 150) | None",BLOCKED_COMPONENT,BLOCKED_COMPONENT,BLOCKED_COMPONENT,True,BLOCKED_COMPONENT
GSO-A-139-13A-1,GROUND_BEAM_CURVED,untagged (p.13 typical sections),END_ZONE_EXTRA,,NOT_APPLICABLE,the section prints one uniform spacing; no end-zone callout,False,False,"DXF GBP layer-1 face pair, clear between supports 1.806 m; bar run: PRE-S5.1 support face-to-face",DXF face separation 300 mm = section B 300,p.13 section D candidates: 300 | 400 | None,"[""P13-GB-EXTERIOR"", ""P13-GB-LT2_5M"", ""P13-GB-LT5M""]",CANDIDATE_DETAIL,3Ø14 | 3Ø16,3Ø14 | 3Ø16,3Ø14 | 3Ø16,2Ø12/30cm | None | None,"(8, 150) | (8, 150) | None","(8, 150) | (8, 150) | None",BLOCKED_COMPONENT,BLOCKED_COMPONENT,BLOCKED_COMPONENT,True,BLOCKED_COMPONENT
GSO-A-139-13A-1,GROUND_BEAM_CURVED,untagged (p.13 typical sections),END_TREATMENT,,BLOCKED_COMPONENT,bar ends at the supports are not detailed,False,False,"DXF GBP layer-1 face pair, clear between supports 1.806 m; bar run: PRE-S5.1 support face-to-face",DXF face separation 300 mm = section B 300,p.13 section D candidates: 300 | 400 | None,"[""P13-GB-EXTERIOR"", ""P13-GB-LT2_5M"", ""P13-GB-LT5M""]",CANDIDATE_DETAIL,3Ø14 | 3Ø16,3Ø14 | 3Ø16,3Ø14 | 3Ø16,2Ø12/30cm | None | None,"(8, 150) | (8, 150) | None","(8, 150) | (8, 150) | None",BLOCKED_COMPONENT,BLOCKED_COMPONENT,BLOCKED_COMPONENT,True,BLOCKED_COMPONENT
GSO-A-139-13A-1,GROUND_BEAM_CURVED,untagged (p.13 typical sections),DEVELOPMENT_INTO_SUPPORT_1,,BLOCKED_COMPONENT,no beam-end anchorage rule in the project source (DEVELOPMENT_STARTER_70D_40D is 'development / tie length of starter bars only' only),False,False,"DXF GBP layer-1 face pair, clear between supports 1.806 m; bar run: PRE-S5.1 support face-to-face",DXF face separation 300 mm = section B 300,p.13 section D candidates: 300 | 400 | None,"[""P13-GB-EXTERIOR"", ""P13-GB-LT2_5M"", ""P13-GB-LT5M""]",CANDIDATE_DETAIL,3Ø14 | 3Ø16,3Ø14 | 3Ø16,3Ø14 | 3Ø16,2Ø12/30cm | None | None,"(8, 150) | (8, 150) | None","(8, 150) | (8, 150) | None",BLOCKED_COMPONENT,BLOCKED_COMPONENT,BLOCKED_COMPONENT,True,BLOCKED_COMPONENT
GSO-A-139-13A-1,GROUND_BEAM_CURVED,untagged (p.13 typical sections),DEVELOPMENT_INTO_SUPPORT_2,,BLOCKED_COMPONENT,no beam-end anchorage rule in the project source (DEVELOPMENT_STARTER_70D_40D is 'development / tie length of starter bars only' only),False,False,"DXF GBP layer-1 face pair, clear between supports 1.806 m; bar run: PRE-S5.1 support face-to-face",DXF face separation 300 mm = section B 300,p.13 section D candidates: 300 | 400 | None,"[""P13-GB-EXTERIOR"", ""P13-GB-LT2_5M"", ""P13-GB-LT5M""]",CANDIDATE_DETAIL,3Ø14 | 3Ø16,3Ø14 | 3Ø16,3Ø14 | 3Ø16,2Ø12/30cm | None | None,"(8, 150) | (8, 150) | None","(8, 150) | (8, 150) | None",BLOCKED_COMPONENT,BLOCKED_COMPONENT,BLOCKED_COMPONENT,True,BLOCKED_COMPONENT
GSO-A-139-13A-1,GROUND_BEAM_CURVED,untagged (p.13 typical sections),LAP,,NOT_APPLICABLE,net measurement: laps are a procurement matter (BBS firewall),False,False,"DXF GBP layer-1 face pair, clear between supports 1.806 m; bar run: PRE-S5.1 support face-to-face",DXF face separation 300 mm = section B 300,p.13 section D candidates: 300 | 400 | None,"[""P13-GB-EXTERIOR"", ""P13-GB-LT2_5M"", ""P13-GB-LT5M""]",CANDIDATE_DETAIL,3Ø14 | 3Ø16,3Ø14 | 3Ø16,3Ø14 | 3Ø16,2Ø12/30cm | None | None,"(8, 150) | (8, 150) | None","(8, 150) | (8, 150) | None",BLOCKED_COMPONENT,BLOCKED_COMPONENT,BLOCKED_COMPONENT,True,BLOCKED_COMPONENT
GSO-A-157-158-1,GROUND_BEAM_CURVED,untagged (p.13 typical sections),TOP_MAIN,3Ø16,READY_LOWER_BOUND,"straight run: support face-to-face, derived per span in PRE-S5.1 (research/pre_s5_1_source_resolution, no numerical-minimum shortcut); development / end anchorage not source-established",False,True,"DXF GBP layer-1 face pair, clear between supports 5.878 m; bar run: PRE-S5.1 support face-to-face",DXF face separation 300 mm = section B 300,FOLLOW ARCH. (not printed),"[""P13-GB-EXTERIOR""]",PROJECT_GENERAL_DETAIL,3Ø16,3Ø16,3Ø16,2Ø12/30cm,Ø8,150 mm,BLOCKED_COMPONENT,BLOCKED_COMPONENT,BLOCKED_COMPONENT,True,READY_LOWER_BOUND
GSO-A-157-158-1,GROUND_BEAM_CURVED,untagged (p.13 typical sections),BOTTOM_ROW_1,3Ø16,READY_LOWER_BOUND,"straight run: support face-to-face, derived per span in PRE-S5.1 (research/pre_s5_1_source_resolution, no numerical-minimum shortcut); development / end anchorage not source-established",False,True,"DXF GBP layer-1 face pair, clear between supports 5.878 m; bar run: PRE-S5.1 support face-to-face",DXF face separation 300 mm = section B 300,FOLLOW ARCH. (not printed),"[""P13-GB-EXTERIOR""]",PROJECT_GENERAL_DETAIL,3Ø16,3Ø16,3Ø16,2Ø12/30cm,Ø8,150 mm,BLOCKED_COMPONENT,BLOCKED_COMPONENT,BLOCKED_COMPONENT,True,READY_LOWER_BOUND
GSO-A-157-158-1,GROUND_BEAM_CURVED,untagged (p.13 typical sections),BOTTOM_ROW_2,3Ø16,READY_LOWER_BOUND,"straight run: support face-to-face, derived per span in PRE-S5.1 (research/pre_s5_1_source_resolution, no numerical-minimum shortcut); development / end anchorage not source-established",False,True,"DXF GBP layer-1 face pair, clear between supports 5.878 m; bar run: PRE-S5.1 support face-to-face",DXF face separation 300 mm = section B 300,FOLLOW ARCH. (not printed),"[""P13-GB-EXTERIOR""]",PROJECT_GENERAL_DETAIL,3Ø16,3Ø16,3Ø16,2Ø12/30cm,Ø8,150 mm,BLOCKED_COMPONENT,BLOCKED_COMPONENT,BLOCKED_COMPONENT,True,READY_LOWER_BOUND
GSO-A-157-158-1,GROUND_BEAM_CURVED,untagged (p.13 typical sections),SIDE_BARS,2Ø12/30cm,BLOCKED_COMPONENT,side bars 2Ø12 per 30 cm of depth; depth FOLLOW ARCH. not printed,False,False,"DXF GBP layer-1 face pair, clear between supports 5.878 m; bar run: PRE-S5.1 support face-to-face",DXF face separation 300 mm = section B 300,FOLLOW ARCH. (not printed),"[""P13-GB-EXTERIOR""]",PROJECT_GENERAL_DETAIL,3Ø16,3Ø16,3Ø16,2Ø12/30cm,Ø8,150 mm,BLOCKED_COMPONENT,BLOCKED_COMPONENT,BLOCKED_COMPONENT,True,READY_LOWER_BOUND
GSO-A-157-158-1,GROUND_BEAM_CURVED,untagged (p.13 typical sections),STIRRUP_DIAMETER,Ø8,READY,typical section callout,False,True,"DXF GBP layer-1 face pair, clear between supports 5.878 m; bar run: PRE-S5.1 support face-to-face",DXF face separation 300 mm = section B 300,FOLLOW ARCH. (not printed),"[""P13-GB-EXTERIOR""]",PROJECT_GENERAL_DETAIL,3Ø16,3Ø16,3Ø16,2Ø12/30cm,Ø8,150 mm,BLOCKED_COMPONENT,BLOCKED_COMPONENT,BLOCKED_COMPONENT,True,READY_LOWER_BOUND
GSO-A-157-158-1,GROUND_BEAM_CURVED,untagged (p.13 typical sections),STIRRUP_RATE,150 mm,READY,typical section callout,False,True,"DXF GBP layer-1 face pair, clear between supports 5.878 m; bar run: PRE-S5.1 support face-to-face",DXF face separation 300 mm = section B 300,FOLLOW ARCH. (not printed),"[""P13-GB-EXTERIOR""]",PROJECT_GENERAL_DETAIL,3Ø16,3Ø16,3Ø16,2Ø12/30cm,Ø8,150 mm,BLOCKED_COMPONENT,BLOCKED_COMPONENT,BLOCKED_COMPONENT,True,READY_LOWER_BOUND
GSO-A-157-158-1,GROUND_BEAM_CURVED,untagged (p.13 typical sections),STIRRUP_CORE_PATH,D = FOLLOW ARCH.,BLOCKED_COMPONENT,section depth not printed (FOLLOW ARCH.),False,False,"DXF GBP layer-1 face pair, clear between supports 5.878 m; bar run: PRE-S5.1 support face-to-face",DXF face separation 300 mm = section B 300,FOLLOW ARCH. (not printed),"[""P13-GB-EXTERIOR""]",PROJECT_GENERAL_DETAIL,3Ø16,3Ø16,3Ø16,2Ø12/30cm,Ø8,150 mm,BLOCKED_COMPONENT,BLOCKED_COMPONENT,BLOCKED_COMPONENT,True,READY_LOWER_BOUND
GSO-A-157-158-1,GROUND_BEAM_CURVED,untagged (p.13 typical sections),STIRRUP_COUNT,150 mm,READY_LOWER_BOUND,count >= ceil(clear span / spacing); first / last stirrup position not stated,False,True,"DXF GBP layer-1 face pair, clear between supports 5.878 m; bar run: PRE-S5.1 support face-to-face",DXF face separation 300 mm = section B 300,FOLLOW ARCH. (not printed),"[""P13-GB-EXTERIOR""]",PROJECT_GENERAL_DETAIL,3Ø16,3Ø16,3Ø16,2Ø12/30cm,Ø8,150 mm,BLOCKED_COMPONENT,BLOCKED_COMPONENT,BLOCKED_COMPONENT,True,READY_LOWER_BOUND
GSO-A-157-158-1,GROUND_BEAM_CURVED,untagged (p.13 typical sections),HOOK_1,,BLOCKED_COMPONENT,hook angle / extension: NO_PROJECT_SOURCE (engineer / code decision; never verified),False,False,"DXF GBP layer-1 face pair, clear between supports 5.878 m; bar run: PRE-S5.1 support face-to-face",DXF face separation 300 mm = section B 300,FOLLOW ARCH. (not printed),"[""P13-GB-EXTERIOR""]",PROJECT_GENERAL_DETAIL,3Ø16,3Ø16,3Ø16,2Ø12/30cm,Ø8,150 mm,BLOCKED_COMPONENT,BLOCKED_COMPONENT,BLOCKED_COMPONENT,True,READY_LOWER_BOUND
GSO-A-157-158-1,GROUND_BEAM_CURVED,untagged (p.13 typical sections),HOOK_2,,BLOCKED_COMPONENT,hook angle / extension: NO_PROJECT_SOURCE (engineer / code decision; never verified),False,False,"DXF GBP layer-1 face pair, clear between supports 5.878 m; bar run: PRE-S5.1 support face-to-face",DXF face separation 300 mm = section B 300,FOLLOW ARCH. (not printed),"[""P13-GB-EXTERIOR""]",PROJECT_GENERAL_DETAIL,3Ø16,3Ø16,3Ø16,2Ø12/30cm,Ø8,150 mm,BLOCKED_COMPONENT,BLOCKED_COMPONENT,BLOCKED_COMPONENT,True,READY_LOWER_BOUND
GSO-A-157-158-1,GROUND_BEAM_CURVED,untagged (p.13 typical sections),END_ZONE_EXTRA,,NOT_APPLICABLE,the section prints one uniform spacing; no end-zone callout,False,False,"DXF GBP layer-1 face pair, clear between supports 5.878 m; bar run: PRE-S5.1 support face-to-face",DXF face separation 300 mm = section B 300,FOLLOW ARCH. (not printed),"[""P13-GB-EXTERIOR""]",PROJECT_GENERAL_DETAIL,3Ø16,3Ø16,3Ø16,2Ø12/30cm,Ø8,150 mm,BLOCKED_COMPONENT,BLOCKED_COMPONENT,BLOCKED_COMPONENT,True,READY_LOWER_BOUND
GSO-A-157-158-1,GROUND_BEAM_CURVED,untagged (p.13 typical sections),END_TREATMENT,,BLOCKED_COMPONENT,bar ends at the supports are not detailed,False,False,"DXF GBP layer-1 face pair, clear between supports 5.878 m; bar run: PRE-S5.1 support face-to-face",DXF face separation 300 mm = section B 300,FOLLOW ARCH. (not printed),"[""P13-GB-EXTERIOR""]",PROJECT_GENERAL_DETAIL,3Ø16,3Ø16,3Ø16,2Ø12/30cm,Ø8,150 mm,BLOCKED_COMPONENT,BLOCKED_COMPONENT,BLOCKED_COMPONENT,True,READY_LOWER_BOUND
GSO-A-157-158-1,GROUND_BEAM_CURVED,untagged (p.13 typical sections),DEVELOPMENT_INTO_SUPPORT_1,,BLOCKED_COMPONENT,no beam-end anchorage rule in the project source (DEVELOPMENT_STARTER_70D_40D is 'development / tie length of starter bars only' only),False,False,"DXF GBP layer-1 face pair, clear between supports 5.878 m; bar run: PRE-S5.1 support face-to-face",DXF face separation 300 mm = section B 300,FOLLOW ARCH. (not printed),"[""P13-GB-EXTERIOR""]",PROJECT_GENERAL_DETAIL,3Ø16,3Ø16,3Ø16,2Ø12/30cm,Ø8,150 mm,BLOCKED_COMPONENT,BLOCKED_COMPONENT,BLOCKED_COMPONENT,True,READY_LOWER_BOUND
GSO-A-157-158-1,GROUND_BEAM_CURVED,untagged (p.13 typical sections),DEVELOPMENT_INTO_SUPPORT_2,,BLOCKED_COMPONENT,no beam-end anchorage rule in the project source (DEVELOPMENT_STARTER_70D_40D is 'development / tie length of starter bars only' only),False,False,"DXF GBP layer-1 face pair, clear between supports 5.878 m; bar run: PRE-S5.1 support face-to-face",DXF face separation 300 mm = section B 300,FOLLOW ARCH. (not printed),"[""P13-GB-EXTERIOR""]",PROJECT_GENERAL_DETAIL,3Ø16,3Ø16,3Ø16,2Ø12/30cm,Ø8,150 mm,BLOCKED_COMPONENT,BLOCKED_COMPONENT,BLOCKED_COMPONENT,True,READY_LOWER_BOUND
GSO-A-157-158-1,GROUND_BEAM_CURVED,untagged (p.13 typical sections),LAP,,NOT_APPLICABLE,net measurement: laps are a procurement matter (BBS firewall),False,False,"DXF GBP layer-1 face pair, clear between supports 5.878 m; bar run: PRE-S5.1 support face-to-face",DXF face separation 300 mm = section B 300,FOLLOW ARCH. (not printed),"[""P13-GB-EXTERIOR""]",PROJECT_GENERAL_DETAIL,3Ø16,3Ø16,3Ø16,2Ø12/30cm,Ø8,150 mm,BLOCKED_COMPONENT,BLOCKED_COMPONENT,BLOCKED_COMPONENT,True,READY_LOWER_BOUND
SOCC-1689-1B1C,STRAP_BEAM,SB1,TOP_MAIN,13Ø18,READY_LOWER_BOUND,straight run >= the clear concrete length between footing faces; development into the footings not source-established,False,True,DXF FP strap faces; clear between footing faces 4.55 m; column c/c 7.6 m,SBT W [70.0] cm; drawn 700.0 mm,SBT H [50.0] cm,"[""SBT:1FB0""]",EXPLICIT_MARK_MATCH,13Ø18,7Ø16,,,Ø8,8/m,BLOCKED_COMPONENT,BLOCKED_COMPONENT,BLOCKED_COMPONENT,True,READY_LOWER_BOUND
SOCC-1689-1B1C,STRAP_BEAM,SB1,BOTTOM_ROW_1,7Ø16,READY_LOWER_BOUND,straight run >= the clear concrete length between footing faces; development into the footings not source-established; BOTTOM is one schedule total (row split not stated),False,True,DXF FP strap faces; clear between footing faces 4.55 m; column c/c 7.6 m,SBT W [70.0] cm; drawn 700.0 mm,SBT H [50.0] cm,"[""SBT:1FB0""]",EXPLICIT_MARK_MATCH,13Ø18,7Ø16,,,Ø8,8/m,BLOCKED_COMPONENT,BLOCKED_COMPONENT,BLOCKED_COMPONENT,True,READY_LOWER_BOUND
SOCC-1689-1B1C,STRAP_BEAM,SB1,BOTTOM_ROW_2,,NOT_APPLICABLE,the schedule gives one BOTTOM total; no second row is stated,False,False,DXF FP strap faces; clear between footing faces 4.55 m; column c/c 7.6 m,SBT W [70.0] cm; drawn 700.0 mm,SBT H [50.0] cm,"[""SBT:1FB0""]",EXPLICIT_MARK_MATCH,13Ø18,7Ø16,,,Ø8,8/m,BLOCKED_COMPONENT,BLOCKED_COMPONENT,BLOCKED_COMPONENT,True,READY_LOWER_BOUND
SOCC-1689-1B1C,STRAP_BEAM,SB1,SIDE_BARS,,NOT_APPLICABLE,p.8 note 21 applies to depth > 60 cm; schedule H = 50 cm,False,False,DXF FP strap faces; clear between footing faces 4.55 m; column c/c 7.6 m,SBT W [70.0] cm; drawn 700.0 mm,SBT H [50.0] cm,"[""SBT:1FB0""]",EXPLICIT_MARK_MATCH,13Ø18,7Ø16,,,Ø8,8/m,BLOCKED_COMPONENT,BLOCKED_COMPONENT,BLOCKED_COMPONENT,True,READY_LOWER_BOUND
SOCC-1689-1B1C,STRAP_BEAM,SB1,STIRRUP_DIAMETER,Ø8,READY,SBT D column,False,True,DXF FP strap faces; clear between footing faces 4.55 m; column c/c 7.6 m,SBT W [70.0] cm; drawn 700.0 mm,SBT H [50.0] cm,"[""SBT:1FB0""]",EXPLICIT_MARK_MATCH,13Ø18,7Ø16,,,Ø8,8/m,BLOCKED_COMPONENT,BLOCKED_COMPONENT,BLOCKED_COMPONENT,True,READY_LOWER_BOUND
SOCC-1689-1B1C,STRAP_BEAM,SB1,STIRRUP_RATE,8/m,READY,SBT STI-B under the 'STIRRUPS/m' header,False,True,DXF FP strap faces; clear between footing faces 4.55 m; column c/c 7.6 m,SBT W [70.0] cm; drawn 700.0 mm,SBT H [50.0] cm,"[""SBT:1FB0""]",EXPLICIT_MARK_MATCH,13Ø18,7Ø16,,,Ø8,8/m,BLOCKED_COMPONENT,BLOCKED_COMPONENT,BLOCKED_COMPONENT,True,READY_LOWER_BOUND
SOCC-1689-1B1C,STRAP_BEAM,SB1,STIRRUP_CORE_PATH,70x50,BLOCKED_COMPONENT,leg count / link topology not stated (SBT is a schedule row with no section sketch),False,False,DXF FP strap faces; clear between footing faces 4.55 m; column c/c 7.6 m,SBT W [70.0] cm; drawn 700.0 mm,SBT H [50.0] cm,"[""SBT:1FB0""]",EXPLICIT_MARK_MATCH,13Ø18,7Ø16,,,Ø8,8/m,BLOCKED_COMPONENT,BLOCKED_COMPONENT,BLOCKED_COMPONENT,True,READY_LOWER_BOUND
SOCC-1689-1B1C,STRAP_BEAM,SB1,STIRRUP_COUNT,8/m,READY_LOWER_BOUND,count >= ceil(rate x clear length),False,True,DXF FP strap faces; clear between footing faces 4.55 m; column c/c 7.6 m,SBT W [70.0] cm; drawn 700.0 mm,SBT H [50.0] cm,"[""SBT:1FB0""]",EXPLICIT_MARK_MATCH,13Ø18,7Ø16,,,Ø8,8/m,BLOCKED_COMPONENT,BLOCKED_COMPONENT,BLOCKED_COMPONENT,True,READY_LOWER_BOUND
SOCC-1689-1B1C,STRAP_BEAM,SB1,HOOK_1,,BLOCKED_COMPONENT,NO_PROJECT_SOURCE (engineer / code decision; never verified),False,False,DXF FP strap faces; clear between footing faces 4.55 m; column c/c 7.6 m,SBT W [70.0] cm; drawn 700.0 mm,SBT H [50.0] cm,"[""SBT:1FB0""]",EXPLICIT_MARK_MATCH,13Ø18,7Ø16,,,Ø8,8/m,BLOCKED_COMPONENT,BLOCKED_COMPONENT,BLOCKED_COMPONENT,True,READY_LOWER_BOUND
SOCC-1689-1B1C,STRAP_BEAM,SB1,HOOK_2,,BLOCKED_COMPONENT,NO_PROJECT_SOURCE (engineer / code decision; never verified),False,False,DXF FP strap faces; clear between footing faces 4.55 m; column c/c 7.6 m,SBT W [70.0] cm; drawn 700.0 mm,SBT H [50.0] cm,"[""SBT:1FB0""]",EXPLICIT_MARK_MATCH,13Ø18,7Ø16,,,Ø8,8/m,BLOCKED_COMPONENT,BLOCKED_COMPONENT,BLOCKED_COMPONENT,True,READY_LOWER_BOUND
SOCC-1689-1B1C,STRAP_BEAM,SB1,END_ZONE_EXTRA,,NOT_APPLICABLE,the schedule gives one rate per metre,False,False,DXF FP strap faces; clear between footing faces 4.55 m; column c/c 7.6 m,SBT W [70.0] cm; drawn 700.0 mm,SBT H [50.0] cm,"[""SBT:1FB0""]",EXPLICIT_MARK_MATCH,13Ø18,7Ø16,,,Ø8,8/m,BLOCKED_COMPONENT,BLOCKED_COMPONENT,BLOCKED_COMPONENT,True,READY_LOWER_BOUND
SOCC-1689-1B1C,STRAP_BEAM,SB1,END_TREATMENT,,BLOCKED_COMPONENT,bar ends inside the footings are not detailed,False,False,DXF FP strap faces; clear between footing faces 4.55 m; column c/c 7.6 m,SBT W [70.0] cm; drawn 700.0 mm,SBT H [50.0] cm,"[""SBT:1FB0""]",EXPLICIT_MARK_MATCH,13Ø18,7Ø16,,,Ø8,8/m,BLOCKED_COMPONENT,BLOCKED_COMPONENT,BLOCKED_COMPONENT,True,READY_LOWER_BOUND
SOCC-1689-1B1C,STRAP_BEAM,SB1,DEVELOPMENT_INTO_SUPPORT_1,,BLOCKED_COMPONENT,development into the footing not source-established (DEVELOPMENT_STARTER_70D_40D is 'development / tie length of starter bars only' only),False,False,DXF FP strap faces; clear between footing faces 4.55 m; column c/c 7.6 m,SBT W [70.0] cm; drawn 700.0 mm,SBT H [50.0] cm,"[""SBT:1FB0""]",EXPLICIT_MARK_MATCH,13Ø18,7Ø16,,,Ø8,8/m,BLOCKED_COMPONENT,BLOCKED_COMPONENT,BLOCKED_COMPONENT,True,READY_LOWER_BOUND
SOCC-1689-1B1C,STRAP_BEAM,SB1,DEVELOPMENT_INTO_SUPPORT_2,,BLOCKED_COMPONENT,development into the footing not source-established (DEVELOPMENT_STARTER_70D_40D is 'development / tie length of starter bars only' only),False,False,DXF FP strap faces; clear between footing faces 4.55 m; column c/c 7.6 m,SBT W [70.0] cm; drawn 700.0 mm,SBT H [50.0] cm,"[""SBT:1FB0""]",EXPLICIT_MARK_MATCH,13Ø18,7Ø16,,,Ø8,8/m,BLOCKED_COMPONENT,BLOCKED_COMPONENT,BLOCKED_COMPONENT,True,READY_LOWER_BOUND
SOCC-1689-1B1C,STRAP_BEAM,SB1,LAP,,NOT_APPLICABLE,net measurement: laps are a procurement matter (BBS firewall),False,False,DXF FP strap faces; clear between footing faces 4.55 m; column c/c 7.6 m,SBT W [70.0] cm; drawn 700.0 mm,SBT H [50.0] cm,"[""SBT:1FB0""]",EXPLICIT_MARK_MATCH,13Ø18,7Ø16,,,Ø8,8/m,BLOCKED_COMPONENT,BLOCKED_COMPONENT,BLOCKED_COMPONENT,True,READY_LOWER_BOUND
SOCC-1B08-1B09,STRAP_BEAM,SB2,TOP_MAIN,10Ø18 | 20Ø18,BLOCKED_COMPONENT,duplicated schedule key: rows disagree,False,False,DXF FP strap faces; clear between footing faces 1.829 m; column c/c 4.977 m,"SBT W [80.0, 100.0] cm; drawn 987.1 mm","SBT H [50.0, 50.0] cm","[""SBT:1FBB"", ""SBT:2ABA""]",SOURCE_CONFLICT,10Ø18 | 20Ø18,10Ø18 | 10Ø16,,,Ø8,10/m,BLOCKED_COMPONENT,BLOCKED_COMPONENT,BLOCKED_COMPONENT,True,BLOCKED_COMPONENT
SOCC-1B08-1B09,STRAP_BEAM,SB2,BOTTOM_ROW_1,10Ø18 | 10Ø16,BLOCKED_COMPONENT,duplicated schedule key: rows disagree,False,False,DXF FP strap faces; clear between footing faces 1.829 m; column c/c 4.977 m,"SBT W [80.0, 100.0] cm; drawn 987.1 mm","SBT H [50.0, 50.0] cm","[""SBT:1FBB"", ""SBT:2ABA""]",SOURCE_CONFLICT,10Ø18 | 20Ø18,10Ø18 | 10Ø16,,,Ø8,10/m,BLOCKED_COMPONENT,BLOCKED_COMPONENT,BLOCKED_COMPONENT,True,BLOCKED_COMPONENT
SOCC-1B08-1B09,STRAP_BEAM,SB2,BOTTOM_ROW_2,,NOT_APPLICABLE,the schedule gives one BOTTOM total; no second row is stated,False,False,DXF FP strap faces; clear between footing faces 1.829 m; column c/c 4.977 m,"SBT W [80.0, 100.0] cm; drawn 987.1 mm","SBT H [50.0, 50.0] cm","[""SBT:1FBB"", ""SBT:2ABA""]",SOURCE_CONFLICT,10Ø18 | 20Ø18,10Ø18 | 10Ø16,,,Ø8,10/m,BLOCKED_COMPONENT,BLOCKED_COMPONENT,BLOCKED_COMPONENT,True,BLOCKED_COMPONENT
SOCC-1B08-1B09,STRAP_BEAM,SB2,SIDE_BARS,,NOT_APPLICABLE,"p.8 note 21 applies to depth > 60 cm; schedule H = 50, 50 cm",False,False,DXF FP strap faces; clear between footing faces 1.829 m; column c/c 4.977 m,"SBT W [80.0, 100.0] cm; drawn 987.1 mm","SBT H [50.0, 50.0] cm","[""SBT:1FBB"", ""SBT:2ABA""]",SOURCE_CONFLICT,10Ø18 | 20Ø18,10Ø18 | 10Ø16,,,Ø8,10/m,BLOCKED_COMPONENT,BLOCKED_COMPONENT,BLOCKED_COMPONENT,True,BLOCKED_COMPONENT
SOCC-1B08-1B09,STRAP_BEAM,SB2,STIRRUP_DIAMETER,Ø8,READY,SBT D column,False,False,DXF FP strap faces; clear between footing faces 1.829 m; column c/c 4.977 m,"SBT W [80.0, 100.0] cm; drawn 987.1 mm","SBT H [50.0, 50.0] cm","[""SBT:1FBB"", ""SBT:2ABA""]",SOURCE_CONFLICT,10Ø18 | 20Ø18,10Ø18 | 10Ø16,,,Ø8,10/m,BLOCKED_COMPONENT,BLOCKED_COMPONENT,BLOCKED_COMPONENT,True,BLOCKED_COMPONENT
SOCC-1B08-1B09,STRAP_BEAM,SB2,STIRRUP_RATE,10/m,READY,SBT STI-B under the 'STIRRUPS/m' header,False,False,DXF FP strap faces; clear between footing faces 1.829 m; column c/c 4.977 m,"SBT W [80.0, 100.0] cm; drawn 987.1 mm","SBT H [50.0, 50.0] cm","[""SBT:1FBB"", ""SBT:2ABA""]",SOURCE_CONFLICT,10Ø18 | 20Ø18,10Ø18 | 10Ø16,,,Ø8,10/m,BLOCKED_COMPONENT,BLOCKED_COMPONENT,BLOCKED_COMPONENT,True,BLOCKED_COMPONENT
SOCC-1B08-1B09,STRAP_BEAM,SB2,STIRRUP_CORE_PATH,80x50 | 100x50,BLOCKED_COMPONENT,section width conflict; leg count / link topology not stated (SBT is a schedule row with no section sketch),False,False,DXF FP strap faces; clear between footing faces 1.829 m; column c/c 4.977 m,"SBT W [80.0, 100.0] cm; drawn 987.1 mm","SBT H [50.0, 50.0] cm","[""SBT:1FBB"", ""SBT:2ABA""]",SOURCE_CONFLICT,10Ø18 | 20Ø18,10Ø18 | 10Ø16,,,Ø8,10/m,BLOCKED_COMPONENT,BLOCKED_COMPONENT,BLOCKED_COMPONENT,True,BLOCKED_COMPONENT
SOCC-1B08-1B09,STRAP_BEAM,SB2,STIRRUP_COUNT,10/m,READY_LOWER_BOUND,count >= ceil(rate x clear length),False,False,DXF FP strap faces; clear between footing faces 1.829 m; column c/c 4.977 m,"SBT W [80.0, 100.0] cm; drawn 987.1 mm","SBT H [50.0, 50.0] cm","[""SBT:1FBB"", ""SBT:2ABA""]",SOURCE_CONFLICT,10Ø18 | 20Ø18,10Ø18 | 10Ø16,,,Ø8,10/m,BLOCKED_COMPONENT,BLOCKED_COMPONENT,BLOCKED_COMPONENT,True,BLOCKED_COMPONENT
SOCC-1B08-1B09,STRAP_BEAM,SB2,HOOK_1,,BLOCKED_COMPONENT,NO_PROJECT_SOURCE (engineer / code decision; never verified),False,False,DXF FP strap faces; clear between footing faces 1.829 m; column c/c 4.977 m,"SBT W [80.0, 100.0] cm; drawn 987.1 mm","SBT H [50.0, 50.0] cm","[""SBT:1FBB"", ""SBT:2ABA""]",SOURCE_CONFLICT,10Ø18 | 20Ø18,10Ø18 | 10Ø16,,,Ø8,10/m,BLOCKED_COMPONENT,BLOCKED_COMPONENT,BLOCKED_COMPONENT,True,BLOCKED_COMPONENT
SOCC-1B08-1B09,STRAP_BEAM,SB2,HOOK_2,,BLOCKED_COMPONENT,NO_PROJECT_SOURCE (engineer / code decision; never verified),False,False,DXF FP strap faces; clear between footing faces 1.829 m; column c/c 4.977 m,"SBT W [80.0, 100.0] cm; drawn 987.1 mm","SBT H [50.0, 50.0] cm","[""SBT:1FBB"", ""SBT:2ABA""]",SOURCE_CONFLICT,10Ø18 | 20Ø18,10Ø18 | 10Ø16,,,Ø8,10/m,BLOCKED_COMPONENT,BLOCKED_COMPONENT,BLOCKED_COMPONENT,True,BLOCKED_COMPONENT
SOCC-1B08-1B09,STRAP_BEAM,SB2,END_ZONE_EXTRA,,NOT_APPLICABLE,the schedule gives one rate per metre,False,False,DXF FP strap faces; clear between footing faces 1.829 m; column c/c 4.977 m,"SBT W [80.0, 100.0] cm; drawn 987.1 mm","SBT H [50.0, 50.0] cm","[""SBT:1FBB"", ""SBT:2ABA""]",SOURCE_CONFLICT,10Ø18 | 20Ø18,10Ø18 | 10Ø16,,,Ø8,10/m,BLOCKED_COMPONENT,BLOCKED_COMPONENT,BLOCKED_COMPONENT,True,BLOCKED_COMPONENT
SOCC-1B08-1B09,STRAP_BEAM,SB2,END_TREATMENT,,BLOCKED_COMPONENT,bar ends inside the footings are not detailed,False,False,DXF FP strap faces; clear between footing faces 1.829 m; column c/c 4.977 m,"SBT W [80.0, 100.0] cm; drawn 987.1 mm","SBT H [50.0, 50.0] cm","[""SBT:1FBB"", ""SBT:2ABA""]",SOURCE_CONFLICT,10Ø18 | 20Ø18,10Ø18 | 10Ø16,,,Ø8,10/m,BLOCKED_COMPONENT,BLOCKED_COMPONENT,BLOCKED_COMPONENT,True,BLOCKED_COMPONENT
SOCC-1B08-1B09,STRAP_BEAM,SB2,DEVELOPMENT_INTO_SUPPORT_1,,BLOCKED_COMPONENT,development into the footing not source-established (DEVELOPMENT_STARTER_70D_40D is 'development / tie length of starter bars only' only),False,False,DXF FP strap faces; clear between footing faces 1.829 m; column c/c 4.977 m,"SBT W [80.0, 100.0] cm; drawn 987.1 mm","SBT H [50.0, 50.0] cm","[""SBT:1FBB"", ""SBT:2ABA""]",SOURCE_CONFLICT,10Ø18 | 20Ø18,10Ø18 | 10Ø16,,,Ø8,10/m,BLOCKED_COMPONENT,BLOCKED_COMPONENT,BLOCKED_COMPONENT,True,BLOCKED_COMPONENT
SOCC-1B08-1B09,STRAP_BEAM,SB2,DEVELOPMENT_INTO_SUPPORT_2,,BLOCKED_COMPONENT,development into the footing not source-established (DEVELOPMENT_STARTER_70D_40D is 'development / tie length of starter bars only' only),False,False,DXF FP strap faces; clear between footing faces 1.829 m; column c/c 4.977 m,"SBT W [80.0, 100.0] cm; drawn 987.1 mm","SBT H [50.0, 50.0] cm","[""SBT:1FBB"", ""SBT:2ABA""]",SOURCE_CONFLICT,10Ø18 | 20Ø18,10Ø18 | 10Ø16,,,Ø8,10/m,BLOCKED_COMPONENT,BLOCKED_COMPONENT,BLOCKED_COMPONENT,True,BLOCKED_COMPONENT
SOCC-1B08-1B09,STRAP_BEAM,SB2,LAP,,NOT_APPLICABLE,net measurement: laps are a procurement matter (BBS firewall),False,False,DXF FP strap faces; clear between footing faces 1.829 m; column c/c 4.977 m,"SBT W [80.0, 100.0] cm; drawn 987.1 mm","SBT H [50.0, 50.0] cm","[""SBT:1FBB"", ""SBT:2ABA""]",SOURCE_CONFLICT,10Ø18 | 20Ø18,10Ø18 | 10Ø16,,,Ø8,10/m,BLOCKED_COMPONENT,BLOCKED_COMPONENT,BLOCKED_COMPONENT,True,BLOCKED_COMPONENT
SOCC-1B26-1B27,STRAP_BEAM,SB3,TOP_MAIN,5Ø18,READY_LOWER_BOUND,straight run >= the clear concrete length between footing faces; development into the footings not source-established,False,True,DXF FP strap faces; clear between footing faces 2.838 m; column c/c 4.886 m,SBT W [50.0] cm; drawn 502.2 mm,SBT H [40.0] cm,"[""SBT:2B06""]",EXPLICIT_MARK_MATCH,5Ø18,5Ø16,,,Ø8,7/m,BLOCKED_COMPONENT,BLOCKED_COMPONENT,BLOCKED_COMPONENT,True,READY_LOWER_BOUND
SOCC-1B26-1B27,STRAP_BEAM,SB3,BOTTOM_ROW_1,5Ø16,READY_LOWER_BOUND,straight run >= the clear concrete length between footing faces; development into the footings not source-established; BOTTOM is one schedule total (row split not stated),False,True,DXF FP strap faces; clear between footing faces 2.838 m; column c/c 4.886 m,SBT W [50.0] cm; drawn 502.2 mm,SBT H [40.0] cm,"[""SBT:2B06""]",EXPLICIT_MARK_MATCH,5Ø18,5Ø16,,,Ø8,7/m,BLOCKED_COMPONENT,BLOCKED_COMPONENT,BLOCKED_COMPONENT,True,READY_LOWER_BOUND
SOCC-1B26-1B27,STRAP_BEAM,SB3,BOTTOM_ROW_2,,NOT_APPLICABLE,the schedule gives one BOTTOM total; no second row is stated,False,False,DXF FP strap faces; clear between footing faces 2.838 m; column c/c 4.886 m,SBT W [50.0] cm; drawn 502.2 mm,SBT H [40.0] cm,"[""SBT:2B06""]",EXPLICIT_MARK_MATCH,5Ø18,5Ø16,,,Ø8,7/m,BLOCKED_COMPONENT,BLOCKED_COMPONENT,BLOCKED_COMPONENT,True,READY_LOWER_BOUND
SOCC-1B26-1B27,STRAP_BEAM,SB3,SIDE_BARS,,NOT_APPLICABLE,p.8 note 21 applies to depth > 60 cm; schedule H = 40 cm,False,False,DXF FP strap faces; clear between footing faces 2.838 m; column c/c 4.886 m,SBT W [50.0] cm; drawn 502.2 mm,SBT H [40.0] cm,"[""SBT:2B06""]",EXPLICIT_MARK_MATCH,5Ø18,5Ø16,,,Ø8,7/m,BLOCKED_COMPONENT,BLOCKED_COMPONENT,BLOCKED_COMPONENT,True,READY_LOWER_BOUND
SOCC-1B26-1B27,STRAP_BEAM,SB3,STIRRUP_DIAMETER,Ø8,READY,SBT D column,False,True,DXF FP strap faces; clear between footing faces 2.838 m; column c/c 4.886 m,SBT W [50.0] cm; drawn 502.2 mm,SBT H [40.0] cm,"[""SBT:2B06""]",EXPLICIT_MARK_MATCH,5Ø18,5Ø16,,,Ø8,7/m,BLOCKED_COMPONENT,BLOCKED_COMPONENT,BLOCKED_COMPONENT,True,READY_LOWER_BOUND
SOCC-1B26-1B27,STRAP_BEAM,SB3,STIRRUP_RATE,7/m,READY,SBT STI-B under the 'STIRRUPS/m' header,False,True,DXF FP strap faces; clear between footing faces 2.838 m; column c/c 4.886 m,SBT W [50.0] cm; drawn 502.2 mm,SBT H [40.0] cm,"[""SBT:2B06""]",EXPLICIT_MARK_MATCH,5Ø18,5Ø16,,,Ø8,7/m,BLOCKED_COMPONENT,BLOCKED_COMPONENT,BLOCKED_COMPONENT,True,READY_LOWER_BOUND
SOCC-1B26-1B27,STRAP_BEAM,SB3,STIRRUP_CORE_PATH,50x40,BLOCKED_COMPONENT,leg count / link topology not stated (SBT is a schedule row with no section sketch),False,False,DXF FP strap faces; clear between footing faces 2.838 m; column c/c 4.886 m,SBT W [50.0] cm; drawn 502.2 mm,SBT H [40.0] cm,"[""SBT:2B06""]",EXPLICIT_MARK_MATCH,5Ø18,5Ø16,,,Ø8,7/m,BLOCKED_COMPONENT,BLOCKED_COMPONENT,BLOCKED_COMPONENT,True,READY_LOWER_BOUND
SOCC-1B26-1B27,STRAP_BEAM,SB3,STIRRUP_COUNT,7/m,READY_LOWER_BOUND,count >= ceil(rate x clear length),False,True,DXF FP strap faces; clear between footing faces 2.838 m; column c/c 4.886 m,SBT W [50.0] cm; drawn 502.2 mm,SBT H [40.0] cm,"[""SBT:2B06""]",EXPLICIT_MARK_MATCH,5Ø18,5Ø16,,,Ø8,7/m,BLOCKED_COMPONENT,BLOCKED_COMPONENT,BLOCKED_COMPONENT,True,READY_LOWER_BOUND
SOCC-1B26-1B27,STRAP_BEAM,SB3,HOOK_1,,BLOCKED_COMPONENT,NO_PROJECT_SOURCE (engineer / code decision; never verified),False,False,DXF FP strap faces; clear between footing faces 2.838 m; column c/c 4.886 m,SBT W [50.0] cm; drawn 502.2 mm,SBT H [40.0] cm,"[""SBT:2B06""]",EXPLICIT_MARK_MATCH,5Ø18,5Ø16,,,Ø8,7/m,BLOCKED_COMPONENT,BLOCKED_COMPONENT,BLOCKED_COMPONENT,True,READY_LOWER_BOUND
SOCC-1B26-1B27,STRAP_BEAM,SB3,HOOK_2,,BLOCKED_COMPONENT,NO_PROJECT_SOURCE (engineer / code decision; never verified),False,False,DXF FP strap faces; clear between footing faces 2.838 m; column c/c 4.886 m,SBT W [50.0] cm; drawn 502.2 mm,SBT H [40.0] cm,"[""SBT:2B06""]",EXPLICIT_MARK_MATCH,5Ø18,5Ø16,,,Ø8,7/m,BLOCKED_COMPONENT,BLOCKED_COMPONENT,BLOCKED_COMPONENT,True,READY_LOWER_BOUND
SOCC-1B26-1B27,STRAP_BEAM,SB3,END_ZONE_EXTRA,,NOT_APPLICABLE,the schedule gives one rate per metre,False,False,DXF FP strap faces; clear between footing faces 2.838 m; column c/c 4.886 m,SBT W [50.0] cm; drawn 502.2 mm,SBT H [40.0] cm,"[""SBT:2B06""]",EXPLICIT_MARK_MATCH,5Ø18,5Ø16,,,Ø8,7/m,BLOCKED_COMPONENT,BLOCKED_COMPONENT,BLOCKED_COMPONENT,True,READY_LOWER_BOUND
SOCC-1B26-1B27,STRAP_BEAM,SB3,END_TREATMENT,,BLOCKED_COMPONENT,bar ends inside the footings are not detailed,False,False,DXF FP strap faces; clear between footing faces 2.838 m; column c/c 4.886 m,SBT W [50.0] cm; drawn 502.2 mm,SBT H [40.0] cm,"[""SBT:2B06""]",EXPLICIT_MARK_MATCH,5Ø18,5Ø16,,,Ø8,7/m,BLOCKED_COMPONENT,BLOCKED_COMPONENT,BLOCKED_COMPONENT,True,READY_LOWER_BOUND
SOCC-1B26-1B27,STRAP_BEAM,SB3,DEVELOPMENT_INTO_SUPPORT_1,,BLOCKED_COMPONENT,development into the footing not source-established (DEVELOPMENT_STARTER_70D_40D is 'development / tie length of starter bars only' only),False,False,DXF FP strap faces; clear between footing faces 2.838 m; column c/c 4.886 m,SBT W [50.0] cm; drawn 502.2 mm,SBT H [40.0] cm,"[""SBT:2B06""]",EXPLICIT_MARK_MATCH,5Ø18,5Ø16,,,Ø8,7/m,BLOCKED_COMPONENT,BLOCKED_COMPONENT,BLOCKED_COMPONENT,True,READY_LOWER_BOUND
SOCC-1B26-1B27,STRAP_BEAM,SB3,DEVELOPMENT_INTO_SUPPORT_2,,BLOCKED_COMPONENT,development into the footing not source-established (DEVELOPMENT_STARTER_70D_40D is 'development / tie length of starter bars only' only),False,False,DXF FP strap faces; clear between footing faces 2.838 m; column c/c 4.886 m,SBT W [50.0] cm; drawn 502.2 mm,SBT H [40.0] cm,"[""SBT:2B06""]",EXPLICIT_MARK_MATCH,5Ø18,5Ø16,,,Ø8,7/m,BLOCKED_COMPONENT,BLOCKED_COMPONENT,BLOCKED_COMPONENT,True,READY_LOWER_BOUND
SOCC-1B26-1B27,STRAP_BEAM,SB3,LAP,,NOT_APPLICABLE,net measurement: laps are a procurement matter (BBS firewall),False,False,DXF FP strap faces; clear between footing faces 2.838 m; column c/c 4.886 m,SBT W [50.0] cm; drawn 502.2 mm,SBT H [40.0] cm,"[""SBT:2B06""]",EXPLICIT_MARK_MATCH,5Ø18,5Ø16,,,Ø8,7/m,BLOCKED_COMPONENT,BLOCKED_COMPONENT,BLOCKED_COMPONENT,True,READY_LOWER_BOUND
