record_id,occurrence_id,subfamily,mark,cb_group_id,component,accurate_component,quantity_kind,state,release_basis,bar_run_id,span_index,dia_mm,bar_count,straight_run_m,total_length_m,kg_per_m,kg,count,count_convention_not_adopted,known_source_segment_state,complete_bar_state,mid_straight_run_state,raw_text,spacing_cm,missing,missing_facets,question_id,why
BM-1F_ROOF-B1-BL014-6D0|TOP_MAIN|BM-1F_ROOF-B1-BL014-6D0:TOP_MAIN,BM-1F_ROOF-B1-BL014-6D0,SIMPLE_BEAM,B1,,TOP_MAIN,BEAM_TOP_BAR,MASS,LOWER_BOUND,SOURCE_BOUND,BM-1F_ROOF-B1-BL014-6D0:TOP_MAIN,,12,2,1.62,3.24,0.888889,2.88,,,SOURCE_VERIFIED,NOT_ESTABLISHED,,,,"[""development / anchorage into the supports: no beam-source rule (note 9 70Ø/40Ø is for starter bars only; the slab 0.25L / 0.30L rules are never borrowed)"", ""DEVELOPMENT / ANCHORAGE at the end supports (not source-established)"", ""BAR-END HOOK / BEND at the end supports (not detailed)""]",,,development / anchorage into the supports: no beam-source rule (note 9 70Ø/40Ø is for starter bars only; the slab 0.25L / 0.30L rules are never borrowed); DEVELOPMENT / ANCHORAGE at the end supports (not source-established); BAR-END HOOK / BEND at the end supports (not detailed)
BM-1F_ROOF-B1-BL014-6D0|BOTTOM_MAIN|BM-1F_ROOF-B1-BL014-6D0:BOTTOM_MAIN,BM-1F_ROOF-B1-BL014-6D0,SIMPLE_BEAM,B1,,BOTTOM_MAIN,BEAM_BOTTOM_BAR,MASS,LOWER_BOUND,SOURCE_BOUND,BM-1F_ROOF-B1-BL014-6D0:BOTTOM_MAIN,,14,2,1.62,3.24,1.209877,3.92,,,SOURCE_VERIFIED,NOT_ESTABLISHED,,,,"[""development / anchorage into the supports: no beam-source rule (note 9 70Ø/40Ø is for starter bars only; the slab 0.25L / 0.30L rules are never borrowed)"", ""DEVELOPMENT / ANCHORAGE at the end supports (not source-established)"", ""BAR-END HOOK / BEND at the end supports (not detailed)""]",,,development / anchorage into the supports: no beam-source rule (note 9 70Ø/40Ø is for starter bars only; the slab 0.25L / 0.30L rules are never borrowed); DEVELOPMENT / ANCHORAGE at the end supports (not source-established); BAR-END HOOK / BEND at the end supports (not detailed)
BM-1F_ROOF-B1-BL014-6D0|TOP_SUPPORT,BM-1F_ROOF-B1-BL014-6D0,SIMPLE_BEAM,B1,,TOP_SUPPORT,BEAM_EXTRA_BAR,MASS,NOT_APPLICABLE,,,,,,,,,,,,,,,,,,,,not scheduled in the SBT (no support bar field in the SBT)
BM-1F_ROOF-B1-BL014-6D0|BOTTOM_SUPPORT,BM-1F_ROOF-B1-BL014-6D0,SIMPLE_BEAM,B1,,BOTTOM_SUPPORT,BEAM_EXTRA_BAR,MASS,NOT_APPLICABLE,,,,,,,,,,,,,,,,,,,,not scheduled in the SBT (no bottom extra field in the SBT)
BM-1F_ROOF-B1-BL014-6D0|MID_TOP,BM-1F_ROOF-B1-BL014-6D0,SIMPLE_BEAM,B1,,MID_TOP,BEAM_EXTRA_BAR,MASS,NOT_APPLICABLE,,,,,,,,,,,,,,,,,,,,a simple beam has one span and no interior support; the SBT has no MID field
BM-1F_ROOF-B1-BL014-6D0|MID_BOTTOM,BM-1F_ROOF-B1-BL014-6D0,SIMPLE_BEAM,B1,,MID_BOTTOM,BEAM_EXTRA_BAR,MASS,NOT_APPLICABLE,,,,,,,,,,,,,,,,,,,,a simple beam has one span and no interior support; the SBT has no MID field
BM-1F_ROOF-B1-BL014-6D0|HANGER,BM-1F_ROOF-B1-BL014-6D0,SIMPLE_BEAM,B1,,HANGER,BEAM_EXTRA_BAR,MASS,NOT_APPLICABLE,,,,,,,,,,,,,,,,,,,,ABSENT: no hanger field and no hanger detail (TOP BARS listed; no hanger role asserted)
BM-1F_ROOF-B1-BL014-6D0|SIDE_REBAR,BM-1F_ROOF-B1-BL014-6D0,SIMPLE_BEAM,B1,,SIDE_REBAR,BEAM_SIDE_BAR,MASS,NOT_APPLICABLE,,,,,,,,,,,,,,,,,,,,no side bars printed; depth 40.0 cm
BM-1F_ROOF-B1-BL014-6D0|STIRRUP_COUNT|SPAN1,BM-1F_ROOF-B1-BL014-6D0,SIMPLE_BEAM,B1,,STIRRUP_COUNT,BEAM_STIRRUP,COUNT,LOWER_BOUND,SOURCE_BOUND,,1,8,,,,,,10,11,,,,,,,,,first / last stirrup position not stated; no +1
BM-1F_ROOF-B1-BL014-6D0|STIRRUP_CORE_PATH|SPAN1,BM-1F_ROOF-B1-BL014-6D0,SIMPLE_BEAM,B1,,STIRRUP_CORE_PATH,BEAM_STIRRUP,MASS,BLOCKED_UNQUANTIFIED,,,1,8,,,,,,,,,,,,,,"[""LEGS / TOPOLOGY UNRESOLVED"", ""HOOKS BLOCKED_UNQUANTIFIED"", ""LEGS / LINK TOPOLOGY NOT_ESTABLISHED"", ""STIRRUP HOOKS NOT_ESTABLISHED""]",Q7,"stirrup mass needs legs, path, hooks and section; missing: LEGS / TOPOLOGY UNRESOLVED; HOOKS BLOCKED_UNQUANTIFIED; LEGS / LINK TOPOLOGY NOT_ESTABLISHED; STIRRUP HOOKS NOT_ESTABLISHED"
BM-1F_ROOF-B1-BL014-6D0|HOOK_1,BM-1F_ROOF-B1-BL014-6D0,SIMPLE_BEAM,B1,,HOOK_1,ANCHORAGE,MASS,BLOCKED_UNQUANTIFIED,,,,,,,,,,,,,,,,,,,Q1,"bar-end hook / bend: end legs drawn N.T.S. without a dimension; no project hook source; column hook rules are not imported - Q1 at end 1 ({'kind': 'BEAM_CARRIED_BY', 'refs': ['BL025']})"
BM-1F_ROOF-B1-BL014-6D0|DEVELOPMENT_1,BM-1F_ROOF-B1-BL014-6D0,SIMPLE_BEAM,B1,,DEVELOPMENT_1,ANCHORAGE,MASS,BLOCKED_UNQUANTIFIED,,,,,,,,,,,,,,,,,,,Q1,"development / anchorage: no beam-source development rule (note 9 70Ø / 40Ø is starter-bar context only; no 40D, 70D, code, Urban default or external value is used) - Q1 at end 1 ({'kind': 'BEAM_CARRIED_BY', 'refs': ['BL025']})"
BM-1F_ROOF-B1-BL014-6D0|HOOK_2,BM-1F_ROOF-B1-BL014-6D0,SIMPLE_BEAM,B1,,HOOK_2,ANCHORAGE,MASS,BLOCKED_UNQUANTIFIED,,,,,,,,,,,,,,,,,,,Q1,"bar-end hook / bend: end legs drawn N.T.S. without a dimension; no project hook source; column hook rules are not imported - Q1 at end 2 ({'kind': 'BEAM_CROSSING', 'refs': ['BL029']})"
BM-1F_ROOF-B1-BL014-6D0|DEVELOPMENT_2,BM-1F_ROOF-B1-BL014-6D0,SIMPLE_BEAM,B1,,DEVELOPMENT_2,ANCHORAGE,MASS,BLOCKED_UNQUANTIFIED,,,,,,,,,,,,,,,,,,,Q1,"development / anchorage: no beam-source development rule (note 9 70Ø / 40Ø is starter-bar context only; no 40D, 70D, code, Urban default or external value is used) - Q1 at end 2 ({'kind': 'BEAM_CROSSING', 'refs': ['BL029']})"
BM-1F_ROOF-B1-BL014-6D0|OPENING_EXTRA_TOP,BM-1F_ROOF-B1-BL014-6D0,SIMPLE_BEAM,B1,,OPENING_EXTRA_TOP,SPECIAL_DETAIL_BAR,MASS,NOT_APPLICABLE,,,,,,,,,,,,,,,,,,,,no source-identified physical opening in this beam (26 opening objects checked project-wide; the generic opening detail is not applied globally)
BM-1F_ROOF-B1-BL014-6D0|OPENING_EXTRA_BOTTOM,BM-1F_ROOF-B1-BL014-6D0,SIMPLE_BEAM,B1,,OPENING_EXTRA_BOTTOM,SPECIAL_DETAIL_BAR,MASS,NOT_APPLICABLE,,,,,,,,,,,,,,,,,,,,no source-identified physical opening in this beam (26 opening objects checked project-wide; the generic opening detail is not applied globally)
BM-1F_ROOF-B1-BL014-6D0|OPENING_EXTRA_SIDE,BM-1F_ROOF-B1-BL014-6D0,SIMPLE_BEAM,B1,,OPENING_EXTRA_SIDE,SPECIAL_DETAIL_BAR,MASS,NOT_APPLICABLE,,,,,,,,,,,,,,,,,,,,no source-identified physical opening in this beam (26 opening objects checked project-wide; the generic opening detail is not applied globally)
BM-1F_ROOF-B1-BL014-6D0|OPENING_EXTRA_STIRRUP,BM-1F_ROOF-B1-BL014-6D0,SIMPLE_BEAM,B1,,OPENING_EXTRA_STIRRUP,BEAM_STIRRUP,MASS,NOT_APPLICABLE,,,,,,,,,,,,,,,,,,,,no source-identified physical opening in this beam (26 opening objects checked project-wide; the generic opening detail is not applied globally)
BM-1F_ROOF-B1-BL014-6D0|OTHER_EXPLICIT_EXTRA,BM-1F_ROOF-B1-BL014-6D0,SIMPLE_BEAM,B1,,OTHER_EXPLICIT_EXTRA,SPECIAL_DETAIL_BAR,MASS,NOT_APPLICABLE,,,,,,,,,,,,,,,,,,,,no other explicit extra scheduled or detailed for this occurrence
BM-1F_ROOF-B1-BL016-6CE|TOP_MAIN|BM-1F_ROOF-B1-BL016-6CE:TOP_MAIN,BM-1F_ROOF-B1-BL016-6CE,SIMPLE_BEAM,B1,,TOP_MAIN,BEAM_TOP_BAR,MASS,LOWER_BOUND,SOURCE_BOUND,BM-1F_ROOF-B1-BL016-6CE:TOP_MAIN,,12,2,0.7,1.4,0.888889,1.244444,,,SOURCE_VERIFIED,NOT_ESTABLISHED,,,,"[""development / anchorage into the supports: no beam-source rule (note 9 70Ø/40Ø is for starter bars only; the slab 0.25L / 0.30L rules are never borrowed)"", ""DEVELOPMENT / ANCHORAGE at the end supports (not source-established)"", ""BAR-END HOOK / BEND at the end supports (not detailed)""]",,,development / anchorage into the supports: no beam-source rule (note 9 70Ø/40Ø is for starter bars only; the slab 0.25L / 0.30L rules are never borrowed); DEVELOPMENT / ANCHORAGE at the end supports (not source-established); BAR-END HOOK / BEND at the end supports (not detailed)
BM-1F_ROOF-B1-BL016-6CE|BOTTOM_MAIN|BM-1F_ROOF-B1-BL016-6CE:BOTTOM_MAIN,BM-1F_ROOF-B1-BL016-6CE,SIMPLE_BEAM,B1,,BOTTOM_MAIN,BEAM_BOTTOM_BAR,MASS,LOWER_BOUND,SOURCE_BOUND,BM-1F_ROOF-B1-BL016-6CE:BOTTOM_MAIN,,14,2,0.7,1.4,1.209877,1.693827,,,SOURCE_VERIFIED,NOT_ESTABLISHED,,,,"[""development / anchorage into the supports: no beam-source rule (note 9 70Ø/40Ø is for starter bars only; the slab 0.25L / 0.30L rules are never borrowed)"", ""DEVELOPMENT / ANCHORAGE at the end supports (not source-established)"", ""BAR-END HOOK / BEND at the end supports (not detailed)""]",,,development / anchorage into the supports: no beam-source rule (note 9 70Ø/40Ø is for starter bars only; the slab 0.25L / 0.30L rules are never borrowed); DEVELOPMENT / ANCHORAGE at the end supports (not source-established); BAR-END HOOK / BEND at the end supports (not detailed)
BM-1F_ROOF-B1-BL016-6CE|TOP_SUPPORT,BM-1F_ROOF-B1-BL016-6CE,SIMPLE_BEAM,B1,,TOP_SUPPORT,BEAM_EXTRA_BAR,MASS,NOT_APPLICABLE,,,,,,,,,,,,,,,,,,,,not scheduled in the SBT (no support bar field in the SBT)
BM-1F_ROOF-B1-BL016-6CE|BOTTOM_SUPPORT,BM-1F_ROOF-B1-BL016-6CE,SIMPLE_BEAM,B1,,BOTTOM_SUPPORT,BEAM_EXTRA_BAR,MASS,NOT_APPLICABLE,,,,,,,,,,,,,,,,,,,,not scheduled in the SBT (no bottom extra field in the SBT)
BM-1F_ROOF-B1-BL016-6CE|MID_TOP,BM-1F_ROOF-B1-BL016-6CE,SIMPLE_BEAM,B1,,MID_TOP,BEAM_EXTRA_BAR,MASS,NOT_APPLICABLE,,,,,,,,,,,,,,,,,,,,a simple beam has one span and no interior support; the SBT has no MID field
BM-1F_ROOF-B1-BL016-6CE|MID_BOTTOM,BM-1F_ROOF-B1-BL016-6CE,SIMPLE_BEAM,B1,,MID_BOTTOM,BEAM_EXTRA_BAR,MASS,NOT_APPLICABLE,,,,,,,,,,,,,,,,,,,,a simple beam has one span and no interior support; the SBT has no MID field
BM-1F_ROOF-B1-BL016-6CE|HANGER,BM-1F_ROOF-B1-BL016-6CE,SIMPLE_BEAM,B1,,HANGER,BEAM_EXTRA_BAR,MASS,NOT_APPLICABLE,,,,,,,,,,,,,,,,,,,,ABSENT: no hanger field and no hanger detail (TOP BARS listed; no hanger role asserted)
BM-1F_ROOF-B1-BL016-6CE|SIDE_REBAR,BM-1F_ROOF-B1-BL016-6CE,SIMPLE_BEAM,B1,,SIDE_REBAR,BEAM_SIDE_BAR,MASS,NOT_APPLICABLE,,,,,,,,,,,,,,,,,,,,no side bars printed; depth 40.0 cm
BM-1F_ROOF-B1-BL016-6CE|STIRRUP_COUNT|SPAN1,BM-1F_ROOF-B1-BL016-6CE,SIMPLE_BEAM,B1,,STIRRUP_COUNT,BEAM_STIRRUP,COUNT,LOWER_BOUND,SOURCE_BOUND,,1,8,,,,,,5,6,,,,,,,,,first / last stirrup position not stated; no +1
BM-1F_ROOF-B1-BL016-6CE|STIRRUP_CORE_PATH|SPAN1,BM-1F_ROOF-B1-BL016-6CE,SIMPLE_BEAM,B1,,STIRRUP_CORE_PATH,BEAM_STIRRUP,MASS,BLOCKED_UNQUANTIFIED,,,1,8,,,,,,,,,,,,,,"[""LEGS / TOPOLOGY UNRESOLVED"", ""HOOKS BLOCKED_UNQUANTIFIED"", ""LEGS / LINK TOPOLOGY NOT_ESTABLISHED"", ""STIRRUP HOOKS NOT_ESTABLISHED""]",Q7,"stirrup mass needs legs, path, hooks and section; missing: LEGS / TOPOLOGY UNRESOLVED; HOOKS BLOCKED_UNQUANTIFIED; LEGS / LINK TOPOLOGY NOT_ESTABLISHED; STIRRUP HOOKS NOT_ESTABLISHED"
BM-1F_ROOF-B1-BL016-6CE|HOOK_1,BM-1F_ROOF-B1-BL016-6CE,SIMPLE_BEAM,B1,,HOOK_1,ANCHORAGE,MASS,BLOCKED_UNQUANTIFIED,,,,,,,,,,,,,,,,,,,Q1,"bar-end hook / bend: end legs drawn N.T.S. without a dimension; no project hook source; column hook rules are not imported - Q1 at end 1 ({'kind': 'COLUMN', 'refs': ['FFRS:679']})"
BM-1F_ROOF-B1-BL016-6CE|DEVELOPMENT_1,BM-1F_ROOF-B1-BL016-6CE,SIMPLE_BEAM,B1,,DEVELOPMENT_1,ANCHORAGE,MASS,BLOCKED_UNQUANTIFIED,,,,,,,,,,,,,,,,,,,Q1,"development / anchorage: no beam-source development rule (note 9 70Ø / 40Ø is starter-bar context only; no 40D, 70D, code, Urban default or external value is used) - Q1 at end 1 ({'kind': 'COLUMN', 'refs': ['FFRS:679']})"
BM-1F_ROOF-B1-BL016-6CE|HOOK_2,BM-1F_ROOF-B1-BL016-6CE,SIMPLE_BEAM,B1,,HOOK_2,ANCHORAGE,MASS,BLOCKED_UNQUANTIFIED,,,,,,,,,,,,,,,,,,,Q1,"bar-end hook / bend: end legs drawn N.T.S. without a dimension; no project hook source; column hook rules are not imported - Q1 at end 2 ({'kind': 'COLUMN', 'refs': ['FFRS:67C']})"
BM-1F_ROOF-B1-BL016-6CE|DEVELOPMENT_2,BM-1F_ROOF-B1-BL016-6CE,SIMPLE_BEAM,B1,,DEVELOPMENT_2,ANCHORAGE,MASS,BLOCKED_UNQUANTIFIED,,,,,,,,,,,,,,,,,,,Q1,"development / anchorage: no beam-source development rule (note 9 70Ø / 40Ø is starter-bar context only; no 40D, 70D, code, Urban default or external value is used) - Q1 at end 2 ({'kind': 'COLUMN', 'refs': ['FFRS:67C']})"
BM-1F_ROOF-B1-BL016-6CE|OPENING_EXTRA_TOP,BM-1F_ROOF-B1-BL016-6CE,SIMPLE_BEAM,B1,,OPENING_EXTRA_TOP,SPECIAL_DETAIL_BAR,MASS,NOT_APPLICABLE,,,,,,,,,,,,,,,,,,,,no source-identified physical opening in this beam (26 opening objects checked project-wide; the generic opening detail is not applied globally)
BM-1F_ROOF-B1-BL016-6CE|OPENING_EXTRA_BOTTOM,BM-1F_ROOF-B1-BL016-6CE,SIMPLE_BEAM,B1,,OPENING_EXTRA_BOTTOM,SPECIAL_DETAIL_BAR,MASS,NOT_APPLICABLE,,,,,,,,,,,,,,,,,,,,no source-identified physical opening in this beam (26 opening objects checked project-wide; the generic opening detail is not applied globally)
BM-1F_ROOF-B1-BL016-6CE|OPENING_EXTRA_SIDE,BM-1F_ROOF-B1-BL016-6CE,SIMPLE_BEAM,B1,,OPENING_EXTRA_SIDE,SPECIAL_DETAIL_BAR,MASS,NOT_APPLICABLE,,,,,,,,,,,,,,,,,,,,no source-identified physical opening in this beam (26 opening objects checked project-wide; the generic opening detail is not applied globally)
BM-1F_ROOF-B1-BL016-6CE|OPENING_EXTRA_STIRRUP,BM-1F_ROOF-B1-BL016-6CE,SIMPLE_BEAM,B1,,OPENING_EXTRA_STIRRUP,BEAM_STIRRUP,MASS,NOT_APPLICABLE,,,,,,,,,,,,,,,,,,,,no source-identified physical opening in this beam (26 opening objects checked project-wide; the generic opening detail is not applied globally)
BM-1F_ROOF-B1-BL016-6CE|OTHER_EXPLICIT_EXTRA,BM-1F_ROOF-B1-BL016-6CE,SIMPLE_BEAM,B1,,OTHER_EXPLICIT_EXTRA,SPECIAL_DETAIL_BAR,MASS,NOT_APPLICABLE,,,,,,,,,,,,,,,,,,,,no other explicit extra scheduled or detailed for this occurrence
BM-1F_ROOF-B1-BL028-6CB|TOP_MAIN|BM-1F_ROOF-B1-BL028-6CB:TOP_MAIN,BM-1F_ROOF-B1-BL028-6CB,SIMPLE_BEAM,B1,,TOP_MAIN,BEAM_TOP_BAR,MASS,LOWER_BOUND,SOURCE_BOUND,BM-1F_ROOF-B1-BL028-6CB:TOP_MAIN,,12,2,1.8,3.6,0.888889,3.2,,,SOURCE_VERIFIED,NOT_ESTABLISHED,,,,"[""development / anchorage into the supports: no beam-source rule (note 9 70Ø/40Ø is for starter bars only; the slab 0.25L / 0.30L rules are never borrowed)"", ""DEVELOPMENT / ANCHORAGE at the end supports (not source-established)"", ""BAR-END HOOK / BEND at the end supports (not detailed)""]",,,development / anchorage into the supports: no beam-source rule (note 9 70Ø/40Ø is for starter bars only; the slab 0.25L / 0.30L rules are never borrowed); DEVELOPMENT / ANCHORAGE at the end supports (not source-established); BAR-END HOOK / BEND at the end supports (not detailed)
BM-1F_ROOF-B1-BL028-6CB|BOTTOM_MAIN|BM-1F_ROOF-B1-BL028-6CB:BOTTOM_MAIN,BM-1F_ROOF-B1-BL028-6CB,SIMPLE_BEAM,B1,,BOTTOM_MAIN,BEAM_BOTTOM_BAR,MASS,LOWER_BOUND,SOURCE_BOUND,BM-1F_ROOF-B1-BL028-6CB:BOTTOM_MAIN,,14,2,1.8,3.6,1.209877,4.355556,,,SOURCE_VERIFIED,NOT_ESTABLISHED,,,,"[""development / anchorage into the supports: no beam-source rule (note 9 70Ø/40Ø is for starter bars only; the slab 0.25L / 0.30L rules are never borrowed)"", ""DEVELOPMENT / ANCHORAGE at the end supports (not source-established)"", ""BAR-END HOOK / BEND at the end supports (not detailed)""]",,,development / anchorage into the supports: no beam-source rule (note 9 70Ø/40Ø is for starter bars only; the slab 0.25L / 0.30L rules are never borrowed); DEVELOPMENT / ANCHORAGE at the end supports (not source-established); BAR-END HOOK / BEND at the end supports (not detailed)
BM-1F_ROOF-B1-BL028-6CB|TOP_SUPPORT,BM-1F_ROOF-B1-BL028-6CB,SIMPLE_BEAM,B1,,TOP_SUPPORT,BEAM_EXTRA_BAR,MASS,NOT_APPLICABLE,,,,,,,,,,,,,,,,,,,,not scheduled in the SBT (no support bar field in the SBT)
BM-1F_ROOF-B1-BL028-6CB|BOTTOM_SUPPORT,BM-1F_ROOF-B1-BL028-6CB,SIMPLE_BEAM,B1,,BOTTOM_SUPPORT,BEAM_EXTRA_BAR,MASS,NOT_APPLICABLE,,,,,,,,,,,,,,,,,,,,not scheduled in the SBT (no bottom extra field in the SBT)
BM-1F_ROOF-B1-BL028-6CB|MID_TOP,BM-1F_ROOF-B1-BL028-6CB,SIMPLE_BEAM,B1,,MID_TOP,BEAM_EXTRA_BAR,MASS,NOT_APPLICABLE,,,,,,,,,,,,,,,,,,,,a simple beam has one span and no interior support; the SBT has no MID field
BM-1F_ROOF-B1-BL028-6CB|MID_BOTTOM,BM-1F_ROOF-B1-BL028-6CB,SIMPLE_BEAM,B1,,MID_BOTTOM,BEAM_EXTRA_BAR,MASS,NOT_APPLICABLE,,,,,,,,,,,,,,,,,,,,a simple beam has one span and no interior support; the SBT has no MID field
BM-1F_ROOF-B1-BL028-6CB|HANGER,BM-1F_ROOF-B1-BL028-6CB,SIMPLE_BEAM,B1,,HANGER,BEAM_EXTRA_BAR,MASS,NOT_APPLICABLE,,,,,,,,,,,,,,,,,,,,ABSENT: no hanger field and no hanger detail (TOP BARS listed; no hanger role asserted)
BM-1F_ROOF-B1-BL028-6CB|SIDE_REBAR,BM-1F_ROOF-B1-BL028-6CB,SIMPLE_BEAM,B1,,SIDE_REBAR,BEAM_SIDE_BAR,MASS,NOT_APPLICABLE,,,,,,,,,,,,,,,,,,,,no side bars printed; depth 40.0 cm
BM-1F_ROOF-B1-BL028-6CB|STIRRUP_COUNT|SPAN1,BM-1F_ROOF-B1-BL028-6CB,SIMPLE_BEAM,B1,,STIRRUP_COUNT,BEAM_STIRRUP,COUNT,LOWER_BOUND,SOURCE_BOUND,,1,8,,,,,,11,12,,,,,,,,,first / last stirrup position not stated; no +1
BM-1F_ROOF-B1-BL028-6CB|STIRRUP_CORE_PATH|SPAN1,BM-1F_ROOF-B1-BL028-6CB,SIMPLE_BEAM,B1,,STIRRUP_CORE_PATH,BEAM_STIRRUP,MASS,BLOCKED_UNQUANTIFIED,,,1,8,,,,,,,,,,,,,,"[""LEGS / TOPOLOGY UNRESOLVED"", ""HOOKS BLOCKED_UNQUANTIFIED"", ""LEGS / LINK TOPOLOGY NOT_ESTABLISHED"", ""STIRRUP HOOKS NOT_ESTABLISHED""]",Q7,"stirrup mass needs legs, path, hooks and section; missing: LEGS / TOPOLOGY UNRESOLVED; HOOKS BLOCKED_UNQUANTIFIED; LEGS / LINK TOPOLOGY NOT_ESTABLISHED; STIRRUP HOOKS NOT_ESTABLISHED"
BM-1F_ROOF-B1-BL028-6CB|HOOK_1,BM-1F_ROOF-B1-BL028-6CB,SIMPLE_BEAM,B1,,HOOK_1,ANCHORAGE,MASS,BLOCKED_UNQUANTIFIED,,,,,,,,,,,,,,,,,,,Q1,"bar-end hook / bend: end legs drawn N.T.S. without a dimension; no project hook source; column hook rules are not imported - Q1 at end 1 ({'kind': 'COLUMN', 'refs': ['FFRS:682']})"
BM-1F_ROOF-B1-BL028-6CB|DEVELOPMENT_1,BM-1F_ROOF-B1-BL028-6CB,SIMPLE_BEAM,B1,,DEVELOPMENT_1,ANCHORAGE,MASS,BLOCKED_UNQUANTIFIED,,,,,,,,,,,,,,,,,,,Q1,"development / anchorage: no beam-source development rule (note 9 70Ø / 40Ø is starter-bar context only; no 40D, 70D, code, Urban default or external value is used) - Q1 at end 1 ({'kind': 'COLUMN', 'refs': ['FFRS:682']})"
BM-1F_ROOF-B1-BL028-6CB|HOOK_2,BM-1F_ROOF-B1-BL028-6CB,SIMPLE_BEAM,B1,,HOOK_2,ANCHORAGE,MASS,BLOCKED_UNQUANTIFIED,,,,,,,,,,,,,,,,,,,Q1,"bar-end hook / bend: end legs drawn N.T.S. without a dimension; no project hook source; column hook rules are not imported - Q1 at end 2 ({'kind': 'COLUMN', 'refs': ['FFRS:67C']})"
BM-1F_ROOF-B1-BL028-6CB|DEVELOPMENT_2,BM-1F_ROOF-B1-BL028-6CB,SIMPLE_BEAM,B1,,DEVELOPMENT_2,ANCHORAGE,MASS,BLOCKED_UNQUANTIFIED,,,,,,,,,,,,,,,,,,,Q1,"development / anchorage: no beam-source development rule (note 9 70Ø / 40Ø is starter-bar context only; no 40D, 70D, code, Urban default or external value is used) - Q1 at end 2 ({'kind': 'COLUMN', 'refs': ['FFRS:67C']})"
BM-1F_ROOF-B1-BL028-6CB|OPENING_EXTRA_TOP,BM-1F_ROOF-B1-BL028-6CB,SIMPLE_BEAM,B1,,OPENING_EXTRA_TOP,SPECIAL_DETAIL_BAR,MASS,NOT_APPLICABLE,,,,,,,,,,,,,,,,,,,,no source-identified physical opening in this beam (26 opening objects checked project-wide; the generic opening detail is not applied globally)
BM-1F_ROOF-B1-BL028-6CB|OPENING_EXTRA_BOTTOM,BM-1F_ROOF-B1-BL028-6CB,SIMPLE_BEAM,B1,,OPENING_EXTRA_BOTTOM,SPECIAL_DETAIL_BAR,MASS,NOT_APPLICABLE,,,,,,,,,,,,,,,,,,,,no source-identified physical opening in this beam (26 opening objects checked project-wide; the generic opening detail is not applied globally)
BM-1F_ROOF-B1-BL028-6CB|OPENING_EXTRA_SIDE,BM-1F_ROOF-B1-BL028-6CB,SIMPLE_BEAM,B1,,OPENING_EXTRA_SIDE,SPECIAL_DETAIL_BAR,MASS,NOT_APPLICABLE,,,,,,,,,,,,,,,,,,,,no source-identified physical opening in this beam (26 opening objects checked project-wide; the generic opening detail is not applied globally)
BM-1F_ROOF-B1-BL028-6CB|OPENING_EXTRA_STIRRUP,BM-1F_ROOF-B1-BL028-6CB,SIMPLE_BEAM,B1,,OPENING_EXTRA_STIRRUP,BEAM_STIRRUP,MASS,NOT_APPLICABLE,,,,,,,,,,,,,,,,,,,,no source-identified physical opening in this beam (26 opening objects checked project-wide; the generic opening detail is not applied globally)
BM-1F_ROOF-B1-BL028-6CB|OTHER_EXPLICIT_EXTRA,BM-1F_ROOF-B1-BL028-6CB,SIMPLE_BEAM,B1,,OTHER_EXPLICIT_EXTRA,SPECIAL_DETAIL_BAR,MASS,NOT_APPLICABLE,,,,,,,,,,,,,,,,,,,,no other explicit extra scheduled or detailed for this occurrence
BM-1F_ROOF-B11-BL025-6D8|TOP_MAIN|BM-1F_ROOF-B11-BL025-6D8:TOP_MAIN,BM-1F_ROOF-B11-BL025-6D8,SIMPLE_BEAM,B11,,TOP_MAIN,BEAM_TOP_BAR,MASS,LOWER_BOUND,SOURCE_BOUND,BM-1F_ROOF-B11-BL025-6D8:TOP_MAIN,,12,2,4.748,9.496,0.888889,8.440889,,,SOURCE_VERIFIED,NOT_ESTABLISHED,,,,"[""development / anchorage into the supports: no beam-source rule (note 9 70Ø/40Ø is for starter bars only; the slab 0.25L / 0.30L rules are never borrowed)"", ""DEVELOPMENT / ANCHORAGE at the end supports (not source-established)"", ""BAR-END HOOK / BEND at the end supports (not detailed)""]",,,development / anchorage into the supports: no beam-source rule (note 9 70Ø/40Ø is for starter bars only; the slab 0.25L / 0.30L rules are never borrowed); DEVELOPMENT / ANCHORAGE at the end supports (not source-established); BAR-END HOOK / BEND at the end supports (not detailed)
BM-1F_ROOF-B11-BL025-6D8|BOTTOM_MAIN|BM-1F_ROOF-B11-BL025-6D8:BOTTOM_MAIN,BM-1F_ROOF-B11-BL025-6D8,SIMPLE_BEAM,B11,,BOTTOM_MAIN,BEAM_BOTTOM_BAR,MASS,LOWER_BOUND,SOURCE_BOUND,BM-1F_ROOF-B11-BL025-6D8:BOTTOM_MAIN,,18,6,4.748,28.488,2.0,56.976,,,SOURCE_VERIFIED,NOT_ESTABLISHED,,,,"[""development / anchorage into the supports: no beam-source rule (note 9 70Ø/40Ø is for starter bars only; the slab 0.25L / 0.30L rules are never borrowed)"", ""DEVELOPMENT / ANCHORAGE at the end supports (not source-established)"", ""BAR-END HOOK / BEND at the end supports (not detailed)""]",,,development / anchorage into the supports: no beam-source rule (note 9 70Ø/40Ø is for starter bars only; the slab 0.25L / 0.30L rules are never borrowed); DEVELOPMENT / ANCHORAGE at the end supports (not source-established); BAR-END HOOK / BEND at the end supports (not detailed)
BM-1F_ROOF-B11-BL025-6D8|TOP_SUPPORT,BM-1F_ROOF-B11-BL025-6D8,SIMPLE_BEAM,B11,,TOP_SUPPORT,BEAM_EXTRA_BAR,MASS,NOT_APPLICABLE,,,,,,,,,,,,,,,,,,,,not scheduled in the SBT (no support bar field in the SBT)
BM-1F_ROOF-B11-BL025-6D8|BOTTOM_SUPPORT,BM-1F_ROOF-B11-BL025-6D8,SIMPLE_BEAM,B11,,BOTTOM_SUPPORT,BEAM_EXTRA_BAR,MASS,NOT_APPLICABLE,,,,,,,,,,,,,,,,,,,,not scheduled in the SBT (no bottom extra field in the SBT)
BM-1F_ROOF-B11-BL025-6D8|MID_TOP,BM-1F_ROOF-B11-BL025-6D8,SIMPLE_BEAM,B11,,MID_TOP,BEAM_EXTRA_BAR,MASS,NOT_APPLICABLE,,,,,,,,,,,,,,,,,,,,a simple beam has one span and no interior support; the SBT has no MID field
BM-1F_ROOF-B11-BL025-6D8|MID_BOTTOM,BM-1F_ROOF-B11-BL025-6D8,SIMPLE_BEAM,B11,,MID_BOTTOM,BEAM_EXTRA_BAR,MASS,NOT_APPLICABLE,,,,,,,,,,,,,,,,,,,,a simple beam has one span and no interior support; the SBT has no MID field
BM-1F_ROOF-B11-BL025-6D8|HANGER,BM-1F_ROOF-B11-BL025-6D8,SIMPLE_BEAM,B11,,HANGER,BEAM_EXTRA_BAR,MASS,NOT_APPLICABLE,,,,,,,,,,,,,,,,,,,,ABSENT: no hanger field and no hanger detail (TOP BARS listed; no hanger role asserted)
BM-1F_ROOF-B11-BL025-6D8|SIDE_REBAR,BM-1F_ROOF-B11-BL025-6D8,SIMPLE_BEAM,B11,,SIDE_REBAR,BEAM_SIDE_BAR,MASS,BLOCKED_UNQUANTIFIED,,,,12,2,,,,,,,,,,2%%C12/30cm,30.0,,,Q6,side bars '2%%C12/30cm' printed (2Ø12/30.0cm): '/30cm' semantics not established (per face or total; vertical spacing or other; bar length; end treatment) - never silently read as a vertical spacing (Q6) - quantity / mass not source-quantified
BM-1F_ROOF-B11-BL025-6D8|STIRRUP_COUNT|SPAN1,BM-1F_ROOF-B11-BL025-6D8,SIMPLE_BEAM,B11,,STIRRUP_COUNT,BEAM_STIRRUP,COUNT,LOWER_BOUND,SOURCE_BOUND,,1,8,,,,,,29,30,,,,,,,,,first / last stirrup position not stated; no +1
BM-1F_ROOF-B11-BL025-6D8|STIRRUP_CORE_PATH|SPAN1,BM-1F_ROOF-B11-BL025-6D8,SIMPLE_BEAM,B11,,STIRRUP_CORE_PATH,BEAM_STIRRUP,MASS,BLOCKED_UNQUANTIFIED,,,1,8,,,,,,,,,,,,,,"[""LEGS / TOPOLOGY UNRESOLVED"", ""HOOKS BLOCKED_UNQUANTIFIED"", ""LEGS / LINK TOPOLOGY NOT_ESTABLISHED"", ""STIRRUP HOOKS NOT_ESTABLISHED""]",Q7,"stirrup mass needs legs, path, hooks and section; missing: LEGS / TOPOLOGY UNRESOLVED; HOOKS BLOCKED_UNQUANTIFIED; LEGS / LINK TOPOLOGY NOT_ESTABLISHED; STIRRUP HOOKS NOT_ESTABLISHED"
BM-1F_ROOF-B11-BL025-6D8|HOOK_1,BM-1F_ROOF-B11-BL025-6D8,SIMPLE_BEAM,B11,,HOOK_1,ANCHORAGE,MASS,BLOCKED_UNQUANTIFIED,,,,,,,,,,,,,,,,,,,Q1,"bar-end hook / bend: end legs drawn N.T.S. without a dimension; no project hook source; column hook rules are not imported - Q1 at end 1 ({'kind': 'BEAM_CROSSING', 'refs': ['BL008']})"
BM-1F_ROOF-B11-BL025-6D8|DEVELOPMENT_1,BM-1F_ROOF-B11-BL025-6D8,SIMPLE_BEAM,B11,,DEVELOPMENT_1,ANCHORAGE,MASS,BLOCKED_UNQUANTIFIED,,,,,,,,,,,,,,,,,,,Q1,"development / anchorage: no beam-source development rule (note 9 70Ø / 40Ø is starter-bar context only; no 40D, 70D, code, Urban default or external value is used) - Q1 at end 1 ({'kind': 'BEAM_CROSSING', 'refs': ['BL008']})"
BM-1F_ROOF-B11-BL025-6D8|HOOK_2,BM-1F_ROOF-B11-BL025-6D8,SIMPLE_BEAM,B11,,HOOK_2,ANCHORAGE,MASS,BLOCKED_UNQUANTIFIED,,,,,,,,,,,,,,,,,,,Q1,"bar-end hook / bend: end legs drawn N.T.S. without a dimension; no project hook source; column hook rules are not imported - Q1 at end 2 ({'kind': 'BEAM_CARRIED_BY', 'refs': ['BL006']})"
BM-1F_ROOF-B11-BL025-6D8|DEVELOPMENT_2,BM-1F_ROOF-B11-BL025-6D8,SIMPLE_BEAM,B11,,DEVELOPMENT_2,ANCHORAGE,MASS,BLOCKED_UNQUANTIFIED,,,,,,,,,,,,,,,,,,,Q1,"development / anchorage: no beam-source development rule (note 9 70Ø / 40Ø is starter-bar context only; no 40D, 70D, code, Urban default or external value is used) - Q1 at end 2 ({'kind': 'BEAM_CARRIED_BY', 'refs': ['BL006']})"
BM-1F_ROOF-B11-BL025-6D8|OPENING_EXTRA_TOP,BM-1F_ROOF-B11-BL025-6D8,SIMPLE_BEAM,B11,,OPENING_EXTRA_TOP,SPECIAL_DETAIL_BAR,MASS,NOT_APPLICABLE,,,,,,,,,,,,,,,,,,,,no source-identified physical opening in this beam (26 opening objects checked project-wide; the generic opening detail is not applied globally)
BM-1F_ROOF-B11-BL025-6D8|OPENING_EXTRA_BOTTOM,BM-1F_ROOF-B11-BL025-6D8,SIMPLE_BEAM,B11,,OPENING_EXTRA_BOTTOM,SPECIAL_DETAIL_BAR,MASS,NOT_APPLICABLE,,,,,,,,,,,,,,,,,,,,no source-identified physical opening in this beam (26 opening objects checked project-wide; the generic opening detail is not applied globally)
BM-1F_ROOF-B11-BL025-6D8|OPENING_EXTRA_SIDE,BM-1F_ROOF-B11-BL025-6D8,SIMPLE_BEAM,B11,,OPENING_EXTRA_SIDE,SPECIAL_DETAIL_BAR,MASS,NOT_APPLICABLE,,,,,,,,,,,,,,,,,,,,no source-identified physical opening in this beam (26 opening objects checked project-wide; the generic opening detail is not applied globally)
BM-1F_ROOF-B11-BL025-6D8|OPENING_EXTRA_STIRRUP,BM-1F_ROOF-B11-BL025-6D8,SIMPLE_BEAM,B11,,OPENING_EXTRA_STIRRUP,BEAM_STIRRUP,MASS,NOT_APPLICABLE,,,,,,,,,,,,,,,,,,,,no source-identified physical opening in this beam (26 opening objects checked project-wide; the generic opening detail is not applied globally)
BM-1F_ROOF-B11-BL025-6D8|OTHER_EXPLICIT_EXTRA,BM-1F_ROOF-B11-BL025-6D8,SIMPLE_BEAM,B11,,OTHER_EXPLICIT_EXTRA,SPECIAL_DETAIL_BAR,MASS,NOT_APPLICABLE,,,,,,,,,,,,,,,,,,,,no other explicit extra scheduled or detailed for this occurrence
BM-1F_ROOF-B18-BL008-6ED|TOP_MAIN|BM-1F_ROOF-B18-BL008-6ED:TOP_MAIN,BM-1F_ROOF-B18-BL008-6ED,SIMPLE_BEAM,B18,,TOP_MAIN,BEAM_TOP_BAR,MASS,LOWER_BOUND,SOURCE_BOUND,BM-1F_ROOF-B18-BL008-6ED:TOP_MAIN,,14,3,4.85,14.55,1.209877,17.603704,,,SOURCE_VERIFIED,NOT_ESTABLISHED,,,,"[""development / anchorage into the supports: no beam-source rule (note 9 70Ø/40Ø is for starter bars only; the slab 0.25L / 0.30L rules are never borrowed)"", ""DEVELOPMENT / ANCHORAGE at the end supports (not source-established)"", ""BAR-END HOOK / BEND at the end supports (not detailed)""]",,,development / anchorage into the supports: no beam-source rule (note 9 70Ø/40Ø is for starter bars only; the slab 0.25L / 0.30L rules are never borrowed); DEVELOPMENT / ANCHORAGE at the end supports (not source-established); BAR-END HOOK / BEND at the end supports (not detailed)
BM-1F_ROOF-B18-BL008-6ED|BOTTOM_MAIN|BM-1F_ROOF-B18-BL008-6ED:BOTTOM_MAIN,BM-1F_ROOF-B18-BL008-6ED,SIMPLE_BEAM,B18,,BOTTOM_MAIN,BEAM_BOTTOM_BAR,MASS,LOWER_BOUND,SOURCE_BOUND,BM-1F_ROOF-B18-BL008-6ED:BOTTOM_MAIN,,18,10,4.85,48.5,2.0,97.0,,,SOURCE_VERIFIED,NOT_ESTABLISHED,,,,"[""development / anchorage into the supports: no beam-source rule (note 9 70Ø/40Ø is for starter bars only; the slab 0.25L / 0.30L rules are never borrowed)"", ""DEVELOPMENT / ANCHORAGE at the end supports (not source-established)"", ""BAR-END HOOK / BEND at the end supports (not detailed)""]",,,development / anchorage into the supports: no beam-source rule (note 9 70Ø/40Ø is for starter bars only; the slab 0.25L / 0.30L rules are never borrowed); DEVELOPMENT / ANCHORAGE at the end supports (not source-established); BAR-END HOOK / BEND at the end supports (not detailed)
BM-1F_ROOF-B18-BL008-6ED|TOP_SUPPORT,BM-1F_ROOF-B18-BL008-6ED,SIMPLE_BEAM,B18,,TOP_SUPPORT,BEAM_EXTRA_BAR,MASS,NOT_APPLICABLE,,,,,,,,,,,,,,,,,,,,not scheduled in the SBT (no support bar field in the SBT)
BM-1F_ROOF-B18-BL008-6ED|BOTTOM_SUPPORT,BM-1F_ROOF-B18-BL008-6ED,SIMPLE_BEAM,B18,,BOTTOM_SUPPORT,BEAM_EXTRA_BAR,MASS,NOT_APPLICABLE,,,,,,,,,,,,,,,,,,,,not scheduled in the SBT (no bottom extra field in the SBT)
BM-1F_ROOF-B18-BL008-6ED|MID_TOP,BM-1F_ROOF-B18-BL008-6ED,SIMPLE_BEAM,B18,,MID_TOP,BEAM_EXTRA_BAR,MASS,NOT_APPLICABLE,,,,,,,,,,,,,,,,,,,,a simple beam has one span and no interior support; the SBT has no MID field
BM-1F_ROOF-B18-BL008-6ED|MID_BOTTOM,BM-1F_ROOF-B18-BL008-6ED,SIMPLE_BEAM,B18,,MID_BOTTOM,BEAM_EXTRA_BAR,MASS,NOT_APPLICABLE,,,,,,,,,,,,,,,,,,,,a simple beam has one span and no interior support; the SBT has no MID field
BM-1F_ROOF-B18-BL008-6ED|HANGER,BM-1F_ROOF-B18-BL008-6ED,SIMPLE_BEAM,B18,,HANGER,BEAM_EXTRA_BAR,MASS,NOT_APPLICABLE,,,,,,,,,,,,,,,,,,,,ABSENT: no hanger field and no hanger detail (TOP BARS listed; no hanger role asserted)
BM-1F_ROOF-B18-BL008-6ED|SIDE_REBAR,BM-1F_ROOF-B18-BL008-6ED,SIMPLE_BEAM,B18,,SIDE_REBAR,BEAM_SIDE_BAR,MASS,BLOCKED_UNQUANTIFIED,,,,12,2,,,,,,,,,,2%%C12/30cm,30.0,,,Q6,side bars '2%%C12/30cm' printed (2Ø12/30.0cm): '/30cm' semantics not established (per face or total; vertical spacing or other; bar length; end treatment) - never silently read as a vertical spacing (Q6) - quantity / mass not source-quantified
BM-1F_ROOF-B18-BL008-6ED|STIRRUP_COUNT|SPAN1,BM-1F_ROOF-B18-BL008-6ED,SIMPLE_BEAM,B18,,STIRRUP_COUNT,BEAM_STIRRUP,COUNT,LOWER_BOUND,SOURCE_BOUND,,1,8,,,,,,25,26,,,,,,,,,first / last stirrup position not stated; no +1
BM-1F_ROOF-B18-BL008-6ED|STIRRUP_CORE_PATH|SPAN1,BM-1F_ROOF-B18-BL008-6ED,SIMPLE_BEAM,B18,,STIRRUP_CORE_PATH,BEAM_STIRRUP,MASS,BLOCKED_UNQUANTIFIED,,,1,8,,,,,,,,,,,,,,"[""LEGS / TOPOLOGY UNRESOLVED"", ""HOOKS BLOCKED_UNQUANTIFIED"", ""LEGS / LINK TOPOLOGY NOT_ESTABLISHED"", ""STIRRUP HOOKS NOT_ESTABLISHED""]",Q7,"stirrup mass needs legs, path, hooks and section; missing: LEGS / TOPOLOGY UNRESOLVED; HOOKS BLOCKED_UNQUANTIFIED; LEGS / LINK TOPOLOGY NOT_ESTABLISHED; STIRRUP HOOKS NOT_ESTABLISHED"
BM-1F_ROOF-B18-BL008-6ED|HOOK_1,BM-1F_ROOF-B18-BL008-6ED,SIMPLE_BEAM,B18,,HOOK_1,ANCHORAGE,MASS,BLOCKED_UNQUANTIFIED,,,,,,,,,,,,,,,,,,,Q1,"bar-end hook / bend: end legs drawn N.T.S. without a dimension; no project hook source; column hook rules are not imported - Q1 at end 1 ({'kind': 'BEAM_CARRIED_BY', 'refs': ['BL024']})"
BM-1F_ROOF-B18-BL008-6ED|DEVELOPMENT_1,BM-1F_ROOF-B18-BL008-6ED,SIMPLE_BEAM,B18,,DEVELOPMENT_1,ANCHORAGE,MASS,BLOCKED_UNQUANTIFIED,,,,,,,,,,,,,,,,,,,Q1,"development / anchorage: no beam-source development rule (note 9 70Ø / 40Ø is starter-bar context only; no 40D, 70D, code, Urban default or external value is used) - Q1 at end 1 ({'kind': 'BEAM_CARRIED_BY', 'refs': ['BL024']})"
BM-1F_ROOF-B18-BL008-6ED|HOOK_2,BM-1F_ROOF-B18-BL008-6ED,SIMPLE_BEAM,B18,,HOOK_2,ANCHORAGE,MASS,BLOCKED_UNQUANTIFIED,,,,,,,,,,,,,,,,,,,Q1,"bar-end hook / bend: end legs drawn N.T.S. without a dimension; no project hook source; column hook rules are not imported - Q1 at end 2 ({'kind': 'BEAM_CROSSING', 'refs': ['BL025']})"
BM-1F_ROOF-B18-BL008-6ED|DEVELOPMENT_2,BM-1F_ROOF-B18-BL008-6ED,SIMPLE_BEAM,B18,,DEVELOPMENT_2,ANCHORAGE,MASS,BLOCKED_UNQUANTIFIED,,,,,,,,,,,,,,,,,,,Q1,"development / anchorage: no beam-source development rule (note 9 70Ø / 40Ø is starter-bar context only; no 40D, 70D, code, Urban default or external value is used) - Q1 at end 2 ({'kind': 'BEAM_CROSSING', 'refs': ['BL025']})"
BM-1F_ROOF-B18-BL008-6ED|OPENING_EXTRA_TOP,BM-1F_ROOF-B18-BL008-6ED,SIMPLE_BEAM,B18,,OPENING_EXTRA_TOP,SPECIAL_DETAIL_BAR,MASS,NOT_APPLICABLE,,,,,,,,,,,,,,,,,,,,no source-identified physical opening in this beam (26 opening objects checked project-wide; the generic opening detail is not applied globally)
BM-1F_ROOF-B18-BL008-6ED|OPENING_EXTRA_BOTTOM,BM-1F_ROOF-B18-BL008-6ED,SIMPLE_BEAM,B18,,OPENING_EXTRA_BOTTOM,SPECIAL_DETAIL_BAR,MASS,NOT_APPLICABLE,,,,,,,,,,,,,,,,,,,,no source-identified physical opening in this beam (26 opening objects checked project-wide; the generic opening detail is not applied globally)
BM-1F_ROOF-B18-BL008-6ED|OPENING_EXTRA_SIDE,BM-1F_ROOF-B18-BL008-6ED,SIMPLE_BEAM,B18,,OPENING_EXTRA_SIDE,SPECIAL_DETAIL_BAR,MASS,NOT_APPLICABLE,,,,,,,,,,,,,,,,,,,,no source-identified physical opening in this beam (26 opening objects checked project-wide; the generic opening detail is not applied globally)
BM-1F_ROOF-B18-BL008-6ED|OPENING_EXTRA_STIRRUP,BM-1F_ROOF-B18-BL008-6ED,SIMPLE_BEAM,B18,,OPENING_EXTRA_STIRRUP,BEAM_STIRRUP,MASS,NOT_APPLICABLE,,,,,,,,,,,,,,,,,,,,no source-identified physical opening in this beam (26 opening objects checked project-wide; the generic opening detail is not applied globally)
BM-1F_ROOF-B18-BL008-6ED|OTHER_EXPLICIT_EXTRA,BM-1F_ROOF-B18-BL008-6ED,SIMPLE_BEAM,B18,,OTHER_EXPLICIT_EXTRA,SPECIAL_DETAIL_BAR,MASS,NOT_APPLICABLE,,,,,,,,,,,,,,,,,,,,no other explicit extra scheduled or detailed for this occurrence
BM-1F_ROOF-B19-BL029-6CF|TOP_MAIN|BM-1F_ROOF-B19-BL029-6CF:TOP_MAIN,BM-1F_ROOF-B19-BL029-6CF,SIMPLE_BEAM,B19,,TOP_MAIN,BEAM_TOP_BAR,MASS,LOWER_BOUND,SOURCE_BOUND,BM-1F_ROOF-B19-BL029-6CF:TOP_MAIN,,14,4,2.876,11.504,1.209877,13.91842,,,SOURCE_VERIFIED,NOT_ESTABLISHED,,,,"[""development / anchorage into the supports: no beam-source rule (note 9 70Ø/40Ø is for starter bars only; the slab 0.25L / 0.30L rules are never borrowed)"", ""DEVELOPMENT / ANCHORAGE at the end supports (not source-established)"", ""BAR-END HOOK / BEND at the end supports (not detailed)""]",,,development / anchorage into the supports: no beam-source rule (note 9 70Ø/40Ø is for starter bars only; the slab 0.25L / 0.30L rules are never borrowed); DEVELOPMENT / ANCHORAGE at the end supports (not source-established); BAR-END HOOK / BEND at the end supports (not detailed)
BM-1F_ROOF-B19-BL029-6CF|BOTTOM_MAIN|BM-1F_ROOF-B19-BL029-6CF:BOTTOM_MAIN,BM-1F_ROOF-B19-BL029-6CF,SIMPLE_BEAM,B19,,BOTTOM_MAIN,BEAM_BOTTOM_BAR,MASS,LOWER_BOUND,SOURCE_BOUND,BM-1F_ROOF-B19-BL029-6CF:BOTTOM_MAIN,,18,11,2.876,31.636,2.0,63.272,,,SOURCE_VERIFIED,NOT_ESTABLISHED,,,,"[""development / anchorage into the supports: no beam-source rule (note 9 70Ø/40Ø is for starter bars only; the slab 0.25L / 0.30L rules are never borrowed)"", ""DEVELOPMENT / ANCHORAGE at the end supports (not source-established)"", ""BAR-END HOOK / BEND at the end supports (not detailed)""]",,,development / anchorage into the supports: no beam-source rule (note 9 70Ø/40Ø is for starter bars only; the slab 0.25L / 0.30L rules are never borrowed); DEVELOPMENT / ANCHORAGE at the end supports (not source-established); BAR-END HOOK / BEND at the end supports (not detailed)
BM-1F_ROOF-B19-BL029-6CF|TOP_SUPPORT,BM-1F_ROOF-B19-BL029-6CF,SIMPLE_BEAM,B19,,TOP_SUPPORT,BEAM_EXTRA_BAR,MASS,NOT_APPLICABLE,,,,,,,,,,,,,,,,,,,,not scheduled in the SBT (no support bar field in the SBT)
BM-1F_ROOF-B19-BL029-6CF|BOTTOM_SUPPORT,BM-1F_ROOF-B19-BL029-6CF,SIMPLE_BEAM,B19,,BOTTOM_SUPPORT,BEAM_EXTRA_BAR,MASS,NOT_APPLICABLE,,,,,,,,,,,,,,,,,,,,not scheduled in the SBT (no bottom extra field in the SBT)
BM-1F_ROOF-B19-BL029-6CF|MID_TOP,BM-1F_ROOF-B19-BL029-6CF,SIMPLE_BEAM,B19,,MID_TOP,BEAM_EXTRA_BAR,MASS,NOT_APPLICABLE,,,,,,,,,,,,,,,,,,,,a simple beam has one span and no interior support; the SBT has no MID field
BM-1F_ROOF-B19-BL029-6CF|MID_BOTTOM,BM-1F_ROOF-B19-BL029-6CF,SIMPLE_BEAM,B19,,MID_BOTTOM,BEAM_EXTRA_BAR,MASS,NOT_APPLICABLE,,,,,,,,,,,,,,,,,,,,a simple beam has one span and no interior support; the SBT has no MID field
BM-1F_ROOF-B19-BL029-6CF|HANGER,BM-1F_ROOF-B19-BL029-6CF,SIMPLE_BEAM,B19,,HANGER,BEAM_EXTRA_BAR,MASS,NOT_APPLICABLE,,,,,,,,,,,,,,,,,,,,ABSENT: no hanger field and no hanger detail (TOP BARS listed; no hanger role asserted)
BM-1F_ROOF-B19-BL029-6CF|SIDE_REBAR,BM-1F_ROOF-B19-BL029-6CF,SIMPLE_BEAM,B19,,SIDE_REBAR,BEAM_SIDE_BAR,MASS,BLOCKED_UNQUANTIFIED,,,,14,2,,,,,,,,,,2%%C14/20cm,20.0,,,Q6,side bars '2%%C14/20cm' printed (2Ø14/20.0cm): '/30cm' semantics not established (per face or total; vertical spacing or other; bar length; end treatment) - never silently read as a vertical spacing (Q6) - quantity / mass not source-quantified
BM-1F_ROOF-B19-BL029-6CF|STIRRUP_COUNT|SPAN1,BM-1F_ROOF-B19-BL029-6CF,SIMPLE_BEAM,B19,,STIRRUP_COUNT,BEAM_STIRRUP,COUNT,LOWER_BOUND,SOURCE_BOUND,,1,10,,,,,,29,30,,,,,,,,,first / last stirrup position not stated; no +1
BM-1F_ROOF-B19-BL029-6CF|STIRRUP_CORE_PATH|SPAN1,BM-1F_ROOF-B19-BL029-6CF,SIMPLE_BEAM,B19,,STIRRUP_CORE_PATH,BEAM_STIRRUP,MASS,BLOCKED_UNQUANTIFIED,,,1,10,,,,,,,,,,,,,,"[""LEGS / TOPOLOGY UNRESOLVED"", ""HOOKS BLOCKED_UNQUANTIFIED"", ""LEGS / LINK TOPOLOGY NOT_ESTABLISHED"", ""STIRRUP HOOKS NOT_ESTABLISHED""]",Q7,"stirrup mass needs legs, path, hooks and section; missing: LEGS / TOPOLOGY UNRESOLVED; HOOKS BLOCKED_UNQUANTIFIED; LEGS / LINK TOPOLOGY NOT_ESTABLISHED; STIRRUP HOOKS NOT_ESTABLISHED"
BM-1F_ROOF-B19-BL029-6CF|HOOK_1,BM-1F_ROOF-B19-BL029-6CF,SIMPLE_BEAM,B19,,HOOK_1,ANCHORAGE,MASS,BLOCKED_UNQUANTIFIED,,,,,,,,,,,,,,,,,,,Q1,"bar-end hook / bend: end legs drawn N.T.S. without a dimension; no project hook source; column hook rules are not imported - Q1 at end 1 ({'kind': 'COLUMN', 'refs': ['FFRS:679']})"
BM-1F_ROOF-B19-BL029-6CF|DEVELOPMENT_1,BM-1F_ROOF-B19-BL029-6CF,SIMPLE_BEAM,B19,,DEVELOPMENT_1,ANCHORAGE,MASS,BLOCKED_UNQUANTIFIED,,,,,,,,,,,,,,,,,,,Q1,"development / anchorage: no beam-source development rule (note 9 70Ø / 40Ø is starter-bar context only; no 40D, 70D, code, Urban default or external value is used) - Q1 at end 1 ({'kind': 'COLUMN', 'refs': ['FFRS:679']})"
BM-1F_ROOF-B19-BL029-6CF|HOOK_2,BM-1F_ROOF-B19-BL029-6CF,SIMPLE_BEAM,B19,,HOOK_2,ANCHORAGE,MASS,BLOCKED_UNQUANTIFIED,,,,,,,,,,,,,,,,,,,Q1,"bar-end hook / bend: end legs drawn N.T.S. without a dimension; no project hook source; column hook rules are not imported - Q1 at end 2 ({'kind': 'BEAM_CROSSING', 'refs': ['BL014']})"
BM-1F_ROOF-B19-BL029-6CF|DEVELOPMENT_2,BM-1F_ROOF-B19-BL029-6CF,SIMPLE_BEAM,B19,,DEVELOPMENT_2,ANCHORAGE,MASS,BLOCKED_UNQUANTIFIED,,,,,,,,,,,,,,,,,,,Q1,"development / anchorage: no beam-source development rule (note 9 70Ø / 40Ø is starter-bar context only; no 40D, 70D, code, Urban default or external value is used) - Q1 at end 2 ({'kind': 'BEAM_CROSSING', 'refs': ['BL014']})"
BM-1F_ROOF-B19-BL029-6CF|OPENING_EXTRA_TOP,BM-1F_ROOF-B19-BL029-6CF,SIMPLE_BEAM,B19,,OPENING_EXTRA_TOP,SPECIAL_DETAIL_BAR,MASS,NOT_APPLICABLE,,,,,,,,,,,,,,,,,,,,no source-identified physical opening in this beam (26 opening objects checked project-wide; the generic opening detail is not applied globally)
BM-1F_ROOF-B19-BL029-6CF|OPENING_EXTRA_BOTTOM,BM-1F_ROOF-B19-BL029-6CF,SIMPLE_BEAM,B19,,OPENING_EXTRA_BOTTOM,SPECIAL_DETAIL_BAR,MASS,NOT_APPLICABLE,,,,,,,,,,,,,,,,,,,,no source-identified physical opening in this beam (26 opening objects checked project-wide; the generic opening detail is not applied globally)
BM-1F_ROOF-B19-BL029-6CF|OPENING_EXTRA_SIDE,BM-1F_ROOF-B19-BL029-6CF,SIMPLE_BEAM,B19,,OPENING_EXTRA_SIDE,SPECIAL_DETAIL_BAR,MASS,NOT_APPLICABLE,,,,,,,,,,,,,,,,,,,,no source-identified physical opening in this beam (26 opening objects checked project-wide; the generic opening detail is not applied globally)
BM-1F_ROOF-B19-BL029-6CF|OPENING_EXTRA_STIRRUP,BM-1F_ROOF-B19-BL029-6CF,SIMPLE_BEAM,B19,,OPENING_EXTRA_STIRRUP,BEAM_STIRRUP,MASS,NOT_APPLICABLE,,,,,,,,,,,,,,,,,,,,no source-identified physical opening in this beam (26 opening objects checked project-wide; the generic opening detail is not applied globally)
BM-1F_ROOF-B19-BL029-6CF|OTHER_EXPLICIT_EXTRA,BM-1F_ROOF-B19-BL029-6CF,SIMPLE_BEAM,B19,,OTHER_EXPLICIT_EXTRA,SPECIAL_DETAIL_BAR,MASS,NOT_APPLICABLE,,,,,,,,,,,,,,,,,,,,no other explicit extra scheduled or detailed for this occurrence
BM-1F_ROOF-B2-BL016-6C9|TOP_MAIN|BM-1F_ROOF-B2-BL016-6C9:TOP_MAIN,BM-1F_ROOF-B2-BL016-6C9,SIMPLE_BEAM,B2,,TOP_MAIN,BEAM_TOP_BAR,MASS,LOWER_BOUND,SOURCE_BOUND,BM-1F_ROOF-B2-BL016-6C9:TOP_MAIN,,12,2,3.0,6.0,0.888889,5.333333,,,SOURCE_VERIFIED,NOT_ESTABLISHED,,,,"[""development / anchorage into the supports: no beam-source rule (note 9 70Ø/40Ø is for starter bars only; the slab 0.25L / 0.30L rules are never borrowed)"", ""DEVELOPMENT / ANCHORAGE at the end supports (not source-established)"", ""BAR-END HOOK / BEND at the end supports (not detailed)""]",,,development / anchorage into the supports: no beam-source rule (note 9 70Ø/40Ø is for starter bars only; the slab 0.25L / 0.30L rules are never borrowed); DEVELOPMENT / ANCHORAGE at the end supports (not source-established); BAR-END HOOK / BEND at the end supports (not detailed)
BM-1F_ROOF-B2-BL016-6C9|BOTTOM_MAIN|BM-1F_ROOF-B2-BL016-6C9:BOTTOM_MAIN,BM-1F_ROOF-B2-BL016-6C9,SIMPLE_BEAM,B2,,BOTTOM_MAIN,BEAM_BOTTOM_BAR,MASS,LOWER_BOUND,SOURCE_BOUND,BM-1F_ROOF-B2-BL016-6C9:BOTTOM_MAIN,,16,3,3.0,9.0,1.580247,14.222222,,,SOURCE_VERIFIED,NOT_ESTABLISHED,,,,"[""development / anchorage into the supports: no beam-source rule (note 9 70Ø/40Ø is for starter bars only; the slab 0.25L / 0.30L rules are never borrowed)"", ""DEVELOPMENT / ANCHORAGE at the end supports (not source-established)"", ""BAR-END HOOK / BEND at the end supports (not detailed)""]",,,development / anchorage into the supports: no beam-source rule (note 9 70Ø/40Ø is for starter bars only; the slab 0.25L / 0.30L rules are never borrowed); DEVELOPMENT / ANCHORAGE at the end supports (not source-established); BAR-END HOOK / BEND at the end supports (not detailed)
BM-1F_ROOF-B2-BL016-6C9|TOP_SUPPORT,BM-1F_ROOF-B2-BL016-6C9,SIMPLE_BEAM,B2,,TOP_SUPPORT,BEAM_EXTRA_BAR,MASS,NOT_APPLICABLE,,,,,,,,,,,,,,,,,,,,not scheduled in the SBT (no support bar field in the SBT)
BM-1F_ROOF-B2-BL016-6C9|BOTTOM_SUPPORT,BM-1F_ROOF-B2-BL016-6C9,SIMPLE_BEAM,B2,,BOTTOM_SUPPORT,BEAM_EXTRA_BAR,MASS,NOT_APPLICABLE,,,,,,,,,,,,,,,,,,,,not scheduled in the SBT (no bottom extra field in the SBT)
BM-1F_ROOF-B2-BL016-6C9|MID_TOP,BM-1F_ROOF-B2-BL016-6C9,SIMPLE_BEAM,B2,,MID_TOP,BEAM_EXTRA_BAR,MASS,NOT_APPLICABLE,,,,,,,,,,,,,,,,,,,,a simple beam has one span and no interior support; the SBT has no MID field
BM-1F_ROOF-B2-BL016-6C9|MID_BOTTOM,BM-1F_ROOF-B2-BL016-6C9,SIMPLE_BEAM,B2,,MID_BOTTOM,BEAM_EXTRA_BAR,MASS,NOT_APPLICABLE,,,,,,,,,,,,,,,,,,,,a simple beam has one span and no interior support; the SBT has no MID field
BM-1F_ROOF-B2-BL016-6C9|HANGER,BM-1F_ROOF-B2-BL016-6C9,SIMPLE_BEAM,B2,,HANGER,BEAM_EXTRA_BAR,MASS,NOT_APPLICABLE,,,,,,,,,,,,,,,,,,,,ABSENT: no hanger field and no hanger detail (TOP BARS listed; no hanger role asserted)
BM-1F_ROOF-B2-BL016-6C9|SIDE_REBAR,BM-1F_ROOF-B2-BL016-6C9,SIMPLE_BEAM,B2,,SIDE_REBAR,BEAM_SIDE_BAR,MASS,NOT_APPLICABLE,,,,,,,,,,,,,,,,,,,,no side bars printed; depth 40.0 cm
BM-1F_ROOF-B2-BL016-6C9|STIRRUP_COUNT|SPAN1,BM-1F_ROOF-B2-BL016-6C9,SIMPLE_BEAM,B2,,STIRRUP_COUNT,BEAM_STIRRUP,COUNT,LOWER_BOUND,SOURCE_BOUND,,1,8,,,,,,18,19,,,,,,,,,first / last stirrup position not stated; no +1
BM-1F_ROOF-B2-BL016-6C9|STIRRUP_CORE_PATH|SPAN1,BM-1F_ROOF-B2-BL016-6C9,SIMPLE_BEAM,B2,,STIRRUP_CORE_PATH,BEAM_STIRRUP,MASS,BLOCKED_UNQUANTIFIED,,,1,8,,,,,,,,,,,,,,"[""LEGS / TOPOLOGY UNRESOLVED"", ""HOOKS BLOCKED_UNQUANTIFIED"", ""LEGS / LINK TOPOLOGY NOT_ESTABLISHED"", ""STIRRUP HOOKS NOT_ESTABLISHED""]",Q7,"stirrup mass needs legs, path, hooks and section; missing: LEGS / TOPOLOGY UNRESOLVED; HOOKS BLOCKED_UNQUANTIFIED; LEGS / LINK TOPOLOGY NOT_ESTABLISHED; STIRRUP HOOKS NOT_ESTABLISHED"
BM-1F_ROOF-B2-BL016-6C9|HOOK_1,BM-1F_ROOF-B2-BL016-6C9,SIMPLE_BEAM,B2,,HOOK_1,ANCHORAGE,MASS,BLOCKED_UNQUANTIFIED,,,,,,,,,,,,,,,,,,,Q1,"bar-end hook / bend: end legs drawn N.T.S. without a dimension; no project hook source; column hook rules are not imported - Q1 at end 1 ({'kind': 'COLUMN', 'refs': ['FFRS:67C']})"
BM-1F_ROOF-B2-BL016-6C9|DEVELOPMENT_1,BM-1F_ROOF-B2-BL016-6C9,SIMPLE_BEAM,B2,,DEVELOPMENT_1,ANCHORAGE,MASS,BLOCKED_UNQUANTIFIED,,,,,,,,,,,,,,,,,,,Q1,"development / anchorage: no beam-source development rule (note 9 70Ø / 40Ø is starter-bar context only; no 40D, 70D, code, Urban default or external value is used) - Q1 at end 1 ({'kind': 'COLUMN', 'refs': ['FFRS:67C']})"
BM-1F_ROOF-B2-BL016-6C9|HOOK_2,BM-1F_ROOF-B2-BL016-6C9,SIMPLE_BEAM,B2,,HOOK_2,ANCHORAGE,MASS,BLOCKED_UNQUANTIFIED,,,,,,,,,,,,,,,,,,,Q1,"bar-end hook / bend: end legs drawn N.T.S. without a dimension; no project hook source; column hook rules are not imported - Q1 at end 2 ({'kind': 'BEAM_CARRIED_BY', 'refs': ['BL023']})"
BM-1F_ROOF-B2-BL016-6C9|DEVELOPMENT_2,BM-1F_ROOF-B2-BL016-6C9,SIMPLE_BEAM,B2,,DEVELOPMENT_2,ANCHORAGE,MASS,BLOCKED_UNQUANTIFIED,,,,,,,,,,,,,,,,,,,Q1,"development / anchorage: no beam-source development rule (note 9 70Ø / 40Ø is starter-bar context only; no 40D, 70D, code, Urban default or external value is used) - Q1 at end 2 ({'kind': 'BEAM_CARRIED_BY', 'refs': ['BL023']})"
BM-1F_ROOF-B2-BL016-6C9|OPENING_EXTRA_TOP,BM-1F_ROOF-B2-BL016-6C9,SIMPLE_BEAM,B2,,OPENING_EXTRA_TOP,SPECIAL_DETAIL_BAR,MASS,NOT_APPLICABLE,,,,,,,,,,,,,,,,,,,,no source-identified physical opening in this beam (26 opening objects checked project-wide; the generic opening detail is not applied globally)
BM-1F_ROOF-B2-BL016-6C9|OPENING_EXTRA_BOTTOM,BM-1F_ROOF-B2-BL016-6C9,SIMPLE_BEAM,B2,,OPENING_EXTRA_BOTTOM,SPECIAL_DETAIL_BAR,MASS,NOT_APPLICABLE,,,,,,,,,,,,,,,,,,,,no source-identified physical opening in this beam (26 opening objects checked project-wide; the generic opening detail is not applied globally)
BM-1F_ROOF-B2-BL016-6C9|OPENING_EXTRA_SIDE,BM-1F_ROOF-B2-BL016-6C9,SIMPLE_BEAM,B2,,OPENING_EXTRA_SIDE,SPECIAL_DETAIL_BAR,MASS,NOT_APPLICABLE,,,,,,,,,,,,,,,,,,,,no source-identified physical opening in this beam (26 opening objects checked project-wide; the generic opening detail is not applied globally)
BM-1F_ROOF-B2-BL016-6C9|OPENING_EXTRA_STIRRUP,BM-1F_ROOF-B2-BL016-6C9,SIMPLE_BEAM,B2,,OPENING_EXTRA_STIRRUP,BEAM_STIRRUP,MASS,NOT_APPLICABLE,,,,,,,,,,,,,,,,,,,,no source-identified physical opening in this beam (26 opening objects checked project-wide; the generic opening detail is not applied globally)
BM-1F_ROOF-B2-BL016-6C9|OTHER_EXPLICIT_EXTRA,BM-1F_ROOF-B2-BL016-6C9,SIMPLE_BEAM,B2,,OTHER_EXPLICIT_EXTRA,SPECIAL_DETAIL_BAR,MASS,NOT_APPLICABLE,,,,,,,,,,,,,,,,,,,,no other explicit extra scheduled or detailed for this occurrence
BM-1F_ROOF-B2-BL017-6CA|TOP_MAIN|BM-1F_ROOF-B2-BL017-6CA:TOP_MAIN,BM-1F_ROOF-B2-BL017-6CA,SIMPLE_BEAM,B2,,TOP_MAIN,BEAM_TOP_BAR,MASS,LOWER_BOUND,SOURCE_BOUND,BM-1F_ROOF-B2-BL017-6CA:TOP_MAIN,,12,2,2.7,5.4,0.888889,4.8,,,SOURCE_VERIFIED,NOT_ESTABLISHED,,,,"[""development / anchorage into the supports: no beam-source rule (note 9 70Ø/40Ø is for starter bars only; the slab 0.25L / 0.30L rules are never borrowed)"", ""DEVELOPMENT / ANCHORAGE at the end supports (not source-established)"", ""BAR-END HOOK / BEND at the end supports (not detailed)""]",,,development / anchorage into the supports: no beam-source rule (note 9 70Ø/40Ø is for starter bars only; the slab 0.25L / 0.30L rules are never borrowed); DEVELOPMENT / ANCHORAGE at the end supports (not source-established); BAR-END HOOK / BEND at the end supports (not detailed)
BM-1F_ROOF-B2-BL017-6CA|BOTTOM_MAIN|BM-1F_ROOF-B2-BL017-6CA:BOTTOM_MAIN,BM-1F_ROOF-B2-BL017-6CA,SIMPLE_BEAM,B2,,BOTTOM_MAIN,BEAM_BOTTOM_BAR,MASS,LOWER_BOUND,SOURCE_BOUND,BM-1F_ROOF-B2-BL017-6CA:BOTTOM_MAIN,,16,3,2.7,8.1,1.580247,12.8,,,SOURCE_VERIFIED,NOT_ESTABLISHED,,,,"[""development / anchorage into the supports: no beam-source rule (note 9 70Ø/40Ø is for starter bars only; the slab 0.25L / 0.30L rules are never borrowed)"", ""DEVELOPMENT / ANCHORAGE at the end supports (not source-established)"", ""BAR-END HOOK / BEND at the end supports (not detailed)""]",,,development / anchorage into the supports: no beam-source rule (note 9 70Ø/40Ø is for starter bars only; the slab 0.25L / 0.30L rules are never borrowed); DEVELOPMENT / ANCHORAGE at the end supports (not source-established); BAR-END HOOK / BEND at the end supports (not detailed)
BM-1F_ROOF-B2-BL017-6CA|TOP_SUPPORT,BM-1F_ROOF-B2-BL017-6CA,SIMPLE_BEAM,B2,,TOP_SUPPORT,BEAM_EXTRA_BAR,MASS,NOT_APPLICABLE,,,,,,,,,,,,,,,,,,,,not scheduled in the SBT (no support bar field in the SBT)
BM-1F_ROOF-B2-BL017-6CA|BOTTOM_SUPPORT,BM-1F_ROOF-B2-BL017-6CA,SIMPLE_BEAM,B2,,BOTTOM_SUPPORT,BEAM_EXTRA_BAR,MASS,NOT_APPLICABLE,,,,,,,,,,,,,,,,,,,,not scheduled in the SBT (no bottom extra field in the SBT)
BM-1F_ROOF-B2-BL017-6CA|MID_TOP,BM-1F_ROOF-B2-BL017-6CA,SIMPLE_BEAM,B2,,MID_TOP,BEAM_EXTRA_BAR,MASS,NOT_APPLICABLE,,,,,,,,,,,,,,,,,,,,a simple beam has one span and no interior support; the SBT has no MID field
BM-1F_ROOF-B2-BL017-6CA|MID_BOTTOM,BM-1F_ROOF-B2-BL017-6CA,SIMPLE_BEAM,B2,,MID_BOTTOM,BEAM_EXTRA_BAR,MASS,NOT_APPLICABLE,,,,,,,,,,,,,,,,,,,,a simple beam has one span and no interior support; the SBT has no MID field
BM-1F_ROOF-B2-BL017-6CA|HANGER,BM-1F_ROOF-B2-BL017-6CA,SIMPLE_BEAM,B2,,HANGER,BEAM_EXTRA_BAR,MASS,NOT_APPLICABLE,,,,,,,,,,,,,,,,,,,,ABSENT: no hanger field and no hanger detail (TOP BARS listed; no hanger role asserted)
BM-1F_ROOF-B2-BL017-6CA|SIDE_REBAR,BM-1F_ROOF-B2-BL017-6CA,SIMPLE_BEAM,B2,,SIDE_REBAR,BEAM_SIDE_BAR,MASS,NOT_APPLICABLE,,,,,,,,,,,,,,,,,,,,no side bars printed; depth 40.0 cm
BM-1F_ROOF-B2-BL017-6CA|STIRRUP_COUNT|SPAN1,BM-1F_ROOF-B2-BL017-6CA,SIMPLE_BEAM,B2,,STIRRUP_COUNT,BEAM_STIRRUP,COUNT,LOWER_BOUND,SOURCE_BOUND,,1,8,,,,,,17,18,,,,,,,,,first / last stirrup position not stated; no +1
BM-1F_ROOF-B2-BL017-6CA|STIRRUP_CORE_PATH|SPAN1,BM-1F_ROOF-B2-BL017-6CA,SIMPLE_BEAM,B2,,STIRRUP_CORE_PATH,BEAM_STIRRUP,MASS,BLOCKED_UNQUANTIFIED,,,1,8,,,,,,,,,,,,,,"[""LEGS / TOPOLOGY UNRESOLVED"", ""HOOKS BLOCKED_UNQUANTIFIED"", ""LEGS / LINK TOPOLOGY NOT_ESTABLISHED"", ""STIRRUP HOOKS NOT_ESTABLISHED""]",Q7,"stirrup mass needs legs, path, hooks and section; missing: LEGS / TOPOLOGY UNRESOLVED; HOOKS BLOCKED_UNQUANTIFIED; LEGS / LINK TOPOLOGY NOT_ESTABLISHED; STIRRUP HOOKS NOT_ESTABLISHED"
BM-1F_ROOF-B2-BL017-6CA|HOOK_1,BM-1F_ROOF-B2-BL017-6CA,SIMPLE_BEAM,B2,,HOOK_1,ANCHORAGE,MASS,BLOCKED_UNQUANTIFIED,,,,,,,,,,,,,,,,,,,Q1,"bar-end hook / bend: end legs drawn N.T.S. without a dimension; no project hook source; column hook rules are not imported - Q1 at end 1 ({'kind': 'COLUMN', 'refs': ['FFRS:682']})"
BM-1F_ROOF-B2-BL017-6CA|DEVELOPMENT_1,BM-1F_ROOF-B2-BL017-6CA,SIMPLE_BEAM,B2,,DEVELOPMENT_1,ANCHORAGE,MASS,BLOCKED_UNQUANTIFIED,,,,,,,,,,,,,,,,,,,Q1,"development / anchorage: no beam-source development rule (note 9 70Ø / 40Ø is starter-bar context only; no 40D, 70D, code, Urban default or external value is used) - Q1 at end 1 ({'kind': 'COLUMN', 'refs': ['FFRS:682']})"
BM-1F_ROOF-B2-BL017-6CA|HOOK_2,BM-1F_ROOF-B2-BL017-6CA,SIMPLE_BEAM,B2,,HOOK_2,ANCHORAGE,MASS,BLOCKED_UNQUANTIFIED,,,,,,,,,,,,,,,,,,,Q1,"bar-end hook / bend: end legs drawn N.T.S. without a dimension; no project hook source; column hook rules are not imported - Q1 at end 2 ({'kind': 'COLUMN', 'refs': ['FFRS:670']})"
BM-1F_ROOF-B2-BL017-6CA|DEVELOPMENT_2,BM-1F_ROOF-B2-BL017-6CA,SIMPLE_BEAM,B2,,DEVELOPMENT_2,ANCHORAGE,MASS,BLOCKED_UNQUANTIFIED,,,,,,,,,,,,,,,,,,,Q1,"development / anchorage: no beam-source development rule (note 9 70Ø / 40Ø is starter-bar context only; no 40D, 70D, code, Urban default or external value is used) - Q1 at end 2 ({'kind': 'COLUMN', 'refs': ['FFRS:670']})"
BM-1F_ROOF-B2-BL017-6CA|OPENING_EXTRA_TOP,BM-1F_ROOF-B2-BL017-6CA,SIMPLE_BEAM,B2,,OPENING_EXTRA_TOP,SPECIAL_DETAIL_BAR,MASS,NOT_APPLICABLE,,,,,,,,,,,,,,,,,,,,no source-identified physical opening in this beam (26 opening objects checked project-wide; the generic opening detail is not applied globally)
BM-1F_ROOF-B2-BL017-6CA|OPENING_EXTRA_BOTTOM,BM-1F_ROOF-B2-BL017-6CA,SIMPLE_BEAM,B2,,OPENING_EXTRA_BOTTOM,SPECIAL_DETAIL_BAR,MASS,NOT_APPLICABLE,,,,,,,,,,,,,,,,,,,,no source-identified physical opening in this beam (26 opening objects checked project-wide; the generic opening detail is not applied globally)
BM-1F_ROOF-B2-BL017-6CA|OPENING_EXTRA_SIDE,BM-1F_ROOF-B2-BL017-6CA,SIMPLE_BEAM,B2,,OPENING_EXTRA_SIDE,SPECIAL_DETAIL_BAR,MASS,NOT_APPLICABLE,,,,,,,,,,,,,,,,,,,,no source-identified physical opening in this beam (26 opening objects checked project-wide; the generic opening detail is not applied globally)
BM-1F_ROOF-B2-BL017-6CA|OPENING_EXTRA_STIRRUP,BM-1F_ROOF-B2-BL017-6CA,SIMPLE_BEAM,B2,,OPENING_EXTRA_STIRRUP,BEAM_STIRRUP,MASS,NOT_APPLICABLE,,,,,,,,,,,,,,,,,,,,no source-identified physical opening in this beam (26 opening objects checked project-wide; the generic opening detail is not applied globally)
BM-1F_ROOF-B2-BL017-6CA|OTHER_EXPLICIT_EXTRA,BM-1F_ROOF-B2-BL017-6CA,SIMPLE_BEAM,B2,,OTHER_EXPLICIT_EXTRA,SPECIAL_DETAIL_BAR,MASS,NOT_APPLICABLE,,,,,,,,,,,,,,,,,,,,no other explicit extra scheduled or detailed for this occurrence
BM-1F_ROOF-B2-BL019-6BA|TOP_MAIN|BM-1F_ROOF-B2-BL019-6BA:TOP_MAIN,BM-1F_ROOF-B2-BL019-6BA,SIMPLE_BEAM,B2,,TOP_MAIN,BEAM_TOP_BAR,MASS,LOWER_BOUND,SOURCE_BOUND,BM-1F_ROOF-B2-BL019-6BA:TOP_MAIN,,12,2,2.7,5.4,0.888889,4.8,,,SOURCE_VERIFIED,NOT_ESTABLISHED,,,,"[""development / anchorage into the supports: no beam-source rule (note 9 70Ø/40Ø is for starter bars only; the slab 0.25L / 0.30L rules are never borrowed)"", ""DEVELOPMENT / ANCHORAGE at the end supports (not source-established)"", ""BAR-END HOOK / BEND at the end supports (not detailed)""]",,,development / anchorage into the supports: no beam-source rule (note 9 70Ø/40Ø is for starter bars only; the slab 0.25L / 0.30L rules are never borrowed); DEVELOPMENT / ANCHORAGE at the end supports (not source-established); BAR-END HOOK / BEND at the end supports (not detailed)
BM-1F_ROOF-B2-BL019-6BA|BOTTOM_MAIN|BM-1F_ROOF-B2-BL019-6BA:BOTTOM_MAIN,BM-1F_ROOF-B2-BL019-6BA,SIMPLE_BEAM,B2,,BOTTOM_MAIN,BEAM_BOTTOM_BAR,MASS,LOWER_BOUND,SOURCE_BOUND,BM-1F_ROOF-B2-BL019-6BA:BOTTOM_MAIN,,16,3,2.7,8.1,1.580247,12.8,,,SOURCE_VERIFIED,NOT_ESTABLISHED,,,,"[""development / anchorage into the supports: no beam-source rule (note 9 70Ø/40Ø is for starter bars only; the slab 0.25L / 0.30L rules are never borrowed)"", ""DEVELOPMENT / ANCHORAGE at the end supports (not source-established)"", ""BAR-END HOOK / BEND at the end supports (not detailed)""]",,,development / anchorage into the supports: no beam-source rule (note 9 70Ø/40Ø is for starter bars only; the slab 0.25L / 0.30L rules are never borrowed); DEVELOPMENT / ANCHORAGE at the end supports (not source-established); BAR-END HOOK / BEND at the end supports (not detailed)
BM-1F_ROOF-B2-BL019-6BA|TOP_SUPPORT,BM-1F_ROOF-B2-BL019-6BA,SIMPLE_BEAM,B2,,TOP_SUPPORT,BEAM_EXTRA_BAR,MASS,NOT_APPLICABLE,,,,,,,,,,,,,,,,,,,,not scheduled in the SBT (no support bar field in the SBT)
BM-1F_ROOF-B2-BL019-6BA|BOTTOM_SUPPORT,BM-1F_ROOF-B2-BL019-6BA,SIMPLE_BEAM,B2,,BOTTOM_SUPPORT,BEAM_EXTRA_BAR,MASS,NOT_APPLICABLE,,,,,,,,,,,,,,,,,,,,not scheduled in the SBT (no bottom extra field in the SBT)
BM-1F_ROOF-B2-BL019-6BA|MID_TOP,BM-1F_ROOF-B2-BL019-6BA,SIMPLE_BEAM,B2,,MID_TOP,BEAM_EXTRA_BAR,MASS,NOT_APPLICABLE,,,,,,,,,,,,,,,,,,,,a simple beam has one span and no interior support; the SBT has no MID field
BM-1F_ROOF-B2-BL019-6BA|MID_BOTTOM,BM-1F_ROOF-B2-BL019-6BA,SIMPLE_BEAM,B2,,MID_BOTTOM,BEAM_EXTRA_BAR,MASS,NOT_APPLICABLE,,,,,,,,,,,,,,,,,,,,a simple beam has one span and no interior support; the SBT has no MID field
BM-1F_ROOF-B2-BL019-6BA|HANGER,BM-1F_ROOF-B2-BL019-6BA,SIMPLE_BEAM,B2,,HANGER,BEAM_EXTRA_BAR,MASS,NOT_APPLICABLE,,,,,,,,,,,,,,,,,,,,ABSENT: no hanger field and no hanger detail (TOP BARS listed; no hanger role asserted)
BM-1F_ROOF-B2-BL019-6BA|SIDE_REBAR,BM-1F_ROOF-B2-BL019-6BA,SIMPLE_BEAM,B2,,SIDE_REBAR,BEAM_SIDE_BAR,MASS,NOT_APPLICABLE,,,,,,,,,,,,,,,,,,,,no side bars printed; depth 40.0 cm
BM-1F_ROOF-B2-BL019-6BA|STIRRUP_COUNT|SPAN1,BM-1F_ROOF-B2-BL019-6BA,SIMPLE_BEAM,B2,,STIRRUP_COUNT,BEAM_STIRRUP,COUNT,LOWER_BOUND,SOURCE_BOUND,,1,8,,,,,,17,18,,,,,,,,,first / last stirrup position not stated; no +1
BM-1F_ROOF-B2-BL019-6BA|STIRRUP_CORE_PATH|SPAN1,BM-1F_ROOF-B2-BL019-6BA,SIMPLE_BEAM,B2,,STIRRUP_CORE_PATH,BEAM_STIRRUP,MASS,BLOCKED_UNQUANTIFIED,,,1,8,,,,,,,,,,,,,,"[""LEGS / TOPOLOGY UNRESOLVED"", ""HOOKS BLOCKED_UNQUANTIFIED"", ""LEGS / LINK TOPOLOGY NOT_ESTABLISHED"", ""STIRRUP HOOKS NOT_ESTABLISHED""]",Q7,"stirrup mass needs legs, path, hooks and section; missing: LEGS / TOPOLOGY UNRESOLVED; HOOKS BLOCKED_UNQUANTIFIED; LEGS / LINK TOPOLOGY NOT_ESTABLISHED; STIRRUP HOOKS NOT_ESTABLISHED"
BM-1F_ROOF-B2-BL019-6BA|HOOK_1,BM-1F_ROOF-B2-BL019-6BA,SIMPLE_BEAM,B2,,HOOK_1,ANCHORAGE,MASS,BLOCKED_UNQUANTIFIED,,,,,,,,,,,,,,,,,,,Q1,"bar-end hook / bend: end legs drawn N.T.S. without a dimension; no project hook source; column hook rules are not imported - Q1 at end 1 ({'kind': 'COLUMN', 'refs': ['FFRS:691']})"
BM-1F_ROOF-B2-BL019-6BA|DEVELOPMENT_1,BM-1F_ROOF-B2-BL019-6BA,SIMPLE_BEAM,B2,,DEVELOPMENT_1,ANCHORAGE,MASS,BLOCKED_UNQUANTIFIED,,,,,,,,,,,,,,,,,,,Q1,"development / anchorage: no beam-source development rule (note 9 70Ø / 40Ø is starter-bar context only; no 40D, 70D, code, Urban default or external value is used) - Q1 at end 1 ({'kind': 'COLUMN', 'refs': ['FFRS:691']})"
BM-1F_ROOF-B2-BL019-6BA|HOOK_2,BM-1F_ROOF-B2-BL019-6BA,SIMPLE_BEAM,B2,,HOOK_2,ANCHORAGE,MASS,BLOCKED_UNQUANTIFIED,,,,,,,,,,,,,,,,,,,Q1,"bar-end hook / bend: end legs drawn N.T.S. without a dimension; no project hook source; column hook rules are not imported - Q1 at end 2 ({'kind': 'COLUMN', 'refs': ['FFRS:66D']})"
BM-1F_ROOF-B2-BL019-6BA|DEVELOPMENT_2,BM-1F_ROOF-B2-BL019-6BA,SIMPLE_BEAM,B2,,DEVELOPMENT_2,ANCHORAGE,MASS,BLOCKED_UNQUANTIFIED,,,,,,,,,,,,,,,,,,,Q1,"development / anchorage: no beam-source development rule (note 9 70Ø / 40Ø is starter-bar context only; no 40D, 70D, code, Urban default or external value is used) - Q1 at end 2 ({'kind': 'COLUMN', 'refs': ['FFRS:66D']})"
BM-1F_ROOF-B2-BL019-6BA|OPENING_EXTRA_TOP,BM-1F_ROOF-B2-BL019-6BA,SIMPLE_BEAM,B2,,OPENING_EXTRA_TOP,SPECIAL_DETAIL_BAR,MASS,NOT_APPLICABLE,,,,,,,,,,,,,,,,,,,,no source-identified physical opening in this beam (26 opening objects checked project-wide; the generic opening detail is not applied globally)
BM-1F_ROOF-B2-BL019-6BA|OPENING_EXTRA_BOTTOM,BM-1F_ROOF-B2-BL019-6BA,SIMPLE_BEAM,B2,,OPENING_EXTRA_BOTTOM,SPECIAL_DETAIL_BAR,MASS,NOT_APPLICABLE,,,,,,,,,,,,,,,,,,,,no source-identified physical opening in this beam (26 opening objects checked project-wide; the generic opening detail is not applied globally)
BM-1F_ROOF-B2-BL019-6BA|OPENING_EXTRA_SIDE,BM-1F_ROOF-B2-BL019-6BA,SIMPLE_BEAM,B2,,OPENING_EXTRA_SIDE,SPECIAL_DETAIL_BAR,MASS,NOT_APPLICABLE,,,,,,,,,,,,,,,,,,,,no source-identified physical opening in this beam (26 opening objects checked project-wide; the generic opening detail is not applied globally)
BM-1F_ROOF-B2-BL019-6BA|OPENING_EXTRA_STIRRUP,BM-1F_ROOF-B2-BL019-6BA,SIMPLE_BEAM,B2,,OPENING_EXTRA_STIRRUP,BEAM_STIRRUP,MASS,NOT_APPLICABLE,,,,,,,,,,,,,,,,,,,,no source-identified physical opening in this beam (26 opening objects checked project-wide; the generic opening detail is not applied globally)
BM-1F_ROOF-B2-BL019-6BA|OTHER_EXPLICIT_EXTRA,BM-1F_ROOF-B2-BL019-6BA,SIMPLE_BEAM,B2,,OTHER_EXPLICIT_EXTRA,SPECIAL_DETAIL_BAR,MASS,NOT_APPLICABLE,,,,,,,,,,,,,,,,,,,,no other explicit extra scheduled or detailed for this occurrence
BM-1F_ROOF-B23-BL009-74B|TOP_MAIN|BM-1F_ROOF-B23-BL009-74B:TOP_MAIN,BM-1F_ROOF-B23-BL009-74B,SIMPLE_BEAM,B23,,TOP_MAIN,BEAM_TOP_BAR,MASS,LOWER_BOUND,SOURCE_BOUND,BM-1F_ROOF-B23-BL009-74B:TOP_MAIN,,18,11,3.3,36.3,2.0,72.6,,,SOURCE_VERIFIED,NOT_ESTABLISHED,,,,"[""development / anchorage into the supports: no beam-source rule (note 9 70Ø/40Ø is for starter bars only; the slab 0.25L / 0.30L rules are never borrowed)"", ""DEVELOPMENT / ANCHORAGE at the end supports (not source-established)"", ""BAR-END HOOK / BEND at the end supports (not detailed)""]",,,development / anchorage into the supports: no beam-source rule (note 9 70Ø/40Ø is for starter bars only; the slab 0.25L / 0.30L rules are never borrowed); DEVELOPMENT / ANCHORAGE at the end supports (not source-established); BAR-END HOOK / BEND at the end supports (not detailed)
BM-1F_ROOF-B23-BL009-74B|BOTTOM_MAIN|BM-1F_ROOF-B23-BL009-74B:BOTTOM_MAIN,BM-1F_ROOF-B23-BL009-74B,SIMPLE_BEAM,B23,,BOTTOM_MAIN,BEAM_BOTTOM_BAR,MASS,LOWER_BOUND,SOURCE_BOUND,BM-1F_ROOF-B23-BL009-74B:BOTTOM_MAIN,,18,11,3.3,36.3,2.0,72.6,,,SOURCE_VERIFIED,NOT_ESTABLISHED,,,,"[""development / anchorage into the supports: no beam-source rule (note 9 70Ø/40Ø is for starter bars only; the slab 0.25L / 0.30L rules are never borrowed)"", ""DEVELOPMENT / ANCHORAGE at the end supports (not source-established)"", ""BAR-END HOOK / BEND at the end supports (not detailed)""]",,,development / anchorage into the supports: no beam-source rule (note 9 70Ø/40Ø is for starter bars only; the slab 0.25L / 0.30L rules are never borrowed); DEVELOPMENT / ANCHORAGE at the end supports (not source-established); BAR-END HOOK / BEND at the end supports (not detailed)
BM-1F_ROOF-B23-BL009-74B|TOP_SUPPORT,BM-1F_ROOF-B23-BL009-74B,SIMPLE_BEAM,B23,,TOP_SUPPORT,BEAM_EXTRA_BAR,MASS,NOT_APPLICABLE,,,,,,,,,,,,,,,,,,,,not scheduled in the SBT (no support bar field in the SBT)
BM-1F_ROOF-B23-BL009-74B|BOTTOM_SUPPORT,BM-1F_ROOF-B23-BL009-74B,SIMPLE_BEAM,B23,,BOTTOM_SUPPORT,BEAM_EXTRA_BAR,MASS,NOT_APPLICABLE,,,,,,,,,,,,,,,,,,,,not scheduled in the SBT (no bottom extra field in the SBT)
BM-1F_ROOF-B23-BL009-74B|MID_TOP,BM-1F_ROOF-B23-BL009-74B,SIMPLE_BEAM,B23,,MID_TOP,BEAM_EXTRA_BAR,MASS,NOT_APPLICABLE,,,,,,,,,,,,,,,,,,,,a simple beam has one span and no interior support; the SBT has no MID field
BM-1F_ROOF-B23-BL009-74B|MID_BOTTOM,BM-1F_ROOF-B23-BL009-74B,SIMPLE_BEAM,B23,,MID_BOTTOM,BEAM_EXTRA_BAR,MASS,NOT_APPLICABLE,,,,,,,,,,,,,,,,,,,,a simple beam has one span and no interior support; the SBT has no MID field
BM-1F_ROOF-B23-BL009-74B|HANGER,BM-1F_ROOF-B23-BL009-74B,SIMPLE_BEAM,B23,,HANGER,BEAM_EXTRA_BAR,MASS,NOT_APPLICABLE,,,,,,,,,,,,,,,,,,,,ABSENT: no hanger field and no hanger detail (TOP BARS listed; no hanger role asserted)
BM-1F_ROOF-B23-BL009-74B|SIDE_REBAR,BM-1F_ROOF-B23-BL009-74B,SIMPLE_BEAM,B23,,SIDE_REBAR,BEAM_SIDE_BAR,MASS,BLOCKED_UNQUANTIFIED,,,,12,2,,,,,,,,,,2%%C12/30cm,30.0,,,Q6,side bars '2%%C12/30cm' printed (2Ø12/30.0cm): '/30cm' semantics not established (per face or total; vertical spacing or other; bar length; end treatment) - never silently read as a vertical spacing (Q6) - quantity / mass not source-quantified
BM-1F_ROOF-B23-BL009-74B|STIRRUP_COUNT|SPAN1,BM-1F_ROOF-B23-BL009-74B,SIMPLE_BEAM,B23,,STIRRUP_COUNT,BEAM_STIRRUP,COUNT,LOWER_BOUND,SOURCE_BOUND,,1,8,,,,,,33,34,,,,,,,,,first / last stirrup position not stated; no +1
BM-1F_ROOF-B23-BL009-74B|STIRRUP_CORE_PATH|SPAN1,BM-1F_ROOF-B23-BL009-74B,SIMPLE_BEAM,B23,,STIRRUP_CORE_PATH,BEAM_STIRRUP,MASS,BLOCKED_UNQUANTIFIED,,,1,8,,,,,,,,,,,,,,"[""LEGS / TOPOLOGY UNRESOLVED"", ""HOOKS BLOCKED_UNQUANTIFIED"", ""LEGS / LINK TOPOLOGY NOT_ESTABLISHED"", ""STIRRUP HOOKS NOT_ESTABLISHED""]",Q7,"stirrup mass needs legs, path, hooks and section; missing: LEGS / TOPOLOGY UNRESOLVED; HOOKS BLOCKED_UNQUANTIFIED; LEGS / LINK TOPOLOGY NOT_ESTABLISHED; STIRRUP HOOKS NOT_ESTABLISHED"
BM-1F_ROOF-B23-BL009-74B|HOOK_1,BM-1F_ROOF-B23-BL009-74B,SIMPLE_BEAM,B23,,HOOK_1,ANCHORAGE,MASS,BLOCKED_UNQUANTIFIED,,,,,,,,,,,,,,,,,,,Q1,"bar-end hook / bend: end legs drawn N.T.S. without a dimension; no project hook source; column hook rules are not imported - Q1 at end 1 ({'kind': 'COLUMN', 'refs': ['FFRS:68E']})"
BM-1F_ROOF-B23-BL009-74B|DEVELOPMENT_1,BM-1F_ROOF-B23-BL009-74B,SIMPLE_BEAM,B23,,DEVELOPMENT_1,ANCHORAGE,MASS,BLOCKED_UNQUANTIFIED,,,,,,,,,,,,,,,,,,,Q1,"development / anchorage: no beam-source development rule (note 9 70Ø / 40Ø is starter-bar context only; no 40D, 70D, code, Urban default or external value is used) - Q1 at end 1 ({'kind': 'COLUMN', 'refs': ['FFRS:68E']})"
BM-1F_ROOF-B23-BL009-74B|HOOK_2,BM-1F_ROOF-B23-BL009-74B,SIMPLE_BEAM,B23,,HOOK_2,ANCHORAGE,MASS,BLOCKED_UNQUANTIFIED,,,,,,,,,,,,,,,,,,,Q1,"bar-end hook / bend: end legs drawn N.T.S. without a dimension; no project hook source; column hook rules are not imported - Q1 at end 2 ({'kind': 'COLUMN', 'refs': ['FFRS:67F']})"
BM-1F_ROOF-B23-BL009-74B|DEVELOPMENT_2,BM-1F_ROOF-B23-BL009-74B,SIMPLE_BEAM,B23,,DEVELOPMENT_2,ANCHORAGE,MASS,BLOCKED_UNQUANTIFIED,,,,,,,,,,,,,,,,,,,Q1,"development / anchorage: no beam-source development rule (note 9 70Ø / 40Ø is starter-bar context only; no 40D, 70D, code, Urban default or external value is used) - Q1 at end 2 ({'kind': 'COLUMN', 'refs': ['FFRS:67F']})"
BM-1F_ROOF-B23-BL009-74B|OPENING_EXTRA_TOP,BM-1F_ROOF-B23-BL009-74B,SIMPLE_BEAM,B23,,OPENING_EXTRA_TOP,SPECIAL_DETAIL_BAR,MASS,NOT_APPLICABLE,,,,,,,,,,,,,,,,,,,,no source-identified physical opening in this beam (26 opening objects checked project-wide; the generic opening detail is not applied globally)
BM-1F_ROOF-B23-BL009-74B|OPENING_EXTRA_BOTTOM,BM-1F_ROOF-B23-BL009-74B,SIMPLE_BEAM,B23,,OPENING_EXTRA_BOTTOM,SPECIAL_DETAIL_BAR,MASS,NOT_APPLICABLE,,,,,,,,,,,,,,,,,,,,no source-identified physical opening in this beam (26 opening objects checked project-wide; the generic opening detail is not applied globally)
BM-1F_ROOF-B23-BL009-74B|OPENING_EXTRA_SIDE,BM-1F_ROOF-B23-BL009-74B,SIMPLE_BEAM,B23,,OPENING_EXTRA_SIDE,SPECIAL_DETAIL_BAR,MASS,NOT_APPLICABLE,,,,,,,,,,,,,,,,,,,,no source-identified physical opening in this beam (26 opening objects checked project-wide; the generic opening detail is not applied globally)
BM-1F_ROOF-B23-BL009-74B|OPENING_EXTRA_STIRRUP,BM-1F_ROOF-B23-BL009-74B,SIMPLE_BEAM,B23,,OPENING_EXTRA_STIRRUP,BEAM_STIRRUP,MASS,NOT_APPLICABLE,,,,,,,,,,,,,,,,,,,,no source-identified physical opening in this beam (26 opening objects checked project-wide; the generic opening detail is not applied globally)
BM-1F_ROOF-B23-BL009-74B|OTHER_EXPLICIT_EXTRA,BM-1F_ROOF-B23-BL009-74B,SIMPLE_BEAM,B23,,OTHER_EXPLICIT_EXTRA,SPECIAL_DETAIL_BAR,MASS,NOT_APPLICABLE,,,,,,,,,,,,,,,,,,,,no other explicit extra scheduled or detailed for this occurrence
BM-1F_ROOF-B25-BL006-6D1|TOP_MAIN|BM-1F_ROOF-B25-BL006-6D1:TOP_MAIN,BM-1F_ROOF-B25-BL006-6D1,SIMPLE_BEAM,B25,,TOP_MAIN,BEAM_TOP_BAR,MASS,LOWER_BOUND,SOURCE_BOUND,BM-1F_ROOF-B25-BL006-6D1:TOP_MAIN,,14,5,6.909,34.545,1.209877,41.795185,,,SOURCE_VERIFIED,NOT_ESTABLISHED,,,,"[""development / anchorage into the supports: no beam-source rule (note 9 70Ø/40Ø is for starter bars only; the slab 0.25L / 0.30L rules are never borrowed)"", ""DEVELOPMENT / ANCHORAGE at the end supports (not source-established)"", ""BAR-END HOOK / BEND at the end supports (not detailed)""]",,,development / anchorage into the supports: no beam-source rule (note 9 70Ø/40Ø is for starter bars only; the slab 0.25L / 0.30L rules are never borrowed); DEVELOPMENT / ANCHORAGE at the end supports (not source-established); BAR-END HOOK / BEND at the end supports (not detailed)
BM-1F_ROOF-B25-BL006-6D1|BOTTOM_MAIN|BM-1F_ROOF-B25-BL006-6D1:BOTTOM_MAIN,BM-1F_ROOF-B25-BL006-6D1,SIMPLE_BEAM,B25,,BOTTOM_MAIN,BEAM_BOTTOM_BAR,MASS,LOWER_BOUND,SOURCE_BOUND,BM-1F_ROOF-B25-BL006-6D1:BOTTOM_MAIN,,18,15,6.909,103.635,2.0,207.27,,,SOURCE_VERIFIED,NOT_ESTABLISHED,,,,"[""development / anchorage into the supports: no beam-source rule (note 9 70Ø/40Ø is for starter bars only; the slab 0.25L / 0.30L rules are never borrowed)"", ""DEVELOPMENT / ANCHORAGE at the end supports (not source-established)"", ""BAR-END HOOK / BEND at the end supports (not detailed)""]",,,development / anchorage into the supports: no beam-source rule (note 9 70Ø/40Ø is for starter bars only; the slab 0.25L / 0.30L rules are never borrowed); DEVELOPMENT / ANCHORAGE at the end supports (not source-established); BAR-END HOOK / BEND at the end supports (not detailed)
BM-1F_ROOF-B25-BL006-6D1|TOP_SUPPORT,BM-1F_ROOF-B25-BL006-6D1,SIMPLE_BEAM,B25,,TOP_SUPPORT,BEAM_EXTRA_BAR,MASS,NOT_APPLICABLE,,,,,,,,,,,,,,,,,,,,not scheduled in the SBT (no support bar field in the SBT)
BM-1F_ROOF-B25-BL006-6D1|BOTTOM_SUPPORT,BM-1F_ROOF-B25-BL006-6D1,SIMPLE_BEAM,B25,,BOTTOM_SUPPORT,BEAM_EXTRA_BAR,MASS,NOT_APPLICABLE,,,,,,,,,,,,,,,,,,,,not scheduled in the SBT (no bottom extra field in the SBT)
BM-1F_ROOF-B25-BL006-6D1|MID_TOP,BM-1F_ROOF-B25-BL006-6D1,SIMPLE_BEAM,B25,,MID_TOP,BEAM_EXTRA_BAR,MASS,NOT_APPLICABLE,,,,,,,,,,,,,,,,,,,,a simple beam has one span and no interior support; the SBT has no MID field
BM-1F_ROOF-B25-BL006-6D1|MID_BOTTOM,BM-1F_ROOF-B25-BL006-6D1,SIMPLE_BEAM,B25,,MID_BOTTOM,BEAM_EXTRA_BAR,MASS,NOT_APPLICABLE,,,,,,,,,,,,,,,,,,,,a simple beam has one span and no interior support; the SBT has no MID field
BM-1F_ROOF-B25-BL006-6D1|HANGER,BM-1F_ROOF-B25-BL006-6D1,SIMPLE_BEAM,B25,,HANGER,BEAM_EXTRA_BAR,MASS,NOT_APPLICABLE,,,,,,,,,,,,,,,,,,,,ABSENT: no hanger field and no hanger detail (TOP BARS listed; no hanger role asserted)
BM-1F_ROOF-B25-BL006-6D1|SIDE_REBAR,BM-1F_ROOF-B25-BL006-6D1,SIMPLE_BEAM,B25,,SIDE_REBAR,BEAM_SIDE_BAR,MASS,BLOCKED_UNQUANTIFIED,,,,12,2,,,,,,,,,,2%%C12/30cm,30.0,,,Q6,side bars '2%%C12/30cm' printed (2Ø12/30.0cm): '/30cm' semantics not established (per face or total; vertical spacing or other; bar length; end treatment) - never silently read as a vertical spacing (Q6) - quantity / mass not source-quantified
BM-1F_ROOF-B25-BL006-6D1|STIRRUP_COUNT|SPAN1,BM-1F_ROOF-B25-BL006-6D1,SIMPLE_BEAM,B25,,STIRRUP_COUNT,BEAM_STIRRUP,COUNT,LOWER_BOUND,SOURCE_BOUND,,1,8,,,,,,42,43,,,,,,,,,first / last stirrup position not stated; no +1
BM-1F_ROOF-B25-BL006-6D1|STIRRUP_CORE_PATH|SPAN1,BM-1F_ROOF-B25-BL006-6D1,SIMPLE_BEAM,B25,,STIRRUP_CORE_PATH,BEAM_STIRRUP,MASS,BLOCKED_UNQUANTIFIED,,,1,8,,,,,,,,,,,,,,"[""LEGS / TOPOLOGY UNRESOLVED"", ""HOOKS BLOCKED_UNQUANTIFIED"", ""LEGS / LINK TOPOLOGY NOT_ESTABLISHED"", ""STIRRUP HOOKS NOT_ESTABLISHED""]",Q7,"stirrup mass needs legs, path, hooks and section; missing: LEGS / TOPOLOGY UNRESOLVED; HOOKS BLOCKED_UNQUANTIFIED; LEGS / LINK TOPOLOGY NOT_ESTABLISHED; STIRRUP HOOKS NOT_ESTABLISHED"
BM-1F_ROOF-B25-BL006-6D1|HOOK_1,BM-1F_ROOF-B25-BL006-6D1,SIMPLE_BEAM,B25,,HOOK_1,ANCHORAGE,MASS,BLOCKED_UNQUANTIFIED,,,,,,,,,,,,,,,,,,,Q1,"bar-end hook / bend: end legs drawn N.T.S. without a dimension; no project hook source; column hook rules are not imported - Q1 at end 1 ({'kind': 'BEAM_CARRIED_BY', 'refs': ['BL024']})"
BM-1F_ROOF-B25-BL006-6D1|DEVELOPMENT_1,BM-1F_ROOF-B25-BL006-6D1,SIMPLE_BEAM,B25,,DEVELOPMENT_1,ANCHORAGE,MASS,BLOCKED_UNQUANTIFIED,,,,,,,,,,,,,,,,,,,Q1,"development / anchorage: no beam-source development rule (note 9 70Ø / 40Ø is starter-bar context only; no 40D, 70D, code, Urban default or external value is used) - Q1 at end 1 ({'kind': 'BEAM_CARRIED_BY', 'refs': ['BL024']})"
BM-1F_ROOF-B25-BL006-6D1|HOOK_2,BM-1F_ROOF-B25-BL006-6D1,SIMPLE_BEAM,B25,,HOOK_2,ANCHORAGE,MASS,BLOCKED_UNQUANTIFIED,,,,,,,,,,,,,,,,,,,Q1,"bar-end hook / bend: end legs drawn N.T.S. without a dimension; no project hook source; column hook rules are not imported - Q1 at end 2 ({'kind': 'BEAM_CARRIED_BY', 'refs': ['BL029']})"
BM-1F_ROOF-B25-BL006-6D1|DEVELOPMENT_2,BM-1F_ROOF-B25-BL006-6D1,SIMPLE_BEAM,B25,,DEVELOPMENT_2,ANCHORAGE,MASS,BLOCKED_UNQUANTIFIED,,,,,,,,,,,,,,,,,,,Q1,"development / anchorage: no beam-source development rule (note 9 70Ø / 40Ø is starter-bar context only; no 40D, 70D, code, Urban default or external value is used) - Q1 at end 2 ({'kind': 'BEAM_CARRIED_BY', 'refs': ['BL029']})"
BM-1F_ROOF-B25-BL006-6D1|OPENING_EXTRA_TOP,BM-1F_ROOF-B25-BL006-6D1,SIMPLE_BEAM,B25,,OPENING_EXTRA_TOP,SPECIAL_DETAIL_BAR,MASS,NOT_APPLICABLE,,,,,,,,,,,,,,,,,,,,no source-identified physical opening in this beam (26 opening objects checked project-wide; the generic opening detail is not applied globally)
BM-1F_ROOF-B25-BL006-6D1|OPENING_EXTRA_BOTTOM,BM-1F_ROOF-B25-BL006-6D1,SIMPLE_BEAM,B25,,OPENING_EXTRA_BOTTOM,SPECIAL_DETAIL_BAR,MASS,NOT_APPLICABLE,,,,,,,,,,,,,,,,,,,,no source-identified physical opening in this beam (26 opening objects checked project-wide; the generic opening detail is not applied globally)
BM-1F_ROOF-B25-BL006-6D1|OPENING_EXTRA_SIDE,BM-1F_ROOF-B25-BL006-6D1,SIMPLE_BEAM,B25,,OPENING_EXTRA_SIDE,SPECIAL_DETAIL_BAR,MASS,NOT_APPLICABLE,,,,,,,,,,,,,,,,,,,,no source-identified physical opening in this beam (26 opening objects checked project-wide; the generic opening detail is not applied globally)
BM-1F_ROOF-B25-BL006-6D1|OPENING_EXTRA_STIRRUP,BM-1F_ROOF-B25-BL006-6D1,SIMPLE_BEAM,B25,,OPENING_EXTRA_STIRRUP,BEAM_STIRRUP,MASS,NOT_APPLICABLE,,,,,,,,,,,,,,,,,,,,no source-identified physical opening in this beam (26 opening objects checked project-wide; the generic opening detail is not applied globally)
BM-1F_ROOF-B25-BL006-6D1|OTHER_EXPLICIT_EXTRA,BM-1F_ROOF-B25-BL006-6D1,SIMPLE_BEAM,B25,,OTHER_EXPLICIT_EXTRA,SPECIAL_DETAIL_BAR,MASS,NOT_APPLICABLE,,,,,,,,,,,,,,,,,,,,no other explicit extra scheduled or detailed for this occurrence
BM-1F_ROOF-B3-BL023-6B9|TOP_MAIN|BM-1F_ROOF-B3-BL023-6B9:TOP_MAIN,BM-1F_ROOF-B3-BL023-6B9,SIMPLE_BEAM,B3,,TOP_MAIN,BEAM_TOP_BAR,MASS,BLOCKED_UNQUANTIFIED,,BM-1F_ROOF-B3-BL023-6B9:TOP_MAIN,,12,2,,,,,,,,,,,,,,Q9,'WITH STAIR' qualifier 6B8: the p.16 stair-beam detail is an unread candidate (an undefined candidate blocks the component)
BM-1F_ROOF-B3-BL023-6B9|BOTTOM_MAIN|BM-1F_ROOF-B3-BL023-6B9:BOTTOM_MAIN,BM-1F_ROOF-B3-BL023-6B9,SIMPLE_BEAM,B3,,BOTTOM_MAIN,BEAM_BOTTOM_BAR,MASS,BLOCKED_UNQUANTIFIED,,BM-1F_ROOF-B3-BL023-6B9:BOTTOM_MAIN,,16,4,,,,,,,,,,,,,,Q9,'WITH STAIR' qualifier 6B8: the p.16 stair-beam detail is an unread candidate (an undefined candidate blocks the component)
BM-1F_ROOF-B3-BL023-6B9|TOP_SUPPORT,BM-1F_ROOF-B3-BL023-6B9,SIMPLE_BEAM,B3,,TOP_SUPPORT,BEAM_EXTRA_BAR,MASS,NOT_APPLICABLE,,,,,,,,,,,,,,,,,,,,not scheduled in the SBT (no support bar field in the SBT)
BM-1F_ROOF-B3-BL023-6B9|BOTTOM_SUPPORT,BM-1F_ROOF-B3-BL023-6B9,SIMPLE_BEAM,B3,,BOTTOM_SUPPORT,BEAM_EXTRA_BAR,MASS,NOT_APPLICABLE,,,,,,,,,,,,,,,,,,,,not scheduled in the SBT (no bottom extra field in the SBT)
BM-1F_ROOF-B3-BL023-6B9|MID_TOP,BM-1F_ROOF-B3-BL023-6B9,SIMPLE_BEAM,B3,,MID_TOP,BEAM_EXTRA_BAR,MASS,NOT_APPLICABLE,,,,,,,,,,,,,,,,,,,,a simple beam has one span and no interior support; the SBT has no MID field
BM-1F_ROOF-B3-BL023-6B9|MID_BOTTOM,BM-1F_ROOF-B3-BL023-6B9,SIMPLE_BEAM,B3,,MID_BOTTOM,BEAM_EXTRA_BAR,MASS,NOT_APPLICABLE,,,,,,,,,,,,,,,,,,,,a simple beam has one span and no interior support; the SBT has no MID field
BM-1F_ROOF-B3-BL023-6B9|HANGER,BM-1F_ROOF-B3-BL023-6B9,SIMPLE_BEAM,B3,,HANGER,BEAM_EXTRA_BAR,MASS,NOT_APPLICABLE,,,,,,,,,,,,,,,,,,,,ABSENT: no hanger field and no hanger detail (TOP BARS listed; no hanger role asserted)
BM-1F_ROOF-B3-BL023-6B9|SIDE_REBAR,BM-1F_ROOF-B3-BL023-6B9,SIMPLE_BEAM,B3,,SIDE_REBAR,BEAM_SIDE_BAR,MASS,NOT_APPLICABLE,,,,,,,,,,,,,,,,,,,,no side bars printed; depth 40.0 cm
BM-1F_ROOF-B3-BL023-6B9|STIRRUP_COUNT|SPAN1,BM-1F_ROOF-B3-BL023-6B9,SIMPLE_BEAM,B3,,STIRRUP_COUNT,BEAM_STIRRUP,COUNT,BLOCKED_UNQUANTIFIED,,,1,8,,,,,,,,,,,,,,,Q9,'WITH STAIR' qualifier 6B8: the p.16 stair-beam detail is an unread candidate (an undefined candidate blocks the component)
BM-1F_ROOF-B3-BL023-6B9|STIRRUP_CORE_PATH|SPAN1,BM-1F_ROOF-B3-BL023-6B9,SIMPLE_BEAM,B3,,STIRRUP_CORE_PATH,BEAM_STIRRUP,MASS,BLOCKED_UNQUANTIFIED,,,1,8,,,,,,,,,,,,,,"[""LEGS / TOPOLOGY UNRESOLVED"", ""HOOKS BLOCKED_UNQUANTIFIED"", ""LEGS / LINK TOPOLOGY NOT_ESTABLISHED"", ""STIRRUP HOOKS NOT_ESTABLISHED"", ""occurrence blocked: 'WITH STAIR' qualifier 6B8: the p.16 stair-beam detail is an unread candidate (an undefined candidate blocks the component)""]",Q7,"stirrup mass needs legs, path, hooks and section; missing: LEGS / TOPOLOGY UNRESOLVED; HOOKS BLOCKED_UNQUANTIFIED; LEGS / LINK TOPOLOGY NOT_ESTABLISHED; STIRRUP HOOKS NOT_ESTABLISHED; occurrence blocked: 'WITH STAIR' qualifier 6B8: the p.16 stair-beam detail is an unread candidate (an undefined candidate blocks the component)"
BM-1F_ROOF-B3-BL023-6B9|HOOK_1,BM-1F_ROOF-B3-BL023-6B9,SIMPLE_BEAM,B3,,HOOK_1,ANCHORAGE,MASS,BLOCKED_UNQUANTIFIED,,,,,,,,,,,,,,,,,,,Q1,"bar-end hook / bend: end legs drawn N.T.S. without a dimension; no project hook source; column hook rules are not imported - Q1 at end 1 ({'kind': 'COLUMN', 'refs': []}); occurrence blocked: 'WITH STAIR' qualifier 6B8: the p.16 stair-beam detail is an unread candidate (an undefined candidate blocks the component)"
BM-1F_ROOF-B3-BL023-6B9|DEVELOPMENT_1,BM-1F_ROOF-B3-BL023-6B9,SIMPLE_BEAM,B3,,DEVELOPMENT_1,ANCHORAGE,MASS,BLOCKED_UNQUANTIFIED,,,,,,,,,,,,,,,,,,,Q1,"development / anchorage: no beam-source development rule (note 9 70Ø / 40Ø is starter-bar context only; no 40D, 70D, code, Urban default or external value is used) - Q1 at end 1 ({'kind': 'COLUMN', 'refs': []}); occurrence blocked: 'WITH STAIR' qualifier 6B8: the p.16 stair-beam detail is an unread candidate (an undefined candidate blocks the component)"
BM-1F_ROOF-B3-BL023-6B9|HOOK_2,BM-1F_ROOF-B3-BL023-6B9,SIMPLE_BEAM,B3,,HOOK_2,ANCHORAGE,MASS,BLOCKED_UNQUANTIFIED,,,,,,,,,,,,,,,,,,,Q1,"bar-end hook / bend: end legs drawn N.T.S. without a dimension; no project hook source; column hook rules are not imported - Q1 at end 2 ({'kind': 'COLUMN', 'refs': []}); occurrence blocked: 'WITH STAIR' qualifier 6B8: the p.16 stair-beam detail is an unread candidate (an undefined candidate blocks the component)"
BM-1F_ROOF-B3-BL023-6B9|DEVELOPMENT_2,BM-1F_ROOF-B3-BL023-6B9,SIMPLE_BEAM,B3,,DEVELOPMENT_2,ANCHORAGE,MASS,BLOCKED_UNQUANTIFIED,,,,,,,,,,,,,,,,,,,Q1,"development / anchorage: no beam-source development rule (note 9 70Ø / 40Ø is starter-bar context only; no 40D, 70D, code, Urban default or external value is used) - Q1 at end 2 ({'kind': 'COLUMN', 'refs': []}); occurrence blocked: 'WITH STAIR' qualifier 6B8: the p.16 stair-beam detail is an unread candidate (an undefined candidate blocks the component)"
BM-1F_ROOF-B3-BL023-6B9|OPENING_EXTRA_TOP,BM-1F_ROOF-B3-BL023-6B9,SIMPLE_BEAM,B3,,OPENING_EXTRA_TOP,SPECIAL_DETAIL_BAR,MASS,NOT_APPLICABLE,,,,,,,,,,,,,,,,,,,,no source-identified physical opening in this beam (26 opening objects checked project-wide; the generic opening detail is not applied globally)
BM-1F_ROOF-B3-BL023-6B9|OPENING_EXTRA_BOTTOM,BM-1F_ROOF-B3-BL023-6B9,SIMPLE_BEAM,B3,,OPENING_EXTRA_BOTTOM,SPECIAL_DETAIL_BAR,MASS,NOT_APPLICABLE,,,,,,,,,,,,,,,,,,,,no source-identified physical opening in this beam (26 opening objects checked project-wide; the generic opening detail is not applied globally)
BM-1F_ROOF-B3-BL023-6B9|OPENING_EXTRA_SIDE,BM-1F_ROOF-B3-BL023-6B9,SIMPLE_BEAM,B3,,OPENING_EXTRA_SIDE,SPECIAL_DETAIL_BAR,MASS,NOT_APPLICABLE,,,,,,,,,,,,,,,,,,,,no source-identified physical opening in this beam (26 opening objects checked project-wide; the generic opening detail is not applied globally)
BM-1F_ROOF-B3-BL023-6B9|OPENING_EXTRA_STIRRUP,BM-1F_ROOF-B3-BL023-6B9,SIMPLE_BEAM,B3,,OPENING_EXTRA_STIRRUP,BEAM_STIRRUP,MASS,NOT_APPLICABLE,,,,,,,,,,,,,,,,,,,,no source-identified physical opening in this beam (26 opening objects checked project-wide; the generic opening detail is not applied globally)
BM-1F_ROOF-B3-BL023-6B9|OTHER_EXPLICIT_EXTRA,BM-1F_ROOF-B3-BL023-6B9,SIMPLE_BEAM,B3,,OTHER_EXPLICIT_EXTRA,SPECIAL_DETAIL_BAR,MASS,BLOCKED_UNQUANTIFIED,,,,,,,,,,,,,,,,,,,Q9,'WITH STAIR' qualifier 6B8: p.16 stair-beam detail unread
BM-1F_ROOF-B4-BA001-1829|TOP_MAIN|BM-1F_ROOF-B4-BA001-1829:TOP_MAIN,BM-1F_ROOF-B4-BA001-1829,SIMPLE_BEAM,B4,,TOP_MAIN,BEAM_TOP_BAR,MASS,BLOCKED_UNQUANTIFIED,,BM-1F_ROOF-B4-BA001-1829:TOP_MAIN,,12,2,,,,,,,,,,,,,,Q9,straight run BLOCKED_UNQUANTIFIED (curved member: support faces at the arc ends not established)
BM-1F_ROOF-B4-BA001-1829|BOTTOM_MAIN|BM-1F_ROOF-B4-BA001-1829:BOTTOM_MAIN,BM-1F_ROOF-B4-BA001-1829,SIMPLE_BEAM,B4,,BOTTOM_MAIN,BEAM_BOTTOM_BAR,MASS,BLOCKED_UNQUANTIFIED,,BM-1F_ROOF-B4-BA001-1829:BOTTOM_MAIN,,16,4,,,,,,,,,,,,,,Q9,straight run BLOCKED_UNQUANTIFIED (curved member: support faces at the arc ends not established)
BM-1F_ROOF-B4-BA001-1829|TOP_SUPPORT,BM-1F_ROOF-B4-BA001-1829,SIMPLE_BEAM,B4,,TOP_SUPPORT,BEAM_EXTRA_BAR,MASS,NOT_APPLICABLE,,,,,,,,,,,,,,,,,,,,not scheduled in the SBT (no support bar field in the SBT)
BM-1F_ROOF-B4-BA001-1829|BOTTOM_SUPPORT,BM-1F_ROOF-B4-BA001-1829,SIMPLE_BEAM,B4,,BOTTOM_SUPPORT,BEAM_EXTRA_BAR,MASS,NOT_APPLICABLE,,,,,,,,,,,,,,,,,,,,not scheduled in the SBT (no bottom extra field in the SBT)
BM-1F_ROOF-B4-BA001-1829|MID_TOP,BM-1F_ROOF-B4-BA001-1829,SIMPLE_BEAM,B4,,MID_TOP,BEAM_EXTRA_BAR,MASS,NOT_APPLICABLE,,,,,,,,,,,,,,,,,,,,a simple beam has one span and no interior support; the SBT has no MID field
BM-1F_ROOF-B4-BA001-1829|MID_BOTTOM,BM-1F_ROOF-B4-BA001-1829,SIMPLE_BEAM,B4,,MID_BOTTOM,BEAM_EXTRA_BAR,MASS,NOT_APPLICABLE,,,,,,,,,,,,,,,,,,,,a simple beam has one span and no interior support; the SBT has no MID field
BM-1F_ROOF-B4-BA001-1829|HANGER,BM-1F_ROOF-B4-BA001-1829,SIMPLE_BEAM,B4,,HANGER,BEAM_EXTRA_BAR,MASS,NOT_APPLICABLE,,,,,,,,,,,,,,,,,,,,ABSENT: no hanger field and no hanger detail (TOP BARS listed; no hanger role asserted)
BM-1F_ROOF-B4-BA001-1829|SIDE_REBAR,BM-1F_ROOF-B4-BA001-1829,SIMPLE_BEAM,B4,,SIDE_REBAR,BEAM_SIDE_BAR,MASS,NOT_APPLICABLE,,,,,,,,,,,,,,,,,,,,no side bars printed; depth 50.0 cm
BM-1F_ROOF-B4-BA001-1829|STIRRUP_COUNT|SPAN1,BM-1F_ROOF-B4-BA001-1829,SIMPLE_BEAM,B4,,STIRRUP_COUNT,BEAM_STIRRUP,COUNT,BLOCKED_UNQUANTIFIED,,,1,8,,,,,,,,,,,,,,,Q9,rate or distribution length not established
BM-1F_ROOF-B4-BA001-1829|STIRRUP_CORE_PATH|SPAN1,BM-1F_ROOF-B4-BA001-1829,SIMPLE_BEAM,B4,,STIRRUP_CORE_PATH,BEAM_STIRRUP,MASS,BLOCKED_UNQUANTIFIED,,,1,8,,,,,,,,,,,,,,"[""LEGS / TOPOLOGY UNRESOLVED"", ""HOOKS BLOCKED_UNQUANTIFIED"", ""LEGS / LINK TOPOLOGY NOT_ESTABLISHED"", ""STIRRUP HOOKS NOT_ESTABLISHED""]",Q7,"stirrup mass needs legs, path, hooks and section; missing: LEGS / TOPOLOGY UNRESOLVED; HOOKS BLOCKED_UNQUANTIFIED; LEGS / LINK TOPOLOGY NOT_ESTABLISHED; STIRRUP HOOKS NOT_ESTABLISHED"
BM-1F_ROOF-B4-BA001-1829|HOOK_1,BM-1F_ROOF-B4-BA001-1829,SIMPLE_BEAM,B4,,HOOK_1,ANCHORAGE,MASS,BLOCKED_UNQUANTIFIED,,,,,,,,,,,,,,,,,,,Q1,"bar-end hook / bend: end legs drawn N.T.S. without a dimension; no project hook source; column hook rules are not imported - Q1 at end 1 ({'kind': 'NOT_STATED', 'refs': []})"
BM-1F_ROOF-B4-BA001-1829|DEVELOPMENT_1,BM-1F_ROOF-B4-BA001-1829,SIMPLE_BEAM,B4,,DEVELOPMENT_1,ANCHORAGE,MASS,BLOCKED_UNQUANTIFIED,,,,,,,,,,,,,,,,,,,Q1,"development / anchorage: no beam-source development rule (note 9 70Ø / 40Ø is starter-bar context only; no 40D, 70D, code, Urban default or external value is used) - Q1 at end 1 ({'kind': 'NOT_STATED', 'refs': []})"
BM-1F_ROOF-B4-BA001-1829|HOOK_2,BM-1F_ROOF-B4-BA001-1829,SIMPLE_BEAM,B4,,HOOK_2,ANCHORAGE,MASS,BLOCKED_UNQUANTIFIED,,,,,,,,,,,,,,,,,,,Q1,"bar-end hook / bend: end legs drawn N.T.S. without a dimension; no project hook source; column hook rules are not imported - Q1 at end 2 ({'kind': 'NOT_STATED', 'refs': []})"
BM-1F_ROOF-B4-BA001-1829|DEVELOPMENT_2,BM-1F_ROOF-B4-BA001-1829,SIMPLE_BEAM,B4,,DEVELOPMENT_2,ANCHORAGE,MASS,BLOCKED_UNQUANTIFIED,,,,,,,,,,,,,,,,,,,Q1,"development / anchorage: no beam-source development rule (note 9 70Ø / 40Ø is starter-bar context only; no 40D, 70D, code, Urban default or external value is used) - Q1 at end 2 ({'kind': 'NOT_STATED', 'refs': []})"
BM-1F_ROOF-B4-BA001-1829|OPENING_EXTRA_TOP,BM-1F_ROOF-B4-BA001-1829,SIMPLE_BEAM,B4,,OPENING_EXTRA_TOP,SPECIAL_DETAIL_BAR,MASS,NOT_APPLICABLE,,,,,,,,,,,,,,,,,,,,no source-identified physical opening in this beam (26 opening objects checked project-wide; the generic opening detail is not applied globally)
BM-1F_ROOF-B4-BA001-1829|OPENING_EXTRA_BOTTOM,BM-1F_ROOF-B4-BA001-1829,SIMPLE_BEAM,B4,,OPENING_EXTRA_BOTTOM,SPECIAL_DETAIL_BAR,MASS,NOT_APPLICABLE,,,,,,,,,,,,,,,,,,,,no source-identified physical opening in this beam (26 opening objects checked project-wide; the generic opening detail is not applied globally)
BM-1F_ROOF-B4-BA001-1829|OPENING_EXTRA_SIDE,BM-1F_ROOF-B4-BA001-1829,SIMPLE_BEAM,B4,,OPENING_EXTRA_SIDE,SPECIAL_DETAIL_BAR,MASS,NOT_APPLICABLE,,,,,,,,,,,,,,,,,,,,no source-identified physical opening in this beam (26 opening objects checked project-wide; the generic opening detail is not applied globally)
BM-1F_ROOF-B4-BA001-1829|OPENING_EXTRA_STIRRUP,BM-1F_ROOF-B4-BA001-1829,SIMPLE_BEAM,B4,,OPENING_EXTRA_STIRRUP,BEAM_STIRRUP,MASS,NOT_APPLICABLE,,,,,,,,,,,,,,,,,,,,no source-identified physical opening in this beam (26 opening objects checked project-wide; the generic opening detail is not applied globally)
BM-1F_ROOF-B4-BA001-1829|OTHER_EXPLICIT_EXTRA,BM-1F_ROOF-B4-BA001-1829,SIMPLE_BEAM,B4,,OTHER_EXPLICIT_EXTRA,SPECIAL_DETAIL_BAR,MASS,NOT_APPLICABLE,,,,,,,,,,,,,,,,,,,,no other explicit extra scheduled or detailed for this occurrence
BM-1F_ROOF-B4-BA002-1828|TOP_MAIN|BM-1F_ROOF-B4-BA002-1828:TOP_MAIN,BM-1F_ROOF-B4-BA002-1828,SIMPLE_BEAM,B4,,TOP_MAIN,BEAM_TOP_BAR,MASS,BLOCKED_UNQUANTIFIED,,BM-1F_ROOF-B4-BA002-1828:TOP_MAIN,,12,2,,,,,,,,,,,,,,Q9,straight run BLOCKED_UNQUANTIFIED (curved member: support faces at the arc ends not established)
BM-1F_ROOF-B4-BA002-1828|BOTTOM_MAIN|BM-1F_ROOF-B4-BA002-1828:BOTTOM_MAIN,BM-1F_ROOF-B4-BA002-1828,SIMPLE_BEAM,B4,,BOTTOM_MAIN,BEAM_BOTTOM_BAR,MASS,BLOCKED_UNQUANTIFIED,,BM-1F_ROOF-B4-BA002-1828:BOTTOM_MAIN,,16,4,,,,,,,,,,,,,,Q9,straight run BLOCKED_UNQUANTIFIED (curved member: support faces at the arc ends not established)
BM-1F_ROOF-B4-BA002-1828|TOP_SUPPORT,BM-1F_ROOF-B4-BA002-1828,SIMPLE_BEAM,B4,,TOP_SUPPORT,BEAM_EXTRA_BAR,MASS,NOT_APPLICABLE,,,,,,,,,,,,,,,,,,,,not scheduled in the SBT (no support bar field in the SBT)
BM-1F_ROOF-B4-BA002-1828|BOTTOM_SUPPORT,BM-1F_ROOF-B4-BA002-1828,SIMPLE_BEAM,B4,,BOTTOM_SUPPORT,BEAM_EXTRA_BAR,MASS,NOT_APPLICABLE,,,,,,,,,,,,,,,,,,,,not scheduled in the SBT (no bottom extra field in the SBT)
BM-1F_ROOF-B4-BA002-1828|MID_TOP,BM-1F_ROOF-B4-BA002-1828,SIMPLE_BEAM,B4,,MID_TOP,BEAM_EXTRA_BAR,MASS,NOT_APPLICABLE,,,,,,,,,,,,,,,,,,,,a simple beam has one span and no interior support; the SBT has no MID field
BM-1F_ROOF-B4-BA002-1828|MID_BOTTOM,BM-1F_ROOF-B4-BA002-1828,SIMPLE_BEAM,B4,,MID_BOTTOM,BEAM_EXTRA_BAR,MASS,NOT_APPLICABLE,,,,,,,,,,,,,,,,,,,,a simple beam has one span and no interior support; the SBT has no MID field
BM-1F_ROOF-B4-BA002-1828|HANGER,BM-1F_ROOF-B4-BA002-1828,SIMPLE_BEAM,B4,,HANGER,BEAM_EXTRA_BAR,MASS,NOT_APPLICABLE,,,,,,,,,,,,,,,,,,,,ABSENT: no hanger field and no hanger detail (TOP BARS listed; no hanger role asserted)
BM-1F_ROOF-B4-BA002-1828|SIDE_REBAR,BM-1F_ROOF-B4-BA002-1828,SIMPLE_BEAM,B4,,SIDE_REBAR,BEAM_SIDE_BAR,MASS,NOT_APPLICABLE,,,,,,,,,,,,,,,,,,,,no side bars printed; depth 50.0 cm
BM-1F_ROOF-B4-BA002-1828|STIRRUP_COUNT|SPAN1,BM-1F_ROOF-B4-BA002-1828,SIMPLE_BEAM,B4,,STIRRUP_COUNT,BEAM_STIRRUP,COUNT,BLOCKED_UNQUANTIFIED,,,1,8,,,,,,,,,,,,,,,Q9,rate or distribution length not established
BM-1F_ROOF-B4-BA002-1828|STIRRUP_CORE_PATH|SPAN1,BM-1F_ROOF-B4-BA002-1828,SIMPLE_BEAM,B4,,STIRRUP_CORE_PATH,BEAM_STIRRUP,MASS,BLOCKED_UNQUANTIFIED,,,1,8,,,,,,,,,,,,,,"[""LEGS / TOPOLOGY UNRESOLVED"", ""HOOKS BLOCKED_UNQUANTIFIED"", ""LEGS / LINK TOPOLOGY NOT_ESTABLISHED"", ""STIRRUP HOOKS NOT_ESTABLISHED""]",Q7,"stirrup mass needs legs, path, hooks and section; missing: LEGS / TOPOLOGY UNRESOLVED; HOOKS BLOCKED_UNQUANTIFIED; LEGS / LINK TOPOLOGY NOT_ESTABLISHED; STIRRUP HOOKS NOT_ESTABLISHED"
BM-1F_ROOF-B4-BA002-1828|HOOK_1,BM-1F_ROOF-B4-BA002-1828,SIMPLE_BEAM,B4,,HOOK_1,ANCHORAGE,MASS,BLOCKED_UNQUANTIFIED,,,,,,,,,,,,,,,,,,,Q1,"bar-end hook / bend: end legs drawn N.T.S. without a dimension; no project hook source; column hook rules are not imported - Q1 at end 1 ({'kind': 'NOT_STATED', 'refs': []})"
BM-1F_ROOF-B4-BA002-1828|DEVELOPMENT_1,BM-1F_ROOF-B4-BA002-1828,SIMPLE_BEAM,B4,,DEVELOPMENT_1,ANCHORAGE,MASS,BLOCKED_UNQUANTIFIED,,,,,,,,,,,,,,,,,,,Q1,"development / anchorage: no beam-source development rule (note 9 70Ø / 40Ø is starter-bar context only; no 40D, 70D, code, Urban default or external value is used) - Q1 at end 1 ({'kind': 'NOT_STATED', 'refs': []})"
BM-1F_ROOF-B4-BA002-1828|HOOK_2,BM-1F_ROOF-B4-BA002-1828,SIMPLE_BEAM,B4,,HOOK_2,ANCHORAGE,MASS,BLOCKED_UNQUANTIFIED,,,,,,,,,,,,,,,,,,,Q1,"bar-end hook / bend: end legs drawn N.T.S. without a dimension; no project hook source; column hook rules are not imported - Q1 at end 2 ({'kind': 'NOT_STATED', 'refs': []})"
BM-1F_ROOF-B4-BA002-1828|DEVELOPMENT_2,BM-1F_ROOF-B4-BA002-1828,SIMPLE_BEAM,B4,,DEVELOPMENT_2,ANCHORAGE,MASS,BLOCKED_UNQUANTIFIED,,,,,,,,,,,,,,,,,,,Q1,"development / anchorage: no beam-source development rule (note 9 70Ø / 40Ø is starter-bar context only; no 40D, 70D, code, Urban default or external value is used) - Q1 at end 2 ({'kind': 'NOT_STATED', 'refs': []})"
BM-1F_ROOF-B4-BA002-1828|OPENING_EXTRA_TOP,BM-1F_ROOF-B4-BA002-1828,SIMPLE_BEAM,B4,,OPENING_EXTRA_TOP,SPECIAL_DETAIL_BAR,MASS,NOT_APPLICABLE,,,,,,,,,,,,,,,,,,,,no source-identified physical opening in this beam (26 opening objects checked project-wide; the generic opening detail is not applied globally)
BM-1F_ROOF-B4-BA002-1828|OPENING_EXTRA_BOTTOM,BM-1F_ROOF-B4-BA002-1828,SIMPLE_BEAM,B4,,OPENING_EXTRA_BOTTOM,SPECIAL_DETAIL_BAR,MASS,NOT_APPLICABLE,,,,,,,,,,,,,,,,,,,,no source-identified physical opening in this beam (26 opening objects checked project-wide; the generic opening detail is not applied globally)
BM-1F_ROOF-B4-BA002-1828|OPENING_EXTRA_SIDE,BM-1F_ROOF-B4-BA002-1828,SIMPLE_BEAM,B4,,OPENING_EXTRA_SIDE,SPECIAL_DETAIL_BAR,MASS,NOT_APPLICABLE,,,,,,,,,,,,,,,,,,,,no source-identified physical opening in this beam (26 opening objects checked project-wide; the generic opening detail is not applied globally)
BM-1F_ROOF-B4-BA002-1828|OPENING_EXTRA_STIRRUP,BM-1F_ROOF-B4-BA002-1828,SIMPLE_BEAM,B4,,OPENING_EXTRA_STIRRUP,BEAM_STIRRUP,MASS,NOT_APPLICABLE,,,,,,,,,,,,,,,,,,,,no source-identified physical opening in this beam (26 opening objects checked project-wide; the generic opening detail is not applied globally)
BM-1F_ROOF-B4-BA002-1828|OTHER_EXPLICIT_EXTRA,BM-1F_ROOF-B4-BA002-1828,SIMPLE_BEAM,B4,,OTHER_EXPLICIT_EXTRA,SPECIAL_DETAIL_BAR,MASS,NOT_APPLICABLE,,,,,,,,,,,,,,,,,,,,no other explicit extra scheduled or detailed for this occurrence
BM-1F_ROOF-B4-BL011-711|TOP_MAIN|BM-1F_ROOF-B4-BL011-711:TOP_MAIN,BM-1F_ROOF-B4-BL011-711,SIMPLE_BEAM,B4,,TOP_MAIN,BEAM_TOP_BAR,MASS,LOWER_BOUND,SOURCE_BOUND,BM-1F_ROOF-B4-BL011-711:TOP_MAIN,,12,2,3.712,7.424,0.888889,6.599111,,,SOURCE_VERIFIED,NOT_ESTABLISHED,,,,"[""development / anchorage into the supports: no beam-source rule (note 9 70Ø/40Ø is for starter bars only; the slab 0.25L / 0.30L rules are never borrowed)"", ""DEVELOPMENT / ANCHORAGE at the end supports (not source-established)"", ""BAR-END HOOK / BEND at the end supports (not detailed)""]",,,development / anchorage into the supports: no beam-source rule (note 9 70Ø/40Ø is for starter bars only; the slab 0.25L / 0.30L rules are never borrowed); DEVELOPMENT / ANCHORAGE at the end supports (not source-established); BAR-END HOOK / BEND at the end supports (not detailed)
BM-1F_ROOF-B4-BL011-711|BOTTOM_MAIN|BM-1F_ROOF-B4-BL011-711:BOTTOM_MAIN,BM-1F_ROOF-B4-BL011-711,SIMPLE_BEAM,B4,,BOTTOM_MAIN,BEAM_BOTTOM_BAR,MASS,LOWER_BOUND,SOURCE_BOUND,BM-1F_ROOF-B4-BL011-711:BOTTOM_MAIN,,16,4,3.712,14.848,1.580247,23.463506,,,SOURCE_VERIFIED,NOT_ESTABLISHED,,,,"[""development / anchorage into the supports: no beam-source rule (note 9 70Ø/40Ø is for starter bars only; the slab 0.25L / 0.30L rules are never borrowed)"", ""DEVELOPMENT / ANCHORAGE at the end supports (not source-established)"", ""BAR-END HOOK / BEND at the end supports (not detailed)""]",,,development / anchorage into the supports: no beam-source rule (note 9 70Ø/40Ø is for starter bars only; the slab 0.25L / 0.30L rules are never borrowed); DEVELOPMENT / ANCHORAGE at the end supports (not source-established); BAR-END HOOK / BEND at the end supports (not detailed)
BM-1F_ROOF-B4-BL011-711|TOP_SUPPORT,BM-1F_ROOF-B4-BL011-711,SIMPLE_BEAM,B4,,TOP_SUPPORT,BEAM_EXTRA_BAR,MASS,NOT_APPLICABLE,,,,,,,,,,,,,,,,,,,,not scheduled in the SBT (no support bar field in the SBT)
BM-1F_ROOF-B4-BL011-711|BOTTOM_SUPPORT,BM-1F_ROOF-B4-BL011-711,SIMPLE_BEAM,B4,,BOTTOM_SUPPORT,BEAM_EXTRA_BAR,MASS,NOT_APPLICABLE,,,,,,,,,,,,,,,,,,,,not scheduled in the SBT (no bottom extra field in the SBT)
BM-1F_ROOF-B4-BL011-711|MID_TOP,BM-1F_ROOF-B4-BL011-711,SIMPLE_BEAM,B4,,MID_TOP,BEAM_EXTRA_BAR,MASS,NOT_APPLICABLE,,,,,,,,,,,,,,,,,,,,a simple beam has one span and no interior support; the SBT has no MID field
BM-1F_ROOF-B4-BL011-711|MID_BOTTOM,BM-1F_ROOF-B4-BL011-711,SIMPLE_BEAM,B4,,MID_BOTTOM,BEAM_EXTRA_BAR,MASS,NOT_APPLICABLE,,,,,,,,,,,,,,,,,,,,a simple beam has one span and no interior support; the SBT has no MID field
BM-1F_ROOF-B4-BL011-711|HANGER,BM-1F_ROOF-B4-BL011-711,SIMPLE_BEAM,B4,,HANGER,BEAM_EXTRA_BAR,MASS,NOT_APPLICABLE,,,,,,,,,,,,,,,,,,,,ABSENT: no hanger field and no hanger detail (TOP BARS listed; no hanger role asserted)
BM-1F_ROOF-B4-BL011-711|SIDE_REBAR,BM-1F_ROOF-B4-BL011-711,SIMPLE_BEAM,B4,,SIDE_REBAR,BEAM_SIDE_BAR,MASS,NOT_APPLICABLE,,,,,,,,,,,,,,,,,,,,no side bars printed; depth 50.0 cm
BM-1F_ROOF-B4-BL011-711|STIRRUP_COUNT|SPAN1,BM-1F_ROOF-B4-BL011-711,SIMPLE_BEAM,B4,,STIRRUP_COUNT,BEAM_STIRRUP,COUNT,LOWER_BOUND,SOURCE_BOUND,,1,8,,,,,,23,24,,,,,,,,,first / last stirrup position not stated; no +1
BM-1F_ROOF-B4-BL011-711|STIRRUP_CORE_PATH|SPAN1,BM-1F_ROOF-B4-BL011-711,SIMPLE_BEAM,B4,,STIRRUP_CORE_PATH,BEAM_STIRRUP,MASS,BLOCKED_UNQUANTIFIED,,,1,8,,,,,,,,,,,,,,"[""LEGS / TOPOLOGY UNRESOLVED"", ""HOOKS BLOCKED_UNQUANTIFIED"", ""LEGS / LINK TOPOLOGY NOT_ESTABLISHED"", ""STIRRUP HOOKS NOT_ESTABLISHED""]",Q7,"stirrup mass needs legs, path, hooks and section; missing: LEGS / TOPOLOGY UNRESOLVED; HOOKS BLOCKED_UNQUANTIFIED; LEGS / LINK TOPOLOGY NOT_ESTABLISHED; STIRRUP HOOKS NOT_ESTABLISHED"
BM-1F_ROOF-B4-BL011-711|HOOK_1,BM-1F_ROOF-B4-BL011-711,SIMPLE_BEAM,B4,,HOOK_1,ANCHORAGE,MASS,BLOCKED_UNQUANTIFIED,,,,,,,,,,,,,,,,,,,Q1,"bar-end hook / bend: end legs drawn N.T.S. without a dimension; no project hook source; column hook rules are not imported - Q1 at end 1 ({'kind': 'COLUMN', 'refs': ['FFRS:68B']})"
BM-1F_ROOF-B4-BL011-711|DEVELOPMENT_1,BM-1F_ROOF-B4-BL011-711,SIMPLE_BEAM,B4,,DEVELOPMENT_1,ANCHORAGE,MASS,BLOCKED_UNQUANTIFIED,,,,,,,,,,,,,,,,,,,Q1,"development / anchorage: no beam-source development rule (note 9 70Ø / 40Ø is starter-bar context only; no 40D, 70D, code, Urban default or external value is used) - Q1 at end 1 ({'kind': 'COLUMN', 'refs': ['FFRS:68B']})"
BM-1F_ROOF-B4-BL011-711|HOOK_2,BM-1F_ROOF-B4-BL011-711,SIMPLE_BEAM,B4,,HOOK_2,ANCHORAGE,MASS,BLOCKED_UNQUANTIFIED,,,,,,,,,,,,,,,,,,,Q1,"bar-end hook / bend: end legs drawn N.T.S. without a dimension; no project hook source; column hook rules are not imported - Q1 at end 2 ({'kind': 'COLUMN', 'refs': ['FFRS:66A']})"
BM-1F_ROOF-B4-BL011-711|DEVELOPMENT_2,BM-1F_ROOF-B4-BL011-711,SIMPLE_BEAM,B4,,DEVELOPMENT_2,ANCHORAGE,MASS,BLOCKED_UNQUANTIFIED,,,,,,,,,,,,,,,,,,,Q1,"development / anchorage: no beam-source development rule (note 9 70Ø / 40Ø is starter-bar context only; no 40D, 70D, code, Urban default or external value is used) - Q1 at end 2 ({'kind': 'COLUMN', 'refs': ['FFRS:66A']})"
BM-1F_ROOF-B4-BL011-711|OPENING_EXTRA_TOP,BM-1F_ROOF-B4-BL011-711,SIMPLE_BEAM,B4,,OPENING_EXTRA_TOP,SPECIAL_DETAIL_BAR,MASS,NOT_APPLICABLE,,,,,,,,,,,,,,,,,,,,no source-identified physical opening in this beam (26 opening objects checked project-wide; the generic opening detail is not applied globally)
BM-1F_ROOF-B4-BL011-711|OPENING_EXTRA_BOTTOM,BM-1F_ROOF-B4-BL011-711,SIMPLE_BEAM,B4,,OPENING_EXTRA_BOTTOM,SPECIAL_DETAIL_BAR,MASS,NOT_APPLICABLE,,,,,,,,,,,,,,,,,,,,no source-identified physical opening in this beam (26 opening objects checked project-wide; the generic opening detail is not applied globally)
BM-1F_ROOF-B4-BL011-711|OPENING_EXTRA_SIDE,BM-1F_ROOF-B4-BL011-711,SIMPLE_BEAM,B4,,OPENING_EXTRA_SIDE,SPECIAL_DETAIL_BAR,MASS,NOT_APPLICABLE,,,,,,,,,,,,,,,,,,,,no source-identified physical opening in this beam (26 opening objects checked project-wide; the generic opening detail is not applied globally)
BM-1F_ROOF-B4-BL011-711|OPENING_EXTRA_STIRRUP,BM-1F_ROOF-B4-BL011-711,SIMPLE_BEAM,B4,,OPENING_EXTRA_STIRRUP,BEAM_STIRRUP,MASS,NOT_APPLICABLE,,,,,,,,,,,,,,,,,,,,no source-identified physical opening in this beam (26 opening objects checked project-wide; the generic opening detail is not applied globally)
BM-1F_ROOF-B4-BL011-711|OTHER_EXPLICIT_EXTRA,BM-1F_ROOF-B4-BL011-711,SIMPLE_BEAM,B4,,OTHER_EXPLICIT_EXTRA,SPECIAL_DETAIL_BAR,MASS,NOT_APPLICABLE,,,,,,,,,,,,,,,,,,,,no other explicit extra scheduled or detailed for this occurrence
BM-1F_ROOF-B4-BL025-6D9|TOP_MAIN|BM-1F_ROOF-B4-BL025-6D9:TOP_MAIN,BM-1F_ROOF-B4-BL025-6D9,SIMPLE_BEAM,B4,,TOP_MAIN,BEAM_TOP_BAR,MASS,LOWER_BOUND,SOURCE_BOUND,BM-1F_ROOF-B4-BL025-6D9:TOP_MAIN,,12,2,4.3,8.6,0.888889,7.644444,,,SOURCE_VERIFIED,NOT_ESTABLISHED,,,,"[""development / anchorage into the supports: no beam-source rule (note 9 70Ø/40Ø is for starter bars only; the slab 0.25L / 0.30L rules are never borrowed)"", ""DEVELOPMENT / ANCHORAGE at the end supports (not source-established)"", ""BAR-END HOOK / BEND at the end supports (not detailed)""]",,,development / anchorage into the supports: no beam-source rule (note 9 70Ø/40Ø is for starter bars only; the slab 0.25L / 0.30L rules are never borrowed); DEVELOPMENT / ANCHORAGE at the end supports (not source-established); BAR-END HOOK / BEND at the end supports (not detailed)
BM-1F_ROOF-B4-BL025-6D9|BOTTOM_MAIN|BM-1F_ROOF-B4-BL025-6D9:BOTTOM_MAIN,BM-1F_ROOF-B4-BL025-6D9,SIMPLE_BEAM,B4,,BOTTOM_MAIN,BEAM_BOTTOM_BAR,MASS,LOWER_BOUND,SOURCE_BOUND,BM-1F_ROOF-B4-BL025-6D9:BOTTOM_MAIN,,16,4,4.3,17.2,1.580247,27.180247,,,SOURCE_VERIFIED,NOT_ESTABLISHED,,,,"[""development / anchorage into the supports: no beam-source rule (note 9 70Ø/40Ø is for starter bars only; the slab 0.25L / 0.30L rules are never borrowed)"", ""DEVELOPMENT / ANCHORAGE at the end supports (not source-established)"", ""BAR-END HOOK / BEND at the end supports (not detailed)""]",,,development / anchorage into the supports: no beam-source rule (note 9 70Ø/40Ø is for starter bars only; the slab 0.25L / 0.30L rules are never borrowed); DEVELOPMENT / ANCHORAGE at the end supports (not source-established); BAR-END HOOK / BEND at the end supports (not detailed)
BM-1F_ROOF-B4-BL025-6D9|TOP_SUPPORT,BM-1F_ROOF-B4-BL025-6D9,SIMPLE_BEAM,B4,,TOP_SUPPORT,BEAM_EXTRA_BAR,MASS,NOT_APPLICABLE,,,,,,,,,,,,,,,,,,,,not scheduled in the SBT (no support bar field in the SBT)
BM-1F_ROOF-B4-BL025-6D9|BOTTOM_SUPPORT,BM-1F_ROOF-B4-BL025-6D9,SIMPLE_BEAM,B4,,BOTTOM_SUPPORT,BEAM_EXTRA_BAR,MASS,NOT_APPLICABLE,,,,,,,,,,,,,,,,,,,,not scheduled in the SBT (no bottom extra field in the SBT)
BM-1F_ROOF-B4-BL025-6D9|MID_TOP,BM-1F_ROOF-B4-BL025-6D9,SIMPLE_BEAM,B4,,MID_TOP,BEAM_EXTRA_BAR,MASS,NOT_APPLICABLE,,,,,,,,,,,,,,,,,,,,a simple beam has one span and no interior support; the SBT has no MID field
BM-1F_ROOF-B4-BL025-6D9|MID_BOTTOM,BM-1F_ROOF-B4-BL025-6D9,SIMPLE_BEAM,B4,,MID_BOTTOM,BEAM_EXTRA_BAR,MASS,NOT_APPLICABLE,,,,,,,,,,,,,,,,,,,,a simple beam has one span and no interior support; the SBT has no MID field
BM-1F_ROOF-B4-BL025-6D9|HANGER,BM-1F_ROOF-B4-BL025-6D9,SIMPLE_BEAM,B4,,HANGER,BEAM_EXTRA_BAR,MASS,NOT_APPLICABLE,,,,,,,,,,,,,,,,,,,,ABSENT: no hanger field and no hanger detail (TOP BARS listed; no hanger role asserted)
BM-1F_ROOF-B4-BL025-6D9|SIDE_REBAR,BM-1F_ROOF-B4-BL025-6D9,SIMPLE_BEAM,B4,,SIDE_REBAR,BEAM_SIDE_BAR,MASS,NOT_APPLICABLE,,,,,,,,,,,,,,,,,,,,no side bars printed; depth 50.0 cm
BM-1F_ROOF-B4-BL025-6D9|STIRRUP_COUNT|SPAN1,BM-1F_ROOF-B4-BL025-6D9,SIMPLE_BEAM,B4,,STIRRUP_COUNT,BEAM_STIRRUP,COUNT,LOWER_BOUND,SOURCE_BOUND,,1,8,,,,,,26,27,,,,,,,,,first / last stirrup position not stated; no +1
BM-1F_ROOF-B4-BL025-6D9|STIRRUP_CORE_PATH|SPAN1,BM-1F_ROOF-B4-BL025-6D9,SIMPLE_BEAM,B4,,STIRRUP_CORE_PATH,BEAM_STIRRUP,MASS,BLOCKED_UNQUANTIFIED,,,1,8,,,,,,,,,,,,,,"[""LEGS / TOPOLOGY UNRESOLVED"", ""HOOKS BLOCKED_UNQUANTIFIED"", ""LEGS / LINK TOPOLOGY NOT_ESTABLISHED"", ""STIRRUP HOOKS NOT_ESTABLISHED""]",Q7,"stirrup mass needs legs, path, hooks and section; missing: LEGS / TOPOLOGY UNRESOLVED; HOOKS BLOCKED_UNQUANTIFIED; LEGS / LINK TOPOLOGY NOT_ESTABLISHED; STIRRUP HOOKS NOT_ESTABLISHED"
BM-1F_ROOF-B4-BL025-6D9|HOOK_1,BM-1F_ROOF-B4-BL025-6D9,SIMPLE_BEAM,B4,,HOOK_1,ANCHORAGE,MASS,BLOCKED_UNQUANTIFIED,,,,,,,,,,,,,,,,,,,Q1,"bar-end hook / bend: end legs drawn N.T.S. without a dimension; no project hook source; column hook rules are not imported - Q1 at end 1 ({'kind': 'BEAM_CARRIED_BY', 'refs': ['BL004']})"
BM-1F_ROOF-B4-BL025-6D9|DEVELOPMENT_1,BM-1F_ROOF-B4-BL025-6D9,SIMPLE_BEAM,B4,,DEVELOPMENT_1,ANCHORAGE,MASS,BLOCKED_UNQUANTIFIED,,,,,,,,,,,,,,,,,,,Q1,"development / anchorage: no beam-source development rule (note 9 70Ø / 40Ø is starter-bar context only; no 40D, 70D, code, Urban default or external value is used) - Q1 at end 1 ({'kind': 'BEAM_CARRIED_BY', 'refs': ['BL004']})"
BM-1F_ROOF-B4-BL025-6D9|HOOK_2,BM-1F_ROOF-B4-BL025-6D9,SIMPLE_BEAM,B4,,HOOK_2,ANCHORAGE,MASS,BLOCKED_UNQUANTIFIED,,,,,,,,,,,,,,,,,,,Q1,"bar-end hook / bend: end legs drawn N.T.S. without a dimension; no project hook source; column hook rules are not imported - Q1 at end 2 ({'kind': 'BEAM_CROSSING', 'refs': ['BL008']})"
BM-1F_ROOF-B4-BL025-6D9|DEVELOPMENT_2,BM-1F_ROOF-B4-BL025-6D9,SIMPLE_BEAM,B4,,DEVELOPMENT_2,ANCHORAGE,MASS,BLOCKED_UNQUANTIFIED,,,,,,,,,,,,,,,,,,,Q1,"development / anchorage: no beam-source development rule (note 9 70Ø / 40Ø is starter-bar context only; no 40D, 70D, code, Urban default or external value is used) - Q1 at end 2 ({'kind': 'BEAM_CROSSING', 'refs': ['BL008']})"
BM-1F_ROOF-B4-BL025-6D9|OPENING_EXTRA_TOP,BM-1F_ROOF-B4-BL025-6D9,SIMPLE_BEAM,B4,,OPENING_EXTRA_TOP,SPECIAL_DETAIL_BAR,MASS,NOT_APPLICABLE,,,,,,,,,,,,,,,,,,,,no source-identified physical opening in this beam (26 opening objects checked project-wide; the generic opening detail is not applied globally)
BM-1F_ROOF-B4-BL025-6D9|OPENING_EXTRA_BOTTOM,BM-1F_ROOF-B4-BL025-6D9,SIMPLE_BEAM,B4,,OPENING_EXTRA_BOTTOM,SPECIAL_DETAIL_BAR,MASS,NOT_APPLICABLE,,,,,,,,,,,,,,,,,,,,no source-identified physical opening in this beam (26 opening objects checked project-wide; the generic opening detail is not applied globally)
BM-1F_ROOF-B4-BL025-6D9|OPENING_EXTRA_SIDE,BM-1F_ROOF-B4-BL025-6D9,SIMPLE_BEAM,B4,,OPENING_EXTRA_SIDE,SPECIAL_DETAIL_BAR,MASS,NOT_APPLICABLE,,,,,,,,,,,,,,,,,,,,no source-identified physical opening in this beam (26 opening objects checked project-wide; the generic opening detail is not applied globally)
BM-1F_ROOF-B4-BL025-6D9|OPENING_EXTRA_STIRRUP,BM-1F_ROOF-B4-BL025-6D9,SIMPLE_BEAM,B4,,OPENING_EXTRA_STIRRUP,BEAM_STIRRUP,MASS,NOT_APPLICABLE,,,,,,,,,,,,,,,,,,,,no source-identified physical opening in this beam (26 opening objects checked project-wide; the generic opening detail is not applied globally)
BM-1F_ROOF-B4-BL025-6D9|OTHER_EXPLICIT_EXTRA,BM-1F_ROOF-B4-BL025-6D9,SIMPLE_BEAM,B4,,OTHER_EXPLICIT_EXTRA,SPECIAL_DETAIL_BAR,MASS,NOT_APPLICABLE,,,,,,,,,,,,,,,,,,,,no other explicit extra scheduled or detailed for this occurrence
BM-1F_ROOF-B4-BL032-6B5|TOP_MAIN|BM-1F_ROOF-B4-BL032-6B5:TOP_MAIN,BM-1F_ROOF-B4-BL032-6B5,SIMPLE_BEAM,B4,,TOP_MAIN,BEAM_TOP_BAR,MASS,LOWER_BOUND,SOURCE_BOUND,BM-1F_ROOF-B4-BL032-6B5:TOP_MAIN,,12,2,4.1,8.2,0.888889,7.288889,,,SOURCE_VERIFIED,NOT_ESTABLISHED,,,,"[""development / anchorage into the supports: no beam-source rule (note 9 70Ø/40Ø is for starter bars only; the slab 0.25L / 0.30L rules are never borrowed)"", ""DEVELOPMENT / ANCHORAGE at the end supports (not source-established)"", ""BAR-END HOOK / BEND at the end supports (not detailed)""]",,,development / anchorage into the supports: no beam-source rule (note 9 70Ø/40Ø is for starter bars only; the slab 0.25L / 0.30L rules are never borrowed); DEVELOPMENT / ANCHORAGE at the end supports (not source-established); BAR-END HOOK / BEND at the end supports (not detailed)
BM-1F_ROOF-B4-BL032-6B5|BOTTOM_MAIN|BM-1F_ROOF-B4-BL032-6B5:BOTTOM_MAIN,BM-1F_ROOF-B4-BL032-6B5,SIMPLE_BEAM,B4,,BOTTOM_MAIN,BEAM_BOTTOM_BAR,MASS,LOWER_BOUND,SOURCE_BOUND,BM-1F_ROOF-B4-BL032-6B5:BOTTOM_MAIN,,16,4,4.1,16.4,1.580247,25.916049,,,SOURCE_VERIFIED,NOT_ESTABLISHED,,,,"[""development / anchorage into the supports: no beam-source rule (note 9 70Ø/40Ø is for starter bars only; the slab 0.25L / 0.30L rules are never borrowed)"", ""DEVELOPMENT / ANCHORAGE at the end supports (not source-established)"", ""BAR-END HOOK / BEND at the end supports (not detailed)""]",,,development / anchorage into the supports: no beam-source rule (note 9 70Ø/40Ø is for starter bars only; the slab 0.25L / 0.30L rules are never borrowed); DEVELOPMENT / ANCHORAGE at the end supports (not source-established); BAR-END HOOK / BEND at the end supports (not detailed)
BM-1F_ROOF-B4-BL032-6B5|TOP_SUPPORT,BM-1F_ROOF-B4-BL032-6B5,SIMPLE_BEAM,B4,,TOP_SUPPORT,BEAM_EXTRA_BAR,MASS,NOT_APPLICABLE,,,,,,,,,,,,,,,,,,,,not scheduled in the SBT (no support bar field in the SBT)
BM-1F_ROOF-B4-BL032-6B5|BOTTOM_SUPPORT,BM-1F_ROOF-B4-BL032-6B5,SIMPLE_BEAM,B4,,BOTTOM_SUPPORT,BEAM_EXTRA_BAR,MASS,NOT_APPLICABLE,,,,,,,,,,,,,,,,,,,,not scheduled in the SBT (no bottom extra field in the SBT)
BM-1F_ROOF-B4-BL032-6B5|MID_TOP,BM-1F_ROOF-B4-BL032-6B5,SIMPLE_BEAM,B4,,MID_TOP,BEAM_EXTRA_BAR,MASS,NOT_APPLICABLE,,,,,,,,,,,,,,,,,,,,a simple beam has one span and no interior support; the SBT has no MID field
BM-1F_ROOF-B4-BL032-6B5|MID_BOTTOM,BM-1F_ROOF-B4-BL032-6B5,SIMPLE_BEAM,B4,,MID_BOTTOM,BEAM_EXTRA_BAR,MASS,NOT_APPLICABLE,,,,,,,,,,,,,,,,,,,,a simple beam has one span and no interior support; the SBT has no MID field
BM-1F_ROOF-B4-BL032-6B5|HANGER,BM-1F_ROOF-B4-BL032-6B5,SIMPLE_BEAM,B4,,HANGER,BEAM_EXTRA_BAR,MASS,NOT_APPLICABLE,,,,,,,,,,,,,,,,,,,,ABSENT: no hanger field and no hanger detail (TOP BARS listed; no hanger role asserted)
BM-1F_ROOF-B4-BL032-6B5|SIDE_REBAR,BM-1F_ROOF-B4-BL032-6B5,SIMPLE_BEAM,B4,,SIDE_REBAR,BEAM_SIDE_BAR,MASS,NOT_APPLICABLE,,,,,,,,,,,,,,,,,,,,no side bars printed; depth 50.0 cm
BM-1F_ROOF-B4-BL032-6B5|STIRRUP_COUNT|SPAN1,BM-1F_ROOF-B4-BL032-6B5,SIMPLE_BEAM,B4,,STIRRUP_COUNT,BEAM_STIRRUP,COUNT,LOWER_BOUND,SOURCE_BOUND,,1,8,,,,,,25,26,,,,,,,,,first / last stirrup position not stated; no +1
BM-1F_ROOF-B4-BL032-6B5|STIRRUP_CORE_PATH|SPAN1,BM-1F_ROOF-B4-BL032-6B5,SIMPLE_BEAM,B4,,STIRRUP_CORE_PATH,BEAM_STIRRUP,MASS,BLOCKED_UNQUANTIFIED,,,1,8,,,,,,,,,,,,,,"[""LEGS / TOPOLOGY UNRESOLVED"", ""HOOKS BLOCKED_UNQUANTIFIED"", ""LEGS / LINK TOPOLOGY NOT_ESTABLISHED"", ""STIRRUP HOOKS NOT_ESTABLISHED""]",Q7,"stirrup mass needs legs, path, hooks and section; missing: LEGS / TOPOLOGY UNRESOLVED; HOOKS BLOCKED_UNQUANTIFIED; LEGS / LINK TOPOLOGY NOT_ESTABLISHED; STIRRUP HOOKS NOT_ESTABLISHED"
BM-1F_ROOF-B4-BL032-6B5|HOOK_1,BM-1F_ROOF-B4-BL032-6B5,SIMPLE_BEAM,B4,,HOOK_1,ANCHORAGE,MASS,BLOCKED_UNQUANTIFIED,,,,,,,,,,,,,,,,,,,Q1,"bar-end hook / bend: end legs drawn N.T.S. without a dimension; no project hook source; column hook rules are not imported - Q1 at end 1 ({'kind': 'COLUMN', 'refs': ['FFRS:667']})"
BM-1F_ROOF-B4-BL032-6B5|DEVELOPMENT_1,BM-1F_ROOF-B4-BL032-6B5,SIMPLE_BEAM,B4,,DEVELOPMENT_1,ANCHORAGE,MASS,BLOCKED_UNQUANTIFIED,,,,,,,,,,,,,,,,,,,Q1,"development / anchorage: no beam-source development rule (note 9 70Ø / 40Ø is starter-bar context only; no 40D, 70D, code, Urban default or external value is used) - Q1 at end 1 ({'kind': 'COLUMN', 'refs': ['FFRS:667']})"
BM-1F_ROOF-B4-BL032-6B5|HOOK_2,BM-1F_ROOF-B4-BL032-6B5,SIMPLE_BEAM,B4,,HOOK_2,ANCHORAGE,MASS,BLOCKED_UNQUANTIFIED,,,,,,,,,,,,,,,,,,,Q1,"bar-end hook / bend: end legs drawn N.T.S. without a dimension; no project hook source; column hook rules are not imported - Q1 at end 2 ({'kind': 'BEAM_CARRIED_BY', 'refs': ['BL003']})"
BM-1F_ROOF-B4-BL032-6B5|DEVELOPMENT_2,BM-1F_ROOF-B4-BL032-6B5,SIMPLE_BEAM,B4,,DEVELOPMENT_2,ANCHORAGE,MASS,BLOCKED_UNQUANTIFIED,,,,,,,,,,,,,,,,,,,Q1,"development / anchorage: no beam-source development rule (note 9 70Ø / 40Ø is starter-bar context only; no 40D, 70D, code, Urban default or external value is used) - Q1 at end 2 ({'kind': 'BEAM_CARRIED_BY', 'refs': ['BL003']})"
BM-1F_ROOF-B4-BL032-6B5|OPENING_EXTRA_TOP,BM-1F_ROOF-B4-BL032-6B5,SIMPLE_BEAM,B4,,OPENING_EXTRA_TOP,SPECIAL_DETAIL_BAR,MASS,NOT_APPLICABLE,,,,,,,,,,,,,,,,,,,,no source-identified physical opening in this beam (26 opening objects checked project-wide; the generic opening detail is not applied globally)
BM-1F_ROOF-B4-BL032-6B5|OPENING_EXTRA_BOTTOM,BM-1F_ROOF-B4-BL032-6B5,SIMPLE_BEAM,B4,,OPENING_EXTRA_BOTTOM,SPECIAL_DETAIL_BAR,MASS,NOT_APPLICABLE,,,,,,,,,,,,,,,,,,,,no source-identified physical opening in this beam (26 opening objects checked project-wide; the generic opening detail is not applied globally)
BM-1F_ROOF-B4-BL032-6B5|OPENING_EXTRA_SIDE,BM-1F_ROOF-B4-BL032-6B5,SIMPLE_BEAM,B4,,OPENING_EXTRA_SIDE,SPECIAL_DETAIL_BAR,MASS,NOT_APPLICABLE,,,,,,,,,,,,,,,,,,,,no source-identified physical opening in this beam (26 opening objects checked project-wide; the generic opening detail is not applied globally)
BM-1F_ROOF-B4-BL032-6B5|OPENING_EXTRA_STIRRUP,BM-1F_ROOF-B4-BL032-6B5,SIMPLE_BEAM,B4,,OPENING_EXTRA_STIRRUP,BEAM_STIRRUP,MASS,NOT_APPLICABLE,,,,,,,,,,,,,,,,,,,,no source-identified physical opening in this beam (26 opening objects checked project-wide; the generic opening detail is not applied globally)
BM-1F_ROOF-B4-BL032-6B5|OTHER_EXPLICIT_EXTRA,BM-1F_ROOF-B4-BL032-6B5,SIMPLE_BEAM,B4,,OTHER_EXPLICIT_EXTRA,SPECIAL_DETAIL_BAR,MASS,NOT_APPLICABLE,,,,,,,,,,,,,,,,,,,,no other explicit extra scheduled or detailed for this occurrence
BM-1F_ROOF-B5-BL007-6EC|TOP_MAIN|BM-1F_ROOF-B5-BL007-6EC:TOP_MAIN,BM-1F_ROOF-B5-BL007-6EC,SIMPLE_BEAM,B5,,TOP_MAIN,BEAM_TOP_BAR,MASS,LOWER_BOUND,SOURCE_BOUND,BM-1F_ROOF-B5-BL007-6EC:TOP_MAIN,,12,2,4.85,9.7,0.888889,8.622222,,,SOURCE_VERIFIED,NOT_ESTABLISHED,,,,"[""development / anchorage into the supports: no beam-source rule (note 9 70Ø/40Ø is for starter bars only; the slab 0.25L / 0.30L rules are never borrowed)"", ""DEVELOPMENT / ANCHORAGE at the end supports (not source-established)"", ""BAR-END HOOK / BEND at the end supports (not detailed)""]",,,development / anchorage into the supports: no beam-source rule (note 9 70Ø/40Ø is for starter bars only; the slab 0.25L / 0.30L rules are never borrowed); DEVELOPMENT / ANCHORAGE at the end supports (not source-established); BAR-END HOOK / BEND at the end supports (not detailed)
BM-1F_ROOF-B5-BL007-6EC|BOTTOM_MAIN|BM-1F_ROOF-B5-BL007-6EC:BOTTOM_MAIN,BM-1F_ROOF-B5-BL007-6EC,SIMPLE_BEAM,B5,,BOTTOM_MAIN,BEAM_BOTTOM_BAR,MASS,LOWER_BOUND,SOURCE_BOUND,BM-1F_ROOF-B5-BL007-6EC:BOTTOM_MAIN,,18,4,4.85,19.4,2.0,38.8,,,SOURCE_VERIFIED,NOT_ESTABLISHED,,,,"[""development / anchorage into the supports: no beam-source rule (note 9 70Ø/40Ø is for starter bars only; the slab 0.25L / 0.30L rules are never borrowed)"", ""DEVELOPMENT / ANCHORAGE at the end supports (not source-established)"", ""BAR-END HOOK / BEND at the end supports (not detailed)""]",,,development / anchorage into the supports: no beam-source rule (note 9 70Ø/40Ø is for starter bars only; the slab 0.25L / 0.30L rules are never borrowed); DEVELOPMENT / ANCHORAGE at the end supports (not source-established); BAR-END HOOK / BEND at the end supports (not detailed)
BM-1F_ROOF-B5-BL007-6EC|TOP_SUPPORT,BM-1F_ROOF-B5-BL007-6EC,SIMPLE_BEAM,B5,,TOP_SUPPORT,BEAM_EXTRA_BAR,MASS,NOT_APPLICABLE,,,,,,,,,,,,,,,,,,,,not scheduled in the SBT (no support bar field in the SBT)
BM-1F_ROOF-B5-BL007-6EC|BOTTOM_SUPPORT,BM-1F_ROOF-B5-BL007-6EC,SIMPLE_BEAM,B5,,BOTTOM_SUPPORT,BEAM_EXTRA_BAR,MASS,NOT_APPLICABLE,,,,,,,,,,,,,,,,,,,,not scheduled in the SBT (no bottom extra field in the SBT)
BM-1F_ROOF-B5-BL007-6EC|MID_TOP,BM-1F_ROOF-B5-BL007-6EC,SIMPLE_BEAM,B5,,MID_TOP,BEAM_EXTRA_BAR,MASS,NOT_APPLICABLE,,,,,,,,,,,,,,,,,,,,a simple beam has one span and no interior support; the SBT has no MID field
BM-1F_ROOF-B5-BL007-6EC|MID_BOTTOM,BM-1F_ROOF-B5-BL007-6EC,SIMPLE_BEAM,B5,,MID_BOTTOM,BEAM_EXTRA_BAR,MASS,NOT_APPLICABLE,,,,,,,,,,,,,,,,,,,,a simple beam has one span and no interior support; the SBT has no MID field
BM-1F_ROOF-B5-BL007-6EC|HANGER,BM-1F_ROOF-B5-BL007-6EC,SIMPLE_BEAM,B5,,HANGER,BEAM_EXTRA_BAR,MASS,NOT_APPLICABLE,,,,,,,,,,,,,,,,,,,,ABSENT: no hanger field and no hanger detail (TOP BARS listed; no hanger role asserted)
BM-1F_ROOF-B5-BL007-6EC|SIDE_REBAR,BM-1F_ROOF-B5-BL007-6EC,SIMPLE_BEAM,B5,,SIDE_REBAR,BEAM_SIDE_BAR,MASS,NOT_APPLICABLE,,,,,,,,,,,,,,,,,,,,no side bars printed; depth 50.0 cm
BM-1F_ROOF-B5-BL007-6EC|STIRRUP_COUNT|SPAN1,BM-1F_ROOF-B5-BL007-6EC,SIMPLE_BEAM,B5,,STIRRUP_COUNT,BEAM_STIRRUP,COUNT,LOWER_BOUND,SOURCE_BOUND,,1,8,,,,,,30,31,,,,,,,,,first / last stirrup position not stated; no +1
BM-1F_ROOF-B5-BL007-6EC|STIRRUP_CORE_PATH|SPAN1,BM-1F_ROOF-B5-BL007-6EC,SIMPLE_BEAM,B5,,STIRRUP_CORE_PATH,BEAM_STIRRUP,MASS,BLOCKED_UNQUANTIFIED,,,1,8,,,,,,,,,,,,,,"[""LEGS / TOPOLOGY UNRESOLVED"", ""HOOKS BLOCKED_UNQUANTIFIED"", ""LEGS / LINK TOPOLOGY NOT_ESTABLISHED"", ""STIRRUP HOOKS NOT_ESTABLISHED""]",Q7,"stirrup mass needs legs, path, hooks and section; missing: LEGS / TOPOLOGY UNRESOLVED; HOOKS BLOCKED_UNQUANTIFIED; LEGS / LINK TOPOLOGY NOT_ESTABLISHED; STIRRUP HOOKS NOT_ESTABLISHED"
BM-1F_ROOF-B5-BL007-6EC|HOOK_1,BM-1F_ROOF-B5-BL007-6EC,SIMPLE_BEAM,B5,,HOOK_1,ANCHORAGE,MASS,BLOCKED_UNQUANTIFIED,,,,,,,,,,,,,,,,,,,Q1,"bar-end hook / bend: end legs drawn N.T.S. without a dimension; no project hook source; column hook rules are not imported - Q1 at end 1 ({'kind': 'COLUMN', 'refs': ['FFRS:69A']})"
BM-1F_ROOF-B5-BL007-6EC|DEVELOPMENT_1,BM-1F_ROOF-B5-BL007-6EC,SIMPLE_BEAM,B5,,DEVELOPMENT_1,ANCHORAGE,MASS,BLOCKED_UNQUANTIFIED,,,,,,,,,,,,,,,,,,,Q1,"development / anchorage: no beam-source development rule (note 9 70Ø / 40Ø is starter-bar context only; no 40D, 70D, code, Urban default or external value is used) - Q1 at end 1 ({'kind': 'COLUMN', 'refs': ['FFRS:69A']})"
BM-1F_ROOF-B5-BL007-6EC|HOOK_2,BM-1F_ROOF-B5-BL007-6EC,SIMPLE_BEAM,B5,,HOOK_2,ANCHORAGE,MASS,BLOCKED_UNQUANTIFIED,,,,,,,,,,,,,,,,,,,Q1,"bar-end hook / bend: end legs drawn N.T.S. without a dimension; no project hook source; column hook rules are not imported - Q1 at end 2 ({'kind': 'BEAM_CARRIED_BY', 'refs': ['BL025']})"
BM-1F_ROOF-B5-BL007-6EC|DEVELOPMENT_2,BM-1F_ROOF-B5-BL007-6EC,SIMPLE_BEAM,B5,,DEVELOPMENT_2,ANCHORAGE,MASS,BLOCKED_UNQUANTIFIED,,,,,,,,,,,,,,,,,,,Q1,"development / anchorage: no beam-source development rule (note 9 70Ø / 40Ø is starter-bar context only; no 40D, 70D, code, Urban default or external value is used) - Q1 at end 2 ({'kind': 'BEAM_CARRIED_BY', 'refs': ['BL025']})"
BM-1F_ROOF-B5-BL007-6EC|OPENING_EXTRA_TOP,BM-1F_ROOF-B5-BL007-6EC,SIMPLE_BEAM,B5,,OPENING_EXTRA_TOP,SPECIAL_DETAIL_BAR,MASS,NOT_APPLICABLE,,,,,,,,,,,,,,,,,,,,no source-identified physical opening in this beam (26 opening objects checked project-wide; the generic opening detail is not applied globally)
BM-1F_ROOF-B5-BL007-6EC|OPENING_EXTRA_BOTTOM,BM-1F_ROOF-B5-BL007-6EC,SIMPLE_BEAM,B5,,OPENING_EXTRA_BOTTOM,SPECIAL_DETAIL_BAR,MASS,NOT_APPLICABLE,,,,,,,,,,,,,,,,,,,,no source-identified physical opening in this beam (26 opening objects checked project-wide; the generic opening detail is not applied globally)
BM-1F_ROOF-B5-BL007-6EC|OPENING_EXTRA_SIDE,BM-1F_ROOF-B5-BL007-6EC,SIMPLE_BEAM,B5,,OPENING_EXTRA_SIDE,SPECIAL_DETAIL_BAR,MASS,NOT_APPLICABLE,,,,,,,,,,,,,,,,,,,,no source-identified physical opening in this beam (26 opening objects checked project-wide; the generic opening detail is not applied globally)
BM-1F_ROOF-B5-BL007-6EC|OPENING_EXTRA_STIRRUP,BM-1F_ROOF-B5-BL007-6EC,SIMPLE_BEAM,B5,,OPENING_EXTRA_STIRRUP,BEAM_STIRRUP,MASS,NOT_APPLICABLE,,,,,,,,,,,,,,,,,,,,no source-identified physical opening in this beam (26 opening objects checked project-wide; the generic opening detail is not applied globally)
BM-1F_ROOF-B5-BL007-6EC|OTHER_EXPLICIT_EXTRA,BM-1F_ROOF-B5-BL007-6EC,SIMPLE_BEAM,B5,,OTHER_EXPLICIT_EXTRA,SPECIAL_DETAIL_BAR,MASS,NOT_APPLICABLE,,,,,,,,,,,,,,,,,,,,no other explicit extra scheduled or detailed for this occurrence
BM-1F_ROOF-B5-BL022-6C4|TOP_MAIN|BM-1F_ROOF-B5-BL022-6C4:TOP_MAIN,BM-1F_ROOF-B5-BL022-6C4,SIMPLE_BEAM,B5,,TOP_MAIN,BEAM_TOP_BAR,MASS,LOWER_BOUND,SOURCE_BOUND,BM-1F_ROOF-B5-BL022-6C4:TOP_MAIN,,12,2,3.475,6.95,0.888889,6.177778,,,SOURCE_VERIFIED,NOT_ESTABLISHED,,,,"[""development / anchorage into the supports: no beam-source rule (note 9 70Ø/40Ø is for starter bars only; the slab 0.25L / 0.30L rules are never borrowed)"", ""DEVELOPMENT / ANCHORAGE at the end supports (not source-established)"", ""BAR-END HOOK / BEND at the end supports (not detailed)""]",,,development / anchorage into the supports: no beam-source rule (note 9 70Ø/40Ø is for starter bars only; the slab 0.25L / 0.30L rules are never borrowed); DEVELOPMENT / ANCHORAGE at the end supports (not source-established); BAR-END HOOK / BEND at the end supports (not detailed)
BM-1F_ROOF-B5-BL022-6C4|BOTTOM_MAIN|BM-1F_ROOF-B5-BL022-6C4:BOTTOM_MAIN,BM-1F_ROOF-B5-BL022-6C4,SIMPLE_BEAM,B5,,BOTTOM_MAIN,BEAM_BOTTOM_BAR,MASS,LOWER_BOUND,SOURCE_BOUND,BM-1F_ROOF-B5-BL022-6C4:BOTTOM_MAIN,,18,4,3.475,13.9,2.0,27.8,,,SOURCE_VERIFIED,NOT_ESTABLISHED,,,,"[""development / anchorage into the supports: no beam-source rule (note 9 70Ø/40Ø is for starter bars only; the slab 0.25L / 0.30L rules are never borrowed)"", ""DEVELOPMENT / ANCHORAGE at the end supports (not source-established)"", ""BAR-END HOOK / BEND at the end supports (not detailed)""]",,,development / anchorage into the supports: no beam-source rule (note 9 70Ø/40Ø is for starter bars only; the slab 0.25L / 0.30L rules are never borrowed); DEVELOPMENT / ANCHORAGE at the end supports (not source-established); BAR-END HOOK / BEND at the end supports (not detailed)
BM-1F_ROOF-B5-BL022-6C4|TOP_SUPPORT,BM-1F_ROOF-B5-BL022-6C4,SIMPLE_BEAM,B5,,TOP_SUPPORT,BEAM_EXTRA_BAR,MASS,NOT_APPLICABLE,,,,,,,,,,,,,,,,,,,,not scheduled in the SBT (no support bar field in the SBT)
BM-1F_ROOF-B5-BL022-6C4|BOTTOM_SUPPORT,BM-1F_ROOF-B5-BL022-6C4,SIMPLE_BEAM,B5,,BOTTOM_SUPPORT,BEAM_EXTRA_BAR,MASS,NOT_APPLICABLE,,,,,,,,,,,,,,,,,,,,not scheduled in the SBT (no bottom extra field in the SBT)
BM-1F_ROOF-B5-BL022-6C4|MID_TOP,BM-1F_ROOF-B5-BL022-6C4,SIMPLE_BEAM,B5,,MID_TOP,BEAM_EXTRA_BAR,MASS,NOT_APPLICABLE,,,,,,,,,,,,,,,,,,,,a simple beam has one span and no interior support; the SBT has no MID field
BM-1F_ROOF-B5-BL022-6C4|MID_BOTTOM,BM-1F_ROOF-B5-BL022-6C4,SIMPLE_BEAM,B5,,MID_BOTTOM,BEAM_EXTRA_BAR,MASS,NOT_APPLICABLE,,,,,,,,,,,,,,,,,,,,a simple beam has one span and no interior support; the SBT has no MID field
BM-1F_ROOF-B5-BL022-6C4|HANGER,BM-1F_ROOF-B5-BL022-6C4,SIMPLE_BEAM,B5,,HANGER,BEAM_EXTRA_BAR,MASS,NOT_APPLICABLE,,,,,,,,,,,,,,,,,,,,ABSENT: no hanger field and no hanger detail (TOP BARS listed; no hanger role asserted)
BM-1F_ROOF-B5-BL022-6C4|SIDE_REBAR,BM-1F_ROOF-B5-BL022-6C4,SIMPLE_BEAM,B5,,SIDE_REBAR,BEAM_SIDE_BAR,MASS,NOT_APPLICABLE,,,,,,,,,,,,,,,,,,,,no side bars printed; depth 50.0 cm
BM-1F_ROOF-B5-BL022-6C4|STIRRUP_COUNT|SPAN1,BM-1F_ROOF-B5-BL022-6C4,SIMPLE_BEAM,B5,,STIRRUP_COUNT,BEAM_STIRRUP,COUNT,LOWER_BOUND,SOURCE_BOUND,,1,8,,,,,,21,22,,,,,,,,,first / last stirrup position not stated; no +1
BM-1F_ROOF-B5-BL022-6C4|STIRRUP_CORE_PATH|SPAN1,BM-1F_ROOF-B5-BL022-6C4,SIMPLE_BEAM,B5,,STIRRUP_CORE_PATH,BEAM_STIRRUP,MASS,BLOCKED_UNQUANTIFIED,,,1,8,,,,,,,,,,,,,,"[""LEGS / TOPOLOGY UNRESOLVED"", ""HOOKS BLOCKED_UNQUANTIFIED"", ""LEGS / LINK TOPOLOGY NOT_ESTABLISHED"", ""STIRRUP HOOKS NOT_ESTABLISHED""]",Q7,"stirrup mass needs legs, path, hooks and section; missing: LEGS / TOPOLOGY UNRESOLVED; HOOKS BLOCKED_UNQUANTIFIED; LEGS / LINK TOPOLOGY NOT_ESTABLISHED; STIRRUP HOOKS NOT_ESTABLISHED"
BM-1F_ROOF-B5-BL022-6C4|HOOK_1,BM-1F_ROOF-B5-BL022-6C4,SIMPLE_BEAM,B5,,HOOK_1,ANCHORAGE,MASS,BLOCKED_UNQUANTIFIED,,,,,,,,,,,,,,,,,,,Q1,"bar-end hook / bend: end legs drawn N.T.S. without a dimension; no project hook source; column hook rules are not imported - Q1 at end 1 ({'kind': 'COLUMN', 'refs': ['FFRS:667']})"
BM-1F_ROOF-B5-BL022-6C4|DEVELOPMENT_1,BM-1F_ROOF-B5-BL022-6C4,SIMPLE_BEAM,B5,,DEVELOPMENT_1,ANCHORAGE,MASS,BLOCKED_UNQUANTIFIED,,,,,,,,,,,,,,,,,,,Q1,"development / anchorage: no beam-source development rule (note 9 70Ø / 40Ø is starter-bar context only; no 40D, 70D, code, Urban default or external value is used) - Q1 at end 1 ({'kind': 'COLUMN', 'refs': ['FFRS:667']})"
BM-1F_ROOF-B5-BL022-6C4|HOOK_2,BM-1F_ROOF-B5-BL022-6C4,SIMPLE_BEAM,B5,,HOOK_2,ANCHORAGE,MASS,BLOCKED_UNQUANTIFIED,,,,,,,,,,,,,,,,,,,Q1,"bar-end hook / bend: end legs drawn N.T.S. without a dimension; no project hook source; column hook rules are not imported - Q1 at end 2 ({'kind': 'COLUMN', 'refs': ['FFRS:697']})"
BM-1F_ROOF-B5-BL022-6C4|DEVELOPMENT_2,BM-1F_ROOF-B5-BL022-6C4,SIMPLE_BEAM,B5,,DEVELOPMENT_2,ANCHORAGE,MASS,BLOCKED_UNQUANTIFIED,,,,,,,,,,,,,,,,,,,Q1,"development / anchorage: no beam-source development rule (note 9 70Ø / 40Ø is starter-bar context only; no 40D, 70D, code, Urban default or external value is used) - Q1 at end 2 ({'kind': 'COLUMN', 'refs': ['FFRS:697']})"
BM-1F_ROOF-B5-BL022-6C4|OPENING_EXTRA_TOP,BM-1F_ROOF-B5-BL022-6C4,SIMPLE_BEAM,B5,,OPENING_EXTRA_TOP,SPECIAL_DETAIL_BAR,MASS,NOT_APPLICABLE,,,,,,,,,,,,,,,,,,,,no source-identified physical opening in this beam (26 opening objects checked project-wide; the generic opening detail is not applied globally)
BM-1F_ROOF-B5-BL022-6C4|OPENING_EXTRA_BOTTOM,BM-1F_ROOF-B5-BL022-6C4,SIMPLE_BEAM,B5,,OPENING_EXTRA_BOTTOM,SPECIAL_DETAIL_BAR,MASS,NOT_APPLICABLE,,,,,,,,,,,,,,,,,,,,no source-identified physical opening in this beam (26 opening objects checked project-wide; the generic opening detail is not applied globally)
BM-1F_ROOF-B5-BL022-6C4|OPENING_EXTRA_SIDE,BM-1F_ROOF-B5-BL022-6C4,SIMPLE_BEAM,B5,,OPENING_EXTRA_SIDE,SPECIAL_DETAIL_BAR,MASS,NOT_APPLICABLE,,,,,,,,,,,,,,,,,,,,no source-identified physical opening in this beam (26 opening objects checked project-wide; the generic opening detail is not applied globally)
BM-1F_ROOF-B5-BL022-6C4|OPENING_EXTRA_STIRRUP,BM-1F_ROOF-B5-BL022-6C4,SIMPLE_BEAM,B5,,OPENING_EXTRA_STIRRUP,BEAM_STIRRUP,MASS,NOT_APPLICABLE,,,,,,,,,,,,,,,,,,,,no source-identified physical opening in this beam (26 opening objects checked project-wide; the generic opening detail is not applied globally)
BM-1F_ROOF-B5-BL022-6C4|OTHER_EXPLICIT_EXTRA,BM-1F_ROOF-B5-BL022-6C4,SIMPLE_BEAM,B5,,OTHER_EXPLICIT_EXTRA,SPECIAL_DETAIL_BAR,MASS,NOT_APPLICABLE,,,,,,,,,,,,,,,,,,,,no other explicit extra scheduled or detailed for this occurrence
BM-1F_ROOF-B6-BL012-76C|TOP_MAIN|BM-1F_ROOF-B6-BL012-76C:TOP_MAIN,BM-1F_ROOF-B6-BL012-76C,SIMPLE_BEAM,B6,,TOP_MAIN,BEAM_TOP_BAR,MASS,LOWER_BOUND,SOURCE_BOUND,BM-1F_ROOF-B6-BL012-76C:TOP_MAIN,,12,2,4.1,8.2,0.888889,7.288889,,,SOURCE_VERIFIED,NOT_ESTABLISHED,,,,"[""development / anchorage into the supports: no beam-source rule (note 9 70Ø/40Ø is for starter bars only; the slab 0.25L / 0.30L rules are never borrowed)"", ""DEVELOPMENT / ANCHORAGE at the end supports (not source-established)"", ""BAR-END HOOK / BEND at the end supports (not detailed)""]",,,development / anchorage into the supports: no beam-source rule (note 9 70Ø/40Ø is for starter bars only; the slab 0.25L / 0.30L rules are never borrowed); DEVELOPMENT / ANCHORAGE at the end supports (not source-established); BAR-END HOOK / BEND at the end supports (not detailed)
BM-1F_ROOF-B6-BL012-76C|BOTTOM_MAIN|BM-1F_ROOF-B6-BL012-76C:BOTTOM_MAIN,BM-1F_ROOF-B6-BL012-76C,SIMPLE_BEAM,B6,,BOTTOM_MAIN,BEAM_BOTTOM_BAR,MASS,LOWER_BOUND,SOURCE_BOUND,BM-1F_ROOF-B6-BL012-76C:BOTTOM_MAIN,,18,5,4.1,20.5,2.0,41.0,,,SOURCE_VERIFIED,NOT_ESTABLISHED,,,,"[""development / anchorage into the supports: no beam-source rule (note 9 70Ø/40Ø is for starter bars only; the slab 0.25L / 0.30L rules are never borrowed)"", ""DEVELOPMENT / ANCHORAGE at the end supports (not source-established)"", ""BAR-END HOOK / BEND at the end supports (not detailed)""]",,,development / anchorage into the supports: no beam-source rule (note 9 70Ø/40Ø is for starter bars only; the slab 0.25L / 0.30L rules are never borrowed); DEVELOPMENT / ANCHORAGE at the end supports (not source-established); BAR-END HOOK / BEND at the end supports (not detailed)
BM-1F_ROOF-B6-BL012-76C|TOP_SUPPORT,BM-1F_ROOF-B6-BL012-76C,SIMPLE_BEAM,B6,,TOP_SUPPORT,BEAM_EXTRA_BAR,MASS,NOT_APPLICABLE,,,,,,,,,,,,,,,,,,,,not scheduled in the SBT (no support bar field in the SBT)
BM-1F_ROOF-B6-BL012-76C|BOTTOM_SUPPORT,BM-1F_ROOF-B6-BL012-76C,SIMPLE_BEAM,B6,,BOTTOM_SUPPORT,BEAM_EXTRA_BAR,MASS,NOT_APPLICABLE,,,,,,,,,,,,,,,,,,,,not scheduled in the SBT (no bottom extra field in the SBT)
BM-1F_ROOF-B6-BL012-76C|MID_TOP,BM-1F_ROOF-B6-BL012-76C,SIMPLE_BEAM,B6,,MID_TOP,BEAM_EXTRA_BAR,MASS,NOT_APPLICABLE,,,,,,,,,,,,,,,,,,,,a simple beam has one span and no interior support; the SBT has no MID field
BM-1F_ROOF-B6-BL012-76C|MID_BOTTOM,BM-1F_ROOF-B6-BL012-76C,SIMPLE_BEAM,B6,,MID_BOTTOM,BEAM_EXTRA_BAR,MASS,NOT_APPLICABLE,,,,,,,,,,,,,,,,,,,,a simple beam has one span and no interior support; the SBT has no MID field
BM-1F_ROOF-B6-BL012-76C|HANGER,BM-1F_ROOF-B6-BL012-76C,SIMPLE_BEAM,B6,,HANGER,BEAM_EXTRA_BAR,MASS,NOT_APPLICABLE,,,,,,,,,,,,,,,,,,,,ABSENT: no hanger field and no hanger detail (TOP BARS listed; no hanger role asserted)
BM-1F_ROOF-B6-BL012-76C|SIDE_REBAR,BM-1F_ROOF-B6-BL012-76C,SIMPLE_BEAM,B6,,SIDE_REBAR,BEAM_SIDE_BAR,MASS,NOT_APPLICABLE,,,,,,,,,,,,,,,,,,,,no side bars printed; depth 50.0 cm
BM-1F_ROOF-B6-BL012-76C|STIRRUP_COUNT|SPAN1,BM-1F_ROOF-B6-BL012-76C,SIMPLE_BEAM,B6,,STIRRUP_COUNT,BEAM_STIRRUP,COUNT,LOWER_BOUND,SOURCE_BOUND,,1,8,,,,,,25,26,,,,,,,,,first / last stirrup position not stated; no +1
BM-1F_ROOF-B6-BL012-76C|STIRRUP_CORE_PATH|SPAN1,BM-1F_ROOF-B6-BL012-76C,SIMPLE_BEAM,B6,,STIRRUP_CORE_PATH,BEAM_STIRRUP,MASS,BLOCKED_UNQUANTIFIED,,,1,8,,,,,,,,,,,,,,"[""LEGS / TOPOLOGY UNRESOLVED"", ""HOOKS BLOCKED_UNQUANTIFIED"", ""LEGS / LINK TOPOLOGY NOT_ESTABLISHED"", ""STIRRUP HOOKS NOT_ESTABLISHED""]",Q7,"stirrup mass needs legs, path, hooks and section; missing: LEGS / TOPOLOGY UNRESOLVED; HOOKS BLOCKED_UNQUANTIFIED; LEGS / LINK TOPOLOGY NOT_ESTABLISHED; STIRRUP HOOKS NOT_ESTABLISHED"
BM-1F_ROOF-B6-BL012-76C|HOOK_1,BM-1F_ROOF-B6-BL012-76C,SIMPLE_BEAM,B6,,HOOK_1,ANCHORAGE,MASS,BLOCKED_UNQUANTIFIED,,,,,,,,,,,,,,,,,,,Q1,"bar-end hook / bend: end legs drawn N.T.S. without a dimension; no project hook source; column hook rules are not imported - Q1 at end 1 ({'kind': 'BEAM_CARRIED_BY', 'refs': ['BL005']})"
BM-1F_ROOF-B6-BL012-76C|DEVELOPMENT_1,BM-1F_ROOF-B6-BL012-76C,SIMPLE_BEAM,B6,,DEVELOPMENT_1,ANCHORAGE,MASS,BLOCKED_UNQUANTIFIED,,,,,,,,,,,,,,,,,,,Q1,"development / anchorage: no beam-source development rule (note 9 70Ø / 40Ø is starter-bar context only; no 40D, 70D, code, Urban default or external value is used) - Q1 at end 1 ({'kind': 'BEAM_CARRIED_BY', 'refs': ['BL005']})"
BM-1F_ROOF-B6-BL012-76C|HOOK_2,BM-1F_ROOF-B6-BL012-76C,SIMPLE_BEAM,B6,,HOOK_2,ANCHORAGE,MASS,BLOCKED_UNQUANTIFIED,,,,,,,,,,,,,,,,,,,Q1,"bar-end hook / bend: end legs drawn N.T.S. without a dimension; no project hook source; column hook rules are not imported - Q1 at end 2 ({'kind': 'BEAM_CARRIED_BY', 'refs': ['BL004']})"
BM-1F_ROOF-B6-BL012-76C|DEVELOPMENT_2,BM-1F_ROOF-B6-BL012-76C,SIMPLE_BEAM,B6,,DEVELOPMENT_2,ANCHORAGE,MASS,BLOCKED_UNQUANTIFIED,,,,,,,,,,,,,,,,,,,Q1,"development / anchorage: no beam-source development rule (note 9 70Ø / 40Ø is starter-bar context only; no 40D, 70D, code, Urban default or external value is used) - Q1 at end 2 ({'kind': 'BEAM_CARRIED_BY', 'refs': ['BL004']})"
BM-1F_ROOF-B6-BL012-76C|OPENING_EXTRA_TOP,BM-1F_ROOF-B6-BL012-76C,SIMPLE_BEAM,B6,,OPENING_EXTRA_TOP,SPECIAL_DETAIL_BAR,MASS,NOT_APPLICABLE,,,,,,,,,,,,,,,,,,,,no source-identified physical opening in this beam (26 opening objects checked project-wide; the generic opening detail is not applied globally)
BM-1F_ROOF-B6-BL012-76C|OPENING_EXTRA_BOTTOM,BM-1F_ROOF-B6-BL012-76C,SIMPLE_BEAM,B6,,OPENING_EXTRA_BOTTOM,SPECIAL_DETAIL_BAR,MASS,NOT_APPLICABLE,,,,,,,,,,,,,,,,,,,,no source-identified physical opening in this beam (26 opening objects checked project-wide; the generic opening detail is not applied globally)
BM-1F_ROOF-B6-BL012-76C|OPENING_EXTRA_SIDE,BM-1F_ROOF-B6-BL012-76C,SIMPLE_BEAM,B6,,OPENING_EXTRA_SIDE,SPECIAL_DETAIL_BAR,MASS,NOT_APPLICABLE,,,,,,,,,,,,,,,,,,,,no source-identified physical opening in this beam (26 opening objects checked project-wide; the generic opening detail is not applied globally)
BM-1F_ROOF-B6-BL012-76C|OPENING_EXTRA_STIRRUP,BM-1F_ROOF-B6-BL012-76C,SIMPLE_BEAM,B6,,OPENING_EXTRA_STIRRUP,BEAM_STIRRUP,MASS,NOT_APPLICABLE,,,,,,,,,,,,,,,,,,,,no source-identified physical opening in this beam (26 opening objects checked project-wide; the generic opening detail is not applied globally)
BM-1F_ROOF-B6-BL012-76C|OTHER_EXPLICIT_EXTRA,BM-1F_ROOF-B6-BL012-76C,SIMPLE_BEAM,B6,,OTHER_EXPLICIT_EXTRA,SPECIAL_DETAIL_BAR,MASS,NOT_APPLICABLE,,,,,,,,,,,,,,,,,,,,no other explicit extra scheduled or detailed for this occurrence
BM-1F_ROOF-B6-BL013-6BD|TOP_MAIN|BM-1F_ROOF-B6-BL013-6BD:TOP_MAIN,BM-1F_ROOF-B6-BL013-6BD,SIMPLE_BEAM,B6,,TOP_MAIN,BEAM_TOP_BAR,MASS,LOWER_BOUND,SOURCE_BOUND,BM-1F_ROOF-B6-BL013-6BD:TOP_MAIN,,12,2,4.1,8.2,0.888889,7.288889,,,SOURCE_VERIFIED,NOT_ESTABLISHED,,,,"[""development / anchorage into the supports: no beam-source rule (note 9 70Ø/40Ø is for starter bars only; the slab 0.25L / 0.30L rules are never borrowed)"", ""DEVELOPMENT / ANCHORAGE at the end supports (not source-established)"", ""BAR-END HOOK / BEND at the end supports (not detailed)""]",,,development / anchorage into the supports: no beam-source rule (note 9 70Ø/40Ø is for starter bars only; the slab 0.25L / 0.30L rules are never borrowed); DEVELOPMENT / ANCHORAGE at the end supports (not source-established); BAR-END HOOK / BEND at the end supports (not detailed)
BM-1F_ROOF-B6-BL013-6BD|BOTTOM_MAIN|BM-1F_ROOF-B6-BL013-6BD:BOTTOM_MAIN,BM-1F_ROOF-B6-BL013-6BD,SIMPLE_BEAM,B6,,BOTTOM_MAIN,BEAM_BOTTOM_BAR,MASS,LOWER_BOUND,SOURCE_BOUND,BM-1F_ROOF-B6-BL013-6BD:BOTTOM_MAIN,,18,5,4.1,20.5,2.0,41.0,,,SOURCE_VERIFIED,NOT_ESTABLISHED,,,,"[""development / anchorage into the supports: no beam-source rule (note 9 70Ø/40Ø is for starter bars only; the slab 0.25L / 0.30L rules are never borrowed)"", ""DEVELOPMENT / ANCHORAGE at the end supports (not source-established)"", ""BAR-END HOOK / BEND at the end supports (not detailed)""]",,,development / anchorage into the supports: no beam-source rule (note 9 70Ø/40Ø is for starter bars only; the slab 0.25L / 0.30L rules are never borrowed); DEVELOPMENT / ANCHORAGE at the end supports (not source-established); BAR-END HOOK / BEND at the end supports (not detailed)
BM-1F_ROOF-B6-BL013-6BD|TOP_SUPPORT,BM-1F_ROOF-B6-BL013-6BD,SIMPLE_BEAM,B6,,TOP_SUPPORT,BEAM_EXTRA_BAR,MASS,NOT_APPLICABLE,,,,,,,,,,,,,,,,,,,,not scheduled in the SBT (no support bar field in the SBT)
BM-1F_ROOF-B6-BL013-6BD|BOTTOM_SUPPORT,BM-1F_ROOF-B6-BL013-6BD,SIMPLE_BEAM,B6,,BOTTOM_SUPPORT,BEAM_EXTRA_BAR,MASS,NOT_APPLICABLE,,,,,,,,,,,,,,,,,,,,not scheduled in the SBT (no bottom extra field in the SBT)
BM-1F_ROOF-B6-BL013-6BD|MID_TOP,BM-1F_ROOF-B6-BL013-6BD,SIMPLE_BEAM,B6,,MID_TOP,BEAM_EXTRA_BAR,MASS,NOT_APPLICABLE,,,,,,,,,,,,,,,,,,,,a simple beam has one span and no interior support; the SBT has no MID field
BM-1F_ROOF-B6-BL013-6BD|MID_BOTTOM,BM-1F_ROOF-B6-BL013-6BD,SIMPLE_BEAM,B6,,MID_BOTTOM,BEAM_EXTRA_BAR,MASS,NOT_APPLICABLE,,,,,,,,,,,,,,,,,,,,a simple beam has one span and no interior support; the SBT has no MID field
BM-1F_ROOF-B6-BL013-6BD|HANGER,BM-1F_ROOF-B6-BL013-6BD,SIMPLE_BEAM,B6,,HANGER,BEAM_EXTRA_BAR,MASS,NOT_APPLICABLE,,,,,,,,,,,,,,,,,,,,ABSENT: no hanger field and no hanger detail (TOP BARS listed; no hanger role asserted)
BM-1F_ROOF-B6-BL013-6BD|SIDE_REBAR,BM-1F_ROOF-B6-BL013-6BD,SIMPLE_BEAM,B6,,SIDE_REBAR,BEAM_SIDE_BAR,MASS,NOT_APPLICABLE,,,,,,,,,,,,,,,,,,,,no side bars printed; depth 50.0 cm
BM-1F_ROOF-B6-BL013-6BD|STIRRUP_COUNT|SPAN1,BM-1F_ROOF-B6-BL013-6BD,SIMPLE_BEAM,B6,,STIRRUP_COUNT,BEAM_STIRRUP,COUNT,LOWER_BOUND,SOURCE_BOUND,,1,8,,,,,,25,26,,,,,,,,,first / last stirrup position not stated; no +1
BM-1F_ROOF-B6-BL013-6BD|STIRRUP_CORE_PATH|SPAN1,BM-1F_ROOF-B6-BL013-6BD,SIMPLE_BEAM,B6,,STIRRUP_CORE_PATH,BEAM_STIRRUP,MASS,BLOCKED_UNQUANTIFIED,,,1,8,,,,,,,,,,,,,,"[""LEGS / TOPOLOGY UNRESOLVED"", ""HOOKS BLOCKED_UNQUANTIFIED"", ""LEGS / LINK TOPOLOGY NOT_ESTABLISHED"", ""STIRRUP HOOKS NOT_ESTABLISHED""]",Q7,"stirrup mass needs legs, path, hooks and section; missing: LEGS / TOPOLOGY UNRESOLVED; HOOKS BLOCKED_UNQUANTIFIED; LEGS / LINK TOPOLOGY NOT_ESTABLISHED; STIRRUP HOOKS NOT_ESTABLISHED"
BM-1F_ROOF-B6-BL013-6BD|HOOK_1,BM-1F_ROOF-B6-BL013-6BD,SIMPLE_BEAM,B6,,HOOK_1,ANCHORAGE,MASS,BLOCKED_UNQUANTIFIED,,,,,,,,,,,,,,,,,,,Q1,"bar-end hook / bend: end legs drawn N.T.S. without a dimension; no project hook source; column hook rules are not imported - Q1 at end 1 ({'kind': 'BEAM_CARRIED_BY', 'refs': ['BL005']})"
BM-1F_ROOF-B6-BL013-6BD|DEVELOPMENT_1,BM-1F_ROOF-B6-BL013-6BD,SIMPLE_BEAM,B6,,DEVELOPMENT_1,ANCHORAGE,MASS,BLOCKED_UNQUANTIFIED,,,,,,,,,,,,,,,,,,,Q1,"development / anchorage: no beam-source development rule (note 9 70Ø / 40Ø is starter-bar context only; no 40D, 70D, code, Urban default or external value is used) - Q1 at end 1 ({'kind': 'BEAM_CARRIED_BY', 'refs': ['BL005']})"
BM-1F_ROOF-B6-BL013-6BD|HOOK_2,BM-1F_ROOF-B6-BL013-6BD,SIMPLE_BEAM,B6,,HOOK_2,ANCHORAGE,MASS,BLOCKED_UNQUANTIFIED,,,,,,,,,,,,,,,,,,,Q1,"bar-end hook / bend: end legs drawn N.T.S. without a dimension; no project hook source; column hook rules are not imported - Q1 at end 2 ({'kind': 'BEAM_CARRIED_BY', 'refs': ['BL004']})"
BM-1F_ROOF-B6-BL013-6BD|DEVELOPMENT_2,BM-1F_ROOF-B6-BL013-6BD,SIMPLE_BEAM,B6,,DEVELOPMENT_2,ANCHORAGE,MASS,BLOCKED_UNQUANTIFIED,,,,,,,,,,,,,,,,,,,Q1,"development / anchorage: no beam-source development rule (note 9 70Ø / 40Ø is starter-bar context only; no 40D, 70D, code, Urban default or external value is used) - Q1 at end 2 ({'kind': 'BEAM_CARRIED_BY', 'refs': ['BL004']})"
BM-1F_ROOF-B6-BL013-6BD|OPENING_EXTRA_TOP,BM-1F_ROOF-B6-BL013-6BD,SIMPLE_BEAM,B6,,OPENING_EXTRA_TOP,SPECIAL_DETAIL_BAR,MASS,NOT_APPLICABLE,,,,,,,,,,,,,,,,,,,,no source-identified physical opening in this beam (26 opening objects checked project-wide; the generic opening detail is not applied globally)
BM-1F_ROOF-B6-BL013-6BD|OPENING_EXTRA_BOTTOM,BM-1F_ROOF-B6-BL013-6BD,SIMPLE_BEAM,B6,,OPENING_EXTRA_BOTTOM,SPECIAL_DETAIL_BAR,MASS,NOT_APPLICABLE,,,,,,,,,,,,,,,,,,,,no source-identified physical opening in this beam (26 opening objects checked project-wide; the generic opening detail is not applied globally)
BM-1F_ROOF-B6-BL013-6BD|OPENING_EXTRA_SIDE,BM-1F_ROOF-B6-BL013-6BD,SIMPLE_BEAM,B6,,OPENING_EXTRA_SIDE,SPECIAL_DETAIL_BAR,MASS,NOT_APPLICABLE,,,,,,,,,,,,,,,,,,,,no source-identified physical opening in this beam (26 opening objects checked project-wide; the generic opening detail is not applied globally)
BM-1F_ROOF-B6-BL013-6BD|OPENING_EXTRA_STIRRUP,BM-1F_ROOF-B6-BL013-6BD,SIMPLE_BEAM,B6,,OPENING_EXTRA_STIRRUP,BEAM_STIRRUP,MASS,NOT_APPLICABLE,,,,,,,,,,,,,,,,,,,,no source-identified physical opening in this beam (26 opening objects checked project-wide; the generic opening detail is not applied globally)
BM-1F_ROOF-B6-BL013-6BD|OTHER_EXPLICIT_EXTRA,BM-1F_ROOF-B6-BL013-6BD,SIMPLE_BEAM,B6,,OTHER_EXPLICIT_EXTRA,SPECIAL_DETAIL_BAR,MASS,NOT_APPLICABLE,,,,,,,,,,,,,,,,,,,,no other explicit extra scheduled or detailed for this occurrence
BM-1F_ROOF-B6-BL014-6C5|TOP_MAIN|BM-1F_ROOF-B6-BL014-6C5:TOP_MAIN,BM-1F_ROOF-B6-BL014-6C5,SIMPLE_BEAM,B6,,TOP_MAIN,BEAM_TOP_BAR,MASS,BLOCKED_UNQUANTIFIED,,BM-1F_ROOF-B6-BL014-6C5:TOP_MAIN,,12,2,,,,,,,,,,,,,,R2,6C5 B6: drawn width conflicts with the schedule width
BM-1F_ROOF-B6-BL014-6C5|BOTTOM_MAIN|BM-1F_ROOF-B6-BL014-6C5:BOTTOM_MAIN,BM-1F_ROOF-B6-BL014-6C5,SIMPLE_BEAM,B6,,BOTTOM_MAIN,BEAM_BOTTOM_BAR,MASS,BLOCKED_UNQUANTIFIED,,BM-1F_ROOF-B6-BL014-6C5:BOTTOM_MAIN,,18,5,,,,,,,,,,,,,,R2,6C5 B6: drawn width conflicts with the schedule width
BM-1F_ROOF-B6-BL014-6C5|TOP_SUPPORT,BM-1F_ROOF-B6-BL014-6C5,SIMPLE_BEAM,B6,,TOP_SUPPORT,BEAM_EXTRA_BAR,MASS,NOT_APPLICABLE,,,,,,,,,,,,,,,,,,,,not scheduled in the SBT (no support bar field in the SBT)
BM-1F_ROOF-B6-BL014-6C5|BOTTOM_SUPPORT,BM-1F_ROOF-B6-BL014-6C5,SIMPLE_BEAM,B6,,BOTTOM_SUPPORT,BEAM_EXTRA_BAR,MASS,NOT_APPLICABLE,,,,,,,,,,,,,,,,,,,,not scheduled in the SBT (no bottom extra field in the SBT)
BM-1F_ROOF-B6-BL014-6C5|MID_TOP,BM-1F_ROOF-B6-BL014-6C5,SIMPLE_BEAM,B6,,MID_TOP,BEAM_EXTRA_BAR,MASS,NOT_APPLICABLE,,,,,,,,,,,,,,,,,,,,a simple beam has one span and no interior support; the SBT has no MID field
BM-1F_ROOF-B6-BL014-6C5|MID_BOTTOM,BM-1F_ROOF-B6-BL014-6C5,SIMPLE_BEAM,B6,,MID_BOTTOM,BEAM_EXTRA_BAR,MASS,NOT_APPLICABLE,,,,,,,,,,,,,,,,,,,,a simple beam has one span and no interior support; the SBT has no MID field
BM-1F_ROOF-B6-BL014-6C5|HANGER,BM-1F_ROOF-B6-BL014-6C5,SIMPLE_BEAM,B6,,HANGER,BEAM_EXTRA_BAR,MASS,NOT_APPLICABLE,,,,,,,,,,,,,,,,,,,,ABSENT: no hanger field and no hanger detail (TOP BARS listed; no hanger role asserted)
BM-1F_ROOF-B6-BL014-6C5|SIDE_REBAR,BM-1F_ROOF-B6-BL014-6C5,SIMPLE_BEAM,B6,,SIDE_REBAR,BEAM_SIDE_BAR,MASS,NOT_APPLICABLE,,,,,,,,,,,,,,,,,,,,no side bars printed; depth 50.0 cm
BM-1F_ROOF-B6-BL014-6C5|STIRRUP_COUNT|SPAN1,BM-1F_ROOF-B6-BL014-6C5,SIMPLE_BEAM,B6,,STIRRUP_COUNT,BEAM_STIRRUP,COUNT,BLOCKED_UNQUANTIFIED,,,1,8,,,,,,,,,,,,,,,R2,6C5 B6: drawn width conflicts with the schedule width
BM-1F_ROOF-B6-BL014-6C5|STIRRUP_CORE_PATH|SPAN1,BM-1F_ROOF-B6-BL014-6C5,SIMPLE_BEAM,B6,,STIRRUP_CORE_PATH,BEAM_STIRRUP,MASS,BLOCKED_UNQUANTIFIED,,,1,8,,,,,,,,,,,,,,"[""WIDTH SOURCE_CONFLICT"", ""LEGS / TOPOLOGY UNRESOLVED"", ""HOOKS BLOCKED_UNQUANTIFIED"", ""LEGS / LINK TOPOLOGY NOT_ESTABLISHED"", ""STIRRUP HOOKS NOT_ESTABLISHED"", ""occurrence blocked: 6C5 B6: drawn width conflicts with the schedule width""]",Q7,"stirrup mass needs legs, path, hooks and section; missing: WIDTH SOURCE_CONFLICT; LEGS / TOPOLOGY UNRESOLVED; HOOKS BLOCKED_UNQUANTIFIED; LEGS / LINK TOPOLOGY NOT_ESTABLISHED; STIRRUP HOOKS NOT_ESTABLISHED; occurrence blocked: 6C5 B6: drawn width conflicts with the schedule width"
BM-1F_ROOF-B6-BL014-6C5|HOOK_1,BM-1F_ROOF-B6-BL014-6C5,SIMPLE_BEAM,B6,,HOOK_1,ANCHORAGE,MASS,BLOCKED_UNQUANTIFIED,,,,,,,,,,,,,,,,,,,Q1,"bar-end hook / bend: end legs drawn N.T.S. without a dimension; no project hook source; column hook rules are not imported - Q1 at end 1 ({'kind': 'BEAM_CROSSING', 'refs': []}); occurrence blocked: 6C5 B6: drawn width conflicts with the schedule width"
BM-1F_ROOF-B6-BL014-6C5|DEVELOPMENT_1,BM-1F_ROOF-B6-BL014-6C5,SIMPLE_BEAM,B6,,DEVELOPMENT_1,ANCHORAGE,MASS,BLOCKED_UNQUANTIFIED,,,,,,,,,,,,,,,,,,,Q1,"development / anchorage: no beam-source development rule (note 9 70Ø / 40Ø is starter-bar context only; no 40D, 70D, code, Urban default or external value is used) - Q1 at end 1 ({'kind': 'BEAM_CROSSING', 'refs': []}); occurrence blocked: 6C5 B6: drawn width conflicts with the schedule width"
BM-1F_ROOF-B6-BL014-6C5|HOOK_2,BM-1F_ROOF-B6-BL014-6C5,SIMPLE_BEAM,B6,,HOOK_2,ANCHORAGE,MASS,BLOCKED_UNQUANTIFIED,,,,,,,,,,,,,,,,,,,Q1,"bar-end hook / bend: end legs drawn N.T.S. without a dimension; no project hook source; column hook rules are not imported - Q1 at end 2 ({'kind': 'BEAM_CARRIED_BY', 'refs': []}); occurrence blocked: 6C5 B6: drawn width conflicts with the schedule width"
BM-1F_ROOF-B6-BL014-6C5|DEVELOPMENT_2,BM-1F_ROOF-B6-BL014-6C5,SIMPLE_BEAM,B6,,DEVELOPMENT_2,ANCHORAGE,MASS,BLOCKED_UNQUANTIFIED,,,,,,,,,,,,,,,,,,,Q1,"development / anchorage: no beam-source development rule (note 9 70Ø / 40Ø is starter-bar context only; no 40D, 70D, code, Urban default or external value is used) - Q1 at end 2 ({'kind': 'BEAM_CARRIED_BY', 'refs': []}); occurrence blocked: 6C5 B6: drawn width conflicts with the schedule width"
BM-1F_ROOF-B6-BL014-6C5|OPENING_EXTRA_TOP,BM-1F_ROOF-B6-BL014-6C5,SIMPLE_BEAM,B6,,OPENING_EXTRA_TOP,SPECIAL_DETAIL_BAR,MASS,NOT_APPLICABLE,,,,,,,,,,,,,,,,,,,,no source-identified physical opening in this beam (26 opening objects checked project-wide; the generic opening detail is not applied globally)
BM-1F_ROOF-B6-BL014-6C5|OPENING_EXTRA_BOTTOM,BM-1F_ROOF-B6-BL014-6C5,SIMPLE_BEAM,B6,,OPENING_EXTRA_BOTTOM,SPECIAL_DETAIL_BAR,MASS,NOT_APPLICABLE,,,,,,,,,,,,,,,,,,,,no source-identified physical opening in this beam (26 opening objects checked project-wide; the generic opening detail is not applied globally)
BM-1F_ROOF-B6-BL014-6C5|OPENING_EXTRA_SIDE,BM-1F_ROOF-B6-BL014-6C5,SIMPLE_BEAM,B6,,OPENING_EXTRA_SIDE,SPECIAL_DETAIL_BAR,MASS,NOT_APPLICABLE,,,,,,,,,,,,,,,,,,,,no source-identified physical opening in this beam (26 opening objects checked project-wide; the generic opening detail is not applied globally)
BM-1F_ROOF-B6-BL014-6C5|OPENING_EXTRA_STIRRUP,BM-1F_ROOF-B6-BL014-6C5,SIMPLE_BEAM,B6,,OPENING_EXTRA_STIRRUP,BEAM_STIRRUP,MASS,NOT_APPLICABLE,,,,,,,,,,,,,,,,,,,,no source-identified physical opening in this beam (26 opening objects checked project-wide; the generic opening detail is not applied globally)
BM-1F_ROOF-B6-BL014-6C5|OTHER_EXPLICIT_EXTRA,BM-1F_ROOF-B6-BL014-6C5,SIMPLE_BEAM,B6,,OTHER_EXPLICIT_EXTRA,SPECIAL_DETAIL_BAR,MASS,NOT_APPLICABLE,,,,,,,,,,,,,,,,,,,,no other explicit extra scheduled or detailed for this occurrence
BM-1F_ROOF-B6-BL030-6D7|TOP_MAIN|BM-1F_ROOF-B6-BL030-6D7:TOP_MAIN,BM-1F_ROOF-B6-BL030-6D7,SIMPLE_BEAM,B6,,TOP_MAIN,BEAM_TOP_BAR,MASS,LOWER_BOUND,SOURCE_BOUND,BM-1F_ROOF-B6-BL030-6D7:TOP_MAIN,,12,2,4.372,8.744,0.888889,7.772444,,,SOURCE_VERIFIED,NOT_ESTABLISHED,,,,"[""development / anchorage into the supports: no beam-source rule (note 9 70Ø/40Ø is for starter bars only; the slab 0.25L / 0.30L rules are never borrowed)"", ""DEVELOPMENT / ANCHORAGE at the end supports (not source-established)"", ""BAR-END HOOK / BEND at the end supports (not detailed)""]",,,development / anchorage into the supports: no beam-source rule (note 9 70Ø/40Ø is for starter bars only; the slab 0.25L / 0.30L rules are never borrowed); DEVELOPMENT / ANCHORAGE at the end supports (not source-established); BAR-END HOOK / BEND at the end supports (not detailed)
BM-1F_ROOF-B6-BL030-6D7|BOTTOM_MAIN|BM-1F_ROOF-B6-BL030-6D7:BOTTOM_MAIN,BM-1F_ROOF-B6-BL030-6D7,SIMPLE_BEAM,B6,,BOTTOM_MAIN,BEAM_BOTTOM_BAR,MASS,LOWER_BOUND,SOURCE_BOUND,BM-1F_ROOF-B6-BL030-6D7:BOTTOM_MAIN,,18,5,4.372,21.86,2.0,43.72,,,SOURCE_VERIFIED,NOT_ESTABLISHED,,,,"[""development / anchorage into the supports: no beam-source rule (note 9 70Ø/40Ø is for starter bars only; the slab 0.25L / 0.30L rules are never borrowed)"", ""DEVELOPMENT / ANCHORAGE at the end supports (not source-established)"", ""BAR-END HOOK / BEND at the end supports (not detailed)""]",,,development / anchorage into the supports: no beam-source rule (note 9 70Ø/40Ø is for starter bars only; the slab 0.25L / 0.30L rules are never borrowed); DEVELOPMENT / ANCHORAGE at the end supports (not source-established); BAR-END HOOK / BEND at the end supports (not detailed)
BM-1F_ROOF-B6-BL030-6D7|TOP_SUPPORT,BM-1F_ROOF-B6-BL030-6D7,SIMPLE_BEAM,B6,,TOP_SUPPORT,BEAM_EXTRA_BAR,MASS,NOT_APPLICABLE,,,,,,,,,,,,,,,,,,,,not scheduled in the SBT (no support bar field in the SBT)
BM-1F_ROOF-B6-BL030-6D7|BOTTOM_SUPPORT,BM-1F_ROOF-B6-BL030-6D7,SIMPLE_BEAM,B6,,BOTTOM_SUPPORT,BEAM_EXTRA_BAR,MASS,NOT_APPLICABLE,,,,,,,,,,,,,,,,,,,,not scheduled in the SBT (no bottom extra field in the SBT)
BM-1F_ROOF-B6-BL030-6D7|MID_TOP,BM-1F_ROOF-B6-BL030-6D7,SIMPLE_BEAM,B6,,MID_TOP,BEAM_EXTRA_BAR,MASS,NOT_APPLICABLE,,,,,,,,,,,,,,,,,,,,a simple beam has one span and no interior support; the SBT has no MID field
BM-1F_ROOF-B6-BL030-6D7|MID_BOTTOM,BM-1F_ROOF-B6-BL030-6D7,SIMPLE_BEAM,B6,,MID_BOTTOM,BEAM_EXTRA_BAR,MASS,NOT_APPLICABLE,,,,,,,,,,,,,,,,,,,,a simple beam has one span and no interior support; the SBT has no MID field
BM-1F_ROOF-B6-BL030-6D7|HANGER,BM-1F_ROOF-B6-BL030-6D7,SIMPLE_BEAM,B6,,HANGER,BEAM_EXTRA_BAR,MASS,NOT_APPLICABLE,,,,,,,,,,,,,,,,,,,,ABSENT: no hanger field and no hanger detail (TOP BARS listed; no hanger role asserted)
BM-1F_ROOF-B6-BL030-6D7|SIDE_REBAR,BM-1F_ROOF-B6-BL030-6D7,SIMPLE_BEAM,B6,,SIDE_REBAR,BEAM_SIDE_BAR,MASS,NOT_APPLICABLE,,,,,,,,,,,,,,,,,,,,no side bars printed; depth 50.0 cm
BM-1F_ROOF-B6-BL030-6D7|STIRRUP_COUNT|SPAN1,BM-1F_ROOF-B6-BL030-6D7,SIMPLE_BEAM,B6,,STIRRUP_COUNT,BEAM_STIRRUP,COUNT,LOWER_BOUND,SOURCE_BOUND,,1,8,,,,,,27,28,,,,,,,,,first / last stirrup position not stated; no +1
BM-1F_ROOF-B6-BL030-6D7|STIRRUP_CORE_PATH|SPAN1,BM-1F_ROOF-B6-BL030-6D7,SIMPLE_BEAM,B6,,STIRRUP_CORE_PATH,BEAM_STIRRUP,MASS,BLOCKED_UNQUANTIFIED,,,1,8,,,,,,,,,,,,,,"[""LEGS / TOPOLOGY UNRESOLVED"", ""HOOKS BLOCKED_UNQUANTIFIED"", ""LEGS / LINK TOPOLOGY NOT_ESTABLISHED"", ""STIRRUP HOOKS NOT_ESTABLISHED""]",Q7,"stirrup mass needs legs, path, hooks and section; missing: LEGS / TOPOLOGY UNRESOLVED; HOOKS BLOCKED_UNQUANTIFIED; LEGS / LINK TOPOLOGY NOT_ESTABLISHED; STIRRUP HOOKS NOT_ESTABLISHED"
BM-1F_ROOF-B6-BL030-6D7|HOOK_1,BM-1F_ROOF-B6-BL030-6D7,SIMPLE_BEAM,B6,,HOOK_1,ANCHORAGE,MASS,BLOCKED_UNQUANTIFIED,,,,,,,,,,,,,,,,,,,Q1,"bar-end hook / bend: end legs drawn N.T.S. without a dimension; no project hook source; column hook rules are not imported - Q1 at end 1 ({'kind': 'BEAM_CARRIED_BY', 'refs': ['BL006']})"
BM-1F_ROOF-B6-BL030-6D7|DEVELOPMENT_1,BM-1F_ROOF-B6-BL030-6D7,SIMPLE_BEAM,B6,,DEVELOPMENT_1,ANCHORAGE,MASS,BLOCKED_UNQUANTIFIED,,,,,,,,,,,,,,,,,,,Q1,"development / anchorage: no beam-source development rule (note 9 70Ø / 40Ø is starter-bar context only; no 40D, 70D, code, Urban default or external value is used) - Q1 at end 1 ({'kind': 'BEAM_CARRIED_BY', 'refs': ['BL006']})"
BM-1F_ROOF-B6-BL030-6D7|HOOK_2,BM-1F_ROOF-B6-BL030-6D7,SIMPLE_BEAM,B6,,HOOK_2,ANCHORAGE,MASS,BLOCKED_UNQUANTIFIED,,,,,,,,,,,,,,,,,,,Q1,"bar-end hook / bend: end legs drawn N.T.S. without a dimension; no project hook source; column hook rules are not imported - Q1 at end 2 ({'kind': 'BEAM_CARRIED_BY', 'refs': ['BL003']})"
BM-1F_ROOF-B6-BL030-6D7|DEVELOPMENT_2,BM-1F_ROOF-B6-BL030-6D7,SIMPLE_BEAM,B6,,DEVELOPMENT_2,ANCHORAGE,MASS,BLOCKED_UNQUANTIFIED,,,,,,,,,,,,,,,,,,,Q1,"development / anchorage: no beam-source development rule (note 9 70Ø / 40Ø is starter-bar context only; no 40D, 70D, code, Urban default or external value is used) - Q1 at end 2 ({'kind': 'BEAM_CARRIED_BY', 'refs': ['BL003']})"
BM-1F_ROOF-B6-BL030-6D7|OPENING_EXTRA_TOP,BM-1F_ROOF-B6-BL030-6D7,SIMPLE_BEAM,B6,,OPENING_EXTRA_TOP,SPECIAL_DETAIL_BAR,MASS,NOT_APPLICABLE,,,,,,,,,,,,,,,,,,,,no source-identified physical opening in this beam (26 opening objects checked project-wide; the generic opening detail is not applied globally)
BM-1F_ROOF-B6-BL030-6D7|OPENING_EXTRA_BOTTOM,BM-1F_ROOF-B6-BL030-6D7,SIMPLE_BEAM,B6,,OPENING_EXTRA_BOTTOM,SPECIAL_DETAIL_BAR,MASS,NOT_APPLICABLE,,,,,,,,,,,,,,,,,,,,no source-identified physical opening in this beam (26 opening objects checked project-wide; the generic opening detail is not applied globally)
BM-1F_ROOF-B6-BL030-6D7|OPENING_EXTRA_SIDE,BM-1F_ROOF-B6-BL030-6D7,SIMPLE_BEAM,B6,,OPENING_EXTRA_SIDE,SPECIAL_DETAIL_BAR,MASS,NOT_APPLICABLE,,,,,,,,,,,,,,,,,,,,no source-identified physical opening in this beam (26 opening objects checked project-wide; the generic opening detail is not applied globally)
BM-1F_ROOF-B6-BL030-6D7|OPENING_EXTRA_STIRRUP,BM-1F_ROOF-B6-BL030-6D7,SIMPLE_BEAM,B6,,OPENING_EXTRA_STIRRUP,BEAM_STIRRUP,MASS,NOT_APPLICABLE,,,,,,,,,,,,,,,,,,,,no source-identified physical opening in this beam (26 opening objects checked project-wide; the generic opening detail is not applied globally)
BM-1F_ROOF-B6-BL030-6D7|OTHER_EXPLICIT_EXTRA,BM-1F_ROOF-B6-BL030-6D7,SIMPLE_BEAM,B6,,OTHER_EXPLICIT_EXTRA,SPECIAL_DETAIL_BAR,MASS,NOT_APPLICABLE,,,,,,,,,,,,,,,,,,,,no other explicit extra scheduled or detailed for this occurrence
BM-1F_ROOF-B6-BL031-6D4|TOP_MAIN|BM-1F_ROOF-B6-BL031-6D4:TOP_MAIN,BM-1F_ROOF-B6-BL031-6D4,SIMPLE_BEAM,B6,,TOP_MAIN,BEAM_TOP_BAR,MASS,LOWER_BOUND,SOURCE_BOUND,BM-1F_ROOF-B6-BL031-6D4:TOP_MAIN,,12,2,4.372,8.744,0.888889,7.772444,,,SOURCE_VERIFIED,NOT_ESTABLISHED,,,,"[""development / anchorage into the supports: no beam-source rule (note 9 70Ø/40Ø is for starter bars only; the slab 0.25L / 0.30L rules are never borrowed)"", ""DEVELOPMENT / ANCHORAGE at the end supports (not source-established)"", ""BAR-END HOOK / BEND at the end supports (not detailed)""]",,,development / anchorage into the supports: no beam-source rule (note 9 70Ø/40Ø is for starter bars only; the slab 0.25L / 0.30L rules are never borrowed); DEVELOPMENT / ANCHORAGE at the end supports (not source-established); BAR-END HOOK / BEND at the end supports (not detailed)
BM-1F_ROOF-B6-BL031-6D4|BOTTOM_MAIN|BM-1F_ROOF-B6-BL031-6D4:BOTTOM_MAIN,BM-1F_ROOF-B6-BL031-6D4,SIMPLE_BEAM,B6,,BOTTOM_MAIN,BEAM_BOTTOM_BAR,MASS,LOWER_BOUND,SOURCE_BOUND,BM-1F_ROOF-B6-BL031-6D4:BOTTOM_MAIN,,18,5,4.372,21.86,2.0,43.72,,,SOURCE_VERIFIED,NOT_ESTABLISHED,,,,"[""development / anchorage into the supports: no beam-source rule (note 9 70Ø/40Ø is for starter bars only; the slab 0.25L / 0.30L rules are never borrowed)"", ""DEVELOPMENT / ANCHORAGE at the end supports (not source-established)"", ""BAR-END HOOK / BEND at the end supports (not detailed)""]",,,development / anchorage into the supports: no beam-source rule (note 9 70Ø/40Ø is for starter bars only; the slab 0.25L / 0.30L rules are never borrowed); DEVELOPMENT / ANCHORAGE at the end supports (not source-established); BAR-END HOOK / BEND at the end supports (not detailed)
BM-1F_ROOF-B6-BL031-6D4|TOP_SUPPORT,BM-1F_ROOF-B6-BL031-6D4,SIMPLE_BEAM,B6,,TOP_SUPPORT,BEAM_EXTRA_BAR,MASS,NOT_APPLICABLE,,,,,,,,,,,,,,,,,,,,not scheduled in the SBT (no support bar field in the SBT)
BM-1F_ROOF-B6-BL031-6D4|BOTTOM_SUPPORT,BM-1F_ROOF-B6-BL031-6D4,SIMPLE_BEAM,B6,,BOTTOM_SUPPORT,BEAM_EXTRA_BAR,MASS,NOT_APPLICABLE,,,,,,,,,,,,,,,,,,,,not scheduled in the SBT (no bottom extra field in the SBT)
BM-1F_ROOF-B6-BL031-6D4|MID_TOP,BM-1F_ROOF-B6-BL031-6D4,SIMPLE_BEAM,B6,,MID_TOP,BEAM_EXTRA_BAR,MASS,NOT_APPLICABLE,,,,,,,,,,,,,,,,,,,,a simple beam has one span and no interior support; the SBT has no MID field
BM-1F_ROOF-B6-BL031-6D4|MID_BOTTOM,BM-1F_ROOF-B6-BL031-6D4,SIMPLE_BEAM,B6,,MID_BOTTOM,BEAM_EXTRA_BAR,MASS,NOT_APPLICABLE,,,,,,,,,,,,,,,,,,,,a simple beam has one span and no interior support; the SBT has no MID field
BM-1F_ROOF-B6-BL031-6D4|HANGER,BM-1F_ROOF-B6-BL031-6D4,SIMPLE_BEAM,B6,,HANGER,BEAM_EXTRA_BAR,MASS,NOT_APPLICABLE,,,,,,,,,,,,,,,,,,,,ABSENT: no hanger field and no hanger detail (TOP BARS listed; no hanger role asserted)
BM-1F_ROOF-B6-BL031-6D4|SIDE_REBAR,BM-1F_ROOF-B6-BL031-6D4,SIMPLE_BEAM,B6,,SIDE_REBAR,BEAM_SIDE_BAR,MASS,NOT_APPLICABLE,,,,,,,,,,,,,,,,,,,,no side bars printed; depth 50.0 cm
BM-1F_ROOF-B6-BL031-6D4|STIRRUP_COUNT|SPAN1,BM-1F_ROOF-B6-BL031-6D4,SIMPLE_BEAM,B6,,STIRRUP_COUNT,BEAM_STIRRUP,COUNT,LOWER_BOUND,SOURCE_BOUND,,1,8,,,,,,27,28,,,,,,,,,first / last stirrup position not stated; no +1
BM-1F_ROOF-B6-BL031-6D4|STIRRUP_CORE_PATH|SPAN1,BM-1F_ROOF-B6-BL031-6D4,SIMPLE_BEAM,B6,,STIRRUP_CORE_PATH,BEAM_STIRRUP,MASS,BLOCKED_UNQUANTIFIED,,,1,8,,,,,,,,,,,,,,"[""LEGS / TOPOLOGY UNRESOLVED"", ""HOOKS BLOCKED_UNQUANTIFIED"", ""LEGS / LINK TOPOLOGY NOT_ESTABLISHED"", ""STIRRUP HOOKS NOT_ESTABLISHED""]",Q7,"stirrup mass needs legs, path, hooks and section; missing: LEGS / TOPOLOGY UNRESOLVED; HOOKS BLOCKED_UNQUANTIFIED; LEGS / LINK TOPOLOGY NOT_ESTABLISHED; STIRRUP HOOKS NOT_ESTABLISHED"
BM-1F_ROOF-B6-BL031-6D4|HOOK_1,BM-1F_ROOF-B6-BL031-6D4,SIMPLE_BEAM,B6,,HOOK_1,ANCHORAGE,MASS,BLOCKED_UNQUANTIFIED,,,,,,,,,,,,,,,,,,,Q1,"bar-end hook / bend: end legs drawn N.T.S. without a dimension; no project hook source; column hook rules are not imported - Q1 at end 1 ({'kind': 'BEAM_CARRIED_BY', 'refs': ['BL006']})"
BM-1F_ROOF-B6-BL031-6D4|DEVELOPMENT_1,BM-1F_ROOF-B6-BL031-6D4,SIMPLE_BEAM,B6,,DEVELOPMENT_1,ANCHORAGE,MASS,BLOCKED_UNQUANTIFIED,,,,,,,,,,,,,,,,,,,Q1,"development / anchorage: no beam-source development rule (note 9 70Ø / 40Ø is starter-bar context only; no 40D, 70D, code, Urban default or external value is used) - Q1 at end 1 ({'kind': 'BEAM_CARRIED_BY', 'refs': ['BL006']})"
BM-1F_ROOF-B6-BL031-6D4|HOOK_2,BM-1F_ROOF-B6-BL031-6D4,SIMPLE_BEAM,B6,,HOOK_2,ANCHORAGE,MASS,BLOCKED_UNQUANTIFIED,,,,,,,,,,,,,,,,,,,Q1,"bar-end hook / bend: end legs drawn N.T.S. without a dimension; no project hook source; column hook rules are not imported - Q1 at end 2 ({'kind': 'COLUMN', 'refs': ['FFRS:664']})"
BM-1F_ROOF-B6-BL031-6D4|DEVELOPMENT_2,BM-1F_ROOF-B6-BL031-6D4,SIMPLE_BEAM,B6,,DEVELOPMENT_2,ANCHORAGE,MASS,BLOCKED_UNQUANTIFIED,,,,,,,,,,,,,,,,,,,Q1,"development / anchorage: no beam-source development rule (note 9 70Ø / 40Ø is starter-bar context only; no 40D, 70D, code, Urban default or external value is used) - Q1 at end 2 ({'kind': 'COLUMN', 'refs': ['FFRS:664']})"
BM-1F_ROOF-B6-BL031-6D4|OPENING_EXTRA_TOP,BM-1F_ROOF-B6-BL031-6D4,SIMPLE_BEAM,B6,,OPENING_EXTRA_TOP,SPECIAL_DETAIL_BAR,MASS,NOT_APPLICABLE,,,,,,,,,,,,,,,,,,,,no source-identified physical opening in this beam (26 opening objects checked project-wide; the generic opening detail is not applied globally)
BM-1F_ROOF-B6-BL031-6D4|OPENING_EXTRA_BOTTOM,BM-1F_ROOF-B6-BL031-6D4,SIMPLE_BEAM,B6,,OPENING_EXTRA_BOTTOM,SPECIAL_DETAIL_BAR,MASS,NOT_APPLICABLE,,,,,,,,,,,,,,,,,,,,no source-identified physical opening in this beam (26 opening objects checked project-wide; the generic opening detail is not applied globally)
BM-1F_ROOF-B6-BL031-6D4|OPENING_EXTRA_SIDE,BM-1F_ROOF-B6-BL031-6D4,SIMPLE_BEAM,B6,,OPENING_EXTRA_SIDE,SPECIAL_DETAIL_BAR,MASS,NOT_APPLICABLE,,,,,,,,,,,,,,,,,,,,no source-identified physical opening in this beam (26 opening objects checked project-wide; the generic opening detail is not applied globally)
BM-1F_ROOF-B6-BL031-6D4|OPENING_EXTRA_STIRRUP,BM-1F_ROOF-B6-BL031-6D4,SIMPLE_BEAM,B6,,OPENING_EXTRA_STIRRUP,BEAM_STIRRUP,MASS,NOT_APPLICABLE,,,,,,,,,,,,,,,,,,,,no source-identified physical opening in this beam (26 opening objects checked project-wide; the generic opening detail is not applied globally)
BM-1F_ROOF-B6-BL031-6D4|OTHER_EXPLICIT_EXTRA,BM-1F_ROOF-B6-BL031-6D4,SIMPLE_BEAM,B6,,OTHER_EXPLICIT_EXTRA,SPECIAL_DETAIL_BAR,MASS,NOT_APPLICABLE,,,,,,,,,,,,,,,,,,,,no other explicit extra scheduled or detailed for this occurrence
BM-1F_ROOF-B7-BL017-6CD|TOP_MAIN|BM-1F_ROOF-B7-BL017-6CD:TOP_MAIN,BM-1F_ROOF-B7-BL017-6CD,SIMPLE_BEAM,B7,,TOP_MAIN,BEAM_TOP_BAR,MASS,LOWER_BOUND,SOURCE_BOUND,BM-1F_ROOF-B7-BL017-6CD:TOP_MAIN,,12,2,1.2,2.4,0.888889,2.133333,,,SOURCE_VERIFIED,NOT_ESTABLISHED,,,,"[""development / anchorage into the supports: no beam-source rule (note 9 70Ø/40Ø is for starter bars only; the slab 0.25L / 0.30L rules are never borrowed)"", ""DEVELOPMENT / ANCHORAGE at the end supports (not source-established)"", ""BAR-END HOOK / BEND at the end supports (not detailed)""]",,,development / anchorage into the supports: no beam-source rule (note 9 70Ø/40Ø is for starter bars only; the slab 0.25L / 0.30L rules are never borrowed); DEVELOPMENT / ANCHORAGE at the end supports (not source-established); BAR-END HOOK / BEND at the end supports (not detailed)
BM-1F_ROOF-B7-BL017-6CD|BOTTOM_MAIN|BM-1F_ROOF-B7-BL017-6CD:BOTTOM_MAIN,BM-1F_ROOF-B7-BL017-6CD,SIMPLE_BEAM,B7,,BOTTOM_MAIN,BEAM_BOTTOM_BAR,MASS,LOWER_BOUND,SOURCE_BOUND,BM-1F_ROOF-B7-BL017-6CD:BOTTOM_MAIN,,16,3,1.2,3.6,1.580247,5.688889,,,SOURCE_VERIFIED,NOT_ESTABLISHED,,,,"[""development / anchorage into the supports: no beam-source rule (note 9 70Ø/40Ø is for starter bars only; the slab 0.25L / 0.30L rules are never borrowed)"", ""DEVELOPMENT / ANCHORAGE at the end supports (not source-established)"", ""BAR-END HOOK / BEND at the end supports (not detailed)""]",,,development / anchorage into the supports: no beam-source rule (note 9 70Ø/40Ø is for starter bars only; the slab 0.25L / 0.30L rules are never borrowed); DEVELOPMENT / ANCHORAGE at the end supports (not source-established); BAR-END HOOK / BEND at the end supports (not detailed)
BM-1F_ROOF-B7-BL017-6CD|TOP_SUPPORT,BM-1F_ROOF-B7-BL017-6CD,SIMPLE_BEAM,B7,,TOP_SUPPORT,BEAM_EXTRA_BAR,MASS,NOT_APPLICABLE,,,,,,,,,,,,,,,,,,,,not scheduled in the SBT (no support bar field in the SBT)
BM-1F_ROOF-B7-BL017-6CD|BOTTOM_SUPPORT,BM-1F_ROOF-B7-BL017-6CD,SIMPLE_BEAM,B7,,BOTTOM_SUPPORT,BEAM_EXTRA_BAR,MASS,NOT_APPLICABLE,,,,,,,,,,,,,,,,,,,,not scheduled in the SBT (no bottom extra field in the SBT)
BM-1F_ROOF-B7-BL017-6CD|MID_TOP,BM-1F_ROOF-B7-BL017-6CD,SIMPLE_BEAM,B7,,MID_TOP,BEAM_EXTRA_BAR,MASS,NOT_APPLICABLE,,,,,,,,,,,,,,,,,,,,a simple beam has one span and no interior support; the SBT has no MID field
BM-1F_ROOF-B7-BL017-6CD|MID_BOTTOM,BM-1F_ROOF-B7-BL017-6CD,SIMPLE_BEAM,B7,,MID_BOTTOM,BEAM_EXTRA_BAR,MASS,NOT_APPLICABLE,,,,,,,,,,,,,,,,,,,,a simple beam has one span and no interior support; the SBT has no MID field
BM-1F_ROOF-B7-BL017-6CD|HANGER,BM-1F_ROOF-B7-BL017-6CD,SIMPLE_BEAM,B7,,HANGER,BEAM_EXTRA_BAR,MASS,NOT_APPLICABLE,,,,,,,,,,,,,,,,,,,,ABSENT: no hanger field and no hanger detail (TOP BARS listed; no hanger role asserted)
BM-1F_ROOF-B7-BL017-6CD|SIDE_REBAR,BM-1F_ROOF-B7-BL017-6CD,SIMPLE_BEAM,B7,,SIDE_REBAR,BEAM_SIDE_BAR,MASS,BLOCKED_UNQUANTIFIED,,,,12,2,,,,,,,,,,2%%C12/30cm,30.0,,,Q6,side bars '2%%C12/30cm' printed (2Ø12/30.0cm): '/30cm' semantics not established (per face or total; vertical spacing or other; bar length; end treatment) - never silently read as a vertical spacing (Q6) - quantity / mass not source-quantified
BM-1F_ROOF-B7-BL017-6CD|STIRRUP_COUNT|SPAN1,BM-1F_ROOF-B7-BL017-6CD,SIMPLE_BEAM,B7,,STIRRUP_COUNT,BEAM_STIRRUP,COUNT,LOWER_BOUND,SOURCE_BOUND,,1,8,,,,,,8,9,,,,,,,,,first / last stirrup position not stated; no +1
BM-1F_ROOF-B7-BL017-6CD|STIRRUP_CORE_PATH|SPAN1,BM-1F_ROOF-B7-BL017-6CD,SIMPLE_BEAM,B7,,STIRRUP_CORE_PATH,BEAM_STIRRUP,MASS,BLOCKED_UNQUANTIFIED,,,1,8,,,,,,,,,,,,,,"[""LEGS / TOPOLOGY UNRESOLVED"", ""HOOKS BLOCKED_UNQUANTIFIED"", ""LEGS / LINK TOPOLOGY NOT_ESTABLISHED"", ""STIRRUP HOOKS NOT_ESTABLISHED""]",Q7,"stirrup mass needs legs, path, hooks and section; missing: LEGS / TOPOLOGY UNRESOLVED; HOOKS BLOCKED_UNQUANTIFIED; LEGS / LINK TOPOLOGY NOT_ESTABLISHED; STIRRUP HOOKS NOT_ESTABLISHED"
BM-1F_ROOF-B7-BL017-6CD|HOOK_1,BM-1F_ROOF-B7-BL017-6CD,SIMPLE_BEAM,B7,,HOOK_1,ANCHORAGE,MASS,BLOCKED_UNQUANTIFIED,,,,,,,,,,,,,,,,,,,Q1,"bar-end hook / bend: end legs drawn N.T.S. without a dimension; no project hook source; column hook rules are not imported - Q1 at end 1 ({'kind': 'COLUMN', 'refs': ['FFRS:67F']})"
BM-1F_ROOF-B7-BL017-6CD|DEVELOPMENT_1,BM-1F_ROOF-B7-BL017-6CD,SIMPLE_BEAM,B7,,DEVELOPMENT_1,ANCHORAGE,MASS,BLOCKED_UNQUANTIFIED,,,,,,,,,,,,,,,,,,,Q1,"development / anchorage: no beam-source development rule (note 9 70Ø / 40Ø is starter-bar context only; no 40D, 70D, code, Urban default or external value is used) - Q1 at end 1 ({'kind': 'COLUMN', 'refs': ['FFRS:67F']})"
BM-1F_ROOF-B7-BL017-6CD|HOOK_2,BM-1F_ROOF-B7-BL017-6CD,SIMPLE_BEAM,B7,,HOOK_2,ANCHORAGE,MASS,BLOCKED_UNQUANTIFIED,,,,,,,,,,,,,,,,,,,Q1,"bar-end hook / bend: end legs drawn N.T.S. without a dimension; no project hook source; column hook rules are not imported - Q1 at end 2 ({'kind': 'COLUMN', 'refs': ['FFRS:682']})"
BM-1F_ROOF-B7-BL017-6CD|DEVELOPMENT_2,BM-1F_ROOF-B7-BL017-6CD,SIMPLE_BEAM,B7,,DEVELOPMENT_2,ANCHORAGE,MASS,BLOCKED_UNQUANTIFIED,,,,,,,,,,,,,,,,,,,Q1,"development / anchorage: no beam-source development rule (note 9 70Ø / 40Ø is starter-bar context only; no 40D, 70D, code, Urban default or external value is used) - Q1 at end 2 ({'kind': 'COLUMN', 'refs': ['FFRS:682']})"
BM-1F_ROOF-B7-BL017-6CD|OPENING_EXTRA_TOP,BM-1F_ROOF-B7-BL017-6CD,SIMPLE_BEAM,B7,,OPENING_EXTRA_TOP,SPECIAL_DETAIL_BAR,MASS,NOT_APPLICABLE,,,,,,,,,,,,,,,,,,,,no source-identified physical opening in this beam (26 opening objects checked project-wide; the generic opening detail is not applied globally)
BM-1F_ROOF-B7-BL017-6CD|OPENING_EXTRA_BOTTOM,BM-1F_ROOF-B7-BL017-6CD,SIMPLE_BEAM,B7,,OPENING_EXTRA_BOTTOM,SPECIAL_DETAIL_BAR,MASS,NOT_APPLICABLE,,,,,,,,,,,,,,,,,,,,no source-identified physical opening in this beam (26 opening objects checked project-wide; the generic opening detail is not applied globally)
BM-1F_ROOF-B7-BL017-6CD|OPENING_EXTRA_SIDE,BM-1F_ROOF-B7-BL017-6CD,SIMPLE_BEAM,B7,,OPENING_EXTRA_SIDE,SPECIAL_DETAIL_BAR,MASS,NOT_APPLICABLE,,,,,,,,,,,,,,,,,,,,no source-identified physical opening in this beam (26 opening objects checked project-wide; the generic opening detail is not applied globally)
BM-1F_ROOF-B7-BL017-6CD|OPENING_EXTRA_STIRRUP,BM-1F_ROOF-B7-BL017-6CD,SIMPLE_BEAM,B7,,OPENING_EXTRA_STIRRUP,BEAM_STIRRUP,MASS,NOT_APPLICABLE,,,,,,,,,,,,,,,,,,,,no source-identified physical opening in this beam (26 opening objects checked project-wide; the generic opening detail is not applied globally)
BM-1F_ROOF-B7-BL017-6CD|OTHER_EXPLICIT_EXTRA,BM-1F_ROOF-B7-BL017-6CD,SIMPLE_BEAM,B7,,OTHER_EXPLICIT_EXTRA,SPECIAL_DETAIL_BAR,MASS,NOT_APPLICABLE,,,,,,,,,,,,,,,,,,,,no other explicit extra scheduled or detailed for this occurrence
BM-1F_ROOF-B7-BL027-6CC|TOP_MAIN|BM-1F_ROOF-B7-BL027-6CC:TOP_MAIN,BM-1F_ROOF-B7-BL027-6CC,SIMPLE_BEAM,B7,,TOP_MAIN,BEAM_TOP_BAR,MASS,LOWER_BOUND,SOURCE_BOUND,BM-1F_ROOF-B7-BL027-6CC:TOP_MAIN,,12,2,1.7,3.4,0.888889,3.022222,,,SOURCE_VERIFIED,NOT_ESTABLISHED,,,,"[""development / anchorage into the supports: no beam-source rule (note 9 70Ø/40Ø is for starter bars only; the slab 0.25L / 0.30L rules are never borrowed)"", ""DEVELOPMENT / ANCHORAGE at the end supports (not source-established)"", ""BAR-END HOOK / BEND at the end supports (not detailed)""]",,,development / anchorage into the supports: no beam-source rule (note 9 70Ø/40Ø is for starter bars only; the slab 0.25L / 0.30L rules are never borrowed); DEVELOPMENT / ANCHORAGE at the end supports (not source-established); BAR-END HOOK / BEND at the end supports (not detailed)
BM-1F_ROOF-B7-BL027-6CC|BOTTOM_MAIN|BM-1F_ROOF-B7-BL027-6CC:BOTTOM_MAIN,BM-1F_ROOF-B7-BL027-6CC,SIMPLE_BEAM,B7,,BOTTOM_MAIN,BEAM_BOTTOM_BAR,MASS,LOWER_BOUND,SOURCE_BOUND,BM-1F_ROOF-B7-BL027-6CC:BOTTOM_MAIN,,16,3,1.7,5.1,1.580247,8.059259,,,SOURCE_VERIFIED,NOT_ESTABLISHED,,,,"[""development / anchorage into the supports: no beam-source rule (note 9 70Ø/40Ø is for starter bars only; the slab 0.25L / 0.30L rules are never borrowed)"", ""DEVELOPMENT / ANCHORAGE at the end supports (not source-established)"", ""BAR-END HOOK / BEND at the end supports (not detailed)""]",,,development / anchorage into the supports: no beam-source rule (note 9 70Ø/40Ø is for starter bars only; the slab 0.25L / 0.30L rules are never borrowed); DEVELOPMENT / ANCHORAGE at the end supports (not source-established); BAR-END HOOK / BEND at the end supports (not detailed)
BM-1F_ROOF-B7-BL027-6CC|TOP_SUPPORT,BM-1F_ROOF-B7-BL027-6CC,SIMPLE_BEAM,B7,,TOP_SUPPORT,BEAM_EXTRA_BAR,MASS,NOT_APPLICABLE,,,,,,,,,,,,,,,,,,,,not scheduled in the SBT (no support bar field in the SBT)
BM-1F_ROOF-B7-BL027-6CC|BOTTOM_SUPPORT,BM-1F_ROOF-B7-BL027-6CC,SIMPLE_BEAM,B7,,BOTTOM_SUPPORT,BEAM_EXTRA_BAR,MASS,NOT_APPLICABLE,,,,,,,,,,,,,,,,,,,,not scheduled in the SBT (no bottom extra field in the SBT)
BM-1F_ROOF-B7-BL027-6CC|MID_TOP,BM-1F_ROOF-B7-BL027-6CC,SIMPLE_BEAM,B7,,MID_TOP,BEAM_EXTRA_BAR,MASS,NOT_APPLICABLE,,,,,,,,,,,,,,,,,,,,a simple beam has one span and no interior support; the SBT has no MID field
BM-1F_ROOF-B7-BL027-6CC|MID_BOTTOM,BM-1F_ROOF-B7-BL027-6CC,SIMPLE_BEAM,B7,,MID_BOTTOM,BEAM_EXTRA_BAR,MASS,NOT_APPLICABLE,,,,,,,,,,,,,,,,,,,,a simple beam has one span and no interior support; the SBT has no MID field
BM-1F_ROOF-B7-BL027-6CC|HANGER,BM-1F_ROOF-B7-BL027-6CC,SIMPLE_BEAM,B7,,HANGER,BEAM_EXTRA_BAR,MASS,NOT_APPLICABLE,,,,,,,,,,,,,,,,,,,,ABSENT: no hanger field and no hanger detail (TOP BARS listed; no hanger role asserted)
BM-1F_ROOF-B7-BL027-6CC|SIDE_REBAR,BM-1F_ROOF-B7-BL027-6CC,SIMPLE_BEAM,B7,,SIDE_REBAR,BEAM_SIDE_BAR,MASS,BLOCKED_UNQUANTIFIED,,,,12,2,,,,,,,,,,2%%C12/30cm,30.0,,,Q6,side bars '2%%C12/30cm' printed (2Ø12/30.0cm): '/30cm' semantics not established (per face or total; vertical spacing or other; bar length; end treatment) - never silently read as a vertical spacing (Q6) - quantity / mass not source-quantified
BM-1F_ROOF-B7-BL027-6CC|STIRRUP_COUNT|SPAN1,BM-1F_ROOF-B7-BL027-6CC,SIMPLE_BEAM,B7,,STIRRUP_COUNT,BEAM_STIRRUP,COUNT,LOWER_BOUND,SOURCE_BOUND,,1,8,,,,,,11,12,,,,,,,,,first / last stirrup position not stated; no +1
BM-1F_ROOF-B7-BL027-6CC|STIRRUP_CORE_PATH|SPAN1,BM-1F_ROOF-B7-BL027-6CC,SIMPLE_BEAM,B7,,STIRRUP_CORE_PATH,BEAM_STIRRUP,MASS,BLOCKED_UNQUANTIFIED,,,1,8,,,,,,,,,,,,,,"[""LEGS / TOPOLOGY UNRESOLVED"", ""HOOKS BLOCKED_UNQUANTIFIED"", ""LEGS / LINK TOPOLOGY NOT_ESTABLISHED"", ""STIRRUP HOOKS NOT_ESTABLISHED""]",Q7,"stirrup mass needs legs, path, hooks and section; missing: LEGS / TOPOLOGY UNRESOLVED; HOOKS BLOCKED_UNQUANTIFIED; LEGS / LINK TOPOLOGY NOT_ESTABLISHED; STIRRUP HOOKS NOT_ESTABLISHED"
BM-1F_ROOF-B7-BL027-6CC|HOOK_1,BM-1F_ROOF-B7-BL027-6CC,SIMPLE_BEAM,B7,,HOOK_1,ANCHORAGE,MASS,BLOCKED_UNQUANTIFIED,,,,,,,,,,,,,,,,,,,Q1,"bar-end hook / bend: end legs drawn N.T.S. without a dimension; no project hook source; column hook rules are not imported - Q1 at end 1 ({'kind': 'COLUMN', 'refs': ['FFRS:67F']})"
BM-1F_ROOF-B7-BL027-6CC|DEVELOPMENT_1,BM-1F_ROOF-B7-BL027-6CC,SIMPLE_BEAM,B7,,DEVELOPMENT_1,ANCHORAGE,MASS,BLOCKED_UNQUANTIFIED,,,,,,,,,,,,,,,,,,,Q1,"development / anchorage: no beam-source development rule (note 9 70Ø / 40Ø is starter-bar context only; no 40D, 70D, code, Urban default or external value is used) - Q1 at end 1 ({'kind': 'COLUMN', 'refs': ['FFRS:67F']})"
BM-1F_ROOF-B7-BL027-6CC|HOOK_2,BM-1F_ROOF-B7-BL027-6CC,SIMPLE_BEAM,B7,,HOOK_2,ANCHORAGE,MASS,BLOCKED_UNQUANTIFIED,,,,,,,,,,,,,,,,,,,Q1,"bar-end hook / bend: end legs drawn N.T.S. without a dimension; no project hook source; column hook rules are not imported - Q1 at end 2 ({'kind': 'COLUMN', 'refs': ['FFRS:679']})"
BM-1F_ROOF-B7-BL027-6CC|DEVELOPMENT_2,BM-1F_ROOF-B7-BL027-6CC,SIMPLE_BEAM,B7,,DEVELOPMENT_2,ANCHORAGE,MASS,BLOCKED_UNQUANTIFIED,,,,,,,,,,,,,,,,,,,Q1,"development / anchorage: no beam-source development rule (note 9 70Ø / 40Ø is starter-bar context only; no 40D, 70D, code, Urban default or external value is used) - Q1 at end 2 ({'kind': 'COLUMN', 'refs': ['FFRS:679']})"
BM-1F_ROOF-B7-BL027-6CC|OPENING_EXTRA_TOP,BM-1F_ROOF-B7-BL027-6CC,SIMPLE_BEAM,B7,,OPENING_EXTRA_TOP,SPECIAL_DETAIL_BAR,MASS,NOT_APPLICABLE,,,,,,,,,,,,,,,,,,,,no source-identified physical opening in this beam (26 opening objects checked project-wide; the generic opening detail is not applied globally)
BM-1F_ROOF-B7-BL027-6CC|OPENING_EXTRA_BOTTOM,BM-1F_ROOF-B7-BL027-6CC,SIMPLE_BEAM,B7,,OPENING_EXTRA_BOTTOM,SPECIAL_DETAIL_BAR,MASS,NOT_APPLICABLE,,,,,,,,,,,,,,,,,,,,no source-identified physical opening in this beam (26 opening objects checked project-wide; the generic opening detail is not applied globally)
BM-1F_ROOF-B7-BL027-6CC|OPENING_EXTRA_SIDE,BM-1F_ROOF-B7-BL027-6CC,SIMPLE_BEAM,B7,,OPENING_EXTRA_SIDE,SPECIAL_DETAIL_BAR,MASS,NOT_APPLICABLE,,,,,,,,,,,,,,,,,,,,no source-identified physical opening in this beam (26 opening objects checked project-wide; the generic opening detail is not applied globally)
BM-1F_ROOF-B7-BL027-6CC|OPENING_EXTRA_STIRRUP,BM-1F_ROOF-B7-BL027-6CC,SIMPLE_BEAM,B7,,OPENING_EXTRA_STIRRUP,BEAM_STIRRUP,MASS,NOT_APPLICABLE,,,,,,,,,,,,,,,,,,,,no source-identified physical opening in this beam (26 opening objects checked project-wide; the generic opening detail is not applied globally)
BM-1F_ROOF-B7-BL027-6CC|OTHER_EXPLICIT_EXTRA,BM-1F_ROOF-B7-BL027-6CC,SIMPLE_BEAM,B7,,OTHER_EXPLICIT_EXTRA,SPECIAL_DETAIL_BAR,MASS,NOT_APPLICABLE,,,,,,,,,,,,,,,,,,,,no other explicit extra scheduled or detailed for this occurrence
BM-2F_ROOF-B1-BL002-78B|TOP_MAIN|BM-2F_ROOF-B1-BL002-78B:TOP_MAIN,BM-2F_ROOF-B1-BL002-78B,SIMPLE_BEAM,B1,,TOP_MAIN,BEAM_TOP_BAR,MASS,LOWER_BOUND,SOURCE_BOUND,BM-2F_ROOF-B1-BL002-78B:TOP_MAIN,,12,2,1.0,2.0,0.888889,1.777778,,,SOURCE_VERIFIED,NOT_ESTABLISHED,,,,"[""development / anchorage into the supports: no beam-source rule (note 9 70Ø/40Ø is for starter bars only; the slab 0.25L / 0.30L rules are never borrowed)"", ""DEVELOPMENT / ANCHORAGE at the end supports (not source-established)"", ""BAR-END HOOK / BEND at the end supports (not detailed)""]",,,development / anchorage into the supports: no beam-source rule (note 9 70Ø/40Ø is for starter bars only; the slab 0.25L / 0.30L rules are never borrowed); DEVELOPMENT / ANCHORAGE at the end supports (not source-established); BAR-END HOOK / BEND at the end supports (not detailed)
BM-2F_ROOF-B1-BL002-78B|BOTTOM_MAIN|BM-2F_ROOF-B1-BL002-78B:BOTTOM_MAIN,BM-2F_ROOF-B1-BL002-78B,SIMPLE_BEAM,B1,,BOTTOM_MAIN,BEAM_BOTTOM_BAR,MASS,LOWER_BOUND,SOURCE_BOUND,BM-2F_ROOF-B1-BL002-78B:BOTTOM_MAIN,,14,2,1.0,2.0,1.209877,2.419753,,,SOURCE_VERIFIED,NOT_ESTABLISHED,,,,"[""development / anchorage into the supports: no beam-source rule (note 9 70Ø/40Ø is for starter bars only; the slab 0.25L / 0.30L rules are never borrowed)"", ""DEVELOPMENT / ANCHORAGE at the end supports (not source-established)"", ""BAR-END HOOK / BEND at the end supports (not detailed)""]",,,development / anchorage into the supports: no beam-source rule (note 9 70Ø/40Ø is for starter bars only; the slab 0.25L / 0.30L rules are never borrowed); DEVELOPMENT / ANCHORAGE at the end supports (not source-established); BAR-END HOOK / BEND at the end supports (not detailed)
BM-2F_ROOF-B1-BL002-78B|TOP_SUPPORT,BM-2F_ROOF-B1-BL002-78B,SIMPLE_BEAM,B1,,TOP_SUPPORT,BEAM_EXTRA_BAR,MASS,NOT_APPLICABLE,,,,,,,,,,,,,,,,,,,,not scheduled in the SBT (no support bar field in the SBT)
BM-2F_ROOF-B1-BL002-78B|BOTTOM_SUPPORT,BM-2F_ROOF-B1-BL002-78B,SIMPLE_BEAM,B1,,BOTTOM_SUPPORT,BEAM_EXTRA_BAR,MASS,NOT_APPLICABLE,,,,,,,,,,,,,,,,,,,,not scheduled in the SBT (no bottom extra field in the SBT)
BM-2F_ROOF-B1-BL002-78B|MID_TOP,BM-2F_ROOF-B1-BL002-78B,SIMPLE_BEAM,B1,,MID_TOP,BEAM_EXTRA_BAR,MASS,NOT_APPLICABLE,,,,,,,,,,,,,,,,,,,,a simple beam has one span and no interior support; the SBT has no MID field
BM-2F_ROOF-B1-BL002-78B|MID_BOTTOM,BM-2F_ROOF-B1-BL002-78B,SIMPLE_BEAM,B1,,MID_BOTTOM,BEAM_EXTRA_BAR,MASS,NOT_APPLICABLE,,,,,,,,,,,,,,,,,,,,a simple beam has one span and no interior support; the SBT has no MID field
BM-2F_ROOF-B1-BL002-78B|HANGER,BM-2F_ROOF-B1-BL002-78B,SIMPLE_BEAM,B1,,HANGER,BEAM_EXTRA_BAR,MASS,NOT_APPLICABLE,,,,,,,,,,,,,,,,,,,,ABSENT: no hanger field and no hanger detail (TOP BARS listed; no hanger role asserted)
BM-2F_ROOF-B1-BL002-78B|SIDE_REBAR,BM-2F_ROOF-B1-BL002-78B,SIMPLE_BEAM,B1,,SIDE_REBAR,BEAM_SIDE_BAR,MASS,NOT_APPLICABLE,,,,,,,,,,,,,,,,,,,,no side bars printed; depth 40.0 cm
BM-2F_ROOF-B1-BL002-78B|STIRRUP_COUNT|SPAN1,BM-2F_ROOF-B1-BL002-78B,SIMPLE_BEAM,B1,,STIRRUP_COUNT,BEAM_STIRRUP,COUNT,LOWER_BOUND,SOURCE_BOUND,,1,8,,,,,,6,7,,,,,,,,,first / last stirrup position not stated; no +1
BM-2F_ROOF-B1-BL002-78B|STIRRUP_CORE_PATH|SPAN1,BM-2F_ROOF-B1-BL002-78B,SIMPLE_BEAM,B1,,STIRRUP_CORE_PATH,BEAM_STIRRUP,MASS,BLOCKED_UNQUANTIFIED,,,1,8,,,,,,,,,,,,,,"[""LEGS / TOPOLOGY UNRESOLVED"", ""HOOKS BLOCKED_UNQUANTIFIED"", ""LEGS / LINK TOPOLOGY NOT_ESTABLISHED"", ""STIRRUP HOOKS NOT_ESTABLISHED""]",Q7,"stirrup mass needs legs, path, hooks and section; missing: LEGS / TOPOLOGY UNRESOLVED; HOOKS BLOCKED_UNQUANTIFIED; LEGS / LINK TOPOLOGY NOT_ESTABLISHED; STIRRUP HOOKS NOT_ESTABLISHED"
BM-2F_ROOF-B1-BL002-78B|HOOK_1,BM-2F_ROOF-B1-BL002-78B,SIMPLE_BEAM,B1,,HOOK_1,ANCHORAGE,MASS,BLOCKED_UNQUANTIFIED,,,,,,,,,,,,,,,,,,,Q1,"bar-end hook / bend: end legs drawn N.T.S. without a dimension; no project hook source; column hook rules are not imported - Q1 at end 1 ({'kind': 'COLUMN', 'refs': ['SFRS:418']})"
BM-2F_ROOF-B1-BL002-78B|DEVELOPMENT_1,BM-2F_ROOF-B1-BL002-78B,SIMPLE_BEAM,B1,,DEVELOPMENT_1,ANCHORAGE,MASS,BLOCKED_UNQUANTIFIED,,,,,,,,,,,,,,,,,,,Q1,"development / anchorage: no beam-source development rule (note 9 70Ø / 40Ø is starter-bar context only; no 40D, 70D, code, Urban default or external value is used) - Q1 at end 1 ({'kind': 'COLUMN', 'refs': ['SFRS:418']})"
BM-2F_ROOF-B1-BL002-78B|HOOK_2,BM-2F_ROOF-B1-BL002-78B,SIMPLE_BEAM,B1,,HOOK_2,ANCHORAGE,MASS,BLOCKED_UNQUANTIFIED,,,,,,,,,,,,,,,,,,,Q1,"bar-end hook / bend: end legs drawn N.T.S. without a dimension; no project hook source; column hook rules are not imported - Q1 at end 2 ({'kind': 'COLUMN', 'refs': ['SFRS:41B']})"
BM-2F_ROOF-B1-BL002-78B|DEVELOPMENT_2,BM-2F_ROOF-B1-BL002-78B,SIMPLE_BEAM,B1,,DEVELOPMENT_2,ANCHORAGE,MASS,BLOCKED_UNQUANTIFIED,,,,,,,,,,,,,,,,,,,Q1,"development / anchorage: no beam-source development rule (note 9 70Ø / 40Ø is starter-bar context only; no 40D, 70D, code, Urban default or external value is used) - Q1 at end 2 ({'kind': 'COLUMN', 'refs': ['SFRS:41B']})"
BM-2F_ROOF-B1-BL002-78B|OPENING_EXTRA_TOP,BM-2F_ROOF-B1-BL002-78B,SIMPLE_BEAM,B1,,OPENING_EXTRA_TOP,SPECIAL_DETAIL_BAR,MASS,NOT_APPLICABLE,,,,,,,,,,,,,,,,,,,,no source-identified physical opening in this beam (26 opening objects checked project-wide; the generic opening detail is not applied globally)
BM-2F_ROOF-B1-BL002-78B|OPENING_EXTRA_BOTTOM,BM-2F_ROOF-B1-BL002-78B,SIMPLE_BEAM,B1,,OPENING_EXTRA_BOTTOM,SPECIAL_DETAIL_BAR,MASS,NOT_APPLICABLE,,,,,,,,,,,,,,,,,,,,no source-identified physical opening in this beam (26 opening objects checked project-wide; the generic opening detail is not applied globally)
BM-2F_ROOF-B1-BL002-78B|OPENING_EXTRA_SIDE,BM-2F_ROOF-B1-BL002-78B,SIMPLE_BEAM,B1,,OPENING_EXTRA_SIDE,SPECIAL_DETAIL_BAR,MASS,NOT_APPLICABLE,,,,,,,,,,,,,,,,,,,,no source-identified physical opening in this beam (26 opening objects checked project-wide; the generic opening detail is not applied globally)
BM-2F_ROOF-B1-BL002-78B|OPENING_EXTRA_STIRRUP,BM-2F_ROOF-B1-BL002-78B,SIMPLE_BEAM,B1,,OPENING_EXTRA_STIRRUP,BEAM_STIRRUP,MASS,NOT_APPLICABLE,,,,,,,,,,,,,,,,,,,,no source-identified physical opening in this beam (26 opening objects checked project-wide; the generic opening detail is not applied globally)
BM-2F_ROOF-B1-BL002-78B|OTHER_EXPLICIT_EXTRA,BM-2F_ROOF-B1-BL002-78B,SIMPLE_BEAM,B1,,OTHER_EXPLICIT_EXTRA,SPECIAL_DETAIL_BAR,MASS,NOT_APPLICABLE,,,,,,,,,,,,,,,,,,,,no other explicit extra scheduled or detailed for this occurrence
BM-2F_ROOF-B1-BL003-78C|TOP_MAIN|BM-2F_ROOF-B1-BL003-78C:TOP_MAIN,BM-2F_ROOF-B1-BL003-78C,SIMPLE_BEAM,B1,,TOP_MAIN,BEAM_TOP_BAR,MASS,LOWER_BOUND,SOURCE_BOUND,BM-2F_ROOF-B1-BL003-78C:TOP_MAIN,,12,2,1.2,2.4,0.888889,2.133333,,,SOURCE_VERIFIED,NOT_ESTABLISHED,,,,"[""development / anchorage into the supports: no beam-source rule (note 9 70Ø/40Ø is for starter bars only; the slab 0.25L / 0.30L rules are never borrowed)"", ""DEVELOPMENT / ANCHORAGE at the end supports (not source-established)"", ""BAR-END HOOK / BEND at the end supports (not detailed)""]",,,development / anchorage into the supports: no beam-source rule (note 9 70Ø/40Ø is for starter bars only; the slab 0.25L / 0.30L rules are never borrowed); DEVELOPMENT / ANCHORAGE at the end supports (not source-established); BAR-END HOOK / BEND at the end supports (not detailed)
BM-2F_ROOF-B1-BL003-78C|BOTTOM_MAIN|BM-2F_ROOF-B1-BL003-78C:BOTTOM_MAIN,BM-2F_ROOF-B1-BL003-78C,SIMPLE_BEAM,B1,,BOTTOM_MAIN,BEAM_BOTTOM_BAR,MASS,LOWER_BOUND,SOURCE_BOUND,BM-2F_ROOF-B1-BL003-78C:BOTTOM_MAIN,,14,2,1.2,2.4,1.209877,2.903704,,,SOURCE_VERIFIED,NOT_ESTABLISHED,,,,"[""development / anchorage into the supports: no beam-source rule (note 9 70Ø/40Ø is for starter bars only; the slab 0.25L / 0.30L rules are never borrowed)"", ""DEVELOPMENT / ANCHORAGE at the end supports (not source-established)"", ""BAR-END HOOK / BEND at the end supports (not detailed)""]",,,development / anchorage into the supports: no beam-source rule (note 9 70Ø/40Ø is for starter bars only; the slab 0.25L / 0.30L rules are never borrowed); DEVELOPMENT / ANCHORAGE at the end supports (not source-established); BAR-END HOOK / BEND at the end supports (not detailed)
BM-2F_ROOF-B1-BL003-78C|TOP_SUPPORT,BM-2F_ROOF-B1-BL003-78C,SIMPLE_BEAM,B1,,TOP_SUPPORT,BEAM_EXTRA_BAR,MASS,NOT_APPLICABLE,,,,,,,,,,,,,,,,,,,,not scheduled in the SBT (no support bar field in the SBT)
BM-2F_ROOF-B1-BL003-78C|BOTTOM_SUPPORT,BM-2F_ROOF-B1-BL003-78C,SIMPLE_BEAM,B1,,BOTTOM_SUPPORT,BEAM_EXTRA_BAR,MASS,NOT_APPLICABLE,,,,,,,,,,,,,,,,,,,,not scheduled in the SBT (no bottom extra field in the SBT)
BM-2F_ROOF-B1-BL003-78C|MID_TOP,BM-2F_ROOF-B1-BL003-78C,SIMPLE_BEAM,B1,,MID_TOP,BEAM_EXTRA_BAR,MASS,NOT_APPLICABLE,,,,,,,,,,,,,,,,,,,,a simple beam has one span and no interior support; the SBT has no MID field
BM-2F_ROOF-B1-BL003-78C|MID_BOTTOM,BM-2F_ROOF-B1-BL003-78C,SIMPLE_BEAM,B1,,MID_BOTTOM,BEAM_EXTRA_BAR,MASS,NOT_APPLICABLE,,,,,,,,,,,,,,,,,,,,a simple beam has one span and no interior support; the SBT has no MID field
BM-2F_ROOF-B1-BL003-78C|HANGER,BM-2F_ROOF-B1-BL003-78C,SIMPLE_BEAM,B1,,HANGER,BEAM_EXTRA_BAR,MASS,NOT_APPLICABLE,,,,,,,,,,,,,,,,,,,,ABSENT: no hanger field and no hanger detail (TOP BARS listed; no hanger role asserted)
BM-2F_ROOF-B1-BL003-78C|SIDE_REBAR,BM-2F_ROOF-B1-BL003-78C,SIMPLE_BEAM,B1,,SIDE_REBAR,BEAM_SIDE_BAR,MASS,NOT_APPLICABLE,,,,,,,,,,,,,,,,,,,,no side bars printed; depth 40.0 cm
BM-2F_ROOF-B1-BL003-78C|STIRRUP_COUNT|SPAN1,BM-2F_ROOF-B1-BL003-78C,SIMPLE_BEAM,B1,,STIRRUP_COUNT,BEAM_STIRRUP,COUNT,LOWER_BOUND,SOURCE_BOUND,,1,8,,,,,,8,9,,,,,,,,,first / last stirrup position not stated; no +1
BM-2F_ROOF-B1-BL003-78C|STIRRUP_CORE_PATH|SPAN1,BM-2F_ROOF-B1-BL003-78C,SIMPLE_BEAM,B1,,STIRRUP_CORE_PATH,BEAM_STIRRUP,MASS,BLOCKED_UNQUANTIFIED,,,1,8,,,,,,,,,,,,,,"[""LEGS / TOPOLOGY UNRESOLVED"", ""HOOKS BLOCKED_UNQUANTIFIED"", ""LEGS / LINK TOPOLOGY NOT_ESTABLISHED"", ""STIRRUP HOOKS NOT_ESTABLISHED""]",Q7,"stirrup mass needs legs, path, hooks and section; missing: LEGS / TOPOLOGY UNRESOLVED; HOOKS BLOCKED_UNQUANTIFIED; LEGS / LINK TOPOLOGY NOT_ESTABLISHED; STIRRUP HOOKS NOT_ESTABLISHED"
BM-2F_ROOF-B1-BL003-78C|HOOK_1,BM-2F_ROOF-B1-BL003-78C,SIMPLE_BEAM,B1,,HOOK_1,ANCHORAGE,MASS,BLOCKED_UNQUANTIFIED,,,,,,,,,,,,,,,,,,,Q1,"bar-end hook / bend: end legs drawn N.T.S. without a dimension; no project hook source; column hook rules are not imported - Q1 at end 1 ({'kind': 'COLUMN', 'refs': ['SFRS:41E']})"
BM-2F_ROOF-B1-BL003-78C|DEVELOPMENT_1,BM-2F_ROOF-B1-BL003-78C,SIMPLE_BEAM,B1,,DEVELOPMENT_1,ANCHORAGE,MASS,BLOCKED_UNQUANTIFIED,,,,,,,,,,,,,,,,,,,Q1,"development / anchorage: no beam-source development rule (note 9 70Ø / 40Ø is starter-bar context only; no 40D, 70D, code, Urban default or external value is used) - Q1 at end 1 ({'kind': 'COLUMN', 'refs': ['SFRS:41E']})"
BM-2F_ROOF-B1-BL003-78C|HOOK_2,BM-2F_ROOF-B1-BL003-78C,SIMPLE_BEAM,B1,,HOOK_2,ANCHORAGE,MASS,BLOCKED_UNQUANTIFIED,,,,,,,,,,,,,,,,,,,Q1,"bar-end hook / bend: end legs drawn N.T.S. without a dimension; no project hook source; column hook rules are not imported - Q1 at end 2 ({'kind': 'COLUMN', 'refs': ['SFRS:421']})"
BM-2F_ROOF-B1-BL003-78C|DEVELOPMENT_2,BM-2F_ROOF-B1-BL003-78C,SIMPLE_BEAM,B1,,DEVELOPMENT_2,ANCHORAGE,MASS,BLOCKED_UNQUANTIFIED,,,,,,,,,,,,,,,,,,,Q1,"development / anchorage: no beam-source development rule (note 9 70Ø / 40Ø is starter-bar context only; no 40D, 70D, code, Urban default or external value is used) - Q1 at end 2 ({'kind': 'COLUMN', 'refs': ['SFRS:421']})"
BM-2F_ROOF-B1-BL003-78C|OPENING_EXTRA_TOP,BM-2F_ROOF-B1-BL003-78C,SIMPLE_BEAM,B1,,OPENING_EXTRA_TOP,SPECIAL_DETAIL_BAR,MASS,NOT_APPLICABLE,,,,,,,,,,,,,,,,,,,,no source-identified physical opening in this beam (26 opening objects checked project-wide; the generic opening detail is not applied globally)
BM-2F_ROOF-B1-BL003-78C|OPENING_EXTRA_BOTTOM,BM-2F_ROOF-B1-BL003-78C,SIMPLE_BEAM,B1,,OPENING_EXTRA_BOTTOM,SPECIAL_DETAIL_BAR,MASS,NOT_APPLICABLE,,,,,,,,,,,,,,,,,,,,no source-identified physical opening in this beam (26 opening objects checked project-wide; the generic opening detail is not applied globally)
BM-2F_ROOF-B1-BL003-78C|OPENING_EXTRA_SIDE,BM-2F_ROOF-B1-BL003-78C,SIMPLE_BEAM,B1,,OPENING_EXTRA_SIDE,SPECIAL_DETAIL_BAR,MASS,NOT_APPLICABLE,,,,,,,,,,,,,,,,,,,,no source-identified physical opening in this beam (26 opening objects checked project-wide; the generic opening detail is not applied globally)
BM-2F_ROOF-B1-BL003-78C|OPENING_EXTRA_STIRRUP,BM-2F_ROOF-B1-BL003-78C,SIMPLE_BEAM,B1,,OPENING_EXTRA_STIRRUP,BEAM_STIRRUP,MASS,NOT_APPLICABLE,,,,,,,,,,,,,,,,,,,,no source-identified physical opening in this beam (26 opening objects checked project-wide; the generic opening detail is not applied globally)
BM-2F_ROOF-B1-BL003-78C|OTHER_EXPLICIT_EXTRA,BM-2F_ROOF-B1-BL003-78C,SIMPLE_BEAM,B1,,OTHER_EXPLICIT_EXTRA,SPECIAL_DETAIL_BAR,MASS,NOT_APPLICABLE,,,,,,,,,,,,,,,,,,,,no other explicit extra scheduled or detailed for this occurrence
BM-2F_ROOF-B1-BL006-78F|TOP_MAIN|BM-2F_ROOF-B1-BL006-78F:TOP_MAIN,BM-2F_ROOF-B1-BL006-78F,SIMPLE_BEAM,B1,,TOP_MAIN,BEAM_TOP_BAR,MASS,BLOCKED_UNQUANTIFIED,,BM-2F_ROOF-B1-BL006-78F:TOP_MAIN,,12,2,,,,,,,,,,,,,,R1,binding is a candidate (tag binding BOUND_CANDIDATE: a candidate never releases steel)
BM-2F_ROOF-B1-BL006-78F|BOTTOM_MAIN|BM-2F_ROOF-B1-BL006-78F:BOTTOM_MAIN,BM-2F_ROOF-B1-BL006-78F,SIMPLE_BEAM,B1,,BOTTOM_MAIN,BEAM_BOTTOM_BAR,MASS,BLOCKED_UNQUANTIFIED,,BM-2F_ROOF-B1-BL006-78F:BOTTOM_MAIN,,14,2,,,,,,,,,,,,,,R1,binding is a candidate (tag binding BOUND_CANDIDATE: a candidate never releases steel)
BM-2F_ROOF-B1-BL006-78F|TOP_SUPPORT,BM-2F_ROOF-B1-BL006-78F,SIMPLE_BEAM,B1,,TOP_SUPPORT,BEAM_EXTRA_BAR,MASS,NOT_APPLICABLE,,,,,,,,,,,,,,,,,,,,not scheduled in the SBT (no support bar field in the SBT)
BM-2F_ROOF-B1-BL006-78F|BOTTOM_SUPPORT,BM-2F_ROOF-B1-BL006-78F,SIMPLE_BEAM,B1,,BOTTOM_SUPPORT,BEAM_EXTRA_BAR,MASS,NOT_APPLICABLE,,,,,,,,,,,,,,,,,,,,not scheduled in the SBT (no bottom extra field in the SBT)
BM-2F_ROOF-B1-BL006-78F|MID_TOP,BM-2F_ROOF-B1-BL006-78F,SIMPLE_BEAM,B1,,MID_TOP,BEAM_EXTRA_BAR,MASS,NOT_APPLICABLE,,,,,,,,,,,,,,,,,,,,a simple beam has one span and no interior support; the SBT has no MID field
BM-2F_ROOF-B1-BL006-78F|MID_BOTTOM,BM-2F_ROOF-B1-BL006-78F,SIMPLE_BEAM,B1,,MID_BOTTOM,BEAM_EXTRA_BAR,MASS,NOT_APPLICABLE,,,,,,,,,,,,,,,,,,,,a simple beam has one span and no interior support; the SBT has no MID field
BM-2F_ROOF-B1-BL006-78F|HANGER,BM-2F_ROOF-B1-BL006-78F,SIMPLE_BEAM,B1,,HANGER,BEAM_EXTRA_BAR,MASS,NOT_APPLICABLE,,,,,,,,,,,,,,,,,,,,ABSENT: no hanger field and no hanger detail (TOP BARS listed; no hanger role asserted)
BM-2F_ROOF-B1-BL006-78F|SIDE_REBAR,BM-2F_ROOF-B1-BL006-78F,SIMPLE_BEAM,B1,,SIDE_REBAR,BEAM_SIDE_BAR,MASS,NOT_APPLICABLE,,,,,,,,,,,,,,,,,,,,no side bars printed; depth 40.0 cm
BM-2F_ROOF-B1-BL006-78F|STIRRUP_COUNT|SPAN1,BM-2F_ROOF-B1-BL006-78F,SIMPLE_BEAM,B1,,STIRRUP_COUNT,BEAM_STIRRUP,COUNT,BLOCKED_UNQUANTIFIED,,,1,8,,,,,,,,,,,,,,,R1,binding is a candidate (tag binding BOUND_CANDIDATE: a candidate never releases steel)
BM-2F_ROOF-B1-BL006-78F|STIRRUP_CORE_PATH|SPAN1,BM-2F_ROOF-B1-BL006-78F,SIMPLE_BEAM,B1,,STIRRUP_CORE_PATH,BEAM_STIRRUP,MASS,BLOCKED_UNQUANTIFIED,,,1,8,,,,,,,,,,,,,,"[""LEGS / TOPOLOGY UNRESOLVED"", ""HOOKS BLOCKED_UNQUANTIFIED"", ""LEGS / LINK TOPOLOGY NOT_ESTABLISHED"", ""STIRRUP HOOKS NOT_ESTABLISHED"", ""occurrence blocked: binding is a candidate (tag binding BOUND_CANDIDATE: a candidate never releases steel)""]",Q7,"stirrup mass needs legs, path, hooks and section; missing: LEGS / TOPOLOGY UNRESOLVED; HOOKS BLOCKED_UNQUANTIFIED; LEGS / LINK TOPOLOGY NOT_ESTABLISHED; STIRRUP HOOKS NOT_ESTABLISHED; occurrence blocked: binding is a candidate (tag binding BOUND_CANDIDATE: a candidate never releases steel)"
BM-2F_ROOF-B1-BL006-78F|HOOK_1,BM-2F_ROOF-B1-BL006-78F,SIMPLE_BEAM,B1,,HOOK_1,ANCHORAGE,MASS,BLOCKED_UNQUANTIFIED,,,,,,,,,,,,,,,,,,,Q1,"bar-end hook / bend: end legs drawn N.T.S. without a dimension; no project hook source; column hook rules are not imported - Q1 at end 1 ({'kind': 'BEAM_CARRIES_SPLIT_BY_TAG_EVIDENCE', 'refs': []}); occurrence blocked: binding is a candidate (tag binding BOUND_CANDIDATE: a candidate never releases steel)"
BM-2F_ROOF-B1-BL006-78F|DEVELOPMENT_1,BM-2F_ROOF-B1-BL006-78F,SIMPLE_BEAM,B1,,DEVELOPMENT_1,ANCHORAGE,MASS,BLOCKED_UNQUANTIFIED,,,,,,,,,,,,,,,,,,,Q1,"development / anchorage: no beam-source development rule (note 9 70Ø / 40Ø is starter-bar context only; no 40D, 70D, code, Urban default or external value is used) - Q1 at end 1 ({'kind': 'BEAM_CARRIES_SPLIT_BY_TAG_EVIDENCE', 'refs': []}); occurrence blocked: binding is a candidate (tag binding BOUND_CANDIDATE: a candidate never releases steel)"
BM-2F_ROOF-B1-BL006-78F|HOOK_2,BM-2F_ROOF-B1-BL006-78F,SIMPLE_BEAM,B1,,HOOK_2,ANCHORAGE,MASS,BLOCKED_UNQUANTIFIED,,,,,,,,,,,,,,,,,,,Q1,"bar-end hook / bend: end legs drawn N.T.S. without a dimension; no project hook source; column hook rules are not imported - Q1 at end 2 ({'kind': 'BEAM_CARRIES_SPLIT_BY_TAG_EVIDENCE', 'refs': []}); occurrence blocked: binding is a candidate (tag binding BOUND_CANDIDATE: a candidate never releases steel)"
BM-2F_ROOF-B1-BL006-78F|DEVELOPMENT_2,BM-2F_ROOF-B1-BL006-78F,SIMPLE_BEAM,B1,,DEVELOPMENT_2,ANCHORAGE,MASS,BLOCKED_UNQUANTIFIED,,,,,,,,,,,,,,,,,,,Q1,"development / anchorage: no beam-source development rule (note 9 70Ø / 40Ø is starter-bar context only; no 40D, 70D, code, Urban default or external value is used) - Q1 at end 2 ({'kind': 'BEAM_CARRIES_SPLIT_BY_TAG_EVIDENCE', 'refs': []}); occurrence blocked: binding is a candidate (tag binding BOUND_CANDIDATE: a candidate never releases steel)"
BM-2F_ROOF-B1-BL006-78F|OPENING_EXTRA_TOP,BM-2F_ROOF-B1-BL006-78F,SIMPLE_BEAM,B1,,OPENING_EXTRA_TOP,SPECIAL_DETAIL_BAR,MASS,NOT_APPLICABLE,,,,,,,,,,,,,,,,,,,,no source-identified physical opening in this beam (26 opening objects checked project-wide; the generic opening detail is not applied globally)
BM-2F_ROOF-B1-BL006-78F|OPENING_EXTRA_BOTTOM,BM-2F_ROOF-B1-BL006-78F,SIMPLE_BEAM,B1,,OPENING_EXTRA_BOTTOM,SPECIAL_DETAIL_BAR,MASS,NOT_APPLICABLE,,,,,,,,,,,,,,,,,,,,no source-identified physical opening in this beam (26 opening objects checked project-wide; the generic opening detail is not applied globally)
BM-2F_ROOF-B1-BL006-78F|OPENING_EXTRA_SIDE,BM-2F_ROOF-B1-BL006-78F,SIMPLE_BEAM,B1,,OPENING_EXTRA_SIDE,SPECIAL_DETAIL_BAR,MASS,NOT_APPLICABLE,,,,,,,,,,,,,,,,,,,,no source-identified physical opening in this beam (26 opening objects checked project-wide; the generic opening detail is not applied globally)
BM-2F_ROOF-B1-BL006-78F|OPENING_EXTRA_STIRRUP,BM-2F_ROOF-B1-BL006-78F,SIMPLE_BEAM,B1,,OPENING_EXTRA_STIRRUP,BEAM_STIRRUP,MASS,NOT_APPLICABLE,,,,,,,,,,,,,,,,,,,,no source-identified physical opening in this beam (26 opening objects checked project-wide; the generic opening detail is not applied globally)
BM-2F_ROOF-B1-BL006-78F|OTHER_EXPLICIT_EXTRA,BM-2F_ROOF-B1-BL006-78F,SIMPLE_BEAM,B1,,OTHER_EXPLICIT_EXTRA,SPECIAL_DETAIL_BAR,MASS,NOT_APPLICABLE,,,,,,,,,,,,,,,,,,,,no other explicit extra scheduled or detailed for this occurrence
BM-2F_ROOF-B1-BL011-78D|TOP_MAIN|BM-2F_ROOF-B1-BL011-78D:TOP_MAIN,BM-2F_ROOF-B1-BL011-78D,SIMPLE_BEAM,B1,,TOP_MAIN,BEAM_TOP_BAR,MASS,LOWER_BOUND,SOURCE_BOUND,BM-2F_ROOF-B1-BL011-78D:TOP_MAIN,,12,2,1.8,3.6,0.888889,3.2,,,SOURCE_VERIFIED,NOT_ESTABLISHED,,,,"[""development / anchorage into the supports: no beam-source rule (note 9 70Ø/40Ø is for starter bars only; the slab 0.25L / 0.30L rules are never borrowed)"", ""DEVELOPMENT / ANCHORAGE at the end supports (not source-established)"", ""BAR-END HOOK / BEND at the end supports (not detailed)""]",,,development / anchorage into the supports: no beam-source rule (note 9 70Ø/40Ø is for starter bars only; the slab 0.25L / 0.30L rules are never borrowed); DEVELOPMENT / ANCHORAGE at the end supports (not source-established); BAR-END HOOK / BEND at the end supports (not detailed)
BM-2F_ROOF-B1-BL011-78D|BOTTOM_MAIN|BM-2F_ROOF-B1-BL011-78D:BOTTOM_MAIN,BM-2F_ROOF-B1-BL011-78D,SIMPLE_BEAM,B1,,BOTTOM_MAIN,BEAM_BOTTOM_BAR,MASS,LOWER_BOUND,SOURCE_BOUND,BM-2F_ROOF-B1-BL011-78D:BOTTOM_MAIN,,14,2,1.8,3.6,1.209877,4.355556,,,SOURCE_VERIFIED,NOT_ESTABLISHED,,,,"[""development / anchorage into the supports: no beam-source rule (note 9 70Ø/40Ø is for starter bars only; the slab 0.25L / 0.30L rules are never borrowed)"", ""DEVELOPMENT / ANCHORAGE at the end supports (not source-established)"", ""BAR-END HOOK / BEND at the end supports (not detailed)""]",,,development / anchorage into the supports: no beam-source rule (note 9 70Ø/40Ø is for starter bars only; the slab 0.25L / 0.30L rules are never borrowed); DEVELOPMENT / ANCHORAGE at the end supports (not source-established); BAR-END HOOK / BEND at the end supports (not detailed)
BM-2F_ROOF-B1-BL011-78D|TOP_SUPPORT,BM-2F_ROOF-B1-BL011-78D,SIMPLE_BEAM,B1,,TOP_SUPPORT,BEAM_EXTRA_BAR,MASS,NOT_APPLICABLE,,,,,,,,,,,,,,,,,,,,not scheduled in the SBT (no support bar field in the SBT)
BM-2F_ROOF-B1-BL011-78D|BOTTOM_SUPPORT,BM-2F_ROOF-B1-BL011-78D,SIMPLE_BEAM,B1,,BOTTOM_SUPPORT,BEAM_EXTRA_BAR,MASS,NOT_APPLICABLE,,,,,,,,,,,,,,,,,,,,not scheduled in the SBT (no bottom extra field in the SBT)
BM-2F_ROOF-B1-BL011-78D|MID_TOP,BM-2F_ROOF-B1-BL011-78D,SIMPLE_BEAM,B1,,MID_TOP,BEAM_EXTRA_BAR,MASS,NOT_APPLICABLE,,,,,,,,,,,,,,,,,,,,a simple beam has one span and no interior support; the SBT has no MID field
BM-2F_ROOF-B1-BL011-78D|MID_BOTTOM,BM-2F_ROOF-B1-BL011-78D,SIMPLE_BEAM,B1,,MID_BOTTOM,BEAM_EXTRA_BAR,MASS,NOT_APPLICABLE,,,,,,,,,,,,,,,,,,,,a simple beam has one span and no interior support; the SBT has no MID field
BM-2F_ROOF-B1-BL011-78D|HANGER,BM-2F_ROOF-B1-BL011-78D,SIMPLE_BEAM,B1,,HANGER,BEAM_EXTRA_BAR,MASS,NOT_APPLICABLE,,,,,,,,,,,,,,,,,,,,ABSENT: no hanger field and no hanger detail (TOP BARS listed; no hanger role asserted)
BM-2F_ROOF-B1-BL011-78D|SIDE_REBAR,BM-2F_ROOF-B1-BL011-78D,SIMPLE_BEAM,B1,,SIDE_REBAR,BEAM_SIDE_BAR,MASS,NOT_APPLICABLE,,,,,,,,,,,,,,,,,,,,no side bars printed; depth 40.0 cm
BM-2F_ROOF-B1-BL011-78D|STIRRUP_COUNT|SPAN1,BM-2F_ROOF-B1-BL011-78D,SIMPLE_BEAM,B1,,STIRRUP_COUNT,BEAM_STIRRUP,COUNT,LOWER_BOUND,SOURCE_BOUND,,1,8,,,,,,11,12,,,,,,,,,first / last stirrup position not stated; no +1
BM-2F_ROOF-B1-BL011-78D|STIRRUP_CORE_PATH|SPAN1,BM-2F_ROOF-B1-BL011-78D,SIMPLE_BEAM,B1,,STIRRUP_CORE_PATH,BEAM_STIRRUP,MASS,BLOCKED_UNQUANTIFIED,,,1,8,,,,,,,,,,,,,,"[""LEGS / TOPOLOGY UNRESOLVED"", ""HOOKS BLOCKED_UNQUANTIFIED"", ""LEGS / LINK TOPOLOGY NOT_ESTABLISHED"", ""STIRRUP HOOKS NOT_ESTABLISHED""]",Q7,"stirrup mass needs legs, path, hooks and section; missing: LEGS / TOPOLOGY UNRESOLVED; HOOKS BLOCKED_UNQUANTIFIED; LEGS / LINK TOPOLOGY NOT_ESTABLISHED; STIRRUP HOOKS NOT_ESTABLISHED"
BM-2F_ROOF-B1-BL011-78D|HOOK_1,BM-2F_ROOF-B1-BL011-78D,SIMPLE_BEAM,B1,,HOOK_1,ANCHORAGE,MASS,BLOCKED_UNQUANTIFIED,,,,,,,,,,,,,,,,,,,Q1,"bar-end hook / bend: end legs drawn N.T.S. without a dimension; no project hook source; column hook rules are not imported - Q1 at end 1 ({'kind': 'COLUMN', 'refs': ['SFRS:421']})"
BM-2F_ROOF-B1-BL011-78D|DEVELOPMENT_1,BM-2F_ROOF-B1-BL011-78D,SIMPLE_BEAM,B1,,DEVELOPMENT_1,ANCHORAGE,MASS,BLOCKED_UNQUANTIFIED,,,,,,,,,,,,,,,,,,,Q1,"development / anchorage: no beam-source development rule (note 9 70Ø / 40Ø is starter-bar context only; no 40D, 70D, code, Urban default or external value is used) - Q1 at end 1 ({'kind': 'COLUMN', 'refs': ['SFRS:421']})"
BM-2F_ROOF-B1-BL011-78D|HOOK_2,BM-2F_ROOF-B1-BL011-78D,SIMPLE_BEAM,B1,,HOOK_2,ANCHORAGE,MASS,BLOCKED_UNQUANTIFIED,,,,,,,,,,,,,,,,,,,Q1,"bar-end hook / bend: end legs drawn N.T.S. without a dimension; no project hook source; column hook rules are not imported - Q1 at end 2 ({'kind': 'COLUMN', 'refs': ['SFRS:41B']})"
BM-2F_ROOF-B1-BL011-78D|DEVELOPMENT_2,BM-2F_ROOF-B1-BL011-78D,SIMPLE_BEAM,B1,,DEVELOPMENT_2,ANCHORAGE,MASS,BLOCKED_UNQUANTIFIED,,,,,,,,,,,,,,,,,,,Q1,"development / anchorage: no beam-source development rule (note 9 70Ø / 40Ø is starter-bar context only; no 40D, 70D, code, Urban default or external value is used) - Q1 at end 2 ({'kind': 'COLUMN', 'refs': ['SFRS:41B']})"
BM-2F_ROOF-B1-BL011-78D|OPENING_EXTRA_TOP,BM-2F_ROOF-B1-BL011-78D,SIMPLE_BEAM,B1,,OPENING_EXTRA_TOP,SPECIAL_DETAIL_BAR,MASS,NOT_APPLICABLE,,,,,,,,,,,,,,,,,,,,no source-identified physical opening in this beam (26 opening objects checked project-wide; the generic opening detail is not applied globally)
BM-2F_ROOF-B1-BL011-78D|OPENING_EXTRA_BOTTOM,BM-2F_ROOF-B1-BL011-78D,SIMPLE_BEAM,B1,,OPENING_EXTRA_BOTTOM,SPECIAL_DETAIL_BAR,MASS,NOT_APPLICABLE,,,,,,,,,,,,,,,,,,,,no source-identified physical opening in this beam (26 opening objects checked project-wide; the generic opening detail is not applied globally)
BM-2F_ROOF-B1-BL011-78D|OPENING_EXTRA_SIDE,BM-2F_ROOF-B1-BL011-78D,SIMPLE_BEAM,B1,,OPENING_EXTRA_SIDE,SPECIAL_DETAIL_BAR,MASS,NOT_APPLICABLE,,,,,,,,,,,,,,,,,,,,no source-identified physical opening in this beam (26 opening objects checked project-wide; the generic opening detail is not applied globally)
BM-2F_ROOF-B1-BL011-78D|OPENING_EXTRA_STIRRUP,BM-2F_ROOF-B1-BL011-78D,SIMPLE_BEAM,B1,,OPENING_EXTRA_STIRRUP,BEAM_STIRRUP,MASS,NOT_APPLICABLE,,,,,,,,,,,,,,,,,,,,no source-identified physical opening in this beam (26 opening objects checked project-wide; the generic opening detail is not applied globally)
BM-2F_ROOF-B1-BL011-78D|OTHER_EXPLICIT_EXTRA,BM-2F_ROOF-B1-BL011-78D,SIMPLE_BEAM,B1,,OTHER_EXPLICIT_EXTRA,SPECIAL_DETAIL_BAR,MASS,NOT_APPLICABLE,,,,,,,,,,,,,,,,,,,,no other explicit extra scheduled or detailed for this occurrence
BM-2F_ROOF-B15-BL004-7A9|TOP_MAIN|BM-2F_ROOF-B15-BL004-7A9:TOP_MAIN,BM-2F_ROOF-B15-BL004-7A9,SIMPLE_BEAM,B15,,TOP_MAIN,BEAM_TOP_BAR,MASS,LOWER_BOUND,SOURCE_BOUND,BM-2F_ROOF-B15-BL004-7A9:TOP_MAIN,,18,6,2.7,16.2,2.0,32.4,,,SOURCE_VERIFIED,NOT_ESTABLISHED,,,,"[""development / anchorage into the supports: no beam-source rule (note 9 70Ø/40Ø is for starter bars only; the slab 0.25L / 0.30L rules are never borrowed)"", ""DEVELOPMENT / ANCHORAGE at the end supports (not source-established)"", ""BAR-END HOOK / BEND at the end supports (not detailed)""]",,,development / anchorage into the supports: no beam-source rule (note 9 70Ø/40Ø is for starter bars only; the slab 0.25L / 0.30L rules are never borrowed); DEVELOPMENT / ANCHORAGE at the end supports (not source-established); BAR-END HOOK / BEND at the end supports (not detailed)
BM-2F_ROOF-B15-BL004-7A9|BOTTOM_MAIN|BM-2F_ROOF-B15-BL004-7A9:BOTTOM_MAIN,BM-2F_ROOF-B15-BL004-7A9,SIMPLE_BEAM,B15,,BOTTOM_MAIN,BEAM_BOTTOM_BAR,MASS,LOWER_BOUND,SOURCE_BOUND,BM-2F_ROOF-B15-BL004-7A9:BOTTOM_MAIN,,16,4,2.7,10.8,1.580247,17.066667,,,SOURCE_VERIFIED,NOT_ESTABLISHED,,,,"[""development / anchorage into the supports: no beam-source rule (note 9 70Ø/40Ø is for starter bars only; the slab 0.25L / 0.30L rules are never borrowed)"", ""DEVELOPMENT / ANCHORAGE at the end supports (not source-established)"", ""BAR-END HOOK / BEND at the end supports (not detailed)""]",,,development / anchorage into the supports: no beam-source rule (note 9 70Ø/40Ø is for starter bars only; the slab 0.25L / 0.30L rules are never borrowed); DEVELOPMENT / ANCHORAGE at the end supports (not source-established); BAR-END HOOK / BEND at the end supports (not detailed)
BM-2F_ROOF-B15-BL004-7A9|TOP_SUPPORT,BM-2F_ROOF-B15-BL004-7A9,SIMPLE_BEAM,B15,,TOP_SUPPORT,BEAM_EXTRA_BAR,MASS,NOT_APPLICABLE,,,,,,,,,,,,,,,,,,,,not scheduled in the SBT (no support bar field in the SBT)
BM-2F_ROOF-B15-BL004-7A9|BOTTOM_SUPPORT,BM-2F_ROOF-B15-BL004-7A9,SIMPLE_BEAM,B15,,BOTTOM_SUPPORT,BEAM_EXTRA_BAR,MASS,NOT_APPLICABLE,,,,,,,,,,,,,,,,,,,,not scheduled in the SBT (no bottom extra field in the SBT)
BM-2F_ROOF-B15-BL004-7A9|MID_TOP,BM-2F_ROOF-B15-BL004-7A9,SIMPLE_BEAM,B15,,MID_TOP,BEAM_EXTRA_BAR,MASS,NOT_APPLICABLE,,,,,,,,,,,,,,,,,,,,a simple beam has one span and no interior support; the SBT has no MID field
BM-2F_ROOF-B15-BL004-7A9|MID_BOTTOM,BM-2F_ROOF-B15-BL004-7A9,SIMPLE_BEAM,B15,,MID_BOTTOM,BEAM_EXTRA_BAR,MASS,NOT_APPLICABLE,,,,,,,,,,,,,,,,,,,,a simple beam has one span and no interior support; the SBT has no MID field
BM-2F_ROOF-B15-BL004-7A9|HANGER,BM-2F_ROOF-B15-BL004-7A9,SIMPLE_BEAM,B15,,HANGER,BEAM_EXTRA_BAR,MASS,NOT_APPLICABLE,,,,,,,,,,,,,,,,,,,,ABSENT: no hanger field and no hanger detail (TOP BARS listed; no hanger role asserted)
BM-2F_ROOF-B15-BL004-7A9|SIDE_REBAR,BM-2F_ROOF-B15-BL004-7A9,SIMPLE_BEAM,B15,,SIDE_REBAR,BEAM_SIDE_BAR,MASS,BLOCKED_UNQUANTIFIED,,,,12,2,,,,,,,,,,2%%C12/30cm,30.0,,,Q6,side bars '2%%C12/30cm' printed (2Ø12/30.0cm): '/30cm' semantics not established (per face or total; vertical spacing or other; bar length; end treatment) - never silently read as a vertical spacing (Q6) - quantity / mass not source-quantified
BM-2F_ROOF-B15-BL004-7A9|STIRRUP_COUNT|SPAN1,BM-2F_ROOF-B15-BL004-7A9,SIMPLE_BEAM,B15,,STIRRUP_COUNT,BEAM_STIRRUP,COUNT,LOWER_BOUND,SOURCE_BOUND,,1,8,,,,,,27,28,,,,,,,,,first / last stirrup position not stated; no +1
BM-2F_ROOF-B15-BL004-7A9|STIRRUP_CORE_PATH|SPAN1,BM-2F_ROOF-B15-BL004-7A9,SIMPLE_BEAM,B15,,STIRRUP_CORE_PATH,BEAM_STIRRUP,MASS,BLOCKED_UNQUANTIFIED,,,1,8,,,,,,,,,,,,,,"[""LEGS / TOPOLOGY UNRESOLVED"", ""HOOKS BLOCKED_UNQUANTIFIED"", ""LEGS / LINK TOPOLOGY NOT_ESTABLISHED"", ""STIRRUP HOOKS NOT_ESTABLISHED""]",Q7,"stirrup mass needs legs, path, hooks and section; missing: LEGS / TOPOLOGY UNRESOLVED; HOOKS BLOCKED_UNQUANTIFIED; LEGS / LINK TOPOLOGY NOT_ESTABLISHED; STIRRUP HOOKS NOT_ESTABLISHED"
BM-2F_ROOF-B15-BL004-7A9|HOOK_1,BM-2F_ROOF-B15-BL004-7A9,SIMPLE_BEAM,B15,,HOOK_1,ANCHORAGE,MASS,BLOCKED_UNQUANTIFIED,,,,,,,,,,,,,,,,,,,Q1,"bar-end hook / bend: end legs drawn N.T.S. without a dimension; no project hook source; column hook rules are not imported - Q1 at end 1 ({'kind': 'COLUMN', 'refs': ['SFRS:424']})"
BM-2F_ROOF-B15-BL004-7A9|DEVELOPMENT_1,BM-2F_ROOF-B15-BL004-7A9,SIMPLE_BEAM,B15,,DEVELOPMENT_1,ANCHORAGE,MASS,BLOCKED_UNQUANTIFIED,,,,,,,,,,,,,,,,,,,Q1,"development / anchorage: no beam-source development rule (note 9 70Ø / 40Ø is starter-bar context only; no 40D, 70D, code, Urban default or external value is used) - Q1 at end 1 ({'kind': 'COLUMN', 'refs': ['SFRS:424']})"
BM-2F_ROOF-B15-BL004-7A9|HOOK_2,BM-2F_ROOF-B15-BL004-7A9,SIMPLE_BEAM,B15,,HOOK_2,ANCHORAGE,MASS,BLOCKED_UNQUANTIFIED,,,,,,,,,,,,,,,,,,,Q1,"bar-end hook / bend: end legs drawn N.T.S. without a dimension; no project hook source; column hook rules are not imported - Q1 at end 2 ({'kind': 'COLUMN', 'refs': ['SFRS:40F']})"
BM-2F_ROOF-B15-BL004-7A9|DEVELOPMENT_2,BM-2F_ROOF-B15-BL004-7A9,SIMPLE_BEAM,B15,,DEVELOPMENT_2,ANCHORAGE,MASS,BLOCKED_UNQUANTIFIED,,,,,,,,,,,,,,,,,,,Q1,"development / anchorage: no beam-source development rule (note 9 70Ø / 40Ø is starter-bar context only; no 40D, 70D, code, Urban default or external value is used) - Q1 at end 2 ({'kind': 'COLUMN', 'refs': ['SFRS:40F']})"
BM-2F_ROOF-B15-BL004-7A9|OPENING_EXTRA_TOP,BM-2F_ROOF-B15-BL004-7A9,SIMPLE_BEAM,B15,,OPENING_EXTRA_TOP,SPECIAL_DETAIL_BAR,MASS,NOT_APPLICABLE,,,,,,,,,,,,,,,,,,,,no source-identified physical opening in this beam (26 opening objects checked project-wide; the generic opening detail is not applied globally)
BM-2F_ROOF-B15-BL004-7A9|OPENING_EXTRA_BOTTOM,BM-2F_ROOF-B15-BL004-7A9,SIMPLE_BEAM,B15,,OPENING_EXTRA_BOTTOM,SPECIAL_DETAIL_BAR,MASS,NOT_APPLICABLE,,,,,,,,,,,,,,,,,,,,no source-identified physical opening in this beam (26 opening objects checked project-wide; the generic opening detail is not applied globally)
BM-2F_ROOF-B15-BL004-7A9|OPENING_EXTRA_SIDE,BM-2F_ROOF-B15-BL004-7A9,SIMPLE_BEAM,B15,,OPENING_EXTRA_SIDE,SPECIAL_DETAIL_BAR,MASS,NOT_APPLICABLE,,,,,,,,,,,,,,,,,,,,no source-identified physical opening in this beam (26 opening objects checked project-wide; the generic opening detail is not applied globally)
BM-2F_ROOF-B15-BL004-7A9|OPENING_EXTRA_STIRRUP,BM-2F_ROOF-B15-BL004-7A9,SIMPLE_BEAM,B15,,OPENING_EXTRA_STIRRUP,BEAM_STIRRUP,MASS,NOT_APPLICABLE,,,,,,,,,,,,,,,,,,,,no source-identified physical opening in this beam (26 opening objects checked project-wide; the generic opening detail is not applied globally)
BM-2F_ROOF-B15-BL004-7A9|OTHER_EXPLICIT_EXTRA,BM-2F_ROOF-B15-BL004-7A9,SIMPLE_BEAM,B15,,OTHER_EXPLICIT_EXTRA,SPECIAL_DETAIL_BAR,MASS,NOT_APPLICABLE,,,,,,,,,,,,,,,,,,,,no other explicit extra scheduled or detailed for this occurrence
BM-2F_ROOF-B2-BL006-78E|TOP_MAIN|BM-2F_ROOF-B2-BL006-78E:TOP_MAIN,BM-2F_ROOF-B2-BL006-78E,SIMPLE_BEAM,B2,,TOP_MAIN,BEAM_TOP_BAR,MASS,LOWER_BOUND,SOURCE_BOUND,BM-2F_ROOF-B2-BL006-78E:TOP_MAIN,,12,2,3.0,6.0,0.888889,5.333333,,,SOURCE_VERIFIED,NOT_ESTABLISHED,,,,"[""development / anchorage into the supports: no beam-source rule (note 9 70Ø/40Ø is for starter bars only; the slab 0.25L / 0.30L rules are never borrowed)"", ""DEVELOPMENT / ANCHORAGE at the end supports (not source-established)"", ""BAR-END HOOK / BEND at the end supports (not detailed)""]",,,development / anchorage into the supports: no beam-source rule (note 9 70Ø/40Ø is for starter bars only; the slab 0.25L / 0.30L rules are never borrowed); DEVELOPMENT / ANCHORAGE at the end supports (not source-established); BAR-END HOOK / BEND at the end supports (not detailed)
BM-2F_ROOF-B2-BL006-78E|BOTTOM_MAIN|BM-2F_ROOF-B2-BL006-78E:BOTTOM_MAIN,BM-2F_ROOF-B2-BL006-78E,SIMPLE_BEAM,B2,,BOTTOM_MAIN,BEAM_BOTTOM_BAR,MASS,LOWER_BOUND,SOURCE_BOUND,BM-2F_ROOF-B2-BL006-78E:BOTTOM_MAIN,,16,3,3.0,9.0,1.580247,14.222222,,,SOURCE_VERIFIED,NOT_ESTABLISHED,,,,"[""development / anchorage into the supports: no beam-source rule (note 9 70Ø/40Ø is for starter bars only; the slab 0.25L / 0.30L rules are never borrowed)"", ""DEVELOPMENT / ANCHORAGE at the end supports (not source-established)"", ""BAR-END HOOK / BEND at the end supports (not detailed)""]",,,development / anchorage into the supports: no beam-source rule (note 9 70Ø/40Ø is for starter bars only; the slab 0.25L / 0.30L rules are never borrowed); DEVELOPMENT / ANCHORAGE at the end supports (not source-established); BAR-END HOOK / BEND at the end supports (not detailed)
BM-2F_ROOF-B2-BL006-78E|TOP_SUPPORT,BM-2F_ROOF-B2-BL006-78E,SIMPLE_BEAM,B2,,TOP_SUPPORT,BEAM_EXTRA_BAR,MASS,NOT_APPLICABLE,,,,,,,,,,,,,,,,,,,,not scheduled in the SBT (no support bar field in the SBT)
BM-2F_ROOF-B2-BL006-78E|BOTTOM_SUPPORT,BM-2F_ROOF-B2-BL006-78E,SIMPLE_BEAM,B2,,BOTTOM_SUPPORT,BEAM_EXTRA_BAR,MASS,NOT_APPLICABLE,,,,,,,,,,,,,,,,,,,,not scheduled in the SBT (no bottom extra field in the SBT)
BM-2F_ROOF-B2-BL006-78E|MID_TOP,BM-2F_ROOF-B2-BL006-78E,SIMPLE_BEAM,B2,,MID_TOP,BEAM_EXTRA_BAR,MASS,NOT_APPLICABLE,,,,,,,,,,,,,,,,,,,,a simple beam has one span and no interior support; the SBT has no MID field
BM-2F_ROOF-B2-BL006-78E|MID_BOTTOM,BM-2F_ROOF-B2-BL006-78E,SIMPLE_BEAM,B2,,MID_BOTTOM,BEAM_EXTRA_BAR,MASS,NOT_APPLICABLE,,,,,,,,,,,,,,,,,,,,a simple beam has one span and no interior support; the SBT has no MID field
BM-2F_ROOF-B2-BL006-78E|HANGER,BM-2F_ROOF-B2-BL006-78E,SIMPLE_BEAM,B2,,HANGER,BEAM_EXTRA_BAR,MASS,NOT_APPLICABLE,,,,,,,,,,,,,,,,,,,,ABSENT: no hanger field and no hanger detail (TOP BARS listed; no hanger role asserted)
BM-2F_ROOF-B2-BL006-78E|SIDE_REBAR,BM-2F_ROOF-B2-BL006-78E,SIMPLE_BEAM,B2,,SIDE_REBAR,BEAM_SIDE_BAR,MASS,NOT_APPLICABLE,,,,,,,,,,,,,,,,,,,,no side bars printed; depth 40.0 cm
BM-2F_ROOF-B2-BL006-78E|STIRRUP_COUNT|SPAN1,BM-2F_ROOF-B2-BL006-78E,SIMPLE_BEAM,B2,,STIRRUP_COUNT,BEAM_STIRRUP,COUNT,LOWER_BOUND,SOURCE_BOUND,,1,8,,,,,,18,19,,,,,,,,,first / last stirrup position not stated; no +1
BM-2F_ROOF-B2-BL006-78E|STIRRUP_CORE_PATH|SPAN1,BM-2F_ROOF-B2-BL006-78E,SIMPLE_BEAM,B2,,STIRRUP_CORE_PATH,BEAM_STIRRUP,MASS,BLOCKED_UNQUANTIFIED,,,1,8,,,,,,,,,,,,,,"[""LEGS / TOPOLOGY UNRESOLVED"", ""HOOKS BLOCKED_UNQUANTIFIED"", ""LEGS / LINK TOPOLOGY NOT_ESTABLISHED"", ""STIRRUP HOOKS NOT_ESTABLISHED""]",Q7,"stirrup mass needs legs, path, hooks and section; missing: LEGS / TOPOLOGY UNRESOLVED; HOOKS BLOCKED_UNQUANTIFIED; LEGS / LINK TOPOLOGY NOT_ESTABLISHED; STIRRUP HOOKS NOT_ESTABLISHED"
BM-2F_ROOF-B2-BL006-78E|HOOK_1,BM-2F_ROOF-B2-BL006-78E,SIMPLE_BEAM,B2,,HOOK_1,ANCHORAGE,MASS,BLOCKED_UNQUANTIFIED,,,,,,,,,,,,,,,,,,,Q1,"bar-end hook / bend: end legs drawn N.T.S. without a dimension; no project hook source; column hook rules are not imported - Q1 at end 1 ({'kind': 'BEAM_CARRIES_SPLIT_BY_TAG_EVIDENCE', 'refs': ['BL002']})"
BM-2F_ROOF-B2-BL006-78E|DEVELOPMENT_1,BM-2F_ROOF-B2-BL006-78E,SIMPLE_BEAM,B2,,DEVELOPMENT_1,ANCHORAGE,MASS,BLOCKED_UNQUANTIFIED,,,,,,,,,,,,,,,,,,,Q1,"development / anchorage: no beam-source development rule (note 9 70Ø / 40Ø is starter-bar context only; no 40D, 70D, code, Urban default or external value is used) - Q1 at end 1 ({'kind': 'BEAM_CARRIES_SPLIT_BY_TAG_EVIDENCE', 'refs': ['BL002']})"
BM-2F_ROOF-B2-BL006-78E|HOOK_2,BM-2F_ROOF-B2-BL006-78E,SIMPLE_BEAM,B2,,HOOK_2,ANCHORAGE,MASS,BLOCKED_UNQUANTIFIED,,,,,,,,,,,,,,,,,,,Q1,"bar-end hook / bend: end legs drawn N.T.S. without a dimension; no project hook source; column hook rules are not imported - Q1 at end 2 ({'kind': 'BEAM_CORNER', 'refs': ['BL001']})"
BM-2F_ROOF-B2-BL006-78E|DEVELOPMENT_2,BM-2F_ROOF-B2-BL006-78E,SIMPLE_BEAM,B2,,DEVELOPMENT_2,ANCHORAGE,MASS,BLOCKED_UNQUANTIFIED,,,,,,,,,,,,,,,,,,,Q1,"development / anchorage: no beam-source development rule (note 9 70Ø / 40Ø is starter-bar context only; no 40D, 70D, code, Urban default or external value is used) - Q1 at end 2 ({'kind': 'BEAM_CORNER', 'refs': ['BL001']})"
BM-2F_ROOF-B2-BL006-78E|OPENING_EXTRA_TOP,BM-2F_ROOF-B2-BL006-78E,SIMPLE_BEAM,B2,,OPENING_EXTRA_TOP,SPECIAL_DETAIL_BAR,MASS,NOT_APPLICABLE,,,,,,,,,,,,,,,,,,,,no source-identified physical opening in this beam (26 opening objects checked project-wide; the generic opening detail is not applied globally)
BM-2F_ROOF-B2-BL006-78E|OPENING_EXTRA_BOTTOM,BM-2F_ROOF-B2-BL006-78E,SIMPLE_BEAM,B2,,OPENING_EXTRA_BOTTOM,SPECIAL_DETAIL_BAR,MASS,NOT_APPLICABLE,,,,,,,,,,,,,,,,,,,,no source-identified physical opening in this beam (26 opening objects checked project-wide; the generic opening detail is not applied globally)
BM-2F_ROOF-B2-BL006-78E|OPENING_EXTRA_SIDE,BM-2F_ROOF-B2-BL006-78E,SIMPLE_BEAM,B2,,OPENING_EXTRA_SIDE,SPECIAL_DETAIL_BAR,MASS,NOT_APPLICABLE,,,,,,,,,,,,,,,,,,,,no source-identified physical opening in this beam (26 opening objects checked project-wide; the generic opening detail is not applied globally)
BM-2F_ROOF-B2-BL006-78E|OPENING_EXTRA_STIRRUP,BM-2F_ROOF-B2-BL006-78E,SIMPLE_BEAM,B2,,OPENING_EXTRA_STIRRUP,BEAM_STIRRUP,MASS,NOT_APPLICABLE,,,,,,,,,,,,,,,,,,,,no source-identified physical opening in this beam (26 opening objects checked project-wide; the generic opening detail is not applied globally)
BM-2F_ROOF-B2-BL006-78E|OTHER_EXPLICIT_EXTRA,BM-2F_ROOF-B2-BL006-78E,SIMPLE_BEAM,B2,,OTHER_EXPLICIT_EXTRA,SPECIAL_DETAIL_BAR,MASS,NOT_APPLICABLE,,,,,,,,,,,,,,,,,,,,no other explicit extra scheduled or detailed for this occurrence
BM-2F_ROOF-B2-BL006-790|TOP_MAIN|BM-2F_ROOF-B2-BL006-790:TOP_MAIN,BM-2F_ROOF-B2-BL006-790,SIMPLE_BEAM,B2,,TOP_MAIN,BEAM_TOP_BAR,MASS,LOWER_BOUND,SOURCE_BOUND,BM-2F_ROOF-B2-BL006-790:TOP_MAIN,,12,2,2.5,5.0,0.888889,4.444444,,,SOURCE_VERIFIED,NOT_ESTABLISHED,,,,"[""development / anchorage into the supports: no beam-source rule (note 9 70Ø/40Ø is for starter bars only; the slab 0.25L / 0.30L rules are never borrowed)"", ""DEVELOPMENT / ANCHORAGE at the end supports (not source-established)"", ""BAR-END HOOK / BEND at the end supports (not detailed)""]",,,development / anchorage into the supports: no beam-source rule (note 9 70Ø/40Ø is for starter bars only; the slab 0.25L / 0.30L rules are never borrowed); DEVELOPMENT / ANCHORAGE at the end supports (not source-established); BAR-END HOOK / BEND at the end supports (not detailed)
BM-2F_ROOF-B2-BL006-790|BOTTOM_MAIN|BM-2F_ROOF-B2-BL006-790:BOTTOM_MAIN,BM-2F_ROOF-B2-BL006-790,SIMPLE_BEAM,B2,,BOTTOM_MAIN,BEAM_BOTTOM_BAR,MASS,LOWER_BOUND,SOURCE_BOUND,BM-2F_ROOF-B2-BL006-790:BOTTOM_MAIN,,16,3,2.5,7.5,1.580247,11.851852,,,SOURCE_VERIFIED,NOT_ESTABLISHED,,,,"[""development / anchorage into the supports: no beam-source rule (note 9 70Ø/40Ø is for starter bars only; the slab 0.25L / 0.30L rules are never borrowed)"", ""DEVELOPMENT / ANCHORAGE at the end supports (not source-established)"", ""BAR-END HOOK / BEND at the end supports (not detailed)""]",,,development / anchorage into the supports: no beam-source rule (note 9 70Ø/40Ø is for starter bars only; the slab 0.25L / 0.30L rules are never borrowed); DEVELOPMENT / ANCHORAGE at the end supports (not source-established); BAR-END HOOK / BEND at the end supports (not detailed)
BM-2F_ROOF-B2-BL006-790|TOP_SUPPORT,BM-2F_ROOF-B2-BL006-790,SIMPLE_BEAM,B2,,TOP_SUPPORT,BEAM_EXTRA_BAR,MASS,NOT_APPLICABLE,,,,,,,,,,,,,,,,,,,,not scheduled in the SBT (no support bar field in the SBT)
BM-2F_ROOF-B2-BL006-790|BOTTOM_SUPPORT,BM-2F_ROOF-B2-BL006-790,SIMPLE_BEAM,B2,,BOTTOM_SUPPORT,BEAM_EXTRA_BAR,MASS,NOT_APPLICABLE,,,,,,,,,,,,,,,,,,,,not scheduled in the SBT (no bottom extra field in the SBT)
BM-2F_ROOF-B2-BL006-790|MID_TOP,BM-2F_ROOF-B2-BL006-790,SIMPLE_BEAM,B2,,MID_TOP,BEAM_EXTRA_BAR,MASS,NOT_APPLICABLE,,,,,,,,,,,,,,,,,,,,a simple beam has one span and no interior support; the SBT has no MID field
BM-2F_ROOF-B2-BL006-790|MID_BOTTOM,BM-2F_ROOF-B2-BL006-790,SIMPLE_BEAM,B2,,MID_BOTTOM,BEAM_EXTRA_BAR,MASS,NOT_APPLICABLE,,,,,,,,,,,,,,,,,,,,a simple beam has one span and no interior support; the SBT has no MID field
BM-2F_ROOF-B2-BL006-790|HANGER,BM-2F_ROOF-B2-BL006-790,SIMPLE_BEAM,B2,,HANGER,BEAM_EXTRA_BAR,MASS,NOT_APPLICABLE,,,,,,,,,,,,,,,,,,,,ABSENT: no hanger field and no hanger detail (TOP BARS listed; no hanger role asserted)
BM-2F_ROOF-B2-BL006-790|SIDE_REBAR,BM-2F_ROOF-B2-BL006-790,SIMPLE_BEAM,B2,,SIDE_REBAR,BEAM_SIDE_BAR,MASS,NOT_APPLICABLE,,,,,,,,,,,,,,,,,,,,no side bars printed; depth 40.0 cm
BM-2F_ROOF-B2-BL006-790|STIRRUP_COUNT|SPAN1,BM-2F_ROOF-B2-BL006-790,SIMPLE_BEAM,B2,,STIRRUP_COUNT,BEAM_STIRRUP,COUNT,LOWER_BOUND,SOURCE_BOUND,,1,8,,,,,,15,16,,,,,,,,,first / last stirrup position not stated; no +1
BM-2F_ROOF-B2-BL006-790|STIRRUP_CORE_PATH|SPAN1,BM-2F_ROOF-B2-BL006-790,SIMPLE_BEAM,B2,,STIRRUP_CORE_PATH,BEAM_STIRRUP,MASS,BLOCKED_UNQUANTIFIED,,,1,8,,,,,,,,,,,,,,"[""LEGS / TOPOLOGY UNRESOLVED"", ""HOOKS BLOCKED_UNQUANTIFIED"", ""LEGS / LINK TOPOLOGY NOT_ESTABLISHED"", ""STIRRUP HOOKS NOT_ESTABLISHED""]",Q7,"stirrup mass needs legs, path, hooks and section; missing: LEGS / TOPOLOGY UNRESOLVED; HOOKS BLOCKED_UNQUANTIFIED; LEGS / LINK TOPOLOGY NOT_ESTABLISHED; STIRRUP HOOKS NOT_ESTABLISHED"
BM-2F_ROOF-B2-BL006-790|HOOK_1,BM-2F_ROOF-B2-BL006-790,SIMPLE_BEAM,B2,,HOOK_1,ANCHORAGE,MASS,BLOCKED_UNQUANTIFIED,,,,,,,,,,,,,,,,,,,Q1,"bar-end hook / bend: end legs drawn N.T.S. without a dimension; no project hook source; column hook rules are not imported - Q1 at end 1 ({'kind': 'BEAM_CORNER', 'refs': ['BL005']})"
BM-2F_ROOF-B2-BL006-790|DEVELOPMENT_1,BM-2F_ROOF-B2-BL006-790,SIMPLE_BEAM,B2,,DEVELOPMENT_1,ANCHORAGE,MASS,BLOCKED_UNQUANTIFIED,,,,,,,,,,,,,,,,,,,Q1,"development / anchorage: no beam-source development rule (note 9 70Ø / 40Ø is starter-bar context only; no 40D, 70D, code, Urban default or external value is used) - Q1 at end 1 ({'kind': 'BEAM_CORNER', 'refs': ['BL005']})"
BM-2F_ROOF-B2-BL006-790|HOOK_2,BM-2F_ROOF-B2-BL006-790,SIMPLE_BEAM,B2,,HOOK_2,ANCHORAGE,MASS,BLOCKED_UNQUANTIFIED,,,,,,,,,,,,,,,,,,,Q1,"bar-end hook / bend: end legs drawn N.T.S. without a dimension; no project hook source; column hook rules are not imported - Q1 at end 2 ({'kind': 'BEAM_CARRIES_SPLIT_BY_TAG_EVIDENCE', 'refs': ['BL003']})"
BM-2F_ROOF-B2-BL006-790|DEVELOPMENT_2,BM-2F_ROOF-B2-BL006-790,SIMPLE_BEAM,B2,,DEVELOPMENT_2,ANCHORAGE,MASS,BLOCKED_UNQUANTIFIED,,,,,,,,,,,,,,,,,,,Q1,"development / anchorage: no beam-source development rule (note 9 70Ø / 40Ø is starter-bar context only; no 40D, 70D, code, Urban default or external value is used) - Q1 at end 2 ({'kind': 'BEAM_CARRIES_SPLIT_BY_TAG_EVIDENCE', 'refs': ['BL003']})"
BM-2F_ROOF-B2-BL006-790|OPENING_EXTRA_TOP,BM-2F_ROOF-B2-BL006-790,SIMPLE_BEAM,B2,,OPENING_EXTRA_TOP,SPECIAL_DETAIL_BAR,MASS,NOT_APPLICABLE,,,,,,,,,,,,,,,,,,,,no source-identified physical opening in this beam (26 opening objects checked project-wide; the generic opening detail is not applied globally)
BM-2F_ROOF-B2-BL006-790|OPENING_EXTRA_BOTTOM,BM-2F_ROOF-B2-BL006-790,SIMPLE_BEAM,B2,,OPENING_EXTRA_BOTTOM,SPECIAL_DETAIL_BAR,MASS,NOT_APPLICABLE,,,,,,,,,,,,,,,,,,,,no source-identified physical opening in this beam (26 opening objects checked project-wide; the generic opening detail is not applied globally)
BM-2F_ROOF-B2-BL006-790|OPENING_EXTRA_SIDE,BM-2F_ROOF-B2-BL006-790,SIMPLE_BEAM,B2,,OPENING_EXTRA_SIDE,SPECIAL_DETAIL_BAR,MASS,NOT_APPLICABLE,,,,,,,,,,,,,,,,,,,,no source-identified physical opening in this beam (26 opening objects checked project-wide; the generic opening detail is not applied globally)
BM-2F_ROOF-B2-BL006-790|OPENING_EXTRA_STIRRUP,BM-2F_ROOF-B2-BL006-790,SIMPLE_BEAM,B2,,OPENING_EXTRA_STIRRUP,BEAM_STIRRUP,MASS,NOT_APPLICABLE,,,,,,,,,,,,,,,,,,,,no source-identified physical opening in this beam (26 opening objects checked project-wide; the generic opening detail is not applied globally)
BM-2F_ROOF-B2-BL006-790|OTHER_EXPLICIT_EXTRA,BM-2F_ROOF-B2-BL006-790,SIMPLE_BEAM,B2,,OTHER_EXPLICIT_EXTRA,SPECIAL_DETAIL_BAR,MASS,NOT_APPLICABLE,,,,,,,,,,,,,,,,,,,,no other explicit extra scheduled or detailed for this occurrence
BM-2F_ROOF-B2-BL010-775|TOP_MAIN|BM-2F_ROOF-B2-BL010-775:TOP_MAIN,BM-2F_ROOF-B2-BL010-775,SIMPLE_BEAM,B2,,TOP_MAIN,BEAM_TOP_BAR,MASS,LOWER_BOUND,SOURCE_BOUND,BM-2F_ROOF-B2-BL010-775:TOP_MAIN,,12,2,3.0,6.0,0.888889,5.333333,,,SOURCE_VERIFIED,NOT_ESTABLISHED,,,,"[""development / anchorage into the supports: no beam-source rule (note 9 70Ø/40Ø is for starter bars only; the slab 0.25L / 0.30L rules are never borrowed)"", ""DEVELOPMENT / ANCHORAGE at the end supports (not source-established)"", ""BAR-END HOOK / BEND at the end supports (not detailed)""]",,,development / anchorage into the supports: no beam-source rule (note 9 70Ø/40Ø is for starter bars only; the slab 0.25L / 0.30L rules are never borrowed); DEVELOPMENT / ANCHORAGE at the end supports (not source-established); BAR-END HOOK / BEND at the end supports (not detailed)
BM-2F_ROOF-B2-BL010-775|BOTTOM_MAIN|BM-2F_ROOF-B2-BL010-775:BOTTOM_MAIN,BM-2F_ROOF-B2-BL010-775,SIMPLE_BEAM,B2,,BOTTOM_MAIN,BEAM_BOTTOM_BAR,MASS,LOWER_BOUND,SOURCE_BOUND,BM-2F_ROOF-B2-BL010-775:BOTTOM_MAIN,,16,3,3.0,9.0,1.580247,14.222222,,,SOURCE_VERIFIED,NOT_ESTABLISHED,,,,"[""development / anchorage into the supports: no beam-source rule (note 9 70Ø/40Ø is for starter bars only; the slab 0.25L / 0.30L rules are never borrowed)"", ""DEVELOPMENT / ANCHORAGE at the end supports (not source-established)"", ""BAR-END HOOK / BEND at the end supports (not detailed)""]",,,development / anchorage into the supports: no beam-source rule (note 9 70Ø/40Ø is for starter bars only; the slab 0.25L / 0.30L rules are never borrowed); DEVELOPMENT / ANCHORAGE at the end supports (not source-established); BAR-END HOOK / BEND at the end supports (not detailed)
BM-2F_ROOF-B2-BL010-775|TOP_SUPPORT,BM-2F_ROOF-B2-BL010-775,SIMPLE_BEAM,B2,,TOP_SUPPORT,BEAM_EXTRA_BAR,MASS,NOT_APPLICABLE,,,,,,,,,,,,,,,,,,,,not scheduled in the SBT (no support bar field in the SBT)
BM-2F_ROOF-B2-BL010-775|BOTTOM_SUPPORT,BM-2F_ROOF-B2-BL010-775,SIMPLE_BEAM,B2,,BOTTOM_SUPPORT,BEAM_EXTRA_BAR,MASS,NOT_APPLICABLE,,,,,,,,,,,,,,,,,,,,not scheduled in the SBT (no bottom extra field in the SBT)
BM-2F_ROOF-B2-BL010-775|MID_TOP,BM-2F_ROOF-B2-BL010-775,SIMPLE_BEAM,B2,,MID_TOP,BEAM_EXTRA_BAR,MASS,NOT_APPLICABLE,,,,,,,,,,,,,,,,,,,,a simple beam has one span and no interior support; the SBT has no MID field
BM-2F_ROOF-B2-BL010-775|MID_BOTTOM,BM-2F_ROOF-B2-BL010-775,SIMPLE_BEAM,B2,,MID_BOTTOM,BEAM_EXTRA_BAR,MASS,NOT_APPLICABLE,,,,,,,,,,,,,,,,,,,,a simple beam has one span and no interior support; the SBT has no MID field
BM-2F_ROOF-B2-BL010-775|HANGER,BM-2F_ROOF-B2-BL010-775,SIMPLE_BEAM,B2,,HANGER,BEAM_EXTRA_BAR,MASS,NOT_APPLICABLE,,,,,,,,,,,,,,,,,,,,ABSENT: no hanger field and no hanger detail (TOP BARS listed; no hanger role asserted)
BM-2F_ROOF-B2-BL010-775|SIDE_REBAR,BM-2F_ROOF-B2-BL010-775,SIMPLE_BEAM,B2,,SIDE_REBAR,BEAM_SIDE_BAR,MASS,NOT_APPLICABLE,,,,,,,,,,,,,,,,,,,,no side bars printed; depth 40.0 cm
BM-2F_ROOF-B2-BL010-775|STIRRUP_COUNT|SPAN1,BM-2F_ROOF-B2-BL010-775,SIMPLE_BEAM,B2,,STIRRUP_COUNT,BEAM_STIRRUP,COUNT,LOWER_BOUND,SOURCE_BOUND,,1,8,,,,,,18,19,,,,,,,,,first / last stirrup position not stated; no +1
BM-2F_ROOF-B2-BL010-775|STIRRUP_CORE_PATH|SPAN1,BM-2F_ROOF-B2-BL010-775,SIMPLE_BEAM,B2,,STIRRUP_CORE_PATH,BEAM_STIRRUP,MASS,BLOCKED_UNQUANTIFIED,,,1,8,,,,,,,,,,,,,,"[""LEGS / TOPOLOGY UNRESOLVED"", ""HOOKS BLOCKED_UNQUANTIFIED"", ""LEGS / LINK TOPOLOGY NOT_ESTABLISHED"", ""STIRRUP HOOKS NOT_ESTABLISHED""]",Q7,"stirrup mass needs legs, path, hooks and section; missing: LEGS / TOPOLOGY UNRESOLVED; HOOKS BLOCKED_UNQUANTIFIED; LEGS / LINK TOPOLOGY NOT_ESTABLISHED; STIRRUP HOOKS NOT_ESTABLISHED"
BM-2F_ROOF-B2-BL010-775|HOOK_1,BM-2F_ROOF-B2-BL010-775,SIMPLE_BEAM,B2,,HOOK_1,ANCHORAGE,MASS,BLOCKED_UNQUANTIFIED,,,,,,,,,,,,,,,,,,,Q1,"bar-end hook / bend: end legs drawn N.T.S. without a dimension; no project hook source; column hook rules are not imported - Q1 at end 1 ({'kind': 'COLUMN', 'refs': ['SFRS:418']})"
BM-2F_ROOF-B2-BL010-775|DEVELOPMENT_1,BM-2F_ROOF-B2-BL010-775,SIMPLE_BEAM,B2,,DEVELOPMENT_1,ANCHORAGE,MASS,BLOCKED_UNQUANTIFIED,,,,,,,,,,,,,,,,,,,Q1,"development / anchorage: no beam-source development rule (note 9 70Ø / 40Ø is starter-bar context only; no 40D, 70D, code, Urban default or external value is used) - Q1 at end 1 ({'kind': 'COLUMN', 'refs': ['SFRS:418']})"
BM-2F_ROOF-B2-BL010-775|HOOK_2,BM-2F_ROOF-B2-BL010-775,SIMPLE_BEAM,B2,,HOOK_2,ANCHORAGE,MASS,BLOCKED_UNQUANTIFIED,,,,,,,,,,,,,,,,,,,Q1,"bar-end hook / bend: end legs drawn N.T.S. without a dimension; no project hook source; column hook rules are not imported - Q1 at end 2 ({'kind': 'BEAM_CARRIED_BY', 'refs': ['BL001']})"
BM-2F_ROOF-B2-BL010-775|DEVELOPMENT_2,BM-2F_ROOF-B2-BL010-775,SIMPLE_BEAM,B2,,DEVELOPMENT_2,ANCHORAGE,MASS,BLOCKED_UNQUANTIFIED,,,,,,,,,,,,,,,,,,,Q1,"development / anchorage: no beam-source development rule (note 9 70Ø / 40Ø is starter-bar context only; no 40D, 70D, code, Urban default or external value is used) - Q1 at end 2 ({'kind': 'BEAM_CARRIED_BY', 'refs': ['BL001']})"
BM-2F_ROOF-B2-BL010-775|OPENING_EXTRA_TOP,BM-2F_ROOF-B2-BL010-775,SIMPLE_BEAM,B2,,OPENING_EXTRA_TOP,SPECIAL_DETAIL_BAR,MASS,NOT_APPLICABLE,,,,,,,,,,,,,,,,,,,,no source-identified physical opening in this beam (26 opening objects checked project-wide; the generic opening detail is not applied globally)
BM-2F_ROOF-B2-BL010-775|OPENING_EXTRA_BOTTOM,BM-2F_ROOF-B2-BL010-775,SIMPLE_BEAM,B2,,OPENING_EXTRA_BOTTOM,SPECIAL_DETAIL_BAR,MASS,NOT_APPLICABLE,,,,,,,,,,,,,,,,,,,,no source-identified physical opening in this beam (26 opening objects checked project-wide; the generic opening detail is not applied globally)
BM-2F_ROOF-B2-BL010-775|OPENING_EXTRA_SIDE,BM-2F_ROOF-B2-BL010-775,SIMPLE_BEAM,B2,,OPENING_EXTRA_SIDE,SPECIAL_DETAIL_BAR,MASS,NOT_APPLICABLE,,,,,,,,,,,,,,,,,,,,no source-identified physical opening in this beam (26 opening objects checked project-wide; the generic opening detail is not applied globally)
BM-2F_ROOF-B2-BL010-775|OPENING_EXTRA_STIRRUP,BM-2F_ROOF-B2-BL010-775,SIMPLE_BEAM,B2,,OPENING_EXTRA_STIRRUP,BEAM_STIRRUP,MASS,NOT_APPLICABLE,,,,,,,,,,,,,,,,,,,,no source-identified physical opening in this beam (26 opening objects checked project-wide; the generic opening detail is not applied globally)
BM-2F_ROOF-B2-BL010-775|OTHER_EXPLICIT_EXTRA,BM-2F_ROOF-B2-BL010-775,SIMPLE_BEAM,B2,,OTHER_EXPLICIT_EXTRA,SPECIAL_DETAIL_BAR,MASS,NOT_APPLICABLE,,,,,,,,,,,,,,,,,,,,no other explicit extra scheduled or detailed for this occurrence
BM-2F_ROOF-B2-BL010-78A|TOP_MAIN|BM-2F_ROOF-B2-BL010-78A:TOP_MAIN,BM-2F_ROOF-B2-BL010-78A,SIMPLE_BEAM,B2,,TOP_MAIN,BEAM_TOP_BAR,MASS,LOWER_BOUND,SOURCE_BOUND,BM-2F_ROOF-B2-BL010-78A:TOP_MAIN,,12,2,1.8,3.6,0.888889,3.2,,,SOURCE_VERIFIED,NOT_ESTABLISHED,,,,"[""development / anchorage into the supports: no beam-source rule (note 9 70Ø/40Ø is for starter bars only; the slab 0.25L / 0.30L rules are never borrowed)"", ""DEVELOPMENT / ANCHORAGE at the end supports (not source-established)"", ""BAR-END HOOK / BEND at the end supports (not detailed)""]",,,development / anchorage into the supports: no beam-source rule (note 9 70Ø/40Ø is for starter bars only; the slab 0.25L / 0.30L rules are never borrowed); DEVELOPMENT / ANCHORAGE at the end supports (not source-established); BAR-END HOOK / BEND at the end supports (not detailed)
BM-2F_ROOF-B2-BL010-78A|BOTTOM_MAIN|BM-2F_ROOF-B2-BL010-78A:BOTTOM_MAIN,BM-2F_ROOF-B2-BL010-78A,SIMPLE_BEAM,B2,,BOTTOM_MAIN,BEAM_BOTTOM_BAR,MASS,LOWER_BOUND,SOURCE_BOUND,BM-2F_ROOF-B2-BL010-78A:BOTTOM_MAIN,,16,3,1.8,5.4,1.580247,8.533333,,,SOURCE_VERIFIED,NOT_ESTABLISHED,,,,"[""development / anchorage into the supports: no beam-source rule (note 9 70Ø/40Ø is for starter bars only; the slab 0.25L / 0.30L rules are never borrowed)"", ""DEVELOPMENT / ANCHORAGE at the end supports (not source-established)"", ""BAR-END HOOK / BEND at the end supports (not detailed)""]",,,development / anchorage into the supports: no beam-source rule (note 9 70Ø/40Ø is for starter bars only; the slab 0.25L / 0.30L rules are never borrowed); DEVELOPMENT / ANCHORAGE at the end supports (not source-established); BAR-END HOOK / BEND at the end supports (not detailed)
BM-2F_ROOF-B2-BL010-78A|TOP_SUPPORT,BM-2F_ROOF-B2-BL010-78A,SIMPLE_BEAM,B2,,TOP_SUPPORT,BEAM_EXTRA_BAR,MASS,NOT_APPLICABLE,,,,,,,,,,,,,,,,,,,,not scheduled in the SBT (no support bar field in the SBT)
BM-2F_ROOF-B2-BL010-78A|BOTTOM_SUPPORT,BM-2F_ROOF-B2-BL010-78A,SIMPLE_BEAM,B2,,BOTTOM_SUPPORT,BEAM_EXTRA_BAR,MASS,NOT_APPLICABLE,,,,,,,,,,,,,,,,,,,,not scheduled in the SBT (no bottom extra field in the SBT)
BM-2F_ROOF-B2-BL010-78A|MID_TOP,BM-2F_ROOF-B2-BL010-78A,SIMPLE_BEAM,B2,,MID_TOP,BEAM_EXTRA_BAR,MASS,NOT_APPLICABLE,,,,,,,,,,,,,,,,,,,,a simple beam has one span and no interior support; the SBT has no MID field
BM-2F_ROOF-B2-BL010-78A|MID_BOTTOM,BM-2F_ROOF-B2-BL010-78A,SIMPLE_BEAM,B2,,MID_BOTTOM,BEAM_EXTRA_BAR,MASS,NOT_APPLICABLE,,,,,,,,,,,,,,,,,,,,a simple beam has one span and no interior support; the SBT has no MID field
BM-2F_ROOF-B2-BL010-78A|HANGER,BM-2F_ROOF-B2-BL010-78A,SIMPLE_BEAM,B2,,HANGER,BEAM_EXTRA_BAR,MASS,NOT_APPLICABLE,,,,,,,,,,,,,,,,,,,,ABSENT: no hanger field and no hanger detail (TOP BARS listed; no hanger role asserted)
BM-2F_ROOF-B2-BL010-78A|SIDE_REBAR,BM-2F_ROOF-B2-BL010-78A,SIMPLE_BEAM,B2,,SIDE_REBAR,BEAM_SIDE_BAR,MASS,NOT_APPLICABLE,,,,,,,,,,,,,,,,,,,,no side bars printed; depth 40.0 cm
BM-2F_ROOF-B2-BL010-78A|STIRRUP_COUNT|SPAN1,BM-2F_ROOF-B2-BL010-78A,SIMPLE_BEAM,B2,,STIRRUP_COUNT,BEAM_STIRRUP,COUNT,LOWER_BOUND,SOURCE_BOUND,,1,8,,,,,,11,12,,,,,,,,,first / last stirrup position not stated; no +1
BM-2F_ROOF-B2-BL010-78A|STIRRUP_CORE_PATH|SPAN1,BM-2F_ROOF-B2-BL010-78A,SIMPLE_BEAM,B2,,STIRRUP_CORE_PATH,BEAM_STIRRUP,MASS,BLOCKED_UNQUANTIFIED,,,1,8,,,,,,,,,,,,,,"[""LEGS / TOPOLOGY UNRESOLVED"", ""HOOKS BLOCKED_UNQUANTIFIED"", ""LEGS / LINK TOPOLOGY NOT_ESTABLISHED"", ""STIRRUP HOOKS NOT_ESTABLISHED""]",Q7,"stirrup mass needs legs, path, hooks and section; missing: LEGS / TOPOLOGY UNRESOLVED; HOOKS BLOCKED_UNQUANTIFIED; LEGS / LINK TOPOLOGY NOT_ESTABLISHED; STIRRUP HOOKS NOT_ESTABLISHED"
BM-2F_ROOF-B2-BL010-78A|HOOK_1,BM-2F_ROOF-B2-BL010-78A,SIMPLE_BEAM,B2,,HOOK_1,ANCHORAGE,MASS,BLOCKED_UNQUANTIFIED,,,,,,,,,,,,,,,,,,,Q1,"bar-end hook / bend: end legs drawn N.T.S. without a dimension; no project hook source; column hook rules are not imported - Q1 at end 1 ({'kind': 'COLUMN', 'refs': ['SFRS:41E']})"
BM-2F_ROOF-B2-BL010-78A|DEVELOPMENT_1,BM-2F_ROOF-B2-BL010-78A,SIMPLE_BEAM,B2,,DEVELOPMENT_1,ANCHORAGE,MASS,BLOCKED_UNQUANTIFIED,,,,,,,,,,,,,,,,,,,Q1,"development / anchorage: no beam-source development rule (note 9 70Ø / 40Ø is starter-bar context only; no 40D, 70D, code, Urban default or external value is used) - Q1 at end 1 ({'kind': 'COLUMN', 'refs': ['SFRS:41E']})"
BM-2F_ROOF-B2-BL010-78A|HOOK_2,BM-2F_ROOF-B2-BL010-78A,SIMPLE_BEAM,B2,,HOOK_2,ANCHORAGE,MASS,BLOCKED_UNQUANTIFIED,,,,,,,,,,,,,,,,,,,Q1,"bar-end hook / bend: end legs drawn N.T.S. without a dimension; no project hook source; column hook rules are not imported - Q1 at end 2 ({'kind': 'COLUMN', 'refs': ['SFRS:418']})"
BM-2F_ROOF-B2-BL010-78A|DEVELOPMENT_2,BM-2F_ROOF-B2-BL010-78A,SIMPLE_BEAM,B2,,DEVELOPMENT_2,ANCHORAGE,MASS,BLOCKED_UNQUANTIFIED,,,,,,,,,,,,,,,,,,,Q1,"development / anchorage: no beam-source development rule (note 9 70Ø / 40Ø is starter-bar context only; no 40D, 70D, code, Urban default or external value is used) - Q1 at end 2 ({'kind': 'COLUMN', 'refs': ['SFRS:418']})"
BM-2F_ROOF-B2-BL010-78A|OPENING_EXTRA_TOP,BM-2F_ROOF-B2-BL010-78A,SIMPLE_BEAM,B2,,OPENING_EXTRA_TOP,SPECIAL_DETAIL_BAR,MASS,NOT_APPLICABLE,,,,,,,,,,,,,,,,,,,,no source-identified physical opening in this beam (26 opening objects checked project-wide; the generic opening detail is not applied globally)
BM-2F_ROOF-B2-BL010-78A|OPENING_EXTRA_BOTTOM,BM-2F_ROOF-B2-BL010-78A,SIMPLE_BEAM,B2,,OPENING_EXTRA_BOTTOM,SPECIAL_DETAIL_BAR,MASS,NOT_APPLICABLE,,,,,,,,,,,,,,,,,,,,no source-identified physical opening in this beam (26 opening objects checked project-wide; the generic opening detail is not applied globally)
BM-2F_ROOF-B2-BL010-78A|OPENING_EXTRA_SIDE,BM-2F_ROOF-B2-BL010-78A,SIMPLE_BEAM,B2,,OPENING_EXTRA_SIDE,SPECIAL_DETAIL_BAR,MASS,NOT_APPLICABLE,,,,,,,,,,,,,,,,,,,,no source-identified physical opening in this beam (26 opening objects checked project-wide; the generic opening detail is not applied globally)
BM-2F_ROOF-B2-BL010-78A|OPENING_EXTRA_STIRRUP,BM-2F_ROOF-B2-BL010-78A,SIMPLE_BEAM,B2,,OPENING_EXTRA_STIRRUP,BEAM_STIRRUP,MASS,NOT_APPLICABLE,,,,,,,,,,,,,,,,,,,,no source-identified physical opening in this beam (26 opening objects checked project-wide; the generic opening detail is not applied globally)
BM-2F_ROOF-B2-BL010-78A|OTHER_EXPLICIT_EXTRA,BM-2F_ROOF-B2-BL010-78A,SIMPLE_BEAM,B2,,OTHER_EXPLICIT_EXTRA,SPECIAL_DETAIL_BAR,MASS,NOT_APPLICABLE,,,,,,,,,,,,,,,,,,,,no other explicit extra scheduled or detailed for this occurrence
BM-2F_ROOF-B3-BL002-79B|TOP_MAIN|BM-2F_ROOF-B3-BL002-79B:TOP_MAIN,BM-2F_ROOF-B3-BL002-79B,SIMPLE_BEAM,B3,,TOP_MAIN,BEAM_TOP_BAR,MASS,LOWER_BOUND,SOURCE_BOUND,BM-2F_ROOF-B3-BL002-79B:TOP_MAIN,,12,2,3.0,6.0,0.888889,5.333333,,,SOURCE_VERIFIED,NOT_ESTABLISHED,,,,"[""development / anchorage into the supports: no beam-source rule (note 9 70Ø/40Ø is for starter bars only; the slab 0.25L / 0.30L rules are never borrowed)"", ""DEVELOPMENT / ANCHORAGE at the end supports (not source-established)"", ""BAR-END HOOK / BEND at the end supports (not detailed)""]",,,development / anchorage into the supports: no beam-source rule (note 9 70Ø/40Ø is for starter bars only; the slab 0.25L / 0.30L rules are never borrowed); DEVELOPMENT / ANCHORAGE at the end supports (not source-established); BAR-END HOOK / BEND at the end supports (not detailed)
BM-2F_ROOF-B3-BL002-79B|BOTTOM_MAIN|BM-2F_ROOF-B3-BL002-79B:BOTTOM_MAIN,BM-2F_ROOF-B3-BL002-79B,SIMPLE_BEAM,B3,,BOTTOM_MAIN,BEAM_BOTTOM_BAR,MASS,LOWER_BOUND,SOURCE_BOUND,BM-2F_ROOF-B3-BL002-79B:BOTTOM_MAIN,,16,4,3.0,12.0,1.580247,18.962963,,,SOURCE_VERIFIED,NOT_ESTABLISHED,,,,"[""development / anchorage into the supports: no beam-source rule (note 9 70Ø/40Ø is for starter bars only; the slab 0.25L / 0.30L rules are never borrowed)"", ""DEVELOPMENT / ANCHORAGE at the end supports (not source-established)"", ""BAR-END HOOK / BEND at the end supports (not detailed)""]",,,development / anchorage into the supports: no beam-source rule (note 9 70Ø/40Ø is for starter bars only; the slab 0.25L / 0.30L rules are never borrowed); DEVELOPMENT / ANCHORAGE at the end supports (not source-established); BAR-END HOOK / BEND at the end supports (not detailed)
BM-2F_ROOF-B3-BL002-79B|TOP_SUPPORT,BM-2F_ROOF-B3-BL002-79B,SIMPLE_BEAM,B3,,TOP_SUPPORT,BEAM_EXTRA_BAR,MASS,NOT_APPLICABLE,,,,,,,,,,,,,,,,,,,,not scheduled in the SBT (no support bar field in the SBT)
BM-2F_ROOF-B3-BL002-79B|BOTTOM_SUPPORT,BM-2F_ROOF-B3-BL002-79B,SIMPLE_BEAM,B3,,BOTTOM_SUPPORT,BEAM_EXTRA_BAR,MASS,NOT_APPLICABLE,,,,,,,,,,,,,,,,,,,,not scheduled in the SBT (no bottom extra field in the SBT)
BM-2F_ROOF-B3-BL002-79B|MID_TOP,BM-2F_ROOF-B3-BL002-79B,SIMPLE_BEAM,B3,,MID_TOP,BEAM_EXTRA_BAR,MASS,NOT_APPLICABLE,,,,,,,,,,,,,,,,,,,,a simple beam has one span and no interior support; the SBT has no MID field
BM-2F_ROOF-B3-BL002-79B|MID_BOTTOM,BM-2F_ROOF-B3-BL002-79B,SIMPLE_BEAM,B3,,MID_BOTTOM,BEAM_EXTRA_BAR,MASS,NOT_APPLICABLE,,,,,,,,,,,,,,,,,,,,a simple beam has one span and no interior support; the SBT has no MID field
BM-2F_ROOF-B3-BL002-79B|HANGER,BM-2F_ROOF-B3-BL002-79B,SIMPLE_BEAM,B3,,HANGER,BEAM_EXTRA_BAR,MASS,NOT_APPLICABLE,,,,,,,,,,,,,,,,,,,,ABSENT: no hanger field and no hanger detail (TOP BARS listed; no hanger role asserted)
BM-2F_ROOF-B3-BL002-79B|SIDE_REBAR,BM-2F_ROOF-B3-BL002-79B,SIMPLE_BEAM,B3,,SIDE_REBAR,BEAM_SIDE_BAR,MASS,NOT_APPLICABLE,,,,,,,,,,,,,,,,,,,,no side bars printed; depth 40.0 cm
BM-2F_ROOF-B3-BL002-79B|STIRRUP_COUNT|SPAN1,BM-2F_ROOF-B3-BL002-79B,SIMPLE_BEAM,B3,,STIRRUP_COUNT,BEAM_STIRRUP,COUNT,LOWER_BOUND,SOURCE_BOUND,,1,8,,,,,,18,19,,,,,,,,,first / last stirrup position not stated; no +1
BM-2F_ROOF-B3-BL002-79B|STIRRUP_CORE_PATH|SPAN1,BM-2F_ROOF-B3-BL002-79B,SIMPLE_BEAM,B3,,STIRRUP_CORE_PATH,BEAM_STIRRUP,MASS,BLOCKED_UNQUANTIFIED,,,1,8,,,,,,,,,,,,,,"[""LEGS / TOPOLOGY UNRESOLVED"", ""HOOKS BLOCKED_UNQUANTIFIED"", ""LEGS / LINK TOPOLOGY NOT_ESTABLISHED"", ""STIRRUP HOOKS NOT_ESTABLISHED""]",Q7,"stirrup mass needs legs, path, hooks and section; missing: LEGS / TOPOLOGY UNRESOLVED; HOOKS BLOCKED_UNQUANTIFIED; LEGS / LINK TOPOLOGY NOT_ESTABLISHED; STIRRUP HOOKS NOT_ESTABLISHED"
BM-2F_ROOF-B3-BL002-79B|HOOK_1,BM-2F_ROOF-B3-BL002-79B,SIMPLE_BEAM,B3,,HOOK_1,ANCHORAGE,MASS,BLOCKED_UNQUANTIFIED,,,,,,,,,,,,,,,,,,,Q1,"bar-end hook / bend: end legs drawn N.T.S. without a dimension; no project hook source; column hook rules are not imported - Q1 at end 1 ({'kind': 'COLUMN', 'refs': ['SFRS:41B']})"
BM-2F_ROOF-B3-BL002-79B|DEVELOPMENT_1,BM-2F_ROOF-B3-BL002-79B,SIMPLE_BEAM,B3,,DEVELOPMENT_1,ANCHORAGE,MASS,BLOCKED_UNQUANTIFIED,,,,,,,,,,,,,,,,,,,Q1,"development / anchorage: no beam-source development rule (note 9 70Ø / 40Ø is starter-bar context only; no 40D, 70D, code, Urban default or external value is used) - Q1 at end 1 ({'kind': 'COLUMN', 'refs': ['SFRS:41B']})"
BM-2F_ROOF-B3-BL002-79B|HOOK_2,BM-2F_ROOF-B3-BL002-79B,SIMPLE_BEAM,B3,,HOOK_2,ANCHORAGE,MASS,BLOCKED_UNQUANTIFIED,,,,,,,,,,,,,,,,,,,Q1,"bar-end hook / bend: end legs drawn N.T.S. without a dimension; no project hook source; column hook rules are not imported - Q1 at end 2 ({'kind': 'BEAM_CARRIED_BY', 'refs': ['BL007']})"
BM-2F_ROOF-B3-BL002-79B|DEVELOPMENT_2,BM-2F_ROOF-B3-BL002-79B,SIMPLE_BEAM,B3,,DEVELOPMENT_2,ANCHORAGE,MASS,BLOCKED_UNQUANTIFIED,,,,,,,,,,,,,,,,,,,Q1,"development / anchorage: no beam-source development rule (note 9 70Ø / 40Ø is starter-bar context only; no 40D, 70D, code, Urban default or external value is used) - Q1 at end 2 ({'kind': 'BEAM_CARRIED_BY', 'refs': ['BL007']})"
BM-2F_ROOF-B3-BL002-79B|OPENING_EXTRA_TOP,BM-2F_ROOF-B3-BL002-79B,SIMPLE_BEAM,B3,,OPENING_EXTRA_TOP,SPECIAL_DETAIL_BAR,MASS,NOT_APPLICABLE,,,,,,,,,,,,,,,,,,,,no source-identified physical opening in this beam (26 opening objects checked project-wide; the generic opening detail is not applied globally)
BM-2F_ROOF-B3-BL002-79B|OPENING_EXTRA_BOTTOM,BM-2F_ROOF-B3-BL002-79B,SIMPLE_BEAM,B3,,OPENING_EXTRA_BOTTOM,SPECIAL_DETAIL_BAR,MASS,NOT_APPLICABLE,,,,,,,,,,,,,,,,,,,,no source-identified physical opening in this beam (26 opening objects checked project-wide; the generic opening detail is not applied globally)
BM-2F_ROOF-B3-BL002-79B|OPENING_EXTRA_SIDE,BM-2F_ROOF-B3-BL002-79B,SIMPLE_BEAM,B3,,OPENING_EXTRA_SIDE,SPECIAL_DETAIL_BAR,MASS,NOT_APPLICABLE,,,,,,,,,,,,,,,,,,,,no source-identified physical opening in this beam (26 opening objects checked project-wide; the generic opening detail is not applied globally)
BM-2F_ROOF-B3-BL002-79B|OPENING_EXTRA_STIRRUP,BM-2F_ROOF-B3-BL002-79B,SIMPLE_BEAM,B3,,OPENING_EXTRA_STIRRUP,BEAM_STIRRUP,MASS,NOT_APPLICABLE,,,,,,,,,,,,,,,,,,,,no source-identified physical opening in this beam (26 opening objects checked project-wide; the generic opening detail is not applied globally)
BM-2F_ROOF-B3-BL002-79B|OTHER_EXPLICIT_EXTRA,BM-2F_ROOF-B3-BL002-79B,SIMPLE_BEAM,B3,,OTHER_EXPLICIT_EXTRA,SPECIAL_DETAIL_BAR,MASS,NOT_APPLICABLE,,,,,,,,,,,,,,,,,,,,no other explicit extra scheduled or detailed for this occurrence
BM-2F_ROOF-B3-BL003-79C|TOP_MAIN|BM-2F_ROOF-B3-BL003-79C:TOP_MAIN,BM-2F_ROOF-B3-BL003-79C,SIMPLE_BEAM,B3,,TOP_MAIN,BEAM_TOP_BAR,MASS,LOWER_BOUND,SOURCE_BOUND,BM-2F_ROOF-B3-BL003-79C:TOP_MAIN,,12,2,2.7,5.4,0.888889,4.8,,,SOURCE_VERIFIED,NOT_ESTABLISHED,,,,"[""development / anchorage into the supports: no beam-source rule (note 9 70Ø/40Ø is for starter bars only; the slab 0.25L / 0.30L rules are never borrowed)"", ""DEVELOPMENT / ANCHORAGE at the end supports (not source-established)"", ""BAR-END HOOK / BEND at the end supports (not detailed)""]",,,development / anchorage into the supports: no beam-source rule (note 9 70Ø/40Ø is for starter bars only; the slab 0.25L / 0.30L rules are never borrowed); DEVELOPMENT / ANCHORAGE at the end supports (not source-established); BAR-END HOOK / BEND at the end supports (not detailed)
BM-2F_ROOF-B3-BL003-79C|BOTTOM_MAIN|BM-2F_ROOF-B3-BL003-79C:BOTTOM_MAIN,BM-2F_ROOF-B3-BL003-79C,SIMPLE_BEAM,B3,,BOTTOM_MAIN,BEAM_BOTTOM_BAR,MASS,LOWER_BOUND,SOURCE_BOUND,BM-2F_ROOF-B3-BL003-79C:BOTTOM_MAIN,,16,4,2.7,10.8,1.580247,17.066667,,,SOURCE_VERIFIED,NOT_ESTABLISHED,,,,"[""development / anchorage into the supports: no beam-source rule (note 9 70Ø/40Ø is for starter bars only; the slab 0.25L / 0.30L rules are never borrowed)"", ""DEVELOPMENT / ANCHORAGE at the end supports (not source-established)"", ""BAR-END HOOK / BEND at the end supports (not detailed)""]",,,development / anchorage into the supports: no beam-source rule (note 9 70Ø/40Ø is for starter bars only; the slab 0.25L / 0.30L rules are never borrowed); DEVELOPMENT / ANCHORAGE at the end supports (not source-established); BAR-END HOOK / BEND at the end supports (not detailed)
BM-2F_ROOF-B3-BL003-79C|TOP_SUPPORT,BM-2F_ROOF-B3-BL003-79C,SIMPLE_BEAM,B3,,TOP_SUPPORT,BEAM_EXTRA_BAR,MASS,NOT_APPLICABLE,,,,,,,,,,,,,,,,,,,,not scheduled in the SBT (no support bar field in the SBT)
BM-2F_ROOF-B3-BL003-79C|BOTTOM_SUPPORT,BM-2F_ROOF-B3-BL003-79C,SIMPLE_BEAM,B3,,BOTTOM_SUPPORT,BEAM_EXTRA_BAR,MASS,NOT_APPLICABLE,,,,,,,,,,,,,,,,,,,,not scheduled in the SBT (no bottom extra field in the SBT)
BM-2F_ROOF-B3-BL003-79C|MID_TOP,BM-2F_ROOF-B3-BL003-79C,SIMPLE_BEAM,B3,,MID_TOP,BEAM_EXTRA_BAR,MASS,NOT_APPLICABLE,,,,,,,,,,,,,,,,,,,,a simple beam has one span and no interior support; the SBT has no MID field
BM-2F_ROOF-B3-BL003-79C|MID_BOTTOM,BM-2F_ROOF-B3-BL003-79C,SIMPLE_BEAM,B3,,MID_BOTTOM,BEAM_EXTRA_BAR,MASS,NOT_APPLICABLE,,,,,,,,,,,,,,,,,,,,a simple beam has one span and no interior support; the SBT has no MID field
BM-2F_ROOF-B3-BL003-79C|HANGER,BM-2F_ROOF-B3-BL003-79C,SIMPLE_BEAM,B3,,HANGER,BEAM_EXTRA_BAR,MASS,NOT_APPLICABLE,,,,,,,,,,,,,,,,,,,,ABSENT: no hanger field and no hanger detail (TOP BARS listed; no hanger role asserted)
BM-2F_ROOF-B3-BL003-79C|SIDE_REBAR,BM-2F_ROOF-B3-BL003-79C,SIMPLE_BEAM,B3,,SIDE_REBAR,BEAM_SIDE_BAR,MASS,NOT_APPLICABLE,,,,,,,,,,,,,,,,,,,,no side bars printed; depth 40.0 cm
BM-2F_ROOF-B3-BL003-79C|STIRRUP_COUNT|SPAN1,BM-2F_ROOF-B3-BL003-79C,SIMPLE_BEAM,B3,,STIRRUP_COUNT,BEAM_STIRRUP,COUNT,LOWER_BOUND,SOURCE_BOUND,,1,8,,,,,,17,18,,,,,,,,,first / last stirrup position not stated; no +1
BM-2F_ROOF-B3-BL003-79C|STIRRUP_CORE_PATH|SPAN1,BM-2F_ROOF-B3-BL003-79C,SIMPLE_BEAM,B3,,STIRRUP_CORE_PATH,BEAM_STIRRUP,MASS,BLOCKED_UNQUANTIFIED,,,1,8,,,,,,,,,,,,,,"[""LEGS / TOPOLOGY UNRESOLVED"", ""HOOKS BLOCKED_UNQUANTIFIED"", ""LEGS / LINK TOPOLOGY NOT_ESTABLISHED"", ""STIRRUP HOOKS NOT_ESTABLISHED""]",Q7,"stirrup mass needs legs, path, hooks and section; missing: LEGS / TOPOLOGY UNRESOLVED; HOOKS BLOCKED_UNQUANTIFIED; LEGS / LINK TOPOLOGY NOT_ESTABLISHED; STIRRUP HOOKS NOT_ESTABLISHED"
BM-2F_ROOF-B3-BL003-79C|HOOK_1,BM-2F_ROOF-B3-BL003-79C,SIMPLE_BEAM,B3,,HOOK_1,ANCHORAGE,MASS,BLOCKED_UNQUANTIFIED,,,,,,,,,,,,,,,,,,,Q1,"bar-end hook / bend: end legs drawn N.T.S. without a dimension; no project hook source; column hook rules are not imported - Q1 at end 1 ({'kind': 'COLUMN', 'refs': ['SFRS:421']})"
BM-2F_ROOF-B3-BL003-79C|DEVELOPMENT_1,BM-2F_ROOF-B3-BL003-79C,SIMPLE_BEAM,B3,,DEVELOPMENT_1,ANCHORAGE,MASS,BLOCKED_UNQUANTIFIED,,,,,,,,,,,,,,,,,,,Q1,"development / anchorage: no beam-source development rule (note 9 70Ø / 40Ø is starter-bar context only; no 40D, 70D, code, Urban default or external value is used) - Q1 at end 1 ({'kind': 'COLUMN', 'refs': ['SFRS:421']})"
BM-2F_ROOF-B3-BL003-79C|HOOK_2,BM-2F_ROOF-B3-BL003-79C,SIMPLE_BEAM,B3,,HOOK_2,ANCHORAGE,MASS,BLOCKED_UNQUANTIFIED,,,,,,,,,,,,,,,,,,,Q1,"bar-end hook / bend: end legs drawn N.T.S. without a dimension; no project hook source; column hook rules are not imported - Q1 at end 2 ({'kind': 'COLUMN', 'refs': ['SFRS:412']})"
BM-2F_ROOF-B3-BL003-79C|DEVELOPMENT_2,BM-2F_ROOF-B3-BL003-79C,SIMPLE_BEAM,B3,,DEVELOPMENT_2,ANCHORAGE,MASS,BLOCKED_UNQUANTIFIED,,,,,,,,,,,,,,,,,,,Q1,"development / anchorage: no beam-source development rule (note 9 70Ø / 40Ø is starter-bar context only; no 40D, 70D, code, Urban default or external value is used) - Q1 at end 2 ({'kind': 'COLUMN', 'refs': ['SFRS:412']})"
BM-2F_ROOF-B3-BL003-79C|OPENING_EXTRA_TOP,BM-2F_ROOF-B3-BL003-79C,SIMPLE_BEAM,B3,,OPENING_EXTRA_TOP,SPECIAL_DETAIL_BAR,MASS,NOT_APPLICABLE,,,,,,,,,,,,,,,,,,,,no source-identified physical opening in this beam (26 opening objects checked project-wide; the generic opening detail is not applied globally)
BM-2F_ROOF-B3-BL003-79C|OPENING_EXTRA_BOTTOM,BM-2F_ROOF-B3-BL003-79C,SIMPLE_BEAM,B3,,OPENING_EXTRA_BOTTOM,SPECIAL_DETAIL_BAR,MASS,NOT_APPLICABLE,,,,,,,,,,,,,,,,,,,,no source-identified physical opening in this beam (26 opening objects checked project-wide; the generic opening detail is not applied globally)
BM-2F_ROOF-B3-BL003-79C|OPENING_EXTRA_SIDE,BM-2F_ROOF-B3-BL003-79C,SIMPLE_BEAM,B3,,OPENING_EXTRA_SIDE,SPECIAL_DETAIL_BAR,MASS,NOT_APPLICABLE,,,,,,,,,,,,,,,,,,,,no source-identified physical opening in this beam (26 opening objects checked project-wide; the generic opening detail is not applied globally)
BM-2F_ROOF-B3-BL003-79C|OPENING_EXTRA_STIRRUP,BM-2F_ROOF-B3-BL003-79C,SIMPLE_BEAM,B3,,OPENING_EXTRA_STIRRUP,BEAM_STIRRUP,MASS,NOT_APPLICABLE,,,,,,,,,,,,,,,,,,,,no source-identified physical opening in this beam (26 opening objects checked project-wide; the generic opening detail is not applied globally)
BM-2F_ROOF-B3-BL003-79C|OTHER_EXPLICIT_EXTRA,BM-2F_ROOF-B3-BL003-79C,SIMPLE_BEAM,B3,,OTHER_EXPLICIT_EXTRA,SPECIAL_DETAIL_BAR,MASS,NOT_APPLICABLE,,,,,,,,,,,,,,,,,,,,no other explicit extra scheduled or detailed for this occurrence
BM-2F_ROOF-B3-BL007-79D|TOP_MAIN|BM-2F_ROOF-B3-BL007-79D:TOP_MAIN,BM-2F_ROOF-B3-BL007-79D,SIMPLE_BEAM,B3,,TOP_MAIN,BEAM_TOP_BAR,MASS,LOWER_BOUND,SOURCE_BOUND,BM-2F_ROOF-B3-BL007-79D:TOP_MAIN,,12,2,2.5,5.0,0.888889,4.444444,,,SOURCE_VERIFIED,NOT_ESTABLISHED,,,,"[""development / anchorage into the supports: no beam-source rule (note 9 70Ø/40Ø is for starter bars only; the slab 0.25L / 0.30L rules are never borrowed)"", ""DEVELOPMENT / ANCHORAGE at the end supports (not source-established)"", ""BAR-END HOOK / BEND at the end supports (not detailed)""]",,,development / anchorage into the supports: no beam-source rule (note 9 70Ø/40Ø is for starter bars only; the slab 0.25L / 0.30L rules are never borrowed); DEVELOPMENT / ANCHORAGE at the end supports (not source-established); BAR-END HOOK / BEND at the end supports (not detailed)
BM-2F_ROOF-B3-BL007-79D|BOTTOM_MAIN|BM-2F_ROOF-B3-BL007-79D:BOTTOM_MAIN,BM-2F_ROOF-B3-BL007-79D,SIMPLE_BEAM,B3,,BOTTOM_MAIN,BEAM_BOTTOM_BAR,MASS,LOWER_BOUND,SOURCE_BOUND,BM-2F_ROOF-B3-BL007-79D:BOTTOM_MAIN,,16,4,2.5,10.0,1.580247,15.802469,,,SOURCE_VERIFIED,NOT_ESTABLISHED,,,,"[""development / anchorage into the supports: no beam-source rule (note 9 70Ø/40Ø is for starter bars only; the slab 0.25L / 0.30L rules are never borrowed)"", ""DEVELOPMENT / ANCHORAGE at the end supports (not source-established)"", ""BAR-END HOOK / BEND at the end supports (not detailed)""]",,,development / anchorage into the supports: no beam-source rule (note 9 70Ø/40Ø is for starter bars only; the slab 0.25L / 0.30L rules are never borrowed); DEVELOPMENT / ANCHORAGE at the end supports (not source-established); BAR-END HOOK / BEND at the end supports (not detailed)
BM-2F_ROOF-B3-BL007-79D|TOP_SUPPORT,BM-2F_ROOF-B3-BL007-79D,SIMPLE_BEAM,B3,,TOP_SUPPORT,BEAM_EXTRA_BAR,MASS,NOT_APPLICABLE,,,,,,,,,,,,,,,,,,,,not scheduled in the SBT (no support bar field in the SBT)
BM-2F_ROOF-B3-BL007-79D|BOTTOM_SUPPORT,BM-2F_ROOF-B3-BL007-79D,SIMPLE_BEAM,B3,,BOTTOM_SUPPORT,BEAM_EXTRA_BAR,MASS,NOT_APPLICABLE,,,,,,,,,,,,,,,,,,,,not scheduled in the SBT (no bottom extra field in the SBT)
BM-2F_ROOF-B3-BL007-79D|MID_TOP,BM-2F_ROOF-B3-BL007-79D,SIMPLE_BEAM,B3,,MID_TOP,BEAM_EXTRA_BAR,MASS,NOT_APPLICABLE,,,,,,,,,,,,,,,,,,,,a simple beam has one span and no interior support; the SBT has no MID field
BM-2F_ROOF-B3-BL007-79D|MID_BOTTOM,BM-2F_ROOF-B3-BL007-79D,SIMPLE_BEAM,B3,,MID_BOTTOM,BEAM_EXTRA_BAR,MASS,NOT_APPLICABLE,,,,,,,,,,,,,,,,,,,,a simple beam has one span and no interior support; the SBT has no MID field
BM-2F_ROOF-B3-BL007-79D|HANGER,BM-2F_ROOF-B3-BL007-79D,SIMPLE_BEAM,B3,,HANGER,BEAM_EXTRA_BAR,MASS,NOT_APPLICABLE,,,,,,,,,,,,,,,,,,,,ABSENT: no hanger field and no hanger detail (TOP BARS listed; no hanger role asserted)
BM-2F_ROOF-B3-BL007-79D|SIDE_REBAR,BM-2F_ROOF-B3-BL007-79D,SIMPLE_BEAM,B3,,SIDE_REBAR,BEAM_SIDE_BAR,MASS,NOT_APPLICABLE,,,,,,,,,,,,,,,,,,,,no side bars printed; depth 40.0 cm
BM-2F_ROOF-B3-BL007-79D|STIRRUP_COUNT|SPAN1,BM-2F_ROOF-B3-BL007-79D,SIMPLE_BEAM,B3,,STIRRUP_COUNT,BEAM_STIRRUP,COUNT,LOWER_BOUND,SOURCE_BOUND,,1,8,,,,,,15,16,,,,,,,,,first / last stirrup position not stated; no +1
BM-2F_ROOF-B3-BL007-79D|STIRRUP_CORE_PATH|SPAN1,BM-2F_ROOF-B3-BL007-79D,SIMPLE_BEAM,B3,,STIRRUP_CORE_PATH,BEAM_STIRRUP,MASS,BLOCKED_UNQUANTIFIED,,,1,8,,,,,,,,,,,,,,"[""LEGS / TOPOLOGY UNRESOLVED"", ""HOOKS BLOCKED_UNQUANTIFIED"", ""LEGS / LINK TOPOLOGY NOT_ESTABLISHED"", ""STIRRUP HOOKS NOT_ESTABLISHED""]",Q7,"stirrup mass needs legs, path, hooks and section; missing: LEGS / TOPOLOGY UNRESOLVED; HOOKS BLOCKED_UNQUANTIFIED; LEGS / LINK TOPOLOGY NOT_ESTABLISHED; STIRRUP HOOKS NOT_ESTABLISHED"
BM-2F_ROOF-B3-BL007-79D|HOOK_1,BM-2F_ROOF-B3-BL007-79D,SIMPLE_BEAM,B3,,HOOK_1,ANCHORAGE,MASS,BLOCKED_UNQUANTIFIED,,,,,,,,,,,,,,,,,,,Q1,"bar-end hook / bend: end legs drawn N.T.S. without a dimension; no project hook source; column hook rules are not imported - Q1 at end 1 ({'kind': 'COLUMN', 'refs': ['SFRS:40F']})"
BM-2F_ROOF-B3-BL007-79D|DEVELOPMENT_1,BM-2F_ROOF-B3-BL007-79D,SIMPLE_BEAM,B3,,DEVELOPMENT_1,ANCHORAGE,MASS,BLOCKED_UNQUANTIFIED,,,,,,,,,,,,,,,,,,,Q1,"development / anchorage: no beam-source development rule (note 9 70Ø / 40Ø is starter-bar context only; no 40D, 70D, code, Urban default or external value is used) - Q1 at end 1 ({'kind': 'COLUMN', 'refs': ['SFRS:40F']})"
BM-2F_ROOF-B3-BL007-79D|HOOK_2,BM-2F_ROOF-B3-BL007-79D,SIMPLE_BEAM,B3,,HOOK_2,ANCHORAGE,MASS,BLOCKED_UNQUANTIFIED,,,,,,,,,,,,,,,,,,,Q1,"bar-end hook / bend: end legs drawn N.T.S. without a dimension; no project hook source; column hook rules are not imported - Q1 at end 2 ({'kind': 'COLUMN', 'refs': ['SFRS:412']})"
BM-2F_ROOF-B3-BL007-79D|DEVELOPMENT_2,BM-2F_ROOF-B3-BL007-79D,SIMPLE_BEAM,B3,,DEVELOPMENT_2,ANCHORAGE,MASS,BLOCKED_UNQUANTIFIED,,,,,,,,,,,,,,,,,,,Q1,"development / anchorage: no beam-source development rule (note 9 70Ø / 40Ø is starter-bar context only; no 40D, 70D, code, Urban default or external value is used) - Q1 at end 2 ({'kind': 'COLUMN', 'refs': ['SFRS:412']})"
BM-2F_ROOF-B3-BL007-79D|OPENING_EXTRA_TOP,BM-2F_ROOF-B3-BL007-79D,SIMPLE_BEAM,B3,,OPENING_EXTRA_TOP,SPECIAL_DETAIL_BAR,MASS,NOT_APPLICABLE,,,,,,,,,,,,,,,,,,,,no source-identified physical opening in this beam (26 opening objects checked project-wide; the generic opening detail is not applied globally)
BM-2F_ROOF-B3-BL007-79D|OPENING_EXTRA_BOTTOM,BM-2F_ROOF-B3-BL007-79D,SIMPLE_BEAM,B3,,OPENING_EXTRA_BOTTOM,SPECIAL_DETAIL_BAR,MASS,NOT_APPLICABLE,,,,,,,,,,,,,,,,,,,,no source-identified physical opening in this beam (26 opening objects checked project-wide; the generic opening detail is not applied globally)
BM-2F_ROOF-B3-BL007-79D|OPENING_EXTRA_SIDE,BM-2F_ROOF-B3-BL007-79D,SIMPLE_BEAM,B3,,OPENING_EXTRA_SIDE,SPECIAL_DETAIL_BAR,MASS,NOT_APPLICABLE,,,,,,,,,,,,,,,,,,,,no source-identified physical opening in this beam (26 opening objects checked project-wide; the generic opening detail is not applied globally)
BM-2F_ROOF-B3-BL007-79D|OPENING_EXTRA_STIRRUP,BM-2F_ROOF-B3-BL007-79D,SIMPLE_BEAM,B3,,OPENING_EXTRA_STIRRUP,BEAM_STIRRUP,MASS,NOT_APPLICABLE,,,,,,,,,,,,,,,,,,,,no source-identified physical opening in this beam (26 opening objects checked project-wide; the generic opening detail is not applied globally)
BM-2F_ROOF-B3-BL007-79D|OTHER_EXPLICIT_EXTRA,BM-2F_ROOF-B3-BL007-79D,SIMPLE_BEAM,B3,,OTHER_EXPLICIT_EXTRA,SPECIAL_DETAIL_BAR,MASS,NOT_APPLICABLE,,,,,,,,,,,,,,,,,,,,no other explicit extra scheduled or detailed for this occurrence
BM-2F_ROOF-B3-BL008-774|TOP_MAIN|BM-2F_ROOF-B3-BL008-774:TOP_MAIN,BM-2F_ROOF-B3-BL008-774,SIMPLE_BEAM,B3,,TOP_MAIN,BEAM_TOP_BAR,MASS,LOWER_BOUND,SOURCE_BOUND,BM-2F_ROOF-B3-BL008-774:TOP_MAIN,,12,2,2.45,4.9,0.888889,4.355556,,,SOURCE_VERIFIED,NOT_ESTABLISHED,,,,"[""development / anchorage into the supports: no beam-source rule (note 9 70Ø/40Ø is for starter bars only; the slab 0.25L / 0.30L rules are never borrowed)"", ""DEVELOPMENT / ANCHORAGE at the end supports (not source-established)"", ""BAR-END HOOK / BEND at the end supports (not detailed)""]",,,development / anchorage into the supports: no beam-source rule (note 9 70Ø/40Ø is for starter bars only; the slab 0.25L / 0.30L rules are never borrowed); DEVELOPMENT / ANCHORAGE at the end supports (not source-established); BAR-END HOOK / BEND at the end supports (not detailed)
BM-2F_ROOF-B3-BL008-774|BOTTOM_MAIN|BM-2F_ROOF-B3-BL008-774:BOTTOM_MAIN,BM-2F_ROOF-B3-BL008-774,SIMPLE_BEAM,B3,,BOTTOM_MAIN,BEAM_BOTTOM_BAR,MASS,LOWER_BOUND,SOURCE_BOUND,BM-2F_ROOF-B3-BL008-774:BOTTOM_MAIN,,16,4,2.45,9.8,1.580247,15.48642,,,SOURCE_VERIFIED,NOT_ESTABLISHED,,,,"[""development / anchorage into the supports: no beam-source rule (note 9 70Ø/40Ø is for starter bars only; the slab 0.25L / 0.30L rules are never borrowed)"", ""DEVELOPMENT / ANCHORAGE at the end supports (not source-established)"", ""BAR-END HOOK / BEND at the end supports (not detailed)""]",,,development / anchorage into the supports: no beam-source rule (note 9 70Ø/40Ø is for starter bars only; the slab 0.25L / 0.30L rules are never borrowed); DEVELOPMENT / ANCHORAGE at the end supports (not source-established); BAR-END HOOK / BEND at the end supports (not detailed)
BM-2F_ROOF-B3-BL008-774|TOP_SUPPORT,BM-2F_ROOF-B3-BL008-774,SIMPLE_BEAM,B3,,TOP_SUPPORT,BEAM_EXTRA_BAR,MASS,NOT_APPLICABLE,,,,,,,,,,,,,,,,,,,,not scheduled in the SBT (no support bar field in the SBT)
BM-2F_ROOF-B3-BL008-774|BOTTOM_SUPPORT,BM-2F_ROOF-B3-BL008-774,SIMPLE_BEAM,B3,,BOTTOM_SUPPORT,BEAM_EXTRA_BAR,MASS,NOT_APPLICABLE,,,,,,,,,,,,,,,,,,,,not scheduled in the SBT (no bottom extra field in the SBT)
BM-2F_ROOF-B3-BL008-774|MID_TOP,BM-2F_ROOF-B3-BL008-774,SIMPLE_BEAM,B3,,MID_TOP,BEAM_EXTRA_BAR,MASS,NOT_APPLICABLE,,,,,,,,,,,,,,,,,,,,a simple beam has one span and no interior support; the SBT has no MID field
BM-2F_ROOF-B3-BL008-774|MID_BOTTOM,BM-2F_ROOF-B3-BL008-774,SIMPLE_BEAM,B3,,MID_BOTTOM,BEAM_EXTRA_BAR,MASS,NOT_APPLICABLE,,,,,,,,,,,,,,,,,,,,a simple beam has one span and no interior support; the SBT has no MID field
BM-2F_ROOF-B3-BL008-774|HANGER,BM-2F_ROOF-B3-BL008-774,SIMPLE_BEAM,B3,,HANGER,BEAM_EXTRA_BAR,MASS,NOT_APPLICABLE,,,,,,,,,,,,,,,,,,,,ABSENT: no hanger field and no hanger detail (TOP BARS listed; no hanger role asserted)
BM-2F_ROOF-B3-BL008-774|SIDE_REBAR,BM-2F_ROOF-B3-BL008-774,SIMPLE_BEAM,B3,,SIDE_REBAR,BEAM_SIDE_BAR,MASS,NOT_APPLICABLE,,,,,,,,,,,,,,,,,,,,no side bars printed; depth 40.0 cm
BM-2F_ROOF-B3-BL008-774|STIRRUP_COUNT|SPAN1,BM-2F_ROOF-B3-BL008-774,SIMPLE_BEAM,B3,,STIRRUP_COUNT,BEAM_STIRRUP,COUNT,LOWER_BOUND,SOURCE_BOUND,,1,8,,,,,,15,16,,,,,,,,,first / last stirrup position not stated; no +1
BM-2F_ROOF-B3-BL008-774|STIRRUP_CORE_PATH|SPAN1,BM-2F_ROOF-B3-BL008-774,SIMPLE_BEAM,B3,,STIRRUP_CORE_PATH,BEAM_STIRRUP,MASS,BLOCKED_UNQUANTIFIED,,,1,8,,,,,,,,,,,,,,"[""LEGS / TOPOLOGY UNRESOLVED"", ""HOOKS BLOCKED_UNQUANTIFIED"", ""LEGS / LINK TOPOLOGY NOT_ESTABLISHED"", ""STIRRUP HOOKS NOT_ESTABLISHED""]",Q7,"stirrup mass needs legs, path, hooks and section; missing: LEGS / TOPOLOGY UNRESOLVED; HOOKS BLOCKED_UNQUANTIFIED; LEGS / LINK TOPOLOGY NOT_ESTABLISHED; STIRRUP HOOKS NOT_ESTABLISHED"
BM-2F_ROOF-B3-BL008-774|HOOK_1,BM-2F_ROOF-B3-BL008-774,SIMPLE_BEAM,B3,,HOOK_1,ANCHORAGE,MASS,BLOCKED_UNQUANTIFIED,,,,,,,,,,,,,,,,,,,Q1,"bar-end hook / bend: end legs drawn N.T.S. without a dimension; no project hook source; column hook rules are not imported - Q1 at end 1 ({'kind': 'COLUMN', 'refs': ['SFRS:424']})"
BM-2F_ROOF-B3-BL008-774|DEVELOPMENT_1,BM-2F_ROOF-B3-BL008-774,SIMPLE_BEAM,B3,,DEVELOPMENT_1,ANCHORAGE,MASS,BLOCKED_UNQUANTIFIED,,,,,,,,,,,,,,,,,,,Q1,"development / anchorage: no beam-source development rule (note 9 70Ø / 40Ø is starter-bar context only; no 40D, 70D, code, Urban default or external value is used) - Q1 at end 1 ({'kind': 'COLUMN', 'refs': ['SFRS:424']})"
BM-2F_ROOF-B3-BL008-774|HOOK_2,BM-2F_ROOF-B3-BL008-774,SIMPLE_BEAM,B3,,HOOK_2,ANCHORAGE,MASS,BLOCKED_UNQUANTIFIED,,,,,,,,,,,,,,,,,,,Q1,"bar-end hook / bend: end legs drawn N.T.S. without a dimension; no project hook source; column hook rules are not imported - Q1 at end 2 ({'kind': 'COLUMN', 'refs': ['SFRS:421']})"
BM-2F_ROOF-B3-BL008-774|DEVELOPMENT_2,BM-2F_ROOF-B3-BL008-774,SIMPLE_BEAM,B3,,DEVELOPMENT_2,ANCHORAGE,MASS,BLOCKED_UNQUANTIFIED,,,,,,,,,,,,,,,,,,,Q1,"development / anchorage: no beam-source development rule (note 9 70Ø / 40Ø is starter-bar context only; no 40D, 70D, code, Urban default or external value is used) - Q1 at end 2 ({'kind': 'COLUMN', 'refs': ['SFRS:421']})"
BM-2F_ROOF-B3-BL008-774|OPENING_EXTRA_TOP,BM-2F_ROOF-B3-BL008-774,SIMPLE_BEAM,B3,,OPENING_EXTRA_TOP,SPECIAL_DETAIL_BAR,MASS,NOT_APPLICABLE,,,,,,,,,,,,,,,,,,,,no source-identified physical opening in this beam (26 opening objects checked project-wide; the generic opening detail is not applied globally)
BM-2F_ROOF-B3-BL008-774|OPENING_EXTRA_BOTTOM,BM-2F_ROOF-B3-BL008-774,SIMPLE_BEAM,B3,,OPENING_EXTRA_BOTTOM,SPECIAL_DETAIL_BAR,MASS,NOT_APPLICABLE,,,,,,,,,,,,,,,,,,,,no source-identified physical opening in this beam (26 opening objects checked project-wide; the generic opening detail is not applied globally)
BM-2F_ROOF-B3-BL008-774|OPENING_EXTRA_SIDE,BM-2F_ROOF-B3-BL008-774,SIMPLE_BEAM,B3,,OPENING_EXTRA_SIDE,SPECIAL_DETAIL_BAR,MASS,NOT_APPLICABLE,,,,,,,,,,,,,,,,,,,,no source-identified physical opening in this beam (26 opening objects checked project-wide; the generic opening detail is not applied globally)
BM-2F_ROOF-B3-BL008-774|OPENING_EXTRA_STIRRUP,BM-2F_ROOF-B3-BL008-774,SIMPLE_BEAM,B3,,OPENING_EXTRA_STIRRUP,BEAM_STIRRUP,MASS,NOT_APPLICABLE,,,,,,,,,,,,,,,,,,,,no source-identified physical opening in this beam (26 opening objects checked project-wide; the generic opening detail is not applied globally)
BM-2F_ROOF-B3-BL008-774|OTHER_EXPLICIT_EXTRA,BM-2F_ROOF-B3-BL008-774,SIMPLE_BEAM,B3,,OTHER_EXPLICIT_EXTRA,SPECIAL_DETAIL_BAR,MASS,NOT_APPLICABLE,,,,,,,,,,,,,,,,,,,,no other explicit extra scheduled or detailed for this occurrence
BM-2F_ROOF-B7-BL001-7A1|TOP_MAIN|BM-2F_ROOF-B7-BL001-7A1:TOP_MAIN,BM-2F_ROOF-B7-BL001-7A1,SIMPLE_BEAM,B7,,TOP_MAIN,BEAM_TOP_BAR,MASS,LOWER_BOUND,SOURCE_BOUND,BM-2F_ROOF-B7-BL001-7A1:TOP_MAIN,,12,2,4.418,8.836,0.888889,7.854222,,,SOURCE_VERIFIED,NOT_ESTABLISHED,,,,"[""development / anchorage into the supports: no beam-source rule (note 9 70Ø/40Ø is for starter bars only; the slab 0.25L / 0.30L rules are never borrowed)"", ""DEVELOPMENT / ANCHORAGE at the end supports (not source-established)"", ""BAR-END HOOK / BEND at the end supports (not detailed)""]",,,development / anchorage into the supports: no beam-source rule (note 9 70Ø/40Ø is for starter bars only; the slab 0.25L / 0.30L rules are never borrowed); DEVELOPMENT / ANCHORAGE at the end supports (not source-established); BAR-END HOOK / BEND at the end supports (not detailed)
BM-2F_ROOF-B7-BL001-7A1|BOTTOM_MAIN|BM-2F_ROOF-B7-BL001-7A1:BOTTOM_MAIN,BM-2F_ROOF-B7-BL001-7A1,SIMPLE_BEAM,B7,,BOTTOM_MAIN,BEAM_BOTTOM_BAR,MASS,LOWER_BOUND,SOURCE_BOUND,BM-2F_ROOF-B7-BL001-7A1:BOTTOM_MAIN,,16,3,4.418,13.254,1.580247,20.944593,,,SOURCE_VERIFIED,NOT_ESTABLISHED,,,,"[""development / anchorage into the supports: no beam-source rule (note 9 70Ø/40Ø is for starter bars only; the slab 0.25L / 0.30L rules are never borrowed)"", ""DEVELOPMENT / ANCHORAGE at the end supports (not source-established)"", ""BAR-END HOOK / BEND at the end supports (not detailed)""]",,,development / anchorage into the supports: no beam-source rule (note 9 70Ø/40Ø is for starter bars only; the slab 0.25L / 0.30L rules are never borrowed); DEVELOPMENT / ANCHORAGE at the end supports (not source-established); BAR-END HOOK / BEND at the end supports (not detailed)
BM-2F_ROOF-B7-BL001-7A1|TOP_SUPPORT,BM-2F_ROOF-B7-BL001-7A1,SIMPLE_BEAM,B7,,TOP_SUPPORT,BEAM_EXTRA_BAR,MASS,NOT_APPLICABLE,,,,,,,,,,,,,,,,,,,,not scheduled in the SBT (no support bar field in the SBT)
BM-2F_ROOF-B7-BL001-7A1|BOTTOM_SUPPORT,BM-2F_ROOF-B7-BL001-7A1,SIMPLE_BEAM,B7,,BOTTOM_SUPPORT,BEAM_EXTRA_BAR,MASS,NOT_APPLICABLE,,,,,,,,,,,,,,,,,,,,not scheduled in the SBT (no bottom extra field in the SBT)
BM-2F_ROOF-B7-BL001-7A1|MID_TOP,BM-2F_ROOF-B7-BL001-7A1,SIMPLE_BEAM,B7,,MID_TOP,BEAM_EXTRA_BAR,MASS,NOT_APPLICABLE,,,,,,,,,,,,,,,,,,,,a simple beam has one span and no interior support; the SBT has no MID field
BM-2F_ROOF-B7-BL001-7A1|MID_BOTTOM,BM-2F_ROOF-B7-BL001-7A1,SIMPLE_BEAM,B7,,MID_BOTTOM,BEAM_EXTRA_BAR,MASS,NOT_APPLICABLE,,,,,,,,,,,,,,,,,,,,a simple beam has one span and no interior support; the SBT has no MID field
BM-2F_ROOF-B7-BL001-7A1|HANGER,BM-2F_ROOF-B7-BL001-7A1,SIMPLE_BEAM,B7,,HANGER,BEAM_EXTRA_BAR,MASS,NOT_APPLICABLE,,,,,,,,,,,,,,,,,,,,ABSENT: no hanger field and no hanger detail (TOP BARS listed; no hanger role asserted)
BM-2F_ROOF-B7-BL001-7A1|SIDE_REBAR,BM-2F_ROOF-B7-BL001-7A1,SIMPLE_BEAM,B7,,SIDE_REBAR,BEAM_SIDE_BAR,MASS,BLOCKED_UNQUANTIFIED,,,,12,2,,,,,,,,,,2%%C12/30cm,30.0,,,Q6,side bars '2%%C12/30cm' printed (2Ø12/30.0cm): '/30cm' semantics not established (per face or total; vertical spacing or other; bar length; end treatment) - never silently read as a vertical spacing (Q6) - quantity / mass not source-quantified
BM-2F_ROOF-B7-BL001-7A1|STIRRUP_COUNT|SPAN1,BM-2F_ROOF-B7-BL001-7A1,SIMPLE_BEAM,B7,,STIRRUP_COUNT,BEAM_STIRRUP,COUNT,LOWER_BOUND,SOURCE_BOUND,,1,8,,,,,,27,28,,,,,,,,,first / last stirrup position not stated; no +1
BM-2F_ROOF-B7-BL001-7A1|STIRRUP_CORE_PATH|SPAN1,BM-2F_ROOF-B7-BL001-7A1,SIMPLE_BEAM,B7,,STIRRUP_CORE_PATH,BEAM_STIRRUP,MASS,BLOCKED_UNQUANTIFIED,,,1,8,,,,,,,,,,,,,,"[""LEGS / TOPOLOGY UNRESOLVED"", ""HOOKS BLOCKED_UNQUANTIFIED"", ""LEGS / LINK TOPOLOGY NOT_ESTABLISHED"", ""STIRRUP HOOKS NOT_ESTABLISHED""]",Q7,"stirrup mass needs legs, path, hooks and section; missing: LEGS / TOPOLOGY UNRESOLVED; HOOKS BLOCKED_UNQUANTIFIED; LEGS / LINK TOPOLOGY NOT_ESTABLISHED; STIRRUP HOOKS NOT_ESTABLISHED"
BM-2F_ROOF-B7-BL001-7A1|HOOK_1,BM-2F_ROOF-B7-BL001-7A1,SIMPLE_BEAM,B7,,HOOK_1,ANCHORAGE,MASS,BLOCKED_UNQUANTIFIED,,,,,,,,,,,,,,,,,,,Q1,"bar-end hook / bend: end legs drawn N.T.S. without a dimension; no project hook source; column hook rules are not imported - Q1 at end 1 ({'kind': 'COLUMN', 'refs': ['SFRS:778']})"
BM-2F_ROOF-B7-BL001-7A1|DEVELOPMENT_1,BM-2F_ROOF-B7-BL001-7A1,SIMPLE_BEAM,B7,,DEVELOPMENT_1,ANCHORAGE,MASS,BLOCKED_UNQUANTIFIED,,,,,,,,,,,,,,,,,,,Q1,"development / anchorage: no beam-source development rule (note 9 70Ø / 40Ø is starter-bar context only; no 40D, 70D, code, Urban default or external value is used) - Q1 at end 1 ({'kind': 'COLUMN', 'refs': ['SFRS:778']})"
BM-2F_ROOF-B7-BL001-7A1|HOOK_2,BM-2F_ROOF-B7-BL001-7A1,SIMPLE_BEAM,B7,,HOOK_2,ANCHORAGE,MASS,BLOCKED_UNQUANTIFIED,,,,,,,,,,,,,,,,,,,Q1,"bar-end hook / bend: end legs drawn N.T.S. without a dimension; no project hook source; column hook rules are not imported - Q1 at end 2 ({'kind': 'BEAM_CORNER', 'refs': ['BL007']})"
BM-2F_ROOF-B7-BL001-7A1|DEVELOPMENT_2,BM-2F_ROOF-B7-BL001-7A1,SIMPLE_BEAM,B7,,DEVELOPMENT_2,ANCHORAGE,MASS,BLOCKED_UNQUANTIFIED,,,,,,,,,,,,,,,,,,,Q1,"development / anchorage: no beam-source development rule (note 9 70Ø / 40Ø is starter-bar context only; no 40D, 70D, code, Urban default or external value is used) - Q1 at end 2 ({'kind': 'BEAM_CORNER', 'refs': ['BL007']})"
BM-2F_ROOF-B7-BL001-7A1|OPENING_EXTRA_TOP,BM-2F_ROOF-B7-BL001-7A1,SIMPLE_BEAM,B7,,OPENING_EXTRA_TOP,SPECIAL_DETAIL_BAR,MASS,NOT_APPLICABLE,,,,,,,,,,,,,,,,,,,,no source-identified physical opening in this beam (26 opening objects checked project-wide; the generic opening detail is not applied globally)
BM-2F_ROOF-B7-BL001-7A1|OPENING_EXTRA_BOTTOM,BM-2F_ROOF-B7-BL001-7A1,SIMPLE_BEAM,B7,,OPENING_EXTRA_BOTTOM,SPECIAL_DETAIL_BAR,MASS,NOT_APPLICABLE,,,,,,,,,,,,,,,,,,,,no source-identified physical opening in this beam (26 opening objects checked project-wide; the generic opening detail is not applied globally)
BM-2F_ROOF-B7-BL001-7A1|OPENING_EXTRA_SIDE,BM-2F_ROOF-B7-BL001-7A1,SIMPLE_BEAM,B7,,OPENING_EXTRA_SIDE,SPECIAL_DETAIL_BAR,MASS,NOT_APPLICABLE,,,,,,,,,,,,,,,,,,,,no source-identified physical opening in this beam (26 opening objects checked project-wide; the generic opening detail is not applied globally)
BM-2F_ROOF-B7-BL001-7A1|OPENING_EXTRA_STIRRUP,BM-2F_ROOF-B7-BL001-7A1,SIMPLE_BEAM,B7,,OPENING_EXTRA_STIRRUP,BEAM_STIRRUP,MASS,NOT_APPLICABLE,,,,,,,,,,,,,,,,,,,,no source-identified physical opening in this beam (26 opening objects checked project-wide; the generic opening detail is not applied globally)
BM-2F_ROOF-B7-BL001-7A1|OTHER_EXPLICIT_EXTRA,BM-2F_ROOF-B7-BL001-7A1,SIMPLE_BEAM,B7,,OTHER_EXPLICIT_EXTRA,SPECIAL_DETAIL_BAR,MASS,NOT_APPLICABLE,,,,,,,,,,,,,,,,,,,,no other explicit extra scheduled or detailed for this occurrence
BM-2F_ROOF-B8-BL007-79E|TOP_MAIN|BM-2F_ROOF-B8-BL007-79E:TOP_MAIN,BM-2F_ROOF-B8-BL007-79E,SIMPLE_BEAM,B8,,TOP_MAIN,BEAM_TOP_BAR,MASS,LOWER_BOUND,SOURCE_BOUND,BM-2F_ROOF-B8-BL007-79E:TOP_MAIN,,12,2,3.47,6.94,0.888889,6.168889,,,SOURCE_VERIFIED,NOT_ESTABLISHED,,,,"[""development / anchorage into the supports: no beam-source rule (note 9 70Ø/40Ø is for starter bars only; the slab 0.25L / 0.30L rules are never borrowed)"", ""DEVELOPMENT / ANCHORAGE at the end supports (not source-established)"", ""BAR-END HOOK / BEND at the end supports (not detailed)""]",,,development / anchorage into the supports: no beam-source rule (note 9 70Ø/40Ø is for starter bars only; the slab 0.25L / 0.30L rules are never borrowed); DEVELOPMENT / ANCHORAGE at the end supports (not source-established); BAR-END HOOK / BEND at the end supports (not detailed)
BM-2F_ROOF-B8-BL007-79E|BOTTOM_MAIN|BM-2F_ROOF-B8-BL007-79E:BOTTOM_MAIN,BM-2F_ROOF-B8-BL007-79E,SIMPLE_BEAM,B8,,BOTTOM_MAIN,BEAM_BOTTOM_BAR,MASS,LOWER_BOUND,SOURCE_BOUND,BM-2F_ROOF-B8-BL007-79E:BOTTOM_MAIN,,16,4,3.47,13.88,1.580247,21.933827,,,SOURCE_VERIFIED,NOT_ESTABLISHED,,,,"[""development / anchorage into the supports: no beam-source rule (note 9 70Ø/40Ø is for starter bars only; the slab 0.25L / 0.30L rules are never borrowed)"", ""DEVELOPMENT / ANCHORAGE at the end supports (not source-established)"", ""BAR-END HOOK / BEND at the end supports (not detailed)""]",,,development / anchorage into the supports: no beam-source rule (note 9 70Ø/40Ø is for starter bars only; the slab 0.25L / 0.30L rules are never borrowed); DEVELOPMENT / ANCHORAGE at the end supports (not source-established); BAR-END HOOK / BEND at the end supports (not detailed)
BM-2F_ROOF-B8-BL007-79E|TOP_SUPPORT,BM-2F_ROOF-B8-BL007-79E,SIMPLE_BEAM,B8,,TOP_SUPPORT,BEAM_EXTRA_BAR,MASS,NOT_APPLICABLE,,,,,,,,,,,,,,,,,,,,not scheduled in the SBT (no support bar field in the SBT)
BM-2F_ROOF-B8-BL007-79E|BOTTOM_SUPPORT,BM-2F_ROOF-B8-BL007-79E,SIMPLE_BEAM,B8,,BOTTOM_SUPPORT,BEAM_EXTRA_BAR,MASS,NOT_APPLICABLE,,,,,,,,,,,,,,,,,,,,not scheduled in the SBT (no bottom extra field in the SBT)
BM-2F_ROOF-B8-BL007-79E|MID_TOP,BM-2F_ROOF-B8-BL007-79E,SIMPLE_BEAM,B8,,MID_TOP,BEAM_EXTRA_BAR,MASS,NOT_APPLICABLE,,,,,,,,,,,,,,,,,,,,a simple beam has one span and no interior support; the SBT has no MID field
BM-2F_ROOF-B8-BL007-79E|MID_BOTTOM,BM-2F_ROOF-B8-BL007-79E,SIMPLE_BEAM,B8,,MID_BOTTOM,BEAM_EXTRA_BAR,MASS,NOT_APPLICABLE,,,,,,,,,,,,,,,,,,,,a simple beam has one span and no interior support; the SBT has no MID field
BM-2F_ROOF-B8-BL007-79E|HANGER,BM-2F_ROOF-B8-BL007-79E,SIMPLE_BEAM,B8,,HANGER,BEAM_EXTRA_BAR,MASS,NOT_APPLICABLE,,,,,,,,,,,,,,,,,,,,ABSENT: no hanger field and no hanger detail (TOP BARS listed; no hanger role asserted)
BM-2F_ROOF-B8-BL007-79E|SIDE_REBAR,BM-2F_ROOF-B8-BL007-79E,SIMPLE_BEAM,B8,,SIDE_REBAR,BEAM_SIDE_BAR,MASS,BLOCKED_UNQUANTIFIED,,,,12,2,,,,,,,,,,2%%C12/30cm,30.0,,,Q6,side bars '2%%C12/30cm' printed (2Ø12/30.0cm): '/30cm' semantics not established (per face or total; vertical spacing or other; bar length; end treatment) - never silently read as a vertical spacing (Q6) - quantity / mass not source-quantified
BM-2F_ROOF-B8-BL007-79E|STIRRUP_COUNT|SPAN1,BM-2F_ROOF-B8-BL007-79E,SIMPLE_BEAM,B8,,STIRRUP_COUNT,BEAM_STIRRUP,COUNT,LOWER_BOUND,SOURCE_BOUND,,1,8,,,,,,21,22,,,,,,,,,first / last stirrup position not stated; no +1
BM-2F_ROOF-B8-BL007-79E|STIRRUP_CORE_PATH|SPAN1,BM-2F_ROOF-B8-BL007-79E,SIMPLE_BEAM,B8,,STIRRUP_CORE_PATH,BEAM_STIRRUP,MASS,BLOCKED_UNQUANTIFIED,,,1,8,,,,,,,,,,,,,,"[""LEGS / TOPOLOGY UNRESOLVED"", ""HOOKS BLOCKED_UNQUANTIFIED"", ""LEGS / LINK TOPOLOGY NOT_ESTABLISHED"", ""STIRRUP HOOKS NOT_ESTABLISHED""]",Q7,"stirrup mass needs legs, path, hooks and section; missing: LEGS / TOPOLOGY UNRESOLVED; HOOKS BLOCKED_UNQUANTIFIED; LEGS / LINK TOPOLOGY NOT_ESTABLISHED; STIRRUP HOOKS NOT_ESTABLISHED"
BM-2F_ROOF-B8-BL007-79E|HOOK_1,BM-2F_ROOF-B8-BL007-79E,SIMPLE_BEAM,B8,,HOOK_1,ANCHORAGE,MASS,BLOCKED_UNQUANTIFIED,,,,,,,,,,,,,,,,,,,Q1,"bar-end hook / bend: end legs drawn N.T.S. without a dimension; no project hook source; column hook rules are not imported - Q1 at end 1 ({'kind': 'COLUMN', 'refs': ['SFRS:412']})"
BM-2F_ROOF-B8-BL007-79E|DEVELOPMENT_1,BM-2F_ROOF-B8-BL007-79E,SIMPLE_BEAM,B8,,DEVELOPMENT_1,ANCHORAGE,MASS,BLOCKED_UNQUANTIFIED,,,,,,,,,,,,,,,,,,,Q1,"development / anchorage: no beam-source development rule (note 9 70Ø / 40Ø is starter-bar context only; no 40D, 70D, code, Urban default or external value is used) - Q1 at end 1 ({'kind': 'COLUMN', 'refs': ['SFRS:412']})"
BM-2F_ROOF-B8-BL007-79E|HOOK_2,BM-2F_ROOF-B8-BL007-79E,SIMPLE_BEAM,B8,,HOOK_2,ANCHORAGE,MASS,BLOCKED_UNQUANTIFIED,,,,,,,,,,,,,,,,,,,Q1,"bar-end hook / bend: end legs drawn N.T.S. without a dimension; no project hook source; column hook rules are not imported - Q1 at end 2 ({'kind': 'COLUMN', 'refs': ['SFRS:415']})"
BM-2F_ROOF-B8-BL007-79E|DEVELOPMENT_2,BM-2F_ROOF-B8-BL007-79E,SIMPLE_BEAM,B8,,DEVELOPMENT_2,ANCHORAGE,MASS,BLOCKED_UNQUANTIFIED,,,,,,,,,,,,,,,,,,,Q1,"development / anchorage: no beam-source development rule (note 9 70Ø / 40Ø is starter-bar context only; no 40D, 70D, code, Urban default or external value is used) - Q1 at end 2 ({'kind': 'COLUMN', 'refs': ['SFRS:415']})"
BM-2F_ROOF-B8-BL007-79E|OPENING_EXTRA_TOP,BM-2F_ROOF-B8-BL007-79E,SIMPLE_BEAM,B8,,OPENING_EXTRA_TOP,SPECIAL_DETAIL_BAR,MASS,NOT_APPLICABLE,,,,,,,,,,,,,,,,,,,,no source-identified physical opening in this beam (26 opening objects checked project-wide; the generic opening detail is not applied globally)
BM-2F_ROOF-B8-BL007-79E|OPENING_EXTRA_BOTTOM,BM-2F_ROOF-B8-BL007-79E,SIMPLE_BEAM,B8,,OPENING_EXTRA_BOTTOM,SPECIAL_DETAIL_BAR,MASS,NOT_APPLICABLE,,,,,,,,,,,,,,,,,,,,no source-identified physical opening in this beam (26 opening objects checked project-wide; the generic opening detail is not applied globally)
BM-2F_ROOF-B8-BL007-79E|OPENING_EXTRA_SIDE,BM-2F_ROOF-B8-BL007-79E,SIMPLE_BEAM,B8,,OPENING_EXTRA_SIDE,SPECIAL_DETAIL_BAR,MASS,NOT_APPLICABLE,,,,,,,,,,,,,,,,,,,,no source-identified physical opening in this beam (26 opening objects checked project-wide; the generic opening detail is not applied globally)
BM-2F_ROOF-B8-BL007-79E|OPENING_EXTRA_STIRRUP,BM-2F_ROOF-B8-BL007-79E,SIMPLE_BEAM,B8,,OPENING_EXTRA_STIRRUP,BEAM_STIRRUP,MASS,NOT_APPLICABLE,,,,,,,,,,,,,,,,,,,,no source-identified physical opening in this beam (26 opening objects checked project-wide; the generic opening detail is not applied globally)
BM-2F_ROOF-B8-BL007-79E|OTHER_EXPLICIT_EXTRA,BM-2F_ROOF-B8-BL007-79E,SIMPLE_BEAM,B8,,OTHER_EXPLICIT_EXTRA,SPECIAL_DETAIL_BAR,MASS,NOT_APPLICABLE,,,,,,,,,,,,,,,,,,,,no other explicit extra scheduled or detailed for this occurrence
BM-GF_ROOF-B1-BL004-476|TOP_MAIN|BM-GF_ROOF-B1-BL004-476:TOP_MAIN,BM-GF_ROOF-B1-BL004-476,SIMPLE_BEAM,B1,,TOP_MAIN,BEAM_TOP_BAR,MASS,BLOCKED_UNQUANTIFIED,,BM-GF_ROOF-B1-BL004-476:TOP_MAIN,,12,2,,,,,,,,,,,,,,R1,binding is a candidate (tag binding BOUND_CANDIDATE: a candidate never releases steel)
BM-GF_ROOF-B1-BL004-476|BOTTOM_MAIN|BM-GF_ROOF-B1-BL004-476:BOTTOM_MAIN,BM-GF_ROOF-B1-BL004-476,SIMPLE_BEAM,B1,,BOTTOM_MAIN,BEAM_BOTTOM_BAR,MASS,BLOCKED_UNQUANTIFIED,,BM-GF_ROOF-B1-BL004-476:BOTTOM_MAIN,,14,2,,,,,,,,,,,,,,R1,binding is a candidate (tag binding BOUND_CANDIDATE: a candidate never releases steel)
BM-GF_ROOF-B1-BL004-476|TOP_SUPPORT,BM-GF_ROOF-B1-BL004-476,SIMPLE_BEAM,B1,,TOP_SUPPORT,BEAM_EXTRA_BAR,MASS,NOT_APPLICABLE,,,,,,,,,,,,,,,,,,,,not scheduled in the SBT (no support bar field in the SBT)
BM-GF_ROOF-B1-BL004-476|BOTTOM_SUPPORT,BM-GF_ROOF-B1-BL004-476,SIMPLE_BEAM,B1,,BOTTOM_SUPPORT,BEAM_EXTRA_BAR,MASS,NOT_APPLICABLE,,,,,,,,,,,,,,,,,,,,not scheduled in the SBT (no bottom extra field in the SBT)
BM-GF_ROOF-B1-BL004-476|MID_TOP,BM-GF_ROOF-B1-BL004-476,SIMPLE_BEAM,B1,,MID_TOP,BEAM_EXTRA_BAR,MASS,NOT_APPLICABLE,,,,,,,,,,,,,,,,,,,,a simple beam has one span and no interior support; the SBT has no MID field
BM-GF_ROOF-B1-BL004-476|MID_BOTTOM,BM-GF_ROOF-B1-BL004-476,SIMPLE_BEAM,B1,,MID_BOTTOM,BEAM_EXTRA_BAR,MASS,NOT_APPLICABLE,,,,,,,,,,,,,,,,,,,,a simple beam has one span and no interior support; the SBT has no MID field
BM-GF_ROOF-B1-BL004-476|HANGER,BM-GF_ROOF-B1-BL004-476,SIMPLE_BEAM,B1,,HANGER,BEAM_EXTRA_BAR,MASS,NOT_APPLICABLE,,,,,,,,,,,,,,,,,,,,ABSENT: no hanger field and no hanger detail (TOP BARS listed; no hanger role asserted)
BM-GF_ROOF-B1-BL004-476|SIDE_REBAR,BM-GF_ROOF-B1-BL004-476,SIMPLE_BEAM,B1,,SIDE_REBAR,BEAM_SIDE_BAR,MASS,NOT_APPLICABLE,,,,,,,,,,,,,,,,,,,,no side bars printed; depth 40.0 cm
BM-GF_ROOF-B1-BL004-476|STIRRUP_COUNT|SPAN1,BM-GF_ROOF-B1-BL004-476,SIMPLE_BEAM,B1,,STIRRUP_COUNT,BEAM_STIRRUP,COUNT,BLOCKED_UNQUANTIFIED,,,1,8,,,,,,,,,,,,,,,R1,binding is a candidate (tag binding BOUND_CANDIDATE: a candidate never releases steel)
BM-GF_ROOF-B1-BL004-476|STIRRUP_CORE_PATH|SPAN1,BM-GF_ROOF-B1-BL004-476,SIMPLE_BEAM,B1,,STIRRUP_CORE_PATH,BEAM_STIRRUP,MASS,BLOCKED_UNQUANTIFIED,,,1,8,,,,,,,,,,,,,,"[""LEGS / TOPOLOGY UNRESOLVED"", ""HOOKS BLOCKED_UNQUANTIFIED"", ""LEGS / LINK TOPOLOGY NOT_ESTABLISHED"", ""STIRRUP HOOKS NOT_ESTABLISHED"", ""occurrence blocked: binding is a candidate (tag binding BOUND_CANDIDATE: a candidate never releases steel)""]",Q7,"stirrup mass needs legs, path, hooks and section; missing: LEGS / TOPOLOGY UNRESOLVED; HOOKS BLOCKED_UNQUANTIFIED; LEGS / LINK TOPOLOGY NOT_ESTABLISHED; STIRRUP HOOKS NOT_ESTABLISHED; occurrence blocked: binding is a candidate (tag binding BOUND_CANDIDATE: a candidate never releases steel)"
BM-GF_ROOF-B1-BL004-476|HOOK_1,BM-GF_ROOF-B1-BL004-476,SIMPLE_BEAM,B1,,HOOK_1,ANCHORAGE,MASS,BLOCKED_UNQUANTIFIED,,,,,,,,,,,,,,,,,,,Q1,"bar-end hook / bend: end legs drawn N.T.S. without a dimension; no project hook source; column hook rules are not imported - Q1 at end 1 ({'kind': 'COLUMN', 'refs': []}); occurrence blocked: binding is a candidate (tag binding BOUND_CANDIDATE: a candidate never releases steel)"
BM-GF_ROOF-B1-BL004-476|DEVELOPMENT_1,BM-GF_ROOF-B1-BL004-476,SIMPLE_BEAM,B1,,DEVELOPMENT_1,ANCHORAGE,MASS,BLOCKED_UNQUANTIFIED,,,,,,,,,,,,,,,,,,,Q1,"development / anchorage: no beam-source development rule (note 9 70Ø / 40Ø is starter-bar context only; no 40D, 70D, code, Urban default or external value is used) - Q1 at end 1 ({'kind': 'COLUMN', 'refs': []}); occurrence blocked: binding is a candidate (tag binding BOUND_CANDIDATE: a candidate never releases steel)"
BM-GF_ROOF-B1-BL004-476|HOOK_2,BM-GF_ROOF-B1-BL004-476,SIMPLE_BEAM,B1,,HOOK_2,ANCHORAGE,MASS,BLOCKED_UNQUANTIFIED,,,,,,,,,,,,,,,,,,,Q1,"bar-end hook / bend: end legs drawn N.T.S. without a dimension; no project hook source; column hook rules are not imported - Q1 at end 2 ({'kind': 'COLUMN', 'refs': []}); occurrence blocked: binding is a candidate (tag binding BOUND_CANDIDATE: a candidate never releases steel)"
BM-GF_ROOF-B1-BL004-476|DEVELOPMENT_2,BM-GF_ROOF-B1-BL004-476,SIMPLE_BEAM,B1,,DEVELOPMENT_2,ANCHORAGE,MASS,BLOCKED_UNQUANTIFIED,,,,,,,,,,,,,,,,,,,Q1,"development / anchorage: no beam-source development rule (note 9 70Ø / 40Ø is starter-bar context only; no 40D, 70D, code, Urban default or external value is used) - Q1 at end 2 ({'kind': 'COLUMN', 'refs': []}); occurrence blocked: binding is a candidate (tag binding BOUND_CANDIDATE: a candidate never releases steel)"
BM-GF_ROOF-B1-BL004-476|OPENING_EXTRA_TOP,BM-GF_ROOF-B1-BL004-476,SIMPLE_BEAM,B1,,OPENING_EXTRA_TOP,SPECIAL_DETAIL_BAR,MASS,NOT_APPLICABLE,,,,,,,,,,,,,,,,,,,,no source-identified physical opening in this beam (26 opening objects checked project-wide; the generic opening detail is not applied globally)
BM-GF_ROOF-B1-BL004-476|OPENING_EXTRA_BOTTOM,BM-GF_ROOF-B1-BL004-476,SIMPLE_BEAM,B1,,OPENING_EXTRA_BOTTOM,SPECIAL_DETAIL_BAR,MASS,NOT_APPLICABLE,,,,,,,,,,,,,,,,,,,,no source-identified physical opening in this beam (26 opening objects checked project-wide; the generic opening detail is not applied globally)
BM-GF_ROOF-B1-BL004-476|OPENING_EXTRA_SIDE,BM-GF_ROOF-B1-BL004-476,SIMPLE_BEAM,B1,,OPENING_EXTRA_SIDE,SPECIAL_DETAIL_BAR,MASS,NOT_APPLICABLE,,,,,,,,,,,,,,,,,,,,no source-identified physical opening in this beam (26 opening objects checked project-wide; the generic opening detail is not applied globally)
BM-GF_ROOF-B1-BL004-476|OPENING_EXTRA_STIRRUP,BM-GF_ROOF-B1-BL004-476,SIMPLE_BEAM,B1,,OPENING_EXTRA_STIRRUP,BEAM_STIRRUP,MASS,NOT_APPLICABLE,,,,,,,,,,,,,,,,,,,,no source-identified physical opening in this beam (26 opening objects checked project-wide; the generic opening detail is not applied globally)
BM-GF_ROOF-B1-BL004-476|OTHER_EXPLICIT_EXTRA,BM-GF_ROOF-B1-BL004-476,SIMPLE_BEAM,B1,,OTHER_EXPLICIT_EXTRA,SPECIAL_DETAIL_BAR,MASS,NOT_APPLICABLE,,,,,,,,,,,,,,,,,,,,no other explicit extra scheduled or detailed for this occurrence
BM-GF_ROOF-B1-BL004-477|TOP_MAIN|BM-GF_ROOF-B1-BL004-477:TOP_MAIN,BM-GF_ROOF-B1-BL004-477,SIMPLE_BEAM,B1,,TOP_MAIN,BEAM_TOP_BAR,MASS,LOWER_BOUND,SOURCE_BOUND,BM-GF_ROOF-B1-BL004-477:TOP_MAIN,,12,2,1.9,3.8,0.888889,3.377778,,,SOURCE_VERIFIED,NOT_ESTABLISHED,,,,"[""development / anchorage into the supports: no beam-source rule (note 9 70Ø/40Ø is for starter bars only; the slab 0.25L / 0.30L rules are never borrowed)"", ""DEVELOPMENT / ANCHORAGE at the end supports (not source-established)"", ""BAR-END HOOK / BEND at the end supports (not detailed)""]",,,development / anchorage into the supports: no beam-source rule (note 9 70Ø/40Ø is for starter bars only; the slab 0.25L / 0.30L rules are never borrowed); DEVELOPMENT / ANCHORAGE at the end supports (not source-established); BAR-END HOOK / BEND at the end supports (not detailed)
BM-GF_ROOF-B1-BL004-477|BOTTOM_MAIN|BM-GF_ROOF-B1-BL004-477:BOTTOM_MAIN,BM-GF_ROOF-B1-BL004-477,SIMPLE_BEAM,B1,,BOTTOM_MAIN,BEAM_BOTTOM_BAR,MASS,LOWER_BOUND,SOURCE_BOUND,BM-GF_ROOF-B1-BL004-477:BOTTOM_MAIN,,14,2,1.9,3.8,1.209877,4.597531,,,SOURCE_VERIFIED,NOT_ESTABLISHED,,,,"[""development / anchorage into the supports: no beam-source rule (note 9 70Ø/40Ø is for starter bars only; the slab 0.25L / 0.30L rules are never borrowed)"", ""DEVELOPMENT / ANCHORAGE at the end supports (not source-established)"", ""BAR-END HOOK / BEND at the end supports (not detailed)""]",,,development / anchorage into the supports: no beam-source rule (note 9 70Ø/40Ø is for starter bars only; the slab 0.25L / 0.30L rules are never borrowed); DEVELOPMENT / ANCHORAGE at the end supports (not source-established); BAR-END HOOK / BEND at the end supports (not detailed)
BM-GF_ROOF-B1-BL004-477|TOP_SUPPORT,BM-GF_ROOF-B1-BL004-477,SIMPLE_BEAM,B1,,TOP_SUPPORT,BEAM_EXTRA_BAR,MASS,NOT_APPLICABLE,,,,,,,,,,,,,,,,,,,,not scheduled in the SBT (no support bar field in the SBT)
BM-GF_ROOF-B1-BL004-477|BOTTOM_SUPPORT,BM-GF_ROOF-B1-BL004-477,SIMPLE_BEAM,B1,,BOTTOM_SUPPORT,BEAM_EXTRA_BAR,MASS,NOT_APPLICABLE,,,,,,,,,,,,,,,,,,,,not scheduled in the SBT (no bottom extra field in the SBT)
BM-GF_ROOF-B1-BL004-477|MID_TOP,BM-GF_ROOF-B1-BL004-477,SIMPLE_BEAM,B1,,MID_TOP,BEAM_EXTRA_BAR,MASS,NOT_APPLICABLE,,,,,,,,,,,,,,,,,,,,a simple beam has one span and no interior support; the SBT has no MID field
BM-GF_ROOF-B1-BL004-477|MID_BOTTOM,BM-GF_ROOF-B1-BL004-477,SIMPLE_BEAM,B1,,MID_BOTTOM,BEAM_EXTRA_BAR,MASS,NOT_APPLICABLE,,,,,,,,,,,,,,,,,,,,a simple beam has one span and no interior support; the SBT has no MID field
BM-GF_ROOF-B1-BL004-477|HANGER,BM-GF_ROOF-B1-BL004-477,SIMPLE_BEAM,B1,,HANGER,BEAM_EXTRA_BAR,MASS,NOT_APPLICABLE,,,,,,,,,,,,,,,,,,,,ABSENT: no hanger field and no hanger detail (TOP BARS listed; no hanger role asserted)
BM-GF_ROOF-B1-BL004-477|SIDE_REBAR,BM-GF_ROOF-B1-BL004-477,SIMPLE_BEAM,B1,,SIDE_REBAR,BEAM_SIDE_BAR,MASS,NOT_APPLICABLE,,,,,,,,,,,,,,,,,,,,no side bars printed; depth 40.0 cm
BM-GF_ROOF-B1-BL004-477|STIRRUP_COUNT|SPAN1,BM-GF_ROOF-B1-BL004-477,SIMPLE_BEAM,B1,,STIRRUP_COUNT,BEAM_STIRRUP,COUNT,LOWER_BOUND,SOURCE_BOUND,,1,8,,,,,,12,13,,,,,,,,,first / last stirrup position not stated; no +1
BM-GF_ROOF-B1-BL004-477|STIRRUP_CORE_PATH|SPAN1,BM-GF_ROOF-B1-BL004-477,SIMPLE_BEAM,B1,,STIRRUP_CORE_PATH,BEAM_STIRRUP,MASS,BLOCKED_UNQUANTIFIED,,,1,8,,,,,,,,,,,,,,"[""LEGS / TOPOLOGY UNRESOLVED"", ""HOOKS BLOCKED_UNQUANTIFIED"", ""LEGS / LINK TOPOLOGY NOT_ESTABLISHED"", ""STIRRUP HOOKS NOT_ESTABLISHED""]",Q7,"stirrup mass needs legs, path, hooks and section; missing: LEGS / TOPOLOGY UNRESOLVED; HOOKS BLOCKED_UNQUANTIFIED; LEGS / LINK TOPOLOGY NOT_ESTABLISHED; STIRRUP HOOKS NOT_ESTABLISHED"
BM-GF_ROOF-B1-BL004-477|HOOK_1,BM-GF_ROOF-B1-BL004-477,SIMPLE_BEAM,B1,,HOOK_1,ANCHORAGE,MASS,BLOCKED_UNQUANTIFIED,,,,,,,,,,,,,,,,,,,Q1,"bar-end hook / bend: end legs drawn N.T.S. without a dimension; no project hook source; column hook rules are not imported - Q1 at end 1 ({'kind': 'COLUMN', 'refs': ['GFRS:35C']})"
BM-GF_ROOF-B1-BL004-477|DEVELOPMENT_1,BM-GF_ROOF-B1-BL004-477,SIMPLE_BEAM,B1,,DEVELOPMENT_1,ANCHORAGE,MASS,BLOCKED_UNQUANTIFIED,,,,,,,,,,,,,,,,,,,Q1,"development / anchorage: no beam-source development rule (note 9 70Ø / 40Ø is starter-bar context only; no 40D, 70D, code, Urban default or external value is used) - Q1 at end 1 ({'kind': 'COLUMN', 'refs': ['GFRS:35C']})"
BM-GF_ROOF-B1-BL004-477|HOOK_2,BM-GF_ROOF-B1-BL004-477,SIMPLE_BEAM,B1,,HOOK_2,ANCHORAGE,MASS,BLOCKED_UNQUANTIFIED,,,,,,,,,,,,,,,,,,,Q1,"bar-end hook / bend: end legs drawn N.T.S. without a dimension; no project hook source; column hook rules are not imported - Q1 at end 2 ({'kind': 'COLUMN', 'refs': ['GFRS:362']})"
BM-GF_ROOF-B1-BL004-477|DEVELOPMENT_2,BM-GF_ROOF-B1-BL004-477,SIMPLE_BEAM,B1,,DEVELOPMENT_2,ANCHORAGE,MASS,BLOCKED_UNQUANTIFIED,,,,,,,,,,,,,,,,,,,Q1,"development / anchorage: no beam-source development rule (note 9 70Ø / 40Ø is starter-bar context only; no 40D, 70D, code, Urban default or external value is used) - Q1 at end 2 ({'kind': 'COLUMN', 'refs': ['GFRS:362']})"
BM-GF_ROOF-B1-BL004-477|OPENING_EXTRA_TOP,BM-GF_ROOF-B1-BL004-477,SIMPLE_BEAM,B1,,OPENING_EXTRA_TOP,SPECIAL_DETAIL_BAR,MASS,NOT_APPLICABLE,,,,,,,,,,,,,,,,,,,,no source-identified physical opening in this beam (26 opening objects checked project-wide; the generic opening detail is not applied globally)
BM-GF_ROOF-B1-BL004-477|OPENING_EXTRA_BOTTOM,BM-GF_ROOF-B1-BL004-477,SIMPLE_BEAM,B1,,OPENING_EXTRA_BOTTOM,SPECIAL_DETAIL_BAR,MASS,NOT_APPLICABLE,,,,,,,,,,,,,,,,,,,,no source-identified physical opening in this beam (26 opening objects checked project-wide; the generic opening detail is not applied globally)
BM-GF_ROOF-B1-BL004-477|OPENING_EXTRA_SIDE,BM-GF_ROOF-B1-BL004-477,SIMPLE_BEAM,B1,,OPENING_EXTRA_SIDE,SPECIAL_DETAIL_BAR,MASS,NOT_APPLICABLE,,,,,,,,,,,,,,,,,,,,no source-identified physical opening in this beam (26 opening objects checked project-wide; the generic opening detail is not applied globally)
BM-GF_ROOF-B1-BL004-477|OPENING_EXTRA_STIRRUP,BM-GF_ROOF-B1-BL004-477,SIMPLE_BEAM,B1,,OPENING_EXTRA_STIRRUP,BEAM_STIRRUP,MASS,NOT_APPLICABLE,,,,,,,,,,,,,,,,,,,,no source-identified physical opening in this beam (26 opening objects checked project-wide; the generic opening detail is not applied globally)
BM-GF_ROOF-B1-BL004-477|OTHER_EXPLICIT_EXTRA,BM-GF_ROOF-B1-BL004-477,SIMPLE_BEAM,B1,,OTHER_EXPLICIT_EXTRA,SPECIAL_DETAIL_BAR,MASS,NOT_APPLICABLE,,,,,,,,,,,,,,,,,,,,no other explicit extra scheduled or detailed for this occurrence
BM-GF_ROOF-B1-BL008-478|TOP_MAIN|BM-GF_ROOF-B1-BL008-478:TOP_MAIN,BM-GF_ROOF-B1-BL008-478,SIMPLE_BEAM,B1,,TOP_MAIN,BEAM_TOP_BAR,MASS,LOWER_BOUND,SOURCE_BOUND,BM-GF_ROOF-B1-BL008-478:TOP_MAIN,,12,2,1.3,2.6,0.888889,2.311111,,,SOURCE_VERIFIED,NOT_ESTABLISHED,,,,"[""development / anchorage into the supports: no beam-source rule (note 9 70Ø/40Ø is for starter bars only; the slab 0.25L / 0.30L rules are never borrowed)"", ""DEVELOPMENT / ANCHORAGE at the end supports (not source-established)"", ""BAR-END HOOK / BEND at the end supports (not detailed)""]",,,development / anchorage into the supports: no beam-source rule (note 9 70Ø/40Ø is for starter bars only; the slab 0.25L / 0.30L rules are never borrowed); DEVELOPMENT / ANCHORAGE at the end supports (not source-established); BAR-END HOOK / BEND at the end supports (not detailed)
BM-GF_ROOF-B1-BL008-478|BOTTOM_MAIN|BM-GF_ROOF-B1-BL008-478:BOTTOM_MAIN,BM-GF_ROOF-B1-BL008-478,SIMPLE_BEAM,B1,,BOTTOM_MAIN,BEAM_BOTTOM_BAR,MASS,LOWER_BOUND,SOURCE_BOUND,BM-GF_ROOF-B1-BL008-478:BOTTOM_MAIN,,14,2,1.3,2.6,1.209877,3.145679,,,SOURCE_VERIFIED,NOT_ESTABLISHED,,,,"[""development / anchorage into the supports: no beam-source rule (note 9 70Ø/40Ø is for starter bars only; the slab 0.25L / 0.30L rules are never borrowed)"", ""DEVELOPMENT / ANCHORAGE at the end supports (not source-established)"", ""BAR-END HOOK / BEND at the end supports (not detailed)""]",,,development / anchorage into the supports: no beam-source rule (note 9 70Ø/40Ø is for starter bars only; the slab 0.25L / 0.30L rules are never borrowed); DEVELOPMENT / ANCHORAGE at the end supports (not source-established); BAR-END HOOK / BEND at the end supports (not detailed)
BM-GF_ROOF-B1-BL008-478|TOP_SUPPORT,BM-GF_ROOF-B1-BL008-478,SIMPLE_BEAM,B1,,TOP_SUPPORT,BEAM_EXTRA_BAR,MASS,NOT_APPLICABLE,,,,,,,,,,,,,,,,,,,,not scheduled in the SBT (no support bar field in the SBT)
BM-GF_ROOF-B1-BL008-478|BOTTOM_SUPPORT,BM-GF_ROOF-B1-BL008-478,SIMPLE_BEAM,B1,,BOTTOM_SUPPORT,BEAM_EXTRA_BAR,MASS,NOT_APPLICABLE,,,,,,,,,,,,,,,,,,,,not scheduled in the SBT (no bottom extra field in the SBT)
BM-GF_ROOF-B1-BL008-478|MID_TOP,BM-GF_ROOF-B1-BL008-478,SIMPLE_BEAM,B1,,MID_TOP,BEAM_EXTRA_BAR,MASS,NOT_APPLICABLE,,,,,,,,,,,,,,,,,,,,a simple beam has one span and no interior support; the SBT has no MID field
BM-GF_ROOF-B1-BL008-478|MID_BOTTOM,BM-GF_ROOF-B1-BL008-478,SIMPLE_BEAM,B1,,MID_BOTTOM,BEAM_EXTRA_BAR,MASS,NOT_APPLICABLE,,,,,,,,,,,,,,,,,,,,a simple beam has one span and no interior support; the SBT has no MID field
BM-GF_ROOF-B1-BL008-478|HANGER,BM-GF_ROOF-B1-BL008-478,SIMPLE_BEAM,B1,,HANGER,BEAM_EXTRA_BAR,MASS,NOT_APPLICABLE,,,,,,,,,,,,,,,,,,,,ABSENT: no hanger field and no hanger detail (TOP BARS listed; no hanger role asserted)
BM-GF_ROOF-B1-BL008-478|SIDE_REBAR,BM-GF_ROOF-B1-BL008-478,SIMPLE_BEAM,B1,,SIDE_REBAR,BEAM_SIDE_BAR,MASS,NOT_APPLICABLE,,,,,,,,,,,,,,,,,,,,no side bars printed; depth 40.0 cm
BM-GF_ROOF-B1-BL008-478|STIRRUP_COUNT|SPAN1,BM-GF_ROOF-B1-BL008-478,SIMPLE_BEAM,B1,,STIRRUP_COUNT,BEAM_STIRRUP,COUNT,LOWER_BOUND,SOURCE_BOUND,,1,8,,,,,,8,9,,,,,,,,,first / last stirrup position not stated; no +1
BM-GF_ROOF-B1-BL008-478|STIRRUP_CORE_PATH|SPAN1,BM-GF_ROOF-B1-BL008-478,SIMPLE_BEAM,B1,,STIRRUP_CORE_PATH,BEAM_STIRRUP,MASS,BLOCKED_UNQUANTIFIED,,,1,8,,,,,,,,,,,,,,"[""LEGS / TOPOLOGY UNRESOLVED"", ""HOOKS BLOCKED_UNQUANTIFIED"", ""LEGS / LINK TOPOLOGY NOT_ESTABLISHED"", ""STIRRUP HOOKS NOT_ESTABLISHED""]",Q7,"stirrup mass needs legs, path, hooks and section; missing: LEGS / TOPOLOGY UNRESOLVED; HOOKS BLOCKED_UNQUANTIFIED; LEGS / LINK TOPOLOGY NOT_ESTABLISHED; STIRRUP HOOKS NOT_ESTABLISHED"
BM-GF_ROOF-B1-BL008-478|HOOK_1,BM-GF_ROOF-B1-BL008-478,SIMPLE_BEAM,B1,,HOOK_1,ANCHORAGE,MASS,BLOCKED_UNQUANTIFIED,,,,,,,,,,,,,,,,,,,Q1,"bar-end hook / bend: end legs drawn N.T.S. without a dimension; no project hook source; column hook rules are not imported - Q1 at end 1 ({'kind': 'BEAM_CARRIED_BY', 'refs': ['BL003']})"
BM-GF_ROOF-B1-BL008-478|DEVELOPMENT_1,BM-GF_ROOF-B1-BL008-478,SIMPLE_BEAM,B1,,DEVELOPMENT_1,ANCHORAGE,MASS,BLOCKED_UNQUANTIFIED,,,,,,,,,,,,,,,,,,,Q1,"development / anchorage: no beam-source development rule (note 9 70Ø / 40Ø is starter-bar context only; no 40D, 70D, code, Urban default or external value is used) - Q1 at end 1 ({'kind': 'BEAM_CARRIED_BY', 'refs': ['BL003']})"
BM-GF_ROOF-B1-BL008-478|HOOK_2,BM-GF_ROOF-B1-BL008-478,SIMPLE_BEAM,B1,,HOOK_2,ANCHORAGE,MASS,BLOCKED_UNQUANTIFIED,,,,,,,,,,,,,,,,,,,Q1,"bar-end hook / bend: end legs drawn N.T.S. without a dimension; no project hook source; column hook rules are not imported - Q1 at end 2 ({'kind': 'COLUMN', 'refs': ['GFRS:365']})"
BM-GF_ROOF-B1-BL008-478|DEVELOPMENT_2,BM-GF_ROOF-B1-BL008-478,SIMPLE_BEAM,B1,,DEVELOPMENT_2,ANCHORAGE,MASS,BLOCKED_UNQUANTIFIED,,,,,,,,,,,,,,,,,,,Q1,"development / anchorage: no beam-source development rule (note 9 70Ø / 40Ø is starter-bar context only; no 40D, 70D, code, Urban default or external value is used) - Q1 at end 2 ({'kind': 'COLUMN', 'refs': ['GFRS:365']})"
BM-GF_ROOF-B1-BL008-478|OPENING_EXTRA_TOP,BM-GF_ROOF-B1-BL008-478,SIMPLE_BEAM,B1,,OPENING_EXTRA_TOP,SPECIAL_DETAIL_BAR,MASS,NOT_APPLICABLE,,,,,,,,,,,,,,,,,,,,no source-identified physical opening in this beam (26 opening objects checked project-wide; the generic opening detail is not applied globally)
BM-GF_ROOF-B1-BL008-478|OPENING_EXTRA_BOTTOM,BM-GF_ROOF-B1-BL008-478,SIMPLE_BEAM,B1,,OPENING_EXTRA_BOTTOM,SPECIAL_DETAIL_BAR,MASS,NOT_APPLICABLE,,,,,,,,,,,,,,,,,,,,no source-identified physical opening in this beam (26 opening objects checked project-wide; the generic opening detail is not applied globally)
BM-GF_ROOF-B1-BL008-478|OPENING_EXTRA_SIDE,BM-GF_ROOF-B1-BL008-478,SIMPLE_BEAM,B1,,OPENING_EXTRA_SIDE,SPECIAL_DETAIL_BAR,MASS,NOT_APPLICABLE,,,,,,,,,,,,,,,,,,,,no source-identified physical opening in this beam (26 opening objects checked project-wide; the generic opening detail is not applied globally)
BM-GF_ROOF-B1-BL008-478|OPENING_EXTRA_STIRRUP,BM-GF_ROOF-B1-BL008-478,SIMPLE_BEAM,B1,,OPENING_EXTRA_STIRRUP,BEAM_STIRRUP,MASS,NOT_APPLICABLE,,,,,,,,,,,,,,,,,,,,no source-identified physical opening in this beam (26 opening objects checked project-wide; the generic opening detail is not applied globally)
BM-GF_ROOF-B1-BL008-478|OTHER_EXPLICIT_EXTRA,BM-GF_ROOF-B1-BL008-478,SIMPLE_BEAM,B1,,OTHER_EXPLICIT_EXTRA,SPECIAL_DETAIL_BAR,MASS,NOT_APPLICABLE,,,,,,,,,,,,,,,,,,,,no other explicit extra scheduled or detailed for this occurrence
BM-GF_ROOF-B1-BL012-50E|TOP_MAIN|BM-GF_ROOF-B1-BL012-50E:TOP_MAIN,BM-GF_ROOF-B1-BL012-50E,SIMPLE_BEAM,B1,,TOP_MAIN,BEAM_TOP_BAR,MASS,LOWER_BOUND,SOURCE_BOUND,BM-GF_ROOF-B1-BL012-50E:TOP_MAIN,,12,2,1.2,2.4,0.888889,2.133333,,,SOURCE_VERIFIED,NOT_ESTABLISHED,,,,"[""development / anchorage into the supports: no beam-source rule (note 9 70Ø/40Ø is for starter bars only; the slab 0.25L / 0.30L rules are never borrowed)"", ""DEVELOPMENT / ANCHORAGE at the end supports (not source-established)"", ""BAR-END HOOK / BEND at the end supports (not detailed)""]",,,development / anchorage into the supports: no beam-source rule (note 9 70Ø/40Ø is for starter bars only; the slab 0.25L / 0.30L rules are never borrowed); DEVELOPMENT / ANCHORAGE at the end supports (not source-established); BAR-END HOOK / BEND at the end supports (not detailed)
BM-GF_ROOF-B1-BL012-50E|BOTTOM_MAIN|BM-GF_ROOF-B1-BL012-50E:BOTTOM_MAIN,BM-GF_ROOF-B1-BL012-50E,SIMPLE_BEAM,B1,,BOTTOM_MAIN,BEAM_BOTTOM_BAR,MASS,LOWER_BOUND,SOURCE_BOUND,BM-GF_ROOF-B1-BL012-50E:BOTTOM_MAIN,,14,2,1.2,2.4,1.209877,2.903704,,,SOURCE_VERIFIED,NOT_ESTABLISHED,,,,"[""development / anchorage into the supports: no beam-source rule (note 9 70Ø/40Ø is for starter bars only; the slab 0.25L / 0.30L rules are never borrowed)"", ""DEVELOPMENT / ANCHORAGE at the end supports (not source-established)"", ""BAR-END HOOK / BEND at the end supports (not detailed)""]",,,development / anchorage into the supports: no beam-source rule (note 9 70Ø/40Ø is for starter bars only; the slab 0.25L / 0.30L rules are never borrowed); DEVELOPMENT / ANCHORAGE at the end supports (not source-established); BAR-END HOOK / BEND at the end supports (not detailed)
BM-GF_ROOF-B1-BL012-50E|TOP_SUPPORT,BM-GF_ROOF-B1-BL012-50E,SIMPLE_BEAM,B1,,TOP_SUPPORT,BEAM_EXTRA_BAR,MASS,NOT_APPLICABLE,,,,,,,,,,,,,,,,,,,,not scheduled in the SBT (no support bar field in the SBT)
BM-GF_ROOF-B1-BL012-50E|BOTTOM_SUPPORT,BM-GF_ROOF-B1-BL012-50E,SIMPLE_BEAM,B1,,BOTTOM_SUPPORT,BEAM_EXTRA_BAR,MASS,NOT_APPLICABLE,,,,,,,,,,,,,,,,,,,,not scheduled in the SBT (no bottom extra field in the SBT)
BM-GF_ROOF-B1-BL012-50E|MID_TOP,BM-GF_ROOF-B1-BL012-50E,SIMPLE_BEAM,B1,,MID_TOP,BEAM_EXTRA_BAR,MASS,NOT_APPLICABLE,,,,,,,,,,,,,,,,,,,,a simple beam has one span and no interior support; the SBT has no MID field
BM-GF_ROOF-B1-BL012-50E|MID_BOTTOM,BM-GF_ROOF-B1-BL012-50E,SIMPLE_BEAM,B1,,MID_BOTTOM,BEAM_EXTRA_BAR,MASS,NOT_APPLICABLE,,,,,,,,,,,,,,,,,,,,a simple beam has one span and no interior support; the SBT has no MID field
BM-GF_ROOF-B1-BL012-50E|HANGER,BM-GF_ROOF-B1-BL012-50E,SIMPLE_BEAM,B1,,HANGER,BEAM_EXTRA_BAR,MASS,NOT_APPLICABLE,,,,,,,,,,,,,,,,,,,,ABSENT: no hanger field and no hanger detail (TOP BARS listed; no hanger role asserted)
BM-GF_ROOF-B1-BL012-50E|SIDE_REBAR,BM-GF_ROOF-B1-BL012-50E,SIMPLE_BEAM,B1,,SIDE_REBAR,BEAM_SIDE_BAR,MASS,NOT_APPLICABLE,,,,,,,,,,,,,,,,,,,,no side bars printed; depth 40.0 cm
BM-GF_ROOF-B1-BL012-50E|STIRRUP_COUNT|SPAN1,BM-GF_ROOF-B1-BL012-50E,SIMPLE_BEAM,B1,,STIRRUP_COUNT,BEAM_STIRRUP,COUNT,LOWER_BOUND,SOURCE_BOUND,,1,8,,,,,,8,9,,,,,,,,,first / last stirrup position not stated; no +1
BM-GF_ROOF-B1-BL012-50E|STIRRUP_CORE_PATH|SPAN1,BM-GF_ROOF-B1-BL012-50E,SIMPLE_BEAM,B1,,STIRRUP_CORE_PATH,BEAM_STIRRUP,MASS,BLOCKED_UNQUANTIFIED,,,1,8,,,,,,,,,,,,,,"[""LEGS / TOPOLOGY UNRESOLVED"", ""HOOKS BLOCKED_UNQUANTIFIED"", ""LEGS / LINK TOPOLOGY NOT_ESTABLISHED"", ""STIRRUP HOOKS NOT_ESTABLISHED""]",Q7,"stirrup mass needs legs, path, hooks and section; missing: LEGS / TOPOLOGY UNRESOLVED; HOOKS BLOCKED_UNQUANTIFIED; LEGS / LINK TOPOLOGY NOT_ESTABLISHED; STIRRUP HOOKS NOT_ESTABLISHED"
BM-GF_ROOF-B1-BL012-50E|HOOK_1,BM-GF_ROOF-B1-BL012-50E,SIMPLE_BEAM,B1,,HOOK_1,ANCHORAGE,MASS,BLOCKED_UNQUANTIFIED,,,,,,,,,,,,,,,,,,,Q1,"bar-end hook / bend: end legs drawn N.T.S. without a dimension; no project hook source; column hook rules are not imported - Q1 at end 1 ({'kind': 'BEAM_CARRIED_BY', 'refs': ['BL024']})"
BM-GF_ROOF-B1-BL012-50E|DEVELOPMENT_1,BM-GF_ROOF-B1-BL012-50E,SIMPLE_BEAM,B1,,DEVELOPMENT_1,ANCHORAGE,MASS,BLOCKED_UNQUANTIFIED,,,,,,,,,,,,,,,,,,,Q1,"development / anchorage: no beam-source development rule (note 9 70Ø / 40Ø is starter-bar context only; no 40D, 70D, code, Urban default or external value is used) - Q1 at end 1 ({'kind': 'BEAM_CARRIED_BY', 'refs': ['BL024']})"
BM-GF_ROOF-B1-BL012-50E|HOOK_2,BM-GF_ROOF-B1-BL012-50E,SIMPLE_BEAM,B1,,HOOK_2,ANCHORAGE,MASS,BLOCKED_UNQUANTIFIED,,,,,,,,,,,,,,,,,,,Q1,"bar-end hook / bend: end legs drawn N.T.S. without a dimension; no project hook source; column hook rules are not imported - Q1 at end 2 ({'kind': 'COLUMN', 'refs': ['GFRS:374']})"
BM-GF_ROOF-B1-BL012-50E|DEVELOPMENT_2,BM-GF_ROOF-B1-BL012-50E,SIMPLE_BEAM,B1,,DEVELOPMENT_2,ANCHORAGE,MASS,BLOCKED_UNQUANTIFIED,,,,,,,,,,,,,,,,,,,Q1,"development / anchorage: no beam-source development rule (note 9 70Ø / 40Ø is starter-bar context only; no 40D, 70D, code, Urban default or external value is used) - Q1 at end 2 ({'kind': 'COLUMN', 'refs': ['GFRS:374']})"
BM-GF_ROOF-B1-BL012-50E|OPENING_EXTRA_TOP,BM-GF_ROOF-B1-BL012-50E,SIMPLE_BEAM,B1,,OPENING_EXTRA_TOP,SPECIAL_DETAIL_BAR,MASS,NOT_APPLICABLE,,,,,,,,,,,,,,,,,,,,no source-identified physical opening in this beam (26 opening objects checked project-wide; the generic opening detail is not applied globally)
BM-GF_ROOF-B1-BL012-50E|OPENING_EXTRA_BOTTOM,BM-GF_ROOF-B1-BL012-50E,SIMPLE_BEAM,B1,,OPENING_EXTRA_BOTTOM,SPECIAL_DETAIL_BAR,MASS,NOT_APPLICABLE,,,,,,,,,,,,,,,,,,,,no source-identified physical opening in this beam (26 opening objects checked project-wide; the generic opening detail is not applied globally)
BM-GF_ROOF-B1-BL012-50E|OPENING_EXTRA_SIDE,BM-GF_ROOF-B1-BL012-50E,SIMPLE_BEAM,B1,,OPENING_EXTRA_SIDE,SPECIAL_DETAIL_BAR,MASS,NOT_APPLICABLE,,,,,,,,,,,,,,,,,,,,no source-identified physical opening in this beam (26 opening objects checked project-wide; the generic opening detail is not applied globally)
BM-GF_ROOF-B1-BL012-50E|OPENING_EXTRA_STIRRUP,BM-GF_ROOF-B1-BL012-50E,SIMPLE_BEAM,B1,,OPENING_EXTRA_STIRRUP,BEAM_STIRRUP,MASS,NOT_APPLICABLE,,,,,,,,,,,,,,,,,,,,no source-identified physical opening in this beam (26 opening objects checked project-wide; the generic opening detail is not applied globally)
BM-GF_ROOF-B1-BL012-50E|OTHER_EXPLICIT_EXTRA,BM-GF_ROOF-B1-BL012-50E,SIMPLE_BEAM,B1,,OTHER_EXPLICIT_EXTRA,SPECIAL_DETAIL_BAR,MASS,NOT_APPLICABLE,,,,,,,,,,,,,,,,,,,,no other explicit extra scheduled or detailed for this occurrence
BM-GF_ROOF-B1-BL016-45D|TOP_MAIN|BM-GF_ROOF-B1-BL016-45D:TOP_MAIN,BM-GF_ROOF-B1-BL016-45D,SIMPLE_BEAM,B1,,TOP_MAIN,BEAM_TOP_BAR,MASS,BLOCKED_UNQUANTIFIED,,BM-GF_ROOF-B1-BL016-45D:TOP_MAIN,,12,2,,,,,,,,,,,,,,R1,binding is a candidate (tag binding BOUND_CANDIDATE: a candidate never releases steel)
BM-GF_ROOF-B1-BL016-45D|BOTTOM_MAIN|BM-GF_ROOF-B1-BL016-45D:BOTTOM_MAIN,BM-GF_ROOF-B1-BL016-45D,SIMPLE_BEAM,B1,,BOTTOM_MAIN,BEAM_BOTTOM_BAR,MASS,BLOCKED_UNQUANTIFIED,,BM-GF_ROOF-B1-BL016-45D:BOTTOM_MAIN,,14,2,,,,,,,,,,,,,,R1,binding is a candidate (tag binding BOUND_CANDIDATE: a candidate never releases steel)
BM-GF_ROOF-B1-BL016-45D|TOP_SUPPORT,BM-GF_ROOF-B1-BL016-45D,SIMPLE_BEAM,B1,,TOP_SUPPORT,BEAM_EXTRA_BAR,MASS,NOT_APPLICABLE,,,,,,,,,,,,,,,,,,,,not scheduled in the SBT (no support bar field in the SBT)
BM-GF_ROOF-B1-BL016-45D|BOTTOM_SUPPORT,BM-GF_ROOF-B1-BL016-45D,SIMPLE_BEAM,B1,,BOTTOM_SUPPORT,BEAM_EXTRA_BAR,MASS,NOT_APPLICABLE,,,,,,,,,,,,,,,,,,,,not scheduled in the SBT (no bottom extra field in the SBT)
BM-GF_ROOF-B1-BL016-45D|MID_TOP,BM-GF_ROOF-B1-BL016-45D,SIMPLE_BEAM,B1,,MID_TOP,BEAM_EXTRA_BAR,MASS,NOT_APPLICABLE,,,,,,,,,,,,,,,,,,,,a simple beam has one span and no interior support; the SBT has no MID field
BM-GF_ROOF-B1-BL016-45D|MID_BOTTOM,BM-GF_ROOF-B1-BL016-45D,SIMPLE_BEAM,B1,,MID_BOTTOM,BEAM_EXTRA_BAR,MASS,NOT_APPLICABLE,,,,,,,,,,,,,,,,,,,,a simple beam has one span and no interior support; the SBT has no MID field
BM-GF_ROOF-B1-BL016-45D|HANGER,BM-GF_ROOF-B1-BL016-45D,SIMPLE_BEAM,B1,,HANGER,BEAM_EXTRA_BAR,MASS,NOT_APPLICABLE,,,,,,,,,,,,,,,,,,,,ABSENT: no hanger field and no hanger detail (TOP BARS listed; no hanger role asserted)
BM-GF_ROOF-B1-BL016-45D|SIDE_REBAR,BM-GF_ROOF-B1-BL016-45D,SIMPLE_BEAM,B1,,SIDE_REBAR,BEAM_SIDE_BAR,MASS,NOT_APPLICABLE,,,,,,,,,,,,,,,,,,,,no side bars printed; depth 40.0 cm
BM-GF_ROOF-B1-BL016-45D|STIRRUP_COUNT|SPAN1,BM-GF_ROOF-B1-BL016-45D,SIMPLE_BEAM,B1,,STIRRUP_COUNT,BEAM_STIRRUP,COUNT,BLOCKED_UNQUANTIFIED,,,1,8,,,,,,,,,,,,,,,R1,binding is a candidate (tag binding BOUND_CANDIDATE: a candidate never releases steel)
BM-GF_ROOF-B1-BL016-45D|STIRRUP_CORE_PATH|SPAN1,BM-GF_ROOF-B1-BL016-45D,SIMPLE_BEAM,B1,,STIRRUP_CORE_PATH,BEAM_STIRRUP,MASS,BLOCKED_UNQUANTIFIED,,,1,8,,,,,,,,,,,,,,"[""LEGS / TOPOLOGY UNRESOLVED"", ""HOOKS BLOCKED_UNQUANTIFIED"", ""LEGS / LINK TOPOLOGY NOT_ESTABLISHED"", ""STIRRUP HOOKS NOT_ESTABLISHED"", ""occurrence blocked: binding is a candidate (tag binding BOUND_CANDIDATE: a candidate never releases steel)""]",Q7,"stirrup mass needs legs, path, hooks and section; missing: LEGS / TOPOLOGY UNRESOLVED; HOOKS BLOCKED_UNQUANTIFIED; LEGS / LINK TOPOLOGY NOT_ESTABLISHED; STIRRUP HOOKS NOT_ESTABLISHED; occurrence blocked: binding is a candidate (tag binding BOUND_CANDIDATE: a candidate never releases steel)"
BM-GF_ROOF-B1-BL016-45D|HOOK_1,BM-GF_ROOF-B1-BL016-45D,SIMPLE_BEAM,B1,,HOOK_1,ANCHORAGE,MASS,BLOCKED_UNQUANTIFIED,,,,,,,,,,,,,,,,,,,Q1,"bar-end hook / bend: end legs drawn N.T.S. without a dimension; no project hook source; column hook rules are not imported - Q1 at end 1 ({'kind': 'BEAM_CROSSING', 'refs': []}); occurrence blocked: binding is a candidate (tag binding BOUND_CANDIDATE: a candidate never releases steel)"
BM-GF_ROOF-B1-BL016-45D|DEVELOPMENT_1,BM-GF_ROOF-B1-BL016-45D,SIMPLE_BEAM,B1,,DEVELOPMENT_1,ANCHORAGE,MASS,BLOCKED_UNQUANTIFIED,,,,,,,,,,,,,,,,,,,Q1,"development / anchorage: no beam-source development rule (note 9 70Ø / 40Ø is starter-bar context only; no 40D, 70D, code, Urban default or external value is used) - Q1 at end 1 ({'kind': 'BEAM_CROSSING', 'refs': []}); occurrence blocked: binding is a candidate (tag binding BOUND_CANDIDATE: a candidate never releases steel)"
BM-GF_ROOF-B1-BL016-45D|HOOK_2,BM-GF_ROOF-B1-BL016-45D,SIMPLE_BEAM,B1,,HOOK_2,ANCHORAGE,MASS,BLOCKED_UNQUANTIFIED,,,,,,,,,,,,,,,,,,,Q1,"bar-end hook / bend: end legs drawn N.T.S. without a dimension; no project hook source; column hook rules are not imported - Q1 at end 2 ({'kind': 'COLUMN', 'refs': []}); occurrence blocked: binding is a candidate (tag binding BOUND_CANDIDATE: a candidate never releases steel)"
BM-GF_ROOF-B1-BL016-45D|DEVELOPMENT_2,BM-GF_ROOF-B1-BL016-45D,SIMPLE_BEAM,B1,,DEVELOPMENT_2,ANCHORAGE,MASS,BLOCKED_UNQUANTIFIED,,,,,,,,,,,,,,,,,,,Q1,"development / anchorage: no beam-source development rule (note 9 70Ø / 40Ø is starter-bar context only; no 40D, 70D, code, Urban default or external value is used) - Q1 at end 2 ({'kind': 'COLUMN', 'refs': []}); occurrence blocked: binding is a candidate (tag binding BOUND_CANDIDATE: a candidate never releases steel)"
BM-GF_ROOF-B1-BL016-45D|OPENING_EXTRA_TOP,BM-GF_ROOF-B1-BL016-45D,SIMPLE_BEAM,B1,,OPENING_EXTRA_TOP,SPECIAL_DETAIL_BAR,MASS,NOT_APPLICABLE,,,,,,,,,,,,,,,,,,,,no source-identified physical opening in this beam (26 opening objects checked project-wide; the generic opening detail is not applied globally)
BM-GF_ROOF-B1-BL016-45D|OPENING_EXTRA_BOTTOM,BM-GF_ROOF-B1-BL016-45D,SIMPLE_BEAM,B1,,OPENING_EXTRA_BOTTOM,SPECIAL_DETAIL_BAR,MASS,NOT_APPLICABLE,,,,,,,,,,,,,,,,,,,,no source-identified physical opening in this beam (26 opening objects checked project-wide; the generic opening detail is not applied globally)
BM-GF_ROOF-B1-BL016-45D|OPENING_EXTRA_SIDE,BM-GF_ROOF-B1-BL016-45D,SIMPLE_BEAM,B1,,OPENING_EXTRA_SIDE,SPECIAL_DETAIL_BAR,MASS,NOT_APPLICABLE,,,,,,,,,,,,,,,,,,,,no source-identified physical opening in this beam (26 opening objects checked project-wide; the generic opening detail is not applied globally)
BM-GF_ROOF-B1-BL016-45D|OPENING_EXTRA_STIRRUP,BM-GF_ROOF-B1-BL016-45D,SIMPLE_BEAM,B1,,OPENING_EXTRA_STIRRUP,BEAM_STIRRUP,MASS,NOT_APPLICABLE,,,,,,,,,,,,,,,,,,,,no source-identified physical opening in this beam (26 opening objects checked project-wide; the generic opening detail is not applied globally)
BM-GF_ROOF-B1-BL016-45D|OTHER_EXPLICIT_EXTRA,BM-GF_ROOF-B1-BL016-45D,SIMPLE_BEAM,B1,,OTHER_EXPLICIT_EXTRA,SPECIAL_DETAIL_BAR,MASS,NOT_APPLICABLE,,,,,,,,,,,,,,,,,,,,no other explicit extra scheduled or detailed for this occurrence
BM-GF_ROOF-B1-BL023-466|TOP_MAIN|BM-GF_ROOF-B1-BL023-466:TOP_MAIN,BM-GF_ROOF-B1-BL023-466,SIMPLE_BEAM,B1,,TOP_MAIN,BEAM_TOP_BAR,MASS,LOWER_BOUND,SOURCE_BOUND,BM-GF_ROOF-B1-BL023-466:TOP_MAIN,,12,2,2.569,5.138,0.888889,4.567111,,,SOURCE_VERIFIED,NOT_ESTABLISHED,,,,"[""development / anchorage into the supports: no beam-source rule (note 9 70Ø/40Ø is for starter bars only; the slab 0.25L / 0.30L rules are never borrowed)"", ""DEVELOPMENT / ANCHORAGE at the end supports (not source-established)"", ""BAR-END HOOK / BEND at the end supports (not detailed)""]",,,development / anchorage into the supports: no beam-source rule (note 9 70Ø/40Ø is for starter bars only; the slab 0.25L / 0.30L rules are never borrowed); DEVELOPMENT / ANCHORAGE at the end supports (not source-established); BAR-END HOOK / BEND at the end supports (not detailed)
BM-GF_ROOF-B1-BL023-466|BOTTOM_MAIN|BM-GF_ROOF-B1-BL023-466:BOTTOM_MAIN,BM-GF_ROOF-B1-BL023-466,SIMPLE_BEAM,B1,,BOTTOM_MAIN,BEAM_BOTTOM_BAR,MASS,LOWER_BOUND,SOURCE_BOUND,BM-GF_ROOF-B1-BL023-466:BOTTOM_MAIN,,14,2,2.569,5.138,1.209877,6.216346,,,SOURCE_VERIFIED,NOT_ESTABLISHED,,,,"[""development / anchorage into the supports: no beam-source rule (note 9 70Ø/40Ø is for starter bars only; the slab 0.25L / 0.30L rules are never borrowed)"", ""DEVELOPMENT / ANCHORAGE at the end supports (not source-established)"", ""BAR-END HOOK / BEND at the end supports (not detailed)""]",,,development / anchorage into the supports: no beam-source rule (note 9 70Ø/40Ø is for starter bars only; the slab 0.25L / 0.30L rules are never borrowed); DEVELOPMENT / ANCHORAGE at the end supports (not source-established); BAR-END HOOK / BEND at the end supports (not detailed)
BM-GF_ROOF-B1-BL023-466|TOP_SUPPORT,BM-GF_ROOF-B1-BL023-466,SIMPLE_BEAM,B1,,TOP_SUPPORT,BEAM_EXTRA_BAR,MASS,NOT_APPLICABLE,,,,,,,,,,,,,,,,,,,,not scheduled in the SBT (no support bar field in the SBT)
BM-GF_ROOF-B1-BL023-466|BOTTOM_SUPPORT,BM-GF_ROOF-B1-BL023-466,SIMPLE_BEAM,B1,,BOTTOM_SUPPORT,BEAM_EXTRA_BAR,MASS,NOT_APPLICABLE,,,,,,,,,,,,,,,,,,,,not scheduled in the SBT (no bottom extra field in the SBT)
BM-GF_ROOF-B1-BL023-466|MID_TOP,BM-GF_ROOF-B1-BL023-466,SIMPLE_BEAM,B1,,MID_TOP,BEAM_EXTRA_BAR,MASS,NOT_APPLICABLE,,,,,,,,,,,,,,,,,,,,a simple beam has one span and no interior support; the SBT has no MID field
BM-GF_ROOF-B1-BL023-466|MID_BOTTOM,BM-GF_ROOF-B1-BL023-466,SIMPLE_BEAM,B1,,MID_BOTTOM,BEAM_EXTRA_BAR,MASS,NOT_APPLICABLE,,,,,,,,,,,,,,,,,,,,a simple beam has one span and no interior support; the SBT has no MID field
BM-GF_ROOF-B1-BL023-466|HANGER,BM-GF_ROOF-B1-BL023-466,SIMPLE_BEAM,B1,,HANGER,BEAM_EXTRA_BAR,MASS,NOT_APPLICABLE,,,,,,,,,,,,,,,,,,,,ABSENT: no hanger field and no hanger detail (TOP BARS listed; no hanger role asserted)
BM-GF_ROOF-B1-BL023-466|SIDE_REBAR,BM-GF_ROOF-B1-BL023-466,SIMPLE_BEAM,B1,,SIDE_REBAR,BEAM_SIDE_BAR,MASS,NOT_APPLICABLE,,,,,,,,,,,,,,,,,,,,no side bars printed; depth 40.0 cm
BM-GF_ROOF-B1-BL023-466|STIRRUP_COUNT|SPAN1,BM-GF_ROOF-B1-BL023-466,SIMPLE_BEAM,B1,,STIRRUP_COUNT,BEAM_STIRRUP,COUNT,LOWER_BOUND,SOURCE_BOUND,,1,8,,,,,,16,17,,,,,,,,,first / last stirrup position not stated; no +1
BM-GF_ROOF-B1-BL023-466|STIRRUP_CORE_PATH|SPAN1,BM-GF_ROOF-B1-BL023-466,SIMPLE_BEAM,B1,,STIRRUP_CORE_PATH,BEAM_STIRRUP,MASS,BLOCKED_UNQUANTIFIED,,,1,8,,,,,,,,,,,,,,"[""LEGS / TOPOLOGY UNRESOLVED"", ""HOOKS BLOCKED_UNQUANTIFIED"", ""LEGS / LINK TOPOLOGY NOT_ESTABLISHED"", ""STIRRUP HOOKS NOT_ESTABLISHED""]",Q7,"stirrup mass needs legs, path, hooks and section; missing: LEGS / TOPOLOGY UNRESOLVED; HOOKS BLOCKED_UNQUANTIFIED; LEGS / LINK TOPOLOGY NOT_ESTABLISHED; STIRRUP HOOKS NOT_ESTABLISHED"
BM-GF_ROOF-B1-BL023-466|HOOK_1,BM-GF_ROOF-B1-BL023-466,SIMPLE_BEAM,B1,,HOOK_1,ANCHORAGE,MASS,BLOCKED_UNQUANTIFIED,,,,,,,,,,,,,,,,,,,Q1,"bar-end hook / bend: end legs drawn N.T.S. without a dimension; no project hook source; column hook rules are not imported - Q1 at end 1 ({'kind': 'BEAM_CARRIED_BY', 'refs': ['BL039']})"
BM-GF_ROOF-B1-BL023-466|DEVELOPMENT_1,BM-GF_ROOF-B1-BL023-466,SIMPLE_BEAM,B1,,DEVELOPMENT_1,ANCHORAGE,MASS,BLOCKED_UNQUANTIFIED,,,,,,,,,,,,,,,,,,,Q1,"development / anchorage: no beam-source development rule (note 9 70Ø / 40Ø is starter-bar context only; no 40D, 70D, code, Urban default or external value is used) - Q1 at end 1 ({'kind': 'BEAM_CARRIED_BY', 'refs': ['BL039']})"
BM-GF_ROOF-B1-BL023-466|HOOK_2,BM-GF_ROOF-B1-BL023-466,SIMPLE_BEAM,B1,,HOOK_2,ANCHORAGE,MASS,BLOCKED_UNQUANTIFIED,,,,,,,,,,,,,,,,,,,Q1,"bar-end hook / bend: end legs drawn N.T.S. without a dimension; no project hook source; column hook rules are not imported - Q1 at end 2 ({'kind': 'BEAM_CROSSING', 'refs': ['BL042']})"
BM-GF_ROOF-B1-BL023-466|DEVELOPMENT_2,BM-GF_ROOF-B1-BL023-466,SIMPLE_BEAM,B1,,DEVELOPMENT_2,ANCHORAGE,MASS,BLOCKED_UNQUANTIFIED,,,,,,,,,,,,,,,,,,,Q1,"development / anchorage: no beam-source development rule (note 9 70Ø / 40Ø is starter-bar context only; no 40D, 70D, code, Urban default or external value is used) - Q1 at end 2 ({'kind': 'BEAM_CROSSING', 'refs': ['BL042']})"
BM-GF_ROOF-B1-BL023-466|OPENING_EXTRA_TOP,BM-GF_ROOF-B1-BL023-466,SIMPLE_BEAM,B1,,OPENING_EXTRA_TOP,SPECIAL_DETAIL_BAR,MASS,NOT_APPLICABLE,,,,,,,,,,,,,,,,,,,,no source-identified physical opening in this beam (26 opening objects checked project-wide; the generic opening detail is not applied globally)
BM-GF_ROOF-B1-BL023-466|OPENING_EXTRA_BOTTOM,BM-GF_ROOF-B1-BL023-466,SIMPLE_BEAM,B1,,OPENING_EXTRA_BOTTOM,SPECIAL_DETAIL_BAR,MASS,NOT_APPLICABLE,,,,,,,,,,,,,,,,,,,,no source-identified physical opening in this beam (26 opening objects checked project-wide; the generic opening detail is not applied globally)
BM-GF_ROOF-B1-BL023-466|OPENING_EXTRA_SIDE,BM-GF_ROOF-B1-BL023-466,SIMPLE_BEAM,B1,,OPENING_EXTRA_SIDE,SPECIAL_DETAIL_BAR,MASS,NOT_APPLICABLE,,,,,,,,,,,,,,,,,,,,no source-identified physical opening in this beam (26 opening objects checked project-wide; the generic opening detail is not applied globally)
BM-GF_ROOF-B1-BL023-466|OPENING_EXTRA_STIRRUP,BM-GF_ROOF-B1-BL023-466,SIMPLE_BEAM,B1,,OPENING_EXTRA_STIRRUP,BEAM_STIRRUP,MASS,NOT_APPLICABLE,,,,,,,,,,,,,,,,,,,,no source-identified physical opening in this beam (26 opening objects checked project-wide; the generic opening detail is not applied globally)
BM-GF_ROOF-B1-BL023-466|OTHER_EXPLICIT_EXTRA,BM-GF_ROOF-B1-BL023-466,SIMPLE_BEAM,B1,,OTHER_EXPLICIT_EXTRA,SPECIAL_DETAIL_BAR,MASS,NOT_APPLICABLE,,,,,,,,,,,,,,,,,,,,no other explicit extra scheduled or detailed for this occurrence
BM-GF_ROOF-B1-BL027-4B7|TOP_MAIN|BM-GF_ROOF-B1-BL027-4B7:TOP_MAIN,BM-GF_ROOF-B1-BL027-4B7,SIMPLE_BEAM,B1,,TOP_MAIN,BEAM_TOP_BAR,MASS,LOWER_BOUND,SOURCE_BOUND,BM-GF_ROOF-B1-BL027-4B7:TOP_MAIN,,12,2,0.7,1.4,0.888889,1.244444,,,SOURCE_VERIFIED,NOT_ESTABLISHED,,,,"[""development / anchorage into the supports: no beam-source rule (note 9 70Ø/40Ø is for starter bars only; the slab 0.25L / 0.30L rules are never borrowed)"", ""DEVELOPMENT / ANCHORAGE at the end supports (not source-established)"", ""BAR-END HOOK / BEND at the end supports (not detailed)""]",,,development / anchorage into the supports: no beam-source rule (note 9 70Ø/40Ø is for starter bars only; the slab 0.25L / 0.30L rules are never borrowed); DEVELOPMENT / ANCHORAGE at the end supports (not source-established); BAR-END HOOK / BEND at the end supports (not detailed)
BM-GF_ROOF-B1-BL027-4B7|BOTTOM_MAIN|BM-GF_ROOF-B1-BL027-4B7:BOTTOM_MAIN,BM-GF_ROOF-B1-BL027-4B7,SIMPLE_BEAM,B1,,BOTTOM_MAIN,BEAM_BOTTOM_BAR,MASS,LOWER_BOUND,SOURCE_BOUND,BM-GF_ROOF-B1-BL027-4B7:BOTTOM_MAIN,,14,2,0.7,1.4,1.209877,1.693827,,,SOURCE_VERIFIED,NOT_ESTABLISHED,,,,"[""development / anchorage into the supports: no beam-source rule (note 9 70Ø/40Ø is for starter bars only; the slab 0.25L / 0.30L rules are never borrowed)"", ""DEVELOPMENT / ANCHORAGE at the end supports (not source-established)"", ""BAR-END HOOK / BEND at the end supports (not detailed)""]",,,development / anchorage into the supports: no beam-source rule (note 9 70Ø/40Ø is for starter bars only; the slab 0.25L / 0.30L rules are never borrowed); DEVELOPMENT / ANCHORAGE at the end supports (not source-established); BAR-END HOOK / BEND at the end supports (not detailed)
BM-GF_ROOF-B1-BL027-4B7|TOP_SUPPORT,BM-GF_ROOF-B1-BL027-4B7,SIMPLE_BEAM,B1,,TOP_SUPPORT,BEAM_EXTRA_BAR,MASS,NOT_APPLICABLE,,,,,,,,,,,,,,,,,,,,not scheduled in the SBT (no support bar field in the SBT)
BM-GF_ROOF-B1-BL027-4B7|BOTTOM_SUPPORT,BM-GF_ROOF-B1-BL027-4B7,SIMPLE_BEAM,B1,,BOTTOM_SUPPORT,BEAM_EXTRA_BAR,MASS,NOT_APPLICABLE,,,,,,,,,,,,,,,,,,,,not scheduled in the SBT (no bottom extra field in the SBT)
BM-GF_ROOF-B1-BL027-4B7|MID_TOP,BM-GF_ROOF-B1-BL027-4B7,SIMPLE_BEAM,B1,,MID_TOP,BEAM_EXTRA_BAR,MASS,NOT_APPLICABLE,,,,,,,,,,,,,,,,,,,,a simple beam has one span and no interior support; the SBT has no MID field
BM-GF_ROOF-B1-BL027-4B7|MID_BOTTOM,BM-GF_ROOF-B1-BL027-4B7,SIMPLE_BEAM,B1,,MID_BOTTOM,BEAM_EXTRA_BAR,MASS,NOT_APPLICABLE,,,,,,,,,,,,,,,,,,,,a simple beam has one span and no interior support; the SBT has no MID field
BM-GF_ROOF-B1-BL027-4B7|HANGER,BM-GF_ROOF-B1-BL027-4B7,SIMPLE_BEAM,B1,,HANGER,BEAM_EXTRA_BAR,MASS,NOT_APPLICABLE,,,,,,,,,,,,,,,,,,,,ABSENT: no hanger field and no hanger detail (TOP BARS listed; no hanger role asserted)
BM-GF_ROOF-B1-BL027-4B7|SIDE_REBAR,BM-GF_ROOF-B1-BL027-4B7,SIMPLE_BEAM,B1,,SIDE_REBAR,BEAM_SIDE_BAR,MASS,NOT_APPLICABLE,,,,,,,,,,,,,,,,,,,,no side bars printed; depth 40.0 cm
BM-GF_ROOF-B1-BL027-4B7|STIRRUP_COUNT|SPAN1,BM-GF_ROOF-B1-BL027-4B7,SIMPLE_BEAM,B1,,STIRRUP_COUNT,BEAM_STIRRUP,COUNT,LOWER_BOUND,SOURCE_BOUND,,1,8,,,,,,5,6,,,,,,,,,first / last stirrup position not stated; no +1
BM-GF_ROOF-B1-BL027-4B7|STIRRUP_CORE_PATH|SPAN1,BM-GF_ROOF-B1-BL027-4B7,SIMPLE_BEAM,B1,,STIRRUP_CORE_PATH,BEAM_STIRRUP,MASS,BLOCKED_UNQUANTIFIED,,,1,8,,,,,,,,,,,,,,"[""LEGS / TOPOLOGY UNRESOLVED"", ""HOOKS BLOCKED_UNQUANTIFIED"", ""LEGS / LINK TOPOLOGY NOT_ESTABLISHED"", ""STIRRUP HOOKS NOT_ESTABLISHED""]",Q7,"stirrup mass needs legs, path, hooks and section; missing: LEGS / TOPOLOGY UNRESOLVED; HOOKS BLOCKED_UNQUANTIFIED; LEGS / LINK TOPOLOGY NOT_ESTABLISHED; STIRRUP HOOKS NOT_ESTABLISHED"
BM-GF_ROOF-B1-BL027-4B7|HOOK_1,BM-GF_ROOF-B1-BL027-4B7,SIMPLE_BEAM,B1,,HOOK_1,ANCHORAGE,MASS,BLOCKED_UNQUANTIFIED,,,,,,,,,,,,,,,,,,,Q1,"bar-end hook / bend: end legs drawn N.T.S. without a dimension; no project hook source; column hook rules are not imported - Q1 at end 1 ({'kind': 'COLUMN', 'refs': ['GFRS:338']})"
BM-GF_ROOF-B1-BL027-4B7|DEVELOPMENT_1,BM-GF_ROOF-B1-BL027-4B7,SIMPLE_BEAM,B1,,DEVELOPMENT_1,ANCHORAGE,MASS,BLOCKED_UNQUANTIFIED,,,,,,,,,,,,,,,,,,,Q1,"development / anchorage: no beam-source development rule (note 9 70Ø / 40Ø is starter-bar context only; no 40D, 70D, code, Urban default or external value is used) - Q1 at end 1 ({'kind': 'COLUMN', 'refs': ['GFRS:338']})"
BM-GF_ROOF-B1-BL027-4B7|HOOK_2,BM-GF_ROOF-B1-BL027-4B7,SIMPLE_BEAM,B1,,HOOK_2,ANCHORAGE,MASS,BLOCKED_UNQUANTIFIED,,,,,,,,,,,,,,,,,,,Q1,"bar-end hook / bend: end legs drawn N.T.S. without a dimension; no project hook source; column hook rules are not imported - Q1 at end 2 ({'kind': 'COLUMN', 'refs': ['GFRS:33B']})"
BM-GF_ROOF-B1-BL027-4B7|DEVELOPMENT_2,BM-GF_ROOF-B1-BL027-4B7,SIMPLE_BEAM,B1,,DEVELOPMENT_2,ANCHORAGE,MASS,BLOCKED_UNQUANTIFIED,,,,,,,,,,,,,,,,,,,Q1,"development / anchorage: no beam-source development rule (note 9 70Ø / 40Ø is starter-bar context only; no 40D, 70D, code, Urban default or external value is used) - Q1 at end 2 ({'kind': 'COLUMN', 'refs': ['GFRS:33B']})"
BM-GF_ROOF-B1-BL027-4B7|OPENING_EXTRA_TOP,BM-GF_ROOF-B1-BL027-4B7,SIMPLE_BEAM,B1,,OPENING_EXTRA_TOP,SPECIAL_DETAIL_BAR,MASS,NOT_APPLICABLE,,,,,,,,,,,,,,,,,,,,no source-identified physical opening in this beam (26 opening objects checked project-wide; the generic opening detail is not applied globally)
BM-GF_ROOF-B1-BL027-4B7|OPENING_EXTRA_BOTTOM,BM-GF_ROOF-B1-BL027-4B7,SIMPLE_BEAM,B1,,OPENING_EXTRA_BOTTOM,SPECIAL_DETAIL_BAR,MASS,NOT_APPLICABLE,,,,,,,,,,,,,,,,,,,,no source-identified physical opening in this beam (26 opening objects checked project-wide; the generic opening detail is not applied globally)
BM-GF_ROOF-B1-BL027-4B7|OPENING_EXTRA_SIDE,BM-GF_ROOF-B1-BL027-4B7,SIMPLE_BEAM,B1,,OPENING_EXTRA_SIDE,SPECIAL_DETAIL_BAR,MASS,NOT_APPLICABLE,,,,,,,,,,,,,,,,,,,,no source-identified physical opening in this beam (26 opening objects checked project-wide; the generic opening detail is not applied globally)
BM-GF_ROOF-B1-BL027-4B7|OPENING_EXTRA_STIRRUP,BM-GF_ROOF-B1-BL027-4B7,SIMPLE_BEAM,B1,,OPENING_EXTRA_STIRRUP,BEAM_STIRRUP,MASS,NOT_APPLICABLE,,,,,,,,,,,,,,,,,,,,no source-identified physical opening in this beam (26 opening objects checked project-wide; the generic opening detail is not applied globally)
BM-GF_ROOF-B1-BL027-4B7|OTHER_EXPLICIT_EXTRA,BM-GF_ROOF-B1-BL027-4B7,SIMPLE_BEAM,B1,,OTHER_EXPLICIT_EXTRA,SPECIAL_DETAIL_BAR,MASS,NOT_APPLICABLE,,,,,,,,,,,,,,,,,,,,no other explicit extra scheduled or detailed for this occurrence
BM-GF_ROOF-B1-BL034-447|TOP_MAIN|BM-GF_ROOF-B1-BL034-447:TOP_MAIN,BM-GF_ROOF-B1-BL034-447,SIMPLE_BEAM,B1,,TOP_MAIN,BEAM_TOP_BAR,MASS,LOWER_BOUND,SOURCE_BOUND,BM-GF_ROOF-B1-BL034-447:TOP_MAIN,,12,2,1.75,3.5,0.888889,3.111111,,,SOURCE_VERIFIED,NOT_ESTABLISHED,,,,"[""development / anchorage into the supports: no beam-source rule (note 9 70Ø/40Ø is for starter bars only; the slab 0.25L / 0.30L rules are never borrowed)"", ""DEVELOPMENT / ANCHORAGE at the end supports (not source-established)"", ""BAR-END HOOK / BEND at the end supports (not detailed)""]",,,development / anchorage into the supports: no beam-source rule (note 9 70Ø/40Ø is for starter bars only; the slab 0.25L / 0.30L rules are never borrowed); DEVELOPMENT / ANCHORAGE at the end supports (not source-established); BAR-END HOOK / BEND at the end supports (not detailed)
BM-GF_ROOF-B1-BL034-447|BOTTOM_MAIN|BM-GF_ROOF-B1-BL034-447:BOTTOM_MAIN,BM-GF_ROOF-B1-BL034-447,SIMPLE_BEAM,B1,,BOTTOM_MAIN,BEAM_BOTTOM_BAR,MASS,LOWER_BOUND,SOURCE_BOUND,BM-GF_ROOF-B1-BL034-447:BOTTOM_MAIN,,14,2,1.75,3.5,1.209877,4.234568,,,SOURCE_VERIFIED,NOT_ESTABLISHED,,,,"[""development / anchorage into the supports: no beam-source rule (note 9 70Ø/40Ø is for starter bars only; the slab 0.25L / 0.30L rules are never borrowed)"", ""DEVELOPMENT / ANCHORAGE at the end supports (not source-established)"", ""BAR-END HOOK / BEND at the end supports (not detailed)""]",,,development / anchorage into the supports: no beam-source rule (note 9 70Ø/40Ø is for starter bars only; the slab 0.25L / 0.30L rules are never borrowed); DEVELOPMENT / ANCHORAGE at the end supports (not source-established); BAR-END HOOK / BEND at the end supports (not detailed)
BM-GF_ROOF-B1-BL034-447|TOP_SUPPORT,BM-GF_ROOF-B1-BL034-447,SIMPLE_BEAM,B1,,TOP_SUPPORT,BEAM_EXTRA_BAR,MASS,NOT_APPLICABLE,,,,,,,,,,,,,,,,,,,,not scheduled in the SBT (no support bar field in the SBT)
BM-GF_ROOF-B1-BL034-447|BOTTOM_SUPPORT,BM-GF_ROOF-B1-BL034-447,SIMPLE_BEAM,B1,,BOTTOM_SUPPORT,BEAM_EXTRA_BAR,MASS,NOT_APPLICABLE,,,,,,,,,,,,,,,,,,,,not scheduled in the SBT (no bottom extra field in the SBT)
BM-GF_ROOF-B1-BL034-447|MID_TOP,BM-GF_ROOF-B1-BL034-447,SIMPLE_BEAM,B1,,MID_TOP,BEAM_EXTRA_BAR,MASS,NOT_APPLICABLE,,,,,,,,,,,,,,,,,,,,a simple beam has one span and no interior support; the SBT has no MID field
BM-GF_ROOF-B1-BL034-447|MID_BOTTOM,BM-GF_ROOF-B1-BL034-447,SIMPLE_BEAM,B1,,MID_BOTTOM,BEAM_EXTRA_BAR,MASS,NOT_APPLICABLE,,,,,,,,,,,,,,,,,,,,a simple beam has one span and no interior support; the SBT has no MID field
BM-GF_ROOF-B1-BL034-447|HANGER,BM-GF_ROOF-B1-BL034-447,SIMPLE_BEAM,B1,,HANGER,BEAM_EXTRA_BAR,MASS,NOT_APPLICABLE,,,,,,,,,,,,,,,,,,,,ABSENT: no hanger field and no hanger detail (TOP BARS listed; no hanger role asserted)
BM-GF_ROOF-B1-BL034-447|SIDE_REBAR,BM-GF_ROOF-B1-BL034-447,SIMPLE_BEAM,B1,,SIDE_REBAR,BEAM_SIDE_BAR,MASS,NOT_APPLICABLE,,,,,,,,,,,,,,,,,,,,no side bars printed; depth 40.0 cm
BM-GF_ROOF-B1-BL034-447|STIRRUP_COUNT|SPAN1,BM-GF_ROOF-B1-BL034-447,SIMPLE_BEAM,B1,,STIRRUP_COUNT,BEAM_STIRRUP,COUNT,LOWER_BOUND,SOURCE_BOUND,,1,8,,,,,,11,12,,,,,,,,,first / last stirrup position not stated; no +1
BM-GF_ROOF-B1-BL034-447|STIRRUP_CORE_PATH|SPAN1,BM-GF_ROOF-B1-BL034-447,SIMPLE_BEAM,B1,,STIRRUP_CORE_PATH,BEAM_STIRRUP,MASS,BLOCKED_UNQUANTIFIED,,,1,8,,,,,,,,,,,,,,"[""LEGS / TOPOLOGY UNRESOLVED"", ""HOOKS BLOCKED_UNQUANTIFIED"", ""LEGS / LINK TOPOLOGY NOT_ESTABLISHED"", ""STIRRUP HOOKS NOT_ESTABLISHED""]",Q7,"stirrup mass needs legs, path, hooks and section; missing: LEGS / TOPOLOGY UNRESOLVED; HOOKS BLOCKED_UNQUANTIFIED; LEGS / LINK TOPOLOGY NOT_ESTABLISHED; STIRRUP HOOKS NOT_ESTABLISHED"
BM-GF_ROOF-B1-BL034-447|HOOK_1,BM-GF_ROOF-B1-BL034-447,SIMPLE_BEAM,B1,,HOOK_1,ANCHORAGE,MASS,BLOCKED_UNQUANTIFIED,,,,,,,,,,,,,,,,,,,Q1,"bar-end hook / bend: end legs drawn N.T.S. without a dimension; no project hook source; column hook rules are not imported - Q1 at end 1 ({'kind': 'BEAM_CARRIED_BY', 'refs': ['BL040']})"
BM-GF_ROOF-B1-BL034-447|DEVELOPMENT_1,BM-GF_ROOF-B1-BL034-447,SIMPLE_BEAM,B1,,DEVELOPMENT_1,ANCHORAGE,MASS,BLOCKED_UNQUANTIFIED,,,,,,,,,,,,,,,,,,,Q1,"development / anchorage: no beam-source development rule (note 9 70Ø / 40Ø is starter-bar context only; no 40D, 70D, code, Urban default or external value is used) - Q1 at end 1 ({'kind': 'BEAM_CARRIED_BY', 'refs': ['BL040']})"
BM-GF_ROOF-B1-BL034-447|HOOK_2,BM-GF_ROOF-B1-BL034-447,SIMPLE_BEAM,B1,,HOOK_2,ANCHORAGE,MASS,BLOCKED_UNQUANTIFIED,,,,,,,,,,,,,,,,,,,Q1,"bar-end hook / bend: end legs drawn N.T.S. without a dimension; no project hook source; column hook rules are not imported - Q1 at end 2 ({'kind': 'BEAM_CARRIED_BY', 'refs': ['BL038']})"
BM-GF_ROOF-B1-BL034-447|DEVELOPMENT_2,BM-GF_ROOF-B1-BL034-447,SIMPLE_BEAM,B1,,DEVELOPMENT_2,ANCHORAGE,MASS,BLOCKED_UNQUANTIFIED,,,,,,,,,,,,,,,,,,,Q1,"development / anchorage: no beam-source development rule (note 9 70Ø / 40Ø is starter-bar context only; no 40D, 70D, code, Urban default or external value is used) - Q1 at end 2 ({'kind': 'BEAM_CARRIED_BY', 'refs': ['BL038']})"
BM-GF_ROOF-B1-BL034-447|OPENING_EXTRA_TOP,BM-GF_ROOF-B1-BL034-447,SIMPLE_BEAM,B1,,OPENING_EXTRA_TOP,SPECIAL_DETAIL_BAR,MASS,NOT_APPLICABLE,,,,,,,,,,,,,,,,,,,,no source-identified physical opening in this beam (26 opening objects checked project-wide; the generic opening detail is not applied globally)
BM-GF_ROOF-B1-BL034-447|OPENING_EXTRA_BOTTOM,BM-GF_ROOF-B1-BL034-447,SIMPLE_BEAM,B1,,OPENING_EXTRA_BOTTOM,SPECIAL_DETAIL_BAR,MASS,NOT_APPLICABLE,,,,,,,,,,,,,,,,,,,,no source-identified physical opening in this beam (26 opening objects checked project-wide; the generic opening detail is not applied globally)
BM-GF_ROOF-B1-BL034-447|OPENING_EXTRA_SIDE,BM-GF_ROOF-B1-BL034-447,SIMPLE_BEAM,B1,,OPENING_EXTRA_SIDE,SPECIAL_DETAIL_BAR,MASS,NOT_APPLICABLE,,,,,,,,,,,,,,,,,,,,no source-identified physical opening in this beam (26 opening objects checked project-wide; the generic opening detail is not applied globally)
BM-GF_ROOF-B1-BL034-447|OPENING_EXTRA_STIRRUP,BM-GF_ROOF-B1-BL034-447,SIMPLE_BEAM,B1,,OPENING_EXTRA_STIRRUP,BEAM_STIRRUP,MASS,NOT_APPLICABLE,,,,,,,,,,,,,,,,,,,,no source-identified physical opening in this beam (26 opening objects checked project-wide; the generic opening detail is not applied globally)
BM-GF_ROOF-B1-BL034-447|OTHER_EXPLICIT_EXTRA,BM-GF_ROOF-B1-BL034-447,SIMPLE_BEAM,B1,,OTHER_EXPLICIT_EXTRA,SPECIAL_DETAIL_BAR,MASS,NOT_APPLICABLE,,,,,,,,,,,,,,,,,,,,no other explicit extra scheduled or detailed for this occurrence
BM-GF_ROOF-B1-BL037-45E|TOP_MAIN|BM-GF_ROOF-B1-BL037-45E:TOP_MAIN,BM-GF_ROOF-B1-BL037-45E,SIMPLE_BEAM,B1,,TOP_MAIN,BEAM_TOP_BAR,MASS,LOWER_BOUND,SOURCE_BOUND,BM-GF_ROOF-B1-BL037-45E:TOP_MAIN,,12,2,1.8,3.6,0.888889,3.2,,,SOURCE_VERIFIED,NOT_ESTABLISHED,,,,"[""development / anchorage into the supports: no beam-source rule (note 9 70Ø/40Ø is for starter bars only; the slab 0.25L / 0.30L rules are never borrowed)"", ""DEVELOPMENT / ANCHORAGE at the end supports (not source-established)"", ""BAR-END HOOK / BEND at the end supports (not detailed)""]",,,development / anchorage into the supports: no beam-source rule (note 9 70Ø/40Ø is for starter bars only; the slab 0.25L / 0.30L rules are never borrowed); DEVELOPMENT / ANCHORAGE at the end supports (not source-established); BAR-END HOOK / BEND at the end supports (not detailed)
BM-GF_ROOF-B1-BL037-45E|BOTTOM_MAIN|BM-GF_ROOF-B1-BL037-45E:BOTTOM_MAIN,BM-GF_ROOF-B1-BL037-45E,SIMPLE_BEAM,B1,,BOTTOM_MAIN,BEAM_BOTTOM_BAR,MASS,LOWER_BOUND,SOURCE_BOUND,BM-GF_ROOF-B1-BL037-45E:BOTTOM_MAIN,,14,2,1.8,3.6,1.209877,4.355556,,,SOURCE_VERIFIED,NOT_ESTABLISHED,,,,"[""development / anchorage into the supports: no beam-source rule (note 9 70Ø/40Ø is for starter bars only; the slab 0.25L / 0.30L rules are never borrowed)"", ""DEVELOPMENT / ANCHORAGE at the end supports (not source-established)"", ""BAR-END HOOK / BEND at the end supports (not detailed)""]",,,development / anchorage into the supports: no beam-source rule (note 9 70Ø/40Ø is for starter bars only; the slab 0.25L / 0.30L rules are never borrowed); DEVELOPMENT / ANCHORAGE at the end supports (not source-established); BAR-END HOOK / BEND at the end supports (not detailed)
BM-GF_ROOF-B1-BL037-45E|TOP_SUPPORT,BM-GF_ROOF-B1-BL037-45E,SIMPLE_BEAM,B1,,TOP_SUPPORT,BEAM_EXTRA_BAR,MASS,NOT_APPLICABLE,,,,,,,,,,,,,,,,,,,,not scheduled in the SBT (no support bar field in the SBT)
BM-GF_ROOF-B1-BL037-45E|BOTTOM_SUPPORT,BM-GF_ROOF-B1-BL037-45E,SIMPLE_BEAM,B1,,BOTTOM_SUPPORT,BEAM_EXTRA_BAR,MASS,NOT_APPLICABLE,,,,,,,,,,,,,,,,,,,,not scheduled in the SBT (no bottom extra field in the SBT)
BM-GF_ROOF-B1-BL037-45E|MID_TOP,BM-GF_ROOF-B1-BL037-45E,SIMPLE_BEAM,B1,,MID_TOP,BEAM_EXTRA_BAR,MASS,NOT_APPLICABLE,,,,,,,,,,,,,,,,,,,,a simple beam has one span and no interior support; the SBT has no MID field
BM-GF_ROOF-B1-BL037-45E|MID_BOTTOM,BM-GF_ROOF-B1-BL037-45E,SIMPLE_BEAM,B1,,MID_BOTTOM,BEAM_EXTRA_BAR,MASS,NOT_APPLICABLE,,,,,,,,,,,,,,,,,,,,a simple beam has one span and no interior support; the SBT has no MID field
BM-GF_ROOF-B1-BL037-45E|HANGER,BM-GF_ROOF-B1-BL037-45E,SIMPLE_BEAM,B1,,HANGER,BEAM_EXTRA_BAR,MASS,NOT_APPLICABLE,,,,,,,,,,,,,,,,,,,,ABSENT: no hanger field and no hanger detail (TOP BARS listed; no hanger role asserted)
BM-GF_ROOF-B1-BL037-45E|SIDE_REBAR,BM-GF_ROOF-B1-BL037-45E,SIMPLE_BEAM,B1,,SIDE_REBAR,BEAM_SIDE_BAR,MASS,NOT_APPLICABLE,,,,,,,,,,,,,,,,,,,,no side bars printed; depth 40.0 cm
BM-GF_ROOF-B1-BL037-45E|STIRRUP_COUNT|SPAN1,BM-GF_ROOF-B1-BL037-45E,SIMPLE_BEAM,B1,,STIRRUP_COUNT,BEAM_STIRRUP,COUNT,LOWER_BOUND,SOURCE_BOUND,,1,8,,,,,,11,12,,,,,,,,,first / last stirrup position not stated; no +1
BM-GF_ROOF-B1-BL037-45E|STIRRUP_CORE_PATH|SPAN1,BM-GF_ROOF-B1-BL037-45E,SIMPLE_BEAM,B1,,STIRRUP_CORE_PATH,BEAM_STIRRUP,MASS,BLOCKED_UNQUANTIFIED,,,1,8,,,,,,,,,,,,,,"[""LEGS / TOPOLOGY UNRESOLVED"", ""HOOKS BLOCKED_UNQUANTIFIED"", ""LEGS / LINK TOPOLOGY NOT_ESTABLISHED"", ""STIRRUP HOOKS NOT_ESTABLISHED""]",Q7,"stirrup mass needs legs, path, hooks and section; missing: LEGS / TOPOLOGY UNRESOLVED; HOOKS BLOCKED_UNQUANTIFIED; LEGS / LINK TOPOLOGY NOT_ESTABLISHED; STIRRUP HOOKS NOT_ESTABLISHED"
BM-GF_ROOF-B1-BL037-45E|HOOK_1,BM-GF_ROOF-B1-BL037-45E,SIMPLE_BEAM,B1,,HOOK_1,ANCHORAGE,MASS,BLOCKED_UNQUANTIFIED,,,,,,,,,,,,,,,,,,,Q1,"bar-end hook / bend: end legs drawn N.T.S. without a dimension; no project hook source; column hook rules are not imported - Q1 at end 1 ({'kind': 'COLUMN', 'refs': ['GFRS:341']})"
BM-GF_ROOF-B1-BL037-45E|DEVELOPMENT_1,BM-GF_ROOF-B1-BL037-45E,SIMPLE_BEAM,B1,,DEVELOPMENT_1,ANCHORAGE,MASS,BLOCKED_UNQUANTIFIED,,,,,,,,,,,,,,,,,,,Q1,"development / anchorage: no beam-source development rule (note 9 70Ø / 40Ø is starter-bar context only; no 40D, 70D, code, Urban default or external value is used) - Q1 at end 1 ({'kind': 'COLUMN', 'refs': ['GFRS:341']})"
BM-GF_ROOF-B1-BL037-45E|HOOK_2,BM-GF_ROOF-B1-BL037-45E,SIMPLE_BEAM,B1,,HOOK_2,ANCHORAGE,MASS,BLOCKED_UNQUANTIFIED,,,,,,,,,,,,,,,,,,,Q1,"bar-end hook / bend: end legs drawn N.T.S. without a dimension; no project hook source; column hook rules are not imported - Q1 at end 2 ({'kind': 'COLUMN', 'refs': ['GFRS:33B']})"
BM-GF_ROOF-B1-BL037-45E|DEVELOPMENT_2,BM-GF_ROOF-B1-BL037-45E,SIMPLE_BEAM,B1,,DEVELOPMENT_2,ANCHORAGE,MASS,BLOCKED_UNQUANTIFIED,,,,,,,,,,,,,,,,,,,Q1,"development / anchorage: no beam-source development rule (note 9 70Ø / 40Ø is starter-bar context only; no 40D, 70D, code, Urban default or external value is used) - Q1 at end 2 ({'kind': 'COLUMN', 'refs': ['GFRS:33B']})"
BM-GF_ROOF-B1-BL037-45E|OPENING_EXTRA_TOP,BM-GF_ROOF-B1-BL037-45E,SIMPLE_BEAM,B1,,OPENING_EXTRA_TOP,SPECIAL_DETAIL_BAR,MASS,NOT_APPLICABLE,,,,,,,,,,,,,,,,,,,,no source-identified physical opening in this beam (26 opening objects checked project-wide; the generic opening detail is not applied globally)
BM-GF_ROOF-B1-BL037-45E|OPENING_EXTRA_BOTTOM,BM-GF_ROOF-B1-BL037-45E,SIMPLE_BEAM,B1,,OPENING_EXTRA_BOTTOM,SPECIAL_DETAIL_BAR,MASS,NOT_APPLICABLE,,,,,,,,,,,,,,,,,,,,no source-identified physical opening in this beam (26 opening objects checked project-wide; the generic opening detail is not applied globally)
BM-GF_ROOF-B1-BL037-45E|OPENING_EXTRA_SIDE,BM-GF_ROOF-B1-BL037-45E,SIMPLE_BEAM,B1,,OPENING_EXTRA_SIDE,SPECIAL_DETAIL_BAR,MASS,NOT_APPLICABLE,,,,,,,,,,,,,,,,,,,,no source-identified physical opening in this beam (26 opening objects checked project-wide; the generic opening detail is not applied globally)
BM-GF_ROOF-B1-BL037-45E|OPENING_EXTRA_STIRRUP,BM-GF_ROOF-B1-BL037-45E,SIMPLE_BEAM,B1,,OPENING_EXTRA_STIRRUP,BEAM_STIRRUP,MASS,NOT_APPLICABLE,,,,,,,,,,,,,,,,,,,,no source-identified physical opening in this beam (26 opening objects checked project-wide; the generic opening detail is not applied globally)
BM-GF_ROOF-B1-BL037-45E|OTHER_EXPLICIT_EXTRA,BM-GF_ROOF-B1-BL037-45E,SIMPLE_BEAM,B1,,OTHER_EXPLICIT_EXTRA,SPECIAL_DETAIL_BAR,MASS,NOT_APPLICABLE,,,,,,,,,,,,,,,,,,,,no other explicit extra scheduled or detailed for this occurrence
BM-GF_ROOF-B1-BL040-445|TOP_MAIN|BM-GF_ROOF-B1-BL040-445:TOP_MAIN,BM-GF_ROOF-B1-BL040-445,SIMPLE_BEAM,B1,,TOP_MAIN,BEAM_TOP_BAR,MASS,BLOCKED_UNQUANTIFIED,,BM-GF_ROOF-B1-BL040-445:TOP_MAIN,,12,2,,,,,,,,,,,,,,R1,binding is a candidate (tag binding BOUND_CANDIDATE: a candidate never releases steel)
BM-GF_ROOF-B1-BL040-445|BOTTOM_MAIN|BM-GF_ROOF-B1-BL040-445:BOTTOM_MAIN,BM-GF_ROOF-B1-BL040-445,SIMPLE_BEAM,B1,,BOTTOM_MAIN,BEAM_BOTTOM_BAR,MASS,BLOCKED_UNQUANTIFIED,,BM-GF_ROOF-B1-BL040-445:BOTTOM_MAIN,,14,2,,,,,,,,,,,,,,R1,binding is a candidate (tag binding BOUND_CANDIDATE: a candidate never releases steel)
BM-GF_ROOF-B1-BL040-445|TOP_SUPPORT,BM-GF_ROOF-B1-BL040-445,SIMPLE_BEAM,B1,,TOP_SUPPORT,BEAM_EXTRA_BAR,MASS,NOT_APPLICABLE,,,,,,,,,,,,,,,,,,,,not scheduled in the SBT (no support bar field in the SBT)
BM-GF_ROOF-B1-BL040-445|BOTTOM_SUPPORT,BM-GF_ROOF-B1-BL040-445,SIMPLE_BEAM,B1,,BOTTOM_SUPPORT,BEAM_EXTRA_BAR,MASS,NOT_APPLICABLE,,,,,,,,,,,,,,,,,,,,not scheduled in the SBT (no bottom extra field in the SBT)
BM-GF_ROOF-B1-BL040-445|MID_TOP,BM-GF_ROOF-B1-BL040-445,SIMPLE_BEAM,B1,,MID_TOP,BEAM_EXTRA_BAR,MASS,NOT_APPLICABLE,,,,,,,,,,,,,,,,,,,,a simple beam has one span and no interior support; the SBT has no MID field
BM-GF_ROOF-B1-BL040-445|MID_BOTTOM,BM-GF_ROOF-B1-BL040-445,SIMPLE_BEAM,B1,,MID_BOTTOM,BEAM_EXTRA_BAR,MASS,NOT_APPLICABLE,,,,,,,,,,,,,,,,,,,,a simple beam has one span and no interior support; the SBT has no MID field
BM-GF_ROOF-B1-BL040-445|HANGER,BM-GF_ROOF-B1-BL040-445,SIMPLE_BEAM,B1,,HANGER,BEAM_EXTRA_BAR,MASS,NOT_APPLICABLE,,,,,,,,,,,,,,,,,,,,ABSENT: no hanger field and no hanger detail (TOP BARS listed; no hanger role asserted)
BM-GF_ROOF-B1-BL040-445|SIDE_REBAR,BM-GF_ROOF-B1-BL040-445,SIMPLE_BEAM,B1,,SIDE_REBAR,BEAM_SIDE_BAR,MASS,NOT_APPLICABLE,,,,,,,,,,,,,,,,,,,,no side bars printed; depth 40.0 cm
BM-GF_ROOF-B1-BL040-445|STIRRUP_COUNT|SPAN1,BM-GF_ROOF-B1-BL040-445,SIMPLE_BEAM,B1,,STIRRUP_COUNT,BEAM_STIRRUP,COUNT,BLOCKED_UNQUANTIFIED,,,1,8,,,,,,,,,,,,,,,R1,binding is a candidate (tag binding BOUND_CANDIDATE: a candidate never releases steel)
BM-GF_ROOF-B1-BL040-445|STIRRUP_CORE_PATH|SPAN1,BM-GF_ROOF-B1-BL040-445,SIMPLE_BEAM,B1,,STIRRUP_CORE_PATH,BEAM_STIRRUP,MASS,BLOCKED_UNQUANTIFIED,,,1,8,,,,,,,,,,,,,,"[""LEGS / TOPOLOGY UNRESOLVED"", ""HOOKS BLOCKED_UNQUANTIFIED"", ""LEGS / LINK TOPOLOGY NOT_ESTABLISHED"", ""STIRRUP HOOKS NOT_ESTABLISHED"", ""occurrence blocked: binding is a candidate (tag binding BOUND_CANDIDATE: a candidate never releases steel)""]",Q7,"stirrup mass needs legs, path, hooks and section; missing: LEGS / TOPOLOGY UNRESOLVED; HOOKS BLOCKED_UNQUANTIFIED; LEGS / LINK TOPOLOGY NOT_ESTABLISHED; STIRRUP HOOKS NOT_ESTABLISHED; occurrence blocked: binding is a candidate (tag binding BOUND_CANDIDATE: a candidate never releases steel)"
BM-GF_ROOF-B1-BL040-445|HOOK_1,BM-GF_ROOF-B1-BL040-445,SIMPLE_BEAM,B1,,HOOK_1,ANCHORAGE,MASS,BLOCKED_UNQUANTIFIED,,,,,,,,,,,,,,,,,,,Q1,"bar-end hook / bend: end legs drawn N.T.S. without a dimension; no project hook source; column hook rules are not imported - Q1 at end 1 ({'kind': 'BEAM_CARRIED_BY', 'refs': []}); occurrence blocked: binding is a candidate (tag binding BOUND_CANDIDATE: a candidate never releases steel)"
BM-GF_ROOF-B1-BL040-445|DEVELOPMENT_1,BM-GF_ROOF-B1-BL040-445,SIMPLE_BEAM,B1,,DEVELOPMENT_1,ANCHORAGE,MASS,BLOCKED_UNQUANTIFIED,,,,,,,,,,,,,,,,,,,Q1,"development / anchorage: no beam-source development rule (note 9 70Ø / 40Ø is starter-bar context only; no 40D, 70D, code, Urban default or external value is used) - Q1 at end 1 ({'kind': 'BEAM_CARRIED_BY', 'refs': []}); occurrence blocked: binding is a candidate (tag binding BOUND_CANDIDATE: a candidate never releases steel)"
BM-GF_ROOF-B1-BL040-445|HOOK_2,BM-GF_ROOF-B1-BL040-445,SIMPLE_BEAM,B1,,HOOK_2,ANCHORAGE,MASS,BLOCKED_UNQUANTIFIED,,,,,,,,,,,,,,,,,,,Q1,"bar-end hook / bend: end legs drawn N.T.S. without a dimension; no project hook source; column hook rules are not imported - Q1 at end 2 ({'kind': 'BEAM_CROSSING', 'refs': []}); occurrence blocked: binding is a candidate (tag binding BOUND_CANDIDATE: a candidate never releases steel)"
BM-GF_ROOF-B1-BL040-445|DEVELOPMENT_2,BM-GF_ROOF-B1-BL040-445,SIMPLE_BEAM,B1,,DEVELOPMENT_2,ANCHORAGE,MASS,BLOCKED_UNQUANTIFIED,,,,,,,,,,,,,,,,,,,Q1,"development / anchorage: no beam-source development rule (note 9 70Ø / 40Ø is starter-bar context only; no 40D, 70D, code, Urban default or external value is used) - Q1 at end 2 ({'kind': 'BEAM_CROSSING', 'refs': []}); occurrence blocked: binding is a candidate (tag binding BOUND_CANDIDATE: a candidate never releases steel)"
BM-GF_ROOF-B1-BL040-445|OPENING_EXTRA_TOP,BM-GF_ROOF-B1-BL040-445,SIMPLE_BEAM,B1,,OPENING_EXTRA_TOP,SPECIAL_DETAIL_BAR,MASS,NOT_APPLICABLE,,,,,,,,,,,,,,,,,,,,no source-identified physical opening in this beam (26 opening objects checked project-wide; the generic opening detail is not applied globally)
BM-GF_ROOF-B1-BL040-445|OPENING_EXTRA_BOTTOM,BM-GF_ROOF-B1-BL040-445,SIMPLE_BEAM,B1,,OPENING_EXTRA_BOTTOM,SPECIAL_DETAIL_BAR,MASS,NOT_APPLICABLE,,,,,,,,,,,,,,,,,,,,no source-identified physical opening in this beam (26 opening objects checked project-wide; the generic opening detail is not applied globally)
BM-GF_ROOF-B1-BL040-445|OPENING_EXTRA_SIDE,BM-GF_ROOF-B1-BL040-445,SIMPLE_BEAM,B1,,OPENING_EXTRA_SIDE,SPECIAL_DETAIL_BAR,MASS,NOT_APPLICABLE,,,,,,,,,,,,,,,,,,,,no source-identified physical opening in this beam (26 opening objects checked project-wide; the generic opening detail is not applied globally)
BM-GF_ROOF-B1-BL040-445|OPENING_EXTRA_STIRRUP,BM-GF_ROOF-B1-BL040-445,SIMPLE_BEAM,B1,,OPENING_EXTRA_STIRRUP,BEAM_STIRRUP,MASS,NOT_APPLICABLE,,,,,,,,,,,,,,,,,,,,no source-identified physical opening in this beam (26 opening objects checked project-wide; the generic opening detail is not applied globally)
BM-GF_ROOF-B1-BL040-445|OTHER_EXPLICIT_EXTRA,BM-GF_ROOF-B1-BL040-445,SIMPLE_BEAM,B1,,OTHER_EXPLICIT_EXTRA,SPECIAL_DETAIL_BAR,MASS,NOT_APPLICABLE,,,,,,,,,,,,,,,,,,,,no other explicit extra scheduled or detailed for this occurrence
BM-GF_ROOF-B1-BL047-6A1|TOP_MAIN|BM-GF_ROOF-B1-BL047-6A1:TOP_MAIN,BM-GF_ROOF-B1-BL047-6A1,SIMPLE_BEAM,B1,,TOP_MAIN,BEAM_TOP_BAR,MASS,LOWER_BOUND,SOURCE_BOUND,BM-GF_ROOF-B1-BL047-6A1:TOP_MAIN,,12,2,1.147,2.294,0.888889,2.039111,,,SOURCE_VERIFIED,NOT_ESTABLISHED,,,,"[""development / anchorage into the supports: no beam-source rule (note 9 70Ø/40Ø is for starter bars only; the slab 0.25L / 0.30L rules are never borrowed)"", ""DEVELOPMENT / ANCHORAGE at the end supports (not source-established)"", ""BAR-END HOOK / BEND at the end supports (not detailed)""]",,,development / anchorage into the supports: no beam-source rule (note 9 70Ø/40Ø is for starter bars only; the slab 0.25L / 0.30L rules are never borrowed); DEVELOPMENT / ANCHORAGE at the end supports (not source-established); BAR-END HOOK / BEND at the end supports (not detailed)
BM-GF_ROOF-B1-BL047-6A1|BOTTOM_MAIN|BM-GF_ROOF-B1-BL047-6A1:BOTTOM_MAIN,BM-GF_ROOF-B1-BL047-6A1,SIMPLE_BEAM,B1,,BOTTOM_MAIN,BEAM_BOTTOM_BAR,MASS,LOWER_BOUND,SOURCE_BOUND,BM-GF_ROOF-B1-BL047-6A1:BOTTOM_MAIN,,14,2,1.147,2.294,1.209877,2.775457,,,SOURCE_VERIFIED,NOT_ESTABLISHED,,,,"[""development / anchorage into the supports: no beam-source rule (note 9 70Ø/40Ø is for starter bars only; the slab 0.25L / 0.30L rules are never borrowed)"", ""DEVELOPMENT / ANCHORAGE at the end supports (not source-established)"", ""BAR-END HOOK / BEND at the end supports (not detailed)""]",,,development / anchorage into the supports: no beam-source rule (note 9 70Ø/40Ø is for starter bars only; the slab 0.25L / 0.30L rules are never borrowed); DEVELOPMENT / ANCHORAGE at the end supports (not source-established); BAR-END HOOK / BEND at the end supports (not detailed)
BM-GF_ROOF-B1-BL047-6A1|TOP_SUPPORT,BM-GF_ROOF-B1-BL047-6A1,SIMPLE_BEAM,B1,,TOP_SUPPORT,BEAM_EXTRA_BAR,MASS,NOT_APPLICABLE,,,,,,,,,,,,,,,,,,,,not scheduled in the SBT (no support bar field in the SBT)
BM-GF_ROOF-B1-BL047-6A1|BOTTOM_SUPPORT,BM-GF_ROOF-B1-BL047-6A1,SIMPLE_BEAM,B1,,BOTTOM_SUPPORT,BEAM_EXTRA_BAR,MASS,NOT_APPLICABLE,,,,,,,,,,,,,,,,,,,,not scheduled in the SBT (no bottom extra field in the SBT)
BM-GF_ROOF-B1-BL047-6A1|MID_TOP,BM-GF_ROOF-B1-BL047-6A1,SIMPLE_BEAM,B1,,MID_TOP,BEAM_EXTRA_BAR,MASS,NOT_APPLICABLE,,,,,,,,,,,,,,,,,,,,a simple beam has one span and no interior support; the SBT has no MID field
BM-GF_ROOF-B1-BL047-6A1|MID_BOTTOM,BM-GF_ROOF-B1-BL047-6A1,SIMPLE_BEAM,B1,,MID_BOTTOM,BEAM_EXTRA_BAR,MASS,NOT_APPLICABLE,,,,,,,,,,,,,,,,,,,,a simple beam has one span and no interior support; the SBT has no MID field
BM-GF_ROOF-B1-BL047-6A1|HANGER,BM-GF_ROOF-B1-BL047-6A1,SIMPLE_BEAM,B1,,HANGER,BEAM_EXTRA_BAR,MASS,NOT_APPLICABLE,,,,,,,,,,,,,,,,,,,,ABSENT: no hanger field and no hanger detail (TOP BARS listed; no hanger role asserted)
BM-GF_ROOF-B1-BL047-6A1|SIDE_REBAR,BM-GF_ROOF-B1-BL047-6A1,SIMPLE_BEAM,B1,,SIDE_REBAR,BEAM_SIDE_BAR,MASS,NOT_APPLICABLE,,,,,,,,,,,,,,,,,,,,no side bars printed; depth 40.0 cm
BM-GF_ROOF-B1-BL047-6A1|STIRRUP_COUNT|SPAN1,BM-GF_ROOF-B1-BL047-6A1,SIMPLE_BEAM,B1,,STIRRUP_COUNT,BEAM_STIRRUP,COUNT,LOWER_BOUND,SOURCE_BOUND,,1,8,,,,,,7,8,,,,,,,,,first / last stirrup position not stated; no +1
BM-GF_ROOF-B1-BL047-6A1|STIRRUP_CORE_PATH|SPAN1,BM-GF_ROOF-B1-BL047-6A1,SIMPLE_BEAM,B1,,STIRRUP_CORE_PATH,BEAM_STIRRUP,MASS,BLOCKED_UNQUANTIFIED,,,1,8,,,,,,,,,,,,,,"[""LEGS / TOPOLOGY UNRESOLVED"", ""HOOKS BLOCKED_UNQUANTIFIED"", ""LEGS / LINK TOPOLOGY NOT_ESTABLISHED"", ""STIRRUP HOOKS NOT_ESTABLISHED""]",Q7,"stirrup mass needs legs, path, hooks and section; missing: LEGS / TOPOLOGY UNRESOLVED; HOOKS BLOCKED_UNQUANTIFIED; LEGS / LINK TOPOLOGY NOT_ESTABLISHED; STIRRUP HOOKS NOT_ESTABLISHED"
BM-GF_ROOF-B1-BL047-6A1|HOOK_1,BM-GF_ROOF-B1-BL047-6A1,SIMPLE_BEAM,B1,,HOOK_1,ANCHORAGE,MASS,BLOCKED_UNQUANTIFIED,,,,,,,,,,,,,,,,,,,Q1,"bar-end hook / bend: end legs drawn N.T.S. without a dimension; no project hook source; column hook rules are not imported - Q1 at end 1 ({'kind': 'COLUMN', 'refs': ['GFRS:371']})"
BM-GF_ROOF-B1-BL047-6A1|DEVELOPMENT_1,BM-GF_ROOF-B1-BL047-6A1,SIMPLE_BEAM,B1,,DEVELOPMENT_1,ANCHORAGE,MASS,BLOCKED_UNQUANTIFIED,,,,,,,,,,,,,,,,,,,Q1,"development / anchorage: no beam-source development rule (note 9 70Ø / 40Ø is starter-bar context only; no 40D, 70D, code, Urban default or external value is used) - Q1 at end 1 ({'kind': 'COLUMN', 'refs': ['GFRS:371']})"
BM-GF_ROOF-B1-BL047-6A1|HOOK_2,BM-GF_ROOF-B1-BL047-6A1,SIMPLE_BEAM,B1,,HOOK_2,ANCHORAGE,MASS,BLOCKED_UNQUANTIFIED,,,,,,,,,,,,,,,,,,,Q1,"bar-end hook / bend: end legs drawn N.T.S. without a dimension; no project hook source; column hook rules are not imported - Q1 at end 2 ({'kind': 'BEAM_CORNER', 'refs': ['BL007']})"
BM-GF_ROOF-B1-BL047-6A1|DEVELOPMENT_2,BM-GF_ROOF-B1-BL047-6A1,SIMPLE_BEAM,B1,,DEVELOPMENT_2,ANCHORAGE,MASS,BLOCKED_UNQUANTIFIED,,,,,,,,,,,,,,,,,,,Q1,"development / anchorage: no beam-source development rule (note 9 70Ø / 40Ø is starter-bar context only; no 40D, 70D, code, Urban default or external value is used) - Q1 at end 2 ({'kind': 'BEAM_CORNER', 'refs': ['BL007']})"
BM-GF_ROOF-B1-BL047-6A1|OPENING_EXTRA_TOP,BM-GF_ROOF-B1-BL047-6A1,SIMPLE_BEAM,B1,,OPENING_EXTRA_TOP,SPECIAL_DETAIL_BAR,MASS,NOT_APPLICABLE,,,,,,,,,,,,,,,,,,,,no source-identified physical opening in this beam (26 opening objects checked project-wide; the generic opening detail is not applied globally)
BM-GF_ROOF-B1-BL047-6A1|OPENING_EXTRA_BOTTOM,BM-GF_ROOF-B1-BL047-6A1,SIMPLE_BEAM,B1,,OPENING_EXTRA_BOTTOM,SPECIAL_DETAIL_BAR,MASS,NOT_APPLICABLE,,,,,,,,,,,,,,,,,,,,no source-identified physical opening in this beam (26 opening objects checked project-wide; the generic opening detail is not applied globally)
BM-GF_ROOF-B1-BL047-6A1|OPENING_EXTRA_SIDE,BM-GF_ROOF-B1-BL047-6A1,SIMPLE_BEAM,B1,,OPENING_EXTRA_SIDE,SPECIAL_DETAIL_BAR,MASS,NOT_APPLICABLE,,,,,,,,,,,,,,,,,,,,no source-identified physical opening in this beam (26 opening objects checked project-wide; the generic opening detail is not applied globally)
BM-GF_ROOF-B1-BL047-6A1|OPENING_EXTRA_STIRRUP,BM-GF_ROOF-B1-BL047-6A1,SIMPLE_BEAM,B1,,OPENING_EXTRA_STIRRUP,BEAM_STIRRUP,MASS,NOT_APPLICABLE,,,,,,,,,,,,,,,,,,,,no source-identified physical opening in this beam (26 opening objects checked project-wide; the generic opening detail is not applied globally)
BM-GF_ROOF-B1-BL047-6A1|OTHER_EXPLICIT_EXTRA,BM-GF_ROOF-B1-BL047-6A1,SIMPLE_BEAM,B1,,OTHER_EXPLICIT_EXTRA,SPECIAL_DETAIL_BAR,MASS,NOT_APPLICABLE,,,,,,,,,,,,,,,,,,,,no other explicit extra scheduled or detailed for this occurrence
BM-GF_ROOF-B1-BL048-430|TOP_MAIN|BM-GF_ROOF-B1-BL048-430:TOP_MAIN,BM-GF_ROOF-B1-BL048-430,SIMPLE_BEAM,B1,,TOP_MAIN,BEAM_TOP_BAR,MASS,LOWER_BOUND,SOURCE_BOUND,BM-GF_ROOF-B1-BL048-430:TOP_MAIN,,12,2,0.947,1.894,0.888889,1.683556,,,SOURCE_VERIFIED,NOT_ESTABLISHED,,,,"[""development / anchorage into the supports: no beam-source rule (note 9 70Ø/40Ø is for starter bars only; the slab 0.25L / 0.30L rules are never borrowed)"", ""DEVELOPMENT / ANCHORAGE at the end supports (not source-established)"", ""BAR-END HOOK / BEND at the end supports (not detailed)""]",,,development / anchorage into the supports: no beam-source rule (note 9 70Ø/40Ø is for starter bars only; the slab 0.25L / 0.30L rules are never borrowed); DEVELOPMENT / ANCHORAGE at the end supports (not source-established); BAR-END HOOK / BEND at the end supports (not detailed)
BM-GF_ROOF-B1-BL048-430|BOTTOM_MAIN|BM-GF_ROOF-B1-BL048-430:BOTTOM_MAIN,BM-GF_ROOF-B1-BL048-430,SIMPLE_BEAM,B1,,BOTTOM_MAIN,BEAM_BOTTOM_BAR,MASS,LOWER_BOUND,SOURCE_BOUND,BM-GF_ROOF-B1-BL048-430:BOTTOM_MAIN,,14,2,0.947,1.894,1.209877,2.291506,,,SOURCE_VERIFIED,NOT_ESTABLISHED,,,,"[""development / anchorage into the supports: no beam-source rule (note 9 70Ø/40Ø is for starter bars only; the slab 0.25L / 0.30L rules are never borrowed)"", ""DEVELOPMENT / ANCHORAGE at the end supports (not source-established)"", ""BAR-END HOOK / BEND at the end supports (not detailed)""]",,,development / anchorage into the supports: no beam-source rule (note 9 70Ø/40Ø is for starter bars only; the slab 0.25L / 0.30L rules are never borrowed); DEVELOPMENT / ANCHORAGE at the end supports (not source-established); BAR-END HOOK / BEND at the end supports (not detailed)
BM-GF_ROOF-B1-BL048-430|TOP_SUPPORT,BM-GF_ROOF-B1-BL048-430,SIMPLE_BEAM,B1,,TOP_SUPPORT,BEAM_EXTRA_BAR,MASS,NOT_APPLICABLE,,,,,,,,,,,,,,,,,,,,not scheduled in the SBT (no support bar field in the SBT)
BM-GF_ROOF-B1-BL048-430|BOTTOM_SUPPORT,BM-GF_ROOF-B1-BL048-430,SIMPLE_BEAM,B1,,BOTTOM_SUPPORT,BEAM_EXTRA_BAR,MASS,NOT_APPLICABLE,,,,,,,,,,,,,,,,,,,,not scheduled in the SBT (no bottom extra field in the SBT)
BM-GF_ROOF-B1-BL048-430|MID_TOP,BM-GF_ROOF-B1-BL048-430,SIMPLE_BEAM,B1,,MID_TOP,BEAM_EXTRA_BAR,MASS,NOT_APPLICABLE,,,,,,,,,,,,,,,,,,,,a simple beam has one span and no interior support; the SBT has no MID field
BM-GF_ROOF-B1-BL048-430|MID_BOTTOM,BM-GF_ROOF-B1-BL048-430,SIMPLE_BEAM,B1,,MID_BOTTOM,BEAM_EXTRA_BAR,MASS,NOT_APPLICABLE,,,,,,,,,,,,,,,,,,,,a simple beam has one span and no interior support; the SBT has no MID field
BM-GF_ROOF-B1-BL048-430|HANGER,BM-GF_ROOF-B1-BL048-430,SIMPLE_BEAM,B1,,HANGER,BEAM_EXTRA_BAR,MASS,NOT_APPLICABLE,,,,,,,,,,,,,,,,,,,,ABSENT: no hanger field and no hanger detail (TOP BARS listed; no hanger role asserted)
BM-GF_ROOF-B1-BL048-430|SIDE_REBAR,BM-GF_ROOF-B1-BL048-430,SIMPLE_BEAM,B1,,SIDE_REBAR,BEAM_SIDE_BAR,MASS,NOT_APPLICABLE,,,,,,,,,,,,,,,,,,,,no side bars printed; depth 40.0 cm
BM-GF_ROOF-B1-BL048-430|STIRRUP_COUNT|SPAN1,BM-GF_ROOF-B1-BL048-430,SIMPLE_BEAM,B1,,STIRRUP_COUNT,BEAM_STIRRUP,COUNT,LOWER_BOUND,SOURCE_BOUND,,1,8,,,,,,6,7,,,,,,,,,first / last stirrup position not stated; no +1
BM-GF_ROOF-B1-BL048-430|STIRRUP_CORE_PATH|SPAN1,BM-GF_ROOF-B1-BL048-430,SIMPLE_BEAM,B1,,STIRRUP_CORE_PATH,BEAM_STIRRUP,MASS,BLOCKED_UNQUANTIFIED,,,1,8,,,,,,,,,,,,,,"[""LEGS / TOPOLOGY UNRESOLVED"", ""HOOKS BLOCKED_UNQUANTIFIED"", ""LEGS / LINK TOPOLOGY NOT_ESTABLISHED"", ""STIRRUP HOOKS NOT_ESTABLISHED""]",Q7,"stirrup mass needs legs, path, hooks and section; missing: LEGS / TOPOLOGY UNRESOLVED; HOOKS BLOCKED_UNQUANTIFIED; LEGS / LINK TOPOLOGY NOT_ESTABLISHED; STIRRUP HOOKS NOT_ESTABLISHED"
BM-GF_ROOF-B1-BL048-430|HOOK_1,BM-GF_ROOF-B1-BL048-430,SIMPLE_BEAM,B1,,HOOK_1,ANCHORAGE,MASS,BLOCKED_UNQUANTIFIED,,,,,,,,,,,,,,,,,,,Q1,"bar-end hook / bend: end legs drawn N.T.S. without a dimension; no project hook source; column hook rules are not imported - Q1 at end 1 ({'kind': 'COLUMN', 'refs': ['GFRS:36E']})"
BM-GF_ROOF-B1-BL048-430|DEVELOPMENT_1,BM-GF_ROOF-B1-BL048-430,SIMPLE_BEAM,B1,,DEVELOPMENT_1,ANCHORAGE,MASS,BLOCKED_UNQUANTIFIED,,,,,,,,,,,,,,,,,,,Q1,"development / anchorage: no beam-source development rule (note 9 70Ø / 40Ø is starter-bar context only; no 40D, 70D, code, Urban default or external value is used) - Q1 at end 1 ({'kind': 'COLUMN', 'refs': ['GFRS:36E']})"
BM-GF_ROOF-B1-BL048-430|HOOK_2,BM-GF_ROOF-B1-BL048-430,SIMPLE_BEAM,B1,,HOOK_2,ANCHORAGE,MASS,BLOCKED_UNQUANTIFIED,,,,,,,,,,,,,,,,,,,Q1,"bar-end hook / bend: end legs drawn N.T.S. without a dimension; no project hook source; column hook rules are not imported - Q1 at end 2 ({'kind': 'BEAM_CARRIED_BY', 'refs': ['BL007']})"
BM-GF_ROOF-B1-BL048-430|DEVELOPMENT_2,BM-GF_ROOF-B1-BL048-430,SIMPLE_BEAM,B1,,DEVELOPMENT_2,ANCHORAGE,MASS,BLOCKED_UNQUANTIFIED,,,,,,,,,,,,,,,,,,,Q1,"development / anchorage: no beam-source development rule (note 9 70Ø / 40Ø is starter-bar context only; no 40D, 70D, code, Urban default or external value is used) - Q1 at end 2 ({'kind': 'BEAM_CARRIED_BY', 'refs': ['BL007']})"
BM-GF_ROOF-B1-BL048-430|OPENING_EXTRA_TOP,BM-GF_ROOF-B1-BL048-430,SIMPLE_BEAM,B1,,OPENING_EXTRA_TOP,SPECIAL_DETAIL_BAR,MASS,NOT_APPLICABLE,,,,,,,,,,,,,,,,,,,,no source-identified physical opening in this beam (26 opening objects checked project-wide; the generic opening detail is not applied globally)
BM-GF_ROOF-B1-BL048-430|OPENING_EXTRA_BOTTOM,BM-GF_ROOF-B1-BL048-430,SIMPLE_BEAM,B1,,OPENING_EXTRA_BOTTOM,SPECIAL_DETAIL_BAR,MASS,NOT_APPLICABLE,,,,,,,,,,,,,,,,,,,,no source-identified physical opening in this beam (26 opening objects checked project-wide; the generic opening detail is not applied globally)
BM-GF_ROOF-B1-BL048-430|OPENING_EXTRA_SIDE,BM-GF_ROOF-B1-BL048-430,SIMPLE_BEAM,B1,,OPENING_EXTRA_SIDE,SPECIAL_DETAIL_BAR,MASS,NOT_APPLICABLE,,,,,,,,,,,,,,,,,,,,no source-identified physical opening in this beam (26 opening objects checked project-wide; the generic opening detail is not applied globally)
BM-GF_ROOF-B1-BL048-430|OPENING_EXTRA_STIRRUP,BM-GF_ROOF-B1-BL048-430,SIMPLE_BEAM,B1,,OPENING_EXTRA_STIRRUP,BEAM_STIRRUP,MASS,NOT_APPLICABLE,,,,,,,,,,,,,,,,,,,,no source-identified physical opening in this beam (26 opening objects checked project-wide; the generic opening detail is not applied globally)
BM-GF_ROOF-B1-BL048-430|OTHER_EXPLICIT_EXTRA,BM-GF_ROOF-B1-BL048-430,SIMPLE_BEAM,B1,,OTHER_EXPLICIT_EXTRA,SPECIAL_DETAIL_BAR,MASS,NOT_APPLICABLE,,,,,,,,,,,,,,,,,,,,no other explicit extra scheduled or detailed for this occurrence
BM-GF_ROOF-B11-BL023-444|TOP_MAIN|BM-GF_ROOF-B11-BL023-444:TOP_MAIN,BM-GF_ROOF-B11-BL023-444,SIMPLE_BEAM,B11,,TOP_MAIN,BEAM_TOP_BAR,MASS,LOWER_BOUND,SOURCE_BOUND,BM-GF_ROOF-B11-BL023-444:TOP_MAIN,,12,2,2.625,5.25,0.888889,4.666667,,,SOURCE_VERIFIED,NOT_ESTABLISHED,,,,"[""development / anchorage into the supports: no beam-source rule (note 9 70Ø/40Ø is for starter bars only; the slab 0.25L / 0.30L rules are never borrowed)"", ""DEVELOPMENT / ANCHORAGE at the end supports (not source-established)"", ""BAR-END HOOK / BEND at the end supports (not detailed)""]",,,development / anchorage into the supports: no beam-source rule (note 9 70Ø/40Ø is for starter bars only; the slab 0.25L / 0.30L rules are never borrowed); DEVELOPMENT / ANCHORAGE at the end supports (not source-established); BAR-END HOOK / BEND at the end supports (not detailed)
BM-GF_ROOF-B11-BL023-444|BOTTOM_MAIN|BM-GF_ROOF-B11-BL023-444:BOTTOM_MAIN,BM-GF_ROOF-B11-BL023-444,SIMPLE_BEAM,B11,,BOTTOM_MAIN,BEAM_BOTTOM_BAR,MASS,LOWER_BOUND,SOURCE_BOUND,BM-GF_ROOF-B11-BL023-444:BOTTOM_MAIN,,18,6,2.625,15.75,2.0,31.5,,,SOURCE_VERIFIED,NOT_ESTABLISHED,,,,"[""development / anchorage into the supports: no beam-source rule (note 9 70Ø/40Ø is for starter bars only; the slab 0.25L / 0.30L rules are never borrowed)"", ""DEVELOPMENT / ANCHORAGE at the end supports (not source-established)"", ""BAR-END HOOK / BEND at the end supports (not detailed)""]",,,development / anchorage into the supports: no beam-source rule (note 9 70Ø/40Ø is for starter bars only; the slab 0.25L / 0.30L rules are never borrowed); DEVELOPMENT / ANCHORAGE at the end supports (not source-established); BAR-END HOOK / BEND at the end supports (not detailed)
BM-GF_ROOF-B11-BL023-444|TOP_SUPPORT,BM-GF_ROOF-B11-BL023-444,SIMPLE_BEAM,B11,,TOP_SUPPORT,BEAM_EXTRA_BAR,MASS,NOT_APPLICABLE,,,,,,,,,,,,,,,,,,,,not scheduled in the SBT (no support bar field in the SBT)
BM-GF_ROOF-B11-BL023-444|BOTTOM_SUPPORT,BM-GF_ROOF-B11-BL023-444,SIMPLE_BEAM,B11,,BOTTOM_SUPPORT,BEAM_EXTRA_BAR,MASS,NOT_APPLICABLE,,,,,,,,,,,,,,,,,,,,not scheduled in the SBT (no bottom extra field in the SBT)
BM-GF_ROOF-B11-BL023-444|MID_TOP,BM-GF_ROOF-B11-BL023-444,SIMPLE_BEAM,B11,,MID_TOP,BEAM_EXTRA_BAR,MASS,NOT_APPLICABLE,,,,,,,,,,,,,,,,,,,,a simple beam has one span and no interior support; the SBT has no MID field
BM-GF_ROOF-B11-BL023-444|MID_BOTTOM,BM-GF_ROOF-B11-BL023-444,SIMPLE_BEAM,B11,,MID_BOTTOM,BEAM_EXTRA_BAR,MASS,NOT_APPLICABLE,,,,,,,,,,,,,,,,,,,,a simple beam has one span and no interior support; the SBT has no MID field
BM-GF_ROOF-B11-BL023-444|HANGER,BM-GF_ROOF-B11-BL023-444,SIMPLE_BEAM,B11,,HANGER,BEAM_EXTRA_BAR,MASS,NOT_APPLICABLE,,,,,,,,,,,,,,,,,,,,ABSENT: no hanger field and no hanger detail (TOP BARS listed; no hanger role asserted)
BM-GF_ROOF-B11-BL023-444|SIDE_REBAR,BM-GF_ROOF-B11-BL023-444,SIMPLE_BEAM,B11,,SIDE_REBAR,BEAM_SIDE_BAR,MASS,BLOCKED_UNQUANTIFIED,,,,12,2,,,,,,,,,,2%%C12/30cm,30.0,,,Q6,side bars '2%%C12/30cm' printed (2Ø12/30.0cm): '/30cm' semantics not established (per face or total; vertical spacing or other; bar length; end treatment) - never silently read as a vertical spacing (Q6) - quantity / mass not source-quantified
BM-GF_ROOF-B11-BL023-444|STIRRUP_COUNT|SPAN1,BM-GF_ROOF-B11-BL023-444,SIMPLE_BEAM,B11,,STIRRUP_COUNT,BEAM_STIRRUP,COUNT,LOWER_BOUND,SOURCE_BOUND,,1,8,,,,,,16,17,,,,,,,,,first / last stirrup position not stated; no +1
BM-GF_ROOF-B11-BL023-444|STIRRUP_CORE_PATH|SPAN1,BM-GF_ROOF-B11-BL023-444,SIMPLE_BEAM,B11,,STIRRUP_CORE_PATH,BEAM_STIRRUP,MASS,BLOCKED_UNQUANTIFIED,,,1,8,,,,,,,,,,,,,,"[""LEGS / TOPOLOGY UNRESOLVED"", ""HOOKS BLOCKED_UNQUANTIFIED"", ""LEGS / LINK TOPOLOGY NOT_ESTABLISHED"", ""STIRRUP HOOKS NOT_ESTABLISHED""]",Q7,"stirrup mass needs legs, path, hooks and section; missing: LEGS / TOPOLOGY UNRESOLVED; HOOKS BLOCKED_UNQUANTIFIED; LEGS / LINK TOPOLOGY NOT_ESTABLISHED; STIRRUP HOOKS NOT_ESTABLISHED"
BM-GF_ROOF-B11-BL023-444|HOOK_1,BM-GF_ROOF-B11-BL023-444,SIMPLE_BEAM,B11,,HOOK_1,ANCHORAGE,MASS,BLOCKED_UNQUANTIFIED,,,,,,,,,,,,,,,,,,,Q1,"bar-end hook / bend: end legs drawn N.T.S. without a dimension; no project hook source; column hook rules are not imported - Q1 at end 1 ({'kind': 'BEAM_CROSSING', 'refs': ['BL042']})"
BM-GF_ROOF-B11-BL023-444|DEVELOPMENT_1,BM-GF_ROOF-B11-BL023-444,SIMPLE_BEAM,B11,,DEVELOPMENT_1,ANCHORAGE,MASS,BLOCKED_UNQUANTIFIED,,,,,,,,,,,,,,,,,,,Q1,"development / anchorage: no beam-source development rule (note 9 70Ø / 40Ø is starter-bar context only; no 40D, 70D, code, Urban default or external value is used) - Q1 at end 1 ({'kind': 'BEAM_CROSSING', 'refs': ['BL042']})"
BM-GF_ROOF-B11-BL023-444|HOOK_2,BM-GF_ROOF-B11-BL023-444,SIMPLE_BEAM,B11,,HOOK_2,ANCHORAGE,MASS,BLOCKED_UNQUANTIFIED,,,,,,,,,,,,,,,,,,,Q1,"bar-end hook / bend: end legs drawn N.T.S. without a dimension; no project hook source; column hook rules are not imported - Q1 at end 2 ({'kind': 'BEAM_CROSSING', 'refs': ['BL040']})"
BM-GF_ROOF-B11-BL023-444|DEVELOPMENT_2,BM-GF_ROOF-B11-BL023-444,SIMPLE_BEAM,B11,,DEVELOPMENT_2,ANCHORAGE,MASS,BLOCKED_UNQUANTIFIED,,,,,,,,,,,,,,,,,,,Q1,"development / anchorage: no beam-source development rule (note 9 70Ø / 40Ø is starter-bar context only; no 40D, 70D, code, Urban default or external value is used) - Q1 at end 2 ({'kind': 'BEAM_CROSSING', 'refs': ['BL040']})"
BM-GF_ROOF-B11-BL023-444|OPENING_EXTRA_TOP,BM-GF_ROOF-B11-BL023-444,SIMPLE_BEAM,B11,,OPENING_EXTRA_TOP,SPECIAL_DETAIL_BAR,MASS,NOT_APPLICABLE,,,,,,,,,,,,,,,,,,,,no source-identified physical opening in this beam (26 opening objects checked project-wide; the generic opening detail is not applied globally)
BM-GF_ROOF-B11-BL023-444|OPENING_EXTRA_BOTTOM,BM-GF_ROOF-B11-BL023-444,SIMPLE_BEAM,B11,,OPENING_EXTRA_BOTTOM,SPECIAL_DETAIL_BAR,MASS,NOT_APPLICABLE,,,,,,,,,,,,,,,,,,,,no source-identified physical opening in this beam (26 opening objects checked project-wide; the generic opening detail is not applied globally)
BM-GF_ROOF-B11-BL023-444|OPENING_EXTRA_SIDE,BM-GF_ROOF-B11-BL023-444,SIMPLE_BEAM,B11,,OPENING_EXTRA_SIDE,SPECIAL_DETAIL_BAR,MASS,NOT_APPLICABLE,,,,,,,,,,,,,,,,,,,,no source-identified physical opening in this beam (26 opening objects checked project-wide; the generic opening detail is not applied globally)
BM-GF_ROOF-B11-BL023-444|OPENING_EXTRA_STIRRUP,BM-GF_ROOF-B11-BL023-444,SIMPLE_BEAM,B11,,OPENING_EXTRA_STIRRUP,BEAM_STIRRUP,MASS,NOT_APPLICABLE,,,,,,,,,,,,,,,,,,,,no source-identified physical opening in this beam (26 opening objects checked project-wide; the generic opening detail is not applied globally)
BM-GF_ROOF-B11-BL023-444|OTHER_EXPLICIT_EXTRA,BM-GF_ROOF-B11-BL023-444,SIMPLE_BEAM,B11,,OTHER_EXPLICIT_EXTRA,SPECIAL_DETAIL_BAR,MASS,NOT_APPLICABLE,,,,,,,,,,,,,,,,,,,,no other explicit extra scheduled or detailed for this occurrence
BM-GF_ROOF-B13-BL042-467|TOP_MAIN|BM-GF_ROOF-B13-BL042-467:TOP_MAIN,BM-GF_ROOF-B13-BL042-467,SIMPLE_BEAM,B13,,TOP_MAIN,BEAM_TOP_BAR,MASS,LOWER_BOUND,SOURCE_BOUND,BM-GF_ROOF-B13-BL042-467:TOP_MAIN,,14,2,3.398,6.796,1.209877,8.222321,,,SOURCE_VERIFIED,NOT_ESTABLISHED,,,,"[""development / anchorage into the supports: no beam-source rule (note 9 70Ø/40Ø is for starter bars only; the slab 0.25L / 0.30L rules are never borrowed)"", ""DEVELOPMENT / ANCHORAGE at the end supports (not source-established)"", ""BAR-END HOOK / BEND at the end supports (not detailed)""]",,,development / anchorage into the supports: no beam-source rule (note 9 70Ø/40Ø is for starter bars only; the slab 0.25L / 0.30L rules are never borrowed); DEVELOPMENT / ANCHORAGE at the end supports (not source-established); BAR-END HOOK / BEND at the end supports (not detailed)
BM-GF_ROOF-B13-BL042-467|BOTTOM_MAIN|BM-GF_ROOF-B13-BL042-467:BOTTOM_MAIN,BM-GF_ROOF-B13-BL042-467,SIMPLE_BEAM,B13,,BOTTOM_MAIN,BEAM_BOTTOM_BAR,MASS,LOWER_BOUND,SOURCE_BOUND,BM-GF_ROOF-B13-BL042-467:BOTTOM_MAIN,,18,7,3.398,23.786,2.0,47.572,,,SOURCE_VERIFIED,NOT_ESTABLISHED,,,,"[""development / anchorage into the supports: no beam-source rule (note 9 70Ø/40Ø is for starter bars only; the slab 0.25L / 0.30L rules are never borrowed)"", ""DEVELOPMENT / ANCHORAGE at the end supports (not source-established)"", ""BAR-END HOOK / BEND at the end supports (not detailed)""]",,,development / anchorage into the supports: no beam-source rule (note 9 70Ø/40Ø is for starter bars only; the slab 0.25L / 0.30L rules are never borrowed); DEVELOPMENT / ANCHORAGE at the end supports (not source-established); BAR-END HOOK / BEND at the end supports (not detailed)
BM-GF_ROOF-B13-BL042-467|TOP_SUPPORT,BM-GF_ROOF-B13-BL042-467,SIMPLE_BEAM,B13,,TOP_SUPPORT,BEAM_EXTRA_BAR,MASS,NOT_APPLICABLE,,,,,,,,,,,,,,,,,,,,not scheduled in the SBT (no support bar field in the SBT)
BM-GF_ROOF-B13-BL042-467|BOTTOM_SUPPORT,BM-GF_ROOF-B13-BL042-467,SIMPLE_BEAM,B13,,BOTTOM_SUPPORT,BEAM_EXTRA_BAR,MASS,NOT_APPLICABLE,,,,,,,,,,,,,,,,,,,,not scheduled in the SBT (no bottom extra field in the SBT)
BM-GF_ROOF-B13-BL042-467|MID_TOP,BM-GF_ROOF-B13-BL042-467,SIMPLE_BEAM,B13,,MID_TOP,BEAM_EXTRA_BAR,MASS,NOT_APPLICABLE,,,,,,,,,,,,,,,,,,,,a simple beam has one span and no interior support; the SBT has no MID field
BM-GF_ROOF-B13-BL042-467|MID_BOTTOM,BM-GF_ROOF-B13-BL042-467,SIMPLE_BEAM,B13,,MID_BOTTOM,BEAM_EXTRA_BAR,MASS,NOT_APPLICABLE,,,,,,,,,,,,,,,,,,,,a simple beam has one span and no interior support; the SBT has no MID field
BM-GF_ROOF-B13-BL042-467|HANGER,BM-GF_ROOF-B13-BL042-467,SIMPLE_BEAM,B13,,HANGER,BEAM_EXTRA_BAR,MASS,NOT_APPLICABLE,,,,,,,,,,,,,,,,,,,,ABSENT: no hanger field and no hanger detail (TOP BARS listed; no hanger role asserted)
BM-GF_ROOF-B13-BL042-467|SIDE_REBAR,BM-GF_ROOF-B13-BL042-467,SIMPLE_BEAM,B13,,SIDE_REBAR,BEAM_SIDE_BAR,MASS,BLOCKED_UNQUANTIFIED,,,,12,2,,,,,,,,,,2%%C12/30cm,30.0,,,Q6,side bars '2%%C12/30cm' printed (2Ø12/30.0cm): '/30cm' semantics not established (per face or total; vertical spacing or other; bar length; end treatment) - never silently read as a vertical spacing (Q6) - quantity / mass not source-quantified
BM-GF_ROOF-B13-BL042-467|STIRRUP_COUNT|SPAN1,BM-GF_ROOF-B13-BL042-467,SIMPLE_BEAM,B13,,STIRRUP_COUNT,BEAM_STIRRUP,COUNT,LOWER_BOUND,SOURCE_BOUND,,1,8,,,,,,24,25,,,,,,,,,first / last stirrup position not stated; no +1
BM-GF_ROOF-B13-BL042-467|STIRRUP_CORE_PATH|SPAN1,BM-GF_ROOF-B13-BL042-467,SIMPLE_BEAM,B13,,STIRRUP_CORE_PATH,BEAM_STIRRUP,MASS,BLOCKED_UNQUANTIFIED,,,1,8,,,,,,,,,,,,,,"[""LEGS / TOPOLOGY UNRESOLVED"", ""HOOKS BLOCKED_UNQUANTIFIED"", ""LEGS / LINK TOPOLOGY NOT_ESTABLISHED"", ""STIRRUP HOOKS NOT_ESTABLISHED""]",Q7,"stirrup mass needs legs, path, hooks and section; missing: LEGS / TOPOLOGY UNRESOLVED; HOOKS BLOCKED_UNQUANTIFIED; LEGS / LINK TOPOLOGY NOT_ESTABLISHED; STIRRUP HOOKS NOT_ESTABLISHED"
BM-GF_ROOF-B13-BL042-467|HOOK_1,BM-GF_ROOF-B13-BL042-467,SIMPLE_BEAM,B13,,HOOK_1,ANCHORAGE,MASS,BLOCKED_UNQUANTIFIED,,,,,,,,,,,,,,,,,,,Q1,"bar-end hook / bend: end legs drawn N.T.S. without a dimension; no project hook source; column hook rules are not imported - Q1 at end 1 ({'kind': 'BEAM_CROSSING', 'refs': ['BL023']})"
BM-GF_ROOF-B13-BL042-467|DEVELOPMENT_1,BM-GF_ROOF-B13-BL042-467,SIMPLE_BEAM,B13,,DEVELOPMENT_1,ANCHORAGE,MASS,BLOCKED_UNQUANTIFIED,,,,,,,,,,,,,,,,,,,Q1,"development / anchorage: no beam-source development rule (note 9 70Ø / 40Ø is starter-bar context only; no 40D, 70D, code, Urban default or external value is used) - Q1 at end 1 ({'kind': 'BEAM_CROSSING', 'refs': ['BL023']})"
BM-GF_ROOF-B13-BL042-467|HOOK_2,BM-GF_ROOF-B13-BL042-467,SIMPLE_BEAM,B13,,HOOK_2,ANCHORAGE,MASS,BLOCKED_UNQUANTIFIED,,,,,,,,,,,,,,,,,,,Q1,"bar-end hook / bend: end legs drawn N.T.S. without a dimension; no project hook source; column hook rules are not imported - Q1 at end 2 ({'kind': 'COLUMN', 'refs': ['GFRS:37A']})"
BM-GF_ROOF-B13-BL042-467|DEVELOPMENT_2,BM-GF_ROOF-B13-BL042-467,SIMPLE_BEAM,B13,,DEVELOPMENT_2,ANCHORAGE,MASS,BLOCKED_UNQUANTIFIED,,,,,,,,,,,,,,,,,,,Q1,"development / anchorage: no beam-source development rule (note 9 70Ø / 40Ø is starter-bar context only; no 40D, 70D, code, Urban default or external value is used) - Q1 at end 2 ({'kind': 'COLUMN', 'refs': ['GFRS:37A']})"
BM-GF_ROOF-B13-BL042-467|OPENING_EXTRA_TOP,BM-GF_ROOF-B13-BL042-467,SIMPLE_BEAM,B13,,OPENING_EXTRA_TOP,SPECIAL_DETAIL_BAR,MASS,NOT_APPLICABLE,,,,,,,,,,,,,,,,,,,,no source-identified physical opening in this beam (26 opening objects checked project-wide; the generic opening detail is not applied globally)
BM-GF_ROOF-B13-BL042-467|OPENING_EXTRA_BOTTOM,BM-GF_ROOF-B13-BL042-467,SIMPLE_BEAM,B13,,OPENING_EXTRA_BOTTOM,SPECIAL_DETAIL_BAR,MASS,NOT_APPLICABLE,,,,,,,,,,,,,,,,,,,,no source-identified physical opening in this beam (26 opening objects checked project-wide; the generic opening detail is not applied globally)
BM-GF_ROOF-B13-BL042-467|OPENING_EXTRA_SIDE,BM-GF_ROOF-B13-BL042-467,SIMPLE_BEAM,B13,,OPENING_EXTRA_SIDE,SPECIAL_DETAIL_BAR,MASS,NOT_APPLICABLE,,,,,,,,,,,,,,,,,,,,no source-identified physical opening in this beam (26 opening objects checked project-wide; the generic opening detail is not applied globally)
BM-GF_ROOF-B13-BL042-467|OPENING_EXTRA_STIRRUP,BM-GF_ROOF-B13-BL042-467,SIMPLE_BEAM,B13,,OPENING_EXTRA_STIRRUP,BEAM_STIRRUP,MASS,NOT_APPLICABLE,,,,,,,,,,,,,,,,,,,,no source-identified physical opening in this beam (26 opening objects checked project-wide; the generic opening detail is not applied globally)
BM-GF_ROOF-B13-BL042-467|OTHER_EXPLICIT_EXTRA,BM-GF_ROOF-B13-BL042-467,SIMPLE_BEAM,B13,,OTHER_EXPLICIT_EXTRA,SPECIAL_DETAIL_BAR,MASS,NOT_APPLICABLE,,,,,,,,,,,,,,,,,,,,no other explicit extra scheduled or detailed for this occurrence
BM-GF_ROOF-B14-BL036-45F|TOP_MAIN|BM-GF_ROOF-B14-BL036-45F:TOP_MAIN,BM-GF_ROOF-B14-BL036-45F,SIMPLE_BEAM,B14,,TOP_MAIN,BEAM_TOP_BAR,MASS,LOWER_BOUND,SOURCE_BOUND,BM-GF_ROOF-B14-BL036-45F:TOP_MAIN,,12,2,1.8,3.6,0.888889,3.2,,,SOURCE_VERIFIED,NOT_ESTABLISHED,,,,"[""development / anchorage into the supports: no beam-source rule (note 9 70Ø/40Ø is for starter bars only; the slab 0.25L / 0.30L rules are never borrowed)"", ""DEVELOPMENT / ANCHORAGE at the end supports (not source-established)"", ""BAR-END HOOK / BEND at the end supports (not detailed)""]",,,development / anchorage into the supports: no beam-source rule (note 9 70Ø/40Ø is for starter bars only; the slab 0.25L / 0.30L rules are never borrowed); DEVELOPMENT / ANCHORAGE at the end supports (not source-established); BAR-END HOOK / BEND at the end supports (not detailed)
BM-GF_ROOF-B14-BL036-45F|BOTTOM_MAIN|BM-GF_ROOF-B14-BL036-45F:BOTTOM_MAIN,BM-GF_ROOF-B14-BL036-45F,SIMPLE_BEAM,B14,,BOTTOM_MAIN,BEAM_BOTTOM_BAR,MASS,LOWER_BOUND,SOURCE_BOUND,BM-GF_ROOF-B14-BL036-45F:BOTTOM_MAIN,,18,4,1.8,7.2,2.0,14.4,,,SOURCE_VERIFIED,NOT_ESTABLISHED,,,,"[""development / anchorage into the supports: no beam-source rule (note 9 70Ø/40Ø is for starter bars only; the slab 0.25L / 0.30L rules are never borrowed)"", ""DEVELOPMENT / ANCHORAGE at the end supports (not source-established)"", ""BAR-END HOOK / BEND at the end supports (not detailed)""]",,,development / anchorage into the supports: no beam-source rule (note 9 70Ø/40Ø is for starter bars only; the slab 0.25L / 0.30L rules are never borrowed); DEVELOPMENT / ANCHORAGE at the end supports (not source-established); BAR-END HOOK / BEND at the end supports (not detailed)
BM-GF_ROOF-B14-BL036-45F|TOP_SUPPORT,BM-GF_ROOF-B14-BL036-45F,SIMPLE_BEAM,B14,,TOP_SUPPORT,BEAM_EXTRA_BAR,MASS,NOT_APPLICABLE,,,,,,,,,,,,,,,,,,,,not scheduled in the SBT (no support bar field in the SBT)
BM-GF_ROOF-B14-BL036-45F|BOTTOM_SUPPORT,BM-GF_ROOF-B14-BL036-45F,SIMPLE_BEAM,B14,,BOTTOM_SUPPORT,BEAM_EXTRA_BAR,MASS,NOT_APPLICABLE,,,,,,,,,,,,,,,,,,,,not scheduled in the SBT (no bottom extra field in the SBT)
BM-GF_ROOF-B14-BL036-45F|MID_TOP,BM-GF_ROOF-B14-BL036-45F,SIMPLE_BEAM,B14,,MID_TOP,BEAM_EXTRA_BAR,MASS,NOT_APPLICABLE,,,,,,,,,,,,,,,,,,,,a simple beam has one span and no interior support; the SBT has no MID field
BM-GF_ROOF-B14-BL036-45F|MID_BOTTOM,BM-GF_ROOF-B14-BL036-45F,SIMPLE_BEAM,B14,,MID_BOTTOM,BEAM_EXTRA_BAR,MASS,NOT_APPLICABLE,,,,,,,,,,,,,,,,,,,,a simple beam has one span and no interior support; the SBT has no MID field
BM-GF_ROOF-B14-BL036-45F|HANGER,BM-GF_ROOF-B14-BL036-45F,SIMPLE_BEAM,B14,,HANGER,BEAM_EXTRA_BAR,MASS,NOT_APPLICABLE,,,,,,,,,,,,,,,,,,,,ABSENT: no hanger field and no hanger detail (TOP BARS listed; no hanger role asserted)
BM-GF_ROOF-B14-BL036-45F|SIDE_REBAR,BM-GF_ROOF-B14-BL036-45F,SIMPLE_BEAM,B14,,SIDE_REBAR,BEAM_SIDE_BAR,MASS,BLOCKED_UNQUANTIFIED,,,,12,2,,,,,,,,,,2%%C12/30cm,30.0,,,Q6,side bars '2%%C12/30cm' printed (2Ø12/30.0cm): '/30cm' semantics not established (per face or total; vertical spacing or other; bar length; end treatment) - never silently read as a vertical spacing (Q6) - quantity / mass not source-quantified
BM-GF_ROOF-B14-BL036-45F|STIRRUP_COUNT|SPAN1,BM-GF_ROOF-B14-BL036-45F,SIMPLE_BEAM,B14,,STIRRUP_COUNT,BEAM_STIRRUP,COUNT,LOWER_BOUND,SOURCE_BOUND,,1,8,,,,,,13,14,,,,,,,,,first / last stirrup position not stated; no +1
BM-GF_ROOF-B14-BL036-45F|STIRRUP_CORE_PATH|SPAN1,BM-GF_ROOF-B14-BL036-45F,SIMPLE_BEAM,B14,,STIRRUP_CORE_PATH,BEAM_STIRRUP,MASS,BLOCKED_UNQUANTIFIED,,,1,8,,,,,,,,,,,,,,"[""LEGS / TOPOLOGY UNRESOLVED"", ""HOOKS BLOCKED_UNQUANTIFIED"", ""LEGS / LINK TOPOLOGY NOT_ESTABLISHED"", ""STIRRUP HOOKS NOT_ESTABLISHED""]",Q7,"stirrup mass needs legs, path, hooks and section; missing: LEGS / TOPOLOGY UNRESOLVED; HOOKS BLOCKED_UNQUANTIFIED; LEGS / LINK TOPOLOGY NOT_ESTABLISHED; STIRRUP HOOKS NOT_ESTABLISHED"
BM-GF_ROOF-B14-BL036-45F|HOOK_1,BM-GF_ROOF-B14-BL036-45F,SIMPLE_BEAM,B14,,HOOK_1,ANCHORAGE,MASS,BLOCKED_UNQUANTIFIED,,,,,,,,,,,,,,,,,,,Q1,"bar-end hook / bend: end legs drawn N.T.S. without a dimension; no project hook source; column hook rules are not imported - Q1 at end 1 ({'kind': 'COLUMN', 'refs': ['GFRS:33E']})"
BM-GF_ROOF-B14-BL036-45F|DEVELOPMENT_1,BM-GF_ROOF-B14-BL036-45F,SIMPLE_BEAM,B14,,DEVELOPMENT_1,ANCHORAGE,MASS,BLOCKED_UNQUANTIFIED,,,,,,,,,,,,,,,,,,,Q1,"development / anchorage: no beam-source development rule (note 9 70Ø / 40Ø is starter-bar context only; no 40D, 70D, code, Urban default or external value is used) - Q1 at end 1 ({'kind': 'COLUMN', 'refs': ['GFRS:33E']})"
BM-GF_ROOF-B14-BL036-45F|HOOK_2,BM-GF_ROOF-B14-BL036-45F,SIMPLE_BEAM,B14,,HOOK_2,ANCHORAGE,MASS,BLOCKED_UNQUANTIFIED,,,,,,,,,,,,,,,,,,,Q1,"bar-end hook / bend: end legs drawn N.T.S. without a dimension; no project hook source; column hook rules are not imported - Q1 at end 2 ({'kind': 'COLUMN', 'refs': ['GFRS:338']})"
BM-GF_ROOF-B14-BL036-45F|DEVELOPMENT_2,BM-GF_ROOF-B14-BL036-45F,SIMPLE_BEAM,B14,,DEVELOPMENT_2,ANCHORAGE,MASS,BLOCKED_UNQUANTIFIED,,,,,,,,,,,,,,,,,,,Q1,"development / anchorage: no beam-source development rule (note 9 70Ø / 40Ø is starter-bar context only; no 40D, 70D, code, Urban default or external value is used) - Q1 at end 2 ({'kind': 'COLUMN', 'refs': ['GFRS:338']})"
BM-GF_ROOF-B14-BL036-45F|OPENING_EXTRA_TOP,BM-GF_ROOF-B14-BL036-45F,SIMPLE_BEAM,B14,,OPENING_EXTRA_TOP,SPECIAL_DETAIL_BAR,MASS,NOT_APPLICABLE,,,,,,,,,,,,,,,,,,,,no source-identified physical opening in this beam (26 opening objects checked project-wide; the generic opening detail is not applied globally)
BM-GF_ROOF-B14-BL036-45F|OPENING_EXTRA_BOTTOM,BM-GF_ROOF-B14-BL036-45F,SIMPLE_BEAM,B14,,OPENING_EXTRA_BOTTOM,SPECIAL_DETAIL_BAR,MASS,NOT_APPLICABLE,,,,,,,,,,,,,,,,,,,,no source-identified physical opening in this beam (26 opening objects checked project-wide; the generic opening detail is not applied globally)
BM-GF_ROOF-B14-BL036-45F|OPENING_EXTRA_SIDE,BM-GF_ROOF-B14-BL036-45F,SIMPLE_BEAM,B14,,OPENING_EXTRA_SIDE,SPECIAL_DETAIL_BAR,MASS,NOT_APPLICABLE,,,,,,,,,,,,,,,,,,,,no source-identified physical opening in this beam (26 opening objects checked project-wide; the generic opening detail is not applied globally)
BM-GF_ROOF-B14-BL036-45F|OPENING_EXTRA_STIRRUP,BM-GF_ROOF-B14-BL036-45F,SIMPLE_BEAM,B14,,OPENING_EXTRA_STIRRUP,BEAM_STIRRUP,MASS,NOT_APPLICABLE,,,,,,,,,,,,,,,,,,,,no source-identified physical opening in this beam (26 opening objects checked project-wide; the generic opening detail is not applied globally)
BM-GF_ROOF-B14-BL036-45F|OTHER_EXPLICIT_EXTRA,BM-GF_ROOF-B14-BL036-45F,SIMPLE_BEAM,B14,,OTHER_EXPLICIT_EXTRA,SPECIAL_DETAIL_BAR,MASS,NOT_APPLICABLE,,,,,,,,,,,,,,,,,,,,no other explicit extra scheduled or detailed for this occurrence
BM-GF_ROOF-B16-BL030-473|TOP_MAIN|BM-GF_ROOF-B16-BL030-473:TOP_MAIN,BM-GF_ROOF-B16-BL030-473,SIMPLE_BEAM,B16,,TOP_MAIN,BEAM_TOP_BAR,MASS,LOWER_BOUND,SOURCE_BOUND,BM-GF_ROOF-B16-BL030-473:TOP_MAIN,,14,3,3.52,10.56,1.209877,12.776296,,,SOURCE_VERIFIED,NOT_ESTABLISHED,,,,"[""development / anchorage into the supports: no beam-source rule (note 9 70Ø/40Ø is for starter bars only; the slab 0.25L / 0.30L rules are never borrowed)"", ""DEVELOPMENT / ANCHORAGE at the end supports (not source-established)"", ""BAR-END HOOK / BEND at the end supports (not detailed)""]",,,development / anchorage into the supports: no beam-source rule (note 9 70Ø/40Ø is for starter bars only; the slab 0.25L / 0.30L rules are never borrowed); DEVELOPMENT / ANCHORAGE at the end supports (not source-established); BAR-END HOOK / BEND at the end supports (not detailed)
BM-GF_ROOF-B16-BL030-473|BOTTOM_MAIN|BM-GF_ROOF-B16-BL030-473:BOTTOM_MAIN,BM-GF_ROOF-B16-BL030-473,SIMPLE_BEAM,B16,,BOTTOM_MAIN,BEAM_BOTTOM_BAR,MASS,LOWER_BOUND,SOURCE_BOUND,BM-GF_ROOF-B16-BL030-473:BOTTOM_MAIN,,18,5,3.52,17.6,2.0,35.2,,,SOURCE_VERIFIED,NOT_ESTABLISHED,,,,"[""development / anchorage into the supports: no beam-source rule (note 9 70Ø/40Ø is for starter bars only; the slab 0.25L / 0.30L rules are never borrowed)"", ""DEVELOPMENT / ANCHORAGE at the end supports (not source-established)"", ""BAR-END HOOK / BEND at the end supports (not detailed)""]",,,development / anchorage into the supports: no beam-source rule (note 9 70Ø/40Ø is for starter bars only; the slab 0.25L / 0.30L rules are never borrowed); DEVELOPMENT / ANCHORAGE at the end supports (not source-established); BAR-END HOOK / BEND at the end supports (not detailed)
BM-GF_ROOF-B16-BL030-473|TOP_SUPPORT,BM-GF_ROOF-B16-BL030-473,SIMPLE_BEAM,B16,,TOP_SUPPORT,BEAM_EXTRA_BAR,MASS,NOT_APPLICABLE,,,,,,,,,,,,,,,,,,,,not scheduled in the SBT (no support bar field in the SBT)
BM-GF_ROOF-B16-BL030-473|BOTTOM_SUPPORT,BM-GF_ROOF-B16-BL030-473,SIMPLE_BEAM,B16,,BOTTOM_SUPPORT,BEAM_EXTRA_BAR,MASS,NOT_APPLICABLE,,,,,,,,,,,,,,,,,,,,not scheduled in the SBT (no bottom extra field in the SBT)
BM-GF_ROOF-B16-BL030-473|MID_TOP,BM-GF_ROOF-B16-BL030-473,SIMPLE_BEAM,B16,,MID_TOP,BEAM_EXTRA_BAR,MASS,NOT_APPLICABLE,,,,,,,,,,,,,,,,,,,,a simple beam has one span and no interior support; the SBT has no MID field
BM-GF_ROOF-B16-BL030-473|MID_BOTTOM,BM-GF_ROOF-B16-BL030-473,SIMPLE_BEAM,B16,,MID_BOTTOM,BEAM_EXTRA_BAR,MASS,NOT_APPLICABLE,,,,,,,,,,,,,,,,,,,,a simple beam has one span and no interior support; the SBT has no MID field
BM-GF_ROOF-B16-BL030-473|HANGER,BM-GF_ROOF-B16-BL030-473,SIMPLE_BEAM,B16,,HANGER,BEAM_EXTRA_BAR,MASS,NOT_APPLICABLE,,,,,,,,,,,,,,,,,,,,ABSENT: no hanger field and no hanger detail (TOP BARS listed; no hanger role asserted)
BM-GF_ROOF-B16-BL030-473|SIDE_REBAR,BM-GF_ROOF-B16-BL030-473,SIMPLE_BEAM,B16,,SIDE_REBAR,BEAM_SIDE_BAR,MASS,BLOCKED_UNQUANTIFIED,,,,16,2,,,,,,,,,,2%%C16/20cm,20.0,,,Q6,side bars '2%%C16/20cm' printed (2Ø16/20.0cm): '/30cm' semantics not established (per face or total; vertical spacing or other; bar length; end treatment) - never silently read as a vertical spacing (Q6) - quantity / mass not source-quantified
BM-GF_ROOF-B16-BL030-473|STIRRUP_COUNT|SPAN1,BM-GF_ROOF-B16-BL030-473,SIMPLE_BEAM,B16,,STIRRUP_COUNT,BEAM_STIRRUP,COUNT,LOWER_BOUND,SOURCE_BOUND,,1,10,,,,,,36,37,,,,,,,,,first / last stirrup position not stated; no +1
BM-GF_ROOF-B16-BL030-473|STIRRUP_CORE_PATH|SPAN1,BM-GF_ROOF-B16-BL030-473,SIMPLE_BEAM,B16,,STIRRUP_CORE_PATH,BEAM_STIRRUP,MASS,BLOCKED_UNQUANTIFIED,,,1,10,,,,,,,,,,,,,,"[""LEGS / TOPOLOGY UNRESOLVED"", ""HOOKS BLOCKED_UNQUANTIFIED"", ""LEGS / LINK TOPOLOGY NOT_ESTABLISHED"", ""STIRRUP HOOKS NOT_ESTABLISHED""]",Q7,"stirrup mass needs legs, path, hooks and section; missing: LEGS / TOPOLOGY UNRESOLVED; HOOKS BLOCKED_UNQUANTIFIED; LEGS / LINK TOPOLOGY NOT_ESTABLISHED; STIRRUP HOOKS NOT_ESTABLISHED"
BM-GF_ROOF-B16-BL030-473|HOOK_1,BM-GF_ROOF-B16-BL030-473,SIMPLE_BEAM,B16,,HOOK_1,ANCHORAGE,MASS,BLOCKED_UNQUANTIFIED,,,,,,,,,,,,,,,,,,,Q1,"bar-end hook / bend: end legs drawn N.T.S. without a dimension; no project hook source; column hook rules are not imported - Q1 at end 1 ({'kind': 'COLUMN', 'refs': ['GFRS:37A']})"
BM-GF_ROOF-B16-BL030-473|DEVELOPMENT_1,BM-GF_ROOF-B16-BL030-473,SIMPLE_BEAM,B16,,DEVELOPMENT_1,ANCHORAGE,MASS,BLOCKED_UNQUANTIFIED,,,,,,,,,,,,,,,,,,,Q1,"development / anchorage: no beam-source development rule (note 9 70Ø / 40Ø is starter-bar context only; no 40D, 70D, code, Urban default or external value is used) - Q1 at end 1 ({'kind': 'COLUMN', 'refs': ['GFRS:37A']})"
BM-GF_ROOF-B16-BL030-473|HOOK_2,BM-GF_ROOF-B16-BL030-473,SIMPLE_BEAM,B16,,HOOK_2,ANCHORAGE,MASS,BLOCKED_UNQUANTIFIED,,,,,,,,,,,,,,,,,,,Q1,"bar-end hook / bend: end legs drawn N.T.S. without a dimension; no project hook source; column hook rules are not imported - Q1 at end 2 ({'kind': 'COLUMN', 'refs': ['GFRS:377']})"
BM-GF_ROOF-B16-BL030-473|DEVELOPMENT_2,BM-GF_ROOF-B16-BL030-473,SIMPLE_BEAM,B16,,DEVELOPMENT_2,ANCHORAGE,MASS,BLOCKED_UNQUANTIFIED,,,,,,,,,,,,,,,,,,,Q1,"development / anchorage: no beam-source development rule (note 9 70Ø / 40Ø is starter-bar context only; no 40D, 70D, code, Urban default or external value is used) - Q1 at end 2 ({'kind': 'COLUMN', 'refs': ['GFRS:377']})"
BM-GF_ROOF-B16-BL030-473|OPENING_EXTRA_TOP,BM-GF_ROOF-B16-BL030-473,SIMPLE_BEAM,B16,,OPENING_EXTRA_TOP,SPECIAL_DETAIL_BAR,MASS,NOT_APPLICABLE,,,,,,,,,,,,,,,,,,,,no source-identified physical opening in this beam (26 opening objects checked project-wide; the generic opening detail is not applied globally)
BM-GF_ROOF-B16-BL030-473|OPENING_EXTRA_BOTTOM,BM-GF_ROOF-B16-BL030-473,SIMPLE_BEAM,B16,,OPENING_EXTRA_BOTTOM,SPECIAL_DETAIL_BAR,MASS,NOT_APPLICABLE,,,,,,,,,,,,,,,,,,,,no source-identified physical opening in this beam (26 opening objects checked project-wide; the generic opening detail is not applied globally)
BM-GF_ROOF-B16-BL030-473|OPENING_EXTRA_SIDE,BM-GF_ROOF-B16-BL030-473,SIMPLE_BEAM,B16,,OPENING_EXTRA_SIDE,SPECIAL_DETAIL_BAR,MASS,NOT_APPLICABLE,,,,,,,,,,,,,,,,,,,,no source-identified physical opening in this beam (26 opening objects checked project-wide; the generic opening detail is not applied globally)
BM-GF_ROOF-B16-BL030-473|OPENING_EXTRA_STIRRUP,BM-GF_ROOF-B16-BL030-473,SIMPLE_BEAM,B16,,OPENING_EXTRA_STIRRUP,BEAM_STIRRUP,MASS,NOT_APPLICABLE,,,,,,,,,,,,,,,,,,,,no source-identified physical opening in this beam (26 opening objects checked project-wide; the generic opening detail is not applied globally)
BM-GF_ROOF-B16-BL030-473|OTHER_EXPLICIT_EXTRA,BM-GF_ROOF-B16-BL030-473,SIMPLE_BEAM,B16,,OTHER_EXPLICIT_EXTRA,SPECIAL_DETAIL_BAR,MASS,NOT_APPLICABLE,,,,,,,,,,,,,,,,,,,,no other explicit extra scheduled or detailed for this occurrence
BM-GF_ROOF-B17-BL044-432|TOP_MAIN|BM-GF_ROOF-B17-BL044-432:TOP_MAIN,BM-GF_ROOF-B17-BL044-432,SIMPLE_BEAM,B17,,TOP_MAIN,BEAM_TOP_BAR,MASS,LOWER_BOUND,SOURCE_BOUND,BM-GF_ROOF-B17-BL044-432:TOP_MAIN,,14,4,5.1,20.4,1.209877,24.681481,,,SOURCE_VERIFIED,NOT_ESTABLISHED,,,,"[""development / anchorage into the supports: no beam-source rule (note 9 70Ø/40Ø is for starter bars only; the slab 0.25L / 0.30L rules are never borrowed)"", ""DEVELOPMENT / ANCHORAGE at the end supports (not source-established)"", ""BAR-END HOOK / BEND at the end supports (not detailed)""]",,,development / anchorage into the supports: no beam-source rule (note 9 70Ø/40Ø is for starter bars only; the slab 0.25L / 0.30L rules are never borrowed); DEVELOPMENT / ANCHORAGE at the end supports (not source-established); BAR-END HOOK / BEND at the end supports (not detailed)
BM-GF_ROOF-B17-BL044-432|BOTTOM_MAIN|BM-GF_ROOF-B17-BL044-432:BOTTOM_MAIN,BM-GF_ROOF-B17-BL044-432,SIMPLE_BEAM,B17,,BOTTOM_MAIN,BEAM_BOTTOM_BAR,MASS,LOWER_BOUND,SOURCE_BOUND,BM-GF_ROOF-B17-BL044-432:BOTTOM_MAIN,,18,10,5.1,51.0,2.0,102.0,,,SOURCE_VERIFIED,NOT_ESTABLISHED,,,,"[""development / anchorage into the supports: no beam-source rule (note 9 70Ø/40Ø is for starter bars only; the slab 0.25L / 0.30L rules are never borrowed)"", ""DEVELOPMENT / ANCHORAGE at the end supports (not source-established)"", ""BAR-END HOOK / BEND at the end supports (not detailed)""]",,,development / anchorage into the supports: no beam-source rule (note 9 70Ø/40Ø is for starter bars only; the slab 0.25L / 0.30L rules are never borrowed); DEVELOPMENT / ANCHORAGE at the end supports (not source-established); BAR-END HOOK / BEND at the end supports (not detailed)
BM-GF_ROOF-B17-BL044-432|TOP_SUPPORT,BM-GF_ROOF-B17-BL044-432,SIMPLE_BEAM,B17,,TOP_SUPPORT,BEAM_EXTRA_BAR,MASS,NOT_APPLICABLE,,,,,,,,,,,,,,,,,,,,not scheduled in the SBT (no support bar field in the SBT)
BM-GF_ROOF-B17-BL044-432|BOTTOM_SUPPORT,BM-GF_ROOF-B17-BL044-432,SIMPLE_BEAM,B17,,BOTTOM_SUPPORT,BEAM_EXTRA_BAR,MASS,NOT_APPLICABLE,,,,,,,,,,,,,,,,,,,,not scheduled in the SBT (no bottom extra field in the SBT)
BM-GF_ROOF-B17-BL044-432|MID_TOP,BM-GF_ROOF-B17-BL044-432,SIMPLE_BEAM,B17,,MID_TOP,BEAM_EXTRA_BAR,MASS,NOT_APPLICABLE,,,,,,,,,,,,,,,,,,,,a simple beam has one span and no interior support; the SBT has no MID field
BM-GF_ROOF-B17-BL044-432|MID_BOTTOM,BM-GF_ROOF-B17-BL044-432,SIMPLE_BEAM,B17,,MID_BOTTOM,BEAM_EXTRA_BAR,MASS,NOT_APPLICABLE,,,,,,,,,,,,,,,,,,,,a simple beam has one span and no interior support; the SBT has no MID field
BM-GF_ROOF-B17-BL044-432|HANGER,BM-GF_ROOF-B17-BL044-432,SIMPLE_BEAM,B17,,HANGER,BEAM_EXTRA_BAR,MASS,NOT_APPLICABLE,,,,,,,,,,,,,,,,,,,,ABSENT: no hanger field and no hanger detail (TOP BARS listed; no hanger role asserted)
BM-GF_ROOF-B17-BL044-432|SIDE_REBAR,BM-GF_ROOF-B17-BL044-432,SIMPLE_BEAM,B17,,SIDE_REBAR,BEAM_SIDE_BAR,MASS,BLOCKED_UNQUANTIFIED,,,,12,2,,,,,,,,,,2%%C12/30cm,30.0,,,Q6,side bars '2%%C12/30cm' printed (2Ø12/30.0cm): '/30cm' semantics not established (per face or total; vertical spacing or other; bar length; end treatment) - never silently read as a vertical spacing (Q6) - quantity / mass not source-quantified
BM-GF_ROOF-B17-BL044-432|STIRRUP_COUNT|SPAN1,BM-GF_ROOF-B17-BL044-432,SIMPLE_BEAM,B17,,STIRRUP_COUNT,BEAM_STIRRUP,COUNT,LOWER_BOUND,SOURCE_BOUND,,1,8,,,,,,31,32,,,,,,,,,first / last stirrup position not stated; no +1
BM-GF_ROOF-B17-BL044-432|STIRRUP_CORE_PATH|SPAN1,BM-GF_ROOF-B17-BL044-432,SIMPLE_BEAM,B17,,STIRRUP_CORE_PATH,BEAM_STIRRUP,MASS,BLOCKED_UNQUANTIFIED,,,1,8,,,,,,,,,,,,,,"[""LEGS / TOPOLOGY UNRESOLVED"", ""HOOKS BLOCKED_UNQUANTIFIED"", ""LEGS / LINK TOPOLOGY NOT_ESTABLISHED"", ""STIRRUP HOOKS NOT_ESTABLISHED""]",Q7,"stirrup mass needs legs, path, hooks and section; missing: LEGS / TOPOLOGY UNRESOLVED; HOOKS BLOCKED_UNQUANTIFIED; LEGS / LINK TOPOLOGY NOT_ESTABLISHED; STIRRUP HOOKS NOT_ESTABLISHED"
BM-GF_ROOF-B17-BL044-432|HOOK_1,BM-GF_ROOF-B17-BL044-432,SIMPLE_BEAM,B17,,HOOK_1,ANCHORAGE,MASS,BLOCKED_UNQUANTIFIED,,,,,,,,,,,,,,,,,,,Q1,"bar-end hook / bend: end legs drawn N.T.S. without a dimension; no project hook source; column hook rules are not imported - Q1 at end 1 ({'kind': 'COLUMN', 'refs': ['GFRS:37A']})"
BM-GF_ROOF-B17-BL044-432|DEVELOPMENT_1,BM-GF_ROOF-B17-BL044-432,SIMPLE_BEAM,B17,,DEVELOPMENT_1,ANCHORAGE,MASS,BLOCKED_UNQUANTIFIED,,,,,,,,,,,,,,,,,,,Q1,"development / anchorage: no beam-source development rule (note 9 70Ø / 40Ø is starter-bar context only; no 40D, 70D, code, Urban default or external value is used) - Q1 at end 1 ({'kind': 'COLUMN', 'refs': ['GFRS:37A']})"
BM-GF_ROOF-B17-BL044-432|HOOK_2,BM-GF_ROOF-B17-BL044-432,SIMPLE_BEAM,B17,,HOOK_2,ANCHORAGE,MASS,BLOCKED_UNQUANTIFIED,,,,,,,,,,,,,,,,,,,Q1,"bar-end hook / bend: end legs drawn N.T.S. without a dimension; no project hook source; column hook rules are not imported - Q1 at end 2 ({'kind': 'BEAM_CARRIED_BY', 'refs': ['BL007']})"
BM-GF_ROOF-B17-BL044-432|DEVELOPMENT_2,BM-GF_ROOF-B17-BL044-432,SIMPLE_BEAM,B17,,DEVELOPMENT_2,ANCHORAGE,MASS,BLOCKED_UNQUANTIFIED,,,,,,,,,,,,,,,,,,,Q1,"development / anchorage: no beam-source development rule (note 9 70Ø / 40Ø is starter-bar context only; no 40D, 70D, code, Urban default or external value is used) - Q1 at end 2 ({'kind': 'BEAM_CARRIED_BY', 'refs': ['BL007']})"
BM-GF_ROOF-B17-BL044-432|OPENING_EXTRA_TOP,BM-GF_ROOF-B17-BL044-432,SIMPLE_BEAM,B17,,OPENING_EXTRA_TOP,SPECIAL_DETAIL_BAR,MASS,NOT_APPLICABLE,,,,,,,,,,,,,,,,,,,,no source-identified physical opening in this beam (26 opening objects checked project-wide; the generic opening detail is not applied globally)
BM-GF_ROOF-B17-BL044-432|OPENING_EXTRA_BOTTOM,BM-GF_ROOF-B17-BL044-432,SIMPLE_BEAM,B17,,OPENING_EXTRA_BOTTOM,SPECIAL_DETAIL_BAR,MASS,NOT_APPLICABLE,,,,,,,,,,,,,,,,,,,,no source-identified physical opening in this beam (26 opening objects checked project-wide; the generic opening detail is not applied globally)
BM-GF_ROOF-B17-BL044-432|OPENING_EXTRA_SIDE,BM-GF_ROOF-B17-BL044-432,SIMPLE_BEAM,B17,,OPENING_EXTRA_SIDE,SPECIAL_DETAIL_BAR,MASS,NOT_APPLICABLE,,,,,,,,,,,,,,,,,,,,no source-identified physical opening in this beam (26 opening objects checked project-wide; the generic opening detail is not applied globally)
BM-GF_ROOF-B17-BL044-432|OPENING_EXTRA_STIRRUP,BM-GF_ROOF-B17-BL044-432,SIMPLE_BEAM,B17,,OPENING_EXTRA_STIRRUP,BEAM_STIRRUP,MASS,NOT_APPLICABLE,,,,,,,,,,,,,,,,,,,,no source-identified physical opening in this beam (26 opening objects checked project-wide; the generic opening detail is not applied globally)
BM-GF_ROOF-B17-BL044-432|OTHER_EXPLICIT_EXTRA,BM-GF_ROOF-B17-BL044-432,SIMPLE_BEAM,B17,,OTHER_EXPLICIT_EXTRA,SPECIAL_DETAIL_BAR,MASS,NOT_APPLICABLE,,,,,,,,,,,,,,,,,,,,no other explicit extra scheduled or detailed for this occurrence
BM-GF_ROOF-B2-BL005-485|TOP_MAIN|BM-GF_ROOF-B2-BL005-485:TOP_MAIN,BM-GF_ROOF-B2-BL005-485,SIMPLE_BEAM,B2,,TOP_MAIN,BEAM_TOP_BAR,MASS,LOWER_BOUND,SOURCE_BOUND,BM-GF_ROOF-B2-BL005-485:TOP_MAIN,,12,2,2.5,5.0,0.888889,4.444444,,,SOURCE_VERIFIED,NOT_ESTABLISHED,,,,"[""development / anchorage into the supports: no beam-source rule (note 9 70Ø/40Ø is for starter bars only; the slab 0.25L / 0.30L rules are never borrowed)"", ""DEVELOPMENT / ANCHORAGE at the end supports (not source-established)"", ""BAR-END HOOK / BEND at the end supports (not detailed)""]",,,development / anchorage into the supports: no beam-source rule (note 9 70Ø/40Ø is for starter bars only; the slab 0.25L / 0.30L rules are never borrowed); DEVELOPMENT / ANCHORAGE at the end supports (not source-established); BAR-END HOOK / BEND at the end supports (not detailed)
BM-GF_ROOF-B2-BL005-485|BOTTOM_MAIN|BM-GF_ROOF-B2-BL005-485:BOTTOM_MAIN,BM-GF_ROOF-B2-BL005-485,SIMPLE_BEAM,B2,,BOTTOM_MAIN,BEAM_BOTTOM_BAR,MASS,LOWER_BOUND,SOURCE_BOUND,BM-GF_ROOF-B2-BL005-485:BOTTOM_MAIN,,16,3,2.5,7.5,1.580247,11.851852,,,SOURCE_VERIFIED,NOT_ESTABLISHED,,,,"[""development / anchorage into the supports: no beam-source rule (note 9 70Ø/40Ø is for starter bars only; the slab 0.25L / 0.30L rules are never borrowed)"", ""DEVELOPMENT / ANCHORAGE at the end supports (not source-established)"", ""BAR-END HOOK / BEND at the end supports (not detailed)""]",,,development / anchorage into the supports: no beam-source rule (note 9 70Ø/40Ø is for starter bars only; the slab 0.25L / 0.30L rules are never borrowed); DEVELOPMENT / ANCHORAGE at the end supports (not source-established); BAR-END HOOK / BEND at the end supports (not detailed)
BM-GF_ROOF-B2-BL005-485|TOP_SUPPORT,BM-GF_ROOF-B2-BL005-485,SIMPLE_BEAM,B2,,TOP_SUPPORT,BEAM_EXTRA_BAR,MASS,NOT_APPLICABLE,,,,,,,,,,,,,,,,,,,,not scheduled in the SBT (no support bar field in the SBT)
BM-GF_ROOF-B2-BL005-485|BOTTOM_SUPPORT,BM-GF_ROOF-B2-BL005-485,SIMPLE_BEAM,B2,,BOTTOM_SUPPORT,BEAM_EXTRA_BAR,MASS,NOT_APPLICABLE,,,,,,,,,,,,,,,,,,,,not scheduled in the SBT (no bottom extra field in the SBT)
BM-GF_ROOF-B2-BL005-485|MID_TOP,BM-GF_ROOF-B2-BL005-485,SIMPLE_BEAM,B2,,MID_TOP,BEAM_EXTRA_BAR,MASS,NOT_APPLICABLE,,,,,,,,,,,,,,,,,,,,a simple beam has one span and no interior support; the SBT has no MID field
BM-GF_ROOF-B2-BL005-485|MID_BOTTOM,BM-GF_ROOF-B2-BL005-485,SIMPLE_BEAM,B2,,MID_BOTTOM,BEAM_EXTRA_BAR,MASS,NOT_APPLICABLE,,,,,,,,,,,,,,,,,,,,a simple beam has one span and no interior support; the SBT has no MID field
BM-GF_ROOF-B2-BL005-485|HANGER,BM-GF_ROOF-B2-BL005-485,SIMPLE_BEAM,B2,,HANGER,BEAM_EXTRA_BAR,MASS,NOT_APPLICABLE,,,,,,,,,,,,,,,,,,,,ABSENT: no hanger field and no hanger detail (TOP BARS listed; no hanger role asserted)
BM-GF_ROOF-B2-BL005-485|SIDE_REBAR,BM-GF_ROOF-B2-BL005-485,SIMPLE_BEAM,B2,,SIDE_REBAR,BEAM_SIDE_BAR,MASS,NOT_APPLICABLE,,,,,,,,,,,,,,,,,,,,no side bars printed; depth 40.0 cm
BM-GF_ROOF-B2-BL005-485|STIRRUP_COUNT|SPAN1,BM-GF_ROOF-B2-BL005-485,SIMPLE_BEAM,B2,,STIRRUP_COUNT,BEAM_STIRRUP,COUNT,LOWER_BOUND,SOURCE_BOUND,,1,8,,,,,,15,16,,,,,,,,,first / last stirrup position not stated; no +1
BM-GF_ROOF-B2-BL005-485|STIRRUP_CORE_PATH|SPAN1,BM-GF_ROOF-B2-BL005-485,SIMPLE_BEAM,B2,,STIRRUP_CORE_PATH,BEAM_STIRRUP,MASS,BLOCKED_UNQUANTIFIED,,,1,8,,,,,,,,,,,,,,"[""LEGS / TOPOLOGY UNRESOLVED"", ""HOOKS BLOCKED_UNQUANTIFIED"", ""LEGS / LINK TOPOLOGY NOT_ESTABLISHED"", ""STIRRUP HOOKS NOT_ESTABLISHED""]",Q7,"stirrup mass needs legs, path, hooks and section; missing: LEGS / TOPOLOGY UNRESOLVED; HOOKS BLOCKED_UNQUANTIFIED; LEGS / LINK TOPOLOGY NOT_ESTABLISHED; STIRRUP HOOKS NOT_ESTABLISHED"
BM-GF_ROOF-B2-BL005-485|HOOK_1,BM-GF_ROOF-B2-BL005-485,SIMPLE_BEAM,B2,,HOOK_1,ANCHORAGE,MASS,BLOCKED_UNQUANTIFIED,,,,,,,,,,,,,,,,,,,Q1,"bar-end hook / bend: end legs drawn N.T.S. without a dimension; no project hook source; column hook rules are not imported - Q1 at end 1 ({'kind': 'COLUMN', 'refs': ['GFRS:34A']})"
BM-GF_ROOF-B2-BL005-485|DEVELOPMENT_1,BM-GF_ROOF-B2-BL005-485,SIMPLE_BEAM,B2,,DEVELOPMENT_1,ANCHORAGE,MASS,BLOCKED_UNQUANTIFIED,,,,,,,,,,,,,,,,,,,Q1,"development / anchorage: no beam-source development rule (note 9 70Ø / 40Ø is starter-bar context only; no 40D, 70D, code, Urban default or external value is used) - Q1 at end 1 ({'kind': 'COLUMN', 'refs': ['GFRS:34A']})"
BM-GF_ROOF-B2-BL005-485|HOOK_2,BM-GF_ROOF-B2-BL005-485,SIMPLE_BEAM,B2,,HOOK_2,ANCHORAGE,MASS,BLOCKED_UNQUANTIFIED,,,,,,,,,,,,,,,,,,,Q1,"bar-end hook / bend: end legs drawn N.T.S. without a dimension; no project hook source; column hook rules are not imported - Q1 at end 2 ({'kind': 'COLUMN', 'refs': ['GFRS:356']})"
BM-GF_ROOF-B2-BL005-485|DEVELOPMENT_2,BM-GF_ROOF-B2-BL005-485,SIMPLE_BEAM,B2,,DEVELOPMENT_2,ANCHORAGE,MASS,BLOCKED_UNQUANTIFIED,,,,,,,,,,,,,,,,,,,Q1,"development / anchorage: no beam-source development rule (note 9 70Ø / 40Ø is starter-bar context only; no 40D, 70D, code, Urban default or external value is used) - Q1 at end 2 ({'kind': 'COLUMN', 'refs': ['GFRS:356']})"
BM-GF_ROOF-B2-BL005-485|OPENING_EXTRA_TOP,BM-GF_ROOF-B2-BL005-485,SIMPLE_BEAM,B2,,OPENING_EXTRA_TOP,SPECIAL_DETAIL_BAR,MASS,NOT_APPLICABLE,,,,,,,,,,,,,,,,,,,,no source-identified physical opening in this beam (26 opening objects checked project-wide; the generic opening detail is not applied globally)
BM-GF_ROOF-B2-BL005-485|OPENING_EXTRA_BOTTOM,BM-GF_ROOF-B2-BL005-485,SIMPLE_BEAM,B2,,OPENING_EXTRA_BOTTOM,SPECIAL_DETAIL_BAR,MASS,NOT_APPLICABLE,,,,,,,,,,,,,,,,,,,,no source-identified physical opening in this beam (26 opening objects checked project-wide; the generic opening detail is not applied globally)
BM-GF_ROOF-B2-BL005-485|OPENING_EXTRA_SIDE,BM-GF_ROOF-B2-BL005-485,SIMPLE_BEAM,B2,,OPENING_EXTRA_SIDE,SPECIAL_DETAIL_BAR,MASS,NOT_APPLICABLE,,,,,,,,,,,,,,,,,,,,no source-identified physical opening in this beam (26 opening objects checked project-wide; the generic opening detail is not applied globally)
BM-GF_ROOF-B2-BL005-485|OPENING_EXTRA_STIRRUP,BM-GF_ROOF-B2-BL005-485,SIMPLE_BEAM,B2,,OPENING_EXTRA_STIRRUP,BEAM_STIRRUP,MASS,NOT_APPLICABLE,,,,,,,,,,,,,,,,,,,,no source-identified physical opening in this beam (26 opening objects checked project-wide; the generic opening detail is not applied globally)
BM-GF_ROOF-B2-BL005-485|OTHER_EXPLICIT_EXTRA,BM-GF_ROOF-B2-BL005-485,SIMPLE_BEAM,B2,,OTHER_EXPLICIT_EXTRA,SPECIAL_DETAIL_BAR,MASS,NOT_APPLICABLE,,,,,,,,,,,,,,,,,,,,no other explicit extra scheduled or detailed for this occurrence
BM-GF_ROOF-B2-BL016-492|TOP_MAIN|BM-GF_ROOF-B2-BL016-492:TOP_MAIN,BM-GF_ROOF-B2-BL016-492,SIMPLE_BEAM,B2,,TOP_MAIN,BEAM_TOP_BAR,MASS,LOWER_BOUND,SOURCE_BOUND,BM-GF_ROOF-B2-BL016-492:TOP_MAIN,,12,2,2.7,5.4,0.888889,4.8,,,SOURCE_VERIFIED,NOT_ESTABLISHED,,,,"[""development / anchorage into the supports: no beam-source rule (note 9 70Ø/40Ø is for starter bars only; the slab 0.25L / 0.30L rules are never borrowed)"", ""DEVELOPMENT / ANCHORAGE at the end supports (not source-established)"", ""BAR-END HOOK / BEND at the end supports (not detailed)""]",,,development / anchorage into the supports: no beam-source rule (note 9 70Ø/40Ø is for starter bars only; the slab 0.25L / 0.30L rules are never borrowed); DEVELOPMENT / ANCHORAGE at the end supports (not source-established); BAR-END HOOK / BEND at the end supports (not detailed)
BM-GF_ROOF-B2-BL016-492|BOTTOM_MAIN|BM-GF_ROOF-B2-BL016-492:BOTTOM_MAIN,BM-GF_ROOF-B2-BL016-492,SIMPLE_BEAM,B2,,BOTTOM_MAIN,BEAM_BOTTOM_BAR,MASS,LOWER_BOUND,SOURCE_BOUND,BM-GF_ROOF-B2-BL016-492:BOTTOM_MAIN,,16,3,2.7,8.1,1.580247,12.8,,,SOURCE_VERIFIED,NOT_ESTABLISHED,,,,"[""development / anchorage into the supports: no beam-source rule (note 9 70Ø/40Ø is for starter bars only; the slab 0.25L / 0.30L rules are never borrowed)"", ""DEVELOPMENT / ANCHORAGE at the end supports (not source-established)"", ""BAR-END HOOK / BEND at the end supports (not detailed)""]",,,development / anchorage into the supports: no beam-source rule (note 9 70Ø/40Ø is for starter bars only; the slab 0.25L / 0.30L rules are never borrowed); DEVELOPMENT / ANCHORAGE at the end supports (not source-established); BAR-END HOOK / BEND at the end supports (not detailed)
BM-GF_ROOF-B2-BL016-492|TOP_SUPPORT,BM-GF_ROOF-B2-BL016-492,SIMPLE_BEAM,B2,,TOP_SUPPORT,BEAM_EXTRA_BAR,MASS,NOT_APPLICABLE,,,,,,,,,,,,,,,,,,,,not scheduled in the SBT (no support bar field in the SBT)
BM-GF_ROOF-B2-BL016-492|BOTTOM_SUPPORT,BM-GF_ROOF-B2-BL016-492,SIMPLE_BEAM,B2,,BOTTOM_SUPPORT,BEAM_EXTRA_BAR,MASS,NOT_APPLICABLE,,,,,,,,,,,,,,,,,,,,not scheduled in the SBT (no bottom extra field in the SBT)
BM-GF_ROOF-B2-BL016-492|MID_TOP,BM-GF_ROOF-B2-BL016-492,SIMPLE_BEAM,B2,,MID_TOP,BEAM_EXTRA_BAR,MASS,NOT_APPLICABLE,,,,,,,,,,,,,,,,,,,,a simple beam has one span and no interior support; the SBT has no MID field
BM-GF_ROOF-B2-BL016-492|MID_BOTTOM,BM-GF_ROOF-B2-BL016-492,SIMPLE_BEAM,B2,,MID_BOTTOM,BEAM_EXTRA_BAR,MASS,NOT_APPLICABLE,,,,,,,,,,,,,,,,,,,,a simple beam has one span and no interior support; the SBT has no MID field
BM-GF_ROOF-B2-BL016-492|HANGER,BM-GF_ROOF-B2-BL016-492,SIMPLE_BEAM,B2,,HANGER,BEAM_EXTRA_BAR,MASS,NOT_APPLICABLE,,,,,,,,,,,,,,,,,,,,ABSENT: no hanger field and no hanger detail (TOP BARS listed; no hanger role asserted)
BM-GF_ROOF-B2-BL016-492|SIDE_REBAR,BM-GF_ROOF-B2-BL016-492,SIMPLE_BEAM,B2,,SIDE_REBAR,BEAM_SIDE_BAR,MASS,NOT_APPLICABLE,,,,,,,,,,,,,,,,,,,,no side bars printed; depth 40.0 cm
BM-GF_ROOF-B2-BL016-492|STIRRUP_COUNT|SPAN1,BM-GF_ROOF-B2-BL016-492,SIMPLE_BEAM,B2,,STIRRUP_COUNT,BEAM_STIRRUP,COUNT,LOWER_BOUND,SOURCE_BOUND,,1,8,,,,,,17,18,,,,,,,,,first / last stirrup position not stated; no +1
BM-GF_ROOF-B2-BL016-492|STIRRUP_CORE_PATH|SPAN1,BM-GF_ROOF-B2-BL016-492,SIMPLE_BEAM,B2,,STIRRUP_CORE_PATH,BEAM_STIRRUP,MASS,BLOCKED_UNQUANTIFIED,,,1,8,,,,,,,,,,,,,,"[""LEGS / TOPOLOGY UNRESOLVED"", ""HOOKS BLOCKED_UNQUANTIFIED"", ""LEGS / LINK TOPOLOGY NOT_ESTABLISHED"", ""STIRRUP HOOKS NOT_ESTABLISHED""]",Q7,"stirrup mass needs legs, path, hooks and section; missing: LEGS / TOPOLOGY UNRESOLVED; HOOKS BLOCKED_UNQUANTIFIED; LEGS / LINK TOPOLOGY NOT_ESTABLISHED; STIRRUP HOOKS NOT_ESTABLISHED"
BM-GF_ROOF-B2-BL016-492|HOOK_1,BM-GF_ROOF-B2-BL016-492,SIMPLE_BEAM,B2,,HOOK_1,ANCHORAGE,MASS,BLOCKED_UNQUANTIFIED,,,,,,,,,,,,,,,,,,,Q1,"bar-end hook / bend: end legs drawn N.T.S. without a dimension; no project hook source; column hook rules are not imported - Q1 at end 1 ({'kind': 'COLUMN', 'refs': ['GFRS:36B']})"
BM-GF_ROOF-B2-BL016-492|DEVELOPMENT_1,BM-GF_ROOF-B2-BL016-492,SIMPLE_BEAM,B2,,DEVELOPMENT_1,ANCHORAGE,MASS,BLOCKED_UNQUANTIFIED,,,,,,,,,,,,,,,,,,,Q1,"development / anchorage: no beam-source development rule (note 9 70Ø / 40Ø is starter-bar context only; no 40D, 70D, code, Urban default or external value is used) - Q1 at end 1 ({'kind': 'COLUMN', 'refs': ['GFRS:36B']})"
BM-GF_ROOF-B2-BL016-492|HOOK_2,BM-GF_ROOF-B2-BL016-492,SIMPLE_BEAM,B2,,HOOK_2,ANCHORAGE,MASS,BLOCKED_UNQUANTIFIED,,,,,,,,,,,,,,,,,,,Q1,"bar-end hook / bend: end legs drawn N.T.S. without a dimension; no project hook source; column hook rules are not imported - Q1 at end 2 ({'kind': 'COLUMN', 'refs': ['GFRS:32C']})"
BM-GF_ROOF-B2-BL016-492|DEVELOPMENT_2,BM-GF_ROOF-B2-BL016-492,SIMPLE_BEAM,B2,,DEVELOPMENT_2,ANCHORAGE,MASS,BLOCKED_UNQUANTIFIED,,,,,,,,,,,,,,,,,,,Q1,"development / anchorage: no beam-source development rule (note 9 70Ø / 40Ø is starter-bar context only; no 40D, 70D, code, Urban default or external value is used) - Q1 at end 2 ({'kind': 'COLUMN', 'refs': ['GFRS:32C']})"
BM-GF_ROOF-B2-BL016-492|OPENING_EXTRA_TOP,BM-GF_ROOF-B2-BL016-492,SIMPLE_BEAM,B2,,OPENING_EXTRA_TOP,SPECIAL_DETAIL_BAR,MASS,NOT_APPLICABLE,,,,,,,,,,,,,,,,,,,,no source-identified physical opening in this beam (26 opening objects checked project-wide; the generic opening detail is not applied globally)
BM-GF_ROOF-B2-BL016-492|OPENING_EXTRA_BOTTOM,BM-GF_ROOF-B2-BL016-492,SIMPLE_BEAM,B2,,OPENING_EXTRA_BOTTOM,SPECIAL_DETAIL_BAR,MASS,NOT_APPLICABLE,,,,,,,,,,,,,,,,,,,,no source-identified physical opening in this beam (26 opening objects checked project-wide; the generic opening detail is not applied globally)
BM-GF_ROOF-B2-BL016-492|OPENING_EXTRA_SIDE,BM-GF_ROOF-B2-BL016-492,SIMPLE_BEAM,B2,,OPENING_EXTRA_SIDE,SPECIAL_DETAIL_BAR,MASS,NOT_APPLICABLE,,,,,,,,,,,,,,,,,,,,no source-identified physical opening in this beam (26 opening objects checked project-wide; the generic opening detail is not applied globally)
BM-GF_ROOF-B2-BL016-492|OPENING_EXTRA_STIRRUP,BM-GF_ROOF-B2-BL016-492,SIMPLE_BEAM,B2,,OPENING_EXTRA_STIRRUP,BEAM_STIRRUP,MASS,NOT_APPLICABLE,,,,,,,,,,,,,,,,,,,,no source-identified physical opening in this beam (26 opening objects checked project-wide; the generic opening detail is not applied globally)
BM-GF_ROOF-B2-BL016-492|OTHER_EXPLICIT_EXTRA,BM-GF_ROOF-B2-BL016-492,SIMPLE_BEAM,B2,,OTHER_EXPLICIT_EXTRA,SPECIAL_DETAIL_BAR,MASS,NOT_APPLICABLE,,,,,,,,,,,,,,,,,,,,no other explicit extra scheduled or detailed for this occurrence
BM-GF_ROOF-B2-BL028-449|TOP_MAIN|BM-GF_ROOF-B2-BL028-449:TOP_MAIN,BM-GF_ROOF-B2-BL028-449,SIMPLE_BEAM,B2,,TOP_MAIN,BEAM_TOP_BAR,MASS,LOWER_BOUND,SOURCE_BOUND,BM-GF_ROOF-B2-BL028-449:TOP_MAIN,,12,2,2.7,5.4,0.888889,4.8,,,SOURCE_VERIFIED,NOT_ESTABLISHED,,,,"[""development / anchorage into the supports: no beam-source rule (note 9 70Ø/40Ø is for starter bars only; the slab 0.25L / 0.30L rules are never borrowed)"", ""DEVELOPMENT / ANCHORAGE at the end supports (not source-established)"", ""BAR-END HOOK / BEND at the end supports (not detailed)""]",,,development / anchorage into the supports: no beam-source rule (note 9 70Ø/40Ø is for starter bars only; the slab 0.25L / 0.30L rules are never borrowed); DEVELOPMENT / ANCHORAGE at the end supports (not source-established); BAR-END HOOK / BEND at the end supports (not detailed)
BM-GF_ROOF-B2-BL028-449|BOTTOM_MAIN|BM-GF_ROOF-B2-BL028-449:BOTTOM_MAIN,BM-GF_ROOF-B2-BL028-449,SIMPLE_BEAM,B2,,BOTTOM_MAIN,BEAM_BOTTOM_BAR,MASS,LOWER_BOUND,SOURCE_BOUND,BM-GF_ROOF-B2-BL028-449:BOTTOM_MAIN,,16,3,2.7,8.1,1.580247,12.8,,,SOURCE_VERIFIED,NOT_ESTABLISHED,,,,"[""development / anchorage into the supports: no beam-source rule (note 9 70Ø/40Ø is for starter bars only; the slab 0.25L / 0.30L rules are never borrowed)"", ""DEVELOPMENT / ANCHORAGE at the end supports (not source-established)"", ""BAR-END HOOK / BEND at the end supports (not detailed)""]",,,development / anchorage into the supports: no beam-source rule (note 9 70Ø/40Ø is for starter bars only; the slab 0.25L / 0.30L rules are never borrowed); DEVELOPMENT / ANCHORAGE at the end supports (not source-established); BAR-END HOOK / BEND at the end supports (not detailed)
BM-GF_ROOF-B2-BL028-449|TOP_SUPPORT,BM-GF_ROOF-B2-BL028-449,SIMPLE_BEAM,B2,,TOP_SUPPORT,BEAM_EXTRA_BAR,MASS,NOT_APPLICABLE,,,,,,,,,,,,,,,,,,,,not scheduled in the SBT (no support bar field in the SBT)
BM-GF_ROOF-B2-BL028-449|BOTTOM_SUPPORT,BM-GF_ROOF-B2-BL028-449,SIMPLE_BEAM,B2,,BOTTOM_SUPPORT,BEAM_EXTRA_BAR,MASS,NOT_APPLICABLE,,,,,,,,,,,,,,,,,,,,not scheduled in the SBT (no bottom extra field in the SBT)
BM-GF_ROOF-B2-BL028-449|MID_TOP,BM-GF_ROOF-B2-BL028-449,SIMPLE_BEAM,B2,,MID_TOP,BEAM_EXTRA_BAR,MASS,NOT_APPLICABLE,,,,,,,,,,,,,,,,,,,,a simple beam has one span and no interior support; the SBT has no MID field
BM-GF_ROOF-B2-BL028-449|MID_BOTTOM,BM-GF_ROOF-B2-BL028-449,SIMPLE_BEAM,B2,,MID_BOTTOM,BEAM_EXTRA_BAR,MASS,NOT_APPLICABLE,,,,,,,,,,,,,,,,,,,,a simple beam has one span and no interior support; the SBT has no MID field
BM-GF_ROOF-B2-BL028-449|HANGER,BM-GF_ROOF-B2-BL028-449,SIMPLE_BEAM,B2,,HANGER,BEAM_EXTRA_BAR,MASS,NOT_APPLICABLE,,,,,,,,,,,,,,,,,,,,ABSENT: no hanger field and no hanger detail (TOP BARS listed; no hanger role asserted)
BM-GF_ROOF-B2-BL028-449|SIDE_REBAR,BM-GF_ROOF-B2-BL028-449,SIMPLE_BEAM,B2,,SIDE_REBAR,BEAM_SIDE_BAR,MASS,NOT_APPLICABLE,,,,,,,,,,,,,,,,,,,,no side bars printed; depth 40.0 cm
BM-GF_ROOF-B2-BL028-449|STIRRUP_COUNT|SPAN1,BM-GF_ROOF-B2-BL028-449,SIMPLE_BEAM,B2,,STIRRUP_COUNT,BEAM_STIRRUP,COUNT,LOWER_BOUND,SOURCE_BOUND,,1,8,,,,,,17,18,,,,,,,,,first / last stirrup position not stated; no +1
BM-GF_ROOF-B2-BL028-449|STIRRUP_CORE_PATH|SPAN1,BM-GF_ROOF-B2-BL028-449,SIMPLE_BEAM,B2,,STIRRUP_CORE_PATH,BEAM_STIRRUP,MASS,BLOCKED_UNQUANTIFIED,,,1,8,,,,,,,,,,,,,,"[""LEGS / TOPOLOGY UNRESOLVED"", ""HOOKS BLOCKED_UNQUANTIFIED"", ""LEGS / LINK TOPOLOGY NOT_ESTABLISHED"", ""STIRRUP HOOKS NOT_ESTABLISHED""]",Q7,"stirrup mass needs legs, path, hooks and section; missing: LEGS / TOPOLOGY UNRESOLVED; HOOKS BLOCKED_UNQUANTIFIED; LEGS / LINK TOPOLOGY NOT_ESTABLISHED; STIRRUP HOOKS NOT_ESTABLISHED"
BM-GF_ROOF-B2-BL028-449|HOOK_1,BM-GF_ROOF-B2-BL028-449,SIMPLE_BEAM,B2,,HOOK_1,ANCHORAGE,MASS,BLOCKED_UNQUANTIFIED,,,,,,,,,,,,,,,,,,,Q1,"bar-end hook / bend: end legs drawn N.T.S. without a dimension; no project hook source; column hook rules are not imported - Q1 at end 1 ({'kind': 'COLUMN', 'refs': ['GFRS:341']})"
BM-GF_ROOF-B2-BL028-449|DEVELOPMENT_1,BM-GF_ROOF-B2-BL028-449,SIMPLE_BEAM,B2,,DEVELOPMENT_1,ANCHORAGE,MASS,BLOCKED_UNQUANTIFIED,,,,,,,,,,,,,,,,,,,Q1,"development / anchorage: no beam-source development rule (note 9 70Ø / 40Ø is starter-bar context only; no 40D, 70D, code, Urban default or external value is used) - Q1 at end 1 ({'kind': 'COLUMN', 'refs': ['GFRS:341']})"
BM-GF_ROOF-B2-BL028-449|HOOK_2,BM-GF_ROOF-B2-BL028-449,SIMPLE_BEAM,B2,,HOOK_2,ANCHORAGE,MASS,BLOCKED_UNQUANTIFIED,,,,,,,,,,,,,,,,,,,Q1,"bar-end hook / bend: end legs drawn N.T.S. without a dimension; no project hook source; column hook rules are not imported - Q1 at end 2 ({'kind': 'COLUMN', 'refs': ['GFRS:32F']})"
BM-GF_ROOF-B2-BL028-449|DEVELOPMENT_2,BM-GF_ROOF-B2-BL028-449,SIMPLE_BEAM,B2,,DEVELOPMENT_2,ANCHORAGE,MASS,BLOCKED_UNQUANTIFIED,,,,,,,,,,,,,,,,,,,Q1,"development / anchorage: no beam-source development rule (note 9 70Ø / 40Ø is starter-bar context only; no 40D, 70D, code, Urban default or external value is used) - Q1 at end 2 ({'kind': 'COLUMN', 'refs': ['GFRS:32F']})"
BM-GF_ROOF-B2-BL028-449|OPENING_EXTRA_TOP,BM-GF_ROOF-B2-BL028-449,SIMPLE_BEAM,B2,,OPENING_EXTRA_TOP,SPECIAL_DETAIL_BAR,MASS,NOT_APPLICABLE,,,,,,,,,,,,,,,,,,,,no source-identified physical opening in this beam (26 opening objects checked project-wide; the generic opening detail is not applied globally)
BM-GF_ROOF-B2-BL028-449|OPENING_EXTRA_BOTTOM,BM-GF_ROOF-B2-BL028-449,SIMPLE_BEAM,B2,,OPENING_EXTRA_BOTTOM,SPECIAL_DETAIL_BAR,MASS,NOT_APPLICABLE,,,,,,,,,,,,,,,,,,,,no source-identified physical opening in this beam (26 opening objects checked project-wide; the generic opening detail is not applied globally)
BM-GF_ROOF-B2-BL028-449|OPENING_EXTRA_SIDE,BM-GF_ROOF-B2-BL028-449,SIMPLE_BEAM,B2,,OPENING_EXTRA_SIDE,SPECIAL_DETAIL_BAR,MASS,NOT_APPLICABLE,,,,,,,,,,,,,,,,,,,,no source-identified physical opening in this beam (26 opening objects checked project-wide; the generic opening detail is not applied globally)
BM-GF_ROOF-B2-BL028-449|OPENING_EXTRA_STIRRUP,BM-GF_ROOF-B2-BL028-449,SIMPLE_BEAM,B2,,OPENING_EXTRA_STIRRUP,BEAM_STIRRUP,MASS,NOT_APPLICABLE,,,,,,,,,,,,,,,,,,,,no source-identified physical opening in this beam (26 opening objects checked project-wide; the generic opening detail is not applied globally)
BM-GF_ROOF-B2-BL028-449|OTHER_EXPLICIT_EXTRA,BM-GF_ROOF-B2-BL028-449,SIMPLE_BEAM,B2,,OTHER_EXPLICIT_EXTRA,SPECIAL_DETAIL_BAR,MASS,NOT_APPLICABLE,,,,,,,,,,,,,,,,,,,,no other explicit extra scheduled or detailed for this occurrence
BM-GF_ROOF-B20-BL020-453:b20>v|TOP_MAIN|BM-GF_ROOF-B20-BL020-453:b20>v:TOP_MAIN,BM-GF_ROOF-B20-BL020-453:b20>v,SIMPLE_BEAM,B20,,TOP_MAIN,BEAM_TOP_BAR,MASS,LOWER_BOUND,SOURCE_BOUND,BM-GF_ROOF-B20-BL020-453:b20>v:TOP_MAIN,,18,11,2.5,27.5,2.0,55.0,,,SOURCE_VERIFIED,NOT_ESTABLISHED,,,,"[""development / anchorage into the supports: no beam-source rule (note 9 70Ø/40Ø is for starter bars only; the slab 0.25L / 0.30L rules are never borrowed)"", ""DEVELOPMENT / ANCHORAGE at the end supports (not source-established)"", ""BAR-END HOOK / BEND at the end supports (not detailed)""]",,,development / anchorage into the supports: no beam-source rule (note 9 70Ø/40Ø is for starter bars only; the slab 0.25L / 0.30L rules are never borrowed); DEVELOPMENT / ANCHORAGE at the end supports (not source-established); BAR-END HOOK / BEND at the end supports (not detailed)
BM-GF_ROOF-B20-BL020-453:b20>v|BOTTOM_MAIN|BM-GF_ROOF-B20-BL020-453:b20>v:BOTTOM_MAIN,BM-GF_ROOF-B20-BL020-453:b20>v,SIMPLE_BEAM,B20,,BOTTOM_MAIN,BEAM_BOTTOM_BAR,MASS,LOWER_BOUND,SOURCE_BOUND,BM-GF_ROOF-B20-BL020-453:b20>v:BOTTOM_MAIN,,18,11,2.5,27.5,2.0,55.0,,,SOURCE_VERIFIED,NOT_ESTABLISHED,,,,"[""development / anchorage into the supports: no beam-source rule (note 9 70Ø/40Ø is for starter bars only; the slab 0.25L / 0.30L rules are never borrowed)"", ""DEVELOPMENT / ANCHORAGE at the end supports (not source-established)"", ""BAR-END HOOK / BEND at the end supports (not detailed)""]",,,development / anchorage into the supports: no beam-source rule (note 9 70Ø/40Ø is for starter bars only; the slab 0.25L / 0.30L rules are never borrowed); DEVELOPMENT / ANCHORAGE at the end supports (not source-established); BAR-END HOOK / BEND at the end supports (not detailed)
BM-GF_ROOF-B20-BL020-453:b20>v|TOP_SUPPORT,BM-GF_ROOF-B20-BL020-453:b20>v,SIMPLE_BEAM,B20,,TOP_SUPPORT,BEAM_EXTRA_BAR,MASS,NOT_APPLICABLE,,,,,,,,,,,,,,,,,,,,not scheduled in the SBT (no support bar field in the SBT)
BM-GF_ROOF-B20-BL020-453:b20>v|BOTTOM_SUPPORT,BM-GF_ROOF-B20-BL020-453:b20>v,SIMPLE_BEAM,B20,,BOTTOM_SUPPORT,BEAM_EXTRA_BAR,MASS,NOT_APPLICABLE,,,,,,,,,,,,,,,,,,,,not scheduled in the SBT (no bottom extra field in the SBT)
BM-GF_ROOF-B20-BL020-453:b20>v|MID_TOP,BM-GF_ROOF-B20-BL020-453:b20>v,SIMPLE_BEAM,B20,,MID_TOP,BEAM_EXTRA_BAR,MASS,NOT_APPLICABLE,,,,,,,,,,,,,,,,,,,,a simple beam has one span and no interior support; the SBT has no MID field
BM-GF_ROOF-B20-BL020-453:b20>v|MID_BOTTOM,BM-GF_ROOF-B20-BL020-453:b20>v,SIMPLE_BEAM,B20,,MID_BOTTOM,BEAM_EXTRA_BAR,MASS,NOT_APPLICABLE,,,,,,,,,,,,,,,,,,,,a simple beam has one span and no interior support; the SBT has no MID field
BM-GF_ROOF-B20-BL020-453:b20>v|HANGER,BM-GF_ROOF-B20-BL020-453:b20>v,SIMPLE_BEAM,B20,,HANGER,BEAM_EXTRA_BAR,MASS,NOT_APPLICABLE,,,,,,,,,,,,,,,,,,,,ABSENT: no hanger field and no hanger detail (TOP BARS listed; no hanger role asserted)
BM-GF_ROOF-B20-BL020-453:b20>v|SIDE_REBAR,BM-GF_ROOF-B20-BL020-453:b20>v,SIMPLE_BEAM,B20,,SIDE_REBAR,BEAM_SIDE_BAR,MASS,BLOCKED_UNQUANTIFIED,,,,12,2,,,,,,,,,,2%%C12/30cm,30.0,,,Q6,side bars '2%%C12/30cm' printed (2Ø12/30.0cm): '/30cm' semantics not established (per face or total; vertical spacing or other; bar length; end treatment) - never silently read as a vertical spacing (Q6) - quantity / mass not source-quantified
BM-GF_ROOF-B20-BL020-453:b20>v|STIRRUP_COUNT|SPAN1,BM-GF_ROOF-B20-BL020-453:b20>v,SIMPLE_BEAM,B20,,STIRRUP_COUNT,BEAM_STIRRUP,COUNT,LOWER_BOUND,SOURCE_BOUND,,1,8,,,,,,25,26,,,,,,,,,first / last stirrup position not stated; no +1
BM-GF_ROOF-B20-BL020-453:b20>v|STIRRUP_CORE_PATH|SPAN1,BM-GF_ROOF-B20-BL020-453:b20>v,SIMPLE_BEAM,B20,,STIRRUP_CORE_PATH,BEAM_STIRRUP,MASS,BLOCKED_UNQUANTIFIED,,,1,8,,,,,,,,,,,,,,"[""LEGS / TOPOLOGY UNRESOLVED"", ""HOOKS BLOCKED_UNQUANTIFIED"", ""LEGS / LINK TOPOLOGY NOT_ESTABLISHED"", ""STIRRUP HOOKS NOT_ESTABLISHED""]",Q7,"stirrup mass needs legs, path, hooks and section; missing: LEGS / TOPOLOGY UNRESOLVED; HOOKS BLOCKED_UNQUANTIFIED; LEGS / LINK TOPOLOGY NOT_ESTABLISHED; STIRRUP HOOKS NOT_ESTABLISHED"
BM-GF_ROOF-B20-BL020-453:b20>v|HOOK_1,BM-GF_ROOF-B20-BL020-453:b20>v,SIMPLE_BEAM,B20,,HOOK_1,ANCHORAGE,MASS,BLOCKED_UNQUANTIFIED,,,,,,,,,,,,,,,,,,,Q1,"bar-end hook / bend: end legs drawn N.T.S. without a dimension; no project hook source; column hook rules are not imported - Q1 at end 1 ({'kind': 'BEAM_CROSSING', 'refs': ['BL016']})"
BM-GF_ROOF-B20-BL020-453:b20>v|DEVELOPMENT_1,BM-GF_ROOF-B20-BL020-453:b20>v,SIMPLE_BEAM,B20,,DEVELOPMENT_1,ANCHORAGE,MASS,BLOCKED_UNQUANTIFIED,,,,,,,,,,,,,,,,,,,Q1,"development / anchorage: no beam-source development rule (note 9 70Ø / 40Ø is starter-bar context only; no 40D, 70D, code, Urban default or external value is used) - Q1 at end 1 ({'kind': 'BEAM_CROSSING', 'refs': ['BL016']})"
BM-GF_ROOF-B20-BL020-453:b20>v|HOOK_2,BM-GF_ROOF-B20-BL020-453:b20>v,SIMPLE_BEAM,B20,,HOOK_2,ANCHORAGE,MASS,BLOCKED_UNQUANTIFIED,,,,,,,,,,,,,,,,,,,Q1,"bar-end hook / bend: end legs drawn N.T.S. without a dimension; no project hook source; column hook rules are not imported - Q1 at end 2 ({'kind': 'COLUMN', 'refs': ['GFRS:33E']})"
BM-GF_ROOF-B20-BL020-453:b20>v|DEVELOPMENT_2,BM-GF_ROOF-B20-BL020-453:b20>v,SIMPLE_BEAM,B20,,DEVELOPMENT_2,ANCHORAGE,MASS,BLOCKED_UNQUANTIFIED,,,,,,,,,,,,,,,,,,,Q1,"development / anchorage: no beam-source development rule (note 9 70Ø / 40Ø is starter-bar context only; no 40D, 70D, code, Urban default or external value is used) - Q1 at end 2 ({'kind': 'COLUMN', 'refs': ['GFRS:33E']})"
BM-GF_ROOF-B20-BL020-453:b20>v|OPENING_EXTRA_TOP,BM-GF_ROOF-B20-BL020-453:b20>v,SIMPLE_BEAM,B20,,OPENING_EXTRA_TOP,SPECIAL_DETAIL_BAR,MASS,NOT_APPLICABLE,,,,,,,,,,,,,,,,,,,,no source-identified physical opening in this beam (26 opening objects checked project-wide; the generic opening detail is not applied globally)
BM-GF_ROOF-B20-BL020-453:b20>v|OPENING_EXTRA_BOTTOM,BM-GF_ROOF-B20-BL020-453:b20>v,SIMPLE_BEAM,B20,,OPENING_EXTRA_BOTTOM,SPECIAL_DETAIL_BAR,MASS,NOT_APPLICABLE,,,,,,,,,,,,,,,,,,,,no source-identified physical opening in this beam (26 opening objects checked project-wide; the generic opening detail is not applied globally)
BM-GF_ROOF-B20-BL020-453:b20>v|OPENING_EXTRA_SIDE,BM-GF_ROOF-B20-BL020-453:b20>v,SIMPLE_BEAM,B20,,OPENING_EXTRA_SIDE,SPECIAL_DETAIL_BAR,MASS,NOT_APPLICABLE,,,,,,,,,,,,,,,,,,,,no source-identified physical opening in this beam (26 opening objects checked project-wide; the generic opening detail is not applied globally)
BM-GF_ROOF-B20-BL020-453:b20>v|OPENING_EXTRA_STIRRUP,BM-GF_ROOF-B20-BL020-453:b20>v,SIMPLE_BEAM,B20,,OPENING_EXTRA_STIRRUP,BEAM_STIRRUP,MASS,NOT_APPLICABLE,,,,,,,,,,,,,,,,,,,,no source-identified physical opening in this beam (26 opening objects checked project-wide; the generic opening detail is not applied globally)
BM-GF_ROOF-B20-BL020-453:b20>v|OTHER_EXPLICIT_EXTRA,BM-GF_ROOF-B20-BL020-453:b20>v,SIMPLE_BEAM,B20,,OTHER_EXPLICIT_EXTRA,SPECIAL_DETAIL_BAR,MASS,NOT_APPLICABLE,,,,,,,,,,,,,,,,,,,,no other explicit extra scheduled or detailed for this occurrence
BM-GF_ROOF-B21-BL001-468|TOP_MAIN|BM-GF_ROOF-B21-BL001-468:TOP_MAIN,BM-GF_ROOF-B21-BL001-468,SIMPLE_BEAM,B21,,TOP_MAIN,BEAM_TOP_BAR,MASS,BLOCKED_UNQUANTIFIED,,BM-GF_ROOF-B21-BL001-468:TOP_MAIN,,14,4,,,,,,,,,,,,,,R2,468 B21: drawn width conflicts with the schedule width
BM-GF_ROOF-B21-BL001-468|BOTTOM_MAIN|BM-GF_ROOF-B21-BL001-468:BOTTOM_MAIN,BM-GF_ROOF-B21-BL001-468,SIMPLE_BEAM,B21,,BOTTOM_MAIN,BEAM_BOTTOM_BAR,MASS,BLOCKED_UNQUANTIFIED,,BM-GF_ROOF-B21-BL001-468:BOTTOM_MAIN,,18,12,,,,,,,,,,,,,,R2,468 B21: drawn width conflicts with the schedule width
BM-GF_ROOF-B21-BL001-468|TOP_SUPPORT,BM-GF_ROOF-B21-BL001-468,SIMPLE_BEAM,B21,,TOP_SUPPORT,BEAM_EXTRA_BAR,MASS,NOT_APPLICABLE,,,,,,,,,,,,,,,,,,,,not scheduled in the SBT (no support bar field in the SBT)
BM-GF_ROOF-B21-BL001-468|BOTTOM_SUPPORT,BM-GF_ROOF-B21-BL001-468,SIMPLE_BEAM,B21,,BOTTOM_SUPPORT,BEAM_EXTRA_BAR,MASS,NOT_APPLICABLE,,,,,,,,,,,,,,,,,,,,not scheduled in the SBT (no bottom extra field in the SBT)
BM-GF_ROOF-B21-BL001-468|MID_TOP,BM-GF_ROOF-B21-BL001-468,SIMPLE_BEAM,B21,,MID_TOP,BEAM_EXTRA_BAR,MASS,NOT_APPLICABLE,,,,,,,,,,,,,,,,,,,,a simple beam has one span and no interior support; the SBT has no MID field
BM-GF_ROOF-B21-BL001-468|MID_BOTTOM,BM-GF_ROOF-B21-BL001-468,SIMPLE_BEAM,B21,,MID_BOTTOM,BEAM_EXTRA_BAR,MASS,NOT_APPLICABLE,,,,,,,,,,,,,,,,,,,,a simple beam has one span and no interior support; the SBT has no MID field
BM-GF_ROOF-B21-BL001-468|HANGER,BM-GF_ROOF-B21-BL001-468,SIMPLE_BEAM,B21,,HANGER,BEAM_EXTRA_BAR,MASS,NOT_APPLICABLE,,,,,,,,,,,,,,,,,,,,ABSENT: no hanger field and no hanger detail (TOP BARS listed; no hanger role asserted)
BM-GF_ROOF-B21-BL001-468|SIDE_REBAR,BM-GF_ROOF-B21-BL001-468,SIMPLE_BEAM,B21,,SIDE_REBAR,BEAM_SIDE_BAR,MASS,BLOCKED_UNQUANTIFIED,,,,12,2,,,,,,,,,,2%%C12/30cm,30.0,,,Q6,side bars '2%%C12/30cm' printed (2Ø12/30.0cm): '/30cm' semantics not established (per face or total; vertical spacing or other; bar length; end treatment) - never silently read as a vertical spacing (Q6) - quantity / mass not source-quantified; occurrence blocked: 468 B21: drawn width conflicts with the schedule width
BM-GF_ROOF-B21-BL001-468|STIRRUP_COUNT|SPAN1,BM-GF_ROOF-B21-BL001-468,SIMPLE_BEAM,B21,,STIRRUP_COUNT,BEAM_STIRRUP,COUNT,BLOCKED_UNQUANTIFIED,,,1,10,,,,,,,,,,,,,,,R2,468 B21: drawn width conflicts with the schedule width
BM-GF_ROOF-B21-BL001-468|STIRRUP_CORE_PATH|SPAN1,BM-GF_ROOF-B21-BL001-468,SIMPLE_BEAM,B21,,STIRRUP_CORE_PATH,BEAM_STIRRUP,MASS,BLOCKED_UNQUANTIFIED,,,1,10,,,,,,,,,,,,,,"[""WIDTH SOURCE_CONFLICT"", ""LEGS / TOPOLOGY UNRESOLVED"", ""HOOKS BLOCKED_UNQUANTIFIED"", ""LEGS / LINK TOPOLOGY NOT_ESTABLISHED"", ""STIRRUP HOOKS NOT_ESTABLISHED"", ""occurrence blocked: 468 B21: drawn width conflicts with the schedule width""]",Q7,"stirrup mass needs legs, path, hooks and section; missing: WIDTH SOURCE_CONFLICT; LEGS / TOPOLOGY UNRESOLVED; HOOKS BLOCKED_UNQUANTIFIED; LEGS / LINK TOPOLOGY NOT_ESTABLISHED; STIRRUP HOOKS NOT_ESTABLISHED; occurrence blocked: 468 B21: drawn width conflicts with the schedule width"
BM-GF_ROOF-B21-BL001-468|HOOK_1,BM-GF_ROOF-B21-BL001-468,SIMPLE_BEAM,B21,,HOOK_1,ANCHORAGE,MASS,BLOCKED_UNQUANTIFIED,,,,,,,,,,,,,,,,,,,Q1,"bar-end hook / bend: end legs drawn N.T.S. without a dimension; no project hook source; column hook rules are not imported - Q1 at end 1 ({'kind': 'COLUMN', 'refs': []}); occurrence blocked: 468 B21: drawn width conflicts with the schedule width"
BM-GF_ROOF-B21-BL001-468|DEVELOPMENT_1,BM-GF_ROOF-B21-BL001-468,SIMPLE_BEAM,B21,,DEVELOPMENT_1,ANCHORAGE,MASS,BLOCKED_UNQUANTIFIED,,,,,,,,,,,,,,,,,,,Q1,"development / anchorage: no beam-source development rule (note 9 70Ø / 40Ø is starter-bar context only; no 40D, 70D, code, Urban default or external value is used) - Q1 at end 1 ({'kind': 'COLUMN', 'refs': []}); occurrence blocked: 468 B21: drawn width conflicts with the schedule width"
BM-GF_ROOF-B21-BL001-468|HOOK_2,BM-GF_ROOF-B21-BL001-468,SIMPLE_BEAM,B21,,HOOK_2,ANCHORAGE,MASS,BLOCKED_UNQUANTIFIED,,,,,,,,,,,,,,,,,,,Q1,"bar-end hook / bend: end legs drawn N.T.S. without a dimension; no project hook source; column hook rules are not imported - Q1 at end 2 ({'kind': 'BEAM_CARRIED_BY', 'refs': []}); occurrence blocked: 468 B21: drawn width conflicts with the schedule width"
BM-GF_ROOF-B21-BL001-468|DEVELOPMENT_2,BM-GF_ROOF-B21-BL001-468,SIMPLE_BEAM,B21,,DEVELOPMENT_2,ANCHORAGE,MASS,BLOCKED_UNQUANTIFIED,,,,,,,,,,,,,,,,,,,Q1,"development / anchorage: no beam-source development rule (note 9 70Ø / 40Ø is starter-bar context only; no 40D, 70D, code, Urban default or external value is used) - Q1 at end 2 ({'kind': 'BEAM_CARRIED_BY', 'refs': []}); occurrence blocked: 468 B21: drawn width conflicts with the schedule width"
BM-GF_ROOF-B21-BL001-468|OPENING_EXTRA_TOP,BM-GF_ROOF-B21-BL001-468,SIMPLE_BEAM,B21,,OPENING_EXTRA_TOP,SPECIAL_DETAIL_BAR,MASS,NOT_APPLICABLE,,,,,,,,,,,,,,,,,,,,no source-identified physical opening in this beam (26 opening objects checked project-wide; the generic opening detail is not applied globally)
BM-GF_ROOF-B21-BL001-468|OPENING_EXTRA_BOTTOM,BM-GF_ROOF-B21-BL001-468,SIMPLE_BEAM,B21,,OPENING_EXTRA_BOTTOM,SPECIAL_DETAIL_BAR,MASS,NOT_APPLICABLE,,,,,,,,,,,,,,,,,,,,no source-identified physical opening in this beam (26 opening objects checked project-wide; the generic opening detail is not applied globally)
BM-GF_ROOF-B21-BL001-468|OPENING_EXTRA_SIDE,BM-GF_ROOF-B21-BL001-468,SIMPLE_BEAM,B21,,OPENING_EXTRA_SIDE,SPECIAL_DETAIL_BAR,MASS,NOT_APPLICABLE,,,,,,,,,,,,,,,,,,,,no source-identified physical opening in this beam (26 opening objects checked project-wide; the generic opening detail is not applied globally)
BM-GF_ROOF-B21-BL001-468|OPENING_EXTRA_STIRRUP,BM-GF_ROOF-B21-BL001-468,SIMPLE_BEAM,B21,,OPENING_EXTRA_STIRRUP,BEAM_STIRRUP,MASS,NOT_APPLICABLE,,,,,,,,,,,,,,,,,,,,no source-identified physical opening in this beam (26 opening objects checked project-wide; the generic opening detail is not applied globally)
BM-GF_ROOF-B21-BL001-468|OTHER_EXPLICIT_EXTRA,BM-GF_ROOF-B21-BL001-468,SIMPLE_BEAM,B21,,OTHER_EXPLICIT_EXTRA,SPECIAL_DETAIL_BAR,MASS,NOT_APPLICABLE,,,,,,,,,,,,,,,,,,,,no other explicit extra scheduled or detailed for this occurrence
BM-GF_ROOF-B22-BL013-496|TOP_MAIN|BM-GF_ROOF-B22-BL013-496:TOP_MAIN,BM-GF_ROOF-B22-BL013-496,SIMPLE_BEAM,B22,,TOP_MAIN,BEAM_TOP_BAR,MASS,LOWER_BOUND,SOURCE_BOUND,BM-GF_ROOF-B22-BL013-496:TOP_MAIN,,14,5,6.4,32.0,1.209877,38.716049,,,SOURCE_VERIFIED,NOT_ESTABLISHED,,,,"[""development / anchorage into the supports: no beam-source rule (note 9 70Ø/40Ø is for starter bars only; the slab 0.25L / 0.30L rules are never borrowed)"", ""DEVELOPMENT / ANCHORAGE at the end supports (not source-established)"", ""BAR-END HOOK / BEND at the end supports (not detailed)""]",,,development / anchorage into the supports: no beam-source rule (note 9 70Ø/40Ø is for starter bars only; the slab 0.25L / 0.30L rules are never borrowed); DEVELOPMENT / ANCHORAGE at the end supports (not source-established); BAR-END HOOK / BEND at the end supports (not detailed)
BM-GF_ROOF-B22-BL013-496|BOTTOM_MAIN|BM-GF_ROOF-B22-BL013-496:BOTTOM_MAIN,BM-GF_ROOF-B22-BL013-496,SIMPLE_BEAM,B22,,BOTTOM_MAIN,BEAM_BOTTOM_BAR,MASS,LOWER_BOUND,SOURCE_BOUND,BM-GF_ROOF-B22-BL013-496:BOTTOM_MAIN,,18,14,6.4,89.6,2.0,179.2,,,SOURCE_VERIFIED,NOT_ESTABLISHED,,,,"[""development / anchorage into the supports: no beam-source rule (note 9 70Ø/40Ø is for starter bars only; the slab 0.25L / 0.30L rules are never borrowed)"", ""DEVELOPMENT / ANCHORAGE at the end supports (not source-established)"", ""BAR-END HOOK / BEND at the end supports (not detailed)""]",,,development / anchorage into the supports: no beam-source rule (note 9 70Ø/40Ø is for starter bars only; the slab 0.25L / 0.30L rules are never borrowed); DEVELOPMENT / ANCHORAGE at the end supports (not source-established); BAR-END HOOK / BEND at the end supports (not detailed)
BM-GF_ROOF-B22-BL013-496|TOP_SUPPORT,BM-GF_ROOF-B22-BL013-496,SIMPLE_BEAM,B22,,TOP_SUPPORT,BEAM_EXTRA_BAR,MASS,NOT_APPLICABLE,,,,,,,,,,,,,,,,,,,,not scheduled in the SBT (no support bar field in the SBT)
BM-GF_ROOF-B22-BL013-496|BOTTOM_SUPPORT,BM-GF_ROOF-B22-BL013-496,SIMPLE_BEAM,B22,,BOTTOM_SUPPORT,BEAM_EXTRA_BAR,MASS,NOT_APPLICABLE,,,,,,,,,,,,,,,,,,,,not scheduled in the SBT (no bottom extra field in the SBT)
BM-GF_ROOF-B22-BL013-496|MID_TOP,BM-GF_ROOF-B22-BL013-496,SIMPLE_BEAM,B22,,MID_TOP,BEAM_EXTRA_BAR,MASS,NOT_APPLICABLE,,,,,,,,,,,,,,,,,,,,a simple beam has one span and no interior support; the SBT has no MID field
BM-GF_ROOF-B22-BL013-496|MID_BOTTOM,BM-GF_ROOF-B22-BL013-496,SIMPLE_BEAM,B22,,MID_BOTTOM,BEAM_EXTRA_BAR,MASS,NOT_APPLICABLE,,,,,,,,,,,,,,,,,,,,a simple beam has one span and no interior support; the SBT has no MID field
BM-GF_ROOF-B22-BL013-496|HANGER,BM-GF_ROOF-B22-BL013-496,SIMPLE_BEAM,B22,,HANGER,BEAM_EXTRA_BAR,MASS,NOT_APPLICABLE,,,,,,,,,,,,,,,,,,,,ABSENT: no hanger field and no hanger detail (TOP BARS listed; no hanger role asserted)
BM-GF_ROOF-B22-BL013-496|SIDE_REBAR,BM-GF_ROOF-B22-BL013-496,SIMPLE_BEAM,B22,,SIDE_REBAR,BEAM_SIDE_BAR,MASS,BLOCKED_UNQUANTIFIED,,,,12,2,,,,,,,,,,2%%C12/30cm,30.0,,,Q6,side bars '2%%C12/30cm' printed (2Ø12/30.0cm): '/30cm' semantics not established (per face or total; vertical spacing or other; bar length; end treatment) - never silently read as a vertical spacing (Q6) - quantity / mass not source-quantified
BM-GF_ROOF-B22-BL013-496|STIRRUP_COUNT|SPAN1,BM-GF_ROOF-B22-BL013-496,SIMPLE_BEAM,B22,,STIRRUP_COUNT,BEAM_STIRRUP,COUNT,LOWER_BOUND,SOURCE_BOUND,,1,8,,,,,,32,33,,,,,,,,,first / last stirrup position not stated; no +1
BM-GF_ROOF-B22-BL013-496|STIRRUP_CORE_PATH|SPAN1,BM-GF_ROOF-B22-BL013-496,SIMPLE_BEAM,B22,,STIRRUP_CORE_PATH,BEAM_STIRRUP,MASS,BLOCKED_UNQUANTIFIED,,,1,8,,,,,,,,,,,,,,"[""LEGS / TOPOLOGY UNRESOLVED"", ""HOOKS BLOCKED_UNQUANTIFIED"", ""LEGS / LINK TOPOLOGY NOT_ESTABLISHED"", ""STIRRUP HOOKS NOT_ESTABLISHED""]",Q7,"stirrup mass needs legs, path, hooks and section; missing: LEGS / TOPOLOGY UNRESOLVED; HOOKS BLOCKED_UNQUANTIFIED; LEGS / LINK TOPOLOGY NOT_ESTABLISHED; STIRRUP HOOKS NOT_ESTABLISHED"
BM-GF_ROOF-B22-BL013-496|HOOK_1,BM-GF_ROOF-B22-BL013-496,SIMPLE_BEAM,B22,,HOOK_1,ANCHORAGE,MASS,BLOCKED_UNQUANTIFIED,,,,,,,,,,,,,,,,,,,Q1,"bar-end hook / bend: end legs drawn N.T.S. without a dimension; no project hook source; column hook rules are not imported - Q1 at end 1 ({'kind': 'BEAM_CROSSING', 'refs': ['BL022']})"
BM-GF_ROOF-B22-BL013-496|DEVELOPMENT_1,BM-GF_ROOF-B22-BL013-496,SIMPLE_BEAM,B22,,DEVELOPMENT_1,ANCHORAGE,MASS,BLOCKED_UNQUANTIFIED,,,,,,,,,,,,,,,,,,,Q1,"development / anchorage: no beam-source development rule (note 9 70Ø / 40Ø is starter-bar context only; no 40D, 70D, code, Urban default or external value is used) - Q1 at end 1 ({'kind': 'BEAM_CROSSING', 'refs': ['BL022']})"
BM-GF_ROOF-B22-BL013-496|HOOK_2,BM-GF_ROOF-B22-BL013-496,SIMPLE_BEAM,B22,,HOOK_2,ANCHORAGE,MASS,BLOCKED_UNQUANTIFIED,,,,,,,,,,,,,,,,,,,Q1,"bar-end hook / bend: end legs drawn N.T.S. without a dimension; no project hook source; column hook rules are not imported - Q1 at end 2 ({'kind': 'BEAM_CARRIED_BY', 'refs': ['BL036']})"
BM-GF_ROOF-B22-BL013-496|DEVELOPMENT_2,BM-GF_ROOF-B22-BL013-496,SIMPLE_BEAM,B22,,DEVELOPMENT_2,ANCHORAGE,MASS,BLOCKED_UNQUANTIFIED,,,,,,,,,,,,,,,,,,,Q1,"development / anchorage: no beam-source development rule (note 9 70Ø / 40Ø is starter-bar context only; no 40D, 70D, code, Urban default or external value is used) - Q1 at end 2 ({'kind': 'BEAM_CARRIED_BY', 'refs': ['BL036']})"
BM-GF_ROOF-B22-BL013-496|OPENING_EXTRA_TOP,BM-GF_ROOF-B22-BL013-496,SIMPLE_BEAM,B22,,OPENING_EXTRA_TOP,SPECIAL_DETAIL_BAR,MASS,NOT_APPLICABLE,,,,,,,,,,,,,,,,,,,,no source-identified physical opening in this beam (26 opening objects checked project-wide; the generic opening detail is not applied globally)
BM-GF_ROOF-B22-BL013-496|OPENING_EXTRA_BOTTOM,BM-GF_ROOF-B22-BL013-496,SIMPLE_BEAM,B22,,OPENING_EXTRA_BOTTOM,SPECIAL_DETAIL_BAR,MASS,NOT_APPLICABLE,,,,,,,,,,,,,,,,,,,,no source-identified physical opening in this beam (26 opening objects checked project-wide; the generic opening detail is not applied globally)
BM-GF_ROOF-B22-BL013-496|OPENING_EXTRA_SIDE,BM-GF_ROOF-B22-BL013-496,SIMPLE_BEAM,B22,,OPENING_EXTRA_SIDE,SPECIAL_DETAIL_BAR,MASS,NOT_APPLICABLE,,,,,,,,,,,,,,,,,,,,no source-identified physical opening in this beam (26 opening objects checked project-wide; the generic opening detail is not applied globally)
BM-GF_ROOF-B22-BL013-496|OPENING_EXTRA_STIRRUP,BM-GF_ROOF-B22-BL013-496,SIMPLE_BEAM,B22,,OPENING_EXTRA_STIRRUP,BEAM_STIRRUP,MASS,NOT_APPLICABLE,,,,,,,,,,,,,,,,,,,,no source-identified physical opening in this beam (26 opening objects checked project-wide; the generic opening detail is not applied globally)
BM-GF_ROOF-B22-BL013-496|OTHER_EXPLICIT_EXTRA,BM-GF_ROOF-B22-BL013-496,SIMPLE_BEAM,B22,,OTHER_EXPLICIT_EXTRA,SPECIAL_DETAIL_BAR,MASS,NOT_APPLICABLE,,,,,,,,,,,,,,,,,,,,no other explicit extra scheduled or detailed for this occurrence
BM-GF_ROOF-B24-BL043-1814:B24>v|TOP_MAIN|BM-GF_ROOF-B24-BL043-1814:B24>v:TOP_MAIN,BM-GF_ROOF-B24-BL043-1814:B24>v,SIMPLE_BEAM,B24,,TOP_MAIN,BEAM_TOP_BAR,MASS,LOWER_BOUND,SOURCE_BOUND,BM-GF_ROOF-B24-BL043-1814:B24>v:TOP_MAIN,,18,10,3.55,35.5,2.0,71.0,,,SOURCE_VERIFIED,NOT_ESTABLISHED,,,,"[""development / anchorage into the supports: no beam-source rule (note 9 70Ø/40Ø is for starter bars only; the slab 0.25L / 0.30L rules are never borrowed)"", ""DEVELOPMENT / ANCHORAGE at the end supports (not source-established)"", ""BAR-END HOOK / BEND at the end supports (not detailed)""]",,,development / anchorage into the supports: no beam-source rule (note 9 70Ø/40Ø is for starter bars only; the slab 0.25L / 0.30L rules are never borrowed); DEVELOPMENT / ANCHORAGE at the end supports (not source-established); BAR-END HOOK / BEND at the end supports (not detailed)
BM-GF_ROOF-B24-BL043-1814:B24>v|BOTTOM_MAIN|BM-GF_ROOF-B24-BL043-1814:B24>v:BOTTOM_MAIN,BM-GF_ROOF-B24-BL043-1814:B24>v,SIMPLE_BEAM,B24,,BOTTOM_MAIN,BEAM_BOTTOM_BAR,MASS,LOWER_BOUND,SOURCE_BOUND,BM-GF_ROOF-B24-BL043-1814:B24>v:BOTTOM_MAIN,,16,5,3.55,17.75,1.580247,28.049383,,,SOURCE_VERIFIED,NOT_ESTABLISHED,,,,"[""development / anchorage into the supports: no beam-source rule (note 9 70Ø/40Ø is for starter bars only; the slab 0.25L / 0.30L rules are never borrowed)"", ""DEVELOPMENT / ANCHORAGE at the end supports (not source-established)"", ""BAR-END HOOK / BEND at the end supports (not detailed)""]",,,development / anchorage into the supports: no beam-source rule (note 9 70Ø/40Ø is for starter bars only; the slab 0.25L / 0.30L rules are never borrowed); DEVELOPMENT / ANCHORAGE at the end supports (not source-established); BAR-END HOOK / BEND at the end supports (not detailed)
BM-GF_ROOF-B24-BL043-1814:B24>v|TOP_SUPPORT,BM-GF_ROOF-B24-BL043-1814:B24>v,SIMPLE_BEAM,B24,,TOP_SUPPORT,BEAM_EXTRA_BAR,MASS,NOT_APPLICABLE,,,,,,,,,,,,,,,,,,,,not scheduled in the SBT (no support bar field in the SBT)
BM-GF_ROOF-B24-BL043-1814:B24>v|BOTTOM_SUPPORT,BM-GF_ROOF-B24-BL043-1814:B24>v,SIMPLE_BEAM,B24,,BOTTOM_SUPPORT,BEAM_EXTRA_BAR,MASS,NOT_APPLICABLE,,,,,,,,,,,,,,,,,,,,not scheduled in the SBT (no bottom extra field in the SBT)
BM-GF_ROOF-B24-BL043-1814:B24>v|MID_TOP,BM-GF_ROOF-B24-BL043-1814:B24>v,SIMPLE_BEAM,B24,,MID_TOP,BEAM_EXTRA_BAR,MASS,NOT_APPLICABLE,,,,,,,,,,,,,,,,,,,,a simple beam has one span and no interior support; the SBT has no MID field
BM-GF_ROOF-B24-BL043-1814:B24>v|MID_BOTTOM,BM-GF_ROOF-B24-BL043-1814:B24>v,SIMPLE_BEAM,B24,,MID_BOTTOM,BEAM_EXTRA_BAR,MASS,NOT_APPLICABLE,,,,,,,,,,,,,,,,,,,,a simple beam has one span and no interior support; the SBT has no MID field
BM-GF_ROOF-B24-BL043-1814:B24>v|HANGER,BM-GF_ROOF-B24-BL043-1814:B24>v,SIMPLE_BEAM,B24,,HANGER,BEAM_EXTRA_BAR,MASS,NOT_APPLICABLE,,,,,,,,,,,,,,,,,,,,ABSENT: no hanger field and no hanger detail (TOP BARS listed; no hanger role asserted)
BM-GF_ROOF-B24-BL043-1814:B24>v|SIDE_REBAR,BM-GF_ROOF-B24-BL043-1814:B24>v,SIMPLE_BEAM,B24,,SIDE_REBAR,BEAM_SIDE_BAR,MASS,BLOCKED_UNQUANTIFIED,,,,12,2,,,,,,,,,,2%%C12/30cm,30.0,,,Q6,side bars '2%%C12/30cm' printed (2Ø12/30.0cm): '/30cm' semantics not established (per face or total; vertical spacing or other; bar length; end treatment) - never silently read as a vertical spacing (Q6) - quantity / mass not source-quantified
BM-GF_ROOF-B24-BL043-1814:B24>v|STIRRUP_COUNT|SPAN1,BM-GF_ROOF-B24-BL043-1814:B24>v,SIMPLE_BEAM,B24,,STIRRUP_COUNT,BEAM_STIRRUP,COUNT,LOWER_BOUND,SOURCE_BOUND,,1,8,,,,,,18,19,,,,,,,,,first / last stirrup position not stated; no +1
BM-GF_ROOF-B24-BL043-1814:B24>v|STIRRUP_CORE_PATH|SPAN1,BM-GF_ROOF-B24-BL043-1814:B24>v,SIMPLE_BEAM,B24,,STIRRUP_CORE_PATH,BEAM_STIRRUP,MASS,BLOCKED_UNQUANTIFIED,,,1,8,,,,,,,,,,,,,,"[""LEGS / TOPOLOGY UNRESOLVED"", ""HOOKS BLOCKED_UNQUANTIFIED"", ""LEGS / LINK TOPOLOGY NOT_ESTABLISHED"", ""STIRRUP HOOKS NOT_ESTABLISHED""]",Q7,"stirrup mass needs legs, path, hooks and section; missing: LEGS / TOPOLOGY UNRESOLVED; HOOKS BLOCKED_UNQUANTIFIED; LEGS / LINK TOPOLOGY NOT_ESTABLISHED; STIRRUP HOOKS NOT_ESTABLISHED"
BM-GF_ROOF-B24-BL043-1814:B24>v|HOOK_1,BM-GF_ROOF-B24-BL043-1814:B24>v,SIMPLE_BEAM,B24,,HOOK_1,ANCHORAGE,MASS,BLOCKED_UNQUANTIFIED,,,,,,,,,,,,,,,,,,,Q1,"bar-end hook / bend: end legs drawn N.T.S. without a dimension; no project hook source; column hook rules are not imported - Q1 at end 1 ({'kind': 'COLUMN', 'refs': ['GFRS:377']})"
BM-GF_ROOF-B24-BL043-1814:B24>v|DEVELOPMENT_1,BM-GF_ROOF-B24-BL043-1814:B24>v,SIMPLE_BEAM,B24,,DEVELOPMENT_1,ANCHORAGE,MASS,BLOCKED_UNQUANTIFIED,,,,,,,,,,,,,,,,,,,Q1,"development / anchorage: no beam-source development rule (note 9 70Ø / 40Ø is starter-bar context only; no 40D, 70D, code, Urban default or external value is used) - Q1 at end 1 ({'kind': 'COLUMN', 'refs': ['GFRS:377']})"
BM-GF_ROOF-B24-BL043-1814:B24>v|HOOK_2,BM-GF_ROOF-B24-BL043-1814:B24>v,SIMPLE_BEAM,B24,,HOOK_2,ANCHORAGE,MASS,BLOCKED_UNQUANTIFIED,,,,,,,,,,,,,,,,,,,Q1,"bar-end hook / bend: end legs drawn N.T.S. without a dimension; no project hook source; column hook rules are not imported - Q1 at end 2 ({'kind': 'COLUMN', 'refs': ['GFRS:335']})"
BM-GF_ROOF-B24-BL043-1814:B24>v|DEVELOPMENT_2,BM-GF_ROOF-B24-BL043-1814:B24>v,SIMPLE_BEAM,B24,,DEVELOPMENT_2,ANCHORAGE,MASS,BLOCKED_UNQUANTIFIED,,,,,,,,,,,,,,,,,,,Q1,"development / anchorage: no beam-source development rule (note 9 70Ø / 40Ø is starter-bar context only; no 40D, 70D, code, Urban default or external value is used) - Q1 at end 2 ({'kind': 'COLUMN', 'refs': ['GFRS:335']})"
BM-GF_ROOF-B24-BL043-1814:B24>v|OPENING_EXTRA_TOP,BM-GF_ROOF-B24-BL043-1814:B24>v,SIMPLE_BEAM,B24,,OPENING_EXTRA_TOP,SPECIAL_DETAIL_BAR,MASS,NOT_APPLICABLE,,,,,,,,,,,,,,,,,,,,no source-identified physical opening in this beam (26 opening objects checked project-wide; the generic opening detail is not applied globally)
BM-GF_ROOF-B24-BL043-1814:B24>v|OPENING_EXTRA_BOTTOM,BM-GF_ROOF-B24-BL043-1814:B24>v,SIMPLE_BEAM,B24,,OPENING_EXTRA_BOTTOM,SPECIAL_DETAIL_BAR,MASS,NOT_APPLICABLE,,,,,,,,,,,,,,,,,,,,no source-identified physical opening in this beam (26 opening objects checked project-wide; the generic opening detail is not applied globally)
BM-GF_ROOF-B24-BL043-1814:B24>v|OPENING_EXTRA_SIDE,BM-GF_ROOF-B24-BL043-1814:B24>v,SIMPLE_BEAM,B24,,OPENING_EXTRA_SIDE,SPECIAL_DETAIL_BAR,MASS,NOT_APPLICABLE,,,,,,,,,,,,,,,,,,,,no source-identified physical opening in this beam (26 opening objects checked project-wide; the generic opening detail is not applied globally)
BM-GF_ROOF-B24-BL043-1814:B24>v|OPENING_EXTRA_STIRRUP,BM-GF_ROOF-B24-BL043-1814:B24>v,SIMPLE_BEAM,B24,,OPENING_EXTRA_STIRRUP,BEAM_STIRRUP,MASS,NOT_APPLICABLE,,,,,,,,,,,,,,,,,,,,no source-identified physical opening in this beam (26 opening objects checked project-wide; the generic opening detail is not applied globally)
BM-GF_ROOF-B24-BL043-1814:B24>v|OTHER_EXPLICIT_EXTRA,BM-GF_ROOF-B24-BL043-1814:B24>v,SIMPLE_BEAM,B24,,OTHER_EXPLICIT_EXTRA,SPECIAL_DETAIL_BAR,MASS,NOT_APPLICABLE,,,,,,,,,,,,,,,,,,,,no other explicit extra scheduled or detailed for this occurrence
BM-GF_ROOF-B26-BL014-4CC|TOP_MAIN|BM-GF_ROOF-B26-BL014-4CC:TOP_MAIN,BM-GF_ROOF-B26-BL014-4CC,SIMPLE_BEAM,B26,,TOP_MAIN,BEAM_TOP_BAR,MASS,BLOCKED_UNQUANTIFIED,,BM-GF_ROOF-B26-BL014-4CC:TOP_MAIN,,14,6,,,,,,,,,,,,,,Q9,"carries planted column ['COLPOS-X15-Y02-31508-8912']: the p.15 detail is a candidate (AI transcription, not machine-read) (an undefined candidate blocks the component)"
BM-GF_ROOF-B26-BL014-4CC|BOTTOM_MAIN|BM-GF_ROOF-B26-BL014-4CC:BOTTOM_MAIN,BM-GF_ROOF-B26-BL014-4CC,SIMPLE_BEAM,B26,,BOTTOM_MAIN,BEAM_BOTTOM_BAR,MASS,BLOCKED_UNQUANTIFIED,,BM-GF_ROOF-B26-BL014-4CC:BOTTOM_MAIN,,18,19,,,,,,,,,,,,,,Q9,"carries planted column ['COLPOS-X15-Y02-31508-8912']: the p.15 detail is a candidate (AI transcription, not machine-read) (an undefined candidate blocks the component)"
BM-GF_ROOF-B26-BL014-4CC|TOP_SUPPORT,BM-GF_ROOF-B26-BL014-4CC,SIMPLE_BEAM,B26,,TOP_SUPPORT,BEAM_EXTRA_BAR,MASS,NOT_APPLICABLE,,,,,,,,,,,,,,,,,,,,not scheduled in the SBT (no support bar field in the SBT)
BM-GF_ROOF-B26-BL014-4CC|BOTTOM_SUPPORT,BM-GF_ROOF-B26-BL014-4CC,SIMPLE_BEAM,B26,,BOTTOM_SUPPORT,BEAM_EXTRA_BAR,MASS,NOT_APPLICABLE,,,,,,,,,,,,,,,,,,,,not scheduled in the SBT (no bottom extra field in the SBT)
BM-GF_ROOF-B26-BL014-4CC|MID_TOP,BM-GF_ROOF-B26-BL014-4CC,SIMPLE_BEAM,B26,,MID_TOP,BEAM_EXTRA_BAR,MASS,NOT_APPLICABLE,,,,,,,,,,,,,,,,,,,,a simple beam has one span and no interior support; the SBT has no MID field
BM-GF_ROOF-B26-BL014-4CC|MID_BOTTOM,BM-GF_ROOF-B26-BL014-4CC,SIMPLE_BEAM,B26,,MID_BOTTOM,BEAM_EXTRA_BAR,MASS,NOT_APPLICABLE,,,,,,,,,,,,,,,,,,,,a simple beam has one span and no interior support; the SBT has no MID field
BM-GF_ROOF-B26-BL014-4CC|HANGER,BM-GF_ROOF-B26-BL014-4CC,SIMPLE_BEAM,B26,,HANGER,BEAM_EXTRA_BAR,MASS,NOT_APPLICABLE,,,,,,,,,,,,,,,,,,,,ABSENT: no hanger field and no hanger detail (TOP BARS listed; no hanger role asserted)
BM-GF_ROOF-B26-BL014-4CC|SIDE_REBAR,BM-GF_ROOF-B26-BL014-4CC,SIMPLE_BEAM,B26,,SIDE_REBAR,BEAM_SIDE_BAR,MASS,BLOCKED_UNQUANTIFIED,,,,16,2,,,,,,,,,,2%%C16/20cm,20.0,,,Q6,"side bars '2%%C16/20cm' printed (2Ø16/20.0cm): '/30cm' semantics not established (per face or total; vertical spacing or other; bar length; end treatment) - never silently read as a vertical spacing (Q6) - quantity / mass not source-quantified; occurrence blocked: carries planted column ['COLPOS-X15-Y02-31508-8912']: the p.15 detail is a candidate (AI transcription, not machine-read) (an undefined candidate blocks the component)"
BM-GF_ROOF-B26-BL014-4CC|STIRRUP_COUNT|SPAN1,BM-GF_ROOF-B26-BL014-4CC,SIMPLE_BEAM,B26,,STIRRUP_COUNT,BEAM_STIRRUP,COUNT,BLOCKED_UNQUANTIFIED,,,1,10,,,,,,,,,,,,,,,Q9,"carries planted column ['COLPOS-X15-Y02-31508-8912']: the p.15 detail is a candidate (AI transcription, not machine-read) (an undefined candidate blocks the component)"
BM-GF_ROOF-B26-BL014-4CC|STIRRUP_CORE_PATH|SPAN1,BM-GF_ROOF-B26-BL014-4CC,SIMPLE_BEAM,B26,,STIRRUP_CORE_PATH,BEAM_STIRRUP,MASS,BLOCKED_UNQUANTIFIED,,,1,10,,,,,,,,,,,,,,"[""LEGS / TOPOLOGY UNRESOLVED"", ""HOOKS BLOCKED_UNQUANTIFIED"", ""LEGS / LINK TOPOLOGY NOT_ESTABLISHED"", ""STIRRUP HOOKS NOT_ESTABLISHED"", ""occurrence blocked: carries planted column ['COLPOS-X15-Y02-31508-8912']: the p.15 detail is a candidate (AI transcription, not machine-read) (an undefined candidate blocks the component)""]",Q7,"stirrup mass needs legs, path, hooks and section; missing: LEGS / TOPOLOGY UNRESOLVED; HOOKS BLOCKED_UNQUANTIFIED; LEGS / LINK TOPOLOGY NOT_ESTABLISHED; STIRRUP HOOKS NOT_ESTABLISHED; occurrence blocked: carries planted column ['COLPOS-X15-Y02-31508-8912']: the p.15 detail is a candidate (AI transcription, not machine-read) (an undefined candidate blocks the component)"
BM-GF_ROOF-B26-BL014-4CC|HOOK_1,BM-GF_ROOF-B26-BL014-4CC,SIMPLE_BEAM,B26,,HOOK_1,ANCHORAGE,MASS,BLOCKED_UNQUANTIFIED,,,,,,,,,,,,,,,,,,,Q1,"bar-end hook / bend: end legs drawn N.T.S. without a dimension; no project hook source; column hook rules are not imported - Q1 at end 1 ({'kind': 'COLUMN', 'refs': []}); occurrence blocked: carries planted column ['COLPOS-X15-Y02-31508-8912']: the p.15 detail is a candidate (AI transcription, not machine-read) (an undefined candidate blocks the component)"
BM-GF_ROOF-B26-BL014-4CC|DEVELOPMENT_1,BM-GF_ROOF-B26-BL014-4CC,SIMPLE_BEAM,B26,,DEVELOPMENT_1,ANCHORAGE,MASS,BLOCKED_UNQUANTIFIED,,,,,,,,,,,,,,,,,,,Q1,"development / anchorage: no beam-source development rule (note 9 70Ø / 40Ø is starter-bar context only; no 40D, 70D, code, Urban default or external value is used) - Q1 at end 1 ({'kind': 'COLUMN', 'refs': []}); occurrence blocked: carries planted column ['COLPOS-X15-Y02-31508-8912']: the p.15 detail is a candidate (AI transcription, not machine-read) (an undefined candidate blocks the component)"
BM-GF_ROOF-B26-BL014-4CC|HOOK_2,BM-GF_ROOF-B26-BL014-4CC,SIMPLE_BEAM,B26,,HOOK_2,ANCHORAGE,MASS,BLOCKED_UNQUANTIFIED,,,,,,,,,,,,,,,,,,,Q1,"bar-end hook / bend: end legs drawn N.T.S. without a dimension; no project hook source; column hook rules are not imported - Q1 at end 2 ({'kind': 'COLUMN', 'refs': []}); occurrence blocked: carries planted column ['COLPOS-X15-Y02-31508-8912']: the p.15 detail is a candidate (AI transcription, not machine-read) (an undefined candidate blocks the component)"
BM-GF_ROOF-B26-BL014-4CC|DEVELOPMENT_2,BM-GF_ROOF-B26-BL014-4CC,SIMPLE_BEAM,B26,,DEVELOPMENT_2,ANCHORAGE,MASS,BLOCKED_UNQUANTIFIED,,,,,,,,,,,,,,,,,,,Q1,"development / anchorage: no beam-source development rule (note 9 70Ø / 40Ø is starter-bar context only; no 40D, 70D, code, Urban default or external value is used) - Q1 at end 2 ({'kind': 'COLUMN', 'refs': []}); occurrence blocked: carries planted column ['COLPOS-X15-Y02-31508-8912']: the p.15 detail is a candidate (AI transcription, not machine-read) (an undefined candidate blocks the component)"
BM-GF_ROOF-B26-BL014-4CC|OPENING_EXTRA_TOP,BM-GF_ROOF-B26-BL014-4CC,SIMPLE_BEAM,B26,,OPENING_EXTRA_TOP,SPECIAL_DETAIL_BAR,MASS,NOT_APPLICABLE,,,,,,,,,,,,,,,,,,,,no source-identified physical opening in this beam (26 opening objects checked project-wide; the generic opening detail is not applied globally)
BM-GF_ROOF-B26-BL014-4CC|OPENING_EXTRA_BOTTOM,BM-GF_ROOF-B26-BL014-4CC,SIMPLE_BEAM,B26,,OPENING_EXTRA_BOTTOM,SPECIAL_DETAIL_BAR,MASS,NOT_APPLICABLE,,,,,,,,,,,,,,,,,,,,no source-identified physical opening in this beam (26 opening objects checked project-wide; the generic opening detail is not applied globally)
BM-GF_ROOF-B26-BL014-4CC|OPENING_EXTRA_SIDE,BM-GF_ROOF-B26-BL014-4CC,SIMPLE_BEAM,B26,,OPENING_EXTRA_SIDE,SPECIAL_DETAIL_BAR,MASS,NOT_APPLICABLE,,,,,,,,,,,,,,,,,,,,no source-identified physical opening in this beam (26 opening objects checked project-wide; the generic opening detail is not applied globally)
BM-GF_ROOF-B26-BL014-4CC|OPENING_EXTRA_STIRRUP,BM-GF_ROOF-B26-BL014-4CC,SIMPLE_BEAM,B26,,OPENING_EXTRA_STIRRUP,BEAM_STIRRUP,MASS,NOT_APPLICABLE,,,,,,,,,,,,,,,,,,,,no source-identified physical opening in this beam (26 opening objects checked project-wide; the generic opening detail is not applied globally)
BM-GF_ROOF-B26-BL014-4CC|OTHER_EXPLICIT_EXTRA,BM-GF_ROOF-B26-BL014-4CC,SIMPLE_BEAM,B26,,OTHER_EXPLICIT_EXTRA,SPECIAL_DETAIL_BAR,MASS,BLOCKED_UNQUANTIFIED,,,,,,,,,,,,,,,,,,,Q9,"carries planted column ['COLPOS-X15-Y02-31508-8912'] (p.15 detail candidate, not machine-read)"
BM-GF_ROOF-B27-BL002-532|TOP_MAIN|BM-GF_ROOF-B27-BL002-532:TOP_MAIN,BM-GF_ROOF-B27-BL002-532,SIMPLE_BEAM,B27,,TOP_MAIN,BEAM_TOP_BAR,MASS,LOWER_BOUND,SOURCE_BOUND,BM-GF_ROOF-B27-BL002-532:TOP_MAIN,,16,9,3.444,30.996,1.580247,48.981333,,,SOURCE_VERIFIED,NOT_ESTABLISHED,,,,"[""development / anchorage into the supports: no beam-source rule (note 9 70Ø/40Ø is for starter bars only; the slab 0.25L / 0.30L rules are never borrowed)"", ""DEVELOPMENT / ANCHORAGE at the end supports (not source-established)"", ""BAR-END HOOK / BEND at the end supports (not detailed)""]",,,development / anchorage into the supports: no beam-source rule (note 9 70Ø/40Ø is for starter bars only; the slab 0.25L / 0.30L rules are never borrowed); DEVELOPMENT / ANCHORAGE at the end supports (not source-established); BAR-END HOOK / BEND at the end supports (not detailed)
BM-GF_ROOF-B27-BL002-532|BOTTOM_MAIN|BM-GF_ROOF-B27-BL002-532:BOTTOM_MAIN,BM-GF_ROOF-B27-BL002-532,SIMPLE_BEAM,B27,,BOTTOM_MAIN,BEAM_BOTTOM_BAR,MASS,LOWER_BOUND,SOURCE_BOUND,BM-GF_ROOF-B27-BL002-532:BOTTOM_MAIN,,20,22,3.444,75.768,2.469136,187.081481,,,SOURCE_VERIFIED,NOT_ESTABLISHED,,,,"[""development / anchorage into the supports: no beam-source rule (note 9 70Ø/40Ø is for starter bars only; the slab 0.25L / 0.30L rules are never borrowed)"", ""DEVELOPMENT / ANCHORAGE at the end supports (not source-established)"", ""BAR-END HOOK / BEND at the end supports (not detailed)""]",,,development / anchorage into the supports: no beam-source rule (note 9 70Ø/40Ø is for starter bars only; the slab 0.25L / 0.30L rules are never borrowed); DEVELOPMENT / ANCHORAGE at the end supports (not source-established); BAR-END HOOK / BEND at the end supports (not detailed)
BM-GF_ROOF-B27-BL002-532|TOP_SUPPORT,BM-GF_ROOF-B27-BL002-532,SIMPLE_BEAM,B27,,TOP_SUPPORT,BEAM_EXTRA_BAR,MASS,NOT_APPLICABLE,,,,,,,,,,,,,,,,,,,,not scheduled in the SBT (no support bar field in the SBT)
BM-GF_ROOF-B27-BL002-532|BOTTOM_SUPPORT,BM-GF_ROOF-B27-BL002-532,SIMPLE_BEAM,B27,,BOTTOM_SUPPORT,BEAM_EXTRA_BAR,MASS,NOT_APPLICABLE,,,,,,,,,,,,,,,,,,,,not scheduled in the SBT (no bottom extra field in the SBT)
BM-GF_ROOF-B27-BL002-532|MID_TOP,BM-GF_ROOF-B27-BL002-532,SIMPLE_BEAM,B27,,MID_TOP,BEAM_EXTRA_BAR,MASS,NOT_APPLICABLE,,,,,,,,,,,,,,,,,,,,a simple beam has one span and no interior support; the SBT has no MID field
BM-GF_ROOF-B27-BL002-532|MID_BOTTOM,BM-GF_ROOF-B27-BL002-532,SIMPLE_BEAM,B27,,MID_BOTTOM,BEAM_EXTRA_BAR,MASS,NOT_APPLICABLE,,,,,,,,,,,,,,,,,,,,a simple beam has one span and no interior support; the SBT has no MID field
BM-GF_ROOF-B27-BL002-532|HANGER,BM-GF_ROOF-B27-BL002-532,SIMPLE_BEAM,B27,,HANGER,BEAM_EXTRA_BAR,MASS,NOT_APPLICABLE,,,,,,,,,,,,,,,,,,,,ABSENT: no hanger field and no hanger detail (TOP BARS listed; no hanger role asserted)
BM-GF_ROOF-B27-BL002-532|SIDE_REBAR,BM-GF_ROOF-B27-BL002-532,SIMPLE_BEAM,B27,,SIDE_REBAR,BEAM_SIDE_BAR,MASS,BLOCKED_UNQUANTIFIED,,,,16,2,,,,,,,,,,2%%C16/20cm,20.0,,,Q6,side bars '2%%C16/20cm' printed (2Ø16/20.0cm): '/30cm' semantics not established (per face or total; vertical spacing or other; bar length; end treatment) - never silently read as a vertical spacing (Q6) - quantity / mass not source-quantified
BM-GF_ROOF-B27-BL002-532|STIRRUP_COUNT|SPAN1,BM-GF_ROOF-B27-BL002-532,SIMPLE_BEAM,B27,,STIRRUP_COUNT,BEAM_STIRRUP,COUNT,LOWER_BOUND,SOURCE_BOUND,,1,10,,,,,,35,36,,,,,,,,,first / last stirrup position not stated; no +1
BM-GF_ROOF-B27-BL002-532|STIRRUP_CORE_PATH|SPAN1,BM-GF_ROOF-B27-BL002-532,SIMPLE_BEAM,B27,,STIRRUP_CORE_PATH,BEAM_STIRRUP,MASS,BLOCKED_UNQUANTIFIED,,,1,10,,,,,,,,,,,,,,"[""LEGS / TOPOLOGY UNRESOLVED"", ""HOOKS BLOCKED_UNQUANTIFIED"", ""LEGS / LINK TOPOLOGY NOT_ESTABLISHED"", ""STIRRUP HOOKS NOT_ESTABLISHED""]",Q7,"stirrup mass needs legs, path, hooks and section; missing: LEGS / TOPOLOGY UNRESOLVED; HOOKS BLOCKED_UNQUANTIFIED; LEGS / LINK TOPOLOGY NOT_ESTABLISHED; STIRRUP HOOKS NOT_ESTABLISHED"
BM-GF_ROOF-B27-BL002-532|HOOK_1,BM-GF_ROOF-B27-BL002-532,SIMPLE_BEAM,B27,,HOOK_1,ANCHORAGE,MASS,BLOCKED_UNQUANTIFIED,,,,,,,,,,,,,,,,,,,Q1,"bar-end hook / bend: end legs drawn N.T.S. without a dimension; no project hook source; column hook rules are not imported - Q1 at end 1 ({'kind': 'COLUMN', 'refs': ['GFRS:35C']})"
BM-GF_ROOF-B27-BL002-532|DEVELOPMENT_1,BM-GF_ROOF-B27-BL002-532,SIMPLE_BEAM,B27,,DEVELOPMENT_1,ANCHORAGE,MASS,BLOCKED_UNQUANTIFIED,,,,,,,,,,,,,,,,,,,Q1,"development / anchorage: no beam-source development rule (note 9 70Ø / 40Ø is starter-bar context only; no 40D, 70D, code, Urban default or external value is used) - Q1 at end 1 ({'kind': 'COLUMN', 'refs': ['GFRS:35C']})"
BM-GF_ROOF-B27-BL002-532|HOOK_2,BM-GF_ROOF-B27-BL002-532,SIMPLE_BEAM,B27,,HOOK_2,ANCHORAGE,MASS,BLOCKED_UNQUANTIFIED,,,,,,,,,,,,,,,,,,,Q1,"bar-end hook / bend: end legs drawn N.T.S. without a dimension; no project hook source; column hook rules are not imported - Q1 at end 2 ({'kind': 'BEAM_CROSSING', 'refs': ['BL022']})"
BM-GF_ROOF-B27-BL002-532|DEVELOPMENT_2,BM-GF_ROOF-B27-BL002-532,SIMPLE_BEAM,B27,,DEVELOPMENT_2,ANCHORAGE,MASS,BLOCKED_UNQUANTIFIED,,,,,,,,,,,,,,,,,,,Q1,"development / anchorage: no beam-source development rule (note 9 70Ø / 40Ø is starter-bar context only; no 40D, 70D, code, Urban default or external value is used) - Q1 at end 2 ({'kind': 'BEAM_CROSSING', 'refs': ['BL022']})"
BM-GF_ROOF-B27-BL002-532|OPENING_EXTRA_TOP,BM-GF_ROOF-B27-BL002-532,SIMPLE_BEAM,B27,,OPENING_EXTRA_TOP,SPECIAL_DETAIL_BAR,MASS,NOT_APPLICABLE,,,,,,,,,,,,,,,,,,,,no source-identified physical opening in this beam (26 opening objects checked project-wide; the generic opening detail is not applied globally)
BM-GF_ROOF-B27-BL002-532|OPENING_EXTRA_BOTTOM,BM-GF_ROOF-B27-BL002-532,SIMPLE_BEAM,B27,,OPENING_EXTRA_BOTTOM,SPECIAL_DETAIL_BAR,MASS,NOT_APPLICABLE,,,,,,,,,,,,,,,,,,,,no source-identified physical opening in this beam (26 opening objects checked project-wide; the generic opening detail is not applied globally)
BM-GF_ROOF-B27-BL002-532|OPENING_EXTRA_SIDE,BM-GF_ROOF-B27-BL002-532,SIMPLE_BEAM,B27,,OPENING_EXTRA_SIDE,SPECIAL_DETAIL_BAR,MASS,NOT_APPLICABLE,,,,,,,,,,,,,,,,,,,,no source-identified physical opening in this beam (26 opening objects checked project-wide; the generic opening detail is not applied globally)
BM-GF_ROOF-B27-BL002-532|OPENING_EXTRA_STIRRUP,BM-GF_ROOF-B27-BL002-532,SIMPLE_BEAM,B27,,OPENING_EXTRA_STIRRUP,BEAM_STIRRUP,MASS,NOT_APPLICABLE,,,,,,,,,,,,,,,,,,,,no source-identified physical opening in this beam (26 opening objects checked project-wide; the generic opening detail is not applied globally)
BM-GF_ROOF-B27-BL002-532|OTHER_EXPLICIT_EXTRA,BM-GF_ROOF-B27-BL002-532,SIMPLE_BEAM,B27,,OTHER_EXPLICIT_EXTRA,SPECIAL_DETAIL_BAR,MASS,NOT_APPLICABLE,,,,,,,,,,,,,,,,,,,,no other explicit extra scheduled or detailed for this occurrence
BM-GF_ROOF-B28-BL026-46C|TOP_MAIN|BM-GF_ROOF-B28-BL026-46C:TOP_MAIN,BM-GF_ROOF-B28-BL026-46C,SIMPLE_BEAM,B28,,TOP_MAIN,BEAM_TOP_BAR,MASS,LOWER_BOUND,SOURCE_BOUND,BM-GF_ROOF-B28-BL026-46C:TOP_MAIN,,14,2,1.13,2.26,1.209877,2.734321,,,SOURCE_VERIFIED,NOT_ESTABLISHED,,,,"[""development / anchorage into the supports: no beam-source rule (note 9 70Ø/40Ø is for starter bars only; the slab 0.25L / 0.30L rules are never borrowed)"", ""DEVELOPMENT / ANCHORAGE at the end supports (not source-established)"", ""BAR-END HOOK / BEND at the end supports (not detailed)""]",,,development / anchorage into the supports: no beam-source rule (note 9 70Ø/40Ø is for starter bars only; the slab 0.25L / 0.30L rules are never borrowed); DEVELOPMENT / ANCHORAGE at the end supports (not source-established); BAR-END HOOK / BEND at the end supports (not detailed)
BM-GF_ROOF-B28-BL026-46C|BOTTOM_MAIN|BM-GF_ROOF-B28-BL026-46C:BOTTOM_MAIN,BM-GF_ROOF-B28-BL026-46C,SIMPLE_BEAM,B28,,BOTTOM_MAIN,BEAM_BOTTOM_BAR,MASS,LOWER_BOUND,SOURCE_BOUND,BM-GF_ROOF-B28-BL026-46C:BOTTOM_MAIN,,16,3,1.13,3.39,1.580247,5.357037,,,SOURCE_VERIFIED,NOT_ESTABLISHED,,,,"[""development / anchorage into the supports: no beam-source rule (note 9 70Ø/40Ø is for starter bars only; the slab 0.25L / 0.30L rules are never borrowed)"", ""DEVELOPMENT / ANCHORAGE at the end supports (not source-established)"", ""BAR-END HOOK / BEND at the end supports (not detailed)""]",,,development / anchorage into the supports: no beam-source rule (note 9 70Ø/40Ø is for starter bars only; the slab 0.25L / 0.30L rules are never borrowed); DEVELOPMENT / ANCHORAGE at the end supports (not source-established); BAR-END HOOK / BEND at the end supports (not detailed)
BM-GF_ROOF-B28-BL026-46C|TOP_SUPPORT,BM-GF_ROOF-B28-BL026-46C,SIMPLE_BEAM,B28,,TOP_SUPPORT,BEAM_EXTRA_BAR,MASS,NOT_APPLICABLE,,,,,,,,,,,,,,,,,,,,not scheduled in the SBT (no support bar field in the SBT)
BM-GF_ROOF-B28-BL026-46C|BOTTOM_SUPPORT,BM-GF_ROOF-B28-BL026-46C,SIMPLE_BEAM,B28,,BOTTOM_SUPPORT,BEAM_EXTRA_BAR,MASS,NOT_APPLICABLE,,,,,,,,,,,,,,,,,,,,not scheduled in the SBT (no bottom extra field in the SBT)
BM-GF_ROOF-B28-BL026-46C|MID_TOP,BM-GF_ROOF-B28-BL026-46C,SIMPLE_BEAM,B28,,MID_TOP,BEAM_EXTRA_BAR,MASS,NOT_APPLICABLE,,,,,,,,,,,,,,,,,,,,a simple beam has one span and no interior support; the SBT has no MID field
BM-GF_ROOF-B28-BL026-46C|MID_BOTTOM,BM-GF_ROOF-B28-BL026-46C,SIMPLE_BEAM,B28,,MID_BOTTOM,BEAM_EXTRA_BAR,MASS,NOT_APPLICABLE,,,,,,,,,,,,,,,,,,,,a simple beam has one span and no interior support; the SBT has no MID field
BM-GF_ROOF-B28-BL026-46C|HANGER,BM-GF_ROOF-B28-BL026-46C,SIMPLE_BEAM,B28,,HANGER,BEAM_EXTRA_BAR,MASS,NOT_APPLICABLE,,,,,,,,,,,,,,,,,,,,ABSENT: no hanger field and no hanger detail (TOP BARS listed; no hanger role asserted)
BM-GF_ROOF-B28-BL026-46C|SIDE_REBAR,BM-GF_ROOF-B28-BL026-46C,SIMPLE_BEAM,B28,,SIDE_REBAR,BEAM_SIDE_BAR,MASS,BLOCKED_UNQUANTIFIED,,,,12,2,,,,,,,,,,2%%C12/30cm,30.0,,,Q6,side bars '2%%C12/30cm' printed (2Ø12/30.0cm): '/30cm' semantics not established (per face or total; vertical spacing or other; bar length; end treatment) - never silently read as a vertical spacing (Q6) - quantity / mass not source-quantified
BM-GF_ROOF-B28-BL026-46C|STIRRUP_COUNT|SPAN1,BM-GF_ROOF-B28-BL026-46C,SIMPLE_BEAM,B28,,STIRRUP_COUNT,BEAM_STIRRUP,COUNT,LOWER_BOUND,SOURCE_BOUND,,1,10,,,,,,12,13,,,,,,,,,first / last stirrup position not stated; no +1
BM-GF_ROOF-B28-BL026-46C|STIRRUP_CORE_PATH|SPAN1,BM-GF_ROOF-B28-BL026-46C,SIMPLE_BEAM,B28,,STIRRUP_CORE_PATH,BEAM_STIRRUP,MASS,BLOCKED_UNQUANTIFIED,,,1,10,,,,,,,,,,,,,,"[""LEGS / TOPOLOGY UNRESOLVED"", ""HOOKS BLOCKED_UNQUANTIFIED"", ""LEGS / LINK TOPOLOGY NOT_ESTABLISHED"", ""STIRRUP HOOKS NOT_ESTABLISHED""]",Q7,"stirrup mass needs legs, path, hooks and section; missing: LEGS / TOPOLOGY UNRESOLVED; HOOKS BLOCKED_UNQUANTIFIED; LEGS / LINK TOPOLOGY NOT_ESTABLISHED; STIRRUP HOOKS NOT_ESTABLISHED"
BM-GF_ROOF-B28-BL026-46C|HOOK_1,BM-GF_ROOF-B28-BL026-46C,SIMPLE_BEAM,B28,,HOOK_1,ANCHORAGE,MASS,BLOCKED_UNQUANTIFIED,,,,,,,,,,,,,,,,,,,Q1,"bar-end hook / bend: end legs drawn N.T.S. without a dimension; no project hook source; column hook rules are not imported - Q1 at end 1 ({'kind': 'COLUMN', 'refs': ['GFRS:36E']})"
BM-GF_ROOF-B28-BL026-46C|DEVELOPMENT_1,BM-GF_ROOF-B28-BL026-46C,SIMPLE_BEAM,B28,,DEVELOPMENT_1,ANCHORAGE,MASS,BLOCKED_UNQUANTIFIED,,,,,,,,,,,,,,,,,,,Q1,"development / anchorage: no beam-source development rule (note 9 70Ø / 40Ø is starter-bar context only; no 40D, 70D, code, Urban default or external value is used) - Q1 at end 1 ({'kind': 'COLUMN', 'refs': ['GFRS:36E']})"
BM-GF_ROOF-B28-BL026-46C|HOOK_2,BM-GF_ROOF-B28-BL026-46C,SIMPLE_BEAM,B28,,HOOK_2,ANCHORAGE,MASS,BLOCKED_UNQUANTIFIED,,,,,,,,,,,,,,,,,,,Q1,"bar-end hook / bend: end legs drawn N.T.S. without a dimension; no project hook source; column hook rules are not imported - Q1 at end 2 ({'kind': 'BEAM_CARRIED_BY', 'refs': ['BL044']})"
BM-GF_ROOF-B28-BL026-46C|DEVELOPMENT_2,BM-GF_ROOF-B28-BL026-46C,SIMPLE_BEAM,B28,,DEVELOPMENT_2,ANCHORAGE,MASS,BLOCKED_UNQUANTIFIED,,,,,,,,,,,,,,,,,,,Q1,"development / anchorage: no beam-source development rule (note 9 70Ø / 40Ø is starter-bar context only; no 40D, 70D, code, Urban default or external value is used) - Q1 at end 2 ({'kind': 'BEAM_CARRIED_BY', 'refs': ['BL044']})"
BM-GF_ROOF-B28-BL026-46C|OPENING_EXTRA_TOP,BM-GF_ROOF-B28-BL026-46C,SIMPLE_BEAM,B28,,OPENING_EXTRA_TOP,SPECIAL_DETAIL_BAR,MASS,NOT_APPLICABLE,,,,,,,,,,,,,,,,,,,,no source-identified physical opening in this beam (26 opening objects checked project-wide; the generic opening detail is not applied globally)
BM-GF_ROOF-B28-BL026-46C|OPENING_EXTRA_BOTTOM,BM-GF_ROOF-B28-BL026-46C,SIMPLE_BEAM,B28,,OPENING_EXTRA_BOTTOM,SPECIAL_DETAIL_BAR,MASS,NOT_APPLICABLE,,,,,,,,,,,,,,,,,,,,no source-identified physical opening in this beam (26 opening objects checked project-wide; the generic opening detail is not applied globally)
BM-GF_ROOF-B28-BL026-46C|OPENING_EXTRA_SIDE,BM-GF_ROOF-B28-BL026-46C,SIMPLE_BEAM,B28,,OPENING_EXTRA_SIDE,SPECIAL_DETAIL_BAR,MASS,NOT_APPLICABLE,,,,,,,,,,,,,,,,,,,,no source-identified physical opening in this beam (26 opening objects checked project-wide; the generic opening detail is not applied globally)
BM-GF_ROOF-B28-BL026-46C|OPENING_EXTRA_STIRRUP,BM-GF_ROOF-B28-BL026-46C,SIMPLE_BEAM,B28,,OPENING_EXTRA_STIRRUP,BEAM_STIRRUP,MASS,NOT_APPLICABLE,,,,,,,,,,,,,,,,,,,,no source-identified physical opening in this beam (26 opening objects checked project-wide; the generic opening detail is not applied globally)
BM-GF_ROOF-B28-BL026-46C|OTHER_EXPLICIT_EXTRA,BM-GF_ROOF-B28-BL026-46C,SIMPLE_BEAM,B28,,OTHER_EXPLICIT_EXTRA,SPECIAL_DETAIL_BAR,MASS,NOT_APPLICABLE,,,,,,,,,,,,,,,,,,,,no other explicit extra scheduled or detailed for this occurrence
BM-GF_ROOF-B29-BL039-465|TOP_MAIN|BM-GF_ROOF-B29-BL039-465:TOP_MAIN,BM-GF_ROOF-B29-BL039-465,SIMPLE_BEAM,B29,,TOP_MAIN,BEAM_TOP_BAR,MASS,BLOCKED_UNQUANTIFIED,,BM-GF_ROOF-B29-BL039-465:TOP_MAIN,,14,2,,,,,,,,,,,,,,R2,465 B29: drawn width conflicts with the schedule width
BM-GF_ROOF-B29-BL039-465|BOTTOM_MAIN|BM-GF_ROOF-B29-BL039-465:BOTTOM_MAIN,BM-GF_ROOF-B29-BL039-465,SIMPLE_BEAM,B29,,BOTTOM_MAIN,BEAM_BOTTOM_BAR,MASS,BLOCKED_UNQUANTIFIED,,BM-GF_ROOF-B29-BL039-465:BOTTOM_MAIN,,18,7,,,,,,,,,,,,,,R2,465 B29: drawn width conflicts with the schedule width
BM-GF_ROOF-B29-BL039-465|TOP_SUPPORT,BM-GF_ROOF-B29-BL039-465,SIMPLE_BEAM,B29,,TOP_SUPPORT,BEAM_EXTRA_BAR,MASS,NOT_APPLICABLE,,,,,,,,,,,,,,,,,,,,not scheduled in the SBT (no support bar field in the SBT)
BM-GF_ROOF-B29-BL039-465|BOTTOM_SUPPORT,BM-GF_ROOF-B29-BL039-465,SIMPLE_BEAM,B29,,BOTTOM_SUPPORT,BEAM_EXTRA_BAR,MASS,NOT_APPLICABLE,,,,,,,,,,,,,,,,,,,,not scheduled in the SBT (no bottom extra field in the SBT)
BM-GF_ROOF-B29-BL039-465|MID_TOP,BM-GF_ROOF-B29-BL039-465,SIMPLE_BEAM,B29,,MID_TOP,BEAM_EXTRA_BAR,MASS,NOT_APPLICABLE,,,,,,,,,,,,,,,,,,,,a simple beam has one span and no interior support; the SBT has no MID field
BM-GF_ROOF-B29-BL039-465|MID_BOTTOM,BM-GF_ROOF-B29-BL039-465,SIMPLE_BEAM,B29,,MID_BOTTOM,BEAM_EXTRA_BAR,MASS,NOT_APPLICABLE,,,,,,,,,,,,,,,,,,,,a simple beam has one span and no interior support; the SBT has no MID field
BM-GF_ROOF-B29-BL039-465|HANGER,BM-GF_ROOF-B29-BL039-465,SIMPLE_BEAM,B29,,HANGER,BEAM_EXTRA_BAR,MASS,NOT_APPLICABLE,,,,,,,,,,,,,,,,,,,,ABSENT: no hanger field and no hanger detail (TOP BARS listed; no hanger role asserted)
BM-GF_ROOF-B29-BL039-465|SIDE_REBAR,BM-GF_ROOF-B29-BL039-465,SIMPLE_BEAM,B29,,SIDE_REBAR,BEAM_SIDE_BAR,MASS,BLOCKED_UNQUANTIFIED,,,,12,2,,,,,,,,,,2%%C12/30cm,30.0,,,Q6,side bars '2%%C12/30cm' printed (2Ø12/30.0cm): '/30cm' semantics not established (per face or total; vertical spacing or other; bar length; end treatment) - never silently read as a vertical spacing (Q6) - quantity / mass not source-quantified; occurrence blocked: 465 B29: drawn width conflicts with the schedule width
BM-GF_ROOF-B29-BL039-465|STIRRUP_COUNT|SPAN1,BM-GF_ROOF-B29-BL039-465,SIMPLE_BEAM,B29,,STIRRUP_COUNT,BEAM_STIRRUP,COUNT,BLOCKED_UNQUANTIFIED,,,1,8,,,,,,,,,,,,,,,R2,465 B29: drawn width conflicts with the schedule width
BM-GF_ROOF-B29-BL039-465|STIRRUP_CORE_PATH|SPAN1,BM-GF_ROOF-B29-BL039-465,SIMPLE_BEAM,B29,,STIRRUP_CORE_PATH,BEAM_STIRRUP,MASS,BLOCKED_UNQUANTIFIED,,,1,8,,,,,,,,,,,,,,"[""WIDTH SOURCE_CONFLICT"", ""LEGS / TOPOLOGY UNRESOLVED"", ""HOOKS BLOCKED_UNQUANTIFIED"", ""LEGS / LINK TOPOLOGY NOT_ESTABLISHED"", ""STIRRUP HOOKS NOT_ESTABLISHED"", ""occurrence blocked: 465 B29: drawn width conflicts with the schedule width""]",Q7,"stirrup mass needs legs, path, hooks and section; missing: WIDTH SOURCE_CONFLICT; LEGS / TOPOLOGY UNRESOLVED; HOOKS BLOCKED_UNQUANTIFIED; LEGS / LINK TOPOLOGY NOT_ESTABLISHED; STIRRUP HOOKS NOT_ESTABLISHED; occurrence blocked: 465 B29: drawn width conflicts with the schedule width"
BM-GF_ROOF-B29-BL039-465|HOOK_1,BM-GF_ROOF-B29-BL039-465,SIMPLE_BEAM,B29,,HOOK_1,ANCHORAGE,MASS,BLOCKED_UNQUANTIFIED,,,,,,,,,,,,,,,,,,,Q1,"bar-end hook / bend: end legs drawn N.T.S. without a dimension; no project hook source; column hook rules are not imported - Q1 at end 1 ({'kind': 'BEAM_CARRIED_BY', 'refs': []}); occurrence blocked: 465 B29: drawn width conflicts with the schedule width"
BM-GF_ROOF-B29-BL039-465|DEVELOPMENT_1,BM-GF_ROOF-B29-BL039-465,SIMPLE_BEAM,B29,,DEVELOPMENT_1,ANCHORAGE,MASS,BLOCKED_UNQUANTIFIED,,,,,,,,,,,,,,,,,,,Q1,"development / anchorage: no beam-source development rule (note 9 70Ø / 40Ø is starter-bar context only; no 40D, 70D, code, Urban default or external value is used) - Q1 at end 1 ({'kind': 'BEAM_CARRIED_BY', 'refs': []}); occurrence blocked: 465 B29: drawn width conflicts with the schedule width"
BM-GF_ROOF-B29-BL039-465|HOOK_2,BM-GF_ROOF-B29-BL039-465,SIMPLE_BEAM,B29,,HOOK_2,ANCHORAGE,MASS,BLOCKED_UNQUANTIFIED,,,,,,,,,,,,,,,,,,,Q1,"bar-end hook / bend: end legs drawn N.T.S. without a dimension; no project hook source; column hook rules are not imported - Q1 at end 2 ({'kind': 'BEAM_CARRIED_BY', 'refs': []}); occurrence blocked: 465 B29: drawn width conflicts with the schedule width"
BM-GF_ROOF-B29-BL039-465|DEVELOPMENT_2,BM-GF_ROOF-B29-BL039-465,SIMPLE_BEAM,B29,,DEVELOPMENT_2,ANCHORAGE,MASS,BLOCKED_UNQUANTIFIED,,,,,,,,,,,,,,,,,,,Q1,"development / anchorage: no beam-source development rule (note 9 70Ø / 40Ø is starter-bar context only; no 40D, 70D, code, Urban default or external value is used) - Q1 at end 2 ({'kind': 'BEAM_CARRIED_BY', 'refs': []}); occurrence blocked: 465 B29: drawn width conflicts with the schedule width"
BM-GF_ROOF-B29-BL039-465|OPENING_EXTRA_TOP,BM-GF_ROOF-B29-BL039-465,SIMPLE_BEAM,B29,,OPENING_EXTRA_TOP,SPECIAL_DETAIL_BAR,MASS,NOT_APPLICABLE,,,,,,,,,,,,,,,,,,,,no source-identified physical opening in this beam (26 opening objects checked project-wide; the generic opening detail is not applied globally)
BM-GF_ROOF-B29-BL039-465|OPENING_EXTRA_BOTTOM,BM-GF_ROOF-B29-BL039-465,SIMPLE_BEAM,B29,,OPENING_EXTRA_BOTTOM,SPECIAL_DETAIL_BAR,MASS,NOT_APPLICABLE,,,,,,,,,,,,,,,,,,,,no source-identified physical opening in this beam (26 opening objects checked project-wide; the generic opening detail is not applied globally)
BM-GF_ROOF-B29-BL039-465|OPENING_EXTRA_SIDE,BM-GF_ROOF-B29-BL039-465,SIMPLE_BEAM,B29,,OPENING_EXTRA_SIDE,SPECIAL_DETAIL_BAR,MASS,NOT_APPLICABLE,,,,,,,,,,,,,,,,,,,,no source-identified physical opening in this beam (26 opening objects checked project-wide; the generic opening detail is not applied globally)
BM-GF_ROOF-B29-BL039-465|OPENING_EXTRA_STIRRUP,BM-GF_ROOF-B29-BL039-465,SIMPLE_BEAM,B29,,OPENING_EXTRA_STIRRUP,BEAM_STIRRUP,MASS,NOT_APPLICABLE,,,,,,,,,,,,,,,,,,,,no source-identified physical opening in this beam (26 opening objects checked project-wide; the generic opening detail is not applied globally)
BM-GF_ROOF-B29-BL039-465|OTHER_EXPLICIT_EXTRA,BM-GF_ROOF-B29-BL039-465,SIMPLE_BEAM,B29,,OTHER_EXPLICIT_EXTRA,SPECIAL_DETAIL_BAR,MASS,NOT_APPLICABLE,,,,,,,,,,,,,,,,,,,,no other explicit extra scheduled or detailed for this occurrence
BM-GF_ROOF-B3-BL027-448|TOP_MAIN|BM-GF_ROOF-B3-BL027-448:TOP_MAIN,BM-GF_ROOF-B3-BL027-448,SIMPLE_BEAM,B3,,TOP_MAIN,BEAM_TOP_BAR,MASS,LOWER_BOUND,SOURCE_BOUND,BM-GF_ROOF-B3-BL027-448:TOP_MAIN,,12,2,2.95,5.9,0.888889,5.244444,,,SOURCE_VERIFIED,NOT_ESTABLISHED,,,,"[""development / anchorage into the supports: no beam-source rule (note 9 70Ø/40Ø is for starter bars only; the slab 0.25L / 0.30L rules are never borrowed)"", ""DEVELOPMENT / ANCHORAGE at the end supports (not source-established)"", ""BAR-END HOOK / BEND at the end supports (not detailed)""]",,,development / anchorage into the supports: no beam-source rule (note 9 70Ø/40Ø is for starter bars only; the slab 0.25L / 0.30L rules are never borrowed); DEVELOPMENT / ANCHORAGE at the end supports (not source-established); BAR-END HOOK / BEND at the end supports (not detailed)
BM-GF_ROOF-B3-BL027-448|BOTTOM_MAIN|BM-GF_ROOF-B3-BL027-448:BOTTOM_MAIN,BM-GF_ROOF-B3-BL027-448,SIMPLE_BEAM,B3,,BOTTOM_MAIN,BEAM_BOTTOM_BAR,MASS,LOWER_BOUND,SOURCE_BOUND,BM-GF_ROOF-B3-BL027-448:BOTTOM_MAIN,,16,4,2.95,11.8,1.580247,18.646914,,,SOURCE_VERIFIED,NOT_ESTABLISHED,,,,"[""development / anchorage into the supports: no beam-source rule (note 9 70Ø/40Ø is for starter bars only; the slab 0.25L / 0.30L rules are never borrowed)"", ""DEVELOPMENT / ANCHORAGE at the end supports (not source-established)"", ""BAR-END HOOK / BEND at the end supports (not detailed)""]",,,development / anchorage into the supports: no beam-source rule (note 9 70Ø/40Ø is for starter bars only; the slab 0.25L / 0.30L rules are never borrowed); DEVELOPMENT / ANCHORAGE at the end supports (not source-established); BAR-END HOOK / BEND at the end supports (not detailed)
BM-GF_ROOF-B3-BL027-448|TOP_SUPPORT,BM-GF_ROOF-B3-BL027-448,SIMPLE_BEAM,B3,,TOP_SUPPORT,BEAM_EXTRA_BAR,MASS,NOT_APPLICABLE,,,,,,,,,,,,,,,,,,,,not scheduled in the SBT (no support bar field in the SBT)
BM-GF_ROOF-B3-BL027-448|BOTTOM_SUPPORT,BM-GF_ROOF-B3-BL027-448,SIMPLE_BEAM,B3,,BOTTOM_SUPPORT,BEAM_EXTRA_BAR,MASS,NOT_APPLICABLE,,,,,,,,,,,,,,,,,,,,not scheduled in the SBT (no bottom extra field in the SBT)
BM-GF_ROOF-B3-BL027-448|MID_TOP,BM-GF_ROOF-B3-BL027-448,SIMPLE_BEAM,B3,,MID_TOP,BEAM_EXTRA_BAR,MASS,NOT_APPLICABLE,,,,,,,,,,,,,,,,,,,,a simple beam has one span and no interior support; the SBT has no MID field
BM-GF_ROOF-B3-BL027-448|MID_BOTTOM,BM-GF_ROOF-B3-BL027-448,SIMPLE_BEAM,B3,,MID_BOTTOM,BEAM_EXTRA_BAR,MASS,NOT_APPLICABLE,,,,,,,,,,,,,,,,,,,,a simple beam has one span and no interior support; the SBT has no MID field
BM-GF_ROOF-B3-BL027-448|HANGER,BM-GF_ROOF-B3-BL027-448,SIMPLE_BEAM,B3,,HANGER,BEAM_EXTRA_BAR,MASS,NOT_APPLICABLE,,,,,,,,,,,,,,,,,,,,ABSENT: no hanger field and no hanger detail (TOP BARS listed; no hanger role asserted)
BM-GF_ROOF-B3-BL027-448|SIDE_REBAR,BM-GF_ROOF-B3-BL027-448,SIMPLE_BEAM,B3,,SIDE_REBAR,BEAM_SIDE_BAR,MASS,NOT_APPLICABLE,,,,,,,,,,,,,,,,,,,,no side bars printed; depth 40.0 cm
BM-GF_ROOF-B3-BL027-448|STIRRUP_COUNT|SPAN1,BM-GF_ROOF-B3-BL027-448,SIMPLE_BEAM,B3,,STIRRUP_COUNT,BEAM_STIRRUP,COUNT,LOWER_BOUND,SOURCE_BOUND,,1,8,,,,,,18,19,,,,,,,,,first / last stirrup position not stated; no +1
BM-GF_ROOF-B3-BL027-448|STIRRUP_CORE_PATH|SPAN1,BM-GF_ROOF-B3-BL027-448,SIMPLE_BEAM,B3,,STIRRUP_CORE_PATH,BEAM_STIRRUP,MASS,BLOCKED_UNQUANTIFIED,,,1,8,,,,,,,,,,,,,,"[""LEGS / TOPOLOGY UNRESOLVED"", ""HOOKS BLOCKED_UNQUANTIFIED"", ""LEGS / LINK TOPOLOGY NOT_ESTABLISHED"", ""STIRRUP HOOKS NOT_ESTABLISHED""]",Q7,"stirrup mass needs legs, path, hooks and section; missing: LEGS / TOPOLOGY UNRESOLVED; HOOKS BLOCKED_UNQUANTIFIED; LEGS / LINK TOPOLOGY NOT_ESTABLISHED; STIRRUP HOOKS NOT_ESTABLISHED"
BM-GF_ROOF-B3-BL027-448|HOOK_1,BM-GF_ROOF-B3-BL027-448,SIMPLE_BEAM,B3,,HOOK_1,ANCHORAGE,MASS,BLOCKED_UNQUANTIFIED,,,,,,,,,,,,,,,,,,,Q1,"bar-end hook / bend: end legs drawn N.T.S. without a dimension; no project hook source; column hook rules are not imported - Q1 at end 1 ({'kind': 'COLUMN', 'refs': ['GFRS:33B']})"
BM-GF_ROOF-B3-BL027-448|DEVELOPMENT_1,BM-GF_ROOF-B3-BL027-448,SIMPLE_BEAM,B3,,DEVELOPMENT_1,ANCHORAGE,MASS,BLOCKED_UNQUANTIFIED,,,,,,,,,,,,,,,,,,,Q1,"development / anchorage: no beam-source development rule (note 9 70Ø / 40Ø is starter-bar context only; no 40D, 70D, code, Urban default or external value is used) - Q1 at end 1 ({'kind': 'COLUMN', 'refs': ['GFRS:33B']})"
BM-GF_ROOF-B3-BL027-448|HOOK_2,BM-GF_ROOF-B3-BL027-448,SIMPLE_BEAM,B3,,HOOK_2,ANCHORAGE,MASS,BLOCKED_UNQUANTIFIED,,,,,,,,,,,,,,,,,,,Q1,"bar-end hook / bend: end legs drawn N.T.S. without a dimension; no project hook source; column hook rules are not imported - Q1 at end 2 ({'kind': 'BEAM_CARRIED_BY', 'refs': ['BL038']})"
BM-GF_ROOF-B3-BL027-448|DEVELOPMENT_2,BM-GF_ROOF-B3-BL027-448,SIMPLE_BEAM,B3,,DEVELOPMENT_2,ANCHORAGE,MASS,BLOCKED_UNQUANTIFIED,,,,,,,,,,,,,,,,,,,Q1,"development / anchorage: no beam-source development rule (note 9 70Ø / 40Ø is starter-bar context only; no 40D, 70D, code, Urban default or external value is used) - Q1 at end 2 ({'kind': 'BEAM_CARRIED_BY', 'refs': ['BL038']})"
BM-GF_ROOF-B3-BL027-448|OPENING_EXTRA_TOP,BM-GF_ROOF-B3-BL027-448,SIMPLE_BEAM,B3,,OPENING_EXTRA_TOP,SPECIAL_DETAIL_BAR,MASS,NOT_APPLICABLE,,,,,,,,,,,,,,,,,,,,no source-identified physical opening in this beam (26 opening objects checked project-wide; the generic opening detail is not applied globally)
BM-GF_ROOF-B3-BL027-448|OPENING_EXTRA_BOTTOM,BM-GF_ROOF-B3-BL027-448,SIMPLE_BEAM,B3,,OPENING_EXTRA_BOTTOM,SPECIAL_DETAIL_BAR,MASS,NOT_APPLICABLE,,,,,,,,,,,,,,,,,,,,no source-identified physical opening in this beam (26 opening objects checked project-wide; the generic opening detail is not applied globally)
BM-GF_ROOF-B3-BL027-448|OPENING_EXTRA_SIDE,BM-GF_ROOF-B3-BL027-448,SIMPLE_BEAM,B3,,OPENING_EXTRA_SIDE,SPECIAL_DETAIL_BAR,MASS,NOT_APPLICABLE,,,,,,,,,,,,,,,,,,,,no source-identified physical opening in this beam (26 opening objects checked project-wide; the generic opening detail is not applied globally)
BM-GF_ROOF-B3-BL027-448|OPENING_EXTRA_STIRRUP,BM-GF_ROOF-B3-BL027-448,SIMPLE_BEAM,B3,,OPENING_EXTRA_STIRRUP,BEAM_STIRRUP,MASS,NOT_APPLICABLE,,,,,,,,,,,,,,,,,,,,no source-identified physical opening in this beam (26 opening objects checked project-wide; the generic opening detail is not applied globally)
BM-GF_ROOF-B3-BL027-448|OTHER_EXPLICIT_EXTRA,BM-GF_ROOF-B3-BL027-448,SIMPLE_BEAM,B3,,OTHER_EXPLICIT_EXTRA,SPECIAL_DETAIL_BAR,MASS,NOT_APPLICABLE,,,,,,,,,,,,,,,,,,,,no other explicit extra scheduled or detailed for this occurrence
BM-GF_ROOF-B3-BL032-462|TOP_MAIN|BM-GF_ROOF-B3-BL032-462:TOP_MAIN,BM-GF_ROOF-B3-BL032-462,SIMPLE_BEAM,B3,,TOP_MAIN,BEAM_TOP_BAR,MASS,LOWER_BOUND,SOURCE_BOUND,BM-GF_ROOF-B3-BL032-462:TOP_MAIN,,12,2,3.3,6.6,0.888889,5.866667,,,SOURCE_VERIFIED,NOT_ESTABLISHED,,,,"[""development / anchorage into the supports: no beam-source rule (note 9 70Ø/40Ø is for starter bars only; the slab 0.25L / 0.30L rules are never borrowed)"", ""DEVELOPMENT / ANCHORAGE at the end supports (not source-established)"", ""BAR-END HOOK / BEND at the end supports (not detailed)""]",,,development / anchorage into the supports: no beam-source rule (note 9 70Ø/40Ø is for starter bars only; the slab 0.25L / 0.30L rules are never borrowed); DEVELOPMENT / ANCHORAGE at the end supports (not source-established); BAR-END HOOK / BEND at the end supports (not detailed)
BM-GF_ROOF-B3-BL032-462|BOTTOM_MAIN|BM-GF_ROOF-B3-BL032-462:BOTTOM_MAIN,BM-GF_ROOF-B3-BL032-462,SIMPLE_BEAM,B3,,BOTTOM_MAIN,BEAM_BOTTOM_BAR,MASS,LOWER_BOUND,SOURCE_BOUND,BM-GF_ROOF-B3-BL032-462:BOTTOM_MAIN,,16,4,3.3,13.2,1.580247,20.859259,,,SOURCE_VERIFIED,NOT_ESTABLISHED,,,,"[""development / anchorage into the supports: no beam-source rule (note 9 70Ø/40Ø is for starter bars only; the slab 0.25L / 0.30L rules are never borrowed)"", ""DEVELOPMENT / ANCHORAGE at the end supports (not source-established)"", ""BAR-END HOOK / BEND at the end supports (not detailed)""]",,,development / anchorage into the supports: no beam-source rule (note 9 70Ø/40Ø is for starter bars only; the slab 0.25L / 0.30L rules are never borrowed); DEVELOPMENT / ANCHORAGE at the end supports (not source-established); BAR-END HOOK / BEND at the end supports (not detailed)
BM-GF_ROOF-B3-BL032-462|TOP_SUPPORT,BM-GF_ROOF-B3-BL032-462,SIMPLE_BEAM,B3,,TOP_SUPPORT,BEAM_EXTRA_BAR,MASS,NOT_APPLICABLE,,,,,,,,,,,,,,,,,,,,not scheduled in the SBT (no support bar field in the SBT)
BM-GF_ROOF-B3-BL032-462|BOTTOM_SUPPORT,BM-GF_ROOF-B3-BL032-462,SIMPLE_BEAM,B3,,BOTTOM_SUPPORT,BEAM_EXTRA_BAR,MASS,NOT_APPLICABLE,,,,,,,,,,,,,,,,,,,,not scheduled in the SBT (no bottom extra field in the SBT)
BM-GF_ROOF-B3-BL032-462|MID_TOP,BM-GF_ROOF-B3-BL032-462,SIMPLE_BEAM,B3,,MID_TOP,BEAM_EXTRA_BAR,MASS,NOT_APPLICABLE,,,,,,,,,,,,,,,,,,,,a simple beam has one span and no interior support; the SBT has no MID field
BM-GF_ROOF-B3-BL032-462|MID_BOTTOM,BM-GF_ROOF-B3-BL032-462,SIMPLE_BEAM,B3,,MID_BOTTOM,BEAM_EXTRA_BAR,MASS,NOT_APPLICABLE,,,,,,,,,,,,,,,,,,,,a simple beam has one span and no interior support; the SBT has no MID field
BM-GF_ROOF-B3-BL032-462|HANGER,BM-GF_ROOF-B3-BL032-462,SIMPLE_BEAM,B3,,HANGER,BEAM_EXTRA_BAR,MASS,NOT_APPLICABLE,,,,,,,,,,,,,,,,,,,,ABSENT: no hanger field and no hanger detail (TOP BARS listed; no hanger role asserted)
BM-GF_ROOF-B3-BL032-462|SIDE_REBAR,BM-GF_ROOF-B3-BL032-462,SIMPLE_BEAM,B3,,SIDE_REBAR,BEAM_SIDE_BAR,MASS,NOT_APPLICABLE,,,,,,,,,,,,,,,,,,,,no side bars printed; depth 40.0 cm
BM-GF_ROOF-B3-BL032-462|STIRRUP_COUNT|SPAN1,BM-GF_ROOF-B3-BL032-462,SIMPLE_BEAM,B3,,STIRRUP_COUNT,BEAM_STIRRUP,COUNT,LOWER_BOUND,SOURCE_BOUND,,1,8,,,,,,20,21,,,,,,,,,first / last stirrup position not stated; no +1
BM-GF_ROOF-B3-BL032-462|STIRRUP_CORE_PATH|SPAN1,BM-GF_ROOF-B3-BL032-462,SIMPLE_BEAM,B3,,STIRRUP_CORE_PATH,BEAM_STIRRUP,MASS,BLOCKED_UNQUANTIFIED,,,1,8,,,,,,,,,,,,,,"[""LEGS / TOPOLOGY UNRESOLVED"", ""HOOKS BLOCKED_UNQUANTIFIED"", ""LEGS / LINK TOPOLOGY NOT_ESTABLISHED"", ""STIRRUP HOOKS NOT_ESTABLISHED""]",Q7,"stirrup mass needs legs, path, hooks and section; missing: LEGS / TOPOLOGY UNRESOLVED; HOOKS BLOCKED_UNQUANTIFIED; LEGS / LINK TOPOLOGY NOT_ESTABLISHED; STIRRUP HOOKS NOT_ESTABLISHED"
BM-GF_ROOF-B3-BL032-462|HOOK_1,BM-GF_ROOF-B3-BL032-462,SIMPLE_BEAM,B3,,HOOK_1,ANCHORAGE,MASS,BLOCKED_UNQUANTIFIED,,,,,,,,,,,,,,,,,,,Q1,"bar-end hook / bend: end legs drawn N.T.S. without a dimension; no project hook source; column hook rules are not imported - Q1 at end 1 ({'kind': 'BEAM_CARRIED_BY', 'refs': ['BL016']})"
BM-GF_ROOF-B3-BL032-462|DEVELOPMENT_1,BM-GF_ROOF-B3-BL032-462,SIMPLE_BEAM,B3,,DEVELOPMENT_1,ANCHORAGE,MASS,BLOCKED_UNQUANTIFIED,,,,,,,,,,,,,,,,,,,Q1,"development / anchorage: no beam-source development rule (note 9 70Ø / 40Ø is starter-bar context only; no 40D, 70D, code, Urban default or external value is used) - Q1 at end 1 ({'kind': 'BEAM_CARRIED_BY', 'refs': ['BL016']})"
BM-GF_ROOF-B3-BL032-462|HOOK_2,BM-GF_ROOF-B3-BL032-462,SIMPLE_BEAM,B3,,HOOK_2,ANCHORAGE,MASS,BLOCKED_UNQUANTIFIED,,,,,,,,,,,,,,,,,,,Q1,"bar-end hook / bend: end legs drawn N.T.S. without a dimension; no project hook source; column hook rules are not imported - Q1 at end 2 ({'kind': 'BEAM_CARRIED_BY', 'refs': ['BL013']})"
BM-GF_ROOF-B3-BL032-462|DEVELOPMENT_2,BM-GF_ROOF-B3-BL032-462,SIMPLE_BEAM,B3,,DEVELOPMENT_2,ANCHORAGE,MASS,BLOCKED_UNQUANTIFIED,,,,,,,,,,,,,,,,,,,Q1,"development / anchorage: no beam-source development rule (note 9 70Ø / 40Ø is starter-bar context only; no 40D, 70D, code, Urban default or external value is used) - Q1 at end 2 ({'kind': 'BEAM_CARRIED_BY', 'refs': ['BL013']})"
BM-GF_ROOF-B3-BL032-462|OPENING_EXTRA_TOP,BM-GF_ROOF-B3-BL032-462,SIMPLE_BEAM,B3,,OPENING_EXTRA_TOP,SPECIAL_DETAIL_BAR,MASS,NOT_APPLICABLE,,,,,,,,,,,,,,,,,,,,no source-identified physical opening in this beam (26 opening objects checked project-wide; the generic opening detail is not applied globally)
BM-GF_ROOF-B3-BL032-462|OPENING_EXTRA_BOTTOM,BM-GF_ROOF-B3-BL032-462,SIMPLE_BEAM,B3,,OPENING_EXTRA_BOTTOM,SPECIAL_DETAIL_BAR,MASS,NOT_APPLICABLE,,,,,,,,,,,,,,,,,,,,no source-identified physical opening in this beam (26 opening objects checked project-wide; the generic opening detail is not applied globally)
BM-GF_ROOF-B3-BL032-462|OPENING_EXTRA_SIDE,BM-GF_ROOF-B3-BL032-462,SIMPLE_BEAM,B3,,OPENING_EXTRA_SIDE,SPECIAL_DETAIL_BAR,MASS,NOT_APPLICABLE,,,,,,,,,,,,,,,,,,,,no source-identified physical opening in this beam (26 opening objects checked project-wide; the generic opening detail is not applied globally)
BM-GF_ROOF-B3-BL032-462|OPENING_EXTRA_STIRRUP,BM-GF_ROOF-B3-BL032-462,SIMPLE_BEAM,B3,,OPENING_EXTRA_STIRRUP,BEAM_STIRRUP,MASS,NOT_APPLICABLE,,,,,,,,,,,,,,,,,,,,no source-identified physical opening in this beam (26 opening objects checked project-wide; the generic opening detail is not applied globally)
BM-GF_ROOF-B3-BL032-462|OTHER_EXPLICIT_EXTRA,BM-GF_ROOF-B3-BL032-462,SIMPLE_BEAM,B3,,OTHER_EXPLICIT_EXTRA,SPECIAL_DETAIL_BAR,MASS,NOT_APPLICABLE,,,,,,,,,,,,,,,,,,,,no other explicit extra scheduled or detailed for this occurrence
BM-GF_ROOF-B3-BL033-6B7|TOP_MAIN|BM-GF_ROOF-B3-BL033-6B7:TOP_MAIN,BM-GF_ROOF-B3-BL033-6B7,SIMPLE_BEAM,B3,,TOP_MAIN,BEAM_TOP_BAR,MASS,BLOCKED_UNQUANTIFIED,,BM-GF_ROOF-B3-BL033-6B7:TOP_MAIN,,12,2,,,,,,,,,,,,,,Q9,'WITH STAIR' qualifier 6B6: the p.16 stair-beam detail is an unread candidate (an undefined candidate blocks the component)
BM-GF_ROOF-B3-BL033-6B7|BOTTOM_MAIN|BM-GF_ROOF-B3-BL033-6B7:BOTTOM_MAIN,BM-GF_ROOF-B3-BL033-6B7,SIMPLE_BEAM,B3,,BOTTOM_MAIN,BEAM_BOTTOM_BAR,MASS,BLOCKED_UNQUANTIFIED,,BM-GF_ROOF-B3-BL033-6B7:BOTTOM_MAIN,,16,4,,,,,,,,,,,,,,Q9,'WITH STAIR' qualifier 6B6: the p.16 stair-beam detail is an unread candidate (an undefined candidate blocks the component)
BM-GF_ROOF-B3-BL033-6B7|TOP_SUPPORT,BM-GF_ROOF-B3-BL033-6B7,SIMPLE_BEAM,B3,,TOP_SUPPORT,BEAM_EXTRA_BAR,MASS,NOT_APPLICABLE,,,,,,,,,,,,,,,,,,,,not scheduled in the SBT (no support bar field in the SBT)
BM-GF_ROOF-B3-BL033-6B7|BOTTOM_SUPPORT,BM-GF_ROOF-B3-BL033-6B7,SIMPLE_BEAM,B3,,BOTTOM_SUPPORT,BEAM_EXTRA_BAR,MASS,NOT_APPLICABLE,,,,,,,,,,,,,,,,,,,,not scheduled in the SBT (no bottom extra field in the SBT)
BM-GF_ROOF-B3-BL033-6B7|MID_TOP,BM-GF_ROOF-B3-BL033-6B7,SIMPLE_BEAM,B3,,MID_TOP,BEAM_EXTRA_BAR,MASS,NOT_APPLICABLE,,,,,,,,,,,,,,,,,,,,a simple beam has one span and no interior support; the SBT has no MID field
BM-GF_ROOF-B3-BL033-6B7|MID_BOTTOM,BM-GF_ROOF-B3-BL033-6B7,SIMPLE_BEAM,B3,,MID_BOTTOM,BEAM_EXTRA_BAR,MASS,NOT_APPLICABLE,,,,,,,,,,,,,,,,,,,,a simple beam has one span and no interior support; the SBT has no MID field
BM-GF_ROOF-B3-BL033-6B7|HANGER,BM-GF_ROOF-B3-BL033-6B7,SIMPLE_BEAM,B3,,HANGER,BEAM_EXTRA_BAR,MASS,NOT_APPLICABLE,,,,,,,,,,,,,,,,,,,,ABSENT: no hanger field and no hanger detail (TOP BARS listed; no hanger role asserted)
BM-GF_ROOF-B3-BL033-6B7|SIDE_REBAR,BM-GF_ROOF-B3-BL033-6B7,SIMPLE_BEAM,B3,,SIDE_REBAR,BEAM_SIDE_BAR,MASS,NOT_APPLICABLE,,,,,,,,,,,,,,,,,,,,no side bars printed; depth 40.0 cm
BM-GF_ROOF-B3-BL033-6B7|STIRRUP_COUNT|SPAN1,BM-GF_ROOF-B3-BL033-6B7,SIMPLE_BEAM,B3,,STIRRUP_COUNT,BEAM_STIRRUP,COUNT,BLOCKED_UNQUANTIFIED,,,1,8,,,,,,,,,,,,,,,Q9,'WITH STAIR' qualifier 6B6: the p.16 stair-beam detail is an unread candidate (an undefined candidate blocks the component)
BM-GF_ROOF-B3-BL033-6B7|STIRRUP_CORE_PATH|SPAN1,BM-GF_ROOF-B3-BL033-6B7,SIMPLE_BEAM,B3,,STIRRUP_CORE_PATH,BEAM_STIRRUP,MASS,BLOCKED_UNQUANTIFIED,,,1,8,,,,,,,,,,,,,,"[""LEGS / TOPOLOGY UNRESOLVED"", ""HOOKS BLOCKED_UNQUANTIFIED"", ""LEGS / LINK TOPOLOGY NOT_ESTABLISHED"", ""STIRRUP HOOKS NOT_ESTABLISHED"", ""occurrence blocked: 'WITH STAIR' qualifier 6B6: the p.16 stair-beam detail is an unread candidate (an undefined candidate blocks the component)""]",Q7,"stirrup mass needs legs, path, hooks and section; missing: LEGS / TOPOLOGY UNRESOLVED; HOOKS BLOCKED_UNQUANTIFIED; LEGS / LINK TOPOLOGY NOT_ESTABLISHED; STIRRUP HOOKS NOT_ESTABLISHED; occurrence blocked: 'WITH STAIR' qualifier 6B6: the p.16 stair-beam detail is an unread candidate (an undefined candidate blocks the component)"
BM-GF_ROOF-B3-BL033-6B7|HOOK_1,BM-GF_ROOF-B3-BL033-6B7,SIMPLE_BEAM,B3,,HOOK_1,ANCHORAGE,MASS,BLOCKED_UNQUANTIFIED,,,,,,,,,,,,,,,,,,,Q1,"bar-end hook / bend: end legs drawn N.T.S. without a dimension; no project hook source; column hook rules are not imported - Q1 at end 1 ({'kind': 'COLUMN', 'refs': []}); occurrence blocked: 'WITH STAIR' qualifier 6B6: the p.16 stair-beam detail is an unread candidate (an undefined candidate blocks the component)"
BM-GF_ROOF-B3-BL033-6B7|DEVELOPMENT_1,BM-GF_ROOF-B3-BL033-6B7,SIMPLE_BEAM,B3,,DEVELOPMENT_1,ANCHORAGE,MASS,BLOCKED_UNQUANTIFIED,,,,,,,,,,,,,,,,,,,Q1,"development / anchorage: no beam-source development rule (note 9 70Ø / 40Ø is starter-bar context only; no 40D, 70D, code, Urban default or external value is used) - Q1 at end 1 ({'kind': 'COLUMN', 'refs': []}); occurrence blocked: 'WITH STAIR' qualifier 6B6: the p.16 stair-beam detail is an unread candidate (an undefined candidate blocks the component)"
BM-GF_ROOF-B3-BL033-6B7|HOOK_2,BM-GF_ROOF-B3-BL033-6B7,SIMPLE_BEAM,B3,,HOOK_2,ANCHORAGE,MASS,BLOCKED_UNQUANTIFIED,,,,,,,,,,,,,,,,,,,Q1,"bar-end hook / bend: end legs drawn N.T.S. without a dimension; no project hook source; column hook rules are not imported - Q1 at end 2 ({'kind': 'COLUMN', 'refs': []}); occurrence blocked: 'WITH STAIR' qualifier 6B6: the p.16 stair-beam detail is an unread candidate (an undefined candidate blocks the component)"
BM-GF_ROOF-B3-BL033-6B7|DEVELOPMENT_2,BM-GF_ROOF-B3-BL033-6B7,SIMPLE_BEAM,B3,,DEVELOPMENT_2,ANCHORAGE,MASS,BLOCKED_UNQUANTIFIED,,,,,,,,,,,,,,,,,,,Q1,"development / anchorage: no beam-source development rule (note 9 70Ø / 40Ø is starter-bar context only; no 40D, 70D, code, Urban default or external value is used) - Q1 at end 2 ({'kind': 'COLUMN', 'refs': []}); occurrence blocked: 'WITH STAIR' qualifier 6B6: the p.16 stair-beam detail is an unread candidate (an undefined candidate blocks the component)"
BM-GF_ROOF-B3-BL033-6B7|OPENING_EXTRA_TOP,BM-GF_ROOF-B3-BL033-6B7,SIMPLE_BEAM,B3,,OPENING_EXTRA_TOP,SPECIAL_DETAIL_BAR,MASS,NOT_APPLICABLE,,,,,,,,,,,,,,,,,,,,no source-identified physical opening in this beam (26 opening objects checked project-wide; the generic opening detail is not applied globally)
BM-GF_ROOF-B3-BL033-6B7|OPENING_EXTRA_BOTTOM,BM-GF_ROOF-B3-BL033-6B7,SIMPLE_BEAM,B3,,OPENING_EXTRA_BOTTOM,SPECIAL_DETAIL_BAR,MASS,NOT_APPLICABLE,,,,,,,,,,,,,,,,,,,,no source-identified physical opening in this beam (26 opening objects checked project-wide; the generic opening detail is not applied globally)
BM-GF_ROOF-B3-BL033-6B7|OPENING_EXTRA_SIDE,BM-GF_ROOF-B3-BL033-6B7,SIMPLE_BEAM,B3,,OPENING_EXTRA_SIDE,SPECIAL_DETAIL_BAR,MASS,NOT_APPLICABLE,,,,,,,,,,,,,,,,,,,,no source-identified physical opening in this beam (26 opening objects checked project-wide; the generic opening detail is not applied globally)
BM-GF_ROOF-B3-BL033-6B7|OPENING_EXTRA_STIRRUP,BM-GF_ROOF-B3-BL033-6B7,SIMPLE_BEAM,B3,,OPENING_EXTRA_STIRRUP,BEAM_STIRRUP,MASS,NOT_APPLICABLE,,,,,,,,,,,,,,,,,,,,no source-identified physical opening in this beam (26 opening objects checked project-wide; the generic opening detail is not applied globally)
BM-GF_ROOF-B3-BL033-6B7|OTHER_EXPLICIT_EXTRA,BM-GF_ROOF-B3-BL033-6B7,SIMPLE_BEAM,B3,,OTHER_EXPLICIT_EXTRA,SPECIAL_DETAIL_BAR,MASS,BLOCKED_UNQUANTIFIED,,,,,,,,,,,,,,,,,,,Q9,'WITH STAIR' qualifier 6B6: p.16 stair-beam detail unread
BM-GF_ROOF-B4-BL009-49B:b4>v|TOP_MAIN|BM-GF_ROOF-B4-BL009-49B:b4>v:TOP_MAIN,BM-GF_ROOF-B4-BL009-49B:b4>v,SIMPLE_BEAM,B4,,TOP_MAIN,BEAM_TOP_BAR,MASS,LOWER_BOUND,SOURCE_BOUND,BM-GF_ROOF-B4-BL009-49B:b4>v:TOP_MAIN,,12,2,4.5,9.0,0.888889,8.0,,,SOURCE_VERIFIED,NOT_ESTABLISHED,,,,"[""development / anchorage into the supports: no beam-source rule (note 9 70Ø/40Ø is for starter bars only; the slab 0.25L / 0.30L rules are never borrowed)"", ""DEVELOPMENT / ANCHORAGE at the end supports (not source-established)"", ""BAR-END HOOK / BEND at the end supports (not detailed)""]",,,development / anchorage into the supports: no beam-source rule (note 9 70Ø/40Ø is for starter bars only; the slab 0.25L / 0.30L rules are never borrowed); DEVELOPMENT / ANCHORAGE at the end supports (not source-established); BAR-END HOOK / BEND at the end supports (not detailed)
BM-GF_ROOF-B4-BL009-49B:b4>v|BOTTOM_MAIN|BM-GF_ROOF-B4-BL009-49B:b4>v:BOTTOM_MAIN,BM-GF_ROOF-B4-BL009-49B:b4>v,SIMPLE_BEAM,B4,,BOTTOM_MAIN,BEAM_BOTTOM_BAR,MASS,LOWER_BOUND,SOURCE_BOUND,BM-GF_ROOF-B4-BL009-49B:b4>v:BOTTOM_MAIN,,16,4,4.5,18.0,1.580247,28.444444,,,SOURCE_VERIFIED,NOT_ESTABLISHED,,,,"[""development / anchorage into the supports: no beam-source rule (note 9 70Ø/40Ø is for starter bars only; the slab 0.25L / 0.30L rules are never borrowed)"", ""DEVELOPMENT / ANCHORAGE at the end supports (not source-established)"", ""BAR-END HOOK / BEND at the end supports (not detailed)""]",,,development / anchorage into the supports: no beam-source rule (note 9 70Ø/40Ø is for starter bars only; the slab 0.25L / 0.30L rules are never borrowed); DEVELOPMENT / ANCHORAGE at the end supports (not source-established); BAR-END HOOK / BEND at the end supports (not detailed)
BM-GF_ROOF-B4-BL009-49B:b4>v|TOP_SUPPORT,BM-GF_ROOF-B4-BL009-49B:b4>v,SIMPLE_BEAM,B4,,TOP_SUPPORT,BEAM_EXTRA_BAR,MASS,NOT_APPLICABLE,,,,,,,,,,,,,,,,,,,,not scheduled in the SBT (no support bar field in the SBT)
BM-GF_ROOF-B4-BL009-49B:b4>v|BOTTOM_SUPPORT,BM-GF_ROOF-B4-BL009-49B:b4>v,SIMPLE_BEAM,B4,,BOTTOM_SUPPORT,BEAM_EXTRA_BAR,MASS,NOT_APPLICABLE,,,,,,,,,,,,,,,,,,,,not scheduled in the SBT (no bottom extra field in the SBT)
BM-GF_ROOF-B4-BL009-49B:b4>v|MID_TOP,BM-GF_ROOF-B4-BL009-49B:b4>v,SIMPLE_BEAM,B4,,MID_TOP,BEAM_EXTRA_BAR,MASS,NOT_APPLICABLE,,,,,,,,,,,,,,,,,,,,a simple beam has one span and no interior support; the SBT has no MID field
BM-GF_ROOF-B4-BL009-49B:b4>v|MID_BOTTOM,BM-GF_ROOF-B4-BL009-49B:b4>v,SIMPLE_BEAM,B4,,MID_BOTTOM,BEAM_EXTRA_BAR,MASS,NOT_APPLICABLE,,,,,,,,,,,,,,,,,,,,a simple beam has one span and no interior support; the SBT has no MID field
BM-GF_ROOF-B4-BL009-49B:b4>v|HANGER,BM-GF_ROOF-B4-BL009-49B:b4>v,SIMPLE_BEAM,B4,,HANGER,BEAM_EXTRA_BAR,MASS,NOT_APPLICABLE,,,,,,,,,,,,,,,,,,,,ABSENT: no hanger field and no hanger detail (TOP BARS listed; no hanger role asserted)
BM-GF_ROOF-B4-BL009-49B:b4>v|SIDE_REBAR,BM-GF_ROOF-B4-BL009-49B:b4>v,SIMPLE_BEAM,B4,,SIDE_REBAR,BEAM_SIDE_BAR,MASS,NOT_APPLICABLE,,,,,,,,,,,,,,,,,,,,no side bars printed; depth 50.0 cm
BM-GF_ROOF-B4-BL009-49B:b4>v|STIRRUP_COUNT|SPAN1,BM-GF_ROOF-B4-BL009-49B:b4>v,SIMPLE_BEAM,B4,,STIRRUP_COUNT,BEAM_STIRRUP,COUNT,LOWER_BOUND,SOURCE_BOUND,,1,8,,,,,,27,28,,,,,,,,,first / last stirrup position not stated; no +1
BM-GF_ROOF-B4-BL009-49B:b4>v|STIRRUP_CORE_PATH|SPAN1,BM-GF_ROOF-B4-BL009-49B:b4>v,SIMPLE_BEAM,B4,,STIRRUP_CORE_PATH,BEAM_STIRRUP,MASS,BLOCKED_UNQUANTIFIED,,,1,8,,,,,,,,,,,,,,"[""LEGS / TOPOLOGY UNRESOLVED"", ""HOOKS BLOCKED_UNQUANTIFIED"", ""LEGS / LINK TOPOLOGY NOT_ESTABLISHED"", ""STIRRUP HOOKS NOT_ESTABLISHED""]",Q7,"stirrup mass needs legs, path, hooks and section; missing: LEGS / TOPOLOGY UNRESOLVED; HOOKS BLOCKED_UNQUANTIFIED; LEGS / LINK TOPOLOGY NOT_ESTABLISHED; STIRRUP HOOKS NOT_ESTABLISHED"
BM-GF_ROOF-B4-BL009-49B:b4>v|HOOK_1,BM-GF_ROOF-B4-BL009-49B:b4>v,SIMPLE_BEAM,B4,,HOOK_1,ANCHORAGE,MASS,BLOCKED_UNQUANTIFIED,,,,,,,,,,,,,,,,,,,Q1,"bar-end hook / bend: end legs drawn N.T.S. without a dimension; no project hook source; column hook rules are not imported - Q1 at end 1 ({'kind': 'BEAM_CARRIED_BY', 'refs': ['BL003']})"
BM-GF_ROOF-B4-BL009-49B:b4>v|DEVELOPMENT_1,BM-GF_ROOF-B4-BL009-49B:b4>v,SIMPLE_BEAM,B4,,DEVELOPMENT_1,ANCHORAGE,MASS,BLOCKED_UNQUANTIFIED,,,,,,,,,,,,,,,,,,,Q1,"development / anchorage: no beam-source development rule (note 9 70Ø / 40Ø is starter-bar context only; no 40D, 70D, code, Urban default or external value is used) - Q1 at end 1 ({'kind': 'BEAM_CARRIED_BY', 'refs': ['BL003']})"
BM-GF_ROOF-B4-BL009-49B:b4>v|HOOK_2,BM-GF_ROOF-B4-BL009-49B:b4>v,SIMPLE_BEAM,B4,,HOOK_2,ANCHORAGE,MASS,BLOCKED_UNQUANTIFIED,,,,,,,,,,,,,,,,,,,Q1,"bar-end hook / bend: end legs drawn N.T.S. without a dimension; no project hook source; column hook rules are not imported - Q1 at end 2 ({'kind': 'BEAM_CARRIED_BY', 'refs': ['BL004']})"
BM-GF_ROOF-B4-BL009-49B:b4>v|DEVELOPMENT_2,BM-GF_ROOF-B4-BL009-49B:b4>v,SIMPLE_BEAM,B4,,DEVELOPMENT_2,ANCHORAGE,MASS,BLOCKED_UNQUANTIFIED,,,,,,,,,,,,,,,,,,,Q1,"development / anchorage: no beam-source development rule (note 9 70Ø / 40Ø is starter-bar context only; no 40D, 70D, code, Urban default or external value is used) - Q1 at end 2 ({'kind': 'BEAM_CARRIED_BY', 'refs': ['BL004']})"
BM-GF_ROOF-B4-BL009-49B:b4>v|OPENING_EXTRA_TOP,BM-GF_ROOF-B4-BL009-49B:b4>v,SIMPLE_BEAM,B4,,OPENING_EXTRA_TOP,SPECIAL_DETAIL_BAR,MASS,NOT_APPLICABLE,,,,,,,,,,,,,,,,,,,,no source-identified physical opening in this beam (26 opening objects checked project-wide; the generic opening detail is not applied globally)
BM-GF_ROOF-B4-BL009-49B:b4>v|OPENING_EXTRA_BOTTOM,BM-GF_ROOF-B4-BL009-49B:b4>v,SIMPLE_BEAM,B4,,OPENING_EXTRA_BOTTOM,SPECIAL_DETAIL_BAR,MASS,NOT_APPLICABLE,,,,,,,,,,,,,,,,,,,,no source-identified physical opening in this beam (26 opening objects checked project-wide; the generic opening detail is not applied globally)
BM-GF_ROOF-B4-BL009-49B:b4>v|OPENING_EXTRA_SIDE,BM-GF_ROOF-B4-BL009-49B:b4>v,SIMPLE_BEAM,B4,,OPENING_EXTRA_SIDE,SPECIAL_DETAIL_BAR,MASS,NOT_APPLICABLE,,,,,,,,,,,,,,,,,,,,no source-identified physical opening in this beam (26 opening objects checked project-wide; the generic opening detail is not applied globally)
BM-GF_ROOF-B4-BL009-49B:b4>v|OPENING_EXTRA_STIRRUP,BM-GF_ROOF-B4-BL009-49B:b4>v,SIMPLE_BEAM,B4,,OPENING_EXTRA_STIRRUP,BEAM_STIRRUP,MASS,NOT_APPLICABLE,,,,,,,,,,,,,,,,,,,,no source-identified physical opening in this beam (26 opening objects checked project-wide; the generic opening detail is not applied globally)
BM-GF_ROOF-B4-BL009-49B:b4>v|OTHER_EXPLICIT_EXTRA,BM-GF_ROOF-B4-BL009-49B:b4>v,SIMPLE_BEAM,B4,,OTHER_EXPLICIT_EXTRA,SPECIAL_DETAIL_BAR,MASS,NOT_APPLICABLE,,,,,,,,,,,,,,,,,,,,no other explicit extra scheduled or detailed for this occurrence
BM-GF_ROOF-B4-BL010-508|TOP_MAIN|BM-GF_ROOF-B4-BL010-508:TOP_MAIN,BM-GF_ROOF-B4-BL010-508,SIMPLE_BEAM,B4,,TOP_MAIN,BEAM_TOP_BAR,MASS,LOWER_BOUND,SOURCE_BOUND,BM-GF_ROOF-B4-BL010-508:TOP_MAIN,,12,2,4.45,8.9,0.888889,7.911111,,,SOURCE_VERIFIED,NOT_ESTABLISHED,,,,"[""development / anchorage into the supports: no beam-source rule (note 9 70Ø/40Ø is for starter bars only; the slab 0.25L / 0.30L rules are never borrowed)"", ""DEVELOPMENT / ANCHORAGE at the end supports (not source-established)"", ""BAR-END HOOK / BEND at the end supports (not detailed)""]",,,development / anchorage into the supports: no beam-source rule (note 9 70Ø/40Ø is for starter bars only; the slab 0.25L / 0.30L rules are never borrowed); DEVELOPMENT / ANCHORAGE at the end supports (not source-established); BAR-END HOOK / BEND at the end supports (not detailed)
BM-GF_ROOF-B4-BL010-508|BOTTOM_MAIN|BM-GF_ROOF-B4-BL010-508:BOTTOM_MAIN,BM-GF_ROOF-B4-BL010-508,SIMPLE_BEAM,B4,,BOTTOM_MAIN,BEAM_BOTTOM_BAR,MASS,LOWER_BOUND,SOURCE_BOUND,BM-GF_ROOF-B4-BL010-508:BOTTOM_MAIN,,16,4,4.45,17.8,1.580247,28.128395,,,SOURCE_VERIFIED,NOT_ESTABLISHED,,,,"[""development / anchorage into the supports: no beam-source rule (note 9 70Ø/40Ø is for starter bars only; the slab 0.25L / 0.30L rules are never borrowed)"", ""DEVELOPMENT / ANCHORAGE at the end supports (not source-established)"", ""BAR-END HOOK / BEND at the end supports (not detailed)""]",,,development / anchorage into the supports: no beam-source rule (note 9 70Ø/40Ø is for starter bars only; the slab 0.25L / 0.30L rules are never borrowed); DEVELOPMENT / ANCHORAGE at the end supports (not source-established); BAR-END HOOK / BEND at the end supports (not detailed)
BM-GF_ROOF-B4-BL010-508|TOP_SUPPORT,BM-GF_ROOF-B4-BL010-508,SIMPLE_BEAM,B4,,TOP_SUPPORT,BEAM_EXTRA_BAR,MASS,NOT_APPLICABLE,,,,,,,,,,,,,,,,,,,,not scheduled in the SBT (no support bar field in the SBT)
BM-GF_ROOF-B4-BL010-508|BOTTOM_SUPPORT,BM-GF_ROOF-B4-BL010-508,SIMPLE_BEAM,B4,,BOTTOM_SUPPORT,BEAM_EXTRA_BAR,MASS,NOT_APPLICABLE,,,,,,,,,,,,,,,,,,,,not scheduled in the SBT (no bottom extra field in the SBT)
BM-GF_ROOF-B4-BL010-508|MID_TOP,BM-GF_ROOF-B4-BL010-508,SIMPLE_BEAM,B4,,MID_TOP,BEAM_EXTRA_BAR,MASS,NOT_APPLICABLE,,,,,,,,,,,,,,,,,,,,a simple beam has one span and no interior support; the SBT has no MID field
BM-GF_ROOF-B4-BL010-508|MID_BOTTOM,BM-GF_ROOF-B4-BL010-508,SIMPLE_BEAM,B4,,MID_BOTTOM,BEAM_EXTRA_BAR,MASS,NOT_APPLICABLE,,,,,,,,,,,,,,,,,,,,a simple beam has one span and no interior support; the SBT has no MID field
BM-GF_ROOF-B4-BL010-508|HANGER,BM-GF_ROOF-B4-BL010-508,SIMPLE_BEAM,B4,,HANGER,BEAM_EXTRA_BAR,MASS,NOT_APPLICABLE,,,,,,,,,,,,,,,,,,,,ABSENT: no hanger field and no hanger detail (TOP BARS listed; no hanger role asserted)
BM-GF_ROOF-B4-BL010-508|SIDE_REBAR,BM-GF_ROOF-B4-BL010-508,SIMPLE_BEAM,B4,,SIDE_REBAR,BEAM_SIDE_BAR,MASS,NOT_APPLICABLE,,,,,,,,,,,,,,,,,,,,no side bars printed; depth 50.0 cm
BM-GF_ROOF-B4-BL010-508|STIRRUP_COUNT|SPAN1,BM-GF_ROOF-B4-BL010-508,SIMPLE_BEAM,B4,,STIRRUP_COUNT,BEAM_STIRRUP,COUNT,LOWER_BOUND,SOURCE_BOUND,,1,8,,,,,,27,28,,,,,,,,,first / last stirrup position not stated; no +1
BM-GF_ROOF-B4-BL010-508|STIRRUP_CORE_PATH|SPAN1,BM-GF_ROOF-B4-BL010-508,SIMPLE_BEAM,B4,,STIRRUP_CORE_PATH,BEAM_STIRRUP,MASS,BLOCKED_UNQUANTIFIED,,,1,8,,,,,,,,,,,,,,"[""LEGS / TOPOLOGY UNRESOLVED"", ""HOOKS BLOCKED_UNQUANTIFIED"", ""LEGS / LINK TOPOLOGY NOT_ESTABLISHED"", ""STIRRUP HOOKS NOT_ESTABLISHED""]",Q7,"stirrup mass needs legs, path, hooks and section; missing: LEGS / TOPOLOGY UNRESOLVED; HOOKS BLOCKED_UNQUANTIFIED; LEGS / LINK TOPOLOGY NOT_ESTABLISHED; STIRRUP HOOKS NOT_ESTABLISHED"
BM-GF_ROOF-B4-BL010-508|HOOK_1,BM-GF_ROOF-B4-BL010-508,SIMPLE_BEAM,B4,,HOOK_1,ANCHORAGE,MASS,BLOCKED_UNQUANTIFIED,,,,,,,,,,,,,,,,,,,Q1,"bar-end hook / bend: end legs drawn N.T.S. without a dimension; no project hook source; column hook rules are not imported - Q1 at end 1 ({'kind': 'BEAM_CARRIED_BY', 'refs': ['BL003']})"
BM-GF_ROOF-B4-BL010-508|DEVELOPMENT_1,BM-GF_ROOF-B4-BL010-508,SIMPLE_BEAM,B4,,DEVELOPMENT_1,ANCHORAGE,MASS,BLOCKED_UNQUANTIFIED,,,,,,,,,,,,,,,,,,,Q1,"development / anchorage: no beam-source development rule (note 9 70Ø / 40Ø is starter-bar context only; no 40D, 70D, code, Urban default or external value is used) - Q1 at end 1 ({'kind': 'BEAM_CARRIED_BY', 'refs': ['BL003']})"
BM-GF_ROOF-B4-BL010-508|HOOK_2,BM-GF_ROOF-B4-BL010-508,SIMPLE_BEAM,B4,,HOOK_2,ANCHORAGE,MASS,BLOCKED_UNQUANTIFIED,,,,,,,,,,,,,,,,,,,Q1,"bar-end hook / bend: end legs drawn N.T.S. without a dimension; no project hook source; column hook rules are not imported - Q1 at end 2 ({'kind': 'COLUMN', 'refs': ['GFRS:353']})"
BM-GF_ROOF-B4-BL010-508|DEVELOPMENT_2,BM-GF_ROOF-B4-BL010-508,SIMPLE_BEAM,B4,,DEVELOPMENT_2,ANCHORAGE,MASS,BLOCKED_UNQUANTIFIED,,,,,,,,,,,,,,,,,,,Q1,"development / anchorage: no beam-source development rule (note 9 70Ø / 40Ø is starter-bar context only; no 40D, 70D, code, Urban default or external value is used) - Q1 at end 2 ({'kind': 'COLUMN', 'refs': ['GFRS:353']})"
BM-GF_ROOF-B4-BL010-508|OPENING_EXTRA_TOP,BM-GF_ROOF-B4-BL010-508,SIMPLE_BEAM,B4,,OPENING_EXTRA_TOP,SPECIAL_DETAIL_BAR,MASS,NOT_APPLICABLE,,,,,,,,,,,,,,,,,,,,no source-identified physical opening in this beam (26 opening objects checked project-wide; the generic opening detail is not applied globally)
BM-GF_ROOF-B4-BL010-508|OPENING_EXTRA_BOTTOM,BM-GF_ROOF-B4-BL010-508,SIMPLE_BEAM,B4,,OPENING_EXTRA_BOTTOM,SPECIAL_DETAIL_BAR,MASS,NOT_APPLICABLE,,,,,,,,,,,,,,,,,,,,no source-identified physical opening in this beam (26 opening objects checked project-wide; the generic opening detail is not applied globally)
BM-GF_ROOF-B4-BL010-508|OPENING_EXTRA_SIDE,BM-GF_ROOF-B4-BL010-508,SIMPLE_BEAM,B4,,OPENING_EXTRA_SIDE,SPECIAL_DETAIL_BAR,MASS,NOT_APPLICABLE,,,,,,,,,,,,,,,,,,,,no source-identified physical opening in this beam (26 opening objects checked project-wide; the generic opening detail is not applied globally)
BM-GF_ROOF-B4-BL010-508|OPENING_EXTRA_STIRRUP,BM-GF_ROOF-B4-BL010-508,SIMPLE_BEAM,B4,,OPENING_EXTRA_STIRRUP,BEAM_STIRRUP,MASS,NOT_APPLICABLE,,,,,,,,,,,,,,,,,,,,no source-identified physical opening in this beam (26 opening objects checked project-wide; the generic opening detail is not applied globally)
BM-GF_ROOF-B4-BL010-508|OTHER_EXPLICIT_EXTRA,BM-GF_ROOF-B4-BL010-508,SIMPLE_BEAM,B4,,OTHER_EXPLICIT_EXTRA,SPECIAL_DETAIL_BAR,MASS,NOT_APPLICABLE,,,,,,,,,,,,,,,,,,,,no other explicit extra scheduled or detailed for this occurrence
BM-GF_ROOF-B4-BL022-497|TOP_MAIN|BM-GF_ROOF-B4-BL022-497:TOP_MAIN,BM-GF_ROOF-B4-BL022-497,SIMPLE_BEAM,B4,,TOP_MAIN,BEAM_TOP_BAR,MASS,LOWER_BOUND,SOURCE_BOUND,BM-GF_ROOF-B4-BL022-497:TOP_MAIN,,12,2,2.965,5.93,0.888889,5.271111,,,SOURCE_VERIFIED,NOT_ESTABLISHED,,,,"[""development / anchorage into the supports: no beam-source rule (note 9 70Ø/40Ø is for starter bars only; the slab 0.25L / 0.30L rules are never borrowed)"", ""DEVELOPMENT / ANCHORAGE at the end supports (not source-established)"", ""BAR-END HOOK / BEND at the end supports (not detailed)""]",,,development / anchorage into the supports: no beam-source rule (note 9 70Ø/40Ø is for starter bars only; the slab 0.25L / 0.30L rules are never borrowed); DEVELOPMENT / ANCHORAGE at the end supports (not source-established); BAR-END HOOK / BEND at the end supports (not detailed)
BM-GF_ROOF-B4-BL022-497|BOTTOM_MAIN|BM-GF_ROOF-B4-BL022-497:BOTTOM_MAIN,BM-GF_ROOF-B4-BL022-497,SIMPLE_BEAM,B4,,BOTTOM_MAIN,BEAM_BOTTOM_BAR,MASS,LOWER_BOUND,SOURCE_BOUND,BM-GF_ROOF-B4-BL022-497:BOTTOM_MAIN,,16,4,2.965,11.86,1.580247,18.741728,,,SOURCE_VERIFIED,NOT_ESTABLISHED,,,,"[""development / anchorage into the supports: no beam-source rule (note 9 70Ø/40Ø is for starter bars only; the slab 0.25L / 0.30L rules are never borrowed)"", ""DEVELOPMENT / ANCHORAGE at the end supports (not source-established)"", ""BAR-END HOOK / BEND at the end supports (not detailed)""]",,,development / anchorage into the supports: no beam-source rule (note 9 70Ø/40Ø is for starter bars only; the slab 0.25L / 0.30L rules are never borrowed); DEVELOPMENT / ANCHORAGE at the end supports (not source-established); BAR-END HOOK / BEND at the end supports (not detailed)
BM-GF_ROOF-B4-BL022-497|TOP_SUPPORT,BM-GF_ROOF-B4-BL022-497,SIMPLE_BEAM,B4,,TOP_SUPPORT,BEAM_EXTRA_BAR,MASS,NOT_APPLICABLE,,,,,,,,,,,,,,,,,,,,not scheduled in the SBT (no support bar field in the SBT)
BM-GF_ROOF-B4-BL022-497|BOTTOM_SUPPORT,BM-GF_ROOF-B4-BL022-497,SIMPLE_BEAM,B4,,BOTTOM_SUPPORT,BEAM_EXTRA_BAR,MASS,NOT_APPLICABLE,,,,,,,,,,,,,,,,,,,,not scheduled in the SBT (no bottom extra field in the SBT)
BM-GF_ROOF-B4-BL022-497|MID_TOP,BM-GF_ROOF-B4-BL022-497,SIMPLE_BEAM,B4,,MID_TOP,BEAM_EXTRA_BAR,MASS,NOT_APPLICABLE,,,,,,,,,,,,,,,,,,,,a simple beam has one span and no interior support; the SBT has no MID field
BM-GF_ROOF-B4-BL022-497|MID_BOTTOM,BM-GF_ROOF-B4-BL022-497,SIMPLE_BEAM,B4,,MID_BOTTOM,BEAM_EXTRA_BAR,MASS,NOT_APPLICABLE,,,,,,,,,,,,,,,,,,,,a simple beam has one span and no interior support; the SBT has no MID field
BM-GF_ROOF-B4-BL022-497|HANGER,BM-GF_ROOF-B4-BL022-497,SIMPLE_BEAM,B4,,HANGER,BEAM_EXTRA_BAR,MASS,NOT_APPLICABLE,,,,,,,,,,,,,,,,,,,,ABSENT: no hanger field and no hanger detail (TOP BARS listed; no hanger role asserted)
BM-GF_ROOF-B4-BL022-497|SIDE_REBAR,BM-GF_ROOF-B4-BL022-497,SIMPLE_BEAM,B4,,SIDE_REBAR,BEAM_SIDE_BAR,MASS,NOT_APPLICABLE,,,,,,,,,,,,,,,,,,,,no side bars printed; depth 50.0 cm
BM-GF_ROOF-B4-BL022-497|STIRRUP_COUNT|SPAN1,BM-GF_ROOF-B4-BL022-497,SIMPLE_BEAM,B4,,STIRRUP_COUNT,BEAM_STIRRUP,COUNT,LOWER_BOUND,SOURCE_BOUND,,1,8,,,,,,18,19,,,,,,,,,first / last stirrup position not stated; no +1
BM-GF_ROOF-B4-BL022-497|STIRRUP_CORE_PATH|SPAN1,BM-GF_ROOF-B4-BL022-497,SIMPLE_BEAM,B4,,STIRRUP_CORE_PATH,BEAM_STIRRUP,MASS,BLOCKED_UNQUANTIFIED,,,1,8,,,,,,,,,,,,,,"[""LEGS / TOPOLOGY UNRESOLVED"", ""HOOKS BLOCKED_UNQUANTIFIED"", ""LEGS / LINK TOPOLOGY NOT_ESTABLISHED"", ""STIRRUP HOOKS NOT_ESTABLISHED""]",Q7,"stirrup mass needs legs, path, hooks and section; missing: LEGS / TOPOLOGY UNRESOLVED; HOOKS BLOCKED_UNQUANTIFIED; LEGS / LINK TOPOLOGY NOT_ESTABLISHED; STIRRUP HOOKS NOT_ESTABLISHED"
BM-GF_ROOF-B4-BL022-497|HOOK_1,BM-GF_ROOF-B4-BL022-497,SIMPLE_BEAM,B4,,HOOK_1,ANCHORAGE,MASS,BLOCKED_UNQUANTIFIED,,,,,,,,,,,,,,,,,,,Q1,"bar-end hook / bend: end legs drawn N.T.S. without a dimension; no project hook source; column hook rules are not imported - Q1 at end 1 ({'kind': 'BEAM_CROSSING', 'refs': ['BL002']})"
BM-GF_ROOF-B4-BL022-497|DEVELOPMENT_1,BM-GF_ROOF-B4-BL022-497,SIMPLE_BEAM,B4,,DEVELOPMENT_1,ANCHORAGE,MASS,BLOCKED_UNQUANTIFIED,,,,,,,,,,,,,,,,,,,Q1,"development / anchorage: no beam-source development rule (note 9 70Ø / 40Ø is starter-bar context only; no 40D, 70D, code, Urban default or external value is used) - Q1 at end 1 ({'kind': 'BEAM_CROSSING', 'refs': ['BL002']})"
BM-GF_ROOF-B4-BL022-497|HOOK_2,BM-GF_ROOF-B4-BL022-497,SIMPLE_BEAM,B4,,HOOK_2,ANCHORAGE,MASS,BLOCKED_UNQUANTIFIED,,,,,,,,,,,,,,,,,,,Q1,"bar-end hook / bend: end legs drawn N.T.S. without a dimension; no project hook source; column hook rules are not imported - Q1 at end 2 ({'kind': 'BEAM_CROSSING', 'refs': ['BL013']})"
BM-GF_ROOF-B4-BL022-497|DEVELOPMENT_2,BM-GF_ROOF-B4-BL022-497,SIMPLE_BEAM,B4,,DEVELOPMENT_2,ANCHORAGE,MASS,BLOCKED_UNQUANTIFIED,,,,,,,,,,,,,,,,,,,Q1,"development / anchorage: no beam-source development rule (note 9 70Ø / 40Ø is starter-bar context only; no 40D, 70D, code, Urban default or external value is used) - Q1 at end 2 ({'kind': 'BEAM_CROSSING', 'refs': ['BL013']})"
BM-GF_ROOF-B4-BL022-497|OPENING_EXTRA_TOP,BM-GF_ROOF-B4-BL022-497,SIMPLE_BEAM,B4,,OPENING_EXTRA_TOP,SPECIAL_DETAIL_BAR,MASS,NOT_APPLICABLE,,,,,,,,,,,,,,,,,,,,no source-identified physical opening in this beam (26 opening objects checked project-wide; the generic opening detail is not applied globally)
BM-GF_ROOF-B4-BL022-497|OPENING_EXTRA_BOTTOM,BM-GF_ROOF-B4-BL022-497,SIMPLE_BEAM,B4,,OPENING_EXTRA_BOTTOM,SPECIAL_DETAIL_BAR,MASS,NOT_APPLICABLE,,,,,,,,,,,,,,,,,,,,no source-identified physical opening in this beam (26 opening objects checked project-wide; the generic opening detail is not applied globally)
BM-GF_ROOF-B4-BL022-497|OPENING_EXTRA_SIDE,BM-GF_ROOF-B4-BL022-497,SIMPLE_BEAM,B4,,OPENING_EXTRA_SIDE,SPECIAL_DETAIL_BAR,MASS,NOT_APPLICABLE,,,,,,,,,,,,,,,,,,,,no source-identified physical opening in this beam (26 opening objects checked project-wide; the generic opening detail is not applied globally)
BM-GF_ROOF-B4-BL022-497|OPENING_EXTRA_STIRRUP,BM-GF_ROOF-B4-BL022-497,SIMPLE_BEAM,B4,,OPENING_EXTRA_STIRRUP,BEAM_STIRRUP,MASS,NOT_APPLICABLE,,,,,,,,,,,,,,,,,,,,no source-identified physical opening in this beam (26 opening objects checked project-wide; the generic opening detail is not applied globally)
BM-GF_ROOF-B4-BL022-497|OTHER_EXPLICIT_EXTRA,BM-GF_ROOF-B4-BL022-497,SIMPLE_BEAM,B4,,OTHER_EXPLICIT_EXTRA,SPECIAL_DETAIL_BAR,MASS,NOT_APPLICABLE,,,,,,,,,,,,,,,,,,,,no other explicit extra scheduled or detailed for this occurrence
BM-GF_ROOF-B4-BL025-46B|TOP_MAIN|BM-GF_ROOF-B4-BL025-46B:TOP_MAIN,BM-GF_ROOF-B4-BL025-46B,SIMPLE_BEAM,B4,,TOP_MAIN,BEAM_TOP_BAR,MASS,LOWER_BOUND,SOURCE_BOUND,BM-GF_ROOF-B4-BL025-46B:TOP_MAIN,,12,2,1.98,3.96,0.888889,3.52,,,SOURCE_VERIFIED,NOT_ESTABLISHED,,,,"[""development / anchorage into the supports: no beam-source rule (note 9 70Ø/40Ø is for starter bars only; the slab 0.25L / 0.30L rules are never borrowed)"", ""DEVELOPMENT / ANCHORAGE at the end supports (not source-established)"", ""BAR-END HOOK / BEND at the end supports (not detailed)""]",,,development / anchorage into the supports: no beam-source rule (note 9 70Ø/40Ø is for starter bars only; the slab 0.25L / 0.30L rules are never borrowed); DEVELOPMENT / ANCHORAGE at the end supports (not source-established); BAR-END HOOK / BEND at the end supports (not detailed)
BM-GF_ROOF-B4-BL025-46B|BOTTOM_MAIN|BM-GF_ROOF-B4-BL025-46B:BOTTOM_MAIN,BM-GF_ROOF-B4-BL025-46B,SIMPLE_BEAM,B4,,BOTTOM_MAIN,BEAM_BOTTOM_BAR,MASS,LOWER_BOUND,SOURCE_BOUND,BM-GF_ROOF-B4-BL025-46B:BOTTOM_MAIN,,16,4,1.98,7.92,1.580247,12.515556,,,SOURCE_VERIFIED,NOT_ESTABLISHED,,,,"[""development / anchorage into the supports: no beam-source rule (note 9 70Ø/40Ø is for starter bars only; the slab 0.25L / 0.30L rules are never borrowed)"", ""DEVELOPMENT / ANCHORAGE at the end supports (not source-established)"", ""BAR-END HOOK / BEND at the end supports (not detailed)""]",,,development / anchorage into the supports: no beam-source rule (note 9 70Ø/40Ø is for starter bars only; the slab 0.25L / 0.30L rules are never borrowed); DEVELOPMENT / ANCHORAGE at the end supports (not source-established); BAR-END HOOK / BEND at the end supports (not detailed)
BM-GF_ROOF-B4-BL025-46B|TOP_SUPPORT,BM-GF_ROOF-B4-BL025-46B,SIMPLE_BEAM,B4,,TOP_SUPPORT,BEAM_EXTRA_BAR,MASS,NOT_APPLICABLE,,,,,,,,,,,,,,,,,,,,not scheduled in the SBT (no support bar field in the SBT)
BM-GF_ROOF-B4-BL025-46B|BOTTOM_SUPPORT,BM-GF_ROOF-B4-BL025-46B,SIMPLE_BEAM,B4,,BOTTOM_SUPPORT,BEAM_EXTRA_BAR,MASS,NOT_APPLICABLE,,,,,,,,,,,,,,,,,,,,not scheduled in the SBT (no bottom extra field in the SBT)
BM-GF_ROOF-B4-BL025-46B|MID_TOP,BM-GF_ROOF-B4-BL025-46B,SIMPLE_BEAM,B4,,MID_TOP,BEAM_EXTRA_BAR,MASS,NOT_APPLICABLE,,,,,,,,,,,,,,,,,,,,a simple beam has one span and no interior support; the SBT has no MID field
BM-GF_ROOF-B4-BL025-46B|MID_BOTTOM,BM-GF_ROOF-B4-BL025-46B,SIMPLE_BEAM,B4,,MID_BOTTOM,BEAM_EXTRA_BAR,MASS,NOT_APPLICABLE,,,,,,,,,,,,,,,,,,,,a simple beam has one span and no interior support; the SBT has no MID field
BM-GF_ROOF-B4-BL025-46B|HANGER,BM-GF_ROOF-B4-BL025-46B,SIMPLE_BEAM,B4,,HANGER,BEAM_EXTRA_BAR,MASS,NOT_APPLICABLE,,,,,,,,,,,,,,,,,,,,ABSENT: no hanger field and no hanger detail (TOP BARS listed; no hanger role asserted)
BM-GF_ROOF-B4-BL025-46B|SIDE_REBAR,BM-GF_ROOF-B4-BL025-46B,SIMPLE_BEAM,B4,,SIDE_REBAR,BEAM_SIDE_BAR,MASS,NOT_APPLICABLE,,,,,,,,,,,,,,,,,,,,no side bars printed; depth 50.0 cm
BM-GF_ROOF-B4-BL025-46B|STIRRUP_COUNT|SPAN1,BM-GF_ROOF-B4-BL025-46B,SIMPLE_BEAM,B4,,STIRRUP_COUNT,BEAM_STIRRUP,COUNT,LOWER_BOUND,SOURCE_BOUND,,1,8,,,,,,12,13,,,,,,,,,first / last stirrup position not stated; no +1
BM-GF_ROOF-B4-BL025-46B|STIRRUP_CORE_PATH|SPAN1,BM-GF_ROOF-B4-BL025-46B,SIMPLE_BEAM,B4,,STIRRUP_CORE_PATH,BEAM_STIRRUP,MASS,BLOCKED_UNQUANTIFIED,,,1,8,,,,,,,,,,,,,,"[""LEGS / TOPOLOGY UNRESOLVED"", ""HOOKS BLOCKED_UNQUANTIFIED"", ""LEGS / LINK TOPOLOGY NOT_ESTABLISHED"", ""STIRRUP HOOKS NOT_ESTABLISHED""]",Q7,"stirrup mass needs legs, path, hooks and section; missing: LEGS / TOPOLOGY UNRESOLVED; HOOKS BLOCKED_UNQUANTIFIED; LEGS / LINK TOPOLOGY NOT_ESTABLISHED; STIRRUP HOOKS NOT_ESTABLISHED"
BM-GF_ROOF-B4-BL025-46B|HOOK_1,BM-GF_ROOF-B4-BL025-46B,SIMPLE_BEAM,B4,,HOOK_1,ANCHORAGE,MASS,BLOCKED_UNQUANTIFIED,,,,,,,,,,,,,,,,,,,Q1,"bar-end hook / bend: end legs drawn N.T.S. without a dimension; no project hook source; column hook rules are not imported - Q1 at end 1 ({'kind': 'BEAM_CARRIED_BY', 'refs': ['BL045']})"
BM-GF_ROOF-B4-BL025-46B|DEVELOPMENT_1,BM-GF_ROOF-B4-BL025-46B,SIMPLE_BEAM,B4,,DEVELOPMENT_1,ANCHORAGE,MASS,BLOCKED_UNQUANTIFIED,,,,,,,,,,,,,,,,,,,Q1,"development / anchorage: no beam-source development rule (note 9 70Ø / 40Ø is starter-bar context only; no 40D, 70D, code, Urban default or external value is used) - Q1 at end 1 ({'kind': 'BEAM_CARRIED_BY', 'refs': ['BL045']})"
BM-GF_ROOF-B4-BL025-46B|HOOK_2,BM-GF_ROOF-B4-BL025-46B,SIMPLE_BEAM,B4,,HOOK_2,ANCHORAGE,MASS,BLOCKED_UNQUANTIFIED,,,,,,,,,,,,,,,,,,,Q1,"bar-end hook / bend: end legs drawn N.T.S. without a dimension; no project hook source; column hook rules are not imported - Q1 at end 2 ({'kind': 'BEAM_CARRIED_BY', 'refs': ['BL044']})"
BM-GF_ROOF-B4-BL025-46B|DEVELOPMENT_2,BM-GF_ROOF-B4-BL025-46B,SIMPLE_BEAM,B4,,DEVELOPMENT_2,ANCHORAGE,MASS,BLOCKED_UNQUANTIFIED,,,,,,,,,,,,,,,,,,,Q1,"development / anchorage: no beam-source development rule (note 9 70Ø / 40Ø is starter-bar context only; no 40D, 70D, code, Urban default or external value is used) - Q1 at end 2 ({'kind': 'BEAM_CARRIED_BY', 'refs': ['BL044']})"
BM-GF_ROOF-B4-BL025-46B|OPENING_EXTRA_TOP,BM-GF_ROOF-B4-BL025-46B,SIMPLE_BEAM,B4,,OPENING_EXTRA_TOP,SPECIAL_DETAIL_BAR,MASS,NOT_APPLICABLE,,,,,,,,,,,,,,,,,,,,no source-identified physical opening in this beam (26 opening objects checked project-wide; the generic opening detail is not applied globally)
BM-GF_ROOF-B4-BL025-46B|OPENING_EXTRA_BOTTOM,BM-GF_ROOF-B4-BL025-46B,SIMPLE_BEAM,B4,,OPENING_EXTRA_BOTTOM,SPECIAL_DETAIL_BAR,MASS,NOT_APPLICABLE,,,,,,,,,,,,,,,,,,,,no source-identified physical opening in this beam (26 opening objects checked project-wide; the generic opening detail is not applied globally)
BM-GF_ROOF-B4-BL025-46B|OPENING_EXTRA_SIDE,BM-GF_ROOF-B4-BL025-46B,SIMPLE_BEAM,B4,,OPENING_EXTRA_SIDE,SPECIAL_DETAIL_BAR,MASS,NOT_APPLICABLE,,,,,,,,,,,,,,,,,,,,no source-identified physical opening in this beam (26 opening objects checked project-wide; the generic opening detail is not applied globally)
BM-GF_ROOF-B4-BL025-46B|OPENING_EXTRA_STIRRUP,BM-GF_ROOF-B4-BL025-46B,SIMPLE_BEAM,B4,,OPENING_EXTRA_STIRRUP,BEAM_STIRRUP,MASS,NOT_APPLICABLE,,,,,,,,,,,,,,,,,,,,no source-identified physical opening in this beam (26 opening objects checked project-wide; the generic opening detail is not applied globally)
BM-GF_ROOF-B4-BL025-46B|OTHER_EXPLICIT_EXTRA,BM-GF_ROOF-B4-BL025-46B,SIMPLE_BEAM,B4,,OTHER_EXPLICIT_EXTRA,SPECIAL_DETAIL_BAR,MASS,NOT_APPLICABLE,,,,,,,,,,,,,,,,,,,,no other explicit extra scheduled or detailed for this occurrence
BM-GF_ROOF-B4-BL040-446|TOP_MAIN|BM-GF_ROOF-B4-BL040-446:TOP_MAIN,BM-GF_ROOF-B4-BL040-446,SIMPLE_BEAM,B4,,TOP_MAIN,BEAM_TOP_BAR,MASS,LOWER_BOUND,SOURCE_BOUND,BM-GF_ROOF-B4-BL040-446:TOP_MAIN,,12,2,3.75,7.5,0.888889,6.666667,,,SOURCE_VERIFIED,NOT_ESTABLISHED,,,,"[""development / anchorage into the supports: no beam-source rule (note 9 70Ø/40Ø is for starter bars only; the slab 0.25L / 0.30L rules are never borrowed)"", ""DEVELOPMENT / ANCHORAGE at the end supports (not source-established)"", ""BAR-END HOOK / BEND at the end supports (not detailed)""]",,,development / anchorage into the supports: no beam-source rule (note 9 70Ø/40Ø is for starter bars only; the slab 0.25L / 0.30L rules are never borrowed); DEVELOPMENT / ANCHORAGE at the end supports (not source-established); BAR-END HOOK / BEND at the end supports (not detailed)
BM-GF_ROOF-B4-BL040-446|BOTTOM_MAIN|BM-GF_ROOF-B4-BL040-446:BOTTOM_MAIN,BM-GF_ROOF-B4-BL040-446,SIMPLE_BEAM,B4,,BOTTOM_MAIN,BEAM_BOTTOM_BAR,MASS,LOWER_BOUND,SOURCE_BOUND,BM-GF_ROOF-B4-BL040-446:BOTTOM_MAIN,,16,4,3.75,15.0,1.580247,23.703704,,,SOURCE_VERIFIED,NOT_ESTABLISHED,,,,"[""development / anchorage into the supports: no beam-source rule (note 9 70Ø/40Ø is for starter bars only; the slab 0.25L / 0.30L rules are never borrowed)"", ""DEVELOPMENT / ANCHORAGE at the end supports (not source-established)"", ""BAR-END HOOK / BEND at the end supports (not detailed)""]",,,development / anchorage into the supports: no beam-source rule (note 9 70Ø/40Ø is for starter bars only; the slab 0.25L / 0.30L rules are never borrowed); DEVELOPMENT / ANCHORAGE at the end supports (not source-established); BAR-END HOOK / BEND at the end supports (not detailed)
BM-GF_ROOF-B4-BL040-446|TOP_SUPPORT,BM-GF_ROOF-B4-BL040-446,SIMPLE_BEAM,B4,,TOP_SUPPORT,BEAM_EXTRA_BAR,MASS,NOT_APPLICABLE,,,,,,,,,,,,,,,,,,,,not scheduled in the SBT (no support bar field in the SBT)
BM-GF_ROOF-B4-BL040-446|BOTTOM_SUPPORT,BM-GF_ROOF-B4-BL040-446,SIMPLE_BEAM,B4,,BOTTOM_SUPPORT,BEAM_EXTRA_BAR,MASS,NOT_APPLICABLE,,,,,,,,,,,,,,,,,,,,not scheduled in the SBT (no bottom extra field in the SBT)
BM-GF_ROOF-B4-BL040-446|MID_TOP,BM-GF_ROOF-B4-BL040-446,SIMPLE_BEAM,B4,,MID_TOP,BEAM_EXTRA_BAR,MASS,NOT_APPLICABLE,,,,,,,,,,,,,,,,,,,,a simple beam has one span and no interior support; the SBT has no MID field
BM-GF_ROOF-B4-BL040-446|MID_BOTTOM,BM-GF_ROOF-B4-BL040-446,SIMPLE_BEAM,B4,,MID_BOTTOM,BEAM_EXTRA_BAR,MASS,NOT_APPLICABLE,,,,,,,,,,,,,,,,,,,,a simple beam has one span and no interior support; the SBT has no MID field
BM-GF_ROOF-B4-BL040-446|HANGER,BM-GF_ROOF-B4-BL040-446,SIMPLE_BEAM,B4,,HANGER,BEAM_EXTRA_BAR,MASS,NOT_APPLICABLE,,,,,,,,,,,,,,,,,,,,ABSENT: no hanger field and no hanger detail (TOP BARS listed; no hanger role asserted)
BM-GF_ROOF-B4-BL040-446|SIDE_REBAR,BM-GF_ROOF-B4-BL040-446,SIMPLE_BEAM,B4,,SIDE_REBAR,BEAM_SIDE_BAR,MASS,NOT_APPLICABLE,,,,,,,,,,,,,,,,,,,,no side bars printed; depth 50.0 cm
BM-GF_ROOF-B4-BL040-446|STIRRUP_COUNT|SPAN1,BM-GF_ROOF-B4-BL040-446,SIMPLE_BEAM,B4,,STIRRUP_COUNT,BEAM_STIRRUP,COUNT,LOWER_BOUND,SOURCE_BOUND,,1,8,,,,,,23,24,,,,,,,,,first / last stirrup position not stated; no +1
BM-GF_ROOF-B4-BL040-446|STIRRUP_CORE_PATH|SPAN1,BM-GF_ROOF-B4-BL040-446,SIMPLE_BEAM,B4,,STIRRUP_CORE_PATH,BEAM_STIRRUP,MASS,BLOCKED_UNQUANTIFIED,,,1,8,,,,,,,,,,,,,,"[""LEGS / TOPOLOGY UNRESOLVED"", ""HOOKS BLOCKED_UNQUANTIFIED"", ""LEGS / LINK TOPOLOGY NOT_ESTABLISHED"", ""STIRRUP HOOKS NOT_ESTABLISHED""]",Q7,"stirrup mass needs legs, path, hooks and section; missing: LEGS / TOPOLOGY UNRESOLVED; HOOKS BLOCKED_UNQUANTIFIED; LEGS / LINK TOPOLOGY NOT_ESTABLISHED; STIRRUP HOOKS NOT_ESTABLISHED"
BM-GF_ROOF-B4-BL040-446|HOOK_1,BM-GF_ROOF-B4-BL040-446,SIMPLE_BEAM,B4,,HOOK_1,ANCHORAGE,MASS,BLOCKED_UNQUANTIFIED,,,,,,,,,,,,,,,,,,,Q1,"bar-end hook / bend: end legs drawn N.T.S. without a dimension; no project hook source; column hook rules are not imported - Q1 at end 1 ({'kind': 'BEAM_CROSSING', 'refs': ['BL023']})"
BM-GF_ROOF-B4-BL040-446|DEVELOPMENT_1,BM-GF_ROOF-B4-BL040-446,SIMPLE_BEAM,B4,,DEVELOPMENT_1,ANCHORAGE,MASS,BLOCKED_UNQUANTIFIED,,,,,,,,,,,,,,,,,,,Q1,"development / anchorage: no beam-source development rule (note 9 70Ø / 40Ø is starter-bar context only; no 40D, 70D, code, Urban default or external value is used) - Q1 at end 1 ({'kind': 'BEAM_CROSSING', 'refs': ['BL023']})"
BM-GF_ROOF-B4-BL040-446|HOOK_2,BM-GF_ROOF-B4-BL040-446,SIMPLE_BEAM,B4,,HOOK_2,ANCHORAGE,MASS,BLOCKED_UNQUANTIFIED,,,,,,,,,,,,,,,,,,,Q1,"bar-end hook / bend: end legs drawn N.T.S. without a dimension; no project hook source; column hook rules are not imported - Q1 at end 2 ({'kind': 'BEAM_CARRIED_BY', 'refs': ['BL030']})"
BM-GF_ROOF-B4-BL040-446|DEVELOPMENT_2,BM-GF_ROOF-B4-BL040-446,SIMPLE_BEAM,B4,,DEVELOPMENT_2,ANCHORAGE,MASS,BLOCKED_UNQUANTIFIED,,,,,,,,,,,,,,,,,,,Q1,"development / anchorage: no beam-source development rule (note 9 70Ø / 40Ø is starter-bar context only; no 40D, 70D, code, Urban default or external value is used) - Q1 at end 2 ({'kind': 'BEAM_CARRIED_BY', 'refs': ['BL030']})"
BM-GF_ROOF-B4-BL040-446|OPENING_EXTRA_TOP,BM-GF_ROOF-B4-BL040-446,SIMPLE_BEAM,B4,,OPENING_EXTRA_TOP,SPECIAL_DETAIL_BAR,MASS,NOT_APPLICABLE,,,,,,,,,,,,,,,,,,,,no source-identified physical opening in this beam (26 opening objects checked project-wide; the generic opening detail is not applied globally)
BM-GF_ROOF-B4-BL040-446|OPENING_EXTRA_BOTTOM,BM-GF_ROOF-B4-BL040-446,SIMPLE_BEAM,B4,,OPENING_EXTRA_BOTTOM,SPECIAL_DETAIL_BAR,MASS,NOT_APPLICABLE,,,,,,,,,,,,,,,,,,,,no source-identified physical opening in this beam (26 opening objects checked project-wide; the generic opening detail is not applied globally)
BM-GF_ROOF-B4-BL040-446|OPENING_EXTRA_SIDE,BM-GF_ROOF-B4-BL040-446,SIMPLE_BEAM,B4,,OPENING_EXTRA_SIDE,SPECIAL_DETAIL_BAR,MASS,NOT_APPLICABLE,,,,,,,,,,,,,,,,,,,,no source-identified physical opening in this beam (26 opening objects checked project-wide; the generic opening detail is not applied globally)
BM-GF_ROOF-B4-BL040-446|OPENING_EXTRA_STIRRUP,BM-GF_ROOF-B4-BL040-446,SIMPLE_BEAM,B4,,OPENING_EXTRA_STIRRUP,BEAM_STIRRUP,MASS,NOT_APPLICABLE,,,,,,,,,,,,,,,,,,,,no source-identified physical opening in this beam (26 opening objects checked project-wide; the generic opening detail is not applied globally)
BM-GF_ROOF-B4-BL040-446|OTHER_EXPLICIT_EXTRA,BM-GF_ROOF-B4-BL040-446,SIMPLE_BEAM,B4,,OTHER_EXPLICIT_EXTRA,SPECIAL_DETAIL_BAR,MASS,NOT_APPLICABLE,,,,,,,,,,,,,,,,,,,,no other explicit extra scheduled or detailed for this occurrence
BM-GF_ROOF-B4-BL045-4DB|TOP_MAIN|BM-GF_ROOF-B4-BL045-4DB:TOP_MAIN,BM-GF_ROOF-B4-BL045-4DB,SIMPLE_BEAM,B4,,TOP_MAIN,BEAM_TOP_BAR,MASS,LOWER_BOUND,SOURCE_BOUND,BM-GF_ROOF-B4-BL045-4DB:TOP_MAIN,,12,2,3.429,6.858,0.888889,6.096,,,SOURCE_VERIFIED,NOT_ESTABLISHED,,,,"[""development / anchorage into the supports: no beam-source rule (note 9 70Ø/40Ø is for starter bars only; the slab 0.25L / 0.30L rules are never borrowed)"", ""DEVELOPMENT / ANCHORAGE at the end supports (not source-established)"", ""BAR-END HOOK / BEND at the end supports (not detailed)""]",,,development / anchorage into the supports: no beam-source rule (note 9 70Ø/40Ø is for starter bars only; the slab 0.25L / 0.30L rules are never borrowed); DEVELOPMENT / ANCHORAGE at the end supports (not source-established); BAR-END HOOK / BEND at the end supports (not detailed)
BM-GF_ROOF-B4-BL045-4DB|BOTTOM_MAIN|BM-GF_ROOF-B4-BL045-4DB:BOTTOM_MAIN,BM-GF_ROOF-B4-BL045-4DB,SIMPLE_BEAM,B4,,BOTTOM_MAIN,BEAM_BOTTOM_BAR,MASS,LOWER_BOUND,SOURCE_BOUND,BM-GF_ROOF-B4-BL045-4DB:BOTTOM_MAIN,,16,4,3.429,13.716,1.580247,21.674667,,,SOURCE_VERIFIED,NOT_ESTABLISHED,,,,"[""development / anchorage into the supports: no beam-source rule (note 9 70Ø/40Ø is for starter bars only; the slab 0.25L / 0.30L rules are never borrowed)"", ""DEVELOPMENT / ANCHORAGE at the end supports (not source-established)"", ""BAR-END HOOK / BEND at the end supports (not detailed)""]",,,development / anchorage into the supports: no beam-source rule (note 9 70Ø/40Ø is for starter bars only; the slab 0.25L / 0.30L rules are never borrowed); DEVELOPMENT / ANCHORAGE at the end supports (not source-established); BAR-END HOOK / BEND at the end supports (not detailed)
BM-GF_ROOF-B4-BL045-4DB|TOP_SUPPORT,BM-GF_ROOF-B4-BL045-4DB,SIMPLE_BEAM,B4,,TOP_SUPPORT,BEAM_EXTRA_BAR,MASS,NOT_APPLICABLE,,,,,,,,,,,,,,,,,,,,not scheduled in the SBT (no support bar field in the SBT)
BM-GF_ROOF-B4-BL045-4DB|BOTTOM_SUPPORT,BM-GF_ROOF-B4-BL045-4DB,SIMPLE_BEAM,B4,,BOTTOM_SUPPORT,BEAM_EXTRA_BAR,MASS,NOT_APPLICABLE,,,,,,,,,,,,,,,,,,,,not scheduled in the SBT (no bottom extra field in the SBT)
BM-GF_ROOF-B4-BL045-4DB|MID_TOP,BM-GF_ROOF-B4-BL045-4DB,SIMPLE_BEAM,B4,,MID_TOP,BEAM_EXTRA_BAR,MASS,NOT_APPLICABLE,,,,,,,,,,,,,,,,,,,,a simple beam has one span and no interior support; the SBT has no MID field
BM-GF_ROOF-B4-BL045-4DB|MID_BOTTOM,BM-GF_ROOF-B4-BL045-4DB,SIMPLE_BEAM,B4,,MID_BOTTOM,BEAM_EXTRA_BAR,MASS,NOT_APPLICABLE,,,,,,,,,,,,,,,,,,,,a simple beam has one span and no interior support; the SBT has no MID field
BM-GF_ROOF-B4-BL045-4DB|HANGER,BM-GF_ROOF-B4-BL045-4DB,SIMPLE_BEAM,B4,,HANGER,BEAM_EXTRA_BAR,MASS,NOT_APPLICABLE,,,,,,,,,,,,,,,,,,,,ABSENT: no hanger field and no hanger detail (TOP BARS listed; no hanger role asserted)
BM-GF_ROOF-B4-BL045-4DB|SIDE_REBAR,BM-GF_ROOF-B4-BL045-4DB,SIMPLE_BEAM,B4,,SIDE_REBAR,BEAM_SIDE_BAR,MASS,NOT_APPLICABLE,,,,,,,,,,,,,,,,,,,,no side bars printed; depth 50.0 cm
BM-GF_ROOF-B4-BL045-4DB|STIRRUP_COUNT|SPAN1,BM-GF_ROOF-B4-BL045-4DB,SIMPLE_BEAM,B4,,STIRRUP_COUNT,BEAM_STIRRUP,COUNT,LOWER_BOUND,SOURCE_BOUND,,1,8,,,,,,21,22,,,,,,,,,first / last stirrup position not stated; no +1
BM-GF_ROOF-B4-BL045-4DB|STIRRUP_CORE_PATH|SPAN1,BM-GF_ROOF-B4-BL045-4DB,SIMPLE_BEAM,B4,,STIRRUP_CORE_PATH,BEAM_STIRRUP,MASS,BLOCKED_UNQUANTIFIED,,,1,8,,,,,,,,,,,,,,"[""LEGS / TOPOLOGY UNRESOLVED"", ""HOOKS BLOCKED_UNQUANTIFIED"", ""LEGS / LINK TOPOLOGY NOT_ESTABLISHED"", ""STIRRUP HOOKS NOT_ESTABLISHED""]",Q7,"stirrup mass needs legs, path, hooks and section; missing: LEGS / TOPOLOGY UNRESOLVED; HOOKS BLOCKED_UNQUANTIFIED; LEGS / LINK TOPOLOGY NOT_ESTABLISHED; STIRRUP HOOKS NOT_ESTABLISHED"
BM-GF_ROOF-B4-BL045-4DB|HOOK_1,BM-GF_ROOF-B4-BL045-4DB,SIMPLE_BEAM,B4,,HOOK_1,ANCHORAGE,MASS,BLOCKED_UNQUANTIFIED,,,,,,,,,,,,,,,,,,,Q1,"bar-end hook / bend: end legs drawn N.T.S. without a dimension; no project hook source; column hook rules are not imported - Q1 at end 1 ({'kind': 'BEAM_CARRIED_BY', 'refs': ['BL001']})"
BM-GF_ROOF-B4-BL045-4DB|DEVELOPMENT_1,BM-GF_ROOF-B4-BL045-4DB,SIMPLE_BEAM,B4,,DEVELOPMENT_1,ANCHORAGE,MASS,BLOCKED_UNQUANTIFIED,,,,,,,,,,,,,,,,,,,Q1,"development / anchorage: no beam-source development rule (note 9 70Ø / 40Ø is starter-bar context only; no 40D, 70D, code, Urban default or external value is used) - Q1 at end 1 ({'kind': 'BEAM_CARRIED_BY', 'refs': ['BL001']})"
BM-GF_ROOF-B4-BL045-4DB|HOOK_2,BM-GF_ROOF-B4-BL045-4DB,SIMPLE_BEAM,B4,,HOOK_2,ANCHORAGE,MASS,BLOCKED_UNQUANTIFIED,,,,,,,,,,,,,,,,,,,Q1,"bar-end hook / bend: end legs drawn N.T.S. without a dimension; no project hook source; column hook rules are not imported - Q1 at end 2 ({'kind': 'BEAM_CARRIED_BY', 'refs': ['BL014']})"
BM-GF_ROOF-B4-BL045-4DB|DEVELOPMENT_2,BM-GF_ROOF-B4-BL045-4DB,SIMPLE_BEAM,B4,,DEVELOPMENT_2,ANCHORAGE,MASS,BLOCKED_UNQUANTIFIED,,,,,,,,,,,,,,,,,,,Q1,"development / anchorage: no beam-source development rule (note 9 70Ø / 40Ø is starter-bar context only; no 40D, 70D, code, Urban default or external value is used) - Q1 at end 2 ({'kind': 'BEAM_CARRIED_BY', 'refs': ['BL014']})"
BM-GF_ROOF-B4-BL045-4DB|OPENING_EXTRA_TOP,BM-GF_ROOF-B4-BL045-4DB,SIMPLE_BEAM,B4,,OPENING_EXTRA_TOP,SPECIAL_DETAIL_BAR,MASS,NOT_APPLICABLE,,,,,,,,,,,,,,,,,,,,no source-identified physical opening in this beam (26 opening objects checked project-wide; the generic opening detail is not applied globally)
BM-GF_ROOF-B4-BL045-4DB|OPENING_EXTRA_BOTTOM,BM-GF_ROOF-B4-BL045-4DB,SIMPLE_BEAM,B4,,OPENING_EXTRA_BOTTOM,SPECIAL_DETAIL_BAR,MASS,NOT_APPLICABLE,,,,,,,,,,,,,,,,,,,,no source-identified physical opening in this beam (26 opening objects checked project-wide; the generic opening detail is not applied globally)
BM-GF_ROOF-B4-BL045-4DB|OPENING_EXTRA_SIDE,BM-GF_ROOF-B4-BL045-4DB,SIMPLE_BEAM,B4,,OPENING_EXTRA_SIDE,SPECIAL_DETAIL_BAR,MASS,NOT_APPLICABLE,,,,,,,,,,,,,,,,,,,,no source-identified physical opening in this beam (26 opening objects checked project-wide; the generic opening detail is not applied globally)
BM-GF_ROOF-B4-BL045-4DB|OPENING_EXTRA_STIRRUP,BM-GF_ROOF-B4-BL045-4DB,SIMPLE_BEAM,B4,,OPENING_EXTRA_STIRRUP,BEAM_STIRRUP,MASS,NOT_APPLICABLE,,,,,,,,,,,,,,,,,,,,no source-identified physical opening in this beam (26 opening objects checked project-wide; the generic opening detail is not applied globally)
BM-GF_ROOF-B4-BL045-4DB|OTHER_EXPLICIT_EXTRA,BM-GF_ROOF-B4-BL045-4DB,SIMPLE_BEAM,B4,,OTHER_EXPLICIT_EXTRA,SPECIAL_DETAIL_BAR,MASS,NOT_APPLICABLE,,,,,,,,,,,,,,,,,,,,no other explicit extra scheduled or detailed for this occurrence
BM-GF_ROOF-B5-BL022-498|TOP_MAIN|BM-GF_ROOF-B5-BL022-498:TOP_MAIN,BM-GF_ROOF-B5-BL022-498,SIMPLE_BEAM,B5,,TOP_MAIN,BEAM_TOP_BAR,MASS,LOWER_BOUND,SOURCE_BOUND,BM-GF_ROOF-B5-BL022-498:TOP_MAIN,,12,2,3.617,7.234,0.888889,6.430222,,,SOURCE_VERIFIED,NOT_ESTABLISHED,,,,"[""development / anchorage into the supports: no beam-source rule (note 9 70Ø/40Ø is for starter bars only; the slab 0.25L / 0.30L rules are never borrowed)"", ""DEVELOPMENT / ANCHORAGE at the end supports (not source-established)"", ""BAR-END HOOK / BEND at the end supports (not detailed)""]",,,development / anchorage into the supports: no beam-source rule (note 9 70Ø/40Ø is for starter bars only; the slab 0.25L / 0.30L rules are never borrowed); DEVELOPMENT / ANCHORAGE at the end supports (not source-established); BAR-END HOOK / BEND at the end supports (not detailed)
BM-GF_ROOF-B5-BL022-498|BOTTOM_MAIN|BM-GF_ROOF-B5-BL022-498:BOTTOM_MAIN,BM-GF_ROOF-B5-BL022-498,SIMPLE_BEAM,B5,,BOTTOM_MAIN,BEAM_BOTTOM_BAR,MASS,LOWER_BOUND,SOURCE_BOUND,BM-GF_ROOF-B5-BL022-498:BOTTOM_MAIN,,18,4,3.617,14.468,2.0,28.936,,,SOURCE_VERIFIED,NOT_ESTABLISHED,,,,"[""development / anchorage into the supports: no beam-source rule (note 9 70Ø/40Ø is for starter bars only; the slab 0.25L / 0.30L rules are never borrowed)"", ""DEVELOPMENT / ANCHORAGE at the end supports (not source-established)"", ""BAR-END HOOK / BEND at the end supports (not detailed)""]",,,development / anchorage into the supports: no beam-source rule (note 9 70Ø/40Ø is for starter bars only; the slab 0.25L / 0.30L rules are never borrowed); DEVELOPMENT / ANCHORAGE at the end supports (not source-established); BAR-END HOOK / BEND at the end supports (not detailed)
BM-GF_ROOF-B5-BL022-498|TOP_SUPPORT,BM-GF_ROOF-B5-BL022-498,SIMPLE_BEAM,B5,,TOP_SUPPORT,BEAM_EXTRA_BAR,MASS,NOT_APPLICABLE,,,,,,,,,,,,,,,,,,,,not scheduled in the SBT (no support bar field in the SBT)
BM-GF_ROOF-B5-BL022-498|BOTTOM_SUPPORT,BM-GF_ROOF-B5-BL022-498,SIMPLE_BEAM,B5,,BOTTOM_SUPPORT,BEAM_EXTRA_BAR,MASS,NOT_APPLICABLE,,,,,,,,,,,,,,,,,,,,not scheduled in the SBT (no bottom extra field in the SBT)
BM-GF_ROOF-B5-BL022-498|MID_TOP,BM-GF_ROOF-B5-BL022-498,SIMPLE_BEAM,B5,,MID_TOP,BEAM_EXTRA_BAR,MASS,NOT_APPLICABLE,,,,,,,,,,,,,,,,,,,,a simple beam has one span and no interior support; the SBT has no MID field
BM-GF_ROOF-B5-BL022-498|MID_BOTTOM,BM-GF_ROOF-B5-BL022-498,SIMPLE_BEAM,B5,,MID_BOTTOM,BEAM_EXTRA_BAR,MASS,NOT_APPLICABLE,,,,,,,,,,,,,,,,,,,,a simple beam has one span and no interior support; the SBT has no MID field
BM-GF_ROOF-B5-BL022-498|HANGER,BM-GF_ROOF-B5-BL022-498,SIMPLE_BEAM,B5,,HANGER,BEAM_EXTRA_BAR,MASS,NOT_APPLICABLE,,,,,,,,,,,,,,,,,,,,ABSENT: no hanger field and no hanger detail (TOP BARS listed; no hanger role asserted)
BM-GF_ROOF-B5-BL022-498|SIDE_REBAR,BM-GF_ROOF-B5-BL022-498,SIMPLE_BEAM,B5,,SIDE_REBAR,BEAM_SIDE_BAR,MASS,NOT_APPLICABLE,,,,,,,,,,,,,,,,,,,,no side bars printed; depth 50.0 cm
BM-GF_ROOF-B5-BL022-498|STIRRUP_COUNT|SPAN1,BM-GF_ROOF-B5-BL022-498,SIMPLE_BEAM,B5,,STIRRUP_COUNT,BEAM_STIRRUP,COUNT,LOWER_BOUND,SOURCE_BOUND,,1,8,,,,,,22,23,,,,,,,,,first / last stirrup position not stated; no +1
BM-GF_ROOF-B5-BL022-498|STIRRUP_CORE_PATH|SPAN1,BM-GF_ROOF-B5-BL022-498,SIMPLE_BEAM,B5,,STIRRUP_CORE_PATH,BEAM_STIRRUP,MASS,BLOCKED_UNQUANTIFIED,,,1,8,,,,,,,,,,,,,,"[""LEGS / TOPOLOGY UNRESOLVED"", ""HOOKS BLOCKED_UNQUANTIFIED"", ""LEGS / LINK TOPOLOGY NOT_ESTABLISHED"", ""STIRRUP HOOKS NOT_ESTABLISHED""]",Q7,"stirrup mass needs legs, path, hooks and section; missing: LEGS / TOPOLOGY UNRESOLVED; HOOKS BLOCKED_UNQUANTIFIED; LEGS / LINK TOPOLOGY NOT_ESTABLISHED; STIRRUP HOOKS NOT_ESTABLISHED"
BM-GF_ROOF-B5-BL022-498|HOOK_1,BM-GF_ROOF-B5-BL022-498,SIMPLE_BEAM,B5,,HOOK_1,ANCHORAGE,MASS,BLOCKED_UNQUANTIFIED,,,,,,,,,,,,,,,,,,,Q1,"bar-end hook / bend: end legs drawn N.T.S. without a dimension; no project hook source; column hook rules are not imported - Q1 at end 1 ({'kind': 'COLUMN', 'refs': ['GFRS:365']})"
BM-GF_ROOF-B5-BL022-498|DEVELOPMENT_1,BM-GF_ROOF-B5-BL022-498,SIMPLE_BEAM,B5,,DEVELOPMENT_1,ANCHORAGE,MASS,BLOCKED_UNQUANTIFIED,,,,,,,,,,,,,,,,,,,Q1,"development / anchorage: no beam-source development rule (note 9 70Ø / 40Ø is starter-bar context only; no 40D, 70D, code, Urban default or external value is used) - Q1 at end 1 ({'kind': 'COLUMN', 'refs': ['GFRS:365']})"
BM-GF_ROOF-B5-BL022-498|HOOK_2,BM-GF_ROOF-B5-BL022-498,SIMPLE_BEAM,B5,,HOOK_2,ANCHORAGE,MASS,BLOCKED_UNQUANTIFIED,,,,,,,,,,,,,,,,,,,Q1,"bar-end hook / bend: end legs drawn N.T.S. without a dimension; no project hook source; column hook rules are not imported - Q1 at end 2 ({'kind': 'BEAM_CROSSING', 'refs': ['BL002']})"
BM-GF_ROOF-B5-BL022-498|DEVELOPMENT_2,BM-GF_ROOF-B5-BL022-498,SIMPLE_BEAM,B5,,DEVELOPMENT_2,ANCHORAGE,MASS,BLOCKED_UNQUANTIFIED,,,,,,,,,,,,,,,,,,,Q1,"development / anchorage: no beam-source development rule (note 9 70Ø / 40Ø is starter-bar context only; no 40D, 70D, code, Urban default or external value is used) - Q1 at end 2 ({'kind': 'BEAM_CROSSING', 'refs': ['BL002']})"
BM-GF_ROOF-B5-BL022-498|OPENING_EXTRA_TOP,BM-GF_ROOF-B5-BL022-498,SIMPLE_BEAM,B5,,OPENING_EXTRA_TOP,SPECIAL_DETAIL_BAR,MASS,NOT_APPLICABLE,,,,,,,,,,,,,,,,,,,,no source-identified physical opening in this beam (26 opening objects checked project-wide; the generic opening detail is not applied globally)
BM-GF_ROOF-B5-BL022-498|OPENING_EXTRA_BOTTOM,BM-GF_ROOF-B5-BL022-498,SIMPLE_BEAM,B5,,OPENING_EXTRA_BOTTOM,SPECIAL_DETAIL_BAR,MASS,NOT_APPLICABLE,,,,,,,,,,,,,,,,,,,,no source-identified physical opening in this beam (26 opening objects checked project-wide; the generic opening detail is not applied globally)
BM-GF_ROOF-B5-BL022-498|OPENING_EXTRA_SIDE,BM-GF_ROOF-B5-BL022-498,SIMPLE_BEAM,B5,,OPENING_EXTRA_SIDE,SPECIAL_DETAIL_BAR,MASS,NOT_APPLICABLE,,,,,,,,,,,,,,,,,,,,no source-identified physical opening in this beam (26 opening objects checked project-wide; the generic opening detail is not applied globally)
BM-GF_ROOF-B5-BL022-498|OPENING_EXTRA_STIRRUP,BM-GF_ROOF-B5-BL022-498,SIMPLE_BEAM,B5,,OPENING_EXTRA_STIRRUP,BEAM_STIRRUP,MASS,NOT_APPLICABLE,,,,,,,,,,,,,,,,,,,,no source-identified physical opening in this beam (26 opening objects checked project-wide; the generic opening detail is not applied globally)
BM-GF_ROOF-B5-BL022-498|OTHER_EXPLICIT_EXTRA,BM-GF_ROOF-B5-BL022-498,SIMPLE_BEAM,B5,,OTHER_EXPLICIT_EXTRA,SPECIAL_DETAIL_BAR,MASS,NOT_APPLICABLE,,,,,,,,,,,,,,,,,,,,no other explicit extra scheduled or detailed for this occurrence
BM-GF_ROOF-B7-BA001-47D:b7>v|TOP_MAIN|BM-GF_ROOF-B7-BA001-47D:b7>v:TOP_MAIN,BM-GF_ROOF-B7-BA001-47D:b7>v,SIMPLE_BEAM,B7,,TOP_MAIN,BEAM_TOP_BAR,MASS,BLOCKED_UNQUANTIFIED,,BM-GF_ROOF-B7-BA001-47D:b7>v:TOP_MAIN,,12,2,,,,,,,,,,,,,,Q9,straight run BLOCKED_UNQUANTIFIED (curved member: support faces at the arc ends not established)
BM-GF_ROOF-B7-BA001-47D:b7>v|BOTTOM_MAIN|BM-GF_ROOF-B7-BA001-47D:b7>v:BOTTOM_MAIN,BM-GF_ROOF-B7-BA001-47D:b7>v,SIMPLE_BEAM,B7,,BOTTOM_MAIN,BEAM_BOTTOM_BAR,MASS,BLOCKED_UNQUANTIFIED,,BM-GF_ROOF-B7-BA001-47D:b7>v:BOTTOM_MAIN,,16,3,,,,,,,,,,,,,,Q9,straight run BLOCKED_UNQUANTIFIED (curved member: support faces at the arc ends not established)
BM-GF_ROOF-B7-BA001-47D:b7>v|TOP_SUPPORT,BM-GF_ROOF-B7-BA001-47D:b7>v,SIMPLE_BEAM,B7,,TOP_SUPPORT,BEAM_EXTRA_BAR,MASS,NOT_APPLICABLE,,,,,,,,,,,,,,,,,,,,not scheduled in the SBT (no support bar field in the SBT)
BM-GF_ROOF-B7-BA001-47D:b7>v|BOTTOM_SUPPORT,BM-GF_ROOF-B7-BA001-47D:b7>v,SIMPLE_BEAM,B7,,BOTTOM_SUPPORT,BEAM_EXTRA_BAR,MASS,NOT_APPLICABLE,,,,,,,,,,,,,,,,,,,,not scheduled in the SBT (no bottom extra field in the SBT)
BM-GF_ROOF-B7-BA001-47D:b7>v|MID_TOP,BM-GF_ROOF-B7-BA001-47D:b7>v,SIMPLE_BEAM,B7,,MID_TOP,BEAM_EXTRA_BAR,MASS,NOT_APPLICABLE,,,,,,,,,,,,,,,,,,,,a simple beam has one span and no interior support; the SBT has no MID field
BM-GF_ROOF-B7-BA001-47D:b7>v|MID_BOTTOM,BM-GF_ROOF-B7-BA001-47D:b7>v,SIMPLE_BEAM,B7,,MID_BOTTOM,BEAM_EXTRA_BAR,MASS,NOT_APPLICABLE,,,,,,,,,,,,,,,,,,,,a simple beam has one span and no interior support; the SBT has no MID field
BM-GF_ROOF-B7-BA001-47D:b7>v|HANGER,BM-GF_ROOF-B7-BA001-47D:b7>v,SIMPLE_BEAM,B7,,HANGER,BEAM_EXTRA_BAR,MASS,NOT_APPLICABLE,,,,,,,,,,,,,,,,,,,,ABSENT: no hanger field and no hanger detail (TOP BARS listed; no hanger role asserted)
BM-GF_ROOF-B7-BA001-47D:b7>v|SIDE_REBAR,BM-GF_ROOF-B7-BA001-47D:b7>v,SIMPLE_BEAM,B7,,SIDE_REBAR,BEAM_SIDE_BAR,MASS,BLOCKED_UNQUANTIFIED,,,,12,2,,,,,,,,,,2%%C12/30cm,30.0,,,Q6,side bars '2%%C12/30cm' printed (2Ø12/30.0cm): '/30cm' semantics not established (per face or total; vertical spacing or other; bar length; end treatment) - never silently read as a vertical spacing (Q6) - quantity / mass not source-quantified
BM-GF_ROOF-B7-BA001-47D:b7>v|STIRRUP_COUNT|SPAN1,BM-GF_ROOF-B7-BA001-47D:b7>v,SIMPLE_BEAM,B7,,STIRRUP_COUNT,BEAM_STIRRUP,COUNT,BLOCKED_UNQUANTIFIED,,,1,8,,,,,,,,,,,,,,,Q9,rate or distribution length not established
BM-GF_ROOF-B7-BA001-47D:b7>v|STIRRUP_CORE_PATH|SPAN1,BM-GF_ROOF-B7-BA001-47D:b7>v,SIMPLE_BEAM,B7,,STIRRUP_CORE_PATH,BEAM_STIRRUP,MASS,BLOCKED_UNQUANTIFIED,,,1,8,,,,,,,,,,,,,,"[""LEGS / TOPOLOGY UNRESOLVED"", ""HOOKS BLOCKED_UNQUANTIFIED"", ""LEGS / LINK TOPOLOGY NOT_ESTABLISHED"", ""STIRRUP HOOKS NOT_ESTABLISHED""]",Q7,"stirrup mass needs legs, path, hooks and section; missing: LEGS / TOPOLOGY UNRESOLVED; HOOKS BLOCKED_UNQUANTIFIED; LEGS / LINK TOPOLOGY NOT_ESTABLISHED; STIRRUP HOOKS NOT_ESTABLISHED"
BM-GF_ROOF-B7-BA001-47D:b7>v|HOOK_1,BM-GF_ROOF-B7-BA001-47D:b7>v,SIMPLE_BEAM,B7,,HOOK_1,ANCHORAGE,MASS,BLOCKED_UNQUANTIFIED,,,,,,,,,,,,,,,,,,,Q1,"bar-end hook / bend: end legs drawn N.T.S. without a dimension; no project hook source; column hook rules are not imported - Q1 at end 1 ({'kind': 'NOT_STATED', 'refs': []})"
BM-GF_ROOF-B7-BA001-47D:b7>v|DEVELOPMENT_1,BM-GF_ROOF-B7-BA001-47D:b7>v,SIMPLE_BEAM,B7,,DEVELOPMENT_1,ANCHORAGE,MASS,BLOCKED_UNQUANTIFIED,,,,,,,,,,,,,,,,,,,Q1,"development / anchorage: no beam-source development rule (note 9 70Ø / 40Ø is starter-bar context only; no 40D, 70D, code, Urban default or external value is used) - Q1 at end 1 ({'kind': 'NOT_STATED', 'refs': []})"
BM-GF_ROOF-B7-BA001-47D:b7>v|HOOK_2,BM-GF_ROOF-B7-BA001-47D:b7>v,SIMPLE_BEAM,B7,,HOOK_2,ANCHORAGE,MASS,BLOCKED_UNQUANTIFIED,,,,,,,,,,,,,,,,,,,Q1,"bar-end hook / bend: end legs drawn N.T.S. without a dimension; no project hook source; column hook rules are not imported - Q1 at end 2 ({'kind': 'NOT_STATED', 'refs': []})"
BM-GF_ROOF-B7-BA001-47D:b7>v|DEVELOPMENT_2,BM-GF_ROOF-B7-BA001-47D:b7>v,SIMPLE_BEAM,B7,,DEVELOPMENT_2,ANCHORAGE,MASS,BLOCKED_UNQUANTIFIED,,,,,,,,,,,,,,,,,,,Q1,"development / anchorage: no beam-source development rule (note 9 70Ø / 40Ø is starter-bar context only; no 40D, 70D, code, Urban default or external value is used) - Q1 at end 2 ({'kind': 'NOT_STATED', 'refs': []})"
BM-GF_ROOF-B7-BA001-47D:b7>v|OPENING_EXTRA_TOP,BM-GF_ROOF-B7-BA001-47D:b7>v,SIMPLE_BEAM,B7,,OPENING_EXTRA_TOP,SPECIAL_DETAIL_BAR,MASS,NOT_APPLICABLE,,,,,,,,,,,,,,,,,,,,no source-identified physical opening in this beam (26 opening objects checked project-wide; the generic opening detail is not applied globally)
BM-GF_ROOF-B7-BA001-47D:b7>v|OPENING_EXTRA_BOTTOM,BM-GF_ROOF-B7-BA001-47D:b7>v,SIMPLE_BEAM,B7,,OPENING_EXTRA_BOTTOM,SPECIAL_DETAIL_BAR,MASS,NOT_APPLICABLE,,,,,,,,,,,,,,,,,,,,no source-identified physical opening in this beam (26 opening objects checked project-wide; the generic opening detail is not applied globally)
BM-GF_ROOF-B7-BA001-47D:b7>v|OPENING_EXTRA_SIDE,BM-GF_ROOF-B7-BA001-47D:b7>v,SIMPLE_BEAM,B7,,OPENING_EXTRA_SIDE,SPECIAL_DETAIL_BAR,MASS,NOT_APPLICABLE,,,,,,,,,,,,,,,,,,,,no source-identified physical opening in this beam (26 opening objects checked project-wide; the generic opening detail is not applied globally)
BM-GF_ROOF-B7-BA001-47D:b7>v|OPENING_EXTRA_STIRRUP,BM-GF_ROOF-B7-BA001-47D:b7>v,SIMPLE_BEAM,B7,,OPENING_EXTRA_STIRRUP,BEAM_STIRRUP,MASS,NOT_APPLICABLE,,,,,,,,,,,,,,,,,,,,no source-identified physical opening in this beam (26 opening objects checked project-wide; the generic opening detail is not applied globally)
BM-GF_ROOF-B7-BA001-47D:b7>v|OTHER_EXPLICIT_EXTRA,BM-GF_ROOF-B7-BA001-47D:b7>v,SIMPLE_BEAM,B7,,OTHER_EXPLICIT_EXTRA,SPECIAL_DETAIL_BAR,MASS,NOT_APPLICABLE,,,,,,,,,,,,,,,,,,,,no other explicit extra scheduled or detailed for this occurrence
BM-GF_ROOF-B7-BA002-46E|TOP_MAIN|BM-GF_ROOF-B7-BA002-46E:TOP_MAIN,BM-GF_ROOF-B7-BA002-46E,SIMPLE_BEAM,B7,,TOP_MAIN,BEAM_TOP_BAR,MASS,BLOCKED_UNQUANTIFIED,,BM-GF_ROOF-B7-BA002-46E:TOP_MAIN,,12,2,,,,,,,,,,,,,,Q9,straight run BLOCKED_UNQUANTIFIED (curved member: support faces at the arc ends not established)
BM-GF_ROOF-B7-BA002-46E|BOTTOM_MAIN|BM-GF_ROOF-B7-BA002-46E:BOTTOM_MAIN,BM-GF_ROOF-B7-BA002-46E,SIMPLE_BEAM,B7,,BOTTOM_MAIN,BEAM_BOTTOM_BAR,MASS,BLOCKED_UNQUANTIFIED,,BM-GF_ROOF-B7-BA002-46E:BOTTOM_MAIN,,16,3,,,,,,,,,,,,,,Q9,straight run BLOCKED_UNQUANTIFIED (curved member: support faces at the arc ends not established)
BM-GF_ROOF-B7-BA002-46E|TOP_SUPPORT,BM-GF_ROOF-B7-BA002-46E,SIMPLE_BEAM,B7,,TOP_SUPPORT,BEAM_EXTRA_BAR,MASS,NOT_APPLICABLE,,,,,,,,,,,,,,,,,,,,not scheduled in the SBT (no support bar field in the SBT)
BM-GF_ROOF-B7-BA002-46E|BOTTOM_SUPPORT,BM-GF_ROOF-B7-BA002-46E,SIMPLE_BEAM,B7,,BOTTOM_SUPPORT,BEAM_EXTRA_BAR,MASS,NOT_APPLICABLE,,,,,,,,,,,,,,,,,,,,not scheduled in the SBT (no bottom extra field in the SBT)
BM-GF_ROOF-B7-BA002-46E|MID_TOP,BM-GF_ROOF-B7-BA002-46E,SIMPLE_BEAM,B7,,MID_TOP,BEAM_EXTRA_BAR,MASS,NOT_APPLICABLE,,,,,,,,,,,,,,,,,,,,a simple beam has one span and no interior support; the SBT has no MID field
BM-GF_ROOF-B7-BA002-46E|MID_BOTTOM,BM-GF_ROOF-B7-BA002-46E,SIMPLE_BEAM,B7,,MID_BOTTOM,BEAM_EXTRA_BAR,MASS,NOT_APPLICABLE,,,,,,,,,,,,,,,,,,,,a simple beam has one span and no interior support; the SBT has no MID field
BM-GF_ROOF-B7-BA002-46E|HANGER,BM-GF_ROOF-B7-BA002-46E,SIMPLE_BEAM,B7,,HANGER,BEAM_EXTRA_BAR,MASS,NOT_APPLICABLE,,,,,,,,,,,,,,,,,,,,ABSENT: no hanger field and no hanger detail (TOP BARS listed; no hanger role asserted)
BM-GF_ROOF-B7-BA002-46E|SIDE_REBAR,BM-GF_ROOF-B7-BA002-46E,SIMPLE_BEAM,B7,,SIDE_REBAR,BEAM_SIDE_BAR,MASS,BLOCKED_UNQUANTIFIED,,,,12,2,,,,,,,,,,2%%C12/30cm,30.0,,,Q6,side bars '2%%C12/30cm' printed (2Ø12/30.0cm): '/30cm' semantics not established (per face or total; vertical spacing or other; bar length; end treatment) - never silently read as a vertical spacing (Q6) - quantity / mass not source-quantified
BM-GF_ROOF-B7-BA002-46E|STIRRUP_COUNT|SPAN1,BM-GF_ROOF-B7-BA002-46E,SIMPLE_BEAM,B7,,STIRRUP_COUNT,BEAM_STIRRUP,COUNT,BLOCKED_UNQUANTIFIED,,,1,8,,,,,,,,,,,,,,,Q9,rate or distribution length not established
BM-GF_ROOF-B7-BA002-46E|STIRRUP_CORE_PATH|SPAN1,BM-GF_ROOF-B7-BA002-46E,SIMPLE_BEAM,B7,,STIRRUP_CORE_PATH,BEAM_STIRRUP,MASS,BLOCKED_UNQUANTIFIED,,,1,8,,,,,,,,,,,,,,"[""LEGS / TOPOLOGY UNRESOLVED"", ""HOOKS BLOCKED_UNQUANTIFIED"", ""LEGS / LINK TOPOLOGY NOT_ESTABLISHED"", ""STIRRUP HOOKS NOT_ESTABLISHED""]",Q7,"stirrup mass needs legs, path, hooks and section; missing: LEGS / TOPOLOGY UNRESOLVED; HOOKS BLOCKED_UNQUANTIFIED; LEGS / LINK TOPOLOGY NOT_ESTABLISHED; STIRRUP HOOKS NOT_ESTABLISHED"
BM-GF_ROOF-B7-BA002-46E|HOOK_1,BM-GF_ROOF-B7-BA002-46E,SIMPLE_BEAM,B7,,HOOK_1,ANCHORAGE,MASS,BLOCKED_UNQUANTIFIED,,,,,,,,,,,,,,,,,,,Q1,"bar-end hook / bend: end legs drawn N.T.S. without a dimension; no project hook source; column hook rules are not imported - Q1 at end 1 ({'kind': 'NOT_STATED', 'refs': []})"
BM-GF_ROOF-B7-BA002-46E|DEVELOPMENT_1,BM-GF_ROOF-B7-BA002-46E,SIMPLE_BEAM,B7,,DEVELOPMENT_1,ANCHORAGE,MASS,BLOCKED_UNQUANTIFIED,,,,,,,,,,,,,,,,,,,Q1,"development / anchorage: no beam-source development rule (note 9 70Ø / 40Ø is starter-bar context only; no 40D, 70D, code, Urban default or external value is used) - Q1 at end 1 ({'kind': 'NOT_STATED', 'refs': []})"
BM-GF_ROOF-B7-BA002-46E|HOOK_2,BM-GF_ROOF-B7-BA002-46E,SIMPLE_BEAM,B7,,HOOK_2,ANCHORAGE,MASS,BLOCKED_UNQUANTIFIED,,,,,,,,,,,,,,,,,,,Q1,"bar-end hook / bend: end legs drawn N.T.S. without a dimension; no project hook source; column hook rules are not imported - Q1 at end 2 ({'kind': 'NOT_STATED', 'refs': []})"
BM-GF_ROOF-B7-BA002-46E|DEVELOPMENT_2,BM-GF_ROOF-B7-BA002-46E,SIMPLE_BEAM,B7,,DEVELOPMENT_2,ANCHORAGE,MASS,BLOCKED_UNQUANTIFIED,,,,,,,,,,,,,,,,,,,Q1,"development / anchorage: no beam-source development rule (note 9 70Ø / 40Ø is starter-bar context only; no 40D, 70D, code, Urban default or external value is used) - Q1 at end 2 ({'kind': 'NOT_STATED', 'refs': []})"
BM-GF_ROOF-B7-BA002-46E|OPENING_EXTRA_TOP,BM-GF_ROOF-B7-BA002-46E,SIMPLE_BEAM,B7,,OPENING_EXTRA_TOP,SPECIAL_DETAIL_BAR,MASS,NOT_APPLICABLE,,,,,,,,,,,,,,,,,,,,no source-identified physical opening in this beam (26 opening objects checked project-wide; the generic opening detail is not applied globally)
BM-GF_ROOF-B7-BA002-46E|OPENING_EXTRA_BOTTOM,BM-GF_ROOF-B7-BA002-46E,SIMPLE_BEAM,B7,,OPENING_EXTRA_BOTTOM,SPECIAL_DETAIL_BAR,MASS,NOT_APPLICABLE,,,,,,,,,,,,,,,,,,,,no source-identified physical opening in this beam (26 opening objects checked project-wide; the generic opening detail is not applied globally)
BM-GF_ROOF-B7-BA002-46E|OPENING_EXTRA_SIDE,BM-GF_ROOF-B7-BA002-46E,SIMPLE_BEAM,B7,,OPENING_EXTRA_SIDE,SPECIAL_DETAIL_BAR,MASS,NOT_APPLICABLE,,,,,,,,,,,,,,,,,,,,no source-identified physical opening in this beam (26 opening objects checked project-wide; the generic opening detail is not applied globally)
BM-GF_ROOF-B7-BA002-46E|OPENING_EXTRA_STIRRUP,BM-GF_ROOF-B7-BA002-46E,SIMPLE_BEAM,B7,,OPENING_EXTRA_STIRRUP,BEAM_STIRRUP,MASS,NOT_APPLICABLE,,,,,,,,,,,,,,,,,,,,no source-identified physical opening in this beam (26 opening objects checked project-wide; the generic opening detail is not applied globally)
BM-GF_ROOF-B7-BA002-46E|OTHER_EXPLICIT_EXTRA,BM-GF_ROOF-B7-BA002-46E,SIMPLE_BEAM,B7,,OTHER_EXPLICIT_EXTRA,SPECIAL_DETAIL_BAR,MASS,NOT_APPLICABLE,,,,,,,,,,,,,,,,,,,,no other explicit extra scheduled or detailed for this occurrence
BM-GF_ROOF-B7-BA003-470|TOP_MAIN|BM-GF_ROOF-B7-BA003-470:TOP_MAIN,BM-GF_ROOF-B7-BA003-470,SIMPLE_BEAM,B7,,TOP_MAIN,BEAM_TOP_BAR,MASS,BLOCKED_UNQUANTIFIED,,BM-GF_ROOF-B7-BA003-470:TOP_MAIN,,12,2,,,,,,,,,,,,,,Q9,straight run BLOCKED_UNQUANTIFIED (curved member: support faces at the arc ends not established)
BM-GF_ROOF-B7-BA003-470|BOTTOM_MAIN|BM-GF_ROOF-B7-BA003-470:BOTTOM_MAIN,BM-GF_ROOF-B7-BA003-470,SIMPLE_BEAM,B7,,BOTTOM_MAIN,BEAM_BOTTOM_BAR,MASS,BLOCKED_UNQUANTIFIED,,BM-GF_ROOF-B7-BA003-470:BOTTOM_MAIN,,16,3,,,,,,,,,,,,,,Q9,straight run BLOCKED_UNQUANTIFIED (curved member: support faces at the arc ends not established)
BM-GF_ROOF-B7-BA003-470|TOP_SUPPORT,BM-GF_ROOF-B7-BA003-470,SIMPLE_BEAM,B7,,TOP_SUPPORT,BEAM_EXTRA_BAR,MASS,NOT_APPLICABLE,,,,,,,,,,,,,,,,,,,,not scheduled in the SBT (no support bar field in the SBT)
BM-GF_ROOF-B7-BA003-470|BOTTOM_SUPPORT,BM-GF_ROOF-B7-BA003-470,SIMPLE_BEAM,B7,,BOTTOM_SUPPORT,BEAM_EXTRA_BAR,MASS,NOT_APPLICABLE,,,,,,,,,,,,,,,,,,,,not scheduled in the SBT (no bottom extra field in the SBT)
BM-GF_ROOF-B7-BA003-470|MID_TOP,BM-GF_ROOF-B7-BA003-470,SIMPLE_BEAM,B7,,MID_TOP,BEAM_EXTRA_BAR,MASS,NOT_APPLICABLE,,,,,,,,,,,,,,,,,,,,a simple beam has one span and no interior support; the SBT has no MID field
BM-GF_ROOF-B7-BA003-470|MID_BOTTOM,BM-GF_ROOF-B7-BA003-470,SIMPLE_BEAM,B7,,MID_BOTTOM,BEAM_EXTRA_BAR,MASS,NOT_APPLICABLE,,,,,,,,,,,,,,,,,,,,a simple beam has one span and no interior support; the SBT has no MID field
BM-GF_ROOF-B7-BA003-470|HANGER,BM-GF_ROOF-B7-BA003-470,SIMPLE_BEAM,B7,,HANGER,BEAM_EXTRA_BAR,MASS,NOT_APPLICABLE,,,,,,,,,,,,,,,,,,,,ABSENT: no hanger field and no hanger detail (TOP BARS listed; no hanger role asserted)
BM-GF_ROOF-B7-BA003-470|SIDE_REBAR,BM-GF_ROOF-B7-BA003-470,SIMPLE_BEAM,B7,,SIDE_REBAR,BEAM_SIDE_BAR,MASS,BLOCKED_UNQUANTIFIED,,,,12,2,,,,,,,,,,2%%C12/30cm,30.0,,,Q6,side bars '2%%C12/30cm' printed (2Ø12/30.0cm): '/30cm' semantics not established (per face or total; vertical spacing or other; bar length; end treatment) - never silently read as a vertical spacing (Q6) - quantity / mass not source-quantified
BM-GF_ROOF-B7-BA003-470|STIRRUP_COUNT|SPAN1,BM-GF_ROOF-B7-BA003-470,SIMPLE_BEAM,B7,,STIRRUP_COUNT,BEAM_STIRRUP,COUNT,BLOCKED_UNQUANTIFIED,,,1,8,,,,,,,,,,,,,,,Q9,rate or distribution length not established
BM-GF_ROOF-B7-BA003-470|STIRRUP_CORE_PATH|SPAN1,BM-GF_ROOF-B7-BA003-470,SIMPLE_BEAM,B7,,STIRRUP_CORE_PATH,BEAM_STIRRUP,MASS,BLOCKED_UNQUANTIFIED,,,1,8,,,,,,,,,,,,,,"[""LEGS / TOPOLOGY UNRESOLVED"", ""HOOKS BLOCKED_UNQUANTIFIED"", ""LEGS / LINK TOPOLOGY NOT_ESTABLISHED"", ""STIRRUP HOOKS NOT_ESTABLISHED""]",Q7,"stirrup mass needs legs, path, hooks and section; missing: LEGS / TOPOLOGY UNRESOLVED; HOOKS BLOCKED_UNQUANTIFIED; LEGS / LINK TOPOLOGY NOT_ESTABLISHED; STIRRUP HOOKS NOT_ESTABLISHED"
BM-GF_ROOF-B7-BA003-470|HOOK_1,BM-GF_ROOF-B7-BA003-470,SIMPLE_BEAM,B7,,HOOK_1,ANCHORAGE,MASS,BLOCKED_UNQUANTIFIED,,,,,,,,,,,,,,,,,,,Q1,"bar-end hook / bend: end legs drawn N.T.S. without a dimension; no project hook source; column hook rules are not imported - Q1 at end 1 ({'kind': 'NOT_STATED', 'refs': []})"
BM-GF_ROOF-B7-BA003-470|DEVELOPMENT_1,BM-GF_ROOF-B7-BA003-470,SIMPLE_BEAM,B7,,DEVELOPMENT_1,ANCHORAGE,MASS,BLOCKED_UNQUANTIFIED,,,,,,,,,,,,,,,,,,,Q1,"development / anchorage: no beam-source development rule (note 9 70Ø / 40Ø is starter-bar context only; no 40D, 70D, code, Urban default or external value is used) - Q1 at end 1 ({'kind': 'NOT_STATED', 'refs': []})"
BM-GF_ROOF-B7-BA003-470|HOOK_2,BM-GF_ROOF-B7-BA003-470,SIMPLE_BEAM,B7,,HOOK_2,ANCHORAGE,MASS,BLOCKED_UNQUANTIFIED,,,,,,,,,,,,,,,,,,,Q1,"bar-end hook / bend: end legs drawn N.T.S. without a dimension; no project hook source; column hook rules are not imported - Q1 at end 2 ({'kind': 'NOT_STATED', 'refs': []})"
BM-GF_ROOF-B7-BA003-470|DEVELOPMENT_2,BM-GF_ROOF-B7-BA003-470,SIMPLE_BEAM,B7,,DEVELOPMENT_2,ANCHORAGE,MASS,BLOCKED_UNQUANTIFIED,,,,,,,,,,,,,,,,,,,Q1,"development / anchorage: no beam-source development rule (note 9 70Ø / 40Ø is starter-bar context only; no 40D, 70D, code, Urban default or external value is used) - Q1 at end 2 ({'kind': 'NOT_STATED', 'refs': []})"
BM-GF_ROOF-B7-BA003-470|OPENING_EXTRA_TOP,BM-GF_ROOF-B7-BA003-470,SIMPLE_BEAM,B7,,OPENING_EXTRA_TOP,SPECIAL_DETAIL_BAR,MASS,NOT_APPLICABLE,,,,,,,,,,,,,,,,,,,,no source-identified physical opening in this beam (26 opening objects checked project-wide; the generic opening detail is not applied globally)
BM-GF_ROOF-B7-BA003-470|OPENING_EXTRA_BOTTOM,BM-GF_ROOF-B7-BA003-470,SIMPLE_BEAM,B7,,OPENING_EXTRA_BOTTOM,SPECIAL_DETAIL_BAR,MASS,NOT_APPLICABLE,,,,,,,,,,,,,,,,,,,,no source-identified physical opening in this beam (26 opening objects checked project-wide; the generic opening detail is not applied globally)
BM-GF_ROOF-B7-BA003-470|OPENING_EXTRA_SIDE,BM-GF_ROOF-B7-BA003-470,SIMPLE_BEAM,B7,,OPENING_EXTRA_SIDE,SPECIAL_DETAIL_BAR,MASS,NOT_APPLICABLE,,,,,,,,,,,,,,,,,,,,no source-identified physical opening in this beam (26 opening objects checked project-wide; the generic opening detail is not applied globally)
BM-GF_ROOF-B7-BA003-470|OPENING_EXTRA_STIRRUP,BM-GF_ROOF-B7-BA003-470,SIMPLE_BEAM,B7,,OPENING_EXTRA_STIRRUP,BEAM_STIRRUP,MASS,NOT_APPLICABLE,,,,,,,,,,,,,,,,,,,,no source-identified physical opening in this beam (26 opening objects checked project-wide; the generic opening detail is not applied globally)
BM-GF_ROOF-B7-BA003-470|OTHER_EXPLICIT_EXTRA,BM-GF_ROOF-B7-BA003-470,SIMPLE_BEAM,B7,,OTHER_EXPLICIT_EXTRA,SPECIAL_DETAIL_BAR,MASS,NOT_APPLICABLE,,,,,,,,,,,,,,,,,,,,no other explicit extra scheduled or detailed for this occurrence
BM-GF_ROOF-B7-BA004-46F|TOP_MAIN|BM-GF_ROOF-B7-BA004-46F:TOP_MAIN,BM-GF_ROOF-B7-BA004-46F,SIMPLE_BEAM,B7,,TOP_MAIN,BEAM_TOP_BAR,MASS,BLOCKED_UNQUANTIFIED,,BM-GF_ROOF-B7-BA004-46F:TOP_MAIN,,12,2,,,,,,,,,,,,,,Q9,straight run BLOCKED_UNQUANTIFIED (curved member: support faces at the arc ends not established)
BM-GF_ROOF-B7-BA004-46F|BOTTOM_MAIN|BM-GF_ROOF-B7-BA004-46F:BOTTOM_MAIN,BM-GF_ROOF-B7-BA004-46F,SIMPLE_BEAM,B7,,BOTTOM_MAIN,BEAM_BOTTOM_BAR,MASS,BLOCKED_UNQUANTIFIED,,BM-GF_ROOF-B7-BA004-46F:BOTTOM_MAIN,,16,3,,,,,,,,,,,,,,Q9,straight run BLOCKED_UNQUANTIFIED (curved member: support faces at the arc ends not established)
BM-GF_ROOF-B7-BA004-46F|TOP_SUPPORT,BM-GF_ROOF-B7-BA004-46F,SIMPLE_BEAM,B7,,TOP_SUPPORT,BEAM_EXTRA_BAR,MASS,NOT_APPLICABLE,,,,,,,,,,,,,,,,,,,,not scheduled in the SBT (no support bar field in the SBT)
BM-GF_ROOF-B7-BA004-46F|BOTTOM_SUPPORT,BM-GF_ROOF-B7-BA004-46F,SIMPLE_BEAM,B7,,BOTTOM_SUPPORT,BEAM_EXTRA_BAR,MASS,NOT_APPLICABLE,,,,,,,,,,,,,,,,,,,,not scheduled in the SBT (no bottom extra field in the SBT)
BM-GF_ROOF-B7-BA004-46F|MID_TOP,BM-GF_ROOF-B7-BA004-46F,SIMPLE_BEAM,B7,,MID_TOP,BEAM_EXTRA_BAR,MASS,NOT_APPLICABLE,,,,,,,,,,,,,,,,,,,,a simple beam has one span and no interior support; the SBT has no MID field
BM-GF_ROOF-B7-BA004-46F|MID_BOTTOM,BM-GF_ROOF-B7-BA004-46F,SIMPLE_BEAM,B7,,MID_BOTTOM,BEAM_EXTRA_BAR,MASS,NOT_APPLICABLE,,,,,,,,,,,,,,,,,,,,a simple beam has one span and no interior support; the SBT has no MID field
BM-GF_ROOF-B7-BA004-46F|HANGER,BM-GF_ROOF-B7-BA004-46F,SIMPLE_BEAM,B7,,HANGER,BEAM_EXTRA_BAR,MASS,NOT_APPLICABLE,,,,,,,,,,,,,,,,,,,,ABSENT: no hanger field and no hanger detail (TOP BARS listed; no hanger role asserted)
BM-GF_ROOF-B7-BA004-46F|SIDE_REBAR,BM-GF_ROOF-B7-BA004-46F,SIMPLE_BEAM,B7,,SIDE_REBAR,BEAM_SIDE_BAR,MASS,BLOCKED_UNQUANTIFIED,,,,12,2,,,,,,,,,,2%%C12/30cm,30.0,,,Q6,side bars '2%%C12/30cm' printed (2Ø12/30.0cm): '/30cm' semantics not established (per face or total; vertical spacing or other; bar length; end treatment) - never silently read as a vertical spacing (Q6) - quantity / mass not source-quantified
BM-GF_ROOF-B7-BA004-46F|STIRRUP_COUNT|SPAN1,BM-GF_ROOF-B7-BA004-46F,SIMPLE_BEAM,B7,,STIRRUP_COUNT,BEAM_STIRRUP,COUNT,BLOCKED_UNQUANTIFIED,,,1,8,,,,,,,,,,,,,,,Q9,rate or distribution length not established
BM-GF_ROOF-B7-BA004-46F|STIRRUP_CORE_PATH|SPAN1,BM-GF_ROOF-B7-BA004-46F,SIMPLE_BEAM,B7,,STIRRUP_CORE_PATH,BEAM_STIRRUP,MASS,BLOCKED_UNQUANTIFIED,,,1,8,,,,,,,,,,,,,,"[""LEGS / TOPOLOGY UNRESOLVED"", ""HOOKS BLOCKED_UNQUANTIFIED"", ""LEGS / LINK TOPOLOGY NOT_ESTABLISHED"", ""STIRRUP HOOKS NOT_ESTABLISHED""]",Q7,"stirrup mass needs legs, path, hooks and section; missing: LEGS / TOPOLOGY UNRESOLVED; HOOKS BLOCKED_UNQUANTIFIED; LEGS / LINK TOPOLOGY NOT_ESTABLISHED; STIRRUP HOOKS NOT_ESTABLISHED"
BM-GF_ROOF-B7-BA004-46F|HOOK_1,BM-GF_ROOF-B7-BA004-46F,SIMPLE_BEAM,B7,,HOOK_1,ANCHORAGE,MASS,BLOCKED_UNQUANTIFIED,,,,,,,,,,,,,,,,,,,Q1,"bar-end hook / bend: end legs drawn N.T.S. without a dimension; no project hook source; column hook rules are not imported - Q1 at end 1 ({'kind': 'NOT_STATED', 'refs': []})"
BM-GF_ROOF-B7-BA004-46F|DEVELOPMENT_1,BM-GF_ROOF-B7-BA004-46F,SIMPLE_BEAM,B7,,DEVELOPMENT_1,ANCHORAGE,MASS,BLOCKED_UNQUANTIFIED,,,,,,,,,,,,,,,,,,,Q1,"development / anchorage: no beam-source development rule (note 9 70Ø / 40Ø is starter-bar context only; no 40D, 70D, code, Urban default or external value is used) - Q1 at end 1 ({'kind': 'NOT_STATED', 'refs': []})"
BM-GF_ROOF-B7-BA004-46F|HOOK_2,BM-GF_ROOF-B7-BA004-46F,SIMPLE_BEAM,B7,,HOOK_2,ANCHORAGE,MASS,BLOCKED_UNQUANTIFIED,,,,,,,,,,,,,,,,,,,Q1,"bar-end hook / bend: end legs drawn N.T.S. without a dimension; no project hook source; column hook rules are not imported - Q1 at end 2 ({'kind': 'NOT_STATED', 'refs': []})"
BM-GF_ROOF-B7-BA004-46F|DEVELOPMENT_2,BM-GF_ROOF-B7-BA004-46F,SIMPLE_BEAM,B7,,DEVELOPMENT_2,ANCHORAGE,MASS,BLOCKED_UNQUANTIFIED,,,,,,,,,,,,,,,,,,,Q1,"development / anchorage: no beam-source development rule (note 9 70Ø / 40Ø is starter-bar context only; no 40D, 70D, code, Urban default or external value is used) - Q1 at end 2 ({'kind': 'NOT_STATED', 'refs': []})"
BM-GF_ROOF-B7-BA004-46F|OPENING_EXTRA_TOP,BM-GF_ROOF-B7-BA004-46F,SIMPLE_BEAM,B7,,OPENING_EXTRA_TOP,SPECIAL_DETAIL_BAR,MASS,NOT_APPLICABLE,,,,,,,,,,,,,,,,,,,,no source-identified physical opening in this beam (26 opening objects checked project-wide; the generic opening detail is not applied globally)
BM-GF_ROOF-B7-BA004-46F|OPENING_EXTRA_BOTTOM,BM-GF_ROOF-B7-BA004-46F,SIMPLE_BEAM,B7,,OPENING_EXTRA_BOTTOM,SPECIAL_DETAIL_BAR,MASS,NOT_APPLICABLE,,,,,,,,,,,,,,,,,,,,no source-identified physical opening in this beam (26 opening objects checked project-wide; the generic opening detail is not applied globally)
BM-GF_ROOF-B7-BA004-46F|OPENING_EXTRA_SIDE,BM-GF_ROOF-B7-BA004-46F,SIMPLE_BEAM,B7,,OPENING_EXTRA_SIDE,SPECIAL_DETAIL_BAR,MASS,NOT_APPLICABLE,,,,,,,,,,,,,,,,,,,,no source-identified physical opening in this beam (26 opening objects checked project-wide; the generic opening detail is not applied globally)
BM-GF_ROOF-B7-BA004-46F|OPENING_EXTRA_STIRRUP,BM-GF_ROOF-B7-BA004-46F,SIMPLE_BEAM,B7,,OPENING_EXTRA_STIRRUP,BEAM_STIRRUP,MASS,NOT_APPLICABLE,,,,,,,,,,,,,,,,,,,,no source-identified physical opening in this beam (26 opening objects checked project-wide; the generic opening detail is not applied globally)
BM-GF_ROOF-B7-BA004-46F|OTHER_EXPLICIT_EXTRA,BM-GF_ROOF-B7-BA004-46F,SIMPLE_BEAM,B7,,OTHER_EXPLICIT_EXTRA,SPECIAL_DETAIL_BAR,MASS,NOT_APPLICABLE,,,,,,,,,,,,,,,,,,,,no other explicit extra scheduled or detailed for this occurrence
BM-GF_ROOF-B7-BA005-471|TOP_MAIN|BM-GF_ROOF-B7-BA005-471:TOP_MAIN,BM-GF_ROOF-B7-BA005-471,SIMPLE_BEAM,B7,,TOP_MAIN,BEAM_TOP_BAR,MASS,BLOCKED_UNQUANTIFIED,,BM-GF_ROOF-B7-BA005-471:TOP_MAIN,,12,2,,,,,,,,,,,,,,Q9,straight run BLOCKED_UNQUANTIFIED (curved member: support faces at the arc ends not established)
BM-GF_ROOF-B7-BA005-471|BOTTOM_MAIN|BM-GF_ROOF-B7-BA005-471:BOTTOM_MAIN,BM-GF_ROOF-B7-BA005-471,SIMPLE_BEAM,B7,,BOTTOM_MAIN,BEAM_BOTTOM_BAR,MASS,BLOCKED_UNQUANTIFIED,,BM-GF_ROOF-B7-BA005-471:BOTTOM_MAIN,,16,3,,,,,,,,,,,,,,Q9,straight run BLOCKED_UNQUANTIFIED (curved member: support faces at the arc ends not established)
BM-GF_ROOF-B7-BA005-471|TOP_SUPPORT,BM-GF_ROOF-B7-BA005-471,SIMPLE_BEAM,B7,,TOP_SUPPORT,BEAM_EXTRA_BAR,MASS,NOT_APPLICABLE,,,,,,,,,,,,,,,,,,,,not scheduled in the SBT (no support bar field in the SBT)
BM-GF_ROOF-B7-BA005-471|BOTTOM_SUPPORT,BM-GF_ROOF-B7-BA005-471,SIMPLE_BEAM,B7,,BOTTOM_SUPPORT,BEAM_EXTRA_BAR,MASS,NOT_APPLICABLE,,,,,,,,,,,,,,,,,,,,not scheduled in the SBT (no bottom extra field in the SBT)
BM-GF_ROOF-B7-BA005-471|MID_TOP,BM-GF_ROOF-B7-BA005-471,SIMPLE_BEAM,B7,,MID_TOP,BEAM_EXTRA_BAR,MASS,NOT_APPLICABLE,,,,,,,,,,,,,,,,,,,,a simple beam has one span and no interior support; the SBT has no MID field
BM-GF_ROOF-B7-BA005-471|MID_BOTTOM,BM-GF_ROOF-B7-BA005-471,SIMPLE_BEAM,B7,,MID_BOTTOM,BEAM_EXTRA_BAR,MASS,NOT_APPLICABLE,,,,,,,,,,,,,,,,,,,,a simple beam has one span and no interior support; the SBT has no MID field
BM-GF_ROOF-B7-BA005-471|HANGER,BM-GF_ROOF-B7-BA005-471,SIMPLE_BEAM,B7,,HANGER,BEAM_EXTRA_BAR,MASS,NOT_APPLICABLE,,,,,,,,,,,,,,,,,,,,ABSENT: no hanger field and no hanger detail (TOP BARS listed; no hanger role asserted)
BM-GF_ROOF-B7-BA005-471|SIDE_REBAR,BM-GF_ROOF-B7-BA005-471,SIMPLE_BEAM,B7,,SIDE_REBAR,BEAM_SIDE_BAR,MASS,BLOCKED_UNQUANTIFIED,,,,12,2,,,,,,,,,,2%%C12/30cm,30.0,,,Q6,side bars '2%%C12/30cm' printed (2Ø12/30.0cm): '/30cm' semantics not established (per face or total; vertical spacing or other; bar length; end treatment) - never silently read as a vertical spacing (Q6) - quantity / mass not source-quantified
BM-GF_ROOF-B7-BA005-471|STIRRUP_COUNT|SPAN1,BM-GF_ROOF-B7-BA005-471,SIMPLE_BEAM,B7,,STIRRUP_COUNT,BEAM_STIRRUP,COUNT,BLOCKED_UNQUANTIFIED,,,1,8,,,,,,,,,,,,,,,Q9,rate or distribution length not established
BM-GF_ROOF-B7-BA005-471|STIRRUP_CORE_PATH|SPAN1,BM-GF_ROOF-B7-BA005-471,SIMPLE_BEAM,B7,,STIRRUP_CORE_PATH,BEAM_STIRRUP,MASS,BLOCKED_UNQUANTIFIED,,,1,8,,,,,,,,,,,,,,"[""LEGS / TOPOLOGY UNRESOLVED"", ""HOOKS BLOCKED_UNQUANTIFIED"", ""LEGS / LINK TOPOLOGY NOT_ESTABLISHED"", ""STIRRUP HOOKS NOT_ESTABLISHED""]",Q7,"stirrup mass needs legs, path, hooks and section; missing: LEGS / TOPOLOGY UNRESOLVED; HOOKS BLOCKED_UNQUANTIFIED; LEGS / LINK TOPOLOGY NOT_ESTABLISHED; STIRRUP HOOKS NOT_ESTABLISHED"
BM-GF_ROOF-B7-BA005-471|HOOK_1,BM-GF_ROOF-B7-BA005-471,SIMPLE_BEAM,B7,,HOOK_1,ANCHORAGE,MASS,BLOCKED_UNQUANTIFIED,,,,,,,,,,,,,,,,,,,Q1,"bar-end hook / bend: end legs drawn N.T.S. without a dimension; no project hook source; column hook rules are not imported - Q1 at end 1 ({'kind': 'NOT_STATED', 'refs': []})"
BM-GF_ROOF-B7-BA005-471|DEVELOPMENT_1,BM-GF_ROOF-B7-BA005-471,SIMPLE_BEAM,B7,,DEVELOPMENT_1,ANCHORAGE,MASS,BLOCKED_UNQUANTIFIED,,,,,,,,,,,,,,,,,,,Q1,"development / anchorage: no beam-source development rule (note 9 70Ø / 40Ø is starter-bar context only; no 40D, 70D, code, Urban default or external value is used) - Q1 at end 1 ({'kind': 'NOT_STATED', 'refs': []})"
BM-GF_ROOF-B7-BA005-471|HOOK_2,BM-GF_ROOF-B7-BA005-471,SIMPLE_BEAM,B7,,HOOK_2,ANCHORAGE,MASS,BLOCKED_UNQUANTIFIED,,,,,,,,,,,,,,,,,,,Q1,"bar-end hook / bend: end legs drawn N.T.S. without a dimension; no project hook source; column hook rules are not imported - Q1 at end 2 ({'kind': 'NOT_STATED', 'refs': []})"
BM-GF_ROOF-B7-BA005-471|DEVELOPMENT_2,BM-GF_ROOF-B7-BA005-471,SIMPLE_BEAM,B7,,DEVELOPMENT_2,ANCHORAGE,MASS,BLOCKED_UNQUANTIFIED,,,,,,,,,,,,,,,,,,,Q1,"development / anchorage: no beam-source development rule (note 9 70Ø / 40Ø is starter-bar context only; no 40D, 70D, code, Urban default or external value is used) - Q1 at end 2 ({'kind': 'NOT_STATED', 'refs': []})"
BM-GF_ROOF-B7-BA005-471|OPENING_EXTRA_TOP,BM-GF_ROOF-B7-BA005-471,SIMPLE_BEAM,B7,,OPENING_EXTRA_TOP,SPECIAL_DETAIL_BAR,MASS,NOT_APPLICABLE,,,,,,,,,,,,,,,,,,,,no source-identified physical opening in this beam (26 opening objects checked project-wide; the generic opening detail is not applied globally)
BM-GF_ROOF-B7-BA005-471|OPENING_EXTRA_BOTTOM,BM-GF_ROOF-B7-BA005-471,SIMPLE_BEAM,B7,,OPENING_EXTRA_BOTTOM,SPECIAL_DETAIL_BAR,MASS,NOT_APPLICABLE,,,,,,,,,,,,,,,,,,,,no source-identified physical opening in this beam (26 opening objects checked project-wide; the generic opening detail is not applied globally)
BM-GF_ROOF-B7-BA005-471|OPENING_EXTRA_SIDE,BM-GF_ROOF-B7-BA005-471,SIMPLE_BEAM,B7,,OPENING_EXTRA_SIDE,SPECIAL_DETAIL_BAR,MASS,NOT_APPLICABLE,,,,,,,,,,,,,,,,,,,,no source-identified physical opening in this beam (26 opening objects checked project-wide; the generic opening detail is not applied globally)
BM-GF_ROOF-B7-BA005-471|OPENING_EXTRA_STIRRUP,BM-GF_ROOF-B7-BA005-471,SIMPLE_BEAM,B7,,OPENING_EXTRA_STIRRUP,BEAM_STIRRUP,MASS,NOT_APPLICABLE,,,,,,,,,,,,,,,,,,,,no source-identified physical opening in this beam (26 opening objects checked project-wide; the generic opening detail is not applied globally)
BM-GF_ROOF-B7-BA005-471|OTHER_EXPLICIT_EXTRA,BM-GF_ROOF-B7-BA005-471,SIMPLE_BEAM,B7,,OTHER_EXPLICIT_EXTRA,SPECIAL_DETAIL_BAR,MASS,NOT_APPLICABLE,,,,,,,,,,,,,,,,,,,,no other explicit extra scheduled or detailed for this occurrence
BM-GF_ROOF-B7-BL028-4B6|TOP_MAIN|BM-GF_ROOF-B7-BL028-4B6:TOP_MAIN,BM-GF_ROOF-B7-BL028-4B6,SIMPLE_BEAM,B7,,TOP_MAIN,BEAM_TOP_BAR,MASS,LOWER_BOUND,SOURCE_BOUND,BM-GF_ROOF-B7-BL028-4B6:TOP_MAIN,,12,2,1.2,2.4,0.888889,2.133333,,,SOURCE_VERIFIED,NOT_ESTABLISHED,,,,"[""development / anchorage into the supports: no beam-source rule (note 9 70Ø/40Ø is for starter bars only; the slab 0.25L / 0.30L rules are never borrowed)"", ""DEVELOPMENT / ANCHORAGE at the end supports (not source-established)"", ""BAR-END HOOK / BEND at the end supports (not detailed)""]",,,development / anchorage into the supports: no beam-source rule (note 9 70Ø/40Ø is for starter bars only; the slab 0.25L / 0.30L rules are never borrowed); DEVELOPMENT / ANCHORAGE at the end supports (not source-established); BAR-END HOOK / BEND at the end supports (not detailed)
BM-GF_ROOF-B7-BL028-4B6|BOTTOM_MAIN|BM-GF_ROOF-B7-BL028-4B6:BOTTOM_MAIN,BM-GF_ROOF-B7-BL028-4B6,SIMPLE_BEAM,B7,,BOTTOM_MAIN,BEAM_BOTTOM_BAR,MASS,LOWER_BOUND,SOURCE_BOUND,BM-GF_ROOF-B7-BL028-4B6:BOTTOM_MAIN,,16,3,1.2,3.6,1.580247,5.688889,,,SOURCE_VERIFIED,NOT_ESTABLISHED,,,,"[""development / anchorage into the supports: no beam-source rule (note 9 70Ø/40Ø is for starter bars only; the slab 0.25L / 0.30L rules are never borrowed)"", ""DEVELOPMENT / ANCHORAGE at the end supports (not source-established)"", ""BAR-END HOOK / BEND at the end supports (not detailed)""]",,,development / anchorage into the supports: no beam-source rule (note 9 70Ø/40Ø is for starter bars only; the slab 0.25L / 0.30L rules are never borrowed); DEVELOPMENT / ANCHORAGE at the end supports (not source-established); BAR-END HOOK / BEND at the end supports (not detailed)
BM-GF_ROOF-B7-BL028-4B6|TOP_SUPPORT,BM-GF_ROOF-B7-BL028-4B6,SIMPLE_BEAM,B7,,TOP_SUPPORT,BEAM_EXTRA_BAR,MASS,NOT_APPLICABLE,,,,,,,,,,,,,,,,,,,,not scheduled in the SBT (no support bar field in the SBT)
BM-GF_ROOF-B7-BL028-4B6|BOTTOM_SUPPORT,BM-GF_ROOF-B7-BL028-4B6,SIMPLE_BEAM,B7,,BOTTOM_SUPPORT,BEAM_EXTRA_BAR,MASS,NOT_APPLICABLE,,,,,,,,,,,,,,,,,,,,not scheduled in the SBT (no bottom extra field in the SBT)
BM-GF_ROOF-B7-BL028-4B6|MID_TOP,BM-GF_ROOF-B7-BL028-4B6,SIMPLE_BEAM,B7,,MID_TOP,BEAM_EXTRA_BAR,MASS,NOT_APPLICABLE,,,,,,,,,,,,,,,,,,,,a simple beam has one span and no interior support; the SBT has no MID field
BM-GF_ROOF-B7-BL028-4B6|MID_BOTTOM,BM-GF_ROOF-B7-BL028-4B6,SIMPLE_BEAM,B7,,MID_BOTTOM,BEAM_EXTRA_BAR,MASS,NOT_APPLICABLE,,,,,,,,,,,,,,,,,,,,a simple beam has one span and no interior support; the SBT has no MID field
BM-GF_ROOF-B7-BL028-4B6|HANGER,BM-GF_ROOF-B7-BL028-4B6,SIMPLE_BEAM,B7,,HANGER,BEAM_EXTRA_BAR,MASS,NOT_APPLICABLE,,,,,,,,,,,,,,,,,,,,ABSENT: no hanger field and no hanger detail (TOP BARS listed; no hanger role asserted)
BM-GF_ROOF-B7-BL028-4B6|SIDE_REBAR,BM-GF_ROOF-B7-BL028-4B6,SIMPLE_BEAM,B7,,SIDE_REBAR,BEAM_SIDE_BAR,MASS,BLOCKED_UNQUANTIFIED,,,,12,2,,,,,,,,,,2%%C12/30cm,30.0,,,Q6,side bars '2%%C12/30cm' printed (2Ø12/30.0cm): '/30cm' semantics not established (per face or total; vertical spacing or other; bar length; end treatment) - never silently read as a vertical spacing (Q6) - quantity / mass not source-quantified
BM-GF_ROOF-B7-BL028-4B6|STIRRUP_COUNT|SPAN1,BM-GF_ROOF-B7-BL028-4B6,SIMPLE_BEAM,B7,,STIRRUP_COUNT,BEAM_STIRRUP,COUNT,LOWER_BOUND,SOURCE_BOUND,,1,8,,,,,,8,9,,,,,,,,,first / last stirrup position not stated; no +1
BM-GF_ROOF-B7-BL028-4B6|STIRRUP_CORE_PATH|SPAN1,BM-GF_ROOF-B7-BL028-4B6,SIMPLE_BEAM,B7,,STIRRUP_CORE_PATH,BEAM_STIRRUP,MASS,BLOCKED_UNQUANTIFIED,,,1,8,,,,,,,,,,,,,,"[""LEGS / TOPOLOGY UNRESOLVED"", ""HOOKS BLOCKED_UNQUANTIFIED"", ""LEGS / LINK TOPOLOGY NOT_ESTABLISHED"", ""STIRRUP HOOKS NOT_ESTABLISHED""]",Q7,"stirrup mass needs legs, path, hooks and section; missing: LEGS / TOPOLOGY UNRESOLVED; HOOKS BLOCKED_UNQUANTIFIED; LEGS / LINK TOPOLOGY NOT_ESTABLISHED; STIRRUP HOOKS NOT_ESTABLISHED"
BM-GF_ROOF-B7-BL028-4B6|HOOK_1,BM-GF_ROOF-B7-BL028-4B6,SIMPLE_BEAM,B7,,HOOK_1,ANCHORAGE,MASS,BLOCKED_UNQUANTIFIED,,,,,,,,,,,,,,,,,,,Q1,"bar-end hook / bend: end legs drawn N.T.S. without a dimension; no project hook source; column hook rules are not imported - Q1 at end 1 ({'kind': 'COLUMN', 'refs': ['GFRS:33E']})"
BM-GF_ROOF-B7-BL028-4B6|DEVELOPMENT_1,BM-GF_ROOF-B7-BL028-4B6,SIMPLE_BEAM,B7,,DEVELOPMENT_1,ANCHORAGE,MASS,BLOCKED_UNQUANTIFIED,,,,,,,,,,,,,,,,,,,Q1,"development / anchorage: no beam-source development rule (note 9 70Ø / 40Ø is starter-bar context only; no 40D, 70D, code, Urban default or external value is used) - Q1 at end 1 ({'kind': 'COLUMN', 'refs': ['GFRS:33E']})"
BM-GF_ROOF-B7-BL028-4B6|HOOK_2,BM-GF_ROOF-B7-BL028-4B6,SIMPLE_BEAM,B7,,HOOK_2,ANCHORAGE,MASS,BLOCKED_UNQUANTIFIED,,,,,,,,,,,,,,,,,,,Q1,"bar-end hook / bend: end legs drawn N.T.S. without a dimension; no project hook source; column hook rules are not imported - Q1 at end 2 ({'kind': 'COLUMN', 'refs': ['GFRS:341']})"
BM-GF_ROOF-B7-BL028-4B6|DEVELOPMENT_2,BM-GF_ROOF-B7-BL028-4B6,SIMPLE_BEAM,B7,,DEVELOPMENT_2,ANCHORAGE,MASS,BLOCKED_UNQUANTIFIED,,,,,,,,,,,,,,,,,,,Q1,"development / anchorage: no beam-source development rule (note 9 70Ø / 40Ø is starter-bar context only; no 40D, 70D, code, Urban default or external value is used) - Q1 at end 2 ({'kind': 'COLUMN', 'refs': ['GFRS:341']})"
BM-GF_ROOF-B7-BL028-4B6|OPENING_EXTRA_TOP,BM-GF_ROOF-B7-BL028-4B6,SIMPLE_BEAM,B7,,OPENING_EXTRA_TOP,SPECIAL_DETAIL_BAR,MASS,NOT_APPLICABLE,,,,,,,,,,,,,,,,,,,,no source-identified physical opening in this beam (26 opening objects checked project-wide; the generic opening detail is not applied globally)
BM-GF_ROOF-B7-BL028-4B6|OPENING_EXTRA_BOTTOM,BM-GF_ROOF-B7-BL028-4B6,SIMPLE_BEAM,B7,,OPENING_EXTRA_BOTTOM,SPECIAL_DETAIL_BAR,MASS,NOT_APPLICABLE,,,,,,,,,,,,,,,,,,,,no source-identified physical opening in this beam (26 opening objects checked project-wide; the generic opening detail is not applied globally)
BM-GF_ROOF-B7-BL028-4B6|OPENING_EXTRA_SIDE,BM-GF_ROOF-B7-BL028-4B6,SIMPLE_BEAM,B7,,OPENING_EXTRA_SIDE,SPECIAL_DETAIL_BAR,MASS,NOT_APPLICABLE,,,,,,,,,,,,,,,,,,,,no source-identified physical opening in this beam (26 opening objects checked project-wide; the generic opening detail is not applied globally)
BM-GF_ROOF-B7-BL028-4B6|OPENING_EXTRA_STIRRUP,BM-GF_ROOF-B7-BL028-4B6,SIMPLE_BEAM,B7,,OPENING_EXTRA_STIRRUP,BEAM_STIRRUP,MASS,NOT_APPLICABLE,,,,,,,,,,,,,,,,,,,,no source-identified physical opening in this beam (26 opening objects checked project-wide; the generic opening detail is not applied globally)
BM-GF_ROOF-B7-BL028-4B6|OTHER_EXPLICIT_EXTRA,BM-GF_ROOF-B7-BL028-4B6,SIMPLE_BEAM,B7,,OTHER_EXPLICIT_EXTRA,SPECIAL_DETAIL_BAR,MASS,NOT_APPLICABLE,,,,,,,,,,,,,,,,,,,,no other explicit extra scheduled or detailed for this occurrence
BM-GF_ROOF-B7-BL046-4D2|TOP_MAIN|BM-GF_ROOF-B7-BL046-4D2:TOP_MAIN,BM-GF_ROOF-B7-BL046-4D2,SIMPLE_BEAM,B7,,TOP_MAIN,BEAM_TOP_BAR,MASS,LOWER_BOUND,SOURCE_BOUND,BM-GF_ROOF-B7-BL046-4D2:TOP_MAIN,,12,2,1.7,3.4,0.888889,3.022222,,,SOURCE_VERIFIED,NOT_ESTABLISHED,,,,"[""development / anchorage into the supports: no beam-source rule (note 9 70Ø/40Ø is for starter bars only; the slab 0.25L / 0.30L rules are never borrowed)"", ""DEVELOPMENT / ANCHORAGE at the end supports (not source-established)"", ""BAR-END HOOK / BEND at the end supports (not detailed)""]",,,development / anchorage into the supports: no beam-source rule (note 9 70Ø/40Ø is for starter bars only; the slab 0.25L / 0.30L rules are never borrowed); DEVELOPMENT / ANCHORAGE at the end supports (not source-established); BAR-END HOOK / BEND at the end supports (not detailed)
BM-GF_ROOF-B7-BL046-4D2|BOTTOM_MAIN|BM-GF_ROOF-B7-BL046-4D2:BOTTOM_MAIN,BM-GF_ROOF-B7-BL046-4D2,SIMPLE_BEAM,B7,,BOTTOM_MAIN,BEAM_BOTTOM_BAR,MASS,LOWER_BOUND,SOURCE_BOUND,BM-GF_ROOF-B7-BL046-4D2:BOTTOM_MAIN,,16,3,1.7,5.1,1.580247,8.059259,,,SOURCE_VERIFIED,NOT_ESTABLISHED,,,,"[""development / anchorage into the supports: no beam-source rule (note 9 70Ø/40Ø is for starter bars only; the slab 0.25L / 0.30L rules are never borrowed)"", ""DEVELOPMENT / ANCHORAGE at the end supports (not source-established)"", ""BAR-END HOOK / BEND at the end supports (not detailed)""]",,,development / anchorage into the supports: no beam-source rule (note 9 70Ø/40Ø is for starter bars only; the slab 0.25L / 0.30L rules are never borrowed); DEVELOPMENT / ANCHORAGE at the end supports (not source-established); BAR-END HOOK / BEND at the end supports (not detailed)
BM-GF_ROOF-B7-BL046-4D2|TOP_SUPPORT,BM-GF_ROOF-B7-BL046-4D2,SIMPLE_BEAM,B7,,TOP_SUPPORT,BEAM_EXTRA_BAR,MASS,NOT_APPLICABLE,,,,,,,,,,,,,,,,,,,,not scheduled in the SBT (no support bar field in the SBT)
BM-GF_ROOF-B7-BL046-4D2|BOTTOM_SUPPORT,BM-GF_ROOF-B7-BL046-4D2,SIMPLE_BEAM,B7,,BOTTOM_SUPPORT,BEAM_EXTRA_BAR,MASS,NOT_APPLICABLE,,,,,,,,,,,,,,,,,,,,not scheduled in the SBT (no bottom extra field in the SBT)
BM-GF_ROOF-B7-BL046-4D2|MID_TOP,BM-GF_ROOF-B7-BL046-4D2,SIMPLE_BEAM,B7,,MID_TOP,BEAM_EXTRA_BAR,MASS,NOT_APPLICABLE,,,,,,,,,,,,,,,,,,,,a simple beam has one span and no interior support; the SBT has no MID field
BM-GF_ROOF-B7-BL046-4D2|MID_BOTTOM,BM-GF_ROOF-B7-BL046-4D2,SIMPLE_BEAM,B7,,MID_BOTTOM,BEAM_EXTRA_BAR,MASS,NOT_APPLICABLE,,,,,,,,,,,,,,,,,,,,a simple beam has one span and no interior support; the SBT has no MID field
BM-GF_ROOF-B7-BL046-4D2|HANGER,BM-GF_ROOF-B7-BL046-4D2,SIMPLE_BEAM,B7,,HANGER,BEAM_EXTRA_BAR,MASS,NOT_APPLICABLE,,,,,,,,,,,,,,,,,,,,ABSENT: no hanger field and no hanger detail (TOP BARS listed; no hanger role asserted)
BM-GF_ROOF-B7-BL046-4D2|SIDE_REBAR,BM-GF_ROOF-B7-BL046-4D2,SIMPLE_BEAM,B7,,SIDE_REBAR,BEAM_SIDE_BAR,MASS,BLOCKED_UNQUANTIFIED,,,,12,2,,,,,,,,,,2%%C12/30cm,30.0,,,Q6,side bars '2%%C12/30cm' printed (2Ø12/30.0cm): '/30cm' semantics not established (per face or total; vertical spacing or other; bar length; end treatment) - never silently read as a vertical spacing (Q6) - quantity / mass not source-quantified
BM-GF_ROOF-B7-BL046-4D2|STIRRUP_COUNT|SPAN1,BM-GF_ROOF-B7-BL046-4D2,SIMPLE_BEAM,B7,,STIRRUP_COUNT,BEAM_STIRRUP,COUNT,LOWER_BOUND,SOURCE_BOUND,,1,8,,,,,,11,12,,,,,,,,,first / last stirrup position not stated; no +1
BM-GF_ROOF-B7-BL046-4D2|STIRRUP_CORE_PATH|SPAN1,BM-GF_ROOF-B7-BL046-4D2,SIMPLE_BEAM,B7,,STIRRUP_CORE_PATH,BEAM_STIRRUP,MASS,BLOCKED_UNQUANTIFIED,,,1,8,,,,,,,,,,,,,,"[""LEGS / TOPOLOGY UNRESOLVED"", ""HOOKS BLOCKED_UNQUANTIFIED"", ""LEGS / LINK TOPOLOGY NOT_ESTABLISHED"", ""STIRRUP HOOKS NOT_ESTABLISHED""]",Q7,"stirrup mass needs legs, path, hooks and section; missing: LEGS / TOPOLOGY UNRESOLVED; HOOKS BLOCKED_UNQUANTIFIED; LEGS / LINK TOPOLOGY NOT_ESTABLISHED; STIRRUP HOOKS NOT_ESTABLISHED"
BM-GF_ROOF-B7-BL046-4D2|HOOK_1,BM-GF_ROOF-B7-BL046-4D2,SIMPLE_BEAM,B7,,HOOK_1,ANCHORAGE,MASS,BLOCKED_UNQUANTIFIED,,,,,,,,,,,,,,,,,,,Q1,"bar-end hook / bend: end legs drawn N.T.S. without a dimension; no project hook source; column hook rules are not imported - Q1 at end 1 ({'kind': 'BEAM_CARRIED_BY', 'refs': ['BL031']})"
BM-GF_ROOF-B7-BL046-4D2|DEVELOPMENT_1,BM-GF_ROOF-B7-BL046-4D2,SIMPLE_BEAM,B7,,DEVELOPMENT_1,ANCHORAGE,MASS,BLOCKED_UNQUANTIFIED,,,,,,,,,,,,,,,,,,,Q1,"development / anchorage: no beam-source development rule (note 9 70Ø / 40Ø is starter-bar context only; no 40D, 70D, code, Urban default or external value is used) - Q1 at end 1 ({'kind': 'BEAM_CARRIED_BY', 'refs': ['BL031']})"
BM-GF_ROOF-B7-BL046-4D2|HOOK_2,BM-GF_ROOF-B7-BL046-4D2,SIMPLE_BEAM,B7,,HOOK_2,ANCHORAGE,MASS,BLOCKED_UNQUANTIFIED,,,,,,,,,,,,,,,,,,,Q1,"bar-end hook / bend: end legs drawn N.T.S. without a dimension; no project hook source; column hook rules are not imported - Q1 at end 2 ({'kind': 'BEAM_CARRIED_BY', 'refs': ['BL007']})"
BM-GF_ROOF-B7-BL046-4D2|DEVELOPMENT_2,BM-GF_ROOF-B7-BL046-4D2,SIMPLE_BEAM,B7,,DEVELOPMENT_2,ANCHORAGE,MASS,BLOCKED_UNQUANTIFIED,,,,,,,,,,,,,,,,,,,Q1,"development / anchorage: no beam-source development rule (note 9 70Ø / 40Ø is starter-bar context only; no 40D, 70D, code, Urban default or external value is used) - Q1 at end 2 ({'kind': 'BEAM_CARRIED_BY', 'refs': ['BL007']})"
BM-GF_ROOF-B7-BL046-4D2|OPENING_EXTRA_TOP,BM-GF_ROOF-B7-BL046-4D2,SIMPLE_BEAM,B7,,OPENING_EXTRA_TOP,SPECIAL_DETAIL_BAR,MASS,NOT_APPLICABLE,,,,,,,,,,,,,,,,,,,,no source-identified physical opening in this beam (26 opening objects checked project-wide; the generic opening detail is not applied globally)
BM-GF_ROOF-B7-BL046-4D2|OPENING_EXTRA_BOTTOM,BM-GF_ROOF-B7-BL046-4D2,SIMPLE_BEAM,B7,,OPENING_EXTRA_BOTTOM,SPECIAL_DETAIL_BAR,MASS,NOT_APPLICABLE,,,,,,,,,,,,,,,,,,,,no source-identified physical opening in this beam (26 opening objects checked project-wide; the generic opening detail is not applied globally)
BM-GF_ROOF-B7-BL046-4D2|OPENING_EXTRA_SIDE,BM-GF_ROOF-B7-BL046-4D2,SIMPLE_BEAM,B7,,OPENING_EXTRA_SIDE,SPECIAL_DETAIL_BAR,MASS,NOT_APPLICABLE,,,,,,,,,,,,,,,,,,,,no source-identified physical opening in this beam (26 opening objects checked project-wide; the generic opening detail is not applied globally)
BM-GF_ROOF-B7-BL046-4D2|OPENING_EXTRA_STIRRUP,BM-GF_ROOF-B7-BL046-4D2,SIMPLE_BEAM,B7,,OPENING_EXTRA_STIRRUP,BEAM_STIRRUP,MASS,NOT_APPLICABLE,,,,,,,,,,,,,,,,,,,,no source-identified physical opening in this beam (26 opening objects checked project-wide; the generic opening detail is not applied globally)
BM-GF_ROOF-B7-BL046-4D2|OTHER_EXPLICIT_EXTRA,BM-GF_ROOF-B7-BL046-4D2,SIMPLE_BEAM,B7,,OTHER_EXPLICIT_EXTRA,SPECIAL_DETAIL_BAR,MASS,NOT_APPLICABLE,,,,,,,,,,,,,,,,,,,,no other explicit extra scheduled or detailed for this occurrence
BM-GF_ROOF-B8-BL031-472|TOP_MAIN|BM-GF_ROOF-B8-BL031-472:TOP_MAIN,BM-GF_ROOF-B8-BL031-472,SIMPLE_BEAM,B8,,TOP_MAIN,BEAM_TOP_BAR,MASS,LOWER_BOUND,SOURCE_BOUND,BM-GF_ROOF-B8-BL031-472:TOP_MAIN,,12,2,3.52,7.04,0.888889,6.257778,,,SOURCE_VERIFIED,NOT_ESTABLISHED,,,,"[""development / anchorage into the supports: no beam-source rule (note 9 70Ø/40Ø is for starter bars only; the slab 0.25L / 0.30L rules are never borrowed)"", ""DEVELOPMENT / ANCHORAGE at the end supports (not source-established)"", ""BAR-END HOOK / BEND at the end supports (not detailed)""]",,,development / anchorage into the supports: no beam-source rule (note 9 70Ø/40Ø is for starter bars only; the slab 0.25L / 0.30L rules are never borrowed); DEVELOPMENT / ANCHORAGE at the end supports (not source-established); BAR-END HOOK / BEND at the end supports (not detailed)
BM-GF_ROOF-B8-BL031-472|BOTTOM_MAIN|BM-GF_ROOF-B8-BL031-472:BOTTOM_MAIN,BM-GF_ROOF-B8-BL031-472,SIMPLE_BEAM,B8,,BOTTOM_MAIN,BEAM_BOTTOM_BAR,MASS,LOWER_BOUND,SOURCE_BOUND,BM-GF_ROOF-B8-BL031-472:BOTTOM_MAIN,,16,4,3.52,14.08,1.580247,22.249877,,,SOURCE_VERIFIED,NOT_ESTABLISHED,,,,"[""development / anchorage into the supports: no beam-source rule (note 9 70Ø/40Ø is for starter bars only; the slab 0.25L / 0.30L rules are never borrowed)"", ""DEVELOPMENT / ANCHORAGE at the end supports (not source-established)"", ""BAR-END HOOK / BEND at the end supports (not detailed)""]",,,development / anchorage into the supports: no beam-source rule (note 9 70Ø/40Ø is for starter bars only; the slab 0.25L / 0.30L rules are never borrowed); DEVELOPMENT / ANCHORAGE at the end supports (not source-established); BAR-END HOOK / BEND at the end supports (not detailed)
BM-GF_ROOF-B8-BL031-472|TOP_SUPPORT,BM-GF_ROOF-B8-BL031-472,SIMPLE_BEAM,B8,,TOP_SUPPORT,BEAM_EXTRA_BAR,MASS,NOT_APPLICABLE,,,,,,,,,,,,,,,,,,,,not scheduled in the SBT (no support bar field in the SBT)
BM-GF_ROOF-B8-BL031-472|BOTTOM_SUPPORT,BM-GF_ROOF-B8-BL031-472,SIMPLE_BEAM,B8,,BOTTOM_SUPPORT,BEAM_EXTRA_BAR,MASS,NOT_APPLICABLE,,,,,,,,,,,,,,,,,,,,not scheduled in the SBT (no bottom extra field in the SBT)
BM-GF_ROOF-B8-BL031-472|MID_TOP,BM-GF_ROOF-B8-BL031-472,SIMPLE_BEAM,B8,,MID_TOP,BEAM_EXTRA_BAR,MASS,NOT_APPLICABLE,,,,,,,,,,,,,,,,,,,,a simple beam has one span and no interior support; the SBT has no MID field
BM-GF_ROOF-B8-BL031-472|MID_BOTTOM,BM-GF_ROOF-B8-BL031-472,SIMPLE_BEAM,B8,,MID_BOTTOM,BEAM_EXTRA_BAR,MASS,NOT_APPLICABLE,,,,,,,,,,,,,,,,,,,,a simple beam has one span and no interior support; the SBT has no MID field
BM-GF_ROOF-B8-BL031-472|HANGER,BM-GF_ROOF-B8-BL031-472,SIMPLE_BEAM,B8,,HANGER,BEAM_EXTRA_BAR,MASS,NOT_APPLICABLE,,,,,,,,,,,,,,,,,,,,ABSENT: no hanger field and no hanger detail (TOP BARS listed; no hanger role asserted)
BM-GF_ROOF-B8-BL031-472|SIDE_REBAR,BM-GF_ROOF-B8-BL031-472,SIMPLE_BEAM,B8,,SIDE_REBAR,BEAM_SIDE_BAR,MASS,BLOCKED_UNQUANTIFIED,,,,12,2,,,,,,,,,,2%%C12/30cm,30.0,,,Q6,side bars '2%%C12/30cm' printed (2Ø12/30.0cm): '/30cm' semantics not established (per face or total; vertical spacing or other; bar length; end treatment) - never silently read as a vertical spacing (Q6) - quantity / mass not source-quantified
BM-GF_ROOF-B8-BL031-472|STIRRUP_COUNT|SPAN1,BM-GF_ROOF-B8-BL031-472,SIMPLE_BEAM,B8,,STIRRUP_COUNT,BEAM_STIRRUP,COUNT,LOWER_BOUND,SOURCE_BOUND,,1,8,,,,,,22,23,,,,,,,,,first / last stirrup position not stated; no +1
BM-GF_ROOF-B8-BL031-472|STIRRUP_CORE_PATH|SPAN1,BM-GF_ROOF-B8-BL031-472,SIMPLE_BEAM,B8,,STIRRUP_CORE_PATH,BEAM_STIRRUP,MASS,BLOCKED_UNQUANTIFIED,,,1,8,,,,,,,,,,,,,,"[""LEGS / TOPOLOGY UNRESOLVED"", ""HOOKS BLOCKED_UNQUANTIFIED"", ""LEGS / LINK TOPOLOGY NOT_ESTABLISHED"", ""STIRRUP HOOKS NOT_ESTABLISHED""]",Q7,"stirrup mass needs legs, path, hooks and section; missing: LEGS / TOPOLOGY UNRESOLVED; HOOKS BLOCKED_UNQUANTIFIED; LEGS / LINK TOPOLOGY NOT_ESTABLISHED; STIRRUP HOOKS NOT_ESTABLISHED"
BM-GF_ROOF-B8-BL031-472|HOOK_1,BM-GF_ROOF-B8-BL031-472,SIMPLE_BEAM,B8,,HOOK_1,ANCHORAGE,MASS,BLOCKED_UNQUANTIFIED,,,,,,,,,,,,,,,,,,,Q1,"bar-end hook / bend: end legs drawn N.T.S. without a dimension; no project hook source; column hook rules are not imported - Q1 at end 1 ({'kind': 'BEAM_CARRIED_BY', 'refs': ['BL044']})"
BM-GF_ROOF-B8-BL031-472|DEVELOPMENT_1,BM-GF_ROOF-B8-BL031-472,SIMPLE_BEAM,B8,,DEVELOPMENT_1,ANCHORAGE,MASS,BLOCKED_UNQUANTIFIED,,,,,,,,,,,,,,,,,,,Q1,"development / anchorage: no beam-source development rule (note 9 70Ø / 40Ø is starter-bar context only; no 40D, 70D, code, Urban default or external value is used) - Q1 at end 1 ({'kind': 'BEAM_CARRIED_BY', 'refs': ['BL044']})"
BM-GF_ROOF-B8-BL031-472|HOOK_2,BM-GF_ROOF-B8-BL031-472,SIMPLE_BEAM,B8,,HOOK_2,ANCHORAGE,MASS,BLOCKED_UNQUANTIFIED,,,,,,,,,,,,,,,,,,,Q1,"bar-end hook / bend: end legs drawn N.T.S. without a dimension; no project hook source; column hook rules are not imported - Q1 at end 2 ({'kind': 'BEAM_CARRIED_BY', 'refs': ['BL043']})"
BM-GF_ROOF-B8-BL031-472|DEVELOPMENT_2,BM-GF_ROOF-B8-BL031-472,SIMPLE_BEAM,B8,,DEVELOPMENT_2,ANCHORAGE,MASS,BLOCKED_UNQUANTIFIED,,,,,,,,,,,,,,,,,,,Q1,"development / anchorage: no beam-source development rule (note 9 70Ø / 40Ø is starter-bar context only; no 40D, 70D, code, Urban default or external value is used) - Q1 at end 2 ({'kind': 'BEAM_CARRIED_BY', 'refs': ['BL043']})"
BM-GF_ROOF-B8-BL031-472|OPENING_EXTRA_TOP,BM-GF_ROOF-B8-BL031-472,SIMPLE_BEAM,B8,,OPENING_EXTRA_TOP,SPECIAL_DETAIL_BAR,MASS,NOT_APPLICABLE,,,,,,,,,,,,,,,,,,,,no source-identified physical opening in this beam (26 opening objects checked project-wide; the generic opening detail is not applied globally)
BM-GF_ROOF-B8-BL031-472|OPENING_EXTRA_BOTTOM,BM-GF_ROOF-B8-BL031-472,SIMPLE_BEAM,B8,,OPENING_EXTRA_BOTTOM,SPECIAL_DETAIL_BAR,MASS,NOT_APPLICABLE,,,,,,,,,,,,,,,,,,,,no source-identified physical opening in this beam (26 opening objects checked project-wide; the generic opening detail is not applied globally)
BM-GF_ROOF-B8-BL031-472|OPENING_EXTRA_SIDE,BM-GF_ROOF-B8-BL031-472,SIMPLE_BEAM,B8,,OPENING_EXTRA_SIDE,SPECIAL_DETAIL_BAR,MASS,NOT_APPLICABLE,,,,,,,,,,,,,,,,,,,,no source-identified physical opening in this beam (26 opening objects checked project-wide; the generic opening detail is not applied globally)
BM-GF_ROOF-B8-BL031-472|OPENING_EXTRA_STIRRUP,BM-GF_ROOF-B8-BL031-472,SIMPLE_BEAM,B8,,OPENING_EXTRA_STIRRUP,BEAM_STIRRUP,MASS,NOT_APPLICABLE,,,,,,,,,,,,,,,,,,,,no source-identified physical opening in this beam (26 opening objects checked project-wide; the generic opening detail is not applied globally)
BM-GF_ROOF-B8-BL031-472|OTHER_EXPLICIT_EXTRA,BM-GF_ROOF-B8-BL031-472,SIMPLE_BEAM,B8,,OTHER_EXPLICIT_EXTRA,SPECIAL_DETAIL_BAR,MASS,NOT_APPLICABLE,,,,,,,,,,,,,,,,,,,,no other explicit extra scheduled or detailed for this occurrence
BM-GF_ROOF-B9-BL011-5BD|TOP_MAIN|BM-GF_ROOF-B9-BL011-5BD:TOP_MAIN,BM-GF_ROOF-B9-BL011-5BD,SIMPLE_BEAM,B9,,TOP_MAIN,BEAM_TOP_BAR,MASS,LOWER_BOUND,SOURCE_BOUND,BM-GF_ROOF-B9-BL011-5BD:TOP_MAIN,,12,2,6.1,12.2,0.888889,10.844444,,,SOURCE_VERIFIED,NOT_ESTABLISHED,,,,"[""development / anchorage into the supports: no beam-source rule (note 9 70Ø/40Ø is for starter bars only; the slab 0.25L / 0.30L rules are never borrowed)"", ""DEVELOPMENT / ANCHORAGE at the end supports (not source-established)"", ""BAR-END HOOK / BEND at the end supports (not detailed)""]",,,development / anchorage into the supports: no beam-source rule (note 9 70Ø/40Ø is for starter bars only; the slab 0.25L / 0.30L rules are never borrowed); DEVELOPMENT / ANCHORAGE at the end supports (not source-established); BAR-END HOOK / BEND at the end supports (not detailed)
BM-GF_ROOF-B9-BL011-5BD|BOTTOM_MAIN|BM-GF_ROOF-B9-BL011-5BD:BOTTOM_MAIN,BM-GF_ROOF-B9-BL011-5BD,SIMPLE_BEAM,B9,,BOTTOM_MAIN,BEAM_BOTTOM_BAR,MASS,LOWER_BOUND,SOURCE_BOUND,BM-GF_ROOF-B9-BL011-5BD:BOTTOM_MAIN,,18,4,6.1,24.4,2.0,48.8,,,SOURCE_VERIFIED,NOT_ESTABLISHED,,,,"[""development / anchorage into the supports: no beam-source rule (note 9 70Ø/40Ø is for starter bars only; the slab 0.25L / 0.30L rules are never borrowed)"", ""DEVELOPMENT / ANCHORAGE at the end supports (not source-established)"", ""BAR-END HOOK / BEND at the end supports (not detailed)""]",,,development / anchorage into the supports: no beam-source rule (note 9 70Ø/40Ø is for starter bars only; the slab 0.25L / 0.30L rules are never borrowed); DEVELOPMENT / ANCHORAGE at the end supports (not source-established); BAR-END HOOK / BEND at the end supports (not detailed)
BM-GF_ROOF-B9-BL011-5BD|TOP_SUPPORT,BM-GF_ROOF-B9-BL011-5BD,SIMPLE_BEAM,B9,,TOP_SUPPORT,BEAM_EXTRA_BAR,MASS,NOT_APPLICABLE,,,,,,,,,,,,,,,,,,,,not scheduled in the SBT (no support bar field in the SBT)
BM-GF_ROOF-B9-BL011-5BD|BOTTOM_SUPPORT,BM-GF_ROOF-B9-BL011-5BD,SIMPLE_BEAM,B9,,BOTTOM_SUPPORT,BEAM_EXTRA_BAR,MASS,NOT_APPLICABLE,,,,,,,,,,,,,,,,,,,,not scheduled in the SBT (no bottom extra field in the SBT)
BM-GF_ROOF-B9-BL011-5BD|MID_TOP,BM-GF_ROOF-B9-BL011-5BD,SIMPLE_BEAM,B9,,MID_TOP,BEAM_EXTRA_BAR,MASS,NOT_APPLICABLE,,,,,,,,,,,,,,,,,,,,a simple beam has one span and no interior support; the SBT has no MID field
BM-GF_ROOF-B9-BL011-5BD|MID_BOTTOM,BM-GF_ROOF-B9-BL011-5BD,SIMPLE_BEAM,B9,,MID_BOTTOM,BEAM_EXTRA_BAR,MASS,NOT_APPLICABLE,,,,,,,,,,,,,,,,,,,,a simple beam has one span and no interior support; the SBT has no MID field
BM-GF_ROOF-B9-BL011-5BD|HANGER,BM-GF_ROOF-B9-BL011-5BD,SIMPLE_BEAM,B9,,HANGER,BEAM_EXTRA_BAR,MASS,NOT_APPLICABLE,,,,,,,,,,,,,,,,,,,,ABSENT: no hanger field and no hanger detail (TOP BARS listed; no hanger role asserted)
BM-GF_ROOF-B9-BL011-5BD|SIDE_REBAR,BM-GF_ROOF-B9-BL011-5BD,SIMPLE_BEAM,B9,,SIDE_REBAR,BEAM_SIDE_BAR,MASS,BLOCKED_UNQUANTIFIED,,,,12,2,,,,,,,,,,2%%C12/30cm,30.0,,,Q6,side bars '2%%C12/30cm' printed (2Ø12/30.0cm): '/30cm' semantics not established (per face or total; vertical spacing or other; bar length; end treatment) - never silently read as a vertical spacing (Q6) - quantity / mass not source-quantified
BM-GF_ROOF-B9-BL011-5BD|STIRRUP_COUNT|SPAN1,BM-GF_ROOF-B9-BL011-5BD,SIMPLE_BEAM,B9,,STIRRUP_COUNT,BEAM_STIRRUP,COUNT,LOWER_BOUND,SOURCE_BOUND,,1,8,,,,,,37,38,,,,,,,,,first / last stirrup position not stated; no +1
BM-GF_ROOF-B9-BL011-5BD|STIRRUP_CORE_PATH|SPAN1,BM-GF_ROOF-B9-BL011-5BD,SIMPLE_BEAM,B9,,STIRRUP_CORE_PATH,BEAM_STIRRUP,MASS,BLOCKED_UNQUANTIFIED,,,1,8,,,,,,,,,,,,,,"[""LEGS / TOPOLOGY UNRESOLVED"", ""HOOKS BLOCKED_UNQUANTIFIED"", ""LEGS / LINK TOPOLOGY NOT_ESTABLISHED"", ""STIRRUP HOOKS NOT_ESTABLISHED""]",Q7,"stirrup mass needs legs, path, hooks and section; missing: LEGS / TOPOLOGY UNRESOLVED; HOOKS BLOCKED_UNQUANTIFIED; LEGS / LINK TOPOLOGY NOT_ESTABLISHED; STIRRUP HOOKS NOT_ESTABLISHED"
BM-GF_ROOF-B9-BL011-5BD|HOOK_1,BM-GF_ROOF-B9-BL011-5BD,SIMPLE_BEAM,B9,,HOOK_1,ANCHORAGE,MASS,BLOCKED_UNQUANTIFIED,,,,,,,,,,,,,,,,,,,Q1,"bar-end hook / bend: end legs drawn N.T.S. without a dimension; no project hook source; column hook rules are not imported - Q1 at end 1 ({'kind': 'COLUMN', 'refs': ['GFRS:34D']})"
BM-GF_ROOF-B9-BL011-5BD|DEVELOPMENT_1,BM-GF_ROOF-B9-BL011-5BD,SIMPLE_BEAM,B9,,DEVELOPMENT_1,ANCHORAGE,MASS,BLOCKED_UNQUANTIFIED,,,,,,,,,,,,,,,,,,,Q1,"development / anchorage: no beam-source development rule (note 9 70Ø / 40Ø is starter-bar context only; no 40D, 70D, code, Urban default or external value is used) - Q1 at end 1 ({'kind': 'COLUMN', 'refs': ['GFRS:34D']})"
BM-GF_ROOF-B9-BL011-5BD|HOOK_2,BM-GF_ROOF-B9-BL011-5BD,SIMPLE_BEAM,B9,,HOOK_2,ANCHORAGE,MASS,BLOCKED_UNQUANTIFIED,,,,,,,,,,,,,,,,,,,Q1,"bar-end hook / bend: end legs drawn N.T.S. without a dimension; no project hook source; column hook rules are not imported - Q1 at end 2 ({'kind': 'COLUMN', 'refs': ['GFRS:34A']})"
BM-GF_ROOF-B9-BL011-5BD|DEVELOPMENT_2,BM-GF_ROOF-B9-BL011-5BD,SIMPLE_BEAM,B9,,DEVELOPMENT_2,ANCHORAGE,MASS,BLOCKED_UNQUANTIFIED,,,,,,,,,,,,,,,,,,,Q1,"development / anchorage: no beam-source development rule (note 9 70Ø / 40Ø is starter-bar context only; no 40D, 70D, code, Urban default or external value is used) - Q1 at end 2 ({'kind': 'COLUMN', 'refs': ['GFRS:34A']})"
BM-GF_ROOF-B9-BL011-5BD|OPENING_EXTRA_TOP,BM-GF_ROOF-B9-BL011-5BD,SIMPLE_BEAM,B9,,OPENING_EXTRA_TOP,SPECIAL_DETAIL_BAR,MASS,NOT_APPLICABLE,,,,,,,,,,,,,,,,,,,,no source-identified physical opening in this beam (26 opening objects checked project-wide; the generic opening detail is not applied globally)
BM-GF_ROOF-B9-BL011-5BD|OPENING_EXTRA_BOTTOM,BM-GF_ROOF-B9-BL011-5BD,SIMPLE_BEAM,B9,,OPENING_EXTRA_BOTTOM,SPECIAL_DETAIL_BAR,MASS,NOT_APPLICABLE,,,,,,,,,,,,,,,,,,,,no source-identified physical opening in this beam (26 opening objects checked project-wide; the generic opening detail is not applied globally)
BM-GF_ROOF-B9-BL011-5BD|OPENING_EXTRA_SIDE,BM-GF_ROOF-B9-BL011-5BD,SIMPLE_BEAM,B9,,OPENING_EXTRA_SIDE,SPECIAL_DETAIL_BAR,MASS,NOT_APPLICABLE,,,,,,,,,,,,,,,,,,,,no source-identified physical opening in this beam (26 opening objects checked project-wide; the generic opening detail is not applied globally)
BM-GF_ROOF-B9-BL011-5BD|OPENING_EXTRA_STIRRUP,BM-GF_ROOF-B9-BL011-5BD,SIMPLE_BEAM,B9,,OPENING_EXTRA_STIRRUP,BEAM_STIRRUP,MASS,NOT_APPLICABLE,,,,,,,,,,,,,,,,,,,,no source-identified physical opening in this beam (26 opening objects checked project-wide; the generic opening detail is not applied globally)
BM-GF_ROOF-B9-BL011-5BD|OTHER_EXPLICIT_EXTRA,BM-GF_ROOF-B9-BL011-5BD,SIMPLE_BEAM,B9,,OTHER_EXPLICIT_EXTRA,SPECIAL_DETAIL_BAR,MASS,NOT_APPLICABLE,,,,,,,,,,,,,,,,,,,,no other explicit extra scheduled or detailed for this occurrence
BM-GF_ROOF-CA-BL015-69E|TOP_MAIN|BM-GF_ROOF-CA-BL015-69E:TOP_MAIN,BM-GF_ROOF-CA-BL015-69E,SIMPLE_BEAM,CA,,TOP_MAIN,BEAM_TOP_BAR,MASS,BLOCKED_UNQUANTIFIED,,BM-GF_ROOF-CA-BL015-69E:TOP_MAIN,,18,5,,,,,,,,,,,,,,Q9,straight run BLOCKED_UNQUANTIFIED (UNRESOLVED)
BM-GF_ROOF-CA-BL015-69E|BOTTOM_MAIN|BM-GF_ROOF-CA-BL015-69E:BOTTOM_MAIN,BM-GF_ROOF-CA-BL015-69E,SIMPLE_BEAM,CA,,BOTTOM_MAIN,BEAM_BOTTOM_BAR,MASS,BLOCKED_UNQUANTIFIED,,BM-GF_ROOF-CA-BL015-69E:BOTTOM_MAIN,,18,5,,,,,,,,,,,,,,Q9,straight run BLOCKED_UNQUANTIFIED (UNRESOLVED)
BM-GF_ROOF-CA-BL015-69E|TOP_SUPPORT,BM-GF_ROOF-CA-BL015-69E,SIMPLE_BEAM,CA,,TOP_SUPPORT,BEAM_EXTRA_BAR,MASS,NOT_APPLICABLE,,,,,,,,,,,,,,,,,,,,not scheduled in the SBT (no support bar field in the SBT)
BM-GF_ROOF-CA-BL015-69E|BOTTOM_SUPPORT,BM-GF_ROOF-CA-BL015-69E,SIMPLE_BEAM,CA,,BOTTOM_SUPPORT,BEAM_EXTRA_BAR,MASS,NOT_APPLICABLE,,,,,,,,,,,,,,,,,,,,not scheduled in the SBT (no bottom extra field in the SBT)
BM-GF_ROOF-CA-BL015-69E|MID_TOP,BM-GF_ROOF-CA-BL015-69E,SIMPLE_BEAM,CA,,MID_TOP,BEAM_EXTRA_BAR,MASS,NOT_APPLICABLE,,,,,,,,,,,,,,,,,,,,a simple beam has one span and no interior support; the SBT has no MID field
BM-GF_ROOF-CA-BL015-69E|MID_BOTTOM,BM-GF_ROOF-CA-BL015-69E,SIMPLE_BEAM,CA,,MID_BOTTOM,BEAM_EXTRA_BAR,MASS,NOT_APPLICABLE,,,,,,,,,,,,,,,,,,,,a simple beam has one span and no interior support; the SBT has no MID field
BM-GF_ROOF-CA-BL015-69E|HANGER,BM-GF_ROOF-CA-BL015-69E,SIMPLE_BEAM,CA,,HANGER,BEAM_EXTRA_BAR,MASS,NOT_APPLICABLE,,,,,,,,,,,,,,,,,,,,ABSENT: no hanger field and no hanger detail (TOP BARS listed; no hanger role asserted)
BM-GF_ROOF-CA-BL015-69E|SIDE_REBAR,BM-GF_ROOF-CA-BL015-69E,SIMPLE_BEAM,CA,,SIDE_REBAR,BEAM_SIDE_BAR,MASS,NOT_APPLICABLE,,,,,,,,,,,,,,,,,,,,no side bars printed; depth 50.0 cm
BM-GF_ROOF-CA-BL015-69E|STIRRUP_COUNT|SPAN1,BM-GF_ROOF-CA-BL015-69E,SIMPLE_BEAM,CA,,STIRRUP_COUNT,BEAM_STIRRUP,COUNT,BLOCKED_UNQUANTIFIED,,,1,8,,,,,,,,,,,,,,,Q9,rate or distribution length not established
BM-GF_ROOF-CA-BL015-69E|STIRRUP_CORE_PATH|SPAN1,BM-GF_ROOF-CA-BL015-69E,SIMPLE_BEAM,CA,,STIRRUP_CORE_PATH,BEAM_STIRRUP,MASS,BLOCKED_UNQUANTIFIED,,,1,8,,,,,,,,,,,,,,"[""LEGS / TOPOLOGY UNRESOLVED"", ""HOOKS BLOCKED_UNQUANTIFIED"", ""LEGS / LINK TOPOLOGY NOT_ESTABLISHED"", ""STIRRUP HOOKS NOT_ESTABLISHED""]",Q7,"stirrup mass needs legs, path, hooks and section; missing: LEGS / TOPOLOGY UNRESOLVED; HOOKS BLOCKED_UNQUANTIFIED; LEGS / LINK TOPOLOGY NOT_ESTABLISHED; STIRRUP HOOKS NOT_ESTABLISHED"
BM-GF_ROOF-CA-BL015-69E|HOOK_1,BM-GF_ROOF-CA-BL015-69E,SIMPLE_BEAM,CA,,HOOK_1,ANCHORAGE,MASS,BLOCKED_UNQUANTIFIED,,,,,,,,,,,,,,,,,,,Q1,"bar-end hook / bend: end legs drawn N.T.S. without a dimension; no project hook source; column hook rules are not imported - Q1 at end 1 ({'kind': 'COLUMN', 'refs': []})"
BM-GF_ROOF-CA-BL015-69E|DEVELOPMENT_1,BM-GF_ROOF-CA-BL015-69E,SIMPLE_BEAM,CA,,DEVELOPMENT_1,ANCHORAGE,MASS,BLOCKED_UNQUANTIFIED,,,,,,,,,,,,,,,,,,,Q1,"development / anchorage: no beam-source development rule (note 9 70Ø / 40Ø is starter-bar context only; no 40D, 70D, code, Urban default or external value is used) - Q1 at end 1 ({'kind': 'COLUMN', 'refs': []})"
BM-GF_ROOF-CA-BL015-69E|HOOK_2,BM-GF_ROOF-CA-BL015-69E,SIMPLE_BEAM,CA,,HOOK_2,ANCHORAGE,MASS,BLOCKED_UNQUANTIFIED,,,,,,,,,,,,,,,,,,,Q1,"bar-end hook / bend: end legs drawn N.T.S. without a dimension; no project hook source; column hook rules are not imported - Q1 at end 2 ({'kind': 'FREE_END', 'refs': []})"
BM-GF_ROOF-CA-BL015-69E|DEVELOPMENT_2,BM-GF_ROOF-CA-BL015-69E,SIMPLE_BEAM,CA,,DEVELOPMENT_2,ANCHORAGE,MASS,BLOCKED_UNQUANTIFIED,,,,,,,,,,,,,,,,,,,Q1,"development / anchorage: no beam-source development rule (note 9 70Ø / 40Ø is starter-bar context only; no 40D, 70D, code, Urban default or external value is used) - Q1 at end 2 ({'kind': 'FREE_END', 'refs': []})"
BM-GF_ROOF-CA-BL015-69E|OPENING_EXTRA_TOP,BM-GF_ROOF-CA-BL015-69E,SIMPLE_BEAM,CA,,OPENING_EXTRA_TOP,SPECIAL_DETAIL_BAR,MASS,NOT_APPLICABLE,,,,,,,,,,,,,,,,,,,,no source-identified physical opening in this beam (26 opening objects checked project-wide; the generic opening detail is not applied globally)
BM-GF_ROOF-CA-BL015-69E|OPENING_EXTRA_BOTTOM,BM-GF_ROOF-CA-BL015-69E,SIMPLE_BEAM,CA,,OPENING_EXTRA_BOTTOM,SPECIAL_DETAIL_BAR,MASS,NOT_APPLICABLE,,,,,,,,,,,,,,,,,,,,no source-identified physical opening in this beam (26 opening objects checked project-wide; the generic opening detail is not applied globally)
BM-GF_ROOF-CA-BL015-69E|OPENING_EXTRA_SIDE,BM-GF_ROOF-CA-BL015-69E,SIMPLE_BEAM,CA,,OPENING_EXTRA_SIDE,SPECIAL_DETAIL_BAR,MASS,NOT_APPLICABLE,,,,,,,,,,,,,,,,,,,,no source-identified physical opening in this beam (26 opening objects checked project-wide; the generic opening detail is not applied globally)
BM-GF_ROOF-CA-BL015-69E|OPENING_EXTRA_STIRRUP,BM-GF_ROOF-CA-BL015-69E,SIMPLE_BEAM,CA,,OPENING_EXTRA_STIRRUP,BEAM_STIRRUP,MASS,NOT_APPLICABLE,,,,,,,,,,,,,,,,,,,,no source-identified physical opening in this beam (26 opening objects checked project-wide; the generic opening detail is not applied globally)
BM-GF_ROOF-CA-BL015-69E|OTHER_EXPLICIT_EXTRA,BM-GF_ROOF-CA-BL015-69E,SIMPLE_BEAM,CA,,OTHER_EXPLICIT_EXTRA,SPECIAL_DETAIL_BAR,MASS,NOT_APPLICABLE,,,,,,,,,,,,,,,,,,,,no other explicit extra scheduled or detailed for this occurrence
CBO-FFRS-CB10-BL001|TOP_MAIN|CBO-FFRS-CB10-BL001:CONTINUOUS_TOP:23BA,CBO-FFRS-CB10-BL001,CONTINUOUS_BEAM,CB10,CBO-FFRS-CB10-BL001,TOP_MAIN,BEAM_TOP_BAR,MASS,BLOCKED_UNQUANTIFIED,,CBO-FFRS-CB10-BL001:CONTINUOUS_TOP:23BA,,12,2,,,,,,,,,,,,,,R2,"a span is BOUND_SOURCE_CONFLICT (717 CB10: drawn width conflicts with the schedule width; 718 CB10: drawn width conflicts with the schedule width); this bar: interior end drawn N.T.S. (schedule frame); no bound extent rule; end leg drawn at the outer support, length not dimensioned (hook)"
CBO-FFRS-CB10-BL001|TOP_MAIN|CBO-FFRS-CB10-BL001:CONTINUOUS_TOP:23BE,CBO-FFRS-CB10-BL001,CONTINUOUS_BEAM,CB10,CBO-FFRS-CB10-BL001,TOP_MAIN,BEAM_TOP_BAR,MASS,BLOCKED_UNQUANTIFIED,,CBO-FFRS-CB10-BL001:CONTINUOUS_TOP:23BE,,12,2,,,,,,,,,,,,,,R2,"a span is BOUND_SOURCE_CONFLICT (717 CB10: drawn width conflicts with the schedule width; 718 CB10: drawn width conflicts with the schedule width); this bar: interior end drawn N.T.S. (schedule frame); no bound extent rule; end leg drawn at the outer support, length not dimensioned (hook)"
CBO-FFRS-CB10-BL001|BOTTOM_MAIN|CBO-FFRS-CB10-BL001:BOTTOM:239A,CBO-FFRS-CB10-BL001,CONTINUOUS_BEAM,CB10,CBO-FFRS-CB10-BL001,BOTTOM_MAIN,BEAM_BOTTOM_BAR,MASS,BLOCKED_UNQUANTIFIED,,CBO-FFRS-CB10-BL001:BOTTOM:239A,,16,3,,,,,,,,,,,,,,R2,a span is BOUND_SOURCE_CONFLICT (717 CB10: drawn width conflicts with the schedule width; 718 CB10: drawn width conflicts with the schedule width)
CBO-FFRS-CB10-BL001|BOTTOM_MAIN|CBO-FFRS-CB10-BL001:BOTTOM:23B9,CBO-FFRS-CB10-BL001,CONTINUOUS_BEAM,CB10,CBO-FFRS-CB10-BL001,BOTTOM_MAIN,BEAM_BOTTOM_BAR,MASS,BLOCKED_UNQUANTIFIED,,CBO-FFRS-CB10-BL001:BOTTOM:23B9,,18,4,,,,,,,,,,,,,,R2,a span is BOUND_SOURCE_CONFLICT (717 CB10: drawn width conflicts with the schedule width; 718 CB10: drawn width conflicts with the schedule width)
CBO-FFRS-CB10-BL001|TOP_SUPPORT,CBO-FFRS-CB10-BL001,CONTINUOUS_BEAM,CB10,CBO-FFRS-CB10-BL001,TOP_SUPPORT,BEAM_EXTRA_BAR,MASS,BLOCKED_UNQUANTIFIED,,,,,,,,,,,,,,,,,,,Q2+Q3,typical end-support top bar: the schedule frames draw one top bar per span while the typical draws a separate end-support bar dimensioned '0.3 Ln2' (UNRESOLVED: no Ln2 in a 2-span typical) - which governs and its extent are not established; not taken from the frames
CBO-FFRS-CB10-BL001|BOTTOM_SUPPORT,CBO-FFRS-CB10-BL001,CONTINUOUS_BEAM,CB10,CBO-FFRS-CB10-BL001,BOTTOM_SUPPORT,BEAM_EXTRA_BAR,MASS,NOT_APPLICABLE,,,,,,,,,,,,,,,,,,,,"no bottom support bar is scheduled or drawn (C-BEAM frames: TOP, BOTTOM, MID only)"
CBO-FFRS-CB10-BL001|MID_TOP|CBO-FFRS-CB10-BL001:SUPPORT_TOP:23BD,CBO-FFRS-CB10-BL001,CONTINUOUS_BEAM,CB10,CBO-FFRS-CB10-BL001,MID_TOP,BEAM_EXTRA_BAR,MASS,BLOCKED_UNQUANTIFIED,,CBO-FFRS-CB10-BL001:SUPPORT_TOP:23BD,,18,4,,,,,,,,,,,,,,R2,a span is BOUND_SOURCE_CONFLICT (717 CB10: drawn width conflicts with the schedule width; 718 CB10: drawn width conflicts with the schedule width)
CBO-FFRS-CB10-BL001|MID_BOTTOM,CBO-FFRS-CB10-BL001,CONTINUOUS_BEAM,CB10,CBO-FFRS-CB10-BL001,MID_BOTTOM,BEAM_EXTRA_BAR,MASS,NOT_APPLICABLE,,,,,,,,,,,,,,,,,,,,no bottom MID / support bar in the C-BEAM schedule or typical
CBO-FFRS-CB10-BL001|HANGER,CBO-FFRS-CB10-BL001,CONTINUOUS_BEAM,CB10,CBO-FFRS-CB10-BL001,HANGER,BEAM_EXTRA_BAR,MASS,BLOCKED_UNQUANTIFIED,,,,,,,,,,,,,,,,,,,Q2,hanger DETAILED_UNLABELLED: DETAILED_UNLABELLED: the typical draws an unlabelled second top row; the frames draw one top bar per span - hanger count / diameter / extent not printed - not inferred from practice
CBO-FFRS-CB10-BL001|SIDE_REBAR,CBO-FFRS-CB10-BL001,CONTINUOUS_BEAM,CB10,CBO-FFRS-CB10-BL001,SIDE_REBAR,BEAM_SIDE_BAR,MASS,NOT_APPLICABLE,,,,,,,,,,,,,,,,,,,,no side bars printed; depth 50.0 cm
CBO-FFRS-CB10-BL001|STIRRUP_COUNT|SPAN1,CBO-FFRS-CB10-BL001,CONTINUOUS_BEAM,CB10,CBO-FFRS-CB10-BL001,STIRRUP_COUNT,BEAM_STIRRUP,COUNT,BLOCKED_UNQUANTIFIED,,,1,8,,,,,,,,,,,,,,,R2,a span is BOUND_SOURCE_CONFLICT (717 CB10: drawn width conflicts with the schedule width; 718 CB10: drawn width conflicts with the schedule width)
CBO-FFRS-CB10-BL001|STIRRUP_CORE_PATH|SPAN1,CBO-FFRS-CB10-BL001,CONTINUOUS_BEAM,CB10,CBO-FFRS-CB10-BL001,STIRRUP_CORE_PATH,BEAM_STIRRUP,MASS,BLOCKED_UNQUANTIFIED,,,1,8,,,,,,,,,,,,,,"[""WIDTH SOURCE_CONFLICT"", ""LEGS / TOPOLOGY UNRESOLVED"", ""HOOKS BLOCKED_UNQUANTIFIED"", ""LEGS / LINK TOPOLOGY NOT_ESTABLISHED"", ""STIRRUP HOOKS NOT_ESTABLISHED"", ""occurrence blocked: a span is BOUND_SOURCE_CONFLICT (717 CB10: drawn width conflicts with the schedule width; 718 CB10: drawn width conflicts with the schedule width)""]",Q7,"stirrup mass needs legs, path, hooks and section; missing: WIDTH SOURCE_CONFLICT; LEGS / TOPOLOGY UNRESOLVED; HOOKS BLOCKED_UNQUANTIFIED; LEGS / LINK TOPOLOGY NOT_ESTABLISHED; STIRRUP HOOKS NOT_ESTABLISHED; occurrence blocked: a span is BOUND_SOURCE_CONFLICT (717 CB10: drawn width conflicts with the schedule width; 718 CB10: drawn width conflicts with the schedule width)"
CBO-FFRS-CB10-BL001|STIRRUP_COUNT|SPAN2,CBO-FFRS-CB10-BL001,CONTINUOUS_BEAM,CB10,CBO-FFRS-CB10-BL001,STIRRUP_COUNT,BEAM_STIRRUP,COUNT,BLOCKED_UNQUANTIFIED,,,2,8,,,,,,,,,,,,,,,R2,a span is BOUND_SOURCE_CONFLICT (717 CB10: drawn width conflicts with the schedule width; 718 CB10: drawn width conflicts with the schedule width)
CBO-FFRS-CB10-BL001|STIRRUP_CORE_PATH|SPAN2,CBO-FFRS-CB10-BL001,CONTINUOUS_BEAM,CB10,CBO-FFRS-CB10-BL001,STIRRUP_CORE_PATH,BEAM_STIRRUP,MASS,BLOCKED_UNQUANTIFIED,,,2,8,,,,,,,,,,,,,,"[""WIDTH SOURCE_CONFLICT"", ""LEGS / TOPOLOGY UNRESOLVED"", ""HOOKS BLOCKED_UNQUANTIFIED"", ""LEGS / LINK TOPOLOGY NOT_ESTABLISHED"", ""STIRRUP HOOKS NOT_ESTABLISHED"", ""occurrence blocked: a span is BOUND_SOURCE_CONFLICT (717 CB10: drawn width conflicts with the schedule width; 718 CB10: drawn width conflicts with the schedule width)""]",Q7,"stirrup mass needs legs, path, hooks and section; missing: WIDTH SOURCE_CONFLICT; LEGS / TOPOLOGY UNRESOLVED; HOOKS BLOCKED_UNQUANTIFIED; LEGS / LINK TOPOLOGY NOT_ESTABLISHED; STIRRUP HOOKS NOT_ESTABLISHED; occurrence blocked: a span is BOUND_SOURCE_CONFLICT (717 CB10: drawn width conflicts with the schedule width; 718 CB10: drawn width conflicts with the schedule width)"
CBO-FFRS-CB10-BL001|HOOK_1,CBO-FFRS-CB10-BL001,CONTINUOUS_BEAM,CB10,CBO-FFRS-CB10-BL001,HOOK_1,ANCHORAGE,MASS,BLOCKED_UNQUANTIFIED,,,,,,,,,,,,,,,,,,,Q1,"bar-end hook / bend: end legs drawn N.T.S. without a dimension; no project hook source; column hook rules are not imported - Q1 at end 1 ({'kind': 'COLUMN', 'order': 'PLAN', 'refs': ['FFRS:68B']}); occurrence blocked: a span is BOUND_SOURCE_CONFLICT (717 CB10: drawn width conflicts with the schedule width; 718 CB10: drawn width conflicts with the schedule width)"
CBO-FFRS-CB10-BL001|DEVELOPMENT_1,CBO-FFRS-CB10-BL001,CONTINUOUS_BEAM,CB10,CBO-FFRS-CB10-BL001,DEVELOPMENT_1,ANCHORAGE,MASS,BLOCKED_UNQUANTIFIED,,,,,,,,,,,,,,,,,,,Q1,"development / anchorage: no beam-source development rule (note 9 70Ø / 40Ø is starter-bar context only; no 40D, 70D, code, Urban default or external value is used) - Q1 at end 1 ({'kind': 'COLUMN', 'order': 'PLAN', 'refs': ['FFRS:68B']}); occurrence blocked: a span is BOUND_SOURCE_CONFLICT (717 CB10: drawn width conflicts with the schedule width; 718 CB10: drawn width conflicts with the schedule width)"
CBO-FFRS-CB10-BL001|HOOK_2,CBO-FFRS-CB10-BL001,CONTINUOUS_BEAM,CB10,CBO-FFRS-CB10-BL001,HOOK_2,ANCHORAGE,MASS,BLOCKED_UNQUANTIFIED,,,,,,,,,,,,,,,,,,,Q1,"bar-end hook / bend: end legs drawn N.T.S. without a dimension; no project hook source; column hook rules are not imported - Q1 at end 2 ({'kind': 'BEAM_CORNER', 'order': 'PLAN', 'refs': ['BL009']}); occurrence blocked: a span is BOUND_SOURCE_CONFLICT (717 CB10: drawn width conflicts with the schedule width; 718 CB10: drawn width conflicts with the schedule width)"
CBO-FFRS-CB10-BL001|DEVELOPMENT_2,CBO-FFRS-CB10-BL001,CONTINUOUS_BEAM,CB10,CBO-FFRS-CB10-BL001,DEVELOPMENT_2,ANCHORAGE,MASS,BLOCKED_UNQUANTIFIED,,,,,,,,,,,,,,,,,,,Q1,"development / anchorage: no beam-source development rule (note 9 70Ø / 40Ø is starter-bar context only; no 40D, 70D, code, Urban default or external value is used) - Q1 at end 2 ({'kind': 'BEAM_CORNER', 'order': 'PLAN', 'refs': ['BL009']}); occurrence blocked: a span is BOUND_SOURCE_CONFLICT (717 CB10: drawn width conflicts with the schedule width; 718 CB10: drawn width conflicts with the schedule width)"
CBO-FFRS-CB10-BL001|OPENING_EXTRA_TOP,CBO-FFRS-CB10-BL001,CONTINUOUS_BEAM,CB10,CBO-FFRS-CB10-BL001,OPENING_EXTRA_TOP,SPECIAL_DETAIL_BAR,MASS,NOT_APPLICABLE,,,,,,,,,,,,,,,,,,,,no source-identified physical opening in this beam (26 opening objects checked project-wide; the generic opening detail is not applied globally)
CBO-FFRS-CB10-BL001|OPENING_EXTRA_BOTTOM,CBO-FFRS-CB10-BL001,CONTINUOUS_BEAM,CB10,CBO-FFRS-CB10-BL001,OPENING_EXTRA_BOTTOM,SPECIAL_DETAIL_BAR,MASS,NOT_APPLICABLE,,,,,,,,,,,,,,,,,,,,no source-identified physical opening in this beam (26 opening objects checked project-wide; the generic opening detail is not applied globally)
CBO-FFRS-CB10-BL001|OPENING_EXTRA_SIDE,CBO-FFRS-CB10-BL001,CONTINUOUS_BEAM,CB10,CBO-FFRS-CB10-BL001,OPENING_EXTRA_SIDE,SPECIAL_DETAIL_BAR,MASS,NOT_APPLICABLE,,,,,,,,,,,,,,,,,,,,no source-identified physical opening in this beam (26 opening objects checked project-wide; the generic opening detail is not applied globally)
CBO-FFRS-CB10-BL001|OPENING_EXTRA_STIRRUP,CBO-FFRS-CB10-BL001,CONTINUOUS_BEAM,CB10,CBO-FFRS-CB10-BL001,OPENING_EXTRA_STIRRUP,BEAM_STIRRUP,MASS,NOT_APPLICABLE,,,,,,,,,,,,,,,,,,,,no source-identified physical opening in this beam (26 opening objects checked project-wide; the generic opening detail is not applied globally)
CBO-FFRS-CB10-BL001|OTHER_EXPLICIT_EXTRA,CBO-FFRS-CB10-BL001,CONTINUOUS_BEAM,CB10,CBO-FFRS-CB10-BL001,OTHER_EXPLICIT_EXTRA,SPECIAL_DETAIL_BAR,MASS,NOT_APPLICABLE,,,,,,,,,,,,,,,,,,,,"no other explicit extra scheduled (load-line numbers are loads, never steel)"
CBO-FFRS-CB11-BL024|TOP_MAIN|CBO-FFRS-CB11-BL024:CONTINUOUS_TOP:2649,CBO-FFRS-CB11-BL024,CONTINUOUS_BEAM,CB11,CBO-FFRS-CB11-BL024,TOP_MAIN,BEAM_TOP_BAR,MASS,BLOCKED_UNQUANTIFIED,,CBO-FFRS-CB11-BL024:CONTINUOUS_TOP:2649,,12,2,,,,,,,,,,,,,,Q2,"interior end drawn N.T.S. (schedule frame); no bound extent rule; end leg drawn at the outer support, length not dimensioned (hook)"
CBO-FFRS-CB11-BL024|TOP_MAIN|CBO-FFRS-CB11-BL024:CONTINUOUS_TOP:2660,CBO-FFRS-CB11-BL024,CONTINUOUS_BEAM,CB11,CBO-FFRS-CB11-BL024,TOP_MAIN,BEAM_TOP_BAR,MASS,BLOCKED_UNQUANTIFIED,,CBO-FFRS-CB11-BL024:CONTINUOUS_TOP:2660,,12,2,,,,,,,,,,,,,,Q2,"interior end drawn N.T.S. (schedule frame); no bound extent rule; end leg drawn at the outer support, length not dimensioned (hook)"
CBO-FFRS-CB11-BL024|TOP_MAIN|CBO-FFRS-CB11-BL024:CONTINUOUS_TOP:2665,CBO-FFRS-CB11-BL024,CONTINUOUS_BEAM,CB11,CBO-FFRS-CB11-BL024,TOP_MAIN,BEAM_TOP_BAR,MASS,BLOCKED_UNQUANTIFIED,,CBO-FFRS-CB11-BL024:CONTINUOUS_TOP:2665,,12,2,,,,,,,,,,,,,,Q2,interior end drawn N.T.S. (schedule frame); no bound extent rule
CBO-FFRS-CB11-BL024|BOTTOM_MAIN|CBO-FFRS-CB11-BL024:BOTTOM:264A,CBO-FFRS-CB11-BL024,CONTINUOUS_BEAM,CB11,CBO-FFRS-CB11-BL024,BOTTOM_MAIN,BEAM_BOTTOM_BAR,MASS,LOWER_BOUND,SOURCE_BOUND,CBO-FFRS-CB11-BL024:BOTTOM:264A,,16,4,3.975,15.9,1.580247,25.125926,,,SOURCE_VERIFIED,NOT_ESTABLISHED,,,,"[""anchorage / development into end support 3"", ""DEVELOPMENT / ANCHORAGE at the end supports (not source-established)"", ""BAR-END HOOK / BEND at the end supports (not detailed)""]",,,anchorage / development into end support 3; DEVELOPMENT / ANCHORAGE at the end supports (not source-established); BAR-END HOOK / BEND at the end supports (not detailed)
CBO-FFRS-CB11-BL024|BOTTOM_MAIN|CBO-FFRS-CB11-BL024:BOTTOM:264F,CBO-FFRS-CB11-BL024,CONTINUOUS_BEAM,CB11,CBO-FFRS-CB11-BL024,BOTTOM_MAIN,BEAM_BOTTOM_BAR,MASS,LOWER_BOUND,SOURCE_BOUND,CBO-FFRS-CB11-BL024:BOTTOM:264F,,18,6,7.583,45.498,2.0,90.996,,,SOURCE_VERIFIED,NOT_ESTABLISHED,,,,"[""anchorage / development into end support 0"", ""DEVELOPMENT / ANCHORAGE at the end supports (not source-established)"", ""BAR-END HOOK / BEND at the end supports (not detailed)""]",,,anchorage / development into end support 0; DEVELOPMENT / ANCHORAGE at the end supports (not source-established); BAR-END HOOK / BEND at the end supports (not detailed)
CBO-FFRS-CB11-BL024|BOTTOM_MAIN|CBO-FFRS-CB11-BL024:BOTTOM:2664,CBO-FFRS-CB11-BL024,CONTINUOUS_BEAM,CB11,CBO-FFRS-CB11-BL024,BOTTOM_MAIN,BEAM_BOTTOM_BAR,MASS,LOWER_BOUND,SOURCE_BOUND,CBO-FFRS-CB11-BL024:BOTTOM:2664,,16,4,4.05,16.2,1.580247,25.6,,,SOURCE_VERIFIED,NOT_ESTABLISHED,,,,"[""extension beyond the far face of support 1 (no bound rule: no typical dimension bound to this bar topology)"", ""extension beyond the far face of support 2 (no bound rule: no typical dimension bound to this bar topology)"", ""DEVELOPMENT / ANCHORAGE at the end supports (not source-established)"", ""BAR-END HOOK / BEND at the end supports (not detailed)""]",,,extension beyond the far face of support 1 (no bound rule: no typical dimension bound to this bar topology); extension beyond the far face of support 2 (no bound rule: no typical dimension bound to this bar topology); DEVELOPMENT / ANCHORAGE at the end supports (not source-established); BAR-END HOOK / BEND at the end supports (not detailed)
CBO-FFRS-CB11-BL024|TOP_SUPPORT,CBO-FFRS-CB11-BL024,CONTINUOUS_BEAM,CB11,CBO-FFRS-CB11-BL024,TOP_SUPPORT,BEAM_EXTRA_BAR,MASS,BLOCKED_UNQUANTIFIED,,,,,,,,,,,,,,,,,,,Q2+Q3,typical end-support top bar: the schedule frames draw one top bar per span while the typical draws a separate end-support bar dimensioned '0.3 Ln2' (UNRESOLVED: no Ln2 in a 2-span typical) - which governs and its extent are not established; not taken from the frames
CBO-FFRS-CB11-BL024|BOTTOM_SUPPORT,CBO-FFRS-CB11-BL024,CONTINUOUS_BEAM,CB11,CBO-FFRS-CB11-BL024,BOTTOM_SUPPORT,BEAM_EXTRA_BAR,MASS,NOT_APPLICABLE,,,,,,,,,,,,,,,,,,,,"no bottom support bar is scheduled or drawn (C-BEAM frames: TOP, BOTTOM, MID only)"
CBO-FFRS-CB11-BL024|MID_TOP|CBO-FFRS-CB11-BL024:SUPPORT_TOP:264B,CBO-FFRS-CB11-BL024,CONTINUOUS_BEAM,CB11,CBO-FFRS-CB11-BL024,MID_TOP,BEAM_EXTRA_BAR,MASS,LOWER_BOUND,SOURCE_BOUND,CBO-FFRS-CB11-BL024:SUPPORT_TOP:264B,,16,4,2.184,8.736,1.580247,13.805037,,,SOURCE_VERIFIED,NOT_ESTABLISHED,SOURCE_VERIFIED,,,"[""in-span end treatment drawn straight on an N.T.S. typical, not dimensioned""]",,,"in-span end treatment drawn straight on an N.T.S. typical, not dimensioned"
CBO-FFRS-CB11-BL024|MID_TOP|CBO-FFRS-CB11-BL024:SUPPORT_TOP:2666,CBO-FFRS-CB11-BL024,CONTINUOUS_BEAM,CB11,CBO-FFRS-CB11-BL024,MID_TOP,BEAM_EXTRA_BAR,MASS,LOWER_BOUND,SOURCE_BOUND,CBO-FFRS-CB11-BL024:SUPPORT_TOP:2666,,18,8,3.1778,25.4224,2.0,50.8448,,,SOURCE_VERIFIED,NOT_ESTABLISHED,SOURCE_VERIFIED,,,"[""in-span end treatment drawn straight on an N.T.S. typical, not dimensioned""]",,,"in-span end treatment drawn straight on an N.T.S. typical, not dimensioned"
CBO-FFRS-CB11-BL024|MID_BOTTOM,CBO-FFRS-CB11-BL024,CONTINUOUS_BEAM,CB11,CBO-FFRS-CB11-BL024,MID_BOTTOM,BEAM_EXTRA_BAR,MASS,NOT_APPLICABLE,,,,,,,,,,,,,,,,,,,,no bottom MID / support bar in the C-BEAM schedule or typical
CBO-FFRS-CB11-BL024|HANGER,CBO-FFRS-CB11-BL024,CONTINUOUS_BEAM,CB11,CBO-FFRS-CB11-BL024,HANGER,BEAM_EXTRA_BAR,MASS,BLOCKED_UNQUANTIFIED,,,,,,,,,,,,,,,,,,,Q2,hanger DETAILED_UNLABELLED: DETAILED_UNLABELLED: the typical draws an unlabelled second top row; the frames draw one top bar per span - hanger count / diameter / extent not printed - not inferred from practice
CBO-FFRS-CB11-BL024|SIDE_REBAR,CBO-FFRS-CB11-BL024,CONTINUOUS_BEAM,CB11,CBO-FFRS-CB11-BL024,SIDE_REBAR,BEAM_SIDE_BAR,MASS,BLOCKED_UNQUANTIFIED,,,,12,2,,,,,,,,,,2%%C12 | 30cm,30.0,,,Q6,side bars '2%%C12 | 30cm' printed (2Ø12/30.0cm): '/30cm' semantics not established (per face or total; vertical spacing or other; bar length; end treatment) - never silently read as a vertical spacing (Q6) - quantity / mass not source-quantified
CBO-FFRS-CB11-BL024|STIRRUP_COUNT|SPAN1,CBO-FFRS-CB11-BL024,CONTINUOUS_BEAM,CB11,CBO-FFRS-CB11-BL024,STIRRUP_COUNT,BEAM_STIRRUP,COUNT,LOWER_BOUND,SOURCE_BOUND,,1,8,,,,,,68,69,,,,,,,,,first / last stirrup position not stated; no +1
CBO-FFRS-CB11-BL024|STIRRUP_CORE_PATH|SPAN1,CBO-FFRS-CB11-BL024,CONTINUOUS_BEAM,CB11,CBO-FFRS-CB11-BL024,STIRRUP_CORE_PATH,BEAM_STIRRUP,MASS,BLOCKED_UNQUANTIFIED,,,1,8,,,,,,,,,,,,,,"[""LEGS / TOPOLOGY UNRESOLVED"", ""HOOKS BLOCKED_UNQUANTIFIED"", ""LEGS / LINK TOPOLOGY NOT_ESTABLISHED"", ""STIRRUP HOOKS NOT_ESTABLISHED""]",Q7,"stirrup mass needs legs, path, hooks and section; missing: LEGS / TOPOLOGY UNRESOLVED; HOOKS BLOCKED_UNQUANTIFIED; LEGS / LINK TOPOLOGY NOT_ESTABLISHED; STIRRUP HOOKS NOT_ESTABLISHED"
CBO-FFRS-CB11-BL024|STIRRUP_COUNT|SPAN2,CBO-FFRS-CB11-BL024,CONTINUOUS_BEAM,CB11,CBO-FFRS-CB11-BL024,STIRRUP_COUNT,BEAM_STIRRUP,COUNT,LOWER_BOUND,SOURCE_BOUND,,2,8,,,,,,16,17,,,,,,,,,first / last stirrup position not stated; no +1
CBO-FFRS-CB11-BL024|STIRRUP_CORE_PATH|SPAN2,CBO-FFRS-CB11-BL024,CONTINUOUS_BEAM,CB11,CBO-FFRS-CB11-BL024,STIRRUP_CORE_PATH,BEAM_STIRRUP,MASS,BLOCKED_UNQUANTIFIED,,,2,8,,,,,,,,,,,,,,"[""LEGS / TOPOLOGY UNRESOLVED"", ""HOOKS BLOCKED_UNQUANTIFIED"", ""LEGS / LINK TOPOLOGY NOT_ESTABLISHED"", ""STIRRUP HOOKS NOT_ESTABLISHED""]",Q7,"stirrup mass needs legs, path, hooks and section; missing: LEGS / TOPOLOGY UNRESOLVED; HOOKS BLOCKED_UNQUANTIFIED; LEGS / LINK TOPOLOGY NOT_ESTABLISHED; STIRRUP HOOKS NOT_ESTABLISHED"
CBO-FFRS-CB11-BL024|STIRRUP_COUNT|SPAN3,CBO-FFRS-CB11-BL024,CONTINUOUS_BEAM,CB11,CBO-FFRS-CB11-BL024,STIRRUP_COUNT,BEAM_STIRRUP,COUNT,LOWER_BOUND,SOURCE_BOUND,,3,8,,,,,,17,18,,,,,,,,,first / last stirrup position not stated; no +1
CBO-FFRS-CB11-BL024|STIRRUP_CORE_PATH|SPAN3,CBO-FFRS-CB11-BL024,CONTINUOUS_BEAM,CB11,CBO-FFRS-CB11-BL024,STIRRUP_CORE_PATH,BEAM_STIRRUP,MASS,BLOCKED_UNQUANTIFIED,,,3,8,,,,,,,,,,,,,,"[""LEGS / TOPOLOGY UNRESOLVED"", ""HOOKS BLOCKED_UNQUANTIFIED"", ""LEGS / LINK TOPOLOGY NOT_ESTABLISHED"", ""STIRRUP HOOKS NOT_ESTABLISHED""]",Q7,"stirrup mass needs legs, path, hooks and section; missing: LEGS / TOPOLOGY UNRESOLVED; HOOKS BLOCKED_UNQUANTIFIED; LEGS / LINK TOPOLOGY NOT_ESTABLISHED; STIRRUP HOOKS NOT_ESTABLISHED"
CBO-FFRS-CB11-BL024|HOOK_1,CBO-FFRS-CB11-BL024,CONTINUOUS_BEAM,CB11,CBO-FFRS-CB11-BL024,HOOK_1,ANCHORAGE,MASS,BLOCKED_UNQUANTIFIED,,,,,,,,,,,,,,,,,,,Q1,"bar-end hook / bend: end legs drawn N.T.S. without a dimension; no project hook source; column hook rules are not imported - Q1 at end 1 ({'kind': 'COLUMN', 'order': 'PLAN', 'refs': ['FFRS:66A']})"
CBO-FFRS-CB11-BL024|DEVELOPMENT_1,CBO-FFRS-CB11-BL024,CONTINUOUS_BEAM,CB11,CBO-FFRS-CB11-BL024,DEVELOPMENT_1,ANCHORAGE,MASS,BLOCKED_UNQUANTIFIED,,,,,,,,,,,,,,,,,,,Q1,"development / anchorage: no beam-source development rule (note 9 70Ø / 40Ø is starter-bar context only; no 40D, 70D, code, Urban default or external value is used) - Q1 at end 1 ({'kind': 'COLUMN', 'order': 'PLAN', 'refs': ['FFRS:66A']})"
CBO-FFRS-CB11-BL024|HOOK_2,CBO-FFRS-CB11-BL024,CONTINUOUS_BEAM,CB11,CBO-FFRS-CB11-BL024,HOOK_2,ANCHORAGE,MASS,BLOCKED_UNQUANTIFIED,,,,,,,,,,,,,,,,,,,Q1,"bar-end hook / bend: end legs drawn N.T.S. without a dimension; no project hook source; column hook rules are not imported - Q1 at end 2 ({'kind': 'COLUMN', 'order': 'PLAN', 'refs': ['FFRS:69D']})"
CBO-FFRS-CB11-BL024|DEVELOPMENT_2,CBO-FFRS-CB11-BL024,CONTINUOUS_BEAM,CB11,CBO-FFRS-CB11-BL024,DEVELOPMENT_2,ANCHORAGE,MASS,BLOCKED_UNQUANTIFIED,,,,,,,,,,,,,,,,,,,Q1,"development / anchorage: no beam-source development rule (note 9 70Ø / 40Ø is starter-bar context only; no 40D, 70D, code, Urban default or external value is used) - Q1 at end 2 ({'kind': 'COLUMN', 'order': 'PLAN', 'refs': ['FFRS:69D']})"
CBO-FFRS-CB11-BL024|OPENING_EXTRA_TOP,CBO-FFRS-CB11-BL024,CONTINUOUS_BEAM,CB11,CBO-FFRS-CB11-BL024,OPENING_EXTRA_TOP,SPECIAL_DETAIL_BAR,MASS,NOT_APPLICABLE,,,,,,,,,,,,,,,,,,,,no source-identified physical opening in this beam (26 opening objects checked project-wide; the generic opening detail is not applied globally)
CBO-FFRS-CB11-BL024|OPENING_EXTRA_BOTTOM,CBO-FFRS-CB11-BL024,CONTINUOUS_BEAM,CB11,CBO-FFRS-CB11-BL024,OPENING_EXTRA_BOTTOM,SPECIAL_DETAIL_BAR,MASS,NOT_APPLICABLE,,,,,,,,,,,,,,,,,,,,no source-identified physical opening in this beam (26 opening objects checked project-wide; the generic opening detail is not applied globally)
CBO-FFRS-CB11-BL024|OPENING_EXTRA_SIDE,CBO-FFRS-CB11-BL024,CONTINUOUS_BEAM,CB11,CBO-FFRS-CB11-BL024,OPENING_EXTRA_SIDE,SPECIAL_DETAIL_BAR,MASS,NOT_APPLICABLE,,,,,,,,,,,,,,,,,,,,no source-identified physical opening in this beam (26 opening objects checked project-wide; the generic opening detail is not applied globally)
CBO-FFRS-CB11-BL024|OPENING_EXTRA_STIRRUP,CBO-FFRS-CB11-BL024,CONTINUOUS_BEAM,CB11,CBO-FFRS-CB11-BL024,OPENING_EXTRA_STIRRUP,BEAM_STIRRUP,MASS,NOT_APPLICABLE,,,,,,,,,,,,,,,,,,,,no source-identified physical opening in this beam (26 opening objects checked project-wide; the generic opening detail is not applied globally)
CBO-FFRS-CB11-BL024|OTHER_EXPLICIT_EXTRA,CBO-FFRS-CB11-BL024,CONTINUOUS_BEAM,CB11,CBO-FFRS-CB11-BL024,OTHER_EXPLICIT_EXTRA,SPECIAL_DETAIL_BAR,MASS,NOT_APPLICABLE,,,,,,,,,,,,,,,,,,,,"no other explicit extra scheduled (load-line numbers are loads, never steel)"
CBO-FFRS-CB12-BL003|TOP_MAIN|CBO-FFRS-CB12-BL003:CONTINUOUS_TOP:2430,CBO-FFRS-CB12-BL003,CONTINUOUS_BEAM,CB12,CBO-FFRS-CB12-BL003,TOP_MAIN,BEAM_TOP_BAR,MASS,BLOCKED_UNQUANTIFIED,,CBO-FFRS-CB12-BL003:CONTINUOUS_TOP:2430,,12,2,,,,,,,,,,,,,,Q2,"interior end drawn N.T.S. (schedule frame); no bound extent rule; end leg drawn at the outer support, length not dimensioned (hook)"
CBO-FFRS-CB12-BL003|TOP_MAIN|CBO-FFRS-CB12-BL003:CONTINUOUS_TOP:2434,CBO-FFRS-CB12-BL003,CONTINUOUS_BEAM,CB12,CBO-FFRS-CB12-BL003,TOP_MAIN,BEAM_TOP_BAR,MASS,BLOCKED_UNQUANTIFIED,,CBO-FFRS-CB12-BL003:CONTINUOUS_TOP:2434,,12,2,,,,,,,,,,,,,,Q2,"interior end drawn N.T.S. (schedule frame); no bound extent rule; end leg drawn at the outer support, length not dimensioned (hook)"
CBO-FFRS-CB12-BL003|BOTTOM_MAIN|CBO-FFRS-CB12-BL003:BOTTOM:2410,CBO-FFRS-CB12-BL003,CONTINUOUS_BEAM,CB12,CBO-FFRS-CB12-BL003,BOTTOM_MAIN,BEAM_BOTTOM_BAR,MASS,LOWER_BOUND,SOURCE_BOUND,CBO-FFRS-CB12-BL003:BOTTOM:2410,,18,5,6.5,32.5,2.0,65.0,,,SOURCE_VERIFIED,NOT_ESTABLISHED,,,,"[""anchorage / development into end support 0"", ""DEVELOPMENT / ANCHORAGE at the end supports (not source-established)"", ""BAR-END HOOK / BEND at the end supports (not detailed)""]",,,anchorage / development into end support 0; DEVELOPMENT / ANCHORAGE at the end supports (not source-established); BAR-END HOOK / BEND at the end supports (not detailed)
CBO-FFRS-CB12-BL003|BOTTOM_MAIN|CBO-FFRS-CB12-BL003:BOTTOM:242F,CBO-FFRS-CB12-BL003,CONTINUOUS_BEAM,CB12,CBO-FFRS-CB12-BL003,BOTTOM_MAIN,BEAM_BOTTOM_BAR,MASS,LOWER_BOUND,SOURCE_BOUND,CBO-FFRS-CB12-BL003:BOTTOM:242F,,16,3,6.0,18.0,1.580247,28.444444,,,SOURCE_VERIFIED,NOT_ESTABLISHED,,,,"[""anchorage / development into end support 2"", ""DEVELOPMENT / ANCHORAGE at the end supports (not source-established)"", ""BAR-END HOOK / BEND at the end supports (not detailed)""]",,,anchorage / development into end support 2; DEVELOPMENT / ANCHORAGE at the end supports (not source-established); BAR-END HOOK / BEND at the end supports (not detailed)
CBO-FFRS-CB12-BL003|TOP_SUPPORT,CBO-FFRS-CB12-BL003,CONTINUOUS_BEAM,CB12,CBO-FFRS-CB12-BL003,TOP_SUPPORT,BEAM_EXTRA_BAR,MASS,BLOCKED_UNQUANTIFIED,,,,,,,,,,,,,,,,,,,Q2+Q3,typical end-support top bar: the schedule frames draw one top bar per span while the typical draws a separate end-support bar dimensioned '0.3 Ln2' (UNRESOLVED: no Ln2 in a 2-span typical) - which governs and its extent are not established; not taken from the frames
CBO-FFRS-CB12-BL003|BOTTOM_SUPPORT,CBO-FFRS-CB12-BL003,CONTINUOUS_BEAM,CB12,CBO-FFRS-CB12-BL003,BOTTOM_SUPPORT,BEAM_EXTRA_BAR,MASS,NOT_APPLICABLE,,,,,,,,,,,,,,,,,,,,"no bottom support bar is scheduled or drawn (C-BEAM frames: TOP, BOTTOM, MID only)"
CBO-FFRS-CB12-BL003|MID_TOP|CBO-FFRS-CB12-BL003:SUPPORT_TOP:2433,CBO-FFRS-CB12-BL003,CONTINUOUS_BEAM,CB12,CBO-FFRS-CB12-BL003,MID_TOP,BEAM_EXTRA_BAR,MASS,LOWER_BOUND,SOURCE_BOUND,CBO-FFRS-CB12-BL003:SUPPORT_TOP:2433,,18,6,3.4905,20.943,2.0,41.886,,,SOURCE_VERIFIED,NOT_ESTABLISHED,SOURCE_VERIFIED,,,"[""in-span end treatment drawn straight on an N.T.S. typical, not dimensioned""]",,,"in-span end treatment drawn straight on an N.T.S. typical, not dimensioned"
CBO-FFRS-CB12-BL003|MID_BOTTOM,CBO-FFRS-CB12-BL003,CONTINUOUS_BEAM,CB12,CBO-FFRS-CB12-BL003,MID_BOTTOM,BEAM_EXTRA_BAR,MASS,NOT_APPLICABLE,,,,,,,,,,,,,,,,,,,,no bottom MID / support bar in the C-BEAM schedule or typical
CBO-FFRS-CB12-BL003|HANGER,CBO-FFRS-CB12-BL003,CONTINUOUS_BEAM,CB12,CBO-FFRS-CB12-BL003,HANGER,BEAM_EXTRA_BAR,MASS,BLOCKED_UNQUANTIFIED,,,,,,,,,,,,,,,,,,,Q2,hanger DETAILED_UNLABELLED: DETAILED_UNLABELLED: the typical draws an unlabelled second top row; the frames draw one top bar per span - hanger count / diameter / extent not printed - not inferred from practice
CBO-FFRS-CB12-BL003|SIDE_REBAR,CBO-FFRS-CB12-BL003,CONTINUOUS_BEAM,CB12,CBO-FFRS-CB12-BL003,SIDE_REBAR,BEAM_SIDE_BAR,MASS,BLOCKED_UNQUANTIFIED,,,,12,2,,,,,,,,,,2%%C12 | 30cm,30.0,,,Q6,side bars '2%%C12 | 30cm' printed (2Ø12/30.0cm): '/30cm' semantics not established (per face or total; vertical spacing or other; bar length; end treatment) - never silently read as a vertical spacing (Q6) - quantity / mass not source-quantified
CBO-FFRS-CB12-BL003|STIRRUP_COUNT|SPAN1,CBO-FFRS-CB12-BL003,CONTINUOUS_BEAM,CB12,CBO-FFRS-CB12-BL003,STIRRUP_COUNT,BEAM_STIRRUP,COUNT,LOWER_BOUND,SOURCE_BOUND,,1,8,,,,,,50,51,,,,,,,,,first / last stirrup position not stated; no +1
CBO-FFRS-CB12-BL003|STIRRUP_CORE_PATH|SPAN1,CBO-FFRS-CB12-BL003,CONTINUOUS_BEAM,CB12,CBO-FFRS-CB12-BL003,STIRRUP_CORE_PATH,BEAM_STIRRUP,MASS,BLOCKED_UNQUANTIFIED,,,1,8,,,,,,,,,,,,,,"[""LEGS / TOPOLOGY UNRESOLVED"", ""HOOKS BLOCKED_UNQUANTIFIED"", ""LEGS / LINK TOPOLOGY NOT_ESTABLISHED"", ""STIRRUP HOOKS NOT_ESTABLISHED""]",Q7,"stirrup mass needs legs, path, hooks and section; missing: LEGS / TOPOLOGY UNRESOLVED; HOOKS BLOCKED_UNQUANTIFIED; LEGS / LINK TOPOLOGY NOT_ESTABLISHED; STIRRUP HOOKS NOT_ESTABLISHED"
CBO-FFRS-CB12-BL003|STIRRUP_COUNT|SPAN2,CBO-FFRS-CB12-BL003,CONTINUOUS_BEAM,CB12,CBO-FFRS-CB12-BL003,STIRRUP_COUNT,BEAM_STIRRUP,COUNT,LOWER_BOUND,SOURCE_BOUND,,2,8,,,,,,36,37,,,,,,,,,first / last stirrup position not stated; no +1
CBO-FFRS-CB12-BL003|STIRRUP_CORE_PATH|SPAN2,CBO-FFRS-CB12-BL003,CONTINUOUS_BEAM,CB12,CBO-FFRS-CB12-BL003,STIRRUP_CORE_PATH,BEAM_STIRRUP,MASS,BLOCKED_UNQUANTIFIED,,,2,8,,,,,,,,,,,,,,"[""LEGS / TOPOLOGY UNRESOLVED"", ""HOOKS BLOCKED_UNQUANTIFIED"", ""LEGS / LINK TOPOLOGY NOT_ESTABLISHED"", ""STIRRUP HOOKS NOT_ESTABLISHED""]",Q7,"stirrup mass needs legs, path, hooks and section; missing: LEGS / TOPOLOGY UNRESOLVED; HOOKS BLOCKED_UNQUANTIFIED; LEGS / LINK TOPOLOGY NOT_ESTABLISHED; STIRRUP HOOKS NOT_ESTABLISHED"
CBO-FFRS-CB12-BL003|HOOK_1,CBO-FFRS-CB12-BL003,CONTINUOUS_BEAM,CB12,CBO-FFRS-CB12-BL003,HOOK_1,ANCHORAGE,MASS,BLOCKED_UNQUANTIFIED,,,,,,,,,,,,,,,,,,,Q1,"bar-end hook / bend: end legs drawn N.T.S. without a dimension; no project hook source; column hook rules are not imported - Q1 at end 1 ({'kind': 'COLUMN', 'order': 'PLAN', 'refs': ['FFRS:69D']})"
CBO-FFRS-CB12-BL003|DEVELOPMENT_1,CBO-FFRS-CB12-BL003,CONTINUOUS_BEAM,CB12,CBO-FFRS-CB12-BL003,DEVELOPMENT_1,ANCHORAGE,MASS,BLOCKED_UNQUANTIFIED,,,,,,,,,,,,,,,,,,,Q1,"development / anchorage: no beam-source development rule (note 9 70Ø / 40Ø is starter-bar context only; no 40D, 70D, code, Urban default or external value is used) - Q1 at end 1 ({'kind': 'COLUMN', 'order': 'PLAN', 'refs': ['FFRS:69D']})"
CBO-FFRS-CB12-BL003|HOOK_2,CBO-FFRS-CB12-BL003,CONTINUOUS_BEAM,CB12,CBO-FFRS-CB12-BL003,HOOK_2,ANCHORAGE,MASS,BLOCKED_UNQUANTIFIED,,,,,,,,,,,,,,,,,,,Q1,"bar-end hook / bend: end legs drawn N.T.S. without a dimension; no project hook source; column hook rules are not imported - Q1 at end 2 ({'kind': 'COLUMN', 'order': 'PLAN', 'refs': ['FFRS:676']})"
CBO-FFRS-CB12-BL003|DEVELOPMENT_2,CBO-FFRS-CB12-BL003,CONTINUOUS_BEAM,CB12,CBO-FFRS-CB12-BL003,DEVELOPMENT_2,ANCHORAGE,MASS,BLOCKED_UNQUANTIFIED,,,,,,,,,,,,,,,,,,,Q1,"development / anchorage: no beam-source development rule (note 9 70Ø / 40Ø is starter-bar context only; no 40D, 70D, code, Urban default or external value is used) - Q1 at end 2 ({'kind': 'COLUMN', 'order': 'PLAN', 'refs': ['FFRS:676']})"
CBO-FFRS-CB12-BL003|OPENING_EXTRA_TOP,CBO-FFRS-CB12-BL003,CONTINUOUS_BEAM,CB12,CBO-FFRS-CB12-BL003,OPENING_EXTRA_TOP,SPECIAL_DETAIL_BAR,MASS,NOT_APPLICABLE,,,,,,,,,,,,,,,,,,,,no source-identified physical opening in this beam (26 opening objects checked project-wide; the generic opening detail is not applied globally)
CBO-FFRS-CB12-BL003|OPENING_EXTRA_BOTTOM,CBO-FFRS-CB12-BL003,CONTINUOUS_BEAM,CB12,CBO-FFRS-CB12-BL003,OPENING_EXTRA_BOTTOM,SPECIAL_DETAIL_BAR,MASS,NOT_APPLICABLE,,,,,,,,,,,,,,,,,,,,no source-identified physical opening in this beam (26 opening objects checked project-wide; the generic opening detail is not applied globally)
CBO-FFRS-CB12-BL003|OPENING_EXTRA_SIDE,CBO-FFRS-CB12-BL003,CONTINUOUS_BEAM,CB12,CBO-FFRS-CB12-BL003,OPENING_EXTRA_SIDE,SPECIAL_DETAIL_BAR,MASS,NOT_APPLICABLE,,,,,,,,,,,,,,,,,,,,no source-identified physical opening in this beam (26 opening objects checked project-wide; the generic opening detail is not applied globally)
CBO-FFRS-CB12-BL003|OPENING_EXTRA_STIRRUP,CBO-FFRS-CB12-BL003,CONTINUOUS_BEAM,CB12,CBO-FFRS-CB12-BL003,OPENING_EXTRA_STIRRUP,BEAM_STIRRUP,MASS,NOT_APPLICABLE,,,,,,,,,,,,,,,,,,,,no source-identified physical opening in this beam (26 opening objects checked project-wide; the generic opening detail is not applied globally)
CBO-FFRS-CB12-BL003|OTHER_EXPLICIT_EXTRA,CBO-FFRS-CB12-BL003,CONTINUOUS_BEAM,CB12,CBO-FFRS-CB12-BL003,OTHER_EXPLICIT_EXTRA,SPECIAL_DETAIL_BAR,MASS,NOT_APPLICABLE,,,,,,,,,,,,,,,,,,,,"no other explicit extra scheduled (load-line numbers are loads, never steel)"
CBO-FFRS-CB13-BL004|TOP_MAIN|CBO-FFRS-CB13-BL004:CONTINUOUS_TOP:24A9,CBO-FFRS-CB13-BL004,CONTINUOUS_BEAM,CB13,CBO-FFRS-CB13-BL004,TOP_MAIN,BEAM_TOP_BAR,MASS,BLOCKED_UNQUANTIFIED,,CBO-FFRS-CB13-BL004:CONTINUOUS_TOP:24A9,,12,3,,,,,,,,,,,,,,Q2,"interior end drawn N.T.S. (schedule frame); no bound extent rule; end leg drawn at the outer support, length not dimensioned (hook)"
CBO-FFRS-CB13-BL004|TOP_MAIN|CBO-FFRS-CB13-BL004:CONTINUOUS_TOP:24AD,CBO-FFRS-CB13-BL004,CONTINUOUS_BEAM,CB13,CBO-FFRS-CB13-BL004,TOP_MAIN,BEAM_TOP_BAR,MASS,BLOCKED_UNQUANTIFIED,,CBO-FFRS-CB13-BL004:CONTINUOUS_TOP:24AD,,12,3,,,,,,,,,,,,,,Q2,"interior end drawn N.T.S. (schedule frame); no bound extent rule; end leg drawn at the outer support, length not dimensioned (hook)"
CBO-FFRS-CB13-BL004|BOTTOM_MAIN|CBO-FFRS-CB13-BL004:BOTTOM:2489,CBO-FFRS-CB13-BL004,CONTINUOUS_BEAM,CB13,CBO-FFRS-CB13-BL004,BOTTOM_MAIN,BEAM_BOTTOM_BAR,MASS,BLOCKED_UNQUANTIFIED,,CBO-FFRS-CB13-BL004:BOTTOM:2489,,16,4,,,,,,,,,,,,,,R4,"reading direction ambiguous: reading interpretations disagree: FORWARD: 4Ø16 BOTTOM_MAIN rule ['CLEAR_SPAN:', 'THROUGH_SUPPORT:', 'BEYOND_FAR_FACE:TYP-206B:2115']; REVERSED: 4Ø18 BOTTOM_MAIN rule ['CLEAR_SPAN:', 'THROUGH_SUPPORT:', 'BEYOND_FAR_FACE:TYP-206B:2115']"
CBO-FFRS-CB13-BL004|BOTTOM_MAIN|CBO-FFRS-CB13-BL004:BOTTOM:24A8,CBO-FFRS-CB13-BL004,CONTINUOUS_BEAM,CB13,CBO-FFRS-CB13-BL004,BOTTOM_MAIN,BEAM_BOTTOM_BAR,MASS,BLOCKED_UNQUANTIFIED,,CBO-FFRS-CB13-BL004:BOTTOM:24A8,,18,4,,,,,,,,,,,,,,R4,"reading direction ambiguous: reading interpretations disagree: FORWARD: 4Ø18 BOTTOM_MAIN rule ['CLEAR_SPAN:', 'THROUGH_SUPPORT:', 'BEYOND_FAR_FACE:TYP-206B:2115']; REVERSED: 4Ø16 BOTTOM_MAIN rule ['CLEAR_SPAN:', 'THROUGH_SUPPORT:', 'BEYOND_FAR_FACE:TYP-206B:2115']"
CBO-FFRS-CB13-BL004|TOP_SUPPORT,CBO-FFRS-CB13-BL004,CONTINUOUS_BEAM,CB13,CBO-FFRS-CB13-BL004,TOP_SUPPORT,BEAM_EXTRA_BAR,MASS,BLOCKED_UNQUANTIFIED,,,,,,,,,,,,,,,,,,,Q2+Q3,typical end-support top bar: the schedule frames draw one top bar per span while the typical draws a separate end-support bar dimensioned '0.3 Ln2' (UNRESOLVED: no Ln2 in a 2-span typical) - which governs and its extent are not established; not taken from the frames
CBO-FFRS-CB13-BL004|BOTTOM_SUPPORT,CBO-FFRS-CB13-BL004,CONTINUOUS_BEAM,CB13,CBO-FFRS-CB13-BL004,BOTTOM_SUPPORT,BEAM_EXTRA_BAR,MASS,NOT_APPLICABLE,,,,,,,,,,,,,,,,,,,,"no bottom support bar is scheduled or drawn (C-BEAM frames: TOP, BOTTOM, MID only)"
CBO-FFRS-CB13-BL004|MID_TOP|CBO-FFRS-CB13-BL004:SUPPORT_TOP:24AC,CBO-FFRS-CB13-BL004,CONTINUOUS_BEAM,CB13,CBO-FFRS-CB13-BL004,MID_TOP,BEAM_EXTRA_BAR,MASS,LOWER_BOUND,CANDIDATE_INVARIANT,CBO-FFRS-CB13-BL004:SUPPORT_TOP:24AC,,18,5,2.2785,11.3925,2.0,22.785,,,SOURCE_VERIFIED,NOT_ESTABLISHED,SOURCE_VERIFIED,,,"[""in-span end treatment drawn straight on an N.T.S. typical, not dimensioned""]",,,"in-span end treatment drawn straight on an N.T.S. typical, not dimensioned"
CBO-FFRS-CB13-BL004|MID_BOTTOM,CBO-FFRS-CB13-BL004,CONTINUOUS_BEAM,CB13,CBO-FFRS-CB13-BL004,MID_BOTTOM,BEAM_EXTRA_BAR,MASS,NOT_APPLICABLE,,,,,,,,,,,,,,,,,,,,no bottom MID / support bar in the C-BEAM schedule or typical
CBO-FFRS-CB13-BL004|HANGER,CBO-FFRS-CB13-BL004,CONTINUOUS_BEAM,CB13,CBO-FFRS-CB13-BL004,HANGER,BEAM_EXTRA_BAR,MASS,BLOCKED_UNQUANTIFIED,,,,,,,,,,,,,,,,,,,Q2,hanger DETAILED_UNLABELLED: DETAILED_UNLABELLED: the typical draws an unlabelled second top row; the frames draw one top bar per span - hanger count / diameter / extent not printed - not inferred from practice
CBO-FFRS-CB13-BL004|SIDE_REBAR,CBO-FFRS-CB13-BL004,CONTINUOUS_BEAM,CB13,CBO-FFRS-CB13-BL004,SIDE_REBAR,BEAM_SIDE_BAR,MASS,NOT_APPLICABLE,,,,,,,,,,,,,,,,,,,,no side bars printed; depth 50.0 cm
CBO-FFRS-CB13-BL004|STIRRUP_COUNT|SPAN1,CBO-FFRS-CB13-BL004,CONTINUOUS_BEAM,CB13,CBO-FFRS-CB13-BL004,STIRRUP_COUNT,BEAM_STIRRUP,COUNT,BLOCKED_UNQUANTIFIED,,,1,8,,,,,,,,,,,,,,,R4,"reading direction ambiguous: reading interpretations disagree: FORWARD: 21Ø8 STIRRUP_COUNT rule ['BARS_PER_METRE', 7]; REVERSED: 21Ø10 STIRRUP_COUNT rule ['BARS_PER_METRE', 7]"
CBO-FFRS-CB13-BL004|STIRRUP_CORE_PATH|SPAN1,CBO-FFRS-CB13-BL004,CONTINUOUS_BEAM,CB13,CBO-FFRS-CB13-BL004,STIRRUP_CORE_PATH,BEAM_STIRRUP,MASS,BLOCKED_UNQUANTIFIED,,,1,8,,,,,,,,,,,,,,"[""LEGS / TOPOLOGY UNRESOLVED"", ""HOOKS BLOCKED_UNQUANTIFIED"", ""LEGS / LINK TOPOLOGY NOT_ESTABLISHED"", ""STIRRUP HOOKS NOT_ESTABLISHED""]",Q7,"stirrup mass needs legs, path, hooks and section; missing: LEGS / TOPOLOGY UNRESOLVED; HOOKS BLOCKED_UNQUANTIFIED; LEGS / LINK TOPOLOGY NOT_ESTABLISHED; STIRRUP HOOKS NOT_ESTABLISHED"
CBO-FFRS-CB13-BL004|STIRRUP_COUNT|SPAN2,CBO-FFRS-CB13-BL004,CONTINUOUS_BEAM,CB13,CBO-FFRS-CB13-BL004,STIRRUP_COUNT,BEAM_STIRRUP,COUNT,BLOCKED_UNQUANTIFIED,,,2,10,,,,,,,,,,,,,,,R4,"reading direction ambiguous: reading interpretations disagree: FORWARD: 23Ø10 STIRRUP_COUNT rule ['BARS_PER_METRE', 7]; REVERSED: 23Ø8 STIRRUP_COUNT rule ['BARS_PER_METRE', 7]"
CBO-FFRS-CB13-BL004|STIRRUP_CORE_PATH|SPAN2,CBO-FFRS-CB13-BL004,CONTINUOUS_BEAM,CB13,CBO-FFRS-CB13-BL004,STIRRUP_CORE_PATH,BEAM_STIRRUP,MASS,BLOCKED_UNQUANTIFIED,,,2,10,,,,,,,,,,,,,,"[""LEGS / TOPOLOGY UNRESOLVED"", ""HOOKS BLOCKED_UNQUANTIFIED"", ""LEGS / LINK TOPOLOGY NOT_ESTABLISHED"", ""STIRRUP HOOKS NOT_ESTABLISHED""]",Q7,"stirrup mass needs legs, path, hooks and section; missing: LEGS / TOPOLOGY UNRESOLVED; HOOKS BLOCKED_UNQUANTIFIED; LEGS / LINK TOPOLOGY NOT_ESTABLISHED; STIRRUP HOOKS NOT_ESTABLISHED"
CBO-FFRS-CB13-BL004|HOOK_1,CBO-FFRS-CB13-BL004,CONTINUOUS_BEAM,CB13,CBO-FFRS-CB13-BL004,HOOK_1,ANCHORAGE,MASS,BLOCKED_UNQUANTIFIED,,,,,,,,,,,,,,,,,,,Q1,"bar-end hook / bend: end legs drawn N.T.S. without a dimension; no project hook source; column hook rules are not imported - Q1 at end 1 ({'kind': 'COLUMN', 'order': 'PLAN', 'refs': ['FFRS:66A']})"
CBO-FFRS-CB13-BL004|DEVELOPMENT_1,CBO-FFRS-CB13-BL004,CONTINUOUS_BEAM,CB13,CBO-FFRS-CB13-BL004,DEVELOPMENT_1,ANCHORAGE,MASS,BLOCKED_UNQUANTIFIED,,,,,,,,,,,,,,,,,,,Q1,"development / anchorage: no beam-source development rule (note 9 70Ø / 40Ø is starter-bar context only; no 40D, 70D, code, Urban default or external value is used) - Q1 at end 1 ({'kind': 'COLUMN', 'order': 'PLAN', 'refs': ['FFRS:66A']})"
CBO-FFRS-CB13-BL004|HOOK_2,CBO-FFRS-CB13-BL004,CONTINUOUS_BEAM,CB13,CBO-FFRS-CB13-BL004,HOOK_2,ANCHORAGE,MASS,BLOCKED_UNQUANTIFIED,,,,,,,,,,,,,,,,,,,Q1,"bar-end hook / bend: end legs drawn N.T.S. without a dimension; no project hook source; column hook rules are not imported - Q1 at end 2 ({'kind': 'BEAM_CARRIED_BY', 'order': 'PLAN', 'refs': ['BL009']})"
CBO-FFRS-CB13-BL004|DEVELOPMENT_2,CBO-FFRS-CB13-BL004,CONTINUOUS_BEAM,CB13,CBO-FFRS-CB13-BL004,DEVELOPMENT_2,ANCHORAGE,MASS,BLOCKED_UNQUANTIFIED,,,,,,,,,,,,,,,,,,,Q1,"development / anchorage: no beam-source development rule (note 9 70Ø / 40Ø is starter-bar context only; no 40D, 70D, code, Urban default or external value is used) - Q1 at end 2 ({'kind': 'BEAM_CARRIED_BY', 'order': 'PLAN', 'refs': ['BL009']})"
CBO-FFRS-CB13-BL004|OPENING_EXTRA_TOP,CBO-FFRS-CB13-BL004,CONTINUOUS_BEAM,CB13,CBO-FFRS-CB13-BL004,OPENING_EXTRA_TOP,SPECIAL_DETAIL_BAR,MASS,NOT_APPLICABLE,,,,,,,,,,,,,,,,,,,,no source-identified physical opening in this beam (26 opening objects checked project-wide; the generic opening detail is not applied globally)
CBO-FFRS-CB13-BL004|OPENING_EXTRA_BOTTOM,CBO-FFRS-CB13-BL004,CONTINUOUS_BEAM,CB13,CBO-FFRS-CB13-BL004,OPENING_EXTRA_BOTTOM,SPECIAL_DETAIL_BAR,MASS,NOT_APPLICABLE,,,,,,,,,,,,,,,,,,,,no source-identified physical opening in this beam (26 opening objects checked project-wide; the generic opening detail is not applied globally)
CBO-FFRS-CB13-BL004|OPENING_EXTRA_SIDE,CBO-FFRS-CB13-BL004,CONTINUOUS_BEAM,CB13,CBO-FFRS-CB13-BL004,OPENING_EXTRA_SIDE,SPECIAL_DETAIL_BAR,MASS,NOT_APPLICABLE,,,,,,,,,,,,,,,,,,,,no source-identified physical opening in this beam (26 opening objects checked project-wide; the generic opening detail is not applied globally)
CBO-FFRS-CB13-BL004|OPENING_EXTRA_STIRRUP,CBO-FFRS-CB13-BL004,CONTINUOUS_BEAM,CB13,CBO-FFRS-CB13-BL004,OPENING_EXTRA_STIRRUP,BEAM_STIRRUP,MASS,NOT_APPLICABLE,,,,,,,,,,,,,,,,,,,,no source-identified physical opening in this beam (26 opening objects checked project-wide; the generic opening detail is not applied globally)
CBO-FFRS-CB13-BL004|OTHER_EXPLICIT_EXTRA,CBO-FFRS-CB13-BL004,CONTINUOUS_BEAM,CB13,CBO-FFRS-CB13-BL004,OTHER_EXPLICIT_EXTRA,SPECIAL_DETAIL_BAR,MASS,NOT_APPLICABLE,,,,,,,,,,,,,,,,,,,,"no other explicit extra scheduled (load-line numbers are loads, never steel)"
CBO-FFRS-CB9-BL023|TOP_MAIN|CBO-FFRS-CB9-BL023:CONTINUOUS_TOP:25A4,CBO-FFRS-CB9-BL023,CONTINUOUS_BEAM,CB9,CBO-FFRS-CB9-BL023,TOP_MAIN,BEAM_TOP_BAR,MASS,BLOCKED_UNQUANTIFIED,,CBO-FFRS-CB9-BL023:CONTINUOUS_TOP:25A4,,12,2,,,,,,,,,,,,,,Q2,"interior end drawn N.T.S. (schedule frame); no bound extent rule; end leg drawn at the outer support, length not dimensioned (hook)"
CBO-FFRS-CB9-BL023|TOP_MAIN|CBO-FFRS-CB9-BL023:CONTINUOUS_TOP:25BB,CBO-FFRS-CB9-BL023,CONTINUOUS_BEAM,CB9,CBO-FFRS-CB9-BL023,TOP_MAIN,BEAM_TOP_BAR,MASS,BLOCKED_UNQUANTIFIED,,CBO-FFRS-CB9-BL023:CONTINUOUS_TOP:25BB,,12,2,,,,,,,,,,,,,,Q2,"interior end drawn N.T.S. (schedule frame); no bound extent rule; end leg drawn at the outer support, length not dimensioned (hook)"
CBO-FFRS-CB9-BL023|TOP_MAIN|CBO-FFRS-CB9-BL023:CONTINUOUS_TOP:25C0,CBO-FFRS-CB9-BL023,CONTINUOUS_BEAM,CB9,CBO-FFRS-CB9-BL023,TOP_MAIN,BEAM_TOP_BAR,MASS,BLOCKED_UNQUANTIFIED,,CBO-FFRS-CB9-BL023:CONTINUOUS_TOP:25C0,,12,2,,,,,,,,,,,,,,Q2,interior end drawn N.T.S. (schedule frame); no bound extent rule
CBO-FFRS-CB9-BL023|BOTTOM_MAIN|CBO-FFRS-CB9-BL023:BOTTOM:25A5,CBO-FFRS-CB9-BL023,CONTINUOUS_BEAM,CB9,CBO-FFRS-CB9-BL023,BOTTOM_MAIN,BEAM_BOTTOM_BAR,MASS,LOWER_BOUND,SOURCE_BOUND,CBO-FFRS-CB9-BL023:BOTTOM:25A5,,14,3,4.145,12.435,1.209877,15.044815,,,SOURCE_VERIFIED,NOT_ESTABLISHED,,,,"[""anchorage / development into end support 3"", ""DEVELOPMENT / ANCHORAGE at the end supports (not source-established)"", ""BAR-END HOOK / BEND at the end supports (not detailed)""]",,,anchorage / development into end support 3; DEVELOPMENT / ANCHORAGE at the end supports (not source-established); BAR-END HOOK / BEND at the end supports (not detailed)
CBO-FFRS-CB9-BL023|BOTTOM_MAIN|CBO-FFRS-CB9-BL023:BOTTOM:25AA,CBO-FFRS-CB9-BL023,CONTINUOUS_BEAM,CB9,CBO-FFRS-CB9-BL023,BOTTOM_MAIN,BEAM_BOTTOM_BAR,MASS,LOWER_BOUND,SOURCE_BOUND,CBO-FFRS-CB9-BL023:BOTTOM:25AA,,16,4,4.125,16.5,1.580247,26.074074,,,SOURCE_VERIFIED,NOT_ESTABLISHED,,,,"[""anchorage / development into end support 0"", ""DEVELOPMENT / ANCHORAGE at the end supports (not source-established)"", ""BAR-END HOOK / BEND at the end supports (not detailed)""]",,,anchorage / development into end support 0; DEVELOPMENT / ANCHORAGE at the end supports (not source-established); BAR-END HOOK / BEND at the end supports (not detailed)
CBO-FFRS-CB9-BL023|BOTTOM_MAIN|CBO-FFRS-CB9-BL023:BOTTOM:25BF,CBO-FFRS-CB9-BL023,CONTINUOUS_BEAM,CB9,CBO-FFRS-CB9-BL023,BOTTOM_MAIN,BEAM_BOTTOM_BAR,MASS,LOWER_BOUND,SOURCE_BOUND,CBO-FFRS-CB9-BL023:BOTTOM:25BF,,14,3,4.45,13.35,1.209877,16.151852,,,SOURCE_VERIFIED,NOT_ESTABLISHED,,,,"[""extension beyond the far face of support 1 (no bound rule: no typical dimension bound to this bar topology)"", ""extension beyond the far face of support 2 (no bound rule: no typical dimension bound to this bar topology)"", ""DEVELOPMENT / ANCHORAGE at the end supports (not source-established)"", ""BAR-END HOOK / BEND at the end supports (not detailed)""]",,,extension beyond the far face of support 1 (no bound rule: no typical dimension bound to this bar topology); extension beyond the far face of support 2 (no bound rule: no typical dimension bound to this bar topology); DEVELOPMENT / ANCHORAGE at the end supports (not source-established); BAR-END HOOK / BEND at the end supports (not detailed)
CBO-FFRS-CB9-BL023|TOP_SUPPORT,CBO-FFRS-CB9-BL023,CONTINUOUS_BEAM,CB9,CBO-FFRS-CB9-BL023,TOP_SUPPORT,BEAM_EXTRA_BAR,MASS,BLOCKED_UNQUANTIFIED,,,,,,,,,,,,,,,,,,,Q2+Q3,typical end-support top bar: the schedule frames draw one top bar per span while the typical draws a separate end-support bar dimensioned '0.3 Ln2' (UNRESOLVED: no Ln2 in a 2-span typical) - which governs and its extent are not established; not taken from the frames
CBO-FFRS-CB9-BL023|BOTTOM_SUPPORT,CBO-FFRS-CB9-BL023,CONTINUOUS_BEAM,CB9,CBO-FFRS-CB9-BL023,BOTTOM_SUPPORT,BEAM_EXTRA_BAR,MASS,NOT_APPLICABLE,,,,,,,,,,,,,,,,,,,,"no bottom support bar is scheduled or drawn (C-BEAM frames: TOP, BOTTOM, MID only)"
CBO-FFRS-CB9-BL023|MID_TOP|CBO-FFRS-CB9-BL023:SUPPORT_TOP:25A6,CBO-FFRS-CB9-BL023,CONTINUOUS_BEAM,CB9,CBO-FFRS-CB9-BL023,MID_TOP,BEAM_EXTRA_BAR,MASS,LOWER_BOUND,SOURCE_BOUND,CBO-FFRS-CB9-BL023:SUPPORT_TOP:25A6,,16,3,2.3094,6.9282,1.580247,10.948267,,,SOURCE_VERIFIED,NOT_ESTABLISHED,SOURCE_VERIFIED,,,"[""in-span end treatment drawn straight on an N.T.S. typical, not dimensioned""]",,,"in-span end treatment drawn straight on an N.T.S. typical, not dimensioned"
CBO-FFRS-CB9-BL023|MID_TOP|CBO-FFRS-CB9-BL023:SUPPORT_TOP:25C1,CBO-FFRS-CB9-BL023,CONTINUOUS_BEAM,CB9,CBO-FFRS-CB9-BL023,MID_TOP,BEAM_EXTRA_BAR,MASS,LOWER_BOUND,SOURCE_BOUND,CBO-FFRS-CB9-BL023:SUPPORT_TOP:25C1,,18,4,2.249,8.996,2.0,17.992,,,SOURCE_VERIFIED,NOT_ESTABLISHED,SOURCE_VERIFIED,,,"[""in-span end treatment drawn straight on an N.T.S. typical, not dimensioned""]",,,"in-span end treatment drawn straight on an N.T.S. typical, not dimensioned"
CBO-FFRS-CB9-BL023|MID_BOTTOM,CBO-FFRS-CB9-BL023,CONTINUOUS_BEAM,CB9,CBO-FFRS-CB9-BL023,MID_BOTTOM,BEAM_EXTRA_BAR,MASS,NOT_APPLICABLE,,,,,,,,,,,,,,,,,,,,no bottom MID / support bar in the C-BEAM schedule or typical
CBO-FFRS-CB9-BL023|HANGER,CBO-FFRS-CB9-BL023,CONTINUOUS_BEAM,CB9,CBO-FFRS-CB9-BL023,HANGER,BEAM_EXTRA_BAR,MASS,BLOCKED_UNQUANTIFIED,,,,,,,,,,,,,,,,,,,Q2,hanger DETAILED_UNLABELLED: DETAILED_UNLABELLED: the typical draws an unlabelled second top row; the frames draw one top bar per span - hanger count / diameter / extent not printed - not inferred from practice
CBO-FFRS-CB9-BL023|SIDE_REBAR,CBO-FFRS-CB9-BL023,CONTINUOUS_BEAM,CB9,CBO-FFRS-CB9-BL023,SIDE_REBAR,BEAM_SIDE_BAR,MASS,NOT_APPLICABLE,,,,,,,,,,,,,,,,,,,,no side bars printed; depth 50.0 cm
CBO-FFRS-CB9-BL023|STIRRUP_COUNT|SPAN1,CBO-FFRS-CB9-BL023,CONTINUOUS_BEAM,CB9,CBO-FFRS-CB9-BL023,STIRRUP_COUNT,BEAM_STIRRUP,COUNT,LOWER_BOUND,SOURCE_BOUND,,1,8,,,,,,25,26,,,,,,,,,first / last stirrup position not stated; no +1
CBO-FFRS-CB9-BL023|STIRRUP_CORE_PATH|SPAN1,CBO-FFRS-CB9-BL023,CONTINUOUS_BEAM,CB9,CBO-FFRS-CB9-BL023,STIRRUP_CORE_PATH,BEAM_STIRRUP,MASS,BLOCKED_UNQUANTIFIED,,,1,8,,,,,,,,,,,,,,"[""LEGS / TOPOLOGY UNRESOLVED"", ""HOOKS BLOCKED_UNQUANTIFIED"", ""LEGS / LINK TOPOLOGY NOT_ESTABLISHED"", ""STIRRUP HOOKS NOT_ESTABLISHED""]",Q7,"stirrup mass needs legs, path, hooks and section; missing: LEGS / TOPOLOGY UNRESOLVED; HOOKS BLOCKED_UNQUANTIFIED; LEGS / LINK TOPOLOGY NOT_ESTABLISHED; STIRRUP HOOKS NOT_ESTABLISHED"
CBO-FFRS-CB9-BL023|STIRRUP_COUNT|SPAN2,CBO-FFRS-CB9-BL023,CONTINUOUS_BEAM,CB9,CBO-FFRS-CB9-BL023,STIRRUP_COUNT,BEAM_STIRRUP,COUNT,LOWER_BOUND,SOURCE_BOUND,,2,8,,,,,,34,35,,,,,,,,,first / last stirrup position not stated; no +1
CBO-FFRS-CB9-BL023|STIRRUP_CORE_PATH|SPAN2,CBO-FFRS-CB9-BL023,CONTINUOUS_BEAM,CB9,CBO-FFRS-CB9-BL023,STIRRUP_CORE_PATH,BEAM_STIRRUP,MASS,BLOCKED_UNQUANTIFIED,,,2,8,,,,,,,,,,,,,,"[""LEGS / TOPOLOGY UNRESOLVED"", ""HOOKS BLOCKED_UNQUANTIFIED"", ""LEGS / LINK TOPOLOGY NOT_ESTABLISHED"", ""STIRRUP HOOKS NOT_ESTABLISHED""]",Q7,"stirrup mass needs legs, path, hooks and section; missing: LEGS / TOPOLOGY UNRESOLVED; HOOKS BLOCKED_UNQUANTIFIED; LEGS / LINK TOPOLOGY NOT_ESTABLISHED; STIRRUP HOOKS NOT_ESTABLISHED"
CBO-FFRS-CB9-BL023|STIRRUP_COUNT|SPAN3,CBO-FFRS-CB9-BL023,CONTINUOUS_BEAM,CB9,CBO-FFRS-CB9-BL023,STIRRUP_COUNT,BEAM_STIRRUP,COUNT,LOWER_BOUND,SOURCE_BOUND,,3,8,,,,,,21,22,,,,,,,,,first / last stirrup position not stated; no +1
CBO-FFRS-CB9-BL023|STIRRUP_CORE_PATH|SPAN3,CBO-FFRS-CB9-BL023,CONTINUOUS_BEAM,CB9,CBO-FFRS-CB9-BL023,STIRRUP_CORE_PATH,BEAM_STIRRUP,MASS,BLOCKED_UNQUANTIFIED,,,3,8,,,,,,,,,,,,,,"[""LEGS / TOPOLOGY UNRESOLVED"", ""HOOKS BLOCKED_UNQUANTIFIED"", ""LEGS / LINK TOPOLOGY NOT_ESTABLISHED"", ""STIRRUP HOOKS NOT_ESTABLISHED""]",Q7,"stirrup mass needs legs, path, hooks and section; missing: LEGS / TOPOLOGY UNRESOLVED; HOOKS BLOCKED_UNQUANTIFIED; LEGS / LINK TOPOLOGY NOT_ESTABLISHED; STIRRUP HOOKS NOT_ESTABLISHED"
CBO-FFRS-CB9-BL023|HOOK_1,CBO-FFRS-CB9-BL023,CONTINUOUS_BEAM,CB9,CBO-FFRS-CB9-BL023,HOOK_1,ANCHORAGE,MASS,BLOCKED_UNQUANTIFIED,,,,,,,,,,,,,,,,,,,Q1,"bar-end hook / bend: end legs drawn N.T.S. without a dimension; no project hook source; column hook rules are not imported - Q1 at end 1 ({'kind': 'COLUMN', 'order': 'PLAN', 'refs': ['FFRS:673']})"
CBO-FFRS-CB9-BL023|DEVELOPMENT_1,CBO-FFRS-CB9-BL023,CONTINUOUS_BEAM,CB9,CBO-FFRS-CB9-BL023,DEVELOPMENT_1,ANCHORAGE,MASS,BLOCKED_UNQUANTIFIED,,,,,,,,,,,,,,,,,,,Q1,"development / anchorage: no beam-source development rule (note 9 70Ø / 40Ø is starter-bar context only; no 40D, 70D, code, Urban default or external value is used) - Q1 at end 1 ({'kind': 'COLUMN', 'order': 'PLAN', 'refs': ['FFRS:673']})"
CBO-FFRS-CB9-BL023|HOOK_2,CBO-FFRS-CB9-BL023,CONTINUOUS_BEAM,CB9,CBO-FFRS-CB9-BL023,HOOK_2,ANCHORAGE,MASS,BLOCKED_UNQUANTIFIED,,,,,,,,,,,,,,,,,,,Q1,"bar-end hook / bend: end legs drawn N.T.S. without a dimension; no project hook source; column hook rules are not imported - Q1 at end 2 ({'kind': 'COLUMN', 'order': 'PLAN', 'refs': ['FFRS:697']})"
CBO-FFRS-CB9-BL023|DEVELOPMENT_2,CBO-FFRS-CB9-BL023,CONTINUOUS_BEAM,CB9,CBO-FFRS-CB9-BL023,DEVELOPMENT_2,ANCHORAGE,MASS,BLOCKED_UNQUANTIFIED,,,,,,,,,,,,,,,,,,,Q1,"development / anchorage: no beam-source development rule (note 9 70Ø / 40Ø is starter-bar context only; no 40D, 70D, code, Urban default or external value is used) - Q1 at end 2 ({'kind': 'COLUMN', 'order': 'PLAN', 'refs': ['FFRS:697']})"
CBO-FFRS-CB9-BL023|OPENING_EXTRA_TOP,CBO-FFRS-CB9-BL023,CONTINUOUS_BEAM,CB9,CBO-FFRS-CB9-BL023,OPENING_EXTRA_TOP,SPECIAL_DETAIL_BAR,MASS,NOT_APPLICABLE,,,,,,,,,,,,,,,,,,,,no source-identified physical opening in this beam (26 opening objects checked project-wide; the generic opening detail is not applied globally)
CBO-FFRS-CB9-BL023|OPENING_EXTRA_BOTTOM,CBO-FFRS-CB9-BL023,CONTINUOUS_BEAM,CB9,CBO-FFRS-CB9-BL023,OPENING_EXTRA_BOTTOM,SPECIAL_DETAIL_BAR,MASS,NOT_APPLICABLE,,,,,,,,,,,,,,,,,,,,no source-identified physical opening in this beam (26 opening objects checked project-wide; the generic opening detail is not applied globally)
CBO-FFRS-CB9-BL023|OPENING_EXTRA_SIDE,CBO-FFRS-CB9-BL023,CONTINUOUS_BEAM,CB9,CBO-FFRS-CB9-BL023,OPENING_EXTRA_SIDE,SPECIAL_DETAIL_BAR,MASS,NOT_APPLICABLE,,,,,,,,,,,,,,,,,,,,no source-identified physical opening in this beam (26 opening objects checked project-wide; the generic opening detail is not applied globally)
CBO-FFRS-CB9-BL023|OPENING_EXTRA_STIRRUP,CBO-FFRS-CB9-BL023,CONTINUOUS_BEAM,CB9,CBO-FFRS-CB9-BL023,OPENING_EXTRA_STIRRUP,BEAM_STIRRUP,MASS,NOT_APPLICABLE,,,,,,,,,,,,,,,,,,,,no source-identified physical opening in this beam (26 opening objects checked project-wide; the generic opening detail is not applied globally)
CBO-FFRS-CB9-BL023|OTHER_EXPLICIT_EXTRA,CBO-FFRS-CB9-BL023,CONTINUOUS_BEAM,CB9,CBO-FFRS-CB9-BL023,OTHER_EXPLICIT_EXTRA,SPECIAL_DETAIL_BAR,MASS,NOT_APPLICABLE,,,,,,,,,,,,,,,,,,,,"no other explicit extra scheduled (load-line numbers are loads, never steel)"
CBO-GFRS-CB1-BL007|TOP_MAIN|CBO-GFRS-CB1-BL007:CONTINUOUS_TOP:2752,CBO-GFRS-CB1-BL007,CONTINUOUS_BEAM,CB1,CBO-GFRS-CB1-BL007,TOP_MAIN,BEAM_TOP_BAR,MASS,BLOCKED_UNQUANTIFIED,,CBO-GFRS-CB1-BL007:CONTINUOUS_TOP:2752,,14,3,,,,,,,,,,,,,,Q2,"interior end drawn N.T.S. (schedule frame); no bound extent rule; end leg drawn at the outer support, length not dimensioned (hook)"
CBO-GFRS-CB1-BL007|TOP_MAIN|CBO-GFRS-CB1-BL007:CONTINUOUS_TOP:2764,CBO-GFRS-CB1-BL007,CONTINUOUS_BEAM,CB1,CBO-GFRS-CB1-BL007,TOP_MAIN,BEAM_TOP_BAR,MASS,BLOCKED_UNQUANTIFIED,,CBO-GFRS-CB1-BL007:CONTINUOUS_TOP:2764,,14,3,,,,,,,,,,,,,,Q2,"interior end drawn N.T.S. (schedule frame); no bound extent rule; end leg drawn at the outer support, length not dimensioned (hook)"
CBO-GFRS-CB1-BL007|BOTTOM_MAIN|CBO-GFRS-CB1-BL007:BOTTOM:2719,CBO-GFRS-CB1-BL007,CONTINUOUS_BEAM,CB1,CBO-GFRS-CB1-BL007,BOTTOM_MAIN,BEAM_BOTTOM_BAR,MASS,LOWER_BOUND,SOURCE_BOUND,CBO-GFRS-CB1-BL007:BOTTOM:2719,,18,4,7.575,30.3,2.0,60.6,,,SOURCE_VERIFIED,NOT_ESTABLISHED,,,,"[""anchorage / development into end support 0"", ""DEVELOPMENT / ANCHORAGE at the end supports (not source-established)"", ""BAR-END HOOK / BEND at the end supports (not detailed)""]",,,anchorage / development into end support 0; DEVELOPMENT / ANCHORAGE at the end supports (not source-established); BAR-END HOOK / BEND at the end supports (not detailed)
CBO-GFRS-CB1-BL007|BOTTOM_MAIN|CBO-GFRS-CB1-BL007:BOTTOM:2751,CBO-GFRS-CB1-BL007,CONTINUOUS_BEAM,CB1,CBO-GFRS-CB1-BL007,BOTTOM_MAIN,BEAM_BOTTOM_BAR,MASS,LOWER_BOUND,SOURCE_BOUND,CBO-GFRS-CB1-BL007:BOTTOM:2751,,18,5,5.675,28.375,2.0,56.75,,,SOURCE_VERIFIED,NOT_ESTABLISHED,,,,"[""anchorage / development into end support 2"", ""DEVELOPMENT / ANCHORAGE at the end supports (not source-established)"", ""BAR-END HOOK / BEND at the end supports (not detailed)""]",,,anchorage / development into end support 2; DEVELOPMENT / ANCHORAGE at the end supports (not source-established); BAR-END HOOK / BEND at the end supports (not detailed)
CBO-GFRS-CB1-BL007|TOP_SUPPORT,CBO-GFRS-CB1-BL007,CONTINUOUS_BEAM,CB1,CBO-GFRS-CB1-BL007,TOP_SUPPORT,BEAM_EXTRA_BAR,MASS,BLOCKED_UNQUANTIFIED,,,,,,,,,,,,,,,,,,,Q2+Q3,typical end-support top bar: the schedule frames draw one top bar per span while the typical draws a separate end-support bar dimensioned '0.3 Ln2' (UNRESOLVED: no Ln2 in a 2-span typical) - which governs and its extent are not established; not taken from the frames
CBO-GFRS-CB1-BL007|BOTTOM_SUPPORT,CBO-GFRS-CB1-BL007,CONTINUOUS_BEAM,CB1,CBO-GFRS-CB1-BL007,BOTTOM_SUPPORT,BEAM_EXTRA_BAR,MASS,NOT_APPLICABLE,,,,,,,,,,,,,,,,,,,,"no bottom support bar is scheduled or drawn (C-BEAM frames: TOP, BOTTOM, MID only)"
CBO-GFRS-CB1-BL007|MID_TOP|CBO-GFRS-CB1-BL007:SUPPORT_TOP:2763,CBO-GFRS-CB1-BL007,CONTINUOUS_BEAM,CB1,CBO-GFRS-CB1-BL007,MID_TOP,BEAM_EXTRA_BAR,MASS,LOWER_BOUND,SOURCE_BOUND,CBO-GFRS-CB1-BL007:SUPPORT_TOP:2763,,18,8,3.371,26.968,2.0,53.936,,,SOURCE_VERIFIED,NOT_ESTABLISHED,SOURCE_VERIFIED,,,"[""in-span end treatment drawn straight on an N.T.S. typical, not dimensioned""]",,,"in-span end treatment drawn straight on an N.T.S. typical, not dimensioned"
CBO-GFRS-CB1-BL007|MID_BOTTOM,CBO-GFRS-CB1-BL007,CONTINUOUS_BEAM,CB1,CBO-GFRS-CB1-BL007,MID_BOTTOM,BEAM_EXTRA_BAR,MASS,NOT_APPLICABLE,,,,,,,,,,,,,,,,,,,,no bottom MID / support bar in the C-BEAM schedule or typical
CBO-GFRS-CB1-BL007|HANGER,CBO-GFRS-CB1-BL007,CONTINUOUS_BEAM,CB1,CBO-GFRS-CB1-BL007,HANGER,BEAM_EXTRA_BAR,MASS,BLOCKED_UNQUANTIFIED,,,,,,,,,,,,,,,,,,,Q2,hanger DETAILED_UNLABELLED: DETAILED_UNLABELLED: the typical draws an unlabelled second top row; the frames draw one top bar per span - hanger count / diameter / extent not printed - not inferred from practice
CBO-GFRS-CB1-BL007|SIDE_REBAR,CBO-GFRS-CB1-BL007,CONTINUOUS_BEAM,CB1,CBO-GFRS-CB1-BL007,SIDE_REBAR,BEAM_SIDE_BAR,MASS,BLOCKED_UNQUANTIFIED,,,,12,2,,,,,,,,,,2%%C12 | 30cm,30.0,,,Q6,side bars '2%%C12 | 30cm' printed (2Ø12/30.0cm): '/30cm' semantics not established (per face or total; vertical spacing or other; bar length; end treatment) - never silently read as a vertical spacing (Q6) - quantity / mass not source-quantified
CBO-GFRS-CB1-BL007|STIRRUP_COUNT|SPAN1,CBO-GFRS-CB1-BL007,CONTINUOUS_BEAM,CB1,CBO-GFRS-CB1-BL007,STIRRUP_COUNT,BEAM_STIRRUP,COUNT,LOWER_BOUND,SOURCE_BOUND,,1,8,,,,,,35,36,,,,,,,,,first / last stirrup position not stated; no +1
CBO-GFRS-CB1-BL007|STIRRUP_CORE_PATH|SPAN1,CBO-GFRS-CB1-BL007,CONTINUOUS_BEAM,CB1,CBO-GFRS-CB1-BL007,STIRRUP_CORE_PATH,BEAM_STIRRUP,MASS,BLOCKED_UNQUANTIFIED,,,1,8,,,,,,,,,,,,,,"[""LEGS / TOPOLOGY UNRESOLVED"", ""HOOKS BLOCKED_UNQUANTIFIED"", ""LEGS / LINK TOPOLOGY NOT_ESTABLISHED"", ""STIRRUP HOOKS NOT_ESTABLISHED""]",Q7,"stirrup mass needs legs, path, hooks and section; missing: LEGS / TOPOLOGY UNRESOLVED; HOOKS BLOCKED_UNQUANTIFIED; LEGS / LINK TOPOLOGY NOT_ESTABLISHED; STIRRUP HOOKS NOT_ESTABLISHED"
CBO-GFRS-CB1-BL007|STIRRUP_COUNT|SPAN2,CBO-GFRS-CB1-BL007,CONTINUOUS_BEAM,CB1,CBO-GFRS-CB1-BL007,STIRRUP_COUNT,BEAM_STIRRUP,COUNT,LOWER_BOUND,SOURCE_BOUND,,2,10,,,,,,46,47,,,,,,,,,first / last stirrup position not stated; no +1
CBO-GFRS-CB1-BL007|STIRRUP_CORE_PATH|SPAN2,CBO-GFRS-CB1-BL007,CONTINUOUS_BEAM,CB1,CBO-GFRS-CB1-BL007,STIRRUP_CORE_PATH,BEAM_STIRRUP,MASS,BLOCKED_UNQUANTIFIED,,,2,10,,,,,,,,,,,,,,"[""LEGS / TOPOLOGY UNRESOLVED"", ""HOOKS BLOCKED_UNQUANTIFIED"", ""LEGS / LINK TOPOLOGY NOT_ESTABLISHED"", ""STIRRUP HOOKS NOT_ESTABLISHED""]",Q7,"stirrup mass needs legs, path, hooks and section; missing: LEGS / TOPOLOGY UNRESOLVED; HOOKS BLOCKED_UNQUANTIFIED; LEGS / LINK TOPOLOGY NOT_ESTABLISHED; STIRRUP HOOKS NOT_ESTABLISHED"
CBO-GFRS-CB1-BL007|HOOK_1,CBO-GFRS-CB1-BL007,CONTINUOUS_BEAM,CB1,CBO-GFRS-CB1-BL007,HOOK_1,ANCHORAGE,MASS,BLOCKED_UNQUANTIFIED,,,,,,,,,,,,,,,,,,,Q1,"bar-end hook / bend: end legs drawn N.T.S. without a dimension; no project hook source; column hook rules are not imported - Q1 at end 1 ({'kind': 'COLUMN', 'order': 'PLAN', 'refs': ['GFRS:347']})"
CBO-GFRS-CB1-BL007|DEVELOPMENT_1,CBO-GFRS-CB1-BL007,CONTINUOUS_BEAM,CB1,CBO-GFRS-CB1-BL007,DEVELOPMENT_1,ANCHORAGE,MASS,BLOCKED_UNQUANTIFIED,,,,,,,,,,,,,,,,,,,Q1,"development / anchorage: no beam-source development rule (note 9 70Ø / 40Ø is starter-bar context only; no 40D, 70D, code, Urban default or external value is used) - Q1 at end 1 ({'kind': 'COLUMN', 'order': 'PLAN', 'refs': ['GFRS:347']})"
CBO-GFRS-CB1-BL007|HOOK_2,CBO-GFRS-CB1-BL007,CONTINUOUS_BEAM,CB1,CBO-GFRS-CB1-BL007,HOOK_2,ANCHORAGE,MASS,BLOCKED_UNQUANTIFIED,,,,,,,,,,,,,,,,,,,Q1,"bar-end hook / bend: end legs drawn N.T.S. without a dimension; no project hook source; column hook rules are not imported - Q1 at end 2 ({'kind': 'BEAM_CORNER', 'order': 'PLAN', 'refs': ['BL043']})"
CBO-GFRS-CB1-BL007|DEVELOPMENT_2,CBO-GFRS-CB1-BL007,CONTINUOUS_BEAM,CB1,CBO-GFRS-CB1-BL007,DEVELOPMENT_2,ANCHORAGE,MASS,BLOCKED_UNQUANTIFIED,,,,,,,,,,,,,,,,,,,Q1,"development / anchorage: no beam-source development rule (note 9 70Ø / 40Ø is starter-bar context only; no 40D, 70D, code, Urban default or external value is used) - Q1 at end 2 ({'kind': 'BEAM_CORNER', 'order': 'PLAN', 'refs': ['BL043']})"
CBO-GFRS-CB1-BL007|OPENING_EXTRA_TOP,CBO-GFRS-CB1-BL007,CONTINUOUS_BEAM,CB1,CBO-GFRS-CB1-BL007,OPENING_EXTRA_TOP,SPECIAL_DETAIL_BAR,MASS,NOT_APPLICABLE,,,,,,,,,,,,,,,,,,,,no source-identified physical opening in this beam (26 opening objects checked project-wide; the generic opening detail is not applied globally)
CBO-GFRS-CB1-BL007|OPENING_EXTRA_BOTTOM,CBO-GFRS-CB1-BL007,CONTINUOUS_BEAM,CB1,CBO-GFRS-CB1-BL007,OPENING_EXTRA_BOTTOM,SPECIAL_DETAIL_BAR,MASS,NOT_APPLICABLE,,,,,,,,,,,,,,,,,,,,no source-identified physical opening in this beam (26 opening objects checked project-wide; the generic opening detail is not applied globally)
CBO-GFRS-CB1-BL007|OPENING_EXTRA_SIDE,CBO-GFRS-CB1-BL007,CONTINUOUS_BEAM,CB1,CBO-GFRS-CB1-BL007,OPENING_EXTRA_SIDE,SPECIAL_DETAIL_BAR,MASS,NOT_APPLICABLE,,,,,,,,,,,,,,,,,,,,no source-identified physical opening in this beam (26 opening objects checked project-wide; the generic opening detail is not applied globally)
CBO-GFRS-CB1-BL007|OPENING_EXTRA_STIRRUP,CBO-GFRS-CB1-BL007,CONTINUOUS_BEAM,CB1,CBO-GFRS-CB1-BL007,OPENING_EXTRA_STIRRUP,BEAM_STIRRUP,MASS,NOT_APPLICABLE,,,,,,,,,,,,,,,,,,,,no source-identified physical opening in this beam (26 opening objects checked project-wide; the generic opening detail is not applied globally)
CBO-GFRS-CB1-BL007|OTHER_EXPLICIT_EXTRA,CBO-GFRS-CB1-BL007,CONTINUOUS_BEAM,CB1,CBO-GFRS-CB1-BL007,OTHER_EXPLICIT_EXTRA,SPECIAL_DETAIL_BAR,MASS,NOT_APPLICABLE,,,,,,,,,,,,,,,,,,,,"no other explicit extra scheduled (load-line numbers are loads, never steel)"
CBO-GFRS-CB2-BL038|TOP_MAIN|CBO-GFRS-CB2-BL038:CONTINUOUS_TOP:2891,CBO-GFRS-CB2-BL038,CONTINUOUS_BEAM,CB2,CBO-GFRS-CB2-BL038,TOP_MAIN,BEAM_TOP_BAR,MASS,BLOCKED_UNQUANTIFIED,,CBO-GFRS-CB2-BL038:CONTINUOUS_TOP:2891,,12,2,,,,,,,,,,,,,,R2,"a span is BOUND_SOURCE_CONFLICT (42A CB2: drawn width conflicts with the schedule width; 42B CB2: drawn width conflicts with the schedule width); both reading directions match the schedule (mapping undecided); released only where candidate-invariant: ['CONTINUOUS_TOP', 'SUPPORT_TOP']; this bar: interior end drawn N.T.S. (schedule frame); no bound extent rule; end leg drawn at the outer support, length not dimensioned (hook)"
CBO-GFRS-CB2-BL038|TOP_MAIN|CBO-GFRS-CB2-BL038:CONTINUOUS_TOP:2895,CBO-GFRS-CB2-BL038,CONTINUOUS_BEAM,CB2,CBO-GFRS-CB2-BL038,TOP_MAIN,BEAM_TOP_BAR,MASS,BLOCKED_UNQUANTIFIED,,CBO-GFRS-CB2-BL038:CONTINUOUS_TOP:2895,,12,2,,,,,,,,,,,,,,R2,"a span is BOUND_SOURCE_CONFLICT (42A CB2: drawn width conflicts with the schedule width; 42B CB2: drawn width conflicts with the schedule width); both reading directions match the schedule (mapping undecided); released only where candidate-invariant: ['CONTINUOUS_TOP', 'SUPPORT_TOP']; this bar: interior end drawn N.T.S. (schedule frame); no bound extent rule; end leg drawn at the outer support, length not dimensioned (hook)"
CBO-GFRS-CB2-BL038|BOTTOM_MAIN|CBO-GFRS-CB2-BL038:BOTTOM:2871,CBO-GFRS-CB2-BL038,CONTINUOUS_BEAM,CB2,CBO-GFRS-CB2-BL038,BOTTOM_MAIN,BEAM_BOTTOM_BAR,MASS,BLOCKED_UNQUANTIFIED,,CBO-GFRS-CB2-BL038:BOTTOM:2871,,16,3,,,,,,,,,,,,,,R2,"a span is BOUND_SOURCE_CONFLICT (42A CB2: drawn width conflicts with the schedule width; 42B CB2: drawn width conflicts with the schedule width); both reading directions match the schedule (mapping undecided); released only where candidate-invariant: ['CONTINUOUS_TOP', 'SUPPORT_TOP']"
CBO-GFRS-CB2-BL038|BOTTOM_MAIN|CBO-GFRS-CB2-BL038:BOTTOM:2890,CBO-GFRS-CB2-BL038,CONTINUOUS_BEAM,CB2,CBO-GFRS-CB2-BL038,BOTTOM_MAIN,BEAM_BOTTOM_BAR,MASS,BLOCKED_UNQUANTIFIED,,CBO-GFRS-CB2-BL038:BOTTOM:2890,,14,3,,,,,,,,,,,,,,R2,"a span is BOUND_SOURCE_CONFLICT (42A CB2: drawn width conflicts with the schedule width; 42B CB2: drawn width conflicts with the schedule width); both reading directions match the schedule (mapping undecided); released only where candidate-invariant: ['CONTINUOUS_TOP', 'SUPPORT_TOP']"
CBO-GFRS-CB2-BL038|TOP_SUPPORT,CBO-GFRS-CB2-BL038,CONTINUOUS_BEAM,CB2,CBO-GFRS-CB2-BL038,TOP_SUPPORT,BEAM_EXTRA_BAR,MASS,BLOCKED_UNQUANTIFIED,,,,,,,,,,,,,,,,,,,Q2+Q3,typical end-support top bar: the schedule frames draw one top bar per span while the typical draws a separate end-support bar dimensioned '0.3 Ln2' (UNRESOLVED: no Ln2 in a 2-span typical) - which governs and its extent are not established; not taken from the frames
CBO-GFRS-CB2-BL038|BOTTOM_SUPPORT,CBO-GFRS-CB2-BL038,CONTINUOUS_BEAM,CB2,CBO-GFRS-CB2-BL038,BOTTOM_SUPPORT,BEAM_EXTRA_BAR,MASS,NOT_APPLICABLE,,,,,,,,,,,,,,,,,,,,"no bottom support bar is scheduled or drawn (C-BEAM frames: TOP, BOTTOM, MID only)"
CBO-GFRS-CB2-BL038|MID_TOP|CBO-GFRS-CB2-BL038:SUPPORT_TOP:2894,CBO-GFRS-CB2-BL038,CONTINUOUS_BEAM,CB2,CBO-GFRS-CB2-BL038,MID_TOP,BEAM_EXTRA_BAR,MASS,BLOCKED_UNQUANTIFIED,,CBO-GFRS-CB2-BL038:SUPPORT_TOP:2894,,16,4,,,,,,,,,,,,,,R2,"a span is BOUND_SOURCE_CONFLICT (42A CB2: drawn width conflicts with the schedule width; 42B CB2: drawn width conflicts with the schedule width); both reading directions match the schedule (mapping undecided); released only where candidate-invariant: ['CONTINUOUS_TOP', 'SUPPORT_TOP']"
CBO-GFRS-CB2-BL038|MID_BOTTOM,CBO-GFRS-CB2-BL038,CONTINUOUS_BEAM,CB2,CBO-GFRS-CB2-BL038,MID_BOTTOM,BEAM_EXTRA_BAR,MASS,NOT_APPLICABLE,,,,,,,,,,,,,,,,,,,,no bottom MID / support bar in the C-BEAM schedule or typical
CBO-GFRS-CB2-BL038|HANGER,CBO-GFRS-CB2-BL038,CONTINUOUS_BEAM,CB2,CBO-GFRS-CB2-BL038,HANGER,BEAM_EXTRA_BAR,MASS,BLOCKED_UNQUANTIFIED,,,,,,,,,,,,,,,,,,,Q2,hanger DETAILED_UNLABELLED: DETAILED_UNLABELLED: the typical draws an unlabelled second top row; the frames draw one top bar per span - hanger count / diameter / extent not printed - not inferred from practice
CBO-GFRS-CB2-BL038|SIDE_REBAR,CBO-GFRS-CB2-BL038,CONTINUOUS_BEAM,CB2,CBO-GFRS-CB2-BL038,SIDE_REBAR,BEAM_SIDE_BAR,MASS,NOT_APPLICABLE,,,,,,,,,,,,,,,,,,,,no side bars printed; depth 50.0 cm
CBO-GFRS-CB2-BL038|STIRRUP_COUNT|SPAN1,CBO-GFRS-CB2-BL038,CONTINUOUS_BEAM,CB2,CBO-GFRS-CB2-BL038,STIRRUP_COUNT,BEAM_STIRRUP,COUNT,BLOCKED_UNQUANTIFIED,,,1,8,,,,,,,,,,,,,,,R2,"a span is BOUND_SOURCE_CONFLICT (42A CB2: drawn width conflicts with the schedule width; 42B CB2: drawn width conflicts with the schedule width); both reading directions match the schedule (mapping undecided); released only where candidate-invariant: ['CONTINUOUS_TOP', 'SUPPORT_TOP']"
CBO-GFRS-CB2-BL038|STIRRUP_CORE_PATH|SPAN1,CBO-GFRS-CB2-BL038,CONTINUOUS_BEAM,CB2,CBO-GFRS-CB2-BL038,STIRRUP_CORE_PATH,BEAM_STIRRUP,MASS,BLOCKED_UNQUANTIFIED,,,1,8,,,,,,,,,,,,,,"[""WIDTH SOURCE_CONFLICT"", ""LEGS / TOPOLOGY UNRESOLVED"", ""HOOKS BLOCKED_UNQUANTIFIED"", ""LEGS / LINK TOPOLOGY NOT_ESTABLISHED"", ""STIRRUP HOOKS NOT_ESTABLISHED"", ""occurrence blocked: a span is BOUND_SOURCE_CONFLICT (42A CB2: drawn width conflicts with the schedule width; 42B CB2: drawn width conflicts with the schedule width); both reading directions match the schedule (mapping undecided); released only where candidate-invariant: ['CONTINUOUS_TOP', 'SUPPORT_TOP']""]",Q7,"stirrup mass needs legs, path, hooks and section; missing: WIDTH SOURCE_CONFLICT; LEGS / TOPOLOGY UNRESOLVED; HOOKS BLOCKED_UNQUANTIFIED; LEGS / LINK TOPOLOGY NOT_ESTABLISHED; STIRRUP HOOKS NOT_ESTABLISHED; occurrence blocked: a span is BOUND_SOURCE_CONFLICT (42A CB2: drawn width conflicts with the schedule width; 42B CB2: drawn width conflicts with the schedule width); both reading directions match the schedule (mapping undecided); released only where candidate-invariant: ['CONTINUOUS_TOP', 'SUPPORT_TOP']"
CBO-GFRS-CB2-BL038|STIRRUP_COUNT|SPAN2,CBO-GFRS-CB2-BL038,CONTINUOUS_BEAM,CB2,CBO-GFRS-CB2-BL038,STIRRUP_COUNT,BEAM_STIRRUP,COUNT,BLOCKED_UNQUANTIFIED,,,2,8,,,,,,,,,,,,,,,R2,"a span is BOUND_SOURCE_CONFLICT (42A CB2: drawn width conflicts with the schedule width; 42B CB2: drawn width conflicts with the schedule width); both reading directions match the schedule (mapping undecided); released only where candidate-invariant: ['CONTINUOUS_TOP', 'SUPPORT_TOP']"
CBO-GFRS-CB2-BL038|STIRRUP_CORE_PATH|SPAN2,CBO-GFRS-CB2-BL038,CONTINUOUS_BEAM,CB2,CBO-GFRS-CB2-BL038,STIRRUP_CORE_PATH,BEAM_STIRRUP,MASS,BLOCKED_UNQUANTIFIED,,,2,8,,,,,,,,,,,,,,"[""WIDTH SOURCE_CONFLICT"", ""LEGS / TOPOLOGY UNRESOLVED"", ""HOOKS BLOCKED_UNQUANTIFIED"", ""LEGS / LINK TOPOLOGY NOT_ESTABLISHED"", ""STIRRUP HOOKS NOT_ESTABLISHED"", ""occurrence blocked: a span is BOUND_SOURCE_CONFLICT (42A CB2: drawn width conflicts with the schedule width; 42B CB2: drawn width conflicts with the schedule width); both reading directions match the schedule (mapping undecided); released only where candidate-invariant: ['CONTINUOUS_TOP', 'SUPPORT_TOP']""]",Q7,"stirrup mass needs legs, path, hooks and section; missing: WIDTH SOURCE_CONFLICT; LEGS / TOPOLOGY UNRESOLVED; HOOKS BLOCKED_UNQUANTIFIED; LEGS / LINK TOPOLOGY NOT_ESTABLISHED; STIRRUP HOOKS NOT_ESTABLISHED; occurrence blocked: a span is BOUND_SOURCE_CONFLICT (42A CB2: drawn width conflicts with the schedule width; 42B CB2: drawn width conflicts with the schedule width); both reading directions match the schedule (mapping undecided); released only where candidate-invariant: ['CONTINUOUS_TOP', 'SUPPORT_TOP']"
CBO-GFRS-CB2-BL038|HOOK_1,CBO-GFRS-CB2-BL038,CONTINUOUS_BEAM,CB2,CBO-GFRS-CB2-BL038,HOOK_1,ANCHORAGE,MASS,BLOCKED_UNQUANTIFIED,,,,,,,,,,,,,,,,,,,Q1,"bar-end hook / bend: end legs drawn N.T.S. without a dimension; no project hook source; column hook rules are not imported - Q1 at end 1 ({'kind': 'COLUMN', 'order': 'PLAN', 'refs': ['GFRS:32F']}); occurrence blocked: a span is BOUND_SOURCE_CONFLICT (42A CB2: drawn width conflicts with the schedule width; 42B CB2: drawn width conflicts with the schedule width); both reading directions match the schedule (mapping undecided); released only where candidate-invariant: ['CONTINUOUS_TOP', 'SUPPORT_TOP']"
CBO-GFRS-CB2-BL038|DEVELOPMENT_1,CBO-GFRS-CB2-BL038,CONTINUOUS_BEAM,CB2,CBO-GFRS-CB2-BL038,DEVELOPMENT_1,ANCHORAGE,MASS,BLOCKED_UNQUANTIFIED,,,,,,,,,,,,,,,,,,,Q1,"development / anchorage: no beam-source development rule (note 9 70Ø / 40Ø is starter-bar context only; no 40D, 70D, code, Urban default or external value is used) - Q1 at end 1 ({'kind': 'COLUMN', 'order': 'PLAN', 'refs': ['GFRS:32F']}); occurrence blocked: a span is BOUND_SOURCE_CONFLICT (42A CB2: drawn width conflicts with the schedule width; 42B CB2: drawn width conflicts with the schedule width); both reading directions match the schedule (mapping undecided); released only where candidate-invariant: ['CONTINUOUS_TOP', 'SUPPORT_TOP']"
CBO-GFRS-CB2-BL038|HOOK_2,CBO-GFRS-CB2-BL038,CONTINUOUS_BEAM,CB2,CBO-GFRS-CB2-BL038,HOOK_2,ANCHORAGE,MASS,BLOCKED_UNQUANTIFIED,,,,,,,,,,,,,,,,,,,Q1,"bar-end hook / bend: end legs drawn N.T.S. without a dimension; no project hook source; column hook rules are not imported - Q1 at end 2 ({'kind': 'COLUMN', 'order': 'PLAN', 'refs': ['GFRS:377']}); occurrence blocked: a span is BOUND_SOURCE_CONFLICT (42A CB2: drawn width conflicts with the schedule width; 42B CB2: drawn width conflicts with the schedule width); both reading directions match the schedule (mapping undecided); released only where candidate-invariant: ['CONTINUOUS_TOP', 'SUPPORT_TOP']"
CBO-GFRS-CB2-BL038|DEVELOPMENT_2,CBO-GFRS-CB2-BL038,CONTINUOUS_BEAM,CB2,CBO-GFRS-CB2-BL038,DEVELOPMENT_2,ANCHORAGE,MASS,BLOCKED_UNQUANTIFIED,,,,,,,,,,,,,,,,,,,Q1,"development / anchorage: no beam-source development rule (note 9 70Ø / 40Ø is starter-bar context only; no 40D, 70D, code, Urban default or external value is used) - Q1 at end 2 ({'kind': 'COLUMN', 'order': 'PLAN', 'refs': ['GFRS:377']}); occurrence blocked: a span is BOUND_SOURCE_CONFLICT (42A CB2: drawn width conflicts with the schedule width; 42B CB2: drawn width conflicts with the schedule width); both reading directions match the schedule (mapping undecided); released only where candidate-invariant: ['CONTINUOUS_TOP', 'SUPPORT_TOP']"
CBO-GFRS-CB2-BL038|OPENING_EXTRA_TOP,CBO-GFRS-CB2-BL038,CONTINUOUS_BEAM,CB2,CBO-GFRS-CB2-BL038,OPENING_EXTRA_TOP,SPECIAL_DETAIL_BAR,MASS,NOT_APPLICABLE,,,,,,,,,,,,,,,,,,,,no source-identified physical opening in this beam (26 opening objects checked project-wide; the generic opening detail is not applied globally)
CBO-GFRS-CB2-BL038|OPENING_EXTRA_BOTTOM,CBO-GFRS-CB2-BL038,CONTINUOUS_BEAM,CB2,CBO-GFRS-CB2-BL038,OPENING_EXTRA_BOTTOM,SPECIAL_DETAIL_BAR,MASS,NOT_APPLICABLE,,,,,,,,,,,,,,,,,,,,no source-identified physical opening in this beam (26 opening objects checked project-wide; the generic opening detail is not applied globally)
CBO-GFRS-CB2-BL038|OPENING_EXTRA_SIDE,CBO-GFRS-CB2-BL038,CONTINUOUS_BEAM,CB2,CBO-GFRS-CB2-BL038,OPENING_EXTRA_SIDE,SPECIAL_DETAIL_BAR,MASS,NOT_APPLICABLE,,,,,,,,,,,,,,,,,,,,no source-identified physical opening in this beam (26 opening objects checked project-wide; the generic opening detail is not applied globally)
CBO-GFRS-CB2-BL038|OPENING_EXTRA_STIRRUP,CBO-GFRS-CB2-BL038,CONTINUOUS_BEAM,CB2,CBO-GFRS-CB2-BL038,OPENING_EXTRA_STIRRUP,BEAM_STIRRUP,MASS,NOT_APPLICABLE,,,,,,,,,,,,,,,,,,,,no source-identified physical opening in this beam (26 opening objects checked project-wide; the generic opening detail is not applied globally)
CBO-GFRS-CB2-BL038|OTHER_EXPLICIT_EXTRA,CBO-GFRS-CB2-BL038,CONTINUOUS_BEAM,CB2,CBO-GFRS-CB2-BL038,OTHER_EXPLICIT_EXTRA,SPECIAL_DETAIL_BAR,MASS,NOT_APPLICABLE,,,,,,,,,,,,,,,,,,,,"no other explicit extra scheduled (load-line numbers are loads, never steel)"
CBO-GFRS-CB3-BL022|TOP_MAIN|CBO-GFRS-CB3-BL022:CONTINUOUS_TOP:203C,CBO-GFRS-CB3-BL022,CONTINUOUS_BEAM,CB3,CBO-GFRS-CB3-BL022,TOP_MAIN,BEAM_TOP_BAR,MASS,BLOCKED_UNQUANTIFIED,,CBO-GFRS-CB3-BL022:CONTINUOUS_TOP:203C,,12,2,,,,,,,,,,,,,,R5,"a span is BOUND_SOURCE_CONFLICT (two marks claim the same physical span: ['B3', 'CB3']); this bar: interior end drawn N.T.S. (schedule frame); no bound extent rule; end leg drawn at the outer support, length not dimensioned (hook)"
CBO-GFRS-CB3-BL022|TOP_MAIN|CBO-GFRS-CB3-BL022:CONTINUOUS_TOP:2196,CBO-GFRS-CB3-BL022,CONTINUOUS_BEAM,CB3,CBO-GFRS-CB3-BL022,TOP_MAIN,BEAM_TOP_BAR,MASS,BLOCKED_UNQUANTIFIED,,CBO-GFRS-CB3-BL022:CONTINUOUS_TOP:2196,,12,2,,,,,,,,,,,,,,R5,"a span is BOUND_SOURCE_CONFLICT (two marks claim the same physical span: ['B3', 'CB3']); this bar: interior end drawn N.T.S. (schedule frame); no bound extent rule; end leg drawn at the outer support, length not dimensioned (hook)"
CBO-GFRS-CB3-BL022|BOTTOM_MAIN|CBO-GFRS-CB3-BL022:BOTTOM:203D,CBO-GFRS-CB3-BL022,CONTINUOUS_BEAM,CB3,CBO-GFRS-CB3-BL022,BOTTOM_MAIN,BEAM_BOTTOM_BAR,MASS,BLOCKED_UNQUANTIFIED,,CBO-GFRS-CB3-BL022:BOTTOM:203D,,16,3,,,,,,,,,,,,,,R5,"a span is BOUND_SOURCE_CONFLICT (two marks claim the same physical span: ['B3', 'CB3'])"
CBO-GFRS-CB3-BL022|BOTTOM_MAIN|CBO-GFRS-CB3-BL022:BOTTOM:2059,CBO-GFRS-CB3-BL022,CONTINUOUS_BEAM,CB3,CBO-GFRS-CB3-BL022,BOTTOM_MAIN,BEAM_BOTTOM_BAR,MASS,BLOCKED_UNQUANTIFIED,,CBO-GFRS-CB3-BL022:BOTTOM:2059,,16,3,,,,,,,,,,,,,,R5,"a span is BOUND_SOURCE_CONFLICT (two marks claim the same physical span: ['B3', 'CB3'])"
CBO-GFRS-CB3-BL022|BOTTOM_MAIN|CBO-GFRS-CB3-BL022:BOTTOM:219B,CBO-GFRS-CB3-BL022,CONTINUOUS_BEAM,CB3,CBO-GFRS-CB3-BL022,BOTTOM_MAIN,BEAM_BOTTOM_BAR,MASS,BLOCKED_UNQUANTIFIED,,CBO-GFRS-CB3-BL022:BOTTOM:219B,,16,3,,,,,,,,,,,,,,R5,"a span is BOUND_SOURCE_CONFLICT (two marks claim the same physical span: ['B3', 'CB3'])"
CBO-GFRS-CB3-BL022|TOP_SUPPORT,CBO-GFRS-CB3-BL022,CONTINUOUS_BEAM,CB3,CBO-GFRS-CB3-BL022,TOP_SUPPORT,BEAM_EXTRA_BAR,MASS,BLOCKED_UNQUANTIFIED,,,,,,,,,,,,,,,,,,,Q2+Q3,typical end-support top bar: the schedule frames draw one top bar per span while the typical draws a separate end-support bar dimensioned '0.3 Ln2' (UNRESOLVED: no Ln2 in a 2-span typical) - which governs and its extent are not established; not taken from the frames
CBO-GFRS-CB3-BL022|BOTTOM_SUPPORT,CBO-GFRS-CB3-BL022,CONTINUOUS_BEAM,CB3,CBO-GFRS-CB3-BL022,BOTTOM_SUPPORT,BEAM_EXTRA_BAR,MASS,NOT_APPLICABLE,,,,,,,,,,,,,,,,,,,,"no bottom support bar is scheduled or drawn (C-BEAM frames: TOP, BOTTOM, MID only)"
CBO-GFRS-CB3-BL022|MID_TOP|CBO-GFRS-CB3-BL022:SUPPORT_TOP:203E,CBO-GFRS-CB3-BL022,CONTINUOUS_BEAM,CB3,CBO-GFRS-CB3-BL022,MID_TOP,BEAM_EXTRA_BAR,MASS,BLOCKED_UNQUANTIFIED,,CBO-GFRS-CB3-BL022:SUPPORT_TOP:203E,,,,,,,,,,,,,,,,,R5,"a span is BOUND_SOURCE_CONFLICT (two marks claim the same physical span: ['B3', 'CB3']); this bar: count / diameter not bound one-to-one (EMPTY_SCHEDULE_CELL)"
CBO-GFRS-CB3-BL022|MID_TOP|CBO-GFRS-CB3-BL022:SUPPORT_TOP:219C,CBO-GFRS-CB3-BL022,CONTINUOUS_BEAM,CB3,CBO-GFRS-CB3-BL022,MID_TOP,BEAM_EXTRA_BAR,MASS,BLOCKED_UNQUANTIFIED,,CBO-GFRS-CB3-BL022:SUPPORT_TOP:219C,,16,3,,,,,,,,,,,,,,R5,"a span is BOUND_SOURCE_CONFLICT (two marks claim the same physical span: ['B3', 'CB3']); this bar: support-bar extent not established (no bound typical rule / span / support width: frame bar drawn asymmetric about its support (u 0.699-1.755): the typical extent is not shown to apply)"
CBO-GFRS-CB3-BL022|MID_BOTTOM,CBO-GFRS-CB3-BL022,CONTINUOUS_BEAM,CB3,CBO-GFRS-CB3-BL022,MID_BOTTOM,BEAM_EXTRA_BAR,MASS,NOT_APPLICABLE,,,,,,,,,,,,,,,,,,,,no bottom MID / support bar in the C-BEAM schedule or typical
CBO-GFRS-CB3-BL022|HANGER,CBO-GFRS-CB3-BL022,CONTINUOUS_BEAM,CB3,CBO-GFRS-CB3-BL022,HANGER,BEAM_EXTRA_BAR,MASS,BLOCKED_UNQUANTIFIED,,,,,,,,,,,,,,,,,,,Q2,hanger DETAILED_UNLABELLED: DETAILED_UNLABELLED: the typical draws an unlabelled second top row; the frames draw one top bar per span - hanger count / diameter / extent not printed - not inferred from practice
CBO-GFRS-CB3-BL022|SIDE_REBAR,CBO-GFRS-CB3-BL022,CONTINUOUS_BEAM,CB3,CBO-GFRS-CB3-BL022,SIDE_REBAR,BEAM_SIDE_BAR,MASS,BLOCKED_UNQUANTIFIED,,,,12,2,,,,,,,,,,2%%C12 | 30cm,30.0,,,Q6,"side bars '2%%C12 | 30cm' printed (2Ø12/30.0cm): '/30cm' semantics not established (per face or total; vertical spacing or other; bar length; end treatment) - never silently read as a vertical spacing (Q6) - quantity / mass not source-quantified; occurrence blocked: a span is BOUND_SOURCE_CONFLICT (two marks claim the same physical span: ['B3', 'CB3'])"
CBO-GFRS-CB3-BL022|STIRRUP_COUNT|SPAN1,CBO-GFRS-CB3-BL022,CONTINUOUS_BEAM,CB3,CBO-GFRS-CB3-BL022,STIRRUP_COUNT,BEAM_STIRRUP,COUNT,BLOCKED_UNQUANTIFIED,,,1,8,,,,,,,,,,,,,,,R5,"a span is BOUND_SOURCE_CONFLICT (two marks claim the same physical span: ['B3', 'CB3'])"
CBO-GFRS-CB3-BL022|STIRRUP_CORE_PATH|SPAN1,CBO-GFRS-CB3-BL022,CONTINUOUS_BEAM,CB3,CBO-GFRS-CB3-BL022,STIRRUP_CORE_PATH,BEAM_STIRRUP,MASS,BLOCKED_UNQUANTIFIED,,,1,8,,,,,,,,,,,,,,"[""LEGS / TOPOLOGY UNRESOLVED"", ""HOOKS BLOCKED_UNQUANTIFIED"", ""LEGS / LINK TOPOLOGY NOT_ESTABLISHED"", ""STIRRUP HOOKS NOT_ESTABLISHED"", ""occurrence blocked: a span is BOUND_SOURCE_CONFLICT (two marks claim the same physical span: ['B3', 'CB3'])""]",Q7,"stirrup mass needs legs, path, hooks and section; missing: LEGS / TOPOLOGY UNRESOLVED; HOOKS BLOCKED_UNQUANTIFIED; LEGS / LINK TOPOLOGY NOT_ESTABLISHED; STIRRUP HOOKS NOT_ESTABLISHED; occurrence blocked: a span is BOUND_SOURCE_CONFLICT (two marks claim the same physical span: ['B3', 'CB3'])"
CBO-GFRS-CB3-BL022|STIRRUP_COUNT|SPAN2,CBO-GFRS-CB3-BL022,CONTINUOUS_BEAM,CB3,CBO-GFRS-CB3-BL022,STIRRUP_COUNT,BEAM_STIRRUP,COUNT,BLOCKED_UNQUANTIFIED,,,2,8,,,,,,,,,,,,,,,R5,"a span is BOUND_SOURCE_CONFLICT (two marks claim the same physical span: ['B3', 'CB3'])"
CBO-GFRS-CB3-BL022|STIRRUP_CORE_PATH|SPAN2,CBO-GFRS-CB3-BL022,CONTINUOUS_BEAM,CB3,CBO-GFRS-CB3-BL022,STIRRUP_CORE_PATH,BEAM_STIRRUP,MASS,BLOCKED_UNQUANTIFIED,,,2,8,,,,,,,,,,,,,,"[""LEGS / TOPOLOGY UNRESOLVED"", ""HOOKS BLOCKED_UNQUANTIFIED"", ""LEGS / LINK TOPOLOGY NOT_ESTABLISHED"", ""STIRRUP HOOKS NOT_ESTABLISHED"", ""occurrence blocked: a span is BOUND_SOURCE_CONFLICT (two marks claim the same physical span: ['B3', 'CB3'])""]",Q7,"stirrup mass needs legs, path, hooks and section; missing: LEGS / TOPOLOGY UNRESOLVED; HOOKS BLOCKED_UNQUANTIFIED; LEGS / LINK TOPOLOGY NOT_ESTABLISHED; STIRRUP HOOKS NOT_ESTABLISHED; occurrence blocked: a span is BOUND_SOURCE_CONFLICT (two marks claim the same physical span: ['B3', 'CB3'])"
CBO-GFRS-CB3-BL022|STIRRUP_COUNT|SPAN3,CBO-GFRS-CB3-BL022,CONTINUOUS_BEAM,CB3,CBO-GFRS-CB3-BL022,STIRRUP_COUNT,BEAM_STIRRUP,COUNT,BLOCKED_UNQUANTIFIED,,,3,8,,,,,,,,,,,,,,,R5,"a span is BOUND_SOURCE_CONFLICT (two marks claim the same physical span: ['B3', 'CB3'])"
CBO-GFRS-CB3-BL022|STIRRUP_CORE_PATH|SPAN3,CBO-GFRS-CB3-BL022,CONTINUOUS_BEAM,CB3,CBO-GFRS-CB3-BL022,STIRRUP_CORE_PATH,BEAM_STIRRUP,MASS,BLOCKED_UNQUANTIFIED,,,3,8,,,,,,,,,,,,,,"[""LEGS / TOPOLOGY UNRESOLVED"", ""HOOKS BLOCKED_UNQUANTIFIED"", ""LEGS / LINK TOPOLOGY NOT_ESTABLISHED"", ""STIRRUP HOOKS NOT_ESTABLISHED"", ""occurrence blocked: a span is BOUND_SOURCE_CONFLICT (two marks claim the same physical span: ['B3', 'CB3'])""]",Q7,"stirrup mass needs legs, path, hooks and section; missing: LEGS / TOPOLOGY UNRESOLVED; HOOKS BLOCKED_UNQUANTIFIED; LEGS / LINK TOPOLOGY NOT_ESTABLISHED; STIRRUP HOOKS NOT_ESTABLISHED; occurrence blocked: a span is BOUND_SOURCE_CONFLICT (two marks claim the same physical span: ['B3', 'CB3'])"
CBO-GFRS-CB3-BL022|HOOK_1,CBO-GFRS-CB3-BL022,CONTINUOUS_BEAM,CB3,CBO-GFRS-CB3-BL022,HOOK_1,ANCHORAGE,MASS,BLOCKED_UNQUANTIFIED,,,,,,,,,,,,,,,,,,,Q1,"bar-end hook / bend: end legs drawn N.T.S. without a dimension; no project hook source; column hook rules are not imported - Q1 at end 1 ({'kind': 'BEAM_CROSSING', 'order': 'PLAN', 'refs': ['BL013']}); occurrence blocked: a span is BOUND_SOURCE_CONFLICT (two marks claim the same physical span: ['B3', 'CB3'])"
CBO-GFRS-CB3-BL022|DEVELOPMENT_1,CBO-GFRS-CB3-BL022,CONTINUOUS_BEAM,CB3,CBO-GFRS-CB3-BL022,DEVELOPMENT_1,ANCHORAGE,MASS,BLOCKED_UNQUANTIFIED,,,,,,,,,,,,,,,,,,,Q1,"development / anchorage: no beam-source development rule (note 9 70Ø / 40Ø is starter-bar context only; no 40D, 70D, code, Urban default or external value is used) - Q1 at end 1 ({'kind': 'BEAM_CROSSING', 'order': 'PLAN', 'refs': ['BL013']}); occurrence blocked: a span is BOUND_SOURCE_CONFLICT (two marks claim the same physical span: ['B3', 'CB3'])"
CBO-GFRS-CB3-BL022|HOOK_2,CBO-GFRS-CB3-BL022,CONTINUOUS_BEAM,CB3,CBO-GFRS-CB3-BL022,HOOK_2,ANCHORAGE,MASS,BLOCKED_UNQUANTIFIED,,,,,,,,,,,,,,,,,,,Q1,"bar-end hook / bend: end legs drawn N.T.S. without a dimension; no project hook source; column hook rules are not imported - Q1 at end 2 ({'kind': 'BEAM_CARRIED_BY', 'order': 'PLAN', 'refs': ['BL014']}); occurrence blocked: a span is BOUND_SOURCE_CONFLICT (two marks claim the same physical span: ['B3', 'CB3'])"
CBO-GFRS-CB3-BL022|DEVELOPMENT_2,CBO-GFRS-CB3-BL022,CONTINUOUS_BEAM,CB3,CBO-GFRS-CB3-BL022,DEVELOPMENT_2,ANCHORAGE,MASS,BLOCKED_UNQUANTIFIED,,,,,,,,,,,,,,,,,,,Q1,"development / anchorage: no beam-source development rule (note 9 70Ø / 40Ø is starter-bar context only; no 40D, 70D, code, Urban default or external value is used) - Q1 at end 2 ({'kind': 'BEAM_CARRIED_BY', 'order': 'PLAN', 'refs': ['BL014']}); occurrence blocked: a span is BOUND_SOURCE_CONFLICT (two marks claim the same physical span: ['B3', 'CB3'])"
CBO-GFRS-CB3-BL022|OPENING_EXTRA_TOP,CBO-GFRS-CB3-BL022,CONTINUOUS_BEAM,CB3,CBO-GFRS-CB3-BL022,OPENING_EXTRA_TOP,SPECIAL_DETAIL_BAR,MASS,NOT_APPLICABLE,,,,,,,,,,,,,,,,,,,,no source-identified physical opening in this beam (26 opening objects checked project-wide; the generic opening detail is not applied globally)
CBO-GFRS-CB3-BL022|OPENING_EXTRA_BOTTOM,CBO-GFRS-CB3-BL022,CONTINUOUS_BEAM,CB3,CBO-GFRS-CB3-BL022,OPENING_EXTRA_BOTTOM,SPECIAL_DETAIL_BAR,MASS,NOT_APPLICABLE,,,,,,,,,,,,,,,,,,,,no source-identified physical opening in this beam (26 opening objects checked project-wide; the generic opening detail is not applied globally)
CBO-GFRS-CB3-BL022|OPENING_EXTRA_SIDE,CBO-GFRS-CB3-BL022,CONTINUOUS_BEAM,CB3,CBO-GFRS-CB3-BL022,OPENING_EXTRA_SIDE,SPECIAL_DETAIL_BAR,MASS,NOT_APPLICABLE,,,,,,,,,,,,,,,,,,,,no source-identified physical opening in this beam (26 opening objects checked project-wide; the generic opening detail is not applied globally)
CBO-GFRS-CB3-BL022|OPENING_EXTRA_STIRRUP,CBO-GFRS-CB3-BL022,CONTINUOUS_BEAM,CB3,CBO-GFRS-CB3-BL022,OPENING_EXTRA_STIRRUP,BEAM_STIRRUP,MASS,NOT_APPLICABLE,,,,,,,,,,,,,,,,,,,,no source-identified physical opening in this beam (26 opening objects checked project-wide; the generic opening detail is not applied globally)
CBO-GFRS-CB3-BL022|OTHER_EXPLICIT_EXTRA,CBO-GFRS-CB3-BL022,CONTINUOUS_BEAM,CB3,CBO-GFRS-CB3-BL022,OTHER_EXPLICIT_EXTRA,SPECIAL_DETAIL_BAR,MASS,NOT_APPLICABLE,,,,,,,,,,,,,,,,,,,,"no other explicit extra scheduled (load-line numbers are loads, never steel)"
CBO-GFRS-CB4-BL016|TOP_MAIN|CBO-GFRS-CB4-BL016:CONTINUOUS_TOP:2907,CBO-GFRS-CB4-BL016,CONTINUOUS_BEAM,CB4,CBO-GFRS-CB4-BL016,TOP_MAIN,BEAM_TOP_BAR,MASS,BLOCKED_UNQUANTIFIED,,CBO-GFRS-CB4-BL016:CONTINUOUS_TOP:2907,,12,2,,,,,,,,,,,,,,R3,"plan c/c [np.float64(2.724), np.float64(3.75)] vs schedule [3.3, 3.7] (both kept); this bar: interior end drawn N.T.S. (schedule frame); no bound extent rule; end leg drawn at the outer support, length not dimensioned (hook)"
CBO-GFRS-CB4-BL016|TOP_MAIN|CBO-GFRS-CB4-BL016:CONTINUOUS_TOP:290B,CBO-GFRS-CB4-BL016,CONTINUOUS_BEAM,CB4,CBO-GFRS-CB4-BL016,TOP_MAIN,BEAM_TOP_BAR,MASS,BLOCKED_UNQUANTIFIED,,CBO-GFRS-CB4-BL016:CONTINUOUS_TOP:290B,,12,2,,,,,,,,,,,,,,R3,"plan c/c [np.float64(2.724), np.float64(3.75)] vs schedule [3.3, 3.7] (both kept); this bar: interior end drawn N.T.S. (schedule frame); no bound extent rule; end leg drawn at the outer support, length not dimensioned (hook)"
CBO-GFRS-CB4-BL016|BOTTOM_MAIN|CBO-GFRS-CB4-BL016:BOTTOM:28E7,CBO-GFRS-CB4-BL016,CONTINUOUS_BEAM,CB4,CBO-GFRS-CB4-BL016,BOTTOM_MAIN,BEAM_BOTTOM_BAR,MASS,BLOCKED_UNQUANTIFIED,,CBO-GFRS-CB4-BL016:BOTTOM:28E7,,14,3,,,,,,,,,,,,,,R3,"plan c/c [np.float64(2.724), np.float64(3.75)] vs schedule [3.3, 3.7] (both kept)"
CBO-GFRS-CB4-BL016|BOTTOM_MAIN|CBO-GFRS-CB4-BL016:BOTTOM:2906,CBO-GFRS-CB4-BL016,CONTINUOUS_BEAM,CB4,CBO-GFRS-CB4-BL016,BOTTOM_MAIN,BEAM_BOTTOM_BAR,MASS,BLOCKED_UNQUANTIFIED,,CBO-GFRS-CB4-BL016:BOTTOM:2906,,16,3,,,,,,,,,,,,,,R3,"plan c/c [np.float64(2.724), np.float64(3.75)] vs schedule [3.3, 3.7] (both kept)"
CBO-GFRS-CB4-BL016|TOP_SUPPORT,CBO-GFRS-CB4-BL016,CONTINUOUS_BEAM,CB4,CBO-GFRS-CB4-BL016,TOP_SUPPORT,BEAM_EXTRA_BAR,MASS,BLOCKED_UNQUANTIFIED,,,,,,,,,,,,,,,,,,,Q2+Q3,typical end-support top bar: the schedule frames draw one top bar per span while the typical draws a separate end-support bar dimensioned '0.3 Ln2' (UNRESOLVED: no Ln2 in a 2-span typical) - which governs and its extent are not established; not taken from the frames
CBO-GFRS-CB4-BL016|BOTTOM_SUPPORT,CBO-GFRS-CB4-BL016,CONTINUOUS_BEAM,CB4,CBO-GFRS-CB4-BL016,BOTTOM_SUPPORT,BEAM_EXTRA_BAR,MASS,NOT_APPLICABLE,,,,,,,,,,,,,,,,,,,,"no bottom support bar is scheduled or drawn (C-BEAM frames: TOP, BOTTOM, MID only)"
CBO-GFRS-CB4-BL016|MID_TOP|CBO-GFRS-CB4-BL016:SUPPORT_TOP:290A,CBO-GFRS-CB4-BL016,CONTINUOUS_BEAM,CB4,CBO-GFRS-CB4-BL016,MID_TOP,BEAM_EXTRA_BAR,MASS,BLOCKED_UNQUANTIFIED,,CBO-GFRS-CB4-BL016:SUPPORT_TOP:290A,,16,4,,,,,,,,,,,,,,R3,"plan c/c [np.float64(2.724), np.float64(3.75)] vs schedule [3.3, 3.7] (both kept)"
CBO-GFRS-CB4-BL016|MID_BOTTOM,CBO-GFRS-CB4-BL016,CONTINUOUS_BEAM,CB4,CBO-GFRS-CB4-BL016,MID_BOTTOM,BEAM_EXTRA_BAR,MASS,NOT_APPLICABLE,,,,,,,,,,,,,,,,,,,,no bottom MID / support bar in the C-BEAM schedule or typical
CBO-GFRS-CB4-BL016|HANGER,CBO-GFRS-CB4-BL016,CONTINUOUS_BEAM,CB4,CBO-GFRS-CB4-BL016,HANGER,BEAM_EXTRA_BAR,MASS,BLOCKED_UNQUANTIFIED,,,,,,,,,,,,,,,,,,,Q2,hanger DETAILED_UNLABELLED: DETAILED_UNLABELLED: the typical draws an unlabelled second top row; the frames draw one top bar per span - hanger count / diameter / extent not printed - not inferred from practice
CBO-GFRS-CB4-BL016|SIDE_REBAR,CBO-GFRS-CB4-BL016,CONTINUOUS_BEAM,CB4,CBO-GFRS-CB4-BL016,SIDE_REBAR,BEAM_SIDE_BAR,MASS,NOT_APPLICABLE,,,,,,,,,,,,,,,,,,,,no side bars printed; depth 50.0 cm
CBO-GFRS-CB4-BL016|STIRRUP_COUNT|SPAN1,CBO-GFRS-CB4-BL016,CONTINUOUS_BEAM,CB4,CBO-GFRS-CB4-BL016,STIRRUP_COUNT,BEAM_STIRRUP,COUNT,BLOCKED_UNQUANTIFIED,,,1,8,,,,,,,,,,,,,,,R3,"plan c/c [np.float64(2.724), np.float64(3.75)] vs schedule [3.3, 3.7] (both kept)"
CBO-GFRS-CB4-BL016|STIRRUP_CORE_PATH|SPAN1,CBO-GFRS-CB4-BL016,CONTINUOUS_BEAM,CB4,CBO-GFRS-CB4-BL016,STIRRUP_CORE_PATH,BEAM_STIRRUP,MASS,BLOCKED_UNQUANTIFIED,,,1,8,,,,,,,,,,,,,,"[""LEGS / TOPOLOGY UNRESOLVED"", ""HOOKS BLOCKED_UNQUANTIFIED"", ""LEGS / LINK TOPOLOGY NOT_ESTABLISHED"", ""STIRRUP HOOKS NOT_ESTABLISHED"", ""occurrence blocked: plan c/c [np.float64(2.724), np.float64(3.75)] vs schedule [3.3, 3.7] (both kept)""]",Q7,"stirrup mass needs legs, path, hooks and section; missing: LEGS / TOPOLOGY UNRESOLVED; HOOKS BLOCKED_UNQUANTIFIED; LEGS / LINK TOPOLOGY NOT_ESTABLISHED; STIRRUP HOOKS NOT_ESTABLISHED; occurrence blocked: plan c/c [np.float64(2.724), np.float64(3.75)] vs schedule [3.3, 3.7] (both kept)"
CBO-GFRS-CB4-BL016|STIRRUP_COUNT|SPAN2,CBO-GFRS-CB4-BL016,CONTINUOUS_BEAM,CB4,CBO-GFRS-CB4-BL016,STIRRUP_COUNT,BEAM_STIRRUP,COUNT,BLOCKED_UNQUANTIFIED,,,2,8,,,,,,,,,,,,,,,R3,"plan c/c [np.float64(2.724), np.float64(3.75)] vs schedule [3.3, 3.7] (both kept)"
CBO-GFRS-CB4-BL016|STIRRUP_CORE_PATH|SPAN2,CBO-GFRS-CB4-BL016,CONTINUOUS_BEAM,CB4,CBO-GFRS-CB4-BL016,STIRRUP_CORE_PATH,BEAM_STIRRUP,MASS,BLOCKED_UNQUANTIFIED,,,2,8,,,,,,,,,,,,,,"[""LEGS / TOPOLOGY UNRESOLVED"", ""HOOKS BLOCKED_UNQUANTIFIED"", ""LEGS / LINK TOPOLOGY NOT_ESTABLISHED"", ""STIRRUP HOOKS NOT_ESTABLISHED"", ""occurrence blocked: plan c/c [np.float64(2.724), np.float64(3.75)] vs schedule [3.3, 3.7] (both kept)""]",Q7,"stirrup mass needs legs, path, hooks and section; missing: LEGS / TOPOLOGY UNRESOLVED; HOOKS BLOCKED_UNQUANTIFIED; LEGS / LINK TOPOLOGY NOT_ESTABLISHED; STIRRUP HOOKS NOT_ESTABLISHED; occurrence blocked: plan c/c [np.float64(2.724), np.float64(3.75)] vs schedule [3.3, 3.7] (both kept)"
CBO-GFRS-CB4-BL016|HOOK_1,CBO-GFRS-CB4-BL016,CONTINUOUS_BEAM,CB4,CBO-GFRS-CB4-BL016,HOOK_1,ANCHORAGE,MASS,BLOCKED_UNQUANTIFIED,,,,,,,,,,,,,,,,,,,Q1,"bar-end hook / bend: end legs drawn N.T.S. without a dimension; no project hook source; column hook rules are not imported - Q1 at end 1 ({'kind': 'FREE_END', 'order': 'PLAN', 'refs': ['FREE_END']}); occurrence blocked: plan c/c [np.float64(2.724), np.float64(3.75)] vs schedule [3.3, 3.7] (both kept)"
CBO-GFRS-CB4-BL016|DEVELOPMENT_1,CBO-GFRS-CB4-BL016,CONTINUOUS_BEAM,CB4,CBO-GFRS-CB4-BL016,DEVELOPMENT_1,ANCHORAGE,MASS,BLOCKED_UNQUANTIFIED,,,,,,,,,,,,,,,,,,,Q1,"development / anchorage: no beam-source development rule (note 9 70Ø / 40Ø is starter-bar context only; no 40D, 70D, code, Urban default or external value is used) - Q1 at end 1 ({'kind': 'FREE_END', 'order': 'PLAN', 'refs': ['FREE_END']}); occurrence blocked: plan c/c [np.float64(2.724), np.float64(3.75)] vs schedule [3.3, 3.7] (both kept)"
CBO-GFRS-CB4-BL016|HOOK_2,CBO-GFRS-CB4-BL016,CONTINUOUS_BEAM,CB4,CBO-GFRS-CB4-BL016,HOOK_2,ANCHORAGE,MASS,BLOCKED_UNQUANTIFIED,,,,,,,,,,,,,,,,,,,Q1,"bar-end hook / bend: end legs drawn N.T.S. without a dimension; no project hook source; column hook rules are not imported - Q1 at end 2 ({'kind': 'BEAM_CROSSING', 'order': 'PLAN', 'refs': ['BL020']}); occurrence blocked: plan c/c [np.float64(2.724), np.float64(3.75)] vs schedule [3.3, 3.7] (both kept)"
CBO-GFRS-CB4-BL016|DEVELOPMENT_2,CBO-GFRS-CB4-BL016,CONTINUOUS_BEAM,CB4,CBO-GFRS-CB4-BL016,DEVELOPMENT_2,ANCHORAGE,MASS,BLOCKED_UNQUANTIFIED,,,,,,,,,,,,,,,,,,,Q1,"development / anchorage: no beam-source development rule (note 9 70Ø / 40Ø is starter-bar context only; no 40D, 70D, code, Urban default or external value is used) - Q1 at end 2 ({'kind': 'BEAM_CROSSING', 'order': 'PLAN', 'refs': ['BL020']}); occurrence blocked: plan c/c [np.float64(2.724), np.float64(3.75)] vs schedule [3.3, 3.7] (both kept)"
CBO-GFRS-CB4-BL016|OPENING_EXTRA_TOP,CBO-GFRS-CB4-BL016,CONTINUOUS_BEAM,CB4,CBO-GFRS-CB4-BL016,OPENING_EXTRA_TOP,SPECIAL_DETAIL_BAR,MASS,NOT_APPLICABLE,,,,,,,,,,,,,,,,,,,,no source-identified physical opening in this beam (26 opening objects checked project-wide; the generic opening detail is not applied globally)
CBO-GFRS-CB4-BL016|OPENING_EXTRA_BOTTOM,CBO-GFRS-CB4-BL016,CONTINUOUS_BEAM,CB4,CBO-GFRS-CB4-BL016,OPENING_EXTRA_BOTTOM,SPECIAL_DETAIL_BAR,MASS,NOT_APPLICABLE,,,,,,,,,,,,,,,,,,,,no source-identified physical opening in this beam (26 opening objects checked project-wide; the generic opening detail is not applied globally)
CBO-GFRS-CB4-BL016|OPENING_EXTRA_SIDE,CBO-GFRS-CB4-BL016,CONTINUOUS_BEAM,CB4,CBO-GFRS-CB4-BL016,OPENING_EXTRA_SIDE,SPECIAL_DETAIL_BAR,MASS,NOT_APPLICABLE,,,,,,,,,,,,,,,,,,,,no source-identified physical opening in this beam (26 opening objects checked project-wide; the generic opening detail is not applied globally)
CBO-GFRS-CB4-BL016|OPENING_EXTRA_STIRRUP,CBO-GFRS-CB4-BL016,CONTINUOUS_BEAM,CB4,CBO-GFRS-CB4-BL016,OPENING_EXTRA_STIRRUP,BEAM_STIRRUP,MASS,NOT_APPLICABLE,,,,,,,,,,,,,,,,,,,,no source-identified physical opening in this beam (26 opening objects checked project-wide; the generic opening detail is not applied globally)
CBO-GFRS-CB4-BL016|OTHER_EXPLICIT_EXTRA,CBO-GFRS-CB4-BL016,CONTINUOUS_BEAM,CB4,CBO-GFRS-CB4-BL016,OTHER_EXPLICIT_EXTRA,SPECIAL_DETAIL_BAR,MASS,NOT_APPLICABLE,,,,,,,,,,,,,,,,,,,,"no other explicit extra scheduled (load-line numbers are loads, never steel)"
CBO-GFRS-CB5-BL008|TOP_MAIN|CBO-GFRS-CB5-BL008:CONTINUOUS_TOP:2973,CBO-GFRS-CB5-BL008,CONTINUOUS_BEAM,CB5,CBO-GFRS-CB5-BL008,TOP_MAIN,BEAM_TOP_BAR,MASS,BLOCKED_UNQUANTIFIED,,CBO-GFRS-CB5-BL008:CONTINUOUS_TOP:2973,,12,2,,,,,,,,,,,,,,R3+R1,"plan c/c [np.float64(2.85), np.float64(4.2)] vs schedule [2.5, 4.5] (both kept); a span binding is a candidate; a span binding is a candidate; this bar: interior end drawn N.T.S. (schedule frame); no bound extent rule; end leg drawn at the outer support, length not dimensioned (hook)"
CBO-GFRS-CB5-BL008|TOP_MAIN|CBO-GFRS-CB5-BL008:CONTINUOUS_TOP:2977,CBO-GFRS-CB5-BL008,CONTINUOUS_BEAM,CB5,CBO-GFRS-CB5-BL008,TOP_MAIN,BEAM_TOP_BAR,MASS,BLOCKED_UNQUANTIFIED,,CBO-GFRS-CB5-BL008:CONTINUOUS_TOP:2977,,12,2,,,,,,,,,,,,,,R3+R1,"plan c/c [np.float64(2.85), np.float64(4.2)] vs schedule [2.5, 4.5] (both kept); a span binding is a candidate; a span binding is a candidate; this bar: interior end drawn N.T.S. (schedule frame); no bound extent rule; end leg drawn at the outer support, length not dimensioned (hook)"
CBO-GFRS-CB5-BL008|BOTTOM_MAIN|CBO-GFRS-CB5-BL008:BOTTOM:2953,CBO-GFRS-CB5-BL008,CONTINUOUS_BEAM,CB5,CBO-GFRS-CB5-BL008,BOTTOM_MAIN,BEAM_BOTTOM_BAR,MASS,BLOCKED_UNQUANTIFIED,,CBO-GFRS-CB5-BL008:BOTTOM:2953,,14,3,,,,,,,,,,,,,,R3+R1,"plan c/c [np.float64(2.85), np.float64(4.2)] vs schedule [2.5, 4.5] (both kept); a span binding is a candidate; a span binding is a candidate"
CBO-GFRS-CB5-BL008|BOTTOM_MAIN|CBO-GFRS-CB5-BL008:BOTTOM:2972,CBO-GFRS-CB5-BL008,CONTINUOUS_BEAM,CB5,CBO-GFRS-CB5-BL008,BOTTOM_MAIN,BEAM_BOTTOM_BAR,MASS,BLOCKED_UNQUANTIFIED,,CBO-GFRS-CB5-BL008:BOTTOM:2972,,16,4,,,,,,,,,,,,,,R3+R1,"plan c/c [np.float64(2.85), np.float64(4.2)] vs schedule [2.5, 4.5] (both kept); a span binding is a candidate; a span binding is a candidate"
CBO-GFRS-CB5-BL008|TOP_SUPPORT,CBO-GFRS-CB5-BL008,CONTINUOUS_BEAM,CB5,CBO-GFRS-CB5-BL008,TOP_SUPPORT,BEAM_EXTRA_BAR,MASS,BLOCKED_UNQUANTIFIED,,,,,,,,,,,,,,,,,,,Q2+Q3,typical end-support top bar: the schedule frames draw one top bar per span while the typical draws a separate end-support bar dimensioned '0.3 Ln2' (UNRESOLVED: no Ln2 in a 2-span typical) - which governs and its extent are not established; not taken from the frames
CBO-GFRS-CB5-BL008|BOTTOM_SUPPORT,CBO-GFRS-CB5-BL008,CONTINUOUS_BEAM,CB5,CBO-GFRS-CB5-BL008,BOTTOM_SUPPORT,BEAM_EXTRA_BAR,MASS,NOT_APPLICABLE,,,,,,,,,,,,,,,,,,,,"no bottom support bar is scheduled or drawn (C-BEAM frames: TOP, BOTTOM, MID only)"
CBO-GFRS-CB5-BL008|MID_TOP|CBO-GFRS-CB5-BL008:SUPPORT_TOP:2976,CBO-GFRS-CB5-BL008,CONTINUOUS_BEAM,CB5,CBO-GFRS-CB5-BL008,MID_TOP,BEAM_EXTRA_BAR,MASS,BLOCKED_UNQUANTIFIED,,CBO-GFRS-CB5-BL008:SUPPORT_TOP:2976,,16,4,,,,,,,,,,,,,,R3+R1,"plan c/c [np.float64(2.85), np.float64(4.2)] vs schedule [2.5, 4.5] (both kept); a span binding is a candidate; a span binding is a candidate"
CBO-GFRS-CB5-BL008|MID_BOTTOM,CBO-GFRS-CB5-BL008,CONTINUOUS_BEAM,CB5,CBO-GFRS-CB5-BL008,MID_BOTTOM,BEAM_EXTRA_BAR,MASS,NOT_APPLICABLE,,,,,,,,,,,,,,,,,,,,no bottom MID / support bar in the C-BEAM schedule or typical
CBO-GFRS-CB5-BL008|HANGER,CBO-GFRS-CB5-BL008,CONTINUOUS_BEAM,CB5,CBO-GFRS-CB5-BL008,HANGER,BEAM_EXTRA_BAR,MASS,BLOCKED_UNQUANTIFIED,,,,,,,,,,,,,,,,,,,Q2,hanger DETAILED_UNLABELLED: DETAILED_UNLABELLED: the typical draws an unlabelled second top row; the frames draw one top bar per span - hanger count / diameter / extent not printed - not inferred from practice
CBO-GFRS-CB5-BL008|SIDE_REBAR,CBO-GFRS-CB5-BL008,CONTINUOUS_BEAM,CB5,CBO-GFRS-CB5-BL008,SIDE_REBAR,BEAM_SIDE_BAR,MASS,NOT_APPLICABLE,,,,,,,,,,,,,,,,,,,,no side bars printed; depth 40.0 cm
CBO-GFRS-CB5-BL008|STIRRUP_COUNT|SPAN1,CBO-GFRS-CB5-BL008,CONTINUOUS_BEAM,CB5,CBO-GFRS-CB5-BL008,STIRRUP_COUNT,BEAM_STIRRUP,COUNT,BLOCKED_UNQUANTIFIED,,,1,8,,,,,,,,,,,,,,,R3+R1,"plan c/c [np.float64(2.85), np.float64(4.2)] vs schedule [2.5, 4.5] (both kept); a span binding is a candidate; a span binding is a candidate"
CBO-GFRS-CB5-BL008|STIRRUP_CORE_PATH|SPAN1,CBO-GFRS-CB5-BL008,CONTINUOUS_BEAM,CB5,CBO-GFRS-CB5-BL008,STIRRUP_CORE_PATH,BEAM_STIRRUP,MASS,BLOCKED_UNQUANTIFIED,,,1,8,,,,,,,,,,,,,,"[""LEGS / TOPOLOGY UNRESOLVED"", ""HOOKS BLOCKED_UNQUANTIFIED"", ""LEGS / LINK TOPOLOGY NOT_ESTABLISHED"", ""STIRRUP HOOKS NOT_ESTABLISHED"", ""occurrence blocked: plan c/c [np.float64(2.85), np.float64(4.2)] vs schedule [2.5, 4.5] (both kept); a span binding is a candidate; a span binding is a candidate""]",Q7,"stirrup mass needs legs, path, hooks and section; missing: LEGS / TOPOLOGY UNRESOLVED; HOOKS BLOCKED_UNQUANTIFIED; LEGS / LINK TOPOLOGY NOT_ESTABLISHED; STIRRUP HOOKS NOT_ESTABLISHED; occurrence blocked: plan c/c [np.float64(2.85), np.float64(4.2)] vs schedule [2.5, 4.5] (both kept); a span binding is a candidate; a span binding is a candidate"
CBO-GFRS-CB5-BL008|STIRRUP_COUNT|SPAN2,CBO-GFRS-CB5-BL008,CONTINUOUS_BEAM,CB5,CBO-GFRS-CB5-BL008,STIRRUP_COUNT,BEAM_STIRRUP,COUNT,BLOCKED_UNQUANTIFIED,,,2,8,,,,,,,,,,,,,,,R3+R1,"plan c/c [np.float64(2.85), np.float64(4.2)] vs schedule [2.5, 4.5] (both kept); a span binding is a candidate; a span binding is a candidate"
CBO-GFRS-CB5-BL008|STIRRUP_CORE_PATH|SPAN2,CBO-GFRS-CB5-BL008,CONTINUOUS_BEAM,CB5,CBO-GFRS-CB5-BL008,STIRRUP_CORE_PATH,BEAM_STIRRUP,MASS,BLOCKED_UNQUANTIFIED,,,2,8,,,,,,,,,,,,,,"[""LEGS / TOPOLOGY UNRESOLVED"", ""HOOKS BLOCKED_UNQUANTIFIED"", ""LEGS / LINK TOPOLOGY NOT_ESTABLISHED"", ""STIRRUP HOOKS NOT_ESTABLISHED"", ""occurrence blocked: plan c/c [np.float64(2.85), np.float64(4.2)] vs schedule [2.5, 4.5] (both kept); a span binding is a candidate; a span binding is a candidate""]",Q7,"stirrup mass needs legs, path, hooks and section; missing: LEGS / TOPOLOGY UNRESOLVED; HOOKS BLOCKED_UNQUANTIFIED; LEGS / LINK TOPOLOGY NOT_ESTABLISHED; STIRRUP HOOKS NOT_ESTABLISHED; occurrence blocked: plan c/c [np.float64(2.85), np.float64(4.2)] vs schedule [2.5, 4.5] (both kept); a span binding is a candidate; a span binding is a candidate"
CBO-GFRS-CB5-BL008|HOOK_1,CBO-GFRS-CB5-BL008,CONTINUOUS_BEAM,CB5,CBO-GFRS-CB5-BL008,HOOK_1,ANCHORAGE,MASS,BLOCKED_UNQUANTIFIED,,,,,,,,,,,,,,,,,,,Q1,"bar-end hook / bend: end legs drawn N.T.S. without a dimension; no project hook source; column hook rules are not imported - Q1 at end 1 ({'kind': 'COLUMN', 'order': 'PLAN', 'refs': ['GFRS:365']}); occurrence blocked: plan c/c [np.float64(2.85), np.float64(4.2)] vs schedule [2.5, 4.5] (both kept); a span binding is a candidate; a span binding is a candidate"
CBO-GFRS-CB5-BL008|DEVELOPMENT_1,CBO-GFRS-CB5-BL008,CONTINUOUS_BEAM,CB5,CBO-GFRS-CB5-BL008,DEVELOPMENT_1,ANCHORAGE,MASS,BLOCKED_UNQUANTIFIED,,,,,,,,,,,,,,,,,,,Q1,"development / anchorage: no beam-source development rule (note 9 70Ø / 40Ø is starter-bar context only; no 40D, 70D, code, Urban default or external value is used) - Q1 at end 1 ({'kind': 'COLUMN', 'order': 'PLAN', 'refs': ['GFRS:365']}); occurrence blocked: plan c/c [np.float64(2.85), np.float64(4.2)] vs schedule [2.5, 4.5] (both kept); a span binding is a candidate; a span binding is a candidate"
CBO-GFRS-CB5-BL008|HOOK_2,CBO-GFRS-CB5-BL008,CONTINUOUS_BEAM,CB5,CBO-GFRS-CB5-BL008,HOOK_2,ANCHORAGE,MASS,BLOCKED_UNQUANTIFIED,,,,,,,,,,,,,,,,,,,Q1,"bar-end hook / bend: end legs drawn N.T.S. without a dimension; no project hook source; column hook rules are not imported - Q1 at end 2 ({'kind': 'BEAM_CORNER', 'order': 'PLAN', 'refs': ['BL020']}); occurrence blocked: plan c/c [np.float64(2.85), np.float64(4.2)] vs schedule [2.5, 4.5] (both kept); a span binding is a candidate; a span binding is a candidate"
CBO-GFRS-CB5-BL008|DEVELOPMENT_2,CBO-GFRS-CB5-BL008,CONTINUOUS_BEAM,CB5,CBO-GFRS-CB5-BL008,DEVELOPMENT_2,ANCHORAGE,MASS,BLOCKED_UNQUANTIFIED,,,,,,,,,,,,,,,,,,,Q1,"development / anchorage: no beam-source development rule (note 9 70Ø / 40Ø is starter-bar context only; no 40D, 70D, code, Urban default or external value is used) - Q1 at end 2 ({'kind': 'BEAM_CORNER', 'order': 'PLAN', 'refs': ['BL020']}); occurrence blocked: plan c/c [np.float64(2.85), np.float64(4.2)] vs schedule [2.5, 4.5] (both kept); a span binding is a candidate; a span binding is a candidate"
CBO-GFRS-CB5-BL008|OPENING_EXTRA_TOP,CBO-GFRS-CB5-BL008,CONTINUOUS_BEAM,CB5,CBO-GFRS-CB5-BL008,OPENING_EXTRA_TOP,SPECIAL_DETAIL_BAR,MASS,NOT_APPLICABLE,,,,,,,,,,,,,,,,,,,,no source-identified physical opening in this beam (26 opening objects checked project-wide; the generic opening detail is not applied globally)
CBO-GFRS-CB5-BL008|OPENING_EXTRA_BOTTOM,CBO-GFRS-CB5-BL008,CONTINUOUS_BEAM,CB5,CBO-GFRS-CB5-BL008,OPENING_EXTRA_BOTTOM,SPECIAL_DETAIL_BAR,MASS,NOT_APPLICABLE,,,,,,,,,,,,,,,,,,,,no source-identified physical opening in this beam (26 opening objects checked project-wide; the generic opening detail is not applied globally)
CBO-GFRS-CB5-BL008|OPENING_EXTRA_SIDE,CBO-GFRS-CB5-BL008,CONTINUOUS_BEAM,CB5,CBO-GFRS-CB5-BL008,OPENING_EXTRA_SIDE,SPECIAL_DETAIL_BAR,MASS,NOT_APPLICABLE,,,,,,,,,,,,,,,,,,,,no source-identified physical opening in this beam (26 opening objects checked project-wide; the generic opening detail is not applied globally)
CBO-GFRS-CB5-BL008|OPENING_EXTRA_STIRRUP,CBO-GFRS-CB5-BL008,CONTINUOUS_BEAM,CB5,CBO-GFRS-CB5-BL008,OPENING_EXTRA_STIRRUP,BEAM_STIRRUP,MASS,NOT_APPLICABLE,,,,,,,,,,,,,,,,,,,,no source-identified physical opening in this beam (26 opening objects checked project-wide; the generic opening detail is not applied globally)
CBO-GFRS-CB5-BL008|OTHER_EXPLICIT_EXTRA,CBO-GFRS-CB5-BL008,CONTINUOUS_BEAM,CB5,CBO-GFRS-CB5-BL008,OTHER_EXPLICIT_EXTRA,SPECIAL_DETAIL_BAR,MASS,NOT_APPLICABLE,,,,,,,,,,,,,,,,,,,,"no other explicit extra scheduled (load-line numbers are loads, never steel)"
CBO-GFRS-CB6-BL004|TOP_MAIN|CBO-GFRS-CB6-BL004:CONTINUOUS_TOP:29D5,CBO-GFRS-CB6-BL004,CONTINUOUS_BEAM,CB6,CBO-GFRS-CB6-BL004,TOP_MAIN,BEAM_TOP_BAR,MASS,BLOCKED_UNQUANTIFIED,,CBO-GFRS-CB6-BL004:CONTINUOUS_TOP:29D5,,12,2,,,,,,,,,,,,,,Q2,"interior end drawn N.T.S. (schedule frame); no bound extent rule; end leg drawn at the outer support, length not dimensioned (hook)"
CBO-GFRS-CB6-BL004|TOP_MAIN|CBO-GFRS-CB6-BL004:CONTINUOUS_TOP:29D9,CBO-GFRS-CB6-BL004,CONTINUOUS_BEAM,CB6,CBO-GFRS-CB6-BL004,TOP_MAIN,BEAM_TOP_BAR,MASS,BLOCKED_UNQUANTIFIED,,CBO-GFRS-CB6-BL004:CONTINUOUS_TOP:29D9,,12,2,,,,,,,,,,,,,,Q2,"interior end drawn N.T.S. (schedule frame); no bound extent rule; end leg drawn at the outer support, length not dimensioned (hook)"
CBO-GFRS-CB6-BL004|BOTTOM_MAIN|CBO-GFRS-CB6-BL004:BOTTOM:29B5,CBO-GFRS-CB6-BL004,CONTINUOUS_BEAM,CB6,CBO-GFRS-CB6-BL004,BOTTOM_MAIN,BEAM_BOTTOM_BAR,MASS,LOWER_BOUND,SOURCE_BOUND,CBO-GFRS-CB6-BL004:BOTTOM:29B5,,16,3,4.575,13.725,1.580247,21.688889,,,SOURCE_VERIFIED,NOT_ESTABLISHED,,,,"[""anchorage / development into end support 0"", ""DEVELOPMENT / ANCHORAGE at the end supports (not source-established)"", ""BAR-END HOOK / BEND at the end supports (not detailed)""]",,,anchorage / development into end support 0; DEVELOPMENT / ANCHORAGE at the end supports (not source-established); BAR-END HOOK / BEND at the end supports (not detailed)
CBO-GFRS-CB6-BL004|BOTTOM_MAIN|CBO-GFRS-CB6-BL004:BOTTOM:29D4,CBO-GFRS-CB6-BL004,CONTINUOUS_BEAM,CB6,CBO-GFRS-CB6-BL004,BOTTOM_MAIN,BEAM_BOTTOM_BAR,MASS,LOWER_BOUND,SOURCE_BOUND,CBO-GFRS-CB6-BL004:BOTTOM:29D4,,18,4,6.425,25.7,2.0,51.4,,,SOURCE_VERIFIED,NOT_ESTABLISHED,,,,"[""anchorage / development into end support 2"", ""DEVELOPMENT / ANCHORAGE at the end supports (not source-established)"", ""BAR-END HOOK / BEND at the end supports (not detailed)""]",,,anchorage / development into end support 2; DEVELOPMENT / ANCHORAGE at the end supports (not source-established); BAR-END HOOK / BEND at the end supports (not detailed)
CBO-GFRS-CB6-BL004|TOP_SUPPORT,CBO-GFRS-CB6-BL004,CONTINUOUS_BEAM,CB6,CBO-GFRS-CB6-BL004,TOP_SUPPORT,BEAM_EXTRA_BAR,MASS,BLOCKED_UNQUANTIFIED,,,,,,,,,,,,,,,,,,,Q2+Q3,typical end-support top bar: the schedule frames draw one top bar per span while the typical draws a separate end-support bar dimensioned '0.3 Ln2' (UNRESOLVED: no Ln2 in a 2-span typical) - which governs and its extent are not established; not taken from the frames
CBO-GFRS-CB6-BL004|BOTTOM_SUPPORT,CBO-GFRS-CB6-BL004,CONTINUOUS_BEAM,CB6,CBO-GFRS-CB6-BL004,BOTTOM_SUPPORT,BEAM_EXTRA_BAR,MASS,NOT_APPLICABLE,,,,,,,,,,,,,,,,,,,,"no bottom support bar is scheduled or drawn (C-BEAM frames: TOP, BOTTOM, MID only)"
CBO-GFRS-CB6-BL004|MID_TOP|CBO-GFRS-CB6-BL004:SUPPORT_TOP:29D8,CBO-GFRS-CB6-BL004,CONTINUOUS_BEAM,CB6,CBO-GFRS-CB6-BL004,MID_TOP,BEAM_EXTRA_BAR,MASS,LOWER_BOUND,SOURCE_BOUND,CBO-GFRS-CB6-BL004:SUPPORT_TOP:29D8,,18,4,2.8265,11.306,2.0,22.612,,,SOURCE_VERIFIED,NOT_ESTABLISHED,SOURCE_VERIFIED,,,"[""in-span end treatment drawn straight on an N.T.S. typical, not dimensioned""]",,,"in-span end treatment drawn straight on an N.T.S. typical, not dimensioned"
CBO-GFRS-CB6-BL004|MID_BOTTOM,CBO-GFRS-CB6-BL004,CONTINUOUS_BEAM,CB6,CBO-GFRS-CB6-BL004,MID_BOTTOM,BEAM_EXTRA_BAR,MASS,NOT_APPLICABLE,,,,,,,,,,,,,,,,,,,,no bottom MID / support bar in the C-BEAM schedule or typical
CBO-GFRS-CB6-BL004|HANGER,CBO-GFRS-CB6-BL004,CONTINUOUS_BEAM,CB6,CBO-GFRS-CB6-BL004,HANGER,BEAM_EXTRA_BAR,MASS,BLOCKED_UNQUANTIFIED,,,,,,,,,,,,,,,,,,,Q2,hanger DETAILED_UNLABELLED: DETAILED_UNLABELLED: the typical draws an unlabelled second top row; the frames draw one top bar per span - hanger count / diameter / extent not printed - not inferred from practice
CBO-GFRS-CB6-BL004|SIDE_REBAR,CBO-GFRS-CB6-BL004,CONTINUOUS_BEAM,CB6,CBO-GFRS-CB6-BL004,SIDE_REBAR,BEAM_SIDE_BAR,MASS,BLOCKED_UNQUANTIFIED,,,,12,2,,,,,,,,,,2%%C12 | 30cm,30.0,,,Q6,side bars '2%%C12 | 30cm' printed (2Ø12/30.0cm): '/30cm' semantics not established (per face or total; vertical spacing or other; bar length; end treatment) - never silently read as a vertical spacing (Q6) - quantity / mass not source-quantified
CBO-GFRS-CB6-BL004|STIRRUP_COUNT|SPAN1,CBO-GFRS-CB6-BL004,CONTINUOUS_BEAM,CB6,CBO-GFRS-CB6-BL004,STIRRUP_COUNT,BEAM_STIRRUP,COUNT,LOWER_BOUND,SOURCE_BOUND,,1,8,,,,,,20,21,,,,,,,,,first / last stirrup position not stated; no +1
CBO-GFRS-CB6-BL004|STIRRUP_CORE_PATH|SPAN1,CBO-GFRS-CB6-BL004,CONTINUOUS_BEAM,CB6,CBO-GFRS-CB6-BL004,STIRRUP_CORE_PATH,BEAM_STIRRUP,MASS,BLOCKED_UNQUANTIFIED,,,1,8,,,,,,,,,,,,,,"[""LEGS / TOPOLOGY UNRESOLVED"", ""HOOKS BLOCKED_UNQUANTIFIED"", ""LEGS / LINK TOPOLOGY NOT_ESTABLISHED"", ""STIRRUP HOOKS NOT_ESTABLISHED""]",Q7,"stirrup mass needs legs, path, hooks and section; missing: LEGS / TOPOLOGY UNRESOLVED; HOOKS BLOCKED_UNQUANTIFIED; LEGS / LINK TOPOLOGY NOT_ESTABLISHED; STIRRUP HOOKS NOT_ESTABLISHED"
CBO-GFRS-CB6-BL004|STIRRUP_COUNT|SPAN2,CBO-GFRS-CB6-BL004,CONTINUOUS_BEAM,CB6,CBO-GFRS-CB6-BL004,STIRRUP_COUNT,BEAM_STIRRUP,COUNT,LOWER_BOUND,SOURCE_BOUND,,2,8,,,,,,36,37,,,,,,,,,first / last stirrup position not stated; no +1
CBO-GFRS-CB6-BL004|STIRRUP_CORE_PATH|SPAN2,CBO-GFRS-CB6-BL004,CONTINUOUS_BEAM,CB6,CBO-GFRS-CB6-BL004,STIRRUP_CORE_PATH,BEAM_STIRRUP,MASS,BLOCKED_UNQUANTIFIED,,,2,8,,,,,,,,,,,,,,"[""LEGS / TOPOLOGY UNRESOLVED"", ""HOOKS BLOCKED_UNQUANTIFIED"", ""LEGS / LINK TOPOLOGY NOT_ESTABLISHED"", ""STIRRUP HOOKS NOT_ESTABLISHED""]",Q7,"stirrup mass needs legs, path, hooks and section; missing: LEGS / TOPOLOGY UNRESOLVED; HOOKS BLOCKED_UNQUANTIFIED; LEGS / LINK TOPOLOGY NOT_ESTABLISHED; STIRRUP HOOKS NOT_ESTABLISHED"
CBO-GFRS-CB6-BL004|HOOK_1,CBO-GFRS-CB6-BL004,CONTINUOUS_BEAM,CB6,CBO-GFRS-CB6-BL004,HOOK_1,ANCHORAGE,MASS,BLOCKED_UNQUANTIFIED,,,,,,,,,,,,,,,,,,,Q1,"bar-end hook / bend: end legs drawn N.T.S. without a dimension; no project hook source; column hook rules are not imported - Q1 at end 1 ({'kind': 'BEAM_CARRIED_BY', 'order': 'PLAN', 'refs': ['BL011']})"
CBO-GFRS-CB6-BL004|DEVELOPMENT_1,CBO-GFRS-CB6-BL004,CONTINUOUS_BEAM,CB6,CBO-GFRS-CB6-BL004,DEVELOPMENT_1,ANCHORAGE,MASS,BLOCKED_UNQUANTIFIED,,,,,,,,,,,,,,,,,,,Q1,"development / anchorage: no beam-source development rule (note 9 70Ø / 40Ø is starter-bar context only; no 40D, 70D, code, Urban default or external value is used) - Q1 at end 1 ({'kind': 'BEAM_CARRIED_BY', 'order': 'PLAN', 'refs': ['BL011']})"
CBO-GFRS-CB6-BL004|HOOK_2,CBO-GFRS-CB6-BL004,CONTINUOUS_BEAM,CB6,CBO-GFRS-CB6-BL004,HOOK_2,ANCHORAGE,MASS,BLOCKED_UNQUANTIFIED,,,,,,,,,,,,,,,,,,,Q1,"bar-end hook / bend: end legs drawn N.T.S. without a dimension; no project hook source; column hook rules are not imported - Q1 at end 2 ({'kind': 'COLUMN', 'order': 'PLAN', 'refs': ['GFRS:35F']})"
CBO-GFRS-CB6-BL004|DEVELOPMENT_2,CBO-GFRS-CB6-BL004,CONTINUOUS_BEAM,CB6,CBO-GFRS-CB6-BL004,DEVELOPMENT_2,ANCHORAGE,MASS,BLOCKED_UNQUANTIFIED,,,,,,,,,,,,,,,,,,,Q1,"development / anchorage: no beam-source development rule (note 9 70Ø / 40Ø is starter-bar context only; no 40D, 70D, code, Urban default or external value is used) - Q1 at end 2 ({'kind': 'COLUMN', 'order': 'PLAN', 'refs': ['GFRS:35F']})"
CBO-GFRS-CB6-BL004|OPENING_EXTRA_TOP,CBO-GFRS-CB6-BL004,CONTINUOUS_BEAM,CB6,CBO-GFRS-CB6-BL004,OPENING_EXTRA_TOP,SPECIAL_DETAIL_BAR,MASS,NOT_APPLICABLE,,,,,,,,,,,,,,,,,,,,no source-identified physical opening in this beam (26 opening objects checked project-wide; the generic opening detail is not applied globally)
CBO-GFRS-CB6-BL004|OPENING_EXTRA_BOTTOM,CBO-GFRS-CB6-BL004,CONTINUOUS_BEAM,CB6,CBO-GFRS-CB6-BL004,OPENING_EXTRA_BOTTOM,SPECIAL_DETAIL_BAR,MASS,NOT_APPLICABLE,,,,,,,,,,,,,,,,,,,,no source-identified physical opening in this beam (26 opening objects checked project-wide; the generic opening detail is not applied globally)
CBO-GFRS-CB6-BL004|OPENING_EXTRA_SIDE,CBO-GFRS-CB6-BL004,CONTINUOUS_BEAM,CB6,CBO-GFRS-CB6-BL004,OPENING_EXTRA_SIDE,SPECIAL_DETAIL_BAR,MASS,NOT_APPLICABLE,,,,,,,,,,,,,,,,,,,,no source-identified physical opening in this beam (26 opening objects checked project-wide; the generic opening detail is not applied globally)
CBO-GFRS-CB6-BL004|OPENING_EXTRA_STIRRUP,CBO-GFRS-CB6-BL004,CONTINUOUS_BEAM,CB6,CBO-GFRS-CB6-BL004,OPENING_EXTRA_STIRRUP,BEAM_STIRRUP,MASS,NOT_APPLICABLE,,,,,,,,,,,,,,,,,,,,no source-identified physical opening in this beam (26 opening objects checked project-wide; the generic opening detail is not applied globally)
CBO-GFRS-CB6-BL004|OTHER_EXPLICIT_EXTRA,CBO-GFRS-CB6-BL004,CONTINUOUS_BEAM,CB6,CBO-GFRS-CB6-BL004,OTHER_EXPLICIT_EXTRA,SPECIAL_DETAIL_BAR,MASS,NOT_APPLICABLE,,,,,,,,,,,,,,,,,,,,"no other explicit extra scheduled (load-line numbers are loads, never steel)"
CBO-GFRS-CB7-BL003|TOP_MAIN|CBO-GFRS-CB7-BL003:CONTINUOUS_TOP:2093,CBO-GFRS-CB7-BL003,CONTINUOUS_BEAM,CB7,CBO-GFRS-CB7-BL003,TOP_MAIN,BEAM_TOP_BAR,MASS,BLOCKED_UNQUANTIFIED,,CBO-GFRS-CB7-BL003:CONTINUOUS_TOP:2093,,12,2,,,,,,,,,,,,,,Q2,"interior end drawn N.T.S. (schedule frame); no bound extent rule; end leg drawn at the outer support, length not dimensioned (hook)"
CBO-GFRS-CB7-BL003|TOP_MAIN|CBO-GFRS-CB7-BL003:CONTINUOUS_TOP:20A5,CBO-GFRS-CB7-BL003,CONTINUOUS_BEAM,CB7,CBO-GFRS-CB7-BL003,TOP_MAIN,BEAM_TOP_BAR,MASS,BLOCKED_UNQUANTIFIED,,CBO-GFRS-CB7-BL003:CONTINUOUS_TOP:20A5,,12,2,,,,,,,,,,,,,,Q2,"interior end drawn N.T.S. (schedule frame); no bound extent rule; end leg drawn at the outer support, length not dimensioned (hook)"
CBO-GFRS-CB7-BL003|BOTTOM_MAIN|CBO-GFRS-CB7-BL003:BOTTOM:2049,CBO-GFRS-CB7-BL003,CONTINUOUS_BEAM,CB7,CBO-GFRS-CB7-BL003,BOTTOM_MAIN,BEAM_BOTTOM_BAR,MASS,LOWER_BOUND,CANDIDATE_INVARIANT,CBO-GFRS-CB7-BL003:BOTTOM:2049,,16,3,5.925,17.775,1.580247,28.088889,,,SOURCE_VERIFIED,NOT_ESTABLISHED,,,,"[""anchorage / development into end support 0"", ""DEVELOPMENT / ANCHORAGE at the end supports (not source-established)"", ""BAR-END HOOK / BEND at the end supports (not detailed)""]",,,anchorage / development into end support 0; DEVELOPMENT / ANCHORAGE at the end supports (not source-established); BAR-END HOOK / BEND at the end supports (not detailed)
CBO-GFRS-CB7-BL003|BOTTOM_MAIN|CBO-GFRS-CB7-BL003:BOTTOM:2092,CBO-GFRS-CB7-BL003,CONTINUOUS_BEAM,CB7,CBO-GFRS-CB7-BL003,BOTTOM_MAIN,BEAM_BOTTOM_BAR,MASS,LOWER_BOUND,CANDIDATE_INVARIANT,CBO-GFRS-CB7-BL003:BOTTOM:2092,,16,3,6.225,18.675,1.580247,29.511111,,,SOURCE_VERIFIED,NOT_ESTABLISHED,,,,"[""anchorage / development into end support 2"", ""DEVELOPMENT / ANCHORAGE at the end supports (not source-established)"", ""BAR-END HOOK / BEND at the end supports (not detailed)""]",,,anchorage / development into end support 2; DEVELOPMENT / ANCHORAGE at the end supports (not source-established); BAR-END HOOK / BEND at the end supports (not detailed)
CBO-GFRS-CB7-BL003|TOP_SUPPORT,CBO-GFRS-CB7-BL003,CONTINUOUS_BEAM,CB7,CBO-GFRS-CB7-BL003,TOP_SUPPORT,BEAM_EXTRA_BAR,MASS,BLOCKED_UNQUANTIFIED,,,,,,,,,,,,,,,,,,,Q2+Q3,typical end-support top bar: the schedule frames draw one top bar per span while the typical draws a separate end-support bar dimensioned '0.3 Ln2' (UNRESOLVED: no Ln2 in a 2-span typical) - which governs and its extent are not established; not taken from the frames
CBO-GFRS-CB7-BL003|BOTTOM_SUPPORT,CBO-GFRS-CB7-BL003,CONTINUOUS_BEAM,CB7,CBO-GFRS-CB7-BL003,BOTTOM_SUPPORT,BEAM_EXTRA_BAR,MASS,NOT_APPLICABLE,,,,,,,,,,,,,,,,,,,,"no bottom support bar is scheduled or drawn (C-BEAM frames: TOP, BOTTOM, MID only)"
CBO-GFRS-CB7-BL003|MID_TOP|CBO-GFRS-CB7-BL003:SUPPORT_TOP:20A4,CBO-GFRS-CB7-BL003,CONTINUOUS_BEAM,CB7,CBO-GFRS-CB7-BL003,MID_TOP,BEAM_EXTRA_BAR,MASS,LOWER_BOUND,CANDIDATE_INVARIANT,CBO-GFRS-CB7-BL003:SUPPORT_TOP:20A4,,18,5,3.04,15.2,2.0,30.4,,,SOURCE_VERIFIED,NOT_ESTABLISHED,SOURCE_VERIFIED,,,"[""in-span end treatment drawn straight on an N.T.S. typical, not dimensioned""]",,,"in-span end treatment drawn straight on an N.T.S. typical, not dimensioned"
CBO-GFRS-CB7-BL003|MID_BOTTOM,CBO-GFRS-CB7-BL003,CONTINUOUS_BEAM,CB7,CBO-GFRS-CB7-BL003,MID_BOTTOM,BEAM_EXTRA_BAR,MASS,NOT_APPLICABLE,,,,,,,,,,,,,,,,,,,,no bottom MID / support bar in the C-BEAM schedule or typical
CBO-GFRS-CB7-BL003|HANGER,CBO-GFRS-CB7-BL003,CONTINUOUS_BEAM,CB7,CBO-GFRS-CB7-BL003,HANGER,BEAM_EXTRA_BAR,MASS,BLOCKED_UNQUANTIFIED,,,,,,,,,,,,,,,,,,,Q2,hanger DETAILED_UNLABELLED: DETAILED_UNLABELLED: the typical draws an unlabelled second top row; the frames draw one top bar per span - hanger count / diameter / extent not printed - not inferred from practice
CBO-GFRS-CB7-BL003|SIDE_REBAR,CBO-GFRS-CB7-BL003,CONTINUOUS_BEAM,CB7,CBO-GFRS-CB7-BL003,SIDE_REBAR,BEAM_SIDE_BAR,MASS,BLOCKED_UNQUANTIFIED,,,,12,2,,,,,,,,,,2%%C12 | 30cm,30.0,,,Q6,side bars '2%%C12 | 30cm' printed (2Ø12/30.0cm): '/30cm' semantics not established (per face or total; vertical spacing or other; bar length; end treatment) - never silently read as a vertical spacing (Q6) - quantity / mass not source-quantified
CBO-GFRS-CB7-BL003|STIRRUP_COUNT|SPAN1,CBO-GFRS-CB7-BL003,CONTINUOUS_BEAM,CB7,CBO-GFRS-CB7-BL003,STIRRUP_COUNT,BEAM_STIRRUP,COUNT,BLOCKED_UNQUANTIFIED,,,1,8,,,,,,,,,,,,,,,R4,"FROZEN PRE-S6 SCOPE: both reading directions give the same 7Ø8/m on this span (candidate-invariant), but PRE-S6 assessed invariance for bar runs only and blocked this count; S6 does not widen the frozen scope - S6.1 release candidate"
CBO-GFRS-CB7-BL003|STIRRUP_CORE_PATH|SPAN1,CBO-GFRS-CB7-BL003,CONTINUOUS_BEAM,CB7,CBO-GFRS-CB7-BL003,STIRRUP_CORE_PATH,BEAM_STIRRUP,MASS,BLOCKED_UNQUANTIFIED,,,1,8,,,,,,,,,,,,,,"[""LEGS / TOPOLOGY UNRESOLVED"", ""HOOKS BLOCKED_UNQUANTIFIED"", ""LEGS / LINK TOPOLOGY NOT_ESTABLISHED"", ""STIRRUP HOOKS NOT_ESTABLISHED""]",Q7,"stirrup mass needs legs, path, hooks and section; missing: LEGS / TOPOLOGY UNRESOLVED; HOOKS BLOCKED_UNQUANTIFIED; LEGS / LINK TOPOLOGY NOT_ESTABLISHED; STIRRUP HOOKS NOT_ESTABLISHED"
CBO-GFRS-CB7-BL003|STIRRUP_COUNT|SPAN2,CBO-GFRS-CB7-BL003,CONTINUOUS_BEAM,CB7,CBO-GFRS-CB7-BL003,STIRRUP_COUNT,BEAM_STIRRUP,COUNT,BLOCKED_UNQUANTIFIED,,,2,8,,,,,,,,,,,,,,,R4,"FROZEN PRE-S6 SCOPE: both reading directions give the same 7Ø8/m on this span (candidate-invariant), but PRE-S6 assessed invariance for bar runs only and blocked this count; S6 does not widen the frozen scope - S6.1 release candidate"
CBO-GFRS-CB7-BL003|STIRRUP_CORE_PATH|SPAN2,CBO-GFRS-CB7-BL003,CONTINUOUS_BEAM,CB7,CBO-GFRS-CB7-BL003,STIRRUP_CORE_PATH,BEAM_STIRRUP,MASS,BLOCKED_UNQUANTIFIED,,,2,8,,,,,,,,,,,,,,"[""LEGS / TOPOLOGY UNRESOLVED"", ""HOOKS BLOCKED_UNQUANTIFIED"", ""LEGS / LINK TOPOLOGY NOT_ESTABLISHED"", ""STIRRUP HOOKS NOT_ESTABLISHED""]",Q7,"stirrup mass needs legs, path, hooks and section; missing: LEGS / TOPOLOGY UNRESOLVED; HOOKS BLOCKED_UNQUANTIFIED; LEGS / LINK TOPOLOGY NOT_ESTABLISHED; STIRRUP HOOKS NOT_ESTABLISHED"
CBO-GFRS-CB7-BL003|HOOK_1,CBO-GFRS-CB7-BL003,CONTINUOUS_BEAM,CB7,CBO-GFRS-CB7-BL003,HOOK_1,ANCHORAGE,MASS,BLOCKED_UNQUANTIFIED,,,,,,,,,,,,,,,,,,,Q1,"bar-end hook / bend: end legs drawn N.T.S. without a dimension; no project hook source; column hook rules are not imported - Q1 at end 1 ({'kind': 'COLUMN', 'order': 'PLAN', 'refs': ['GFRS:34D']})"
CBO-GFRS-CB7-BL003|DEVELOPMENT_1,CBO-GFRS-CB7-BL003,CONTINUOUS_BEAM,CB7,CBO-GFRS-CB7-BL003,DEVELOPMENT_1,ANCHORAGE,MASS,BLOCKED_UNQUANTIFIED,,,,,,,,,,,,,,,,,,,Q1,"development / anchorage: no beam-source development rule (note 9 70Ø / 40Ø is starter-bar context only; no 40D, 70D, code, Urban default or external value is used) - Q1 at end 1 ({'kind': 'COLUMN', 'order': 'PLAN', 'refs': ['GFRS:34D']})"
CBO-GFRS-CB7-BL003|HOOK_2,CBO-GFRS-CB7-BL003,CONTINUOUS_BEAM,CB7,CBO-GFRS-CB7-BL003,HOOK_2,ANCHORAGE,MASS,BLOCKED_UNQUANTIFIED,,,,,,,,,,,,,,,,,,,Q1,"bar-end hook / bend: end legs drawn N.T.S. without a dimension; no project hook source; column hook rules are not imported - Q1 at end 2 ({'kind': 'COLUMN', 'order': 'PLAN', 'refs': ['GFRS:359']})"
CBO-GFRS-CB7-BL003|DEVELOPMENT_2,CBO-GFRS-CB7-BL003,CONTINUOUS_BEAM,CB7,CBO-GFRS-CB7-BL003,DEVELOPMENT_2,ANCHORAGE,MASS,BLOCKED_UNQUANTIFIED,,,,,,,,,,,,,,,,,,,Q1,"development / anchorage: no beam-source development rule (note 9 70Ø / 40Ø is starter-bar context only; no 40D, 70D, code, Urban default or external value is used) - Q1 at end 2 ({'kind': 'COLUMN', 'order': 'PLAN', 'refs': ['GFRS:359']})"
CBO-GFRS-CB7-BL003|OPENING_EXTRA_TOP,CBO-GFRS-CB7-BL003,CONTINUOUS_BEAM,CB7,CBO-GFRS-CB7-BL003,OPENING_EXTRA_TOP,SPECIAL_DETAIL_BAR,MASS,NOT_APPLICABLE,,,,,,,,,,,,,,,,,,,,no source-identified physical opening in this beam (26 opening objects checked project-wide; the generic opening detail is not applied globally)
CBO-GFRS-CB7-BL003|OPENING_EXTRA_BOTTOM,CBO-GFRS-CB7-BL003,CONTINUOUS_BEAM,CB7,CBO-GFRS-CB7-BL003,OPENING_EXTRA_BOTTOM,SPECIAL_DETAIL_BAR,MASS,NOT_APPLICABLE,,,,,,,,,,,,,,,,,,,,no source-identified physical opening in this beam (26 opening objects checked project-wide; the generic opening detail is not applied globally)
CBO-GFRS-CB7-BL003|OPENING_EXTRA_SIDE,CBO-GFRS-CB7-BL003,CONTINUOUS_BEAM,CB7,CBO-GFRS-CB7-BL003,OPENING_EXTRA_SIDE,SPECIAL_DETAIL_BAR,MASS,NOT_APPLICABLE,,,,,,,,,,,,,,,,,,,,no source-identified physical opening in this beam (26 opening objects checked project-wide; the generic opening detail is not applied globally)
CBO-GFRS-CB7-BL003|OPENING_EXTRA_STIRRUP,CBO-GFRS-CB7-BL003,CONTINUOUS_BEAM,CB7,CBO-GFRS-CB7-BL003,OPENING_EXTRA_STIRRUP,BEAM_STIRRUP,MASS,NOT_APPLICABLE,,,,,,,,,,,,,,,,,,,,no source-identified physical opening in this beam (26 opening objects checked project-wide; the generic opening detail is not applied globally)
CBO-GFRS-CB7-BL003|OTHER_EXPLICIT_EXTRA,CBO-GFRS-CB7-BL003,CONTINUOUS_BEAM,CB7,CBO-GFRS-CB7-BL003,OTHER_EXPLICIT_EXTRA,SPECIAL_DETAIL_BAR,MASS,NOT_APPLICABLE,,,,,,,,,,,,,,,,,,,,"no other explicit extra scheduled (load-line numbers are loads, never steel)"
CBO-GFRS-CB8-BL024|TOP_MAIN,CBO-GFRS-CB8-BL024,CONTINUOUS_BEAM,CB8,CBO-GFRS-CB8-BL024,TOP_MAIN,BEAM_TOP_BAR,MASS,BLOCKED_UNQUANTIFIED,,,,,,,,,,,,,,,,,,,R3,"2 bound spans vs 3 schedule spans; frame has 3 spans, plan has 2: no bar run"
CBO-GFRS-CB8-BL024|BOTTOM_MAIN,CBO-GFRS-CB8-BL024,CONTINUOUS_BEAM,CB8,CBO-GFRS-CB8-BL024,BOTTOM_MAIN,BEAM_BOTTOM_BAR,MASS,BLOCKED_UNQUANTIFIED,,,,,,,,,,,,,,,,,,,R3,"2 bound spans vs 3 schedule spans; frame has 3 spans, plan has 2: no bar run"
CBO-GFRS-CB8-BL024|TOP_SUPPORT,CBO-GFRS-CB8-BL024,CONTINUOUS_BEAM,CB8,CBO-GFRS-CB8-BL024,TOP_SUPPORT,BEAM_EXTRA_BAR,MASS,BLOCKED_UNQUANTIFIED,,,,,,,,,,,,,,,,,,,Q2+Q3,typical end-support top bar: the schedule frames draw one top bar per span while the typical draws a separate end-support bar dimensioned '0.3 Ln2' (UNRESOLVED: no Ln2 in a 2-span typical) - which governs and its extent are not established; not taken from the frames
CBO-GFRS-CB8-BL024|BOTTOM_SUPPORT,CBO-GFRS-CB8-BL024,CONTINUOUS_BEAM,CB8,CBO-GFRS-CB8-BL024,BOTTOM_SUPPORT,BEAM_EXTRA_BAR,MASS,NOT_APPLICABLE,,,,,,,,,,,,,,,,,,,,"no bottom support bar is scheduled or drawn (C-BEAM frames: TOP, BOTTOM, MID only)"
CBO-GFRS-CB8-BL024|MID_TOP,CBO-GFRS-CB8-BL024,CONTINUOUS_BEAM,CB8,CBO-GFRS-CB8-BL024,MID_TOP,BEAM_EXTRA_BAR,MASS,BLOCKED_UNQUANTIFIED,,,,,,,,,,,,,,,,,,,R3,"2 bound spans vs 3 schedule spans; frame has 3 spans, plan has 2: no bar run; MID schedule cell empty (C-BEAM frame:CB8:251A)"
CBO-GFRS-CB8-BL024|MID_BOTTOM,CBO-GFRS-CB8-BL024,CONTINUOUS_BEAM,CB8,CBO-GFRS-CB8-BL024,MID_BOTTOM,BEAM_EXTRA_BAR,MASS,NOT_APPLICABLE,,,,,,,,,,,,,,,,,,,,no bottom MID / support bar in the C-BEAM schedule or typical
CBO-GFRS-CB8-BL024|HANGER,CBO-GFRS-CB8-BL024,CONTINUOUS_BEAM,CB8,CBO-GFRS-CB8-BL024,HANGER,BEAM_EXTRA_BAR,MASS,BLOCKED_UNQUANTIFIED,,,,,,,,,,,,,,,,,,,Q2,hanger DETAILED_UNLABELLED: DETAILED_UNLABELLED: the typical draws an unlabelled second top row; the frames draw one top bar per span - hanger count / diameter / extent not printed - not inferred from practice
CBO-GFRS-CB8-BL024|SIDE_REBAR,CBO-GFRS-CB8-BL024,CONTINUOUS_BEAM,CB8,CBO-GFRS-CB8-BL024,SIDE_REBAR,BEAM_SIDE_BAR,MASS,BLOCKED_UNQUANTIFIED,,,,12,2,,,,,,,,,,2%%C12 | 30cm,30.0,,,Q6,"side bars '2%%C12 | 30cm' printed (2Ø12/30.0cm): '/30cm' semantics not established (per face or total; vertical spacing or other; bar length; end treatment) - never silently read as a vertical spacing (Q6) - quantity / mass not source-quantified; occurrence blocked: 2 bound spans vs 3 schedule spans; frame has 3 spans, plan has 2: no bar run"
CBO-GFRS-CB8-BL024|STIRRUP_COUNT|SPAN1,CBO-GFRS-CB8-BL024,CONTINUOUS_BEAM,CB8,CBO-GFRS-CB8-BL024,STIRRUP_COUNT,BEAM_STIRRUP,COUNT,BLOCKED_UNQUANTIFIED,,,1,8,,,,,,,,,,,,,,,R3,"2 bound spans vs 3 schedule spans; frame has 3 spans, plan has 2: no bar run"
CBO-GFRS-CB8-BL024|STIRRUP_CORE_PATH|SPAN1,CBO-GFRS-CB8-BL024,CONTINUOUS_BEAM,CB8,CBO-GFRS-CB8-BL024,STIRRUP_CORE_PATH,BEAM_STIRRUP,MASS,BLOCKED_UNQUANTIFIED,,,1,8,,,,,,,,,,,,,,"[""LEGS / TOPOLOGY UNRESOLVED"", ""HOOKS BLOCKED_UNQUANTIFIED"", ""LEGS / LINK TOPOLOGY NOT_ESTABLISHED"", ""STIRRUP HOOKS NOT_ESTABLISHED"", ""occurrence blocked: 2 bound spans vs 3 schedule spans; frame has 3 spans, plan has 2: no bar run""]",Q7,"stirrup mass needs legs, path, hooks and section; missing: LEGS / TOPOLOGY UNRESOLVED; HOOKS BLOCKED_UNQUANTIFIED; LEGS / LINK TOPOLOGY NOT_ESTABLISHED; STIRRUP HOOKS NOT_ESTABLISHED; occurrence blocked: 2 bound spans vs 3 schedule spans; frame has 3 spans, plan has 2: no bar run"
CBO-GFRS-CB8-BL024|STIRRUP_COUNT|SPAN2,CBO-GFRS-CB8-BL024,CONTINUOUS_BEAM,CB8,CBO-GFRS-CB8-BL024,STIRRUP_COUNT,BEAM_STIRRUP,COUNT,BLOCKED_UNQUANTIFIED,,,2,8,,,,,,,,,,,,,,,R3,"2 bound spans vs 3 schedule spans; frame has 3 spans, plan has 2: no bar run"
CBO-GFRS-CB8-BL024|STIRRUP_CORE_PATH|SPAN2,CBO-GFRS-CB8-BL024,CONTINUOUS_BEAM,CB8,CBO-GFRS-CB8-BL024,STIRRUP_CORE_PATH,BEAM_STIRRUP,MASS,BLOCKED_UNQUANTIFIED,,,2,8,,,,,,,,,,,,,,"[""LEGS / TOPOLOGY UNRESOLVED"", ""HOOKS BLOCKED_UNQUANTIFIED"", ""LEGS / LINK TOPOLOGY NOT_ESTABLISHED"", ""STIRRUP HOOKS NOT_ESTABLISHED"", ""occurrence blocked: 2 bound spans vs 3 schedule spans; frame has 3 spans, plan has 2: no bar run""]",Q7,"stirrup mass needs legs, path, hooks and section; missing: LEGS / TOPOLOGY UNRESOLVED; HOOKS BLOCKED_UNQUANTIFIED; LEGS / LINK TOPOLOGY NOT_ESTABLISHED; STIRRUP HOOKS NOT_ESTABLISHED; occurrence blocked: 2 bound spans vs 3 schedule spans; frame has 3 spans, plan has 2: no bar run"
CBO-GFRS-CB8-BL024|HOOK_1,CBO-GFRS-CB8-BL024,CONTINUOUS_BEAM,CB8,CBO-GFRS-CB8-BL024,HOOK_1,ANCHORAGE,MASS,BLOCKED_UNQUANTIFIED,,,,,,,,,,,,,,,,,,,Q1,"bar-end hook / bend: end legs drawn N.T.S. without a dimension; no project hook source; column hook rules are not imported - Q1 at end 1 ({'kind': 'NOT_STATED', 'order': 'PLAN', 'refs': []}); occurrence blocked: 2 bound spans vs 3 schedule spans; frame has 3 spans, plan has 2: no bar run"
CBO-GFRS-CB8-BL024|DEVELOPMENT_1,CBO-GFRS-CB8-BL024,CONTINUOUS_BEAM,CB8,CBO-GFRS-CB8-BL024,DEVELOPMENT_1,ANCHORAGE,MASS,BLOCKED_UNQUANTIFIED,,,,,,,,,,,,,,,,,,,Q1,"development / anchorage: no beam-source development rule (note 9 70Ø / 40Ø is starter-bar context only; no 40D, 70D, code, Urban default or external value is used) - Q1 at end 1 ({'kind': 'NOT_STATED', 'order': 'PLAN', 'refs': []}); occurrence blocked: 2 bound spans vs 3 schedule spans; frame has 3 spans, plan has 2: no bar run"
CBO-GFRS-CB8-BL024|HOOK_2,CBO-GFRS-CB8-BL024,CONTINUOUS_BEAM,CB8,CBO-GFRS-CB8-BL024,HOOK_2,ANCHORAGE,MASS,BLOCKED_UNQUANTIFIED,,,,,,,,,,,,,,,,,,,Q1,"bar-end hook / bend: end legs drawn N.T.S. without a dimension; no project hook source; column hook rules are not imported - Q1 at end 2 ({'kind': 'NOT_STATED', 'order': 'PLAN', 'refs': []}); occurrence blocked: 2 bound spans vs 3 schedule spans; frame has 3 spans, plan has 2: no bar run"
CBO-GFRS-CB8-BL024|DEVELOPMENT_2,CBO-GFRS-CB8-BL024,CONTINUOUS_BEAM,CB8,CBO-GFRS-CB8-BL024,DEVELOPMENT_2,ANCHORAGE,MASS,BLOCKED_UNQUANTIFIED,,,,,,,,,,,,,,,,,,,Q1,"development / anchorage: no beam-source development rule (note 9 70Ø / 40Ø is starter-bar context only; no 40D, 70D, code, Urban default or external value is used) - Q1 at end 2 ({'kind': 'NOT_STATED', 'order': 'PLAN', 'refs': []}); occurrence blocked: 2 bound spans vs 3 schedule spans; frame has 3 spans, plan has 2: no bar run"
CBO-GFRS-CB8-BL024|OPENING_EXTRA_TOP,CBO-GFRS-CB8-BL024,CONTINUOUS_BEAM,CB8,CBO-GFRS-CB8-BL024,OPENING_EXTRA_TOP,SPECIAL_DETAIL_BAR,MASS,NOT_APPLICABLE,,,,,,,,,,,,,,,,,,,,no source-identified physical opening in this beam (26 opening objects checked project-wide; the generic opening detail is not applied globally)
CBO-GFRS-CB8-BL024|OPENING_EXTRA_BOTTOM,CBO-GFRS-CB8-BL024,CONTINUOUS_BEAM,CB8,CBO-GFRS-CB8-BL024,OPENING_EXTRA_BOTTOM,SPECIAL_DETAIL_BAR,MASS,NOT_APPLICABLE,,,,,,,,,,,,,,,,,,,,no source-identified physical opening in this beam (26 opening objects checked project-wide; the generic opening detail is not applied globally)
CBO-GFRS-CB8-BL024|OPENING_EXTRA_SIDE,CBO-GFRS-CB8-BL024,CONTINUOUS_BEAM,CB8,CBO-GFRS-CB8-BL024,OPENING_EXTRA_SIDE,SPECIAL_DETAIL_BAR,MASS,NOT_APPLICABLE,,,,,,,,,,,,,,,,,,,,no source-identified physical opening in this beam (26 opening objects checked project-wide; the generic opening detail is not applied globally)
CBO-GFRS-CB8-BL024|OPENING_EXTRA_STIRRUP,CBO-GFRS-CB8-BL024,CONTINUOUS_BEAM,CB8,CBO-GFRS-CB8-BL024,OPENING_EXTRA_STIRRUP,BEAM_STIRRUP,MASS,NOT_APPLICABLE,,,,,,,,,,,,,,,,,,,,no source-identified physical opening in this beam (26 opening objects checked project-wide; the generic opening detail is not applied globally)
CBO-GFRS-CB8-BL024|OTHER_EXPLICIT_EXTRA,CBO-GFRS-CB8-BL024,CONTINUOUS_BEAM,CB8,CBO-GFRS-CB8-BL024,OTHER_EXPLICIT_EXTRA,SPECIAL_DETAIL_BAR,MASS,NOT_APPLICABLE,,,,,,,,,,,,,,,,,,,,"no other explicit extra scheduled (load-line numbers are loads, never steel)"
