S7_ITEM_ID,PRE_S7_1_CANDIDATE_ID,COMPONENT_ID,OWNER,OWNER_KIND,PANEL_ID,SUPPORT_ID,BAR_RUN_ID,FLOOR,BAR_ROLE,LAYER,DIRECTION,DIAMETER_MM,RATE_PER_M,EXPLICIT_COUNT,DENSITY_FRACTION,TRANSVERSE_WIDTH_M,EQUIVALENT_BAR_COUNT,PHYSICAL_BBS_COUNT,LOCAL_CLEAR_SPAN_MEAN_M,CURTAILMENT_DEDUCTION_M,RUN_LENGTH_M,EXTENSION_LENGTH_M,CALCULATED_EXTENT_M,EQUIVALENT_TOTAL_LENGTH_M,UNIT_MASS_KG_M,KG,S7_LANE,QUANTITY_AUTHORITY,LENGTH_AUTHORITY,COUNT_AUTHORITY,DENSITY_AUTHORITY,SOURCE_RATIO,SOURCE_RATIO_RULE,SOURCE_RATIO_AUTHORITY,SPAN_BASIS,SPAN_BASIS_AUTHORITY,MEASUREMENT_ORIGIN,MEASUREMENT_ORIGIN_AUTHORITY,LAYER_AUTHORITY,SOURCE_RULE_IDS,URBAN_RULE_IDS,AD2_DECISIONS,BLOCKED_COMPLEMENTS,STRIPS,SUNKEN_PANEL,IRREGULAR_PANEL,FORMULA,PROVENANCE
S7-0001,QI-00001,CMP-0152,SP-1F_ROOF_SLAB-02,PANEL,SP-1F_ROOF_SLAB-02,,RUN-B-001,1F_ROOF_SLAB,BOTTOM_CONTINUING_50,BOTTOM,X,10,5,,0.5,3,7.5,UNRESOLVED,1.8,,1.8,0,,13.5,0.617283951,8.333333333,PROJECT_BASIS_QTO,"PROJECT_BASIS_QTO: rate density over the frozen PRE-S7.1 local bar strips; a lower bound of the physical steel (every blocked portion is excluded, not zero); not a bar-by-bar BBS",PROJECT_GEOMETRY (rectangular: local run = clear span); face to face of the supports (the portion beyond each face is a blocked complement),PROJECT_SOURCE: plan callout 5%%c10/m on SP-1F_ROOF_SLAB-02 -> 5 bars/m of Ø10; equivalent count by URBAN_RATE_DENSITY (AD2-D02); PHYSICAL_BBS_COUNT UNRESOLVED,PROJECT_SOURCE: P15-BOT-STOP-0.125L 'STOP 50% OF BOT. REINF. BALANCE CONTINUOUS' -> 0.5 (AD2-D04 exact 0.5 / 0.5 density; which physical bars stop stays a BBS question),,,,LOCAL_CLEAR_SPAN (face to face along each bar line),PROJECT_GEOMETRY,SUPPORT_FACE,PROJECT_GEOMETRY,"ENGINEERING_DERIVED (unqualified plan callout; '/Top' and '(T&B)' are marked, plan note 2 gives the top steel over beams; p.15: bottom bars 'see schedule or plan')","[""token 73C (5%%c10/m)"", ""P15-BOT-STOP-0.125L""]","[""URBAN_RATE_DENSITY (AD2-D02: equivalent count = rate x density x width, unrounded)""]","[""AD2-D02"", ""AD2-D04"", ""P15-BOT-STOP-0.125L""]","[""QI-00003"", ""QI-00004"", ""QI-00005"", ""QI-00006""]",4,True,False,5 /m x 0.5 x 3 m x 1.8 m = 13.5 m; x 10^2/162 = 0.617283951 kg/m -> 8.333333333 kg,PRE-S7.1 11_S7_RELEASE_CANDIDATES.csv QI-00001 (manifest 3a67a8641ce4); 4 local bar strips in 04_S7_BAR_RUNS.csv
S7-0002,QI-00002,CMP-0152,SP-1F_ROOF_SLAB-02,PANEL,SP-1F_ROOF_SLAB-02,,RUN-B-001,1F_ROOF_SLAB,BOTTOM_CURTAILED_50,BOTTOM,X,10,5,,0.5,3,7.5,UNRESOLVED,1.8,0.45,1.35,0,0.45,10.125,0.617283951,6.25,PROJECT_BASIS_QTO,"PROJECT_BASIS_QTO: rate density over the frozen PRE-S7.1 local bar strips; a lower bound of the physical steel (every blocked portion is excluded, not zero); not a bar-by-bar BBS","PROJECT_GEOMETRY (rectangular: local run = clear span); less PROJECT_SOURCE P15-BOT-STOP-0.125L 0.125 x L (L = clear span, from the face of support) at each continuous end and, under AD2-D15, each continuity-unresolved end",PROJECT_SOURCE: plan callout 5%%c10/m on SP-1F_ROOF_SLAB-02 -> 5 bars/m of Ø10; equivalent count by URBAN_RATE_DENSITY (AD2-D02); PHYSICAL_BBS_COUNT UNRESOLVED,PROJECT_SOURCE: P15-BOT-STOP-0.125L 'STOP 50% OF BOT. REINF. BALANCE CONTINUOUS' -> 0.5 (AD2-D04 exact 0.5 / 0.5 density; which physical bars stop stays a BBS question),0.125,P15-BOT-STOP-0.125L,PROJECT_SOURCE,CLEAR_SPAN,PROJECT_SOURCE,FACE_OF_SUPPORT,PROJECT_SOURCE,"ENGINEERING_DERIVED (unqualified plan callout; '/Top' and '(T&B)' are marked, plan note 2 gives the top steel over beams; p.15: bottom bars 'see schedule or plan')","[""token 73C (5%%c10/m)"", ""P15-BOT-STOP-0.125L""]","[""URBAN_RATE_DENSITY (AD2-D02: equivalent count = rate x density x width, unrounded)"", ""AD2-D15 (a continuity-unresolved end stops the curtailed half as a continuous end would; its 0.125 L zone is a blocked complement)""]","[""AD2-D02"", ""AD2-D04"", ""P15-BOT-STOP-0.125L""]","[""QI-00003"", ""QI-00004"", ""QI-00005"", ""QI-00006""]",4,True,False,5 /m x 0.5 x 3 m x 1.35 m = 10.125 m; x 10^2/162 = 0.617283951 kg/m -> 6.25 kg,PRE-S7.1 11_S7_RELEASE_CANDIDATES.csv QI-00002 (manifest 3a67a8641ce4); 4 local bar strips in 04_S7_BAR_RUNS.csv
S7-0003,QI-00007,CMP-0153,SP-1F_ROOF_SLAB-02,PANEL,SP-1F_ROOF_SLAB-02,,RUN-B-002,1F_ROOF_SLAB,BOTTOM_IN_PANEL,BOTTOM,Y,10,5,,1,1.8,9,UNRESOLVED,3,,3,0,,27,0.617283951,16.666666667,PROJECT_BASIS_QTO,"PROJECT_BASIS_QTO: rate density over the frozen PRE-S7.1 local bar strips; a lower bound of the physical steel (every blocked portion is excluded, not zero); not a bar-by-bar BBS",PROJECT_GEOMETRY (rectangular: local run = clear span); face to face of the supports (the portion beyond each face is a blocked complement),PROJECT_SOURCE: plan callout 5%%c10/m on SP-1F_ROOF_SLAB-02 -> 5 bars/m of Ø10; equivalent count by URBAN_RATE_DENSITY (AD2-D02); PHYSICAL_BBS_COUNT UNRESOLVED,PROJECT_SOURCE: full callout density 1 (no 50 % rule split on this item),,,,LOCAL_CLEAR_SPAN (face to face along each bar line),PROJECT_GEOMETRY,SUPPORT_FACE,PROJECT_GEOMETRY,"ENGINEERING_DERIVED (unqualified plan callout; '/Top' and '(T&B)' are marked, plan note 2 gives the top steel over beams; p.15: bottom bars 'see schedule or plan')","[""token 73A (5%%c10/m)""]","[""URBAN_RATE_DENSITY (AD2-D02: equivalent count = rate x density x width, unrounded)""]","[""AD2-D02""]","[""QI-00008"", ""QI-00009""]",1,True,False,5 /m x 1 x 1.8 m x 3 m = 27 m; x 10^2/162 = 0.617283951 kg/m -> 16.666666667 kg,PRE-S7.1 11_S7_RELEASE_CANDIDATES.csv QI-00007 (manifest 3a67a8641ce4); 1 local bar strips in 04_S7_BAR_RUNS.csv
S7-0004,QI-00010,CMP-0157,SP-1F_ROOF_SLAB-03,PANEL,SP-1F_ROOF_SLAB-03,,RUN-B-003,1F_ROOF_SLAB,BOTTOM_CONTINUING_50,BOTTOM,X,10,6,,0.5,4.415341,13.246023,UNRESOLVED,2.152366626,,2.152366626,0,,28.51029783,0.617283951,17.598949278,PROJECT_BASIS_QTO,"PROJECT_BASIS_QTO: rate density over the frozen PRE-S7.1 local bar strips; a lower bound of the physical steel (every blocked portion is excluded, not zero); not a bar-by-bar BBS",PROJECT_GEOMETRY (rectangular: local run = clear span); face to face of the supports (the portion beyond each face is a blocked complement),PROJECT_SOURCE: plan callout 6%%c10/m on SP-1F_ROOF_SLAB-03 -> 6 bars/m of Ø10; equivalent count by URBAN_RATE_DENSITY (AD2-D02); PHYSICAL_BBS_COUNT UNRESOLVED,PROJECT_SOURCE: P15-BOT-STOP-0.125L 'STOP 50% OF BOT. REINF. BALANCE CONTINUOUS' -> 0.5 (AD2-D04 exact 0.5 / 0.5 density; which physical bars stop stays a BBS question),,,,LOCAL_CLEAR_SPAN (face to face along each bar line),PROJECT_GEOMETRY,SUPPORT_FACE,PROJECT_GEOMETRY,"ENGINEERING_DERIVED (unqualified plan callout; '/Top' and '(T&B)' are marked, plan note 2 gives the top steel over beams; p.15: bottom bars 'see schedule or plan')","[""token 6F1 (6%%c10/m)"", ""P15-BOT-STOP-0.125L""]","[""URBAN_RATE_DENSITY (AD2-D02: equivalent count = rate x density x width, unrounded)""]","[""AD2-D02"", ""AD2-D04"", ""P15-BOT-STOP-0.125L""]","[""QI-00012"", ""QI-00013"", ""QI-00014"", ""QI-00018"", ""QI-00019""]",8,False,False,6 /m x 0.5 x 4.415341 m x 2.152366626 m = 28.51029783 m; x 10^2/162 = 0.617283951 kg/m -> 17.598949278 kg,PRE-S7.1 11_S7_RELEASE_CANDIDATES.csv QI-00010 (manifest 3a67a8641ce4); 8 local bar strips in 04_S7_BAR_RUNS.csv
S7-0005,QI-00011,CMP-0156,SP-1F_ROOF_SLAB-03,PANEL,SP-1F_ROOF_SLAB-03,,RUN-B-003,1F_ROOF_SLAB,BOTTOM_CURTAILED_50,BOTTOM,X,10,6,,0.5,4.415341,13.246023,UNRESOLVED,2.152366626,0.538091656,1.614274969,0,0.538091656,21.382723373,0.617283951,13.199211958,PROJECT_BASIS_QTO,"PROJECT_BASIS_QTO: rate density over the frozen PRE-S7.1 local bar strips; a lower bound of the physical steel (every blocked portion is excluded, not zero); not a bar-by-bar BBS","PROJECT_GEOMETRY (rectangular: local run = clear span); less PROJECT_SOURCE P15-BOT-STOP-0.125L 0.125 x L (L = clear span, from the face of support) at each continuous end and, under AD2-D15, each continuity-unresolved end",PROJECT_SOURCE: plan callout 6%%c10/m on SP-1F_ROOF_SLAB-03 -> 6 bars/m of Ø10; equivalent count by URBAN_RATE_DENSITY (AD2-D02); PHYSICAL_BBS_COUNT UNRESOLVED,PROJECT_SOURCE: P15-BOT-STOP-0.125L 'STOP 50% OF BOT. REINF. BALANCE CONTINUOUS' -> 0.5 (AD2-D04 exact 0.5 / 0.5 density; which physical bars stop stays a BBS question),0.125,P15-BOT-STOP-0.125L,PROJECT_SOURCE,CLEAR_SPAN,PROJECT_SOURCE,FACE_OF_SUPPORT,PROJECT_SOURCE,"ENGINEERING_DERIVED (unqualified plan callout; '/Top' and '(T&B)' are marked, plan note 2 gives the top steel over beams; p.15: bottom bars 'see schedule or plan')","[""token 6F1 (6%%c10/m)"", ""P15-BOT-STOP-0.125L""]","[""URBAN_RATE_DENSITY (AD2-D02: equivalent count = rate x density x width, unrounded)"", ""AD2-D15 (a continuity-unresolved end stops the curtailed half as a continuous end would; its 0.125 L zone is a blocked complement)""]","[""AD2-D02"", ""AD2-D04"", ""P15-BOT-STOP-0.125L""]","[""QI-00015"", ""QI-00016"", ""QI-00017""]",8,False,False,6 /m x 0.5 x 4.415341 m x 1.614274969 m = 21.382723373 m; x 10^2/162 = 0.617283951 kg/m -> 13.199211958 kg,PRE-S7.1 11_S7_RELEASE_CANDIDATES.csv QI-00011 (manifest 3a67a8641ce4); 8 local bar strips in 04_S7_BAR_RUNS.csv
S7-0006,QI-00020,CMP-0159,SP-1F_ROOF_SLAB-03,PANEL,SP-1F_ROOF_SLAB-03,,RUN-B-004,1F_ROOF_SLAB,BOTTOM_CONTINUING_50,BOTTOM,Y,10,5,,0.5,2.22,5.55,UNRESOLVED,4.2808255,,4.2808255,0,,23.758581525,0.617283951,14.665791065,PROJECT_BASIS_QTO,"PROJECT_BASIS_QTO: rate density over the frozen PRE-S7.1 local bar strips; a lower bound of the physical steel (every blocked portion is excluded, not zero); not a bar-by-bar BBS",PROJECT_GEOMETRY (rectangular: local run = clear span); face to face of the supports (the portion beyond each face is a blocked complement),PROJECT_SOURCE: plan callout 5%%c10/m on SP-1F_ROOF_SLAB-03 -> 5 bars/m of Ø10; equivalent count by URBAN_RATE_DENSITY (AD2-D02); PHYSICAL_BBS_COUNT UNRESOLVED,PROJECT_SOURCE: P15-BOT-STOP-0.125L 'STOP 50% OF BOT. REINF. BALANCE CONTINUOUS' -> 0.5 (AD2-D04 exact 0.5 / 0.5 density; which physical bars stop stays a BBS question),,,,LOCAL_CLEAR_SPAN (face to face along each bar line),PROJECT_GEOMETRY,SUPPORT_FACE,PROJECT_GEOMETRY,"ENGINEERING_DERIVED (unqualified plan callout; '/Top' and '(T&B)' are marked, plan note 2 gives the top steel over beams; p.15: bottom bars 'see schedule or plan')","[""token 6F2 (5%%c10/m)"", ""P15-BOT-STOP-0.125L""]","[""URBAN_RATE_DENSITY (AD2-D02: equivalent count = rate x density x width, unrounded)""]","[""AD2-D02"", ""AD2-D04"", ""P15-BOT-STOP-0.125L""]","[""QI-00022"", ""QI-00571"", ""QI-00591""]",5,False,False,5 /m x 0.5 x 2.22 m x 4.2808255 m = 23.758581525 m; x 10^2/162 = 0.617283951 kg/m -> 14.665791065 kg,PRE-S7.1 11_S7_RELEASE_CANDIDATES.csv QI-00020 (manifest 3a67a8641ce4); 5 local bar strips in 04_S7_BAR_RUNS.csv
S7-0007,QI-00021,CMP-0158,SP-1F_ROOF_SLAB-03,PANEL,SP-1F_ROOF_SLAB-03,,RUN-B-004,1F_ROOF_SLAB,BOTTOM_CURTAILED_50,BOTTOM,Y,10,5,,0.5,2.22,5.55,UNRESOLVED,4.2808255,0.535103188,3.745722312,0,0.535103188,20.788758834,0.617283951,12.832567182,PROJECT_BASIS_QTO,"PROJECT_BASIS_QTO: rate density over the frozen PRE-S7.1 local bar strips; a lower bound of the physical steel (every blocked portion is excluded, not zero); not a bar-by-bar BBS","PROJECT_GEOMETRY (rectangular: local run = clear span); less PROJECT_SOURCE P15-BOT-STOP-0.125L 0.125 x L (L = clear span, from the face of support) at each continuous end",PROJECT_SOURCE: plan callout 5%%c10/m on SP-1F_ROOF_SLAB-03 -> 5 bars/m of Ø10; equivalent count by URBAN_RATE_DENSITY (AD2-D02); PHYSICAL_BBS_COUNT UNRESOLVED,PROJECT_SOURCE: P15-BOT-STOP-0.125L 'STOP 50% OF BOT. REINF. BALANCE CONTINUOUS' -> 0.5 (AD2-D04 exact 0.5 / 0.5 density; which physical bars stop stays a BBS question),0.125,P15-BOT-STOP-0.125L,PROJECT_SOURCE,CLEAR_SPAN,PROJECT_SOURCE,FACE_OF_SUPPORT,PROJECT_SOURCE,"ENGINEERING_DERIVED (unqualified plan callout; '/Top' and '(T&B)' are marked, plan note 2 gives the top steel over beams; p.15: bottom bars 'see schedule or plan')","[""token 6F2 (5%%c10/m)"", ""P15-BOT-STOP-0.125L""]","[""URBAN_RATE_DENSITY (AD2-D02: equivalent count = rate x density x width, unrounded)""]","[""AD2-D02"", ""AD2-D04"", ""P15-BOT-STOP-0.125L""]","[""QI-00023""]",5,False,False,5 /m x 0.5 x 2.22 m x 3.745722312 m = 20.788758834 m; x 10^2/162 = 0.617283951 kg/m -> 12.832567182 kg,PRE-S7.1 11_S7_RELEASE_CANDIDATES.csv QI-00021 (manifest 3a67a8641ce4); 5 local bar strips in 04_S7_BAR_RUNS.csv
S7-0008,QI-00024,CMP-0163,SP-1F_ROOF_SLAB-04,PANEL,SP-1F_ROOF_SLAB-04,,RUN-B-005,1F_ROOF_SLAB,BOTTOM_CONTINUING_50,BOTTOM,X,10,7,,0.5,4.847073,16.9647555,UNRESOLVED,2.847916717,,2.847916717,0,,48.314210788,0.617283951,29.823586906,PROJECT_BASIS_QTO,"PROJECT_BASIS_QTO: rate density over the frozen PRE-S7.1 local bar strips; a lower bound of the physical steel (every blocked portion is excluded, not zero); not a bar-by-bar BBS",PROJECT_GEOMETRY (rectangular: local run = clear span); face to face of the supports (the portion beyond each face is a blocked complement),PROJECT_SOURCE: plan callout 7%%C10/m on SP-1F_ROOF_SLAB-04 -> 7 bars/m of Ø10; equivalent count by URBAN_RATE_DENSITY (AD2-D02); PHYSICAL_BBS_COUNT UNRESOLVED,PROJECT_SOURCE: P15-BOT-STOP-0.125L 'STOP 50% OF BOT. REINF. BALANCE CONTINUOUS' -> 0.5 (AD2-D04 exact 0.5 / 0.5 density; which physical bars stop stays a BBS question),,,,LOCAL_CLEAR_SPAN (face to face along each bar line),PROJECT_GEOMETRY,SUPPORT_FACE,PROJECT_GEOMETRY,"ENGINEERING_DERIVED (unqualified plan callout; '/Top' and '(T&B)' are marked, plan note 2 gives the top steel over beams; p.15: bottom bars 'see schedule or plan')","[""token 6F6 (7%%C10/m)"", ""P15-BOT-STOP-0.125L""]","[""URBAN_RATE_DENSITY (AD2-D02: equivalent count = rate x density x width, unrounded)""]","[""AD2-D02"", ""AD2-D04"", ""P15-BOT-STOP-0.125L""]","[""QI-00026"", ""QI-00027"", ""QI-00028"", ""QI-00029"", ""QI-00034""]",16,False,False,7 /m x 0.5 x 4.847073 m x 2.847916717 m = 48.314210788 m; x 10^2/162 = 0.617283951 kg/m -> 29.823586906 kg,PRE-S7.1 11_S7_RELEASE_CANDIDATES.csv QI-00024 (manifest 3a67a8641ce4); 16 local bar strips in 04_S7_BAR_RUNS.csv
S7-0009,QI-00025,CMP-0162,SP-1F_ROOF_SLAB-04,PANEL,SP-1F_ROOF_SLAB-04,,RUN-B-005,1F_ROOF_SLAB,BOTTOM_CURTAILED_50,BOTTOM,X,10,7,,0.5,4.847073,16.9647555,UNRESOLVED,2.847916717,0.587314763,2.260601954,0,0.587314763,38.350559439,0.617283951,23.673184839,PROJECT_BASIS_QTO,"PROJECT_BASIS_QTO: rate density over the frozen PRE-S7.1 local bar strips; a lower bound of the physical steel (every blocked portion is excluded, not zero); not a bar-by-bar BBS","PROJECT_GEOMETRY (rectangular: local run = clear span); less PROJECT_SOURCE P15-BOT-STOP-0.125L 0.125 x L (L = clear span, from the face of support) at each continuous end and, under AD2-D15, each continuity-unresolved end",PROJECT_SOURCE: plan callout 7%%C10/m on SP-1F_ROOF_SLAB-04 -> 7 bars/m of Ø10; equivalent count by URBAN_RATE_DENSITY (AD2-D02); PHYSICAL_BBS_COUNT UNRESOLVED,PROJECT_SOURCE: P15-BOT-STOP-0.125L 'STOP 50% OF BOT. REINF. BALANCE CONTINUOUS' -> 0.5 (AD2-D04 exact 0.5 / 0.5 density; which physical bars stop stays a BBS question),0.125,P15-BOT-STOP-0.125L,PROJECT_SOURCE,CLEAR_SPAN,PROJECT_SOURCE,FACE_OF_SUPPORT,PROJECT_SOURCE,"ENGINEERING_DERIVED (unqualified plan callout; '/Top' and '(T&B)' are marked, plan note 2 gives the top steel over beams; p.15: bottom bars 'see schedule or plan')","[""token 6F6 (7%%C10/m)"", ""P15-BOT-STOP-0.125L""]","[""URBAN_RATE_DENSITY (AD2-D02: equivalent count = rate x density x width, unrounded)"", ""AD2-D15 (a continuity-unresolved end stops the curtailed half as a continuous end would; its 0.125 L zone is a blocked complement)""]","[""AD2-D02"", ""AD2-D04"", ""P15-BOT-STOP-0.125L""]","[""QI-00030"", ""QI-00031"", ""QI-00032"", ""QI-00033""]",16,False,False,7 /m x 0.5 x 4.847073 m x 2.260601954 m = 38.350559439 m; x 10^2/162 = 0.617283951 kg/m -> 23.673184839 kg,PRE-S7.1 11_S7_RELEASE_CANDIDATES.csv QI-00025 (manifest 3a67a8641ce4); 16 local bar strips in 04_S7_BAR_RUNS.csv
S7-0010,QI-00035,CMP-0165,SP-1F_ROOF_SLAB-04,PANEL,SP-1F_ROOF_SLAB-04,,RUN-B-006,1F_ROOF_SLAB,BOTTOM_CONTINUING_50,BOTTOM,Y,10,6,,0.5,3,9,UNRESOLVED,4.601353408,,4.601353408,0,,41.412180675,0.617283951,25.563074491,PROJECT_BASIS_QTO,"PROJECT_BASIS_QTO: rate density over the frozen PRE-S7.1 local bar strips; a lower bound of the physical steel (every blocked portion is excluded, not zero); not a bar-by-bar BBS",PROJECT_GEOMETRY (rectangular: local run = clear span); face to face of the supports (the portion beyond each face is a blocked complement),PROJECT_SOURCE: plan callout 6%%C10/m on SP-1F_ROOF_SLAB-04 -> 6 bars/m of Ø10; equivalent count by URBAN_RATE_DENSITY (AD2-D02); PHYSICAL_BBS_COUNT UNRESOLVED,PROJECT_SOURCE: P15-BOT-STOP-0.125L 'STOP 50% OF BOT. REINF. BALANCE CONTINUOUS' -> 0.5 (AD2-D04 exact 0.5 / 0.5 density; which physical bars stop stays a BBS question),,,,LOCAL_CLEAR_SPAN (face to face along each bar line),PROJECT_GEOMETRY,SUPPORT_FACE,PROJECT_GEOMETRY,"ENGINEERING_DERIVED (unqualified plan callout; '/Top' and '(T&B)' are marked, plan note 2 gives the top steel over beams; p.15: bottom bars 'see schedule or plan')","[""token 6F7 (6%%C10/m)"", ""P15-BOT-STOP-0.125L""]","[""URBAN_RATE_DENSITY (AD2-D02: equivalent count = rate x density x width, unrounded)""]","[""AD2-D02"", ""AD2-D04"", ""P15-BOT-STOP-0.125L""]","[""QI-00037"", ""QI-00038"", ""QI-00041""]",4,False,False,6 /m x 0.5 x 3 m x 4.601353408 m = 41.412180675 m; x 10^2/162 = 0.617283951 kg/m -> 25.563074491 kg,PRE-S7.1 11_S7_RELEASE_CANDIDATES.csv QI-00035 (manifest 3a67a8641ce4); 4 local bar strips in 04_S7_BAR_RUNS.csv
S7-0011,QI-00036,CMP-0164,SP-1F_ROOF_SLAB-04,PANEL,SP-1F_ROOF_SLAB-04,,RUN-B-006,1F_ROOF_SLAB,BOTTOM_CURTAILED_50,BOTTOM,Y,10,6,,0.5,3,9,UNRESOLVED,4.601353408,0.575169176,4.026184232,0,0.575169176,36.235658091,0.617283951,22.367690179,PROJECT_BASIS_QTO,"PROJECT_BASIS_QTO: rate density over the frozen PRE-S7.1 local bar strips; a lower bound of the physical steel (every blocked portion is excluded, not zero); not a bar-by-bar BBS","PROJECT_GEOMETRY (rectangular: local run = clear span); less PROJECT_SOURCE P15-BOT-STOP-0.125L 0.125 x L (L = clear span, from the face of support) at each continuous end and, under AD2-D15, each continuity-unresolved end",PROJECT_SOURCE: plan callout 6%%C10/m on SP-1F_ROOF_SLAB-04 -> 6 bars/m of Ø10; equivalent count by URBAN_RATE_DENSITY (AD2-D02); PHYSICAL_BBS_COUNT UNRESOLVED,PROJECT_SOURCE: P15-BOT-STOP-0.125L 'STOP 50% OF BOT. REINF. BALANCE CONTINUOUS' -> 0.5 (AD2-D04 exact 0.5 / 0.5 density; which physical bars stop stays a BBS question),0.125,P15-BOT-STOP-0.125L,PROJECT_SOURCE,CLEAR_SPAN,PROJECT_SOURCE,FACE_OF_SUPPORT,PROJECT_SOURCE,"ENGINEERING_DERIVED (unqualified plan callout; '/Top' and '(T&B)' are marked, plan note 2 gives the top steel over beams; p.15: bottom bars 'see schedule or plan')","[""token 6F7 (6%%C10/m)"", ""P15-BOT-STOP-0.125L""]","[""URBAN_RATE_DENSITY (AD2-D02: equivalent count = rate x density x width, unrounded)"", ""AD2-D15 (a continuity-unresolved end stops the curtailed half as a continuous end would; its 0.125 L zone is a blocked complement)""]","[""AD2-D02"", ""AD2-D04"", ""P15-BOT-STOP-0.125L""]","[""QI-00039"", ""QI-00040""]",4,False,False,6 /m x 0.5 x 3 m x 4.026184232 m = 36.235658091 m; x 10^2/162 = 0.617283951 kg/m -> 22.367690179 kg,PRE-S7.1 11_S7_RELEASE_CANDIDATES.csv QI-00036 (manifest 3a67a8641ce4); 4 local bar strips in 04_S7_BAR_RUNS.csv
S7-0012,QI-00042,CMP-0169,SP-1F_ROOF_SLAB-05,PANEL,SP-1F_ROOF_SLAB-05,,RUN-B-007,1F_ROOF_SLAB,BOTTOM_CONTINUING_50,BOTTOM,X,10,7,,0.5,4.325,15.1375,UNRESOLVED,4.093641618,,4.093641618,0,,61.9675,0.617283951,38.25154321,PROJECT_BASIS_QTO,"PROJECT_BASIS_QTO: rate density over the frozen PRE-S7.1 local bar strips; a lower bound of the physical steel (every blocked portion is excluded, not zero); not a bar-by-bar BBS",PROJECT_GEOMETRY (rectangular: local run = clear span); face to face of the supports (the portion beyond each face is a blocked complement),PROJECT_SOURCE: plan callout 7%%C10/m on SP-1F_ROOF_SLAB-05 -> 7 bars/m of Ø10; equivalent count by URBAN_RATE_DENSITY (AD2-D02); PHYSICAL_BBS_COUNT UNRESOLVED,PROJECT_SOURCE: P15-BOT-STOP-0.125L 'STOP 50% OF BOT. REINF. BALANCE CONTINUOUS' -> 0.5 (AD2-D04 exact 0.5 / 0.5 density; which physical bars stop stays a BBS question),,,,LOCAL_CLEAR_SPAN (face to face along each bar line),PROJECT_GEOMETRY,SUPPORT_FACE,PROJECT_GEOMETRY,"ENGINEERING_DERIVED (unqualified plan callout; '/Top' and '(T&B)' are marked, plan note 2 gives the top steel over beams; p.15: bottom bars 'see schedule or plan')","[""token 6FB (7%%C10/m)"", ""P15-BOT-STOP-0.125L""]","[""URBAN_RATE_DENSITY (AD2-D02: equivalent count = rate x density x width, unrounded)""]","[""AD2-D02"", ""AD2-D04"", ""P15-BOT-STOP-0.125L""]","[""QI-00044"", ""QI-00045"", ""QI-00046"", ""QI-00050""]",4,False,False,7 /m x 0.5 x 4.325 m x 4.093641618 m = 61.9675 m; x 10^2/162 = 0.617283951 kg/m -> 38.25154321 kg,PRE-S7.1 11_S7_RELEASE_CANDIDATES.csv QI-00042 (manifest 3a67a8641ce4); 4 local bar strips in 04_S7_BAR_RUNS.csv
S7-0013,QI-00043,CMP-0168,SP-1F_ROOF_SLAB-05,PANEL,SP-1F_ROOF_SLAB-05,,RUN-B-007,1F_ROOF_SLAB,BOTTOM_CURTAILED_50,BOTTOM,X,10,7,,0.5,4.325,15.1375,UNRESOLVED,4.093641618,0.51683526,3.576806358,0,0.51683526,54.14390625,0.617283951,33.422164352,PROJECT_BASIS_QTO,"PROJECT_BASIS_QTO: rate density over the frozen PRE-S7.1 local bar strips; a lower bound of the physical steel (every blocked portion is excluded, not zero); not a bar-by-bar BBS","PROJECT_GEOMETRY (rectangular: local run = clear span); less PROJECT_SOURCE P15-BOT-STOP-0.125L 0.125 x L (L = clear span, from the face of support) at each continuous end and, under AD2-D15, each continuity-unresolved end",PROJECT_SOURCE: plan callout 7%%C10/m on SP-1F_ROOF_SLAB-05 -> 7 bars/m of Ø10; equivalent count by URBAN_RATE_DENSITY (AD2-D02); PHYSICAL_BBS_COUNT UNRESOLVED,PROJECT_SOURCE: P15-BOT-STOP-0.125L 'STOP 50% OF BOT. REINF. BALANCE CONTINUOUS' -> 0.5 (AD2-D04 exact 0.5 / 0.5 density; which physical bars stop stays a BBS question),0.125,P15-BOT-STOP-0.125L,PROJECT_SOURCE,CLEAR_SPAN,PROJECT_SOURCE,FACE_OF_SUPPORT,PROJECT_SOURCE,"ENGINEERING_DERIVED (unqualified plan callout; '/Top' and '(T&B)' are marked, plan note 2 gives the top steel over beams; p.15: bottom bars 'see schedule or plan')","[""token 6FB (7%%C10/m)"", ""P15-BOT-STOP-0.125L""]","[""URBAN_RATE_DENSITY (AD2-D02: equivalent count = rate x density x width, unrounded)"", ""AD2-D15 (a continuity-unresolved end stops the curtailed half as a continuous end would; its 0.125 L zone is a blocked complement)""]","[""AD2-D02"", ""AD2-D04"", ""P15-BOT-STOP-0.125L""]","[""QI-00047"", ""QI-00048"", ""QI-00049""]",4,False,False,7 /m x 0.5 x 4.325 m x 3.576806358 m = 54.14390625 m; x 10^2/162 = 0.617283951 kg/m -> 33.422164352 kg,PRE-S7.1 11_S7_RELEASE_CANDIDATES.csv QI-00043 (manifest 3a67a8641ce4); 4 local bar strips in 04_S7_BAR_RUNS.csv
S7-0014,QI-00051,CMP-0171,SP-1F_ROOF_SLAB-05,PANEL,SP-1F_ROOF_SLAB-05,,RUN-B-008,1F_ROOF_SLAB,BOTTOM_CONTINUING_50,BOTTOM,Y,10,6,,0.5,4.1,12.3,UNRESOLVED,4.318292683,,4.318292683,0,,53.115,0.617283951,32.787037037,PROJECT_BASIS_QTO,"PROJECT_BASIS_QTO: rate density over the frozen PRE-S7.1 local bar strips; a lower bound of the physical steel (every blocked portion is excluded, not zero); not a bar-by-bar BBS",PROJECT_GEOMETRY (rectangular: local run = clear span); face to face of the supports (the portion beyond each face is a blocked complement),PROJECT_SOURCE: plan callout 6%%C10/m on SP-1F_ROOF_SLAB-05 -> 6 bars/m of Ø10; equivalent count by URBAN_RATE_DENSITY (AD2-D02); PHYSICAL_BBS_COUNT UNRESOLVED,PROJECT_SOURCE: P15-BOT-STOP-0.125L 'STOP 50% OF BOT. REINF. BALANCE CONTINUOUS' -> 0.5 (AD2-D04 exact 0.5 / 0.5 density; which physical bars stop stays a BBS question),,,,LOCAL_CLEAR_SPAN (face to face along each bar line),PROJECT_GEOMETRY,SUPPORT_FACE,PROJECT_GEOMETRY,"ENGINEERING_DERIVED (unqualified plan callout; '/Top' and '(T&B)' are marked, plan note 2 gives the top steel over beams; p.15: bottom bars 'see schedule or plan')","[""token 6FC (6%%C10/m)"", ""P15-BOT-STOP-0.125L""]","[""URBAN_RATE_DENSITY (AD2-D02: equivalent count = rate x density x width, unrounded)""]","[""AD2-D02"", ""AD2-D04"", ""P15-BOT-STOP-0.125L""]","[""QI-00053"", ""QI-00055""]",31,False,False,6 /m x 0.5 x 4.1 m x 4.318292683 m = 53.115 m; x 10^2/162 = 0.617283951 kg/m -> 32.787037037 kg,PRE-S7.1 11_S7_RELEASE_CANDIDATES.csv QI-00051 (manifest 3a67a8641ce4); 31 local bar strips in 04_S7_BAR_RUNS.csv
S7-0015,QI-00052,CMP-0170,SP-1F_ROOF_SLAB-05,PANEL,SP-1F_ROOF_SLAB-05,,RUN-B-008,1F_ROOF_SLAB,BOTTOM_CURTAILED_50,BOTTOM,Y,10,6,,0.5,4.1,12.3,UNRESOLVED,4.318292683,0.539786585,3.778506098,0,0.539786585,46.475625,0.617283951,28.688657407,PROJECT_BASIS_QTO,"PROJECT_BASIS_QTO: rate density over the frozen PRE-S7.1 local bar strips; a lower bound of the physical steel (every blocked portion is excluded, not zero); not a bar-by-bar BBS","PROJECT_GEOMETRY (rectangular: local run = clear span); less PROJECT_SOURCE P15-BOT-STOP-0.125L 0.125 x L (L = clear span, from the face of support) at each continuous end",PROJECT_SOURCE: plan callout 6%%C10/m on SP-1F_ROOF_SLAB-05 -> 6 bars/m of Ø10; equivalent count by URBAN_RATE_DENSITY (AD2-D02); PHYSICAL_BBS_COUNT UNRESOLVED,PROJECT_SOURCE: P15-BOT-STOP-0.125L 'STOP 50% OF BOT. REINF. BALANCE CONTINUOUS' -> 0.5 (AD2-D04 exact 0.5 / 0.5 density; which physical bars stop stays a BBS question),0.125,P15-BOT-STOP-0.125L,PROJECT_SOURCE,CLEAR_SPAN,PROJECT_SOURCE,FACE_OF_SUPPORT,PROJECT_SOURCE,"ENGINEERING_DERIVED (unqualified plan callout; '/Top' and '(T&B)' are marked, plan note 2 gives the top steel over beams; p.15: bottom bars 'see schedule or plan')","[""token 6FC (6%%C10/m)"", ""P15-BOT-STOP-0.125L""]","[""URBAN_RATE_DENSITY (AD2-D02: equivalent count = rate x density x width, unrounded)""]","[""AD2-D02"", ""AD2-D04"", ""P15-BOT-STOP-0.125L""]","[""QI-00054""]",31,False,False,6 /m x 0.5 x 4.1 m x 3.778506098 m = 46.475625 m; x 10^2/162 = 0.617283951 kg/m -> 28.688657407 kg,PRE-S7.1 11_S7_RELEASE_CANDIDATES.csv QI-00052 (manifest 3a67a8641ce4); 31 local bar strips in 04_S7_BAR_RUNS.csv
S7-0016,QI-00056,CMP-0175,SP-1F_ROOF_SLAB-07,PANEL,SP-1F_ROOF_SLAB-07,,RUN-B-009,1F_ROOF_SLAB,BOTTOM_CONTINUING_50,BOTTOM,X,10,5,,0.5,1.010478,2.526195,UNRESOLVED,4.367740704,,4.367740704,0,,11.033764729,0.617283951,6.810965882,PROJECT_BASIS_QTO,"PROJECT_BASIS_QTO: rate density over the frozen PRE-S7.1 local bar strips; a lower bound of the physical steel (every blocked portion is excluded, not zero); not a bar-by-bar BBS",PROJECT_GEOMETRY (rectangular: local run = clear span); face to face of the supports (the portion beyond each face is a blocked complement),PROJECT_SOURCE: plan callout 5%%c10/m on SP-1F_ROOF_SLAB-07 -> 5 bars/m of Ø10; equivalent count by URBAN_RATE_DENSITY (AD2-D02); PHYSICAL_BBS_COUNT UNRESOLVED,PROJECT_SOURCE: P15-BOT-STOP-0.125L 'STOP 50% OF BOT. REINF. BALANCE CONTINUOUS' -> 0.5 (AD2-D04 exact 0.5 / 0.5 density; which physical bars stop stays a BBS question),,,,LOCAL_CLEAR_SPAN (face to face along each bar line),PROJECT_GEOMETRY,SUPPORT_FACE,PROJECT_GEOMETRY,"ENGINEERING_DERIVED (unqualified plan callout; '/Top' and '(T&B)' are marked, plan note 2 gives the top steel over beams; p.15: bottom bars 'see schedule or plan')","[""token 705 (5%%c10/m)"", ""P15-BOT-STOP-0.125L""]","[""URBAN_RATE_DENSITY (AD2-D02: equivalent count = rate x density x width, unrounded)""]","[""AD2-D02"", ""AD2-D04"", ""P15-BOT-STOP-0.125L""]","[""QI-00058"", ""QI-00059"", ""QI-00560"", ""QI-00592""]",4,False,False,5 /m x 0.5 x 1.010478 m x 4.367740704 m = 11.033764729 m; x 10^2/162 = 0.617283951 kg/m -> 6.810965882 kg,PRE-S7.1 11_S7_RELEASE_CANDIDATES.csv QI-00056 (manifest 3a67a8641ce4); 4 local bar strips in 04_S7_BAR_RUNS.csv
S7-0017,QI-00057,CMP-0174,SP-1F_ROOF_SLAB-07,PANEL,SP-1F_ROOF_SLAB-07,,RUN-B-009,1F_ROOF_SLAB,BOTTOM_CURTAILED_50,BOTTOM,X,10,5,,0.5,1.010478,2.526195,UNRESOLVED,4.367740704,0.545967588,3.821773116,0,0.545967588,9.654544138,0.617283951,5.959595147,PROJECT_BASIS_QTO,"PROJECT_BASIS_QTO: rate density over the frozen PRE-S7.1 local bar strips; a lower bound of the physical steel (every blocked portion is excluded, not zero); not a bar-by-bar BBS","PROJECT_GEOMETRY (rectangular: local run = clear span); less PROJECT_SOURCE P15-BOT-STOP-0.125L 0.125 x L (L = clear span, from the face of support) at each continuous end and, under AD2-D15, each continuity-unresolved end",PROJECT_SOURCE: plan callout 5%%c10/m on SP-1F_ROOF_SLAB-07 -> 5 bars/m of Ø10; equivalent count by URBAN_RATE_DENSITY (AD2-D02); PHYSICAL_BBS_COUNT UNRESOLVED,PROJECT_SOURCE: P15-BOT-STOP-0.125L 'STOP 50% OF BOT. REINF. BALANCE CONTINUOUS' -> 0.5 (AD2-D04 exact 0.5 / 0.5 density; which physical bars stop stays a BBS question),0.125,P15-BOT-STOP-0.125L,PROJECT_SOURCE,CLEAR_SPAN,PROJECT_SOURCE,FACE_OF_SUPPORT,PROJECT_SOURCE,"ENGINEERING_DERIVED (unqualified plan callout; '/Top' and '(T&B)' are marked, plan note 2 gives the top steel over beams; p.15: bottom bars 'see schedule or plan')","[""token 705 (5%%c10/m)"", ""P15-BOT-STOP-0.125L""]","[""URBAN_RATE_DENSITY (AD2-D02: equivalent count = rate x density x width, unrounded)"", ""AD2-D15 (a continuity-unresolved end stops the curtailed half as a continuous end would; its 0.125 L zone is a blocked complement)""]","[""AD2-D02"", ""AD2-D04"", ""P15-BOT-STOP-0.125L""]","[""QI-00060"", ""QI-00061""]",4,False,False,5 /m x 0.5 x 1.010478 m x 3.821773116 m = 9.654544138 m; x 10^2/162 = 0.617283951 kg/m -> 5.959595147 kg,PRE-S7.1 11_S7_RELEASE_CANDIDATES.csv QI-00057 (manifest 3a67a8641ce4); 4 local bar strips in 04_S7_BAR_RUNS.csv
S7-0018,QI-00062,CMP-0177,SP-1F_ROOF_SLAB-07,PANEL,SP-1F_ROOF_SLAB-07,,RUN-B-004,1F_ROOF_SLAB,BOTTOM_CONTINUING_50,BOTTOM,Y,10,5,,0.5,4.372183,10.9304575,UNRESOLVED,1.009451318,,1.009451318,0,,11.033764729,0.617283951,6.810965882,PROJECT_BASIS_QTO,"PROJECT_BASIS_QTO: rate density over the frozen PRE-S7.1 local bar strips; a lower bound of the physical steel (every blocked portion is excluded, not zero); not a bar-by-bar BBS",PROJECT_GEOMETRY (rectangular: local run = clear span); face to face of the supports (the portion beyond each face is a blocked complement),PROJECT_SOURCE: plan callout 5%%c10/m on SP-1F_ROOF_SLAB-07 -> 5 bars/m of Ø10; equivalent count by URBAN_RATE_DENSITY (AD2-D02); PHYSICAL_BBS_COUNT UNRESOLVED,PROJECT_SOURCE: P15-BOT-STOP-0.125L 'STOP 50% OF BOT. REINF. BALANCE CONTINUOUS' -> 0.5 (AD2-D04 exact 0.5 / 0.5 density; which physical bars stop stays a BBS question),,,,LOCAL_CLEAR_SPAN (face to face along each bar line),PROJECT_GEOMETRY,SUPPORT_FACE,PROJECT_GEOMETRY,"ENGINEERING_DERIVED (unqualified plan callout; '/Top' and '(T&B)' are marked, plan note 2 gives the top steel over beams; p.15: bottom bars 'see schedule or plan')","[""token 706 (5%%c10/m)"", ""P15-BOT-STOP-0.125L""]","[""URBAN_RATE_DENSITY (AD2-D02: equivalent count = rate x density x width, unrounded)""]","[""AD2-D02"", ""AD2-D04"", ""P15-BOT-STOP-0.125L""]","[""QI-00064"", ""QI-00066"", ""QI-00587""]",38,False,False,5 /m x 0.5 x 4.372183 m x 1.009451318 m = 11.033764729 m; x 10^2/162 = 0.617283951 kg/m -> 6.810965882 kg,PRE-S7.1 11_S7_RELEASE_CANDIDATES.csv QI-00062 (manifest 3a67a8641ce4); 38 local bar strips in 04_S7_BAR_RUNS.csv
S7-0019,QI-00063,CMP-0176,SP-1F_ROOF_SLAB-07,PANEL,SP-1F_ROOF_SLAB-07,,RUN-B-004,1F_ROOF_SLAB,BOTTOM_CURTAILED_50,BOTTOM,Y,10,5,,0.5,4.372183,10.9304575,UNRESOLVED,1.009451318,0.252362829,0.757088488,0,0.252362829,8.275323546,0.617283951,5.108224411,PROJECT_BASIS_QTO,"PROJECT_BASIS_QTO: rate density over the frozen PRE-S7.1 local bar strips; a lower bound of the physical steel (every blocked portion is excluded, not zero); not a bar-by-bar BBS","PROJECT_GEOMETRY (rectangular: local run = clear span); less PROJECT_SOURCE P15-BOT-STOP-0.125L 0.125 x L (L = clear span, from the face of support) at each continuous end and, under AD2-D15, each continuity-unresolved end",PROJECT_SOURCE: plan callout 5%%c10/m on SP-1F_ROOF_SLAB-07 -> 5 bars/m of Ø10; equivalent count by URBAN_RATE_DENSITY (AD2-D02); PHYSICAL_BBS_COUNT UNRESOLVED,PROJECT_SOURCE: P15-BOT-STOP-0.125L 'STOP 50% OF BOT. REINF. BALANCE CONTINUOUS' -> 0.5 (AD2-D04 exact 0.5 / 0.5 density; which physical bars stop stays a BBS question),0.125,P15-BOT-STOP-0.125L,PROJECT_SOURCE,CLEAR_SPAN,PROJECT_SOURCE,FACE_OF_SUPPORT,PROJECT_SOURCE,"ENGINEERING_DERIVED (unqualified plan callout; '/Top' and '(T&B)' are marked, plan note 2 gives the top steel over beams; p.15: bottom bars 'see schedule or plan')","[""token 706 (5%%c10/m)"", ""P15-BOT-STOP-0.125L""]","[""URBAN_RATE_DENSITY (AD2-D02: equivalent count = rate x density x width, unrounded)"", ""AD2-D15 (a continuity-unresolved end stops the curtailed half as a continuous end would; its 0.125 L zone is a blocked complement)""]","[""AD2-D02"", ""AD2-D04"", ""P15-BOT-STOP-0.125L""]","[""QI-00065""]",38,False,False,5 /m x 0.5 x 4.372183 m x 0.757088488 m = 8.275323546 m; x 10^2/162 = 0.617283951 kg/m -> 5.108224411 kg,PRE-S7.1 11_S7_RELEASE_CANDIDATES.csv QI-00063 (manifest 3a67a8641ce4); 38 local bar strips in 04_S7_BAR_RUNS.csv
S7-0020,QI-00067,CMP-0181,SP-1F_ROOF_SLAB-08,PANEL,SP-1F_ROOF_SLAB-08,,RUN-B-009,1F_ROOF_SLAB,BOTTOM_CONTINUING_50,BOTTOM,X,10,5,,0.5,0.785478,1.963695,UNRESOLVED,4.1,,4.1,0,,8.0511495,0.617283951,4.96984537,PROJECT_BASIS_QTO,"PROJECT_BASIS_QTO: rate density over the frozen PRE-S7.1 local bar strips; a lower bound of the physical steel (every blocked portion is excluded, not zero); not a bar-by-bar BBS",PROJECT_GEOMETRY (rectangular: local run = clear span); face to face of the supports (the portion beyond each face is a blocked complement),PROJECT_SOURCE: plan callout 5%%c10/m on SP-1F_ROOF_SLAB-08 -> 5 bars/m of Ø10; equivalent count by URBAN_RATE_DENSITY (AD2-D02); PHYSICAL_BBS_COUNT UNRESOLVED,PROJECT_SOURCE: P15-BOT-STOP-0.125L 'STOP 50% OF BOT. REINF. BALANCE CONTINUOUS' -> 0.5 (AD2-D04 exact 0.5 / 0.5 density; which physical bars stop stays a BBS question),,,,LOCAL_CLEAR_SPAN (face to face along each bar line),PROJECT_GEOMETRY,SUPPORT_FACE,PROJECT_GEOMETRY,"ENGINEERING_DERIVED (unqualified plan callout; '/Top' and '(T&B)' are marked, plan note 2 gives the top steel over beams; p.15: bottom bars 'see schedule or plan')","[""token 74F (5%%c10/m)"", ""P15-BOT-STOP-0.125L""]","[""URBAN_RATE_DENSITY (AD2-D02: equivalent count = rate x density x width, unrounded)""]","[""AD2-D02"", ""AD2-D04"", ""P15-BOT-STOP-0.125L""]","[""QI-00069""]",2,False,False,5 /m x 0.5 x 0.785478 m x 4.1 m = 8.0511495 m; x 10^2/162 = 0.617283951 kg/m -> 4.96984537 kg,PRE-S7.1 11_S7_RELEASE_CANDIDATES.csv QI-00067 (manifest 3a67a8641ce4); 2 local bar strips in 04_S7_BAR_RUNS.csv
S7-0021,QI-00068,CMP-0180,SP-1F_ROOF_SLAB-08,PANEL,SP-1F_ROOF_SLAB-08,,RUN-B-009,1F_ROOF_SLAB,BOTTOM_CURTAILED_50,BOTTOM,X,10,5,,0.5,0.785478,1.963695,UNRESOLVED,4.1,0.5125,3.5875,0,0.5125,7.044755812,0.617283951,4.348614699,PROJECT_BASIS_QTO,"PROJECT_BASIS_QTO: rate density over the frozen PRE-S7.1 local bar strips; a lower bound of the physical steel (every blocked portion is excluded, not zero); not a bar-by-bar BBS","PROJECT_GEOMETRY (rectangular: local run = clear span); less PROJECT_SOURCE P15-BOT-STOP-0.125L 0.125 x L (L = clear span, from the face of support) at each continuous end",PROJECT_SOURCE: plan callout 5%%c10/m on SP-1F_ROOF_SLAB-08 -> 5 bars/m of Ø10; equivalent count by URBAN_RATE_DENSITY (AD2-D02); PHYSICAL_BBS_COUNT UNRESOLVED,PROJECT_SOURCE: P15-BOT-STOP-0.125L 'STOP 50% OF BOT. REINF. BALANCE CONTINUOUS' -> 0.5 (AD2-D04 exact 0.5 / 0.5 density; which physical bars stop stays a BBS question),0.125,P15-BOT-STOP-0.125L,PROJECT_SOURCE,CLEAR_SPAN,PROJECT_SOURCE,FACE_OF_SUPPORT,PROJECT_SOURCE,"ENGINEERING_DERIVED (unqualified plan callout; '/Top' and '(T&B)' are marked, plan note 2 gives the top steel over beams; p.15: bottom bars 'see schedule or plan')","[""token 74F (5%%c10/m)"", ""P15-BOT-STOP-0.125L""]","[""URBAN_RATE_DENSITY (AD2-D02: equivalent count = rate x density x width, unrounded)""]","[""AD2-D02"", ""AD2-D04"", ""P15-BOT-STOP-0.125L""]","[""QI-00070""]",2,False,False,5 /m x 0.5 x 0.785478 m x 3.5875 m = 7.044755812 m; x 10^2/162 = 0.617283951 kg/m -> 4.348614699 kg,PRE-S7.1 11_S7_RELEASE_CANDIDATES.csv QI-00068 (manifest 3a67a8641ce4); 2 local bar strips in 04_S7_BAR_RUNS.csv
S7-0022,QI-00072,CMP-0186,SP-1F_ROOF_SLAB-09,PANEL,SP-1F_ROOF_SLAB-09,,RUN-B-009,1F_ROOF_SLAB,BOTTOM_CONTINUING_50,BOTTOM,X,10,5,,0.5,1.825364,4.56341,UNRESOLVED,1.513070368,,1.513070368,0,,6.904760447,0.617283951,4.262197807,PROJECT_BASIS_QTO,"PROJECT_BASIS_QTO: rate density over the frozen PRE-S7.1 local bar strips; a lower bound of the physical steel (every blocked portion is excluded, not zero); not a bar-by-bar BBS",PROJECT_GEOMETRY + URBAN_OWNER_MEASUREMENT_RULE (URBAN_QTO_LOCAL_BAR_LINE_V1: local run along each bar line); face to face of the supports (the portion beyond each face is a blocked complement),PROJECT_SOURCE: plan callout 5%%c10/m on SP-1F_ROOF_SLAB-09 -> 5 bars/m of Ø10; equivalent count by URBAN_RATE_DENSITY (AD2-D02); PHYSICAL_BBS_COUNT UNRESOLVED,PROJECT_SOURCE: P15-BOT-STOP-0.125L 'STOP 50% OF BOT. REINF. BALANCE CONTINUOUS' -> 0.5 (AD2-D04 exact 0.5 / 0.5 density; which physical bars stop stays a BBS question),,,,LOCAL_CLEAR_SPAN (face to face along each bar line),URBAN_OWNER_MEASUREMENT_RULE,SUPPORT_FACE,PROJECT_GEOMETRY,"ENGINEERING_DERIVED (unqualified plan callout; '/Top' and '(T&B)' are marked, plan note 2 gives the top steel over beams; p.15: bottom bars 'see schedule or plan')","[""token 709 (5%%c10/m)"", ""P15-BOT-STOP-0.125L""]","[""URBAN_RATE_DENSITY (AD2-D02: equivalent count = rate x density x width, unrounded)"", ""URBAN_QTO_LOCAL_BAR_LINE_V1 (AD2-D14)""]","[""AD2-D02"", ""AD2-D14"", ""AD2-D04"", ""P15-BOT-STOP-0.125L""]","[""QI-00074"", ""QI-00075"", ""QI-00564""]",16,False,True,5 /m x 0.5 x 1.825364 m x 1.513070368 m = 6.904760447 m; x 10^2/162 = 0.617283951 kg/m -> 4.262197807 kg,PRE-S7.1 11_S7_RELEASE_CANDIDATES.csv QI-00072 (manifest 3a67a8641ce4); 16 local bar strips in 04_S7_BAR_RUNS.csv
S7-0023,QI-00073,CMP-0185,SP-1F_ROOF_SLAB-09,PANEL,SP-1F_ROOF_SLAB-09,,RUN-B-009,1F_ROOF_SLAB,BOTTOM_CURTAILED_50,BOTTOM,X,10,5,,0.5,1.825364,4.56341,UNRESOLVED,1.513070368,0.278202701,1.234867667,0,0.278202701,5.635207459,0.617283951,3.478523123,PROJECT_BASIS_QTO,"PROJECT_BASIS_QTO: rate density over the frozen PRE-S7.1 local bar strips; a lower bound of the physical steel (every blocked portion is excluded, not zero); not a bar-by-bar BBS","PROJECT_GEOMETRY + URBAN_OWNER_MEASUREMENT_RULE (URBAN_QTO_LOCAL_BAR_LINE_V1: local run along each bar line); less PROJECT_SOURCE P15-BOT-STOP-0.125L 0.125 x L (L = clear span, from the face of support) at each continuous end and, under AD2-D15, each continuity-unresolved end",PROJECT_SOURCE: plan callout 5%%c10/m on SP-1F_ROOF_SLAB-09 -> 5 bars/m of Ø10; equivalent count by URBAN_RATE_DENSITY (AD2-D02); PHYSICAL_BBS_COUNT UNRESOLVED,PROJECT_SOURCE: P15-BOT-STOP-0.125L 'STOP 50% OF BOT. REINF. BALANCE CONTINUOUS' -> 0.5 (AD2-D04 exact 0.5 / 0.5 density; which physical bars stop stays a BBS question),0.125,P15-BOT-STOP-0.125L,PROJECT_SOURCE,CLEAR_SPAN (local L along each bar line),PROJECT_SOURCE,FACE_OF_SUPPORT,PROJECT_SOURCE,"ENGINEERING_DERIVED (unqualified plan callout; '/Top' and '(T&B)' are marked, plan note 2 gives the top steel over beams; p.15: bottom bars 'see schedule or plan')","[""token 709 (5%%c10/m)"", ""P15-BOT-STOP-0.125L""]","[""URBAN_RATE_DENSITY (AD2-D02: equivalent count = rate x density x width, unrounded)"", ""URBAN_QTO_LOCAL_BAR_LINE_V1 (AD2-D14)"", ""AD2-D15 (a continuity-unresolved end stops the curtailed half as a continuous end would; its 0.125 L zone is a blocked complement)""]","[""AD2-D02"", ""AD2-D14"", ""AD2-D04"", ""P15-BOT-STOP-0.125L""]","[""QI-00076"", ""QI-00077""]",16,False,True,5 /m x 0.5 x 1.825364 m x 1.234867667 m = 5.635207459 m; x 10^2/162 = 0.617283951 kg/m -> 3.478523123 kg,PRE-S7.1 11_S7_RELEASE_CANDIDATES.csv QI-00073 (manifest 3a67a8641ce4); 16 local bar strips in 04_S7_BAR_RUNS.csv
S7-0024,QI-00078,CMP-0188,SP-1F_ROOF_SLAB-09,PANEL,SP-1F_ROOF_SLAB-09,,RUN-B-004,1F_ROOF_SLAB,BOTTOM_CONTINUING_50,BOTTOM,Y,10,5,,0.5,1.597817,3.9945425,UNRESOLVED,1.7285485,,1.7285485,0,,6.904760447,0.617283951,4.262197807,PROJECT_BASIS_QTO,"PROJECT_BASIS_QTO: rate density over the frozen PRE-S7.1 local bar strips; a lower bound of the physical steel (every blocked portion is excluded, not zero); not a bar-by-bar BBS",PROJECT_GEOMETRY + URBAN_OWNER_MEASUREMENT_RULE (URBAN_QTO_LOCAL_BAR_LINE_V1: local run along each bar line); face to face of the supports (the portion beyond each face is a blocked complement),PROJECT_SOURCE: plan callout 5%%c10/m on SP-1F_ROOF_SLAB-09 -> 5 bars/m of Ø10; equivalent count by URBAN_RATE_DENSITY (AD2-D02); PHYSICAL_BBS_COUNT UNRESOLVED,PROJECT_SOURCE: P15-BOT-STOP-0.125L 'STOP 50% OF BOT. REINF. BALANCE CONTINUOUS' -> 0.5 (AD2-D04 exact 0.5 / 0.5 density; which physical bars stop stays a BBS question),,,,LOCAL_CLEAR_SPAN (face to face along each bar line),URBAN_OWNER_MEASUREMENT_RULE,SUPPORT_FACE,PROJECT_GEOMETRY,"ENGINEERING_DERIVED (unqualified plan callout; '/Top' and '(T&B)' are marked, plan note 2 gives the top steel over beams; p.15: bottom bars 'see schedule or plan')","[""token 707 (5%%c10/m)"", ""P15-BOT-STOP-0.125L""]","[""URBAN_RATE_DENSITY (AD2-D02: equivalent count = rate x density x width, unrounded)"", ""URBAN_QTO_LOCAL_BAR_LINE_V1 (AD2-D14)""]","[""AD2-D02"", ""AD2-D14"", ""AD2-D04"", ""P15-BOT-STOP-0.125L""]",[],1,False,True,5 /m x 0.5 x 1.597817 m x 1.7285485 m = 6.904760447 m; x 10^2/162 = 0.617283951 kg/m -> 4.262197807 kg,PRE-S7.1 11_S7_RELEASE_CANDIDATES.csv QI-00078 (manifest 3a67a8641ce4); 1 local bar strips in 04_S7_BAR_RUNS.csv
S7-0025,QI-00079,CMP-0187,SP-1F_ROOF_SLAB-09,PANEL,SP-1F_ROOF_SLAB-09,,RUN-B-004,1F_ROOF_SLAB,BOTTOM_CURTAILED_50,BOTTOM,Y,10,5,,0.5,1.597817,3.9945425,UNRESOLVED,1.7285485,0.432137125,1.296411375,0,0.432137125,5.178570335,0.617283951,3.196648355,PROJECT_BASIS_QTO,"PROJECT_BASIS_QTO: rate density over the frozen PRE-S7.1 local bar strips; a lower bound of the physical steel (every blocked portion is excluded, not zero); not a bar-by-bar BBS","PROJECT_GEOMETRY + URBAN_OWNER_MEASUREMENT_RULE (URBAN_QTO_LOCAL_BAR_LINE_V1: local run along each bar line); less PROJECT_SOURCE P15-BOT-STOP-0.125L 0.125 x L (L = clear span, from the face of support) at each continuous end",PROJECT_SOURCE: plan callout 5%%c10/m on SP-1F_ROOF_SLAB-09 -> 5 bars/m of Ø10; equivalent count by URBAN_RATE_DENSITY (AD2-D02); PHYSICAL_BBS_COUNT UNRESOLVED,PROJECT_SOURCE: P15-BOT-STOP-0.125L 'STOP 50% OF BOT. REINF. BALANCE CONTINUOUS' -> 0.5 (AD2-D04 exact 0.5 / 0.5 density; which physical bars stop stays a BBS question),0.125,P15-BOT-STOP-0.125L,PROJECT_SOURCE,CLEAR_SPAN (local L along each bar line),PROJECT_SOURCE,FACE_OF_SUPPORT,PROJECT_SOURCE,"ENGINEERING_DERIVED (unqualified plan callout; '/Top' and '(T&B)' are marked, plan note 2 gives the top steel over beams; p.15: bottom bars 'see schedule or plan')","[""token 707 (5%%c10/m)"", ""P15-BOT-STOP-0.125L""]","[""URBAN_RATE_DENSITY (AD2-D02: equivalent count = rate x density x width, unrounded)"", ""URBAN_QTO_LOCAL_BAR_LINE_V1 (AD2-D14)""]","[""AD2-D02"", ""AD2-D14"", ""AD2-D04"", ""P15-BOT-STOP-0.125L""]",[],1,False,True,5 /m x 0.5 x 1.597817 m x 1.296411375 m = 5.178570335 m; x 10^2/162 = 0.617283951 kg/m -> 3.196648355 kg,PRE-S7.1 11_S7_RELEASE_CANDIDATES.csv QI-00079 (manifest 3a67a8641ce4); 1 local bar strips in 04_S7_BAR_RUNS.csv
S7-0026,QI-00080,CMP-0192,SP-1F_ROOF_SLAB-11,PANEL,SP-1F_ROOF_SLAB-11,,RUN-B-009,1F_ROOF_SLAB,BOTTOM_CONTINUING_50,BOTTOM,X,10,5,,0.5,1.7,4.25,UNRESOLVED,3.797058824,,3.797058824,0,,16.1375,0.617283951,9.961419753,PROJECT_BASIS_QTO,"PROJECT_BASIS_QTO: rate density over the frozen PRE-S7.1 local bar strips; a lower bound of the physical steel (every blocked portion is excluded, not zero); not a bar-by-bar BBS",PROJECT_GEOMETRY + URBAN_OWNER_MEASUREMENT_RULE (URBAN_QTO_LOCAL_BAR_LINE_V1: local run along each bar line); face to face of the supports (the portion beyond each face is a blocked complement),PROJECT_SOURCE: plan callout 5%%c10/m on SP-1F_ROOF_SLAB-11 -> 5 bars/m of Ø10; equivalent count by URBAN_RATE_DENSITY (AD2-D02); PHYSICAL_BBS_COUNT UNRESOLVED,PROJECT_SOURCE: P15-BOT-STOP-0.125L 'STOP 50% OF BOT. REINF. BALANCE CONTINUOUS' -> 0.5 (AD2-D04 exact 0.5 / 0.5 density; which physical bars stop stays a BBS question),,,,LOCAL_CLEAR_SPAN (face to face along each bar line),URBAN_OWNER_MEASUREMENT_RULE,SUPPORT_FACE,PROJECT_GEOMETRY,"ENGINEERING_DERIVED (unqualified plan callout; '/Top' and '(T&B)' are marked, plan note 2 gives the top steel over beams; p.15: bottom bars 'see schedule or plan')","[""token 730 (5%%c10/m)"", ""P15-BOT-STOP-0.125L""]","[""URBAN_RATE_DENSITY (AD2-D02: equivalent count = rate x density x width, unrounded)"", ""URBAN_QTO_LOCAL_BAR_LINE_V1 (AD2-D14)""]","[""AD2-D02"", ""AD2-D14"", ""AD2-D04"", ""P15-BOT-STOP-0.125L""]","[""QI-00082"", ""QI-00083""]",17,False,True,5 /m x 0.5 x 1.7 m x 3.797058824 m = 16.1375 m; x 10^2/162 = 0.617283951 kg/m -> 9.961419753 kg,PRE-S7.1 11_S7_RELEASE_CANDIDATES.csv QI-00080 (manifest 3a67a8641ce4); 17 local bar strips in 04_S7_BAR_RUNS.csv
S7-0027,QI-00081,CMP-0191,SP-1F_ROOF_SLAB-11,PANEL,SP-1F_ROOF_SLAB-11,,RUN-B-009,1F_ROOF_SLAB,BOTTOM_CURTAILED_50,BOTTOM,X,10,5,,0.5,1.7,4.25,UNRESOLVED,3.797058824,0.580702603,3.216356221,0,0.580702603,13.669513937,0.617283951,8.437971566,PROJECT_BASIS_QTO,"PROJECT_BASIS_QTO: rate density over the frozen PRE-S7.1 local bar strips; a lower bound of the physical steel (every blocked portion is excluded, not zero); not a bar-by-bar BBS","PROJECT_GEOMETRY + URBAN_OWNER_MEASUREMENT_RULE (URBAN_QTO_LOCAL_BAR_LINE_V1: local run along each bar line); less PROJECT_SOURCE P15-BOT-STOP-0.125L 0.125 x L (L = clear span, from the face of support) at each continuous end",PROJECT_SOURCE: plan callout 5%%c10/m on SP-1F_ROOF_SLAB-11 -> 5 bars/m of Ø10; equivalent count by URBAN_RATE_DENSITY (AD2-D02); PHYSICAL_BBS_COUNT UNRESOLVED,PROJECT_SOURCE: P15-BOT-STOP-0.125L 'STOP 50% OF BOT. REINF. BALANCE CONTINUOUS' -> 0.5 (AD2-D04 exact 0.5 / 0.5 density; which physical bars stop stays a BBS question),0.125,P15-BOT-STOP-0.125L,PROJECT_SOURCE,CLEAR_SPAN (local L along each bar line),PROJECT_SOURCE,FACE_OF_SUPPORT,PROJECT_SOURCE,"ENGINEERING_DERIVED (unqualified plan callout; '/Top' and '(T&B)' are marked, plan note 2 gives the top steel over beams; p.15: bottom bars 'see schedule or plan')","[""token 730 (5%%c10/m)"", ""P15-BOT-STOP-0.125L""]","[""URBAN_RATE_DENSITY (AD2-D02: equivalent count = rate x density x width, unrounded)"", ""URBAN_QTO_LOCAL_BAR_LINE_V1 (AD2-D14)""]","[""AD2-D02"", ""AD2-D14"", ""AD2-D04"", ""P15-BOT-STOP-0.125L""]","[""QI-00084"", ""QI-00085""]",17,False,True,5 /m x 0.5 x 1.7 m x 3.216356221 m = 13.669513937 m; x 10^2/162 = 0.617283951 kg/m -> 8.437971566 kg,PRE-S7.1 11_S7_RELEASE_CANDIDATES.csv QI-00081 (manifest 3a67a8641ce4); 17 local bar strips in 04_S7_BAR_RUNS.csv
S7-0028,QI-00086,CMP-0194,SP-1F_ROOF_SLAB-11,PANEL,SP-1F_ROOF_SLAB-11,,RUN-B-011,1F_ROOF_SLAB,BOTTOM_CONTINUING_50,BOTTOM,Y,10,6,,0.5,4.3,12.9,UNRESOLVED,1.501162791,,1.501162791,0,,19.365,0.617283951,11.953703704,PROJECT_BASIS_QTO,"PROJECT_BASIS_QTO: rate density over the frozen PRE-S7.1 local bar strips; a lower bound of the physical steel (every blocked portion is excluded, not zero); not a bar-by-bar BBS",PROJECT_GEOMETRY + URBAN_OWNER_MEASUREMENT_RULE (URBAN_QTO_LOCAL_BAR_LINE_V1: local run along each bar line); face to face of the supports (the portion beyond each face is a blocked complement),PROJECT_SOURCE: plan callout 6%%c10/m on SP-1F_ROOF_SLAB-11 -> 6 bars/m of Ø10; equivalent count by URBAN_RATE_DENSITY (AD2-D02); PHYSICAL_BBS_COUNT UNRESOLVED,PROJECT_SOURCE: P15-BOT-STOP-0.125L 'STOP 50% OF BOT. REINF. BALANCE CONTINUOUS' -> 0.5 (AD2-D04 exact 0.5 / 0.5 density; which physical bars stop stays a BBS question),,,,LOCAL_CLEAR_SPAN (face to face along each bar line),URBAN_OWNER_MEASUREMENT_RULE,SUPPORT_FACE,PROJECT_GEOMETRY,"ENGINEERING_DERIVED (unqualified plan callout; '/Top' and '(T&B)' are marked, plan note 2 gives the top steel over beams; p.15: bottom bars 'see schedule or plan')","[""token 732 (6%%c10/m)"", ""P15-BOT-STOP-0.125L""]","[""URBAN_RATE_DENSITY (AD2-D02: equivalent count = rate x density x width, unrounded)"", ""URBAN_QTO_LOCAL_BAR_LINE_V1 (AD2-D14)""]","[""AD2-D02"", ""AD2-D14"", ""AD2-D04"", ""P15-BOT-STOP-0.125L""]","[""QI-00088"", ""QI-00089"", ""QI-00090"", ""QI-00094""]",5,False,True,6 /m x 0.5 x 4.3 m x 1.501162791 m = 19.365 m; x 10^2/162 = 0.617283951 kg/m -> 11.953703704 kg,PRE-S7.1 11_S7_RELEASE_CANDIDATES.csv QI-00086 (manifest 3a67a8641ce4); 5 local bar strips in 04_S7_BAR_RUNS.csv
S7-0029,QI-00087,CMP-0193,SP-1F_ROOF_SLAB-11,PANEL,SP-1F_ROOF_SLAB-11,,RUN-B-011,1F_ROOF_SLAB,BOTTOM_CURTAILED_50,BOTTOM,Y,10,6,,0.5,4.3,12.9,UNRESOLVED,1.501162791,0.313517442,1.187645349,0,0.313517442,15.320625,0.617283951,9.457175926,PROJECT_BASIS_QTO,"PROJECT_BASIS_QTO: rate density over the frozen PRE-S7.1 local bar strips; a lower bound of the physical steel (every blocked portion is excluded, not zero); not a bar-by-bar BBS","PROJECT_GEOMETRY + URBAN_OWNER_MEASUREMENT_RULE (URBAN_QTO_LOCAL_BAR_LINE_V1: local run along each bar line); less PROJECT_SOURCE P15-BOT-STOP-0.125L 0.125 x L (L = clear span, from the face of support) at each continuous end and, under AD2-D15, each continuity-unresolved end",PROJECT_SOURCE: plan callout 6%%c10/m on SP-1F_ROOF_SLAB-11 -> 6 bars/m of Ø10; equivalent count by URBAN_RATE_DENSITY (AD2-D02); PHYSICAL_BBS_COUNT UNRESOLVED,PROJECT_SOURCE: P15-BOT-STOP-0.125L 'STOP 50% OF BOT. REINF. BALANCE CONTINUOUS' -> 0.5 (AD2-D04 exact 0.5 / 0.5 density; which physical bars stop stays a BBS question),0.125,P15-BOT-STOP-0.125L,PROJECT_SOURCE,CLEAR_SPAN (local L along each bar line),PROJECT_SOURCE,FACE_OF_SUPPORT,PROJECT_SOURCE,"ENGINEERING_DERIVED (unqualified plan callout; '/Top' and '(T&B)' are marked, plan note 2 gives the top steel over beams; p.15: bottom bars 'see schedule or plan')","[""token 732 (6%%c10/m)"", ""P15-BOT-STOP-0.125L""]","[""URBAN_RATE_DENSITY (AD2-D02: equivalent count = rate x density x width, unrounded)"", ""URBAN_QTO_LOCAL_BAR_LINE_V1 (AD2-D14)"", ""AD2-D15 (a continuity-unresolved end stops the curtailed half as a continuous end would; its 0.125 L zone is a blocked complement)""]","[""AD2-D02"", ""AD2-D14"", ""AD2-D04"", ""P15-BOT-STOP-0.125L""]","[""QI-00091"", ""QI-00092"", ""QI-00093""]",5,False,True,6 /m x 0.5 x 4.3 m x 1.187645349 m = 15.320625 m; x 10^2/162 = 0.617283951 kg/m -> 9.457175926 kg,PRE-S7.1 11_S7_RELEASE_CANDIDATES.csv QI-00087 (manifest 3a67a8641ce4); 5 local bar strips in 04_S7_BAR_RUNS.csv
S7-0030,QI-00095,CMP-0198,SP-1F_ROOF_SLAB-12,PANEL,SP-1F_ROOF_SLAB-12,,RUN-B-009,1F_ROOF_SLAB,BOTTOM_CONTINUING_50,BOTTOM,X,10,5,,0.5,1.607496,4.01874,UNRESOLVED,2.621970195,,2.621970195,0,,10.5370165,0.617283951,6.504331173,PROJECT_BASIS_QTO,"PROJECT_BASIS_QTO: rate density over the frozen PRE-S7.1 local bar strips; a lower bound of the physical steel (every blocked portion is excluded, not zero); not a bar-by-bar BBS",PROJECT_GEOMETRY + URBAN_OWNER_MEASUREMENT_RULE (URBAN_QTO_LOCAL_BAR_LINE_V1: local run along each bar line); face to face of the supports (the portion beyond each face is a blocked complement),PROJECT_SOURCE: plan callout 5%%c10/m on SP-1F_ROOF_SLAB-12 -> 5 bars/m of Ø10; equivalent count by URBAN_RATE_DENSITY (AD2-D02); PHYSICAL_BBS_COUNT UNRESOLVED,PROJECT_SOURCE: P15-BOT-STOP-0.125L 'STOP 50% OF BOT. REINF. BALANCE CONTINUOUS' -> 0.5 (AD2-D04 exact 0.5 / 0.5 density; which physical bars stop stays a BBS question),,,,LOCAL_CLEAR_SPAN (face to face along each bar line),URBAN_OWNER_MEASUREMENT_RULE,SUPPORT_FACE,PROJECT_GEOMETRY,"ENGINEERING_DERIVED (unqualified plan callout; '/Top' and '(T&B)' are marked, plan note 2 gives the top steel over beams; p.15: bottom bars 'see schedule or plan')","[""token 735 (5%%c10/m)"", ""P15-BOT-STOP-0.125L""]","[""URBAN_RATE_DENSITY (AD2-D02: equivalent count = rate x density x width, unrounded)"", ""URBAN_QTO_LOCAL_BAR_LINE_V1 (AD2-D14)""]","[""AD2-D02"", ""AD2-D14"", ""AD2-D04"", ""P15-BOT-STOP-0.125L""]","[""QI-00097""]",3,False,True,5 /m x 0.5 x 1.607496 m x 2.621970195 m = 10.5370165 m; x 10^2/162 = 0.617283951 kg/m -> 6.504331173 kg,PRE-S7.1 11_S7_RELEASE_CANDIDATES.csv QI-00095 (manifest 3a67a8641ce4); 3 local bar strips in 04_S7_BAR_RUNS.csv
S7-0031,QI-00096,CMP-0197,SP-1F_ROOF_SLAB-12,PANEL,SP-1F_ROOF_SLAB-12,,RUN-B-009,1F_ROOF_SLAB,BOTTOM_CURTAILED_50,BOTTOM,X,10,5,,0.5,1.607496,4.01874,UNRESOLVED,2.621970195,0.655492549,1.966477646,0,0.655492549,7.902762375,0.617283951,4.87824838,PROJECT_BASIS_QTO,"PROJECT_BASIS_QTO: rate density over the frozen PRE-S7.1 local bar strips; a lower bound of the physical steel (every blocked portion is excluded, not zero); not a bar-by-bar BBS","PROJECT_GEOMETRY + URBAN_OWNER_MEASUREMENT_RULE (URBAN_QTO_LOCAL_BAR_LINE_V1: local run along each bar line); less PROJECT_SOURCE P15-BOT-STOP-0.125L 0.125 x L (L = clear span, from the face of support) at each continuous end and, under AD2-D15, each continuity-unresolved end",PROJECT_SOURCE: plan callout 5%%c10/m on SP-1F_ROOF_SLAB-12 -> 5 bars/m of Ø10; equivalent count by URBAN_RATE_DENSITY (AD2-D02); PHYSICAL_BBS_COUNT UNRESOLVED,PROJECT_SOURCE: P15-BOT-STOP-0.125L 'STOP 50% OF BOT. REINF. BALANCE CONTINUOUS' -> 0.5 (AD2-D04 exact 0.5 / 0.5 density; which physical bars stop stays a BBS question),0.125,P15-BOT-STOP-0.125L,PROJECT_SOURCE,CLEAR_SPAN (local L along each bar line),PROJECT_SOURCE,FACE_OF_SUPPORT,PROJECT_SOURCE,"ENGINEERING_DERIVED (unqualified plan callout; '/Top' and '(T&B)' are marked, plan note 2 gives the top steel over beams; p.15: bottom bars 'see schedule or plan')","[""token 735 (5%%c10/m)"", ""P15-BOT-STOP-0.125L""]","[""URBAN_RATE_DENSITY (AD2-D02: equivalent count = rate x density x width, unrounded)"", ""URBAN_QTO_LOCAL_BAR_LINE_V1 (AD2-D14)"", ""AD2-D15 (a continuity-unresolved end stops the curtailed half as a continuous end would; its 0.125 L zone is a blocked complement)""]","[""AD2-D02"", ""AD2-D14"", ""AD2-D04"", ""P15-BOT-STOP-0.125L""]","[""QI-00098""]",3,False,True,5 /m x 0.5 x 1.607496 m x 1.966477646 m = 7.902762375 m; x 10^2/162 = 0.617283951 kg/m -> 4.87824838 kg,PRE-S7.1 11_S7_RELEASE_CANDIDATES.csv QI-00096 (manifest 3a67a8641ce4); 3 local bar strips in 04_S7_BAR_RUNS.csv
S7-0032,QI-00099,CMP-0200,SP-1F_ROOF_SLAB-12,PANEL,SP-1F_ROOF_SLAB-12,,RUN-B-012,1F_ROOF_SLAB,BOTTOM_CONTINUING_50,BOTTOM,Y,10,5,,0.5,2.95,7.375,UNRESOLVED,1.428748,,1.428748,0,,10.5370165,0.617283951,6.504331173,PROJECT_BASIS_QTO,"PROJECT_BASIS_QTO: rate density over the frozen PRE-S7.1 local bar strips; a lower bound of the physical steel (every blocked portion is excluded, not zero); not a bar-by-bar BBS",PROJECT_GEOMETRY + URBAN_OWNER_MEASUREMENT_RULE (URBAN_QTO_LOCAL_BAR_LINE_V1: local run along each bar line); face to face of the supports (the portion beyond each face is a blocked complement),PROJECT_SOURCE: plan callout 5%%c10/m on SP-1F_ROOF_SLAB-12 -> 5 bars/m of Ø10; equivalent count by URBAN_RATE_DENSITY (AD2-D02); PHYSICAL_BBS_COUNT UNRESOLVED,PROJECT_SOURCE: P15-BOT-STOP-0.125L 'STOP 50% OF BOT. REINF. BALANCE CONTINUOUS' -> 0.5 (AD2-D04 exact 0.5 / 0.5 density; which physical bars stop stays a BBS question),,,,LOCAL_CLEAR_SPAN (face to face along each bar line),URBAN_OWNER_MEASUREMENT_RULE,SUPPORT_FACE,PROJECT_GEOMETRY,"ENGINEERING_DERIVED (unqualified plan callout; '/Top' and '(T&B)' are marked, plan note 2 gives the top steel over beams; p.15: bottom bars 'see schedule or plan')","[""token 737 (5%%c10/m)"", ""P15-BOT-STOP-0.125L""]","[""URBAN_RATE_DENSITY (AD2-D02: equivalent count = rate x density x width, unrounded)"", ""URBAN_QTO_LOCAL_BAR_LINE_V1 (AD2-D14)""]","[""AD2-D02"", ""AD2-D14"", ""AD2-D04"", ""P15-BOT-STOP-0.125L""]","[""QI-00101"", ""QI-00567"", ""QI-00593""]",5,False,True,5 /m x 0.5 x 2.95 m x 1.428748 m = 10.5370165 m; x 10^2/162 = 0.617283951 kg/m -> 6.504331173 kg,PRE-S7.1 11_S7_RELEASE_CANDIDATES.csv QI-00099 (manifest 3a67a8641ce4); 5 local bar strips in 04_S7_BAR_RUNS.csv
S7-0033,QI-00100,CMP-0199,SP-1F_ROOF_SLAB-12,PANEL,SP-1F_ROOF_SLAB-12,,RUN-B-012,1F_ROOF_SLAB,BOTTOM_CURTAILED_50,BOTTOM,Y,10,5,,0.5,2.95,7.375,UNRESOLVED,1.428748,0.357187,1.071561,0,0.357187,7.902762375,0.617283951,4.87824838,PROJECT_BASIS_QTO,"PROJECT_BASIS_QTO: rate density over the frozen PRE-S7.1 local bar strips; a lower bound of the physical steel (every blocked portion is excluded, not zero); not a bar-by-bar BBS","PROJECT_GEOMETRY + URBAN_OWNER_MEASUREMENT_RULE (URBAN_QTO_LOCAL_BAR_LINE_V1: local run along each bar line); less PROJECT_SOURCE P15-BOT-STOP-0.125L 0.125 x L (L = clear span, from the face of support) at each continuous end",PROJECT_SOURCE: plan callout 5%%c10/m on SP-1F_ROOF_SLAB-12 -> 5 bars/m of Ø10; equivalent count by URBAN_RATE_DENSITY (AD2-D02); PHYSICAL_BBS_COUNT UNRESOLVED,PROJECT_SOURCE: P15-BOT-STOP-0.125L 'STOP 50% OF BOT. REINF. BALANCE CONTINUOUS' -> 0.5 (AD2-D04 exact 0.5 / 0.5 density; which physical bars stop stays a BBS question),0.125,P15-BOT-STOP-0.125L,PROJECT_SOURCE,CLEAR_SPAN (local L along each bar line),PROJECT_SOURCE,FACE_OF_SUPPORT,PROJECT_SOURCE,"ENGINEERING_DERIVED (unqualified plan callout; '/Top' and '(T&B)' are marked, plan note 2 gives the top steel over beams; p.15: bottom bars 'see schedule or plan')","[""token 737 (5%%c10/m)"", ""P15-BOT-STOP-0.125L""]","[""URBAN_RATE_DENSITY (AD2-D02: equivalent count = rate x density x width, unrounded)"", ""URBAN_QTO_LOCAL_BAR_LINE_V1 (AD2-D14)""]","[""AD2-D02"", ""AD2-D14"", ""AD2-D04"", ""P15-BOT-STOP-0.125L""]",[],5,False,True,5 /m x 0.5 x 2.95 m x 1.071561 m = 7.902762375 m; x 10^2/162 = 0.617283951 kg/m -> 4.87824838 kg,PRE-S7.1 11_S7_RELEASE_CANDIDATES.csv QI-00100 (manifest 3a67a8641ce4); 5 local bar strips in 04_S7_BAR_RUNS.csv
S7-0034,QI-00102,CMP-0204,SP-1F_ROOF_SLAB-21,PANEL,SP-1F_ROOF_SLAB-21,,RUN-B-013,1F_ROOF_SLAB,BOTTOM_CONTINUING_50,BOTTOM,X,10,8,,0.5,4.85,19.4,UNRESOLVED,4.3,,4.3,0,,83.42,0.617283951,51.49382716,PROJECT_BASIS_QTO,"PROJECT_BASIS_QTO: rate density over the frozen PRE-S7.1 local bar strips; a lower bound of the physical steel (every blocked portion is excluded, not zero); not a bar-by-bar BBS",PROJECT_GEOMETRY (rectangular: local run = clear span); face to face of the supports (the portion beyond each face is a blocked complement),PROJECT_SOURCE: plan callout 8%%C10/m on SP-1F_ROOF_SLAB-21 -> 8 bars/m of Ø10; equivalent count by URBAN_RATE_DENSITY (AD2-D02); PHYSICAL_BBS_COUNT UNRESOLVED,PROJECT_SOURCE: P15-BOT-STOP-0.125L 'STOP 50% OF BOT. REINF. BALANCE CONTINUOUS' -> 0.5 (AD2-D04 exact 0.5 / 0.5 density; which physical bars stop stays a BBS question),,,,LOCAL_CLEAR_SPAN (face to face along each bar line),PROJECT_GEOMETRY,SUPPORT_FACE,PROJECT_GEOMETRY,"ENGINEERING_DERIVED (unqualified plan callout; '/Top' and '(T&B)' are marked, plan note 2 gives the top steel over beams; p.15: bottom bars 'see schedule or plan')","[""token 71C (8%%C10/m)"", ""P15-BOT-STOP-0.125L""]","[""URBAN_RATE_DENSITY (AD2-D02: equivalent count = rate x density x width, unrounded)""]","[""AD2-D02"", ""AD2-D04"", ""P15-BOT-STOP-0.125L""]","[""QI-00104"", ""QI-00106"", ""QI-00107""]",23,False,False,8 /m x 0.5 x 4.85 m x 4.3 m = 83.42 m; x 10^2/162 = 0.617283951 kg/m -> 51.49382716 kg,PRE-S7.1 11_S7_RELEASE_CANDIDATES.csv QI-00102 (manifest 3a67a8641ce4); 23 local bar strips in 04_S7_BAR_RUNS.csv
S7-0035,QI-00103,CMP-0203,SP-1F_ROOF_SLAB-21,PANEL,SP-1F_ROOF_SLAB-21,,RUN-B-013,1F_ROOF_SLAB,BOTTOM_CURTAILED_50,BOTTOM,X,10,8,,0.5,4.85,19.4,UNRESOLVED,4.3,1.075,3.225,0,1.075,62.565,0.617283951,38.62037037,PROJECT_BASIS_QTO,"PROJECT_BASIS_QTO: rate density over the frozen PRE-S7.1 local bar strips; a lower bound of the physical steel (every blocked portion is excluded, not zero); not a bar-by-bar BBS","PROJECT_GEOMETRY (rectangular: local run = clear span); less PROJECT_SOURCE P15-BOT-STOP-0.125L 0.125 x L (L = clear span, from the face of support) at each continuous end and, under AD2-D15, each continuity-unresolved end",PROJECT_SOURCE: plan callout 8%%C10/m on SP-1F_ROOF_SLAB-21 -> 8 bars/m of Ø10; equivalent count by URBAN_RATE_DENSITY (AD2-D02); PHYSICAL_BBS_COUNT UNRESOLVED,PROJECT_SOURCE: P15-BOT-STOP-0.125L 'STOP 50% OF BOT. REINF. BALANCE CONTINUOUS' -> 0.5 (AD2-D04 exact 0.5 / 0.5 density; which physical bars stop stays a BBS question),0.125,P15-BOT-STOP-0.125L,PROJECT_SOURCE,CLEAR_SPAN,PROJECT_SOURCE,FACE_OF_SUPPORT,PROJECT_SOURCE,"ENGINEERING_DERIVED (unqualified plan callout; '/Top' and '(T&B)' are marked, plan note 2 gives the top steel over beams; p.15: bottom bars 'see schedule or plan')","[""token 71C (8%%C10/m)"", ""P15-BOT-STOP-0.125L""]","[""URBAN_RATE_DENSITY (AD2-D02: equivalent count = rate x density x width, unrounded)"", ""AD2-D15 (a continuity-unresolved end stops the curtailed half as a continuous end would; its 0.125 L zone is a blocked complement)""]","[""AD2-D02"", ""AD2-D04"", ""P15-BOT-STOP-0.125L""]","[""QI-00105""]",23,False,False,8 /m x 0.5 x 4.85 m x 3.225 m = 62.565 m; x 10^2/162 = 0.617283951 kg/m -> 38.62037037 kg,PRE-S7.1 11_S7_RELEASE_CANDIDATES.csv QI-00103 (manifest 3a67a8641ce4); 23 local bar strips in 04_S7_BAR_RUNS.csv
S7-0036,QI-00108,CMP-0206,SP-1F_ROOF_SLAB-21,PANEL,SP-1F_ROOF_SLAB-21,,RUN-B-014,1F_ROOF_SLAB,BOTTOM_CONTINUING_50,BOTTOM,Y,10,7,,0.5,4.3,15.05,UNRESOLVED,4.85,,4.85,0,,72.9925,0.617283951,45.057098765,PROJECT_BASIS_QTO,"PROJECT_BASIS_QTO: rate density over the frozen PRE-S7.1 local bar strips; a lower bound of the physical steel (every blocked portion is excluded, not zero); not a bar-by-bar BBS",PROJECT_GEOMETRY (rectangular: local run = clear span); face to face of the supports (the portion beyond each face is a blocked complement),PROJECT_SOURCE: plan callout 7%%C10/m on SP-1F_ROOF_SLAB-21 -> 7 bars/m of Ø10; equivalent count by URBAN_RATE_DENSITY (AD2-D02); PHYSICAL_BBS_COUNT UNRESOLVED,PROJECT_SOURCE: P15-BOT-STOP-0.125L 'STOP 50% OF BOT. REINF. BALANCE CONTINUOUS' -> 0.5 (AD2-D04 exact 0.5 / 0.5 density; which physical bars stop stays a BBS question),,,,LOCAL_CLEAR_SPAN (face to face along each bar line),PROJECT_GEOMETRY,SUPPORT_FACE,PROJECT_GEOMETRY,"ENGINEERING_DERIVED (unqualified plan callout; '/Top' and '(T&B)' are marked, plan note 2 gives the top steel over beams; p.15: bottom bars 'see schedule or plan')","[""token 71D (7%%C10/m)"", ""P15-BOT-STOP-0.125L""]","[""URBAN_RATE_DENSITY (AD2-D02: equivalent count = rate x density x width, unrounded)""]","[""AD2-D02"", ""AD2-D04"", ""P15-BOT-STOP-0.125L""]","[""QI-00110"", ""QI-00112""]",3,False,False,7 /m x 0.5 x 4.3 m x 4.85 m = 72.9925 m; x 10^2/162 = 0.617283951 kg/m -> 45.057098765 kg,PRE-S7.1 11_S7_RELEASE_CANDIDATES.csv QI-00108 (manifest 3a67a8641ce4); 3 local bar strips in 04_S7_BAR_RUNS.csv
S7-0037,QI-00109,CMP-0205,SP-1F_ROOF_SLAB-21,PANEL,SP-1F_ROOF_SLAB-21,,RUN-B-014,1F_ROOF_SLAB,BOTTOM_CURTAILED_50,BOTTOM,Y,10,7,,0.5,4.3,15.05,UNRESOLVED,4.85,0.60625,4.24375,0,0.60625,63.8684375,0.617283951,39.42496142,PROJECT_BASIS_QTO,"PROJECT_BASIS_QTO: rate density over the frozen PRE-S7.1 local bar strips; a lower bound of the physical steel (every blocked portion is excluded, not zero); not a bar-by-bar BBS","PROJECT_GEOMETRY (rectangular: local run = clear span); less PROJECT_SOURCE P15-BOT-STOP-0.125L 0.125 x L (L = clear span, from the face of support) at each continuous end",PROJECT_SOURCE: plan callout 7%%C10/m on SP-1F_ROOF_SLAB-21 -> 7 bars/m of Ø10; equivalent count by URBAN_RATE_DENSITY (AD2-D02); PHYSICAL_BBS_COUNT UNRESOLVED,PROJECT_SOURCE: P15-BOT-STOP-0.125L 'STOP 50% OF BOT. REINF. BALANCE CONTINUOUS' -> 0.5 (AD2-D04 exact 0.5 / 0.5 density; which physical bars stop stays a BBS question),0.125,P15-BOT-STOP-0.125L,PROJECT_SOURCE,CLEAR_SPAN,PROJECT_SOURCE,FACE_OF_SUPPORT,PROJECT_SOURCE,"ENGINEERING_DERIVED (unqualified plan callout; '/Top' and '(T&B)' are marked, plan note 2 gives the top steel over beams; p.15: bottom bars 'see schedule or plan')","[""token 71D (7%%C10/m)"", ""P15-BOT-STOP-0.125L""]","[""URBAN_RATE_DENSITY (AD2-D02: equivalent count = rate x density x width, unrounded)""]","[""AD2-D02"", ""AD2-D04"", ""P15-BOT-STOP-0.125L""]","[""QI-00111""]",3,False,False,7 /m x 0.5 x 4.3 m x 4.24375 m = 63.8684375 m; x 10^2/162 = 0.617283951 kg/m -> 39.42496142 kg,PRE-S7.1 11_S7_RELEASE_CANDIDATES.csv QI-00109 (manifest 3a67a8641ce4); 3 local bar strips in 04_S7_BAR_RUNS.csv
S7-0038,QI-00113,CMP-0214,SP-1F_ROOF_SLAB-22,PANEL,SP-1F_ROOF_SLAB-22,,RUN-B-015,1F_ROOF_SLAB,BOTTOM_CONTINUING_50,BOTTOM,X,10,6,,0.5,4.85,14.55,UNRESOLVED,2.273909,,2.273909,0,,33.08537595,0.617283951,20.423071574,PROJECT_BASIS_QTO,"PROJECT_BASIS_QTO: rate density over the frozen PRE-S7.1 local bar strips; a lower bound of the physical steel (every blocked portion is excluded, not zero); not a bar-by-bar BBS",PROJECT_GEOMETRY (rectangular: local run = clear span); face to face of the supports (the portion beyond each face is a blocked complement),PROJECT_SOURCE: plan callout 6%%c10/m on SP-1F_ROOF_SLAB-22 -> 6 bars/m of Ø10; equivalent count by URBAN_RATE_DENSITY (AD2-D02); PHYSICAL_BBS_COUNT UNRESOLVED,PROJECT_SOURCE: P15-BOT-STOP-0.125L 'STOP 50% OF BOT. REINF. BALANCE CONTINUOUS' -> 0.5 (AD2-D04 exact 0.5 / 0.5 density; which physical bars stop stays a BBS question),,,,LOCAL_CLEAR_SPAN (face to face along each bar line),PROJECT_GEOMETRY,SUPPORT_FACE,PROJECT_GEOMETRY,"ENGINEERING_DERIVED (unqualified plan callout; '/Top' and '(T&B)' are marked, plan note 2 gives the top steel over beams; p.15: bottom bars 'see schedule or plan')","[""token 70F (6%%c10/m)"", ""P15-BOT-STOP-0.125L""]","[""URBAN_RATE_DENSITY (AD2-D02: equivalent count = rate x density x width, unrounded)""]","[""AD2-D02"", ""AD2-D04"", ""P15-BOT-STOP-0.125L""]","[""QI-00115"", ""QI-00594""]",1,False,False,6 /m x 0.5 x 4.85 m x 2.273909 m = 33.08537595 m; x 10^2/162 = 0.617283951 kg/m -> 20.423071574 kg,PRE-S7.1 11_S7_RELEASE_CANDIDATES.csv QI-00113 (manifest 3a67a8641ce4); 1 local bar strips in 04_S7_BAR_RUNS.csv
S7-0039,QI-00114,CMP-0213,SP-1F_ROOF_SLAB-22,PANEL,SP-1F_ROOF_SLAB-22,,RUN-B-015,1F_ROOF_SLAB,BOTTOM_CURTAILED_50,BOTTOM,X,10,6,,0.5,4.85,14.55,UNRESOLVED,2.273909,0.56847725,1.70543175,0,0.56847725,24.814031962,0.617283951,15.317303681,PROJECT_BASIS_QTO,"PROJECT_BASIS_QTO: rate density over the frozen PRE-S7.1 local bar strips; a lower bound of the physical steel (every blocked portion is excluded, not zero); not a bar-by-bar BBS","PROJECT_GEOMETRY (rectangular: local run = clear span); less PROJECT_SOURCE P15-BOT-STOP-0.125L 0.125 x L (L = clear span, from the face of support) at each continuous end",PROJECT_SOURCE: plan callout 6%%c10/m on SP-1F_ROOF_SLAB-22 -> 6 bars/m of Ø10; equivalent count by URBAN_RATE_DENSITY (AD2-D02); PHYSICAL_BBS_COUNT UNRESOLVED,PROJECT_SOURCE: P15-BOT-STOP-0.125L 'STOP 50% OF BOT. REINF. BALANCE CONTINUOUS' -> 0.5 (AD2-D04 exact 0.5 / 0.5 density; which physical bars stop stays a BBS question),0.125,P15-BOT-STOP-0.125L,PROJECT_SOURCE,CLEAR_SPAN,PROJECT_SOURCE,FACE_OF_SUPPORT,PROJECT_SOURCE,"ENGINEERING_DERIVED (unqualified plan callout; '/Top' and '(T&B)' are marked, plan note 2 gives the top steel over beams; p.15: bottom bars 'see schedule or plan')","[""token 70F (6%%c10/m)"", ""P15-BOT-STOP-0.125L""]","[""URBAN_RATE_DENSITY (AD2-D02: equivalent count = rate x density x width, unrounded)""]","[""AD2-D02"", ""AD2-D04"", ""P15-BOT-STOP-0.125L""]",[],1,False,False,6 /m x 0.5 x 4.85 m x 1.70543175 m = 24.814031962 m; x 10^2/162 = 0.617283951 kg/m -> 15.317303681 kg,PRE-S7.1 11_S7_RELEASE_CANDIDATES.csv QI-00114 (manifest 3a67a8641ce4); 1 local bar strips in 04_S7_BAR_RUNS.csv
S7-0040,QI-00116,CMP-0216,SP-1F_ROOF_SLAB-22,PANEL,SP-1F_ROOF_SLAB-22,,RUN-B-012,1F_ROOF_SLAB,BOTTOM_CONTINUING_50,BOTTOM,Y,10,5,,0.5,2.273909,5.6847725,UNRESOLVED,4.85,,4.85,0,,27.571146625,0.617283951,17.019226312,PROJECT_BASIS_QTO,"PROJECT_BASIS_QTO: rate density over the frozen PRE-S7.1 local bar strips; a lower bound of the physical steel (every blocked portion is excluded, not zero); not a bar-by-bar BBS",PROJECT_GEOMETRY (rectangular: local run = clear span); face to face of the supports (the portion beyond each face is a blocked complement),PROJECT_SOURCE: plan callout 5%%c10/m on SP-1F_ROOF_SLAB-22 -> 5 bars/m of Ø10; equivalent count by URBAN_RATE_DENSITY (AD2-D02); PHYSICAL_BBS_COUNT UNRESOLVED,PROJECT_SOURCE: P15-BOT-STOP-0.125L 'STOP 50% OF BOT. REINF. BALANCE CONTINUOUS' -> 0.5 (AD2-D04 exact 0.5 / 0.5 density; which physical bars stop stays a BBS question),,,,LOCAL_CLEAR_SPAN (face to face along each bar line),PROJECT_GEOMETRY,SUPPORT_FACE,PROJECT_GEOMETRY,"ENGINEERING_DERIVED (unqualified plan callout; '/Top' and '(T&B)' are marked, plan note 2 gives the top steel over beams; p.15: bottom bars 'see schedule or plan')","[""token 710 (5%%c10/m)"", ""P15-BOT-STOP-0.125L""]","[""URBAN_RATE_DENSITY (AD2-D02: equivalent count = rate x density x width, unrounded)""]","[""AD2-D02"", ""AD2-D04"", ""P15-BOT-STOP-0.125L""]","[""QI-00118""]",1,False,False,5 /m x 0.5 x 2.273909 m x 4.85 m = 27.571146625 m; x 10^2/162 = 0.617283951 kg/m -> 17.019226312 kg,PRE-S7.1 11_S7_RELEASE_CANDIDATES.csv QI-00116 (manifest 3a67a8641ce4); 1 local bar strips in 04_S7_BAR_RUNS.csv
S7-0041,QI-00117,CMP-0215,SP-1F_ROOF_SLAB-22,PANEL,SP-1F_ROOF_SLAB-22,,RUN-B-012,1F_ROOF_SLAB,BOTTOM_CURTAILED_50,BOTTOM,Y,10,5,,0.5,2.273909,5.6847725,UNRESOLVED,4.85,0.60625,4.24375,0,0.60625,24.124753297,0.617283951,14.891823023,PROJECT_BASIS_QTO,"PROJECT_BASIS_QTO: rate density over the frozen PRE-S7.1 local bar strips; a lower bound of the physical steel (every blocked portion is excluded, not zero); not a bar-by-bar BBS","PROJECT_GEOMETRY (rectangular: local run = clear span); less PROJECT_SOURCE P15-BOT-STOP-0.125L 0.125 x L (L = clear span, from the face of support) at each continuous end",PROJECT_SOURCE: plan callout 5%%c10/m on SP-1F_ROOF_SLAB-22 -> 5 bars/m of Ø10; equivalent count by URBAN_RATE_DENSITY (AD2-D02); PHYSICAL_BBS_COUNT UNRESOLVED,PROJECT_SOURCE: P15-BOT-STOP-0.125L 'STOP 50% OF BOT. REINF. BALANCE CONTINUOUS' -> 0.5 (AD2-D04 exact 0.5 / 0.5 density; which physical bars stop stays a BBS question),0.125,P15-BOT-STOP-0.125L,PROJECT_SOURCE,CLEAR_SPAN,PROJECT_SOURCE,FACE_OF_SUPPORT,PROJECT_SOURCE,"ENGINEERING_DERIVED (unqualified plan callout; '/Top' and '(T&B)' are marked, plan note 2 gives the top steel over beams; p.15: bottom bars 'see schedule or plan')","[""token 710 (5%%c10/m)"", ""P15-BOT-STOP-0.125L""]","[""URBAN_RATE_DENSITY (AD2-D02: equivalent count = rate x density x width, unrounded)""]","[""AD2-D02"", ""AD2-D04"", ""P15-BOT-STOP-0.125L""]","[""QI-00119""]",1,False,False,5 /m x 0.5 x 2.273909 m x 4.24375 m = 24.124753297 m; x 10^2/162 = 0.617283951 kg/m -> 14.891823023 kg,PRE-S7.1 11_S7_RELEASE_CANDIDATES.csv QI-00117 (manifest 3a67a8641ce4); 1 local bar strips in 04_S7_BAR_RUNS.csv
S7-0042,QI-00120,CMP-0220,SP-1F_ROOF_SLAB-23,PANEL,SP-1F_ROOF_SLAB-23,,RUN-B-015,1F_ROOF_SLAB,BOTTOM_CONTINUING_50,BOTTOM,X,10,6,,0.5,4.85,14.55,UNRESOLVED,2.273908,,2.273908,0,,33.0853614,0.617283951,20.423062593,PROJECT_BASIS_QTO,"PROJECT_BASIS_QTO: rate density over the frozen PRE-S7.1 local bar strips; a lower bound of the physical steel (every blocked portion is excluded, not zero); not a bar-by-bar BBS",PROJECT_GEOMETRY (rectangular: local run = clear span); face to face of the supports (the portion beyond each face is a blocked complement),PROJECT_SOURCE: plan callout 6%%c10/m on SP-1F_ROOF_SLAB-23 -> 6 bars/m of Ø10; equivalent count by URBAN_RATE_DENSITY (AD2-D02); PHYSICAL_BBS_COUNT UNRESOLVED,PROJECT_SOURCE: P15-BOT-STOP-0.125L 'STOP 50% OF BOT. REINF. BALANCE CONTINUOUS' -> 0.5 (AD2-D04 exact 0.5 / 0.5 density; which physical bars stop stays a BBS question),,,,LOCAL_CLEAR_SPAN (face to face along each bar line),PROJECT_GEOMETRY,SUPPORT_FACE,PROJECT_GEOMETRY,"ENGINEERING_DERIVED (unqualified plan callout; '/Top' and '(T&B)' are marked, plan note 2 gives the top steel over beams; p.15: bottom bars 'see schedule or plan')","[""token 700 (6%%c10/m)"", ""P15-BOT-STOP-0.125L""]","[""URBAN_RATE_DENSITY (AD2-D02: equivalent count = rate x density x width, unrounded)""]","[""AD2-D02"", ""AD2-D04"", ""P15-BOT-STOP-0.125L""]","[""QI-00122"", ""QI-00124""]",28,False,False,6 /m x 0.5 x 4.85 m x 2.273908 m = 33.0853614 m; x 10^2/162 = 0.617283951 kg/m -> 20.423062593 kg,PRE-S7.1 11_S7_RELEASE_CANDIDATES.csv QI-00120 (manifest 3a67a8641ce4); 28 local bar strips in 04_S7_BAR_RUNS.csv
S7-0043,QI-00121,CMP-0219,SP-1F_ROOF_SLAB-23,PANEL,SP-1F_ROOF_SLAB-23,,RUN-B-015,1F_ROOF_SLAB,BOTTOM_CURTAILED_50,BOTTOM,X,10,6,,0.5,4.85,14.55,UNRESOLVED,2.273908,0.568477,1.705431,0,0.568477,24.81402105,0.617283951,15.317296944,PROJECT_BASIS_QTO,"PROJECT_BASIS_QTO: rate density over the frozen PRE-S7.1 local bar strips; a lower bound of the physical steel (every blocked portion is excluded, not zero); not a bar-by-bar BBS","PROJECT_GEOMETRY (rectangular: local run = clear span); less PROJECT_SOURCE P15-BOT-STOP-0.125L 0.125 x L (L = clear span, from the face of support) at each continuous end and, under AD2-D15, each continuity-unresolved end",PROJECT_SOURCE: plan callout 6%%c10/m on SP-1F_ROOF_SLAB-23 -> 6 bars/m of Ø10; equivalent count by URBAN_RATE_DENSITY (AD2-D02); PHYSICAL_BBS_COUNT UNRESOLVED,PROJECT_SOURCE: P15-BOT-STOP-0.125L 'STOP 50% OF BOT. REINF. BALANCE CONTINUOUS' -> 0.5 (AD2-D04 exact 0.5 / 0.5 density; which physical bars stop stays a BBS question),0.125,P15-BOT-STOP-0.125L,PROJECT_SOURCE,CLEAR_SPAN,PROJECT_SOURCE,FACE_OF_SUPPORT,PROJECT_SOURCE,"ENGINEERING_DERIVED (unqualified plan callout; '/Top' and '(T&B)' are marked, plan note 2 gives the top steel over beams; p.15: bottom bars 'see schedule or plan')","[""token 700 (6%%c10/m)"", ""P15-BOT-STOP-0.125L""]","[""URBAN_RATE_DENSITY (AD2-D02: equivalent count = rate x density x width, unrounded)"", ""AD2-D15 (a continuity-unresolved end stops the curtailed half as a continuous end would; its 0.125 L zone is a blocked complement)""]","[""AD2-D02"", ""AD2-D04"", ""P15-BOT-STOP-0.125L""]","[""QI-00123""]",28,False,False,6 /m x 0.5 x 4.85 m x 1.705431 m = 24.81402105 m; x 10^2/162 = 0.617283951 kg/m -> 15.317296944 kg,PRE-S7.1 11_S7_RELEASE_CANDIDATES.csv QI-00121 (manifest 3a67a8641ce4); 28 local bar strips in 04_S7_BAR_RUNS.csv
S7-0044,QI-00125,CMP-0222,SP-1F_ROOF_SLAB-23,PANEL,SP-1F_ROOF_SLAB-23,,RUN-B-004,1F_ROOF_SLAB,BOTTOM_CONTINUING_50,BOTTOM,Y,10,5,,0.5,2.273908,5.68477,UNRESOLVED,4.85,,4.85,0,,27.5711345,0.617283951,17.019218827,PROJECT_BASIS_QTO,"PROJECT_BASIS_QTO: rate density over the frozen PRE-S7.1 local bar strips; a lower bound of the physical steel (every blocked portion is excluded, not zero); not a bar-by-bar BBS",PROJECT_GEOMETRY (rectangular: local run = clear span); face to face of the supports (the portion beyond each face is a blocked complement),PROJECT_SOURCE: plan callout 5%%c10/m on SP-1F_ROOF_SLAB-23 -> 5 bars/m of Ø10; equivalent count by URBAN_RATE_DENSITY (AD2-D02); PHYSICAL_BBS_COUNT UNRESOLVED,PROJECT_SOURCE: P15-BOT-STOP-0.125L 'STOP 50% OF BOT. REINF. BALANCE CONTINUOUS' -> 0.5 (AD2-D04 exact 0.5 / 0.5 density; which physical bars stop stays a BBS question),,,,LOCAL_CLEAR_SPAN (face to face along each bar line),PROJECT_GEOMETRY,SUPPORT_FACE,PROJECT_GEOMETRY,"ENGINEERING_DERIVED (unqualified plan callout; '/Top' and '(T&B)' are marked, plan note 2 gives the top steel over beams; p.15: bottom bars 'see schedule or plan')","[""token 701 (5%%c10/m)"", ""P15-BOT-STOP-0.125L""]","[""URBAN_RATE_DENSITY (AD2-D02: equivalent count = rate x density x width, unrounded)""]","[""AD2-D02"", ""AD2-D04"", ""P15-BOT-STOP-0.125L""]","[""QI-00127"", ""QI-00588""]",3,False,False,5 /m x 0.5 x 2.273908 m x 4.85 m = 27.5711345 m; x 10^2/162 = 0.617283951 kg/m -> 17.019218827 kg,PRE-S7.1 11_S7_RELEASE_CANDIDATES.csv QI-00125 (manifest 3a67a8641ce4); 3 local bar strips in 04_S7_BAR_RUNS.csv
S7-0045,QI-00126,CMP-0221,SP-1F_ROOF_SLAB-23,PANEL,SP-1F_ROOF_SLAB-23,,RUN-B-004,1F_ROOF_SLAB,BOTTOM_CURTAILED_50,BOTTOM,Y,10,5,,0.5,2.273908,5.68477,UNRESOLVED,4.85,0.60625,4.24375,0,0.60625,24.124742688,0.617283951,14.891816474,PROJECT_BASIS_QTO,"PROJECT_BASIS_QTO: rate density over the frozen PRE-S7.1 local bar strips; a lower bound of the physical steel (every blocked portion is excluded, not zero); not a bar-by-bar BBS","PROJECT_GEOMETRY (rectangular: local run = clear span); less PROJECT_SOURCE P15-BOT-STOP-0.125L 0.125 x L (L = clear span, from the face of support) at each continuous end",PROJECT_SOURCE: plan callout 5%%c10/m on SP-1F_ROOF_SLAB-23 -> 5 bars/m of Ø10; equivalent count by URBAN_RATE_DENSITY (AD2-D02); PHYSICAL_BBS_COUNT UNRESOLVED,PROJECT_SOURCE: P15-BOT-STOP-0.125L 'STOP 50% OF BOT. REINF. BALANCE CONTINUOUS' -> 0.5 (AD2-D04 exact 0.5 / 0.5 density; which physical bars stop stays a BBS question),0.125,P15-BOT-STOP-0.125L,PROJECT_SOURCE,CLEAR_SPAN,PROJECT_SOURCE,FACE_OF_SUPPORT,PROJECT_SOURCE,"ENGINEERING_DERIVED (unqualified plan callout; '/Top' and '(T&B)' are marked, plan note 2 gives the top steel over beams; p.15: bottom bars 'see schedule or plan')","[""token 701 (5%%c10/m)"", ""P15-BOT-STOP-0.125L""]","[""URBAN_RATE_DENSITY (AD2-D02: equivalent count = rate x density x width, unrounded)""]","[""AD2-D02"", ""AD2-D04"", ""P15-BOT-STOP-0.125L""]","[""QI-00128""]",3,False,False,5 /m x 0.5 x 2.273908 m x 4.24375 m = 24.124742688 m; x 10^2/162 = 0.617283951 kg/m -> 14.891816474 kg,PRE-S7.1 11_S7_RELEASE_CANDIDATES.csv QI-00126 (manifest 3a67a8641ce4); 3 local bar strips in 04_S7_BAR_RUNS.csv
S7-0046,QI-00129,CMP-0226,SP-1F_ROOF_SLAB-24,PANEL,SP-1F_ROOF_SLAB-24,,RUN-B-016,1F_ROOF_SLAB,BOTTOM_CONTINUING_50,BOTTOM,X,10,5,,0.5,1.042339,2.6058475,UNRESOLVED,4.372183,,4.372183,0,,11.39324214,0.617283951,7.032865519,PROJECT_BASIS_QTO,"PROJECT_BASIS_QTO: rate density over the frozen PRE-S7.1 local bar strips; a lower bound of the physical steel (every blocked portion is excluded, not zero); not a bar-by-bar BBS",PROJECT_GEOMETRY (rectangular: local run = clear span); face to face of the supports (the portion beyond each face is a blocked complement),PROJECT_SOURCE: plan callout 5%%c10/m on SP-1F_ROOF_SLAB-24 -> 5 bars/m of Ø10; equivalent count by URBAN_RATE_DENSITY (AD2-D02); PHYSICAL_BBS_COUNT UNRESOLVED,PROJECT_SOURCE: P15-BOT-STOP-0.125L 'STOP 50% OF BOT. REINF. BALANCE CONTINUOUS' -> 0.5 (AD2-D04 exact 0.5 / 0.5 density; which physical bars stop stays a BBS question),,,,LOCAL_CLEAR_SPAN (face to face along each bar line),PROJECT_GEOMETRY,SUPPORT_FACE,PROJECT_GEOMETRY,"ENGINEERING_DERIVED (unqualified plan callout; '/Top' and '(T&B)' are marked, plan note 2 gives the top steel over beams; p.15: bottom bars 'see schedule or plan')","[""token 754 (5%%c10/m)"", ""P15-BOT-STOP-0.125L""]","[""URBAN_RATE_DENSITY (AD2-D02: equivalent count = rate x density x width, unrounded)""]","[""AD2-D02"", ""AD2-D04"", ""P15-BOT-STOP-0.125L""]","[""QI-00131"", ""QI-00133""]",1,False,False,5 /m x 0.5 x 1.042339 m x 4.372183 m = 11.39324214 m; x 10^2/162 = 0.617283951 kg/m -> 7.032865519 kg,PRE-S7.1 11_S7_RELEASE_CANDIDATES.csv QI-00129 (manifest 3a67a8641ce4); 1 local bar strips in 04_S7_BAR_RUNS.csv
S7-0047,QI-00130,CMP-0225,SP-1F_ROOF_SLAB-24,PANEL,SP-1F_ROOF_SLAB-24,,RUN-B-016,1F_ROOF_SLAB,BOTTOM_CURTAILED_50,BOTTOM,X,10,5,,0.5,1.042339,2.6058475,UNRESOLVED,4.372183,0.546522875,3.825660125,0,0.546522875,9.969086873,0.617283951,6.153757329,PROJECT_BASIS_QTO,"PROJECT_BASIS_QTO: rate density over the frozen PRE-S7.1 local bar strips; a lower bound of the physical steel (every blocked portion is excluded, not zero); not a bar-by-bar BBS","PROJECT_GEOMETRY (rectangular: local run = clear span); less PROJECT_SOURCE P15-BOT-STOP-0.125L 0.125 x L (L = clear span, from the face of support) at each continuous end",PROJECT_SOURCE: plan callout 5%%c10/m on SP-1F_ROOF_SLAB-24 -> 5 bars/m of Ø10; equivalent count by URBAN_RATE_DENSITY (AD2-D02); PHYSICAL_BBS_COUNT UNRESOLVED,PROJECT_SOURCE: P15-BOT-STOP-0.125L 'STOP 50% OF BOT. REINF. BALANCE CONTINUOUS' -> 0.5 (AD2-D04 exact 0.5 / 0.5 density; which physical bars stop stays a BBS question),0.125,P15-BOT-STOP-0.125L,PROJECT_SOURCE,CLEAR_SPAN,PROJECT_SOURCE,FACE_OF_SUPPORT,PROJECT_SOURCE,"ENGINEERING_DERIVED (unqualified plan callout; '/Top' and '(T&B)' are marked, plan note 2 gives the top steel over beams; p.15: bottom bars 'see schedule or plan')","[""token 754 (5%%c10/m)"", ""P15-BOT-STOP-0.125L""]","[""URBAN_RATE_DENSITY (AD2-D02: equivalent count = rate x density x width, unrounded)""]","[""AD2-D02"", ""AD2-D04"", ""P15-BOT-STOP-0.125L""]","[""QI-00132""]",1,False,False,5 /m x 0.5 x 1.042339 m x 3.825660125 m = 9.969086873 m; x 10^2/162 = 0.617283951 kg/m -> 6.153757329 kg,PRE-S7.1 11_S7_RELEASE_CANDIDATES.csv QI-00130 (manifest 3a67a8641ce4); 1 local bar strips in 04_S7_BAR_RUNS.csv
S7-0048,QI-00134,CMP-0227,SP-1F_ROOF_SLAB-24,PANEL,SP-1F_ROOF_SLAB-24,,RUN-B-017,1F_ROOF_SLAB,BOTTOM_CONTINUING_50,BOTTOM,Y,10,5,,0.5,4.372183,10.9304575,UNRESOLVED,1.042339,,1.042339,0,,11.39324214,0.617283951,7.032865519,PROJECT_BASIS_QTO,"PROJECT_BASIS_QTO: rate density over the frozen PRE-S7.1 local bar strips; a lower bound of the physical steel (every blocked portion is excluded, not zero); not a bar-by-bar BBS",PROJECT_GEOMETRY (rectangular: local run = clear span); face to face of the supports (the portion beyond each face is a blocked complement),PROJECT_SOURCE: plan callout 5%%c10/m on SP-1F_ROOF_SLAB-24 -> 5 bars/m of Ø10; equivalent count by URBAN_RATE_DENSITY (AD2-D02); PHYSICAL_BBS_COUNT UNRESOLVED,PROJECT_SOURCE: P15-BOT-STOP-0.125L 'STOP 50% OF BOT. REINF. BALANCE CONTINUOUS' -> 0.5 (AD2-D04 exact 0.5 / 0.5 density; which physical bars stop stays a BBS question),,,,LOCAL_CLEAR_SPAN (face to face along each bar line),PROJECT_GEOMETRY,SUPPORT_FACE,PROJECT_GEOMETRY,"ENGINEERING_DERIVED (unqualified plan callout; '/Top' and '(T&B)' are marked, plan note 2 gives the top steel over beams; p.15: bottom bars 'see schedule or plan')","[""token 755 (5%%c10/m)"", ""P15-BOT-STOP-0.125L""]","[""URBAN_RATE_DENSITY (AD2-D02: equivalent count = rate x density x width, unrounded)""]","[""AD2-D02"", ""AD2-D04"", ""P15-BOT-STOP-0.125L""]","[""QI-00136"", ""QI-00137"", ""QI-00138""]",34,False,False,5 /m x 0.5 x 4.372183 m x 1.042339 m = 11.39324214 m; x 10^2/162 = 0.617283951 kg/m -> 7.032865519 kg,PRE-S7.1 11_S7_RELEASE_CANDIDATES.csv QI-00134 (manifest 3a67a8641ce4); 34 local bar strips in 04_S7_BAR_RUNS.csv
S7-0049,QI-00135,CMP-0227,SP-1F_ROOF_SLAB-24,PANEL,SP-1F_ROOF_SLAB-24,,RUN-B-017,1F_ROOF_SLAB,BOTTOM_CURTAILED_50,BOTTOM,Y,10,5,,0.5,4.372183,10.9304575,UNRESOLVED,1.042339,0.130292375,0.912046625,0,0.130292375,9.969086873,0.617283951,6.153757329,PROJECT_BASIS_QTO,"PROJECT_BASIS_QTO: rate density over the frozen PRE-S7.1 local bar strips; a lower bound of the physical steel (every blocked portion is excluded, not zero); not a bar-by-bar BBS","PROJECT_GEOMETRY (rectangular: local run = clear span); less PROJECT_SOURCE P15-BOT-STOP-0.125L 0.125 x L (L = clear span, from the face of support) at each continuous end and, under AD2-D15, each continuity-unresolved end",PROJECT_SOURCE: plan callout 5%%c10/m on SP-1F_ROOF_SLAB-24 -> 5 bars/m of Ø10; equivalent count by URBAN_RATE_DENSITY (AD2-D02); PHYSICAL_BBS_COUNT UNRESOLVED,PROJECT_SOURCE: P15-BOT-STOP-0.125L 'STOP 50% OF BOT. REINF. BALANCE CONTINUOUS' -> 0.5 (AD2-D04 exact 0.5 / 0.5 density; which physical bars stop stays a BBS question),0.125,P15-BOT-STOP-0.125L,PROJECT_SOURCE,CLEAR_SPAN,PROJECT_SOURCE,FACE_OF_SUPPORT,PROJECT_SOURCE,"ENGINEERING_DERIVED (unqualified plan callout; '/Top' and '(T&B)' are marked, plan note 2 gives the top steel over beams; p.15: bottom bars 'see schedule or plan')","[""token 755 (5%%c10/m)"", ""P15-BOT-STOP-0.125L""]","[""URBAN_RATE_DENSITY (AD2-D02: equivalent count = rate x density x width, unrounded)"", ""AD2-D15 (a continuity-unresolved end stops the curtailed half as a continuous end would; its 0.125 L zone is a blocked complement)""]","[""AD2-D02"", ""AD2-D04"", ""P15-BOT-STOP-0.125L""]","[""QI-00136"", ""QI-00137"", ""QI-00138""]",34,False,False,5 /m x 0.5 x 4.372183 m x 0.912046625 m = 9.969086873 m; x 10^2/162 = 0.617283951 kg/m -> 6.153757329 kg,PRE-S7.1 11_S7_RELEASE_CANDIDATES.csv QI-00135 (manifest 3a67a8641ce4); 34 local bar strips in 04_S7_BAR_RUNS.csv
S7-0050,QI-00139,CMP-0231,SP-1F_ROOF_SLAB-25,PANEL,SP-1F_ROOF_SLAB-25,,RUN-B-018,1F_ROOF_SLAB,BOTTOM_CONTINUING_50,BOTTOM,X,10,5,,0.5,1.142339,2.8558475,UNRESOLVED,4.1,,4.1,0,,11.70897475,0.617283951,7.227762191,PROJECT_BASIS_QTO,"PROJECT_BASIS_QTO: rate density over the frozen PRE-S7.1 local bar strips; a lower bound of the physical steel (every blocked portion is excluded, not zero); not a bar-by-bar BBS",PROJECT_GEOMETRY (rectangular: local run = clear span); face to face of the supports (the portion beyond each face is a blocked complement),PROJECT_SOURCE: plan callout 5%%c10/m on SP-1F_ROOF_SLAB-25 -> 5 bars/m of Ø10; equivalent count by URBAN_RATE_DENSITY (AD2-D02); PHYSICAL_BBS_COUNT UNRESOLVED,PROJECT_SOURCE: P15-BOT-STOP-0.125L 'STOP 50% OF BOT. REINF. BALANCE CONTINUOUS' -> 0.5 (AD2-D04 exact 0.5 / 0.5 density; which physical bars stop stays a BBS question),,,,LOCAL_CLEAR_SPAN (face to face along each bar line),PROJECT_GEOMETRY,SUPPORT_FACE,PROJECT_GEOMETRY,"ENGINEERING_DERIVED (unqualified plan callout; '/Top' and '(T&B)' are marked, plan note 2 gives the top steel over beams; p.15: bottom bars 'see schedule or plan')","[""token 715 (5%%c10/m)"", ""P15-BOT-STOP-0.125L""]","[""URBAN_RATE_DENSITY (AD2-D02: equivalent count = rate x density x width, unrounded)""]","[""AD2-D02"", ""AD2-D04"", ""P15-BOT-STOP-0.125L""]","[""QI-00141"", ""QI-00143""]",2,False,False,5 /m x 0.5 x 1.142339 m x 4.1 m = 11.70897475 m; x 10^2/162 = 0.617283951 kg/m -> 7.227762191 kg,PRE-S7.1 11_S7_RELEASE_CANDIDATES.csv QI-00139 (manifest 3a67a8641ce4); 2 local bar strips in 04_S7_BAR_RUNS.csv
S7-0051,QI-00140,CMP-0230,SP-1F_ROOF_SLAB-25,PANEL,SP-1F_ROOF_SLAB-25,,RUN-B-018,1F_ROOF_SLAB,BOTTOM_CURTAILED_50,BOTTOM,X,10,5,,0.5,1.142339,2.8558475,UNRESOLVED,4.1,0.5125,3.5875,0,0.5125,10.245352906,0.617283951,6.324291917,PROJECT_BASIS_QTO,"PROJECT_BASIS_QTO: rate density over the frozen PRE-S7.1 local bar strips; a lower bound of the physical steel (every blocked portion is excluded, not zero); not a bar-by-bar BBS","PROJECT_GEOMETRY (rectangular: local run = clear span); less PROJECT_SOURCE P15-BOT-STOP-0.125L 0.125 x L (L = clear span, from the face of support) at each continuous end",PROJECT_SOURCE: plan callout 5%%c10/m on SP-1F_ROOF_SLAB-25 -> 5 bars/m of Ø10; equivalent count by URBAN_RATE_DENSITY (AD2-D02); PHYSICAL_BBS_COUNT UNRESOLVED,PROJECT_SOURCE: P15-BOT-STOP-0.125L 'STOP 50% OF BOT. REINF. BALANCE CONTINUOUS' -> 0.5 (AD2-D04 exact 0.5 / 0.5 density; which physical bars stop stays a BBS question),0.125,P15-BOT-STOP-0.125L,PROJECT_SOURCE,CLEAR_SPAN,PROJECT_SOURCE,FACE_OF_SUPPORT,PROJECT_SOURCE,"ENGINEERING_DERIVED (unqualified plan callout; '/Top' and '(T&B)' are marked, plan note 2 gives the top steel over beams; p.15: bottom bars 'see schedule or plan')","[""token 715 (5%%c10/m)"", ""P15-BOT-STOP-0.125L""]","[""URBAN_RATE_DENSITY (AD2-D02: equivalent count = rate x density x width, unrounded)""]","[""AD2-D02"", ""AD2-D04"", ""P15-BOT-STOP-0.125L""]","[""QI-00142""]",2,False,False,5 /m x 0.5 x 1.142339 m x 3.5875 m = 10.245352906 m; x 10^2/162 = 0.617283951 kg/m -> 6.324291917 kg,PRE-S7.1 11_S7_RELEASE_CANDIDATES.csv QI-00140 (manifest 3a67a8641ce4); 2 local bar strips in 04_S7_BAR_RUNS.csv
S7-0052,QI-00144,CMP-0232,SP-1F_ROOF_SLAB-25,PANEL,SP-1F_ROOF_SLAB-25,,RUN-B-019,1F_ROOF_SLAB,BOTTOM_CONTINUING_50,BOTTOM,Y,10,5,,0.5,4.1,10.25,UNRESOLVED,1.142339,,1.142339,0,,11.70897475,0.617283951,7.227762191,PROJECT_BASIS_QTO,"PROJECT_BASIS_QTO: rate density over the frozen PRE-S7.1 local bar strips; a lower bound of the physical steel (every blocked portion is excluded, not zero); not a bar-by-bar BBS",PROJECT_GEOMETRY (rectangular: local run = clear span); face to face of the supports (the portion beyond each face is a blocked complement),PROJECT_SOURCE: plan callout 5%%c10/m on SP-1F_ROOF_SLAB-25 -> 5 bars/m of Ø10; equivalent count by URBAN_RATE_DENSITY (AD2-D02); PHYSICAL_BBS_COUNT UNRESOLVED,PROJECT_SOURCE: P15-BOT-STOP-0.125L 'STOP 50% OF BOT. REINF. BALANCE CONTINUOUS' -> 0.5 (AD2-D04 exact 0.5 / 0.5 density; which physical bars stop stays a BBS question),,,,LOCAL_CLEAR_SPAN (face to face along each bar line),PROJECT_GEOMETRY,SUPPORT_FACE,PROJECT_GEOMETRY,"ENGINEERING_DERIVED (unqualified plan callout; '/Top' and '(T&B)' are marked, plan note 2 gives the top steel over beams; p.15: bottom bars 'see schedule or plan')","[""token 716 (5%%c10/m)"", ""P15-BOT-STOP-0.125L""]","[""URBAN_RATE_DENSITY (AD2-D02: equivalent count = rate x density x width, unrounded)""]","[""AD2-D02"", ""AD2-D04"", ""P15-BOT-STOP-0.125L""]","[""QI-00146"", ""QI-00147"", ""QI-00148""]",30,False,False,5 /m x 0.5 x 4.1 m x 1.142339 m = 11.70897475 m; x 10^2/162 = 0.617283951 kg/m -> 7.227762191 kg,PRE-S7.1 11_S7_RELEASE_CANDIDATES.csv QI-00144 (manifest 3a67a8641ce4); 30 local bar strips in 04_S7_BAR_RUNS.csv
S7-0053,QI-00145,CMP-0232,SP-1F_ROOF_SLAB-25,PANEL,SP-1F_ROOF_SLAB-25,,RUN-B-019,1F_ROOF_SLAB,BOTTOM_CURTAILED_50,BOTTOM,Y,10,5,,0.5,4.1,10.25,UNRESOLVED,1.142339,0.142792375,0.999546625,0,0.142792375,10.245352906,0.617283951,6.324291917,PROJECT_BASIS_QTO,"PROJECT_BASIS_QTO: rate density over the frozen PRE-S7.1 local bar strips; a lower bound of the physical steel (every blocked portion is excluded, not zero); not a bar-by-bar BBS","PROJECT_GEOMETRY (rectangular: local run = clear span); less PROJECT_SOURCE P15-BOT-STOP-0.125L 0.125 x L (L = clear span, from the face of support) at each continuous end and, under AD2-D15, each continuity-unresolved end",PROJECT_SOURCE: plan callout 5%%c10/m on SP-1F_ROOF_SLAB-25 -> 5 bars/m of Ø10; equivalent count by URBAN_RATE_DENSITY (AD2-D02); PHYSICAL_BBS_COUNT UNRESOLVED,PROJECT_SOURCE: P15-BOT-STOP-0.125L 'STOP 50% OF BOT. REINF. BALANCE CONTINUOUS' -> 0.5 (AD2-D04 exact 0.5 / 0.5 density; which physical bars stop stays a BBS question),0.125,P15-BOT-STOP-0.125L,PROJECT_SOURCE,CLEAR_SPAN,PROJECT_SOURCE,FACE_OF_SUPPORT,PROJECT_SOURCE,"ENGINEERING_DERIVED (unqualified plan callout; '/Top' and '(T&B)' are marked, plan note 2 gives the top steel over beams; p.15: bottom bars 'see schedule or plan')","[""token 716 (5%%c10/m)"", ""P15-BOT-STOP-0.125L""]","[""URBAN_RATE_DENSITY (AD2-D02: equivalent count = rate x density x width, unrounded)"", ""AD2-D15 (a continuity-unresolved end stops the curtailed half as a continuous end would; its 0.125 L zone is a blocked complement)""]","[""AD2-D02"", ""AD2-D04"", ""P15-BOT-STOP-0.125L""]","[""QI-00146"", ""QI-00147"", ""QI-00148""]",30,False,False,5 /m x 0.5 x 4.1 m x 0.999546625 m = 10.245352906 m; x 10^2/162 = 0.617283951 kg/m -> 6.324291917 kg,PRE-S7.1 11_S7_RELEASE_CANDIDATES.csv QI-00145 (manifest 3a67a8641ce4); 30 local bar strips in 04_S7_BAR_RUNS.csv
S7-0054,QI-00157,CMP-0248,SP-2F_ROOF_SLAB-03,PANEL,SP-2F_ROOF_SLAB-03,,RUN-B-020,2F_ROOF_SLAB,BOTTOM_CONTINUING_50,BOTTOM,X,10,5,,0.5,1.8,4.5,UNRESOLVED,1.8,,1.8,0,,8.1,0.617283951,5,PROJECT_BASIS_QTO,"PROJECT_BASIS_QTO: rate density over the frozen PRE-S7.1 local bar strips; a lower bound of the physical steel (every blocked portion is excluded, not zero); not a bar-by-bar BBS",PROJECT_GEOMETRY (rectangular: local run = clear span); face to face of the supports (the portion beyond each face is a blocked complement),PROJECT_SOURCE: plan callout 5%%c10/m on SP-2F_ROOF_SLAB-03 -> 5 bars/m of Ø10; equivalent count by URBAN_RATE_DENSITY (AD2-D02); PHYSICAL_BBS_COUNT UNRESOLVED,PROJECT_SOURCE: P15-BOT-STOP-0.125L 'STOP 50% OF BOT. REINF. BALANCE CONTINUOUS' -> 0.5 (AD2-D04 exact 0.5 / 0.5 density; which physical bars stop stays a BBS question),,,,LOCAL_CLEAR_SPAN (face to face along each bar line),PROJECT_GEOMETRY,SUPPORT_FACE,PROJECT_GEOMETRY,"ENGINEERING_DERIVED (unqualified plan callout; '/Top' and '(T&B)' are marked, plan note 2 gives the top steel over beams; p.15: bottom bars 'see schedule or plan')","[""token 793 (5%%c10/m)"", ""P15-BOT-STOP-0.125L""]","[""URBAN_RATE_DENSITY (AD2-D02: equivalent count = rate x density x width, unrounded)""]","[""AD2-D02"", ""AD2-D04"", ""P15-BOT-STOP-0.125L""]","[""QI-00159"", ""QI-00160"", ""QI-00163"", ""QI-00164""]",12,False,False,5 /m x 0.5 x 1.8 m x 1.8 m = 8.1 m; x 10^2/162 = 0.617283951 kg/m -> 5 kg,PRE-S7.1 11_S7_RELEASE_CANDIDATES.csv QI-00157 (manifest 3a67a8641ce4); 12 local bar strips in 04_S7_BAR_RUNS.csv
S7-0055,QI-00158,CMP-0247,SP-2F_ROOF_SLAB-03,PANEL,SP-2F_ROOF_SLAB-03,,RUN-B-020,2F_ROOF_SLAB,BOTTOM_CURTAILED_50,BOTTOM,X,10,5,,0.5,1.8,4.5,UNRESOLVED,1.8,0.425,1.375,0,0.425,6.1875,0.617283951,3.819444444,PROJECT_BASIS_QTO,"PROJECT_BASIS_QTO: rate density over the frozen PRE-S7.1 local bar strips; a lower bound of the physical steel (every blocked portion is excluded, not zero); not a bar-by-bar BBS","PROJECT_GEOMETRY (rectangular: local run = clear span); less PROJECT_SOURCE P15-BOT-STOP-0.125L 0.125 x L (L = clear span, from the face of support) at each continuous end and, under AD2-D15, each continuity-unresolved end",PROJECT_SOURCE: plan callout 5%%c10/m on SP-2F_ROOF_SLAB-03 -> 5 bars/m of Ø10; equivalent count by URBAN_RATE_DENSITY (AD2-D02); PHYSICAL_BBS_COUNT UNRESOLVED,PROJECT_SOURCE: P15-BOT-STOP-0.125L 'STOP 50% OF BOT. REINF. BALANCE CONTINUOUS' -> 0.5 (AD2-D04 exact 0.5 / 0.5 density; which physical bars stop stays a BBS question),0.125,P15-BOT-STOP-0.125L,PROJECT_SOURCE,CLEAR_SPAN,PROJECT_SOURCE,FACE_OF_SUPPORT,PROJECT_SOURCE,"ENGINEERING_DERIVED (unqualified plan callout; '/Top' and '(T&B)' are marked, plan note 2 gives the top steel over beams; p.15: bottom bars 'see schedule or plan')","[""token 793 (5%%c10/m)"", ""P15-BOT-STOP-0.125L""]","[""URBAN_RATE_DENSITY (AD2-D02: equivalent count = rate x density x width, unrounded)"", ""AD2-D15 (a continuity-unresolved end stops the curtailed half as a continuous end would; its 0.125 L zone is a blocked complement)""]","[""AD2-D02"", ""AD2-D04"", ""P15-BOT-STOP-0.125L""]","[""QI-00161"", ""QI-00162""]",12,False,False,5 /m x 0.5 x 1.8 m x 1.375 m = 6.1875 m; x 10^2/162 = 0.617283951 kg/m -> 3.819444444 kg,PRE-S7.1 11_S7_RELEASE_CANDIDATES.csv QI-00158 (manifest 3a67a8641ce4); 12 local bar strips in 04_S7_BAR_RUNS.csv
S7-0056,QI-00165,CMP-0250,SP-2F_ROOF_SLAB-03,PANEL,SP-2F_ROOF_SLAB-03,,RUN-B-021,2F_ROOF_SLAB,BOTTOM_CONTINUING_50,BOTTOM,Y,10,5,,0.5,1.8,4.5,UNRESOLVED,1.8,,1.8,0,,8.1,0.617283951,5,PROJECT_BASIS_QTO,"PROJECT_BASIS_QTO: rate density over the frozen PRE-S7.1 local bar strips; a lower bound of the physical steel (every blocked portion is excluded, not zero); not a bar-by-bar BBS",PROJECT_GEOMETRY (rectangular: local run = clear span); face to face of the supports (the portion beyond each face is a blocked complement),PROJECT_SOURCE: plan callout 5%%c10/m on SP-2F_ROOF_SLAB-03 -> 5 bars/m of Ø10; equivalent count by URBAN_RATE_DENSITY (AD2-D02); PHYSICAL_BBS_COUNT UNRESOLVED,PROJECT_SOURCE: P15-BOT-STOP-0.125L 'STOP 50% OF BOT. REINF. BALANCE CONTINUOUS' -> 0.5 (AD2-D04 exact 0.5 / 0.5 density; which physical bars stop stays a BBS question),,,,LOCAL_CLEAR_SPAN (face to face along each bar line),PROJECT_GEOMETRY,SUPPORT_FACE,PROJECT_GEOMETRY,"ENGINEERING_DERIVED (unqualified plan callout; '/Top' and '(T&B)' are marked, plan note 2 gives the top steel over beams; p.15: bottom bars 'see schedule or plan')","[""token 791 (5%%c10/m)"", ""P15-BOT-STOP-0.125L""]","[""URBAN_RATE_DENSITY (AD2-D02: equivalent count = rate x density x width, unrounded)""]","[""AD2-D02"", ""AD2-D04"", ""P15-BOT-STOP-0.125L""]","[""QI-00167"", ""QI-00595""]",1,False,False,5 /m x 0.5 x 1.8 m x 1.8 m = 8.1 m; x 10^2/162 = 0.617283951 kg/m -> 5 kg,PRE-S7.1 11_S7_RELEASE_CANDIDATES.csv QI-00165 (manifest 3a67a8641ce4); 1 local bar strips in 04_S7_BAR_RUNS.csv
S7-0057,QI-00166,CMP-0249,SP-2F_ROOF_SLAB-03,PANEL,SP-2F_ROOF_SLAB-03,,RUN-B-021,2F_ROOF_SLAB,BOTTOM_CURTAILED_50,BOTTOM,Y,10,5,,0.5,1.8,4.5,UNRESOLVED,1.8,0.45,1.35,0,0.45,6.075,0.617283951,3.75,PROJECT_BASIS_QTO,"PROJECT_BASIS_QTO: rate density over the frozen PRE-S7.1 local bar strips; a lower bound of the physical steel (every blocked portion is excluded, not zero); not a bar-by-bar BBS","PROJECT_GEOMETRY (rectangular: local run = clear span); less PROJECT_SOURCE P15-BOT-STOP-0.125L 0.125 x L (L = clear span, from the face of support) at each continuous end and, under AD2-D15, each continuity-unresolved end",PROJECT_SOURCE: plan callout 5%%c10/m on SP-2F_ROOF_SLAB-03 -> 5 bars/m of Ø10; equivalent count by URBAN_RATE_DENSITY (AD2-D02); PHYSICAL_BBS_COUNT UNRESOLVED,PROJECT_SOURCE: P15-BOT-STOP-0.125L 'STOP 50% OF BOT. REINF. BALANCE CONTINUOUS' -> 0.5 (AD2-D04 exact 0.5 / 0.5 density; which physical bars stop stays a BBS question),0.125,P15-BOT-STOP-0.125L,PROJECT_SOURCE,CLEAR_SPAN,PROJECT_SOURCE,FACE_OF_SUPPORT,PROJECT_SOURCE,"ENGINEERING_DERIVED (unqualified plan callout; '/Top' and '(T&B)' are marked, plan note 2 gives the top steel over beams; p.15: bottom bars 'see schedule or plan')","[""token 791 (5%%c10/m)"", ""P15-BOT-STOP-0.125L""]","[""URBAN_RATE_DENSITY (AD2-D02: equivalent count = rate x density x width, unrounded)"", ""AD2-D15 (a continuity-unresolved end stops the curtailed half as a continuous end would; its 0.125 L zone is a blocked complement)""]","[""AD2-D02"", ""AD2-D04"", ""P15-BOT-STOP-0.125L""]","[""QI-00168""]",1,False,False,5 /m x 0.5 x 1.8 m x 1.35 m = 6.075 m; x 10^2/162 = 0.617283951 kg/m -> 3.75 kg,PRE-S7.1 11_S7_RELEASE_CANDIDATES.csv QI-00166 (manifest 3a67a8641ce4); 1 local bar strips in 04_S7_BAR_RUNS.csv
S7-0058,QI-00169,CMP-0254,SP-2F_ROOF_SLAB-04,PANEL,SP-2F_ROOF_SLAB-04,,RUN-B-022,2F_ROOF_SLAB,BOTTOM_CONTINUING_50,BOTTOM,X,10,7,,0.5,5,17.5,UNRESOLVED,3,,3,0,,52.5,0.617283951,32.407407407,PROJECT_BASIS_QTO,"PROJECT_BASIS_QTO: rate density over the frozen PRE-S7.1 local bar strips; a lower bound of the physical steel (every blocked portion is excluded, not zero); not a bar-by-bar BBS",PROJECT_GEOMETRY (rectangular: local run = clear span); face to face of the supports (the portion beyond each face is a blocked complement),PROJECT_SOURCE: plan callout 7%%C10/m on SP-2F_ROOF_SLAB-04 -> 7 bars/m of Ø10; equivalent count by URBAN_RATE_DENSITY (AD2-D02); PHYSICAL_BBS_COUNT UNRESOLVED,PROJECT_SOURCE: P15-BOT-STOP-0.125L 'STOP 50% OF BOT. REINF. BALANCE CONTINUOUS' -> 0.5 (AD2-D04 exact 0.5 / 0.5 density; which physical bars stop stays a BBS question),,,,LOCAL_CLEAR_SPAN (face to face along each bar line),PROJECT_GEOMETRY,SUPPORT_FACE,PROJECT_GEOMETRY,"ENGINEERING_DERIVED (unqualified plan callout; '/Top' and '(T&B)' are marked, plan note 2 gives the top steel over beams; p.15: bottom bars 'see schedule or plan')","[""token 7B8 (7%%C10/m)"", ""P15-BOT-STOP-0.125L""]","[""URBAN_RATE_DENSITY (AD2-D02: equivalent count = rate x density x width, unrounded)""]","[""AD2-D02"", ""AD2-D04"", ""P15-BOT-STOP-0.125L""]","[""QI-00171"", ""QI-00172"", ""QI-00173"", ""QI-00177""]",17,False,False,7 /m x 0.5 x 5 m x 3 m = 52.5 m; x 10^2/162 = 0.617283951 kg/m -> 32.407407407 kg,PRE-S7.1 11_S7_RELEASE_CANDIDATES.csv QI-00169 (manifest 3a67a8641ce4); 17 local bar strips in 04_S7_BAR_RUNS.csv
S7-0059,QI-00170,CMP-0253,SP-2F_ROOF_SLAB-04,PANEL,SP-2F_ROOF_SLAB-04,,RUN-B-022,2F_ROOF_SLAB,BOTTOM_CURTAILED_50,BOTTOM,X,10,7,,0.5,5,17.5,UNRESOLVED,3,0.388629975,2.611370025,0,0.388629975,45.698975438,0.617283951,28.209244097,PROJECT_BASIS_QTO,"PROJECT_BASIS_QTO: rate density over the frozen PRE-S7.1 local bar strips; a lower bound of the physical steel (every blocked portion is excluded, not zero); not a bar-by-bar BBS","PROJECT_GEOMETRY (rectangular: local run = clear span); less PROJECT_SOURCE P15-BOT-STOP-0.125L 0.125 x L (L = clear span, from the face of support) at each continuous end and, under AD2-D15, each continuity-unresolved end",PROJECT_SOURCE: plan callout 7%%C10/m on SP-2F_ROOF_SLAB-04 -> 7 bars/m of Ø10; equivalent count by URBAN_RATE_DENSITY (AD2-D02); PHYSICAL_BBS_COUNT UNRESOLVED,PROJECT_SOURCE: P15-BOT-STOP-0.125L 'STOP 50% OF BOT. REINF. BALANCE CONTINUOUS' -> 0.5 (AD2-D04 exact 0.5 / 0.5 density; which physical bars stop stays a BBS question),0.125,P15-BOT-STOP-0.125L,PROJECT_SOURCE,CLEAR_SPAN,PROJECT_SOURCE,FACE_OF_SUPPORT,PROJECT_SOURCE,"ENGINEERING_DERIVED (unqualified plan callout; '/Top' and '(T&B)' are marked, plan note 2 gives the top steel over beams; p.15: bottom bars 'see schedule or plan')","[""token 7B8 (7%%C10/m)"", ""P15-BOT-STOP-0.125L""]","[""URBAN_RATE_DENSITY (AD2-D02: equivalent count = rate x density x width, unrounded)"", ""AD2-D15 (a continuity-unresolved end stops the curtailed half as a continuous end would; its 0.125 L zone is a blocked complement)""]","[""AD2-D02"", ""AD2-D04"", ""P15-BOT-STOP-0.125L""]","[""QI-00174"", ""QI-00175"", ""QI-00176""]",17,False,False,7 /m x 0.5 x 5 m x 2.611370025 m = 45.698975438 m; x 10^2/162 = 0.617283951 kg/m -> 28.209244097 kg,PRE-S7.1 11_S7_RELEASE_CANDIDATES.csv QI-00170 (manifest 3a67a8641ce4); 17 local bar strips in 04_S7_BAR_RUNS.csv
S7-0060,QI-00178,CMP-0256,SP-2F_ROOF_SLAB-04,PANEL,SP-2F_ROOF_SLAB-04,,RUN-B-023,2F_ROOF_SLAB,BOTTOM_CONTINUING_50,BOTTOM,Y,10,6,,0.5,3,9,UNRESOLVED,5,,5,0,,45,0.617283951,27.777777778,PROJECT_BASIS_QTO,"PROJECT_BASIS_QTO: rate density over the frozen PRE-S7.1 local bar strips; a lower bound of the physical steel (every blocked portion is excluded, not zero); not a bar-by-bar BBS",PROJECT_GEOMETRY (rectangular: local run = clear span); face to face of the supports (the portion beyond each face is a blocked complement),PROJECT_SOURCE: plan callout 6%%C10/m on SP-2F_ROOF_SLAB-04 -> 6 bars/m of Ø10; equivalent count by URBAN_RATE_DENSITY (AD2-D02); PHYSICAL_BBS_COUNT UNRESOLVED,PROJECT_SOURCE: P15-BOT-STOP-0.125L 'STOP 50% OF BOT. REINF. BALANCE CONTINUOUS' -> 0.5 (AD2-D04 exact 0.5 / 0.5 density; which physical bars stop stays a BBS question),,,,LOCAL_CLEAR_SPAN (face to face along each bar line),PROJECT_GEOMETRY,SUPPORT_FACE,PROJECT_GEOMETRY,"ENGINEERING_DERIVED (unqualified plan callout; '/Top' and '(T&B)' are marked, plan note 2 gives the top steel over beams; p.15: bottom bars 'see schedule or plan')","[""token 7B9 (6%%C10/m)"", ""P15-BOT-STOP-0.125L""]","[""URBAN_RATE_DENSITY (AD2-D02: equivalent count = rate x density x width, unrounded)""]","[""AD2-D02"", ""AD2-D04"", ""P15-BOT-STOP-0.125L""]","[""QI-00180"", ""QI-00182""]",3,False,False,6 /m x 0.5 x 3 m x 5 m = 45 m; x 10^2/162 = 0.617283951 kg/m -> 27.777777778 kg,PRE-S7.1 11_S7_RELEASE_CANDIDATES.csv QI-00178 (manifest 3a67a8641ce4); 3 local bar strips in 04_S7_BAR_RUNS.csv
S7-0061,QI-00179,CMP-0255,SP-2F_ROOF_SLAB-04,PANEL,SP-2F_ROOF_SLAB-04,,RUN-B-023,2F_ROOF_SLAB,BOTTOM_CURTAILED_50,BOTTOM,Y,10,6,,0.5,3,9,UNRESOLVED,5,0.625,4.375,0,0.625,39.375,0.617283951,24.305555556,PROJECT_BASIS_QTO,"PROJECT_BASIS_QTO: rate density over the frozen PRE-S7.1 local bar strips; a lower bound of the physical steel (every blocked portion is excluded, not zero); not a bar-by-bar BBS","PROJECT_GEOMETRY (rectangular: local run = clear span); less PROJECT_SOURCE P15-BOT-STOP-0.125L 0.125 x L (L = clear span, from the face of support) at each continuous end",PROJECT_SOURCE: plan callout 6%%C10/m on SP-2F_ROOF_SLAB-04 -> 6 bars/m of Ø10; equivalent count by URBAN_RATE_DENSITY (AD2-D02); PHYSICAL_BBS_COUNT UNRESOLVED,PROJECT_SOURCE: P15-BOT-STOP-0.125L 'STOP 50% OF BOT. REINF. BALANCE CONTINUOUS' -> 0.5 (AD2-D04 exact 0.5 / 0.5 density; which physical bars stop stays a BBS question),0.125,P15-BOT-STOP-0.125L,PROJECT_SOURCE,CLEAR_SPAN,PROJECT_SOURCE,FACE_OF_SUPPORT,PROJECT_SOURCE,"ENGINEERING_DERIVED (unqualified plan callout; '/Top' and '(T&B)' are marked, plan note 2 gives the top steel over beams; p.15: bottom bars 'see schedule or plan')","[""token 7B9 (6%%C10/m)"", ""P15-BOT-STOP-0.125L""]","[""URBAN_RATE_DENSITY (AD2-D02: equivalent count = rate x density x width, unrounded)""]","[""AD2-D02"", ""AD2-D04"", ""P15-BOT-STOP-0.125L""]","[""QI-00181""]",3,False,False,6 /m x 0.5 x 3 m x 4.375 m = 39.375 m; x 10^2/162 = 0.617283951 kg/m -> 24.305555556 kg,PRE-S7.1 11_S7_RELEASE_CANDIDATES.csv QI-00179 (manifest 3a67a8641ce4); 3 local bar strips in 04_S7_BAR_RUNS.csv
S7-0062,QI-00183,CMP-0260,SP-2F_ROOF_SLAB-06,PANEL,SP-2F_ROOF_SLAB-06,,RUN-B-024,2F_ROOF_SLAB,BOTTOM_CONTINUING_50,BOTTOM,X,10,6,,0.5,2.9,8.7,UNRESOLVED,2.5,,2.5,0,,21.75,0.617283951,13.425925926,PROJECT_BASIS_QTO,"PROJECT_BASIS_QTO: rate density over the frozen PRE-S7.1 local bar strips; a lower bound of the physical steel (every blocked portion is excluded, not zero); not a bar-by-bar BBS",PROJECT_GEOMETRY (rectangular: local run = clear span); face to face of the supports (the portion beyond each face is a blocked complement),PROJECT_SOURCE: plan callout 6%%c10/m on SP-2F_ROOF_SLAB-06 -> 6 bars/m of Ø10; equivalent count by URBAN_RATE_DENSITY (AD2-D02); PHYSICAL_BBS_COUNT UNRESOLVED,PROJECT_SOURCE: P15-BOT-STOP-0.125L 'STOP 50% OF BOT. REINF. BALANCE CONTINUOUS' -> 0.5 (AD2-D04 exact 0.5 / 0.5 density; which physical bars stop stays a BBS question),,,,LOCAL_CLEAR_SPAN (face to face along each bar line),PROJECT_GEOMETRY,SUPPORT_FACE,PROJECT_GEOMETRY,"ENGINEERING_DERIVED (unqualified plan callout; '/Top' and '(T&B)' are marked, plan note 2 gives the top steel over beams; p.15: bottom bars 'see schedule or plan')","[""token 7AD (6%%c10/m)"", ""P15-BOT-STOP-0.125L""]","[""URBAN_RATE_DENSITY (AD2-D02: equivalent count = rate x density x width, unrounded)""]","[""AD2-D02"", ""AD2-D04"", ""P15-BOT-STOP-0.125L""]","[""QI-00185"", ""QI-00187"", ""QI-00188""]",50,False,False,6 /m x 0.5 x 2.9 m x 2.5 m = 21.75 m; x 10^2/162 = 0.617283951 kg/m -> 13.425925926 kg,PRE-S7.1 11_S7_RELEASE_CANDIDATES.csv QI-00183 (manifest 3a67a8641ce4); 50 local bar strips in 04_S7_BAR_RUNS.csv
S7-0063,QI-00184,CMP-0259,SP-2F_ROOF_SLAB-06,PANEL,SP-2F_ROOF_SLAB-06,,RUN-B-024,2F_ROOF_SLAB,BOTTOM_CURTAILED_50,BOTTOM,X,10,6,,0.5,2.9,8.7,UNRESOLVED,2.5,0.3125,2.1875,0,0.3125,19.03125,0.617283951,11.747685185,PROJECT_BASIS_QTO,"PROJECT_BASIS_QTO: rate density over the frozen PRE-S7.1 local bar strips; a lower bound of the physical steel (every blocked portion is excluded, not zero); not a bar-by-bar BBS","PROJECT_GEOMETRY (rectangular: local run = clear span); less PROJECT_SOURCE P15-BOT-STOP-0.125L 0.125 x L (L = clear span, from the face of support) at each continuous end",PROJECT_SOURCE: plan callout 6%%c10/m on SP-2F_ROOF_SLAB-06 -> 6 bars/m of Ø10; equivalent count by URBAN_RATE_DENSITY (AD2-D02); PHYSICAL_BBS_COUNT UNRESOLVED,PROJECT_SOURCE: P15-BOT-STOP-0.125L 'STOP 50% OF BOT. REINF. BALANCE CONTINUOUS' -> 0.5 (AD2-D04 exact 0.5 / 0.5 density; which physical bars stop stays a BBS question),0.125,P15-BOT-STOP-0.125L,PROJECT_SOURCE,CLEAR_SPAN,PROJECT_SOURCE,FACE_OF_SUPPORT,PROJECT_SOURCE,"ENGINEERING_DERIVED (unqualified plan callout; '/Top' and '(T&B)' are marked, plan note 2 gives the top steel over beams; p.15: bottom bars 'see schedule or plan')","[""token 7AD (6%%c10/m)"", ""P15-BOT-STOP-0.125L""]","[""URBAN_RATE_DENSITY (AD2-D02: equivalent count = rate x density x width, unrounded)""]","[""AD2-D02"", ""AD2-D04"", ""P15-BOT-STOP-0.125L""]","[""QI-00186""]",50,False,False,6 /m x 0.5 x 2.9 m x 2.1875 m = 19.03125 m; x 10^2/162 = 0.617283951 kg/m -> 11.747685185 kg,PRE-S7.1 11_S7_RELEASE_CANDIDATES.csv QI-00184 (manifest 3a67a8641ce4); 50 local bar strips in 04_S7_BAR_RUNS.csv
S7-0064,QI-00189,CMP-0261,SP-2F_ROOF_SLAB-06,PANEL,SP-2F_ROOF_SLAB-06,,RUN-B-025,2F_ROOF_SLAB,BOTTOM_CONTINUING_50,BOTTOM,Y,10,5,,0.5,2.5,6.25,UNRESOLVED,2.9,,2.9,0,,18.125,0.617283951,11.188271605,PROJECT_BASIS_QTO,"PROJECT_BASIS_QTO: rate density over the frozen PRE-S7.1 local bar strips; a lower bound of the physical steel (every blocked portion is excluded, not zero); not a bar-by-bar BBS",PROJECT_GEOMETRY (rectangular: local run = clear span); face to face of the supports (the portion beyond each face is a blocked complement),PROJECT_SOURCE: plan callout 5%%c10/m on SP-2F_ROOF_SLAB-06 -> 5 bars/m of Ø10; equivalent count by URBAN_RATE_DENSITY (AD2-D02); PHYSICAL_BBS_COUNT UNRESOLVED,PROJECT_SOURCE: P15-BOT-STOP-0.125L 'STOP 50% OF BOT. REINF. BALANCE CONTINUOUS' -> 0.5 (AD2-D04 exact 0.5 / 0.5 density; which physical bars stop stays a BBS question),,,,LOCAL_CLEAR_SPAN (face to face along each bar line),PROJECT_GEOMETRY,SUPPORT_FACE,PROJECT_GEOMETRY,"ENGINEERING_DERIVED (unqualified plan callout; '/Top' and '(T&B)' are marked, plan note 2 gives the top steel over beams; p.15: bottom bars 'see schedule or plan')","[""token 7AE (5%%c10/m)"", ""P15-BOT-STOP-0.125L""]","[""URBAN_RATE_DENSITY (AD2-D02: equivalent count = rate x density x width, unrounded)""]","[""AD2-D02"", ""AD2-D04"", ""P15-BOT-STOP-0.125L""]","[""QI-00191"", ""QI-00192"", ""QI-00193"", ""QI-00194"", ""QI-00195""]",2,False,False,5 /m x 0.5 x 2.5 m x 2.9 m = 18.125 m; x 10^2/162 = 0.617283951 kg/m -> 11.188271605 kg,PRE-S7.1 11_S7_RELEASE_CANDIDATES.csv QI-00189 (manifest 3a67a8641ce4); 2 local bar strips in 04_S7_BAR_RUNS.csv
S7-0065,QI-00190,CMP-0261,SP-2F_ROOF_SLAB-06,PANEL,SP-2F_ROOF_SLAB-06,,RUN-B-025,2F_ROOF_SLAB,BOTTOM_CURTAILED_50,BOTTOM,Y,10,5,,0.5,2.5,6.25,UNRESOLVED,2.9,0.3625,2.5375,0,0.3625,15.859375,0.617283951,9.789737654,PROJECT_BASIS_QTO,"PROJECT_BASIS_QTO: rate density over the frozen PRE-S7.1 local bar strips; a lower bound of the physical steel (every blocked portion is excluded, not zero); not a bar-by-bar BBS","PROJECT_GEOMETRY (rectangular: local run = clear span); less PROJECT_SOURCE P15-BOT-STOP-0.125L 0.125 x L (L = clear span, from the face of support) at each continuous end and, under AD2-D15, each continuity-unresolved end",PROJECT_SOURCE: plan callout 5%%c10/m on SP-2F_ROOF_SLAB-06 -> 5 bars/m of Ø10; equivalent count by URBAN_RATE_DENSITY (AD2-D02); PHYSICAL_BBS_COUNT UNRESOLVED,PROJECT_SOURCE: P15-BOT-STOP-0.125L 'STOP 50% OF BOT. REINF. BALANCE CONTINUOUS' -> 0.5 (AD2-D04 exact 0.5 / 0.5 density; which physical bars stop stays a BBS question),0.125,P15-BOT-STOP-0.125L,PROJECT_SOURCE,CLEAR_SPAN,PROJECT_SOURCE,FACE_OF_SUPPORT,PROJECT_SOURCE,"ENGINEERING_DERIVED (unqualified plan callout; '/Top' and '(T&B)' are marked, plan note 2 gives the top steel over beams; p.15: bottom bars 'see schedule or plan')","[""token 7AE (5%%c10/m)"", ""P15-BOT-STOP-0.125L""]","[""URBAN_RATE_DENSITY (AD2-D02: equivalent count = rate x density x width, unrounded)"", ""AD2-D15 (a continuity-unresolved end stops the curtailed half as a continuous end would; its 0.125 L zone is a blocked complement)""]","[""AD2-D02"", ""AD2-D04"", ""P15-BOT-STOP-0.125L""]","[""QI-00191"", ""QI-00192"", ""QI-00193"", ""QI-00194"", ""QI-00195""]",2,False,False,5 /m x 0.5 x 2.5 m x 2.5375 m = 15.859375 m; x 10^2/162 = 0.617283951 kg/m -> 9.789737654 kg,PRE-S7.1 11_S7_RELEASE_CANDIDATES.csv QI-00190 (manifest 3a67a8641ce4); 2 local bar strips in 04_S7_BAR_RUNS.csv
S7-0066,QI-00196,CMP-0265,SP-2F_ROOF_SLAB-07,PANEL,SP-2F_ROOF_SLAB-07,,RUN-B-026,2F_ROOF_SLAB,BOTTOM_CONTINUING_50,BOTTOM,X,10,5,,0.5,1.2,3,UNRESOLVED,1.8,,1.8,0,,5.4,0.617283951,3.333333333,PROJECT_BASIS_QTO,"PROJECT_BASIS_QTO: rate density over the frozen PRE-S7.1 local bar strips; a lower bound of the physical steel (every blocked portion is excluded, not zero); not a bar-by-bar BBS",PROJECT_GEOMETRY (rectangular: local run = clear span); face to face of the supports (the portion beyond each face is a blocked complement),PROJECT_SOURCE: plan callout 5%%c10/m on SP-2F_ROOF_SLAB-07 -> 5 bars/m of Ø10; equivalent count by URBAN_RATE_DENSITY (AD2-D02); PHYSICAL_BBS_COUNT UNRESOLVED,PROJECT_SOURCE: P15-BOT-STOP-0.125L 'STOP 50% OF BOT. REINF. BALANCE CONTINUOUS' -> 0.5 (AD2-D04 exact 0.5 / 0.5 density; which physical bars stop stays a BBS question),,,,LOCAL_CLEAR_SPAN (face to face along each bar line),PROJECT_GEOMETRY,SUPPORT_FACE,PROJECT_GEOMETRY,"ENGINEERING_DERIVED (unqualified plan callout; '/Top' and '(T&B)' are marked, plan note 2 gives the top steel over beams; p.15: bottom bars 'see schedule or plan')","[""token 788 (5%%c10/m)"", ""P15-BOT-STOP-0.125L""]","[""URBAN_RATE_DENSITY (AD2-D02: equivalent count = rate x density x width, unrounded)""]","[""AD2-D02"", ""AD2-D04"", ""P15-BOT-STOP-0.125L""]","[""QI-00198"", ""QI-00596""]",21,False,False,5 /m x 0.5 x 1.2 m x 1.8 m = 5.4 m; x 10^2/162 = 0.617283951 kg/m -> 3.333333333 kg,PRE-S7.1 11_S7_RELEASE_CANDIDATES.csv QI-00196 (manifest 3a67a8641ce4); 21 local bar strips in 04_S7_BAR_RUNS.csv
S7-0067,QI-00197,CMP-0264,SP-2F_ROOF_SLAB-07,PANEL,SP-2F_ROOF_SLAB-07,,RUN-B-026,2F_ROOF_SLAB,BOTTOM_CURTAILED_50,BOTTOM,X,10,5,,0.5,1.2,3,UNRESOLVED,1.8,0.45,1.35,0,0.45,4.05,0.617283951,2.5,PROJECT_BASIS_QTO,"PROJECT_BASIS_QTO: rate density over the frozen PRE-S7.1 local bar strips; a lower bound of the physical steel (every blocked portion is excluded, not zero); not a bar-by-bar BBS","PROJECT_GEOMETRY (rectangular: local run = clear span); less PROJECT_SOURCE P15-BOT-STOP-0.125L 0.125 x L (L = clear span, from the face of support) at each continuous end",PROJECT_SOURCE: plan callout 5%%c10/m on SP-2F_ROOF_SLAB-07 -> 5 bars/m of Ø10; equivalent count by URBAN_RATE_DENSITY (AD2-D02); PHYSICAL_BBS_COUNT UNRESOLVED,PROJECT_SOURCE: P15-BOT-STOP-0.125L 'STOP 50% OF BOT. REINF. BALANCE CONTINUOUS' -> 0.5 (AD2-D04 exact 0.5 / 0.5 density; which physical bars stop stays a BBS question),0.125,P15-BOT-STOP-0.125L,PROJECT_SOURCE,CLEAR_SPAN,PROJECT_SOURCE,FACE_OF_SUPPORT,PROJECT_SOURCE,"ENGINEERING_DERIVED (unqualified plan callout; '/Top' and '(T&B)' are marked, plan note 2 gives the top steel over beams; p.15: bottom bars 'see schedule or plan')","[""token 788 (5%%c10/m)"", ""P15-BOT-STOP-0.125L""]","[""URBAN_RATE_DENSITY (AD2-D02: equivalent count = rate x density x width, unrounded)""]","[""AD2-D02"", ""AD2-D04"", ""P15-BOT-STOP-0.125L""]",[],21,False,False,5 /m x 0.5 x 1.2 m x 1.35 m = 4.05 m; x 10^2/162 = 0.617283951 kg/m -> 2.5 kg,PRE-S7.1 11_S7_RELEASE_CANDIDATES.csv QI-00197 (manifest 3a67a8641ce4); 21 local bar strips in 04_S7_BAR_RUNS.csv
S7-0068,QI-00199,CMP-0267,SP-2F_ROOF_SLAB-07,PANEL,SP-2F_ROOF_SLAB-07,,RUN-B-021,2F_ROOF_SLAB,BOTTOM_CONTINUING_50,BOTTOM,Y,10,5,,0.5,1.8,4.5,UNRESOLVED,1.2,,1.2,0,,5.4,0.617283951,3.333333333,PROJECT_BASIS_QTO,"PROJECT_BASIS_QTO: rate density over the frozen PRE-S7.1 local bar strips; a lower bound of the physical steel (every blocked portion is excluded, not zero); not a bar-by-bar BBS",PROJECT_GEOMETRY (rectangular: local run = clear span); face to face of the supports (the portion beyond each face is a blocked complement),PROJECT_SOURCE: plan callout 5%%c10/m on SP-2F_ROOF_SLAB-07 -> 5 bars/m of Ø10; equivalent count by URBAN_RATE_DENSITY (AD2-D02); PHYSICAL_BBS_COUNT UNRESOLVED,PROJECT_SOURCE: P15-BOT-STOP-0.125L 'STOP 50% OF BOT. REINF. BALANCE CONTINUOUS' -> 0.5 (AD2-D04 exact 0.5 / 0.5 density; which physical bars stop stays a BBS question),,,,LOCAL_CLEAR_SPAN (face to face along each bar line),PROJECT_GEOMETRY,SUPPORT_FACE,PROJECT_GEOMETRY,"ENGINEERING_DERIVED (unqualified plan callout; '/Top' and '(T&B)' are marked, plan note 2 gives the top steel over beams; p.15: bottom bars 'see schedule or plan')","[""token 789 (5%%c10/m)"", ""P15-BOT-STOP-0.125L""]","[""URBAN_RATE_DENSITY (AD2-D02: equivalent count = rate x density x width, unrounded)""]","[""AD2-D02"", ""AD2-D04"", ""P15-BOT-STOP-0.125L""]","[""QI-00201""]",1,False,False,5 /m x 0.5 x 1.8 m x 1.2 m = 5.4 m; x 10^2/162 = 0.617283951 kg/m -> 3.333333333 kg,PRE-S7.1 11_S7_RELEASE_CANDIDATES.csv QI-00199 (manifest 3a67a8641ce4); 1 local bar strips in 04_S7_BAR_RUNS.csv
S7-0069,QI-00200,CMP-0266,SP-2F_ROOF_SLAB-07,PANEL,SP-2F_ROOF_SLAB-07,,RUN-B-021,2F_ROOF_SLAB,BOTTOM_CURTAILED_50,BOTTOM,Y,10,5,,0.5,1.8,4.5,UNRESOLVED,1.2,0.15,1.05,0,0.15,4.725,0.617283951,2.916666667,PROJECT_BASIS_QTO,"PROJECT_BASIS_QTO: rate density over the frozen PRE-S7.1 local bar strips; a lower bound of the physical steel (every blocked portion is excluded, not zero); not a bar-by-bar BBS","PROJECT_GEOMETRY (rectangular: local run = clear span); less PROJECT_SOURCE P15-BOT-STOP-0.125L 0.125 x L (L = clear span, from the face of support) at each continuous end",PROJECT_SOURCE: plan callout 5%%c10/m on SP-2F_ROOF_SLAB-07 -> 5 bars/m of Ø10; equivalent count by URBAN_RATE_DENSITY (AD2-D02); PHYSICAL_BBS_COUNT UNRESOLVED,PROJECT_SOURCE: P15-BOT-STOP-0.125L 'STOP 50% OF BOT. REINF. BALANCE CONTINUOUS' -> 0.5 (AD2-D04 exact 0.5 / 0.5 density; which physical bars stop stays a BBS question),0.125,P15-BOT-STOP-0.125L,PROJECT_SOURCE,CLEAR_SPAN,PROJECT_SOURCE,FACE_OF_SUPPORT,PROJECT_SOURCE,"ENGINEERING_DERIVED (unqualified plan callout; '/Top' and '(T&B)' are marked, plan note 2 gives the top steel over beams; p.15: bottom bars 'see schedule or plan')","[""token 789 (5%%c10/m)"", ""P15-BOT-STOP-0.125L""]","[""URBAN_RATE_DENSITY (AD2-D02: equivalent count = rate x density x width, unrounded)""]","[""AD2-D02"", ""AD2-D04"", ""P15-BOT-STOP-0.125L""]","[""QI-00202""]",1,False,False,5 /m x 0.5 x 1.8 m x 1.05 m = 4.725 m; x 10^2/162 = 0.617283951 kg/m -> 2.916666667 kg,PRE-S7.1 11_S7_RELEASE_CANDIDATES.csv QI-00200 (manifest 3a67a8641ce4); 1 local bar strips in 04_S7_BAR_RUNS.csv
S7-0070,QI-00203,CMP-0271,SP-2F_ROOF_SLAB-08,PANEL,SP-2F_ROOF_SLAB-08,,RUN-B-026,2F_ROOF_SLAB,BOTTOM_CONTINUING_50,BOTTOM,X,10,5,,0.5,1.2,3,UNRESOLVED,3,,3,0,,9,0.617283951,5.555555556,PROJECT_BASIS_QTO,"PROJECT_BASIS_QTO: rate density over the frozen PRE-S7.1 local bar strips; a lower bound of the physical steel (every blocked portion is excluded, not zero); not a bar-by-bar BBS",PROJECT_GEOMETRY (rectangular: local run = clear span); face to face of the supports (the portion beyond each face is a blocked complement),PROJECT_SOURCE: plan callout 5%%c10/m on SP-2F_ROOF_SLAB-08 -> 5 bars/m of Ø10; equivalent count by URBAN_RATE_DENSITY (AD2-D02); PHYSICAL_BBS_COUNT UNRESOLVED,PROJECT_SOURCE: P15-BOT-STOP-0.125L 'STOP 50% OF BOT. REINF. BALANCE CONTINUOUS' -> 0.5 (AD2-D04 exact 0.5 / 0.5 density; which physical bars stop stays a BBS question),,,,LOCAL_CLEAR_SPAN (face to face along each bar line),PROJECT_GEOMETRY,SUPPORT_FACE,PROJECT_GEOMETRY,"ENGINEERING_DERIVED (unqualified plan callout; '/Top' and '(T&B)' are marked, plan note 2 gives the top steel over beams; p.15: bottom bars 'see schedule or plan')","[""token 783 (5%%c10/m)"", ""P15-BOT-STOP-0.125L""]","[""URBAN_RATE_DENSITY (AD2-D02: equivalent count = rate x density x width, unrounded)""]","[""AD2-D02"", ""AD2-D04"", ""P15-BOT-STOP-0.125L""]","[""QI-00205""]",21,False,False,5 /m x 0.5 x 1.2 m x 3 m = 9 m; x 10^2/162 = 0.617283951 kg/m -> 5.555555556 kg,PRE-S7.1 11_S7_RELEASE_CANDIDATES.csv QI-00203 (manifest 3a67a8641ce4); 21 local bar strips in 04_S7_BAR_RUNS.csv
S7-0071,QI-00204,CMP-0270,SP-2F_ROOF_SLAB-08,PANEL,SP-2F_ROOF_SLAB-08,,RUN-B-026,2F_ROOF_SLAB,BOTTOM_CURTAILED_50,BOTTOM,X,10,5,,0.5,1.2,3,UNRESOLVED,3,0.375,2.625,0,0.375,7.875,0.617283951,4.861111111,PROJECT_BASIS_QTO,"PROJECT_BASIS_QTO: rate density over the frozen PRE-S7.1 local bar strips; a lower bound of the physical steel (every blocked portion is excluded, not zero); not a bar-by-bar BBS","PROJECT_GEOMETRY (rectangular: local run = clear span); less PROJECT_SOURCE P15-BOT-STOP-0.125L 0.125 x L (L = clear span, from the face of support) at each continuous end",PROJECT_SOURCE: plan callout 5%%c10/m on SP-2F_ROOF_SLAB-08 -> 5 bars/m of Ø10; equivalent count by URBAN_RATE_DENSITY (AD2-D02); PHYSICAL_BBS_COUNT UNRESOLVED,PROJECT_SOURCE: P15-BOT-STOP-0.125L 'STOP 50% OF BOT. REINF. BALANCE CONTINUOUS' -> 0.5 (AD2-D04 exact 0.5 / 0.5 density; which physical bars stop stays a BBS question),0.125,P15-BOT-STOP-0.125L,PROJECT_SOURCE,CLEAR_SPAN,PROJECT_SOURCE,FACE_OF_SUPPORT,PROJECT_SOURCE,"ENGINEERING_DERIVED (unqualified plan callout; '/Top' and '(T&B)' are marked, plan note 2 gives the top steel over beams; p.15: bottom bars 'see schedule or plan')","[""token 783 (5%%c10/m)"", ""P15-BOT-STOP-0.125L""]","[""URBAN_RATE_DENSITY (AD2-D02: equivalent count = rate x density x width, unrounded)""]","[""AD2-D02"", ""AD2-D04"", ""P15-BOT-STOP-0.125L""]","[""QI-00206""]",21,False,False,5 /m x 0.5 x 1.2 m x 2.625 m = 7.875 m; x 10^2/162 = 0.617283951 kg/m -> 4.861111111 kg,PRE-S7.1 11_S7_RELEASE_CANDIDATES.csv QI-00204 (manifest 3a67a8641ce4); 21 local bar strips in 04_S7_BAR_RUNS.csv
S7-0072,QI-00207,CMP-0273,SP-2F_ROOF_SLAB-08,PANEL,SP-2F_ROOF_SLAB-08,,RUN-B-027,2F_ROOF_SLAB,BOTTOM_CONTINUING_50,BOTTOM,Y,10,5,,0.5,3,7.5,UNRESOLVED,1.2,,1.2,0,,9,0.617283951,5.555555556,PROJECT_BASIS_QTO,"PROJECT_BASIS_QTO: rate density over the frozen PRE-S7.1 local bar strips; a lower bound of the physical steel (every blocked portion is excluded, not zero); not a bar-by-bar BBS",PROJECT_GEOMETRY (rectangular: local run = clear span); face to face of the supports (the portion beyond each face is a blocked complement),PROJECT_SOURCE: plan callout 5%%c10/m on SP-2F_ROOF_SLAB-08 -> 5 bars/m of Ø10; equivalent count by URBAN_RATE_DENSITY (AD2-D02); PHYSICAL_BBS_COUNT UNRESOLVED,PROJECT_SOURCE: P15-BOT-STOP-0.125L 'STOP 50% OF BOT. REINF. BALANCE CONTINUOUS' -> 0.5 (AD2-D04 exact 0.5 / 0.5 density; which physical bars stop stays a BBS question),,,,LOCAL_CLEAR_SPAN (face to face along each bar line),PROJECT_GEOMETRY,SUPPORT_FACE,PROJECT_GEOMETRY,"ENGINEERING_DERIVED (unqualified plan callout; '/Top' and '(T&B)' are marked, plan note 2 gives the top steel over beams; p.15: bottom bars 'see schedule or plan')","[""token 784 (5%%c10/m)"", ""P15-BOT-STOP-0.125L""]","[""URBAN_RATE_DENSITY (AD2-D02: equivalent count = rate x density x width, unrounded)""]","[""AD2-D02"", ""AD2-D04"", ""P15-BOT-STOP-0.125L""]","[""QI-00209"", ""QI-00211""]",3,False,False,5 /m x 0.5 x 3 m x 1.2 m = 9 m; x 10^2/162 = 0.617283951 kg/m -> 5.555555556 kg,PRE-S7.1 11_S7_RELEASE_CANDIDATES.csv QI-00207 (manifest 3a67a8641ce4); 3 local bar strips in 04_S7_BAR_RUNS.csv
S7-0073,QI-00208,CMP-0272,SP-2F_ROOF_SLAB-08,PANEL,SP-2F_ROOF_SLAB-08,,RUN-B-027,2F_ROOF_SLAB,BOTTOM_CURTAILED_50,BOTTOM,Y,10,5,,0.5,3,7.5,UNRESOLVED,1.2,0.15,1.05,0,0.15,7.875,0.617283951,4.861111111,PROJECT_BASIS_QTO,"PROJECT_BASIS_QTO: rate density over the frozen PRE-S7.1 local bar strips; a lower bound of the physical steel (every blocked portion is excluded, not zero); not a bar-by-bar BBS","PROJECT_GEOMETRY (rectangular: local run = clear span); less PROJECT_SOURCE P15-BOT-STOP-0.125L 0.125 x L (L = clear span, from the face of support) at each continuous end",PROJECT_SOURCE: plan callout 5%%c10/m on SP-2F_ROOF_SLAB-08 -> 5 bars/m of Ø10; equivalent count by URBAN_RATE_DENSITY (AD2-D02); PHYSICAL_BBS_COUNT UNRESOLVED,PROJECT_SOURCE: P15-BOT-STOP-0.125L 'STOP 50% OF BOT. REINF. BALANCE CONTINUOUS' -> 0.5 (AD2-D04 exact 0.5 / 0.5 density; which physical bars stop stays a BBS question),0.125,P15-BOT-STOP-0.125L,PROJECT_SOURCE,CLEAR_SPAN,PROJECT_SOURCE,FACE_OF_SUPPORT,PROJECT_SOURCE,"ENGINEERING_DERIVED (unqualified plan callout; '/Top' and '(T&B)' are marked, plan note 2 gives the top steel over beams; p.15: bottom bars 'see schedule or plan')","[""token 784 (5%%c10/m)"", ""P15-BOT-STOP-0.125L""]","[""URBAN_RATE_DENSITY (AD2-D02: equivalent count = rate x density x width, unrounded)""]","[""AD2-D02"", ""AD2-D04"", ""P15-BOT-STOP-0.125L""]","[""QI-00210""]",3,False,False,5 /m x 0.5 x 3 m x 1.05 m = 7.875 m; x 10^2/162 = 0.617283951 kg/m -> 4.861111111 kg,PRE-S7.1 11_S7_RELEASE_CANDIDATES.csv QI-00208 (manifest 3a67a8641ce4); 3 local bar strips in 04_S7_BAR_RUNS.csv
S7-0074,QI-00212,CMP-0002,SP-GF_ROOF_SLAB-02,PANEL,SP-GF_ROOF_SLAB-02,,RUN-B-028,GF_ROOF_SLAB,BOTTOM_CONTINUING_50,BOTTOM,X,10,5,,0.5,0.619667,1.5491675,UNRESOLVED,1.7,,1.7,0,,2.63358475,0.617283951,1.625669599,PROJECT_BASIS_QTO,"PROJECT_BASIS_QTO: rate density over the frozen PRE-S7.1 local bar strips; a lower bound of the physical steel (every blocked portion is excluded, not zero); not a bar-by-bar BBS",PROJECT_GEOMETRY (rectangular: local run = clear span); face to face of the supports (the portion beyond each face is a blocked complement),PROJECT_SOURCE: plan callout 5%%c10/m on SP-GF_ROOF_SLAB-02 -> 5 bars/m of Ø10; equivalent count by URBAN_RATE_DENSITY (AD2-D02); PHYSICAL_BBS_COUNT UNRESOLVED,PROJECT_SOURCE: P15-BOT-STOP-0.125L 'STOP 50% OF BOT. REINF. BALANCE CONTINUOUS' -> 0.5 (AD2-D04 exact 0.5 / 0.5 density; which physical bars stop stays a BBS question),,,,LOCAL_CLEAR_SPAN (face to face along each bar line),PROJECT_GEOMETRY,SUPPORT_FACE,PROJECT_GEOMETRY,"ENGINEERING_DERIVED (unqualified plan callout; '/Top' and '(T&B)' are marked, plan note 2 gives the top steel over beams; p.15: bottom bars 'see schedule or plan')","[""token 551 (5%%c10/m)"", ""P15-BOT-STOP-0.125L""]","[""URBAN_RATE_DENSITY (AD2-D02: equivalent count = rate x density x width, unrounded)""]","[""AD2-D02"", ""AD2-D04"", ""P15-BOT-STOP-0.125L""]","[""QI-00214"", ""QI-00216""]",1,False,False,5 /m x 0.5 x 0.619667 m x 1.7 m = 2.63358475 m; x 10^2/162 = 0.617283951 kg/m -> 1.625669599 kg,PRE-S7.1 11_S7_RELEASE_CANDIDATES.csv QI-00212 (manifest 3a67a8641ce4); 1 local bar strips in 04_S7_BAR_RUNS.csv
S7-0075,QI-00213,CMP-0001,SP-GF_ROOF_SLAB-02,PANEL,SP-GF_ROOF_SLAB-02,,RUN-B-028,GF_ROOF_SLAB,BOTTOM_CURTAILED_50,BOTTOM,X,10,5,,0.5,0.619667,1.5491675,UNRESOLVED,1.7,0.2125,1.4875,0,0.2125,2.304386656,0.617283951,1.422460899,PROJECT_BASIS_QTO,"PROJECT_BASIS_QTO: rate density over the frozen PRE-S7.1 local bar strips; a lower bound of the physical steel (every blocked portion is excluded, not zero); not a bar-by-bar BBS","PROJECT_GEOMETRY (rectangular: local run = clear span); less PROJECT_SOURCE P15-BOT-STOP-0.125L 0.125 x L (L = clear span, from the face of support) at each continuous end",PROJECT_SOURCE: plan callout 5%%c10/m on SP-GF_ROOF_SLAB-02 -> 5 bars/m of Ø10; equivalent count by URBAN_RATE_DENSITY (AD2-D02); PHYSICAL_BBS_COUNT UNRESOLVED,PROJECT_SOURCE: P15-BOT-STOP-0.125L 'STOP 50% OF BOT. REINF. BALANCE CONTINUOUS' -> 0.5 (AD2-D04 exact 0.5 / 0.5 density; which physical bars stop stays a BBS question),0.125,P15-BOT-STOP-0.125L,PROJECT_SOURCE,CLEAR_SPAN,PROJECT_SOURCE,FACE_OF_SUPPORT,PROJECT_SOURCE,"ENGINEERING_DERIVED (unqualified plan callout; '/Top' and '(T&B)' are marked, plan note 2 gives the top steel over beams; p.15: bottom bars 'see schedule or plan')","[""token 551 (5%%c10/m)"", ""P15-BOT-STOP-0.125L""]","[""URBAN_RATE_DENSITY (AD2-D02: equivalent count = rate x density x width, unrounded)""]","[""AD2-D02"", ""AD2-D04"", ""P15-BOT-STOP-0.125L""]","[""QI-00215""]",1,False,False,5 /m x 0.5 x 0.619667 m x 1.4875 m = 2.304386656 m; x 10^2/162 = 0.617283951 kg/m -> 1.422460899 kg,PRE-S7.1 11_S7_RELEASE_CANDIDATES.csv QI-00213 (manifest 3a67a8641ce4); 1 local bar strips in 04_S7_BAR_RUNS.csv
S7-0076,QI-00218,CMP-0007,SP-GF_ROOF_SLAB-04,PANEL,SP-GF_ROOF_SLAB-04,,RUN-B-030,GF_ROOF_SLAB,BOTTOM_CONTINUING_50,BOTTOM,X,10,5,,0.5,1.75,4.375,UNRESOLVED,1.47,,1.47,0,,6.43125,0.617283951,3.969907407,PROJECT_BASIS_QTO,"PROJECT_BASIS_QTO: rate density over the frozen PRE-S7.1 local bar strips; a lower bound of the physical steel (every blocked portion is excluded, not zero); not a bar-by-bar BBS",PROJECT_GEOMETRY (rectangular: local run = clear span); face to face of the supports (the portion beyond each face is a blocked complement),PROJECT_SOURCE: plan callout 5%%c10/m on SP-GF_ROOF_SLAB-04 -> 5 bars/m of Ø10; equivalent count by URBAN_RATE_DENSITY (AD2-D02); PHYSICAL_BBS_COUNT UNRESOLVED,PROJECT_SOURCE: P15-BOT-STOP-0.125L 'STOP 50% OF BOT. REINF. BALANCE CONTINUOUS' -> 0.5 (AD2-D04 exact 0.5 / 0.5 density; which physical bars stop stays a BBS question),,,,LOCAL_CLEAR_SPAN (face to face along each bar line),PROJECT_GEOMETRY,SUPPORT_FACE,PROJECT_GEOMETRY,"ENGINEERING_DERIVED (unqualified plan callout; '/Top' and '(T&B)' are marked, plan note 2 gives the top steel over beams; p.15: bottom bars 'see schedule or plan')","[""token 4AE (5%%c10/m)"", ""P15-BOT-STOP-0.125L""]","[""URBAN_RATE_DENSITY (AD2-D02: equivalent count = rate x density x width, unrounded)""]","[""AD2-D02"", ""AD2-D04"", ""P15-BOT-STOP-0.125L""]","[""QI-00220"", ""QI-00597""]",3,True,False,5 /m x 0.5 x 1.75 m x 1.47 m = 6.43125 m; x 10^2/162 = 0.617283951 kg/m -> 3.969907407 kg,PRE-S7.1 11_S7_RELEASE_CANDIDATES.csv QI-00218 (manifest 3a67a8641ce4); 3 local bar strips in 04_S7_BAR_RUNS.csv
S7-0077,QI-00219,CMP-0006,SP-GF_ROOF_SLAB-04,PANEL,SP-GF_ROOF_SLAB-04,,RUN-B-030,GF_ROOF_SLAB,BOTTOM_CURTAILED_50,BOTTOM,X,10,5,,0.5,1.75,4.375,UNRESOLVED,1.47,0.3675,1.1025,0,0.3675,4.8234375,0.617283951,2.977430556,PROJECT_BASIS_QTO,"PROJECT_BASIS_QTO: rate density over the frozen PRE-S7.1 local bar strips; a lower bound of the physical steel (every blocked portion is excluded, not zero); not a bar-by-bar BBS","PROJECT_GEOMETRY (rectangular: local run = clear span); less PROJECT_SOURCE P15-BOT-STOP-0.125L 0.125 x L (L = clear span, from the face of support) at each continuous end and, under AD2-D15, each continuity-unresolved end",PROJECT_SOURCE: plan callout 5%%c10/m on SP-GF_ROOF_SLAB-04 -> 5 bars/m of Ø10; equivalent count by URBAN_RATE_DENSITY (AD2-D02); PHYSICAL_BBS_COUNT UNRESOLVED,PROJECT_SOURCE: P15-BOT-STOP-0.125L 'STOP 50% OF BOT. REINF. BALANCE CONTINUOUS' -> 0.5 (AD2-D04 exact 0.5 / 0.5 density; which physical bars stop stays a BBS question),0.125,P15-BOT-STOP-0.125L,PROJECT_SOURCE,CLEAR_SPAN,PROJECT_SOURCE,FACE_OF_SUPPORT,PROJECT_SOURCE,"ENGINEERING_DERIVED (unqualified plan callout; '/Top' and '(T&B)' are marked, plan note 2 gives the top steel over beams; p.15: bottom bars 'see schedule or plan')","[""token 4AE (5%%c10/m)"", ""P15-BOT-STOP-0.125L""]","[""URBAN_RATE_DENSITY (AD2-D02: equivalent count = rate x density x width, unrounded)"", ""AD2-D15 (a continuity-unresolved end stops the curtailed half as a continuous end would; its 0.125 L zone is a blocked complement)""]","[""AD2-D02"", ""AD2-D04"", ""P15-BOT-STOP-0.125L""]","[""QI-00221""]",3,True,False,5 /m x 0.5 x 1.75 m x 1.1025 m = 4.8234375 m; x 10^2/162 = 0.617283951 kg/m -> 2.977430556 kg,PRE-S7.1 11_S7_RELEASE_CANDIDATES.csv QI-00219 (manifest 3a67a8641ce4); 3 local bar strips in 04_S7_BAR_RUNS.csv
S7-0078,QI-00222,CMP-0008,SP-GF_ROOF_SLAB-04,PANEL,SP-GF_ROOF_SLAB-04,,RUN-B-031,GF_ROOF_SLAB,BOTTOM_CONTINUING_50,BOTTOM,Y,10,5,,0.5,1.47,3.675,UNRESOLVED,1.75,,1.75,0,,6.43125,0.617283951,3.969907407,PROJECT_BASIS_QTO,"PROJECT_BASIS_QTO: rate density over the frozen PRE-S7.1 local bar strips; a lower bound of the physical steel (every blocked portion is excluded, not zero); not a bar-by-bar BBS",PROJECT_GEOMETRY (rectangular: local run = clear span); face to face of the supports (the portion beyond each face is a blocked complement),PROJECT_SOURCE: plan callout 5%%c10/m on SP-GF_ROOF_SLAB-04 -> 5 bars/m of Ø10; equivalent count by URBAN_RATE_DENSITY (AD2-D02); PHYSICAL_BBS_COUNT UNRESOLVED,PROJECT_SOURCE: P15-BOT-STOP-0.125L 'STOP 50% OF BOT. REINF. BALANCE CONTINUOUS' -> 0.5 (AD2-D04 exact 0.5 / 0.5 density; which physical bars stop stays a BBS question),,,,LOCAL_CLEAR_SPAN (face to face along each bar line),PROJECT_GEOMETRY,SUPPORT_FACE,PROJECT_GEOMETRY,"ENGINEERING_DERIVED (unqualified plan callout; '/Top' and '(T&B)' are marked, plan note 2 gives the top steel over beams; p.15: bottom bars 'see schedule or plan')","[""token 4AC (5%%c10/m)"", ""P15-BOT-STOP-0.125L""]","[""URBAN_RATE_DENSITY (AD2-D02: equivalent count = rate x density x width, unrounded)""]","[""AD2-D02"", ""AD2-D04"", ""P15-BOT-STOP-0.125L""]","[""QI-00224"", ""QI-00225"", ""QI-00226""]",2,True,False,5 /m x 0.5 x 1.47 m x 1.75 m = 6.43125 m; x 10^2/162 = 0.617283951 kg/m -> 3.969907407 kg,PRE-S7.1 11_S7_RELEASE_CANDIDATES.csv QI-00222 (manifest 3a67a8641ce4); 2 local bar strips in 04_S7_BAR_RUNS.csv
S7-0079,QI-00223,CMP-0008,SP-GF_ROOF_SLAB-04,PANEL,SP-GF_ROOF_SLAB-04,,RUN-B-031,GF_ROOF_SLAB,BOTTOM_CURTAILED_50,BOTTOM,Y,10,5,,0.5,1.47,3.675,UNRESOLVED,1.75,0.21875,1.53125,0,0.21875,5.62734375,0.617283951,3.473668981,PROJECT_BASIS_QTO,"PROJECT_BASIS_QTO: rate density over the frozen PRE-S7.1 local bar strips; a lower bound of the physical steel (every blocked portion is excluded, not zero); not a bar-by-bar BBS","PROJECT_GEOMETRY (rectangular: local run = clear span); less PROJECT_SOURCE P15-BOT-STOP-0.125L 0.125 x L (L = clear span, from the face of support) at each continuous end and, under AD2-D15, each continuity-unresolved end",PROJECT_SOURCE: plan callout 5%%c10/m on SP-GF_ROOF_SLAB-04 -> 5 bars/m of Ø10; equivalent count by URBAN_RATE_DENSITY (AD2-D02); PHYSICAL_BBS_COUNT UNRESOLVED,PROJECT_SOURCE: P15-BOT-STOP-0.125L 'STOP 50% OF BOT. REINF. BALANCE CONTINUOUS' -> 0.5 (AD2-D04 exact 0.5 / 0.5 density; which physical bars stop stays a BBS question),0.125,P15-BOT-STOP-0.125L,PROJECT_SOURCE,CLEAR_SPAN,PROJECT_SOURCE,FACE_OF_SUPPORT,PROJECT_SOURCE,"ENGINEERING_DERIVED (unqualified plan callout; '/Top' and '(T&B)' are marked, plan note 2 gives the top steel over beams; p.15: bottom bars 'see schedule or plan')","[""token 4AC (5%%c10/m)"", ""P15-BOT-STOP-0.125L""]","[""URBAN_RATE_DENSITY (AD2-D02: equivalent count = rate x density x width, unrounded)"", ""AD2-D15 (a continuity-unresolved end stops the curtailed half as a continuous end would; its 0.125 L zone is a blocked complement)""]","[""AD2-D02"", ""AD2-D04"", ""P15-BOT-STOP-0.125L""]","[""QI-00224"", ""QI-00225"", ""QI-00226""]",2,True,False,5 /m x 0.5 x 1.47 m x 1.53125 m = 5.62734375 m; x 10^2/162 = 0.617283951 kg/m -> 3.473668981 kg,PRE-S7.1 11_S7_RELEASE_CANDIDATES.csv QI-00223 (manifest 3a67a8641ce4); 2 local bar strips in 04_S7_BAR_RUNS.csv
S7-0080,QI-00227,CMP-0012,SP-GF_ROOF_SLAB-05,PANEL,SP-GF_ROOF_SLAB-05,,RUN-B-030,GF_ROOF_SLAB,BOTTOM_CONTINUING_50,BOTTOM,X,10,5,,0.5,1.75,4.375,UNRESOLVED,1.9,,1.9,0,,8.3125,0.617283951,5.13117284,PROJECT_BASIS_QTO,"PROJECT_BASIS_QTO: rate density over the frozen PRE-S7.1 local bar strips; a lower bound of the physical steel (every blocked portion is excluded, not zero); not a bar-by-bar BBS",PROJECT_GEOMETRY (rectangular: local run = clear span); face to face of the supports (the portion beyond each face is a blocked complement),PROJECT_SOURCE: plan callout 5%%c10/m on SP-GF_ROOF_SLAB-05 -> 5 bars/m of Ø10; equivalent count by URBAN_RATE_DENSITY (AD2-D02); PHYSICAL_BBS_COUNT UNRESOLVED,PROJECT_SOURCE: P15-BOT-STOP-0.125L 'STOP 50% OF BOT. REINF. BALANCE CONTINUOUS' -> 0.5 (AD2-D04 exact 0.5 / 0.5 density; which physical bars stop stays a BBS question),,,,LOCAL_CLEAR_SPAN (face to face along each bar line),PROJECT_GEOMETRY,SUPPORT_FACE,PROJECT_GEOMETRY,"ENGINEERING_DERIVED (unqualified plan callout; '/Top' and '(T&B)' are marked, plan note 2 gives the top steel over beams; p.15: bottom bars 'see schedule or plan')","[""token 4BB (5%%c10/m)"", ""P15-BOT-STOP-0.125L""]","[""URBAN_RATE_DENSITY (AD2-D02: equivalent count = rate x density x width, unrounded)""]","[""AD2-D02"", ""AD2-D04"", ""P15-BOT-STOP-0.125L""]","[""QI-00229""]",3,True,False,5 /m x 0.5 x 1.75 m x 1.9 m = 8.3125 m; x 10^2/162 = 0.617283951 kg/m -> 5.13117284 kg,PRE-S7.1 11_S7_RELEASE_CANDIDATES.csv QI-00227 (manifest 3a67a8641ce4); 3 local bar strips in 04_S7_BAR_RUNS.csv
S7-0081,QI-00228,CMP-0011,SP-GF_ROOF_SLAB-05,PANEL,SP-GF_ROOF_SLAB-05,,RUN-B-030,GF_ROOF_SLAB,BOTTOM_CURTAILED_50,BOTTOM,X,10,5,,0.5,1.75,4.375,UNRESOLVED,1.9,0.475,1.425,0,0.475,6.234375,0.617283951,3.84837963,PROJECT_BASIS_QTO,"PROJECT_BASIS_QTO: rate density over the frozen PRE-S7.1 local bar strips; a lower bound of the physical steel (every blocked portion is excluded, not zero); not a bar-by-bar BBS","PROJECT_GEOMETRY (rectangular: local run = clear span); less PROJECT_SOURCE P15-BOT-STOP-0.125L 0.125 x L (L = clear span, from the face of support) at each continuous end and, under AD2-D15, each continuity-unresolved end",PROJECT_SOURCE: plan callout 5%%c10/m on SP-GF_ROOF_SLAB-05 -> 5 bars/m of Ø10; equivalent count by URBAN_RATE_DENSITY (AD2-D02); PHYSICAL_BBS_COUNT UNRESOLVED,PROJECT_SOURCE: P15-BOT-STOP-0.125L 'STOP 50% OF BOT. REINF. BALANCE CONTINUOUS' -> 0.5 (AD2-D04 exact 0.5 / 0.5 density; which physical bars stop stays a BBS question),0.125,P15-BOT-STOP-0.125L,PROJECT_SOURCE,CLEAR_SPAN,PROJECT_SOURCE,FACE_OF_SUPPORT,PROJECT_SOURCE,"ENGINEERING_DERIVED (unqualified plan callout; '/Top' and '(T&B)' are marked, plan note 2 gives the top steel over beams; p.15: bottom bars 'see schedule or plan')","[""token 4BB (5%%c10/m)"", ""P15-BOT-STOP-0.125L""]","[""URBAN_RATE_DENSITY (AD2-D02: equivalent count = rate x density x width, unrounded)"", ""AD2-D15 (a continuity-unresolved end stops the curtailed half as a continuous end would; its 0.125 L zone is a blocked complement)""]","[""AD2-D02"", ""AD2-D04"", ""P15-BOT-STOP-0.125L""]","[""QI-00230""]",3,True,False,5 /m x 0.5 x 1.75 m x 1.425 m = 6.234375 m; x 10^2/162 = 0.617283951 kg/m -> 3.84837963 kg,PRE-S7.1 11_S7_RELEASE_CANDIDATES.csv QI-00228 (manifest 3a67a8641ce4); 3 local bar strips in 04_S7_BAR_RUNS.csv
S7-0082,QI-00231,CMP-0013,SP-GF_ROOF_SLAB-05,PANEL,SP-GF_ROOF_SLAB-05,,RUN-B-032,GF_ROOF_SLAB,BOTTOM_CONTINUING_50,BOTTOM,Y,10,5,,0.5,1.9,4.75,UNRESOLVED,1.75,,1.75,0,,8.3125,0.617283951,5.13117284,PROJECT_BASIS_QTO,"PROJECT_BASIS_QTO: rate density over the frozen PRE-S7.1 local bar strips; a lower bound of the physical steel (every blocked portion is excluded, not zero); not a bar-by-bar BBS",PROJECT_GEOMETRY (rectangular: local run = clear span); face to face of the supports (the portion beyond each face is a blocked complement),PROJECT_SOURCE: plan callout 5%%c10/m on SP-GF_ROOF_SLAB-05 -> 5 bars/m of Ø10; equivalent count by URBAN_RATE_DENSITY (AD2-D02); PHYSICAL_BBS_COUNT UNRESOLVED,PROJECT_SOURCE: P15-BOT-STOP-0.125L 'STOP 50% OF BOT. REINF. BALANCE CONTINUOUS' -> 0.5 (AD2-D04 exact 0.5 / 0.5 density; which physical bars stop stays a BBS question),,,,LOCAL_CLEAR_SPAN (face to face along each bar line),PROJECT_GEOMETRY,SUPPORT_FACE,PROJECT_GEOMETRY,"ENGINEERING_DERIVED (unqualified plan callout; '/Top' and '(T&B)' are marked, plan note 2 gives the top steel over beams; p.15: bottom bars 'see schedule or plan')","[""token 4BC (5%%c10/m)"", ""P15-BOT-STOP-0.125L""]","[""URBAN_RATE_DENSITY (AD2-D02: equivalent count = rate x density x width, unrounded)""]","[""AD2-D02"", ""AD2-D04"", ""P15-BOT-STOP-0.125L""]","[""QI-00233"", ""QI-00234"", ""QI-00235""]",2,True,False,5 /m x 0.5 x 1.9 m x 1.75 m = 8.3125 m; x 10^2/162 = 0.617283951 kg/m -> 5.13117284 kg,PRE-S7.1 11_S7_RELEASE_CANDIDATES.csv QI-00231 (manifest 3a67a8641ce4); 2 local bar strips in 04_S7_BAR_RUNS.csv
S7-0083,QI-00232,CMP-0013,SP-GF_ROOF_SLAB-05,PANEL,SP-GF_ROOF_SLAB-05,,RUN-B-032,GF_ROOF_SLAB,BOTTOM_CURTAILED_50,BOTTOM,Y,10,5,,0.5,1.9,4.75,UNRESOLVED,1.75,0.21875,1.53125,0,0.21875,7.2734375,0.617283951,4.489776235,PROJECT_BASIS_QTO,"PROJECT_BASIS_QTO: rate density over the frozen PRE-S7.1 local bar strips; a lower bound of the physical steel (every blocked portion is excluded, not zero); not a bar-by-bar BBS","PROJECT_GEOMETRY (rectangular: local run = clear span); less PROJECT_SOURCE P15-BOT-STOP-0.125L 0.125 x L (L = clear span, from the face of support) at each continuous end and, under AD2-D15, each continuity-unresolved end",PROJECT_SOURCE: plan callout 5%%c10/m on SP-GF_ROOF_SLAB-05 -> 5 bars/m of Ø10; equivalent count by URBAN_RATE_DENSITY (AD2-D02); PHYSICAL_BBS_COUNT UNRESOLVED,PROJECT_SOURCE: P15-BOT-STOP-0.125L 'STOP 50% OF BOT. REINF. BALANCE CONTINUOUS' -> 0.5 (AD2-D04 exact 0.5 / 0.5 density; which physical bars stop stays a BBS question),0.125,P15-BOT-STOP-0.125L,PROJECT_SOURCE,CLEAR_SPAN,PROJECT_SOURCE,FACE_OF_SUPPORT,PROJECT_SOURCE,"ENGINEERING_DERIVED (unqualified plan callout; '/Top' and '(T&B)' are marked, plan note 2 gives the top steel over beams; p.15: bottom bars 'see schedule or plan')","[""token 4BC (5%%c10/m)"", ""P15-BOT-STOP-0.125L""]","[""URBAN_RATE_DENSITY (AD2-D02: equivalent count = rate x density x width, unrounded)"", ""AD2-D15 (a continuity-unresolved end stops the curtailed half as a continuous end would; its 0.125 L zone is a blocked complement)""]","[""AD2-D02"", ""AD2-D04"", ""P15-BOT-STOP-0.125L""]","[""QI-00233"", ""QI-00234"", ""QI-00235""]",2,True,False,5 /m x 0.5 x 1.9 m x 1.53125 m = 7.2734375 m; x 10^2/162 = 0.617283951 kg/m -> 4.489776235 kg,PRE-S7.1 11_S7_RELEASE_CANDIDATES.csv QI-00232 (manifest 3a67a8641ce4); 2 local bar strips in 04_S7_BAR_RUNS.csv
S7-0084,QI-00236,CMP-0017,SP-GF_ROOF_SLAB-06,PANEL,SP-GF_ROOF_SLAB-06,,RUN-B-033,GF_ROOF_SLAB,BOTTOM_CONTINUING_50,BOTTOM,X,10,5,,0.5,1.75,4.375,UNRESOLVED,1.65,,1.65,0,,7.21875,0.617283951,4.456018519,PROJECT_BASIS_QTO,"PROJECT_BASIS_QTO: rate density over the frozen PRE-S7.1 local bar strips; a lower bound of the physical steel (every blocked portion is excluded, not zero); not a bar-by-bar BBS",PROJECT_GEOMETRY (rectangular: local run = clear span); face to face of the supports (the portion beyond each face is a blocked complement),PROJECT_SOURCE: plan callout 5%%c10/m on SP-GF_ROOF_SLAB-06 -> 5 bars/m of Ø10; equivalent count by URBAN_RATE_DENSITY (AD2-D02); PHYSICAL_BBS_COUNT UNRESOLVED,PROJECT_SOURCE: P15-BOT-STOP-0.125L 'STOP 50% OF BOT. REINF. BALANCE CONTINUOUS' -> 0.5 (AD2-D04 exact 0.5 / 0.5 density; which physical bars stop stays a BBS question),,,,LOCAL_CLEAR_SPAN (face to face along each bar line),PROJECT_GEOMETRY,SUPPORT_FACE,PROJECT_GEOMETRY,"ENGINEERING_DERIVED (unqualified plan callout; '/Top' and '(T&B)' are marked, plan note 2 gives the top steel over beams; p.15: bottom bars 'see schedule or plan')","[""token 4C0 (5%%c10/m)"", ""P15-BOT-STOP-0.125L""]","[""URBAN_RATE_DENSITY (AD2-D02: equivalent count = rate x density x width, unrounded)""]","[""AD2-D02"", ""AD2-D04"", ""P15-BOT-STOP-0.125L""]","[""QI-00238"", ""QI-00240""]",3,False,False,5 /m x 0.5 x 1.75 m x 1.65 m = 7.21875 m; x 10^2/162 = 0.617283951 kg/m -> 4.456018519 kg,PRE-S7.1 11_S7_RELEASE_CANDIDATES.csv QI-00236 (manifest 3a67a8641ce4); 3 local bar strips in 04_S7_BAR_RUNS.csv
S7-0085,QI-00237,CMP-0016,SP-GF_ROOF_SLAB-06,PANEL,SP-GF_ROOF_SLAB-06,,RUN-B-033,GF_ROOF_SLAB,BOTTOM_CURTAILED_50,BOTTOM,X,10,5,,0.5,1.75,4.375,UNRESOLVED,1.65,0.4125,1.2375,0,0.4125,5.4140625,0.617283951,3.342013889,PROJECT_BASIS_QTO,"PROJECT_BASIS_QTO: rate density over the frozen PRE-S7.1 local bar strips; a lower bound of the physical steel (every blocked portion is excluded, not zero); not a bar-by-bar BBS","PROJECT_GEOMETRY (rectangular: local run = clear span); less PROJECT_SOURCE P15-BOT-STOP-0.125L 0.125 x L (L = clear span, from the face of support) at each continuous end and, under AD2-D15, each continuity-unresolved end",PROJECT_SOURCE: plan callout 5%%c10/m on SP-GF_ROOF_SLAB-06 -> 5 bars/m of Ø10; equivalent count by URBAN_RATE_DENSITY (AD2-D02); PHYSICAL_BBS_COUNT UNRESOLVED,PROJECT_SOURCE: P15-BOT-STOP-0.125L 'STOP 50% OF BOT. REINF. BALANCE CONTINUOUS' -> 0.5 (AD2-D04 exact 0.5 / 0.5 density; which physical bars stop stays a BBS question),0.125,P15-BOT-STOP-0.125L,PROJECT_SOURCE,CLEAR_SPAN,PROJECT_SOURCE,FACE_OF_SUPPORT,PROJECT_SOURCE,"ENGINEERING_DERIVED (unqualified plan callout; '/Top' and '(T&B)' are marked, plan note 2 gives the top steel over beams; p.15: bottom bars 'see schedule or plan')","[""token 4C0 (5%%c10/m)"", ""P15-BOT-STOP-0.125L""]","[""URBAN_RATE_DENSITY (AD2-D02: equivalent count = rate x density x width, unrounded)"", ""AD2-D15 (a continuity-unresolved end stops the curtailed half as a continuous end would; its 0.125 L zone is a blocked complement)""]","[""AD2-D02"", ""AD2-D04"", ""P15-BOT-STOP-0.125L""]","[""QI-00239""]",3,False,False,5 /m x 0.5 x 1.75 m x 1.2375 m = 5.4140625 m; x 10^2/162 = 0.617283951 kg/m -> 3.342013889 kg,PRE-S7.1 11_S7_RELEASE_CANDIDATES.csv QI-00237 (manifest 3a67a8641ce4); 3 local bar strips in 04_S7_BAR_RUNS.csv
S7-0086,QI-00241,CMP-0019,SP-GF_ROOF_SLAB-06,PANEL,SP-GF_ROOF_SLAB-06,,RUN-B-034,GF_ROOF_SLAB,BOTTOM_CONTINUING_50,BOTTOM,Y,10,5,,0.5,1.65,4.125,UNRESOLVED,1.75,,1.75,0,,7.21875,0.617283951,4.456018519,PROJECT_BASIS_QTO,"PROJECT_BASIS_QTO: rate density over the frozen PRE-S7.1 local bar strips; a lower bound of the physical steel (every blocked portion is excluded, not zero); not a bar-by-bar BBS",PROJECT_GEOMETRY (rectangular: local run = clear span); face to face of the supports (the portion beyond each face is a blocked complement),PROJECT_SOURCE: plan callout 5%%c10/m on SP-GF_ROOF_SLAB-06 -> 5 bars/m of Ø10; equivalent count by URBAN_RATE_DENSITY (AD2-D02); PHYSICAL_BBS_COUNT UNRESOLVED,PROJECT_SOURCE: P15-BOT-STOP-0.125L 'STOP 50% OF BOT. REINF. BALANCE CONTINUOUS' -> 0.5 (AD2-D04 exact 0.5 / 0.5 density; which physical bars stop stays a BBS question),,,,LOCAL_CLEAR_SPAN (face to face along each bar line),PROJECT_GEOMETRY,SUPPORT_FACE,PROJECT_GEOMETRY,"ENGINEERING_DERIVED (unqualified plan callout; '/Top' and '(T&B)' are marked, plan note 2 gives the top steel over beams; p.15: bottom bars 'see schedule or plan')","[""token 4C1 (5%%c10/m)"", ""P15-BOT-STOP-0.125L""]","[""URBAN_RATE_DENSITY (AD2-D02: equivalent count = rate x density x width, unrounded)""]","[""AD2-D02"", ""AD2-D04"", ""P15-BOT-STOP-0.125L""]","[""QI-00243"", ""QI-00245""]",2,False,False,5 /m x 0.5 x 1.65 m x 1.75 m = 7.21875 m; x 10^2/162 = 0.617283951 kg/m -> 4.456018519 kg,PRE-S7.1 11_S7_RELEASE_CANDIDATES.csv QI-00241 (manifest 3a67a8641ce4); 2 local bar strips in 04_S7_BAR_RUNS.csv
S7-0087,QI-00242,CMP-0018,SP-GF_ROOF_SLAB-06,PANEL,SP-GF_ROOF_SLAB-06,,RUN-B-034,GF_ROOF_SLAB,BOTTOM_CURTAILED_50,BOTTOM,Y,10,5,,0.5,1.65,4.125,UNRESOLVED,1.75,0.21875,1.53125,0,0.21875,6.31640625,0.617283951,3.899016204,PROJECT_BASIS_QTO,"PROJECT_BASIS_QTO: rate density over the frozen PRE-S7.1 local bar strips; a lower bound of the physical steel (every blocked portion is excluded, not zero); not a bar-by-bar BBS","PROJECT_GEOMETRY (rectangular: local run = clear span); less PROJECT_SOURCE P15-BOT-STOP-0.125L 0.125 x L (L = clear span, from the face of support) at each continuous end",PROJECT_SOURCE: plan callout 5%%c10/m on SP-GF_ROOF_SLAB-06 -> 5 bars/m of Ø10; equivalent count by URBAN_RATE_DENSITY (AD2-D02); PHYSICAL_BBS_COUNT UNRESOLVED,PROJECT_SOURCE: P15-BOT-STOP-0.125L 'STOP 50% OF BOT. REINF. BALANCE CONTINUOUS' -> 0.5 (AD2-D04 exact 0.5 / 0.5 density; which physical bars stop stays a BBS question),0.125,P15-BOT-STOP-0.125L,PROJECT_SOURCE,CLEAR_SPAN,PROJECT_SOURCE,FACE_OF_SUPPORT,PROJECT_SOURCE,"ENGINEERING_DERIVED (unqualified plan callout; '/Top' and '(T&B)' are marked, plan note 2 gives the top steel over beams; p.15: bottom bars 'see schedule or plan')","[""token 4C1 (5%%c10/m)"", ""P15-BOT-STOP-0.125L""]","[""URBAN_RATE_DENSITY (AD2-D02: equivalent count = rate x density x width, unrounded)""]","[""AD2-D02"", ""AD2-D04"", ""P15-BOT-STOP-0.125L""]","[""QI-00244""]",2,False,False,5 /m x 0.5 x 1.65 m x 1.53125 m = 6.31640625 m; x 10^2/162 = 0.617283951 kg/m -> 3.899016204 kg,PRE-S7.1 11_S7_RELEASE_CANDIDATES.csv QI-00242 (manifest 3a67a8641ce4); 2 local bar strips in 04_S7_BAR_RUNS.csv
S7-0088,QI-00246,CMP-0022,SP-GF_ROOF_SLAB-07,PANEL,SP-GF_ROOF_SLAB-07,,RUN-B-035,GF_ROOF_SLAB,BOTTOM_CONTINUING_50,BOTTOM,X,10,5,,0.5,2.95,7.375,UNRESOLVED,1.8,,1.8,0,,13.275,0.617283951,8.194444444,PROJECT_BASIS_QTO,"PROJECT_BASIS_QTO: rate density over the frozen PRE-S7.1 local bar strips; a lower bound of the physical steel (every blocked portion is excluded, not zero); not a bar-by-bar BBS",PROJECT_GEOMETRY (rectangular: local run = clear span); face to face of the supports (the portion beyond each face is a blocked complement),PROJECT_SOURCE: plan callout 5%%c10/m on SP-GF_ROOF_SLAB-07 -> 5 bars/m of Ø10; equivalent count by URBAN_RATE_DENSITY (AD2-D02); PHYSICAL_BBS_COUNT UNRESOLVED,PROJECT_SOURCE: P15-BOT-STOP-0.125L 'STOP 50% OF BOT. REINF. BALANCE CONTINUOUS' -> 0.5 (AD2-D04 exact 0.5 / 0.5 density; which physical bars stop stays a BBS question),,,,LOCAL_CLEAR_SPAN (face to face along each bar line),PROJECT_GEOMETRY,SUPPORT_FACE,PROJECT_GEOMETRY,"ENGINEERING_DERIVED (unqualified plan callout; '/Top' and '(T&B)' are marked, plan note 2 gives the top steel over beams; p.15: bottom bars 'see schedule or plan')","[""token 4A4 (5%%c10/m)"", ""P15-BOT-STOP-0.125L""]","[""URBAN_RATE_DENSITY (AD2-D02: equivalent count = rate x density x width, unrounded)""]","[""AD2-D02"", ""AD2-D04"", ""P15-BOT-STOP-0.125L""]","[""QI-00248"", ""QI-00249"", ""QI-00250"", ""QI-00251""]",7,False,False,5 /m x 0.5 x 2.95 m x 1.8 m = 13.275 m; x 10^2/162 = 0.617283951 kg/m -> 8.194444444 kg,PRE-S7.1 11_S7_RELEASE_CANDIDATES.csv QI-00246 (manifest 3a67a8641ce4); 7 local bar strips in 04_S7_BAR_RUNS.csv
S7-0089,QI-00247,CMP-0022,SP-GF_ROOF_SLAB-07,PANEL,SP-GF_ROOF_SLAB-07,,RUN-B-035,GF_ROOF_SLAB,BOTTOM_CURTAILED_50,BOTTOM,X,10,5,,0.5,2.95,7.375,UNRESOLVED,1.8,0.45,1.35,0,0.45,9.95625,0.617283951,6.145833333,PROJECT_BASIS_QTO,"PROJECT_BASIS_QTO: rate density over the frozen PRE-S7.1 local bar strips; a lower bound of the physical steel (every blocked portion is excluded, not zero); not a bar-by-bar BBS","PROJECT_GEOMETRY (rectangular: local run = clear span); less PROJECT_SOURCE P15-BOT-STOP-0.125L 0.125 x L (L = clear span, from the face of support) at each continuous end and, under AD2-D15, each continuity-unresolved end",PROJECT_SOURCE: plan callout 5%%c10/m on SP-GF_ROOF_SLAB-07 -> 5 bars/m of Ø10; equivalent count by URBAN_RATE_DENSITY (AD2-D02); PHYSICAL_BBS_COUNT UNRESOLVED,PROJECT_SOURCE: P15-BOT-STOP-0.125L 'STOP 50% OF BOT. REINF. BALANCE CONTINUOUS' -> 0.5 (AD2-D04 exact 0.5 / 0.5 density; which physical bars stop stays a BBS question),0.125,P15-BOT-STOP-0.125L,PROJECT_SOURCE,CLEAR_SPAN,PROJECT_SOURCE,FACE_OF_SUPPORT,PROJECT_SOURCE,"ENGINEERING_DERIVED (unqualified plan callout; '/Top' and '(T&B)' are marked, plan note 2 gives the top steel over beams; p.15: bottom bars 'see schedule or plan')","[""token 4A4 (5%%c10/m)"", ""P15-BOT-STOP-0.125L""]","[""URBAN_RATE_DENSITY (AD2-D02: equivalent count = rate x density x width, unrounded)"", ""AD2-D15 (a continuity-unresolved end stops the curtailed half as a continuous end would; its 0.125 L zone is a blocked complement)""]","[""AD2-D02"", ""AD2-D04"", ""P15-BOT-STOP-0.125L""]","[""QI-00248"", ""QI-00249"", ""QI-00250"", ""QI-00251""]",7,False,False,5 /m x 0.5 x 2.95 m x 1.35 m = 9.95625 m; x 10^2/162 = 0.617283951 kg/m -> 6.145833333 kg,PRE-S7.1 11_S7_RELEASE_CANDIDATES.csv QI-00247 (manifest 3a67a8641ce4); 7 local bar strips in 04_S7_BAR_RUNS.csv
S7-0090,QI-00252,CMP-0023,SP-GF_ROOF_SLAB-07,PANEL,SP-GF_ROOF_SLAB-07,,RUN-B-036,GF_ROOF_SLAB,BOTTOM_IN_PANEL,BOTTOM,Y,10,5,,1,1.8,9,UNRESOLVED,2.95,,2.95,0,,26.55,0.617283951,16.388888889,PROJECT_BASIS_QTO,"PROJECT_BASIS_QTO: rate density over the frozen PRE-S7.1 local bar strips; a lower bound of the physical steel (every blocked portion is excluded, not zero); not a bar-by-bar BBS",PROJECT_GEOMETRY (rectangular: local run = clear span); face to face of the supports (the portion beyond each face is a blocked complement),PROJECT_SOURCE: plan callout 5%%c10/m on SP-GF_ROOF_SLAB-07 -> 5 bars/m of Ø10; equivalent count by URBAN_RATE_DENSITY (AD2-D02); PHYSICAL_BBS_COUNT UNRESOLVED,PROJECT_SOURCE: full callout density 1 (no 50 % rule split on this item),,,,LOCAL_CLEAR_SPAN (face to face along each bar line),PROJECT_GEOMETRY,SUPPORT_FACE,PROJECT_GEOMETRY,"ENGINEERING_DERIVED (unqualified plan callout; '/Top' and '(T&B)' are marked, plan note 2 gives the top steel over beams; p.15: bottom bars 'see schedule or plan')","[""token 4A2 (5%%c10/m)""]","[""URBAN_RATE_DENSITY (AD2-D02: equivalent count = rate x density x width, unrounded)""]","[""AD2-D02""]","[""QI-00253"", ""QI-00254""]",1,False,False,5 /m x 1 x 1.8 m x 2.95 m = 26.55 m; x 10^2/162 = 0.617283951 kg/m -> 16.388888889 kg,PRE-S7.1 11_S7_RELEASE_CANDIDATES.csv QI-00252 (manifest 3a67a8641ce4); 1 local bar strips in 04_S7_BAR_RUNS.csv
S7-0091,QI-00255,CMP-0027,SP-GF_ROOF_SLAB-08,PANEL,SP-GF_ROOF_SLAB-08,,RUN-B-037,GF_ROOF_SLAB,BOTTOM_CONTINUING_50,BOTTOM,X,10,6,,0.5,3.52014,10.56042,UNRESOLVED,3.5,,3.5,0,,36.96147,0.617283951,22.815722222,PROJECT_BASIS_QTO,"PROJECT_BASIS_QTO: rate density over the frozen PRE-S7.1 local bar strips; a lower bound of the physical steel (every blocked portion is excluded, not zero); not a bar-by-bar BBS",PROJECT_GEOMETRY (rectangular: local run = clear span); face to face of the supports (the portion beyond each face is a blocked complement),PROJECT_SOURCE: plan callout 6%%c10/m on SP-GF_ROOF_SLAB-08 -> 6 bars/m of Ø10; equivalent count by URBAN_RATE_DENSITY (AD2-D02); PHYSICAL_BBS_COUNT UNRESOLVED,PROJECT_SOURCE: P15-BOT-STOP-0.125L 'STOP 50% OF BOT. REINF. BALANCE CONTINUOUS' -> 0.5 (AD2-D04 exact 0.5 / 0.5 density; which physical bars stop stays a BBS question),,,,LOCAL_CLEAR_SPAN (face to face along each bar line),PROJECT_GEOMETRY,SUPPORT_FACE,PROJECT_GEOMETRY,"ENGINEERING_DERIVED (unqualified plan callout; '/Top' and '(T&B)' are marked, plan note 2 gives the top steel over beams; p.15: bottom bars 'see schedule or plan')","[""token 4D0 (6%%c10/m)"", ""P15-BOT-STOP-0.125L""]","[""URBAN_RATE_DENSITY (AD2-D02: equivalent count = rate x density x width, unrounded)""]","[""AD2-D02"", ""AD2-D04"", ""P15-BOT-STOP-0.125L""]","[""QI-00257"", ""QI-00259"", ""QI-00260"", ""QI-00261""]",71,False,False,6 /m x 0.5 x 3.52014 m x 3.5 m = 36.96147 m; x 10^2/162 = 0.617283951 kg/m -> 22.815722222 kg,PRE-S7.1 11_S7_RELEASE_CANDIDATES.csv QI-00255 (manifest 3a67a8641ce4); 71 local bar strips in 04_S7_BAR_RUNS.csv
S7-0092,QI-00256,CMP-0026,SP-GF_ROOF_SLAB-08,PANEL,SP-GF_ROOF_SLAB-08,,RUN-B-037,GF_ROOF_SLAB,BOTTOM_CURTAILED_50,BOTTOM,X,10,6,,0.5,3.52014,10.56042,UNRESOLVED,3.5,0.514515207,2.985484793,0,0.514515207,31.527973312,0.617283951,19.461711921,PROJECT_BASIS_QTO,"PROJECT_BASIS_QTO: rate density over the frozen PRE-S7.1 local bar strips; a lower bound of the physical steel (every blocked portion is excluded, not zero); not a bar-by-bar BBS","PROJECT_GEOMETRY (rectangular: local run = clear span); less PROJECT_SOURCE P15-BOT-STOP-0.125L 0.125 x L (L = clear span, from the face of support) at each continuous end",PROJECT_SOURCE: plan callout 6%%c10/m on SP-GF_ROOF_SLAB-08 -> 6 bars/m of Ø10; equivalent count by URBAN_RATE_DENSITY (AD2-D02); PHYSICAL_BBS_COUNT UNRESOLVED,PROJECT_SOURCE: P15-BOT-STOP-0.125L 'STOP 50% OF BOT. REINF. BALANCE CONTINUOUS' -> 0.5 (AD2-D04 exact 0.5 / 0.5 density; which physical bars stop stays a BBS question),0.125,P15-BOT-STOP-0.125L,PROJECT_SOURCE,CLEAR_SPAN,PROJECT_SOURCE,FACE_OF_SUPPORT,PROJECT_SOURCE,"ENGINEERING_DERIVED (unqualified plan callout; '/Top' and '(T&B)' are marked, plan note 2 gives the top steel over beams; p.15: bottom bars 'see schedule or plan')","[""token 4D0 (6%%c10/m)"", ""P15-BOT-STOP-0.125L""]","[""URBAN_RATE_DENSITY (AD2-D02: equivalent count = rate x density x width, unrounded)""]","[""AD2-D02"", ""AD2-D04"", ""P15-BOT-STOP-0.125L""]","[""QI-00258""]",71,False,False,6 /m x 0.5 x 3.52014 m x 2.985484793 m = 31.527973312 m; x 10^2/162 = 0.617283951 kg/m -> 19.461711921 kg,PRE-S7.1 11_S7_RELEASE_CANDIDATES.csv QI-00256 (manifest 3a67a8641ce4); 71 local bar strips in 04_S7_BAR_RUNS.csv
S7-0093,QI-00262,CMP-0028,SP-GF_ROOF_SLAB-08,PANEL,SP-GF_ROOF_SLAB-08,,RUN-B-038,GF_ROOF_SLAB,BOTTOM_IN_PANEL,BOTTOM,Y,10,5,,1,0.219723,1.098615,UNRESOLVED,3.52014,,3.52014,0,,3.867278606,0.617283951,2.387209016,PROJECT_BASIS_QTO,"PROJECT_BASIS_QTO: rate density over the frozen PRE-S7.1 local bar strips; a lower bound of the physical steel (every blocked portion is excluded, not zero); not a bar-by-bar BBS",PROJECT_GEOMETRY (rectangular: local run = clear span); face to face of the supports (the portion beyond each face is a blocked complement),PROJECT_SOURCE: plan callout 5%%c10/m on SP-GF_ROOF_SLAB-08 -> 5 bars/m of Ø10; equivalent count by URBAN_RATE_DENSITY (AD2-D02); PHYSICAL_BBS_COUNT UNRESOLVED,PROJECT_SOURCE: full callout density 1 (no 50 % rule split on this item),,,,LOCAL_CLEAR_SPAN (face to face along each bar line),PROJECT_GEOMETRY,SUPPORT_FACE,PROJECT_GEOMETRY,"ENGINEERING_DERIVED (unqualified plan callout; '/Top' and '(T&B)' are marked, plan note 2 gives the top steel over beams; p.15: bottom bars 'see schedule or plan')","[""token 4D1 (5%%c10/m)""]","[""URBAN_RATE_DENSITY (AD2-D02: equivalent count = rate x density x width, unrounded)""]","[""AD2-D02""]","[""QI-00265"", ""QI-00266"", ""QI-00267"", ""QI-00268""]",2,False,False,5 /m x 1 x 0.219723 m x 3.52014 m = 3.867278606 m; x 10^2/162 = 0.617283951 kg/m -> 2.387209016 kg,PRE-S7.1 11_S7_RELEASE_CANDIDATES.csv QI-00262 (manifest 3a67a8641ce4); 2 local bar strips in 04_S7_BAR_RUNS.csv
S7-0094,QI-00263,CMP-0028,SP-GF_ROOF_SLAB-08,PANEL,SP-GF_ROOF_SLAB-08,,RUN-B-038,GF_ROOF_SLAB,BOTTOM_CONTINUING_50,BOTTOM,Y,10,5,,0.5,3.280277,8.2006925,UNRESOLVED,3.52014,,3.52014,0,,28.867585697,0.617283951,17.819497344,PROJECT_BASIS_QTO,"PROJECT_BASIS_QTO: rate density over the frozen PRE-S7.1 local bar strips; a lower bound of the physical steel (every blocked portion is excluded, not zero); not a bar-by-bar BBS",PROJECT_GEOMETRY (rectangular: local run = clear span); face to face of the supports (the portion beyond each face is a blocked complement),PROJECT_SOURCE: plan callout 5%%c10/m on SP-GF_ROOF_SLAB-08 -> 5 bars/m of Ø10; equivalent count by URBAN_RATE_DENSITY (AD2-D02); PHYSICAL_BBS_COUNT UNRESOLVED,PROJECT_SOURCE: P15-BOT-STOP-0.125L 'STOP 50% OF BOT. REINF. BALANCE CONTINUOUS' -> 0.5 (AD2-D04 exact 0.5 / 0.5 density; which physical bars stop stays a BBS question),,,,LOCAL_CLEAR_SPAN (face to face along each bar line),PROJECT_GEOMETRY,SUPPORT_FACE,PROJECT_GEOMETRY,"ENGINEERING_DERIVED (unqualified plan callout; '/Top' and '(T&B)' are marked, plan note 2 gives the top steel over beams; p.15: bottom bars 'see schedule or plan')","[""token 4D1 (5%%c10/m)"", ""P15-BOT-STOP-0.125L""]","[""URBAN_RATE_DENSITY (AD2-D02: equivalent count = rate x density x width, unrounded)""]","[""AD2-D02"", ""AD2-D04"", ""P15-BOT-STOP-0.125L""]","[""QI-00265"", ""QI-00266"", ""QI-00267"", ""QI-00268""]",5,False,False,5 /m x 0.5 x 3.280277 m x 3.52014 m = 28.867585697 m; x 10^2/162 = 0.617283951 kg/m -> 17.819497344 kg,PRE-S7.1 11_S7_RELEASE_CANDIDATES.csv QI-00263 (manifest 3a67a8641ce4); 5 local bar strips in 04_S7_BAR_RUNS.csv
S7-0095,QI-00264,CMP-0028,SP-GF_ROOF_SLAB-08,PANEL,SP-GF_ROOF_SLAB-08,,RUN-B-038,GF_ROOF_SLAB,BOTTOM_CURTAILED_50,BOTTOM,Y,10,5,,0.5,3.280277,8.2006925,UNRESOLVED,3.52014,0.4400175,3.0801225,0,0.4400175,25.259137485,0.617283951,15.592060176,PROJECT_BASIS_QTO,"PROJECT_BASIS_QTO: rate density over the frozen PRE-S7.1 local bar strips; a lower bound of the physical steel (every blocked portion is excluded, not zero); not a bar-by-bar BBS","PROJECT_GEOMETRY (rectangular: local run = clear span); less PROJECT_SOURCE P15-BOT-STOP-0.125L 0.125 x L (L = clear span, from the face of support) at each continuous end and, under AD2-D15, each continuity-unresolved end",PROJECT_SOURCE: plan callout 5%%c10/m on SP-GF_ROOF_SLAB-08 -> 5 bars/m of Ø10; equivalent count by URBAN_RATE_DENSITY (AD2-D02); PHYSICAL_BBS_COUNT UNRESOLVED,PROJECT_SOURCE: P15-BOT-STOP-0.125L 'STOP 50% OF BOT. REINF. BALANCE CONTINUOUS' -> 0.5 (AD2-D04 exact 0.5 / 0.5 density; which physical bars stop stays a BBS question),0.125,P15-BOT-STOP-0.125L,PROJECT_SOURCE,CLEAR_SPAN,PROJECT_SOURCE,FACE_OF_SUPPORT,PROJECT_SOURCE,"ENGINEERING_DERIVED (unqualified plan callout; '/Top' and '(T&B)' are marked, plan note 2 gives the top steel over beams; p.15: bottom bars 'see schedule or plan')","[""token 4D1 (5%%c10/m)"", ""P15-BOT-STOP-0.125L""]","[""URBAN_RATE_DENSITY (AD2-D02: equivalent count = rate x density x width, unrounded)"", ""AD2-D15 (a continuity-unresolved end stops the curtailed half as a continuous end would; its 0.125 L zone is a blocked complement)""]","[""AD2-D02"", ""AD2-D04"", ""P15-BOT-STOP-0.125L""]","[""QI-00265"", ""QI-00266"", ""QI-00267"", ""QI-00268""]",5,False,False,5 /m x 0.5 x 3.280277 m x 3.0801225 m = 25.259137485 m; x 10^2/162 = 0.617283951 kg/m -> 15.592060176 kg,PRE-S7.1 11_S7_RELEASE_CANDIDATES.csv QI-00264 (manifest 3a67a8641ce4); 5 local bar strips in 04_S7_BAR_RUNS.csv
S7-0096,QI-00269,CMP-0032,SP-GF_ROOF_SLAB-10,PANEL,SP-GF_ROOF_SLAB-10,,RUN-B-035,GF_ROOF_SLAB,BOTTOM_CONTINUING_50,BOTTOM,X,10,5,,0.5,2.604065,6.5101625,UNRESOLVED,3.188979106,,3.188979106,0,,20.760772188,0.617283951,12.815291474,PROJECT_BASIS_QTO,"PROJECT_BASIS_QTO: rate density over the frozen PRE-S7.1 local bar strips; a lower bound of the physical steel (every blocked portion is excluded, not zero); not a bar-by-bar BBS",PROJECT_GEOMETRY + URBAN_OWNER_MEASUREMENT_RULE (URBAN_QTO_LOCAL_BAR_LINE_V1: local run along each bar line); face to face of the supports (the portion beyond each face is a blocked complement),PROJECT_SOURCE: plan callout 5%%c10/m on SP-GF_ROOF_SLAB-10 -> 5 bars/m of Ø10; equivalent count by URBAN_RATE_DENSITY (AD2-D02); PHYSICAL_BBS_COUNT UNRESOLVED,PROJECT_SOURCE: P15-BOT-STOP-0.125L 'STOP 50% OF BOT. REINF. BALANCE CONTINUOUS' -> 0.5 (AD2-D04 exact 0.5 / 0.5 density; which physical bars stop stays a BBS question),,,,LOCAL_CLEAR_SPAN (face to face along each bar line),URBAN_OWNER_MEASUREMENT_RULE,SUPPORT_FACE,PROJECT_GEOMETRY,"ENGINEERING_DERIVED (unqualified plan callout; '/Top' and '(T&B)' are marked, plan note 2 gives the top steel over beams; p.15: bottom bars 'see schedule or plan')","[""token 4C5 (5%%c10/m)"", ""P15-BOT-STOP-0.125L""]","[""URBAN_RATE_DENSITY (AD2-D02: equivalent count = rate x density x width, unrounded)"", ""URBAN_QTO_LOCAL_BAR_LINE_V1 (AD2-D14)""]","[""AD2-D02"", ""AD2-D14"", ""AD2-D04"", ""P15-BOT-STOP-0.125L""]","[""QI-00271"", ""QI-00273"", ""QI-00598""]",11,False,True,5 /m x 0.5 x 2.604065 m x 3.188979106 m = 20.760772188 m; x 10^2/162 = 0.617283951 kg/m -> 12.815291474 kg,PRE-S7.1 11_S7_RELEASE_CANDIDATES.csv QI-00269 (manifest 3a67a8641ce4); 11 local bar strips in 04_S7_BAR_RUNS.csv
S7-0097,QI-00270,CMP-0031,SP-GF_ROOF_SLAB-10,PANEL,SP-GF_ROOF_SLAB-10,,RUN-B-035,GF_ROOF_SLAB,BOTTOM_CURTAILED_50,BOTTOM,X,10,5,,0.5,2.604065,6.5101625,UNRESOLVED,3.188979106,0.797244776,2.391734329,0,0.797244776,15.570579141,0.617283951,9.611468605,PROJECT_BASIS_QTO,"PROJECT_BASIS_QTO: rate density over the frozen PRE-S7.1 local bar strips; a lower bound of the physical steel (every blocked portion is excluded, not zero); not a bar-by-bar BBS","PROJECT_GEOMETRY + URBAN_OWNER_MEASUREMENT_RULE (URBAN_QTO_LOCAL_BAR_LINE_V1: local run along each bar line); less PROJECT_SOURCE P15-BOT-STOP-0.125L 0.125 x L (L = clear span, from the face of support) at each continuous end and, under AD2-D15, each continuity-unresolved end",PROJECT_SOURCE: plan callout 5%%c10/m on SP-GF_ROOF_SLAB-10 -> 5 bars/m of Ø10; equivalent count by URBAN_RATE_DENSITY (AD2-D02); PHYSICAL_BBS_COUNT UNRESOLVED,PROJECT_SOURCE: P15-BOT-STOP-0.125L 'STOP 50% OF BOT. REINF. BALANCE CONTINUOUS' -> 0.5 (AD2-D04 exact 0.5 / 0.5 density; which physical bars stop stays a BBS question),0.125,P15-BOT-STOP-0.125L,PROJECT_SOURCE,CLEAR_SPAN (local L along each bar line),PROJECT_SOURCE,FACE_OF_SUPPORT,PROJECT_SOURCE,"ENGINEERING_DERIVED (unqualified plan callout; '/Top' and '(T&B)' are marked, plan note 2 gives the top steel over beams; p.15: bottom bars 'see schedule or plan')","[""token 4C5 (5%%c10/m)"", ""P15-BOT-STOP-0.125L""]","[""URBAN_RATE_DENSITY (AD2-D02: equivalent count = rate x density x width, unrounded)"", ""URBAN_QTO_LOCAL_BAR_LINE_V1 (AD2-D14)"", ""AD2-D15 (a continuity-unresolved end stops the curtailed half as a continuous end would; its 0.125 L zone is a blocked complement)""]","[""AD2-D02"", ""AD2-D14"", ""AD2-D04"", ""P15-BOT-STOP-0.125L""]","[""QI-00272""]",11,False,True,5 /m x 0.5 x 2.604065 m x 2.391734329 m = 15.570579141 m; x 10^2/162 = 0.617283951 kg/m -> 9.611468605 kg,PRE-S7.1 11_S7_RELEASE_CANDIDATES.csv QI-00270 (manifest 3a67a8641ce4); 11 local bar strips in 04_S7_BAR_RUNS.csv
S7-0098,QI-00274,CMP-0034,SP-GF_ROOF_SLAB-10,PANEL,SP-GF_ROOF_SLAB-10,,RUN-B-039,GF_ROOF_SLAB,BOTTOM_CONTINUING_50,BOTTOM,Y,10,6,,0.5,3.75,11.25,UNRESOLVED,2.214482367,,2.214482367,0,,24.912926625,0.617283951,15.378349769,PROJECT_BASIS_QTO,"PROJECT_BASIS_QTO: rate density over the frozen PRE-S7.1 local bar strips; a lower bound of the physical steel (every blocked portion is excluded, not zero); not a bar-by-bar BBS",PROJECT_GEOMETRY + URBAN_OWNER_MEASUREMENT_RULE (URBAN_QTO_LOCAL_BAR_LINE_V1: local run along each bar line); face to face of the supports (the portion beyond each face is a blocked complement),PROJECT_SOURCE: plan callout 6%%C10/m on SP-GF_ROOF_SLAB-10 -> 6 bars/m of Ø10; equivalent count by URBAN_RATE_DENSITY (AD2-D02); PHYSICAL_BBS_COUNT UNRESOLVED,PROJECT_SOURCE: P15-BOT-STOP-0.125L 'STOP 50% OF BOT. REINF. BALANCE CONTINUOUS' -> 0.5 (AD2-D04 exact 0.5 / 0.5 density; which physical bars stop stays a BBS question),,,,LOCAL_CLEAR_SPAN (face to face along each bar line),URBAN_OWNER_MEASUREMENT_RULE,SUPPORT_FACE,PROJECT_GEOMETRY,"ENGINEERING_DERIVED (unqualified plan callout; '/Top' and '(T&B)' are marked, plan note 2 gives the top steel over beams; p.15: bottom bars 'see schedule or plan')","[""token 4C6 (6%%C10/m)"", ""P15-BOT-STOP-0.125L""]","[""URBAN_RATE_DENSITY (AD2-D02: equivalent count = rate x density x width, unrounded)"", ""URBAN_QTO_LOCAL_BAR_LINE_V1 (AD2-D14)""]","[""AD2-D02"", ""AD2-D14"", ""AD2-D04"", ""P15-BOT-STOP-0.125L""]","[""QI-00276"", ""QI-00277"", ""QI-00280"", ""QI-00281""]",7,False,True,6 /m x 0.5 x 3.75 m x 2.214482367 m = 24.912926625 m; x 10^2/162 = 0.617283951 kg/m -> 15.378349769 kg,PRE-S7.1 11_S7_RELEASE_CANDIDATES.csv QI-00274 (manifest 3a67a8641ce4); 7 local bar strips in 04_S7_BAR_RUNS.csv
S7-0099,QI-00275,CMP-0033,SP-GF_ROOF_SLAB-10,PANEL,SP-GF_ROOF_SLAB-10,,RUN-B-039,GF_ROOF_SLAB,BOTTOM_CURTAILED_50,BOTTOM,Y,10,6,,0.5,3.75,11.25,UNRESOLVED,2.214482367,0.553620592,1.660861775,0,0.553620592,18.684694969,0.617283951,11.533762326,PROJECT_BASIS_QTO,"PROJECT_BASIS_QTO: rate density over the frozen PRE-S7.1 local bar strips; a lower bound of the physical steel (every blocked portion is excluded, not zero); not a bar-by-bar BBS","PROJECT_GEOMETRY + URBAN_OWNER_MEASUREMENT_RULE (URBAN_QTO_LOCAL_BAR_LINE_V1: local run along each bar line); less PROJECT_SOURCE P15-BOT-STOP-0.125L 0.125 x L (L = clear span, from the face of support) at each continuous end and, under AD2-D15, each continuity-unresolved end",PROJECT_SOURCE: plan callout 6%%C10/m on SP-GF_ROOF_SLAB-10 -> 6 bars/m of Ø10; equivalent count by URBAN_RATE_DENSITY (AD2-D02); PHYSICAL_BBS_COUNT UNRESOLVED,PROJECT_SOURCE: P15-BOT-STOP-0.125L 'STOP 50% OF BOT. REINF. BALANCE CONTINUOUS' -> 0.5 (AD2-D04 exact 0.5 / 0.5 density; which physical bars stop stays a BBS question),0.125,P15-BOT-STOP-0.125L,PROJECT_SOURCE,CLEAR_SPAN (local L along each bar line),PROJECT_SOURCE,FACE_OF_SUPPORT,PROJECT_SOURCE,"ENGINEERING_DERIVED (unqualified plan callout; '/Top' and '(T&B)' are marked, plan note 2 gives the top steel over beams; p.15: bottom bars 'see schedule or plan')","[""token 4C6 (6%%C10/m)"", ""P15-BOT-STOP-0.125L""]","[""URBAN_RATE_DENSITY (AD2-D02: equivalent count = rate x density x width, unrounded)"", ""URBAN_QTO_LOCAL_BAR_LINE_V1 (AD2-D14)"", ""AD2-D15 (a continuity-unresolved end stops the curtailed half as a continuous end would; its 0.125 L zone is a blocked complement)""]","[""AD2-D02"", ""AD2-D14"", ""AD2-D04"", ""P15-BOT-STOP-0.125L""]","[""QI-00278"", ""QI-00279""]",7,False,True,6 /m x 0.5 x 3.75 m x 1.660861775 m = 18.684694969 m; x 10^2/162 = 0.617283951 kg/m -> 11.533762326 kg,PRE-S7.1 11_S7_RELEASE_CANDIDATES.csv QI-00275 (manifest 3a67a8641ce4); 7 local bar strips in 04_S7_BAR_RUNS.csv
S7-0100,QI-00282,CMP-0038,SP-GF_ROOF_SLAB-11,PANEL,SP-GF_ROOF_SLAB-11,,RUN-B-035,GF_ROOF_SLAB,BOTTOM_CONTINUING_50,BOTTOM,X,10,5,,0.5,2.944538,7.361345,UNRESOLVED,1.385396133,,1.385396133,0,,10.1983789,0.617283951,6.295295617,PROJECT_BASIS_QTO,"PROJECT_BASIS_QTO: rate density over the frozen PRE-S7.1 local bar strips; a lower bound of the physical steel (every blocked portion is excluded, not zero); not a bar-by-bar BBS",PROJECT_GEOMETRY + URBAN_OWNER_MEASUREMENT_RULE (URBAN_QTO_LOCAL_BAR_LINE_V1: local run along each bar line); face to face of the supports (the portion beyond each face is a blocked complement),PROJECT_SOURCE: plan callout 5%%c10/m on SP-GF_ROOF_SLAB-11 -> 5 bars/m of Ø10; equivalent count by URBAN_RATE_DENSITY (AD2-D02); PHYSICAL_BBS_COUNT UNRESOLVED,PROJECT_SOURCE: P15-BOT-STOP-0.125L 'STOP 50% OF BOT. REINF. BALANCE CONTINUOUS' -> 0.5 (AD2-D04 exact 0.5 / 0.5 density; which physical bars stop stays a BBS question),,,,LOCAL_CLEAR_SPAN (face to face along each bar line),URBAN_OWNER_MEASUREMENT_RULE,SUPPORT_FACE,PROJECT_GEOMETRY,"ENGINEERING_DERIVED (unqualified plan callout; '/Top' and '(T&B)' are marked, plan note 2 gives the top steel over beams; p.15: bottom bars 'see schedule or plan')","[""token 4A9 (5%%c10/m)"", ""P15-BOT-STOP-0.125L""]","[""URBAN_RATE_DENSITY (AD2-D02: equivalent count = rate x density x width, unrounded)"", ""URBAN_QTO_LOCAL_BAR_LINE_V1 (AD2-D14)""]","[""AD2-D02"", ""AD2-D14"", ""AD2-D04"", ""P15-BOT-STOP-0.125L""]","[""QI-00284"", ""QI-00285"", ""QI-00589""]",16,False,True,5 /m x 0.5 x 2.944538 m x 1.385396133 m = 10.1983789 m; x 10^2/162 = 0.617283951 kg/m -> 6.295295617 kg,PRE-S7.1 11_S7_RELEASE_CANDIDATES.csv QI-00282 (manifest 3a67a8641ce4); 16 local bar strips in 04_S7_BAR_RUNS.csv
S7-0101,QI-00283,CMP-0037,SP-GF_ROOF_SLAB-11,PANEL,SP-GF_ROOF_SLAB-11,,RUN-B-035,GF_ROOF_SLAB,BOTTOM_CURTAILED_50,BOTTOM,X,10,5,,0.5,2.944538,7.361345,UNRESOLVED,1.385396133,0.235578194,1.149817939,0,0.235578194,8.464206538,0.617283951,5.22481885,PROJECT_BASIS_QTO,"PROJECT_BASIS_QTO: rate density over the frozen PRE-S7.1 local bar strips; a lower bound of the physical steel (every blocked portion is excluded, not zero); not a bar-by-bar BBS","PROJECT_GEOMETRY + URBAN_OWNER_MEASUREMENT_RULE (URBAN_QTO_LOCAL_BAR_LINE_V1: local run along each bar line); less PROJECT_SOURCE P15-BOT-STOP-0.125L 0.125 x L (L = clear span, from the face of support) at each continuous end and, under AD2-D15, each continuity-unresolved end",PROJECT_SOURCE: plan callout 5%%c10/m on SP-GF_ROOF_SLAB-11 -> 5 bars/m of Ø10; equivalent count by URBAN_RATE_DENSITY (AD2-D02); PHYSICAL_BBS_COUNT UNRESOLVED,PROJECT_SOURCE: P15-BOT-STOP-0.125L 'STOP 50% OF BOT. REINF. BALANCE CONTINUOUS' -> 0.5 (AD2-D04 exact 0.5 / 0.5 density; which physical bars stop stays a BBS question),0.125,P15-BOT-STOP-0.125L,PROJECT_SOURCE,CLEAR_SPAN (local L along each bar line),PROJECT_SOURCE,FACE_OF_SUPPORT,PROJECT_SOURCE,"ENGINEERING_DERIVED (unqualified plan callout; '/Top' and '(T&B)' are marked, plan note 2 gives the top steel over beams; p.15: bottom bars 'see schedule or plan')","[""token 4A9 (5%%c10/m)"", ""P15-BOT-STOP-0.125L""]","[""URBAN_RATE_DENSITY (AD2-D02: equivalent count = rate x density x width, unrounded)"", ""URBAN_QTO_LOCAL_BAR_LINE_V1 (AD2-D14)"", ""AD2-D15 (a continuity-unresolved end stops the curtailed half as a continuous end would; its 0.125 L zone is a blocked complement)""]","[""AD2-D02"", ""AD2-D14"", ""AD2-D04"", ""P15-BOT-STOP-0.125L""]","[""QI-00286"", ""QI-00287""]",16,False,True,5 /m x 0.5 x 2.944538 m x 1.149817939 m = 8.464206538 m; x 10^2/162 = 0.617283951 kg/m -> 5.22481885 kg,PRE-S7.1 11_S7_RELEASE_CANDIDATES.csv QI-00283 (manifest 3a67a8641ce4); 16 local bar strips in 04_S7_BAR_RUNS.csv
S7-0102,QI-00288,CMP-0040,SP-GF_ROOF_SLAB-11,PANEL,SP-GF_ROOF_SLAB-11,,RUN-B-040,GF_ROOF_SLAB,BOTTOM_CONTINUING_50,BOTTOM,Y,10,5,,0.5,1.47,3.675,UNRESOLVED,2.775069088,,2.775069088,0,,10.1983789,0.617283951,6.295295617,PROJECT_BASIS_QTO,"PROJECT_BASIS_QTO: rate density over the frozen PRE-S7.1 local bar strips; a lower bound of the physical steel (every blocked portion is excluded, not zero); not a bar-by-bar BBS",PROJECT_GEOMETRY + URBAN_OWNER_MEASUREMENT_RULE (URBAN_QTO_LOCAL_BAR_LINE_V1: local run along each bar line); face to face of the supports (the portion beyond each face is a blocked complement),PROJECT_SOURCE: plan callout 5%%c10/m on SP-GF_ROOF_SLAB-11 -> 5 bars/m of Ø10; equivalent count by URBAN_RATE_DENSITY (AD2-D02); PHYSICAL_BBS_COUNT UNRESOLVED,PROJECT_SOURCE: P15-BOT-STOP-0.125L 'STOP 50% OF BOT. REINF. BALANCE CONTINUOUS' -> 0.5 (AD2-D04 exact 0.5 / 0.5 density; which physical bars stop stays a BBS question),,,,LOCAL_CLEAR_SPAN (face to face along each bar line),URBAN_OWNER_MEASUREMENT_RULE,SUPPORT_FACE,PROJECT_GEOMETRY,"ENGINEERING_DERIVED (unqualified plan callout; '/Top' and '(T&B)' are marked, plan note 2 gives the top steel over beams; p.15: bottom bars 'see schedule or plan')","[""token 4A7 (5%%c10/m)"", ""P15-BOT-STOP-0.125L""]","[""URBAN_RATE_DENSITY (AD2-D02: equivalent count = rate x density x width, unrounded)"", ""URBAN_QTO_LOCAL_BAR_LINE_V1 (AD2-D14)""]","[""AD2-D02"", ""AD2-D14"", ""AD2-D04"", ""P15-BOT-STOP-0.125L""]","[""QI-00290"", ""QI-00291"", ""QI-00600""]",2,False,True,5 /m x 0.5 x 1.47 m x 2.775069088 m = 10.1983789 m; x 10^2/162 = 0.617283951 kg/m -> 6.295295617 kg,PRE-S7.1 11_S7_RELEASE_CANDIDATES.csv QI-00288 (manifest 3a67a8641ce4); 2 local bar strips in 04_S7_BAR_RUNS.csv
S7-0103,QI-00289,CMP-0039,SP-GF_ROOF_SLAB-11,PANEL,SP-GF_ROOF_SLAB-11,,RUN-B-040,GF_ROOF_SLAB,BOTTOM_CURTAILED_50,BOTTOM,Y,10,5,,0.5,1.47,3.675,UNRESOLVED,2.775069088,0.693767272,2.081301816,0,0.693767272,7.648784175,0.617283951,4.721471713,PROJECT_BASIS_QTO,"PROJECT_BASIS_QTO: rate density over the frozen PRE-S7.1 local bar strips; a lower bound of the physical steel (every blocked portion is excluded, not zero); not a bar-by-bar BBS","PROJECT_GEOMETRY + URBAN_OWNER_MEASUREMENT_RULE (URBAN_QTO_LOCAL_BAR_LINE_V1: local run along each bar line); less PROJECT_SOURCE P15-BOT-STOP-0.125L 0.125 x L (L = clear span, from the face of support) at each continuous end and, under AD2-D15, each continuity-unresolved end",PROJECT_SOURCE: plan callout 5%%c10/m on SP-GF_ROOF_SLAB-11 -> 5 bars/m of Ø10; equivalent count by URBAN_RATE_DENSITY (AD2-D02); PHYSICAL_BBS_COUNT UNRESOLVED,PROJECT_SOURCE: P15-BOT-STOP-0.125L 'STOP 50% OF BOT. REINF. BALANCE CONTINUOUS' -> 0.5 (AD2-D04 exact 0.5 / 0.5 density; which physical bars stop stays a BBS question),0.125,P15-BOT-STOP-0.125L,PROJECT_SOURCE,CLEAR_SPAN (local L along each bar line),PROJECT_SOURCE,FACE_OF_SUPPORT,PROJECT_SOURCE,"ENGINEERING_DERIVED (unqualified plan callout; '/Top' and '(T&B)' are marked, plan note 2 gives the top steel over beams; p.15: bottom bars 'see schedule or plan')","[""token 4A7 (5%%c10/m)"", ""P15-BOT-STOP-0.125L""]","[""URBAN_RATE_DENSITY (AD2-D02: equivalent count = rate x density x width, unrounded)"", ""URBAN_QTO_LOCAL_BAR_LINE_V1 (AD2-D14)"", ""AD2-D15 (a continuity-unresolved end stops the curtailed half as a continuous end would; its 0.125 L zone is a blocked complement)""]","[""AD2-D02"", ""AD2-D14"", ""AD2-D04"", ""P15-BOT-STOP-0.125L""]","[""QI-00292"", ""QI-00293""]",2,False,True,5 /m x 0.5 x 1.47 m x 2.081301816 m = 7.648784175 m; x 10^2/162 = 0.617283951 kg/m -> 4.721471713 kg,PRE-S7.1 11_S7_RELEASE_CANDIDATES.csv QI-00289 (manifest 3a67a8641ce4); 2 local bar strips in 04_S7_BAR_RUNS.csv
S7-0104,QI-00294,CMP-0043,SP-GF_ROOF_SLAB-12,PANEL,SP-GF_ROOF_SLAB-12,,RUN-B-041,GF_ROOF_SLAB,BOTTOM_CONTINUING_50,BOTTOM,X,10,5,,0.5,1.97986,4.94965,UNRESOLVED,2.079750285,,2.079750285,0,,10.294036,0.617283951,6.35434321,PROJECT_BASIS_QTO,"PROJECT_BASIS_QTO: rate density over the frozen PRE-S7.1 local bar strips; a lower bound of the physical steel (every blocked portion is excluded, not zero); not a bar-by-bar BBS",PROJECT_GEOMETRY + URBAN_OWNER_MEASUREMENT_RULE (URBAN_QTO_LOCAL_BAR_LINE_V1: local run along each bar line); face to face of the supports (the portion beyond each face is a blocked complement),PROJECT_SOURCE: plan callout 5%%c10/m on SP-GF_ROOF_SLAB-12 -> 5 bars/m of Ø10; equivalent count by URBAN_RATE_DENSITY (AD2-D02); PHYSICAL_BBS_COUNT UNRESOLVED,PROJECT_SOURCE: P15-BOT-STOP-0.125L 'STOP 50% OF BOT. REINF. BALANCE CONTINUOUS' -> 0.5 (AD2-D04 exact 0.5 / 0.5 density; which physical bars stop stays a BBS question),,,,LOCAL_CLEAR_SPAN (face to face along each bar line),URBAN_OWNER_MEASUREMENT_RULE,SUPPORT_FACE,PROJECT_GEOMETRY,"ENGINEERING_DERIVED (unqualified plan callout; '/Top' and '(T&B)' are marked, plan note 2 gives the top steel over beams; p.15: bottom bars 'see schedule or plan')","[""token 4EB (5%%c10/m)"", ""P15-BOT-STOP-0.125L""]","[""URBAN_RATE_DENSITY (AD2-D02: equivalent count = rate x density x width, unrounded)"", ""URBAN_QTO_LOCAL_BAR_LINE_V1 (AD2-D14)""]","[""AD2-D02"", ""AD2-D14"", ""AD2-D04"", ""P15-BOT-STOP-0.125L""]","[""QI-00296"", ""QI-00297"", ""QI-00298"", ""QI-00299"", ""QI-00300"", ""QI-00301"", ""QI-00302"", ""QI-00303"", ""QI-00304""]",9,True,True,5 /m x 0.5 x 1.97986 m x 2.079750285 m = 10.294036 m; x 10^2/162 = 0.617283951 kg/m -> 6.35434321 kg,PRE-S7.1 11_S7_RELEASE_CANDIDATES.csv QI-00294 (manifest 3a67a8641ce4); 9 local bar strips in 04_S7_BAR_RUNS.csv
S7-0105,QI-00295,CMP-0043,SP-GF_ROOF_SLAB-12,PANEL,SP-GF_ROOF_SLAB-12,,RUN-B-041,GF_ROOF_SLAB,BOTTOM_CURTAILED_50,BOTTOM,X,10,5,,0.5,1.97986,4.94965,UNRESOLVED,2.079750285,0.497840049,1.581910236,0,0.497840049,7.829902,0.617283951,4.83327284,PROJECT_BASIS_QTO,"PROJECT_BASIS_QTO: rate density over the frozen PRE-S7.1 local bar strips; a lower bound of the physical steel (every blocked portion is excluded, not zero); not a bar-by-bar BBS","PROJECT_GEOMETRY + URBAN_OWNER_MEASUREMENT_RULE (URBAN_QTO_LOCAL_BAR_LINE_V1: local run along each bar line); less PROJECT_SOURCE P15-BOT-STOP-0.125L 0.125 x L (L = clear span, from the face of support) at each continuous end and, under AD2-D15, each continuity-unresolved end",PROJECT_SOURCE: plan callout 5%%c10/m on SP-GF_ROOF_SLAB-12 -> 5 bars/m of Ø10; equivalent count by URBAN_RATE_DENSITY (AD2-D02); PHYSICAL_BBS_COUNT UNRESOLVED,PROJECT_SOURCE: P15-BOT-STOP-0.125L 'STOP 50% OF BOT. REINF. BALANCE CONTINUOUS' -> 0.5 (AD2-D04 exact 0.5 / 0.5 density; which physical bars stop stays a BBS question),0.125,P15-BOT-STOP-0.125L,PROJECT_SOURCE,CLEAR_SPAN (local L along each bar line),PROJECT_SOURCE,FACE_OF_SUPPORT,PROJECT_SOURCE,"ENGINEERING_DERIVED (unqualified plan callout; '/Top' and '(T&B)' are marked, plan note 2 gives the top steel over beams; p.15: bottom bars 'see schedule or plan')","[""token 4EB (5%%c10/m)"", ""P15-BOT-STOP-0.125L""]","[""URBAN_RATE_DENSITY (AD2-D02: equivalent count = rate x density x width, unrounded)"", ""URBAN_QTO_LOCAL_BAR_LINE_V1 (AD2-D14)"", ""AD2-D15 (a continuity-unresolved end stops the curtailed half as a continuous end would; its 0.125 L zone is a blocked complement)""]","[""AD2-D02"", ""AD2-D14"", ""AD2-D04"", ""P15-BOT-STOP-0.125L""]","[""QI-00296"", ""QI-00297"", ""QI-00298"", ""QI-00299"", ""QI-00300"", ""QI-00301"", ""QI-00302"", ""QI-00303"", ""QI-00304""]",9,True,True,5 /m x 0.5 x 1.97986 m x 1.581910236 m = 7.829902 m; x 10^2/162 = 0.617283951 kg/m -> 4.83327284 kg,PRE-S7.1 11_S7_RELEASE_CANDIDATES.csv QI-00295 (manifest 3a67a8641ce4); 9 local bar strips in 04_S7_BAR_RUNS.csv
S7-0106,QI-00305,CMP-0044,SP-GF_ROOF_SLAB-12,PANEL,SP-GF_ROOF_SLAB-12,,RUN-B-042,GF_ROOF_SLAB,BOTTOM_CONTINUING_50,BOTTOM,Y,10,5,,0.5,2.448496,6.12124,UNRESOLVED,1.681691291,,1.681691291,0,,10.294036,0.617283951,6.35434321,PROJECT_BASIS_QTO,"PROJECT_BASIS_QTO: rate density over the frozen PRE-S7.1 local bar strips; a lower bound of the physical steel (every blocked portion is excluded, not zero); not a bar-by-bar BBS",PROJECT_GEOMETRY + URBAN_OWNER_MEASUREMENT_RULE (URBAN_QTO_LOCAL_BAR_LINE_V1: local run along each bar line); face to face of the supports (the portion beyond each face is a blocked complement),PROJECT_SOURCE: plan callout 5%%c10/m on SP-GF_ROOF_SLAB-12 -> 5 bars/m of Ø10; equivalent count by URBAN_RATE_DENSITY (AD2-D02); PHYSICAL_BBS_COUNT UNRESOLVED,PROJECT_SOURCE: P15-BOT-STOP-0.125L 'STOP 50% OF BOT. REINF. BALANCE CONTINUOUS' -> 0.5 (AD2-D04 exact 0.5 / 0.5 density; which physical bars stop stays a BBS question),,,,LOCAL_CLEAR_SPAN (face to face along each bar line),URBAN_OWNER_MEASUREMENT_RULE,SUPPORT_FACE,PROJECT_GEOMETRY,"ENGINEERING_DERIVED (unqualified plan callout; '/Top' and '(T&B)' are marked, plan note 2 gives the top steel over beams; p.15: bottom bars 'see schedule or plan')","[""token 4EC (5%%c10/m)"", ""P15-BOT-STOP-0.125L""]","[""URBAN_RATE_DENSITY (AD2-D02: equivalent count = rate x density x width, unrounded)"", ""URBAN_QTO_LOCAL_BAR_LINE_V1 (AD2-D14)""]","[""AD2-D02"", ""AD2-D14"", ""AD2-D04"", ""P15-BOT-STOP-0.125L""]","[""QI-00307"", ""QI-00308"", ""QI-00309"", ""QI-00310"", ""QI-00311"", ""QI-00312"", ""QI-00313"", ""QI-00314"", ""QI-00315""]",35,True,True,5 /m x 0.5 x 2.448496 m x 1.681691291 m = 10.294036 m; x 10^2/162 = 0.617283951 kg/m -> 6.35434321 kg,PRE-S7.1 11_S7_RELEASE_CANDIDATES.csv QI-00305 (manifest 3a67a8641ce4); 35 local bar strips in 04_S7_BAR_RUNS.csv
S7-0107,QI-00306,CMP-0044,SP-GF_ROOF_SLAB-12,PANEL,SP-GF_ROOF_SLAB-12,,RUN-B-042,GF_ROOF_SLAB,BOTTOM_CURTAILED_50,BOTTOM,Y,10,5,,0.5,2.448496,6.12124,UNRESOLVED,1.681691291,0.394466225,1.287225066,0,0.394466225,7.879413563,0.617283951,4.863835532,PROJECT_BASIS_QTO,"PROJECT_BASIS_QTO: rate density over the frozen PRE-S7.1 local bar strips; a lower bound of the physical steel (every blocked portion is excluded, not zero); not a bar-by-bar BBS","PROJECT_GEOMETRY + URBAN_OWNER_MEASUREMENT_RULE (URBAN_QTO_LOCAL_BAR_LINE_V1: local run along each bar line); less PROJECT_SOURCE P15-BOT-STOP-0.125L 0.125 x L (L = clear span, from the face of support) at each continuous end and, under AD2-D15, each continuity-unresolved end",PROJECT_SOURCE: plan callout 5%%c10/m on SP-GF_ROOF_SLAB-12 -> 5 bars/m of Ø10; equivalent count by URBAN_RATE_DENSITY (AD2-D02); PHYSICAL_BBS_COUNT UNRESOLVED,PROJECT_SOURCE: P15-BOT-STOP-0.125L 'STOP 50% OF BOT. REINF. BALANCE CONTINUOUS' -> 0.5 (AD2-D04 exact 0.5 / 0.5 density; which physical bars stop stays a BBS question),0.125,P15-BOT-STOP-0.125L,PROJECT_SOURCE,CLEAR_SPAN (local L along each bar line),PROJECT_SOURCE,FACE_OF_SUPPORT,PROJECT_SOURCE,"ENGINEERING_DERIVED (unqualified plan callout; '/Top' and '(T&B)' are marked, plan note 2 gives the top steel over beams; p.15: bottom bars 'see schedule or plan')","[""token 4EC (5%%c10/m)"", ""P15-BOT-STOP-0.125L""]","[""URBAN_RATE_DENSITY (AD2-D02: equivalent count = rate x density x width, unrounded)"", ""URBAN_QTO_LOCAL_BAR_LINE_V1 (AD2-D14)"", ""AD2-D15 (a continuity-unresolved end stops the curtailed half as a continuous end would; its 0.125 L zone is a blocked complement)""]","[""AD2-D02"", ""AD2-D14"", ""AD2-D04"", ""P15-BOT-STOP-0.125L""]","[""QI-00307"", ""QI-00308"", ""QI-00309"", ""QI-00310"", ""QI-00311"", ""QI-00312"", ""QI-00313"", ""QI-00314"", ""QI-00315""]",35,True,True,5 /m x 0.5 x 2.448496 m x 1.287225066 m = 7.879413563 m; x 10^2/162 = 0.617283951 kg/m -> 4.863835532 kg,PRE-S7.1 11_S7_RELEASE_CANDIDATES.csv QI-00306 (manifest 3a67a8641ce4); 35 local bar strips in 04_S7_BAR_RUNS.csv
S7-0108,QI-00316,CMP-0048,SP-GF_ROOF_SLAB-14,PANEL,SP-GF_ROOF_SLAB-14,,RUN-B-043,GF_ROOF_SLAB,BOTTOM_CONTINUING_50,BOTTOM,X,10,5,,0.5,1.97986,4.94965,UNRESOLVED,1.4225825,,1.4225825,0,,7.041285471,0.617283951,4.346472513,PROJECT_BASIS_QTO,"PROJECT_BASIS_QTO: rate density over the frozen PRE-S7.1 local bar strips; a lower bound of the physical steel (every blocked portion is excluded, not zero); not a bar-by-bar BBS",PROJECT_GEOMETRY + URBAN_OWNER_MEASUREMENT_RULE (URBAN_QTO_LOCAL_BAR_LINE_V1: local run along each bar line); face to face of the supports (the portion beyond each face is a blocked complement),PROJECT_SOURCE: plan callout 5%%c10/m on SP-GF_ROOF_SLAB-14 -> 5 bars/m of Ø10; equivalent count by URBAN_RATE_DENSITY (AD2-D02); PHYSICAL_BBS_COUNT UNRESOLVED,PROJECT_SOURCE: P15-BOT-STOP-0.125L 'STOP 50% OF BOT. REINF. BALANCE CONTINUOUS' -> 0.5 (AD2-D04 exact 0.5 / 0.5 density; which physical bars stop stays a BBS question),,,,LOCAL_CLEAR_SPAN (face to face along each bar line),URBAN_OWNER_MEASUREMENT_RULE,SUPPORT_FACE,PROJECT_GEOMETRY,"ENGINEERING_DERIVED (unqualified plan callout; '/Top' and '(T&B)' are marked, plan note 2 gives the top steel over beams; p.15: bottom bars 'see schedule or plan')","[""token 4D8 (5%%c10/m)"", ""P15-BOT-STOP-0.125L""]","[""URBAN_RATE_DENSITY (AD2-D02: equivalent count = rate x density x width, unrounded)"", ""URBAN_QTO_LOCAL_BAR_LINE_V1 (AD2-D14)""]","[""AD2-D02"", ""AD2-D14"", ""AD2-D04"", ""P15-BOT-STOP-0.125L""]","[""QI-00318"", ""QI-00320""]",8,False,True,5 /m x 0.5 x 1.97986 m x 1.4225825 m = 7.041285471 m; x 10^2/162 = 0.617283951 kg/m -> 4.346472513 kg,PRE-S7.1 11_S7_RELEASE_CANDIDATES.csv QI-00316 (manifest 3a67a8641ce4); 8 local bar strips in 04_S7_BAR_RUNS.csv
S7-0109,QI-00317,CMP-0047,SP-GF_ROOF_SLAB-14,PANEL,SP-GF_ROOF_SLAB-14,,RUN-B-043,GF_ROOF_SLAB,BOTTOM_CURTAILED_50,BOTTOM,X,10,5,,0.5,1.97986,4.94965,UNRESOLVED,1.4225825,0.355645625,1.066936875,0,0.355645625,5.280964103,0.617283951,3.259854385,PROJECT_BASIS_QTO,"PROJECT_BASIS_QTO: rate density over the frozen PRE-S7.1 local bar strips; a lower bound of the physical steel (every blocked portion is excluded, not zero); not a bar-by-bar BBS","PROJECT_GEOMETRY + URBAN_OWNER_MEASUREMENT_RULE (URBAN_QTO_LOCAL_BAR_LINE_V1: local run along each bar line); less PROJECT_SOURCE P15-BOT-STOP-0.125L 0.125 x L (L = clear span, from the face of support) at each continuous end and, under AD2-D15, each continuity-unresolved end",PROJECT_SOURCE: plan callout 5%%c10/m on SP-GF_ROOF_SLAB-14 -> 5 bars/m of Ø10; equivalent count by URBAN_RATE_DENSITY (AD2-D02); PHYSICAL_BBS_COUNT UNRESOLVED,PROJECT_SOURCE: P15-BOT-STOP-0.125L 'STOP 50% OF BOT. REINF. BALANCE CONTINUOUS' -> 0.5 (AD2-D04 exact 0.5 / 0.5 density; which physical bars stop stays a BBS question),0.125,P15-BOT-STOP-0.125L,PROJECT_SOURCE,CLEAR_SPAN (local L along each bar line),PROJECT_SOURCE,FACE_OF_SUPPORT,PROJECT_SOURCE,"ENGINEERING_DERIVED (unqualified plan callout; '/Top' and '(T&B)' are marked, plan note 2 gives the top steel over beams; p.15: bottom bars 'see schedule or plan')","[""token 4D8 (5%%c10/m)"", ""P15-BOT-STOP-0.125L""]","[""URBAN_RATE_DENSITY (AD2-D02: equivalent count = rate x density x width, unrounded)"", ""URBAN_QTO_LOCAL_BAR_LINE_V1 (AD2-D14)"", ""AD2-D15 (a continuity-unresolved end stops the curtailed half as a continuous end would; its 0.125 L zone is a blocked complement)""]","[""AD2-D02"", ""AD2-D14"", ""AD2-D04"", ""P15-BOT-STOP-0.125L""]","[""QI-00319""]",8,False,True,5 /m x 0.5 x 1.97986 m x 1.066936875 m = 5.280964103 m; x 10^2/162 = 0.617283951 kg/m -> 3.259854385 kg,PRE-S7.1 11_S7_RELEASE_CANDIDATES.csv QI-00317 (manifest 3a67a8641ce4); 8 local bar strips in 04_S7_BAR_RUNS.csv
S7-0110,QI-00321,CMP-0050,SP-GF_ROOF_SLAB-14,PANEL,SP-GF_ROOF_SLAB-14,,RUN-B-038,GF_ROOF_SLAB,BOTTOM_CONTINUING_50,BOTTOM,Y,10,5,,0.5,1.580277,3.9506925,UNRESOLVED,1.782291452,,1.782291452,0,,7.041285471,0.617283951,4.346472513,PROJECT_BASIS_QTO,"PROJECT_BASIS_QTO: rate density over the frozen PRE-S7.1 local bar strips; a lower bound of the physical steel (every blocked portion is excluded, not zero); not a bar-by-bar BBS",PROJECT_GEOMETRY + URBAN_OWNER_MEASUREMENT_RULE (URBAN_QTO_LOCAL_BAR_LINE_V1: local run along each bar line); face to face of the supports (the portion beyond each face is a blocked complement),PROJECT_SOURCE: plan callout 5%%c10/m on SP-GF_ROOF_SLAB-14 -> 5 bars/m of Ø10; equivalent count by URBAN_RATE_DENSITY (AD2-D02); PHYSICAL_BBS_COUNT UNRESOLVED,PROJECT_SOURCE: P15-BOT-STOP-0.125L 'STOP 50% OF BOT. REINF. BALANCE CONTINUOUS' -> 0.5 (AD2-D04 exact 0.5 / 0.5 density; which physical bars stop stays a BBS question),,,,LOCAL_CLEAR_SPAN (face to face along each bar line),URBAN_OWNER_MEASUREMENT_RULE,SUPPORT_FACE,PROJECT_GEOMETRY,"ENGINEERING_DERIVED (unqualified plan callout; '/Top' and '(T&B)' are marked, plan note 2 gives the top steel over beams; p.15: bottom bars 'see schedule or plan')","[""token 4D6 (5%%c10/m)"", ""P15-BOT-STOP-0.125L""]","[""URBAN_RATE_DENSITY (AD2-D02: equivalent count = rate x density x width, unrounded)"", ""URBAN_QTO_LOCAL_BAR_LINE_V1 (AD2-D14)""]","[""AD2-D02"", ""AD2-D14"", ""AD2-D04"", ""P15-BOT-STOP-0.125L""]","[""QI-00323"", ""QI-00325"", ""QI-00599""]",8,False,True,5 /m x 0.5 x 1.580277 m x 1.782291452 m = 7.041285471 m; x 10^2/162 = 0.617283951 kg/m -> 4.346472513 kg,PRE-S7.1 11_S7_RELEASE_CANDIDATES.csv QI-00321 (manifest 3a67a8641ce4); 8 local bar strips in 04_S7_BAR_RUNS.csv
S7-0111,QI-00322,CMP-0049,SP-GF_ROOF_SLAB-14,PANEL,SP-GF_ROOF_SLAB-14,,RUN-B-038,GF_ROOF_SLAB,BOTTOM_CURTAILED_50,BOTTOM,Y,10,5,,0.5,1.580277,3.9506925,UNRESOLVED,1.782291452,0.445572863,1.336718589,0,0.445572863,5.280964103,0.617283951,3.259854385,PROJECT_BASIS_QTO,"PROJECT_BASIS_QTO: rate density over the frozen PRE-S7.1 local bar strips; a lower bound of the physical steel (every blocked portion is excluded, not zero); not a bar-by-bar BBS","PROJECT_GEOMETRY + URBAN_OWNER_MEASUREMENT_RULE (URBAN_QTO_LOCAL_BAR_LINE_V1: local run along each bar line); less PROJECT_SOURCE P15-BOT-STOP-0.125L 0.125 x L (L = clear span, from the face of support) at each continuous end and, under AD2-D15, each continuity-unresolved end",PROJECT_SOURCE: plan callout 5%%c10/m on SP-GF_ROOF_SLAB-14 -> 5 bars/m of Ø10; equivalent count by URBAN_RATE_DENSITY (AD2-D02); PHYSICAL_BBS_COUNT UNRESOLVED,PROJECT_SOURCE: P15-BOT-STOP-0.125L 'STOP 50% OF BOT. REINF. BALANCE CONTINUOUS' -> 0.5 (AD2-D04 exact 0.5 / 0.5 density; which physical bars stop stays a BBS question),0.125,P15-BOT-STOP-0.125L,PROJECT_SOURCE,CLEAR_SPAN (local L along each bar line),PROJECT_SOURCE,FACE_OF_SUPPORT,PROJECT_SOURCE,"ENGINEERING_DERIVED (unqualified plan callout; '/Top' and '(T&B)' are marked, plan note 2 gives the top steel over beams; p.15: bottom bars 'see schedule or plan')","[""token 4D6 (5%%c10/m)"", ""P15-BOT-STOP-0.125L""]","[""URBAN_RATE_DENSITY (AD2-D02: equivalent count = rate x density x width, unrounded)"", ""URBAN_QTO_LOCAL_BAR_LINE_V1 (AD2-D14)"", ""AD2-D15 (a continuity-unresolved end stops the curtailed half as a continuous end would; its 0.125 L zone is a blocked complement)""]","[""AD2-D02"", ""AD2-D14"", ""AD2-D04"", ""P15-BOT-STOP-0.125L""]","[""QI-00324""]",8,False,True,5 /m x 0.5 x 1.580277 m x 1.336718589 m = 5.280964103 m; x 10^2/162 = 0.617283951 kg/m -> 3.259854385 kg,PRE-S7.1 11_S7_RELEASE_CANDIDATES.csv QI-00322 (manifest 3a67a8641ce4); 8 local bar strips in 04_S7_BAR_RUNS.csv
S7-0112,QI-00327,CMP-0055,SP-GF_ROOF_SLAB-15,PANEL,SP-GF_ROOF_SLAB-15,,RUN-B-045,GF_ROOF_SLAB,BOTTOM_CONTINUING_50,BOTTOM,Y,10,5,,0.5,1.15,2.875,UNRESOLVED,1.12986,,1.12986,0,,3.2483475,0.617283951,2.005152778,PROJECT_BASIS_QTO,"PROJECT_BASIS_QTO: rate density over the frozen PRE-S7.1 local bar strips; a lower bound of the physical steel (every blocked portion is excluded, not zero); not a bar-by-bar BBS",PROJECT_GEOMETRY (rectangular: local run = clear span); face to face of the supports (the portion beyond each face is a blocked complement),PROJECT_SOURCE: plan callout 5%%c10/m on SP-GF_ROOF_SLAB-15 -> 5 bars/m of Ø10; equivalent count by URBAN_RATE_DENSITY (AD2-D02); PHYSICAL_BBS_COUNT UNRESOLVED,PROJECT_SOURCE: P15-BOT-STOP-0.125L 'STOP 50% OF BOT. REINF. BALANCE CONTINUOUS' -> 0.5 (AD2-D04 exact 0.5 / 0.5 density; which physical bars stop stays a BBS question),,,,LOCAL_CLEAR_SPAN (face to face along each bar line),PROJECT_GEOMETRY,SUPPORT_FACE,PROJECT_GEOMETRY,"ENGINEERING_DERIVED (unqualified plan callout; '/Top' and '(T&B)' are marked, plan note 2 gives the top steel over beams; p.15: bottom bars 'see schedule or plan')","[""token 5B7 (5%%c10/m)"", ""P15-BOT-STOP-0.125L""]","[""URBAN_RATE_DENSITY (AD2-D02: equivalent count = rate x density x width, unrounded)""]","[""AD2-D02"", ""AD2-D04"", ""P15-BOT-STOP-0.125L""]","[""QI-00329"", ""QI-00330"", ""QI-00601""]",43,False,False,5 /m x 0.5 x 1.15 m x 1.12986 m = 3.2483475 m; x 10^2/162 = 0.617283951 kg/m -> 2.005152778 kg,PRE-S7.1 11_S7_RELEASE_CANDIDATES.csv QI-00327 (manifest 3a67a8641ce4); 43 local bar strips in 04_S7_BAR_RUNS.csv
S7-0113,QI-00328,CMP-0054,SP-GF_ROOF_SLAB-15,PANEL,SP-GF_ROOF_SLAB-15,,RUN-B-045,GF_ROOF_SLAB,BOTTOM_CURTAILED_50,BOTTOM,Y,10,5,,0.5,1.15,2.875,UNRESOLVED,1.12986,0.1412325,0.9886275,0,0.1412325,2.842304063,0.617283951,1.754508681,PROJECT_BASIS_QTO,"PROJECT_BASIS_QTO: rate density over the frozen PRE-S7.1 local bar strips; a lower bound of the physical steel (every blocked portion is excluded, not zero); not a bar-by-bar BBS","PROJECT_GEOMETRY (rectangular: local run = clear span); less PROJECT_SOURCE P15-BOT-STOP-0.125L 0.125 x L (L = clear span, from the face of support) at each continuous end and, under AD2-D15, each continuity-unresolved end",PROJECT_SOURCE: plan callout 5%%c10/m on SP-GF_ROOF_SLAB-15 -> 5 bars/m of Ø10; equivalent count by URBAN_RATE_DENSITY (AD2-D02); PHYSICAL_BBS_COUNT UNRESOLVED,PROJECT_SOURCE: P15-BOT-STOP-0.125L 'STOP 50% OF BOT. REINF. BALANCE CONTINUOUS' -> 0.5 (AD2-D04 exact 0.5 / 0.5 density; which physical bars stop stays a BBS question),0.125,P15-BOT-STOP-0.125L,PROJECT_SOURCE,CLEAR_SPAN,PROJECT_SOURCE,FACE_OF_SUPPORT,PROJECT_SOURCE,"ENGINEERING_DERIVED (unqualified plan callout; '/Top' and '(T&B)' are marked, plan note 2 gives the top steel over beams; p.15: bottom bars 'see schedule or plan')","[""token 5B7 (5%%c10/m)"", ""P15-BOT-STOP-0.125L""]","[""URBAN_RATE_DENSITY (AD2-D02: equivalent count = rate x density x width, unrounded)"", ""AD2-D15 (a continuity-unresolved end stops the curtailed half as a continuous end would; its 0.125 L zone is a blocked complement)""]","[""AD2-D02"", ""AD2-D04"", ""P15-BOT-STOP-0.125L""]","[""QI-00331"", ""QI-00332""]",43,False,False,5 /m x 0.5 x 1.15 m x 0.9886275 m = 2.842304063 m; x 10^2/162 = 0.617283951 kg/m -> 1.754508681 kg,PRE-S7.1 11_S7_RELEASE_CANDIDATES.csv QI-00328 (manifest 3a67a8641ce4); 43 local bar strips in 04_S7_BAR_RUNS.csv
S7-0114,QI-00333,CMP-0059,SP-GF_ROOF_SLAB-16,PANEL,SP-GF_ROOF_SLAB-16,,RUN-B-046,GF_ROOF_SLAB,BOTTOM_CONTINUING_50,BOTTOM,X,10,5,,0.5,1.75,4.375,UNRESOLVED,3.071428571,,3.071428571,0,,13.4375,0.617283951,8.294753086,PROJECT_BASIS_QTO,"PROJECT_BASIS_QTO: rate density over the frozen PRE-S7.1 local bar strips; a lower bound of the physical steel (every blocked portion is excluded, not zero); not a bar-by-bar BBS",PROJECT_GEOMETRY + URBAN_OWNER_MEASUREMENT_RULE (URBAN_QTO_LOCAL_BAR_LINE_V1: local run along each bar line); face to face of the supports (the portion beyond each face is a blocked complement),PROJECT_SOURCE: plan callout 5%%c10/m on SP-GF_ROOF_SLAB-16 -> 5 bars/m of Ø10; equivalent count by URBAN_RATE_DENSITY (AD2-D02); PHYSICAL_BBS_COUNT UNRESOLVED,PROJECT_SOURCE: P15-BOT-STOP-0.125L 'STOP 50% OF BOT. REINF. BALANCE CONTINUOUS' -> 0.5 (AD2-D04 exact 0.5 / 0.5 density; which physical bars stop stays a BBS question),,,,LOCAL_CLEAR_SPAN (face to face along each bar line),URBAN_OWNER_MEASUREMENT_RULE,SUPPORT_FACE,PROJECT_GEOMETRY,"ENGINEERING_DERIVED (unqualified plan callout; '/Top' and '(T&B)' are marked, plan note 2 gives the top steel over beams; p.15: bottom bars 'see schedule or plan')","[""token 4B4 (5%%c10/m)"", ""P15-BOT-STOP-0.125L""]","[""URBAN_RATE_DENSITY (AD2-D02: equivalent count = rate x density x width, unrounded)"", ""URBAN_QTO_LOCAL_BAR_LINE_V1 (AD2-D14)""]","[""AD2-D02"", ""AD2-D14"", ""AD2-D04"", ""P15-BOT-STOP-0.125L""]","[""QI-00335"", ""QI-00337"", ""QI-00602""]",6,False,True,5 /m x 0.5 x 1.75 m x 3.071428571 m = 13.4375 m; x 10^2/162 = 0.617283951 kg/m -> 8.294753086 kg,PRE-S7.1 11_S7_RELEASE_CANDIDATES.csv QI-00333 (manifest 3a67a8641ce4); 6 local bar strips in 04_S7_BAR_RUNS.csv
S7-0115,QI-00334,CMP-0058,SP-GF_ROOF_SLAB-16,PANEL,SP-GF_ROOF_SLAB-16,,RUN-B-046,GF_ROOF_SLAB,BOTTOM_CURTAILED_50,BOTTOM,X,10,5,,0.5,1.75,4.375,UNRESOLVED,3.071428571,0.678571429,2.392857143,0,0.678571429,10.46875,0.617283951,6.462191358,PROJECT_BASIS_QTO,"PROJECT_BASIS_QTO: rate density over the frozen PRE-S7.1 local bar strips; a lower bound of the physical steel (every blocked portion is excluded, not zero); not a bar-by-bar BBS","PROJECT_GEOMETRY + URBAN_OWNER_MEASUREMENT_RULE (URBAN_QTO_LOCAL_BAR_LINE_V1: local run along each bar line); less PROJECT_SOURCE P15-BOT-STOP-0.125L 0.125 x L (L = clear span, from the face of support) at each continuous end",PROJECT_SOURCE: plan callout 5%%c10/m on SP-GF_ROOF_SLAB-16 -> 5 bars/m of Ø10; equivalent count by URBAN_RATE_DENSITY (AD2-D02); PHYSICAL_BBS_COUNT UNRESOLVED,PROJECT_SOURCE: P15-BOT-STOP-0.125L 'STOP 50% OF BOT. REINF. BALANCE CONTINUOUS' -> 0.5 (AD2-D04 exact 0.5 / 0.5 density; which physical bars stop stays a BBS question),0.125,P15-BOT-STOP-0.125L,PROJECT_SOURCE,CLEAR_SPAN (local L along each bar line),PROJECT_SOURCE,FACE_OF_SUPPORT,PROJECT_SOURCE,"ENGINEERING_DERIVED (unqualified plan callout; '/Top' and '(T&B)' are marked, plan note 2 gives the top steel over beams; p.15: bottom bars 'see schedule or plan')","[""token 4B4 (5%%c10/m)"", ""P15-BOT-STOP-0.125L""]","[""URBAN_RATE_DENSITY (AD2-D02: equivalent count = rate x density x width, unrounded)"", ""URBAN_QTO_LOCAL_BAR_LINE_V1 (AD2-D14)""]","[""AD2-D02"", ""AD2-D14"", ""AD2-D04"", ""P15-BOT-STOP-0.125L""]","[""QI-00336""]",6,False,True,5 /m x 0.5 x 1.75 m x 2.392857143 m = 10.46875 m; x 10^2/162 = 0.617283951 kg/m -> 6.462191358 kg,PRE-S7.1 11_S7_RELEASE_CANDIDATES.csv QI-00334 (manifest 3a67a8641ce4); 6 local bar strips in 04_S7_BAR_RUNS.csv
S7-0116,QI-00338,CMP-0061,SP-GF_ROOF_SLAB-16,PANEL,SP-GF_ROOF_SLAB-16,,RUN-B-047,GF_ROOF_SLAB,BOTTOM_CONTINUING_50,BOTTOM,Y,10,5,,0.5,3.3,8.25,UNRESOLVED,1.628787879,,1.628787879,0,,13.4375,0.617283951,8.294753086,PROJECT_BASIS_QTO,"PROJECT_BASIS_QTO: rate density over the frozen PRE-S7.1 local bar strips; a lower bound of the physical steel (every blocked portion is excluded, not zero); not a bar-by-bar BBS",PROJECT_GEOMETRY + URBAN_OWNER_MEASUREMENT_RULE (URBAN_QTO_LOCAL_BAR_LINE_V1: local run along each bar line); face to face of the supports (the portion beyond each face is a blocked complement),PROJECT_SOURCE: plan callout 5%%c10/m on SP-GF_ROOF_SLAB-16 -> 5 bars/m of Ø10; equivalent count by URBAN_RATE_DENSITY (AD2-D02); PHYSICAL_BBS_COUNT UNRESOLVED,PROJECT_SOURCE: P15-BOT-STOP-0.125L 'STOP 50% OF BOT. REINF. BALANCE CONTINUOUS' -> 0.5 (AD2-D04 exact 0.5 / 0.5 density; which physical bars stop stays a BBS question),,,,LOCAL_CLEAR_SPAN (face to face along each bar line),URBAN_OWNER_MEASUREMENT_RULE,SUPPORT_FACE,PROJECT_GEOMETRY,"ENGINEERING_DERIVED (unqualified plan callout; '/Top' and '(T&B)' are marked, plan note 2 gives the top steel over beams; p.15: bottom bars 'see schedule or plan')","[""token 4B5 (5%%c10/m)"", ""P15-BOT-STOP-0.125L""]","[""URBAN_RATE_DENSITY (AD2-D02: equivalent count = rate x density x width, unrounded)"", ""URBAN_QTO_LOCAL_BAR_LINE_V1 (AD2-D14)""]","[""AD2-D02"", ""AD2-D14"", ""AD2-D04"", ""P15-BOT-STOP-0.125L""]","[""QI-00340"", ""QI-00341"", ""QI-00342"", ""QI-00343"", ""QI-00348""]",7,False,True,5 /m x 0.5 x 3.3 m x 1.628787879 m = 13.4375 m; x 10^2/162 = 0.617283951 kg/m -> 8.294753086 kg,PRE-S7.1 11_S7_RELEASE_CANDIDATES.csv QI-00338 (manifest 3a67a8641ce4); 7 local bar strips in 04_S7_BAR_RUNS.csv
S7-0117,QI-00339,CMP-0060,SP-GF_ROOF_SLAB-16,PANEL,SP-GF_ROOF_SLAB-16,,RUN-B-047,GF_ROOF_SLAB,BOTTOM_CURTAILED_50,BOTTOM,Y,10,5,,0.5,3.3,8.25,UNRESOLVED,1.628787879,0.372159091,1.256628788,0,0.372159091,10.3671875,0.617283951,6.399498457,PROJECT_BASIS_QTO,"PROJECT_BASIS_QTO: rate density over the frozen PRE-S7.1 local bar strips; a lower bound of the physical steel (every blocked portion is excluded, not zero); not a bar-by-bar BBS","PROJECT_GEOMETRY + URBAN_OWNER_MEASUREMENT_RULE (URBAN_QTO_LOCAL_BAR_LINE_V1: local run along each bar line); less PROJECT_SOURCE P15-BOT-STOP-0.125L 0.125 x L (L = clear span, from the face of support) at each continuous end and, under AD2-D15, each continuity-unresolved end",PROJECT_SOURCE: plan callout 5%%c10/m on SP-GF_ROOF_SLAB-16 -> 5 bars/m of Ø10; equivalent count by URBAN_RATE_DENSITY (AD2-D02); PHYSICAL_BBS_COUNT UNRESOLVED,PROJECT_SOURCE: P15-BOT-STOP-0.125L 'STOP 50% OF BOT. REINF. BALANCE CONTINUOUS' -> 0.5 (AD2-D04 exact 0.5 / 0.5 density; which physical bars stop stays a BBS question),0.125,P15-BOT-STOP-0.125L,PROJECT_SOURCE,CLEAR_SPAN (local L along each bar line),PROJECT_SOURCE,FACE_OF_SUPPORT,PROJECT_SOURCE,"ENGINEERING_DERIVED (unqualified plan callout; '/Top' and '(T&B)' are marked, plan note 2 gives the top steel over beams; p.15: bottom bars 'see schedule or plan')","[""token 4B5 (5%%c10/m)"", ""P15-BOT-STOP-0.125L""]","[""URBAN_RATE_DENSITY (AD2-D02: equivalent count = rate x density x width, unrounded)"", ""URBAN_QTO_LOCAL_BAR_LINE_V1 (AD2-D14)"", ""AD2-D15 (a continuity-unresolved end stops the curtailed half as a continuous end would; its 0.125 L zone is a blocked complement)""]","[""AD2-D02"", ""AD2-D14"", ""AD2-D04"", ""P15-BOT-STOP-0.125L""]","[""QI-00344"", ""QI-00345"", ""QI-00346"", ""QI-00347""]",7,False,True,5 /m x 0.5 x 3.3 m x 1.256628788 m = 10.3671875 m; x 10^2/162 = 0.617283951 kg/m -> 6.399498457 kg,PRE-S7.1 11_S7_RELEASE_CANDIDATES.csv QI-00339 (manifest 3a67a8641ce4); 7 local bar strips in 04_S7_BAR_RUNS.csv
S7-0118,QI-00349,CMP-0065,SP-GF_ROOF_SLAB-17,PANEL,SP-GF_ROOF_SLAB-17,,RUN-B-048,GF_ROOF_SLAB,BOTTOM_CONTINUING_50,BOTTOM,X,10,6,,0.5,3.3,9.9,UNRESOLVED,3.545452528,,3.545452528,0,,35.099980029,0.617283951,21.666654339,PROJECT_BASIS_QTO,"PROJECT_BASIS_QTO: rate density over the frozen PRE-S7.1 local bar strips; a lower bound of the physical steel (every blocked portion is excluded, not zero); not a bar-by-bar BBS",PROJECT_GEOMETRY + URBAN_OWNER_MEASUREMENT_RULE (URBAN_QTO_LOCAL_BAR_LINE_V1: local run along each bar line); face to face of the supports (the portion beyond each face is a blocked complement),PROJECT_SOURCE: plan callout 6%%C10/m on SP-GF_ROOF_SLAB-17 -> 6 bars/m of Ø10; equivalent count by URBAN_RATE_DENSITY (AD2-D02); PHYSICAL_BBS_COUNT UNRESOLVED,PROJECT_SOURCE: P15-BOT-STOP-0.125L 'STOP 50% OF BOT. REINF. BALANCE CONTINUOUS' -> 0.5 (AD2-D04 exact 0.5 / 0.5 density; which physical bars stop stays a BBS question),,,,LOCAL_CLEAR_SPAN (face to face along each bar line),URBAN_OWNER_MEASUREMENT_RULE,SUPPORT_FACE,PROJECT_GEOMETRY,"ENGINEERING_DERIVED (unqualified plan callout; '/Top' and '(T&B)' are marked, plan note 2 gives the top steel over beams; p.15: bottom bars 'see schedule or plan')","[""token 541 (6%%C10/m)"", ""P15-BOT-STOP-0.125L""]","[""URBAN_RATE_DENSITY (AD2-D02: equivalent count = rate x density x width, unrounded)"", ""URBAN_QTO_LOCAL_BAR_LINE_V1 (AD2-D14)""]","[""AD2-D02"", ""AD2-D14"", ""AD2-D04"", ""P15-BOT-STOP-0.125L""]","[""QI-00351"", ""QI-00353"", ""QI-00354""]",28,False,True,6 /m x 0.5 x 3.3 m x 3.545452528 m = 35.099980029 m; x 10^2/162 = 0.617283951 kg/m -> 21.666654339 kg,PRE-S7.1 11_S7_RELEASE_CANDIDATES.csv QI-00349 (manifest 3a67a8641ce4); 28 local bar strips in 04_S7_BAR_RUNS.csv
S7-0119,QI-00350,CMP-0064,SP-GF_ROOF_SLAB-17,PANEL,SP-GF_ROOF_SLAB-17,,RUN-B-048,GF_ROOF_SLAB,BOTTOM_CURTAILED_50,BOTTOM,X,10,6,,0.5,3.3,9.9,UNRESOLVED,3.545452528,0.886363132,2.659089396,0,0.886363132,26.324985022,0.617283951,16.249990754,PROJECT_BASIS_QTO,"PROJECT_BASIS_QTO: rate density over the frozen PRE-S7.1 local bar strips; a lower bound of the physical steel (every blocked portion is excluded, not zero); not a bar-by-bar BBS","PROJECT_GEOMETRY + URBAN_OWNER_MEASUREMENT_RULE (URBAN_QTO_LOCAL_BAR_LINE_V1: local run along each bar line); less PROJECT_SOURCE P15-BOT-STOP-0.125L 0.125 x L (L = clear span, from the face of support) at each continuous end and, under AD2-D15, each continuity-unresolved end",PROJECT_SOURCE: plan callout 6%%C10/m on SP-GF_ROOF_SLAB-17 -> 6 bars/m of Ø10; equivalent count by URBAN_RATE_DENSITY (AD2-D02); PHYSICAL_BBS_COUNT UNRESOLVED,PROJECT_SOURCE: P15-BOT-STOP-0.125L 'STOP 50% OF BOT. REINF. BALANCE CONTINUOUS' -> 0.5 (AD2-D04 exact 0.5 / 0.5 density; which physical bars stop stays a BBS question),0.125,P15-BOT-STOP-0.125L,PROJECT_SOURCE,CLEAR_SPAN (local L along each bar line),PROJECT_SOURCE,FACE_OF_SUPPORT,PROJECT_SOURCE,"ENGINEERING_DERIVED (unqualified plan callout; '/Top' and '(T&B)' are marked, plan note 2 gives the top steel over beams; p.15: bottom bars 'see schedule or plan')","[""token 541 (6%%C10/m)"", ""P15-BOT-STOP-0.125L""]","[""URBAN_RATE_DENSITY (AD2-D02: equivalent count = rate x density x width, unrounded)"", ""URBAN_QTO_LOCAL_BAR_LINE_V1 (AD2-D14)"", ""AD2-D15 (a continuity-unresolved end stops the curtailed half as a continuous end would; its 0.125 L zone is a blocked complement)""]","[""AD2-D02"", ""AD2-D14"", ""AD2-D04"", ""P15-BOT-STOP-0.125L""]","[""QI-00352""]",28,False,True,6 /m x 0.5 x 3.3 m x 2.659089396 m = 26.324985022 m; x 10^2/162 = 0.617283951 kg/m -> 16.249990754 kg,PRE-S7.1 11_S7_RELEASE_CANDIDATES.csv QI-00350 (manifest 3a67a8641ce4); 28 local bar strips in 04_S7_BAR_RUNS.csv
S7-0120,QI-00355,CMP-0067,SP-GF_ROOF_SLAB-17,PANEL,SP-GF_ROOF_SLAB-17,,RUN-B-049,GF_ROOF_SLAB,BOTTOM_CONTINUING_50,BOTTOM,Y,12,7,,0.5,4.171227,14.5992945,UNRESOLVED,2.804928464,,2.804928464,0,,40.9499767,0.888888889,36.399979289,PROJECT_BASIS_QTO,"PROJECT_BASIS_QTO: rate density over the frozen PRE-S7.1 local bar strips; a lower bound of the physical steel (every blocked portion is excluded, not zero); not a bar-by-bar BBS",PROJECT_GEOMETRY + URBAN_OWNER_MEASUREMENT_RULE (URBAN_QTO_LOCAL_BAR_LINE_V1: local run along each bar line); face to face of the supports (the portion beyond each face is a blocked complement),PROJECT_SOURCE: plan callout 7%%C12/m on SP-GF_ROOF_SLAB-17 -> 7 bars/m of Ø12; equivalent count by URBAN_RATE_DENSITY (AD2-D02); PHYSICAL_BBS_COUNT UNRESOLVED,PROJECT_SOURCE: P15-BOT-STOP-0.125L 'STOP 50% OF BOT. REINF. BALANCE CONTINUOUS' -> 0.5 (AD2-D04 exact 0.5 / 0.5 density; which physical bars stop stays a BBS question),,,,LOCAL_CLEAR_SPAN (face to face along each bar line),URBAN_OWNER_MEASUREMENT_RULE,SUPPORT_FACE,PROJECT_GEOMETRY,"ENGINEERING_DERIVED (unqualified plan callout; '/Top' and '(T&B)' are marked, plan note 2 gives the top steel over beams; p.15: bottom bars 'see schedule or plan')","[""token 542 (7%%C12/m)"", ""P15-BOT-STOP-0.125L""]","[""URBAN_RATE_DENSITY (AD2-D02: equivalent count = rate x density x width, unrounded)"", ""URBAN_QTO_LOCAL_BAR_LINE_V1 (AD2-D14)""]","[""AD2-D02"", ""AD2-D14"", ""AD2-D04"", ""P15-BOT-STOP-0.125L""]","[""QI-00357"", ""QI-00358"", ""QI-00359"", ""QI-00363""]",14,False,True,7 /m x 0.5 x 4.171227 m x 2.804928464 m = 40.9499767 m; x 12^2/162 = 0.888888889 kg/m -> 36.399979289 kg,PRE-S7.1 11_S7_RELEASE_CANDIDATES.csv QI-00355 (manifest 3a67a8641ce4); 14 local bar strips in 04_S7_BAR_RUNS.csv
S7-0121,QI-00356,CMP-0066,SP-GF_ROOF_SLAB-17,PANEL,SP-GF_ROOF_SLAB-17,,RUN-B-049,GF_ROOF_SLAB,BOTTOM_CURTAILED_50,BOTTOM,Y,12,7,,0.5,4.171227,14.5992945,UNRESOLVED,2.804928464,0.701232116,2.103696348,0,0.701232116,30.712482525,0.888888889,27.299984467,PROJECT_BASIS_QTO,"PROJECT_BASIS_QTO: rate density over the frozen PRE-S7.1 local bar strips; a lower bound of the physical steel (every blocked portion is excluded, not zero); not a bar-by-bar BBS","PROJECT_GEOMETRY + URBAN_OWNER_MEASUREMENT_RULE (URBAN_QTO_LOCAL_BAR_LINE_V1: local run along each bar line); less PROJECT_SOURCE P15-BOT-STOP-0.125L 0.125 x L (L = clear span, from the face of support) at each continuous end and, under AD2-D15, each continuity-unresolved end",PROJECT_SOURCE: plan callout 7%%C12/m on SP-GF_ROOF_SLAB-17 -> 7 bars/m of Ø12; equivalent count by URBAN_RATE_DENSITY (AD2-D02); PHYSICAL_BBS_COUNT UNRESOLVED,PROJECT_SOURCE: P15-BOT-STOP-0.125L 'STOP 50% OF BOT. REINF. BALANCE CONTINUOUS' -> 0.5 (AD2-D04 exact 0.5 / 0.5 density; which physical bars stop stays a BBS question),0.125,P15-BOT-STOP-0.125L,PROJECT_SOURCE,CLEAR_SPAN (local L along each bar line),PROJECT_SOURCE,FACE_OF_SUPPORT,PROJECT_SOURCE,"ENGINEERING_DERIVED (unqualified plan callout; '/Top' and '(T&B)' are marked, plan note 2 gives the top steel over beams; p.15: bottom bars 'see schedule or plan')","[""token 542 (7%%C12/m)"", ""P15-BOT-STOP-0.125L""]","[""URBAN_RATE_DENSITY (AD2-D02: equivalent count = rate x density x width, unrounded)"", ""URBAN_QTO_LOCAL_BAR_LINE_V1 (AD2-D14)"", ""AD2-D15 (a continuity-unresolved end stops the curtailed half as a continuous end would; its 0.125 L zone is a blocked complement)""]","[""AD2-D02"", ""AD2-D14"", ""AD2-D04"", ""P15-BOT-STOP-0.125L""]","[""QI-00360"", ""QI-00361"", ""QI-00362""]",14,False,True,7 /m x 0.5 x 4.171227 m x 2.103696348 m = 30.712482525 m; x 12^2/162 = 0.888888889 kg/m -> 27.299984467 kg,PRE-S7.1 11_S7_RELEASE_CANDIDATES.csv QI-00356 (manifest 3a67a8641ce4); 14 local bar strips in 04_S7_BAR_RUNS.csv
S7-0122,QI-00364,CMP-0071,SP-GF_ROOF_SLAB-18,PANEL,SP-GF_ROOF_SLAB-18,,RUN-B-046,GF_ROOF_SLAB,BOTTOM_CONTINUING_50,BOTTOM,X,10,5,,0.5,2.54844,6.3711,UNRESOLVED,2.175602486,,2.175602486,0,,13.860981,0.617283951,8.556161111,PROJECT_BASIS_QTO,"PROJECT_BASIS_QTO: rate density over the frozen PRE-S7.1 local bar strips; a lower bound of the physical steel (every blocked portion is excluded, not zero); not a bar-by-bar BBS",PROJECT_GEOMETRY + URBAN_OWNER_MEASUREMENT_RULE (URBAN_QTO_LOCAL_BAR_LINE_V1: local run along each bar line); face to face of the supports (the portion beyond each face is a blocked complement),PROJECT_SOURCE: plan callout 5%%c10/m on SP-GF_ROOF_SLAB-18 -> 5 bars/m of Ø10; equivalent count by URBAN_RATE_DENSITY (AD2-D02); PHYSICAL_BBS_COUNT UNRESOLVED,PROJECT_SOURCE: P15-BOT-STOP-0.125L 'STOP 50% OF BOT. REINF. BALANCE CONTINUOUS' -> 0.5 (AD2-D04 exact 0.5 / 0.5 density; which physical bars stop stays a BBS question),,,,LOCAL_CLEAR_SPAN (face to face along each bar line),URBAN_OWNER_MEASUREMENT_RULE,SUPPORT_FACE,PROJECT_GEOMETRY,"ENGINEERING_DERIVED (unqualified plan callout; '/Top' and '(T&B)' are marked, plan note 2 gives the top steel over beams; p.15: bottom bars 'see schedule or plan')","[""token 52A (5%%c10/m)"", ""P15-BOT-STOP-0.125L""]","[""URBAN_RATE_DENSITY (AD2-D02: equivalent count = rate x density x width, unrounded)"", ""URBAN_QTO_LOCAL_BAR_LINE_V1 (AD2-D14)""]","[""AD2-D02"", ""AD2-D14"", ""AD2-D04"", ""P15-BOT-STOP-0.125L""]","[""QI-00366"", ""QI-00368"", ""QI-00369"", ""QI-00590""]",21,False,True,5 /m x 0.5 x 2.54844 m x 2.175602486 m = 13.860981 m; x 10^2/162 = 0.617283951 kg/m -> 8.556161111 kg,PRE-S7.1 11_S7_RELEASE_CANDIDATES.csv QI-00364 (manifest 3a67a8641ce4); 21 local bar strips in 04_S7_BAR_RUNS.csv
S7-0123,QI-00365,CMP-0070,SP-GF_ROOF_SLAB-18,PANEL,SP-GF_ROOF_SLAB-18,,RUN-B-046,GF_ROOF_SLAB,BOTTOM_CURTAILED_50,BOTTOM,X,10,5,,0.5,2.54844,6.3711,UNRESOLVED,2.175602486,0.543900622,1.631701865,0,0.543900622,10.39573575,0.617283951,6.417120833,PROJECT_BASIS_QTO,"PROJECT_BASIS_QTO: rate density over the frozen PRE-S7.1 local bar strips; a lower bound of the physical steel (every blocked portion is excluded, not zero); not a bar-by-bar BBS","PROJECT_GEOMETRY + URBAN_OWNER_MEASUREMENT_RULE (URBAN_QTO_LOCAL_BAR_LINE_V1: local run along each bar line); less PROJECT_SOURCE P15-BOT-STOP-0.125L 0.125 x L (L = clear span, from the face of support) at each continuous end and, under AD2-D15, each continuity-unresolved end",PROJECT_SOURCE: plan callout 5%%c10/m on SP-GF_ROOF_SLAB-18 -> 5 bars/m of Ø10; equivalent count by URBAN_RATE_DENSITY (AD2-D02); PHYSICAL_BBS_COUNT UNRESOLVED,PROJECT_SOURCE: P15-BOT-STOP-0.125L 'STOP 50% OF BOT. REINF. BALANCE CONTINUOUS' -> 0.5 (AD2-D04 exact 0.5 / 0.5 density; which physical bars stop stays a BBS question),0.125,P15-BOT-STOP-0.125L,PROJECT_SOURCE,CLEAR_SPAN (local L along each bar line),PROJECT_SOURCE,FACE_OF_SUPPORT,PROJECT_SOURCE,"ENGINEERING_DERIVED (unqualified plan callout; '/Top' and '(T&B)' are marked, plan note 2 gives the top steel over beams; p.15: bottom bars 'see schedule or plan')","[""token 52A (5%%c10/m)"", ""P15-BOT-STOP-0.125L""]","[""URBAN_RATE_DENSITY (AD2-D02: equivalent count = rate x density x width, unrounded)"", ""URBAN_QTO_LOCAL_BAR_LINE_V1 (AD2-D14)"", ""AD2-D15 (a continuity-unresolved end stops the curtailed half as a continuous end would; its 0.125 L zone is a blocked complement)""]","[""AD2-D02"", ""AD2-D14"", ""AD2-D04"", ""P15-BOT-STOP-0.125L""]","[""QI-00367""]",21,False,True,5 /m x 0.5 x 2.54844 m x 1.631701865 m = 10.39573575 m; x 10^2/162 = 0.617283951 kg/m -> 6.417120833 kg,PRE-S7.1 11_S7_RELEASE_CANDIDATES.csv QI-00365 (manifest 3a67a8641ce4); 21 local bar strips in 04_S7_BAR_RUNS.csv
S7-0124,QI-00370,CMP-0073,SP-GF_ROOF_SLAB-18,PANEL,SP-GF_ROOF_SLAB-18,,RUN-B-040,GF_ROOF_SLAB,BOTTOM_CONTINUING_50,BOTTOM,Y,10,5,,0.5,2.37,5.925,UNRESOLVED,2.339406076,,2.339406076,0,,13.860981,0.617283951,8.556161111,PROJECT_BASIS_QTO,"PROJECT_BASIS_QTO: rate density over the frozen PRE-S7.1 local bar strips; a lower bound of the physical steel (every blocked portion is excluded, not zero); not a bar-by-bar BBS",PROJECT_GEOMETRY + URBAN_OWNER_MEASUREMENT_RULE (URBAN_QTO_LOCAL_BAR_LINE_V1: local run along each bar line); face to face of the supports (the portion beyond each face is a blocked complement),PROJECT_SOURCE: plan callout 5%%c10/m on SP-GF_ROOF_SLAB-18 -> 5 bars/m of Ø10; equivalent count by URBAN_RATE_DENSITY (AD2-D02); PHYSICAL_BBS_COUNT UNRESOLVED,PROJECT_SOURCE: P15-BOT-STOP-0.125L 'STOP 50% OF BOT. REINF. BALANCE CONTINUOUS' -> 0.5 (AD2-D04 exact 0.5 / 0.5 density; which physical bars stop stays a BBS question),,,,LOCAL_CLEAR_SPAN (face to face along each bar line),URBAN_OWNER_MEASUREMENT_RULE,SUPPORT_FACE,PROJECT_GEOMETRY,"ENGINEERING_DERIVED (unqualified plan callout; '/Top' and '(T&B)' are marked, plan note 2 gives the top steel over beams; p.15: bottom bars 'see schedule or plan')","[""token 528 (5%%c10/m)"", ""P15-BOT-STOP-0.125L""]","[""URBAN_RATE_DENSITY (AD2-D02: equivalent count = rate x density x width, unrounded)"", ""URBAN_QTO_LOCAL_BAR_LINE_V1 (AD2-D14)""]","[""AD2-D02"", ""AD2-D14"", ""AD2-D04"", ""P15-BOT-STOP-0.125L""]","[""QI-00372"", ""QI-00373"", ""QI-00374""]",4,False,True,5 /m x 0.5 x 2.37 m x 2.339406076 m = 13.860981 m; x 10^2/162 = 0.617283951 kg/m -> 8.556161111 kg,PRE-S7.1 11_S7_RELEASE_CANDIDATES.csv QI-00370 (manifest 3a67a8641ce4); 4 local bar strips in 04_S7_BAR_RUNS.csv
S7-0125,QI-00371,CMP-0072,SP-GF_ROOF_SLAB-18,PANEL,SP-GF_ROOF_SLAB-18,,RUN-B-040,GF_ROOF_SLAB,BOTTOM_CURTAILED_50,BOTTOM,Y,10,5,,0.5,2.37,5.925,UNRESOLVED,2.339406076,0.501781899,1.837624177,0,0.501781899,10.88792325,0.617283951,6.720940278,PROJECT_BASIS_QTO,"PROJECT_BASIS_QTO: rate density over the frozen PRE-S7.1 local bar strips; a lower bound of the physical steel (every blocked portion is excluded, not zero); not a bar-by-bar BBS","PROJECT_GEOMETRY + URBAN_OWNER_MEASUREMENT_RULE (URBAN_QTO_LOCAL_BAR_LINE_V1: local run along each bar line); less PROJECT_SOURCE P15-BOT-STOP-0.125L 0.125 x L (L = clear span, from the face of support) at each continuous end and, under AD2-D15, each continuity-unresolved end",PROJECT_SOURCE: plan callout 5%%c10/m on SP-GF_ROOF_SLAB-18 -> 5 bars/m of Ø10; equivalent count by URBAN_RATE_DENSITY (AD2-D02); PHYSICAL_BBS_COUNT UNRESOLVED,PROJECT_SOURCE: P15-BOT-STOP-0.125L 'STOP 50% OF BOT. REINF. BALANCE CONTINUOUS' -> 0.5 (AD2-D04 exact 0.5 / 0.5 density; which physical bars stop stays a BBS question),0.125,P15-BOT-STOP-0.125L,PROJECT_SOURCE,CLEAR_SPAN (local L along each bar line),PROJECT_SOURCE,FACE_OF_SUPPORT,PROJECT_SOURCE,"ENGINEERING_DERIVED (unqualified plan callout; '/Top' and '(T&B)' are marked, plan note 2 gives the top steel over beams; p.15: bottom bars 'see schedule or plan')","[""token 528 (5%%c10/m)"", ""P15-BOT-STOP-0.125L""]","[""URBAN_RATE_DENSITY (AD2-D02: equivalent count = rate x density x width, unrounded)"", ""URBAN_QTO_LOCAL_BAR_LINE_V1 (AD2-D14)"", ""AD2-D15 (a continuity-unresolved end stops the curtailed half as a continuous end would; its 0.125 L zone is a blocked complement)""]","[""AD2-D02"", ""AD2-D14"", ""AD2-D04"", ""P15-BOT-STOP-0.125L""]","[""QI-00375"", ""QI-00376"", ""QI-00377""]",4,False,True,5 /m x 0.5 x 2.37 m x 1.837624177 m = 10.88792325 m; x 10^2/162 = 0.617283951 kg/m -> 6.720940278 kg,PRE-S7.1 11_S7_RELEASE_CANDIDATES.csv QI-00371 (manifest 3a67a8641ce4); 4 local bar strips in 04_S7_BAR_RUNS.csv
S7-0126,QI-00378,CMP-0076,SP-GF_ROOF_SLAB-19,PANEL,SP-GF_ROOF_SLAB-19,,RUN-B-050,GF_ROOF_SLAB,BOTTOM_IN_PANEL,BOTTOM,X,10,5,,1,0.5,2.5,UNRESOLVED,4,,4,0,,10,0.617283951,6.172839506,PROJECT_BASIS_QTO,"PROJECT_BASIS_QTO: rate density over the frozen PRE-S7.1 local bar strips; a lower bound of the physical steel (every blocked portion is excluded, not zero); not a bar-by-bar BBS",PROJECT_GEOMETRY (rectangular: local run = clear span); face to face of the supports (the portion beyond each face is a blocked complement),PROJECT_SOURCE: plan callout 5%%c10/m on SP-GF_ROOF_SLAB-19 -> 5 bars/m of Ø10; equivalent count by URBAN_RATE_DENSITY (AD2-D02); PHYSICAL_BBS_COUNT UNRESOLVED,PROJECT_SOURCE: full callout density 1 (no 50 % rule split on this item),,,,LOCAL_CLEAR_SPAN (face to face along each bar line),PROJECT_GEOMETRY,SUPPORT_FACE,PROJECT_GEOMETRY,"ENGINEERING_DERIVED (unqualified plan callout; '/Top' and '(T&B)' are marked, plan note 2 gives the top steel over beams; p.15: bottom bars 'see schedule or plan')","[""token 530 (5%%c10/m)""]","[""URBAN_RATE_DENSITY (AD2-D02: equivalent count = rate x density x width, unrounded)""]","[""AD2-D02""]","[""QI-00381"", ""QI-00382"", ""QI-00383"", ""QI-00384""]",1,False,False,5 /m x 1 x 0.5 m x 4 m = 10 m; x 10^2/162 = 0.617283951 kg/m -> 6.172839506 kg,PRE-S7.1 11_S7_RELEASE_CANDIDATES.csv QI-00378 (manifest 3a67a8641ce4); 1 local bar strips in 04_S7_BAR_RUNS.csv
S7-0127,QI-00379,CMP-0076,SP-GF_ROOF_SLAB-19,PANEL,SP-GF_ROOF_SLAB-19,,RUN-B-050,GF_ROOF_SLAB,BOTTOM_CONTINUING_50,BOTTOM,X,10,5,,0.5,1.1,2.75,UNRESOLVED,3.762841787,,3.762841787,0,,10.347814916,0.617283951,6.387540071,PROJECT_BASIS_QTO,"PROJECT_BASIS_QTO: rate density over the frozen PRE-S7.1 local bar strips; a lower bound of the physical steel (every blocked portion is excluded, not zero); not a bar-by-bar BBS",PROJECT_GEOMETRY (rectangular: local run = clear span); face to face of the supports (the portion beyond each face is a blocked complement),PROJECT_SOURCE: plan callout 5%%c10/m on SP-GF_ROOF_SLAB-19 -> 5 bars/m of Ø10; equivalent count by URBAN_RATE_DENSITY (AD2-D02); PHYSICAL_BBS_COUNT UNRESOLVED,PROJECT_SOURCE: P15-BOT-STOP-0.125L 'STOP 50% OF BOT. REINF. BALANCE CONTINUOUS' -> 0.5 (AD2-D04 exact 0.5 / 0.5 density; which physical bars stop stays a BBS question),,,,LOCAL_CLEAR_SPAN (face to face along each bar line),PROJECT_GEOMETRY,SUPPORT_FACE,PROJECT_GEOMETRY,"ENGINEERING_DERIVED (unqualified plan callout; '/Top' and '(T&B)' are marked, plan note 2 gives the top steel over beams; p.15: bottom bars 'see schedule or plan')","[""token 530 (5%%c10/m)"", ""P15-BOT-STOP-0.125L""]","[""URBAN_RATE_DENSITY (AD2-D02: equivalent count = rate x density x width, unrounded)""]","[""AD2-D02"", ""AD2-D04"", ""P15-BOT-STOP-0.125L""]","[""QI-00381"", ""QI-00382"", ""QI-00383"", ""QI-00384""]",31,False,False,5 /m x 0.5 x 1.1 m x 3.762841787 m = 10.347814916 m; x 10^2/162 = 0.617283951 kg/m -> 6.387540071 kg,PRE-S7.1 11_S7_RELEASE_CANDIDATES.csv QI-00379 (manifest 3a67a8641ce4); 31 local bar strips in 04_S7_BAR_RUNS.csv
S7-0128,QI-00380,CMP-0076,SP-GF_ROOF_SLAB-19,PANEL,SP-GF_ROOF_SLAB-19,,RUN-B-050,GF_ROOF_SLAB,BOTTOM_CURTAILED_50,BOTTOM,X,10,5,,0.5,1.1,2.75,UNRESOLVED,3.762841787,0.545982687,3.2168591,0,0.545982687,8.846362526,0.617283951,5.460717609,PROJECT_BASIS_QTO,"PROJECT_BASIS_QTO: rate density over the frozen PRE-S7.1 local bar strips; a lower bound of the physical steel (every blocked portion is excluded, not zero); not a bar-by-bar BBS","PROJECT_GEOMETRY (rectangular: local run = clear span); less PROJECT_SOURCE P15-BOT-STOP-0.125L 0.125 x L (L = clear span, from the face of support) at each continuous end and, under AD2-D15, each continuity-unresolved end",PROJECT_SOURCE: plan callout 5%%c10/m on SP-GF_ROOF_SLAB-19 -> 5 bars/m of Ø10; equivalent count by URBAN_RATE_DENSITY (AD2-D02); PHYSICAL_BBS_COUNT UNRESOLVED,PROJECT_SOURCE: P15-BOT-STOP-0.125L 'STOP 50% OF BOT. REINF. BALANCE CONTINUOUS' -> 0.5 (AD2-D04 exact 0.5 / 0.5 density; which physical bars stop stays a BBS question),0.125,P15-BOT-STOP-0.125L,PROJECT_SOURCE,CLEAR_SPAN,PROJECT_SOURCE,FACE_OF_SUPPORT,PROJECT_SOURCE,"ENGINEERING_DERIVED (unqualified plan callout; '/Top' and '(T&B)' are marked, plan note 2 gives the top steel over beams; p.15: bottom bars 'see schedule or plan')","[""token 530 (5%%c10/m)"", ""P15-BOT-STOP-0.125L""]","[""URBAN_RATE_DENSITY (AD2-D02: equivalent count = rate x density x width, unrounded)"", ""AD2-D15 (a continuity-unresolved end stops the curtailed half as a continuous end would; its 0.125 L zone is a blocked complement)""]","[""AD2-D02"", ""AD2-D04"", ""P15-BOT-STOP-0.125L""]","[""QI-00381"", ""QI-00382"", ""QI-00383"", ""QI-00384""]",31,False,False,5 /m x 0.5 x 1.1 m x 3.2168591 m = 8.846362526 m; x 10^2/162 = 0.617283951 kg/m -> 5.460717609 kg,PRE-S7.1 11_S7_RELEASE_CANDIDATES.csv QI-00380 (manifest 3a67a8641ce4); 31 local bar strips in 04_S7_BAR_RUNS.csv
S7-0129,QI-00385,CMP-0078,SP-GF_ROOF_SLAB-19,PANEL,SP-GF_ROOF_SLAB-19,,RUN-B-051,GF_ROOF_SLAB,BOTTOM_CONTINUING_50,BOTTOM,Y,10,6,,0.5,4,12,UNRESOLVED,1.534781492,,1.534781492,0,,18.417377899,0.617283951,11.368751789,PROJECT_BASIS_QTO,"PROJECT_BASIS_QTO: rate density over the frozen PRE-S7.1 local bar strips; a lower bound of the physical steel (every blocked portion is excluded, not zero); not a bar-by-bar BBS",PROJECT_GEOMETRY (rectangular: local run = clear span); face to face of the supports (the portion beyond each face is a blocked complement),PROJECT_SOURCE: plan callout 6%%C10/m on SP-GF_ROOF_SLAB-19 -> 6 bars/m of Ø10; equivalent count by URBAN_RATE_DENSITY (AD2-D02); PHYSICAL_BBS_COUNT UNRESOLVED,PROJECT_SOURCE: P15-BOT-STOP-0.125L 'STOP 50% OF BOT. REINF. BALANCE CONTINUOUS' -> 0.5 (AD2-D04 exact 0.5 / 0.5 density; which physical bars stop stays a BBS question),,,,LOCAL_CLEAR_SPAN (face to face along each bar line),PROJECT_GEOMETRY,SUPPORT_FACE,PROJECT_GEOMETRY,"ENGINEERING_DERIVED (unqualified plan callout; '/Top' and '(T&B)' are marked, plan note 2 gives the top steel over beams; p.15: bottom bars 'see schedule or plan')","[""token 531 (6%%C10/m)"", ""P15-BOT-STOP-0.125L""]","[""URBAN_RATE_DENSITY (AD2-D02: equivalent count = rate x density x width, unrounded)""]","[""AD2-D02"", ""AD2-D04"", ""P15-BOT-STOP-0.125L""]","[""QI-00387"", ""QI-00388"", ""QI-00603""]",32,False,False,6 /m x 0.5 x 4 m x 1.534781492 m = 18.417377899 m; x 10^2/162 = 0.617283951 kg/m -> 11.368751789 kg,PRE-S7.1 11_S7_RELEASE_CANDIDATES.csv QI-00385 (manifest 3a67a8641ce4); 32 local bar strips in 04_S7_BAR_RUNS.csv
S7-0130,QI-00386,CMP-0077,SP-GF_ROOF_SLAB-19,PANEL,SP-GF_ROOF_SLAB-19,,RUN-B-051,GF_ROOF_SLAB,BOTTOM_CURTAILED_50,BOTTOM,Y,10,6,,0.5,4,12,UNRESOLVED,1.534781492,0.238695373,1.296086119,0,0.238695373,15.553033424,0.617283951,9.600637916,PROJECT_BASIS_QTO,"PROJECT_BASIS_QTO: rate density over the frozen PRE-S7.1 local bar strips; a lower bound of the physical steel (every blocked portion is excluded, not zero); not a bar-by-bar BBS","PROJECT_GEOMETRY (rectangular: local run = clear span); less PROJECT_SOURCE P15-BOT-STOP-0.125L 0.125 x L (L = clear span, from the face of support) at each continuous end and, under AD2-D15, each continuity-unresolved end",PROJECT_SOURCE: plan callout 6%%C10/m on SP-GF_ROOF_SLAB-19 -> 6 bars/m of Ø10; equivalent count by URBAN_RATE_DENSITY (AD2-D02); PHYSICAL_BBS_COUNT UNRESOLVED,PROJECT_SOURCE: P15-BOT-STOP-0.125L 'STOP 50% OF BOT. REINF. BALANCE CONTINUOUS' -> 0.5 (AD2-D04 exact 0.5 / 0.5 density; which physical bars stop stays a BBS question),0.125,P15-BOT-STOP-0.125L,PROJECT_SOURCE,CLEAR_SPAN,PROJECT_SOURCE,FACE_OF_SUPPORT,PROJECT_SOURCE,"ENGINEERING_DERIVED (unqualified plan callout; '/Top' and '(T&B)' are marked, plan note 2 gives the top steel over beams; p.15: bottom bars 'see schedule or plan')","[""token 531 (6%%C10/m)"", ""P15-BOT-STOP-0.125L""]","[""URBAN_RATE_DENSITY (AD2-D02: equivalent count = rate x density x width, unrounded)"", ""AD2-D15 (a continuity-unresolved end stops the curtailed half as a continuous end would; its 0.125 L zone is a blocked complement)""]","[""AD2-D02"", ""AD2-D04"", ""P15-BOT-STOP-0.125L""]","[""QI-00389"", ""QI-00390""]",32,False,False,6 /m x 0.5 x 4 m x 1.296086119 m = 15.553033424 m; x 10^2/162 = 0.617283951 kg/m -> 9.600637916 kg,PRE-S7.1 11_S7_RELEASE_CANDIDATES.csv QI-00386 (manifest 3a67a8641ce4); 32 local bar strips in 04_S7_BAR_RUNS.csv
S7-0131,QI-00391,CMP-0082,SP-GF_ROOF_SLAB-20,PANEL,SP-GF_ROOF_SLAB-20,,RUN-B-052,GF_ROOF_SLAB,BOTTOM_CONTINUING_50,BOTTOM,X,10,6,,0.5,3.7,11.1,UNRESOLVED,4.2,,4.2,0,,46.62,0.617283951,28.777777778,PROJECT_BASIS_QTO,"PROJECT_BASIS_QTO: rate density over the frozen PRE-S7.1 local bar strips; a lower bound of the physical steel (every blocked portion is excluded, not zero); not a bar-by-bar BBS",PROJECT_GEOMETRY (rectangular: local run = clear span); face to face of the supports (the portion beyond each face is a blocked complement),PROJECT_SOURCE: plan callout 6%%C10/m on SP-GF_ROOF_SLAB-20 -> 6 bars/m of Ø10; equivalent count by URBAN_RATE_DENSITY (AD2-D02); PHYSICAL_BBS_COUNT UNRESOLVED,PROJECT_SOURCE: P15-BOT-STOP-0.125L 'STOP 50% OF BOT. REINF. BALANCE CONTINUOUS' -> 0.5 (AD2-D04 exact 0.5 / 0.5 density; which physical bars stop stays a BBS question),,,,LOCAL_CLEAR_SPAN (face to face along each bar line),PROJECT_GEOMETRY,SUPPORT_FACE,PROJECT_GEOMETRY,"ENGINEERING_DERIVED (unqualified plan callout; '/Top' and '(T&B)' are marked, plan note 2 gives the top steel over beams; p.15: bottom bars 'see schedule or plan')","[""token 521 (6%%C10/m)"", ""P15-BOT-STOP-0.125L""]","[""URBAN_RATE_DENSITY (AD2-D02: equivalent count = rate x density x width, unrounded)""]","[""AD2-D02"", ""AD2-D04"", ""P15-BOT-STOP-0.125L""]","[""QI-00393"", ""QI-00395"", ""QI-00396""]",25,False,False,6 /m x 0.5 x 3.7 m x 4.2 m = 46.62 m; x 10^2/162 = 0.617283951 kg/m -> 28.777777778 kg,PRE-S7.1 11_S7_RELEASE_CANDIDATES.csv QI-00391 (manifest 3a67a8641ce4); 25 local bar strips in 04_S7_BAR_RUNS.csv
S7-0132,QI-00392,CMP-0081,SP-GF_ROOF_SLAB-20,PANEL,SP-GF_ROOF_SLAB-20,,RUN-B-052,GF_ROOF_SLAB,BOTTOM_CURTAILED_50,BOTTOM,X,10,6,,0.5,3.7,11.1,UNRESOLVED,4.2,0.525,3.675,0,0.525,40.7925,0.617283951,25.180555556,PROJECT_BASIS_QTO,"PROJECT_BASIS_QTO: rate density over the frozen PRE-S7.1 local bar strips; a lower bound of the physical steel (every blocked portion is excluded, not zero); not a bar-by-bar BBS","PROJECT_GEOMETRY (rectangular: local run = clear span); less PROJECT_SOURCE P15-BOT-STOP-0.125L 0.125 x L (L = clear span, from the face of support) at each continuous end",PROJECT_SOURCE: plan callout 6%%C10/m on SP-GF_ROOF_SLAB-20 -> 6 bars/m of Ø10; equivalent count by URBAN_RATE_DENSITY (AD2-D02); PHYSICAL_BBS_COUNT UNRESOLVED,PROJECT_SOURCE: P15-BOT-STOP-0.125L 'STOP 50% OF BOT. REINF. BALANCE CONTINUOUS' -> 0.5 (AD2-D04 exact 0.5 / 0.5 density; which physical bars stop stays a BBS question),0.125,P15-BOT-STOP-0.125L,PROJECT_SOURCE,CLEAR_SPAN,PROJECT_SOURCE,FACE_OF_SUPPORT,PROJECT_SOURCE,"ENGINEERING_DERIVED (unqualified plan callout; '/Top' and '(T&B)' are marked, plan note 2 gives the top steel over beams; p.15: bottom bars 'see schedule or plan')","[""token 521 (6%%C10/m)"", ""P15-BOT-STOP-0.125L""]","[""URBAN_RATE_DENSITY (AD2-D02: equivalent count = rate x density x width, unrounded)""]","[""AD2-D02"", ""AD2-D04"", ""P15-BOT-STOP-0.125L""]","[""QI-00394""]",25,False,False,6 /m x 0.5 x 3.7 m x 3.675 m = 40.7925 m; x 10^2/162 = 0.617283951 kg/m -> 25.180555556 kg,PRE-S7.1 11_S7_RELEASE_CANDIDATES.csv QI-00392 (manifest 3a67a8641ce4); 25 local bar strips in 04_S7_BAR_RUNS.csv
S7-0133,QI-00397,CMP-0083,SP-GF_ROOF_SLAB-20,PANEL,SP-GF_ROOF_SLAB-20,,RUN-B-053,GF_ROOF_SLAB,BOTTOM_IN_PANEL,BOTTOM,Y,10,7,,1,0.934065,6.538455,UNRESOLVED,3.7,,3.7,0,,24.1922835,0.617283951,14.933508333,PROJECT_BASIS_QTO,"PROJECT_BASIS_QTO: rate density over the frozen PRE-S7.1 local bar strips; a lower bound of the physical steel (every blocked portion is excluded, not zero); not a bar-by-bar BBS",PROJECT_GEOMETRY (rectangular: local run = clear span); face to face of the supports (the portion beyond each face is a blocked complement),PROJECT_SOURCE: plan callout 7%%C10/m on SP-GF_ROOF_SLAB-20 -> 7 bars/m of Ø10; equivalent count by URBAN_RATE_DENSITY (AD2-D02); PHYSICAL_BBS_COUNT UNRESOLVED,PROJECT_SOURCE: full callout density 1 (no 50 % rule split on this item),,,,LOCAL_CLEAR_SPAN (face to face along each bar line),PROJECT_GEOMETRY,SUPPORT_FACE,PROJECT_GEOMETRY,"ENGINEERING_DERIVED (unqualified plan callout; '/Top' and '(T&B)' are marked, plan note 2 gives the top steel over beams; p.15: bottom bars 'see schedule or plan')","[""token 522 (7%%C10/m)""]","[""URBAN_RATE_DENSITY (AD2-D02: equivalent count = rate x density x width, unrounded)""]","[""AD2-D02""]","[""QI-00400"", ""QI-00401"", ""QI-00402"", ""QI-00403"", ""QI-00404"", ""QI-00405""]",1,False,False,7 /m x 1 x 0.934065 m x 3.7 m = 24.1922835 m; x 10^2/162 = 0.617283951 kg/m -> 14.933508333 kg,PRE-S7.1 11_S7_RELEASE_CANDIDATES.csv QI-00397 (manifest 3a67a8641ce4); 1 local bar strips in 04_S7_BAR_RUNS.csv
S7-0134,QI-00398,CMP-0083,SP-GF_ROOF_SLAB-20,PANEL,SP-GF_ROOF_SLAB-20,,RUN-B-053,GF_ROOF_SLAB,BOTTOM_CONTINUING_50,BOTTOM,Y,10,7,,0.5,3.265935,11.4307725,UNRESOLVED,3.7,,3.7,0,,42.29385825,0.617283951,26.107319907,PROJECT_BASIS_QTO,"PROJECT_BASIS_QTO: rate density over the frozen PRE-S7.1 local bar strips; a lower bound of the physical steel (every blocked portion is excluded, not zero); not a bar-by-bar BBS",PROJECT_GEOMETRY (rectangular: local run = clear span); face to face of the supports (the portion beyond each face is a blocked complement),PROJECT_SOURCE: plan callout 7%%C10/m on SP-GF_ROOF_SLAB-20 -> 7 bars/m of Ø10; equivalent count by URBAN_RATE_DENSITY (AD2-D02); PHYSICAL_BBS_COUNT UNRESOLVED,PROJECT_SOURCE: P15-BOT-STOP-0.125L 'STOP 50% OF BOT. REINF. BALANCE CONTINUOUS' -> 0.5 (AD2-D04 exact 0.5 / 0.5 density; which physical bars stop stays a BBS question),,,,LOCAL_CLEAR_SPAN (face to face along each bar line),PROJECT_GEOMETRY,SUPPORT_FACE,PROJECT_GEOMETRY,"ENGINEERING_DERIVED (unqualified plan callout; '/Top' and '(T&B)' are marked, plan note 2 gives the top steel over beams; p.15: bottom bars 'see schedule or plan')","[""token 522 (7%%C10/m)"", ""P15-BOT-STOP-0.125L""]","[""URBAN_RATE_DENSITY (AD2-D02: equivalent count = rate x density x width, unrounded)""]","[""AD2-D02"", ""AD2-D04"", ""P15-BOT-STOP-0.125L""]","[""QI-00400"", ""QI-00401"", ""QI-00402"", ""QI-00403"", ""QI-00404"", ""QI-00405""]",7,False,False,7 /m x 0.5 x 3.265935 m x 3.7 m = 42.29385825 m; x 10^2/162 = 0.617283951 kg/m -> 26.107319907 kg,PRE-S7.1 11_S7_RELEASE_CANDIDATES.csv QI-00398 (manifest 3a67a8641ce4); 7 local bar strips in 04_S7_BAR_RUNS.csv
S7-0135,QI-00399,CMP-0083,SP-GF_ROOF_SLAB-20,PANEL,SP-GF_ROOF_SLAB-20,,RUN-B-053,GF_ROOF_SLAB,BOTTOM_CURTAILED_50,BOTTOM,Y,10,7,,0.5,3.265935,11.4307725,UNRESOLVED,3.7,0.4625,3.2375,0,0.4625,37.007125969,0.617283951,22.843904919,PROJECT_BASIS_QTO,"PROJECT_BASIS_QTO: rate density over the frozen PRE-S7.1 local bar strips; a lower bound of the physical steel (every blocked portion is excluded, not zero); not a bar-by-bar BBS","PROJECT_GEOMETRY (rectangular: local run = clear span); less PROJECT_SOURCE P15-BOT-STOP-0.125L 0.125 x L (L = clear span, from the face of support) at each continuous end and, under AD2-D15, each continuity-unresolved end",PROJECT_SOURCE: plan callout 7%%C10/m on SP-GF_ROOF_SLAB-20 -> 7 bars/m of Ø10; equivalent count by URBAN_RATE_DENSITY (AD2-D02); PHYSICAL_BBS_COUNT UNRESOLVED,PROJECT_SOURCE: P15-BOT-STOP-0.125L 'STOP 50% OF BOT. REINF. BALANCE CONTINUOUS' -> 0.5 (AD2-D04 exact 0.5 / 0.5 density; which physical bars stop stays a BBS question),0.125,P15-BOT-STOP-0.125L,PROJECT_SOURCE,CLEAR_SPAN,PROJECT_SOURCE,FACE_OF_SUPPORT,PROJECT_SOURCE,"ENGINEERING_DERIVED (unqualified plan callout; '/Top' and '(T&B)' are marked, plan note 2 gives the top steel over beams; p.15: bottom bars 'see schedule or plan')","[""token 522 (7%%C10/m)"", ""P15-BOT-STOP-0.125L""]","[""URBAN_RATE_DENSITY (AD2-D02: equivalent count = rate x density x width, unrounded)"", ""AD2-D15 (a continuity-unresolved end stops the curtailed half as a continuous end would; its 0.125 L zone is a blocked complement)""]","[""AD2-D02"", ""AD2-D04"", ""P15-BOT-STOP-0.125L""]","[""QI-00400"", ""QI-00401"", ""QI-00402"", ""QI-00403"", ""QI-00404"", ""QI-00405""]",7,False,False,7 /m x 0.5 x 3.265935 m x 3.2375 m = 37.007125969 m; x 10^2/162 = 0.617283951 kg/m -> 22.843904919 kg,PRE-S7.1 11_S7_RELEASE_CANDIDATES.csv QI-00399 (manifest 3a67a8641ce4); 7 local bar strips in 04_S7_BAR_RUNS.csv
S7-0136,QI-00408,CMP-0089,SP-GF_ROOF_SLAB-22,PANEL,SP-GF_ROOF_SLAB-22,,RUN-B-054,GF_ROOF_SLAB,BOTTOM_CONTINUING_50,BOTTOM,Y,10,6,,0.5,3.410745,10.232235,UNRESOLVED,4.429645195,,4.429645195,0,,45.3251706,0.617283951,27.97850037,PROJECT_BASIS_QTO,"PROJECT_BASIS_QTO: rate density over the frozen PRE-S7.1 local bar strips; a lower bound of the physical steel (every blocked portion is excluded, not zero); not a bar-by-bar BBS",PROJECT_GEOMETRY + URBAN_OWNER_MEASUREMENT_RULE (URBAN_QTO_LOCAL_BAR_LINE_V1: local run along each bar line); face to face of the supports (the portion beyond each face is a blocked complement),PROJECT_SOURCE: plan callout 6%%C10/m on SP-GF_ROOF_SLAB-22 -> 6 bars/m of Ø10; equivalent count by URBAN_RATE_DENSITY (AD2-D02); PHYSICAL_BBS_COUNT UNRESOLVED,PROJECT_SOURCE: P15-BOT-STOP-0.125L 'STOP 50% OF BOT. REINF. BALANCE CONTINUOUS' -> 0.5 (AD2-D04 exact 0.5 / 0.5 density; which physical bars stop stays a BBS question),,,,LOCAL_CLEAR_SPAN (face to face along each bar line),URBAN_OWNER_MEASUREMENT_RULE,SUPPORT_FACE,PROJECT_GEOMETRY,"ENGINEERING_DERIVED (unqualified plan callout; '/Top' and '(T&B)' are marked, plan note 2 gives the top steel over beams; p.15: bottom bars 'see schedule or plan')","[""token 527 (6%%C10/m)"", ""P15-BOT-STOP-0.125L""]","[""URBAN_RATE_DENSITY (AD2-D02: equivalent count = rate x density x width, unrounded)"", ""URBAN_QTO_LOCAL_BAR_LINE_V1 (AD2-D14)""]","[""AD2-D02"", ""AD2-D14"", ""AD2-D04"", ""P15-BOT-STOP-0.125L""]","[""QI-00410"", ""QI-00411"", ""QI-00412"", ""QI-00416"", ""QI-00417""]",11,False,True,6 /m x 0.5 x 3.410745 m x 4.429645195 m = 45.3251706 m; x 10^2/162 = 0.617283951 kg/m -> 27.97850037 kg,PRE-S7.1 11_S7_RELEASE_CANDIDATES.csv QI-00408 (manifest 3a67a8641ce4); 11 local bar strips in 04_S7_BAR_RUNS.csv
S7-0137,QI-00409,CMP-0088,SP-GF_ROOF_SLAB-22,PANEL,SP-GF_ROOF_SLAB-22,,RUN-B-054,GF_ROOF_SLAB,BOTTOM_CURTAILED_50,BOTTOM,Y,10,6,,0.5,3.410745,10.232235,UNRESOLVED,4.429645195,1.107411299,3.322233896,0,1.107411299,33.99387795,0.617283951,20.983875278,PROJECT_BASIS_QTO,"PROJECT_BASIS_QTO: rate density over the frozen PRE-S7.1 local bar strips; a lower bound of the physical steel (every blocked portion is excluded, not zero); not a bar-by-bar BBS","PROJECT_GEOMETRY + URBAN_OWNER_MEASUREMENT_RULE (URBAN_QTO_LOCAL_BAR_LINE_V1: local run along each bar line); less PROJECT_SOURCE P15-BOT-STOP-0.125L 0.125 x L (L = clear span, from the face of support) at each continuous end and, under AD2-D15, each continuity-unresolved end",PROJECT_SOURCE: plan callout 6%%C10/m on SP-GF_ROOF_SLAB-22 -> 6 bars/m of Ø10; equivalent count by URBAN_RATE_DENSITY (AD2-D02); PHYSICAL_BBS_COUNT UNRESOLVED,PROJECT_SOURCE: P15-BOT-STOP-0.125L 'STOP 50% OF BOT. REINF. BALANCE CONTINUOUS' -> 0.5 (AD2-D04 exact 0.5 / 0.5 density; which physical bars stop stays a BBS question),0.125,P15-BOT-STOP-0.125L,PROJECT_SOURCE,CLEAR_SPAN (local L along each bar line),PROJECT_SOURCE,FACE_OF_SUPPORT,PROJECT_SOURCE,"ENGINEERING_DERIVED (unqualified plan callout; '/Top' and '(T&B)' are marked, plan note 2 gives the top steel over beams; p.15: bottom bars 'see schedule or plan')","[""token 527 (6%%C10/m)"", ""P15-BOT-STOP-0.125L""]","[""URBAN_RATE_DENSITY (AD2-D02: equivalent count = rate x density x width, unrounded)"", ""URBAN_QTO_LOCAL_BAR_LINE_V1 (AD2-D14)"", ""AD2-D15 (a continuity-unresolved end stops the curtailed half as a continuous end would; its 0.125 L zone is a blocked complement)""]","[""AD2-D02"", ""AD2-D14"", ""AD2-D04"", ""P15-BOT-STOP-0.125L""]","[""QI-00413"", ""QI-00414"", ""QI-00415""]",11,False,True,6 /m x 0.5 x 3.410745 m x 3.322233896 m = 33.99387795 m; x 10^2/162 = 0.617283951 kg/m -> 20.983875278 kg,PRE-S7.1 11_S7_RELEASE_CANDIDATES.csv QI-00409 (manifest 3a67a8641ce4); 11 local bar strips in 04_S7_BAR_RUNS.csv
S7-0138,QI-00418,CMP-0093,SP-GF_ROOF_SLAB-23,PANEL,SP-GF_ROOF_SLAB-23,,RUN-B-055,GF_ROOF_SLAB,BOTTOM_CONTINUING_50,BOTTOM,X,10,6,,0.5,7.5,22.5,UNRESOLVED,1.046752157,,1.046752157,0,,23.551923525,0.617283951,14.538224398,PROJECT_BASIS_QTO,"PROJECT_BASIS_QTO: rate density over the frozen PRE-S7.1 local bar strips; a lower bound of the physical steel (every blocked portion is excluded, not zero); not a bar-by-bar BBS",PROJECT_GEOMETRY + URBAN_OWNER_MEASUREMENT_RULE (URBAN_QTO_LOCAL_BAR_LINE_V1: local run along each bar line); face to face of the supports (the portion beyond each face is a blocked complement),PROJECT_SOURCE: plan callout 6%%C10/m on SP-GF_ROOF_SLAB-23 -> 6 bars/m of Ø10; equivalent count by URBAN_RATE_DENSITY (AD2-D02); PHYSICAL_BBS_COUNT UNRESOLVED,PROJECT_SOURCE: P15-BOT-STOP-0.125L 'STOP 50% OF BOT. REINF. BALANCE CONTINUOUS' -> 0.5 (AD2-D04 exact 0.5 / 0.5 density; which physical bars stop stays a BBS question),,,,LOCAL_CLEAR_SPAN (face to face along each bar line),URBAN_OWNER_MEASUREMENT_RULE,SUPPORT_FACE,PROJECT_GEOMETRY,"ENGINEERING_DERIVED (unqualified plan callout; '/Top' and '(T&B)' are marked, plan note 2 gives the top steel over beams; p.15: bottom bars 'see schedule or plan')","[""token 4DE (6%%C10/m)"", ""P15-BOT-STOP-0.125L""]","[""URBAN_RATE_DENSITY (AD2-D02: equivalent count = rate x density x width, unrounded)"", ""URBAN_QTO_LOCAL_BAR_LINE_V1 (AD2-D14)""]","[""AD2-D02"", ""AD2-D14"", ""AD2-D04"", ""P15-BOT-STOP-0.125L""]","[""QI-00420"", ""QI-00421"", ""QI-00422"", ""QI-00426"", ""QI-00427""]",28,False,True,6 /m x 0.5 x 7.5 m x 1.046752157 m = 23.551923525 m; x 10^2/162 = 0.617283951 kg/m -> 14.538224398 kg,PRE-S7.1 11_S7_RELEASE_CANDIDATES.csv QI-00418 (manifest 3a67a8641ce4); 28 local bar strips in 04_S7_BAR_RUNS.csv
S7-0139,QI-00419,CMP-0092,SP-GF_ROOF_SLAB-23,PANEL,SP-GF_ROOF_SLAB-23,,RUN-B-055,GF_ROOF_SLAB,BOTTOM_CURTAILED_50,BOTTOM,X,10,6,,0.5,7.5,22.5,UNRESOLVED,1.046752157,0.13084402,0.915908137,0,0.13084402,20.607933084,0.617283951,12.720946348,PROJECT_BASIS_QTO,"PROJECT_BASIS_QTO: rate density over the frozen PRE-S7.1 local bar strips; a lower bound of the physical steel (every blocked portion is excluded, not zero); not a bar-by-bar BBS","PROJECT_GEOMETRY + URBAN_OWNER_MEASUREMENT_RULE (URBAN_QTO_LOCAL_BAR_LINE_V1: local run along each bar line); less PROJECT_SOURCE P15-BOT-STOP-0.125L 0.125 x L (L = clear span, from the face of support) at each continuous end and, under AD2-D15, each continuity-unresolved end",PROJECT_SOURCE: plan callout 6%%C10/m on SP-GF_ROOF_SLAB-23 -> 6 bars/m of Ø10; equivalent count by URBAN_RATE_DENSITY (AD2-D02); PHYSICAL_BBS_COUNT UNRESOLVED,PROJECT_SOURCE: P15-BOT-STOP-0.125L 'STOP 50% OF BOT. REINF. BALANCE CONTINUOUS' -> 0.5 (AD2-D04 exact 0.5 / 0.5 density; which physical bars stop stays a BBS question),0.125,P15-BOT-STOP-0.125L,PROJECT_SOURCE,CLEAR_SPAN (local L along each bar line),PROJECT_SOURCE,FACE_OF_SUPPORT,PROJECT_SOURCE,"ENGINEERING_DERIVED (unqualified plan callout; '/Top' and '(T&B)' are marked, plan note 2 gives the top steel over beams; p.15: bottom bars 'see schedule or plan')","[""token 4DE (6%%C10/m)"", ""P15-BOT-STOP-0.125L""]","[""URBAN_RATE_DENSITY (AD2-D02: equivalent count = rate x density x width, unrounded)"", ""URBAN_QTO_LOCAL_BAR_LINE_V1 (AD2-D14)"", ""AD2-D15 (a continuity-unresolved end stops the curtailed half as a continuous end would; its 0.125 L zone is a blocked complement)""]","[""AD2-D02"", ""AD2-D14"", ""AD2-D04"", ""P15-BOT-STOP-0.125L""]","[""QI-00423"", ""QI-00424"", ""QI-00425""]",28,False,True,6 /m x 0.5 x 7.5 m x 0.915908137 m = 20.607933084 m; x 10^2/162 = 0.617283951 kg/m -> 12.720946348 kg,PRE-S7.1 11_S7_RELEASE_CANDIDATES.csv QI-00419 (manifest 3a67a8641ce4); 28 local bar strips in 04_S7_BAR_RUNS.csv
S7-0140,QI-00428,CMP-0095,SP-GF_ROOF_SLAB-23,PANEL,SP-GF_ROOF_SLAB-23,,RUN-B-045,GF_ROOF_SLAB,BOTTOM_CONTINUING_50,BOTTOM,Y,10,5,,0.5,1.144803,2.8620075,UNRESOLVED,6.857635047,,6.857635047,0,,19.626602938,0.617283951,12.115186998,PROJECT_BASIS_QTO,"PROJECT_BASIS_QTO: rate density over the frozen PRE-S7.1 local bar strips; a lower bound of the physical steel (every blocked portion is excluded, not zero); not a bar-by-bar BBS",PROJECT_GEOMETRY + URBAN_OWNER_MEASUREMENT_RULE (URBAN_QTO_LOCAL_BAR_LINE_V1: local run along each bar line); face to face of the supports (the portion beyond each face is a blocked complement),PROJECT_SOURCE: plan callout 5%%c10/m on SP-GF_ROOF_SLAB-23 -> 5 bars/m of Ø10; equivalent count by URBAN_RATE_DENSITY (AD2-D02); PHYSICAL_BBS_COUNT UNRESOLVED,PROJECT_SOURCE: P15-BOT-STOP-0.125L 'STOP 50% OF BOT. REINF. BALANCE CONTINUOUS' -> 0.5 (AD2-D04 exact 0.5 / 0.5 density; which physical bars stop stays a BBS question),,,,LOCAL_CLEAR_SPAN (face to face along each bar line),URBAN_OWNER_MEASUREMENT_RULE,SUPPORT_FACE,PROJECT_GEOMETRY,"ENGINEERING_DERIVED (unqualified plan callout; '/Top' and '(T&B)' are marked, plan note 2 gives the top steel over beams; p.15: bottom bars 'see schedule or plan')","[""token 4DC (5%%c10/m)"", ""P15-BOT-STOP-0.125L""]","[""URBAN_RATE_DENSITY (AD2-D02: equivalent count = rate x density x width, unrounded)"", ""URBAN_QTO_LOCAL_BAR_LINE_V1 (AD2-D14)""]","[""AD2-D02"", ""AD2-D14"", ""AD2-D04"", ""P15-BOT-STOP-0.125L""]","[""QI-00430"", ""QI-00431""]",2,False,True,5 /m x 0.5 x 1.144803 m x 6.857635047 m = 19.626602938 m; x 10^2/162 = 0.617283951 kg/m -> 12.115186998 kg,PRE-S7.1 11_S7_RELEASE_CANDIDATES.csv QI-00428 (manifest 3a67a8641ce4); 2 local bar strips in 04_S7_BAR_RUNS.csv
S7-0141,QI-00429,CMP-0094,SP-GF_ROOF_SLAB-23,PANEL,SP-GF_ROOF_SLAB-23,,RUN-B-045,GF_ROOF_SLAB,BOTTOM_CURTAILED_50,BOTTOM,Y,10,5,,0.5,1.144803,2.8620075,UNRESOLVED,6.857635047,0.857204381,6.000430666,0,0.857204381,17.17327757,0.617283951,10.600788624,PROJECT_BASIS_QTO,"PROJECT_BASIS_QTO: rate density over the frozen PRE-S7.1 local bar strips; a lower bound of the physical steel (every blocked portion is excluded, not zero); not a bar-by-bar BBS","PROJECT_GEOMETRY + URBAN_OWNER_MEASUREMENT_RULE (URBAN_QTO_LOCAL_BAR_LINE_V1: local run along each bar line); less PROJECT_SOURCE P15-BOT-STOP-0.125L 0.125 x L (L = clear span, from the face of support) at each continuous end and, under AD2-D15, each continuity-unresolved end",PROJECT_SOURCE: plan callout 5%%c10/m on SP-GF_ROOF_SLAB-23 -> 5 bars/m of Ø10; equivalent count by URBAN_RATE_DENSITY (AD2-D02); PHYSICAL_BBS_COUNT UNRESOLVED,PROJECT_SOURCE: P15-BOT-STOP-0.125L 'STOP 50% OF BOT. REINF. BALANCE CONTINUOUS' -> 0.5 (AD2-D04 exact 0.5 / 0.5 density; which physical bars stop stays a BBS question),0.125,P15-BOT-STOP-0.125L,PROJECT_SOURCE,CLEAR_SPAN (local L along each bar line),PROJECT_SOURCE,FACE_OF_SUPPORT,PROJECT_SOURCE,"ENGINEERING_DERIVED (unqualified plan callout; '/Top' and '(T&B)' are marked, plan note 2 gives the top steel over beams; p.15: bottom bars 'see schedule or plan')","[""token 4DC (5%%c10/m)"", ""P15-BOT-STOP-0.125L""]","[""URBAN_RATE_DENSITY (AD2-D02: equivalent count = rate x density x width, unrounded)"", ""URBAN_QTO_LOCAL_BAR_LINE_V1 (AD2-D14)"", ""AD2-D15 (a continuity-unresolved end stops the curtailed half as a continuous end would; its 0.125 L zone is a blocked complement)""]","[""AD2-D02"", ""AD2-D14"", ""AD2-D04"", ""P15-BOT-STOP-0.125L""]","[""QI-00432"", ""QI-00433""]",2,False,True,5 /m x 0.5 x 1.144803 m x 6.000430666 m = 17.17327757 m; x 10^2/162 = 0.617283951 kg/m -> 10.600788624 kg,PRE-S7.1 11_S7_RELEASE_CANDIDATES.csv QI-00429 (manifest 3a67a8641ce4); 2 local bar strips in 04_S7_BAR_RUNS.csv
S7-0142,QI-00434,CMP-0099,SP-GF_ROOF_SLAB-24,PANEL,SP-GF_ROOF_SLAB-24,,RUN-B-056,GF_ROOF_SLAB,BOTTOM_CONTINUING_50,BOTTOM,X,10,5,,0.5,2.374382,5.935955,UNRESOLVED,0.876196,,0.876196,0,,5.201060027,0.617283951,3.210530881,PROJECT_BASIS_QTO,"PROJECT_BASIS_QTO: rate density over the frozen PRE-S7.1 local bar strips; a lower bound of the physical steel (every blocked portion is excluded, not zero); not a bar-by-bar BBS",PROJECT_GEOMETRY + URBAN_OWNER_MEASUREMENT_RULE (URBAN_QTO_LOCAL_BAR_LINE_V1: local run along each bar line); face to face of the supports (the portion beyond each face is a blocked complement),PROJECT_SOURCE: plan callout 5%%c10/m on SP-GF_ROOF_SLAB-24 -> 5 bars/m of Ø10; equivalent count by URBAN_RATE_DENSITY (AD2-D02); PHYSICAL_BBS_COUNT UNRESOLVED,PROJECT_SOURCE: P15-BOT-STOP-0.125L 'STOP 50% OF BOT. REINF. BALANCE CONTINUOUS' -> 0.5 (AD2-D04 exact 0.5 / 0.5 density; which physical bars stop stays a BBS question),,,,LOCAL_CLEAR_SPAN (face to face along each bar line),URBAN_OWNER_MEASUREMENT_RULE,SUPPORT_FACE,PROJECT_GEOMETRY,"ENGINEERING_DERIVED (unqualified plan callout; '/Top' and '(T&B)' are marked, plan note 2 gives the top steel over beams; p.15: bottom bars 'see schedule or plan')","[""token 51B (5%%c10/m)"", ""P15-BOT-STOP-0.125L""]","[""URBAN_RATE_DENSITY (AD2-D02: equivalent count = rate x density x width, unrounded)"", ""URBAN_QTO_LOCAL_BAR_LINE_V1 (AD2-D14)""]","[""AD2-D02"", ""AD2-D14"", ""AD2-D04"", ""P15-BOT-STOP-0.125L""]","[""QI-00436"", ""QI-00438""]",3,True,True,5 /m x 0.5 x 2.374382 m x 0.876196 m = 5.201060027 m; x 10^2/162 = 0.617283951 kg/m -> 3.210530881 kg,PRE-S7.1 11_S7_RELEASE_CANDIDATES.csv QI-00434 (manifest 3a67a8641ce4); 3 local bar strips in 04_S7_BAR_RUNS.csv
S7-0143,QI-00435,CMP-0098,SP-GF_ROOF_SLAB-24,PANEL,SP-GF_ROOF_SLAB-24,,RUN-B-056,GF_ROOF_SLAB,BOTTOM_CURTAILED_50,BOTTOM,X,10,5,,0.5,2.374382,5.935955,UNRESOLVED,0.876196,0.219049,0.657147,0,0.219049,3.90079502,0.617283951,2.407898161,PROJECT_BASIS_QTO,"PROJECT_BASIS_QTO: rate density over the frozen PRE-S7.1 local bar strips; a lower bound of the physical steel (every blocked portion is excluded, not zero); not a bar-by-bar BBS","PROJECT_GEOMETRY + URBAN_OWNER_MEASUREMENT_RULE (URBAN_QTO_LOCAL_BAR_LINE_V1: local run along each bar line); less PROJECT_SOURCE P15-BOT-STOP-0.125L 0.125 x L (L = clear span, from the face of support) at each continuous end and, under AD2-D15, each continuity-unresolved end",PROJECT_SOURCE: plan callout 5%%c10/m on SP-GF_ROOF_SLAB-24 -> 5 bars/m of Ø10; equivalent count by URBAN_RATE_DENSITY (AD2-D02); PHYSICAL_BBS_COUNT UNRESOLVED,PROJECT_SOURCE: P15-BOT-STOP-0.125L 'STOP 50% OF BOT. REINF. BALANCE CONTINUOUS' -> 0.5 (AD2-D04 exact 0.5 / 0.5 density; which physical bars stop stays a BBS question),0.125,P15-BOT-STOP-0.125L,PROJECT_SOURCE,CLEAR_SPAN (local L along each bar line),PROJECT_SOURCE,FACE_OF_SUPPORT,PROJECT_SOURCE,"ENGINEERING_DERIVED (unqualified plan callout; '/Top' and '(T&B)' are marked, plan note 2 gives the top steel over beams; p.15: bottom bars 'see schedule or plan')","[""token 51B (5%%c10/m)"", ""P15-BOT-STOP-0.125L""]","[""URBAN_RATE_DENSITY (AD2-D02: equivalent count = rate x density x width, unrounded)"", ""URBAN_QTO_LOCAL_BAR_LINE_V1 (AD2-D14)"", ""AD2-D15 (a continuity-unresolved end stops the curtailed half as a continuous end would; its 0.125 L zone is a blocked complement)""]","[""AD2-D02"", ""AD2-D14"", ""AD2-D04"", ""P15-BOT-STOP-0.125L""]","[""QI-00437""]",3,True,True,5 /m x 0.5 x 2.374382 m x 0.657147 m = 3.90079502 m; x 10^2/162 = 0.617283951 kg/m -> 2.407898161 kg,PRE-S7.1 11_S7_RELEASE_CANDIDATES.csv QI-00435 (manifest 3a67a8641ce4); 3 local bar strips in 04_S7_BAR_RUNS.csv
S7-0144,QI-00439,CMP-0100,SP-GF_ROOF_SLAB-24,PANEL,SP-GF_ROOF_SLAB-24,,RUN-B-057,GF_ROOF_SLAB,BOTTOM_CONTINUING_50,BOTTOM,Y,10,5,,0.5,1.752392,4.38098,UNRESOLVED,1.187191,,1.187191,0,,5.201060027,0.617283951,3.210530881,PROJECT_BASIS_QTO,"PROJECT_BASIS_QTO: rate density over the frozen PRE-S7.1 local bar strips; a lower bound of the physical steel (every blocked portion is excluded, not zero); not a bar-by-bar BBS",PROJECT_GEOMETRY + URBAN_OWNER_MEASUREMENT_RULE (URBAN_QTO_LOCAL_BAR_LINE_V1: local run along each bar line); face to face of the supports (the portion beyond each face is a blocked complement),PROJECT_SOURCE: plan callout 5%%c10/m on SP-GF_ROOF_SLAB-24 -> 5 bars/m of Ø10; equivalent count by URBAN_RATE_DENSITY (AD2-D02); PHYSICAL_BBS_COUNT UNRESOLVED,PROJECT_SOURCE: P15-BOT-STOP-0.125L 'STOP 50% OF BOT. REINF. BALANCE CONTINUOUS' -> 0.5 (AD2-D04 exact 0.5 / 0.5 density; which physical bars stop stays a BBS question),,,,LOCAL_CLEAR_SPAN (face to face along each bar line),URBAN_OWNER_MEASUREMENT_RULE,SUPPORT_FACE,PROJECT_GEOMETRY,"ENGINEERING_DERIVED (unqualified plan callout; '/Top' and '(T&B)' are marked, plan note 2 gives the top steel over beams; p.15: bottom bars 'see schedule or plan')","[""token 519 (5%%c10/m)"", ""P15-BOT-STOP-0.125L""]","[""URBAN_RATE_DENSITY (AD2-D02: equivalent count = rate x density x width, unrounded)"", ""URBAN_QTO_LOCAL_BAR_LINE_V1 (AD2-D14)""]","[""AD2-D02"", ""AD2-D14"", ""AD2-D04"", ""P15-BOT-STOP-0.125L""]","[""QI-00441"", ""QI-00442"", ""QI-00443"", ""QI-00444""]",5,True,True,5 /m x 0.5 x 1.752392 m x 1.187191 m = 5.201060027 m; x 10^2/162 = 0.617283951 kg/m -> 3.210530881 kg,PRE-S7.1 11_S7_RELEASE_CANDIDATES.csv QI-00439 (manifest 3a67a8641ce4); 5 local bar strips in 04_S7_BAR_RUNS.csv
S7-0145,QI-00440,CMP-0100,SP-GF_ROOF_SLAB-24,PANEL,SP-GF_ROOF_SLAB-24,,RUN-B-057,GF_ROOF_SLAB,BOTTOM_CURTAILED_50,BOTTOM,Y,10,5,,0.5,1.752392,4.38098,UNRESOLVED,1.187191,0.29679775,0.89039325,0,0.29679775,3.90079502,0.617283951,2.407898161,PROJECT_BASIS_QTO,"PROJECT_BASIS_QTO: rate density over the frozen PRE-S7.1 local bar strips; a lower bound of the physical steel (every blocked portion is excluded, not zero); not a bar-by-bar BBS","PROJECT_GEOMETRY + URBAN_OWNER_MEASUREMENT_RULE (URBAN_QTO_LOCAL_BAR_LINE_V1: local run along each bar line); less PROJECT_SOURCE P15-BOT-STOP-0.125L 0.125 x L (L = clear span, from the face of support) at each continuous end and, under AD2-D15, each continuity-unresolved end",PROJECT_SOURCE: plan callout 5%%c10/m on SP-GF_ROOF_SLAB-24 -> 5 bars/m of Ø10; equivalent count by URBAN_RATE_DENSITY (AD2-D02); PHYSICAL_BBS_COUNT UNRESOLVED,PROJECT_SOURCE: P15-BOT-STOP-0.125L 'STOP 50% OF BOT. REINF. BALANCE CONTINUOUS' -> 0.5 (AD2-D04 exact 0.5 / 0.5 density; which physical bars stop stays a BBS question),0.125,P15-BOT-STOP-0.125L,PROJECT_SOURCE,CLEAR_SPAN (local L along each bar line),PROJECT_SOURCE,FACE_OF_SUPPORT,PROJECT_SOURCE,"ENGINEERING_DERIVED (unqualified plan callout; '/Top' and '(T&B)' are marked, plan note 2 gives the top steel over beams; p.15: bottom bars 'see schedule or plan')","[""token 519 (5%%c10/m)"", ""P15-BOT-STOP-0.125L""]","[""URBAN_RATE_DENSITY (AD2-D02: equivalent count = rate x density x width, unrounded)"", ""URBAN_QTO_LOCAL_BAR_LINE_V1 (AD2-D14)"", ""AD2-D15 (a continuity-unresolved end stops the curtailed half as a continuous end would; its 0.125 L zone is a blocked complement)""]","[""AD2-D02"", ""AD2-D14"", ""AD2-D04"", ""P15-BOT-STOP-0.125L""]","[""QI-00441"", ""QI-00442"", ""QI-00443"", ""QI-00444""]",5,True,True,5 /m x 0.5 x 1.752392 m x 0.89039325 m = 3.90079502 m; x 10^2/162 = 0.617283951 kg/m -> 2.407898161 kg,PRE-S7.1 11_S7_RELEASE_CANDIDATES.csv QI-00440 (manifest 3a67a8641ce4); 5 local bar strips in 04_S7_BAR_RUNS.csv
S7-0146,QI-00445,CMP-0104,SP-GF_ROOF_SLAB-25,PANEL,SP-GF_ROOF_SLAB-25,,RUN-B-058,GF_ROOF_SLAB,BOTTOM_CONTINUING_50,BOTTOM,X,10,7,,0.5,4.95,17.325,UNRESOLVED,3.283553735,,3.283553735,0,,56.887568466,0.617283951,35.115783004,PROJECT_BASIS_QTO,"PROJECT_BASIS_QTO: rate density over the frozen PRE-S7.1 local bar strips; a lower bound of the physical steel (every blocked portion is excluded, not zero); not a bar-by-bar BBS",PROJECT_GEOMETRY (rectangular: local run = clear span); face to face of the supports (the portion beyond each face is a blocked complement),PROJECT_SOURCE: plan callout 7%%C10/m on SP-GF_ROOF_SLAB-25 -> 7 bars/m of Ø10; equivalent count by URBAN_RATE_DENSITY (AD2-D02); PHYSICAL_BBS_COUNT UNRESOLVED,PROJECT_SOURCE: P15-BOT-STOP-0.125L 'STOP 50% OF BOT. REINF. BALANCE CONTINUOUS' -> 0.5 (AD2-D04 exact 0.5 / 0.5 density; which physical bars stop stays a BBS question),,,,LOCAL_CLEAR_SPAN (face to face along each bar line),PROJECT_GEOMETRY,SUPPORT_FACE,PROJECT_GEOMETRY,"ENGINEERING_DERIVED (unqualified plan callout; '/Top' and '(T&B)' are marked, plan note 2 gives the top steel over beams; p.15: bottom bars 'see schedule or plan')","[""token 4CA (7%%C10/m)"", ""P15-BOT-STOP-0.125L""]","[""URBAN_RATE_DENSITY (AD2-D02: equivalent count = rate x density x width, unrounded)""]","[""AD2-D02"", ""AD2-D04"", ""P15-BOT-STOP-0.125L""]","[""QI-00447"", ""QI-00448"", ""QI-00449"", ""QI-00453"", ""QI-00454""]",28,False,False,7 /m x 0.5 x 4.95 m x 3.283553735 m = 56.887568466 m; x 10^2/162 = 0.617283951 kg/m -> 35.115783004 kg,PRE-S7.1 11_S7_RELEASE_CANDIDATES.csv QI-00445 (manifest 3a67a8641ce4); 28 local bar strips in 04_S7_BAR_RUNS.csv
S7-0147,QI-00446,CMP-0103,SP-GF_ROOF_SLAB-25,PANEL,SP-GF_ROOF_SLAB-25,,RUN-B-058,GF_ROOF_SLAB,BOTTOM_CURTAILED_50,BOTTOM,X,10,7,,0.5,4.95,17.325,UNRESOLVED,3.283553735,0.820888434,2.462665302,0,0.820888434,42.66567635,0.617283951,26.336837253,PROJECT_BASIS_QTO,"PROJECT_BASIS_QTO: rate density over the frozen PRE-S7.1 local bar strips; a lower bound of the physical steel (every blocked portion is excluded, not zero); not a bar-by-bar BBS","PROJECT_GEOMETRY (rectangular: local run = clear span); less PROJECT_SOURCE P15-BOT-STOP-0.125L 0.125 x L (L = clear span, from the face of support) at each continuous end and, under AD2-D15, each continuity-unresolved end",PROJECT_SOURCE: plan callout 7%%C10/m on SP-GF_ROOF_SLAB-25 -> 7 bars/m of Ø10; equivalent count by URBAN_RATE_DENSITY (AD2-D02); PHYSICAL_BBS_COUNT UNRESOLVED,PROJECT_SOURCE: P15-BOT-STOP-0.125L 'STOP 50% OF BOT. REINF. BALANCE CONTINUOUS' -> 0.5 (AD2-D04 exact 0.5 / 0.5 density; which physical bars stop stays a BBS question),0.125,P15-BOT-STOP-0.125L,PROJECT_SOURCE,CLEAR_SPAN,PROJECT_SOURCE,FACE_OF_SUPPORT,PROJECT_SOURCE,"ENGINEERING_DERIVED (unqualified plan callout; '/Top' and '(T&B)' are marked, plan note 2 gives the top steel over beams; p.15: bottom bars 'see schedule or plan')","[""token 4CA (7%%C10/m)"", ""P15-BOT-STOP-0.125L""]","[""URBAN_RATE_DENSITY (AD2-D02: equivalent count = rate x density x width, unrounded)"", ""AD2-D15 (a continuity-unresolved end stops the curtailed half as a continuous end would; its 0.125 L zone is a blocked complement)""]","[""AD2-D02"", ""AD2-D04"", ""P15-BOT-STOP-0.125L""]","[""QI-00450"", ""QI-00451"", ""QI-00452""]",28,False,False,7 /m x 0.5 x 4.95 m x 2.462665302 m = 42.66567635 m; x 10^2/162 = 0.617283951 kg/m -> 26.336837253 kg,PRE-S7.1 11_S7_RELEASE_CANDIDATES.csv QI-00446 (manifest 3a67a8641ce4); 28 local bar strips in 04_S7_BAR_RUNS.csv
S7-0148,QI-00455,CMP-0106,SP-GF_ROOF_SLAB-25,PANEL,SP-GF_ROOF_SLAB-25,,RUN-B-059,GF_ROOF_SLAB,BOTTOM_CONTINUING_50,BOTTOM,Y,10,6,,0.5,3.35,10.05,UNRESOLVED,4.851818206,,4.851818206,0,,48.760772971,0.617283951,30.099242575,PROJECT_BASIS_QTO,"PROJECT_BASIS_QTO: rate density over the frozen PRE-S7.1 local bar strips; a lower bound of the physical steel (every blocked portion is excluded, not zero); not a bar-by-bar BBS",PROJECT_GEOMETRY (rectangular: local run = clear span); face to face of the supports (the portion beyond each face is a blocked complement),PROJECT_SOURCE: plan callout 6%%C10/m on SP-GF_ROOF_SLAB-25 -> 6 bars/m of Ø10; equivalent count by URBAN_RATE_DENSITY (AD2-D02); PHYSICAL_BBS_COUNT UNRESOLVED,PROJECT_SOURCE: P15-BOT-STOP-0.125L 'STOP 50% OF BOT. REINF. BALANCE CONTINUOUS' -> 0.5 (AD2-D04 exact 0.5 / 0.5 density; which physical bars stop stays a BBS question),,,,LOCAL_CLEAR_SPAN (face to face along each bar line),PROJECT_GEOMETRY,SUPPORT_FACE,PROJECT_GEOMETRY,"ENGINEERING_DERIVED (unqualified plan callout; '/Top' and '(T&B)' are marked, plan note 2 gives the top steel over beams; p.15: bottom bars 'see schedule or plan')","[""token 4CB (6%%C10/m)"", ""P15-BOT-STOP-0.125L""]","[""URBAN_RATE_DENSITY (AD2-D02: equivalent count = rate x density x width, unrounded)""]","[""AD2-D02"", ""AD2-D04"", ""P15-BOT-STOP-0.125L""]","[""QI-00457"", ""QI-00458"", ""QI-00461"", ""QI-00462""]",9,False,False,6 /m x 0.5 x 3.35 m x 4.851818206 m = 48.760772971 m; x 10^2/162 = 0.617283951 kg/m -> 30.099242575 kg,PRE-S7.1 11_S7_RELEASE_CANDIDATES.csv QI-00455 (manifest 3a67a8641ce4); 9 local bar strips in 04_S7_BAR_RUNS.csv
S7-0149,QI-00456,CMP-0105,SP-GF_ROOF_SLAB-25,PANEL,SP-GF_ROOF_SLAB-25,,RUN-B-059,GF_ROOF_SLAB,BOTTOM_CURTAILED_50,BOTTOM,Y,10,6,,0.5,3.35,10.05,UNRESOLVED,4.851818206,1.212954552,3.638863655,0,1.212954552,36.570579728,0.617283951,22.574431931,PROJECT_BASIS_QTO,"PROJECT_BASIS_QTO: rate density over the frozen PRE-S7.1 local bar strips; a lower bound of the physical steel (every blocked portion is excluded, not zero); not a bar-by-bar BBS","PROJECT_GEOMETRY (rectangular: local run = clear span); less PROJECT_SOURCE P15-BOT-STOP-0.125L 0.125 x L (L = clear span, from the face of support) at each continuous end and, under AD2-D15, each continuity-unresolved end",PROJECT_SOURCE: plan callout 6%%C10/m on SP-GF_ROOF_SLAB-25 -> 6 bars/m of Ø10; equivalent count by URBAN_RATE_DENSITY (AD2-D02); PHYSICAL_BBS_COUNT UNRESOLVED,PROJECT_SOURCE: P15-BOT-STOP-0.125L 'STOP 50% OF BOT. REINF. BALANCE CONTINUOUS' -> 0.5 (AD2-D04 exact 0.5 / 0.5 density; which physical bars stop stays a BBS question),0.125,P15-BOT-STOP-0.125L,PROJECT_SOURCE,CLEAR_SPAN,PROJECT_SOURCE,FACE_OF_SUPPORT,PROJECT_SOURCE,"ENGINEERING_DERIVED (unqualified plan callout; '/Top' and '(T&B)' are marked, plan note 2 gives the top steel over beams; p.15: bottom bars 'see schedule or plan')","[""token 4CB (6%%C10/m)"", ""P15-BOT-STOP-0.125L""]","[""URBAN_RATE_DENSITY (AD2-D02: equivalent count = rate x density x width, unrounded)"", ""AD2-D15 (a continuity-unresolved end stops the curtailed half as a continuous end would; its 0.125 L zone is a blocked complement)""]","[""AD2-D02"", ""AD2-D04"", ""P15-BOT-STOP-0.125L""]","[""QI-00459"", ""QI-00460""]",9,False,False,6 /m x 0.5 x 3.35 m x 3.638863655 m = 36.570579728 m; x 10^2/162 = 0.617283951 kg/m -> 22.574431931 kg,PRE-S7.1 11_S7_RELEASE_CANDIDATES.csv QI-00456 (manifest 3a67a8641ce4); 9 local bar strips in 04_S7_BAR_RUNS.csv
S7-0150,QI-00463,CMP-0110,SP-GF_ROOF_SLAB-26,PANEL,SP-GF_ROOF_SLAB-26,,RUN-B-060,GF_ROOF_SLAB,BOTTOM_CONTINUING_50,BOTTOM,X,10,7,,0.5,4.5,15.75,UNRESOLVED,4,,4,0,,63,0.617283951,38.888888889,PROJECT_BASIS_QTO,"PROJECT_BASIS_QTO: rate density over the frozen PRE-S7.1 local bar strips; a lower bound of the physical steel (every blocked portion is excluded, not zero); not a bar-by-bar BBS",PROJECT_GEOMETRY (rectangular: local run = clear span); face to face of the supports (the portion beyond each face is a blocked complement),PROJECT_SOURCE: plan callout 7%%C10/m on SP-GF_ROOF_SLAB-26 -> 7 bars/m of Ø10; equivalent count by URBAN_RATE_DENSITY (AD2-D02); PHYSICAL_BBS_COUNT UNRESOLVED,PROJECT_SOURCE: P15-BOT-STOP-0.125L 'STOP 50% OF BOT. REINF. BALANCE CONTINUOUS' -> 0.5 (AD2-D04 exact 0.5 / 0.5 density; which physical bars stop stays a BBS question),,,,LOCAL_CLEAR_SPAN (face to face along each bar line),PROJECT_GEOMETRY,SUPPORT_FACE,PROJECT_GEOMETRY,"ENGINEERING_DERIVED (unqualified plan callout; '/Top' and '(T&B)' are marked, plan note 2 gives the top steel over beams; p.15: bottom bars 'see schedule or plan')","[""token 506 (7%%C10/m)"", ""P15-BOT-STOP-0.125L""]","[""URBAN_RATE_DENSITY (AD2-D02: equivalent count = rate x density x width, unrounded)""]","[""AD2-D02"", ""AD2-D04"", ""P15-BOT-STOP-0.125L""]","[""QI-00465"", ""QI-00466"", ""QI-00604""]",2,False,False,7 /m x 0.5 x 4.5 m x 4 m = 63 m; x 10^2/162 = 0.617283951 kg/m -> 38.888888889 kg,PRE-S7.1 11_S7_RELEASE_CANDIDATES.csv QI-00463 (manifest 3a67a8641ce4); 2 local bar strips in 04_S7_BAR_RUNS.csv
S7-0151,QI-00464,CMP-0109,SP-GF_ROOF_SLAB-26,PANEL,SP-GF_ROOF_SLAB-26,,RUN-B-060,GF_ROOF_SLAB,BOTTOM_CURTAILED_50,BOTTOM,X,10,7,,0.5,4.5,15.75,UNRESOLVED,4,0.5,3.5,0,0.5,55.125,0.617283951,34.027777778,PROJECT_BASIS_QTO,"PROJECT_BASIS_QTO: rate density over the frozen PRE-S7.1 local bar strips; a lower bound of the physical steel (every blocked portion is excluded, not zero); not a bar-by-bar BBS","PROJECT_GEOMETRY (rectangular: local run = clear span); less PROJECT_SOURCE P15-BOT-STOP-0.125L 0.125 x L (L = clear span, from the face of support) at each continuous end and, under AD2-D15, each continuity-unresolved end",PROJECT_SOURCE: plan callout 7%%C10/m on SP-GF_ROOF_SLAB-26 -> 7 bars/m of Ø10; equivalent count by URBAN_RATE_DENSITY (AD2-D02); PHYSICAL_BBS_COUNT UNRESOLVED,PROJECT_SOURCE: P15-BOT-STOP-0.125L 'STOP 50% OF BOT. REINF. BALANCE CONTINUOUS' -> 0.5 (AD2-D04 exact 0.5 / 0.5 density; which physical bars stop stays a BBS question),0.125,P15-BOT-STOP-0.125L,PROJECT_SOURCE,CLEAR_SPAN,PROJECT_SOURCE,FACE_OF_SUPPORT,PROJECT_SOURCE,"ENGINEERING_DERIVED (unqualified plan callout; '/Top' and '(T&B)' are marked, plan note 2 gives the top steel over beams; p.15: bottom bars 'see schedule or plan')","[""token 506 (7%%C10/m)"", ""P15-BOT-STOP-0.125L""]","[""URBAN_RATE_DENSITY (AD2-D02: equivalent count = rate x density x width, unrounded)"", ""AD2-D15 (a continuity-unresolved end stops the curtailed half as a continuous end would; its 0.125 L zone is a blocked complement)""]","[""AD2-D02"", ""AD2-D04"", ""P15-BOT-STOP-0.125L""]","[""QI-00467"", ""QI-00468""]",2,False,False,7 /m x 0.5 x 4.5 m x 3.5 m = 55.125 m; x 10^2/162 = 0.617283951 kg/m -> 34.027777778 kg,PRE-S7.1 11_S7_RELEASE_CANDIDATES.csv QI-00464 (manifest 3a67a8641ce4); 2 local bar strips in 04_S7_BAR_RUNS.csv
S7-0152,QI-00469,CMP-0112,SP-GF_ROOF_SLAB-26,PANEL,SP-GF_ROOF_SLAB-26,,RUN-B-051,GF_ROOF_SLAB,BOTTOM_CONTINUING_50,BOTTOM,Y,10,6,,0.5,4,12,UNRESOLVED,4.5,,4.5,0,,54,0.617283951,33.333333333,PROJECT_BASIS_QTO,"PROJECT_BASIS_QTO: rate density over the frozen PRE-S7.1 local bar strips; a lower bound of the physical steel (every blocked portion is excluded, not zero); not a bar-by-bar BBS",PROJECT_GEOMETRY (rectangular: local run = clear span); face to face of the supports (the portion beyond each face is a blocked complement),PROJECT_SOURCE: plan callout 6%%C10/m on SP-GF_ROOF_SLAB-26 -> 6 bars/m of Ø10; equivalent count by URBAN_RATE_DENSITY (AD2-D02); PHYSICAL_BBS_COUNT UNRESOLVED,PROJECT_SOURCE: P15-BOT-STOP-0.125L 'STOP 50% OF BOT. REINF. BALANCE CONTINUOUS' -> 0.5 (AD2-D04 exact 0.5 / 0.5 density; which physical bars stop stays a BBS question),,,,LOCAL_CLEAR_SPAN (face to face along each bar line),PROJECT_GEOMETRY,SUPPORT_FACE,PROJECT_GEOMETRY,"ENGINEERING_DERIVED (unqualified plan callout; '/Top' and '(T&B)' are marked, plan note 2 gives the top steel over beams; p.15: bottom bars 'see schedule or plan')","[""token 507 (6%%C10/m)"", ""P15-BOT-STOP-0.125L""]","[""URBAN_RATE_DENSITY (AD2-D02: equivalent count = rate x density x width, unrounded)""]","[""AD2-D02"", ""AD2-D04"", ""P15-BOT-STOP-0.125L""]","[""QI-00471"", ""QI-00472""]",32,False,False,6 /m x 0.5 x 4 m x 4.5 m = 54 m; x 10^2/162 = 0.617283951 kg/m -> 33.333333333 kg,PRE-S7.1 11_S7_RELEASE_CANDIDATES.csv QI-00469 (manifest 3a67a8641ce4); 32 local bar strips in 04_S7_BAR_RUNS.csv
S7-0153,QI-00470,CMP-0111,SP-GF_ROOF_SLAB-26,PANEL,SP-GF_ROOF_SLAB-26,,RUN-B-051,GF_ROOF_SLAB,BOTTOM_CURTAILED_50,BOTTOM,Y,10,6,,0.5,4,12,UNRESOLVED,4.5,0.590625,3.909375,0,0.590625,46.9125,0.617283951,28.958333333,PROJECT_BASIS_QTO,"PROJECT_BASIS_QTO: rate density over the frozen PRE-S7.1 local bar strips; a lower bound of the physical steel (every blocked portion is excluded, not zero); not a bar-by-bar BBS","PROJECT_GEOMETRY (rectangular: local run = clear span); less PROJECT_SOURCE P15-BOT-STOP-0.125L 0.125 x L (L = clear span, from the face of support) at each continuous end and, under AD2-D15, each continuity-unresolved end",PROJECT_SOURCE: plan callout 6%%C10/m on SP-GF_ROOF_SLAB-26 -> 6 bars/m of Ø10; equivalent count by URBAN_RATE_DENSITY (AD2-D02); PHYSICAL_BBS_COUNT UNRESOLVED,PROJECT_SOURCE: P15-BOT-STOP-0.125L 'STOP 50% OF BOT. REINF. BALANCE CONTINUOUS' -> 0.5 (AD2-D04 exact 0.5 / 0.5 density; which physical bars stop stays a BBS question),0.125,P15-BOT-STOP-0.125L,PROJECT_SOURCE,CLEAR_SPAN,PROJECT_SOURCE,FACE_OF_SUPPORT,PROJECT_SOURCE,"ENGINEERING_DERIVED (unqualified plan callout; '/Top' and '(T&B)' are marked, plan note 2 gives the top steel over beams; p.15: bottom bars 'see schedule or plan')","[""token 507 (6%%C10/m)"", ""P15-BOT-STOP-0.125L""]","[""URBAN_RATE_DENSITY (AD2-D02: equivalent count = rate x density x width, unrounded)"", ""AD2-D15 (a continuity-unresolved end stops the curtailed half as a continuous end would; its 0.125 L zone is a blocked complement)""]","[""AD2-D02"", ""AD2-D04"", ""P15-BOT-STOP-0.125L""]","[""QI-00473"", ""QI-00474""]",32,False,False,6 /m x 0.5 x 4 m x 3.909375 m = 46.9125 m; x 10^2/162 = 0.617283951 kg/m -> 28.958333333 kg,PRE-S7.1 11_S7_RELEASE_CANDIDATES.csv QI-00470 (manifest 3a67a8641ce4); 32 local bar strips in 04_S7_BAR_RUNS.csv
S7-0154,QI-00475,CMP-0116,SP-GF_ROOF_SLAB-27,PANEL,SP-GF_ROOF_SLAB-27,,RUN-B-060,GF_ROOF_SLAB,BOTTOM_CONTINUING_50,BOTTOM,X,10,7,,0.5,4.5,15.75,UNRESOLVED,2.996666667,,2.996666667,0,,47.1975,0.617283951,29.134259259,PROJECT_BASIS_QTO,"PROJECT_BASIS_QTO: rate density over the frozen PRE-S7.1 local bar strips; a lower bound of the physical steel (every blocked portion is excluded, not zero); not a bar-by-bar BBS",PROJECT_GEOMETRY (rectangular: local run = clear span); face to face of the supports (the portion beyond each face is a blocked complement),PROJECT_SOURCE: plan callout 7%%C10/m on SP-GF_ROOF_SLAB-27 -> 7 bars/m of Ø10; equivalent count by URBAN_RATE_DENSITY (AD2-D02); PHYSICAL_BBS_COUNT UNRESOLVED,PROJECT_SOURCE: P15-BOT-STOP-0.125L 'STOP 50% OF BOT. REINF. BALANCE CONTINUOUS' -> 0.5 (AD2-D04 exact 0.5 / 0.5 density; which physical bars stop stays a BBS question),,,,LOCAL_CLEAR_SPAN (face to face along each bar line),PROJECT_GEOMETRY,SUPPORT_FACE,PROJECT_GEOMETRY,"ENGINEERING_DERIVED (unqualified plan callout; '/Top' and '(T&B)' are marked, plan note 2 gives the top steel over beams; p.15: bottom bars 'see schedule or plan')","[""token 501 (7%%C10/m)"", ""P15-BOT-STOP-0.125L""]","[""URBAN_RATE_DENSITY (AD2-D02: equivalent count = rate x density x width, unrounded)""]","[""AD2-D02"", ""AD2-D04"", ""P15-BOT-STOP-0.125L""]","[""QI-00477""]",5,False,False,7 /m x 0.5 x 4.5 m x 2.996666667 m = 47.1975 m; x 10^2/162 = 0.617283951 kg/m -> 29.134259259 kg,PRE-S7.1 11_S7_RELEASE_CANDIDATES.csv QI-00475 (manifest 3a67a8641ce4); 5 local bar strips in 04_S7_BAR_RUNS.csv
S7-0155,QI-00476,CMP-0115,SP-GF_ROOF_SLAB-27,PANEL,SP-GF_ROOF_SLAB-27,,RUN-B-060,GF_ROOF_SLAB,BOTTOM_CURTAILED_50,BOTTOM,X,10,7,,0.5,4.5,15.75,UNRESOLVED,2.996666667,0.749166667,2.2475,0,0.749166667,35.398125,0.617283951,21.850694444,PROJECT_BASIS_QTO,"PROJECT_BASIS_QTO: rate density over the frozen PRE-S7.1 local bar strips; a lower bound of the physical steel (every blocked portion is excluded, not zero); not a bar-by-bar BBS","PROJECT_GEOMETRY (rectangular: local run = clear span); less PROJECT_SOURCE P15-BOT-STOP-0.125L 0.125 x L (L = clear span, from the face of support) at each continuous end and, under AD2-D15, each continuity-unresolved end",PROJECT_SOURCE: plan callout 7%%C10/m on SP-GF_ROOF_SLAB-27 -> 7 bars/m of Ø10; equivalent count by URBAN_RATE_DENSITY (AD2-D02); PHYSICAL_BBS_COUNT UNRESOLVED,PROJECT_SOURCE: P15-BOT-STOP-0.125L 'STOP 50% OF BOT. REINF. BALANCE CONTINUOUS' -> 0.5 (AD2-D04 exact 0.5 / 0.5 density; which physical bars stop stays a BBS question),0.125,P15-BOT-STOP-0.125L,PROJECT_SOURCE,CLEAR_SPAN,PROJECT_SOURCE,FACE_OF_SUPPORT,PROJECT_SOURCE,"ENGINEERING_DERIVED (unqualified plan callout; '/Top' and '(T&B)' are marked, plan note 2 gives the top steel over beams; p.15: bottom bars 'see schedule or plan')","[""token 501 (7%%C10/m)"", ""P15-BOT-STOP-0.125L""]","[""URBAN_RATE_DENSITY (AD2-D02: equivalent count = rate x density x width, unrounded)"", ""AD2-D15 (a continuity-unresolved end stops the curtailed half as a continuous end would; its 0.125 L zone is a blocked complement)""]","[""AD2-D02"", ""AD2-D04"", ""P15-BOT-STOP-0.125L""]","[""QI-00478""]",5,False,False,7 /m x 0.5 x 4.5 m x 2.2475 m = 35.398125 m; x 10^2/162 = 0.617283951 kg/m -> 21.850694444 kg,PRE-S7.1 11_S7_RELEASE_CANDIDATES.csv QI-00476 (manifest 3a67a8641ce4); 5 local bar strips in 04_S7_BAR_RUNS.csv
S7-0156,QI-00479,CMP-0117,SP-GF_ROOF_SLAB-27,PANEL,SP-GF_ROOF_SLAB-27,,RUN-B-061,GF_ROOF_SLAB,BOTTOM_IN_PANEL,BOTTOM,Y,10,6,,1,3,18,UNRESOLVED,4.495,,4.495,0,,80.91,0.617283951,49.944444444,PROJECT_BASIS_QTO,"PROJECT_BASIS_QTO: rate density over the frozen PRE-S7.1 local bar strips; a lower bound of the physical steel (every blocked portion is excluded, not zero); not a bar-by-bar BBS",PROJECT_GEOMETRY (rectangular: local run = clear span); face to face of the supports (the portion beyond each face is a blocked complement),PROJECT_SOURCE: plan callout 6%%C10/m on SP-GF_ROOF_SLAB-27 -> 6 bars/m of Ø10; equivalent count by URBAN_RATE_DENSITY (AD2-D02); PHYSICAL_BBS_COUNT UNRESOLVED,PROJECT_SOURCE: full callout density 1 (no 50 % rule split on this item),,,,LOCAL_CLEAR_SPAN (face to face along each bar line),PROJECT_GEOMETRY,SUPPORT_FACE,PROJECT_GEOMETRY,"ENGINEERING_DERIVED (unqualified plan callout; '/Top' and '(T&B)' are marked, plan note 2 gives the top steel over beams; p.15: bottom bars 'see schedule or plan')","[""token 502 (6%%C10/m)""]","[""URBAN_RATE_DENSITY (AD2-D02: equivalent count = rate x density x width, unrounded)""]","[""AD2-D02""]","[""QI-00480"", ""QI-00481"", ""QI-00482"", ""QI-00483""]",4,False,False,6 /m x 1 x 3 m x 4.495 m = 80.91 m; x 10^2/162 = 0.617283951 kg/m -> 49.944444444 kg,PRE-S7.1 11_S7_RELEASE_CANDIDATES.csv QI-00479 (manifest 3a67a8641ce4); 4 local bar strips in 04_S7_BAR_RUNS.csv
S7-0157,QI-00484,CMP-0121,SP-GF_ROOF_SLAB-29,PANEL,SP-GF_ROOF_SLAB-29,,RUN-B-062,GF_ROOF_SLAB,BOTTOM_CONTINUING_50,BOTTOM,X,10,6,,0.5,3,9,UNRESOLVED,2.433636408,,2.433636408,0,,21.902727675,0.617283951,13.520202269,PROJECT_BASIS_QTO,"PROJECT_BASIS_QTO: rate density over the frozen PRE-S7.1 local bar strips; a lower bound of the physical steel (every blocked portion is excluded, not zero); not a bar-by-bar BBS",PROJECT_GEOMETRY + URBAN_OWNER_MEASUREMENT_RULE (URBAN_QTO_LOCAL_BAR_LINE_V1: local run along each bar line); face to face of the supports (the portion beyond each face is a blocked complement),PROJECT_SOURCE: plan callout 6%%c10/m on SP-GF_ROOF_SLAB-29 -> 6 bars/m of Ø10; equivalent count by URBAN_RATE_DENSITY (AD2-D02); PHYSICAL_BBS_COUNT UNRESOLVED,PROJECT_SOURCE: P15-BOT-STOP-0.125L 'STOP 50% OF BOT. REINF. BALANCE CONTINUOUS' -> 0.5 (AD2-D04 exact 0.5 / 0.5 density; which physical bars stop stays a BBS question),,,,LOCAL_CLEAR_SPAN (face to face along each bar line),URBAN_OWNER_MEASUREMENT_RULE,SUPPORT_FACE,PROJECT_GEOMETRY,"ENGINEERING_DERIVED (unqualified plan callout; '/Top' and '(T&B)' are marked, plan note 2 gives the top steel over beams; p.15: bottom bars 'see schedule or plan')","[""token 517 (6%%c10/m)"", ""P15-BOT-STOP-0.125L""]","[""URBAN_RATE_DENSITY (AD2-D02: equivalent count = rate x density x width, unrounded)"", ""URBAN_QTO_LOCAL_BAR_LINE_V1 (AD2-D14)""]","[""AD2-D02"", ""AD2-D14"", ""AD2-D04"", ""P15-BOT-STOP-0.125L""]","[""QI-00486"", ""QI-00487"", ""QI-00488"", ""QI-00492""]",6,True,True,6 /m x 0.5 x 3 m x 2.433636408 m = 21.902727675 m; x 10^2/162 = 0.617283951 kg/m -> 13.520202269 kg,PRE-S7.1 11_S7_RELEASE_CANDIDATES.csv QI-00484 (manifest 3a67a8641ce4); 6 local bar strips in 04_S7_BAR_RUNS.csv
S7-0158,QI-00485,CMP-0120,SP-GF_ROOF_SLAB-29,PANEL,SP-GF_ROOF_SLAB-29,,RUN-B-062,GF_ROOF_SLAB,BOTTOM_CURTAILED_50,BOTTOM,X,10,6,,0.5,3,9,UNRESOLVED,2.433636408,0.608409102,1.825227306,0,0.608409102,16.427045756,0.617283951,10.140151701,PROJECT_BASIS_QTO,"PROJECT_BASIS_QTO: rate density over the frozen PRE-S7.1 local bar strips; a lower bound of the physical steel (every blocked portion is excluded, not zero); not a bar-by-bar BBS","PROJECT_GEOMETRY + URBAN_OWNER_MEASUREMENT_RULE (URBAN_QTO_LOCAL_BAR_LINE_V1: local run along each bar line); less PROJECT_SOURCE P15-BOT-STOP-0.125L 0.125 x L (L = clear span, from the face of support) at each continuous end and, under AD2-D15, each continuity-unresolved end",PROJECT_SOURCE: plan callout 6%%c10/m on SP-GF_ROOF_SLAB-29 -> 6 bars/m of Ø10; equivalent count by URBAN_RATE_DENSITY (AD2-D02); PHYSICAL_BBS_COUNT UNRESOLVED,PROJECT_SOURCE: P15-BOT-STOP-0.125L 'STOP 50% OF BOT. REINF. BALANCE CONTINUOUS' -> 0.5 (AD2-D04 exact 0.5 / 0.5 density; which physical bars stop stays a BBS question),0.125,P15-BOT-STOP-0.125L,PROJECT_SOURCE,CLEAR_SPAN (local L along each bar line),PROJECT_SOURCE,FACE_OF_SUPPORT,PROJECT_SOURCE,"ENGINEERING_DERIVED (unqualified plan callout; '/Top' and '(T&B)' are marked, plan note 2 gives the top steel over beams; p.15: bottom bars 'see schedule or plan')","[""token 517 (6%%c10/m)"", ""P15-BOT-STOP-0.125L""]","[""URBAN_RATE_DENSITY (AD2-D02: equivalent count = rate x density x width, unrounded)"", ""URBAN_QTO_LOCAL_BAR_LINE_V1 (AD2-D14)"", ""AD2-D15 (a continuity-unresolved end stops the curtailed half as a continuous end would; its 0.125 L zone is a blocked complement)""]","[""AD2-D02"", ""AD2-D14"", ""AD2-D04"", ""P15-BOT-STOP-0.125L""]","[""QI-00489"", ""QI-00490"", ""QI-00491""]",6,True,True,6 /m x 0.5 x 3 m x 1.825227306 m = 16.427045756 m; x 10^2/162 = 0.617283951 kg/m -> 10.140151701 kg,PRE-S7.1 11_S7_RELEASE_CANDIDATES.csv QI-00485 (manifest 3a67a8641ce4); 6 local bar strips in 04_S7_BAR_RUNS.csv
S7-0159,QI-00493,CMP-0122,SP-GF_ROOF_SLAB-29,PANEL,SP-GF_ROOF_SLAB-29,,RUN-B-063,GF_ROOF_SLAB,BOTTOM_CONTINUING_50,BOTTOM,Y,10,5,,0.5,3.543156,8.85789,UNRESOLVED,2.060566688,,2.060566688,0,,18.252273062,0.617283951,11.266835224,PROJECT_BASIS_QTO,"PROJECT_BASIS_QTO: rate density over the frozen PRE-S7.1 local bar strips; a lower bound of the physical steel (every blocked portion is excluded, not zero); not a bar-by-bar BBS",PROJECT_GEOMETRY + URBAN_OWNER_MEASUREMENT_RULE (URBAN_QTO_LOCAL_BAR_LINE_V1: local run along each bar line); face to face of the supports (the portion beyond each face is a blocked complement),PROJECT_SOURCE: plan callout 5%%c10/m on SP-GF_ROOF_SLAB-29 -> 5 bars/m of Ø10; equivalent count by URBAN_RATE_DENSITY (AD2-D02); PHYSICAL_BBS_COUNT UNRESOLVED,PROJECT_SOURCE: P15-BOT-STOP-0.125L 'STOP 50% OF BOT. REINF. BALANCE CONTINUOUS' -> 0.5 (AD2-D04 exact 0.5 / 0.5 density; which physical bars stop stays a BBS question),,,,LOCAL_CLEAR_SPAN (face to face along each bar line),URBAN_OWNER_MEASUREMENT_RULE,SUPPORT_FACE,PROJECT_GEOMETRY,"ENGINEERING_DERIVED (unqualified plan callout; '/Top' and '(T&B)' are marked, plan note 2 gives the top steel over beams; p.15: bottom bars 'see schedule or plan')","[""token 518 (5%%c10/m)"", ""P15-BOT-STOP-0.125L""]","[""URBAN_RATE_DENSITY (AD2-D02: equivalent count = rate x density x width, unrounded)"", ""URBAN_QTO_LOCAL_BAR_LINE_V1 (AD2-D14)""]","[""AD2-D02"", ""AD2-D14"", ""AD2-D04"", ""P15-BOT-STOP-0.125L""]","[""QI-00495"", ""QI-00496"", ""QI-00497"", ""QI-00498"", ""QI-00499"", ""QI-00500"", ""QI-00501"", ""QI-00502""]",6,True,True,5 /m x 0.5 x 3.543156 m x 2.060566688 m = 18.252273062 m; x 10^2/162 = 0.617283951 kg/m -> 11.266835224 kg,PRE-S7.1 11_S7_RELEASE_CANDIDATES.csv QI-00493 (manifest 3a67a8641ce4); 6 local bar strips in 04_S7_BAR_RUNS.csv
S7-0160,QI-00494,CMP-0122,SP-GF_ROOF_SLAB-29,PANEL,SP-GF_ROOF_SLAB-29,,RUN-B-063,GF_ROOF_SLAB,BOTTOM_CURTAILED_50,BOTTOM,Y,10,5,,0.5,3.543156,8.85789,UNRESOLVED,2.060566688,0.515141672,1.545425016,0,0.515141672,13.689204797,0.617283951,8.450126418,PROJECT_BASIS_QTO,"PROJECT_BASIS_QTO: rate density over the frozen PRE-S7.1 local bar strips; a lower bound of the physical steel (every blocked portion is excluded, not zero); not a bar-by-bar BBS","PROJECT_GEOMETRY + URBAN_OWNER_MEASUREMENT_RULE (URBAN_QTO_LOCAL_BAR_LINE_V1: local run along each bar line); less PROJECT_SOURCE P15-BOT-STOP-0.125L 0.125 x L (L = clear span, from the face of support) at each continuous end and, under AD2-D15, each continuity-unresolved end",PROJECT_SOURCE: plan callout 5%%c10/m on SP-GF_ROOF_SLAB-29 -> 5 bars/m of Ø10; equivalent count by URBAN_RATE_DENSITY (AD2-D02); PHYSICAL_BBS_COUNT UNRESOLVED,PROJECT_SOURCE: P15-BOT-STOP-0.125L 'STOP 50% OF BOT. REINF. BALANCE CONTINUOUS' -> 0.5 (AD2-D04 exact 0.5 / 0.5 density; which physical bars stop stays a BBS question),0.125,P15-BOT-STOP-0.125L,PROJECT_SOURCE,CLEAR_SPAN (local L along each bar line),PROJECT_SOURCE,FACE_OF_SUPPORT,PROJECT_SOURCE,"ENGINEERING_DERIVED (unqualified plan callout; '/Top' and '(T&B)' are marked, plan note 2 gives the top steel over beams; p.15: bottom bars 'see schedule or plan')","[""token 518 (5%%c10/m)"", ""P15-BOT-STOP-0.125L""]","[""URBAN_RATE_DENSITY (AD2-D02: equivalent count = rate x density x width, unrounded)"", ""URBAN_QTO_LOCAL_BAR_LINE_V1 (AD2-D14)"", ""AD2-D15 (a continuity-unresolved end stops the curtailed half as a continuous end would; its 0.125 L zone is a blocked complement)""]","[""AD2-D02"", ""AD2-D14"", ""AD2-D04"", ""P15-BOT-STOP-0.125L""]","[""QI-00495"", ""QI-00496"", ""QI-00497"", ""QI-00498"", ""QI-00499"", ""QI-00500"", ""QI-00501"", ""QI-00502""]",6,True,True,5 /m x 0.5 x 3.543156 m x 1.545425016 m = 13.689204797 m; x 10^2/162 = 0.617283951 kg/m -> 8.450126418 kg,PRE-S7.1 11_S7_RELEASE_CANDIDATES.csv QI-00494 (manifest 3a67a8641ce4); 6 local bar strips in 04_S7_BAR_RUNS.csv
S7-0161,QI-00503,CMP-0126,SP-GF_ROOF_SLAB-30,PANEL,SP-GF_ROOF_SLAB-30,,RUN-B-064,GF_ROOF_SLAB,BOTTOM_CONTINUING_50,BOTTOM,X,10,5,,0.5,1.3,3.25,UNRESOLVED,3.907928769,,3.907928769,0,,12.7007685,0.617283951,7.839980556,PROJECT_BASIS_QTO,"PROJECT_BASIS_QTO: rate density over the frozen PRE-S7.1 local bar strips; a lower bound of the physical steel (every blocked portion is excluded, not zero); not a bar-by-bar BBS",PROJECT_GEOMETRY + URBAN_OWNER_MEASUREMENT_RULE (URBAN_QTO_LOCAL_BAR_LINE_V1: local run along each bar line); face to face of the supports (the portion beyond each face is a blocked complement),PROJECT_SOURCE: plan callout 5%%c10/m on SP-GF_ROOF_SLAB-30 -> 5 bars/m of Ø10; equivalent count by URBAN_RATE_DENSITY (AD2-D02); PHYSICAL_BBS_COUNT UNRESOLVED,PROJECT_SOURCE: P15-BOT-STOP-0.125L 'STOP 50% OF BOT. REINF. BALANCE CONTINUOUS' -> 0.5 (AD2-D04 exact 0.5 / 0.5 density; which physical bars stop stays a BBS question),,,,LOCAL_CLEAR_SPAN (face to face along each bar line),URBAN_OWNER_MEASUREMENT_RULE,SUPPORT_FACE,PROJECT_GEOMETRY,"ENGINEERING_DERIVED (unqualified plan callout; '/Top' and '(T&B)' are marked, plan note 2 gives the top steel over beams; p.15: bottom bars 'see schedule or plan')","[""token 4F0 (5%%c10/m)"", ""P15-BOT-STOP-0.125L""]","[""URBAN_RATE_DENSITY (AD2-D02: equivalent count = rate x density x width, unrounded)"", ""URBAN_QTO_LOCAL_BAR_LINE_V1 (AD2-D14)""]","[""AD2-D02"", ""AD2-D14"", ""AD2-D04"", ""P15-BOT-STOP-0.125L""]","[""QI-00505"", ""QI-00507""]",2,False,True,5 /m x 0.5 x 1.3 m x 3.907928769 m = 12.7007685 m; x 10^2/162 = 0.617283951 kg/m -> 7.839980556 kg,PRE-S7.1 11_S7_RELEASE_CANDIDATES.csv QI-00503 (manifest 3a67a8641ce4); 2 local bar strips in 04_S7_BAR_RUNS.csv
S7-0162,QI-00504,CMP-0125,SP-GF_ROOF_SLAB-30,PANEL,SP-GF_ROOF_SLAB-30,,RUN-B-064,GF_ROOF_SLAB,BOTTOM_CURTAILED_50,BOTTOM,X,10,5,,0.5,1.3,3.25,UNRESOLVED,3.907928769,0.976982192,2.930946577,0,0.976982192,9.525576375,0.617283951,5.879985417,PROJECT_BASIS_QTO,"PROJECT_BASIS_QTO: rate density over the frozen PRE-S7.1 local bar strips; a lower bound of the physical steel (every blocked portion is excluded, not zero); not a bar-by-bar BBS","PROJECT_GEOMETRY + URBAN_OWNER_MEASUREMENT_RULE (URBAN_QTO_LOCAL_BAR_LINE_V1: local run along each bar line); less PROJECT_SOURCE P15-BOT-STOP-0.125L 0.125 x L (L = clear span, from the face of support) at each continuous end and, under AD2-D15, each continuity-unresolved end",PROJECT_SOURCE: plan callout 5%%c10/m on SP-GF_ROOF_SLAB-30 -> 5 bars/m of Ø10; equivalent count by URBAN_RATE_DENSITY (AD2-D02); PHYSICAL_BBS_COUNT UNRESOLVED,PROJECT_SOURCE: P15-BOT-STOP-0.125L 'STOP 50% OF BOT. REINF. BALANCE CONTINUOUS' -> 0.5 (AD2-D04 exact 0.5 / 0.5 density; which physical bars stop stays a BBS question),0.125,P15-BOT-STOP-0.125L,PROJECT_SOURCE,CLEAR_SPAN (local L along each bar line),PROJECT_SOURCE,FACE_OF_SUPPORT,PROJECT_SOURCE,"ENGINEERING_DERIVED (unqualified plan callout; '/Top' and '(T&B)' are marked, plan note 2 gives the top steel over beams; p.15: bottom bars 'see schedule or plan')","[""token 4F0 (5%%c10/m)"", ""P15-BOT-STOP-0.125L""]","[""URBAN_RATE_DENSITY (AD2-D02: equivalent count = rate x density x width, unrounded)"", ""URBAN_QTO_LOCAL_BAR_LINE_V1 (AD2-D14)"", ""AD2-D15 (a continuity-unresolved end stops the curtailed half as a continuous end would; its 0.125 L zone is a blocked complement)""]","[""AD2-D02"", ""AD2-D14"", ""AD2-D04"", ""P15-BOT-STOP-0.125L""]","[""QI-00506""]",2,False,True,5 /m x 0.5 x 1.3 m x 2.930946577 m = 9.525576375 m; x 10^2/162 = 0.617283951 kg/m -> 5.879985417 kg,PRE-S7.1 11_S7_RELEASE_CANDIDATES.csv QI-00504 (manifest 3a67a8641ce4); 2 local bar strips in 04_S7_BAR_RUNS.csv
S7-0163,QI-00508,CMP-0127,SP-GF_ROOF_SLAB-30,PANEL,SP-GF_ROOF_SLAB-30,,RUN-B-065,GF_ROOF_SLAB,BOTTOM_CONTINUING_50,BOTTOM,Y,10,5,,0.5,4.576414,11.441035,UNRESOLVED,1.110106603,,1.110106603,0,,12.7007685,0.617283951,7.839980556,PROJECT_BASIS_QTO,"PROJECT_BASIS_QTO: rate density over the frozen PRE-S7.1 local bar strips; a lower bound of the physical steel (every blocked portion is excluded, not zero); not a bar-by-bar BBS",PROJECT_GEOMETRY + URBAN_OWNER_MEASUREMENT_RULE (URBAN_QTO_LOCAL_BAR_LINE_V1: local run along each bar line); face to face of the supports (the portion beyond each face is a blocked complement),PROJECT_SOURCE: plan callout 5%%c10/m on SP-GF_ROOF_SLAB-30 -> 5 bars/m of Ø10; equivalent count by URBAN_RATE_DENSITY (AD2-D02); PHYSICAL_BBS_COUNT UNRESOLVED,PROJECT_SOURCE: P15-BOT-STOP-0.125L 'STOP 50% OF BOT. REINF. BALANCE CONTINUOUS' -> 0.5 (AD2-D04 exact 0.5 / 0.5 density; which physical bars stop stays a BBS question),,,,LOCAL_CLEAR_SPAN (face to face along each bar line),URBAN_OWNER_MEASUREMENT_RULE,SUPPORT_FACE,PROJECT_GEOMETRY,"ENGINEERING_DERIVED (unqualified plan callout; '/Top' and '(T&B)' are marked, plan note 2 gives the top steel over beams; p.15: bottom bars 'see schedule or plan')","[""token 4F1 (5%%c10/m)"", ""P15-BOT-STOP-0.125L""]","[""URBAN_RATE_DENSITY (AD2-D02: equivalent count = rate x density x width, unrounded)"", ""URBAN_QTO_LOCAL_BAR_LINE_V1 (AD2-D14)""]","[""AD2-D02"", ""AD2-D14"", ""AD2-D04"", ""P15-BOT-STOP-0.125L""]","[""QI-00510"", ""QI-00511"", ""QI-00512"", ""QI-00513"", ""QI-00514"", ""QI-00515""]",9,False,True,5 /m x 0.5 x 4.576414 m x 1.110106603 m = 12.7007685 m; x 10^2/162 = 0.617283951 kg/m -> 7.839980556 kg,PRE-S7.1 11_S7_RELEASE_CANDIDATES.csv QI-00508 (manifest 3a67a8641ce4); 9 local bar strips in 04_S7_BAR_RUNS.csv
S7-0164,QI-00509,CMP-0127,SP-GF_ROOF_SLAB-30,PANEL,SP-GF_ROOF_SLAB-30,,RUN-B-065,GF_ROOF_SLAB,BOTTOM_CURTAILED_50,BOTTOM,Y,10,5,,0.5,4.576414,11.441035,UNRESOLVED,1.110106603,0.138763325,0.971343278,0,0.138763325,11.113172437,0.617283951,6.859982986,PROJECT_BASIS_QTO,"PROJECT_BASIS_QTO: rate density over the frozen PRE-S7.1 local bar strips; a lower bound of the physical steel (every blocked portion is excluded, not zero); not a bar-by-bar BBS","PROJECT_GEOMETRY + URBAN_OWNER_MEASUREMENT_RULE (URBAN_QTO_LOCAL_BAR_LINE_V1: local run along each bar line); less PROJECT_SOURCE P15-BOT-STOP-0.125L 0.125 x L (L = clear span, from the face of support) at each continuous end and, under AD2-D15, each continuity-unresolved end",PROJECT_SOURCE: plan callout 5%%c10/m on SP-GF_ROOF_SLAB-30 -> 5 bars/m of Ø10; equivalent count by URBAN_RATE_DENSITY (AD2-D02); PHYSICAL_BBS_COUNT UNRESOLVED,PROJECT_SOURCE: P15-BOT-STOP-0.125L 'STOP 50% OF BOT. REINF. BALANCE CONTINUOUS' -> 0.5 (AD2-D04 exact 0.5 / 0.5 density; which physical bars stop stays a BBS question),0.125,P15-BOT-STOP-0.125L,PROJECT_SOURCE,CLEAR_SPAN (local L along each bar line),PROJECT_SOURCE,FACE_OF_SUPPORT,PROJECT_SOURCE,"ENGINEERING_DERIVED (unqualified plan callout; '/Top' and '(T&B)' are marked, plan note 2 gives the top steel over beams; p.15: bottom bars 'see schedule or plan')","[""token 4F1 (5%%c10/m)"", ""P15-BOT-STOP-0.125L""]","[""URBAN_RATE_DENSITY (AD2-D02: equivalent count = rate x density x width, unrounded)"", ""URBAN_QTO_LOCAL_BAR_LINE_V1 (AD2-D14)"", ""AD2-D15 (a continuity-unresolved end stops the curtailed half as a continuous end would; its 0.125 L zone is a blocked complement)""]","[""AD2-D02"", ""AD2-D14"", ""AD2-D04"", ""P15-BOT-STOP-0.125L""]","[""QI-00510"", ""QI-00511"", ""QI-00512"", ""QI-00513"", ""QI-00514"", ""QI-00515""]",9,False,True,5 /m x 0.5 x 4.576414 m x 0.971343278 m = 11.113172437 m; x 10^2/162 = 0.617283951 kg/m -> 6.859982986 kg,PRE-S7.1 11_S7_RELEASE_CANDIDATES.csv QI-00509 (manifest 3a67a8641ce4); 9 local bar strips in 04_S7_BAR_RUNS.csv
S7-0165,QI-00516,CMP-0131,SP-GF_ROOF_SLAB-31,PANEL,SP-GF_ROOF_SLAB-31,,RUN-B-066,GF_ROOF_SLAB,BOTTOM_CONTINUING_50,BOTTOM,X,10,5,,0.5,1.2,3,UNRESOLVED,2.4478355,,2.4478355,0,,7.3435065,0.617283951,4.533028704,PROJECT_BASIS_QTO,"PROJECT_BASIS_QTO: rate density over the frozen PRE-S7.1 local bar strips; a lower bound of the physical steel (every blocked portion is excluded, not zero); not a bar-by-bar BBS",PROJECT_GEOMETRY + URBAN_OWNER_MEASUREMENT_RULE (URBAN_QTO_LOCAL_BAR_LINE_V1: local run along each bar line); face to face of the supports (the portion beyond each face is a blocked complement),PROJECT_SOURCE: plan callout 5%%c10/m on SP-GF_ROOF_SLAB-31 -> 5 bars/m of Ø10; equivalent count by URBAN_RATE_DENSITY (AD2-D02); PHYSICAL_BBS_COUNT UNRESOLVED,PROJECT_SOURCE: P15-BOT-STOP-0.125L 'STOP 50% OF BOT. REINF. BALANCE CONTINUOUS' -> 0.5 (AD2-D04 exact 0.5 / 0.5 density; which physical bars stop stays a BBS question),,,,LOCAL_CLEAR_SPAN (face to face along each bar line),URBAN_OWNER_MEASUREMENT_RULE,SUPPORT_FACE,PROJECT_GEOMETRY,"ENGINEERING_DERIVED (unqualified plan callout; '/Top' and '(T&B)' are marked, plan note 2 gives the top steel over beams; p.15: bottom bars 'see schedule or plan')","[""token 4F5 (5%%c10/m)"", ""P15-BOT-STOP-0.125L""]","[""URBAN_RATE_DENSITY (AD2-D02: equivalent count = rate x density x width, unrounded)"", ""URBAN_QTO_LOCAL_BAR_LINE_V1 (AD2-D14)""]","[""AD2-D02"", ""AD2-D14"", ""AD2-D04"", ""P15-BOT-STOP-0.125L""]","[""QI-00605""]",1,False,True,5 /m x 0.5 x 1.2 m x 2.4478355 m = 7.3435065 m; x 10^2/162 = 0.617283951 kg/m -> 4.533028704 kg,PRE-S7.1 11_S7_RELEASE_CANDIDATES.csv QI-00516 (manifest 3a67a8641ce4); 1 local bar strips in 04_S7_BAR_RUNS.csv
S7-0166,QI-00517,CMP-0130,SP-GF_ROOF_SLAB-31,PANEL,SP-GF_ROOF_SLAB-31,,RUN-B-066,GF_ROOF_SLAB,BOTTOM_CURTAILED_50,BOTTOM,X,10,5,,0.5,1.2,3,UNRESOLVED,2.4478355,0.611958875,1.835876625,0,0.611958875,5.507629875,0.617283951,3.399771528,PROJECT_BASIS_QTO,"PROJECT_BASIS_QTO: rate density over the frozen PRE-S7.1 local bar strips; a lower bound of the physical steel (every blocked portion is excluded, not zero); not a bar-by-bar BBS","PROJECT_GEOMETRY + URBAN_OWNER_MEASUREMENT_RULE (URBAN_QTO_LOCAL_BAR_LINE_V1: local run along each bar line); less PROJECT_SOURCE P15-BOT-STOP-0.125L 0.125 x L (L = clear span, from the face of support) at each continuous end",PROJECT_SOURCE: plan callout 5%%c10/m on SP-GF_ROOF_SLAB-31 -> 5 bars/m of Ø10; equivalent count by URBAN_RATE_DENSITY (AD2-D02); PHYSICAL_BBS_COUNT UNRESOLVED,PROJECT_SOURCE: P15-BOT-STOP-0.125L 'STOP 50% OF BOT. REINF. BALANCE CONTINUOUS' -> 0.5 (AD2-D04 exact 0.5 / 0.5 density; which physical bars stop stays a BBS question),0.125,P15-BOT-STOP-0.125L,PROJECT_SOURCE,CLEAR_SPAN (local L along each bar line),PROJECT_SOURCE,FACE_OF_SUPPORT,PROJECT_SOURCE,"ENGINEERING_DERIVED (unqualified plan callout; '/Top' and '(T&B)' are marked, plan note 2 gives the top steel over beams; p.15: bottom bars 'see schedule or plan')","[""token 4F5 (5%%c10/m)"", ""P15-BOT-STOP-0.125L""]","[""URBAN_RATE_DENSITY (AD2-D02: equivalent count = rate x density x width, unrounded)"", ""URBAN_QTO_LOCAL_BAR_LINE_V1 (AD2-D14)""]","[""AD2-D02"", ""AD2-D14"", ""AD2-D04"", ""P15-BOT-STOP-0.125L""]",[],1,False,True,5 /m x 0.5 x 1.2 m x 1.835876625 m = 5.507629875 m; x 10^2/162 = 0.617283951 kg/m -> 3.399771528 kg,PRE-S7.1 11_S7_RELEASE_CANDIDATES.csv QI-00517 (manifest 3a67a8641ce4); 1 local bar strips in 04_S7_BAR_RUNS.csv
S7-0167,QI-00518,CMP-0133,SP-GF_ROOF_SLAB-31,PANEL,SP-GF_ROOF_SLAB-31,,RUN-B-067,GF_ROOF_SLAB,BOTTOM_CONTINUING_50,BOTTOM,Y,10,5,,0.5,2.89066,7.22665,UNRESOLVED,1.016170217,,1.016170217,0,,7.3435065,0.617283951,4.533028704,PROJECT_BASIS_QTO,"PROJECT_BASIS_QTO: rate density over the frozen PRE-S7.1 local bar strips; a lower bound of the physical steel (every blocked portion is excluded, not zero); not a bar-by-bar BBS",PROJECT_GEOMETRY + URBAN_OWNER_MEASUREMENT_RULE (URBAN_QTO_LOCAL_BAR_LINE_V1: local run along each bar line); face to face of the supports (the portion beyond each face is a blocked complement),PROJECT_SOURCE: plan callout 5%%c10/m on SP-GF_ROOF_SLAB-31 -> 5 bars/m of Ø10; equivalent count by URBAN_RATE_DENSITY (AD2-D02); PHYSICAL_BBS_COUNT UNRESOLVED,PROJECT_SOURCE: P15-BOT-STOP-0.125L 'STOP 50% OF BOT. REINF. BALANCE CONTINUOUS' -> 0.5 (AD2-D04 exact 0.5 / 0.5 density; which physical bars stop stays a BBS question),,,,LOCAL_CLEAR_SPAN (face to face along each bar line),URBAN_OWNER_MEASUREMENT_RULE,SUPPORT_FACE,PROJECT_GEOMETRY,"ENGINEERING_DERIVED (unqualified plan callout; '/Top' and '(T&B)' are marked, plan note 2 gives the top steel over beams; p.15: bottom bars 'see schedule or plan')","[""token 4F6 (5%%c10/m)"", ""P15-BOT-STOP-0.125L""]","[""URBAN_RATE_DENSITY (AD2-D02: equivalent count = rate x density x width, unrounded)"", ""URBAN_QTO_LOCAL_BAR_LINE_V1 (AD2-D14)""]","[""AD2-D02"", ""AD2-D14"", ""AD2-D04"", ""P15-BOT-STOP-0.125L""]","[""QI-00520"", ""QI-00521"", ""QI-00524""]",2,False,True,5 /m x 0.5 x 2.89066 m x 1.016170217 m = 7.3435065 m; x 10^2/162 = 0.617283951 kg/m -> 4.533028704 kg,PRE-S7.1 11_S7_RELEASE_CANDIDATES.csv QI-00518 (manifest 3a67a8641ce4); 2 local bar strips in 04_S7_BAR_RUNS.csv
S7-0168,QI-00519,CMP-0132,SP-GF_ROOF_SLAB-31,PANEL,SP-GF_ROOF_SLAB-31,,RUN-B-067,GF_ROOF_SLAB,BOTTOM_CURTAILED_50,BOTTOM,Y,10,5,,0.5,2.89066,7.22665,UNRESOLVED,1.016170217,0.15,0.866170217,0,0.15,6.259509,0.617283951,3.863894444,PROJECT_BASIS_QTO,"PROJECT_BASIS_QTO: rate density over the frozen PRE-S7.1 local bar strips; a lower bound of the physical steel (every blocked portion is excluded, not zero); not a bar-by-bar BBS","PROJECT_GEOMETRY + URBAN_OWNER_MEASUREMENT_RULE (URBAN_QTO_LOCAL_BAR_LINE_V1: local run along each bar line); less PROJECT_SOURCE P15-BOT-STOP-0.125L 0.125 x L (L = clear span, from the face of support) at each continuous end and, under AD2-D15, each continuity-unresolved end",PROJECT_SOURCE: plan callout 5%%c10/m on SP-GF_ROOF_SLAB-31 -> 5 bars/m of Ø10; equivalent count by URBAN_RATE_DENSITY (AD2-D02); PHYSICAL_BBS_COUNT UNRESOLVED,PROJECT_SOURCE: P15-BOT-STOP-0.125L 'STOP 50% OF BOT. REINF. BALANCE CONTINUOUS' -> 0.5 (AD2-D04 exact 0.5 / 0.5 density; which physical bars stop stays a BBS question),0.125,P15-BOT-STOP-0.125L,PROJECT_SOURCE,CLEAR_SPAN (local L along each bar line),PROJECT_SOURCE,FACE_OF_SUPPORT,PROJECT_SOURCE,"ENGINEERING_DERIVED (unqualified plan callout; '/Top' and '(T&B)' are marked, plan note 2 gives the top steel over beams; p.15: bottom bars 'see schedule or plan')","[""token 4F6 (5%%c10/m)"", ""P15-BOT-STOP-0.125L""]","[""URBAN_RATE_DENSITY (AD2-D02: equivalent count = rate x density x width, unrounded)"", ""URBAN_QTO_LOCAL_BAR_LINE_V1 (AD2-D14)"", ""AD2-D15 (a continuity-unresolved end stops the curtailed half as a continuous end would; its 0.125 L zone is a blocked complement)""]","[""AD2-D02"", ""AD2-D14"", ""AD2-D04"", ""P15-BOT-STOP-0.125L""]","[""QI-00522"", ""QI-00523""]",2,False,True,5 /m x 0.5 x 2.89066 m x 0.866170217 m = 6.259509 m; x 10^2/162 = 0.617283951 kg/m -> 3.863894444 kg,PRE-S7.1 11_S7_RELEASE_CANDIDATES.csv QI-00519 (manifest 3a67a8641ce4); 2 local bar strips in 04_S7_BAR_RUNS.csv
S7-0169,QI-00525,CMP-0137,SP-GF_ROOF_SLAB-32,PANEL,SP-GF_ROOF_SLAB-32,,RUN-B-066,GF_ROOF_SLAB,BOTTOM_CONTINUING_50,BOTTOM,X,10,5,,0.5,1.2,3,UNRESOLVED,6.47,,6.47,0,,19.41,0.617283951,11.981481481,PROJECT_BASIS_QTO,"PROJECT_BASIS_QTO: rate density over the frozen PRE-S7.1 local bar strips; a lower bound of the physical steel (every blocked portion is excluded, not zero); not a bar-by-bar BBS",PROJECT_GEOMETRY (rectangular: local run = clear span); face to face of the supports (the portion beyond each face is a blocked complement),PROJECT_SOURCE: plan callout 5%%c10/m on SP-GF_ROOF_SLAB-32 -> 5 bars/m of Ø10; equivalent count by URBAN_RATE_DENSITY (AD2-D02); PHYSICAL_BBS_COUNT UNRESOLVED,PROJECT_SOURCE: P15-BOT-STOP-0.125L 'STOP 50% OF BOT. REINF. BALANCE CONTINUOUS' -> 0.5 (AD2-D04 exact 0.5 / 0.5 density; which physical bars stop stays a BBS question),,,,LOCAL_CLEAR_SPAN (face to face along each bar line),PROJECT_GEOMETRY,SUPPORT_FACE,PROJECT_GEOMETRY,"ENGINEERING_DERIVED (unqualified plan callout; '/Top' and '(T&B)' are marked, plan note 2 gives the top steel over beams; p.15: bottom bars 'see schedule or plan')","[""token 50C (5%%c10/m)"", ""P15-BOT-STOP-0.125L""]","[""URBAN_RATE_DENSITY (AD2-D02: equivalent count = rate x density x width, unrounded)""]","[""AD2-D02"", ""AD2-D04"", ""P15-BOT-STOP-0.125L""]",[],1,False,False,5 /m x 0.5 x 1.2 m x 6.47 m = 19.41 m; x 10^2/162 = 0.617283951 kg/m -> 11.981481481 kg,PRE-S7.1 11_S7_RELEASE_CANDIDATES.csv QI-00525 (manifest 3a67a8641ce4); 1 local bar strips in 04_S7_BAR_RUNS.csv
S7-0170,QI-00526,CMP-0136,SP-GF_ROOF_SLAB-32,PANEL,SP-GF_ROOF_SLAB-32,,RUN-B-066,GF_ROOF_SLAB,BOTTOM_CURTAILED_50,BOTTOM,X,10,5,,0.5,1.2,3,UNRESOLVED,6.47,1.6175,4.8525,0,1.6175,14.5575,0.617283951,8.986111111,PROJECT_BASIS_QTO,"PROJECT_BASIS_QTO: rate density over the frozen PRE-S7.1 local bar strips; a lower bound of the physical steel (every blocked portion is excluded, not zero); not a bar-by-bar BBS","PROJECT_GEOMETRY (rectangular: local run = clear span); less PROJECT_SOURCE P15-BOT-STOP-0.125L 0.125 x L (L = clear span, from the face of support) at each continuous end",PROJECT_SOURCE: plan callout 5%%c10/m on SP-GF_ROOF_SLAB-32 -> 5 bars/m of Ø10; equivalent count by URBAN_RATE_DENSITY (AD2-D02); PHYSICAL_BBS_COUNT UNRESOLVED,PROJECT_SOURCE: P15-BOT-STOP-0.125L 'STOP 50% OF BOT. REINF. BALANCE CONTINUOUS' -> 0.5 (AD2-D04 exact 0.5 / 0.5 density; which physical bars stop stays a BBS question),0.125,P15-BOT-STOP-0.125L,PROJECT_SOURCE,CLEAR_SPAN,PROJECT_SOURCE,FACE_OF_SUPPORT,PROJECT_SOURCE,"ENGINEERING_DERIVED (unqualified plan callout; '/Top' and '(T&B)' are marked, plan note 2 gives the top steel over beams; p.15: bottom bars 'see schedule or plan')","[""token 50C (5%%c10/m)"", ""P15-BOT-STOP-0.125L""]","[""URBAN_RATE_DENSITY (AD2-D02: equivalent count = rate x density x width, unrounded)""]","[""AD2-D02"", ""AD2-D04"", ""P15-BOT-STOP-0.125L""]",[],1,False,False,5 /m x 0.5 x 1.2 m x 4.8525 m = 14.5575 m; x 10^2/162 = 0.617283951 kg/m -> 8.986111111 kg,PRE-S7.1 11_S7_RELEASE_CANDIDATES.csv QI-00526 (manifest 3a67a8641ce4); 1 local bar strips in 04_S7_BAR_RUNS.csv
S7-0171,QI-00527,CMP-0138,SP-GF_ROOF_SLAB-32,PANEL,SP-GF_ROOF_SLAB-32,,RUN-B-068,GF_ROOF_SLAB,BOTTOM_CONTINUING_50,BOTTOM,Y,10,5,,0.5,6.47,16.175,UNRESOLVED,1.2,,1.2,0,,19.41,0.617283951,11.981481481,PROJECT_BASIS_QTO,"PROJECT_BASIS_QTO: rate density over the frozen PRE-S7.1 local bar strips; a lower bound of the physical steel (every blocked portion is excluded, not zero); not a bar-by-bar BBS",PROJECT_GEOMETRY (rectangular: local run = clear span); face to face of the supports (the portion beyond each face is a blocked complement),PROJECT_SOURCE: plan callout 5%%c10/m on SP-GF_ROOF_SLAB-32 -> 5 bars/m of Ø10; equivalent count by URBAN_RATE_DENSITY (AD2-D02); PHYSICAL_BBS_COUNT UNRESOLVED,PROJECT_SOURCE: P15-BOT-STOP-0.125L 'STOP 50% OF BOT. REINF. BALANCE CONTINUOUS' -> 0.5 (AD2-D04 exact 0.5 / 0.5 density; which physical bars stop stays a BBS question),,,,LOCAL_CLEAR_SPAN (face to face along each bar line),PROJECT_GEOMETRY,SUPPORT_FACE,PROJECT_GEOMETRY,"ENGINEERING_DERIVED (unqualified plan callout; '/Top' and '(T&B)' are marked, plan note 2 gives the top steel over beams; p.15: bottom bars 'see schedule or plan')","[""token 50D (5%%c10/m)"", ""P15-BOT-STOP-0.125L""]","[""URBAN_RATE_DENSITY (AD2-D02: equivalent count = rate x density x width, unrounded)""]","[""AD2-D02"", ""AD2-D04"", ""P15-BOT-STOP-0.125L""]","[""QI-00529"", ""QI-00530"", ""QI-00531"", ""QI-00532"", ""QI-00533""]",6,False,False,5 /m x 0.5 x 6.47 m x 1.2 m = 19.41 m; x 10^2/162 = 0.617283951 kg/m -> 11.981481481 kg,PRE-S7.1 11_S7_RELEASE_CANDIDATES.csv QI-00527 (manifest 3a67a8641ce4); 6 local bar strips in 04_S7_BAR_RUNS.csv
S7-0172,QI-00528,CMP-0138,SP-GF_ROOF_SLAB-32,PANEL,SP-GF_ROOF_SLAB-32,,RUN-B-068,GF_ROOF_SLAB,BOTTOM_CURTAILED_50,BOTTOM,Y,10,5,,0.5,6.47,16.175,UNRESOLVED,1.2,0.15,1.05,0,0.15,16.98375,0.617283951,10.483796296,PROJECT_BASIS_QTO,"PROJECT_BASIS_QTO: rate density over the frozen PRE-S7.1 local bar strips; a lower bound of the physical steel (every blocked portion is excluded, not zero); not a bar-by-bar BBS","PROJECT_GEOMETRY (rectangular: local run = clear span); less PROJECT_SOURCE P15-BOT-STOP-0.125L 0.125 x L (L = clear span, from the face of support) at each continuous end and, under AD2-D15, each continuity-unresolved end",PROJECT_SOURCE: plan callout 5%%c10/m on SP-GF_ROOF_SLAB-32 -> 5 bars/m of Ø10; equivalent count by URBAN_RATE_DENSITY (AD2-D02); PHYSICAL_BBS_COUNT UNRESOLVED,PROJECT_SOURCE: P15-BOT-STOP-0.125L 'STOP 50% OF BOT. REINF. BALANCE CONTINUOUS' -> 0.5 (AD2-D04 exact 0.5 / 0.5 density; which physical bars stop stays a BBS question),0.125,P15-BOT-STOP-0.125L,PROJECT_SOURCE,CLEAR_SPAN,PROJECT_SOURCE,FACE_OF_SUPPORT,PROJECT_SOURCE,"ENGINEERING_DERIVED (unqualified plan callout; '/Top' and '(T&B)' are marked, plan note 2 gives the top steel over beams; p.15: bottom bars 'see schedule or plan')","[""token 50D (5%%c10/m)"", ""P15-BOT-STOP-0.125L""]","[""URBAN_RATE_DENSITY (AD2-D02: equivalent count = rate x density x width, unrounded)"", ""AD2-D15 (a continuity-unresolved end stops the curtailed half as a continuous end would; its 0.125 L zone is a blocked complement)""]","[""AD2-D02"", ""AD2-D04"", ""P15-BOT-STOP-0.125L""]","[""QI-00529"", ""QI-00530"", ""QI-00531"", ""QI-00532"", ""QI-00533""]",6,False,False,5 /m x 0.5 x 6.47 m x 1.05 m = 16.98375 m; x 10^2/162 = 0.617283951 kg/m -> 10.483796296 kg,PRE-S7.1 11_S7_RELEASE_CANDIDATES.csv QI-00528 (manifest 3a67a8641ce4); 6 local bar strips in 04_S7_BAR_RUNS.csv
S7-0173,QI-00534,CMP-0142,SP-GF_ROOF_SLAB-33,PANEL,SP-GF_ROOF_SLAB-33,,RUN-B-066,GF_ROOF_SLAB,BOTTOM_CONTINUING_50,BOTTOM,X,10,5,,0.5,1.2,3,UNRESOLVED,3.573173,,3.573173,0,,10.719519,0.617283951,6.616987037,PROJECT_BASIS_QTO,"PROJECT_BASIS_QTO: rate density over the frozen PRE-S7.1 local bar strips; a lower bound of the physical steel (every blocked portion is excluded, not zero); not a bar-by-bar BBS",PROJECT_GEOMETRY (rectangular: local run = clear span); face to face of the supports (the portion beyond each face is a blocked complement),PROJECT_SOURCE: plan callout 5%%c10/m on SP-GF_ROOF_SLAB-33 -> 5 bars/m of Ø10; equivalent count by URBAN_RATE_DENSITY (AD2-D02); PHYSICAL_BBS_COUNT UNRESOLVED,PROJECT_SOURCE: P15-BOT-STOP-0.125L 'STOP 50% OF BOT. REINF. BALANCE CONTINUOUS' -> 0.5 (AD2-D04 exact 0.5 / 0.5 density; which physical bars stop stays a BBS question),,,,LOCAL_CLEAR_SPAN (face to face along each bar line),PROJECT_GEOMETRY,SUPPORT_FACE,PROJECT_GEOMETRY,"ENGINEERING_DERIVED (unqualified plan callout; '/Top' and '(T&B)' are marked, plan note 2 gives the top steel over beams; p.15: bottom bars 'see schedule or plan')","[""token 512 (5%%c10/m)"", ""P15-BOT-STOP-0.125L""]","[""URBAN_RATE_DENSITY (AD2-D02: equivalent count = rate x density x width, unrounded)""]","[""AD2-D02"", ""AD2-D04"", ""P15-BOT-STOP-0.125L""]","[""QI-00536""]",1,False,False,5 /m x 0.5 x 1.2 m x 3.573173 m = 10.719519 m; x 10^2/162 = 0.617283951 kg/m -> 6.616987037 kg,PRE-S7.1 11_S7_RELEASE_CANDIDATES.csv QI-00534 (manifest 3a67a8641ce4); 1 local bar strips in 04_S7_BAR_RUNS.csv
S7-0174,QI-00535,CMP-0141,SP-GF_ROOF_SLAB-33,PANEL,SP-GF_ROOF_SLAB-33,,RUN-B-066,GF_ROOF_SLAB,BOTTOM_CURTAILED_50,BOTTOM,X,10,5,,0.5,1.2,3,UNRESOLVED,3.573173,0.89329325,2.67987975,0,0.89329325,8.03963925,0.617283951,4.962740278,PROJECT_BASIS_QTO,"PROJECT_BASIS_QTO: rate density over the frozen PRE-S7.1 local bar strips; a lower bound of the physical steel (every blocked portion is excluded, not zero); not a bar-by-bar BBS","PROJECT_GEOMETRY (rectangular: local run = clear span); less PROJECT_SOURCE P15-BOT-STOP-0.125L 0.125 x L (L = clear span, from the face of support) at each continuous end",PROJECT_SOURCE: plan callout 5%%c10/m on SP-GF_ROOF_SLAB-33 -> 5 bars/m of Ø10; equivalent count by URBAN_RATE_DENSITY (AD2-D02); PHYSICAL_BBS_COUNT UNRESOLVED,PROJECT_SOURCE: P15-BOT-STOP-0.125L 'STOP 50% OF BOT. REINF. BALANCE CONTINUOUS' -> 0.5 (AD2-D04 exact 0.5 / 0.5 density; which physical bars stop stays a BBS question),0.125,P15-BOT-STOP-0.125L,PROJECT_SOURCE,CLEAR_SPAN,PROJECT_SOURCE,FACE_OF_SUPPORT,PROJECT_SOURCE,"ENGINEERING_DERIVED (unqualified plan callout; '/Top' and '(T&B)' are marked, plan note 2 gives the top steel over beams; p.15: bottom bars 'see schedule or plan')","[""token 512 (5%%c10/m)"", ""P15-BOT-STOP-0.125L""]","[""URBAN_RATE_DENSITY (AD2-D02: equivalent count = rate x density x width, unrounded)""]","[""AD2-D02"", ""AD2-D04"", ""P15-BOT-STOP-0.125L""]",[],1,False,False,5 /m x 0.5 x 1.2 m x 2.67987975 m = 8.03963925 m; x 10^2/162 = 0.617283951 kg/m -> 4.962740278 kg,PRE-S7.1 11_S7_RELEASE_CANDIDATES.csv QI-00535 (manifest 3a67a8641ce4); 1 local bar strips in 04_S7_BAR_RUNS.csv
S7-0175,QI-00537,CMP-0144,SP-GF_ROOF_SLAB-33,PANEL,SP-GF_ROOF_SLAB-33,,RUN-B-069,GF_ROOF_SLAB,BOTTOM_CONTINUING_50,BOTTOM,Y,10,5,,0.5,3.588757,8.9718925,UNRESOLVED,1.194789059,,1.194789059,0,,10.719519,0.617283951,6.616987037,PROJECT_BASIS_QTO,"PROJECT_BASIS_QTO: rate density over the frozen PRE-S7.1 local bar strips; a lower bound of the physical steel (every blocked portion is excluded, not zero); not a bar-by-bar BBS",PROJECT_GEOMETRY (rectangular: local run = clear span); face to face of the supports (the portion beyond each face is a blocked complement),PROJECT_SOURCE: plan callout 5%%c10/m on SP-GF_ROOF_SLAB-33 -> 5 bars/m of Ø10; equivalent count by URBAN_RATE_DENSITY (AD2-D02); PHYSICAL_BBS_COUNT UNRESOLVED,PROJECT_SOURCE: P15-BOT-STOP-0.125L 'STOP 50% OF BOT. REINF. BALANCE CONTINUOUS' -> 0.5 (AD2-D04 exact 0.5 / 0.5 density; which physical bars stop stays a BBS question),,,,LOCAL_CLEAR_SPAN (face to face along each bar line),PROJECT_GEOMETRY,SUPPORT_FACE,PROJECT_GEOMETRY,"ENGINEERING_DERIVED (unqualified plan callout; '/Top' and '(T&B)' are marked, plan note 2 gives the top steel over beams; p.15: bottom bars 'see schedule or plan')","[""token 513 (5%%c10/m)"", ""P15-BOT-STOP-0.125L""]","[""URBAN_RATE_DENSITY (AD2-D02: equivalent count = rate x density x width, unrounded)""]","[""AD2-D02"", ""AD2-D04"", ""P15-BOT-STOP-0.125L""]","[""QI-00539"", ""QI-00540"", ""QI-00541"", ""QI-00545""]",7,False,False,5 /m x 0.5 x 3.588757 m x 1.194789059 m = 10.719519 m; x 10^2/162 = 0.617283951 kg/m -> 6.616987037 kg,PRE-S7.1 11_S7_RELEASE_CANDIDATES.csv QI-00537 (manifest 3a67a8641ce4); 7 local bar strips in 04_S7_BAR_RUNS.csv
S7-0176,QI-00538,CMP-0143,SP-GF_ROOF_SLAB-33,PANEL,SP-GF_ROOF_SLAB-33,,RUN-B-069,GF_ROOF_SLAB,BOTTOM_CURTAILED_50,BOTTOM,Y,10,5,,0.5,3.588757,8.9718925,UNRESOLVED,1.194789059,0.15,1.044789059,0,0.15,9.373735125,0.617283951,5.78625625,PROJECT_BASIS_QTO,"PROJECT_BASIS_QTO: rate density over the frozen PRE-S7.1 local bar strips; a lower bound of the physical steel (every blocked portion is excluded, not zero); not a bar-by-bar BBS","PROJECT_GEOMETRY (rectangular: local run = clear span); less PROJECT_SOURCE P15-BOT-STOP-0.125L 0.125 x L (L = clear span, from the face of support) at each continuous end and, under AD2-D15, each continuity-unresolved end",PROJECT_SOURCE: plan callout 5%%c10/m on SP-GF_ROOF_SLAB-33 -> 5 bars/m of Ø10; equivalent count by URBAN_RATE_DENSITY (AD2-D02); PHYSICAL_BBS_COUNT UNRESOLVED,PROJECT_SOURCE: P15-BOT-STOP-0.125L 'STOP 50% OF BOT. REINF. BALANCE CONTINUOUS' -> 0.5 (AD2-D04 exact 0.5 / 0.5 density; which physical bars stop stays a BBS question),0.125,P15-BOT-STOP-0.125L,PROJECT_SOURCE,CLEAR_SPAN,PROJECT_SOURCE,FACE_OF_SUPPORT,PROJECT_SOURCE,"ENGINEERING_DERIVED (unqualified plan callout; '/Top' and '(T&B)' are marked, plan note 2 gives the top steel over beams; p.15: bottom bars 'see schedule or plan')","[""token 513 (5%%c10/m)"", ""P15-BOT-STOP-0.125L""]","[""URBAN_RATE_DENSITY (AD2-D02: equivalent count = rate x density x width, unrounded)"", ""AD2-D15 (a continuity-unresolved end stops the curtailed half as a continuous end would; its 0.125 L zone is a blocked complement)""]","[""AD2-D02"", ""AD2-D04"", ""P15-BOT-STOP-0.125L""]","[""QI-00542"", ""QI-00543"", ""QI-00544""]",7,False,False,5 /m x 0.5 x 3.588757 m x 1.044789059 m = 9.373735125 m; x 10^2/162 = 0.617283951 kg/m -> 5.78625625 kg,PRE-S7.1 11_S7_RELEASE_CANDIDATES.csv QI-00538 (manifest 3a67a8641ce4); 7 local bar strips in 04_S7_BAR_RUNS.csv
S7-0177,QI-00546,CMP-0148,SP-GF_ROOF_SLAB-34,PANEL,SP-GF_ROOF_SLAB-34,,RUN-B-060,GF_ROOF_SLAB,BOTTOM_CONTINUING_50,BOTTOM,X,10,7,,0.5,4.5,15.75,UNRESOLVED,2.99,,2.99,0,,47.0925,0.617283951,29.069444444,PROJECT_BASIS_QTO,"PROJECT_BASIS_QTO: rate density over the frozen PRE-S7.1 local bar strips; a lower bound of the physical steel (every blocked portion is excluded, not zero); not a bar-by-bar BBS",PROJECT_GEOMETRY (rectangular: local run = clear span); face to face of the supports (the portion beyond each face is a blocked complement),PROJECT_SOURCE: plan callout 7%%C10/m on SP-GF_ROOF_SLAB-34 -> 7 bars/m of Ø10; equivalent count by URBAN_RATE_DENSITY (AD2-D02); PHYSICAL_BBS_COUNT UNRESOLVED,PROJECT_SOURCE: P15-BOT-STOP-0.125L 'STOP 50% OF BOT. REINF. BALANCE CONTINUOUS' -> 0.5 (AD2-D04 exact 0.5 / 0.5 density; which physical bars stop stays a BBS question),,,,LOCAL_CLEAR_SPAN (face to face along each bar line),PROJECT_GEOMETRY,SUPPORT_FACE,PROJECT_GEOMETRY,"ENGINEERING_DERIVED (unqualified plan callout; '/Top' and '(T&B)' are marked, plan note 2 gives the top steel over beams; p.15: bottom bars 'see schedule or plan')","[""token 4FC (7%%C10/m)"", ""P15-BOT-STOP-0.125L""]","[""URBAN_RATE_DENSITY (AD2-D02: equivalent count = rate x density x width, unrounded)""]","[""AD2-D02"", ""AD2-D04"", ""P15-BOT-STOP-0.125L""]","[""QI-00548"", ""QI-00550""]",7,False,False,7 /m x 0.5 x 4.5 m x 2.99 m = 47.0925 m; x 10^2/162 = 0.617283951 kg/m -> 29.069444444 kg,PRE-S7.1 11_S7_RELEASE_CANDIDATES.csv QI-00546 (manifest 3a67a8641ce4); 7 local bar strips in 04_S7_BAR_RUNS.csv
S7-0178,QI-00547,CMP-0147,SP-GF_ROOF_SLAB-34,PANEL,SP-GF_ROOF_SLAB-34,,RUN-B-060,GF_ROOF_SLAB,BOTTOM_CURTAILED_50,BOTTOM,X,10,7,,0.5,4.5,15.75,UNRESOLVED,2.99,0.7475,2.2425,0,0.7475,35.319375,0.617283951,21.802083333,PROJECT_BASIS_QTO,"PROJECT_BASIS_QTO: rate density over the frozen PRE-S7.1 local bar strips; a lower bound of the physical steel (every blocked portion is excluded, not zero); not a bar-by-bar BBS","PROJECT_GEOMETRY (rectangular: local run = clear span); less PROJECT_SOURCE P15-BOT-STOP-0.125L 0.125 x L (L = clear span, from the face of support) at each continuous end and, under AD2-D15, each continuity-unresolved end",PROJECT_SOURCE: plan callout 7%%C10/m on SP-GF_ROOF_SLAB-34 -> 7 bars/m of Ø10; equivalent count by URBAN_RATE_DENSITY (AD2-D02); PHYSICAL_BBS_COUNT UNRESOLVED,PROJECT_SOURCE: P15-BOT-STOP-0.125L 'STOP 50% OF BOT. REINF. BALANCE CONTINUOUS' -> 0.5 (AD2-D04 exact 0.5 / 0.5 density; which physical bars stop stays a BBS question),0.125,P15-BOT-STOP-0.125L,PROJECT_SOURCE,CLEAR_SPAN,PROJECT_SOURCE,FACE_OF_SUPPORT,PROJECT_SOURCE,"ENGINEERING_DERIVED (unqualified plan callout; '/Top' and '(T&B)' are marked, plan note 2 gives the top steel over beams; p.15: bottom bars 'see schedule or plan')","[""token 4FC (7%%C10/m)"", ""P15-BOT-STOP-0.125L""]","[""URBAN_RATE_DENSITY (AD2-D02: equivalent count = rate x density x width, unrounded)"", ""AD2-D15 (a continuity-unresolved end stops the curtailed half as a continuous end would; its 0.125 L zone is a blocked complement)""]","[""AD2-D02"", ""AD2-D04"", ""P15-BOT-STOP-0.125L""]","[""QI-00549""]",7,False,False,7 /m x 0.5 x 4.5 m x 2.2425 m = 35.319375 m; x 10^2/162 = 0.617283951 kg/m -> 21.802083333 kg,PRE-S7.1 11_S7_RELEASE_CANDIDATES.csv QI-00547 (manifest 3a67a8641ce4); 7 local bar strips in 04_S7_BAR_RUNS.csv
S7-0179,QI-00551,CMP-0149,SP-GF_ROOF_SLAB-34,PANEL,SP-GF_ROOF_SLAB-34,,RUN-B-070,GF_ROOF_SLAB,BOTTOM_IN_PANEL,BOTTOM,Y,10,6,,1,2.95,17.7,UNRESOLVED,4.5,,4.5,0,,79.65,0.617283951,49.166666667,PROJECT_BASIS_QTO,"PROJECT_BASIS_QTO: rate density over the frozen PRE-S7.1 local bar strips; a lower bound of the physical steel (every blocked portion is excluded, not zero); not a bar-by-bar BBS",PROJECT_GEOMETRY (rectangular: local run = clear span); face to face of the supports (the portion beyond each face is a blocked complement),PROJECT_SOURCE: plan callout 6%%C10/m on SP-GF_ROOF_SLAB-34 -> 6 bars/m of Ø10; equivalent count by URBAN_RATE_DENSITY (AD2-D02); PHYSICAL_BBS_COUNT UNRESOLVED,PROJECT_SOURCE: full callout density 1 (no 50 % rule split on this item),,,,LOCAL_CLEAR_SPAN (face to face along each bar line),PROJECT_GEOMETRY,SUPPORT_FACE,PROJECT_GEOMETRY,"ENGINEERING_DERIVED (unqualified plan callout; '/Top' and '(T&B)' are marked, plan note 2 gives the top steel over beams; p.15: bottom bars 'see schedule or plan')","[""token 4FD (6%%C10/m)""]","[""URBAN_RATE_DENSITY (AD2-D02: equivalent count = rate x density x width, unrounded)""]","[""AD2-D02""]","[""QI-00554"", ""QI-00555"", ""QI-00556"", ""QI-00557""]",2,False,False,6 /m x 1 x 2.95 m x 4.5 m = 79.65 m; x 10^2/162 = 0.617283951 kg/m -> 49.166666667 kg,PRE-S7.1 11_S7_RELEASE_CANDIDATES.csv QI-00551 (manifest 3a67a8641ce4); 2 local bar strips in 04_S7_BAR_RUNS.csv
S7-0180,QI-00552,CMP-0149,SP-GF_ROOF_SLAB-34,PANEL,SP-GF_ROOF_SLAB-34,,RUN-B-070,GF_ROOF_SLAB,BOTTOM_CONTINUING_50,BOTTOM,Y,10,6,,0.5,0.1,0.3,UNRESOLVED,1.8,,1.8,0,,0.54,0.617283951,0.333333333,PROJECT_BASIS_QTO,"PROJECT_BASIS_QTO: rate density over the frozen PRE-S7.1 local bar strips; a lower bound of the physical steel (every blocked portion is excluded, not zero); not a bar-by-bar BBS",PROJECT_GEOMETRY (rectangular: local run = clear span); face to face of the supports (the portion beyond each face is a blocked complement),PROJECT_SOURCE: plan callout 6%%C10/m on SP-GF_ROOF_SLAB-34 -> 6 bars/m of Ø10; equivalent count by URBAN_RATE_DENSITY (AD2-D02); PHYSICAL_BBS_COUNT UNRESOLVED,PROJECT_SOURCE: P15-BOT-STOP-0.125L 'STOP 50% OF BOT. REINF. BALANCE CONTINUOUS' -> 0.5 (AD2-D04 exact 0.5 / 0.5 density; which physical bars stop stays a BBS question),,,,LOCAL_CLEAR_SPAN (face to face along each bar line),PROJECT_GEOMETRY,SUPPORT_FACE,PROJECT_GEOMETRY,"ENGINEERING_DERIVED (unqualified plan callout; '/Top' and '(T&B)' are marked, plan note 2 gives the top steel over beams; p.15: bottom bars 'see schedule or plan')","[""token 4FD (6%%C10/m)"", ""P15-BOT-STOP-0.125L""]","[""URBAN_RATE_DENSITY (AD2-D02: equivalent count = rate x density x width, unrounded)""]","[""AD2-D02"", ""AD2-D04"", ""P15-BOT-STOP-0.125L""]","[""QI-00554"", ""QI-00555"", ""QI-00556"", ""QI-00557""]",2,False,False,6 /m x 0.5 x 0.1 m x 1.8 m = 0.54 m; x 10^2/162 = 0.617283951 kg/m -> 0.333333333 kg,PRE-S7.1 11_S7_RELEASE_CANDIDATES.csv QI-00552 (manifest 3a67a8641ce4); 2 local bar strips in 04_S7_BAR_RUNS.csv
S7-0181,QI-00553,CMP-0149,SP-GF_ROOF_SLAB-34,PANEL,SP-GF_ROOF_SLAB-34,,RUN-B-070,GF_ROOF_SLAB,BOTTOM_CURTAILED_50,BOTTOM,Y,10,6,,0.5,0.1,0.3,UNRESOLVED,1.8,0.36875,1.43125,0,0.36875,0.429375,0.617283951,0.265046296,PROJECT_BASIS_QTO,"PROJECT_BASIS_QTO: rate density over the frozen PRE-S7.1 local bar strips; a lower bound of the physical steel (every blocked portion is excluded, not zero); not a bar-by-bar BBS","PROJECT_GEOMETRY (rectangular: local run = clear span); less PROJECT_SOURCE P15-BOT-STOP-0.125L 0.125 x L (L = clear span, from the face of support) at each continuous end and, under AD2-D15, each continuity-unresolved end",PROJECT_SOURCE: plan callout 6%%C10/m on SP-GF_ROOF_SLAB-34 -> 6 bars/m of Ø10; equivalent count by URBAN_RATE_DENSITY (AD2-D02); PHYSICAL_BBS_COUNT UNRESOLVED,PROJECT_SOURCE: P15-BOT-STOP-0.125L 'STOP 50% OF BOT. REINF. BALANCE CONTINUOUS' -> 0.5 (AD2-D04 exact 0.5 / 0.5 density; which physical bars stop stays a BBS question),0.125,P15-BOT-STOP-0.125L,PROJECT_SOURCE,CLEAR_SPAN,PROJECT_SOURCE,FACE_OF_SUPPORT,PROJECT_SOURCE,"ENGINEERING_DERIVED (unqualified plan callout; '/Top' and '(T&B)' are marked, plan note 2 gives the top steel over beams; p.15: bottom bars 'see schedule or plan')","[""token 4FD (6%%C10/m)"", ""P15-BOT-STOP-0.125L""]","[""URBAN_RATE_DENSITY (AD2-D02: equivalent count = rate x density x width, unrounded)"", ""AD2-D15 (a continuity-unresolved end stops the curtailed half as a continuous end would; its 0.125 L zone is a blocked complement)""]","[""AD2-D02"", ""AD2-D04"", ""P15-BOT-STOP-0.125L""]","[""QI-00554"", ""QI-00555"", ""QI-00556"", ""QI-00557""]",2,False,False,6 /m x 0.5 x 0.1 m x 1.43125 m = 0.429375 m; x 10^2/162 = 0.617283951 kg/m -> 0.265046296 kg,PRE-S7.1 11_S7_RELEASE_CANDIDATES.csv QI-00553 (manifest 3a67a8641ce4); 2 local bar strips in 04_S7_BAR_RUNS.csv
S7-0182,QI-00558,CMP-0181,SUP-1F_ROOF_SLAB-029,SUPPORT,SP-1F_ROOF_SLAB-08|SP-1F_ROOF_SLAB-11,SUP-1F_ROOF_SLAB-029,RUN-B-009,1F_ROOF_SLAB,BOTTOM_SUPPORT_CROSSING,BOTTOM,X,10,5,,0.5,0.785478,1.963695,UNRESOLVED,,,0.3,0,,0.5891085,0.617283951,0.363647222,PROJECT_BASIS_QTO,"PROJECT_BASIS_QTO: rate density over the frozen PRE-S7.1 local bar strips; a lower bound of the physical steel (every blocked portion is excluded, not zero); not a bar-by-bar BBS","PROJECT_GEOMETRY: over the support between the two panel faces along each bar line (the far face found beyond each strip end, AD2-D15)",PROJECT_SOURCE: plan callout 5%%c10/m on SP-1F_ROOF_SLAB-08 -> 5 bars/m of Ø10; equivalent count by URBAN_RATE_DENSITY (AD2-D02); PHYSICAL_BBS_COUNT UNRESOLVED,PROJECT_SOURCE: P15-BOT-STOP-0.125L 'STOP 50% OF BOT. REINF. BALANCE CONTINUOUS' -> 0.5 (AD2-D04 exact 0.5 / 0.5 density; which physical bars stop stays a BBS question),,,,SUPPORT_GAP (face to face over the support),PROJECT_GEOMETRY,SUPPORT_FACE,PROJECT_GEOMETRY,"ENGINEERING_DERIVED (unqualified plan callout; '/Top' and '(T&B)' are marked, plan note 2 gives the top steel over beams; p.15: bottom bars 'see schedule or plan')","[""token 74F (5%%c10/m)"", ""P15-BOT-STOP-0.125L""]","[""URBAN_RATE_DENSITY (AD2-D02: equivalent count = rate x density x width, unrounded)""]","[""AD2-D02"", ""AD2-D04"", ""AD2-D15"", ""P15-BOT-STOP-0.125L""]","[""QI-00069""]",2,False,False,5 /m x 0.5 x 0.785478 m x 0.3 m = 0.5891085 m; x 10^2/162 = 0.617283951 kg/m -> 0.363647222 kg,PRE-S7.1 11_S7_RELEASE_CANDIDATES.csv QI-00558 (manifest 3a67a8641ce4); 2 local bar strips in 04_S7_BAR_RUNS.csv
S7-0183,QI-00559,CMP-0175,SUP-1F_ROOF_SLAB-044,SUPPORT,SP-1F_ROOF_SLAB-07|SP-1F_ROOF_SLAB-09,SUP-1F_ROOF_SLAB-044,RUN-B-009,1F_ROOF_SLAB,BOTTOM_SUPPORT_CROSSING,BOTTOM,X,10,5,,0.5,0.910842,2.277105,UNRESOLVED,,,0.55,0,,1.25240775,0.617283951,0.773091204,PROJECT_BASIS_QTO,"PROJECT_BASIS_QTO: rate density over the frozen PRE-S7.1 local bar strips; a lower bound of the physical steel (every blocked portion is excluded, not zero); not a bar-by-bar BBS","PROJECT_GEOMETRY: over the support between the two panel faces along each bar line (the far face found beyond each strip end, AD2-D15)",PROJECT_SOURCE: plan callout 5%%c10/m on SP-1F_ROOF_SLAB-07 -> 5 bars/m of Ø10; equivalent count by URBAN_RATE_DENSITY (AD2-D02); PHYSICAL_BBS_COUNT UNRESOLVED,PROJECT_SOURCE: P15-BOT-STOP-0.125L 'STOP 50% OF BOT. REINF. BALANCE CONTINUOUS' -> 0.5 (AD2-D04 exact 0.5 / 0.5 density; which physical bars stop stays a BBS question),,,,SUPPORT_GAP (face to face over the support),PROJECT_GEOMETRY,SUPPORT_FACE,PROJECT_GEOMETRY,"ENGINEERING_DERIVED (unqualified plan callout; '/Top' and '(T&B)' are marked, plan note 2 gives the top steel over beams; p.15: bottom bars 'see schedule or plan')","[""token 705 (5%%c10/m)"", ""P15-BOT-STOP-0.125L""]","[""URBAN_RATE_DENSITY (AD2-D02: equivalent count = rate x density x width, unrounded)""]","[""AD2-D02"", ""AD2-D04"", ""AD2-D15"", ""P15-BOT-STOP-0.125L""]","[""QI-00058"", ""QI-00059"", ""QI-00560"", ""QI-00592""]",2,False,False,5 /m x 0.5 x 0.910842 m x 0.55 m = 1.25240775 m; x 10^2/162 = 0.617283951 kg/m -> 0.773091204 kg,PRE-S7.1 11_S7_RELEASE_CANDIDATES.csv QI-00559 (manifest 3a67a8641ce4); 2 local bar strips in 04_S7_BAR_RUNS.csv
S7-0184,QI-00561,CMP-0214,SUP-1F_ROOF_SLAB-053,SUPPORT,SP-1F_ROOF_SLAB-22|SP-1F_ROOF_SLAB-23,SUP-1F_ROOF_SLAB-053,RUN-B-015,1F_ROOF_SLAB,BOTTOM_SUPPORT_CROSSING,BOTTOM,X,10,6,,0.5,4.85,14.55,UNRESOLVED,,,0.2,0,,2.91,0.617283951,1.796296296,PROJECT_BASIS_QTO,"PROJECT_BASIS_QTO: rate density over the frozen PRE-S7.1 local bar strips; a lower bound of the physical steel (every blocked portion is excluded, not zero); not a bar-by-bar BBS","PROJECT_GEOMETRY: over the support between the two panel faces along each bar line (the far face found beyond each strip end, AD2-D15)",PROJECT_SOURCE: plan callout 6%%c10/m on SP-1F_ROOF_SLAB-22 -> 6 bars/m of Ø10; equivalent count by URBAN_RATE_DENSITY (AD2-D02); PHYSICAL_BBS_COUNT UNRESOLVED,PROJECT_SOURCE: P15-BOT-STOP-0.125L 'STOP 50% OF BOT. REINF. BALANCE CONTINUOUS' -> 0.5 (AD2-D04 exact 0.5 / 0.5 density; which physical bars stop stays a BBS question),,,,SUPPORT_GAP (face to face over the support),PROJECT_GEOMETRY,SUPPORT_FACE,PROJECT_GEOMETRY,"ENGINEERING_DERIVED (unqualified plan callout; '/Top' and '(T&B)' are marked, plan note 2 gives the top steel over beams; p.15: bottom bars 'see schedule or plan')","[""token 70F (6%%c10/m)"", ""P15-BOT-STOP-0.125L""]","[""URBAN_RATE_DENSITY (AD2-D02: equivalent count = rate x density x width, unrounded)""]","[""AD2-D02"", ""AD2-D04"", ""AD2-D15"", ""P15-BOT-STOP-0.125L""]","[""QI-00115"", ""QI-00594""]",1,False,False,6 /m x 0.5 x 4.85 m x 0.2 m = 2.91 m; x 10^2/162 = 0.617283951 kg/m -> 1.796296296 kg,PRE-S7.1 11_S7_RELEASE_CANDIDATES.csv QI-00561 (manifest 3a67a8641ce4); 1 local bar strips in 04_S7_BAR_RUNS.csv
S7-0185,QI-00562,CMP-0192,SUP-1F_ROOF_SLAB-057,SUPPORT,SP-1F_ROOF_SLAB-11|SP-1F_ROOF_SLAB-12,SUP-1F_ROOF_SLAB-057,RUN-B-009,1F_ROOF_SLAB,BOTTOM_SUPPORT_CROSSING,BOTTOM,X,10,5,,0.5,1.25,3.125,UNRESOLVED,,,0.35,0,,1.09375,0.617283951,0.675154321,PROJECT_BASIS_QTO,"PROJECT_BASIS_QTO: rate density over the frozen PRE-S7.1 local bar strips; a lower bound of the physical steel (every blocked portion is excluded, not zero); not a bar-by-bar BBS","PROJECT_GEOMETRY: over the support between the two panel faces along each bar line (the far face found beyond each strip end, AD2-D15)",PROJECT_SOURCE: plan callout 5%%c10/m on SP-1F_ROOF_SLAB-11 -> 5 bars/m of Ø10; equivalent count by URBAN_RATE_DENSITY (AD2-D02); PHYSICAL_BBS_COUNT UNRESOLVED,PROJECT_SOURCE: P15-BOT-STOP-0.125L 'STOP 50% OF BOT. REINF. BALANCE CONTINUOUS' -> 0.5 (AD2-D04 exact 0.5 / 0.5 density; which physical bars stop stays a BBS question),,,,SUPPORT_GAP (face to face over the support),PROJECT_GEOMETRY,SUPPORT_FACE,PROJECT_GEOMETRY,"ENGINEERING_DERIVED (unqualified plan callout; '/Top' and '(T&B)' are marked, plan note 2 gives the top steel over beams; p.15: bottom bars 'see schedule or plan')","[""token 730 (5%%c10/m)"", ""P15-BOT-STOP-0.125L""]","[""URBAN_RATE_DENSITY (AD2-D02: equivalent count = rate x density x width, unrounded)""]","[""AD2-D02"", ""AD2-D04"", ""AD2-D15"", ""P15-BOT-STOP-0.125L""]","[""QI-00082"", ""QI-00083""]",13,False,False,5 /m x 0.5 x 1.25 m x 0.35 m = 1.09375 m; x 10^2/162 = 0.617283951 kg/m -> 0.675154321 kg,PRE-S7.1 11_S7_RELEASE_CANDIDATES.csv QI-00562 (manifest 3a67a8641ce4); 13 local bar strips in 04_S7_BAR_RUNS.csv
S7-0186,QI-00563,CMP-0186,SUP-1F_ROOF_SLAB-081,SUPPORT,SP-1F_ROOF_SLAB-09|SP-1F_ROOF_SLAB-12,SUP-1F_ROOF_SLAB-081,RUN-B-009,1F_ROOF_SLAB,BOTTOM_SUPPORT_CROSSING,BOTTOM,X,10,5,,0.5,1.607496,4.01874,UNRESOLVED,,,0.2,0,,0.803748,0.617283951,0.496140741,PROJECT_BASIS_QTO,"PROJECT_BASIS_QTO: rate density over the frozen PRE-S7.1 local bar strips; a lower bound of the physical steel (every blocked portion is excluded, not zero); not a bar-by-bar BBS","PROJECT_GEOMETRY: over the support between the two panel faces along each bar line (the far face found beyond each strip end, AD2-D15)",PROJECT_SOURCE: plan callout 5%%c10/m on SP-1F_ROOF_SLAB-09 -> 5 bars/m of Ø10; equivalent count by URBAN_RATE_DENSITY (AD2-D02); PHYSICAL_BBS_COUNT UNRESOLVED,PROJECT_SOURCE: P15-BOT-STOP-0.125L 'STOP 50% OF BOT. REINF. BALANCE CONTINUOUS' -> 0.5 (AD2-D04 exact 0.5 / 0.5 density; which physical bars stop stays a BBS question),,,,SUPPORT_GAP (face to face over the support),PROJECT_GEOMETRY,SUPPORT_FACE,PROJECT_GEOMETRY,"ENGINEERING_DERIVED (unqualified plan callout; '/Top' and '(T&B)' are marked, plan note 2 gives the top steel over beams; p.15: bottom bars 'see schedule or plan')","[""token 709 (5%%c10/m)"", ""P15-BOT-STOP-0.125L""]","[""URBAN_RATE_DENSITY (AD2-D02: equivalent count = rate x density x width, unrounded)""]","[""AD2-D02"", ""AD2-D04"", ""AD2-D15"", ""P15-BOT-STOP-0.125L""]","[""QI-00074"", ""QI-00075"", ""QI-00564""]",13,False,False,5 /m x 0.5 x 1.607496 m x 0.2 m = 0.803748 m; x 10^2/162 = 0.617283951 kg/m -> 0.496140741 kg,PRE-S7.1 11_S7_RELEASE_CANDIDATES.csv QI-00563 (manifest 3a67a8641ce4); 13 local bar strips in 04_S7_BAR_RUNS.csv
S7-0187,QI-00565,CMP-0188,SUP-1F_ROOF_SLAB-117,SUPPORT,SP-1F_ROOF_SLAB-09|SP-1F_ROOF_SLAB-23,SUP-1F_ROOF_SLAB-117,RUN-B-004,1F_ROOF_SLAB,BOTTOM_SUPPORT_CROSSING,BOTTOM,Y,10,5,,0.5,1.597817,3.9945425,UNRESOLVED,,,0.2,0,,0.7989085,0.617283951,0.493153395,PROJECT_BASIS_QTO,"PROJECT_BASIS_QTO: rate density over the frozen PRE-S7.1 local bar strips; a lower bound of the physical steel (every blocked portion is excluded, not zero); not a bar-by-bar BBS","PROJECT_GEOMETRY: over the support between the two panel faces along each bar line (the far face found beyond each strip end, AD2-D15)",PROJECT_SOURCE: plan callout 5%%c10/m on SP-1F_ROOF_SLAB-09 -> 5 bars/m of Ø10; equivalent count by URBAN_RATE_DENSITY (AD2-D02); PHYSICAL_BBS_COUNT UNRESOLVED,PROJECT_SOURCE: P15-BOT-STOP-0.125L 'STOP 50% OF BOT. REINF. BALANCE CONTINUOUS' -> 0.5 (AD2-D04 exact 0.5 / 0.5 density; which physical bars stop stays a BBS question),,,,SUPPORT_GAP (face to face over the support),PROJECT_GEOMETRY,SUPPORT_FACE,PROJECT_GEOMETRY,"ENGINEERING_DERIVED (unqualified plan callout; '/Top' and '(T&B)' are marked, plan note 2 gives the top steel over beams; p.15: bottom bars 'see schedule or plan')","[""token 707 (5%%c10/m)"", ""P15-BOT-STOP-0.125L""]","[""URBAN_RATE_DENSITY (AD2-D02: equivalent count = rate x density x width, unrounded)""]","[""AD2-D02"", ""AD2-D04"", ""AD2-D15"", ""P15-BOT-STOP-0.125L""]",[],1,False,False,5 /m x 0.5 x 1.597817 m x 0.2 m = 0.7989085 m; x 10^2/162 = 0.617283951 kg/m -> 0.493153395 kg,PRE-S7.1 11_S7_RELEASE_CANDIDATES.csv QI-00565 (manifest 3a67a8641ce4); 1 local bar strips in 04_S7_BAR_RUNS.csv
S7-0188,QI-00566,CMP-0200,SUP-1F_ROOF_SLAB-119,SUPPORT,SP-1F_ROOF_SLAB-12|SP-1F_ROOF_SLAB-22,SUP-1F_ROOF_SLAB-119,RUN-B-012,1F_ROOF_SLAB,BOTTOM_SUPPORT_CROSSING,BOTTOM,Y,10,5,,0.5,2.273909,5.6847725,UNRESOLVED,,,0.2,0,,1.1369545,0.617283951,0.701823765,PROJECT_BASIS_QTO,"PROJECT_BASIS_QTO: rate density over the frozen PRE-S7.1 local bar strips; a lower bound of the physical steel (every blocked portion is excluded, not zero); not a bar-by-bar BBS","PROJECT_GEOMETRY: over the support between the two panel faces along each bar line (the far face found beyond each strip end, AD2-D15)",PROJECT_SOURCE: plan callout 5%%c10/m on SP-1F_ROOF_SLAB-12 -> 5 bars/m of Ø10; equivalent count by URBAN_RATE_DENSITY (AD2-D02); PHYSICAL_BBS_COUNT UNRESOLVED,PROJECT_SOURCE: P15-BOT-STOP-0.125L 'STOP 50% OF BOT. REINF. BALANCE CONTINUOUS' -> 0.5 (AD2-D04 exact 0.5 / 0.5 density; which physical bars stop stays a BBS question),,,,SUPPORT_GAP (face to face over the support),PROJECT_GEOMETRY,SUPPORT_FACE,PROJECT_GEOMETRY,"ENGINEERING_DERIVED (unqualified plan callout; '/Top' and '(T&B)' are marked, plan note 2 gives the top steel over beams; p.15: bottom bars 'see schedule or plan')","[""token 737 (5%%c10/m)"", ""P15-BOT-STOP-0.125L""]","[""URBAN_RATE_DENSITY (AD2-D02: equivalent count = rate x density x width, unrounded)""]","[""AD2-D02"", ""AD2-D04"", ""AD2-D15"", ""P15-BOT-STOP-0.125L""]","[""QI-00101"", ""QI-00567"", ""QI-00593""]",3,False,False,5 /m x 0.5 x 2.273909 m x 0.2 m = 1.1369545 m; x 10^2/162 = 0.617283951 kg/m -> 0.701823765 kg,PRE-S7.1 11_S7_RELEASE_CANDIDATES.csv QI-00566 (manifest 3a67a8641ce4); 3 local bar strips in 04_S7_BAR_RUNS.csv
S7-0189,QI-00568,CMP-0200,SUP-1F_ROOF_SLAB-119,SUPPORT,SP-1F_ROOF_SLAB-12|SP-1F_ROOF_SLAB-23,SUP-1F_ROOF_SLAB-119,RUN-B-012+RUN-B-004 (joined by AD2 geometric continuity),1F_ROOF_SLAB,BOTTOM_SUPPORT_CROSSING,BOTTOM,Y,10,5,,0.5,0.476091,1.1902275,UNRESOLVED,,,0.2,0,,0.2380455,0.617283951,0.146941667,PROJECT_BASIS_QTO,"PROJECT_BASIS_QTO: rate density over the frozen PRE-S7.1 local bar strips; a lower bound of the physical steel (every blocked portion is excluded, not zero); not a bar-by-bar BBS","PROJECT_GEOMETRY: over the support between the two panel faces along each bar line (the far face found beyond each strip end, AD2-D15)",PROJECT_SOURCE: plan callout 5%%c10/m on SP-1F_ROOF_SLAB-12 -> 5 bars/m of Ø10; equivalent count by URBAN_RATE_DENSITY (AD2-D02); PHYSICAL_BBS_COUNT UNRESOLVED,PROJECT_SOURCE: P15-BOT-STOP-0.125L 'STOP 50% OF BOT. REINF. BALANCE CONTINUOUS' -> 0.5 (AD2-D04 exact 0.5 / 0.5 density; which physical bars stop stays a BBS question),,,,SUPPORT_GAP (face to face over the support),PROJECT_GEOMETRY,SUPPORT_FACE,PROJECT_GEOMETRY,"ENGINEERING_DERIVED (unqualified plan callout; '/Top' and '(T&B)' are marked, plan note 2 gives the top steel over beams; p.15: bottom bars 'see schedule or plan')","[""token 737 (5%%c10/m)"", ""P15-BOT-STOP-0.125L""]","[""URBAN_RATE_DENSITY (AD2-D02: equivalent count = rate x density x width, unrounded)""]","[""AD2-D02"", ""AD2-D04"", ""AD2-D15"", ""P15-BOT-STOP-0.125L""]","[""QI-00101"", ""QI-00567"", ""QI-00593""]",1,False,False,5 /m x 0.5 x 0.476091 m x 0.2 m = 0.2380455 m; x 10^2/162 = 0.617283951 kg/m -> 0.146941667 kg,PRE-S7.1 11_S7_RELEASE_CANDIDATES.csv QI-00568 (manifest 3a67a8641ce4); 1 local bar strips in 04_S7_BAR_RUNS.csv
S7-0190,QI-00569,CMP-0159,SUP-1F_ROOF_SLAB-129,SUPPORT,SP-1F_ROOF_SLAB-03|SP-1F_ROOF_SLAB-07,SUP-1F_ROOF_SLAB-129,RUN-B-004,1F_ROOF_SLAB,BOTTOM_SUPPORT_CROSSING,BOTTOM,Y,10,5,,0.5,0.072183,0.1804575,UNRESOLVED,,,0.402926564,0,,0.07271112,0.617283951,0.044883408,PROJECT_BASIS_QTO,"PROJECT_BASIS_QTO: rate density over the frozen PRE-S7.1 local bar strips; a lower bound of the physical steel (every blocked portion is excluded, not zero); not a bar-by-bar BBS","PROJECT_GEOMETRY: over the support between the two panel faces along each bar line (the far face found beyond each strip end, AD2-D15)",PROJECT_SOURCE: plan callout 5%%c10/m on SP-1F_ROOF_SLAB-03 -> 5 bars/m of Ø10; equivalent count by URBAN_RATE_DENSITY (AD2-D02); PHYSICAL_BBS_COUNT UNRESOLVED,PROJECT_SOURCE: P15-BOT-STOP-0.125L 'STOP 50% OF BOT. REINF. BALANCE CONTINUOUS' -> 0.5 (AD2-D04 exact 0.5 / 0.5 density; which physical bars stop stays a BBS question),,,,SUPPORT_GAP (face to face over the support),PROJECT_GEOMETRY,SUPPORT_FACE,PROJECT_GEOMETRY,"ENGINEERING_DERIVED (unqualified plan callout; '/Top' and '(T&B)' are marked, plan note 2 gives the top steel over beams; p.15: bottom bars 'see schedule or plan')","[""token 6F2 (5%%c10/m)"", ""P15-BOT-STOP-0.125L""]","[""URBAN_RATE_DENSITY (AD2-D02: equivalent count = rate x density x width, unrounded)""]","[""AD2-D02"", ""AD2-D04"", ""AD2-D15"", ""P15-BOT-STOP-0.125L""]","[""QI-00022"", ""QI-00571"", ""QI-00591""]",3,False,False,5 /m x 0.5 x 0.072183 m x 0.402926564 m = 0.07271112 m; x 10^2/162 = 0.617283951 kg/m -> 0.044883408 kg,PRE-S7.1 11_S7_RELEASE_CANDIDATES.csv QI-00569 (manifest 3a67a8641ce4); 3 local bar strips in 04_S7_BAR_RUNS.csv
S7-0191,QI-00570,CMP-0159,SUP-1F_ROOF_SLAB-130,SUPPORT,SP-1F_ROOF_SLAB-03|SP-1F_ROOF_SLAB-09,SUP-1F_ROOF_SLAB-130,RUN-B-004,1F_ROOF_SLAB,BOTTOM_SUPPORT_CROSSING,BOTTOM,Y,10,5,,0.5,1.597817,3.9945425,UNRESOLVED,,,0.402926335,0,,1.609506368,0.617283951,0.993522449,PROJECT_BASIS_QTO,"PROJECT_BASIS_QTO: rate density over the frozen PRE-S7.1 local bar strips; a lower bound of the physical steel (every blocked portion is excluded, not zero); not a bar-by-bar BBS","PROJECT_GEOMETRY: over the support between the two panel faces along each bar line (the far face found beyond each strip end, AD2-D15)",PROJECT_SOURCE: plan callout 5%%c10/m on SP-1F_ROOF_SLAB-03 -> 5 bars/m of Ø10; equivalent count by URBAN_RATE_DENSITY (AD2-D02); PHYSICAL_BBS_COUNT UNRESOLVED,PROJECT_SOURCE: P15-BOT-STOP-0.125L 'STOP 50% OF BOT. REINF. BALANCE CONTINUOUS' -> 0.5 (AD2-D04 exact 0.5 / 0.5 density; which physical bars stop stays a BBS question),,,,SUPPORT_GAP (face to face over the support),PROJECT_GEOMETRY,SUPPORT_FACE,PROJECT_GEOMETRY,"ENGINEERING_DERIVED (unqualified plan callout; '/Top' and '(T&B)' are marked, plan note 2 gives the top steel over beams; p.15: bottom bars 'see schedule or plan')","[""token 6F2 (5%%c10/m)"", ""P15-BOT-STOP-0.125L""]","[""URBAN_RATE_DENSITY (AD2-D02: equivalent count = rate x density x width, unrounded)""]","[""AD2-D02"", ""AD2-D04"", ""AD2-D15"", ""P15-BOT-STOP-0.125L""]","[""QI-00022"", ""QI-00571"", ""QI-00591""]",1,False,False,5 /m x 0.5 x 1.597817 m x 0.402926335 m = 1.609506368 m; x 10^2/162 = 0.617283951 kg/m -> 0.993522449 kg,PRE-S7.1 11_S7_RELEASE_CANDIDATES.csv QI-00570 (manifest 3a67a8641ce4); 1 local bar strips in 04_S7_BAR_RUNS.csv
S7-0192,QI-00572,CMP-0265,SUP-2F_ROOF_SLAB-010,SUPPORT,SP-2F_ROOF_SLAB-07|SP-2F_ROOF_SLAB-08,SUP-2F_ROOF_SLAB-010,RUN-B-026,2F_ROOF_SLAB,BOTTOM_SUPPORT_CROSSING,BOTTOM,X,10,5,,0.5,1.2,3,UNRESOLVED,,,0.2,0,,0.6,0.617283951,0.37037037,PROJECT_BASIS_QTO,"PROJECT_BASIS_QTO: rate density over the frozen PRE-S7.1 local bar strips; a lower bound of the physical steel (every blocked portion is excluded, not zero); not a bar-by-bar BBS","PROJECT_GEOMETRY: over the support between the two panel faces along each bar line (the far face found beyond each strip end, AD2-D15)",PROJECT_SOURCE: plan callout 5%%c10/m on SP-2F_ROOF_SLAB-07 -> 5 bars/m of Ø10; equivalent count by URBAN_RATE_DENSITY (AD2-D02); PHYSICAL_BBS_COUNT UNRESOLVED,PROJECT_SOURCE: P15-BOT-STOP-0.125L 'STOP 50% OF BOT. REINF. BALANCE CONTINUOUS' -> 0.5 (AD2-D04 exact 0.5 / 0.5 density; which physical bars stop stays a BBS question),,,,SUPPORT_GAP (face to face over the support),PROJECT_GEOMETRY,SUPPORT_FACE,PROJECT_GEOMETRY,"ENGINEERING_DERIVED (unqualified plan callout; '/Top' and '(T&B)' are marked, plan note 2 gives the top steel over beams; p.15: bottom bars 'see schedule or plan')","[""token 788 (5%%c10/m)"", ""P15-BOT-STOP-0.125L""]","[""URBAN_RATE_DENSITY (AD2-D02: equivalent count = rate x density x width, unrounded)""]","[""AD2-D02"", ""AD2-D04"", ""AD2-D15"", ""P15-BOT-STOP-0.125L""]","[""QI-00198"", ""QI-00596""]",21,False,False,5 /m x 0.5 x 1.2 m x 0.2 m = 0.6 m; x 10^2/162 = 0.617283951 kg/m -> 0.37037037 kg,PRE-S7.1 11_S7_RELEASE_CANDIDATES.csv QI-00572 (manifest 3a67a8641ce4); 21 local bar strips in 04_S7_BAR_RUNS.csv
S7-0193,QI-00573,CMP-0250,SUP-2F_ROOF_SLAB-066,SUPPORT,SP-2F_ROOF_SLAB-03|SP-2F_ROOF_SLAB-07,SUP-2F_ROOF_SLAB-066,RUN-B-021,2F_ROOF_SLAB,BOTTOM_SUPPORT_CROSSING,BOTTOM,Y,10,5,,0.5,1.8,4.5,UNRESOLVED,,,0.2,0,,0.9,0.617283951,0.555555556,PROJECT_BASIS_QTO,"PROJECT_BASIS_QTO: rate density over the frozen PRE-S7.1 local bar strips; a lower bound of the physical steel (every blocked portion is excluded, not zero); not a bar-by-bar BBS","PROJECT_GEOMETRY: over the support between the two panel faces along each bar line (the far face found beyond each strip end, AD2-D15)",PROJECT_SOURCE: plan callout 5%%c10/m on SP-2F_ROOF_SLAB-03 -> 5 bars/m of Ø10; equivalent count by URBAN_RATE_DENSITY (AD2-D02); PHYSICAL_BBS_COUNT UNRESOLVED,PROJECT_SOURCE: P15-BOT-STOP-0.125L 'STOP 50% OF BOT. REINF. BALANCE CONTINUOUS' -> 0.5 (AD2-D04 exact 0.5 / 0.5 density; which physical bars stop stays a BBS question),,,,SUPPORT_GAP (face to face over the support),PROJECT_GEOMETRY,SUPPORT_FACE,PROJECT_GEOMETRY,"ENGINEERING_DERIVED (unqualified plan callout; '/Top' and '(T&B)' are marked, plan note 2 gives the top steel over beams; p.15: bottom bars 'see schedule or plan')","[""token 791 (5%%c10/m)"", ""P15-BOT-STOP-0.125L""]","[""URBAN_RATE_DENSITY (AD2-D02: equivalent count = rate x density x width, unrounded)""]","[""AD2-D02"", ""AD2-D04"", ""AD2-D15"", ""P15-BOT-STOP-0.125L""]","[""QI-00167"", ""QI-00595""]",1,False,False,5 /m x 0.5 x 1.8 m x 0.2 m = 0.9 m; x 10^2/162 = 0.617283951 kg/m -> 0.555555556 kg,PRE-S7.1 11_S7_RELEASE_CANDIDATES.csv QI-00573 (manifest 3a67a8641ce4); 1 local bar strips in 04_S7_BAR_RUNS.csv
S7-0194,QI-00574,CMP-0126,SUP-GF_ROOF_SLAB-005,SUPPORT,SP-GF_ROOF_SLAB-30|SP-GF_ROOF_SLAB-31,SUP-GF_ROOF_SLAB-005,RUN-B-064+RUN-B-066 (joined by AD2 geometric continuity),GF_ROOF_SLAB,BOTTOM_SUPPORT_CROSSING,BOTTOM,X,10,5,,0.5,1.2,3,UNRESOLVED,,,1.118575,0,,3.355725,0.617283951,2.071435185,PROJECT_BASIS_QTO,"PROJECT_BASIS_QTO: rate density over the frozen PRE-S7.1 local bar strips; a lower bound of the physical steel (every blocked portion is excluded, not zero); not a bar-by-bar BBS","PROJECT_GEOMETRY: over the support between the two panel faces along each bar line (the far face found beyond each strip end, AD2-D15)",PROJECT_SOURCE: plan callout 5%%c10/m on SP-GF_ROOF_SLAB-30 -> 5 bars/m of Ø10; equivalent count by URBAN_RATE_DENSITY (AD2-D02); PHYSICAL_BBS_COUNT UNRESOLVED,PROJECT_SOURCE: P15-BOT-STOP-0.125L 'STOP 50% OF BOT. REINF. BALANCE CONTINUOUS' -> 0.5 (AD2-D04 exact 0.5 / 0.5 density; which physical bars stop stays a BBS question),,,,SUPPORT_GAP (face to face over the support),PROJECT_GEOMETRY,SUPPORT_FACE,PROJECT_GEOMETRY,"ENGINEERING_DERIVED (unqualified plan callout; '/Top' and '(T&B)' are marked, plan note 2 gives the top steel over beams; p.15: bottom bars 'see schedule or plan')","[""token 4F0 (5%%c10/m)"", ""P15-BOT-STOP-0.125L""]","[""URBAN_RATE_DENSITY (AD2-D02: equivalent count = rate x density x width, unrounded)""]","[""AD2-D02"", ""AD2-D04"", ""AD2-D15"", ""P15-BOT-STOP-0.125L""]","[""QI-00505"", ""QI-00507""]",1,False,False,5 /m x 0.5 x 1.2 m x 1.118575 m = 3.355725 m; x 10^2/162 = 0.617283951 kg/m -> 2.071435185 kg,PRE-S7.1 11_S7_RELEASE_CANDIDATES.csv QI-00574 (manifest 3a67a8641ce4); 1 local bar strips in 04_S7_BAR_RUNS.csv
S7-0195,QI-00575,CMP-0078,SUP-GF_ROOF_SLAB-037,SUPPORT,SP-GF_ROOF_SLAB-19|SP-GF_ROOF_SLAB-26,SUP-GF_ROOF_SLAB-037,RUN-B-051,GF_ROOF_SLAB,BOTTOM_SUPPORT_CROSSING,BOTTOM,Y,10,6,,0.5,4,12,UNRESOLVED,,,0.2,0,,2.4,0.617283951,1.481481481,PROJECT_BASIS_QTO,"PROJECT_BASIS_QTO: rate density over the frozen PRE-S7.1 local bar strips; a lower bound of the physical steel (every blocked portion is excluded, not zero); not a bar-by-bar BBS","PROJECT_GEOMETRY: over the support between the two panel faces along each bar line (the far face found beyond each strip end, AD2-D15)",PROJECT_SOURCE: plan callout 6%%C10/m on SP-GF_ROOF_SLAB-19 -> 6 bars/m of Ø10; equivalent count by URBAN_RATE_DENSITY (AD2-D02); PHYSICAL_BBS_COUNT UNRESOLVED,PROJECT_SOURCE: P15-BOT-STOP-0.125L 'STOP 50% OF BOT. REINF. BALANCE CONTINUOUS' -> 0.5 (AD2-D04 exact 0.5 / 0.5 density; which physical bars stop stays a BBS question),,,,SUPPORT_GAP (face to face over the support),PROJECT_GEOMETRY,SUPPORT_FACE,PROJECT_GEOMETRY,"ENGINEERING_DERIVED (unqualified plan callout; '/Top' and '(T&B)' are marked, plan note 2 gives the top steel over beams; p.15: bottom bars 'see schedule or plan')","[""token 531 (6%%C10/m)"", ""P15-BOT-STOP-0.125L""]","[""URBAN_RATE_DENSITY (AD2-D02: equivalent count = rate x density x width, unrounded)""]","[""AD2-D02"", ""AD2-D04"", ""AD2-D15"", ""P15-BOT-STOP-0.125L""]","[""QI-00387"", ""QI-00388"", ""QI-00603""]",32,False,False,6 /m x 0.5 x 4 m x 0.2 m = 2.4 m; x 10^2/162 = 0.617283951 kg/m -> 1.481481481 kg,PRE-S7.1 11_S7_RELEASE_CANDIDATES.csv QI-00575 (manifest 3a67a8641ce4); 32 local bar strips in 04_S7_BAR_RUNS.csv
S7-0196,QI-00576,CMP-0116,SUP-GF_ROOF_SLAB-065,SUPPORT,SP-GF_ROOF_SLAB-27|SP-GF_ROOF_SLAB-34,SUP-GF_ROOF_SLAB-065,RUN-B-060,GF_ROOF_SLAB,BOTTOM_SUPPORT_CROSSING,BOTTOM,X,10,7,,0.5,4.5,15.75,UNRESOLVED,,,0.2,0,,3.15,0.617283951,1.944444444,PROJECT_BASIS_QTO,"PROJECT_BASIS_QTO: rate density over the frozen PRE-S7.1 local bar strips; a lower bound of the physical steel (every blocked portion is excluded, not zero); not a bar-by-bar BBS","PROJECT_GEOMETRY: over the support between the two panel faces along each bar line (the far face found beyond each strip end, AD2-D15)",PROJECT_SOURCE: plan callout 7%%C10/m on SP-GF_ROOF_SLAB-27 -> 7 bars/m of Ø10; equivalent count by URBAN_RATE_DENSITY (AD2-D02); PHYSICAL_BBS_COUNT UNRESOLVED,PROJECT_SOURCE: P15-BOT-STOP-0.125L 'STOP 50% OF BOT. REINF. BALANCE CONTINUOUS' -> 0.5 (AD2-D04 exact 0.5 / 0.5 density; which physical bars stop stays a BBS question),,,,SUPPORT_GAP (face to face over the support),PROJECT_GEOMETRY,SUPPORT_FACE,PROJECT_GEOMETRY,"ENGINEERING_DERIVED (unqualified plan callout; '/Top' and '(T&B)' are marked, plan note 2 gives the top steel over beams; p.15: bottom bars 'see schedule or plan')","[""token 501 (7%%C10/m)"", ""P15-BOT-STOP-0.125L""]","[""URBAN_RATE_DENSITY (AD2-D02: equivalent count = rate x density x width, unrounded)""]","[""AD2-D02"", ""AD2-D04"", ""AD2-D15"", ""P15-BOT-STOP-0.125L""]","[""QI-00477""]",5,False,False,7 /m x 0.5 x 4.5 m x 0.2 m = 3.15 m; x 10^2/162 = 0.617283951 kg/m -> 1.944444444 kg,PRE-S7.1 11_S7_RELEASE_CANDIDATES.csv QI-00576 (manifest 3a67a8641ce4); 5 local bar strips in 04_S7_BAR_RUNS.csv
S7-0197,QI-00577,CMP-0110,SUP-GF_ROOF_SLAB-069,SUPPORT,SP-GF_ROOF_SLAB-26|SP-GF_ROOF_SLAB-27,SUP-GF_ROOF_SLAB-069,RUN-B-060,GF_ROOF_SLAB,BOTTOM_SUPPORT_CROSSING,BOTTOM,X,10,7,,0.5,4.45,15.575,UNRESOLVED,,,0.2,0,,3.115,0.617283951,1.922839506,PROJECT_BASIS_QTO,"PROJECT_BASIS_QTO: rate density over the frozen PRE-S7.1 local bar strips; a lower bound of the physical steel (every blocked portion is excluded, not zero); not a bar-by-bar BBS","PROJECT_GEOMETRY: over the support between the two panel faces along each bar line (the far face found beyond each strip end, AD2-D15)",PROJECT_SOURCE: plan callout 7%%C10/m on SP-GF_ROOF_SLAB-26 -> 7 bars/m of Ø10; equivalent count by URBAN_RATE_DENSITY (AD2-D02); PHYSICAL_BBS_COUNT UNRESOLVED,PROJECT_SOURCE: P15-BOT-STOP-0.125L 'STOP 50% OF BOT. REINF. BALANCE CONTINUOUS' -> 0.5 (AD2-D04 exact 0.5 / 0.5 density; which physical bars stop stays a BBS question),,,,SUPPORT_GAP (face to face over the support),PROJECT_GEOMETRY,SUPPORT_FACE,PROJECT_GEOMETRY,"ENGINEERING_DERIVED (unqualified plan callout; '/Top' and '(T&B)' are marked, plan note 2 gives the top steel over beams; p.15: bottom bars 'see schedule or plan')","[""token 506 (7%%C10/m)"", ""P15-BOT-STOP-0.125L""]","[""URBAN_RATE_DENSITY (AD2-D02: equivalent count = rate x density x width, unrounded)""]","[""AD2-D02"", ""AD2-D04"", ""AD2-D15"", ""P15-BOT-STOP-0.125L""]","[""QI-00465"", ""QI-00466"", ""QI-00604""]",1,False,False,7 /m x 0.5 x 4.45 m x 0.2 m = 3.115 m; x 10^2/162 = 0.617283951 kg/m -> 1.922839506 kg,PRE-S7.1 11_S7_RELEASE_CANDIDATES.csv QI-00577 (manifest 3a67a8641ce4); 1 local bar strips in 04_S7_BAR_RUNS.csv
S7-0198,QI-00578,CMP-0137,SUP-GF_ROOF_SLAB-075,SUPPORT,SP-GF_ROOF_SLAB-32|SP-GF_ROOF_SLAB-33,SUP-GF_ROOF_SLAB-075,RUN-B-066,GF_ROOF_SLAB,BOTTOM_SUPPORT_CROSSING,BOTTOM,X,10,5,,0.5,1.2,3,UNRESOLVED,,,0.2,0,,0.6,0.617283951,0.37037037,PROJECT_BASIS_QTO,"PROJECT_BASIS_QTO: rate density over the frozen PRE-S7.1 local bar strips; a lower bound of the physical steel (every blocked portion is excluded, not zero); not a bar-by-bar BBS","PROJECT_GEOMETRY: over the support between the two panel faces along each bar line (the far face found beyond each strip end, AD2-D15)",PROJECT_SOURCE: plan callout 5%%c10/m on SP-GF_ROOF_SLAB-32 -> 5 bars/m of Ø10; equivalent count by URBAN_RATE_DENSITY (AD2-D02); PHYSICAL_BBS_COUNT UNRESOLVED,PROJECT_SOURCE: P15-BOT-STOP-0.125L 'STOP 50% OF BOT. REINF. BALANCE CONTINUOUS' -> 0.5 (AD2-D04 exact 0.5 / 0.5 density; which physical bars stop stays a BBS question),,,,SUPPORT_GAP (face to face over the support),PROJECT_GEOMETRY,SUPPORT_FACE,PROJECT_GEOMETRY,"ENGINEERING_DERIVED (unqualified plan callout; '/Top' and '(T&B)' are marked, plan note 2 gives the top steel over beams; p.15: bottom bars 'see schedule or plan')","[""token 50C (5%%c10/m)"", ""P15-BOT-STOP-0.125L""]","[""URBAN_RATE_DENSITY (AD2-D02: equivalent count = rate x density x width, unrounded)""]","[""AD2-D02"", ""AD2-D04"", ""AD2-D15"", ""P15-BOT-STOP-0.125L""]",[],1,False,False,5 /m x 0.5 x 1.2 m x 0.2 m = 0.6 m; x 10^2/162 = 0.617283951 kg/m -> 0.37037037 kg,PRE-S7.1 11_S7_RELEASE_CANDIDATES.csv QI-00578 (manifest 3a67a8641ce4); 1 local bar strips in 04_S7_BAR_RUNS.csv
S7-0199,QI-00579,CMP-0059,SUP-GF_ROOF_SLAB-077,SUPPORT,SP-GF_ROOF_SLAB-16|SP-GF_ROOF_SLAB-18,SUP-GF_ROOF_SLAB-077,RUN-B-046,GF_ROOF_SLAB,BOTTOM_SUPPORT_CROSSING,BOTTOM,X,10,5,,0.5,1.25,3.125,UNRESOLVED,,,0.5,0,,1.5625,0.617283951,0.964506173,PROJECT_BASIS_QTO,"PROJECT_BASIS_QTO: rate density over the frozen PRE-S7.1 local bar strips; a lower bound of the physical steel (every blocked portion is excluded, not zero); not a bar-by-bar BBS","PROJECT_GEOMETRY: over the support between the two panel faces along each bar line (the far face found beyond each strip end, AD2-D15)",PROJECT_SOURCE: plan callout 5%%c10/m on SP-GF_ROOF_SLAB-16 -> 5 bars/m of Ø10; equivalent count by URBAN_RATE_DENSITY (AD2-D02); PHYSICAL_BBS_COUNT UNRESOLVED,PROJECT_SOURCE: P15-BOT-STOP-0.125L 'STOP 50% OF BOT. REINF. BALANCE CONTINUOUS' -> 0.5 (AD2-D04 exact 0.5 / 0.5 density; which physical bars stop stays a BBS question),,,,SUPPORT_GAP (face to face over the support),PROJECT_GEOMETRY,SUPPORT_FACE,PROJECT_GEOMETRY,"ENGINEERING_DERIVED (unqualified plan callout; '/Top' and '(T&B)' are marked, plan note 2 gives the top steel over beams; p.15: bottom bars 'see schedule or plan')","[""token 4B4 (5%%c10/m)"", ""P15-BOT-STOP-0.125L""]","[""URBAN_RATE_DENSITY (AD2-D02: equivalent count = rate x density x width, unrounded)""]","[""AD2-D02"", ""AD2-D04"", ""AD2-D15"", ""P15-BOT-STOP-0.125L""]","[""QI-00335"", ""QI-00337"", ""QI-00602""]",2,False,False,5 /m x 0.5 x 1.25 m x 0.5 m = 1.5625 m; x 10^2/162 = 0.617283951 kg/m -> 0.964506173 kg,PRE-S7.1 11_S7_RELEASE_CANDIDATES.csv QI-00579 (manifest 3a67a8641ce4); 2 local bar strips in 04_S7_BAR_RUNS.csv
S7-0200,QI-00580,CMP-0131,SUP-GF_ROOF_SLAB-079,SUPPORT,SP-GF_ROOF_SLAB-31|SP-GF_ROOF_SLAB-32,SUP-GF_ROOF_SLAB-079,RUN-B-066,GF_ROOF_SLAB,BOTTOM_SUPPORT_CROSSING,BOTTOM,X,10,5,,0.5,1.2,3,UNRESOLVED,,,0.5,0,,1.5,0.617283951,0.925925926,PROJECT_BASIS_QTO,"PROJECT_BASIS_QTO: rate density over the frozen PRE-S7.1 local bar strips; a lower bound of the physical steel (every blocked portion is excluded, not zero); not a bar-by-bar BBS","PROJECT_GEOMETRY: over the support between the two panel faces along each bar line (the far face found beyond each strip end, AD2-D15)",PROJECT_SOURCE: plan callout 5%%c10/m on SP-GF_ROOF_SLAB-31 -> 5 bars/m of Ø10; equivalent count by URBAN_RATE_DENSITY (AD2-D02); PHYSICAL_BBS_COUNT UNRESOLVED,PROJECT_SOURCE: P15-BOT-STOP-0.125L 'STOP 50% OF BOT. REINF. BALANCE CONTINUOUS' -> 0.5 (AD2-D04 exact 0.5 / 0.5 density; which physical bars stop stays a BBS question),,,,SUPPORT_GAP (face to face over the support),PROJECT_GEOMETRY,SUPPORT_FACE,PROJECT_GEOMETRY,"ENGINEERING_DERIVED (unqualified plan callout; '/Top' and '(T&B)' are marked, plan note 2 gives the top steel over beams; p.15: bottom bars 'see schedule or plan')","[""token 4F5 (5%%c10/m)"", ""P15-BOT-STOP-0.125L""]","[""URBAN_RATE_DENSITY (AD2-D02: equivalent count = rate x density x width, unrounded)""]","[""AD2-D02"", ""AD2-D04"", ""AD2-D15"", ""P15-BOT-STOP-0.125L""]","[""QI-00605""]",1,False,False,5 /m x 0.5 x 1.2 m x 0.5 m = 1.5 m; x 10^2/162 = 0.617283951 kg/m -> 0.925925926 kg,PRE-S7.1 11_S7_RELEASE_CANDIDATES.csv QI-00580 (manifest 3a67a8641ce4); 1 local bar strips in 04_S7_BAR_RUNS.csv
S7-0201,QI-00581,CMP-0007,SUP-GF_ROOF_SLAB-106,SUPPORT,SP-GF_ROOF_SLAB-04|SP-GF_ROOF_SLAB-05,SUP-GF_ROOF_SLAB-106,RUN-B-030,GF_ROOF_SLAB,BOTTOM_SUPPORT_CROSSING,BOTTOM,X,10,5,,0.5,1.75,4.375,UNRESOLVED,,,0.2,0,,0.875,0.617283951,0.540123457,PROJECT_BASIS_QTO,"PROJECT_BASIS_QTO: rate density over the frozen PRE-S7.1 local bar strips; a lower bound of the physical steel (every blocked portion is excluded, not zero); not a bar-by-bar BBS","PROJECT_GEOMETRY: over the support between the two panel faces along each bar line (the far face found beyond each strip end, AD2-D15)",PROJECT_SOURCE: plan callout 5%%c10/m on SP-GF_ROOF_SLAB-04 -> 5 bars/m of Ø10; equivalent count by URBAN_RATE_DENSITY (AD2-D02); PHYSICAL_BBS_COUNT UNRESOLVED,PROJECT_SOURCE: P15-BOT-STOP-0.125L 'STOP 50% OF BOT. REINF. BALANCE CONTINUOUS' -> 0.5 (AD2-D04 exact 0.5 / 0.5 density; which physical bars stop stays a BBS question),,,,SUPPORT_GAP (face to face over the support),PROJECT_GEOMETRY,SUPPORT_FACE,PROJECT_GEOMETRY,"ENGINEERING_DERIVED (unqualified plan callout; '/Top' and '(T&B)' are marked, plan note 2 gives the top steel over beams; p.15: bottom bars 'see schedule or plan')","[""token 4AE (5%%c10/m)"", ""P15-BOT-STOP-0.125L""]","[""URBAN_RATE_DENSITY (AD2-D02: equivalent count = rate x density x width, unrounded)""]","[""AD2-D02"", ""AD2-D04"", ""AD2-D15"", ""P15-BOT-STOP-0.125L""]","[""QI-00220"", ""QI-00597""]",3,True,False,5 /m x 0.5 x 1.75 m x 0.2 m = 0.875 m; x 10^2/162 = 0.617283951 kg/m -> 0.540123457 kg,PRE-S7.1 11_S7_RELEASE_CANDIDATES.csv QI-00581 (manifest 3a67a8641ce4); 3 local bar strips in 04_S7_BAR_RUNS.csv
S7-0202,QI-00582,CMP-0032,SUP-GF_ROOF_SLAB-107,SUPPORT,SP-GF_ROOF_SLAB-10|SP-GF_ROOF_SLAB-11,SUP-GF_ROOF_SLAB-107,RUN-B-035,GF_ROOF_SLAB,BOTTOM_SUPPORT_CROSSING,BOTTOM,X,10,5,,0.5,2.604065,6.5101625,UNRESOLVED,,,0.2,0,,1.3020325,0.617283951,0.803723765,PROJECT_BASIS_QTO,"PROJECT_BASIS_QTO: rate density over the frozen PRE-S7.1 local bar strips; a lower bound of the physical steel (every blocked portion is excluded, not zero); not a bar-by-bar BBS","PROJECT_GEOMETRY: over the support between the two panel faces along each bar line (the far face found beyond each strip end, AD2-D15)",PROJECT_SOURCE: plan callout 5%%c10/m on SP-GF_ROOF_SLAB-10 -> 5 bars/m of Ø10; equivalent count by URBAN_RATE_DENSITY (AD2-D02); PHYSICAL_BBS_COUNT UNRESOLVED,PROJECT_SOURCE: P15-BOT-STOP-0.125L 'STOP 50% OF BOT. REINF. BALANCE CONTINUOUS' -> 0.5 (AD2-D04 exact 0.5 / 0.5 density; which physical bars stop stays a BBS question),,,,SUPPORT_GAP (face to face over the support),PROJECT_GEOMETRY,SUPPORT_FACE,PROJECT_GEOMETRY,"ENGINEERING_DERIVED (unqualified plan callout; '/Top' and '(T&B)' are marked, plan note 2 gives the top steel over beams; p.15: bottom bars 'see schedule or plan')","[""token 4C5 (5%%c10/m)"", ""P15-BOT-STOP-0.125L""]","[""URBAN_RATE_DENSITY (AD2-D02: equivalent count = rate x density x width, unrounded)""]","[""AD2-D02"", ""AD2-D04"", ""AD2-D15"", ""P15-BOT-STOP-0.125L""]","[""QI-00271"", ""QI-00273"", ""QI-00598""]",11,False,False,5 /m x 0.5 x 2.604065 m x 0.2 m = 1.3020325 m; x 10^2/162 = 0.617283951 kg/m -> 0.803723765 kg,PRE-S7.1 11_S7_RELEASE_CANDIDATES.csv QI-00582 (manifest 3a67a8641ce4); 11 local bar strips in 04_S7_BAR_RUNS.csv
S7-0203,QI-00583,CMP-0022,SUP-GF_ROOF_SLAB-124,SUPPORT,SP-GF_ROOF_SLAB-07|SP-GF_ROOF_SLAB-11,SUP-GF_ROOF_SLAB-124,RUN-B-035,GF_ROOF_SLAB,BOTTOM_SUPPORT_CROSSING,BOTTOM,X,10,5,,0.5,1,2.5,UNRESOLVED,,,0.2,0,,0.5,0.617283951,0.308641975,PROJECT_BASIS_QTO,"PROJECT_BASIS_QTO: rate density over the frozen PRE-S7.1 local bar strips; a lower bound of the physical steel (every blocked portion is excluded, not zero); not a bar-by-bar BBS","PROJECT_GEOMETRY: over the support between the two panel faces along each bar line (the far face found beyond each strip end, AD2-D15)",PROJECT_SOURCE: plan callout 5%%c10/m on SP-GF_ROOF_SLAB-07 -> 5 bars/m of Ø10; equivalent count by URBAN_RATE_DENSITY (AD2-D02); PHYSICAL_BBS_COUNT UNRESOLVED,PROJECT_SOURCE: P15-BOT-STOP-0.125L 'STOP 50% OF BOT. REINF. BALANCE CONTINUOUS' -> 0.5 (AD2-D04 exact 0.5 / 0.5 density; which physical bars stop stays a BBS question),,,,SUPPORT_GAP (face to face over the support),PROJECT_GEOMETRY,SUPPORT_FACE,PROJECT_GEOMETRY,"ENGINEERING_DERIVED (unqualified plan callout; '/Top' and '(T&B)' are marked, plan note 2 gives the top steel over beams; p.15: bottom bars 'see schedule or plan')","[""token 4A4 (5%%c10/m)"", ""P15-BOT-STOP-0.125L""]","[""URBAN_RATE_DENSITY (AD2-D02: equivalent count = rate x density x width, unrounded)""]","[""AD2-D02"", ""AD2-D04"", ""AD2-D15"", ""P15-BOT-STOP-0.125L""]","[""QI-00248"", ""QI-00249"", ""QI-00250"", ""QI-00251""]",2,False,False,5 /m x 0.5 x 1 m x 0.2 m = 0.5 m; x 10^2/162 = 0.617283951 kg/m -> 0.308641975 kg,PRE-S7.1 11_S7_RELEASE_CANDIDATES.csv QI-00583 (manifest 3a67a8641ce4); 2 local bar strips in 04_S7_BAR_RUNS.csv
S7-0204,QI-00584,CMP-0040,SUP-GF_ROOF_SLAB-154,SUPPORT,SP-GF_ROOF_SLAB-11|SP-GF_ROOF_SLAB-18,SUP-GF_ROOF_SLAB-154,RUN-B-040,GF_ROOF_SLAB,BOTTOM_SUPPORT_CROSSING,BOTTOM,Y,10,5,,0.5,1.42,3.55,UNRESOLVED,,,0.255462,0,,0.9068901,0.617283951,0.559808704,PROJECT_BASIS_QTO,"PROJECT_BASIS_QTO: rate density over the frozen PRE-S7.1 local bar strips; a lower bound of the physical steel (every blocked portion is excluded, not zero); not a bar-by-bar BBS","PROJECT_GEOMETRY: over the support between the two panel faces along each bar line (the far face found beyond each strip end, AD2-D15)",PROJECT_SOURCE: plan callout 5%%c10/m on SP-GF_ROOF_SLAB-11 -> 5 bars/m of Ø10; equivalent count by URBAN_RATE_DENSITY (AD2-D02); PHYSICAL_BBS_COUNT UNRESOLVED,PROJECT_SOURCE: P15-BOT-STOP-0.125L 'STOP 50% OF BOT. REINF. BALANCE CONTINUOUS' -> 0.5 (AD2-D04 exact 0.5 / 0.5 density; which physical bars stop stays a BBS question),,,,SUPPORT_GAP (face to face over the support),PROJECT_GEOMETRY,SUPPORT_FACE,PROJECT_GEOMETRY,"ENGINEERING_DERIVED (unqualified plan callout; '/Top' and '(T&B)' are marked, plan note 2 gives the top steel over beams; p.15: bottom bars 'see schedule or plan')","[""token 4A7 (5%%c10/m)"", ""P15-BOT-STOP-0.125L""]","[""URBAN_RATE_DENSITY (AD2-D02: equivalent count = rate x density x width, unrounded)""]","[""AD2-D02"", ""AD2-D04"", ""AD2-D15"", ""P15-BOT-STOP-0.125L""]","[""QI-00290"", ""QI-00291"", ""QI-00600""]",1,False,False,5 /m x 0.5 x 1.42 m x 0.255462 m = 0.9068901 m; x 10^2/162 = 0.617283951 kg/m -> 0.559808704 kg,PRE-S7.1 11_S7_RELEASE_CANDIDATES.csv QI-00584 (manifest 3a67a8641ce4); 1 local bar strips in 04_S7_BAR_RUNS.csv
S7-0205,QI-00585,CMP-0028,SUP-GF_ROOF_SLAB-159,SUPPORT,SP-GF_ROOF_SLAB-08|SP-GF_ROOF_SLAB-14,SUP-GF_ROOF_SLAB-159,RUN-B-038,GF_ROOF_SLAB,BOTTOM_SUPPORT_CROSSING,BOTTOM,Y,10,5,,0.5,1.580277,3.9506925,UNRESOLVED,,,0.45,0,,1.777811625,0.617283951,1.097414583,PROJECT_BASIS_QTO,"PROJECT_BASIS_QTO: rate density over the frozen PRE-S7.1 local bar strips; a lower bound of the physical steel (every blocked portion is excluded, not zero); not a bar-by-bar BBS","PROJECT_GEOMETRY: over the support between the two panel faces along each bar line (the far face found beyond each strip end, AD2-D15)",PROJECT_SOURCE: plan callout 5%%c10/m on SP-GF_ROOF_SLAB-08 -> 5 bars/m of Ø10; equivalent count by URBAN_RATE_DENSITY (AD2-D02); PHYSICAL_BBS_COUNT UNRESOLVED,PROJECT_SOURCE: P15-BOT-STOP-0.125L 'STOP 50% OF BOT. REINF. BALANCE CONTINUOUS' -> 0.5 (AD2-D04 exact 0.5 / 0.5 density; which physical bars stop stays a BBS question),,,,SUPPORT_GAP (face to face over the support),PROJECT_GEOMETRY,SUPPORT_FACE,PROJECT_GEOMETRY,"ENGINEERING_DERIVED (unqualified plan callout; '/Top' and '(T&B)' are marked, plan note 2 gives the top steel over beams; p.15: bottom bars 'see schedule or plan')","[""token 4D1 (5%%c10/m)"", ""P15-BOT-STOP-0.125L""]","[""URBAN_RATE_DENSITY (AD2-D02: equivalent count = rate x density x width, unrounded)""]","[""AD2-D02"", ""AD2-D04"", ""AD2-D15"", ""P15-BOT-STOP-0.125L""]","[""QI-00265"", ""QI-00266"", ""QI-00267"", ""QI-00268""]",4,False,False,5 /m x 0.5 x 1.580277 m x 0.45 m = 1.777811625 m; x 10^2/162 = 0.617283951 kg/m -> 1.097414583 kg,PRE-S7.1 11_S7_RELEASE_CANDIDATES.csv QI-00585 (manifest 3a67a8641ce4); 4 local bar strips in 04_S7_BAR_RUNS.csv
S7-0206,QI-00586,CMP-0055,SUP-GF_ROOF_SLAB-165,SUPPORT,SP-GF_ROOF_SLAB-15|SP-GF_ROOF_SLAB-23,SUP-GF_ROOF_SLAB-165,RUN-B-045,GF_ROOF_SLAB,BOTTOM_SUPPORT_CROSSING,BOTTOM,Y,10,5,,0.5,0.95,2.375,UNRESOLVED,,,0.2,0,,0.475,0.617283951,0.293209877,PROJECT_BASIS_QTO,"PROJECT_BASIS_QTO: rate density over the frozen PRE-S7.1 local bar strips; a lower bound of the physical steel (every blocked portion is excluded, not zero); not a bar-by-bar BBS","PROJECT_GEOMETRY: over the support between the two panel faces along each bar line (the far face found beyond each strip end, AD2-D15)",PROJECT_SOURCE: plan callout 5%%c10/m on SP-GF_ROOF_SLAB-15 -> 5 bars/m of Ø10; equivalent count by URBAN_RATE_DENSITY (AD2-D02); PHYSICAL_BBS_COUNT UNRESOLVED,PROJECT_SOURCE: P15-BOT-STOP-0.125L 'STOP 50% OF BOT. REINF. BALANCE CONTINUOUS' -> 0.5 (AD2-D04 exact 0.5 / 0.5 density; which physical bars stop stays a BBS question),,,,SUPPORT_GAP (face to face over the support),PROJECT_GEOMETRY,SUPPORT_FACE,PROJECT_GEOMETRY,"ENGINEERING_DERIVED (unqualified plan callout; '/Top' and '(T&B)' are marked, plan note 2 gives the top steel over beams; p.15: bottom bars 'see schedule or plan')","[""token 5B7 (5%%c10/m)"", ""P15-BOT-STOP-0.125L""]","[""URBAN_RATE_DENSITY (AD2-D02: equivalent count = rate x density x width, unrounded)""]","[""AD2-D02"", ""AD2-D04"", ""AD2-D15"", ""P15-BOT-STOP-0.125L""]","[""QI-00329"", ""QI-00330"", ""QI-00601""]",32,False,False,5 /m x 0.5 x 0.95 m x 0.2 m = 0.475 m; x 10^2/162 = 0.617283951 kg/m -> 0.293209877 kg,PRE-S7.1 11_S7_RELEASE_CANDIDATES.csv QI-00586 (manifest 3a67a8641ce4); 32 local bar strips in 04_S7_BAR_RUNS.csv
S7-0207,QI-00606,CMP-0276,SUP-2F_ROOF_SLAB-001,SUPPORT,SP-2F_ROOF_SLAB-04,SUP-2F_ROOF_SLAB-001,TOP:SUP-2F_ROOF_SLAB-001:SP-2F_ROOF_SLAB-04:X,2F_ROOF_SLAB,TOP_OVER_SUPPORT_EXTENSION,TOP,X,10,5,,1,4.818267,24.091335,UNRESOLVED,3,,0,1,1,24.091335,0.617283951,14.871194444,PROJECT_BASIS_QTO,"PROJECT_BASIS_QTO: rate density over the frozen PRE-S7.1 local bar strips; a lower bound of the physical steel (every blocked portion is excluded, not zero); not a bar-by-bar BBS","PROJECT_SOURCE ratio 1/3 (P4-6-NOTE-2-TOP-OVER-BEAMS: 'length one third of the span'); URBAN_OWNER_MEASUREMENT_RULE URBAN_QTO_TOP_OVER_SUPPORT_EXTENT_V1: measured from the support face into the clear span of SP-2F_ROOF_SLAB-04 (note 2 does not state the origin, the span or total-vs-each-side)","PROJECT_SOURCE: plan note 2 (5Ø10/m top steel over beams, both directions) -> 5 bars/m of Ø10; equivalent count by URBAN_RATE_DENSITY (AD2-D02); PHYSICAL_BBS_COUNT UNRESOLVED",PROJECT_SOURCE: full callout density 1 (no 50 % rule split on this item),0.333333333,P4-6-NOTE-2-TOP-OVER-BEAMS,PROJECT_SOURCE,"CLEAR_SPAN of the panel on each side, along each bar line",URBAN_OWNER_MEASUREMENT_RULE,SUPPORT_FACE (extension into the clear span),URBAN_OWNER_MEASUREMENT_RULE,PROJECT_SOURCE (plan note 2: top steel),"[""P4-6-NOTE-2-TOP-OVER-BEAMS""]","[""URBAN_RATE_DENSITY (AD2-D02: equivalent count = rate x density x width, unrounded)"", ""URBAN_QTO_TOP_OVER_SUPPORT_EXTENT_V1""]","[""AD2-D02"", ""AD2-D05"", ""AD2-D06""]","[""QI-00607""]",16,False,False,5 /m x 1 x 4.818267 m x 1 m = 24.091335 m; x 10^2/162 = 0.617283951 kg/m -> 14.871194444 kg,PRE-S7.1 11_S7_RELEASE_CANDIDATES.csv QI-00606 (manifest 3a67a8641ce4); 16 local bar strips in 04_S7_BAR_RUNS.csv
S7-0208,QI-00611,CMP-0278,SUP-GF_ROOF_SLAB-003,SUPPORT,SP-GF_ROOF_SLAB-14,SUP-GF_ROOF_SLAB-003,TOP:SUP-GF_ROOF_SLAB-003:SP-GF_ROOF_SLAB-14:X,GF_ROOF_SLAB,TOP_OVER_SUPPORT_EXTENSION,TOP,X,10,5,,1,1.97986,9.8993,UNRESOLVED,1.4225825,,0,0.474194167,0.474194167,4.694190314,0.617283951,2.897648342,PROJECT_BASIS_QTO,"PROJECT_BASIS_QTO: rate density over the frozen PRE-S7.1 local bar strips; a lower bound of the physical steel (every blocked portion is excluded, not zero); not a bar-by-bar BBS","PROJECT_SOURCE ratio 1/3 (P4-6-NOTE-2-TOP-OVER-BEAMS: 'length one third of the span'); URBAN_OWNER_MEASUREMENT_RULE URBAN_QTO_TOP_OVER_SUPPORT_EXTENT_V1: measured from the support face into the clear span of SP-GF_ROOF_SLAB-14 (note 2 does not state the origin, the span or total-vs-each-side); local L by URBAN_QTO_LOCAL_BAR_LINE_V1","PROJECT_SOURCE: plan note 2 (5Ø10/m top steel over beams, both directions) -> 5 bars/m of Ø10; equivalent count by URBAN_RATE_DENSITY (AD2-D02); PHYSICAL_BBS_COUNT UNRESOLVED",PROJECT_SOURCE: full callout density 1 (no 50 % rule split on this item),0.333333333,P4-6-NOTE-2-TOP-OVER-BEAMS,PROJECT_SOURCE,"CLEAR_SPAN of the panel on each side, along each bar line",URBAN_OWNER_MEASUREMENT_RULE,SUPPORT_FACE (extension into the clear span),URBAN_OWNER_MEASUREMENT_RULE,PROJECT_SOURCE (plan note 2: top steel),"[""P4-6-NOTE-2-TOP-OVER-BEAMS""]","[""URBAN_RATE_DENSITY (AD2-D02: equivalent count = rate x density x width, unrounded)"", ""URBAN_QTO_LOCAL_BAR_LINE_V1 (AD2-D14)"", ""URBAN_QTO_TOP_OVER_SUPPORT_EXTENT_V1""]","[""AD2-D02"", ""AD2-D05"", ""AD2-D06"", ""AD2-D14""]","[""QI-00610""]",8,False,False,5 /m x 1 x 1.97986 m x 0.474194167 m = 4.694190314 m; x 10^2/162 = 0.617283951 kg/m -> 2.897648342 kg,PRE-S7.1 11_S7_RELEASE_CANDIDATES.csv QI-00611 (manifest 3a67a8641ce4); 8 local bar strips in 04_S7_BAR_RUNS.csv
S7-0209,QI-00612,CMP-0278,SUP-GF_ROOF_SLAB-003,SUPPORT,SP-GF_ROOF_SLAB-17,SUP-GF_ROOF_SLAB-003,TOP:SUP-GF_ROOF_SLAB-003:SP-GF_ROOF_SLAB-17:X,GF_ROOF_SLAB,TOP_OVER_SUPPORT_EXTENSION,TOP,X,10,5,,1,3.3,16.5,UNRESOLVED,3.545452528,,0,1.181817509,1.181817509,19.499988905,0.617283951,12.037030188,PROJECT_BASIS_QTO,"PROJECT_BASIS_QTO: rate density over the frozen PRE-S7.1 local bar strips; a lower bound of the physical steel (every blocked portion is excluded, not zero); not a bar-by-bar BBS","PROJECT_SOURCE ratio 1/3 (P4-6-NOTE-2-TOP-OVER-BEAMS: 'length one third of the span'); URBAN_OWNER_MEASUREMENT_RULE URBAN_QTO_TOP_OVER_SUPPORT_EXTENT_V1: measured from the support face into the clear span of SP-GF_ROOF_SLAB-17 (note 2 does not state the origin, the span or total-vs-each-side); local L by URBAN_QTO_LOCAL_BAR_LINE_V1","PROJECT_SOURCE: plan note 2 (5Ø10/m top steel over beams, both directions) -> 5 bars/m of Ø10; equivalent count by URBAN_RATE_DENSITY (AD2-D02); PHYSICAL_BBS_COUNT UNRESOLVED",PROJECT_SOURCE: full callout density 1 (no 50 % rule split on this item),0.333333333,P4-6-NOTE-2-TOP-OVER-BEAMS,PROJECT_SOURCE,"CLEAR_SPAN of the panel on each side, along each bar line",URBAN_OWNER_MEASUREMENT_RULE,SUPPORT_FACE (extension into the clear span),URBAN_OWNER_MEASUREMENT_RULE,PROJECT_SOURCE (plan note 2: top steel),"[""P4-6-NOTE-2-TOP-OVER-BEAMS""]","[""URBAN_RATE_DENSITY (AD2-D02: equivalent count = rate x density x width, unrounded)"", ""URBAN_QTO_LOCAL_BAR_LINE_V1 (AD2-D14)"", ""URBAN_QTO_TOP_OVER_SUPPORT_EXTENT_V1""]","[""AD2-D02"", ""AD2-D05"", ""AD2-D06"", ""AD2-D14""]","[""QI-00610""]",28,False,False,5 /m x 1 x 3.3 m x 1.181817509 m = 19.499988905 m; x 10^2/162 = 0.617283951 kg/m -> 12.037030188 kg,PRE-S7.1 11_S7_RELEASE_CANDIDATES.csv QI-00612 (manifest 3a67a8641ce4); 28 local bar strips in 04_S7_BAR_RUNS.csv
S7-0210,QI-00613,CMP-0278,SUP-GF_ROOF_SLAB-003,SUPPORT,SP-GF_ROOF_SLAB-14|SP-GF_ROOF_SLAB-17,SUP-GF_ROOF_SLAB-003,TOP:SUP-GF_ROOF_SLAB-003:SP-GF_ROOF_SLAB-14|SP-GF_ROOF_SLAB-17:X,GF_ROOF_SLAB,TOP_SUPPORT_CROSSING,TOP,X,10,5,,1,1.97986,9.8993,UNRESOLVED,,,0.405043695,0,,4.009649045,0.617283951,2.475092003,PROJECT_BASIS_QTO,"PROJECT_BASIS_QTO: rate density over the frozen PRE-S7.1 local bar strips; a lower bound of the physical steel (every blocked portion is excluded, not zero); not a bar-by-bar BBS","PROJECT_GEOMETRY: over the support between the two panel faces along each bar line (the far face found beyond each strip end, AD2-D15)","PROJECT_SOURCE: plan note 2 (5Ø10/m top steel over beams, both directions) -> 5 bars/m of Ø10; equivalent count by URBAN_RATE_DENSITY (AD2-D02); PHYSICAL_BBS_COUNT UNRESOLVED",PROJECT_SOURCE: full callout density 1 (no 50 % rule split on this item),,,,SUPPORT_GAP (face to face over the support),PROJECT_GEOMETRY,SUPPORT_FACE,PROJECT_GEOMETRY,PROJECT_SOURCE (plan note 2: top steel),"[""P4-6-NOTE-2-TOP-OVER-BEAMS""]","[""URBAN_RATE_DENSITY (AD2-D02: equivalent count = rate x density x width, unrounded)""]","[""AD2-D02"", ""AD2-D05"", ""AD2-D15""]","[""QI-00610""]",8,False,False,5 /m x 1 x 1.97986 m x 0.405043695 m = 4.009649045 m; x 10^2/162 = 0.617283951 kg/m -> 2.475092003 kg,PRE-S7.1 11_S7_RELEASE_CANDIDATES.csv QI-00613 (manifest 3a67a8641ce4); 8 local bar strips in 04_S7_BAR_RUNS.csv
S7-0211,QI-00614,CMP-0278,SUP-GF_ROOF_SLAB-003,SUPPORT,SP-GF_ROOF_SLAB-17|SP-GF_ROOF_SLAB-22,SUP-GF_ROOF_SLAB-003,TOP:SUP-GF_ROOF_SLAB-003:SP-GF_ROOF_SLAB-17|SP-GF_ROOF_SLAB-22:X,GF_ROOF_SLAB,TOP_SUPPORT_CROSSING,TOP,X,10,5,,1,1,5,UNRESOLVED,,,0.405043811,0,,2.025219057,0.617283951,1.25013522,PROJECT_BASIS_QTO,"PROJECT_BASIS_QTO: rate density over the frozen PRE-S7.1 local bar strips; a lower bound of the physical steel (every blocked portion is excluded, not zero); not a bar-by-bar BBS","PROJECT_GEOMETRY: over the support between the two panel faces along each bar line (the far face found beyond each strip end, AD2-D15)","PROJECT_SOURCE: plan note 2 (5Ø10/m top steel over beams, both directions) -> 5 bars/m of Ø10; equivalent count by URBAN_RATE_DENSITY (AD2-D02); PHYSICAL_BBS_COUNT UNRESOLVED",PROJECT_SOURCE: full callout density 1 (no 50 % rule split on this item),,,,SUPPORT_GAP (face to face over the support),PROJECT_GEOMETRY,SUPPORT_FACE,PROJECT_GEOMETRY,PROJECT_SOURCE (plan note 2: top steel),"[""P4-6-NOTE-2-TOP-OVER-BEAMS""]","[""URBAN_RATE_DENSITY (AD2-D02: equivalent count = rate x density x width, unrounded)""]","[""AD2-D02"", ""AD2-D05"", ""AD2-D15""]","[""QI-00610""]",15,False,False,5 /m x 1 x 1 m x 0.405043811 m = 2.025219057 m; x 10^2/162 = 0.617283951 kg/m -> 1.25013522 kg,PRE-S7.1 11_S7_RELEASE_CANDIDATES.csv QI-00614 (manifest 3a67a8641ce4); 15 local bar strips in 04_S7_BAR_RUNS.csv
S7-0212,QI-00615,CMP-0279,SUP-GF_ROOF_SLAB-004,SUPPORT,SP-GF_ROOF_SLAB-22,SUP-GF_ROOF_SLAB-004,TOP:SUP-GF_ROOF_SLAB-004:SP-GF_ROOF_SLAB-22:X,GF_ROOF_SLAB,TOP_OVER_SUPPORT_EXTENSION,TOP,X,10,5,,1,5.15,25.75,UNRESOLVED,2.933668,,0,0.977889333,0.977889333,25.180650333,0.617283951,15.543611317,PROJECT_BASIS_QTO,"PROJECT_BASIS_QTO: rate density over the frozen PRE-S7.1 local bar strips; a lower bound of the physical steel (every blocked portion is excluded, not zero); not a bar-by-bar BBS","PROJECT_SOURCE ratio 1/3 (P4-6-NOTE-2-TOP-OVER-BEAMS: 'length one third of the span'); URBAN_OWNER_MEASUREMENT_RULE URBAN_QTO_TOP_OVER_SUPPORT_EXTENT_V1: measured from the support face into the clear span of SP-GF_ROOF_SLAB-22 (note 2 does not state the origin, the span or total-vs-each-side); local L by URBAN_QTO_LOCAL_BAR_LINE_V1","PROJECT_SOURCE: plan note 2 (5Ø10/m top steel over beams, both directions) -> 5 bars/m of Ø10; equivalent count by URBAN_RATE_DENSITY (AD2-D02); PHYSICAL_BBS_COUNT UNRESOLVED",PROJECT_SOURCE: full callout density 1 (no 50 % rule split on this item),0.333333333,P4-6-NOTE-2-TOP-OVER-BEAMS,PROJECT_SOURCE,"CLEAR_SPAN of the panel on each side, along each bar line",URBAN_OWNER_MEASUREMENT_RULE,SUPPORT_FACE (extension into the clear span),URBAN_OWNER_MEASUREMENT_RULE,PROJECT_SOURCE (plan note 2: top steel),"[""P4-6-NOTE-2-TOP-OVER-BEAMS""]","[""URBAN_RATE_DENSITY (AD2-D02: equivalent count = rate x density x width, unrounded)"", ""URBAN_QTO_LOCAL_BAR_LINE_V1 (AD2-D14)"", ""URBAN_QTO_TOP_OVER_SUPPORT_EXTENT_V1""]","[""AD2-D02"", ""AD2-D05"", ""AD2-D06"", ""AD2-D14""]","[""QI-00617""]",27,False,False,5 /m x 1 x 5.15 m x 0.977889333 m = 25.180650333 m; x 10^2/162 = 0.617283951 kg/m -> 15.543611317 kg,PRE-S7.1 11_S7_RELEASE_CANDIDATES.csv QI-00615 (manifest 3a67a8641ce4); 27 local bar strips in 04_S7_BAR_RUNS.csv
S7-0213,QI-00618,CMP-0280,SUP-GF_ROOF_SLAB-005,SUPPORT,SP-GF_ROOF_SLAB-30,SUP-GF_ROOF_SLAB-005,TOP:SUP-GF_ROOF_SLAB-005:SP-GF_ROOF_SLAB-30:X,GF_ROOF_SLAB,TOP_OVER_SUPPORT_EXTENSION,TOP,X,10,5,,1,1.2,6,UNRESOLVED,4.1335895,,0,1.377863167,1.377863167,8.267179,0.617283951,5.103196914,PROJECT_BASIS_QTO,"PROJECT_BASIS_QTO: rate density over the frozen PRE-S7.1 local bar strips; a lower bound of the physical steel (every blocked portion is excluded, not zero); not a bar-by-bar BBS","PROJECT_SOURCE ratio 1/3 (P4-6-NOTE-2-TOP-OVER-BEAMS: 'length one third of the span'); URBAN_OWNER_MEASUREMENT_RULE URBAN_QTO_TOP_OVER_SUPPORT_EXTENT_V1: measured from the support face into the clear span of SP-GF_ROOF_SLAB-30 (note 2 does not state the origin, the span or total-vs-each-side); local L by URBAN_QTO_LOCAL_BAR_LINE_V1","PROJECT_SOURCE: plan note 2 (5Ø10/m top steel over beams, both directions) -> 5 bars/m of Ø10; equivalent count by URBAN_RATE_DENSITY (AD2-D02); PHYSICAL_BBS_COUNT UNRESOLVED",PROJECT_SOURCE: full callout density 1 (no 50 % rule split on this item),0.333333333,P4-6-NOTE-2-TOP-OVER-BEAMS,PROJECT_SOURCE,"CLEAR_SPAN of the panel on each side, along each bar line",URBAN_OWNER_MEASUREMENT_RULE,SUPPORT_FACE (extension into the clear span),URBAN_OWNER_MEASUREMENT_RULE,PROJECT_SOURCE (plan note 2: top steel),"[""P4-6-NOTE-2-TOP-OVER-BEAMS""]","[""URBAN_RATE_DENSITY (AD2-D02: equivalent count = rate x density x width, unrounded)"", ""URBAN_QTO_LOCAL_BAR_LINE_V1 (AD2-D14)"", ""URBAN_QTO_TOP_OVER_SUPPORT_EXTENT_V1""]","[""AD2-D02"", ""AD2-D05"", ""AD2-D06"", ""AD2-D14""]",[],1,False,False,5 /m x 1 x 1.2 m x 1.377863167 m = 8.267179 m; x 10^2/162 = 0.617283951 kg/m -> 5.103196914 kg,PRE-S7.1 11_S7_RELEASE_CANDIDATES.csv QI-00618 (manifest 3a67a8641ce4); 1 local bar strips in 04_S7_BAR_RUNS.csv
S7-0214,QI-00619,CMP-0280,SUP-GF_ROOF_SLAB-005,SUPPORT,SP-GF_ROOF_SLAB-30|SP-GF_ROOF_SLAB-31,SUP-GF_ROOF_SLAB-005,TOP:SUP-GF_ROOF_SLAB-005:SP-GF_ROOF_SLAB-30|SP-GF_ROOF_SLAB-31:X,GF_ROOF_SLAB,TOP_SUPPORT_CROSSING,TOP,X,10,5,,1,1.2,6,UNRESOLVED,,,1.118575,0,,6.71145,0.617283951,4.14287037,PROJECT_BASIS_QTO,"PROJECT_BASIS_QTO: rate density over the frozen PRE-S7.1 local bar strips; a lower bound of the physical steel (every blocked portion is excluded, not zero); not a bar-by-bar BBS","PROJECT_GEOMETRY: over the support between the two panel faces along each bar line (the far face found beyond each strip end, AD2-D15)","PROJECT_SOURCE: plan note 2 (5Ø10/m top steel over beams, both directions) -> 5 bars/m of Ø10; equivalent count by URBAN_RATE_DENSITY (AD2-D02); PHYSICAL_BBS_COUNT UNRESOLVED",PROJECT_SOURCE: full callout density 1 (no 50 % rule split on this item),,,,SUPPORT_GAP (face to face over the support),PROJECT_GEOMETRY,SUPPORT_FACE,PROJECT_GEOMETRY,PROJECT_SOURCE (plan note 2: top steel),"[""P4-6-NOTE-2-TOP-OVER-BEAMS""]","[""URBAN_RATE_DENSITY (AD2-D02: equivalent count = rate x density x width, unrounded)""]","[""AD2-D02"", ""AD2-D05"", ""AD2-D15""]",[],1,False,False,5 /m x 1 x 1.2 m x 1.118575 m = 6.71145 m; x 10^2/162 = 0.617283951 kg/m -> 4.14287037 kg,PRE-S7.1 11_S7_RELEASE_CANDIDATES.csv QI-00619 (manifest 3a67a8641ce4); 1 local bar strips in 04_S7_BAR_RUNS.csv
S7-0215,QI-00620,CMP-0281,SUP-GF_ROOF_SLAB-006,SUPPORT,SP-GF_ROOF_SLAB-31,SUP-GF_ROOF_SLAB-006,TOP:SUP-GF_ROOF_SLAB-006:SP-GF_ROOF_SLAB-31:X,GF_ROOF_SLAB,TOP_OVER_SUPPORT_EXTENSION,TOP,X,10,5,,1,1.2,6,UNRESOLVED,2.4478355,,0,0.815945167,0.815945167,4.895671,0.617283951,3.022019136,PROJECT_BASIS_QTO,"PROJECT_BASIS_QTO: rate density over the frozen PRE-S7.1 local bar strips; a lower bound of the physical steel (every blocked portion is excluded, not zero); not a bar-by-bar BBS","PROJECT_SOURCE ratio 1/3 (P4-6-NOTE-2-TOP-OVER-BEAMS: 'length one third of the span'); URBAN_OWNER_MEASUREMENT_RULE URBAN_QTO_TOP_OVER_SUPPORT_EXTENT_V1: measured from the support face into the clear span of SP-GF_ROOF_SLAB-31 (note 2 does not state the origin, the span or total-vs-each-side); local L by URBAN_QTO_LOCAL_BAR_LINE_V1","PROJECT_SOURCE: plan note 2 (5Ø10/m top steel over beams, both directions) -> 5 bars/m of Ø10; equivalent count by URBAN_RATE_DENSITY (AD2-D02); PHYSICAL_BBS_COUNT UNRESOLVED",PROJECT_SOURCE: full callout density 1 (no 50 % rule split on this item),0.333333333,P4-6-NOTE-2-TOP-OVER-BEAMS,PROJECT_SOURCE,"CLEAR_SPAN of the panel on each side, along each bar line",URBAN_OWNER_MEASUREMENT_RULE,SUPPORT_FACE (extension into the clear span),URBAN_OWNER_MEASUREMENT_RULE,PROJECT_SOURCE (plan note 2: top steel),"[""P4-6-NOTE-2-TOP-OVER-BEAMS""]","[""URBAN_RATE_DENSITY (AD2-D02: equivalent count = rate x density x width, unrounded)"", ""URBAN_QTO_LOCAL_BAR_LINE_V1 (AD2-D14)"", ""URBAN_QTO_TOP_OVER_SUPPORT_EXTENT_V1""]","[""AD2-D02"", ""AD2-D05"", ""AD2-D06"", ""AD2-D14""]",[],1,False,False,5 /m x 1 x 1.2 m x 0.815945167 m = 4.895671 m; x 10^2/162 = 0.617283951 kg/m -> 3.022019136 kg,PRE-S7.1 11_S7_RELEASE_CANDIDATES.csv QI-00620 (manifest 3a67a8641ce4); 1 local bar strips in 04_S7_BAR_RUNS.csv
S7-0216,QI-00621,CMP-0282,SUP-1F_ROOF_SLAB-007,SUPPORT,SP-1F_ROOF_SLAB-24,SUP-1F_ROOF_SLAB-007,TOP:SUP-1F_ROOF_SLAB-007:SP-1F_ROOF_SLAB-24:X,1F_ROOF_SLAB,TOP_OVER_SUPPORT_EXTENSION,TOP,X,10,5,,1,1.042339,5.211695,UNRESOLVED,4.372183,,0,1.457394333,1.457394333,7.59549476,0.617283951,4.688577012,PROJECT_BASIS_QTO,"PROJECT_BASIS_QTO: rate density over the frozen PRE-S7.1 local bar strips; a lower bound of the physical steel (every blocked portion is excluded, not zero); not a bar-by-bar BBS","PROJECT_SOURCE ratio 1/3 (P4-6-NOTE-2-TOP-OVER-BEAMS: 'length one third of the span'); URBAN_OWNER_MEASUREMENT_RULE URBAN_QTO_TOP_OVER_SUPPORT_EXTENT_V1: measured from the support face into the clear span of SP-1F_ROOF_SLAB-24 (note 2 does not state the origin, the span or total-vs-each-side)","PROJECT_SOURCE: plan note 2 (5Ø10/m top steel over beams, both directions) -> 5 bars/m of Ø10; equivalent count by URBAN_RATE_DENSITY (AD2-D02); PHYSICAL_BBS_COUNT UNRESOLVED",PROJECT_SOURCE: full callout density 1 (no 50 % rule split on this item),0.333333333,P4-6-NOTE-2-TOP-OVER-BEAMS,PROJECT_SOURCE,"CLEAR_SPAN of the panel on each side, along each bar line",URBAN_OWNER_MEASUREMENT_RULE,SUPPORT_FACE (extension into the clear span),URBAN_OWNER_MEASUREMENT_RULE,PROJECT_SOURCE (plan note 2: top steel),"[""P4-6-NOTE-2-TOP-OVER-BEAMS""]","[""URBAN_RATE_DENSITY (AD2-D02: equivalent count = rate x density x width, unrounded)"", ""URBAN_QTO_TOP_OVER_SUPPORT_EXTENT_V1""]","[""AD2-D02"", ""AD2-D05"", ""AD2-D06""]","[""QI-00622""]",1,False,False,5 /m x 1 x 1.042339 m x 1.457394333 m = 7.59549476 m; x 10^2/162 = 0.617283951 kg/m -> 4.688577012 kg,PRE-S7.1 11_S7_RELEASE_CANDIDATES.csv QI-00621 (manifest 3a67a8641ce4); 1 local bar strips in 04_S7_BAR_RUNS.csv
S7-0217,QI-00623,CMP-0283,SUP-2F_ROOF_SLAB-008,SUPPORT,SP-2F_ROOF_SLAB-04,SUP-2F_ROOF_SLAB-008,TOP:SUP-2F_ROOF_SLAB-008:SP-2F_ROOF_SLAB-04:X,2F_ROOF_SLAB,TOP_OVER_SUPPORT_EXTENSION,TOP,X,10,5,,1,3,15,UNRESOLVED,3,,0,1,1,15,0.617283951,9.259259259,PROJECT_BASIS_QTO,"PROJECT_BASIS_QTO: rate density over the frozen PRE-S7.1 local bar strips; a lower bound of the physical steel (every blocked portion is excluded, not zero); not a bar-by-bar BBS","PROJECT_SOURCE ratio 1/3 (P4-6-NOTE-2-TOP-OVER-BEAMS: 'length one third of the span'); URBAN_OWNER_MEASUREMENT_RULE URBAN_QTO_TOP_OVER_SUPPORT_EXTENT_V1: measured from the support face into the clear span of SP-2F_ROOF_SLAB-04 (note 2 does not state the origin, the span or total-vs-each-side)","PROJECT_SOURCE: plan note 2 (5Ø10/m top steel over beams, both directions) -> 5 bars/m of Ø10; equivalent count by URBAN_RATE_DENSITY (AD2-D02); PHYSICAL_BBS_COUNT UNRESOLVED",PROJECT_SOURCE: full callout density 1 (no 50 % rule split on this item),0.333333333,P4-6-NOTE-2-TOP-OVER-BEAMS,PROJECT_SOURCE,"CLEAR_SPAN of the panel on each side, along each bar line",URBAN_OWNER_MEASUREMENT_RULE,SUPPORT_FACE (extension into the clear span),URBAN_OWNER_MEASUREMENT_RULE,PROJECT_SOURCE (plan note 2: top steel),"[""P4-6-NOTE-2-TOP-OVER-BEAMS""]","[""URBAN_RATE_DENSITY (AD2-D02: equivalent count = rate x density x width, unrounded)"", ""URBAN_QTO_TOP_OVER_SUPPORT_EXTENT_V1""]","[""AD2-D02"", ""AD2-D05"", ""AD2-D06""]","[""QI-00625""]",7,False,False,5 /m x 1 x 3 m x 1 m = 15 m; x 10^2/162 = 0.617283951 kg/m -> 9.259259259 kg,PRE-S7.1 11_S7_RELEASE_CANDIDATES.csv QI-00623 (manifest 3a67a8641ce4); 7 local bar strips in 04_S7_BAR_RUNS.csv
S7-0218,QI-00627,CMP-0284,SUP-2F_ROOF_SLAB-009,SUPPORT,SP-2F_ROOF_SLAB-03,SUP-2F_ROOF_SLAB-009,TOP:SUP-2F_ROOF_SLAB-009:SP-2F_ROOF_SLAB-03:X,2F_ROOF_SLAB,TOP_OVER_SUPPORT_EXTENSION,TOP,X,10,5,,1,1.8,9,UNRESOLVED,1.8,,0,0.6,0.6,5.4,0.617283951,3.333333333,PROJECT_BASIS_QTO,"PROJECT_BASIS_QTO: rate density over the frozen PRE-S7.1 local bar strips; a lower bound of the physical steel (every blocked portion is excluded, not zero); not a bar-by-bar BBS","PROJECT_SOURCE ratio 1/3 (P4-6-NOTE-2-TOP-OVER-BEAMS: 'length one third of the span'); URBAN_OWNER_MEASUREMENT_RULE URBAN_QTO_TOP_OVER_SUPPORT_EXTENT_V1: measured from the support face into the clear span of SP-2F_ROOF_SLAB-03 (note 2 does not state the origin, the span or total-vs-each-side)","PROJECT_SOURCE: plan note 2 (5Ø10/m top steel over beams, both directions) -> 5 bars/m of Ø10; equivalent count by URBAN_RATE_DENSITY (AD2-D02); PHYSICAL_BBS_COUNT UNRESOLVED",PROJECT_SOURCE: full callout density 1 (no 50 % rule split on this item),0.333333333,P4-6-NOTE-2-TOP-OVER-BEAMS,PROJECT_SOURCE,"CLEAR_SPAN of the panel on each side, along each bar line",URBAN_OWNER_MEASUREMENT_RULE,SUPPORT_FACE (extension into the clear span),URBAN_OWNER_MEASUREMENT_RULE,PROJECT_SOURCE (plan note 2: top steel),"[""P4-6-NOTE-2-TOP-OVER-BEAMS""]","[""URBAN_RATE_DENSITY (AD2-D02: equivalent count = rate x density x width, unrounded)"", ""URBAN_QTO_TOP_OVER_SUPPORT_EXTENT_V1""]","[""AD2-D02"", ""AD2-D05"", ""AD2-D06""]","[""QI-00626""]",12,False,False,5 /m x 1 x 1.8 m x 0.6 m = 5.4 m; x 10^2/162 = 0.617283951 kg/m -> 3.333333333 kg,PRE-S7.1 11_S7_RELEASE_CANDIDATES.csv QI-00627 (manifest 3a67a8641ce4); 12 local bar strips in 04_S7_BAR_RUNS.csv
S7-0219,QI-00628,CMP-0284,SUP-2F_ROOF_SLAB-009,SUPPORT,SP-2F_ROOF_SLAB-04,SUP-2F_ROOF_SLAB-009,TOP:SUP-2F_ROOF_SLAB-009:SP-2F_ROOF_SLAB-04:X,2F_ROOF_SLAB,TOP_OVER_SUPPORT_EXTENSION,TOP,X,10,5,,1,2,10,UNRESOLVED,3,,0,1,1,10,0.617283951,6.172839506,PROJECT_BASIS_QTO,"PROJECT_BASIS_QTO: rate density over the frozen PRE-S7.1 local bar strips; a lower bound of the physical steel (every blocked portion is excluded, not zero); not a bar-by-bar BBS","PROJECT_SOURCE ratio 1/3 (P4-6-NOTE-2-TOP-OVER-BEAMS: 'length one third of the span'); URBAN_OWNER_MEASUREMENT_RULE URBAN_QTO_TOP_OVER_SUPPORT_EXTENT_V1: measured from the support face into the clear span of SP-2F_ROOF_SLAB-04 (note 2 does not state the origin, the span or total-vs-each-side)","PROJECT_SOURCE: plan note 2 (5Ø10/m top steel over beams, both directions) -> 5 bars/m of Ø10; equivalent count by URBAN_RATE_DENSITY (AD2-D02); PHYSICAL_BBS_COUNT UNRESOLVED",PROJECT_SOURCE: full callout density 1 (no 50 % rule split on this item),0.333333333,P4-6-NOTE-2-TOP-OVER-BEAMS,PROJECT_SOURCE,"CLEAR_SPAN of the panel on each side, along each bar line",URBAN_OWNER_MEASUREMENT_RULE,SUPPORT_FACE (extension into the clear span),URBAN_OWNER_MEASUREMENT_RULE,PROJECT_SOURCE (plan note 2: top steel),"[""P4-6-NOTE-2-TOP-OVER-BEAMS""]","[""URBAN_RATE_DENSITY (AD2-D02: equivalent count = rate x density x width, unrounded)"", ""URBAN_QTO_TOP_OVER_SUPPORT_EXTENT_V1""]","[""AD2-D02"", ""AD2-D05"", ""AD2-D06""]","[""QI-00626""]",10,False,False,5 /m x 1 x 2 m x 1 m = 10 m; x 10^2/162 = 0.617283951 kg/m -> 6.172839506 kg,PRE-S7.1 11_S7_RELEASE_CANDIDATES.csv QI-00628 (manifest 3a67a8641ce4); 10 local bar strips in 04_S7_BAR_RUNS.csv
S7-0220,QI-00629,CMP-0284,SUP-2F_ROOF_SLAB-009,SUPPORT,SP-2F_ROOF_SLAB-03|SP-2F_ROOF_SLAB-04,SUP-2F_ROOF_SLAB-009,TOP:SUP-2F_ROOF_SLAB-009:SP-2F_ROOF_SLAB-03|SP-2F_ROOF_SLAB-04:X,2F_ROOF_SLAB,TOP_SUPPORT_CROSSING,TOP,X,10,5,,1,1.8,9,UNRESOLVED,,,0.2,0,,1.8,0.617283951,1.111111111,PROJECT_BASIS_QTO,"PROJECT_BASIS_QTO: rate density over the frozen PRE-S7.1 local bar strips; a lower bound of the physical steel (every blocked portion is excluded, not zero); not a bar-by-bar BBS","PROJECT_GEOMETRY: over the support between the two panel faces along each bar line (the far face found beyond each strip end, AD2-D15)","PROJECT_SOURCE: plan note 2 (5Ø10/m top steel over beams, both directions) -> 5 bars/m of Ø10; equivalent count by URBAN_RATE_DENSITY (AD2-D02); PHYSICAL_BBS_COUNT UNRESOLVED",PROJECT_SOURCE: full callout density 1 (no 50 % rule split on this item),,,,SUPPORT_GAP (face to face over the support),PROJECT_GEOMETRY,SUPPORT_FACE,PROJECT_GEOMETRY,PROJECT_SOURCE (plan note 2: top steel),"[""P4-6-NOTE-2-TOP-OVER-BEAMS""]","[""URBAN_RATE_DENSITY (AD2-D02: equivalent count = rate x density x width, unrounded)""]","[""AD2-D02"", ""AD2-D05"", ""AD2-D15""]","[""QI-00626""]",12,False,False,5 /m x 1 x 1.8 m x 0.2 m = 1.8 m; x 10^2/162 = 0.617283951 kg/m -> 1.111111111 kg,PRE-S7.1 11_S7_RELEASE_CANDIDATES.csv QI-00629 (manifest 3a67a8641ce4); 12 local bar strips in 04_S7_BAR_RUNS.csv
S7-0221,QI-00630,CMP-0285,SUP-2F_ROOF_SLAB-010,SUPPORT,SP-2F_ROOF_SLAB-07,SUP-2F_ROOF_SLAB-010,TOP:SUP-2F_ROOF_SLAB-010:SP-2F_ROOF_SLAB-07:X,2F_ROOF_SLAB,TOP_OVER_SUPPORT_EXTENSION,TOP,X,10,5,,1,1.2,6,UNRESOLVED,1.8,,0,0.6,0.6,3.6,0.617283951,2.222222222,PROJECT_BASIS_QTO,"PROJECT_BASIS_QTO: rate density over the frozen PRE-S7.1 local bar strips; a lower bound of the physical steel (every blocked portion is excluded, not zero); not a bar-by-bar BBS","PROJECT_SOURCE ratio 1/3 (P4-6-NOTE-2-TOP-OVER-BEAMS: 'length one third of the span'); URBAN_OWNER_MEASUREMENT_RULE URBAN_QTO_TOP_OVER_SUPPORT_EXTENT_V1: measured from the support face into the clear span of SP-2F_ROOF_SLAB-07 (note 2 does not state the origin, the span or total-vs-each-side)","PROJECT_SOURCE: plan note 2 (5Ø10/m top steel over beams, both directions) -> 5 bars/m of Ø10; equivalent count by URBAN_RATE_DENSITY (AD2-D02); PHYSICAL_BBS_COUNT UNRESOLVED",PROJECT_SOURCE: full callout density 1 (no 50 % rule split on this item),0.333333333,P4-6-NOTE-2-TOP-OVER-BEAMS,PROJECT_SOURCE,"CLEAR_SPAN of the panel on each side, along each bar line",URBAN_OWNER_MEASUREMENT_RULE,SUPPORT_FACE (extension into the clear span),URBAN_OWNER_MEASUREMENT_RULE,PROJECT_SOURCE (plan note 2: top steel),"[""P4-6-NOTE-2-TOP-OVER-BEAMS""]","[""URBAN_RATE_DENSITY (AD2-D02: equivalent count = rate x density x width, unrounded)"", ""URBAN_QTO_TOP_OVER_SUPPORT_EXTENT_V1""]","[""AD2-D02"", ""AD2-D05"", ""AD2-D06""]",[],21,False,False,5 /m x 1 x 1.2 m x 0.6 m = 3.6 m; x 10^2/162 = 0.617283951 kg/m -> 2.222222222 kg,PRE-S7.1 11_S7_RELEASE_CANDIDATES.csv QI-00630 (manifest 3a67a8641ce4); 21 local bar strips in 04_S7_BAR_RUNS.csv
S7-0222,QI-00631,CMP-0285,SUP-2F_ROOF_SLAB-010,SUPPORT,SP-2F_ROOF_SLAB-08,SUP-2F_ROOF_SLAB-010,TOP:SUP-2F_ROOF_SLAB-010:SP-2F_ROOF_SLAB-08:X,2F_ROOF_SLAB,TOP_OVER_SUPPORT_EXTENSION,TOP,X,10,5,,1,1.2,6,UNRESOLVED,3,,0,1,1,6,0.617283951,3.703703704,PROJECT_BASIS_QTO,"PROJECT_BASIS_QTO: rate density over the frozen PRE-S7.1 local bar strips; a lower bound of the physical steel (every blocked portion is excluded, not zero); not a bar-by-bar BBS","PROJECT_SOURCE ratio 1/3 (P4-6-NOTE-2-TOP-OVER-BEAMS: 'length one third of the span'); URBAN_OWNER_MEASUREMENT_RULE URBAN_QTO_TOP_OVER_SUPPORT_EXTENT_V1: measured from the support face into the clear span of SP-2F_ROOF_SLAB-08 (note 2 does not state the origin, the span or total-vs-each-side)","PROJECT_SOURCE: plan note 2 (5Ø10/m top steel over beams, both directions) -> 5 bars/m of Ø10; equivalent count by URBAN_RATE_DENSITY (AD2-D02); PHYSICAL_BBS_COUNT UNRESOLVED",PROJECT_SOURCE: full callout density 1 (no 50 % rule split on this item),0.333333333,P4-6-NOTE-2-TOP-OVER-BEAMS,PROJECT_SOURCE,"CLEAR_SPAN of the panel on each side, along each bar line",URBAN_OWNER_MEASUREMENT_RULE,SUPPORT_FACE (extension into the clear span),URBAN_OWNER_MEASUREMENT_RULE,PROJECT_SOURCE (plan note 2: top steel),"[""P4-6-NOTE-2-TOP-OVER-BEAMS""]","[""URBAN_RATE_DENSITY (AD2-D02: equivalent count = rate x density x width, unrounded)"", ""URBAN_QTO_TOP_OVER_SUPPORT_EXTENT_V1""]","[""AD2-D02"", ""AD2-D05"", ""AD2-D06""]",[],21,False,False,5 /m x 1 x 1.2 m x 1 m = 6 m; x 10^2/162 = 0.617283951 kg/m -> 3.703703704 kg,PRE-S7.1 11_S7_RELEASE_CANDIDATES.csv QI-00631 (manifest 3a67a8641ce4); 21 local bar strips in 04_S7_BAR_RUNS.csv
S7-0223,QI-00632,CMP-0285,SUP-2F_ROOF_SLAB-010,SUPPORT,SP-2F_ROOF_SLAB-07|SP-2F_ROOF_SLAB-08,SUP-2F_ROOF_SLAB-010,TOP:SUP-2F_ROOF_SLAB-010:SP-2F_ROOF_SLAB-07|SP-2F_ROOF_SLAB-08:X,2F_ROOF_SLAB,TOP_SUPPORT_CROSSING,TOP,X,10,5,,1,1.2,6,UNRESOLVED,,,0.2,0,,1.2,0.617283951,0.740740741,PROJECT_BASIS_QTO,"PROJECT_BASIS_QTO: rate density over the frozen PRE-S7.1 local bar strips; a lower bound of the physical steel (every blocked portion is excluded, not zero); not a bar-by-bar BBS","PROJECT_GEOMETRY: over the support between the two panel faces along each bar line (the far face found beyond each strip end, AD2-D15)","PROJECT_SOURCE: plan note 2 (5Ø10/m top steel over beams, both directions) -> 5 bars/m of Ø10; equivalent count by URBAN_RATE_DENSITY (AD2-D02); PHYSICAL_BBS_COUNT UNRESOLVED",PROJECT_SOURCE: full callout density 1 (no 50 % rule split on this item),,,,SUPPORT_GAP (face to face over the support),PROJECT_GEOMETRY,SUPPORT_FACE,PROJECT_GEOMETRY,PROJECT_SOURCE (plan note 2: top steel),"[""P4-6-NOTE-2-TOP-OVER-BEAMS""]","[""URBAN_RATE_DENSITY (AD2-D02: equivalent count = rate x density x width, unrounded)""]","[""AD2-D02"", ""AD2-D05"", ""AD2-D15""]",[],21,False,False,5 /m x 1 x 1.2 m x 0.2 m = 1.2 m; x 10^2/162 = 0.617283951 kg/m -> 0.740740741 kg,PRE-S7.1 11_S7_RELEASE_CANDIDATES.csv QI-00632 (manifest 3a67a8641ce4); 21 local bar strips in 04_S7_BAR_RUNS.csv
S7-0224,QI-00633,CMP-0286,SUP-GF_ROOF_SLAB-011,SUPPORT,SP-GF_ROOF_SLAB-24,SUP-GF_ROOF_SLAB-011,TOP:SUP-GF_ROOF_SLAB-011:SP-GF_ROOF_SLAB-24:X,GF_ROOF_SLAB,TOP_OVER_SUPPORT_EXTENSION,TOP,X,10,5,,1,2.374382,11.87191,UNRESOLVED,0.876196,,0,0.292065333,0.292065333,3.467373351,0.617283951,2.140353921,PROJECT_BASIS_QTO,"PROJECT_BASIS_QTO: rate density over the frozen PRE-S7.1 local bar strips; a lower bound of the physical steel (every blocked portion is excluded, not zero); not a bar-by-bar BBS","PROJECT_SOURCE ratio 1/3 (P4-6-NOTE-2-TOP-OVER-BEAMS: 'length one third of the span'); URBAN_OWNER_MEASUREMENT_RULE URBAN_QTO_TOP_OVER_SUPPORT_EXTENT_V1: measured from the support face into the clear span of SP-GF_ROOF_SLAB-24 (note 2 does not state the origin, the span or total-vs-each-side); local L by URBAN_QTO_LOCAL_BAR_LINE_V1","PROJECT_SOURCE: plan note 2 (5Ø10/m top steel over beams, both directions) -> 5 bars/m of Ø10; equivalent count by URBAN_RATE_DENSITY (AD2-D02); PHYSICAL_BBS_COUNT UNRESOLVED",PROJECT_SOURCE: full callout density 1 (no 50 % rule split on this item),0.333333333,P4-6-NOTE-2-TOP-OVER-BEAMS,PROJECT_SOURCE,"CLEAR_SPAN of the panel on each side, along each bar line",URBAN_OWNER_MEASUREMENT_RULE,SUPPORT_FACE (extension into the clear span),URBAN_OWNER_MEASUREMENT_RULE,PROJECT_SOURCE (plan note 2: top steel),"[""P4-6-NOTE-2-TOP-OVER-BEAMS""]","[""URBAN_RATE_DENSITY (AD2-D02: equivalent count = rate x density x width, unrounded)"", ""URBAN_QTO_LOCAL_BAR_LINE_V1 (AD2-D14)"", ""URBAN_QTO_TOP_OVER_SUPPORT_EXTENT_V1""]","[""AD2-D02"", ""AD2-D05"", ""AD2-D06"", ""AD2-D14""]","[""QI-00636""]",3,True,False,5 /m x 1 x 2.374382 m x 0.292065333 m = 3.467373351 m; x 10^2/162 = 0.617283951 kg/m -> 2.140353921 kg,PRE-S7.1 11_S7_RELEASE_CANDIDATES.csv QI-00633 (manifest 3a67a8641ce4); 3 local bar strips in 04_S7_BAR_RUNS.csv
S7-0225,QI-00634,CMP-0286,SUP-GF_ROOF_SLAB-011,SUPPORT,SP-GF_ROOF_SLAB-29,SUP-GF_ROOF_SLAB-011,TOP:SUP-GF_ROOF_SLAB-011:SP-GF_ROOF_SLAB-29:X,GF_ROOF_SLAB,TOP_OVER_SUPPORT_EXTENSION,TOP,X,10,5,,1,2.95,14.75,UNRESOLVED,2.4545455,,0,0.818181833,0.818181833,12.068182042,0.617283951,7.449495087,PROJECT_BASIS_QTO,"PROJECT_BASIS_QTO: rate density over the frozen PRE-S7.1 local bar strips; a lower bound of the physical steel (every blocked portion is excluded, not zero); not a bar-by-bar BBS","PROJECT_SOURCE ratio 1/3 (P4-6-NOTE-2-TOP-OVER-BEAMS: 'length one third of the span'); URBAN_OWNER_MEASUREMENT_RULE URBAN_QTO_TOP_OVER_SUPPORT_EXTENT_V1: measured from the support face into the clear span of SP-GF_ROOF_SLAB-29 (note 2 does not state the origin, the span or total-vs-each-side); local L by URBAN_QTO_LOCAL_BAR_LINE_V1","PROJECT_SOURCE: plan note 2 (5Ø10/m top steel over beams, both directions) -> 5 bars/m of Ø10; equivalent count by URBAN_RATE_DENSITY (AD2-D02); PHYSICAL_BBS_COUNT UNRESOLVED",PROJECT_SOURCE: full callout density 1 (no 50 % rule split on this item),0.333333333,P4-6-NOTE-2-TOP-OVER-BEAMS,PROJECT_SOURCE,"CLEAR_SPAN of the panel on each side, along each bar line",URBAN_OWNER_MEASUREMENT_RULE,SUPPORT_FACE (extension into the clear span),URBAN_OWNER_MEASUREMENT_RULE,PROJECT_SOURCE (plan note 2: top steel),"[""P4-6-NOTE-2-TOP-OVER-BEAMS""]","[""URBAN_RATE_DENSITY (AD2-D02: equivalent count = rate x density x width, unrounded)"", ""URBAN_QTO_LOCAL_BAR_LINE_V1 (AD2-D14)"", ""URBAN_QTO_TOP_OVER_SUPPORT_EXTENT_V1""]","[""AD2-D02"", ""AD2-D05"", ""AD2-D06"", ""AD2-D14""]","[""QI-00636""]",5,True,False,5 /m x 1 x 2.95 m x 0.818181833 m = 12.068182042 m; x 10^2/162 = 0.617283951 kg/m -> 7.449495087 kg,PRE-S7.1 11_S7_RELEASE_CANDIDATES.csv QI-00634 (manifest 3a67a8641ce4); 5 local bar strips in 04_S7_BAR_RUNS.csv
S7-0226,QI-00635,CMP-0286,SUP-GF_ROOF_SLAB-011,SUPPORT,SP-GF_ROOF_SLAB-24|SP-GF_ROOF_SLAB-29,SUP-GF_ROOF_SLAB-011,TOP:SUP-GF_ROOF_SLAB-011:SP-GF_ROOF_SLAB-24|SP-GF_ROOF_SLAB-29:X,GF_ROOF_SLAB,TOP_SUPPORT_CROSSING,TOP,X,10,5,,1,2.374382,11.87191,UNRESOLVED,,,1.121681132,0,,13.316497446,0.617283951,8.220060152,PROJECT_BASIS_QTO,"PROJECT_BASIS_QTO: rate density over the frozen PRE-S7.1 local bar strips; a lower bound of the physical steel (every blocked portion is excluded, not zero); not a bar-by-bar BBS","PROJECT_GEOMETRY: over the support between the two panel faces along each bar line (the far face found beyond each strip end, AD2-D15)","PROJECT_SOURCE: plan note 2 (5Ø10/m top steel over beams, both directions) -> 5 bars/m of Ø10; equivalent count by URBAN_RATE_DENSITY (AD2-D02); PHYSICAL_BBS_COUNT UNRESOLVED",PROJECT_SOURCE: full callout density 1 (no 50 % rule split on this item),,,,SUPPORT_GAP (face to face over the support),PROJECT_GEOMETRY,SUPPORT_FACE,PROJECT_GEOMETRY,PROJECT_SOURCE (plan note 2: top steel),"[""P4-6-NOTE-2-TOP-OVER-BEAMS""]","[""URBAN_RATE_DENSITY (AD2-D02: equivalent count = rate x density x width, unrounded)""]","[""AD2-D02"", ""AD2-D05"", ""AD2-D15""]","[""QI-00636""]",3,True,False,5 /m x 1 x 2.374382 m x 1.121681132 m = 13.316497446 m; x 10^2/162 = 0.617283951 kg/m -> 8.220060152 kg,PRE-S7.1 11_S7_RELEASE_CANDIDATES.csv QI-00635 (manifest 3a67a8641ce4); 3 local bar strips in 04_S7_BAR_RUNS.csv
S7-0227,QI-00637,CMP-0287,SUP-GF_ROOF_SLAB-012,SUPPORT,SP-GF_ROOF_SLAB-25,SUP-GF_ROOF_SLAB-012,TOP:SUP-GF_ROOF_SLAB-012:SP-GF_ROOF_SLAB-25:X,GF_ROOF_SLAB,TOP_OVER_SUPPORT_EXTENSION,TOP,X,10,5,,1,0.35463,1.77315,UNRESOLVED,3.169134,,0,1.056378,1.056378,1.873116651,0.617283951,1.156244846,PROJECT_BASIS_QTO,"PROJECT_BASIS_QTO: rate density over the frozen PRE-S7.1 local bar strips; a lower bound of the physical steel (every blocked portion is excluded, not zero); not a bar-by-bar BBS","PROJECT_SOURCE ratio 1/3 (P4-6-NOTE-2-TOP-OVER-BEAMS: 'length one third of the span'); URBAN_OWNER_MEASUREMENT_RULE URBAN_QTO_TOP_OVER_SUPPORT_EXTENT_V1: measured from the support face into the clear span of SP-GF_ROOF_SLAB-25 (note 2 does not state the origin, the span or total-vs-each-side)","PROJECT_SOURCE: plan note 2 (5Ø10/m top steel over beams, both directions) -> 5 bars/m of Ø10; equivalent count by URBAN_RATE_DENSITY (AD2-D02); PHYSICAL_BBS_COUNT UNRESOLVED",PROJECT_SOURCE: full callout density 1 (no 50 % rule split on this item),0.333333333,P4-6-NOTE-2-TOP-OVER-BEAMS,PROJECT_SOURCE,"CLEAR_SPAN of the panel on each side, along each bar line",URBAN_OWNER_MEASUREMENT_RULE,SUPPORT_FACE (extension into the clear span),URBAN_OWNER_MEASUREMENT_RULE,PROJECT_SOURCE (plan note 2: top steel),"[""P4-6-NOTE-2-TOP-OVER-BEAMS""]","[""URBAN_RATE_DENSITY (AD2-D02: equivalent count = rate x density x width, unrounded)"", ""URBAN_QTO_TOP_OVER_SUPPORT_EXTENT_V1""]","[""AD2-D02"", ""AD2-D05"", ""AD2-D06""]","[""QI-00638""]",3,False,False,5 /m x 1 x 0.35463 m x 1.056378 m = 1.873116651 m; x 10^2/162 = 0.617283951 kg/m -> 1.156244846 kg,PRE-S7.1 11_S7_RELEASE_CANDIDATES.csv QI-00637 (manifest 3a67a8641ce4); 3 local bar strips in 04_S7_BAR_RUNS.csv
S7-0228,QI-00640,CMP-0289,SUP-2F_ROOF_SLAB-014,SUPPORT,SP-2F_ROOF_SLAB-03,SUP-2F_ROOF_SLAB-014,TOP:SUP-2F_ROOF_SLAB-014:SP-2F_ROOF_SLAB-03:X,2F_ROOF_SLAB,TOP_OVER_SUPPORT_EXTENSION,TOP,X,10,5,,1,0.3,1.5,UNRESOLVED,1.8,,0,0.6,0.6,0.9,0.617283951,0.555555556,PROJECT_BASIS_QTO,"PROJECT_BASIS_QTO: rate density over the frozen PRE-S7.1 local bar strips; a lower bound of the physical steel (every blocked portion is excluded, not zero); not a bar-by-bar BBS","PROJECT_SOURCE ratio 1/3 (P4-6-NOTE-2-TOP-OVER-BEAMS: 'length one third of the span'); URBAN_OWNER_MEASUREMENT_RULE URBAN_QTO_TOP_OVER_SUPPORT_EXTENT_V1: measured from the support face into the clear span of SP-2F_ROOF_SLAB-03 (note 2 does not state the origin, the span or total-vs-each-side)","PROJECT_SOURCE: plan note 2 (5Ø10/m top steel over beams, both directions) -> 5 bars/m of Ø10; equivalent count by URBAN_RATE_DENSITY (AD2-D02); PHYSICAL_BBS_COUNT UNRESOLVED",PROJECT_SOURCE: full callout density 1 (no 50 % rule split on this item),0.333333333,P4-6-NOTE-2-TOP-OVER-BEAMS,PROJECT_SOURCE,"CLEAR_SPAN of the panel on each side, along each bar line",URBAN_OWNER_MEASUREMENT_RULE,SUPPORT_FACE (extension into the clear span),URBAN_OWNER_MEASUREMENT_RULE,PROJECT_SOURCE (plan note 2: top steel),"[""P4-6-NOTE-2-TOP-OVER-BEAMS""]","[""URBAN_RATE_DENSITY (AD2-D02: equivalent count = rate x density x width, unrounded)"", ""URBAN_QTO_TOP_OVER_SUPPORT_EXTENT_V1""]","[""AD2-D02"", ""AD2-D05"", ""AD2-D06""]","[""QI-00642"", ""QI-00643""]",2,False,False,5 /m x 1 x 0.3 m x 0.6 m = 0.9 m; x 10^2/162 = 0.617283951 kg/m -> 0.555555556 kg,PRE-S7.1 11_S7_RELEASE_CANDIDATES.csv QI-00640 (manifest 3a67a8641ce4); 2 local bar strips in 04_S7_BAR_RUNS.csv
S7-0229,QI-00644,CMP-0290,SUP-GF_ROOF_SLAB-015,SUPPORT,SP-GF_ROOF_SLAB-26,SUP-GF_ROOF_SLAB-015,TOP:SUP-GF_ROOF_SLAB-015:SP-GF_ROOF_SLAB-26:Y,GF_ROOF_SLAB,TOP_OVER_SUPPORT_EXTENSION,TOP,Y,10,5,,1,3.8,19,UNRESOLVED,4.5,,0,1.5,1.5,28.5,0.617283951,17.592592593,PROJECT_BASIS_QTO,"PROJECT_BASIS_QTO: rate density over the frozen PRE-S7.1 local bar strips; a lower bound of the physical steel (every blocked portion is excluded, not zero); not a bar-by-bar BBS","PROJECT_SOURCE ratio 1/3 (P4-6-NOTE-2-TOP-OVER-BEAMS: 'length one third of the span'); URBAN_OWNER_MEASUREMENT_RULE URBAN_QTO_TOP_OVER_SUPPORT_EXTENT_V1: measured from the support face into the clear span of SP-GF_ROOF_SLAB-26 (note 2 does not state the origin, the span or total-vs-each-side)","PROJECT_SOURCE: plan note 2 (5Ø10/m top steel over beams, both directions) -> 5 bars/m of Ø10; equivalent count by URBAN_RATE_DENSITY (AD2-D02); PHYSICAL_BBS_COUNT UNRESOLVED",PROJECT_SOURCE: full callout density 1 (no 50 % rule split on this item),0.333333333,P4-6-NOTE-2-TOP-OVER-BEAMS,PROJECT_SOURCE,"CLEAR_SPAN of the panel on each side, along each bar line",URBAN_OWNER_MEASUREMENT_RULE,SUPPORT_FACE (extension into the clear span),URBAN_OWNER_MEASUREMENT_RULE,PROJECT_SOURCE (plan note 2: top steel),"[""P4-6-NOTE-2-TOP-OVER-BEAMS""]","[""URBAN_RATE_DENSITY (AD2-D02: equivalent count = rate x density x width, unrounded)"", ""URBAN_QTO_TOP_OVER_SUPPORT_EXTENT_V1""]","[""AD2-D02"", ""AD2-D05"", ""AD2-D06""]","[""QI-00645""]",31,False,False,5 /m x 1 x 3.8 m x 1.5 m = 28.5 m; x 10^2/162 = 0.617283951 kg/m -> 17.592592593 kg,PRE-S7.1 11_S7_RELEASE_CANDIDATES.csv QI-00644 (manifest 3a67a8641ce4); 31 local bar strips in 04_S7_BAR_RUNS.csv
S7-0230,QI-00646,CMP-0291,SUP-GF_ROOF_SLAB-016,SUPPORT,SP-GF_ROOF_SLAB-27,SUP-GF_ROOF_SLAB-016,TOP:SUP-GF_ROOF_SLAB-016:SP-GF_ROOF_SLAB-27:Y,GF_ROOF_SLAB,TOP_OVER_SUPPORT_EXTENSION,TOP,Y,10,5,,1,1.45,7.25,UNRESOLVED,4.489655172,,0,1.496551724,1.496551724,10.85,0.617283951,6.697530864,PROJECT_BASIS_QTO,"PROJECT_BASIS_QTO: rate density over the frozen PRE-S7.1 local bar strips; a lower bound of the physical steel (every blocked portion is excluded, not zero); not a bar-by-bar BBS","PROJECT_SOURCE ratio 1/3 (P4-6-NOTE-2-TOP-OVER-BEAMS: 'length one third of the span'); URBAN_OWNER_MEASUREMENT_RULE URBAN_QTO_TOP_OVER_SUPPORT_EXTENT_V1: measured from the support face into the clear span of SP-GF_ROOF_SLAB-27 (note 2 does not state the origin, the span or total-vs-each-side)","PROJECT_SOURCE: plan note 2 (5Ø10/m top steel over beams, both directions) -> 5 bars/m of Ø10; equivalent count by URBAN_RATE_DENSITY (AD2-D02); PHYSICAL_BBS_COUNT UNRESOLVED",PROJECT_SOURCE: full callout density 1 (no 50 % rule split on this item),0.333333333,P4-6-NOTE-2-TOP-OVER-BEAMS,PROJECT_SOURCE,"CLEAR_SPAN of the panel on each side, along each bar line",URBAN_OWNER_MEASUREMENT_RULE,SUPPORT_FACE (extension into the clear span),URBAN_OWNER_MEASUREMENT_RULE,PROJECT_SOURCE (plan note 2: top steel),"[""P4-6-NOTE-2-TOP-OVER-BEAMS""]","[""URBAN_RATE_DENSITY (AD2-D02: equivalent count = rate x density x width, unrounded)"", ""URBAN_QTO_TOP_OVER_SUPPORT_EXTENT_V1""]","[""AD2-D02"", ""AD2-D05"", ""AD2-D06""]","[""QI-00647""]",2,False,False,5 /m x 1 x 1.45 m x 1.496551724 m = 10.85 m; x 10^2/162 = 0.617283951 kg/m -> 6.697530864 kg,PRE-S7.1 11_S7_RELEASE_CANDIDATES.csv QI-00646 (manifest 3a67a8641ce4); 2 local bar strips in 04_S7_BAR_RUNS.csv
S7-0231,QI-00648,CMP-0292,SUP-GF_ROOF_SLAB-017,SUPPORT,SP-GF_ROOF_SLAB-27,SUP-GF_ROOF_SLAB-017,TOP:SUP-GF_ROOF_SLAB-017:SP-GF_ROOF_SLAB-27:Y,GF_ROOF_SLAB,TOP_OVER_SUPPORT_EXTENSION,TOP,Y,10,5,,1,0.4,2,UNRESOLVED,4.5,,0,1.5,1.5,3,0.617283951,1.851851852,PROJECT_BASIS_QTO,"PROJECT_BASIS_QTO: rate density over the frozen PRE-S7.1 local bar strips; a lower bound of the physical steel (every blocked portion is excluded, not zero); not a bar-by-bar BBS","PROJECT_SOURCE ratio 1/3 (P4-6-NOTE-2-TOP-OVER-BEAMS: 'length one third of the span'); URBAN_OWNER_MEASUREMENT_RULE URBAN_QTO_TOP_OVER_SUPPORT_EXTENT_V1: measured from the support face into the clear span of SP-GF_ROOF_SLAB-27 (note 2 does not state the origin, the span or total-vs-each-side)","PROJECT_SOURCE: plan note 2 (5Ø10/m top steel over beams, both directions) -> 5 bars/m of Ø10; equivalent count by URBAN_RATE_DENSITY (AD2-D02); PHYSICAL_BBS_COUNT UNRESOLVED",PROJECT_SOURCE: full callout density 1 (no 50 % rule split on this item),0.333333333,P4-6-NOTE-2-TOP-OVER-BEAMS,PROJECT_SOURCE,"CLEAR_SPAN of the panel on each side, along each bar line",URBAN_OWNER_MEASUREMENT_RULE,SUPPORT_FACE (extension into the clear span),URBAN_OWNER_MEASUREMENT_RULE,PROJECT_SOURCE (plan note 2: top steel),"[""P4-6-NOTE-2-TOP-OVER-BEAMS""]","[""URBAN_RATE_DENSITY (AD2-D02: equivalent count = rate x density x width, unrounded)"", ""URBAN_QTO_TOP_OVER_SUPPORT_EXTENT_V1""]","[""AD2-D02"", ""AD2-D05"", ""AD2-D06""]","[""QI-00649""]",1,False,False,5 /m x 1 x 0.4 m x 1.5 m = 3 m; x 10^2/162 = 0.617283951 kg/m -> 1.851851852 kg,PRE-S7.1 11_S7_RELEASE_CANDIDATES.csv QI-00648 (manifest 3a67a8641ce4); 1 local bar strips in 04_S7_BAR_RUNS.csv
S7-0232,QI-00650,CMP-0293,SUP-GF_ROOF_SLAB-018,SUPPORT,SP-GF_ROOF_SLAB-27,SUP-GF_ROOF_SLAB-018,TOP:SUP-GF_ROOF_SLAB-018:SP-GF_ROOF_SLAB-27:Y,GF_ROOF_SLAB,TOP_OVER_SUPPORT_EXTENSION,TOP,Y,10,5,,1,1.15,5.75,UNRESOLVED,4.5,,0,1.5,1.5,8.625,0.617283951,5.324074074,PROJECT_BASIS_QTO,"PROJECT_BASIS_QTO: rate density over the frozen PRE-S7.1 local bar strips; a lower bound of the physical steel (every blocked portion is excluded, not zero); not a bar-by-bar BBS","PROJECT_SOURCE ratio 1/3 (P4-6-NOTE-2-TOP-OVER-BEAMS: 'length one third of the span'); URBAN_OWNER_MEASUREMENT_RULE URBAN_QTO_TOP_OVER_SUPPORT_EXTENT_V1: measured from the support face into the clear span of SP-GF_ROOF_SLAB-27 (note 2 does not state the origin, the span or total-vs-each-side)","PROJECT_SOURCE: plan note 2 (5Ø10/m top steel over beams, both directions) -> 5 bars/m of Ø10; equivalent count by URBAN_RATE_DENSITY (AD2-D02); PHYSICAL_BBS_COUNT UNRESOLVED",PROJECT_SOURCE: full callout density 1 (no 50 % rule split on this item),0.333333333,P4-6-NOTE-2-TOP-OVER-BEAMS,PROJECT_SOURCE,"CLEAR_SPAN of the panel on each side, along each bar line",URBAN_OWNER_MEASUREMENT_RULE,SUPPORT_FACE (extension into the clear span),URBAN_OWNER_MEASUREMENT_RULE,PROJECT_SOURCE (plan note 2: top steel),"[""P4-6-NOTE-2-TOP-OVER-BEAMS""]","[""URBAN_RATE_DENSITY (AD2-D02: equivalent count = rate x density x width, unrounded)"", ""URBAN_QTO_TOP_OVER_SUPPORT_EXTENT_V1""]","[""AD2-D02"", ""AD2-D05"", ""AD2-D06""]","[""QI-00651""]",1,False,False,5 /m x 1 x 1.15 m x 1.5 m = 8.625 m; x 10^2/162 = 0.617283951 kg/m -> 5.324074074 kg,PRE-S7.1 11_S7_RELEASE_CANDIDATES.csv QI-00650 (manifest 3a67a8641ce4); 1 local bar strips in 04_S7_BAR_RUNS.csv
S7-0233,QI-00652,CMP-0294,SUP-GF_ROOF_SLAB-019,SUPPORT,SP-GF_ROOF_SLAB-30,SUP-GF_ROOF_SLAB-019,TOP:SUP-GF_ROOF_SLAB-019:SP-GF_ROOF_SLAB-30:Y,GF_ROOF_SLAB,TOP_OVER_SUPPORT_EXTENSION,TOP,Y,10,5,,1,1.2,6,UNRESOLVED,1.3,,0,0.433333333,0.433333333,2.6,0.617283951,1.604938272,PROJECT_BASIS_QTO,"PROJECT_BASIS_QTO: rate density over the frozen PRE-S7.1 local bar strips; a lower bound of the physical steel (every blocked portion is excluded, not zero); not a bar-by-bar BBS","PROJECT_SOURCE ratio 1/3 (P4-6-NOTE-2-TOP-OVER-BEAMS: 'length one third of the span'); URBAN_OWNER_MEASUREMENT_RULE URBAN_QTO_TOP_OVER_SUPPORT_EXTENT_V1: measured from the support face into the clear span of SP-GF_ROOF_SLAB-30 (note 2 does not state the origin, the span or total-vs-each-side); local L by URBAN_QTO_LOCAL_BAR_LINE_V1","PROJECT_SOURCE: plan note 2 (5Ø10/m top steel over beams, both directions) -> 5 bars/m of Ø10; equivalent count by URBAN_RATE_DENSITY (AD2-D02); PHYSICAL_BBS_COUNT UNRESOLVED",PROJECT_SOURCE: full callout density 1 (no 50 % rule split on this item),0.333333333,P4-6-NOTE-2-TOP-OVER-BEAMS,PROJECT_SOURCE,"CLEAR_SPAN of the panel on each side, along each bar line",URBAN_OWNER_MEASUREMENT_RULE,SUPPORT_FACE (extension into the clear span),URBAN_OWNER_MEASUREMENT_RULE,PROJECT_SOURCE (plan note 2: top steel),"[""P4-6-NOTE-2-TOP-OVER-BEAMS""]","[""URBAN_RATE_DENSITY (AD2-D02: equivalent count = rate x density x width, unrounded)"", ""URBAN_QTO_LOCAL_BAR_LINE_V1 (AD2-D14)"", ""URBAN_QTO_TOP_OVER_SUPPORT_EXTENT_V1""]","[""AD2-D02"", ""AD2-D05"", ""AD2-D06"", ""AD2-D14""]","[""QI-00653""]",1,False,False,5 /m x 1 x 1.2 m x 0.433333333 m = 2.6 m; x 10^2/162 = 0.617283951 kg/m -> 1.604938272 kg,PRE-S7.1 11_S7_RELEASE_CANDIDATES.csv QI-00652 (manifest 3a67a8641ce4); 1 local bar strips in 04_S7_BAR_RUNS.csv
S7-0234,QI-00654,CMP-0295,SUP-GF_ROOF_SLAB-020,SUPPORT,SP-GF_ROOF_SLAB-34,SUP-GF_ROOF_SLAB-020,TOP:SUP-GF_ROOF_SLAB-020:SP-GF_ROOF_SLAB-34:Y,GF_ROOF_SLAB,TOP_OVER_SUPPORT_EXTENSION,TOP,Y,10,5,,1,3,15,UNRESOLVED,4.446666667,,0,1.482222222,1.482222222,22.233333333,0.617283951,13.724279835,PROJECT_BASIS_QTO,"PROJECT_BASIS_QTO: rate density over the frozen PRE-S7.1 local bar strips; a lower bound of the physical steel (every blocked portion is excluded, not zero); not a bar-by-bar BBS","PROJECT_SOURCE ratio 1/3 (P4-6-NOTE-2-TOP-OVER-BEAMS: 'length one third of the span'); URBAN_OWNER_MEASUREMENT_RULE URBAN_QTO_TOP_OVER_SUPPORT_EXTENT_V1: measured from the support face into the clear span of SP-GF_ROOF_SLAB-34 (note 2 does not state the origin, the span or total-vs-each-side)","PROJECT_SOURCE: plan note 2 (5Ø10/m top steel over beams, both directions) -> 5 bars/m of Ø10; equivalent count by URBAN_RATE_DENSITY (AD2-D02); PHYSICAL_BBS_COUNT UNRESOLVED",PROJECT_SOURCE: full callout density 1 (no 50 % rule split on this item),0.333333333,P4-6-NOTE-2-TOP-OVER-BEAMS,PROJECT_SOURCE,"CLEAR_SPAN of the panel on each side, along each bar line",URBAN_OWNER_MEASUREMENT_RULE,SUPPORT_FACE (extension into the clear span),URBAN_OWNER_MEASUREMENT_RULE,PROJECT_SOURCE (plan note 2: top steel),"[""P4-6-NOTE-2-TOP-OVER-BEAMS""]","[""URBAN_RATE_DENSITY (AD2-D02: equivalent count = rate x density x width, unrounded)"", ""URBAN_QTO_TOP_OVER_SUPPORT_EXTENT_V1""]","[""AD2-D02"", ""AD2-D05"", ""AD2-D06""]","[""QI-00655""]",3,False,False,5 /m x 1 x 3 m x 1.482222222 m = 22.233333333 m; x 10^2/162 = 0.617283951 kg/m -> 13.724279835 kg,PRE-S7.1 11_S7_RELEASE_CANDIDATES.csv QI-00654 (manifest 3a67a8641ce4); 3 local bar strips in 04_S7_BAR_RUNS.csv
S7-0235,QI-00656,CMP-0296,SUP-1F_ROOF_SLAB-021,SUPPORT,SP-1F_ROOF_SLAB-05,SUP-1F_ROOF_SLAB-021,TOP:SUP-1F_ROOF_SLAB-021:SP-1F_ROOF_SLAB-05:X,1F_ROOF_SLAB,TOP_OVER_SUPPORT_EXTENSION,TOP,X,10,5,,1,4.275,21.375,UNRESOLVED,4.1,,0,1.366666667,1.366666667,29.2125,0.617283951,18.032407407,PROJECT_BASIS_QTO,"PROJECT_BASIS_QTO: rate density over the frozen PRE-S7.1 local bar strips; a lower bound of the physical steel (every blocked portion is excluded, not zero); not a bar-by-bar BBS","PROJECT_SOURCE ratio 1/3 (P4-6-NOTE-2-TOP-OVER-BEAMS: 'length one third of the span'); URBAN_OWNER_MEASUREMENT_RULE URBAN_QTO_TOP_OVER_SUPPORT_EXTENT_V1: measured from the support face into the clear span of SP-1F_ROOF_SLAB-05 (note 2 does not state the origin, the span or total-vs-each-side)","PROJECT_SOURCE: plan note 2 (5Ø10/m top steel over beams, both directions) -> 5 bars/m of Ø10; equivalent count by URBAN_RATE_DENSITY (AD2-D02); PHYSICAL_BBS_COUNT UNRESOLVED",PROJECT_SOURCE: full callout density 1 (no 50 % rule split on this item),0.333333333,P4-6-NOTE-2-TOP-OVER-BEAMS,PROJECT_SOURCE,"CLEAR_SPAN of the panel on each side, along each bar line",URBAN_OWNER_MEASUREMENT_RULE,SUPPORT_FACE (extension into the clear span),URBAN_OWNER_MEASUREMENT_RULE,PROJECT_SOURCE (plan note 2: top steel),"[""P4-6-NOTE-2-TOP-OVER-BEAMS""]","[""URBAN_RATE_DENSITY (AD2-D02: equivalent count = rate x density x width, unrounded)"", ""URBAN_QTO_TOP_OVER_SUPPORT_EXTENT_V1""]","[""AD2-D02"", ""AD2-D05"", ""AD2-D06""]","[""QI-00657""]",3,False,False,5 /m x 1 x 4.275 m x 1.366666667 m = 29.2125 m; x 10^2/162 = 0.617283951 kg/m -> 18.032407407 kg,PRE-S7.1 11_S7_RELEASE_CANDIDATES.csv QI-00656 (manifest 3a67a8641ce4); 3 local bar strips in 04_S7_BAR_RUNS.csv
S7-0236,QI-00658,CMP-0297,SUP-1F_ROOF_SLAB-022,SUPPORT,SP-1F_ROOF_SLAB-07,SUP-1F_ROOF_SLAB-022,TOP:SUP-1F_ROOF_SLAB-022:SP-1F_ROOF_SLAB-07:X,1F_ROOF_SLAB,TOP_OVER_SUPPORT_EXTENSION,TOP,X,10,5,,1,1.010478,5.05239,UNRESOLVED,4.367740704,,0,1.455913568,1.455913568,7.355843152,0.617283951,4.540643921,PROJECT_BASIS_QTO,"PROJECT_BASIS_QTO: rate density over the frozen PRE-S7.1 local bar strips; a lower bound of the physical steel (every blocked portion is excluded, not zero); not a bar-by-bar BBS","PROJECT_SOURCE ratio 1/3 (P4-6-NOTE-2-TOP-OVER-BEAMS: 'length one third of the span'); URBAN_OWNER_MEASUREMENT_RULE URBAN_QTO_TOP_OVER_SUPPORT_EXTENT_V1: measured from the support face into the clear span of SP-1F_ROOF_SLAB-07 (note 2 does not state the origin, the span or total-vs-each-side)","PROJECT_SOURCE: plan note 2 (5Ø10/m top steel over beams, both directions) -> 5 bars/m of Ø10; equivalent count by URBAN_RATE_DENSITY (AD2-D02); PHYSICAL_BBS_COUNT UNRESOLVED",PROJECT_SOURCE: full callout density 1 (no 50 % rule split on this item),0.333333333,P4-6-NOTE-2-TOP-OVER-BEAMS,PROJECT_SOURCE,"CLEAR_SPAN of the panel on each side, along each bar line",URBAN_OWNER_MEASUREMENT_RULE,SUPPORT_FACE (extension into the clear span),URBAN_OWNER_MEASUREMENT_RULE,PROJECT_SOURCE (plan note 2: top steel),"[""P4-6-NOTE-2-TOP-OVER-BEAMS""]","[""URBAN_RATE_DENSITY (AD2-D02: equivalent count = rate x density x width, unrounded)"", ""URBAN_QTO_TOP_OVER_SUPPORT_EXTENT_V1""]","[""AD2-D02"", ""AD2-D05"", ""AD2-D06""]","[""QI-00659""]",4,False,False,5 /m x 1 x 1.010478 m x 1.455913568 m = 7.355843152 m; x 10^2/162 = 0.617283951 kg/m -> 4.540643921 kg,PRE-S7.1 11_S7_RELEASE_CANDIDATES.csv QI-00658 (manifest 3a67a8641ce4); 4 local bar strips in 04_S7_BAR_RUNS.csv
S7-0237,QI-00663,CMP-0299,SUP-2F_ROOF_SLAB-024,SUPPORT,SP-2F_ROOF_SLAB-03,SUP-2F_ROOF_SLAB-024,TOP:SUP-2F_ROOF_SLAB-024:SP-2F_ROOF_SLAB-03:X,2F_ROOF_SLAB,TOP_OVER_SUPPORT_EXTENSION,TOP,X,10,5,,1,1.5,7.5,UNRESOLVED,1.8,,0,0.6,0.6,4.5,0.617283951,2.777777778,PROJECT_BASIS_QTO,"PROJECT_BASIS_QTO: rate density over the frozen PRE-S7.1 local bar strips; a lower bound of the physical steel (every blocked portion is excluded, not zero); not a bar-by-bar BBS","PROJECT_SOURCE ratio 1/3 (P4-6-NOTE-2-TOP-OVER-BEAMS: 'length one third of the span'); URBAN_OWNER_MEASUREMENT_RULE URBAN_QTO_TOP_OVER_SUPPORT_EXTENT_V1: measured from the support face into the clear span of SP-2F_ROOF_SLAB-03 (note 2 does not state the origin, the span or total-vs-each-side)","PROJECT_SOURCE: plan note 2 (5Ø10/m top steel over beams, both directions) -> 5 bars/m of Ø10; equivalent count by URBAN_RATE_DENSITY (AD2-D02); PHYSICAL_BBS_COUNT UNRESOLVED",PROJECT_SOURCE: full callout density 1 (no 50 % rule split on this item),0.333333333,P4-6-NOTE-2-TOP-OVER-BEAMS,PROJECT_SOURCE,"CLEAR_SPAN of the panel on each side, along each bar line",URBAN_OWNER_MEASUREMENT_RULE,SUPPORT_FACE (extension into the clear span),URBAN_OWNER_MEASUREMENT_RULE,PROJECT_SOURCE (plan note 2: top steel),"[""P4-6-NOTE-2-TOP-OVER-BEAMS""]","[""URBAN_RATE_DENSITY (AD2-D02: equivalent count = rate x density x width, unrounded)"", ""URBAN_QTO_TOP_OVER_SUPPORT_EXTENT_V1""]","[""AD2-D02"", ""AD2-D05"", ""AD2-D06""]","[""QI-00662""]",10,False,False,5 /m x 1 x 1.5 m x 0.6 m = 4.5 m; x 10^2/162 = 0.617283951 kg/m -> 2.777777778 kg,PRE-S7.1 11_S7_RELEASE_CANDIDATES.csv QI-00663 (manifest 3a67a8641ce4); 10 local bar strips in 04_S7_BAR_RUNS.csv
S7-0238,QI-00664,CMP-0299,SUP-2F_ROOF_SLAB-024,SUPPORT,SP-2F_ROOF_SLAB-06,SUP-2F_ROOF_SLAB-024,TOP:SUP-2F_ROOF_SLAB-024:SP-2F_ROOF_SLAB-06:X,2F_ROOF_SLAB,TOP_OVER_SUPPORT_EXTENSION,TOP,X,10,5,,1,1.7,8.5,UNRESOLVED,2.5,,0,0.833333333,0.833333333,7.083333333,0.617283951,4.372427984,PROJECT_BASIS_QTO,"PROJECT_BASIS_QTO: rate density over the frozen PRE-S7.1 local bar strips; a lower bound of the physical steel (every blocked portion is excluded, not zero); not a bar-by-bar BBS","PROJECT_SOURCE ratio 1/3 (P4-6-NOTE-2-TOP-OVER-BEAMS: 'length one third of the span'); URBAN_OWNER_MEASUREMENT_RULE URBAN_QTO_TOP_OVER_SUPPORT_EXTENT_V1: measured from the support face into the clear span of SP-2F_ROOF_SLAB-06 (note 2 does not state the origin, the span or total-vs-each-side)","PROJECT_SOURCE: plan note 2 (5Ø10/m top steel over beams, both directions) -> 5 bars/m of Ø10; equivalent count by URBAN_RATE_DENSITY (AD2-D02); PHYSICAL_BBS_COUNT UNRESOLVED",PROJECT_SOURCE: full callout density 1 (no 50 % rule split on this item),0.333333333,P4-6-NOTE-2-TOP-OVER-BEAMS,PROJECT_SOURCE,"CLEAR_SPAN of the panel on each side, along each bar line",URBAN_OWNER_MEASUREMENT_RULE,SUPPORT_FACE (extension into the clear span),URBAN_OWNER_MEASUREMENT_RULE,PROJECT_SOURCE (plan note 2: top steel),"[""P4-6-NOTE-2-TOP-OVER-BEAMS""]","[""URBAN_RATE_DENSITY (AD2-D02: equivalent count = rate x density x width, unrounded)"", ""URBAN_QTO_TOP_OVER_SUPPORT_EXTENT_V1""]","[""AD2-D02"", ""AD2-D05"", ""AD2-D06""]","[""QI-00662""]",29,False,False,5 /m x 1 x 1.7 m x 0.833333333 m = 7.083333333 m; x 10^2/162 = 0.617283951 kg/m -> 4.372427984 kg,PRE-S7.1 11_S7_RELEASE_CANDIDATES.csv QI-00664 (manifest 3a67a8641ce4); 29 local bar strips in 04_S7_BAR_RUNS.csv
S7-0239,QI-00665,CMP-0299,SUP-2F_ROOF_SLAB-024,SUPPORT,SP-2F_ROOF_SLAB-03|SP-2F_ROOF_SLAB-06,SUP-2F_ROOF_SLAB-024,TOP:SUP-2F_ROOF_SLAB-024:SP-2F_ROOF_SLAB-03|SP-2F_ROOF_SLAB-06:X,2F_ROOF_SLAB,TOP_SUPPORT_CROSSING,TOP,X,10,5,,1,1.5,7.5,UNRESOLVED,,,0.2,0,,1.5,0.617283951,0.925925926,PROJECT_BASIS_QTO,"PROJECT_BASIS_QTO: rate density over the frozen PRE-S7.1 local bar strips; a lower bound of the physical steel (every blocked portion is excluded, not zero); not a bar-by-bar BBS","PROJECT_GEOMETRY: over the support between the two panel faces along each bar line (the far face found beyond each strip end, AD2-D15)","PROJECT_SOURCE: plan note 2 (5Ø10/m top steel over beams, both directions) -> 5 bars/m of Ø10; equivalent count by URBAN_RATE_DENSITY (AD2-D02); PHYSICAL_BBS_COUNT UNRESOLVED",PROJECT_SOURCE: full callout density 1 (no 50 % rule split on this item),,,,SUPPORT_GAP (face to face over the support),PROJECT_GEOMETRY,SUPPORT_FACE,PROJECT_GEOMETRY,PROJECT_SOURCE (plan note 2: top steel),"[""P4-6-NOTE-2-TOP-OVER-BEAMS""]","[""URBAN_RATE_DENSITY (AD2-D02: equivalent count = rate x density x width, unrounded)""]","[""AD2-D02"", ""AD2-D05"", ""AD2-D15""]","[""QI-00662""]",10,False,False,5 /m x 1 x 1.5 m x 0.2 m = 1.5 m; x 10^2/162 = 0.617283951 kg/m -> 0.925925926 kg,PRE-S7.1 11_S7_RELEASE_CANDIDATES.csv QI-00665 (manifest 3a67a8641ce4); 10 local bar strips in 04_S7_BAR_RUNS.csv
S7-0240,QI-00666,CMP-0300,SUP-2F_ROOF_SLAB-025,SUPPORT,SP-2F_ROOF_SLAB-06,SUP-2F_ROOF_SLAB-025,TOP:SUP-2F_ROOF_SLAB-025:SP-2F_ROOF_SLAB-06:X,2F_ROOF_SLAB,TOP_OVER_SUPPORT_EXTENSION,TOP,X,10,5,,1,1.2,6,UNRESOLVED,2.5,,0,0.833333333,0.833333333,5,0.617283951,3.086419753,PROJECT_BASIS_QTO,"PROJECT_BASIS_QTO: rate density over the frozen PRE-S7.1 local bar strips; a lower bound of the physical steel (every blocked portion is excluded, not zero); not a bar-by-bar BBS","PROJECT_SOURCE ratio 1/3 (P4-6-NOTE-2-TOP-OVER-BEAMS: 'length one third of the span'); URBAN_OWNER_MEASUREMENT_RULE URBAN_QTO_TOP_OVER_SUPPORT_EXTENT_V1: measured from the support face into the clear span of SP-2F_ROOF_SLAB-06 (note 2 does not state the origin, the span or total-vs-each-side)","PROJECT_SOURCE: plan note 2 (5Ø10/m top steel over beams, both directions) -> 5 bars/m of Ø10; equivalent count by URBAN_RATE_DENSITY (AD2-D02); PHYSICAL_BBS_COUNT UNRESOLVED",PROJECT_SOURCE: full callout density 1 (no 50 % rule split on this item),0.333333333,P4-6-NOTE-2-TOP-OVER-BEAMS,PROJECT_SOURCE,"CLEAR_SPAN of the panel on each side, along each bar line",URBAN_OWNER_MEASUREMENT_RULE,SUPPORT_FACE (extension into the clear span),URBAN_OWNER_MEASUREMENT_RULE,PROJECT_SOURCE (plan note 2: top steel),"[""P4-6-NOTE-2-TOP-OVER-BEAMS""]","[""URBAN_RATE_DENSITY (AD2-D02: equivalent count = rate x density x width, unrounded)"", ""URBAN_QTO_TOP_OVER_SUPPORT_EXTENT_V1""]","[""AD2-D02"", ""AD2-D05"", ""AD2-D06""]",[],21,False,False,5 /m x 1 x 1.2 m x 0.833333333 m = 5 m; x 10^2/162 = 0.617283951 kg/m -> 3.086419753 kg,PRE-S7.1 11_S7_RELEASE_CANDIDATES.csv QI-00666 (manifest 3a67a8641ce4); 21 local bar strips in 04_S7_BAR_RUNS.csv
S7-0241,QI-00667,CMP-0300,SUP-2F_ROOF_SLAB-025,SUPPORT,SP-2F_ROOF_SLAB-07,SUP-2F_ROOF_SLAB-025,TOP:SUP-2F_ROOF_SLAB-025:SP-2F_ROOF_SLAB-07:X,2F_ROOF_SLAB,TOP_OVER_SUPPORT_EXTENSION,TOP,X,10,5,,1,1.2,6,UNRESOLVED,1.8,,0,0.6,0.6,3.6,0.617283951,2.222222222,PROJECT_BASIS_QTO,"PROJECT_BASIS_QTO: rate density over the frozen PRE-S7.1 local bar strips; a lower bound of the physical steel (every blocked portion is excluded, not zero); not a bar-by-bar BBS","PROJECT_SOURCE ratio 1/3 (P4-6-NOTE-2-TOP-OVER-BEAMS: 'length one third of the span'); URBAN_OWNER_MEASUREMENT_RULE URBAN_QTO_TOP_OVER_SUPPORT_EXTENT_V1: measured from the support face into the clear span of SP-2F_ROOF_SLAB-07 (note 2 does not state the origin, the span or total-vs-each-side)","PROJECT_SOURCE: plan note 2 (5Ø10/m top steel over beams, both directions) -> 5 bars/m of Ø10; equivalent count by URBAN_RATE_DENSITY (AD2-D02); PHYSICAL_BBS_COUNT UNRESOLVED",PROJECT_SOURCE: full callout density 1 (no 50 % rule split on this item),0.333333333,P4-6-NOTE-2-TOP-OVER-BEAMS,PROJECT_SOURCE,"CLEAR_SPAN of the panel on each side, along each bar line",URBAN_OWNER_MEASUREMENT_RULE,SUPPORT_FACE (extension into the clear span),URBAN_OWNER_MEASUREMENT_RULE,PROJECT_SOURCE (plan note 2: top steel),"[""P4-6-NOTE-2-TOP-OVER-BEAMS""]","[""URBAN_RATE_DENSITY (AD2-D02: equivalent count = rate x density x width, unrounded)"", ""URBAN_QTO_TOP_OVER_SUPPORT_EXTENT_V1""]","[""AD2-D02"", ""AD2-D05"", ""AD2-D06""]",[],21,False,False,5 /m x 1 x 1.2 m x 0.6 m = 3.6 m; x 10^2/162 = 0.617283951 kg/m -> 2.222222222 kg,PRE-S7.1 11_S7_RELEASE_CANDIDATES.csv QI-00667 (manifest 3a67a8641ce4); 21 local bar strips in 04_S7_BAR_RUNS.csv
S7-0242,QI-00668,CMP-0300,SUP-2F_ROOF_SLAB-025,SUPPORT,SP-2F_ROOF_SLAB-06|SP-2F_ROOF_SLAB-07,SUP-2F_ROOF_SLAB-025,TOP:SUP-2F_ROOF_SLAB-025:SP-2F_ROOF_SLAB-06|SP-2F_ROOF_SLAB-07:X,2F_ROOF_SLAB,TOP_SUPPORT_CROSSING,TOP,X,10,5,,1,1.2,6,UNRESOLVED,,,0.2,0,,1.2,0.617283951,0.740740741,PROJECT_BASIS_QTO,"PROJECT_BASIS_QTO: rate density over the frozen PRE-S7.1 local bar strips; a lower bound of the physical steel (every blocked portion is excluded, not zero); not a bar-by-bar BBS","PROJECT_GEOMETRY: over the support between the two panel faces along each bar line (the far face found beyond each strip end, AD2-D15)","PROJECT_SOURCE: plan note 2 (5Ø10/m top steel over beams, both directions) -> 5 bars/m of Ø10; equivalent count by URBAN_RATE_DENSITY (AD2-D02); PHYSICAL_BBS_COUNT UNRESOLVED",PROJECT_SOURCE: full callout density 1 (no 50 % rule split on this item),,,,SUPPORT_GAP (face to face over the support),PROJECT_GEOMETRY,SUPPORT_FACE,PROJECT_GEOMETRY,PROJECT_SOURCE (plan note 2: top steel),"[""P4-6-NOTE-2-TOP-OVER-BEAMS""]","[""URBAN_RATE_DENSITY (AD2-D02: equivalent count = rate x density x width, unrounded)""]","[""AD2-D02"", ""AD2-D05"", ""AD2-D15""]",[],21,False,False,5 /m x 1 x 1.2 m x 0.2 m = 1.2 m; x 10^2/162 = 0.617283951 kg/m -> 0.740740741 kg,PRE-S7.1 11_S7_RELEASE_CANDIDATES.csv QI-00668 (manifest 3a67a8641ce4); 21 local bar strips in 04_S7_BAR_RUNS.csv
S7-0243,QI-00669,CMP-0301,SUP-1F_ROOF_SLAB-026,SUPPORT,SP-1F_ROOF_SLAB-11,SUP-1F_ROOF_SLAB-026,TOP:SUP-1F_ROOF_SLAB-026:SP-1F_ROOF_SLAB-11:X,1F_ROOF_SLAB,TOP_OVER_SUPPORT_EXTENSION,TOP,X,10,5,,1,0.914522,4.57261,UNRESOLVED,4.3,,0,1.433333333,1.433333333,6.554074333,0.617283951,4.045724897,PROJECT_BASIS_QTO,"PROJECT_BASIS_QTO: rate density over the frozen PRE-S7.1 local bar strips; a lower bound of the physical steel (every blocked portion is excluded, not zero); not a bar-by-bar BBS","PROJECT_SOURCE ratio 1/3 (P4-6-NOTE-2-TOP-OVER-BEAMS: 'length one third of the span'); URBAN_OWNER_MEASUREMENT_RULE URBAN_QTO_TOP_OVER_SUPPORT_EXTENT_V1: measured from the support face into the clear span of SP-1F_ROOF_SLAB-11 (note 2 does not state the origin, the span or total-vs-each-side); local L by URBAN_QTO_LOCAL_BAR_LINE_V1","PROJECT_SOURCE: plan note 2 (5Ø10/m top steel over beams, both directions) -> 5 bars/m of Ø10; equivalent count by URBAN_RATE_DENSITY (AD2-D02); PHYSICAL_BBS_COUNT UNRESOLVED",PROJECT_SOURCE: full callout density 1 (no 50 % rule split on this item),0.333333333,P4-6-NOTE-2-TOP-OVER-BEAMS,PROJECT_SOURCE,"CLEAR_SPAN of the panel on each side, along each bar line",URBAN_OWNER_MEASUREMENT_RULE,SUPPORT_FACE (extension into the clear span),URBAN_OWNER_MEASUREMENT_RULE,PROJECT_SOURCE (plan note 2: top steel),"[""P4-6-NOTE-2-TOP-OVER-BEAMS""]","[""URBAN_RATE_DENSITY (AD2-D02: equivalent count = rate x density x width, unrounded)"", ""URBAN_QTO_LOCAL_BAR_LINE_V1 (AD2-D14)"", ""URBAN_QTO_TOP_OVER_SUPPORT_EXTENT_V1""]","[""AD2-D02"", ""AD2-D05"", ""AD2-D06"", ""AD2-D14""]","[""QI-00670""]",12,False,False,5 /m x 1 x 0.914522 m x 1.433333333 m = 6.554074333 m; x 10^2/162 = 0.617283951 kg/m -> 4.045724897 kg,PRE-S7.1 11_S7_RELEASE_CANDIDATES.csv QI-00669 (manifest 3a67a8641ce4); 12 local bar strips in 04_S7_BAR_RUNS.csv
S7-0244,QI-00672,CMP-0303,SUP-GF_ROOF_SLAB-028,SUPPORT,SP-GF_ROOF_SLAB-20,SUP-GF_ROOF_SLAB-028,TOP:SUP-GF_ROOF_SLAB-028:SP-GF_ROOF_SLAB-20:Y,GF_ROOF_SLAB,TOP_OVER_SUPPORT_EXTENSION,TOP,Y,10,5,,1,0.934065,4.670325,UNRESOLVED,3.7,,0,1.233333333,1.233333333,5.7600675,0.617283951,3.555597222,PROJECT_BASIS_QTO,"PROJECT_BASIS_QTO: rate density over the frozen PRE-S7.1 local bar strips; a lower bound of the physical steel (every blocked portion is excluded, not zero); not a bar-by-bar BBS","PROJECT_SOURCE ratio 1/3 (P4-6-NOTE-2-TOP-OVER-BEAMS: 'length one third of the span'); URBAN_OWNER_MEASUREMENT_RULE URBAN_QTO_TOP_OVER_SUPPORT_EXTENT_V1: measured from the support face into the clear span of SP-GF_ROOF_SLAB-20 (note 2 does not state the origin, the span or total-vs-each-side)","PROJECT_SOURCE: plan note 2 (5Ø10/m top steel over beams, both directions) -> 5 bars/m of Ø10; equivalent count by URBAN_RATE_DENSITY (AD2-D02); PHYSICAL_BBS_COUNT UNRESOLVED",PROJECT_SOURCE: full callout density 1 (no 50 % rule split on this item),0.333333333,P4-6-NOTE-2-TOP-OVER-BEAMS,PROJECT_SOURCE,"CLEAR_SPAN of the panel on each side, along each bar line",URBAN_OWNER_MEASUREMENT_RULE,SUPPORT_FACE (extension into the clear span),URBAN_OWNER_MEASUREMENT_RULE,PROJECT_SOURCE (plan note 2: top steel),"[""P4-6-NOTE-2-TOP-OVER-BEAMS""]","[""URBAN_RATE_DENSITY (AD2-D02: equivalent count = rate x density x width, unrounded)"", ""URBAN_QTO_TOP_OVER_SUPPORT_EXTENT_V1""]","[""AD2-D02"", ""AD2-D05"", ""AD2-D06""]","[""QI-00673""]",1,False,False,5 /m x 1 x 0.934065 m x 1.233333333 m = 5.7600675 m; x 10^2/162 = 0.617283951 kg/m -> 3.555597222 kg,PRE-S7.1 11_S7_RELEASE_CANDIDATES.csv QI-00672 (manifest 3a67a8641ce4); 1 local bar strips in 04_S7_BAR_RUNS.csv
S7-0245,QI-00674,CMP-0304,SUP-1F_ROOF_SLAB-029,SUPPORT,SP-1F_ROOF_SLAB-08,SUP-1F_ROOF_SLAB-029,TOP:SUP-1F_ROOF_SLAB-029:SP-1F_ROOF_SLAB-08:X,1F_ROOF_SLAB,TOP_OVER_SUPPORT_EXTENSION,TOP,X,10,5,,1,0.785478,3.92739,UNRESOLVED,4.1,,0,1.366666667,1.366666667,5.367433,0.617283951,3.313230247,PROJECT_BASIS_QTO,"PROJECT_BASIS_QTO: rate density over the frozen PRE-S7.1 local bar strips; a lower bound of the physical steel (every blocked portion is excluded, not zero); not a bar-by-bar BBS","PROJECT_SOURCE ratio 1/3 (P4-6-NOTE-2-TOP-OVER-BEAMS: 'length one third of the span'); URBAN_OWNER_MEASUREMENT_RULE URBAN_QTO_TOP_OVER_SUPPORT_EXTENT_V1: measured from the support face into the clear span of SP-1F_ROOF_SLAB-08 (note 2 does not state the origin, the span or total-vs-each-side)","PROJECT_SOURCE: plan note 2 (5Ø10/m top steel over beams, both directions) -> 5 bars/m of Ø10; equivalent count by URBAN_RATE_DENSITY (AD2-D02); PHYSICAL_BBS_COUNT UNRESOLVED",PROJECT_SOURCE: full callout density 1 (no 50 % rule split on this item),0.333333333,P4-6-NOTE-2-TOP-OVER-BEAMS,PROJECT_SOURCE,"CLEAR_SPAN of the panel on each side, along each bar line",URBAN_OWNER_MEASUREMENT_RULE,SUPPORT_FACE (extension into the clear span),URBAN_OWNER_MEASUREMENT_RULE,PROJECT_SOURCE (plan note 2: top steel),"[""P4-6-NOTE-2-TOP-OVER-BEAMS""]","[""URBAN_RATE_DENSITY (AD2-D02: equivalent count = rate x density x width, unrounded)"", ""URBAN_QTO_TOP_OVER_SUPPORT_EXTENT_V1""]","[""AD2-D02"", ""AD2-D05"", ""AD2-D06""]",[],2,False,False,5 /m x 1 x 0.785478 m x 1.366666667 m = 5.367433 m; x 10^2/162 = 0.617283951 kg/m -> 3.313230247 kg,PRE-S7.1 11_S7_RELEASE_CANDIDATES.csv QI-00674 (manifest 3a67a8641ce4); 2 local bar strips in 04_S7_BAR_RUNS.csv
S7-0246,QI-00675,CMP-0304,SUP-1F_ROOF_SLAB-029,SUPPORT,SP-1F_ROOF_SLAB-11,SUP-1F_ROOF_SLAB-029,TOP:SUP-1F_ROOF_SLAB-029:SP-1F_ROOF_SLAB-11:X,1F_ROOF_SLAB,TOP_OVER_SUPPORT_EXTENSION,TOP,X,10,5,,1,0.785478,3.92739,UNRESOLVED,3.211490837,,0,1.070496946,1.070496946,4.204259,0.617283951,2.595221605,PROJECT_BASIS_QTO,"PROJECT_BASIS_QTO: rate density over the frozen PRE-S7.1 local bar strips; a lower bound of the physical steel (every blocked portion is excluded, not zero); not a bar-by-bar BBS","PROJECT_SOURCE ratio 1/3 (P4-6-NOTE-2-TOP-OVER-BEAMS: 'length one third of the span'); URBAN_OWNER_MEASUREMENT_RULE URBAN_QTO_TOP_OVER_SUPPORT_EXTENT_V1: measured from the support face into the clear span of SP-1F_ROOF_SLAB-11 (note 2 does not state the origin, the span or total-vs-each-side); local L by URBAN_QTO_LOCAL_BAR_LINE_V1","PROJECT_SOURCE: plan note 2 (5Ø10/m top steel over beams, both directions) -> 5 bars/m of Ø10; equivalent count by URBAN_RATE_DENSITY (AD2-D02); PHYSICAL_BBS_COUNT UNRESOLVED",PROJECT_SOURCE: full callout density 1 (no 50 % rule split on this item),0.333333333,P4-6-NOTE-2-TOP-OVER-BEAMS,PROJECT_SOURCE,"CLEAR_SPAN of the panel on each side, along each bar line",URBAN_OWNER_MEASUREMENT_RULE,SUPPORT_FACE (extension into the clear span),URBAN_OWNER_MEASUREMENT_RULE,PROJECT_SOURCE (plan note 2: top steel),"[""P4-6-NOTE-2-TOP-OVER-BEAMS""]","[""URBAN_RATE_DENSITY (AD2-D02: equivalent count = rate x density x width, unrounded)"", ""URBAN_QTO_LOCAL_BAR_LINE_V1 (AD2-D14)"", ""URBAN_QTO_TOP_OVER_SUPPORT_EXTENT_V1""]","[""AD2-D02"", ""AD2-D05"", ""AD2-D06"", ""AD2-D14""]",[],5,False,False,5 /m x 1 x 0.785478 m x 1.070496946 m = 4.204259 m; x 10^2/162 = 0.617283951 kg/m -> 2.595221605 kg,PRE-S7.1 11_S7_RELEASE_CANDIDATES.csv QI-00675 (manifest 3a67a8641ce4); 5 local bar strips in 04_S7_BAR_RUNS.csv
S7-0247,QI-00676,CMP-0304,SUP-1F_ROOF_SLAB-029,SUPPORT,SP-1F_ROOF_SLAB-08|SP-1F_ROOF_SLAB-11,SUP-1F_ROOF_SLAB-029,TOP:SUP-1F_ROOF_SLAB-029:SP-1F_ROOF_SLAB-08|SP-1F_ROOF_SLAB-11:X,1F_ROOF_SLAB,TOP_SUPPORT_CROSSING,TOP,X,10,5,,1,0.785478,3.92739,UNRESOLVED,,,0.3,0,,1.178217,0.617283951,0.727294444,PROJECT_BASIS_QTO,"PROJECT_BASIS_QTO: rate density over the frozen PRE-S7.1 local bar strips; a lower bound of the physical steel (every blocked portion is excluded, not zero); not a bar-by-bar BBS","PROJECT_GEOMETRY: over the support between the two panel faces along each bar line (the far face found beyond each strip end, AD2-D15)","PROJECT_SOURCE: plan note 2 (5Ø10/m top steel over beams, both directions) -> 5 bars/m of Ø10; equivalent count by URBAN_RATE_DENSITY (AD2-D02); PHYSICAL_BBS_COUNT UNRESOLVED",PROJECT_SOURCE: full callout density 1 (no 50 % rule split on this item),,,,SUPPORT_GAP (face to face over the support),PROJECT_GEOMETRY,SUPPORT_FACE,PROJECT_GEOMETRY,PROJECT_SOURCE (plan note 2: top steel),"[""P4-6-NOTE-2-TOP-OVER-BEAMS""]","[""URBAN_RATE_DENSITY (AD2-D02: equivalent count = rate x density x width, unrounded)""]","[""AD2-D02"", ""AD2-D05"", ""AD2-D15""]",[],2,False,False,5 /m x 1 x 0.785478 m x 0.3 m = 1.178217 m; x 10^2/162 = 0.617283951 kg/m -> 0.727294444 kg,PRE-S7.1 11_S7_RELEASE_CANDIDATES.csv QI-00676 (manifest 3a67a8641ce4); 2 local bar strips in 04_S7_BAR_RUNS.csv
S7-0248,QI-00677,CMP-0305,SUP-1F_ROOF_SLAB-030,SUPPORT,SP-1F_ROOF_SLAB-21,SUP-1F_ROOF_SLAB-030,TOP:SUP-1F_ROOF_SLAB-030:SP-1F_ROOF_SLAB-21:X,1F_ROOF_SLAB,TOP_OVER_SUPPORT_EXTENSION,TOP,X,10,5,,1,3.807661,19.038305,UNRESOLVED,4.3,,0,1.433333333,1.433333333,27.288237167,0.617283951,16.844590844,PROJECT_BASIS_QTO,"PROJECT_BASIS_QTO: rate density over the frozen PRE-S7.1 local bar strips; a lower bound of the physical steel (every blocked portion is excluded, not zero); not a bar-by-bar BBS","PROJECT_SOURCE ratio 1/3 (P4-6-NOTE-2-TOP-OVER-BEAMS: 'length one third of the span'); URBAN_OWNER_MEASUREMENT_RULE URBAN_QTO_TOP_OVER_SUPPORT_EXTENT_V1: measured from the support face into the clear span of SP-1F_ROOF_SLAB-21 (note 2 does not state the origin, the span or total-vs-each-side)","PROJECT_SOURCE: plan note 2 (5Ø10/m top steel over beams, both directions) -> 5 bars/m of Ø10; equivalent count by URBAN_RATE_DENSITY (AD2-D02); PHYSICAL_BBS_COUNT UNRESOLVED",PROJECT_SOURCE: full callout density 1 (no 50 % rule split on this item),0.333333333,P4-6-NOTE-2-TOP-OVER-BEAMS,PROJECT_SOURCE,"CLEAR_SPAN of the panel on each side, along each bar line",URBAN_OWNER_MEASUREMENT_RULE,SUPPORT_FACE (extension into the clear span),URBAN_OWNER_MEASUREMENT_RULE,PROJECT_SOURCE (plan note 2: top steel),"[""P4-6-NOTE-2-TOP-OVER-BEAMS""]","[""URBAN_RATE_DENSITY (AD2-D02: equivalent count = rate x density x width, unrounded)"", ""URBAN_QTO_TOP_OVER_SUPPORT_EXTENT_V1""]","[""AD2-D02"", ""AD2-D05"", ""AD2-D06""]","[""QI-00680""]",22,False,False,5 /m x 1 x 3.807661 m x 1.433333333 m = 27.288237167 m; x 10^2/162 = 0.617283951 kg/m -> 16.844590844 kg,PRE-S7.1 11_S7_RELEASE_CANDIDATES.csv QI-00677 (manifest 3a67a8641ce4); 22 local bar strips in 04_S7_BAR_RUNS.csv
S7-0249,QI-00682,CMP-0306,SUP-1F_ROOF_SLAB-031,SUPPORT,SP-1F_ROOF_SLAB-21,SUP-1F_ROOF_SLAB-031,TOP:SUP-1F_ROOF_SLAB-031:SP-1F_ROOF_SLAB-21:X,1F_ROOF_SLAB,TOP_OVER_SUPPORT_EXTENSION,TOP,X,10,5,,1,1.042339,5.211695,UNRESOLVED,4.3,,0,1.433333333,1.433333333,7.470096167,0.617283951,4.611170473,PROJECT_BASIS_QTO,"PROJECT_BASIS_QTO: rate density over the frozen PRE-S7.1 local bar strips; a lower bound of the physical steel (every blocked portion is excluded, not zero); not a bar-by-bar BBS","PROJECT_SOURCE ratio 1/3 (P4-6-NOTE-2-TOP-OVER-BEAMS: 'length one third of the span'); URBAN_OWNER_MEASUREMENT_RULE URBAN_QTO_TOP_OVER_SUPPORT_EXTENT_V1: measured from the support face into the clear span of SP-1F_ROOF_SLAB-21 (note 2 does not state the origin, the span or total-vs-each-side)","PROJECT_SOURCE: plan note 2 (5Ø10/m top steel over beams, both directions) -> 5 bars/m of Ø10; equivalent count by URBAN_RATE_DENSITY (AD2-D02); PHYSICAL_BBS_COUNT UNRESOLVED",PROJECT_SOURCE: full callout density 1 (no 50 % rule split on this item),0.333333333,P4-6-NOTE-2-TOP-OVER-BEAMS,PROJECT_SOURCE,"CLEAR_SPAN of the panel on each side, along each bar line",URBAN_OWNER_MEASUREMENT_RULE,SUPPORT_FACE (extension into the clear span),URBAN_OWNER_MEASUREMENT_RULE,PROJECT_SOURCE (plan note 2: top steel),"[""P4-6-NOTE-2-TOP-OVER-BEAMS""]","[""URBAN_RATE_DENSITY (AD2-D02: equivalent count = rate x density x width, unrounded)"", ""URBAN_QTO_TOP_OVER_SUPPORT_EXTENT_V1""]","[""AD2-D02"", ""AD2-D05"", ""AD2-D06""]","[""QI-00681""]",1,False,False,5 /m x 1 x 1.042339 m x 1.433333333 m = 7.470096167 m; x 10^2/162 = 0.617283951 kg/m -> 4.611170473 kg,PRE-S7.1 11_S7_RELEASE_CANDIDATES.csv QI-00682 (manifest 3a67a8641ce4); 1 local bar strips in 04_S7_BAR_RUNS.csv
S7-0250,QI-00683,CMP-0306,SUP-1F_ROOF_SLAB-031,SUPPORT,SP-1F_ROOF_SLAB-25,SUP-1F_ROOF_SLAB-031,TOP:SUP-1F_ROOF_SLAB-031:SP-1F_ROOF_SLAB-25:X,1F_ROOF_SLAB,TOP_OVER_SUPPORT_EXTENSION,TOP,X,10,5,,1,1.142339,5.711695,UNRESOLVED,4.1,,0,1.366666667,1.366666667,7.805983167,0.617283951,4.818508128,PROJECT_BASIS_QTO,"PROJECT_BASIS_QTO: rate density over the frozen PRE-S7.1 local bar strips; a lower bound of the physical steel (every blocked portion is excluded, not zero); not a bar-by-bar BBS","PROJECT_SOURCE ratio 1/3 (P4-6-NOTE-2-TOP-OVER-BEAMS: 'length one third of the span'); URBAN_OWNER_MEASUREMENT_RULE URBAN_QTO_TOP_OVER_SUPPORT_EXTENT_V1: measured from the support face into the clear span of SP-1F_ROOF_SLAB-25 (note 2 does not state the origin, the span or total-vs-each-side)","PROJECT_SOURCE: plan note 2 (5Ø10/m top steel over beams, both directions) -> 5 bars/m of Ø10; equivalent count by URBAN_RATE_DENSITY (AD2-D02); PHYSICAL_BBS_COUNT UNRESOLVED",PROJECT_SOURCE: full callout density 1 (no 50 % rule split on this item),0.333333333,P4-6-NOTE-2-TOP-OVER-BEAMS,PROJECT_SOURCE,"CLEAR_SPAN of the panel on each side, along each bar line",URBAN_OWNER_MEASUREMENT_RULE,SUPPORT_FACE (extension into the clear span),URBAN_OWNER_MEASUREMENT_RULE,PROJECT_SOURCE (plan note 2: top steel),"[""P4-6-NOTE-2-TOP-OVER-BEAMS""]","[""URBAN_RATE_DENSITY (AD2-D02: equivalent count = rate x density x width, unrounded)"", ""URBAN_QTO_TOP_OVER_SUPPORT_EXTENT_V1""]","[""AD2-D02"", ""AD2-D05"", ""AD2-D06""]","[""QI-00681""]",2,False,False,5 /m x 1 x 1.142339 m x 1.366666667 m = 7.805983167 m; x 10^2/162 = 0.617283951 kg/m -> 4.818508128 kg,PRE-S7.1 11_S7_RELEASE_CANDIDATES.csv QI-00683 (manifest 3a67a8641ce4); 2 local bar strips in 04_S7_BAR_RUNS.csv
S7-0251,QI-00684,CMP-0306,SUP-1F_ROOF_SLAB-031,SUPPORT,SP-1F_ROOF_SLAB-21|SP-1F_ROOF_SLAB-25,SUP-1F_ROOF_SLAB-031,TOP:SUP-1F_ROOF_SLAB-031:SP-1F_ROOF_SLAB-21|SP-1F_ROOF_SLAB-25:X,1F_ROOF_SLAB,TOP_SUPPORT_CROSSING,TOP,X,10,5,,1,1.042339,5.211695,UNRESOLVED,,,0.3,0,,1.5635085,0.617283951,0.965128704,PROJECT_BASIS_QTO,"PROJECT_BASIS_QTO: rate density over the frozen PRE-S7.1 local bar strips; a lower bound of the physical steel (every blocked portion is excluded, not zero); not a bar-by-bar BBS","PROJECT_GEOMETRY: over the support between the two panel faces along each bar line (the far face found beyond each strip end, AD2-D15)","PROJECT_SOURCE: plan note 2 (5Ø10/m top steel over beams, both directions) -> 5 bars/m of Ø10; equivalent count by URBAN_RATE_DENSITY (AD2-D02); PHYSICAL_BBS_COUNT UNRESOLVED",PROJECT_SOURCE: full callout density 1 (no 50 % rule split on this item),,,,SUPPORT_GAP (face to face over the support),PROJECT_GEOMETRY,SUPPORT_FACE,PROJECT_GEOMETRY,PROJECT_SOURCE (plan note 2: top steel),"[""P4-6-NOTE-2-TOP-OVER-BEAMS""]","[""URBAN_RATE_DENSITY (AD2-D02: equivalent count = rate x density x width, unrounded)""]","[""AD2-D02"", ""AD2-D05"", ""AD2-D15""]","[""QI-00681""]",1,False,False,5 /m x 1 x 1.042339 m x 0.3 m = 1.5635085 m; x 10^2/162 = 0.617283951 kg/m -> 0.965128704 kg,PRE-S7.1 11_S7_RELEASE_CANDIDATES.csv QI-00684 (manifest 3a67a8641ce4); 1 local bar strips in 04_S7_BAR_RUNS.csv
S7-0252,QI-00689,CMP-0310,SUP-GF_ROOF_SLAB-035,SUPPORT,SP-GF_ROOF_SLAB-27,SUP-GF_ROOF_SLAB-035,TOP:SUP-GF_ROOF_SLAB-035:SP-GF_ROOF_SLAB-27:Y,GF_ROOF_SLAB,TOP_OVER_SUPPORT_EXTENSION,TOP,Y,10,5,,1,3,15,UNRESOLVED,4.495,,0,1.498333333,1.498333333,22.475,0.617283951,13.87345679,PROJECT_BASIS_QTO,"PROJECT_BASIS_QTO: rate density over the frozen PRE-S7.1 local bar strips; a lower bound of the physical steel (every blocked portion is excluded, not zero); not a bar-by-bar BBS","PROJECT_SOURCE ratio 1/3 (P4-6-NOTE-2-TOP-OVER-BEAMS: 'length one third of the span'); URBAN_OWNER_MEASUREMENT_RULE URBAN_QTO_TOP_OVER_SUPPORT_EXTENT_V1: measured from the support face into the clear span of SP-GF_ROOF_SLAB-27 (note 2 does not state the origin, the span or total-vs-each-side)","PROJECT_SOURCE: plan note 2 (5Ø10/m top steel over beams, both directions) -> 5 bars/m of Ø10; equivalent count by URBAN_RATE_DENSITY (AD2-D02); PHYSICAL_BBS_COUNT UNRESOLVED",PROJECT_SOURCE: full callout density 1 (no 50 % rule split on this item),0.333333333,P4-6-NOTE-2-TOP-OVER-BEAMS,PROJECT_SOURCE,"CLEAR_SPAN of the panel on each side, along each bar line",URBAN_OWNER_MEASUREMENT_RULE,SUPPORT_FACE (extension into the clear span),URBAN_OWNER_MEASUREMENT_RULE,PROJECT_SOURCE (plan note 2: top steel),"[""P4-6-NOTE-2-TOP-OVER-BEAMS""]","[""URBAN_RATE_DENSITY (AD2-D02: equivalent count = rate x density x width, unrounded)"", ""URBAN_QTO_TOP_OVER_SUPPORT_EXTENT_V1""]","[""AD2-D02"", ""AD2-D05"", ""AD2-D06""]","[""QI-00690""]",4,False,False,5 /m x 1 x 3 m x 1.498333333 m = 22.475 m; x 10^2/162 = 0.617283951 kg/m -> 13.87345679 kg,PRE-S7.1 11_S7_RELEASE_CANDIDATES.csv QI-00689 (manifest 3a67a8641ce4); 4 local bar strips in 04_S7_BAR_RUNS.csv
S7-0253,QI-00691,CMP-0311,SUP-GF_ROOF_SLAB-036,SUPPORT,SP-GF_ROOF_SLAB-34,SUP-GF_ROOF_SLAB-036,TOP:SUP-GF_ROOF_SLAB-036:SP-GF_ROOF_SLAB-34:Y,GF_ROOF_SLAB,TOP_OVER_SUPPORT_EXTENSION,TOP,Y,10,5,,1,2.95,14.75,UNRESOLVED,4.5,,0,1.5,1.5,22.125,0.617283951,13.657407407,PROJECT_BASIS_QTO,"PROJECT_BASIS_QTO: rate density over the frozen PRE-S7.1 local bar strips; a lower bound of the physical steel (every blocked portion is excluded, not zero); not a bar-by-bar BBS","PROJECT_SOURCE ratio 1/3 (P4-6-NOTE-2-TOP-OVER-BEAMS: 'length one third of the span'); URBAN_OWNER_MEASUREMENT_RULE URBAN_QTO_TOP_OVER_SUPPORT_EXTENT_V1: measured from the support face into the clear span of SP-GF_ROOF_SLAB-34 (note 2 does not state the origin, the span or total-vs-each-side)","PROJECT_SOURCE: plan note 2 (5Ø10/m top steel over beams, both directions) -> 5 bars/m of Ø10; equivalent count by URBAN_RATE_DENSITY (AD2-D02); PHYSICAL_BBS_COUNT UNRESOLVED",PROJECT_SOURCE: full callout density 1 (no 50 % rule split on this item),0.333333333,P4-6-NOTE-2-TOP-OVER-BEAMS,PROJECT_SOURCE,"CLEAR_SPAN of the panel on each side, along each bar line",URBAN_OWNER_MEASUREMENT_RULE,SUPPORT_FACE (extension into the clear span),URBAN_OWNER_MEASUREMENT_RULE,PROJECT_SOURCE (plan note 2: top steel),"[""P4-6-NOTE-2-TOP-OVER-BEAMS""]","[""URBAN_RATE_DENSITY (AD2-D02: equivalent count = rate x density x width, unrounded)"", ""URBAN_QTO_TOP_OVER_SUPPORT_EXTENT_V1""]","[""AD2-D02"", ""AD2-D05"", ""AD2-D06""]","[""QI-00692""]",2,False,False,5 /m x 1 x 2.95 m x 1.5 m = 22.125 m; x 10^2/162 = 0.617283951 kg/m -> 13.657407407 kg,PRE-S7.1 11_S7_RELEASE_CANDIDATES.csv QI-00691 (manifest 3a67a8641ce4); 2 local bar strips in 04_S7_BAR_RUNS.csv
S7-0254,QI-00694,CMP-0313,SUP-GF_ROOF_SLAB-038,SUPPORT,SP-GF_ROOF_SLAB-20,SUP-GF_ROOF_SLAB-038,TOP:SUP-GF_ROOF_SLAB-038:SP-GF_ROOF_SLAB-20:Y,GF_ROOF_SLAB,TOP_OVER_SUPPORT_EXTENSION,TOP,Y,10,5,,1,1.9,9.5,UNRESOLVED,3.7,,0,1.233333333,1.233333333,11.716666667,0.617283951,7.232510288,PROJECT_BASIS_QTO,"PROJECT_BASIS_QTO: rate density over the frozen PRE-S7.1 local bar strips; a lower bound of the physical steel (every blocked portion is excluded, not zero); not a bar-by-bar BBS","PROJECT_SOURCE ratio 1/3 (P4-6-NOTE-2-TOP-OVER-BEAMS: 'length one third of the span'); URBAN_OWNER_MEASUREMENT_RULE URBAN_QTO_TOP_OVER_SUPPORT_EXTENT_V1: measured from the support face into the clear span of SP-GF_ROOF_SLAB-20 (note 2 does not state the origin, the span or total-vs-each-side)","PROJECT_SOURCE: plan note 2 (5Ø10/m top steel over beams, both directions) -> 5 bars/m of Ø10; equivalent count by URBAN_RATE_DENSITY (AD2-D02); PHYSICAL_BBS_COUNT UNRESOLVED",PROJECT_SOURCE: full callout density 1 (no 50 % rule split on this item),0.333333333,P4-6-NOTE-2-TOP-OVER-BEAMS,PROJECT_SOURCE,"CLEAR_SPAN of the panel on each side, along each bar line",URBAN_OWNER_MEASUREMENT_RULE,SUPPORT_FACE (extension into the clear span),URBAN_OWNER_MEASUREMENT_RULE,PROJECT_SOURCE (plan note 2: top steel),"[""P4-6-NOTE-2-TOP-OVER-BEAMS""]","[""URBAN_RATE_DENSITY (AD2-D02: equivalent count = rate x density x width, unrounded)"", ""URBAN_QTO_TOP_OVER_SUPPORT_EXTENT_V1""]","[""AD2-D02"", ""AD2-D05"", ""AD2-D06""]","[""QI-00696"", ""QI-00697""]",5,False,False,5 /m x 1 x 1.9 m x 1.233333333 m = 11.716666667 m; x 10^2/162 = 0.617283951 kg/m -> 7.232510288 kg,PRE-S7.1 11_S7_RELEASE_CANDIDATES.csv QI-00694 (manifest 3a67a8641ce4); 5 local bar strips in 04_S7_BAR_RUNS.csv
S7-0255,QI-00695,CMP-0313,SUP-GF_ROOF_SLAB-038,SUPPORT,SP-GF_ROOF_SLAB-24,SUP-GF_ROOF_SLAB-038,TOP:SUP-GF_ROOF_SLAB-038:SP-GF_ROOF_SLAB-24:Y,GF_ROOF_SLAB,TOP_OVER_SUPPORT_EXTENSION,TOP,Y,10,5,,1,1.752392,8.76196,UNRESOLVED,1.187191,,0,0.395730333,0.395730333,3.467373351,0.617283951,2.140353921,PROJECT_BASIS_QTO,"PROJECT_BASIS_QTO: rate density over the frozen PRE-S7.1 local bar strips; a lower bound of the physical steel (every blocked portion is excluded, not zero); not a bar-by-bar BBS","PROJECT_SOURCE ratio 1/3 (P4-6-NOTE-2-TOP-OVER-BEAMS: 'length one third of the span'); URBAN_OWNER_MEASUREMENT_RULE URBAN_QTO_TOP_OVER_SUPPORT_EXTENT_V1: measured from the support face into the clear span of SP-GF_ROOF_SLAB-24 (note 2 does not state the origin, the span or total-vs-each-side); local L by URBAN_QTO_LOCAL_BAR_LINE_V1","PROJECT_SOURCE: plan note 2 (5Ø10/m top steel over beams, both directions) -> 5 bars/m of Ø10; equivalent count by URBAN_RATE_DENSITY (AD2-D02); PHYSICAL_BBS_COUNT UNRESOLVED",PROJECT_SOURCE: full callout density 1 (no 50 % rule split on this item),0.333333333,P4-6-NOTE-2-TOP-OVER-BEAMS,PROJECT_SOURCE,"CLEAR_SPAN of the panel on each side, along each bar line",URBAN_OWNER_MEASUREMENT_RULE,SUPPORT_FACE (extension into the clear span),URBAN_OWNER_MEASUREMENT_RULE,PROJECT_SOURCE (plan note 2: top steel),"[""P4-6-NOTE-2-TOP-OVER-BEAMS""]","[""URBAN_RATE_DENSITY (AD2-D02: equivalent count = rate x density x width, unrounded)"", ""URBAN_QTO_LOCAL_BAR_LINE_V1 (AD2-D14)"", ""URBAN_QTO_TOP_OVER_SUPPORT_EXTENT_V1""]","[""AD2-D02"", ""AD2-D05"", ""AD2-D06"", ""AD2-D14""]","[""QI-00696"", ""QI-00697""]",5,True,False,5 /m x 1 x 1.752392 m x 0.395730333 m = 3.467373351 m; x 10^2/162 = 0.617283951 kg/m -> 2.140353921 kg,PRE-S7.1 11_S7_RELEASE_CANDIDATES.csv QI-00695 (manifest 3a67a8641ce4); 5 local bar strips in 04_S7_BAR_RUNS.csv
S7-0256,QI-00698,CMP-0314,SUP-GF_ROOF_SLAB-039,SUPPORT,SP-GF_ROOF_SLAB-20,SUP-GF_ROOF_SLAB-039,TOP:SUP-GF_ROOF_SLAB-039:SP-GF_ROOF_SLAB-20:Y,GF_ROOF_SLAB,TOP_OVER_SUPPORT_EXTENSION,TOP,Y,10,5,,1,1.365935,6.829675,UNRESOLVED,3.7,,0,1.233333333,1.233333333,8.423265833,0.617283951,5.199546811,PROJECT_BASIS_QTO,"PROJECT_BASIS_QTO: rate density over the frozen PRE-S7.1 local bar strips; a lower bound of the physical steel (every blocked portion is excluded, not zero); not a bar-by-bar BBS","PROJECT_SOURCE ratio 1/3 (P4-6-NOTE-2-TOP-OVER-BEAMS: 'length one third of the span'); URBAN_OWNER_MEASUREMENT_RULE URBAN_QTO_TOP_OVER_SUPPORT_EXTENT_V1: measured from the support face into the clear span of SP-GF_ROOF_SLAB-20 (note 2 does not state the origin, the span or total-vs-each-side)","PROJECT_SOURCE: plan note 2 (5Ø10/m top steel over beams, both directions) -> 5 bars/m of Ø10; equivalent count by URBAN_RATE_DENSITY (AD2-D02); PHYSICAL_BBS_COUNT UNRESOLVED",PROJECT_SOURCE: full callout density 1 (no 50 % rule split on this item),0.333333333,P4-6-NOTE-2-TOP-OVER-BEAMS,PROJECT_SOURCE,"CLEAR_SPAN of the panel on each side, along each bar line",URBAN_OWNER_MEASUREMENT_RULE,SUPPORT_FACE (extension into the clear span),URBAN_OWNER_MEASUREMENT_RULE,PROJECT_SOURCE (plan note 2: top steel),"[""P4-6-NOTE-2-TOP-OVER-BEAMS""]","[""URBAN_RATE_DENSITY (AD2-D02: equivalent count = rate x density x width, unrounded)"", ""URBAN_QTO_TOP_OVER_SUPPORT_EXTENT_V1""]","[""AD2-D02"", ""AD2-D05"", ""AD2-D06""]","[""QI-00700"", ""QI-00701""]",2,False,False,5 /m x 1 x 1.365935 m x 1.233333333 m = 8.423265833 m; x 10^2/162 = 0.617283951 kg/m -> 5.199546811 kg,PRE-S7.1 11_S7_RELEASE_CANDIDATES.csv QI-00698 (manifest 3a67a8641ce4); 2 local bar strips in 04_S7_BAR_RUNS.csv
S7-0257,QI-00699,CMP-0314,SUP-GF_ROOF_SLAB-039,SUPPORT,SP-GF_ROOF_SLAB-29,SUP-GF_ROOF_SLAB-039,TOP:SUP-GF_ROOF_SLAB-039:SP-GF_ROOF_SLAB-29:Y,GF_ROOF_SLAB,TOP_OVER_SUPPORT_EXTENSION,TOP,Y,10,5,,1,1.2,6,UNRESOLVED,3,,0,1,1,6,0.617283951,3.703703704,PROJECT_BASIS_QTO,"PROJECT_BASIS_QTO: rate density over the frozen PRE-S7.1 local bar strips; a lower bound of the physical steel (every blocked portion is excluded, not zero); not a bar-by-bar BBS","PROJECT_SOURCE ratio 1/3 (P4-6-NOTE-2-TOP-OVER-BEAMS: 'length one third of the span'); URBAN_OWNER_MEASUREMENT_RULE URBAN_QTO_TOP_OVER_SUPPORT_EXTENT_V1: measured from the support face into the clear span of SP-GF_ROOF_SLAB-29 (note 2 does not state the origin, the span or total-vs-each-side); local L by URBAN_QTO_LOCAL_BAR_LINE_V1","PROJECT_SOURCE: plan note 2 (5Ø10/m top steel over beams, both directions) -> 5 bars/m of Ø10; equivalent count by URBAN_RATE_DENSITY (AD2-D02); PHYSICAL_BBS_COUNT UNRESOLVED",PROJECT_SOURCE: full callout density 1 (no 50 % rule split on this item),0.333333333,P4-6-NOTE-2-TOP-OVER-BEAMS,PROJECT_SOURCE,"CLEAR_SPAN of the panel on each side, along each bar line",URBAN_OWNER_MEASUREMENT_RULE,SUPPORT_FACE (extension into the clear span),URBAN_OWNER_MEASUREMENT_RULE,PROJECT_SOURCE (plan note 2: top steel),"[""P4-6-NOTE-2-TOP-OVER-BEAMS""]","[""URBAN_RATE_DENSITY (AD2-D02: equivalent count = rate x density x width, unrounded)"", ""URBAN_QTO_LOCAL_BAR_LINE_V1 (AD2-D14)"", ""URBAN_QTO_TOP_OVER_SUPPORT_EXTENT_V1""]","[""AD2-D02"", ""AD2-D05"", ""AD2-D06"", ""AD2-D14""]","[""QI-00700"", ""QI-00701""]",1,True,False,5 /m x 1 x 1.2 m x 1 m = 6 m; x 10^2/162 = 0.617283951 kg/m -> 3.703703704 kg,PRE-S7.1 11_S7_RELEASE_CANDIDATES.csv QI-00699 (manifest 3a67a8641ce4); 1 local bar strips in 04_S7_BAR_RUNS.csv
S7-0258,QI-00702,CMP-0315,SUP-1F_ROOF_SLAB-040,SUPPORT,SP-1F_ROOF_SLAB-08,SUP-1F_ROOF_SLAB-040,TOP:SUP-1F_ROOF_SLAB-040:SP-1F_ROOF_SLAB-08:X,1F_ROOF_SLAB,TOP_OVER_SUPPORT_EXTENSION,TOP,X,10,5,,1,0.785478,3.92739,UNRESOLVED,4.1,,0,1.366666667,1.366666667,5.367433,0.617283951,3.313230247,PROJECT_BASIS_QTO,"PROJECT_BASIS_QTO: rate density over the frozen PRE-S7.1 local bar strips; a lower bound of the physical steel (every blocked portion is excluded, not zero); not a bar-by-bar BBS","PROJECT_SOURCE ratio 1/3 (P4-6-NOTE-2-TOP-OVER-BEAMS: 'length one third of the span'); URBAN_OWNER_MEASUREMENT_RULE URBAN_QTO_TOP_OVER_SUPPORT_EXTENT_V1: measured from the support face into the clear span of SP-1F_ROOF_SLAB-08 (note 2 does not state the origin, the span or total-vs-each-side)","PROJECT_SOURCE: plan note 2 (5Ø10/m top steel over beams, both directions) -> 5 bars/m of Ø10; equivalent count by URBAN_RATE_DENSITY (AD2-D02); PHYSICAL_BBS_COUNT UNRESOLVED",PROJECT_SOURCE: full callout density 1 (no 50 % rule split on this item),0.333333333,P4-6-NOTE-2-TOP-OVER-BEAMS,PROJECT_SOURCE,"CLEAR_SPAN of the panel on each side, along each bar line",URBAN_OWNER_MEASUREMENT_RULE,SUPPORT_FACE (extension into the clear span),URBAN_OWNER_MEASUREMENT_RULE,PROJECT_SOURCE (plan note 2: top steel),"[""P4-6-NOTE-2-TOP-OVER-BEAMS""]","[""URBAN_RATE_DENSITY (AD2-D02: equivalent count = rate x density x width, unrounded)"", ""URBAN_QTO_TOP_OVER_SUPPORT_EXTENT_V1""]","[""AD2-D02"", ""AD2-D05"", ""AD2-D06""]","[""QI-00703""]",2,False,False,5 /m x 1 x 0.785478 m x 1.366666667 m = 5.367433 m; x 10^2/162 = 0.617283951 kg/m -> 3.313230247 kg,PRE-S7.1 11_S7_RELEASE_CANDIDATES.csv QI-00702 (manifest 3a67a8641ce4); 2 local bar strips in 04_S7_BAR_RUNS.csv
S7-0259,QI-00704,CMP-0316,SUP-1F_ROOF_SLAB-041,SUPPORT,SP-1F_ROOF_SLAB-25,SUP-1F_ROOF_SLAB-041,TOP:SUP-1F_ROOF_SLAB-041:SP-1F_ROOF_SLAB-25:X,1F_ROOF_SLAB,TOP_OVER_SUPPORT_EXTENSION,TOP,X,10,5,,1,1.142339,5.711695,UNRESOLVED,4.1,,0,1.366666667,1.366666667,7.805983167,0.617283951,4.818508128,PROJECT_BASIS_QTO,"PROJECT_BASIS_QTO: rate density over the frozen PRE-S7.1 local bar strips; a lower bound of the physical steel (every blocked portion is excluded, not zero); not a bar-by-bar BBS","PROJECT_SOURCE ratio 1/3 (P4-6-NOTE-2-TOP-OVER-BEAMS: 'length one third of the span'); URBAN_OWNER_MEASUREMENT_RULE URBAN_QTO_TOP_OVER_SUPPORT_EXTENT_V1: measured from the support face into the clear span of SP-1F_ROOF_SLAB-25 (note 2 does not state the origin, the span or total-vs-each-side)","PROJECT_SOURCE: plan note 2 (5Ø10/m top steel over beams, both directions) -> 5 bars/m of Ø10; equivalent count by URBAN_RATE_DENSITY (AD2-D02); PHYSICAL_BBS_COUNT UNRESOLVED",PROJECT_SOURCE: full callout density 1 (no 50 % rule split on this item),0.333333333,P4-6-NOTE-2-TOP-OVER-BEAMS,PROJECT_SOURCE,"CLEAR_SPAN of the panel on each side, along each bar line",URBAN_OWNER_MEASUREMENT_RULE,SUPPORT_FACE (extension into the clear span),URBAN_OWNER_MEASUREMENT_RULE,PROJECT_SOURCE (plan note 2: top steel),"[""P4-6-NOTE-2-TOP-OVER-BEAMS""]","[""URBAN_RATE_DENSITY (AD2-D02: equivalent count = rate x density x width, unrounded)"", ""URBAN_QTO_TOP_OVER_SUPPORT_EXTENT_V1""]","[""AD2-D02"", ""AD2-D05"", ""AD2-D06""]","[""QI-00705""]",2,False,False,5 /m x 1 x 1.142339 m x 1.366666667 m = 7.805983167 m; x 10^2/162 = 0.617283951 kg/m -> 4.818508128 kg,PRE-S7.1 11_S7_RELEASE_CANDIDATES.csv QI-00704 (manifest 3a67a8641ce4); 2 local bar strips in 04_S7_BAR_RUNS.csv
S7-0260,QI-00706,CMP-0317,SUP-GF_ROOF_SLAB-042,SUPPORT,SP-GF_ROOF_SLAB-19,SUP-GF_ROOF_SLAB-042,TOP:SUP-GF_ROOF_SLAB-042:SP-GF_ROOF_SLAB-19:Y,GF_ROOF_SLAB,TOP_OVER_SUPPORT_EXTENSION,TOP,Y,10,5,,1,2.9,14.5,UNRESOLVED,1.6,,0,0.533333333,0.533333333,7.733333333,0.617283951,4.773662551,PROJECT_BASIS_QTO,"PROJECT_BASIS_QTO: rate density over the frozen PRE-S7.1 local bar strips; a lower bound of the physical steel (every blocked portion is excluded, not zero); not a bar-by-bar BBS","PROJECT_SOURCE ratio 1/3 (P4-6-NOTE-2-TOP-OVER-BEAMS: 'length one third of the span'); URBAN_OWNER_MEASUREMENT_RULE URBAN_QTO_TOP_OVER_SUPPORT_EXTENT_V1: measured from the support face into the clear span of SP-GF_ROOF_SLAB-19 (note 2 does not state the origin, the span or total-vs-each-side)","PROJECT_SOURCE: plan note 2 (5Ø10/m top steel over beams, both directions) -> 5 bars/m of Ø10; equivalent count by URBAN_RATE_DENSITY (AD2-D02); PHYSICAL_BBS_COUNT UNRESOLVED",PROJECT_SOURCE: full callout density 1 (no 50 % rule split on this item),0.333333333,P4-6-NOTE-2-TOP-OVER-BEAMS,PROJECT_SOURCE,"CLEAR_SPAN of the panel on each side, along each bar line",URBAN_OWNER_MEASUREMENT_RULE,SUPPORT_FACE (extension into the clear span),URBAN_OWNER_MEASUREMENT_RULE,PROJECT_SOURCE (plan note 2: top steel),"[""P4-6-NOTE-2-TOP-OVER-BEAMS""]","[""URBAN_RATE_DENSITY (AD2-D02: equivalent count = rate x density x width, unrounded)"", ""URBAN_QTO_TOP_OVER_SUPPORT_EXTENT_V1""]","[""AD2-D02"", ""AD2-D05"", ""AD2-D06""]","[""QI-00707""]",3,False,False,5 /m x 1 x 2.9 m x 0.533333333 m = 7.733333333 m; x 10^2/162 = 0.617283951 kg/m -> 4.773662551 kg,PRE-S7.1 11_S7_RELEASE_CANDIDATES.csv QI-00706 (manifest 3a67a8641ce4); 3 local bar strips in 04_S7_BAR_RUNS.csv
S7-0261,QI-00708,CMP-0318,SUP-1F_ROOF_SLAB-043,SUPPORT,SP-1F_ROOF_SLAB-09,SUP-1F_ROOF_SLAB-043,TOP:SUP-1F_ROOF_SLAB-043:SP-1F_ROOF_SLAB-09:X,1F_ROOF_SLAB,TOP_OVER_SUPPORT_EXTENSION,TOP,X,10,5,,1,0.914522,4.57261,UNRESOLVED,1.597817,,0,0.532605667,0.532605667,2.435397997,0.617283951,1.503332097,PROJECT_BASIS_QTO,"PROJECT_BASIS_QTO: rate density over the frozen PRE-S7.1 local bar strips; a lower bound of the physical steel (every blocked portion is excluded, not zero); not a bar-by-bar BBS","PROJECT_SOURCE ratio 1/3 (P4-6-NOTE-2-TOP-OVER-BEAMS: 'length one third of the span'); URBAN_OWNER_MEASUREMENT_RULE URBAN_QTO_TOP_OVER_SUPPORT_EXTENT_V1: measured from the support face into the clear span of SP-1F_ROOF_SLAB-09 (note 2 does not state the origin, the span or total-vs-each-side); local L by URBAN_QTO_LOCAL_BAR_LINE_V1","PROJECT_SOURCE: plan note 2 (5Ø10/m top steel over beams, both directions) -> 5 bars/m of Ø10; equivalent count by URBAN_RATE_DENSITY (AD2-D02); PHYSICAL_BBS_COUNT UNRESOLVED",PROJECT_SOURCE: full callout density 1 (no 50 % rule split on this item),0.333333333,P4-6-NOTE-2-TOP-OVER-BEAMS,PROJECT_SOURCE,"CLEAR_SPAN of the panel on each side, along each bar line",URBAN_OWNER_MEASUREMENT_RULE,SUPPORT_FACE (extension into the clear span),URBAN_OWNER_MEASUREMENT_RULE,PROJECT_SOURCE (plan note 2: top steel),"[""P4-6-NOTE-2-TOP-OVER-BEAMS""]","[""URBAN_RATE_DENSITY (AD2-D02: equivalent count = rate x density x width, unrounded)"", ""URBAN_QTO_LOCAL_BAR_LINE_V1 (AD2-D14)"", ""URBAN_QTO_TOP_OVER_SUPPORT_EXTENT_V1""]","[""AD2-D02"", ""AD2-D05"", ""AD2-D06"", ""AD2-D14""]","[""QI-00709""]",11,False,False,5 /m x 1 x 0.914522 m x 0.532605667 m = 2.435397997 m; x 10^2/162 = 0.617283951 kg/m -> 1.503332097 kg,PRE-S7.1 11_S7_RELEASE_CANDIDATES.csv QI-00708 (manifest 3a67a8641ce4); 11 local bar strips in 04_S7_BAR_RUNS.csv
S7-0262,QI-00710,CMP-0319,SUP-1F_ROOF_SLAB-044,SUPPORT,SP-1F_ROOF_SLAB-07,SUP-1F_ROOF_SLAB-044,TOP:SUP-1F_ROOF_SLAB-044:SP-1F_ROOF_SLAB-07:X,1F_ROOF_SLAB,TOP_OVER_SUPPORT_EXTENSION,TOP,X,10,5,,1,0.977494,4.88747,UNRESOLVED,4.372183,,0,1.457394333,1.457394333,7.122971082,0.617283951,4.39689573,PROJECT_BASIS_QTO,"PROJECT_BASIS_QTO: rate density over the frozen PRE-S7.1 local bar strips; a lower bound of the physical steel (every blocked portion is excluded, not zero); not a bar-by-bar BBS","PROJECT_SOURCE ratio 1/3 (P4-6-NOTE-2-TOP-OVER-BEAMS: 'length one third of the span'); URBAN_OWNER_MEASUREMENT_RULE URBAN_QTO_TOP_OVER_SUPPORT_EXTENT_V1: measured from the support face into the clear span of SP-1F_ROOF_SLAB-07 (note 2 does not state the origin, the span or total-vs-each-side)","PROJECT_SOURCE: plan note 2 (5Ø10/m top steel over beams, both directions) -> 5 bars/m of Ø10; equivalent count by URBAN_RATE_DENSITY (AD2-D02); PHYSICAL_BBS_COUNT UNRESOLVED",PROJECT_SOURCE: full callout density 1 (no 50 % rule split on this item),0.333333333,P4-6-NOTE-2-TOP-OVER-BEAMS,PROJECT_SOURCE,"CLEAR_SPAN of the panel on each side, along each bar line",URBAN_OWNER_MEASUREMENT_RULE,SUPPORT_FACE (extension into the clear span),URBAN_OWNER_MEASUREMENT_RULE,PROJECT_SOURCE (plan note 2: top steel),"[""P4-6-NOTE-2-TOP-OVER-BEAMS""]","[""URBAN_RATE_DENSITY (AD2-D02: equivalent count = rate x density x width, unrounded)"", ""URBAN_QTO_TOP_OVER_SUPPORT_EXTENT_V1""]","[""AD2-D02"", ""AD2-D05"", ""AD2-D06""]","[""QI-00713""]",3,False,False,5 /m x 1 x 0.977494 m x 1.457394333 m = 7.122971082 m; x 10^2/162 = 0.617283951 kg/m -> 4.39689573 kg,PRE-S7.1 11_S7_RELEASE_CANDIDATES.csv QI-00710 (manifest 3a67a8641ce4); 3 local bar strips in 04_S7_BAR_RUNS.csv
S7-0263,QI-00711,CMP-0319,SUP-1F_ROOF_SLAB-044,SUPPORT,SP-1F_ROOF_SLAB-09,SUP-1F_ROOF_SLAB-044,TOP:SUP-1F_ROOF_SLAB-044:SP-1F_ROOF_SLAB-09:X,1F_ROOF_SLAB,TOP_OVER_SUPPORT_EXTENSION,TOP,X,10,5,,1,0.910842,4.55421,UNRESOLVED,1.427981341,,0,0.47599378,0.47599378,2.167775634,0.617283951,1.338133107,PROJECT_BASIS_QTO,"PROJECT_BASIS_QTO: rate density over the frozen PRE-S7.1 local bar strips; a lower bound of the physical steel (every blocked portion is excluded, not zero); not a bar-by-bar BBS","PROJECT_SOURCE ratio 1/3 (P4-6-NOTE-2-TOP-OVER-BEAMS: 'length one third of the span'); URBAN_OWNER_MEASUREMENT_RULE URBAN_QTO_TOP_OVER_SUPPORT_EXTENT_V1: measured from the support face into the clear span of SP-1F_ROOF_SLAB-09 (note 2 does not state the origin, the span or total-vs-each-side); local L by URBAN_QTO_LOCAL_BAR_LINE_V1","PROJECT_SOURCE: plan note 2 (5Ø10/m top steel over beams, both directions) -> 5 bars/m of Ø10; equivalent count by URBAN_RATE_DENSITY (AD2-D02); PHYSICAL_BBS_COUNT UNRESOLVED",PROJECT_SOURCE: full callout density 1 (no 50 % rule split on this item),0.333333333,P4-6-NOTE-2-TOP-OVER-BEAMS,PROJECT_SOURCE,"CLEAR_SPAN of the panel on each side, along each bar line",URBAN_OWNER_MEASUREMENT_RULE,SUPPORT_FACE (extension into the clear span),URBAN_OWNER_MEASUREMENT_RULE,PROJECT_SOURCE (plan note 2: top steel),"[""P4-6-NOTE-2-TOP-OVER-BEAMS""]","[""URBAN_RATE_DENSITY (AD2-D02: equivalent count = rate x density x width, unrounded)"", ""URBAN_QTO_LOCAL_BAR_LINE_V1 (AD2-D14)"", ""URBAN_QTO_TOP_OVER_SUPPORT_EXTENT_V1""]","[""AD2-D02"", ""AD2-D05"", ""AD2-D06"", ""AD2-D14""]","[""QI-00713""]",5,False,False,5 /m x 1 x 0.910842 m x 0.47599378 m = 2.167775634 m; x 10^2/162 = 0.617283951 kg/m -> 1.338133107 kg,PRE-S7.1 11_S7_RELEASE_CANDIDATES.csv QI-00711 (manifest 3a67a8641ce4); 5 local bar strips in 04_S7_BAR_RUNS.csv
S7-0264,QI-00712,CMP-0319,SUP-1F_ROOF_SLAB-044,SUPPORT,SP-1F_ROOF_SLAB-07|SP-1F_ROOF_SLAB-09,SUP-1F_ROOF_SLAB-044,TOP:SUP-1F_ROOF_SLAB-044:SP-1F_ROOF_SLAB-07|SP-1F_ROOF_SLAB-09:X,1F_ROOF_SLAB,TOP_SUPPORT_CROSSING,TOP,X,10,5,,1,0.910842,4.55421,UNRESOLVED,,,0.55,0,,2.5048155,0.617283951,1.546182407,PROJECT_BASIS_QTO,"PROJECT_BASIS_QTO: rate density over the frozen PRE-S7.1 local bar strips; a lower bound of the physical steel (every blocked portion is excluded, not zero); not a bar-by-bar BBS","PROJECT_GEOMETRY: over the support between the two panel faces along each bar line (the far face found beyond each strip end, AD2-D15)","PROJECT_SOURCE: plan note 2 (5Ø10/m top steel over beams, both directions) -> 5 bars/m of Ø10; equivalent count by URBAN_RATE_DENSITY (AD2-D02); PHYSICAL_BBS_COUNT UNRESOLVED",PROJECT_SOURCE: full callout density 1 (no 50 % rule split on this item),,,,SUPPORT_GAP (face to face over the support),PROJECT_GEOMETRY,SUPPORT_FACE,PROJECT_GEOMETRY,PROJECT_SOURCE (plan note 2: top steel),"[""P4-6-NOTE-2-TOP-OVER-BEAMS""]","[""URBAN_RATE_DENSITY (AD2-D02: equivalent count = rate x density x width, unrounded)""]","[""AD2-D02"", ""AD2-D05"", ""AD2-D15""]","[""QI-00713""]",2,False,False,5 /m x 1 x 0.910842 m x 0.55 m = 2.5048155 m; x 10^2/162 = 0.617283951 kg/m -> 1.546182407 kg,PRE-S7.1 11_S7_RELEASE_CANDIDATES.csv QI-00712 (manifest 3a67a8641ce4); 2 local bar strips in 04_S7_BAR_RUNS.csv
S7-0265,QI-00714,CMP-0320,SUP-1F_ROOF_SLAB-045,SUPPORT,SP-1F_ROOF_SLAB-23,SUP-1F_ROOF_SLAB-045,TOP:SUP-1F_ROOF_SLAB-045:SP-1F_ROOF_SLAB-23:X,1F_ROOF_SLAB,TOP_OVER_SUPPORT_EXTENSION,TOP,X,10,5,,1,3.807661,19.038305,UNRESOLVED,2.273908,,0,0.757969333,0.757969333,14.430451349,0.617283951,8.907686018,PROJECT_BASIS_QTO,"PROJECT_BASIS_QTO: rate density over the frozen PRE-S7.1 local bar strips; a lower bound of the physical steel (every blocked portion is excluded, not zero); not a bar-by-bar BBS","PROJECT_SOURCE ratio 1/3 (P4-6-NOTE-2-TOP-OVER-BEAMS: 'length one third of the span'); URBAN_OWNER_MEASUREMENT_RULE URBAN_QTO_TOP_OVER_SUPPORT_EXTENT_V1: measured from the support face into the clear span of SP-1F_ROOF_SLAB-23 (note 2 does not state the origin, the span or total-vs-each-side)","PROJECT_SOURCE: plan note 2 (5Ø10/m top steel over beams, both directions) -> 5 bars/m of Ø10; equivalent count by URBAN_RATE_DENSITY (AD2-D02); PHYSICAL_BBS_COUNT UNRESOLVED",PROJECT_SOURCE: full callout density 1 (no 50 % rule split on this item),0.333333333,P4-6-NOTE-2-TOP-OVER-BEAMS,PROJECT_SOURCE,"CLEAR_SPAN of the panel on each side, along each bar line",URBAN_OWNER_MEASUREMENT_RULE,SUPPORT_FACE (extension into the clear span),URBAN_OWNER_MEASUREMENT_RULE,PROJECT_SOURCE (plan note 2: top steel),"[""P4-6-NOTE-2-TOP-OVER-BEAMS""]","[""URBAN_RATE_DENSITY (AD2-D02: equivalent count = rate x density x width, unrounded)"", ""URBAN_QTO_TOP_OVER_SUPPORT_EXTENT_V1""]","[""AD2-D02"", ""AD2-D05"", ""AD2-D06""]","[""QI-00717""]",27,False,False,5 /m x 1 x 3.807661 m x 0.757969333 m = 14.430451349 m; x 10^2/162 = 0.617283951 kg/m -> 8.907686018 kg,PRE-S7.1 11_S7_RELEASE_CANDIDATES.csv QI-00714 (manifest 3a67a8641ce4); 27 local bar strips in 04_S7_BAR_RUNS.csv
S7-0266,QI-00718,CMP-0321,SUP-1F_ROOF_SLAB-046,SUPPORT,SP-1F_ROOF_SLAB-23,SUP-1F_ROOF_SLAB-046,TOP:SUP-1F_ROOF_SLAB-046:SP-1F_ROOF_SLAB-23:X,1F_ROOF_SLAB,TOP_OVER_SUPPORT_EXTENSION,TOP,X,10,5,,1,1.042339,5.211695,UNRESOLVED,2.273908,,0,0.757969333,0.757969333,3.950304985,0.617283951,2.438459867,PROJECT_BASIS_QTO,"PROJECT_BASIS_QTO: rate density over the frozen PRE-S7.1 local bar strips; a lower bound of the physical steel (every blocked portion is excluded, not zero); not a bar-by-bar BBS","PROJECT_SOURCE ratio 1/3 (P4-6-NOTE-2-TOP-OVER-BEAMS: 'length one third of the span'); URBAN_OWNER_MEASUREMENT_RULE URBAN_QTO_TOP_OVER_SUPPORT_EXTENT_V1: measured from the support face into the clear span of SP-1F_ROOF_SLAB-23 (note 2 does not state the origin, the span or total-vs-each-side)","PROJECT_SOURCE: plan note 2 (5Ø10/m top steel over beams, both directions) -> 5 bars/m of Ø10; equivalent count by URBAN_RATE_DENSITY (AD2-D02); PHYSICAL_BBS_COUNT UNRESOLVED",PROJECT_SOURCE: full callout density 1 (no 50 % rule split on this item),0.333333333,P4-6-NOTE-2-TOP-OVER-BEAMS,PROJECT_SOURCE,"CLEAR_SPAN of the panel on each side, along each bar line",URBAN_OWNER_MEASUREMENT_RULE,SUPPORT_FACE (extension into the clear span),URBAN_OWNER_MEASUREMENT_RULE,PROJECT_SOURCE (plan note 2: top steel),"[""P4-6-NOTE-2-TOP-OVER-BEAMS""]","[""URBAN_RATE_DENSITY (AD2-D02: equivalent count = rate x density x width, unrounded)"", ""URBAN_QTO_TOP_OVER_SUPPORT_EXTENT_V1""]","[""AD2-D02"", ""AD2-D05"", ""AD2-D06""]",[],1,False,False,5 /m x 1 x 1.042339 m x 0.757969333 m = 3.950304985 m; x 10^2/162 = 0.617283951 kg/m -> 2.438459867 kg,PRE-S7.1 11_S7_RELEASE_CANDIDATES.csv QI-00718 (manifest 3a67a8641ce4); 1 local bar strips in 04_S7_BAR_RUNS.csv
S7-0267,QI-00719,CMP-0321,SUP-1F_ROOF_SLAB-046,SUPPORT,SP-1F_ROOF_SLAB-24,SUP-1F_ROOF_SLAB-046,TOP:SUP-1F_ROOF_SLAB-046:SP-1F_ROOF_SLAB-24:X,1F_ROOF_SLAB,TOP_OVER_SUPPORT_EXTENSION,TOP,X,10,5,,1,1.042339,5.211695,UNRESOLVED,4.372183,,0,1.457394333,1.457394333,7.59549476,0.617283951,4.688577012,PROJECT_BASIS_QTO,"PROJECT_BASIS_QTO: rate density over the frozen PRE-S7.1 local bar strips; a lower bound of the physical steel (every blocked portion is excluded, not zero); not a bar-by-bar BBS","PROJECT_SOURCE ratio 1/3 (P4-6-NOTE-2-TOP-OVER-BEAMS: 'length one third of the span'); URBAN_OWNER_MEASUREMENT_RULE URBAN_QTO_TOP_OVER_SUPPORT_EXTENT_V1: measured from the support face into the clear span of SP-1F_ROOF_SLAB-24 (note 2 does not state the origin, the span or total-vs-each-side)","PROJECT_SOURCE: plan note 2 (5Ø10/m top steel over beams, both directions) -> 5 bars/m of Ø10; equivalent count by URBAN_RATE_DENSITY (AD2-D02); PHYSICAL_BBS_COUNT UNRESOLVED",PROJECT_SOURCE: full callout density 1 (no 50 % rule split on this item),0.333333333,P4-6-NOTE-2-TOP-OVER-BEAMS,PROJECT_SOURCE,"CLEAR_SPAN of the panel on each side, along each bar line",URBAN_OWNER_MEASUREMENT_RULE,SUPPORT_FACE (extension into the clear span),URBAN_OWNER_MEASUREMENT_RULE,PROJECT_SOURCE (plan note 2: top steel),"[""P4-6-NOTE-2-TOP-OVER-BEAMS""]","[""URBAN_RATE_DENSITY (AD2-D02: equivalent count = rate x density x width, unrounded)"", ""URBAN_QTO_TOP_OVER_SUPPORT_EXTENT_V1""]","[""AD2-D02"", ""AD2-D05"", ""AD2-D06""]",[],1,False,False,5 /m x 1 x 1.042339 m x 1.457394333 m = 7.59549476 m; x 10^2/162 = 0.617283951 kg/m -> 4.688577012 kg,PRE-S7.1 11_S7_RELEASE_CANDIDATES.csv QI-00719 (manifest 3a67a8641ce4); 1 local bar strips in 04_S7_BAR_RUNS.csv
S7-0268,QI-00720,CMP-0321,SUP-1F_ROOF_SLAB-046,SUPPORT,SP-1F_ROOF_SLAB-23|SP-1F_ROOF_SLAB-24,SUP-1F_ROOF_SLAB-046,TOP:SUP-1F_ROOF_SLAB-046:SP-1F_ROOF_SLAB-23|SP-1F_ROOF_SLAB-24:X,1F_ROOF_SLAB,TOP_SUPPORT_CROSSING,TOP,X,10,5,,1,1.042339,5.211695,UNRESOLVED,,,0.55,0,,2.86643225,0.617283951,1.769402623,PROJECT_BASIS_QTO,"PROJECT_BASIS_QTO: rate density over the frozen PRE-S7.1 local bar strips; a lower bound of the physical steel (every blocked portion is excluded, not zero); not a bar-by-bar BBS","PROJECT_GEOMETRY: over the support between the two panel faces along each bar line (the far face found beyond each strip end, AD2-D15)","PROJECT_SOURCE: plan note 2 (5Ø10/m top steel over beams, both directions) -> 5 bars/m of Ø10; equivalent count by URBAN_RATE_DENSITY (AD2-D02); PHYSICAL_BBS_COUNT UNRESOLVED",PROJECT_SOURCE: full callout density 1 (no 50 % rule split on this item),,,,SUPPORT_GAP (face to face over the support),PROJECT_GEOMETRY,SUPPORT_FACE,PROJECT_GEOMETRY,PROJECT_SOURCE (plan note 2: top steel),"[""P4-6-NOTE-2-TOP-OVER-BEAMS""]","[""URBAN_RATE_DENSITY (AD2-D02: equivalent count = rate x density x width, unrounded)""]","[""AD2-D02"", ""AD2-D05"", ""AD2-D15""]",[],1,False,False,5 /m x 1 x 1.042339 m x 0.55 m = 2.86643225 m; x 10^2/162 = 0.617283951 kg/m -> 1.769402623 kg,PRE-S7.1 11_S7_RELEASE_CANDIDATES.csv QI-00720 (manifest 3a67a8641ce4); 1 local bar strips in 04_S7_BAR_RUNS.csv
S7-0269,QI-00721,CMP-0322,SUP-2F_ROOF_SLAB-047,SUPPORT,SP-2F_ROOF_SLAB-06,SUP-2F_ROOF_SLAB-047,TOP:SUP-2F_ROOF_SLAB-047:SP-2F_ROOF_SLAB-06:Y,2F_ROOF_SLAB,TOP_OVER_SUPPORT_EXTENSION,TOP,Y,10,5,,1,2.5,12.5,UNRESOLVED,2.9,,0,0.966666667,0.966666667,12.083333333,0.617283951,7.458847737,PROJECT_BASIS_QTO,"PROJECT_BASIS_QTO: rate density over the frozen PRE-S7.1 local bar strips; a lower bound of the physical steel (every blocked portion is excluded, not zero); not a bar-by-bar BBS","PROJECT_SOURCE ratio 1/3 (P4-6-NOTE-2-TOP-OVER-BEAMS: 'length one third of the span'); URBAN_OWNER_MEASUREMENT_RULE URBAN_QTO_TOP_OVER_SUPPORT_EXTENT_V1: measured from the support face into the clear span of SP-2F_ROOF_SLAB-06 (note 2 does not state the origin, the span or total-vs-each-side)","PROJECT_SOURCE: plan note 2 (5Ø10/m top steel over beams, both directions) -> 5 bars/m of Ø10; equivalent count by URBAN_RATE_DENSITY (AD2-D02); PHYSICAL_BBS_COUNT UNRESOLVED",PROJECT_SOURCE: full callout density 1 (no 50 % rule split on this item),0.333333333,P4-6-NOTE-2-TOP-OVER-BEAMS,PROJECT_SOURCE,"CLEAR_SPAN of the panel on each side, along each bar line",URBAN_OWNER_MEASUREMENT_RULE,SUPPORT_FACE (extension into the clear span),URBAN_OWNER_MEASUREMENT_RULE,PROJECT_SOURCE (plan note 2: top steel),"[""P4-6-NOTE-2-TOP-OVER-BEAMS""]","[""URBAN_RATE_DENSITY (AD2-D02: equivalent count = rate x density x width, unrounded)"", ""URBAN_QTO_TOP_OVER_SUPPORT_EXTENT_V1""]","[""AD2-D02"", ""AD2-D05"", ""AD2-D06""]","[""QI-00722""]",2,False,False,5 /m x 1 x 2.5 m x 0.966666667 m = 12.083333333 m; x 10^2/162 = 0.617283951 kg/m -> 7.458847737 kg,PRE-S7.1 11_S7_RELEASE_CANDIDATES.csv QI-00721 (manifest 3a67a8641ce4); 2 local bar strips in 04_S7_BAR_RUNS.csv
S7-0270,QI-00723,CMP-0323,SUP-2F_ROOF_SLAB-048,SUPPORT,SP-2F_ROOF_SLAB-07,SUP-2F_ROOF_SLAB-048,TOP:SUP-2F_ROOF_SLAB-048:SP-2F_ROOF_SLAB-07:Y,2F_ROOF_SLAB,TOP_OVER_SUPPORT_EXTENSION,TOP,Y,10,5,,1,1.8,9,UNRESOLVED,1.2,,0,0.4,0.4,3.6,0.617283951,2.222222222,PROJECT_BASIS_QTO,"PROJECT_BASIS_QTO: rate density over the frozen PRE-S7.1 local bar strips; a lower bound of the physical steel (every blocked portion is excluded, not zero); not a bar-by-bar BBS","PROJECT_SOURCE ratio 1/3 (P4-6-NOTE-2-TOP-OVER-BEAMS: 'length one third of the span'); URBAN_OWNER_MEASUREMENT_RULE URBAN_QTO_TOP_OVER_SUPPORT_EXTENT_V1: measured from the support face into the clear span of SP-2F_ROOF_SLAB-07 (note 2 does not state the origin, the span or total-vs-each-side)","PROJECT_SOURCE: plan note 2 (5Ø10/m top steel over beams, both directions) -> 5 bars/m of Ø10; equivalent count by URBAN_RATE_DENSITY (AD2-D02); PHYSICAL_BBS_COUNT UNRESOLVED",PROJECT_SOURCE: full callout density 1 (no 50 % rule split on this item),0.333333333,P4-6-NOTE-2-TOP-OVER-BEAMS,PROJECT_SOURCE,"CLEAR_SPAN of the panel on each side, along each bar line",URBAN_OWNER_MEASUREMENT_RULE,SUPPORT_FACE (extension into the clear span),URBAN_OWNER_MEASUREMENT_RULE,PROJECT_SOURCE (plan note 2: top steel),"[""P4-6-NOTE-2-TOP-OVER-BEAMS""]","[""URBAN_RATE_DENSITY (AD2-D02: equivalent count = rate x density x width, unrounded)"", ""URBAN_QTO_TOP_OVER_SUPPORT_EXTENT_V1""]","[""AD2-D02"", ""AD2-D05"", ""AD2-D06""]","[""QI-00724""]",1,False,False,5 /m x 1 x 1.8 m x 0.4 m = 3.6 m; x 10^2/162 = 0.617283951 kg/m -> 2.222222222 kg,PRE-S7.1 11_S7_RELEASE_CANDIDATES.csv QI-00723 (manifest 3a67a8641ce4); 1 local bar strips in 04_S7_BAR_RUNS.csv
S7-0271,QI-00725,CMP-0324,SUP-2F_ROOF_SLAB-049,SUPPORT,SP-2F_ROOF_SLAB-08,SUP-2F_ROOF_SLAB-049,TOP:SUP-2F_ROOF_SLAB-049:SP-2F_ROOF_SLAB-08:Y,2F_ROOF_SLAB,TOP_OVER_SUPPORT_EXTENSION,TOP,Y,10,5,,1,3,15,UNRESOLVED,1.2,,0,0.4,0.4,6,0.617283951,3.703703704,PROJECT_BASIS_QTO,"PROJECT_BASIS_QTO: rate density over the frozen PRE-S7.1 local bar strips; a lower bound of the physical steel (every blocked portion is excluded, not zero); not a bar-by-bar BBS","PROJECT_SOURCE ratio 1/3 (P4-6-NOTE-2-TOP-OVER-BEAMS: 'length one third of the span'); URBAN_OWNER_MEASUREMENT_RULE URBAN_QTO_TOP_OVER_SUPPORT_EXTENT_V1: measured from the support face into the clear span of SP-2F_ROOF_SLAB-08 (note 2 does not state the origin, the span or total-vs-each-side)","PROJECT_SOURCE: plan note 2 (5Ø10/m top steel over beams, both directions) -> 5 bars/m of Ø10; equivalent count by URBAN_RATE_DENSITY (AD2-D02); PHYSICAL_BBS_COUNT UNRESOLVED",PROJECT_SOURCE: full callout density 1 (no 50 % rule split on this item),0.333333333,P4-6-NOTE-2-TOP-OVER-BEAMS,PROJECT_SOURCE,"CLEAR_SPAN of the panel on each side, along each bar line",URBAN_OWNER_MEASUREMENT_RULE,SUPPORT_FACE (extension into the clear span),URBAN_OWNER_MEASUREMENT_RULE,PROJECT_SOURCE (plan note 2: top steel),"[""P4-6-NOTE-2-TOP-OVER-BEAMS""]","[""URBAN_RATE_DENSITY (AD2-D02: equivalent count = rate x density x width, unrounded)"", ""URBAN_QTO_TOP_OVER_SUPPORT_EXTENT_V1""]","[""AD2-D02"", ""AD2-D05"", ""AD2-D06""]","[""QI-00726""]",3,False,False,5 /m x 1 x 3 m x 0.4 m = 6 m; x 10^2/162 = 0.617283951 kg/m -> 3.703703704 kg,PRE-S7.1 11_S7_RELEASE_CANDIDATES.csv QI-00725 (manifest 3a67a8641ce4); 3 local bar strips in 04_S7_BAR_RUNS.csv
S7-0272,QI-00727,CMP-0325,SUP-GF_ROOF_SLAB-050,SUPPORT,SP-GF_ROOF_SLAB-02,SUP-GF_ROOF_SLAB-050,TOP:SUP-GF_ROOF_SLAB-050:SP-GF_ROOF_SLAB-02:X,GF_ROOF_SLAB,TOP_OVER_SUPPORT_EXTENSION,TOP,X,10,5,,1,0.619667,3.098335,UNRESOLVED,1.7,,0,0.566666667,0.566666667,1.755723167,0.617283951,1.083779733,PROJECT_BASIS_QTO,"PROJECT_BASIS_QTO: rate density over the frozen PRE-S7.1 local bar strips; a lower bound of the physical steel (every blocked portion is excluded, not zero); not a bar-by-bar BBS","PROJECT_SOURCE ratio 1/3 (P4-6-NOTE-2-TOP-OVER-BEAMS: 'length one third of the span'); URBAN_OWNER_MEASUREMENT_RULE URBAN_QTO_TOP_OVER_SUPPORT_EXTENT_V1: measured from the support face into the clear span of SP-GF_ROOF_SLAB-02 (note 2 does not state the origin, the span or total-vs-each-side)","PROJECT_SOURCE: plan note 2 (5Ø10/m top steel over beams, both directions) -> 5 bars/m of Ø10; equivalent count by URBAN_RATE_DENSITY (AD2-D02); PHYSICAL_BBS_COUNT UNRESOLVED",PROJECT_SOURCE: full callout density 1 (no 50 % rule split on this item),0.333333333,P4-6-NOTE-2-TOP-OVER-BEAMS,PROJECT_SOURCE,"CLEAR_SPAN of the panel on each side, along each bar line",URBAN_OWNER_MEASUREMENT_RULE,SUPPORT_FACE (extension into the clear span),URBAN_OWNER_MEASUREMENT_RULE,PROJECT_SOURCE (plan note 2: top steel),"[""P4-6-NOTE-2-TOP-OVER-BEAMS""]","[""URBAN_RATE_DENSITY (AD2-D02: equivalent count = rate x density x width, unrounded)"", ""URBAN_QTO_TOP_OVER_SUPPORT_EXTENT_V1""]","[""AD2-D02"", ""AD2-D05"", ""AD2-D06""]","[""QI-00728""]",1,False,False,5 /m x 1 x 0.619667 m x 0.566666667 m = 1.755723167 m; x 10^2/162 = 0.617283951 kg/m -> 1.083779733 kg,PRE-S7.1 11_S7_RELEASE_CANDIDATES.csv QI-00727 (manifest 3a67a8641ce4); 1 local bar strips in 04_S7_BAR_RUNS.csv
S7-0273,QI-00729,CMP-0326,SUP-GF_ROOF_SLAB-051,SUPPORT,SP-GF_ROOF_SLAB-15,SUP-GF_ROOF_SLAB-051,TOP:SUP-GF_ROOF_SLAB-051:SP-GF_ROOF_SLAB-15:X,GF_ROOF_SLAB,TOP_OVER_SUPPORT_EXTENSION,TOP,X,10,5,,1,1.12986,5.6493,UNRESOLVED,1.15,,0,0.383333333,0.383333333,2.165565,0.617283951,1.336768519,PROJECT_BASIS_QTO,"PROJECT_BASIS_QTO: rate density over the frozen PRE-S7.1 local bar strips; a lower bound of the physical steel (every blocked portion is excluded, not zero); not a bar-by-bar BBS","PROJECT_SOURCE ratio 1/3 (P4-6-NOTE-2-TOP-OVER-BEAMS: 'length one third of the span'); URBAN_OWNER_MEASUREMENT_RULE URBAN_QTO_TOP_OVER_SUPPORT_EXTENT_V1: measured from the support face into the clear span of SP-GF_ROOF_SLAB-15 (note 2 does not state the origin, the span or total-vs-each-side)","PROJECT_SOURCE: plan note 2 (5Ø10/m top steel over beams, both directions) -> 5 bars/m of Ø10; equivalent count by URBAN_RATE_DENSITY (AD2-D02); PHYSICAL_BBS_COUNT UNRESOLVED",PROJECT_SOURCE: full callout density 1 (no 50 % rule split on this item),0.333333333,P4-6-NOTE-2-TOP-OVER-BEAMS,PROJECT_SOURCE,"CLEAR_SPAN of the panel on each side, along each bar line",URBAN_OWNER_MEASUREMENT_RULE,SUPPORT_FACE (extension into the clear span),URBAN_OWNER_MEASUREMENT_RULE,PROJECT_SOURCE (plan note 2: top steel),"[""P4-6-NOTE-2-TOP-OVER-BEAMS""]","[""URBAN_RATE_DENSITY (AD2-D02: equivalent count = rate x density x width, unrounded)"", ""URBAN_QTO_TOP_OVER_SUPPORT_EXTENT_V1""]","[""AD2-D02"", ""AD2-D05"", ""AD2-D06""]","[""QI-00730""]",6,False,False,5 /m x 1 x 1.12986 m x 0.383333333 m = 2.165565 m; x 10^2/162 = 0.617283951 kg/m -> 1.336768519 kg,PRE-S7.1 11_S7_RELEASE_CANDIDATES.csv QI-00729 (manifest 3a67a8641ce4); 6 local bar strips in 04_S7_BAR_RUNS.csv
S7-0274,QI-00731,CMP-0327,SUP-GF_ROOF_SLAB-052,SUPPORT,SP-GF_ROOF_SLAB-23,SUP-GF_ROOF_SLAB-052,TOP:SUP-GF_ROOF_SLAB-052:SP-GF_ROOF_SLAB-23:X,GF_ROOF_SLAB,TOP_OVER_SUPPORT_EXTENSION,TOP,X,10,5,,1,7.5,37.5,UNRESOLVED,1.046752157,,0,0.348917386,0.348917386,13.084401958,0.617283951,8.076791332,PROJECT_BASIS_QTO,"PROJECT_BASIS_QTO: rate density over the frozen PRE-S7.1 local bar strips; a lower bound of the physical steel (every blocked portion is excluded, not zero); not a bar-by-bar BBS","PROJECT_SOURCE ratio 1/3 (P4-6-NOTE-2-TOP-OVER-BEAMS: 'length one third of the span'); URBAN_OWNER_MEASUREMENT_RULE URBAN_QTO_TOP_OVER_SUPPORT_EXTENT_V1: measured from the support face into the clear span of SP-GF_ROOF_SLAB-23 (note 2 does not state the origin, the span or total-vs-each-side); local L by URBAN_QTO_LOCAL_BAR_LINE_V1","PROJECT_SOURCE: plan note 2 (5Ø10/m top steel over beams, both directions) -> 5 bars/m of Ø10; equivalent count by URBAN_RATE_DENSITY (AD2-D02); PHYSICAL_BBS_COUNT UNRESOLVED",PROJECT_SOURCE: full callout density 1 (no 50 % rule split on this item),0.333333333,P4-6-NOTE-2-TOP-OVER-BEAMS,PROJECT_SOURCE,"CLEAR_SPAN of the panel on each side, along each bar line",URBAN_OWNER_MEASUREMENT_RULE,SUPPORT_FACE (extension into the clear span),URBAN_OWNER_MEASUREMENT_RULE,PROJECT_SOURCE (plan note 2: top steel),"[""P4-6-NOTE-2-TOP-OVER-BEAMS""]","[""URBAN_RATE_DENSITY (AD2-D02: equivalent count = rate x density x width, unrounded)"", ""URBAN_QTO_LOCAL_BAR_LINE_V1 (AD2-D14)"", ""URBAN_QTO_TOP_OVER_SUPPORT_EXTENT_V1""]","[""AD2-D02"", ""AD2-D05"", ""AD2-D06"", ""AD2-D14""]","[""QI-00732""]",28,False,False,5 /m x 1 x 7.5 m x 0.348917386 m = 13.084401958 m; x 10^2/162 = 0.617283951 kg/m -> 8.076791332 kg,PRE-S7.1 11_S7_RELEASE_CANDIDATES.csv QI-00731 (manifest 3a67a8641ce4); 28 local bar strips in 04_S7_BAR_RUNS.csv
S7-0275,QI-00733,CMP-0328,SUP-1F_ROOF_SLAB-053,SUPPORT,SP-1F_ROOF_SLAB-22,SUP-1F_ROOF_SLAB-053,TOP:SUP-1F_ROOF_SLAB-053:SP-1F_ROOF_SLAB-22:X,1F_ROOF_SLAB,TOP_OVER_SUPPORT_EXTENSION,TOP,X,10,5,,1,4.85,24.25,UNRESOLVED,2.273909,,0,0.757969667,0.757969667,18.380764417,0.617283951,11.346150874,PROJECT_BASIS_QTO,"PROJECT_BASIS_QTO: rate density over the frozen PRE-S7.1 local bar strips; a lower bound of the physical steel (every blocked portion is excluded, not zero); not a bar-by-bar BBS","PROJECT_SOURCE ratio 1/3 (P4-6-NOTE-2-TOP-OVER-BEAMS: 'length one third of the span'); URBAN_OWNER_MEASUREMENT_RULE URBAN_QTO_TOP_OVER_SUPPORT_EXTENT_V1: measured from the support face into the clear span of SP-1F_ROOF_SLAB-22 (note 2 does not state the origin, the span or total-vs-each-side)","PROJECT_SOURCE: plan note 2 (5Ø10/m top steel over beams, both directions) -> 5 bars/m of Ø10; equivalent count by URBAN_RATE_DENSITY (AD2-D02); PHYSICAL_BBS_COUNT UNRESOLVED",PROJECT_SOURCE: full callout density 1 (no 50 % rule split on this item),0.333333333,P4-6-NOTE-2-TOP-OVER-BEAMS,PROJECT_SOURCE,"CLEAR_SPAN of the panel on each side, along each bar line",URBAN_OWNER_MEASUREMENT_RULE,SUPPORT_FACE (extension into the clear span),URBAN_OWNER_MEASUREMENT_RULE,PROJECT_SOURCE (plan note 2: top steel),"[""P4-6-NOTE-2-TOP-OVER-BEAMS""]","[""URBAN_RATE_DENSITY (AD2-D02: equivalent count = rate x density x width, unrounded)"", ""URBAN_QTO_TOP_OVER_SUPPORT_EXTENT_V1""]","[""AD2-D02"", ""AD2-D05"", ""AD2-D06""]",[],1,False,False,5 /m x 1 x 4.85 m x 0.757969667 m = 18.380764417 m; x 10^2/162 = 0.617283951 kg/m -> 11.346150874 kg,PRE-S7.1 11_S7_RELEASE_CANDIDATES.csv QI-00733 (manifest 3a67a8641ce4); 1 local bar strips in 04_S7_BAR_RUNS.csv
S7-0276,QI-00734,CMP-0328,SUP-1F_ROOF_SLAB-053,SUPPORT,SP-1F_ROOF_SLAB-23,SUP-1F_ROOF_SLAB-053,TOP:SUP-1F_ROOF_SLAB-053:SP-1F_ROOF_SLAB-23:X,1F_ROOF_SLAB,TOP_OVER_SUPPORT_EXTENSION,TOP,X,10,5,,1,4.85,24.25,UNRESOLVED,2.273908,,0,0.757969333,0.757969333,18.380756333,0.617283951,11.346145885,PROJECT_BASIS_QTO,"PROJECT_BASIS_QTO: rate density over the frozen PRE-S7.1 local bar strips; a lower bound of the physical steel (every blocked portion is excluded, not zero); not a bar-by-bar BBS","PROJECT_SOURCE ratio 1/3 (P4-6-NOTE-2-TOP-OVER-BEAMS: 'length one third of the span'); URBAN_OWNER_MEASUREMENT_RULE URBAN_QTO_TOP_OVER_SUPPORT_EXTENT_V1: measured from the support face into the clear span of SP-1F_ROOF_SLAB-23 (note 2 does not state the origin, the span or total-vs-each-side)","PROJECT_SOURCE: plan note 2 (5Ø10/m top steel over beams, both directions) -> 5 bars/m of Ø10; equivalent count by URBAN_RATE_DENSITY (AD2-D02); PHYSICAL_BBS_COUNT UNRESOLVED",PROJECT_SOURCE: full callout density 1 (no 50 % rule split on this item),0.333333333,P4-6-NOTE-2-TOP-OVER-BEAMS,PROJECT_SOURCE,"CLEAR_SPAN of the panel on each side, along each bar line",URBAN_OWNER_MEASUREMENT_RULE,SUPPORT_FACE (extension into the clear span),URBAN_OWNER_MEASUREMENT_RULE,PROJECT_SOURCE (plan note 2: top steel),"[""P4-6-NOTE-2-TOP-OVER-BEAMS""]","[""URBAN_RATE_DENSITY (AD2-D02: equivalent count = rate x density x width, unrounded)"", ""URBAN_QTO_TOP_OVER_SUPPORT_EXTENT_V1""]","[""AD2-D02"", ""AD2-D05"", ""AD2-D06""]",[],28,False,False,5 /m x 1 x 4.85 m x 0.757969333 m = 18.380756333 m; x 10^2/162 = 0.617283951 kg/m -> 11.346145885 kg,PRE-S7.1 11_S7_RELEASE_CANDIDATES.csv QI-00734 (manifest 3a67a8641ce4); 28 local bar strips in 04_S7_BAR_RUNS.csv
S7-0277,QI-00735,CMP-0328,SUP-1F_ROOF_SLAB-053,SUPPORT,SP-1F_ROOF_SLAB-22|SP-1F_ROOF_SLAB-23,SUP-1F_ROOF_SLAB-053,TOP:SUP-1F_ROOF_SLAB-053:SP-1F_ROOF_SLAB-22|SP-1F_ROOF_SLAB-23:X,1F_ROOF_SLAB,TOP_SUPPORT_CROSSING,TOP,X,10,5,,1,4.85,24.25,UNRESOLVED,,,0.2,0,,4.85,0.617283951,2.99382716,PROJECT_BASIS_QTO,"PROJECT_BASIS_QTO: rate density over the frozen PRE-S7.1 local bar strips; a lower bound of the physical steel (every blocked portion is excluded, not zero); not a bar-by-bar BBS","PROJECT_GEOMETRY: over the support between the two panel faces along each bar line (the far face found beyond each strip end, AD2-D15)","PROJECT_SOURCE: plan note 2 (5Ø10/m top steel over beams, both directions) -> 5 bars/m of Ø10; equivalent count by URBAN_RATE_DENSITY (AD2-D02); PHYSICAL_BBS_COUNT UNRESOLVED",PROJECT_SOURCE: full callout density 1 (no 50 % rule split on this item),,,,SUPPORT_GAP (face to face over the support),PROJECT_GEOMETRY,SUPPORT_FACE,PROJECT_GEOMETRY,PROJECT_SOURCE (plan note 2: top steel),"[""P4-6-NOTE-2-TOP-OVER-BEAMS""]","[""URBAN_RATE_DENSITY (AD2-D02: equivalent count = rate x density x width, unrounded)""]","[""AD2-D02"", ""AD2-D05"", ""AD2-D15""]",[],1,False,False,5 /m x 1 x 4.85 m x 0.2 m = 4.85 m; x 10^2/162 = 0.617283951 kg/m -> 2.99382716 kg,PRE-S7.1 11_S7_RELEASE_CANDIDATES.csv QI-00735 (manifest 3a67a8641ce4); 1 local bar strips in 04_S7_BAR_RUNS.csv
S7-0278,QI-00740,CMP-0332,SUP-1F_ROOF_SLAB-057,SUPPORT,SP-1F_ROOF_SLAB-11,SUP-1F_ROOF_SLAB-057,TOP:SUP-1F_ROOF_SLAB-057:SP-1F_ROOF_SLAB-11:X,1F_ROOF_SLAB,TOP_OVER_SUPPORT_EXTENSION,TOP,X,10,5,,1,1.25,6.25,UNRESOLVED,4.3,,0,1.433333333,1.433333333,8.958333333,0.617283951,5.529835391,PROJECT_BASIS_QTO,"PROJECT_BASIS_QTO: rate density over the frozen PRE-S7.1 local bar strips; a lower bound of the physical steel (every blocked portion is excluded, not zero); not a bar-by-bar BBS","PROJECT_SOURCE ratio 1/3 (P4-6-NOTE-2-TOP-OVER-BEAMS: 'length one third of the span'); URBAN_OWNER_MEASUREMENT_RULE URBAN_QTO_TOP_OVER_SUPPORT_EXTENT_V1: measured from the support face into the clear span of SP-1F_ROOF_SLAB-11 (note 2 does not state the origin, the span or total-vs-each-side); local L by URBAN_QTO_LOCAL_BAR_LINE_V1","PROJECT_SOURCE: plan note 2 (5Ø10/m top steel over beams, both directions) -> 5 bars/m of Ø10; equivalent count by URBAN_RATE_DENSITY (AD2-D02); PHYSICAL_BBS_COUNT UNRESOLVED",PROJECT_SOURCE: full callout density 1 (no 50 % rule split on this item),0.333333333,P4-6-NOTE-2-TOP-OVER-BEAMS,PROJECT_SOURCE,"CLEAR_SPAN of the panel on each side, along each bar line",URBAN_OWNER_MEASUREMENT_RULE,SUPPORT_FACE (extension into the clear span),URBAN_OWNER_MEASUREMENT_RULE,PROJECT_SOURCE (plan note 2: top steel),"[""P4-6-NOTE-2-TOP-OVER-BEAMS""]","[""URBAN_RATE_DENSITY (AD2-D02: equivalent count = rate x density x width, unrounded)"", ""URBAN_QTO_LOCAL_BAR_LINE_V1 (AD2-D14)"", ""URBAN_QTO_TOP_OVER_SUPPORT_EXTENT_V1""]","[""AD2-D02"", ""AD2-D05"", ""AD2-D06"", ""AD2-D14""]",[],13,False,False,5 /m x 1 x 1.25 m x 1.433333333 m = 8.958333333 m; x 10^2/162 = 0.617283951 kg/m -> 5.529835391 kg,PRE-S7.1 11_S7_RELEASE_CANDIDATES.csv QI-00740 (manifest 3a67a8641ce4); 13 local bar strips in 04_S7_BAR_RUNS.csv
S7-0279,QI-00741,CMP-0332,SUP-1F_ROOF_SLAB-057,SUPPORT,SP-1F_ROOF_SLAB-12,SUP-1F_ROOF_SLAB-057,TOP:SUP-1F_ROOF_SLAB-057:SP-1F_ROOF_SLAB-12:X,1F_ROOF_SLAB,TOP_OVER_SUPPORT_EXTENSION,TOP,X,10,5,,1,1.25,6.25,UNRESOLVED,2.95,,0,0.983333333,0.983333333,6.145833333,0.617283951,3.79372428,PROJECT_BASIS_QTO,"PROJECT_BASIS_QTO: rate density over the frozen PRE-S7.1 local bar strips; a lower bound of the physical steel (every blocked portion is excluded, not zero); not a bar-by-bar BBS","PROJECT_SOURCE ratio 1/3 (P4-6-NOTE-2-TOP-OVER-BEAMS: 'length one third of the span'); URBAN_OWNER_MEASUREMENT_RULE URBAN_QTO_TOP_OVER_SUPPORT_EXTENT_V1: measured from the support face into the clear span of SP-1F_ROOF_SLAB-12 (note 2 does not state the origin, the span or total-vs-each-side); local L by URBAN_QTO_LOCAL_BAR_LINE_V1","PROJECT_SOURCE: plan note 2 (5Ø10/m top steel over beams, both directions) -> 5 bars/m of Ø10; equivalent count by URBAN_RATE_DENSITY (AD2-D02); PHYSICAL_BBS_COUNT UNRESOLVED",PROJECT_SOURCE: full callout density 1 (no 50 % rule split on this item),0.333333333,P4-6-NOTE-2-TOP-OVER-BEAMS,PROJECT_SOURCE,"CLEAR_SPAN of the panel on each side, along each bar line",URBAN_OWNER_MEASUREMENT_RULE,SUPPORT_FACE (extension into the clear span),URBAN_OWNER_MEASUREMENT_RULE,PROJECT_SOURCE (plan note 2: top steel),"[""P4-6-NOTE-2-TOP-OVER-BEAMS""]","[""URBAN_RATE_DENSITY (AD2-D02: equivalent count = rate x density x width, unrounded)"", ""URBAN_QTO_LOCAL_BAR_LINE_V1 (AD2-D14)"", ""URBAN_QTO_TOP_OVER_SUPPORT_EXTENT_V1""]","[""AD2-D02"", ""AD2-D05"", ""AD2-D06"", ""AD2-D14""]",[],1,False,False,5 /m x 1 x 1.25 m x 0.983333333 m = 6.145833333 m; x 10^2/162 = 0.617283951 kg/m -> 3.79372428 kg,PRE-S7.1 11_S7_RELEASE_CANDIDATES.csv QI-00741 (manifest 3a67a8641ce4); 1 local bar strips in 04_S7_BAR_RUNS.csv
S7-0280,QI-00742,CMP-0332,SUP-1F_ROOF_SLAB-057,SUPPORT,SP-1F_ROOF_SLAB-11|SP-1F_ROOF_SLAB-12,SUP-1F_ROOF_SLAB-057,TOP:SUP-1F_ROOF_SLAB-057:SP-1F_ROOF_SLAB-11|SP-1F_ROOF_SLAB-12:X,1F_ROOF_SLAB,TOP_SUPPORT_CROSSING,TOP,X,10,5,,1,1.25,6.25,UNRESOLVED,,,0.35,0,,2.1875,0.617283951,1.350308642,PROJECT_BASIS_QTO,"PROJECT_BASIS_QTO: rate density over the frozen PRE-S7.1 local bar strips; a lower bound of the physical steel (every blocked portion is excluded, not zero); not a bar-by-bar BBS","PROJECT_GEOMETRY: over the support between the two panel faces along each bar line (the far face found beyond each strip end, AD2-D15)","PROJECT_SOURCE: plan note 2 (5Ø10/m top steel over beams, both directions) -> 5 bars/m of Ø10; equivalent count by URBAN_RATE_DENSITY (AD2-D02); PHYSICAL_BBS_COUNT UNRESOLVED",PROJECT_SOURCE: full callout density 1 (no 50 % rule split on this item),,,,SUPPORT_GAP (face to face over the support),PROJECT_GEOMETRY,SUPPORT_FACE,PROJECT_GEOMETRY,PROJECT_SOURCE (plan note 2: top steel),"[""P4-6-NOTE-2-TOP-OVER-BEAMS""]","[""URBAN_RATE_DENSITY (AD2-D02: equivalent count = rate x density x width, unrounded)""]","[""AD2-D02"", ""AD2-D05"", ""AD2-D15""]",[],13,False,False,5 /m x 1 x 1.25 m x 0.35 m = 2.1875 m; x 10^2/162 = 0.617283951 kg/m -> 1.350308642 kg,PRE-S7.1 11_S7_RELEASE_CANDIDATES.csv QI-00742 (manifest 3a67a8641ce4); 13 local bar strips in 04_S7_BAR_RUNS.csv
S7-0281,QI-00743,CMP-0333,SUP-1F_ROOF_SLAB-058,SUPPORT,SP-1F_ROOF_SLAB-21,SUP-1F_ROOF_SLAB-058,TOP:SUP-1F_ROOF_SLAB-058:SP-1F_ROOF_SLAB-21:X,1F_ROOF_SLAB,TOP_OVER_SUPPORT_EXTENSION,TOP,X,10,5,,1,4.85,24.25,UNRESOLVED,4.3,,0,1.433333333,1.433333333,34.758333333,0.617283951,21.455761317,PROJECT_BASIS_QTO,"PROJECT_BASIS_QTO: rate density over the frozen PRE-S7.1 local bar strips; a lower bound of the physical steel (every blocked portion is excluded, not zero); not a bar-by-bar BBS","PROJECT_SOURCE ratio 1/3 (P4-6-NOTE-2-TOP-OVER-BEAMS: 'length one third of the span'); URBAN_OWNER_MEASUREMENT_RULE URBAN_QTO_TOP_OVER_SUPPORT_EXTENT_V1: measured from the support face into the clear span of SP-1F_ROOF_SLAB-21 (note 2 does not state the origin, the span or total-vs-each-side)","PROJECT_SOURCE: plan note 2 (5Ø10/m top steel over beams, both directions) -> 5 bars/m of Ø10; equivalent count by URBAN_RATE_DENSITY (AD2-D02); PHYSICAL_BBS_COUNT UNRESOLVED",PROJECT_SOURCE: full callout density 1 (no 50 % rule split on this item),0.333333333,P4-6-NOTE-2-TOP-OVER-BEAMS,PROJECT_SOURCE,"CLEAR_SPAN of the panel on each side, along each bar line",URBAN_OWNER_MEASUREMENT_RULE,SUPPORT_FACE (extension into the clear span),URBAN_OWNER_MEASUREMENT_RULE,PROJECT_SOURCE (plan note 2: top steel),"[""P4-6-NOTE-2-TOP-OVER-BEAMS""]","[""URBAN_RATE_DENSITY (AD2-D02: equivalent count = rate x density x width, unrounded)"", ""URBAN_QTO_TOP_OVER_SUPPORT_EXTENT_V1""]","[""AD2-D02"", ""AD2-D05"", ""AD2-D06""]",[],23,False,False,5 /m x 1 x 4.85 m x 1.433333333 m = 34.758333333 m; x 10^2/162 = 0.617283951 kg/m -> 21.455761317 kg,PRE-S7.1 11_S7_RELEASE_CANDIDATES.csv QI-00743 (manifest 3a67a8641ce4); 23 local bar strips in 04_S7_BAR_RUNS.csv
S7-0282,QI-00744,CMP-0333,SUP-1F_ROOF_SLAB-058,SUPPORT,SP-1F_ROOF_SLAB-22,SUP-1F_ROOF_SLAB-058,TOP:SUP-1F_ROOF_SLAB-058:SP-1F_ROOF_SLAB-22:X,1F_ROOF_SLAB,TOP_OVER_SUPPORT_EXTENSION,TOP,X,10,5,,1,4.85,24.25,UNRESOLVED,2.273909,,0,0.757969667,0.757969667,18.380764417,0.617283951,11.346150874,PROJECT_BASIS_QTO,"PROJECT_BASIS_QTO: rate density over the frozen PRE-S7.1 local bar strips; a lower bound of the physical steel (every blocked portion is excluded, not zero); not a bar-by-bar BBS","PROJECT_SOURCE ratio 1/3 (P4-6-NOTE-2-TOP-OVER-BEAMS: 'length one third of the span'); URBAN_OWNER_MEASUREMENT_RULE URBAN_QTO_TOP_OVER_SUPPORT_EXTENT_V1: measured from the support face into the clear span of SP-1F_ROOF_SLAB-22 (note 2 does not state the origin, the span or total-vs-each-side)","PROJECT_SOURCE: plan note 2 (5Ø10/m top steel over beams, both directions) -> 5 bars/m of Ø10; equivalent count by URBAN_RATE_DENSITY (AD2-D02); PHYSICAL_BBS_COUNT UNRESOLVED",PROJECT_SOURCE: full callout density 1 (no 50 % rule split on this item),0.333333333,P4-6-NOTE-2-TOP-OVER-BEAMS,PROJECT_SOURCE,"CLEAR_SPAN of the panel on each side, along each bar line",URBAN_OWNER_MEASUREMENT_RULE,SUPPORT_FACE (extension into the clear span),URBAN_OWNER_MEASUREMENT_RULE,PROJECT_SOURCE (plan note 2: top steel),"[""P4-6-NOTE-2-TOP-OVER-BEAMS""]","[""URBAN_RATE_DENSITY (AD2-D02: equivalent count = rate x density x width, unrounded)"", ""URBAN_QTO_TOP_OVER_SUPPORT_EXTENT_V1""]","[""AD2-D02"", ""AD2-D05"", ""AD2-D06""]",[],1,False,False,5 /m x 1 x 4.85 m x 0.757969667 m = 18.380764417 m; x 10^2/162 = 0.617283951 kg/m -> 11.346150874 kg,PRE-S7.1 11_S7_RELEASE_CANDIDATES.csv QI-00744 (manifest 3a67a8641ce4); 1 local bar strips in 04_S7_BAR_RUNS.csv
S7-0283,QI-00745,CMP-0333,SUP-1F_ROOF_SLAB-058,SUPPORT,SP-1F_ROOF_SLAB-21|SP-1F_ROOF_SLAB-22,SUP-1F_ROOF_SLAB-058,TOP:SUP-1F_ROOF_SLAB-058:SP-1F_ROOF_SLAB-21|SP-1F_ROOF_SLAB-22:X,1F_ROOF_SLAB,TOP_SUPPORT_CROSSING,TOP,X,10,5,,1,4.85,24.25,UNRESOLVED,,,0.35,0,,8.4875,0.617283951,5.239197531,PROJECT_BASIS_QTO,"PROJECT_BASIS_QTO: rate density over the frozen PRE-S7.1 local bar strips; a lower bound of the physical steel (every blocked portion is excluded, not zero); not a bar-by-bar BBS","PROJECT_GEOMETRY: over the support between the two panel faces along each bar line (the far face found beyond each strip end, AD2-D15)","PROJECT_SOURCE: plan note 2 (5Ø10/m top steel over beams, both directions) -> 5 bars/m of Ø10; equivalent count by URBAN_RATE_DENSITY (AD2-D02); PHYSICAL_BBS_COUNT UNRESOLVED",PROJECT_SOURCE: full callout density 1 (no 50 % rule split on this item),,,,SUPPORT_GAP (face to face over the support),PROJECT_GEOMETRY,SUPPORT_FACE,PROJECT_GEOMETRY,PROJECT_SOURCE (plan note 2: top steel),"[""P4-6-NOTE-2-TOP-OVER-BEAMS""]","[""URBAN_RATE_DENSITY (AD2-D02: equivalent count = rate x density x width, unrounded)""]","[""AD2-D02"", ""AD2-D05"", ""AD2-D15""]",[],23,False,False,5 /m x 1 x 4.85 m x 0.35 m = 8.4875 m; x 10^2/162 = 0.617283951 kg/m -> 5.239197531 kg,PRE-S7.1 11_S7_RELEASE_CANDIDATES.csv QI-00745 (manifest 3a67a8641ce4); 23 local bar strips in 04_S7_BAR_RUNS.csv
S7-0284,QI-00746,CMP-0334,SUP-2F_ROOF_SLAB-059,SUPPORT,SP-2F_ROOF_SLAB-06,SUP-2F_ROOF_SLAB-059,TOP:SUP-2F_ROOF_SLAB-059:SP-2F_ROOF_SLAB-06:Y,2F_ROOF_SLAB,TOP_OVER_SUPPORT_EXTENSION,TOP,Y,10,5,,1,2.45,12.25,UNRESOLVED,2.9,,0,0.966666667,0.966666667,11.841666667,0.617283951,7.309670782,PROJECT_BASIS_QTO,"PROJECT_BASIS_QTO: rate density over the frozen PRE-S7.1 local bar strips; a lower bound of the physical steel (every blocked portion is excluded, not zero); not a bar-by-bar BBS","PROJECT_SOURCE ratio 1/3 (P4-6-NOTE-2-TOP-OVER-BEAMS: 'length one third of the span'); URBAN_OWNER_MEASUREMENT_RULE URBAN_QTO_TOP_OVER_SUPPORT_EXTENT_V1: measured from the support face into the clear span of SP-2F_ROOF_SLAB-06 (note 2 does not state the origin, the span or total-vs-each-side)","PROJECT_SOURCE: plan note 2 (5Ø10/m top steel over beams, both directions) -> 5 bars/m of Ø10; equivalent count by URBAN_RATE_DENSITY (AD2-D02); PHYSICAL_BBS_COUNT UNRESOLVED",PROJECT_SOURCE: full callout density 1 (no 50 % rule split on this item),0.333333333,P4-6-NOTE-2-TOP-OVER-BEAMS,PROJECT_SOURCE,"CLEAR_SPAN of the panel on each side, along each bar line",URBAN_OWNER_MEASUREMENT_RULE,SUPPORT_FACE (extension into the clear span),URBAN_OWNER_MEASUREMENT_RULE,PROJECT_SOURCE (plan note 2: top steel),"[""P4-6-NOTE-2-TOP-OVER-BEAMS""]","[""URBAN_RATE_DENSITY (AD2-D02: equivalent count = rate x density x width, unrounded)"", ""URBAN_QTO_TOP_OVER_SUPPORT_EXTENT_V1""]","[""AD2-D02"", ""AD2-D05"", ""AD2-D06""]","[""QI-00748""]",1,False,False,5 /m x 1 x 2.45 m x 0.966666667 m = 11.841666667 m; x 10^2/162 = 0.617283951 kg/m -> 7.309670782 kg,PRE-S7.1 11_S7_RELEASE_CANDIDATES.csv QI-00746 (manifest 3a67a8641ce4); 1 local bar strips in 04_S7_BAR_RUNS.csv
S7-0285,QI-00749,CMP-0335,SUP-GF_ROOF_SLAB-060,SUPPORT,SP-GF_ROOF_SLAB-20,SUP-GF_ROOF_SLAB-060,TOP:SUP-GF_ROOF_SLAB-060:SP-GF_ROOF_SLAB-20:X,GF_ROOF_SLAB,TOP_OVER_SUPPORT_EXTENSION,TOP,X,10,5,,1,3.7,18.5,UNRESOLVED,4.2,,0,1.4,1.4,25.9,0.617283951,15.987654321,PROJECT_BASIS_QTO,"PROJECT_BASIS_QTO: rate density over the frozen PRE-S7.1 local bar strips; a lower bound of the physical steel (every blocked portion is excluded, not zero); not a bar-by-bar BBS","PROJECT_SOURCE ratio 1/3 (P4-6-NOTE-2-TOP-OVER-BEAMS: 'length one third of the span'); URBAN_OWNER_MEASUREMENT_RULE URBAN_QTO_TOP_OVER_SUPPORT_EXTENT_V1: measured from the support face into the clear span of SP-GF_ROOF_SLAB-20 (note 2 does not state the origin, the span or total-vs-each-side)","PROJECT_SOURCE: plan note 2 (5Ø10/m top steel over beams, both directions) -> 5 bars/m of Ø10; equivalent count by URBAN_RATE_DENSITY (AD2-D02); PHYSICAL_BBS_COUNT UNRESOLVED",PROJECT_SOURCE: full callout density 1 (no 50 % rule split on this item),0.333333333,P4-6-NOTE-2-TOP-OVER-BEAMS,PROJECT_SOURCE,"CLEAR_SPAN of the panel on each side, along each bar line",URBAN_OWNER_MEASUREMENT_RULE,SUPPORT_FACE (extension into the clear span),URBAN_OWNER_MEASUREMENT_RULE,PROJECT_SOURCE (plan note 2: top steel),"[""P4-6-NOTE-2-TOP-OVER-BEAMS""]","[""URBAN_RATE_DENSITY (AD2-D02: equivalent count = rate x density x width, unrounded)"", ""URBAN_QTO_TOP_OVER_SUPPORT_EXTENT_V1""]","[""AD2-D02"", ""AD2-D05"", ""AD2-D06""]","[""QI-00750""]",25,False,False,5 /m x 1 x 3.7 m x 1.4 m = 25.9 m; x 10^2/162 = 0.617283951 kg/m -> 15.987654321 kg,PRE-S7.1 11_S7_RELEASE_CANDIDATES.csv QI-00749 (manifest 3a67a8641ce4); 25 local bar strips in 04_S7_BAR_RUNS.csv
S7-0286,QI-00751,CMP-0336,SUP-GF_ROOF_SLAB-061,SUPPORT,SP-GF_ROOF_SLAB-29,SUP-GF_ROOF_SLAB-061,TOP:SUP-GF_ROOF_SLAB-061:SP-GF_ROOF_SLAB-29:X,GF_ROOF_SLAB,TOP_OVER_SUPPORT_EXTENSION,TOP,X,10,5,,1,3,15,UNRESOLVED,2.433636408,,0,0.811212136,0.811212136,12.168182042,0.617283951,7.511223483,PROJECT_BASIS_QTO,"PROJECT_BASIS_QTO: rate density over the frozen PRE-S7.1 local bar strips; a lower bound of the physical steel (every blocked portion is excluded, not zero); not a bar-by-bar BBS","PROJECT_SOURCE ratio 1/3 (P4-6-NOTE-2-TOP-OVER-BEAMS: 'length one third of the span'); URBAN_OWNER_MEASUREMENT_RULE URBAN_QTO_TOP_OVER_SUPPORT_EXTENT_V1: measured from the support face into the clear span of SP-GF_ROOF_SLAB-29 (note 2 does not state the origin, the span or total-vs-each-side); local L by URBAN_QTO_LOCAL_BAR_LINE_V1","PROJECT_SOURCE: plan note 2 (5Ø10/m top steel over beams, both directions) -> 5 bars/m of Ø10; equivalent count by URBAN_RATE_DENSITY (AD2-D02); PHYSICAL_BBS_COUNT UNRESOLVED",PROJECT_SOURCE: full callout density 1 (no 50 % rule split on this item),0.333333333,P4-6-NOTE-2-TOP-OVER-BEAMS,PROJECT_SOURCE,"CLEAR_SPAN of the panel on each side, along each bar line",URBAN_OWNER_MEASUREMENT_RULE,SUPPORT_FACE (extension into the clear span),URBAN_OWNER_MEASUREMENT_RULE,PROJECT_SOURCE (plan note 2: top steel),"[""P4-6-NOTE-2-TOP-OVER-BEAMS""]","[""URBAN_RATE_DENSITY (AD2-D02: equivalent count = rate x density x width, unrounded)"", ""URBAN_QTO_LOCAL_BAR_LINE_V1 (AD2-D14)"", ""URBAN_QTO_TOP_OVER_SUPPORT_EXTENT_V1""]","[""AD2-D02"", ""AD2-D05"", ""AD2-D06"", ""AD2-D14""]","[""QI-00753"", ""QI-00754""]",6,True,False,5 /m x 1 x 3 m x 0.811212136 m = 12.168182042 m; x 10^2/162 = 0.617283951 kg/m -> 7.511223483 kg,PRE-S7.1 11_S7_RELEASE_CANDIDATES.csv QI-00751 (manifest 3a67a8641ce4); 6 local bar strips in 04_S7_BAR_RUNS.csv
S7-0287,QI-00752,CMP-0336,SUP-GF_ROOF_SLAB-061,SUPPORT,SP-GF_ROOF_SLAB-34,SUP-GF_ROOF_SLAB-061,TOP:SUP-GF_ROOF_SLAB-061:SP-GF_ROOF_SLAB-34:X,GF_ROOF_SLAB,TOP_OVER_SUPPORT_EXTENSION,TOP,X,10,5,,1,3.2,16,UNRESOLVED,2.9859375,,0,0.9953125,0.9953125,15.925,0.617283951,9.830246914,PROJECT_BASIS_QTO,"PROJECT_BASIS_QTO: rate density over the frozen PRE-S7.1 local bar strips; a lower bound of the physical steel (every blocked portion is excluded, not zero); not a bar-by-bar BBS","PROJECT_SOURCE ratio 1/3 (P4-6-NOTE-2-TOP-OVER-BEAMS: 'length one third of the span'); URBAN_OWNER_MEASUREMENT_RULE URBAN_QTO_TOP_OVER_SUPPORT_EXTENT_V1: measured from the support face into the clear span of SP-GF_ROOF_SLAB-34 (note 2 does not state the origin, the span or total-vs-each-side)","PROJECT_SOURCE: plan note 2 (5Ø10/m top steel over beams, both directions) -> 5 bars/m of Ø10; equivalent count by URBAN_RATE_DENSITY (AD2-D02); PHYSICAL_BBS_COUNT UNRESOLVED",PROJECT_SOURCE: full callout density 1 (no 50 % rule split on this item),0.333333333,P4-6-NOTE-2-TOP-OVER-BEAMS,PROJECT_SOURCE,"CLEAR_SPAN of the panel on each side, along each bar line",URBAN_OWNER_MEASUREMENT_RULE,SUPPORT_FACE (extension into the clear span),URBAN_OWNER_MEASUREMENT_RULE,PROJECT_SOURCE (plan note 2: top steel),"[""P4-6-NOTE-2-TOP-OVER-BEAMS""]","[""URBAN_RATE_DENSITY (AD2-D02: equivalent count = rate x density x width, unrounded)"", ""URBAN_QTO_TOP_OVER_SUPPORT_EXTENT_V1""]","[""AD2-D02"", ""AD2-D05"", ""AD2-D06""]","[""QI-00753"", ""QI-00754""]",5,False,False,5 /m x 1 x 3.2 m x 0.9953125 m = 15.925 m; x 10^2/162 = 0.617283951 kg/m -> 9.830246914 kg,PRE-S7.1 11_S7_RELEASE_CANDIDATES.csv QI-00752 (manifest 3a67a8641ce4); 5 local bar strips in 04_S7_BAR_RUNS.csv
S7-0288,QI-00755,CMP-0337,SUP-GF_ROOF_SLAB-062,SUPPORT,SP-GF_ROOF_SLAB-30,SUP-GF_ROOF_SLAB-062,TOP:SUP-GF_ROOF_SLAB-062:SP-GF_ROOF_SLAB-30:X,GF_ROOF_SLAB,TOP_OVER_SUPPORT_EXTENSION,TOP,X,10,5,,1,1.3,6.5,UNRESOLVED,3.907928769,,0,1.302642923,1.302642923,8.467179,0.617283951,5.226653704,PROJECT_BASIS_QTO,"PROJECT_BASIS_QTO: rate density over the frozen PRE-S7.1 local bar strips; a lower bound of the physical steel (every blocked portion is excluded, not zero); not a bar-by-bar BBS","PROJECT_SOURCE ratio 1/3 (P4-6-NOTE-2-TOP-OVER-BEAMS: 'length one third of the span'); URBAN_OWNER_MEASUREMENT_RULE URBAN_QTO_TOP_OVER_SUPPORT_EXTENT_V1: measured from the support face into the clear span of SP-GF_ROOF_SLAB-30 (note 2 does not state the origin, the span or total-vs-each-side); local L by URBAN_QTO_LOCAL_BAR_LINE_V1","PROJECT_SOURCE: plan note 2 (5Ø10/m top steel over beams, both directions) -> 5 bars/m of Ø10; equivalent count by URBAN_RATE_DENSITY (AD2-D02); PHYSICAL_BBS_COUNT UNRESOLVED",PROJECT_SOURCE: full callout density 1 (no 50 % rule split on this item),0.333333333,P4-6-NOTE-2-TOP-OVER-BEAMS,PROJECT_SOURCE,"CLEAR_SPAN of the panel on each side, along each bar line",URBAN_OWNER_MEASUREMENT_RULE,SUPPORT_FACE (extension into the clear span),URBAN_OWNER_MEASUREMENT_RULE,PROJECT_SOURCE (plan note 2: top steel),"[""P4-6-NOTE-2-TOP-OVER-BEAMS""]","[""URBAN_RATE_DENSITY (AD2-D02: equivalent count = rate x density x width, unrounded)"", ""URBAN_QTO_LOCAL_BAR_LINE_V1 (AD2-D14)"", ""URBAN_QTO_TOP_OVER_SUPPORT_EXTENT_V1""]","[""AD2-D02"", ""AD2-D05"", ""AD2-D06"", ""AD2-D14""]",[],2,False,False,5 /m x 1 x 1.3 m x 1.302642923 m = 8.467179 m; x 10^2/162 = 0.617283951 kg/m -> 5.226653704 kg,PRE-S7.1 11_S7_RELEASE_CANDIDATES.csv QI-00755 (manifest 3a67a8641ce4); 2 local bar strips in 04_S7_BAR_RUNS.csv
S7-0289,QI-00756,CMP-0337,SUP-GF_ROOF_SLAB-062,SUPPORT,SP-GF_ROOF_SLAB-34,SUP-GF_ROOF_SLAB-062,TOP:SUP-GF_ROOF_SLAB-062:SP-GF_ROOF_SLAB-34:X,GF_ROOF_SLAB,TOP_OVER_SUPPORT_EXTENSION,TOP,X,10,5,,1,1.3,6.5,UNRESOLVED,3,,0,1,1,6.5,0.617283951,4.012345679,PROJECT_BASIS_QTO,"PROJECT_BASIS_QTO: rate density over the frozen PRE-S7.1 local bar strips; a lower bound of the physical steel (every blocked portion is excluded, not zero); not a bar-by-bar BBS","PROJECT_SOURCE ratio 1/3 (P4-6-NOTE-2-TOP-OVER-BEAMS: 'length one third of the span'); URBAN_OWNER_MEASUREMENT_RULE URBAN_QTO_TOP_OVER_SUPPORT_EXTENT_V1: measured from the support face into the clear span of SP-GF_ROOF_SLAB-34 (note 2 does not state the origin, the span or total-vs-each-side)","PROJECT_SOURCE: plan note 2 (5Ø10/m top steel over beams, both directions) -> 5 bars/m of Ø10; equivalent count by URBAN_RATE_DENSITY (AD2-D02); PHYSICAL_BBS_COUNT UNRESOLVED",PROJECT_SOURCE: full callout density 1 (no 50 % rule split on this item),0.333333333,P4-6-NOTE-2-TOP-OVER-BEAMS,PROJECT_SOURCE,"CLEAR_SPAN of the panel on each side, along each bar line",URBAN_OWNER_MEASUREMENT_RULE,SUPPORT_FACE (extension into the clear span),URBAN_OWNER_MEASUREMENT_RULE,PROJECT_SOURCE (plan note 2: top steel),"[""P4-6-NOTE-2-TOP-OVER-BEAMS""]","[""URBAN_RATE_DENSITY (AD2-D02: equivalent count = rate x density x width, unrounded)"", ""URBAN_QTO_TOP_OVER_SUPPORT_EXTENT_V1""]","[""AD2-D02"", ""AD2-D05"", ""AD2-D06""]",[],2,False,False,5 /m x 1 x 1.3 m x 1 m = 6.5 m; x 10^2/162 = 0.617283951 kg/m -> 4.012345679 kg,PRE-S7.1 11_S7_RELEASE_CANDIDATES.csv QI-00756 (manifest 3a67a8641ce4); 2 local bar strips in 04_S7_BAR_RUNS.csv
S7-0290,QI-00757,CMP-0337,SUP-GF_ROOF_SLAB-062,SUPPORT,SP-GF_ROOF_SLAB-30|SP-GF_ROOF_SLAB-34,SUP-GF_ROOF_SLAB-062,TOP:SUP-GF_ROOF_SLAB-062:SP-GF_ROOF_SLAB-30|SP-GF_ROOF_SLAB-34:X,GF_ROOF_SLAB,TOP_SUPPORT_CROSSING,TOP,X,10,5,,1,1.3,6.5,UNRESOLVED,,,0.2,0,,1.3,0.617283951,0.802469136,PROJECT_BASIS_QTO,"PROJECT_BASIS_QTO: rate density over the frozen PRE-S7.1 local bar strips; a lower bound of the physical steel (every blocked portion is excluded, not zero); not a bar-by-bar BBS","PROJECT_GEOMETRY: over the support between the two panel faces along each bar line (the far face found beyond each strip end, AD2-D15)","PROJECT_SOURCE: plan note 2 (5Ø10/m top steel over beams, both directions) -> 5 bars/m of Ø10; equivalent count by URBAN_RATE_DENSITY (AD2-D02); PHYSICAL_BBS_COUNT UNRESOLVED",PROJECT_SOURCE: full callout density 1 (no 50 % rule split on this item),,,,SUPPORT_GAP (face to face over the support),PROJECT_GEOMETRY,SUPPORT_FACE,PROJECT_GEOMETRY,PROJECT_SOURCE (plan note 2: top steel),"[""P4-6-NOTE-2-TOP-OVER-BEAMS""]","[""URBAN_RATE_DENSITY (AD2-D02: equivalent count = rate x density x width, unrounded)""]","[""AD2-D02"", ""AD2-D05"", ""AD2-D15""]",[],2,False,False,5 /m x 1 x 1.3 m x 0.2 m = 1.3 m; x 10^2/162 = 0.617283951 kg/m -> 0.802469136 kg,PRE-S7.1 11_S7_RELEASE_CANDIDATES.csv QI-00757 (manifest 3a67a8641ce4); 2 local bar strips in 04_S7_BAR_RUNS.csv
S7-0291,QI-00758,CMP-0338,SUP-1F_ROOF_SLAB-063,SUPPORT,SP-1F_ROOF_SLAB-11,SUP-1F_ROOF_SLAB-063,TOP:SUP-1F_ROOF_SLAB-063:SP-1F_ROOF_SLAB-11:Y,1F_ROOF_SLAB,TOP_OVER_SUPPORT_EXTENSION,TOP,Y,10,5,,1,2.4,12,UNRESOLVED,1.7,,0,0.566666667,0.566666667,6.8,0.617283951,4.197530864,PROJECT_BASIS_QTO,"PROJECT_BASIS_QTO: rate density over the frozen PRE-S7.1 local bar strips; a lower bound of the physical steel (every blocked portion is excluded, not zero); not a bar-by-bar BBS","PROJECT_SOURCE ratio 1/3 (P4-6-NOTE-2-TOP-OVER-BEAMS: 'length one third of the span'); URBAN_OWNER_MEASUREMENT_RULE URBAN_QTO_TOP_OVER_SUPPORT_EXTENT_V1: measured from the support face into the clear span of SP-1F_ROOF_SLAB-11 (note 2 does not state the origin, the span or total-vs-each-side); local L by URBAN_QTO_LOCAL_BAR_LINE_V1","PROJECT_SOURCE: plan note 2 (5Ø10/m top steel over beams, both directions) -> 5 bars/m of Ø10; equivalent count by URBAN_RATE_DENSITY (AD2-D02); PHYSICAL_BBS_COUNT UNRESOLVED",PROJECT_SOURCE: full callout density 1 (no 50 % rule split on this item),0.333333333,P4-6-NOTE-2-TOP-OVER-BEAMS,PROJECT_SOURCE,"CLEAR_SPAN of the panel on each side, along each bar line",URBAN_OWNER_MEASUREMENT_RULE,SUPPORT_FACE (extension into the clear span),URBAN_OWNER_MEASUREMENT_RULE,PROJECT_SOURCE (plan note 2: top steel),"[""P4-6-NOTE-2-TOP-OVER-BEAMS""]","[""URBAN_RATE_DENSITY (AD2-D02: equivalent count = rate x density x width, unrounded)"", ""URBAN_QTO_LOCAL_BAR_LINE_V1 (AD2-D14)"", ""URBAN_QTO_TOP_OVER_SUPPORT_EXTENT_V1""]","[""AD2-D02"", ""AD2-D05"", ""AD2-D06"", ""AD2-D14""]","[""QI-00760""]",3,False,False,5 /m x 1 x 2.4 m x 0.566666667 m = 6.8 m; x 10^2/162 = 0.617283951 kg/m -> 4.197530864 kg,PRE-S7.1 11_S7_RELEASE_CANDIDATES.csv QI-00758 (manifest 3a67a8641ce4); 3 local bar strips in 04_S7_BAR_RUNS.csv
S7-0292,QI-00763,CMP-0340,SUP-GF_ROOF_SLAB-065,SUPPORT,SP-GF_ROOF_SLAB-27,SUP-GF_ROOF_SLAB-065,TOP:SUP-GF_ROOF_SLAB-065:SP-GF_ROOF_SLAB-27:X,GF_ROOF_SLAB,TOP_OVER_SUPPORT_EXTENSION,TOP,X,10,5,,1,4.5,22.5,UNRESOLVED,2.996666667,,0,0.998888889,0.998888889,22.475,0.617283951,13.87345679,PROJECT_BASIS_QTO,"PROJECT_BASIS_QTO: rate density over the frozen PRE-S7.1 local bar strips; a lower bound of the physical steel (every blocked portion is excluded, not zero); not a bar-by-bar BBS","PROJECT_SOURCE ratio 1/3 (P4-6-NOTE-2-TOP-OVER-BEAMS: 'length one third of the span'); URBAN_OWNER_MEASUREMENT_RULE URBAN_QTO_TOP_OVER_SUPPORT_EXTENT_V1: measured from the support face into the clear span of SP-GF_ROOF_SLAB-27 (note 2 does not state the origin, the span or total-vs-each-side)","PROJECT_SOURCE: plan note 2 (5Ø10/m top steel over beams, both directions) -> 5 bars/m of Ø10; equivalent count by URBAN_RATE_DENSITY (AD2-D02); PHYSICAL_BBS_COUNT UNRESOLVED",PROJECT_SOURCE: full callout density 1 (no 50 % rule split on this item),0.333333333,P4-6-NOTE-2-TOP-OVER-BEAMS,PROJECT_SOURCE,"CLEAR_SPAN of the panel on each side, along each bar line",URBAN_OWNER_MEASUREMENT_RULE,SUPPORT_FACE (extension into the clear span),URBAN_OWNER_MEASUREMENT_RULE,PROJECT_SOURCE (plan note 2: top steel),"[""P4-6-NOTE-2-TOP-OVER-BEAMS""]","[""URBAN_RATE_DENSITY (AD2-D02: equivalent count = rate x density x width, unrounded)"", ""URBAN_QTO_TOP_OVER_SUPPORT_EXTENT_V1""]","[""AD2-D02"", ""AD2-D05"", ""AD2-D06""]",[],5,False,False,5 /m x 1 x 4.5 m x 0.998888889 m = 22.475 m; x 10^2/162 = 0.617283951 kg/m -> 13.87345679 kg,PRE-S7.1 11_S7_RELEASE_CANDIDATES.csv QI-00763 (manifest 3a67a8641ce4); 5 local bar strips in 04_S7_BAR_RUNS.csv
S7-0293,QI-00764,CMP-0340,SUP-GF_ROOF_SLAB-065,SUPPORT,SP-GF_ROOF_SLAB-34,SUP-GF_ROOF_SLAB-065,TOP:SUP-GF_ROOF_SLAB-065:SP-GF_ROOF_SLAB-34:X,GF_ROOF_SLAB,TOP_OVER_SUPPORT_EXTENSION,TOP,X,10,5,,1,4.5,22.5,UNRESOLVED,2.99,,0,0.996666667,0.996666667,22.425,0.617283951,13.842592593,PROJECT_BASIS_QTO,"PROJECT_BASIS_QTO: rate density over the frozen PRE-S7.1 local bar strips; a lower bound of the physical steel (every blocked portion is excluded, not zero); not a bar-by-bar BBS","PROJECT_SOURCE ratio 1/3 (P4-6-NOTE-2-TOP-OVER-BEAMS: 'length one third of the span'); URBAN_OWNER_MEASUREMENT_RULE URBAN_QTO_TOP_OVER_SUPPORT_EXTENT_V1: measured from the support face into the clear span of SP-GF_ROOF_SLAB-34 (note 2 does not state the origin, the span or total-vs-each-side)","PROJECT_SOURCE: plan note 2 (5Ø10/m top steel over beams, both directions) -> 5 bars/m of Ø10; equivalent count by URBAN_RATE_DENSITY (AD2-D02); PHYSICAL_BBS_COUNT UNRESOLVED",PROJECT_SOURCE: full callout density 1 (no 50 % rule split on this item),0.333333333,P4-6-NOTE-2-TOP-OVER-BEAMS,PROJECT_SOURCE,"CLEAR_SPAN of the panel on each side, along each bar line",URBAN_OWNER_MEASUREMENT_RULE,SUPPORT_FACE (extension into the clear span),URBAN_OWNER_MEASUREMENT_RULE,PROJECT_SOURCE (plan note 2: top steel),"[""P4-6-NOTE-2-TOP-OVER-BEAMS""]","[""URBAN_RATE_DENSITY (AD2-D02: equivalent count = rate x density x width, unrounded)"", ""URBAN_QTO_TOP_OVER_SUPPORT_EXTENT_V1""]","[""AD2-D02"", ""AD2-D05"", ""AD2-D06""]",[],7,False,False,5 /m x 1 x 4.5 m x 0.996666667 m = 22.425 m; x 10^2/162 = 0.617283951 kg/m -> 13.842592593 kg,PRE-S7.1 11_S7_RELEASE_CANDIDATES.csv QI-00764 (manifest 3a67a8641ce4); 7 local bar strips in 04_S7_BAR_RUNS.csv
S7-0294,QI-00765,CMP-0340,SUP-GF_ROOF_SLAB-065,SUPPORT,SP-GF_ROOF_SLAB-27|SP-GF_ROOF_SLAB-34,SUP-GF_ROOF_SLAB-065,TOP:SUP-GF_ROOF_SLAB-065:SP-GF_ROOF_SLAB-27|SP-GF_ROOF_SLAB-34:X,GF_ROOF_SLAB,TOP_SUPPORT_CROSSING,TOP,X,10,5,,1,4.5,22.5,UNRESOLVED,,,0.2,0,,4.5,0.617283951,2.777777778,PROJECT_BASIS_QTO,"PROJECT_BASIS_QTO: rate density over the frozen PRE-S7.1 local bar strips; a lower bound of the physical steel (every blocked portion is excluded, not zero); not a bar-by-bar BBS","PROJECT_GEOMETRY: over the support between the two panel faces along each bar line (the far face found beyond each strip end, AD2-D15)","PROJECT_SOURCE: plan note 2 (5Ø10/m top steel over beams, both directions) -> 5 bars/m of Ø10; equivalent count by URBAN_RATE_DENSITY (AD2-D02); PHYSICAL_BBS_COUNT UNRESOLVED",PROJECT_SOURCE: full callout density 1 (no 50 % rule split on this item),,,,SUPPORT_GAP (face to face over the support),PROJECT_GEOMETRY,SUPPORT_FACE,PROJECT_GEOMETRY,PROJECT_SOURCE (plan note 2: top steel),"[""P4-6-NOTE-2-TOP-OVER-BEAMS""]","[""URBAN_RATE_DENSITY (AD2-D02: equivalent count = rate x density x width, unrounded)""]","[""AD2-D02"", ""AD2-D05"", ""AD2-D15""]",[],5,False,False,5 /m x 1 x 4.5 m x 0.2 m = 4.5 m; x 10^2/162 = 0.617283951 kg/m -> 2.777777778 kg,PRE-S7.1 11_S7_RELEASE_CANDIDATES.csv QI-00765 (manifest 3a67a8641ce4); 5 local bar strips in 04_S7_BAR_RUNS.csv
S7-0295,QI-00766,CMP-0341,SUP-2F_ROOF_SLAB-066,SUPPORT,SP-2F_ROOF_SLAB-03,SUP-2F_ROOF_SLAB-066,TOP:SUP-2F_ROOF_SLAB-066:SP-2F_ROOF_SLAB-03:Y,2F_ROOF_SLAB,TOP_OVER_SUPPORT_EXTENSION,TOP,Y,10,5,,1,1.8,9,UNRESOLVED,1.8,,0,0.6,0.6,5.4,0.617283951,3.333333333,PROJECT_BASIS_QTO,"PROJECT_BASIS_QTO: rate density over the frozen PRE-S7.1 local bar strips; a lower bound of the physical steel (every blocked portion is excluded, not zero); not a bar-by-bar BBS","PROJECT_SOURCE ratio 1/3 (P4-6-NOTE-2-TOP-OVER-BEAMS: 'length one third of the span'); URBAN_OWNER_MEASUREMENT_RULE URBAN_QTO_TOP_OVER_SUPPORT_EXTENT_V1: measured from the support face into the clear span of SP-2F_ROOF_SLAB-03 (note 2 does not state the origin, the span or total-vs-each-side)","PROJECT_SOURCE: plan note 2 (5Ø10/m top steel over beams, both directions) -> 5 bars/m of Ø10; equivalent count by URBAN_RATE_DENSITY (AD2-D02); PHYSICAL_BBS_COUNT UNRESOLVED",PROJECT_SOURCE: full callout density 1 (no 50 % rule split on this item),0.333333333,P4-6-NOTE-2-TOP-OVER-BEAMS,PROJECT_SOURCE,"CLEAR_SPAN of the panel on each side, along each bar line",URBAN_OWNER_MEASUREMENT_RULE,SUPPORT_FACE (extension into the clear span),URBAN_OWNER_MEASUREMENT_RULE,PROJECT_SOURCE (plan note 2: top steel),"[""P4-6-NOTE-2-TOP-OVER-BEAMS""]","[""URBAN_RATE_DENSITY (AD2-D02: equivalent count = rate x density x width, unrounded)"", ""URBAN_QTO_TOP_OVER_SUPPORT_EXTENT_V1""]","[""AD2-D02"", ""AD2-D05"", ""AD2-D06""]",[],1,False,False,5 /m x 1 x 1.8 m x 0.6 m = 5.4 m; x 10^2/162 = 0.617283951 kg/m -> 3.333333333 kg,PRE-S7.1 11_S7_RELEASE_CANDIDATES.csv QI-00766 (manifest 3a67a8641ce4); 1 local bar strips in 04_S7_BAR_RUNS.csv
S7-0296,QI-00767,CMP-0341,SUP-2F_ROOF_SLAB-066,SUPPORT,SP-2F_ROOF_SLAB-07,SUP-2F_ROOF_SLAB-066,TOP:SUP-2F_ROOF_SLAB-066:SP-2F_ROOF_SLAB-07:Y,2F_ROOF_SLAB,TOP_OVER_SUPPORT_EXTENSION,TOP,Y,10,5,,1,1.8,9,UNRESOLVED,1.2,,0,0.4,0.4,3.6,0.617283951,2.222222222,PROJECT_BASIS_QTO,"PROJECT_BASIS_QTO: rate density over the frozen PRE-S7.1 local bar strips; a lower bound of the physical steel (every blocked portion is excluded, not zero); not a bar-by-bar BBS","PROJECT_SOURCE ratio 1/3 (P4-6-NOTE-2-TOP-OVER-BEAMS: 'length one third of the span'); URBAN_OWNER_MEASUREMENT_RULE URBAN_QTO_TOP_OVER_SUPPORT_EXTENT_V1: measured from the support face into the clear span of SP-2F_ROOF_SLAB-07 (note 2 does not state the origin, the span or total-vs-each-side)","PROJECT_SOURCE: plan note 2 (5Ø10/m top steel over beams, both directions) -> 5 bars/m of Ø10; equivalent count by URBAN_RATE_DENSITY (AD2-D02); PHYSICAL_BBS_COUNT UNRESOLVED",PROJECT_SOURCE: full callout density 1 (no 50 % rule split on this item),0.333333333,P4-6-NOTE-2-TOP-OVER-BEAMS,PROJECT_SOURCE,"CLEAR_SPAN of the panel on each side, along each bar line",URBAN_OWNER_MEASUREMENT_RULE,SUPPORT_FACE (extension into the clear span),URBAN_OWNER_MEASUREMENT_RULE,PROJECT_SOURCE (plan note 2: top steel),"[""P4-6-NOTE-2-TOP-OVER-BEAMS""]","[""URBAN_RATE_DENSITY (AD2-D02: equivalent count = rate x density x width, unrounded)"", ""URBAN_QTO_TOP_OVER_SUPPORT_EXTENT_V1""]","[""AD2-D02"", ""AD2-D05"", ""AD2-D06""]",[],1,False,False,5 /m x 1 x 1.8 m x 0.4 m = 3.6 m; x 10^2/162 = 0.617283951 kg/m -> 2.222222222 kg,PRE-S7.1 11_S7_RELEASE_CANDIDATES.csv QI-00767 (manifest 3a67a8641ce4); 1 local bar strips in 04_S7_BAR_RUNS.csv
S7-0297,QI-00768,CMP-0341,SUP-2F_ROOF_SLAB-066,SUPPORT,SP-2F_ROOF_SLAB-03|SP-2F_ROOF_SLAB-07,SUP-2F_ROOF_SLAB-066,TOP:SUP-2F_ROOF_SLAB-066:SP-2F_ROOF_SLAB-03|SP-2F_ROOF_SLAB-07:Y,2F_ROOF_SLAB,TOP_SUPPORT_CROSSING,TOP,Y,10,5,,1,1.8,9,UNRESOLVED,,,0.2,0,,1.8,0.617283951,1.111111111,PROJECT_BASIS_QTO,"PROJECT_BASIS_QTO: rate density over the frozen PRE-S7.1 local bar strips; a lower bound of the physical steel (every blocked portion is excluded, not zero); not a bar-by-bar BBS","PROJECT_GEOMETRY: over the support between the two panel faces along each bar line (the far face found beyond each strip end, AD2-D15)","PROJECT_SOURCE: plan note 2 (5Ø10/m top steel over beams, both directions) -> 5 bars/m of Ø10; equivalent count by URBAN_RATE_DENSITY (AD2-D02); PHYSICAL_BBS_COUNT UNRESOLVED",PROJECT_SOURCE: full callout density 1 (no 50 % rule split on this item),,,,SUPPORT_GAP (face to face over the support),PROJECT_GEOMETRY,SUPPORT_FACE,PROJECT_GEOMETRY,PROJECT_SOURCE (plan note 2: top steel),"[""P4-6-NOTE-2-TOP-OVER-BEAMS""]","[""URBAN_RATE_DENSITY (AD2-D02: equivalent count = rate x density x width, unrounded)""]","[""AD2-D02"", ""AD2-D05"", ""AD2-D15""]",[],1,False,False,5 /m x 1 x 1.8 m x 0.2 m = 1.8 m; x 10^2/162 = 0.617283951 kg/m -> 1.111111111 kg,PRE-S7.1 11_S7_RELEASE_CANDIDATES.csv QI-00768 (manifest 3a67a8641ce4); 1 local bar strips in 04_S7_BAR_RUNS.csv
S7-0298,QI-00769,CMP-0342,SUP-2F_ROOF_SLAB-067,SUPPORT,SP-2F_ROOF_SLAB-04,SUP-2F_ROOF_SLAB-067,TOP:SUP-2F_ROOF_SLAB-067:SP-2F_ROOF_SLAB-04:Y,2F_ROOF_SLAB,TOP_OVER_SUPPORT_EXTENSION,TOP,Y,10,5,,1,3,15,UNRESOLVED,5,,0,1.666666667,1.666666667,25,0.617283951,15.432098765,PROJECT_BASIS_QTO,"PROJECT_BASIS_QTO: rate density over the frozen PRE-S7.1 local bar strips; a lower bound of the physical steel (every blocked portion is excluded, not zero); not a bar-by-bar BBS","PROJECT_SOURCE ratio 1/3 (P4-6-NOTE-2-TOP-OVER-BEAMS: 'length one third of the span'); URBAN_OWNER_MEASUREMENT_RULE URBAN_QTO_TOP_OVER_SUPPORT_EXTENT_V1: measured from the support face into the clear span of SP-2F_ROOF_SLAB-04 (note 2 does not state the origin, the span or total-vs-each-side)","PROJECT_SOURCE: plan note 2 (5Ø10/m top steel over beams, both directions) -> 5 bars/m of Ø10; equivalent count by URBAN_RATE_DENSITY (AD2-D02); PHYSICAL_BBS_COUNT UNRESOLVED",PROJECT_SOURCE: full callout density 1 (no 50 % rule split on this item),0.333333333,P4-6-NOTE-2-TOP-OVER-BEAMS,PROJECT_SOURCE,"CLEAR_SPAN of the panel on each side, along each bar line",URBAN_OWNER_MEASUREMENT_RULE,SUPPORT_FACE (extension into the clear span),URBAN_OWNER_MEASUREMENT_RULE,PROJECT_SOURCE (plan note 2: top steel),"[""P4-6-NOTE-2-TOP-OVER-BEAMS""]","[""URBAN_RATE_DENSITY (AD2-D02: equivalent count = rate x density x width, unrounded)"", ""URBAN_QTO_TOP_OVER_SUPPORT_EXTENT_V1""]","[""AD2-D02"", ""AD2-D05"", ""AD2-D06""]",[],3,False,False,5 /m x 1 x 3 m x 1.666666667 m = 25 m; x 10^2/162 = 0.617283951 kg/m -> 15.432098765 kg,PRE-S7.1 11_S7_RELEASE_CANDIDATES.csv QI-00769 (manifest 3a67a8641ce4); 3 local bar strips in 04_S7_BAR_RUNS.csv
S7-0299,QI-00770,CMP-0342,SUP-2F_ROOF_SLAB-067,SUPPORT,SP-2F_ROOF_SLAB-08,SUP-2F_ROOF_SLAB-067,TOP:SUP-2F_ROOF_SLAB-067:SP-2F_ROOF_SLAB-08:Y,2F_ROOF_SLAB,TOP_OVER_SUPPORT_EXTENSION,TOP,Y,10,5,,1,3,15,UNRESOLVED,1.2,,0,0.4,0.4,6,0.617283951,3.703703704,PROJECT_BASIS_QTO,"PROJECT_BASIS_QTO: rate density over the frozen PRE-S7.1 local bar strips; a lower bound of the physical steel (every blocked portion is excluded, not zero); not a bar-by-bar BBS","PROJECT_SOURCE ratio 1/3 (P4-6-NOTE-2-TOP-OVER-BEAMS: 'length one third of the span'); URBAN_OWNER_MEASUREMENT_RULE URBAN_QTO_TOP_OVER_SUPPORT_EXTENT_V1: measured from the support face into the clear span of SP-2F_ROOF_SLAB-08 (note 2 does not state the origin, the span or total-vs-each-side)","PROJECT_SOURCE: plan note 2 (5Ø10/m top steel over beams, both directions) -> 5 bars/m of Ø10; equivalent count by URBAN_RATE_DENSITY (AD2-D02); PHYSICAL_BBS_COUNT UNRESOLVED",PROJECT_SOURCE: full callout density 1 (no 50 % rule split on this item),0.333333333,P4-6-NOTE-2-TOP-OVER-BEAMS,PROJECT_SOURCE,"CLEAR_SPAN of the panel on each side, along each bar line",URBAN_OWNER_MEASUREMENT_RULE,SUPPORT_FACE (extension into the clear span),URBAN_OWNER_MEASUREMENT_RULE,PROJECT_SOURCE (plan note 2: top steel),"[""P4-6-NOTE-2-TOP-OVER-BEAMS""]","[""URBAN_RATE_DENSITY (AD2-D02: equivalent count = rate x density x width, unrounded)"", ""URBAN_QTO_TOP_OVER_SUPPORT_EXTENT_V1""]","[""AD2-D02"", ""AD2-D05"", ""AD2-D06""]",[],3,False,False,5 /m x 1 x 3 m x 0.4 m = 6 m; x 10^2/162 = 0.617283951 kg/m -> 3.703703704 kg,PRE-S7.1 11_S7_RELEASE_CANDIDATES.csv QI-00770 (manifest 3a67a8641ce4); 3 local bar strips in 04_S7_BAR_RUNS.csv
S7-0300,QI-00771,CMP-0342,SUP-2F_ROOF_SLAB-067,SUPPORT,SP-2F_ROOF_SLAB-04|SP-2F_ROOF_SLAB-08,SUP-2F_ROOF_SLAB-067,TOP:SUP-2F_ROOF_SLAB-067:SP-2F_ROOF_SLAB-04|SP-2F_ROOF_SLAB-08:Y,2F_ROOF_SLAB,TOP_SUPPORT_CROSSING,TOP,Y,10,5,,1,3,15,UNRESOLVED,,,0.2,0,,3,0.617283951,1.851851852,PROJECT_BASIS_QTO,"PROJECT_BASIS_QTO: rate density over the frozen PRE-S7.1 local bar strips; a lower bound of the physical steel (every blocked portion is excluded, not zero); not a bar-by-bar BBS","PROJECT_GEOMETRY: over the support between the two panel faces along each bar line (the far face found beyond each strip end, AD2-D15)","PROJECT_SOURCE: plan note 2 (5Ø10/m top steel over beams, both directions) -> 5 bars/m of Ø10; equivalent count by URBAN_RATE_DENSITY (AD2-D02); PHYSICAL_BBS_COUNT UNRESOLVED",PROJECT_SOURCE: full callout density 1 (no 50 % rule split on this item),,,,SUPPORT_GAP (face to face over the support),PROJECT_GEOMETRY,SUPPORT_FACE,PROJECT_GEOMETRY,PROJECT_SOURCE (plan note 2: top steel),"[""P4-6-NOTE-2-TOP-OVER-BEAMS""]","[""URBAN_RATE_DENSITY (AD2-D02: equivalent count = rate x density x width, unrounded)""]","[""AD2-D02"", ""AD2-D05"", ""AD2-D15""]",[],3,False,False,5 /m x 1 x 3 m x 0.2 m = 3 m; x 10^2/162 = 0.617283951 kg/m -> 1.851851852 kg,PRE-S7.1 11_S7_RELEASE_CANDIDATES.csv QI-00771 (manifest 3a67a8641ce4); 3 local bar strips in 04_S7_BAR_RUNS.csv
S7-0301,QI-00774,CMP-0344,SUP-GF_ROOF_SLAB-069,SUPPORT,SP-GF_ROOF_SLAB-26,SUP-GF_ROOF_SLAB-069,TOP:SUP-GF_ROOF_SLAB-069:SP-GF_ROOF_SLAB-26:X,GF_ROOF_SLAB,TOP_OVER_SUPPORT_EXTENSION,TOP,X,10,5,,1,4.45,22.25,UNRESOLVED,4,,0,1.333333333,1.333333333,29.666666667,0.617283951,18.312757202,PROJECT_BASIS_QTO,"PROJECT_BASIS_QTO: rate density over the frozen PRE-S7.1 local bar strips; a lower bound of the physical steel (every blocked portion is excluded, not zero); not a bar-by-bar BBS","PROJECT_SOURCE ratio 1/3 (P4-6-NOTE-2-TOP-OVER-BEAMS: 'length one third of the span'); URBAN_OWNER_MEASUREMENT_RULE URBAN_QTO_TOP_OVER_SUPPORT_EXTENT_V1: measured from the support face into the clear span of SP-GF_ROOF_SLAB-26 (note 2 does not state the origin, the span or total-vs-each-side)","PROJECT_SOURCE: plan note 2 (5Ø10/m top steel over beams, both directions) -> 5 bars/m of Ø10; equivalent count by URBAN_RATE_DENSITY (AD2-D02); PHYSICAL_BBS_COUNT UNRESOLVED",PROJECT_SOURCE: full callout density 1 (no 50 % rule split on this item),0.333333333,P4-6-NOTE-2-TOP-OVER-BEAMS,PROJECT_SOURCE,"CLEAR_SPAN of the panel on each side, along each bar line",URBAN_OWNER_MEASUREMENT_RULE,SUPPORT_FACE (extension into the clear span),URBAN_OWNER_MEASUREMENT_RULE,PROJECT_SOURCE (plan note 2: top steel),"[""P4-6-NOTE-2-TOP-OVER-BEAMS""]","[""URBAN_RATE_DENSITY (AD2-D02: equivalent count = rate x density x width, unrounded)"", ""URBAN_QTO_TOP_OVER_SUPPORT_EXTENT_V1""]","[""AD2-D02"", ""AD2-D05"", ""AD2-D06""]",[],1,False,False,5 /m x 1 x 4.45 m x 1.333333333 m = 29.666666667 m; x 10^2/162 = 0.617283951 kg/m -> 18.312757202 kg,PRE-S7.1 11_S7_RELEASE_CANDIDATES.csv QI-00774 (manifest 3a67a8641ce4); 1 local bar strips in 04_S7_BAR_RUNS.csv
S7-0302,QI-00775,CMP-0344,SUP-GF_ROOF_SLAB-069,SUPPORT,SP-GF_ROOF_SLAB-27,SUP-GF_ROOF_SLAB-069,TOP:SUP-GF_ROOF_SLAB-069:SP-GF_ROOF_SLAB-27:X,GF_ROOF_SLAB,TOP_OVER_SUPPORT_EXTENSION,TOP,X,10,5,,1,4.45,22.25,UNRESOLVED,3,,0,1,1,22.25,0.617283951,13.734567901,PROJECT_BASIS_QTO,"PROJECT_BASIS_QTO: rate density over the frozen PRE-S7.1 local bar strips; a lower bound of the physical steel (every blocked portion is excluded, not zero); not a bar-by-bar BBS","PROJECT_SOURCE ratio 1/3 (P4-6-NOTE-2-TOP-OVER-BEAMS: 'length one third of the span'); URBAN_OWNER_MEASUREMENT_RULE URBAN_QTO_TOP_OVER_SUPPORT_EXTENT_V1: measured from the support face into the clear span of SP-GF_ROOF_SLAB-27 (note 2 does not state the origin, the span or total-vs-each-side)","PROJECT_SOURCE: plan note 2 (5Ø10/m top steel over beams, both directions) -> 5 bars/m of Ø10; equivalent count by URBAN_RATE_DENSITY (AD2-D02); PHYSICAL_BBS_COUNT UNRESOLVED",PROJECT_SOURCE: full callout density 1 (no 50 % rule split on this item),0.333333333,P4-6-NOTE-2-TOP-OVER-BEAMS,PROJECT_SOURCE,"CLEAR_SPAN of the panel on each side, along each bar line",URBAN_OWNER_MEASUREMENT_RULE,SUPPORT_FACE (extension into the clear span),URBAN_OWNER_MEASUREMENT_RULE,PROJECT_SOURCE (plan note 2: top steel),"[""P4-6-NOTE-2-TOP-OVER-BEAMS""]","[""URBAN_RATE_DENSITY (AD2-D02: equivalent count = rate x density x width, unrounded)"", ""URBAN_QTO_TOP_OVER_SUPPORT_EXTENT_V1""]","[""AD2-D02"", ""AD2-D05"", ""AD2-D06""]",[],4,False,False,5 /m x 1 x 4.45 m x 1 m = 22.25 m; x 10^2/162 = 0.617283951 kg/m -> 13.734567901 kg,PRE-S7.1 11_S7_RELEASE_CANDIDATES.csv QI-00775 (manifest 3a67a8641ce4); 4 local bar strips in 04_S7_BAR_RUNS.csv
S7-0303,QI-00776,CMP-0344,SUP-GF_ROOF_SLAB-069,SUPPORT,SP-GF_ROOF_SLAB-26|SP-GF_ROOF_SLAB-27,SUP-GF_ROOF_SLAB-069,TOP:SUP-GF_ROOF_SLAB-069:SP-GF_ROOF_SLAB-26|SP-GF_ROOF_SLAB-27:X,GF_ROOF_SLAB,TOP_SUPPORT_CROSSING,TOP,X,10,5,,1,4.45,22.25,UNRESOLVED,,,0.2,0,,4.45,0.617283951,2.74691358,PROJECT_BASIS_QTO,"PROJECT_BASIS_QTO: rate density over the frozen PRE-S7.1 local bar strips; a lower bound of the physical steel (every blocked portion is excluded, not zero); not a bar-by-bar BBS","PROJECT_GEOMETRY: over the support between the two panel faces along each bar line (the far face found beyond each strip end, AD2-D15)","PROJECT_SOURCE: plan note 2 (5Ø10/m top steel over beams, both directions) -> 5 bars/m of Ø10; equivalent count by URBAN_RATE_DENSITY (AD2-D02); PHYSICAL_BBS_COUNT UNRESOLVED",PROJECT_SOURCE: full callout density 1 (no 50 % rule split on this item),,,,SUPPORT_GAP (face to face over the support),PROJECT_GEOMETRY,SUPPORT_FACE,PROJECT_GEOMETRY,PROJECT_SOURCE (plan note 2: top steel),"[""P4-6-NOTE-2-TOP-OVER-BEAMS""]","[""URBAN_RATE_DENSITY (AD2-D02: equivalent count = rate x density x width, unrounded)""]","[""AD2-D02"", ""AD2-D05"", ""AD2-D15""]",[],1,False,False,5 /m x 1 x 4.45 m x 0.2 m = 4.45 m; x 10^2/162 = 0.617283951 kg/m -> 2.74691358 kg,PRE-S7.1 11_S7_RELEASE_CANDIDATES.csv QI-00776 (manifest 3a67a8641ce4); 1 local bar strips in 04_S7_BAR_RUNS.csv
S7-0304,QI-00777,CMP-0345,SUP-GF_ROOF_SLAB-070,SUPPORT,SP-GF_ROOF_SLAB-19,SUP-GF_ROOF_SLAB-070,TOP:SUP-GF_ROOF_SLAB-070:SP-GF_ROOF_SLAB-19:X,GF_ROOF_SLAB,TOP_OVER_SUPPORT_EXTENSION,TOP,X,10,5,,1,1.4,7,UNRESOLVED,3.909717348,,0,1.303239116,1.303239116,9.122673811,0.617283951,5.63128013,PROJECT_BASIS_QTO,"PROJECT_BASIS_QTO: rate density over the frozen PRE-S7.1 local bar strips; a lower bound of the physical steel (every blocked portion is excluded, not zero); not a bar-by-bar BBS","PROJECT_SOURCE ratio 1/3 (P4-6-NOTE-2-TOP-OVER-BEAMS: 'length one third of the span'); URBAN_OWNER_MEASUREMENT_RULE URBAN_QTO_TOP_OVER_SUPPORT_EXTENT_V1: measured from the support face into the clear span of SP-GF_ROOF_SLAB-19 (note 2 does not state the origin, the span or total-vs-each-side)","PROJECT_SOURCE: plan note 2 (5Ø10/m top steel over beams, both directions) -> 5 bars/m of Ø10; equivalent count by URBAN_RATE_DENSITY (AD2-D02); PHYSICAL_BBS_COUNT UNRESOLVED",PROJECT_SOURCE: full callout density 1 (no 50 % rule split on this item),0.333333333,P4-6-NOTE-2-TOP-OVER-BEAMS,PROJECT_SOURCE,"CLEAR_SPAN of the panel on each side, along each bar line",URBAN_OWNER_MEASUREMENT_RULE,SUPPORT_FACE (extension into the clear span),URBAN_OWNER_MEASUREMENT_RULE,PROJECT_SOURCE (plan note 2: top steel),"[""P4-6-NOTE-2-TOP-OVER-BEAMS""]","[""URBAN_RATE_DENSITY (AD2-D02: equivalent count = rate x density x width, unrounded)"", ""URBAN_QTO_TOP_OVER_SUPPORT_EXTENT_V1""]","[""AD2-D02"", ""AD2-D05"", ""AD2-D06""]","[""QI-00778""]",21,False,False,5 /m x 1 x 1.4 m x 1.303239116 m = 9.122673811 m; x 10^2/162 = 0.617283951 kg/m -> 5.63128013 kg,PRE-S7.1 11_S7_RELEASE_CANDIDATES.csv QI-00777 (manifest 3a67a8641ce4); 21 local bar strips in 04_S7_BAR_RUNS.csv
S7-0305,QI-00779,CMP-0346,SUP-GF_ROOF_SLAB-071,SUPPORT,SP-GF_ROOF_SLAB-26,SUP-GF_ROOF_SLAB-071,TOP:SUP-GF_ROOF_SLAB-071:SP-GF_ROOF_SLAB-26:X,GF_ROOF_SLAB,TOP_OVER_SUPPORT_EXTENSION,TOP,X,10,5,,1,4.5,22.5,UNRESOLVED,4,,0,1.333333333,1.333333333,30,0.617283951,18.518518519,PROJECT_BASIS_QTO,"PROJECT_BASIS_QTO: rate density over the frozen PRE-S7.1 local bar strips; a lower bound of the physical steel (every blocked portion is excluded, not zero); not a bar-by-bar BBS","PROJECT_SOURCE ratio 1/3 (P4-6-NOTE-2-TOP-OVER-BEAMS: 'length one third of the span'); URBAN_OWNER_MEASUREMENT_RULE URBAN_QTO_TOP_OVER_SUPPORT_EXTENT_V1: measured from the support face into the clear span of SP-GF_ROOF_SLAB-26 (note 2 does not state the origin, the span or total-vs-each-side)","PROJECT_SOURCE: plan note 2 (5Ø10/m top steel over beams, both directions) -> 5 bars/m of Ø10; equivalent count by URBAN_RATE_DENSITY (AD2-D02); PHYSICAL_BBS_COUNT UNRESOLVED",PROJECT_SOURCE: full callout density 1 (no 50 % rule split on this item),0.333333333,P4-6-NOTE-2-TOP-OVER-BEAMS,PROJECT_SOURCE,"CLEAR_SPAN of the panel on each side, along each bar line",URBAN_OWNER_MEASUREMENT_RULE,SUPPORT_FACE (extension into the clear span),URBAN_OWNER_MEASUREMENT_RULE,PROJECT_SOURCE (plan note 2: top steel),"[""P4-6-NOTE-2-TOP-OVER-BEAMS""]","[""URBAN_RATE_DENSITY (AD2-D02: equivalent count = rate x density x width, unrounded)"", ""URBAN_QTO_TOP_OVER_SUPPORT_EXTENT_V1""]","[""AD2-D02"", ""AD2-D05"", ""AD2-D06""]","[""QI-00780""]",2,False,False,5 /m x 1 x 4.5 m x 1.333333333 m = 30 m; x 10^2/162 = 0.617283951 kg/m -> 18.518518519 kg,PRE-S7.1 11_S7_RELEASE_CANDIDATES.csv QI-00779 (manifest 3a67a8641ce4); 2 local bar strips in 04_S7_BAR_RUNS.csv
S7-0306,QI-00781,CMP-0347,SUP-1F_ROOF_SLAB-072,SUPPORT,SP-1F_ROOF_SLAB-25,SUP-1F_ROOF_SLAB-072,TOP:SUP-1F_ROOF_SLAB-072:SP-1F_ROOF_SLAB-25:Y,1F_ROOF_SLAB,TOP_OVER_SUPPORT_EXTENSION,TOP,Y,10,5,,1,4.1,20.5,UNRESOLVED,1.142339,,0,0.380779667,0.380779667,7.805983167,0.617283951,4.818508128,PROJECT_BASIS_QTO,"PROJECT_BASIS_QTO: rate density over the frozen PRE-S7.1 local bar strips; a lower bound of the physical steel (every blocked portion is excluded, not zero); not a bar-by-bar BBS","PROJECT_SOURCE ratio 1/3 (P4-6-NOTE-2-TOP-OVER-BEAMS: 'length one third of the span'); URBAN_OWNER_MEASUREMENT_RULE URBAN_QTO_TOP_OVER_SUPPORT_EXTENT_V1: measured from the support face into the clear span of SP-1F_ROOF_SLAB-25 (note 2 does not state the origin, the span or total-vs-each-side)","PROJECT_SOURCE: plan note 2 (5Ø10/m top steel over beams, both directions) -> 5 bars/m of Ø10; equivalent count by URBAN_RATE_DENSITY (AD2-D02); PHYSICAL_BBS_COUNT UNRESOLVED",PROJECT_SOURCE: full callout density 1 (no 50 % rule split on this item),0.333333333,P4-6-NOTE-2-TOP-OVER-BEAMS,PROJECT_SOURCE,"CLEAR_SPAN of the panel on each side, along each bar line",URBAN_OWNER_MEASUREMENT_RULE,SUPPORT_FACE (extension into the clear span),URBAN_OWNER_MEASUREMENT_RULE,PROJECT_SOURCE (plan note 2: top steel),"[""P4-6-NOTE-2-TOP-OVER-BEAMS""]","[""URBAN_RATE_DENSITY (AD2-D02: equivalent count = rate x density x width, unrounded)"", ""URBAN_QTO_TOP_OVER_SUPPORT_EXTENT_V1""]","[""AD2-D02"", ""AD2-D05"", ""AD2-D06""]","[""QI-00782""]",30,False,False,5 /m x 1 x 4.1 m x 0.380779667 m = 7.805983167 m; x 10^2/162 = 0.617283951 kg/m -> 4.818508128 kg,PRE-S7.1 11_S7_RELEASE_CANDIDATES.csv QI-00781 (manifest 3a67a8641ce4); 30 local bar strips in 04_S7_BAR_RUNS.csv
S7-0307,QI-00783,CMP-0348,SUP-2F_ROOF_SLAB-073,SUPPORT,SP-2F_ROOF_SLAB-03,SUP-2F_ROOF_SLAB-073,TOP:SUP-2F_ROOF_SLAB-073:SP-2F_ROOF_SLAB-03:Y,2F_ROOF_SLAB,TOP_OVER_SUPPORT_EXTENSION,TOP,Y,10,5,,1,1.8,9,UNRESOLVED,1.8,,0,0.6,0.6,5.4,0.617283951,3.333333333,PROJECT_BASIS_QTO,"PROJECT_BASIS_QTO: rate density over the frozen PRE-S7.1 local bar strips; a lower bound of the physical steel (every blocked portion is excluded, not zero); not a bar-by-bar BBS","PROJECT_SOURCE ratio 1/3 (P4-6-NOTE-2-TOP-OVER-BEAMS: 'length one third of the span'); URBAN_OWNER_MEASUREMENT_RULE URBAN_QTO_TOP_OVER_SUPPORT_EXTENT_V1: measured from the support face into the clear span of SP-2F_ROOF_SLAB-03 (note 2 does not state the origin, the span or total-vs-each-side)","PROJECT_SOURCE: plan note 2 (5Ø10/m top steel over beams, both directions) -> 5 bars/m of Ø10; equivalent count by URBAN_RATE_DENSITY (AD2-D02); PHYSICAL_BBS_COUNT UNRESOLVED",PROJECT_SOURCE: full callout density 1 (no 50 % rule split on this item),0.333333333,P4-6-NOTE-2-TOP-OVER-BEAMS,PROJECT_SOURCE,"CLEAR_SPAN of the panel on each side, along each bar line",URBAN_OWNER_MEASUREMENT_RULE,SUPPORT_FACE (extension into the clear span),URBAN_OWNER_MEASUREMENT_RULE,PROJECT_SOURCE (plan note 2: top steel),"[""P4-6-NOTE-2-TOP-OVER-BEAMS""]","[""URBAN_RATE_DENSITY (AD2-D02: equivalent count = rate x density x width, unrounded)"", ""URBAN_QTO_TOP_OVER_SUPPORT_EXTENT_V1""]","[""AD2-D02"", ""AD2-D05"", ""AD2-D06""]","[""QI-00785""]",1,False,False,5 /m x 1 x 1.8 m x 0.6 m = 5.4 m; x 10^2/162 = 0.617283951 kg/m -> 3.333333333 kg,PRE-S7.1 11_S7_RELEASE_CANDIDATES.csv QI-00783 (manifest 3a67a8641ce4); 1 local bar strips in 04_S7_BAR_RUNS.csv
S7-0308,QI-00786,CMP-0349,SUP-1F_ROOF_SLAB-074,SUPPORT,SP-1F_ROOF_SLAB-25,SUP-1F_ROOF_SLAB-074,TOP:SUP-1F_ROOF_SLAB-074:SP-1F_ROOF_SLAB-25:Y,1F_ROOF_SLAB,TOP_OVER_SUPPORT_EXTENSION,TOP,Y,10,5,,1,4.1,20.5,UNRESOLVED,1.142339,,0,0.380779667,0.380779667,7.805983167,0.617283951,4.818508128,PROJECT_BASIS_QTO,"PROJECT_BASIS_QTO: rate density over the frozen PRE-S7.1 local bar strips; a lower bound of the physical steel (every blocked portion is excluded, not zero); not a bar-by-bar BBS","PROJECT_SOURCE ratio 1/3 (P4-6-NOTE-2-TOP-OVER-BEAMS: 'length one third of the span'); URBAN_OWNER_MEASUREMENT_RULE URBAN_QTO_TOP_OVER_SUPPORT_EXTENT_V1: measured from the support face into the clear span of SP-1F_ROOF_SLAB-25 (note 2 does not state the origin, the span or total-vs-each-side)","PROJECT_SOURCE: plan note 2 (5Ø10/m top steel over beams, both directions) -> 5 bars/m of Ø10; equivalent count by URBAN_RATE_DENSITY (AD2-D02); PHYSICAL_BBS_COUNT UNRESOLVED",PROJECT_SOURCE: full callout density 1 (no 50 % rule split on this item),0.333333333,P4-6-NOTE-2-TOP-OVER-BEAMS,PROJECT_SOURCE,"CLEAR_SPAN of the panel on each side, along each bar line",URBAN_OWNER_MEASUREMENT_RULE,SUPPORT_FACE (extension into the clear span),URBAN_OWNER_MEASUREMENT_RULE,PROJECT_SOURCE (plan note 2: top steel),"[""P4-6-NOTE-2-TOP-OVER-BEAMS""]","[""URBAN_RATE_DENSITY (AD2-D02: equivalent count = rate x density x width, unrounded)"", ""URBAN_QTO_TOP_OVER_SUPPORT_EXTENT_V1""]","[""AD2-D02"", ""AD2-D05"", ""AD2-D06""]","[""QI-00789""]",30,False,False,5 /m x 1 x 4.1 m x 0.380779667 m = 7.805983167 m; x 10^2/162 = 0.617283951 kg/m -> 4.818508128 kg,PRE-S7.1 11_S7_RELEASE_CANDIDATES.csv QI-00786 (manifest 3a67a8641ce4); 30 local bar strips in 04_S7_BAR_RUNS.csv
S7-0309,QI-00790,CMP-0350,SUP-GF_ROOF_SLAB-075,SUPPORT,SP-GF_ROOF_SLAB-32,SUP-GF_ROOF_SLAB-075,TOP:SUP-GF_ROOF_SLAB-075:SP-GF_ROOF_SLAB-32:X,GF_ROOF_SLAB,TOP_OVER_SUPPORT_EXTENSION,TOP,X,10,5,,1,1.2,6,UNRESOLVED,6.47,,0,2.156666667,2.156666667,12.94,0.617283951,7.987654321,PROJECT_BASIS_QTO,"PROJECT_BASIS_QTO: rate density over the frozen PRE-S7.1 local bar strips; a lower bound of the physical steel (every blocked portion is excluded, not zero); not a bar-by-bar BBS","PROJECT_SOURCE ratio 1/3 (P4-6-NOTE-2-TOP-OVER-BEAMS: 'length one third of the span'); URBAN_OWNER_MEASUREMENT_RULE URBAN_QTO_TOP_OVER_SUPPORT_EXTENT_V1: measured from the support face into the clear span of SP-GF_ROOF_SLAB-32 (note 2 does not state the origin, the span or total-vs-each-side)","PROJECT_SOURCE: plan note 2 (5Ø10/m top steel over beams, both directions) -> 5 bars/m of Ø10; equivalent count by URBAN_RATE_DENSITY (AD2-D02); PHYSICAL_BBS_COUNT UNRESOLVED",PROJECT_SOURCE: full callout density 1 (no 50 % rule split on this item),0.333333333,P4-6-NOTE-2-TOP-OVER-BEAMS,PROJECT_SOURCE,"CLEAR_SPAN of the panel on each side, along each bar line",URBAN_OWNER_MEASUREMENT_RULE,SUPPORT_FACE (extension into the clear span),URBAN_OWNER_MEASUREMENT_RULE,PROJECT_SOURCE (plan note 2: top steel),"[""P4-6-NOTE-2-TOP-OVER-BEAMS""]","[""URBAN_RATE_DENSITY (AD2-D02: equivalent count = rate x density x width, unrounded)"", ""URBAN_QTO_TOP_OVER_SUPPORT_EXTENT_V1""]","[""AD2-D02"", ""AD2-D05"", ""AD2-D06""]",[],1,False,False,5 /m x 1 x 1.2 m x 2.156666667 m = 12.94 m; x 10^2/162 = 0.617283951 kg/m -> 7.987654321 kg,PRE-S7.1 11_S7_RELEASE_CANDIDATES.csv QI-00790 (manifest 3a67a8641ce4); 1 local bar strips in 04_S7_BAR_RUNS.csv
S7-0310,QI-00791,CMP-0350,SUP-GF_ROOF_SLAB-075,SUPPORT,SP-GF_ROOF_SLAB-33,SUP-GF_ROOF_SLAB-075,TOP:SUP-GF_ROOF_SLAB-075:SP-GF_ROOF_SLAB-33:X,GF_ROOF_SLAB,TOP_OVER_SUPPORT_EXTENSION,TOP,X,10,5,,1,1.2,6,UNRESOLVED,3.573173,,0,1.191057667,1.191057667,7.146346,0.617283951,4.411324691,PROJECT_BASIS_QTO,"PROJECT_BASIS_QTO: rate density over the frozen PRE-S7.1 local bar strips; a lower bound of the physical steel (every blocked portion is excluded, not zero); not a bar-by-bar BBS","PROJECT_SOURCE ratio 1/3 (P4-6-NOTE-2-TOP-OVER-BEAMS: 'length one third of the span'); URBAN_OWNER_MEASUREMENT_RULE URBAN_QTO_TOP_OVER_SUPPORT_EXTENT_V1: measured from the support face into the clear span of SP-GF_ROOF_SLAB-33 (note 2 does not state the origin, the span or total-vs-each-side)","PROJECT_SOURCE: plan note 2 (5Ø10/m top steel over beams, both directions) -> 5 bars/m of Ø10; equivalent count by URBAN_RATE_DENSITY (AD2-D02); PHYSICAL_BBS_COUNT UNRESOLVED",PROJECT_SOURCE: full callout density 1 (no 50 % rule split on this item),0.333333333,P4-6-NOTE-2-TOP-OVER-BEAMS,PROJECT_SOURCE,"CLEAR_SPAN of the panel on each side, along each bar line",URBAN_OWNER_MEASUREMENT_RULE,SUPPORT_FACE (extension into the clear span),URBAN_OWNER_MEASUREMENT_RULE,PROJECT_SOURCE (plan note 2: top steel),"[""P4-6-NOTE-2-TOP-OVER-BEAMS""]","[""URBAN_RATE_DENSITY (AD2-D02: equivalent count = rate x density x width, unrounded)"", ""URBAN_QTO_TOP_OVER_SUPPORT_EXTENT_V1""]","[""AD2-D02"", ""AD2-D05"", ""AD2-D06""]",[],1,False,False,5 /m x 1 x 1.2 m x 1.191057667 m = 7.146346 m; x 10^2/162 = 0.617283951 kg/m -> 4.411324691 kg,PRE-S7.1 11_S7_RELEASE_CANDIDATES.csv QI-00791 (manifest 3a67a8641ce4); 1 local bar strips in 04_S7_BAR_RUNS.csv
S7-0311,QI-00792,CMP-0350,SUP-GF_ROOF_SLAB-075,SUPPORT,SP-GF_ROOF_SLAB-32|SP-GF_ROOF_SLAB-33,SUP-GF_ROOF_SLAB-075,TOP:SUP-GF_ROOF_SLAB-075:SP-GF_ROOF_SLAB-32|SP-GF_ROOF_SLAB-33:X,GF_ROOF_SLAB,TOP_SUPPORT_CROSSING,TOP,X,10,5,,1,1.2,6,UNRESOLVED,,,0.2,0,,1.2,0.617283951,0.740740741,PROJECT_BASIS_QTO,"PROJECT_BASIS_QTO: rate density over the frozen PRE-S7.1 local bar strips; a lower bound of the physical steel (every blocked portion is excluded, not zero); not a bar-by-bar BBS","PROJECT_GEOMETRY: over the support between the two panel faces along each bar line (the far face found beyond each strip end, AD2-D15)","PROJECT_SOURCE: plan note 2 (5Ø10/m top steel over beams, both directions) -> 5 bars/m of Ø10; equivalent count by URBAN_RATE_DENSITY (AD2-D02); PHYSICAL_BBS_COUNT UNRESOLVED",PROJECT_SOURCE: full callout density 1 (no 50 % rule split on this item),,,,SUPPORT_GAP (face to face over the support),PROJECT_GEOMETRY,SUPPORT_FACE,PROJECT_GEOMETRY,PROJECT_SOURCE (plan note 2: top steel),"[""P4-6-NOTE-2-TOP-OVER-BEAMS""]","[""URBAN_RATE_DENSITY (AD2-D02: equivalent count = rate x density x width, unrounded)""]","[""AD2-D02"", ""AD2-D05"", ""AD2-D15""]",[],1,False,False,5 /m x 1 x 1.2 m x 0.2 m = 1.2 m; x 10^2/162 = 0.617283951 kg/m -> 0.740740741 kg,PRE-S7.1 11_S7_RELEASE_CANDIDATES.csv QI-00792 (manifest 3a67a8641ce4); 1 local bar strips in 04_S7_BAR_RUNS.csv
S7-0312,QI-00793,CMP-0351,SUP-1F_ROOF_SLAB-076,SUPPORT,SP-1F_ROOF_SLAB-08,SUP-1F_ROOF_SLAB-076,TOP:SUP-1F_ROOF_SLAB-076:SP-1F_ROOF_SLAB-08:Y,1F_ROOF_SLAB,TOP_OVER_SUPPORT_EXTENSION,TOP,Y,10,5,,1,4.1,20.5,UNRESOLVED,0.785478,,0,0.261826,0.261826,5.367433,0.617283951,3.313230247,PROJECT_BASIS_QTO,"PROJECT_BASIS_QTO: rate density over the frozen PRE-S7.1 local bar strips; a lower bound of the physical steel (every blocked portion is excluded, not zero); not a bar-by-bar BBS","PROJECT_SOURCE ratio 1/3 (P4-6-NOTE-2-TOP-OVER-BEAMS: 'length one third of the span'); URBAN_OWNER_MEASUREMENT_RULE URBAN_QTO_TOP_OVER_SUPPORT_EXTENT_V1: measured from the support face into the clear span of SP-1F_ROOF_SLAB-08 (note 2 does not state the origin, the span or total-vs-each-side)","PROJECT_SOURCE: plan note 2 (5Ø10/m top steel over beams, both directions) -> 5 bars/m of Ø10; equivalent count by URBAN_RATE_DENSITY (AD2-D02); PHYSICAL_BBS_COUNT UNRESOLVED",PROJECT_SOURCE: full callout density 1 (no 50 % rule split on this item),0.333333333,P4-6-NOTE-2-TOP-OVER-BEAMS,PROJECT_SOURCE,"CLEAR_SPAN of the panel on each side, along each bar line",URBAN_OWNER_MEASUREMENT_RULE,SUPPORT_FACE (extension into the clear span),URBAN_OWNER_MEASUREMENT_RULE,PROJECT_SOURCE (plan note 2: top steel),"[""P4-6-NOTE-2-TOP-OVER-BEAMS""]","[""URBAN_RATE_DENSITY (AD2-D02: equivalent count = rate x density x width, unrounded)"", ""URBAN_QTO_TOP_OVER_SUPPORT_EXTENT_V1""]","[""AD2-D02"", ""AD2-D05"", ""AD2-D06""]","[""QI-00796""]",29,False,False,5 /m x 1 x 4.1 m x 0.261826 m = 5.367433 m; x 10^2/162 = 0.617283951 kg/m -> 3.313230247 kg,PRE-S7.1 11_S7_RELEASE_CANDIDATES.csv QI-00793 (manifest 3a67a8641ce4); 29 local bar strips in 04_S7_BAR_RUNS.csv
S7-0313,QI-00798,CMP-0352,SUP-GF_ROOF_SLAB-077,SUPPORT,SP-GF_ROOF_SLAB-16,SUP-GF_ROOF_SLAB-077,TOP:SUP-GF_ROOF_SLAB-077:SP-GF_ROOF_SLAB-16:X,GF_ROOF_SLAB,TOP_OVER_SUPPORT_EXTENSION,TOP,X,10,5,,1,1.25,6.25,UNRESOLVED,3.3,,0,1.1,1.1,6.875,0.617283951,4.24382716,PROJECT_BASIS_QTO,"PROJECT_BASIS_QTO: rate density over the frozen PRE-S7.1 local bar strips; a lower bound of the physical steel (every blocked portion is excluded, not zero); not a bar-by-bar BBS","PROJECT_SOURCE ratio 1/3 (P4-6-NOTE-2-TOP-OVER-BEAMS: 'length one third of the span'); URBAN_OWNER_MEASUREMENT_RULE URBAN_QTO_TOP_OVER_SUPPORT_EXTENT_V1: measured from the support face into the clear span of SP-GF_ROOF_SLAB-16 (note 2 does not state the origin, the span or total-vs-each-side); local L by URBAN_QTO_LOCAL_BAR_LINE_V1","PROJECT_SOURCE: plan note 2 (5Ø10/m top steel over beams, both directions) -> 5 bars/m of Ø10; equivalent count by URBAN_RATE_DENSITY (AD2-D02); PHYSICAL_BBS_COUNT UNRESOLVED",PROJECT_SOURCE: full callout density 1 (no 50 % rule split on this item),0.333333333,P4-6-NOTE-2-TOP-OVER-BEAMS,PROJECT_SOURCE,"CLEAR_SPAN of the panel on each side, along each bar line",URBAN_OWNER_MEASUREMENT_RULE,SUPPORT_FACE (extension into the clear span),URBAN_OWNER_MEASUREMENT_RULE,PROJECT_SOURCE (plan note 2: top steel),"[""P4-6-NOTE-2-TOP-OVER-BEAMS""]","[""URBAN_RATE_DENSITY (AD2-D02: equivalent count = rate x density x width, unrounded)"", ""URBAN_QTO_LOCAL_BAR_LINE_V1 (AD2-D14)"", ""URBAN_QTO_TOP_OVER_SUPPORT_EXTENT_V1""]","[""AD2-D02"", ""AD2-D05"", ""AD2-D06"", ""AD2-D14""]","[""QI-00797""]",2,False,False,5 /m x 1 x 1.25 m x 1.1 m = 6.875 m; x 10^2/162 = 0.617283951 kg/m -> 4.24382716 kg,PRE-S7.1 11_S7_RELEASE_CANDIDATES.csv QI-00798 (manifest 3a67a8641ce4); 2 local bar strips in 04_S7_BAR_RUNS.csv
S7-0314,QI-00799,CMP-0352,SUP-GF_ROOF_SLAB-077,SUPPORT,SP-GF_ROOF_SLAB-18,SUP-GF_ROOF_SLAB-077,TOP:SUP-GF_ROOF_SLAB-077:SP-GF_ROOF_SLAB-18:X,GF_ROOF_SLAB,TOP_OVER_SUPPORT_EXTENSION,TOP,X,10,5,,1,2.25,11.25,UNRESOLVED,2.37,,0,0.79,0.79,8.8875,0.617283951,5.486111111,PROJECT_BASIS_QTO,"PROJECT_BASIS_QTO: rate density over the frozen PRE-S7.1 local bar strips; a lower bound of the physical steel (every blocked portion is excluded, not zero); not a bar-by-bar BBS","PROJECT_SOURCE ratio 1/3 (P4-6-NOTE-2-TOP-OVER-BEAMS: 'length one third of the span'); URBAN_OWNER_MEASUREMENT_RULE URBAN_QTO_TOP_OVER_SUPPORT_EXTENT_V1: measured from the support face into the clear span of SP-GF_ROOF_SLAB-18 (note 2 does not state the origin, the span or total-vs-each-side); local L by URBAN_QTO_LOCAL_BAR_LINE_V1","PROJECT_SOURCE: plan note 2 (5Ø10/m top steel over beams, both directions) -> 5 bars/m of Ø10; equivalent count by URBAN_RATE_DENSITY (AD2-D02); PHYSICAL_BBS_COUNT UNRESOLVED",PROJECT_SOURCE: full callout density 1 (no 50 % rule split on this item),0.333333333,P4-6-NOTE-2-TOP-OVER-BEAMS,PROJECT_SOURCE,"CLEAR_SPAN of the panel on each side, along each bar line",URBAN_OWNER_MEASUREMENT_RULE,SUPPORT_FACE (extension into the clear span),URBAN_OWNER_MEASUREMENT_RULE,PROJECT_SOURCE (plan note 2: top steel),"[""P4-6-NOTE-2-TOP-OVER-BEAMS""]","[""URBAN_RATE_DENSITY (AD2-D02: equivalent count = rate x density x width, unrounded)"", ""URBAN_QTO_LOCAL_BAR_LINE_V1 (AD2-D14)"", ""URBAN_QTO_TOP_OVER_SUPPORT_EXTENT_V1""]","[""AD2-D02"", ""AD2-D05"", ""AD2-D06"", ""AD2-D14""]","[""QI-00797""]",18,False,False,5 /m x 1 x 2.25 m x 0.79 m = 8.8875 m; x 10^2/162 = 0.617283951 kg/m -> 5.486111111 kg,PRE-S7.1 11_S7_RELEASE_CANDIDATES.csv QI-00799 (manifest 3a67a8641ce4); 18 local bar strips in 04_S7_BAR_RUNS.csv
S7-0315,QI-00800,CMP-0352,SUP-GF_ROOF_SLAB-077,SUPPORT,SP-GF_ROOF_SLAB-16|SP-GF_ROOF_SLAB-18,SUP-GF_ROOF_SLAB-077,TOP:SUP-GF_ROOF_SLAB-077:SP-GF_ROOF_SLAB-16|SP-GF_ROOF_SLAB-18:X,GF_ROOF_SLAB,TOP_SUPPORT_CROSSING,TOP,X,10,5,,1,1.25,6.25,UNRESOLVED,,,0.5,0,,3.125,0.617283951,1.929012346,PROJECT_BASIS_QTO,"PROJECT_BASIS_QTO: rate density over the frozen PRE-S7.1 local bar strips; a lower bound of the physical steel (every blocked portion is excluded, not zero); not a bar-by-bar BBS","PROJECT_GEOMETRY: over the support between the two panel faces along each bar line (the far face found beyond each strip end, AD2-D15)","PROJECT_SOURCE: plan note 2 (5Ø10/m top steel over beams, both directions) -> 5 bars/m of Ø10; equivalent count by URBAN_RATE_DENSITY (AD2-D02); PHYSICAL_BBS_COUNT UNRESOLVED",PROJECT_SOURCE: full callout density 1 (no 50 % rule split on this item),,,,SUPPORT_GAP (face to face over the support),PROJECT_GEOMETRY,SUPPORT_FACE,PROJECT_GEOMETRY,PROJECT_SOURCE (plan note 2: top steel),"[""P4-6-NOTE-2-TOP-OVER-BEAMS""]","[""URBAN_RATE_DENSITY (AD2-D02: equivalent count = rate x density x width, unrounded)""]","[""AD2-D02"", ""AD2-D05"", ""AD2-D15""]","[""QI-00797""]",2,False,False,5 /m x 1 x 1.25 m x 0.5 m = 3.125 m; x 10^2/162 = 0.617283951 kg/m -> 1.929012346 kg,PRE-S7.1 11_S7_RELEASE_CANDIDATES.csv QI-00800 (manifest 3a67a8641ce4); 2 local bar strips in 04_S7_BAR_RUNS.csv
S7-0316,QI-00801,CMP-0352,SUP-GF_ROOF_SLAB-077,SUPPORT,SP-GF_ROOF_SLAB-18|SP-GF_ROOF_SLAB-25,SUP-GF_ROOF_SLAB-077,TOP:SUP-GF_ROOF_SLAB-077:SP-GF_ROOF_SLAB-18|SP-GF_ROOF_SLAB-25:X,GF_ROOF_SLAB,TOP_SUPPORT_CROSSING,TOP,X,10,5,,1,0.8,4,UNRESOLVED,,,0.5,0,,2,0.617283951,1.234567901,PROJECT_BASIS_QTO,"PROJECT_BASIS_QTO: rate density over the frozen PRE-S7.1 local bar strips; a lower bound of the physical steel (every blocked portion is excluded, not zero); not a bar-by-bar BBS","PROJECT_GEOMETRY: over the support between the two panel faces along each bar line (the far face found beyond each strip end, AD2-D15)","PROJECT_SOURCE: plan note 2 (5Ø10/m top steel over beams, both directions) -> 5 bars/m of Ø10; equivalent count by URBAN_RATE_DENSITY (AD2-D02); PHYSICAL_BBS_COUNT UNRESOLVED",PROJECT_SOURCE: full callout density 1 (no 50 % rule split on this item),,,,SUPPORT_GAP (face to face over the support),PROJECT_GEOMETRY,SUPPORT_FACE,PROJECT_GEOMETRY,PROJECT_SOURCE (plan note 2: top steel),"[""P4-6-NOTE-2-TOP-OVER-BEAMS""]","[""URBAN_RATE_DENSITY (AD2-D02: equivalent count = rate x density x width, unrounded)""]","[""AD2-D02"", ""AD2-D05"", ""AD2-D15""]","[""QI-00797""]",11,False,False,5 /m x 1 x 0.8 m x 0.5 m = 2 m; x 10^2/162 = 0.617283951 kg/m -> 1.234567901 kg,PRE-S7.1 11_S7_RELEASE_CANDIDATES.csv QI-00801 (manifest 3a67a8641ce4); 11 local bar strips in 04_S7_BAR_RUNS.csv
S7-0317,QI-00802,CMP-0353,SUP-GF_ROOF_SLAB-078,SUPPORT,SP-GF_ROOF_SLAB-25,SUP-GF_ROOF_SLAB-078,TOP:SUP-GF_ROOF_SLAB-078:SP-GF_ROOF_SLAB-25:X,GF_ROOF_SLAB,TOP_OVER_SUPPORT_EXTENSION,TOP,X,10,5,,1,4.95,24.75,UNRESOLVED,3.283553735,,0,1.094517912,1.094517912,27.089318317,0.617283951,16.72180143,PROJECT_BASIS_QTO,"PROJECT_BASIS_QTO: rate density over the frozen PRE-S7.1 local bar strips; a lower bound of the physical steel (every blocked portion is excluded, not zero); not a bar-by-bar BBS","PROJECT_SOURCE ratio 1/3 (P4-6-NOTE-2-TOP-OVER-BEAMS: 'length one third of the span'); URBAN_OWNER_MEASUREMENT_RULE URBAN_QTO_TOP_OVER_SUPPORT_EXTENT_V1: measured from the support face into the clear span of SP-GF_ROOF_SLAB-25 (note 2 does not state the origin, the span or total-vs-each-side)","PROJECT_SOURCE: plan note 2 (5Ø10/m top steel over beams, both directions) -> 5 bars/m of Ø10; equivalent count by URBAN_RATE_DENSITY (AD2-D02); PHYSICAL_BBS_COUNT UNRESOLVED",PROJECT_SOURCE: full callout density 1 (no 50 % rule split on this item),0.333333333,P4-6-NOTE-2-TOP-OVER-BEAMS,PROJECT_SOURCE,"CLEAR_SPAN of the panel on each side, along each bar line",URBAN_OWNER_MEASUREMENT_RULE,SUPPORT_FACE (extension into the clear span),URBAN_OWNER_MEASUREMENT_RULE,PROJECT_SOURCE (plan note 2: top steel),"[""P4-6-NOTE-2-TOP-OVER-BEAMS""]","[""URBAN_RATE_DENSITY (AD2-D02: equivalent count = rate x density x width, unrounded)"", ""URBAN_QTO_TOP_OVER_SUPPORT_EXTENT_V1""]","[""AD2-D02"", ""AD2-D05"", ""AD2-D06""]","[""QI-00804""]",28,False,False,5 /m x 1 x 4.95 m x 1.094517912 m = 27.089318317 m; x 10^2/162 = 0.617283951 kg/m -> 16.72180143 kg,PRE-S7.1 11_S7_RELEASE_CANDIDATES.csv QI-00802 (manifest 3a67a8641ce4); 28 local bar strips in 04_S7_BAR_RUNS.csv
S7-0318,QI-00805,CMP-0354,SUP-GF_ROOF_SLAB-079,SUPPORT,SP-GF_ROOF_SLAB-31,SUP-GF_ROOF_SLAB-079,TOP:SUP-GF_ROOF_SLAB-079:SP-GF_ROOF_SLAB-31:X,GF_ROOF_SLAB,TOP_OVER_SUPPORT_EXTENSION,TOP,X,10,5,,1,1.2,6,UNRESOLVED,2.4478355,,0,0.815945167,0.815945167,4.895671,0.617283951,3.022019136,PROJECT_BASIS_QTO,"PROJECT_BASIS_QTO: rate density over the frozen PRE-S7.1 local bar strips; a lower bound of the physical steel (every blocked portion is excluded, not zero); not a bar-by-bar BBS","PROJECT_SOURCE ratio 1/3 (P4-6-NOTE-2-TOP-OVER-BEAMS: 'length one third of the span'); URBAN_OWNER_MEASUREMENT_RULE URBAN_QTO_TOP_OVER_SUPPORT_EXTENT_V1: measured from the support face into the clear span of SP-GF_ROOF_SLAB-31 (note 2 does not state the origin, the span or total-vs-each-side); local L by URBAN_QTO_LOCAL_BAR_LINE_V1","PROJECT_SOURCE: plan note 2 (5Ø10/m top steel over beams, both directions) -> 5 bars/m of Ø10; equivalent count by URBAN_RATE_DENSITY (AD2-D02); PHYSICAL_BBS_COUNT UNRESOLVED",PROJECT_SOURCE: full callout density 1 (no 50 % rule split on this item),0.333333333,P4-6-NOTE-2-TOP-OVER-BEAMS,PROJECT_SOURCE,"CLEAR_SPAN of the panel on each side, along each bar line",URBAN_OWNER_MEASUREMENT_RULE,SUPPORT_FACE (extension into the clear span),URBAN_OWNER_MEASUREMENT_RULE,PROJECT_SOURCE (plan note 2: top steel),"[""P4-6-NOTE-2-TOP-OVER-BEAMS""]","[""URBAN_RATE_DENSITY (AD2-D02: equivalent count = rate x density x width, unrounded)"", ""URBAN_QTO_LOCAL_BAR_LINE_V1 (AD2-D14)"", ""URBAN_QTO_TOP_OVER_SUPPORT_EXTENT_V1""]","[""AD2-D02"", ""AD2-D05"", ""AD2-D06"", ""AD2-D14""]",[],1,False,False,5 /m x 1 x 1.2 m x 0.815945167 m = 4.895671 m; x 10^2/162 = 0.617283951 kg/m -> 3.022019136 kg,PRE-S7.1 11_S7_RELEASE_CANDIDATES.csv QI-00805 (manifest 3a67a8641ce4); 1 local bar strips in 04_S7_BAR_RUNS.csv
S7-0319,QI-00806,CMP-0354,SUP-GF_ROOF_SLAB-079,SUPPORT,SP-GF_ROOF_SLAB-32,SUP-GF_ROOF_SLAB-079,TOP:SUP-GF_ROOF_SLAB-079:SP-GF_ROOF_SLAB-32:X,GF_ROOF_SLAB,TOP_OVER_SUPPORT_EXTENSION,TOP,X,10,5,,1,1.2,6,UNRESOLVED,6.47,,0,2.156666667,2.156666667,12.94,0.617283951,7.987654321,PROJECT_BASIS_QTO,"PROJECT_BASIS_QTO: rate density over the frozen PRE-S7.1 local bar strips; a lower bound of the physical steel (every blocked portion is excluded, not zero); not a bar-by-bar BBS","PROJECT_SOURCE ratio 1/3 (P4-6-NOTE-2-TOP-OVER-BEAMS: 'length one third of the span'); URBAN_OWNER_MEASUREMENT_RULE URBAN_QTO_TOP_OVER_SUPPORT_EXTENT_V1: measured from the support face into the clear span of SP-GF_ROOF_SLAB-32 (note 2 does not state the origin, the span or total-vs-each-side)","PROJECT_SOURCE: plan note 2 (5Ø10/m top steel over beams, both directions) -> 5 bars/m of Ø10; equivalent count by URBAN_RATE_DENSITY (AD2-D02); PHYSICAL_BBS_COUNT UNRESOLVED",PROJECT_SOURCE: full callout density 1 (no 50 % rule split on this item),0.333333333,P4-6-NOTE-2-TOP-OVER-BEAMS,PROJECT_SOURCE,"CLEAR_SPAN of the panel on each side, along each bar line",URBAN_OWNER_MEASUREMENT_RULE,SUPPORT_FACE (extension into the clear span),URBAN_OWNER_MEASUREMENT_RULE,PROJECT_SOURCE (plan note 2: top steel),"[""P4-6-NOTE-2-TOP-OVER-BEAMS""]","[""URBAN_RATE_DENSITY (AD2-D02: equivalent count = rate x density x width, unrounded)"", ""URBAN_QTO_TOP_OVER_SUPPORT_EXTENT_V1""]","[""AD2-D02"", ""AD2-D05"", ""AD2-D06""]",[],1,False,False,5 /m x 1 x 1.2 m x 2.156666667 m = 12.94 m; x 10^2/162 = 0.617283951 kg/m -> 7.987654321 kg,PRE-S7.1 11_S7_RELEASE_CANDIDATES.csv QI-00806 (manifest 3a67a8641ce4); 1 local bar strips in 04_S7_BAR_RUNS.csv
S7-0320,QI-00807,CMP-0354,SUP-GF_ROOF_SLAB-079,SUPPORT,SP-GF_ROOF_SLAB-31|SP-GF_ROOF_SLAB-32,SUP-GF_ROOF_SLAB-079,TOP:SUP-GF_ROOF_SLAB-079:SP-GF_ROOF_SLAB-31|SP-GF_ROOF_SLAB-32:X,GF_ROOF_SLAB,TOP_SUPPORT_CROSSING,TOP,X,10,5,,1,1.2,6,UNRESOLVED,,,0.5,0,,3,0.617283951,1.851851852,PROJECT_BASIS_QTO,"PROJECT_BASIS_QTO: rate density over the frozen PRE-S7.1 local bar strips; a lower bound of the physical steel (every blocked portion is excluded, not zero); not a bar-by-bar BBS","PROJECT_GEOMETRY: over the support between the two panel faces along each bar line (the far face found beyond each strip end, AD2-D15)","PROJECT_SOURCE: plan note 2 (5Ø10/m top steel over beams, both directions) -> 5 bars/m of Ø10; equivalent count by URBAN_RATE_DENSITY (AD2-D02); PHYSICAL_BBS_COUNT UNRESOLVED",PROJECT_SOURCE: full callout density 1 (no 50 % rule split on this item),,,,SUPPORT_GAP (face to face over the support),PROJECT_GEOMETRY,SUPPORT_FACE,PROJECT_GEOMETRY,PROJECT_SOURCE (plan note 2: top steel),"[""P4-6-NOTE-2-TOP-OVER-BEAMS""]","[""URBAN_RATE_DENSITY (AD2-D02: equivalent count = rate x density x width, unrounded)""]","[""AD2-D02"", ""AD2-D05"", ""AD2-D15""]",[],1,False,False,5 /m x 1 x 1.2 m x 0.5 m = 3 m; x 10^2/162 = 0.617283951 kg/m -> 1.851851852 kg,PRE-S7.1 11_S7_RELEASE_CANDIDATES.csv QI-00807 (manifest 3a67a8641ce4); 1 local bar strips in 04_S7_BAR_RUNS.csv
S7-0321,QI-00809,CMP-0355,SUP-1F_ROOF_SLAB-080,SUPPORT,SP-1F_ROOF_SLAB-03,SUP-1F_ROOF_SLAB-080,TOP:SUP-1F_ROOF_SLAB-080:SP-1F_ROOF_SLAB-03:X,1F_ROOF_SLAB,TOP_OVER_SUPPORT_EXTENSION,TOP,X,10,5,,1,4.415341,22.076705,UNRESOLVED,2.152366626,,0,0.717455542,0.717455542,15.83905435,0.617283951,9.777194043,PROJECT_BASIS_QTO,"PROJECT_BASIS_QTO: rate density over the frozen PRE-S7.1 local bar strips; a lower bound of the physical steel (every blocked portion is excluded, not zero); not a bar-by-bar BBS","PROJECT_SOURCE ratio 1/3 (P4-6-NOTE-2-TOP-OVER-BEAMS: 'length one third of the span'); URBAN_OWNER_MEASUREMENT_RULE URBAN_QTO_TOP_OVER_SUPPORT_EXTENT_V1: measured from the support face into the clear span of SP-1F_ROOF_SLAB-03 (note 2 does not state the origin, the span or total-vs-each-side)","PROJECT_SOURCE: plan note 2 (5Ø10/m top steel over beams, both directions) -> 5 bars/m of Ø10; equivalent count by URBAN_RATE_DENSITY (AD2-D02); PHYSICAL_BBS_COUNT UNRESOLVED",PROJECT_SOURCE: full callout density 1 (no 50 % rule split on this item),0.333333333,P4-6-NOTE-2-TOP-OVER-BEAMS,PROJECT_SOURCE,"CLEAR_SPAN of the panel on each side, along each bar line",URBAN_OWNER_MEASUREMENT_RULE,SUPPORT_FACE (extension into the clear span),URBAN_OWNER_MEASUREMENT_RULE,PROJECT_SOURCE (plan note 2: top steel),"[""P4-6-NOTE-2-TOP-OVER-BEAMS""]","[""URBAN_RATE_DENSITY (AD2-D02: equivalent count = rate x density x width, unrounded)"", ""URBAN_QTO_TOP_OVER_SUPPORT_EXTENT_V1""]","[""AD2-D02"", ""AD2-D05"", ""AD2-D06""]","[""QI-00808""]",8,False,False,5 /m x 1 x 4.415341 m x 0.717455542 m = 15.83905435 m; x 10^2/162 = 0.617283951 kg/m -> 9.777194043 kg,PRE-S7.1 11_S7_RELEASE_CANDIDATES.csv QI-00809 (manifest 3a67a8641ce4); 8 local bar strips in 04_S7_BAR_RUNS.csv
S7-0322,QI-00810,CMP-0355,SUP-1F_ROOF_SLAB-080,SUPPORT,SP-1F_ROOF_SLAB-04,SUP-1F_ROOF_SLAB-080,TOP:SUP-1F_ROOF_SLAB-080:SP-1F_ROOF_SLAB-04:X,1F_ROOF_SLAB,TOP_OVER_SUPPORT_EXTENSION,TOP,X,10,5,,1,4.418267,22.091335,UNRESOLVED,2.974104474,,0,0.991368158,0.991368158,21.900646083,0.617283951,13.518917335,PROJECT_BASIS_QTO,"PROJECT_BASIS_QTO: rate density over the frozen PRE-S7.1 local bar strips; a lower bound of the physical steel (every blocked portion is excluded, not zero); not a bar-by-bar BBS","PROJECT_SOURCE ratio 1/3 (P4-6-NOTE-2-TOP-OVER-BEAMS: 'length one third of the span'); URBAN_OWNER_MEASUREMENT_RULE URBAN_QTO_TOP_OVER_SUPPORT_EXTENT_V1: measured from the support face into the clear span of SP-1F_ROOF_SLAB-04 (note 2 does not state the origin, the span or total-vs-each-side)","PROJECT_SOURCE: plan note 2 (5Ø10/m top steel over beams, both directions) -> 5 bars/m of Ø10; equivalent count by URBAN_RATE_DENSITY (AD2-D02); PHYSICAL_BBS_COUNT UNRESOLVED",PROJECT_SOURCE: full callout density 1 (no 50 % rule split on this item),0.333333333,P4-6-NOTE-2-TOP-OVER-BEAMS,PROJECT_SOURCE,"CLEAR_SPAN of the panel on each side, along each bar line",URBAN_OWNER_MEASUREMENT_RULE,SUPPORT_FACE (extension into the clear span),URBAN_OWNER_MEASUREMENT_RULE,PROJECT_SOURCE (plan note 2: top steel),"[""P4-6-NOTE-2-TOP-OVER-BEAMS""]","[""URBAN_RATE_DENSITY (AD2-D02: equivalent count = rate x density x width, unrounded)"", ""URBAN_QTO_TOP_OVER_SUPPORT_EXTENT_V1""]","[""AD2-D02"", ""AD2-D05"", ""AD2-D06""]","[""QI-00808""]",10,False,False,5 /m x 1 x 4.418267 m x 0.991368158 m = 21.900646083 m; x 10^2/162 = 0.617283951 kg/m -> 13.518917335 kg,PRE-S7.1 11_S7_RELEASE_CANDIDATES.csv QI-00810 (manifest 3a67a8641ce4); 10 local bar strips in 04_S7_BAR_RUNS.csv
S7-0323,QI-00811,CMP-0355,SUP-1F_ROOF_SLAB-080,SUPPORT,SP-1F_ROOF_SLAB-03|SP-1F_ROOF_SLAB-04,SUP-1F_ROOF_SLAB-080,TOP:SUP-1F_ROOF_SLAB-080:SP-1F_ROOF_SLAB-03|SP-1F_ROOF_SLAB-04:X,1F_ROOF_SLAB,TOP_SUPPORT_CROSSING,TOP,X,10,5,,1,4.415341,22.076705,UNRESOLVED,,,0.2,0,,4.415341,0.617283951,2.725519136,PROJECT_BASIS_QTO,"PROJECT_BASIS_QTO: rate density over the frozen PRE-S7.1 local bar strips; a lower bound of the physical steel (every blocked portion is excluded, not zero); not a bar-by-bar BBS","PROJECT_GEOMETRY: over the support between the two panel faces along each bar line (the far face found beyond each strip end, AD2-D15)","PROJECT_SOURCE: plan note 2 (5Ø10/m top steel over beams, both directions) -> 5 bars/m of Ø10; equivalent count by URBAN_RATE_DENSITY (AD2-D02); PHYSICAL_BBS_COUNT UNRESOLVED",PROJECT_SOURCE: full callout density 1 (no 50 % rule split on this item),,,,SUPPORT_GAP (face to face over the support),PROJECT_GEOMETRY,SUPPORT_FACE,PROJECT_GEOMETRY,PROJECT_SOURCE (plan note 2: top steel),"[""P4-6-NOTE-2-TOP-OVER-BEAMS""]","[""URBAN_RATE_DENSITY (AD2-D02: equivalent count = rate x density x width, unrounded)""]","[""AD2-D02"", ""AD2-D05"", ""AD2-D15""]","[""QI-00808""]",8,False,False,5 /m x 1 x 4.415341 m x 0.2 m = 4.415341 m; x 10^2/162 = 0.617283951 kg/m -> 2.725519136 kg,PRE-S7.1 11_S7_RELEASE_CANDIDATES.csv QI-00811 (manifest 3a67a8641ce4); 8 local bar strips in 04_S7_BAR_RUNS.csv
S7-0324,QI-00812,CMP-0356,SUP-1F_ROOF_SLAB-081,SUPPORT,SP-1F_ROOF_SLAB-09,SUP-1F_ROOF_SLAB-081,TOP:SUP-1F_ROOF_SLAB-081:SP-1F_ROOF_SLAB-09:X,1F_ROOF_SLAB,TOP_OVER_SUPPORT_EXTENSION,TOP,X,10,5,,1,1.631733,8.158665,UNRESOLVED,1.597817,,0,0.532605667,0.532605667,4.345351211,0.617283951,2.682315563,PROJECT_BASIS_QTO,"PROJECT_BASIS_QTO: rate density over the frozen PRE-S7.1 local bar strips; a lower bound of the physical steel (every blocked portion is excluded, not zero); not a bar-by-bar BBS","PROJECT_SOURCE ratio 1/3 (P4-6-NOTE-2-TOP-OVER-BEAMS: 'length one third of the span'); URBAN_OWNER_MEASUREMENT_RULE URBAN_QTO_TOP_OVER_SUPPORT_EXTENT_V1: measured from the support face into the clear span of SP-1F_ROOF_SLAB-09 (note 2 does not state the origin, the span or total-vs-each-side); local L by URBAN_QTO_LOCAL_BAR_LINE_V1","PROJECT_SOURCE: plan note 2 (5Ø10/m top steel over beams, both directions) -> 5 bars/m of Ø10; equivalent count by URBAN_RATE_DENSITY (AD2-D02); PHYSICAL_BBS_COUNT UNRESOLVED",PROJECT_SOURCE: full callout density 1 (no 50 % rule split on this item),0.333333333,P4-6-NOTE-2-TOP-OVER-BEAMS,PROJECT_SOURCE,"CLEAR_SPAN of the panel on each side, along each bar line",URBAN_OWNER_MEASUREMENT_RULE,SUPPORT_FACE (extension into the clear span),URBAN_OWNER_MEASUREMENT_RULE,PROJECT_SOURCE (plan note 2: top steel),"[""P4-6-NOTE-2-TOP-OVER-BEAMS""]","[""URBAN_RATE_DENSITY (AD2-D02: equivalent count = rate x density x width, unrounded)"", ""URBAN_QTO_LOCAL_BAR_LINE_V1 (AD2-D14)"", ""URBAN_QTO_TOP_OVER_SUPPORT_EXTENT_V1""]","[""AD2-D02"", ""AD2-D05"", ""AD2-D06"", ""AD2-D14""]","[""QI-00815""]",14,False,False,5 /m x 1 x 1.631733 m x 0.532605667 m = 4.345351211 m; x 10^2/162 = 0.617283951 kg/m -> 2.682315563 kg,PRE-S7.1 11_S7_RELEASE_CANDIDATES.csv QI-00812 (manifest 3a67a8641ce4); 14 local bar strips in 04_S7_BAR_RUNS.csv
S7-0325,QI-00813,CMP-0356,SUP-1F_ROOF_SLAB-081,SUPPORT,SP-1F_ROOF_SLAB-12,SUP-1F_ROOF_SLAB-081,TOP:SUP-1F_ROOF_SLAB-081:SP-1F_ROOF_SLAB-12:X,1F_ROOF_SLAB,TOP_OVER_SUPPORT_EXTENSION,TOP,X,10,5,,1,1.607496,8.03748,UNRESOLVED,2.621970195,,0,0.873990065,0.873990065,7.024677667,0.617283951,4.336220782,PROJECT_BASIS_QTO,"PROJECT_BASIS_QTO: rate density over the frozen PRE-S7.1 local bar strips; a lower bound of the physical steel (every blocked portion is excluded, not zero); not a bar-by-bar BBS","PROJECT_SOURCE ratio 1/3 (P4-6-NOTE-2-TOP-OVER-BEAMS: 'length one third of the span'); URBAN_OWNER_MEASUREMENT_RULE URBAN_QTO_TOP_OVER_SUPPORT_EXTENT_V1: measured from the support face into the clear span of SP-1F_ROOF_SLAB-12 (note 2 does not state the origin, the span or total-vs-each-side); local L by URBAN_QTO_LOCAL_BAR_LINE_V1","PROJECT_SOURCE: plan note 2 (5Ø10/m top steel over beams, both directions) -> 5 bars/m of Ø10; equivalent count by URBAN_RATE_DENSITY (AD2-D02); PHYSICAL_BBS_COUNT UNRESOLVED",PROJECT_SOURCE: full callout density 1 (no 50 % rule split on this item),0.333333333,P4-6-NOTE-2-TOP-OVER-BEAMS,PROJECT_SOURCE,"CLEAR_SPAN of the panel on each side, along each bar line",URBAN_OWNER_MEASUREMENT_RULE,SUPPORT_FACE (extension into the clear span),URBAN_OWNER_MEASUREMENT_RULE,PROJECT_SOURCE (plan note 2: top steel),"[""P4-6-NOTE-2-TOP-OVER-BEAMS""]","[""URBAN_RATE_DENSITY (AD2-D02: equivalent count = rate x density x width, unrounded)"", ""URBAN_QTO_LOCAL_BAR_LINE_V1 (AD2-D14)"", ""URBAN_QTO_TOP_OVER_SUPPORT_EXTENT_V1""]","[""AD2-D02"", ""AD2-D05"", ""AD2-D06"", ""AD2-D14""]","[""QI-00815""]",3,False,False,5 /m x 1 x 1.607496 m x 0.873990065 m = 7.024677667 m; x 10^2/162 = 0.617283951 kg/m -> 4.336220782 kg,PRE-S7.1 11_S7_RELEASE_CANDIDATES.csv QI-00813 (manifest 3a67a8641ce4); 3 local bar strips in 04_S7_BAR_RUNS.csv
S7-0326,QI-00814,CMP-0356,SUP-1F_ROOF_SLAB-081,SUPPORT,SP-1F_ROOF_SLAB-09|SP-1F_ROOF_SLAB-12,SUP-1F_ROOF_SLAB-081,TOP:SUP-1F_ROOF_SLAB-081:SP-1F_ROOF_SLAB-09|SP-1F_ROOF_SLAB-12:X,1F_ROOF_SLAB,TOP_SUPPORT_CROSSING,TOP,X,10,5,,1,1.607496,8.03748,UNRESOLVED,,,0.2,0,,1.607496,0.617283951,0.992281481,PROJECT_BASIS_QTO,"PROJECT_BASIS_QTO: rate density over the frozen PRE-S7.1 local bar strips; a lower bound of the physical steel (every blocked portion is excluded, not zero); not a bar-by-bar BBS","PROJECT_GEOMETRY: over the support between the two panel faces along each bar line (the far face found beyond each strip end, AD2-D15)","PROJECT_SOURCE: plan note 2 (5Ø10/m top steel over beams, both directions) -> 5 bars/m of Ø10; equivalent count by URBAN_RATE_DENSITY (AD2-D02); PHYSICAL_BBS_COUNT UNRESOLVED",PROJECT_SOURCE: full callout density 1 (no 50 % rule split on this item),,,,SUPPORT_GAP (face to face over the support),PROJECT_GEOMETRY,SUPPORT_FACE,PROJECT_GEOMETRY,PROJECT_SOURCE (plan note 2: top steel),"[""P4-6-NOTE-2-TOP-OVER-BEAMS""]","[""URBAN_RATE_DENSITY (AD2-D02: equivalent count = rate x density x width, unrounded)""]","[""AD2-D02"", ""AD2-D05"", ""AD2-D15""]","[""QI-00815""]",13,False,False,5 /m x 1 x 1.607496 m x 0.2 m = 1.607496 m; x 10^2/162 = 0.617283951 kg/m -> 0.992281481 kg,PRE-S7.1 11_S7_RELEASE_CANDIDATES.csv QI-00814 (manifest 3a67a8641ce4); 13 local bar strips in 04_S7_BAR_RUNS.csv
S7-0327,QI-00816,CMP-0357,SUP-GF_ROOF_SLAB-082,SUPPORT,SP-GF_ROOF_SLAB-12,SUP-GF_ROOF_SLAB-082,TOP:SUP-GF_ROOF_SLAB-082:SP-GF_ROOF_SLAB-12:X,GF_ROOF_SLAB,TOP_OVER_SUPPORT_EXTENSION,TOP,X,10,5,,1,0.6,3,UNRESOLVED,1.990704,,0,0.663568,0.663568,1.990704,0.617283951,1.22882963,PROJECT_BASIS_QTO,"PROJECT_BASIS_QTO: rate density over the frozen PRE-S7.1 local bar strips; a lower bound of the physical steel (every blocked portion is excluded, not zero); not a bar-by-bar BBS","PROJECT_SOURCE ratio 1/3 (P4-6-NOTE-2-TOP-OVER-BEAMS: 'length one third of the span'); URBAN_OWNER_MEASUREMENT_RULE URBAN_QTO_TOP_OVER_SUPPORT_EXTENT_V1: measured from the support face into the clear span of SP-GF_ROOF_SLAB-12 (note 2 does not state the origin, the span or total-vs-each-side); local L by URBAN_QTO_LOCAL_BAR_LINE_V1","PROJECT_SOURCE: plan note 2 (5Ø10/m top steel over beams, both directions) -> 5 bars/m of Ø10; equivalent count by URBAN_RATE_DENSITY (AD2-D02); PHYSICAL_BBS_COUNT UNRESOLVED",PROJECT_SOURCE: full callout density 1 (no 50 % rule split on this item),0.333333333,P4-6-NOTE-2-TOP-OVER-BEAMS,PROJECT_SOURCE,"CLEAR_SPAN of the panel on each side, along each bar line",URBAN_OWNER_MEASUREMENT_RULE,SUPPORT_FACE (extension into the clear span),URBAN_OWNER_MEASUREMENT_RULE,PROJECT_SOURCE (plan note 2: top steel),"[""P4-6-NOTE-2-TOP-OVER-BEAMS""]","[""URBAN_RATE_DENSITY (AD2-D02: equivalent count = rate x density x width, unrounded)"", ""URBAN_QTO_LOCAL_BAR_LINE_V1 (AD2-D14)"", ""URBAN_QTO_TOP_OVER_SUPPORT_EXTENT_V1""]","[""AD2-D02"", ""AD2-D05"", ""AD2-D06"", ""AD2-D14""]","[""QI-00818"", ""QI-00819""]",1,True,False,5 /m x 1 x 0.6 m x 0.663568 m = 1.990704 m; x 10^2/162 = 0.617283951 kg/m -> 1.22882963 kg,PRE-S7.1 11_S7_RELEASE_CANDIDATES.csv QI-00816 (manifest 3a67a8641ce4); 1 local bar strips in 04_S7_BAR_RUNS.csv
S7-0328,QI-00817,CMP-0357,SUP-GF_ROOF_SLAB-082,SUPPORT,SP-GF_ROOF_SLAB-23,SUP-GF_ROOF_SLAB-082,TOP:SUP-GF_ROOF_SLAB-082:SP-GF_ROOF_SLAB-23:X,GF_ROOF_SLAB,TOP_OVER_SUPPORT_EXTENSION,TOP,X,10,5,,1,0.6,3,UNRESOLVED,0.957844416,,0,0.319281472,0.319281472,0.957844416,0.617283951,0.591261985,PROJECT_BASIS_QTO,"PROJECT_BASIS_QTO: rate density over the frozen PRE-S7.1 local bar strips; a lower bound of the physical steel (every blocked portion is excluded, not zero); not a bar-by-bar BBS","PROJECT_SOURCE ratio 1/3 (P4-6-NOTE-2-TOP-OVER-BEAMS: 'length one third of the span'); URBAN_OWNER_MEASUREMENT_RULE URBAN_QTO_TOP_OVER_SUPPORT_EXTENT_V1: measured from the support face into the clear span of SP-GF_ROOF_SLAB-23 (note 2 does not state the origin, the span or total-vs-each-side); local L by URBAN_QTO_LOCAL_BAR_LINE_V1","PROJECT_SOURCE: plan note 2 (5Ø10/m top steel over beams, both directions) -> 5 bars/m of Ø10; equivalent count by URBAN_RATE_DENSITY (AD2-D02); PHYSICAL_BBS_COUNT UNRESOLVED",PROJECT_SOURCE: full callout density 1 (no 50 % rule split on this item),0.333333333,P4-6-NOTE-2-TOP-OVER-BEAMS,PROJECT_SOURCE,"CLEAR_SPAN of the panel on each side, along each bar line",URBAN_OWNER_MEASUREMENT_RULE,SUPPORT_FACE (extension into the clear span),URBAN_OWNER_MEASUREMENT_RULE,PROJECT_SOURCE (plan note 2: top steel),"[""P4-6-NOTE-2-TOP-OVER-BEAMS""]","[""URBAN_RATE_DENSITY (AD2-D02: equivalent count = rate x density x width, unrounded)"", ""URBAN_QTO_LOCAL_BAR_LINE_V1 (AD2-D14)"", ""URBAN_QTO_TOP_OVER_SUPPORT_EXTENT_V1""]","[""AD2-D02"", ""AD2-D05"", ""AD2-D06"", ""AD2-D14""]","[""QI-00818"", ""QI-00819""]",1,False,False,5 /m x 1 x 0.6 m x 0.319281472 m = 0.957844416 m; x 10^2/162 = 0.617283951 kg/m -> 0.591261985 kg,PRE-S7.1 11_S7_RELEASE_CANDIDATES.csv QI-00817 (manifest 3a67a8641ce4); 1 local bar strips in 04_S7_BAR_RUNS.csv
S7-0329,QI-00821,CMP-0358,SUP-GF_ROOF_SLAB-083,SUPPORT,SP-GF_ROOF_SLAB-22,SUP-GF_ROOF_SLAB-083,TOP:SUP-GF_ROOF_SLAB-083:SP-GF_ROOF_SLAB-22:X,GF_ROOF_SLAB,TOP_OVER_SUPPORT_EXTENSION,TOP,X,10,5,,1,5.15,25.75,UNRESOLVED,2.933668,,0,0.977889333,0.977889333,25.180650333,0.617283951,15.543611317,PROJECT_BASIS_QTO,"PROJECT_BASIS_QTO: rate density over the frozen PRE-S7.1 local bar strips; a lower bound of the physical steel (every blocked portion is excluded, not zero); not a bar-by-bar BBS","PROJECT_SOURCE ratio 1/3 (P4-6-NOTE-2-TOP-OVER-BEAMS: 'length one third of the span'); URBAN_OWNER_MEASUREMENT_RULE URBAN_QTO_TOP_OVER_SUPPORT_EXTENT_V1: measured from the support face into the clear span of SP-GF_ROOF_SLAB-22 (note 2 does not state the origin, the span or total-vs-each-side); local L by URBAN_QTO_LOCAL_BAR_LINE_V1","PROJECT_SOURCE: plan note 2 (5Ø10/m top steel over beams, both directions) -> 5 bars/m of Ø10; equivalent count by URBAN_RATE_DENSITY (AD2-D02); PHYSICAL_BBS_COUNT UNRESOLVED",PROJECT_SOURCE: full callout density 1 (no 50 % rule split on this item),0.333333333,P4-6-NOTE-2-TOP-OVER-BEAMS,PROJECT_SOURCE,"CLEAR_SPAN of the panel on each side, along each bar line",URBAN_OWNER_MEASUREMENT_RULE,SUPPORT_FACE (extension into the clear span),URBAN_OWNER_MEASUREMENT_RULE,PROJECT_SOURCE (plan note 2: top steel),"[""P4-6-NOTE-2-TOP-OVER-BEAMS""]","[""URBAN_RATE_DENSITY (AD2-D02: equivalent count = rate x density x width, unrounded)"", ""URBAN_QTO_LOCAL_BAR_LINE_V1 (AD2-D14)"", ""URBAN_QTO_TOP_OVER_SUPPORT_EXTENT_V1""]","[""AD2-D02"", ""AD2-D05"", ""AD2-D06"", ""AD2-D14""]","[""QI-00820""]",27,False,False,5 /m x 1 x 5.15 m x 0.977889333 m = 25.180650333 m; x 10^2/162 = 0.617283951 kg/m -> 15.543611317 kg,PRE-S7.1 11_S7_RELEASE_CANDIDATES.csv QI-00821 (manifest 3a67a8641ce4); 27 local bar strips in 04_S7_BAR_RUNS.csv
S7-0330,QI-00822,CMP-0358,SUP-GF_ROOF_SLAB-083,SUPPORT,SP-GF_ROOF_SLAB-23,SUP-GF_ROOF_SLAB-083,TOP:SUP-GF_ROOF_SLAB-083:SP-GF_ROOF_SLAB-23:X,GF_ROOF_SLAB,TOP_OVER_SUPPORT_EXTENSION,TOP,X,10,5,,1,5.65,28.25,UNRESOLVED,1.040112441,,0,0.346704147,0.346704147,9.794392151,0.617283951,6.045921081,PROJECT_BASIS_QTO,"PROJECT_BASIS_QTO: rate density over the frozen PRE-S7.1 local bar strips; a lower bound of the physical steel (every blocked portion is excluded, not zero); not a bar-by-bar BBS","PROJECT_SOURCE ratio 1/3 (P4-6-NOTE-2-TOP-OVER-BEAMS: 'length one third of the span'); URBAN_OWNER_MEASUREMENT_RULE URBAN_QTO_TOP_OVER_SUPPORT_EXTENT_V1: measured from the support face into the clear span of SP-GF_ROOF_SLAB-23 (note 2 does not state the origin, the span or total-vs-each-side); local L by URBAN_QTO_LOCAL_BAR_LINE_V1","PROJECT_SOURCE: plan note 2 (5Ø10/m top steel over beams, both directions) -> 5 bars/m of Ø10; equivalent count by URBAN_RATE_DENSITY (AD2-D02); PHYSICAL_BBS_COUNT UNRESOLVED",PROJECT_SOURCE: full callout density 1 (no 50 % rule split on this item),0.333333333,P4-6-NOTE-2-TOP-OVER-BEAMS,PROJECT_SOURCE,"CLEAR_SPAN of the panel on each side, along each bar line",URBAN_OWNER_MEASUREMENT_RULE,SUPPORT_FACE (extension into the clear span),URBAN_OWNER_MEASUREMENT_RULE,PROJECT_SOURCE (plan note 2: top steel),"[""P4-6-NOTE-2-TOP-OVER-BEAMS""]","[""URBAN_RATE_DENSITY (AD2-D02: equivalent count = rate x density x width, unrounded)"", ""URBAN_QTO_LOCAL_BAR_LINE_V1 (AD2-D14)"", ""URBAN_QTO_TOP_OVER_SUPPORT_EXTENT_V1""]","[""AD2-D02"", ""AD2-D05"", ""AD2-D06"", ""AD2-D14""]","[""QI-00820""]",25,False,False,5 /m x 1 x 5.65 m x 0.346704147 m = 9.794392151 m; x 10^2/162 = 0.617283951 kg/m -> 6.045921081 kg,PRE-S7.1 11_S7_RELEASE_CANDIDATES.csv QI-00822 (manifest 3a67a8641ce4); 25 local bar strips in 04_S7_BAR_RUNS.csv
S7-0331,QI-00823,CMP-0358,SUP-GF_ROOF_SLAB-083,SUPPORT,SP-GF_ROOF_SLAB-22|SP-GF_ROOF_SLAB-23,SUP-GF_ROOF_SLAB-083,TOP:SUP-GF_ROOF_SLAB-083:SP-GF_ROOF_SLAB-22|SP-GF_ROOF_SLAB-23:X,GF_ROOF_SLAB,TOP_SUPPORT_CROSSING,TOP,X,10,5,,1,5.15,25.75,UNRESOLVED,,,0.650915819,0,,16.761082334,0.617283951,10.34634712,PROJECT_BASIS_QTO,"PROJECT_BASIS_QTO: rate density over the frozen PRE-S7.1 local bar strips; a lower bound of the physical steel (every blocked portion is excluded, not zero); not a bar-by-bar BBS","PROJECT_GEOMETRY: over the support between the two panel faces along each bar line (the far face found beyond each strip end, AD2-D15)","PROJECT_SOURCE: plan note 2 (5Ø10/m top steel over beams, both directions) -> 5 bars/m of Ø10; equivalent count by URBAN_RATE_DENSITY (AD2-D02); PHYSICAL_BBS_COUNT UNRESOLVED",PROJECT_SOURCE: full callout density 1 (no 50 % rule split on this item),,,,SUPPORT_GAP (face to face over the support),PROJECT_GEOMETRY,SUPPORT_FACE,PROJECT_GEOMETRY,PROJECT_SOURCE (plan note 2: top steel),"[""P4-6-NOTE-2-TOP-OVER-BEAMS""]","[""URBAN_RATE_DENSITY (AD2-D02: equivalent count = rate x density x width, unrounded)""]","[""AD2-D02"", ""AD2-D05"", ""AD2-D15""]","[""QI-00820""]",27,False,False,5 /m x 1 x 5.15 m x 0.650915819 m = 16.761082334 m; x 10^2/162 = 0.617283951 kg/m -> 10.34634712 kg,PRE-S7.1 11_S7_RELEASE_CANDIDATES.csv QI-00823 (manifest 3a67a8641ce4); 27 local bar strips in 04_S7_BAR_RUNS.csv
S7-0332,QI-00824,CMP-0359,SUP-GF_ROOF_SLAB-084,SUPPORT,SP-GF_ROOF_SLAB-23,SUP-GF_ROOF_SLAB-084,TOP:SUP-GF_ROOF_SLAB-084:SP-GF_ROOF_SLAB-23:X,GF_ROOF_SLAB,TOP_OVER_SUPPORT_EXTENSION,TOP,X,10,5,,1,1.2,6,UNRESOLVED,1.126499362,,0,0.375499787,0.375499787,2.252998725,0.617283951,1.390739954,PROJECT_BASIS_QTO,"PROJECT_BASIS_QTO: rate density over the frozen PRE-S7.1 local bar strips; a lower bound of the physical steel (every blocked portion is excluded, not zero); not a bar-by-bar BBS","PROJECT_SOURCE ratio 1/3 (P4-6-NOTE-2-TOP-OVER-BEAMS: 'length one third of the span'); URBAN_OWNER_MEASUREMENT_RULE URBAN_QTO_TOP_OVER_SUPPORT_EXTENT_V1: measured from the support face into the clear span of SP-GF_ROOF_SLAB-23 (note 2 does not state the origin, the span or total-vs-each-side); local L by URBAN_QTO_LOCAL_BAR_LINE_V1","PROJECT_SOURCE: plan note 2 (5Ø10/m top steel over beams, both directions) -> 5 bars/m of Ø10; equivalent count by URBAN_RATE_DENSITY (AD2-D02); PHYSICAL_BBS_COUNT UNRESOLVED",PROJECT_SOURCE: full callout density 1 (no 50 % rule split on this item),0.333333333,P4-6-NOTE-2-TOP-OVER-BEAMS,PROJECT_SOURCE,"CLEAR_SPAN of the panel on each side, along each bar line",URBAN_OWNER_MEASUREMENT_RULE,SUPPORT_FACE (extension into the clear span),URBAN_OWNER_MEASUREMENT_RULE,PROJECT_SOURCE (plan note 2: top steel),"[""P4-6-NOTE-2-TOP-OVER-BEAMS""]","[""URBAN_RATE_DENSITY (AD2-D02: equivalent count = rate x density x width, unrounded)"", ""URBAN_QTO_LOCAL_BAR_LINE_V1 (AD2-D14)"", ""URBAN_QTO_TOP_OVER_SUPPORT_EXTENT_V1""]","[""AD2-D02"", ""AD2-D05"", ""AD2-D06"", ""AD2-D14""]",[],1,False,False,5 /m x 1 x 1.2 m x 0.375499787 m = 2.252998725 m; x 10^2/162 = 0.617283951 kg/m -> 1.390739954 kg,PRE-S7.1 11_S7_RELEASE_CANDIDATES.csv QI-00824 (manifest 3a67a8641ce4); 1 local bar strips in 04_S7_BAR_RUNS.csv
S7-0333,QI-00825,CMP-0359,SUP-GF_ROOF_SLAB-084,SUPPORT,SP-GF_ROOF_SLAB-33,SUP-GF_ROOF_SLAB-084,TOP:SUP-GF_ROOF_SLAB-084:SP-GF_ROOF_SLAB-33:X,GF_ROOF_SLAB,TOP_OVER_SUPPORT_EXTENSION,TOP,X,10,5,,1,1.2,6,UNRESOLVED,3.573173,,0,1.191057667,1.191057667,7.146346,0.617283951,4.411324691,PROJECT_BASIS_QTO,"PROJECT_BASIS_QTO: rate density over the frozen PRE-S7.1 local bar strips; a lower bound of the physical steel (every blocked portion is excluded, not zero); not a bar-by-bar BBS","PROJECT_SOURCE ratio 1/3 (P4-6-NOTE-2-TOP-OVER-BEAMS: 'length one third of the span'); URBAN_OWNER_MEASUREMENT_RULE URBAN_QTO_TOP_OVER_SUPPORT_EXTENT_V1: measured from the support face into the clear span of SP-GF_ROOF_SLAB-33 (note 2 does not state the origin, the span or total-vs-each-side)","PROJECT_SOURCE: plan note 2 (5Ø10/m top steel over beams, both directions) -> 5 bars/m of Ø10; equivalent count by URBAN_RATE_DENSITY (AD2-D02); PHYSICAL_BBS_COUNT UNRESOLVED",PROJECT_SOURCE: full callout density 1 (no 50 % rule split on this item),0.333333333,P4-6-NOTE-2-TOP-OVER-BEAMS,PROJECT_SOURCE,"CLEAR_SPAN of the panel on each side, along each bar line",URBAN_OWNER_MEASUREMENT_RULE,SUPPORT_FACE (extension into the clear span),URBAN_OWNER_MEASUREMENT_RULE,PROJECT_SOURCE (plan note 2: top steel),"[""P4-6-NOTE-2-TOP-OVER-BEAMS""]","[""URBAN_RATE_DENSITY (AD2-D02: equivalent count = rate x density x width, unrounded)"", ""URBAN_QTO_TOP_OVER_SUPPORT_EXTENT_V1""]","[""AD2-D02"", ""AD2-D05"", ""AD2-D06""]",[],1,False,False,5 /m x 1 x 1.2 m x 1.191057667 m = 7.146346 m; x 10^2/162 = 0.617283951 kg/m -> 4.411324691 kg,PRE-S7.1 11_S7_RELEASE_CANDIDATES.csv QI-00825 (manifest 3a67a8641ce4); 1 local bar strips in 04_S7_BAR_RUNS.csv
S7-0334,QI-00826,CMP-0359,SUP-GF_ROOF_SLAB-084,SUPPORT,SP-GF_ROOF_SLAB-23|SP-GF_ROOF_SLAB-33,SUP-GF_ROOF_SLAB-084,TOP:SUP-GF_ROOF_SLAB-084:SP-GF_ROOF_SLAB-23|SP-GF_ROOF_SLAB-33:X,GF_ROOF_SLAB,TOP_SUPPORT_CROSSING,TOP,X,10,5,,1,1.2,6,UNRESOLVED,,,0.650327638,0,,3.901965826,0.617283951,2.40862088,PROJECT_BASIS_QTO,"PROJECT_BASIS_QTO: rate density over the frozen PRE-S7.1 local bar strips; a lower bound of the physical steel (every blocked portion is excluded, not zero); not a bar-by-bar BBS","PROJECT_GEOMETRY: over the support between the two panel faces along each bar line (the far face found beyond each strip end, AD2-D15)","PROJECT_SOURCE: plan note 2 (5Ø10/m top steel over beams, both directions) -> 5 bars/m of Ø10; equivalent count by URBAN_RATE_DENSITY (AD2-D02); PHYSICAL_BBS_COUNT UNRESOLVED",PROJECT_SOURCE: full callout density 1 (no 50 % rule split on this item),,,,SUPPORT_GAP (face to face over the support),PROJECT_GEOMETRY,SUPPORT_FACE,PROJECT_GEOMETRY,PROJECT_SOURCE (plan note 2: top steel),"[""P4-6-NOTE-2-TOP-OVER-BEAMS""]","[""URBAN_RATE_DENSITY (AD2-D02: equivalent count = rate x density x width, unrounded)""]","[""AD2-D02"", ""AD2-D05"", ""AD2-D15""]",[],1,False,False,5 /m x 1 x 1.2 m x 0.650327638 m = 3.901965826 m; x 10^2/162 = 0.617283951 kg/m -> 2.40862088 kg,PRE-S7.1 11_S7_RELEASE_CANDIDATES.csv QI-00826 (manifest 3a67a8641ce4); 1 local bar strips in 04_S7_BAR_RUNS.csv
S7-0335,QI-00828,CMP-0361,SUP-1F_ROOF_SLAB-086,SUPPORT,SP-1F_ROOF_SLAB-02,SUP-1F_ROOF_SLAB-086,TOP:SUP-1F_ROOF_SLAB-086:SP-1F_ROOF_SLAB-02:X,1F_ROOF_SLAB,TOP_OVER_SUPPORT_EXTENSION,TOP,X,10,5,,1,3,15,UNRESOLVED,1.8,,0,0.6,0.6,9,0.617283951,5.555555556,PROJECT_BASIS_QTO,"PROJECT_BASIS_QTO: rate density over the frozen PRE-S7.1 local bar strips; a lower bound of the physical steel (every blocked portion is excluded, not zero); not a bar-by-bar BBS","PROJECT_SOURCE ratio 1/3 (P4-6-NOTE-2-TOP-OVER-BEAMS: 'length one third of the span'); URBAN_OWNER_MEASUREMENT_RULE URBAN_QTO_TOP_OVER_SUPPORT_EXTENT_V1: measured from the support face into the clear span of SP-1F_ROOF_SLAB-02 (note 2 does not state the origin, the span or total-vs-each-side)","PROJECT_SOURCE: plan note 2 (5Ø10/m top steel over beams, both directions) -> 5 bars/m of Ø10; equivalent count by URBAN_RATE_DENSITY (AD2-D02); PHYSICAL_BBS_COUNT UNRESOLVED",PROJECT_SOURCE: full callout density 1 (no 50 % rule split on this item),0.333333333,P4-6-NOTE-2-TOP-OVER-BEAMS,PROJECT_SOURCE,"CLEAR_SPAN of the panel on each side, along each bar line",URBAN_OWNER_MEASUREMENT_RULE,SUPPORT_FACE (extension into the clear span),URBAN_OWNER_MEASUREMENT_RULE,PROJECT_SOURCE (plan note 2: top steel),"[""P4-6-NOTE-2-TOP-OVER-BEAMS""]","[""URBAN_RATE_DENSITY (AD2-D02: equivalent count = rate x density x width, unrounded)"", ""URBAN_QTO_TOP_OVER_SUPPORT_EXTENT_V1""]","[""AD2-D02"", ""AD2-D05"", ""AD2-D06""]","[""QI-00830"", ""QI-00831""]",4,True,False,5 /m x 1 x 3 m x 0.6 m = 9 m; x 10^2/162 = 0.617283951 kg/m -> 5.555555556 kg,PRE-S7.1 11_S7_RELEASE_CANDIDATES.csv QI-00828 (manifest 3a67a8641ce4); 4 local bar strips in 04_S7_BAR_RUNS.csv
S7-0336,QI-00829,CMP-0361,SUP-1F_ROOF_SLAB-086,SUPPORT,SP-1F_ROOF_SLAB-04,SUP-1F_ROOF_SLAB-086,TOP:SUP-1F_ROOF_SLAB-086:SP-1F_ROOF_SLAB-04:X,1F_ROOF_SLAB,TOP_OVER_SUPPORT_EXTENSION,TOP,X,10,5,,1,3,15,UNRESOLVED,2.9745,,0,0.9915,0.9915,14.8725,0.617283951,9.180555556,PROJECT_BASIS_QTO,"PROJECT_BASIS_QTO: rate density over the frozen PRE-S7.1 local bar strips; a lower bound of the physical steel (every blocked portion is excluded, not zero); not a bar-by-bar BBS","PROJECT_SOURCE ratio 1/3 (P4-6-NOTE-2-TOP-OVER-BEAMS: 'length one third of the span'); URBAN_OWNER_MEASUREMENT_RULE URBAN_QTO_TOP_OVER_SUPPORT_EXTENT_V1: measured from the support face into the clear span of SP-1F_ROOF_SLAB-04 (note 2 does not state the origin, the span or total-vs-each-side)","PROJECT_SOURCE: plan note 2 (5Ø10/m top steel over beams, both directions) -> 5 bars/m of Ø10; equivalent count by URBAN_RATE_DENSITY (AD2-D02); PHYSICAL_BBS_COUNT UNRESOLVED",PROJECT_SOURCE: full callout density 1 (no 50 % rule split on this item),0.333333333,P4-6-NOTE-2-TOP-OVER-BEAMS,PROJECT_SOURCE,"CLEAR_SPAN of the panel on each side, along each bar line",URBAN_OWNER_MEASUREMENT_RULE,SUPPORT_FACE (extension into the clear span),URBAN_OWNER_MEASUREMENT_RULE,PROJECT_SOURCE (plan note 2: top steel),"[""P4-6-NOTE-2-TOP-OVER-BEAMS""]","[""URBAN_RATE_DENSITY (AD2-D02: equivalent count = rate x density x width, unrounded)"", ""URBAN_QTO_TOP_OVER_SUPPORT_EXTENT_V1""]","[""AD2-D02"", ""AD2-D05"", ""AD2-D06""]","[""QI-00830"", ""QI-00831""]",3,False,False,5 /m x 1 x 3 m x 0.9915 m = 14.8725 m; x 10^2/162 = 0.617283951 kg/m -> 9.180555556 kg,PRE-S7.1 11_S7_RELEASE_CANDIDATES.csv QI-00829 (manifest 3a67a8641ce4); 3 local bar strips in 04_S7_BAR_RUNS.csv
S7-0337,QI-00832,CMP-0362,SUP-1F_ROOF_SLAB-087,SUPPORT,SP-1F_ROOF_SLAB-04,SUP-1F_ROOF_SLAB-087,TOP:SUP-1F_ROOF_SLAB-087:SP-1F_ROOF_SLAB-04:X,1F_ROOF_SLAB,TOP_OVER_SUPPORT_EXTENSION,TOP,X,10,5,,1,1.797073,8.985365,UNRESOLVED,2.689963193,,0,0.896654398,0.896654398,8.056767042,0.617283951,4.973312989,PROJECT_BASIS_QTO,"PROJECT_BASIS_QTO: rate density over the frozen PRE-S7.1 local bar strips; a lower bound of the physical steel (every blocked portion is excluded, not zero); not a bar-by-bar BBS","PROJECT_SOURCE ratio 1/3 (P4-6-NOTE-2-TOP-OVER-BEAMS: 'length one third of the span'); URBAN_OWNER_MEASUREMENT_RULE URBAN_QTO_TOP_OVER_SUPPORT_EXTENT_V1: measured from the support face into the clear span of SP-1F_ROOF_SLAB-04 (note 2 does not state the origin, the span or total-vs-each-side)","PROJECT_SOURCE: plan note 2 (5Ø10/m top steel over beams, both directions) -> 5 bars/m of Ø10; equivalent count by URBAN_RATE_DENSITY (AD2-D02); PHYSICAL_BBS_COUNT UNRESOLVED",PROJECT_SOURCE: full callout density 1 (no 50 % rule split on this item),0.333333333,P4-6-NOTE-2-TOP-OVER-BEAMS,PROJECT_SOURCE,"CLEAR_SPAN of the panel on each side, along each bar line",URBAN_OWNER_MEASUREMENT_RULE,SUPPORT_FACE (extension into the clear span),URBAN_OWNER_MEASUREMENT_RULE,PROJECT_SOURCE (plan note 2: top steel),"[""P4-6-NOTE-2-TOP-OVER-BEAMS""]","[""URBAN_RATE_DENSITY (AD2-D02: equivalent count = rate x density x width, unrounded)"", ""URBAN_QTO_TOP_OVER_SUPPORT_EXTENT_V1""]","[""AD2-D02"", ""AD2-D05"", ""AD2-D06""]","[""QI-00833""]",12,False,False,5 /m x 1 x 1.797073 m x 0.896654398 m = 8.056767042 m; x 10^2/162 = 0.617283951 kg/m -> 4.973312989 kg,PRE-S7.1 11_S7_RELEASE_CANDIDATES.csv QI-00832 (manifest 3a67a8641ce4); 12 local bar strips in 04_S7_BAR_RUNS.csv
S7-0338,QI-00835,CMP-0363,SUP-GF_ROOF_SLAB-088,SUPPORT,SP-GF_ROOF_SLAB-16,SUP-GF_ROOF_SLAB-088,TOP:SUP-GF_ROOF_SLAB-088:SP-GF_ROOF_SLAB-16:X,GF_ROOF_SLAB,TOP_OVER_SUPPORT_EXTENSION,TOP,X,10,5,,1,1.75,8.75,UNRESOLVED,3.071428571,,0,1.023809524,1.023809524,8.958333333,0.617283951,5.529835391,PROJECT_BASIS_QTO,"PROJECT_BASIS_QTO: rate density over the frozen PRE-S7.1 local bar strips; a lower bound of the physical steel (every blocked portion is excluded, not zero); not a bar-by-bar BBS","PROJECT_SOURCE ratio 1/3 (P4-6-NOTE-2-TOP-OVER-BEAMS: 'length one third of the span'); URBAN_OWNER_MEASUREMENT_RULE URBAN_QTO_TOP_OVER_SUPPORT_EXTENT_V1: measured from the support face into the clear span of SP-GF_ROOF_SLAB-16 (note 2 does not state the origin, the span or total-vs-each-side); local L by URBAN_QTO_LOCAL_BAR_LINE_V1","PROJECT_SOURCE: plan note 2 (5Ø10/m top steel over beams, both directions) -> 5 bars/m of Ø10; equivalent count by URBAN_RATE_DENSITY (AD2-D02); PHYSICAL_BBS_COUNT UNRESOLVED",PROJECT_SOURCE: full callout density 1 (no 50 % rule split on this item),0.333333333,P4-6-NOTE-2-TOP-OVER-BEAMS,PROJECT_SOURCE,"CLEAR_SPAN of the panel on each side, along each bar line",URBAN_OWNER_MEASUREMENT_RULE,SUPPORT_FACE (extension into the clear span),URBAN_OWNER_MEASUREMENT_RULE,PROJECT_SOURCE (plan note 2: top steel),"[""P4-6-NOTE-2-TOP-OVER-BEAMS""]","[""URBAN_RATE_DENSITY (AD2-D02: equivalent count = rate x density x width, unrounded)"", ""URBAN_QTO_LOCAL_BAR_LINE_V1 (AD2-D14)"", ""URBAN_QTO_TOP_OVER_SUPPORT_EXTENT_V1""]","[""AD2-D02"", ""AD2-D05"", ""AD2-D06"", ""AD2-D14""]","[""QI-00834""]",6,False,False,5 /m x 1 x 1.75 m x 1.023809524 m = 8.958333333 m; x 10^2/162 = 0.617283951 kg/m -> 5.529835391 kg,PRE-S7.1 11_S7_RELEASE_CANDIDATES.csv QI-00835 (manifest 3a67a8641ce4); 6 local bar strips in 04_S7_BAR_RUNS.csv
S7-0339,QI-00836,CMP-0363,SUP-GF_ROOF_SLAB-088,SUPPORT,SP-GF_ROOF_SLAB-20,SUP-GF_ROOF_SLAB-088,TOP:SUP-GF_ROOF_SLAB-088:SP-GF_ROOF_SLAB-20:X,GF_ROOF_SLAB,TOP_OVER_SUPPORT_EXTENSION,TOP,X,10,5,,1,1.95,9.75,UNRESOLVED,4.2,,0,1.4,1.4,13.65,0.617283951,8.425925926,PROJECT_BASIS_QTO,"PROJECT_BASIS_QTO: rate density over the frozen PRE-S7.1 local bar strips; a lower bound of the physical steel (every blocked portion is excluded, not zero); not a bar-by-bar BBS","PROJECT_SOURCE ratio 1/3 (P4-6-NOTE-2-TOP-OVER-BEAMS: 'length one third of the span'); URBAN_OWNER_MEASUREMENT_RULE URBAN_QTO_TOP_OVER_SUPPORT_EXTENT_V1: measured from the support face into the clear span of SP-GF_ROOF_SLAB-20 (note 2 does not state the origin, the span or total-vs-each-side)","PROJECT_SOURCE: plan note 2 (5Ø10/m top steel over beams, both directions) -> 5 bars/m of Ø10; equivalent count by URBAN_RATE_DENSITY (AD2-D02); PHYSICAL_BBS_COUNT UNRESOLVED",PROJECT_SOURCE: full callout density 1 (no 50 % rule split on this item),0.333333333,P4-6-NOTE-2-TOP-OVER-BEAMS,PROJECT_SOURCE,"CLEAR_SPAN of the panel on each side, along each bar line",URBAN_OWNER_MEASUREMENT_RULE,SUPPORT_FACE (extension into the clear span),URBAN_OWNER_MEASUREMENT_RULE,PROJECT_SOURCE (plan note 2: top steel),"[""P4-6-NOTE-2-TOP-OVER-BEAMS""]","[""URBAN_RATE_DENSITY (AD2-D02: equivalent count = rate x density x width, unrounded)"", ""URBAN_QTO_TOP_OVER_SUPPORT_EXTENT_V1""]","[""AD2-D02"", ""AD2-D05"", ""AD2-D06""]","[""QI-00834""]",8,False,False,5 /m x 1 x 1.95 m x 1.4 m = 13.65 m; x 10^2/162 = 0.617283951 kg/m -> 8.425925926 kg,PRE-S7.1 11_S7_RELEASE_CANDIDATES.csv QI-00836 (manifest 3a67a8641ce4); 8 local bar strips in 04_S7_BAR_RUNS.csv
S7-0340,QI-00837,CMP-0363,SUP-GF_ROOF_SLAB-088,SUPPORT,SP-GF_ROOF_SLAB-16|SP-GF_ROOF_SLAB-20,SUP-GF_ROOF_SLAB-088,TOP:SUP-GF_ROOF_SLAB-088:SP-GF_ROOF_SLAB-16|SP-GF_ROOF_SLAB-20:X,GF_ROOF_SLAB,TOP_SUPPORT_CROSSING,TOP,X,10,5,,1,1.75,8.75,UNRESOLVED,,,0.2,0,,1.75,0.617283951,1.080246914,PROJECT_BASIS_QTO,"PROJECT_BASIS_QTO: rate density over the frozen PRE-S7.1 local bar strips; a lower bound of the physical steel (every blocked portion is excluded, not zero); not a bar-by-bar BBS","PROJECT_GEOMETRY: over the support between the two panel faces along each bar line (the far face found beyond each strip end, AD2-D15)","PROJECT_SOURCE: plan note 2 (5Ø10/m top steel over beams, both directions) -> 5 bars/m of Ø10; equivalent count by URBAN_RATE_DENSITY (AD2-D02); PHYSICAL_BBS_COUNT UNRESOLVED",PROJECT_SOURCE: full callout density 1 (no 50 % rule split on this item),,,,SUPPORT_GAP (face to face over the support),PROJECT_GEOMETRY,SUPPORT_FACE,PROJECT_GEOMETRY,PROJECT_SOURCE (plan note 2: top steel),"[""P4-6-NOTE-2-TOP-OVER-BEAMS""]","[""URBAN_RATE_DENSITY (AD2-D02: equivalent count = rate x density x width, unrounded)""]","[""AD2-D02"", ""AD2-D05"", ""AD2-D15""]","[""QI-00834""]",6,False,False,5 /m x 1 x 1.75 m x 0.2 m = 1.75 m; x 10^2/162 = 0.617283951 kg/m -> 1.080246914 kg,PRE-S7.1 11_S7_RELEASE_CANDIDATES.csv QI-00837 (manifest 3a67a8641ce4); 6 local bar strips in 04_S7_BAR_RUNS.csv
S7-0341,QI-00839,CMP-0364,SUP-GF_ROOF_SLAB-089,SUPPORT,SP-GF_ROOF_SLAB-20,SUP-GF_ROOF_SLAB-089,TOP:SUP-GF_ROOF_SLAB-089:SP-GF_ROOF_SLAB-20:X,GF_ROOF_SLAB,TOP_OVER_SUPPORT_EXTENSION,TOP,X,10,5,,1,1.75,8.75,UNRESOLVED,4.2,,0,1.4,1.4,12.25,0.617283951,7.561728395,PROJECT_BASIS_QTO,"PROJECT_BASIS_QTO: rate density over the frozen PRE-S7.1 local bar strips; a lower bound of the physical steel (every blocked portion is excluded, not zero); not a bar-by-bar BBS","PROJECT_SOURCE ratio 1/3 (P4-6-NOTE-2-TOP-OVER-BEAMS: 'length one third of the span'); URBAN_OWNER_MEASUREMENT_RULE URBAN_QTO_TOP_OVER_SUPPORT_EXTENT_V1: measured from the support face into the clear span of SP-GF_ROOF_SLAB-20 (note 2 does not state the origin, the span or total-vs-each-side)","PROJECT_SOURCE: plan note 2 (5Ø10/m top steel over beams, both directions) -> 5 bars/m of Ø10; equivalent count by URBAN_RATE_DENSITY (AD2-D02); PHYSICAL_BBS_COUNT UNRESOLVED",PROJECT_SOURCE: full callout density 1 (no 50 % rule split on this item),0.333333333,P4-6-NOTE-2-TOP-OVER-BEAMS,PROJECT_SOURCE,"CLEAR_SPAN of the panel on each side, along each bar line",URBAN_OWNER_MEASUREMENT_RULE,SUPPORT_FACE (extension into the clear span),URBAN_OWNER_MEASUREMENT_RULE,PROJECT_SOURCE (plan note 2: top steel),"[""P4-6-NOTE-2-TOP-OVER-BEAMS""]","[""URBAN_RATE_DENSITY (AD2-D02: equivalent count = rate x density x width, unrounded)"", ""URBAN_QTO_TOP_OVER_SUPPORT_EXTENT_V1""]","[""AD2-D02"", ""AD2-D05"", ""AD2-D06""]","[""QI-00838""]",17,False,False,5 /m x 1 x 1.75 m x 1.4 m = 12.25 m; x 10^2/162 = 0.617283951 kg/m -> 7.561728395 kg,PRE-S7.1 11_S7_RELEASE_CANDIDATES.csv QI-00839 (manifest 3a67a8641ce4); 17 local bar strips in 04_S7_BAR_RUNS.csv
S7-0342,QI-00840,CMP-0364,SUP-GF_ROOF_SLAB-089,SUPPORT,SP-GF_ROOF_SLAB-25,SUP-GF_ROOF_SLAB-089,TOP:SUP-GF_ROOF_SLAB-089:SP-GF_ROOF_SLAB-25:X,GF_ROOF_SLAB,TOP_OVER_SUPPORT_EXTENSION,TOP,X,10,5,,1,1.95,9.75,UNRESOLVED,3.282051282,,0,1.094017094,1.094017094,10.666666667,0.617283951,6.58436214,PROJECT_BASIS_QTO,"PROJECT_BASIS_QTO: rate density over the frozen PRE-S7.1 local bar strips; a lower bound of the physical steel (every blocked portion is excluded, not zero); not a bar-by-bar BBS","PROJECT_SOURCE ratio 1/3 (P4-6-NOTE-2-TOP-OVER-BEAMS: 'length one third of the span'); URBAN_OWNER_MEASUREMENT_RULE URBAN_QTO_TOP_OVER_SUPPORT_EXTENT_V1: measured from the support face into the clear span of SP-GF_ROOF_SLAB-25 (note 2 does not state the origin, the span or total-vs-each-side)","PROJECT_SOURCE: plan note 2 (5Ø10/m top steel over beams, both directions) -> 5 bars/m of Ø10; equivalent count by URBAN_RATE_DENSITY (AD2-D02); PHYSICAL_BBS_COUNT UNRESOLVED",PROJECT_SOURCE: full callout density 1 (no 50 % rule split on this item),0.333333333,P4-6-NOTE-2-TOP-OVER-BEAMS,PROJECT_SOURCE,"CLEAR_SPAN of the panel on each side, along each bar line",URBAN_OWNER_MEASUREMENT_RULE,SUPPORT_FACE (extension into the clear span),URBAN_OWNER_MEASUREMENT_RULE,PROJECT_SOURCE (plan note 2: top steel),"[""P4-6-NOTE-2-TOP-OVER-BEAMS""]","[""URBAN_RATE_DENSITY (AD2-D02: equivalent count = rate x density x width, unrounded)"", ""URBAN_QTO_TOP_OVER_SUPPORT_EXTENT_V1""]","[""AD2-D02"", ""AD2-D05"", ""AD2-D06""]","[""QI-00838""]",20,False,False,5 /m x 1 x 1.95 m x 1.094017094 m = 10.666666667 m; x 10^2/162 = 0.617283951 kg/m -> 6.58436214 kg,PRE-S7.1 11_S7_RELEASE_CANDIDATES.csv QI-00840 (manifest 3a67a8641ce4); 20 local bar strips in 04_S7_BAR_RUNS.csv
S7-0343,QI-00841,CMP-0364,SUP-GF_ROOF_SLAB-089,SUPPORT,SP-GF_ROOF_SLAB-20|SP-GF_ROOF_SLAB-25,SUP-GF_ROOF_SLAB-089,TOP:SUP-GF_ROOF_SLAB-089:SP-GF_ROOF_SLAB-20|SP-GF_ROOF_SLAB-25:X,GF_ROOF_SLAB,TOP_SUPPORT_CROSSING,TOP,X,10,5,,1,1.75,8.75,UNRESOLVED,,,0.214285714,0,,1.875,0.617283951,1.157407407,PROJECT_BASIS_QTO,"PROJECT_BASIS_QTO: rate density over the frozen PRE-S7.1 local bar strips; a lower bound of the physical steel (every blocked portion is excluded, not zero); not a bar-by-bar BBS","PROJECT_GEOMETRY: over the support between the two panel faces along each bar line (the far face found beyond each strip end, AD2-D15)","PROJECT_SOURCE: plan note 2 (5Ø10/m top steel over beams, both directions) -> 5 bars/m of Ø10; equivalent count by URBAN_RATE_DENSITY (AD2-D02); PHYSICAL_BBS_COUNT UNRESOLVED",PROJECT_SOURCE: full callout density 1 (no 50 % rule split on this item),,,,SUPPORT_GAP (face to face over the support),PROJECT_GEOMETRY,SUPPORT_FACE,PROJECT_GEOMETRY,PROJECT_SOURCE (plan note 2: top steel),"[""P4-6-NOTE-2-TOP-OVER-BEAMS""]","[""URBAN_RATE_DENSITY (AD2-D02: equivalent count = rate x density x width, unrounded)""]","[""AD2-D02"", ""AD2-D05"", ""AD2-D15""]","[""QI-00838""]",17,False,False,5 /m x 1 x 1.75 m x 0.214285714 m = 1.875 m; x 10^2/162 = 0.617283951 kg/m -> 1.157407407 kg,PRE-S7.1 11_S7_RELEASE_CANDIDATES.csv QI-00841 (manifest 3a67a8641ce4); 17 local bar strips in 04_S7_BAR_RUNS.csv
S7-0344,QI-00842,CMP-0365,SUP-GF_ROOF_SLAB-090,SUPPORT,SP-GF_ROOF_SLAB-24,SUP-GF_ROOF_SLAB-090,TOP:SUP-GF_ROOF_SLAB-090:SP-GF_ROOF_SLAB-24:X,GF_ROOF_SLAB,TOP_OVER_SUPPORT_EXTENSION,TOP,X,10,5,,1,2.374382,11.87191,UNRESOLVED,0.876196,,0,0.292065333,0.292065333,3.467373351,0.617283951,2.140353921,PROJECT_BASIS_QTO,"PROJECT_BASIS_QTO: rate density over the frozen PRE-S7.1 local bar strips; a lower bound of the physical steel (every blocked portion is excluded, not zero); not a bar-by-bar BBS","PROJECT_SOURCE ratio 1/3 (P4-6-NOTE-2-TOP-OVER-BEAMS: 'length one third of the span'); URBAN_OWNER_MEASUREMENT_RULE URBAN_QTO_TOP_OVER_SUPPORT_EXTENT_V1: measured from the support face into the clear span of SP-GF_ROOF_SLAB-24 (note 2 does not state the origin, the span or total-vs-each-side); local L by URBAN_QTO_LOCAL_BAR_LINE_V1","PROJECT_SOURCE: plan note 2 (5Ø10/m top steel over beams, both directions) -> 5 bars/m of Ø10; equivalent count by URBAN_RATE_DENSITY (AD2-D02); PHYSICAL_BBS_COUNT UNRESOLVED",PROJECT_SOURCE: full callout density 1 (no 50 % rule split on this item),0.333333333,P4-6-NOTE-2-TOP-OVER-BEAMS,PROJECT_SOURCE,"CLEAR_SPAN of the panel on each side, along each bar line",URBAN_OWNER_MEASUREMENT_RULE,SUPPORT_FACE (extension into the clear span),URBAN_OWNER_MEASUREMENT_RULE,PROJECT_SOURCE (plan note 2: top steel),"[""P4-6-NOTE-2-TOP-OVER-BEAMS""]","[""URBAN_RATE_DENSITY (AD2-D02: equivalent count = rate x density x width, unrounded)"", ""URBAN_QTO_LOCAL_BAR_LINE_V1 (AD2-D14)"", ""URBAN_QTO_TOP_OVER_SUPPORT_EXTENT_V1""]","[""AD2-D02"", ""AD2-D05"", ""AD2-D06"", ""AD2-D14""]","[""QI-00844"", ""QI-00845""]",3,True,False,5 /m x 1 x 2.374382 m x 0.292065333 m = 3.467373351 m; x 10^2/162 = 0.617283951 kg/m -> 2.140353921 kg,PRE-S7.1 11_S7_RELEASE_CANDIDATES.csv QI-00842 (manifest 3a67a8641ce4); 3 local bar strips in 04_S7_BAR_RUNS.csv
S7-0345,QI-00843,CMP-0365,SUP-GF_ROOF_SLAB-090,SUPPORT,SP-GF_ROOF_SLAB-25,SUP-GF_ROOF_SLAB-090,TOP:SUP-GF_ROOF_SLAB-090:SP-GF_ROOF_SLAB-25:X,GF_ROOF_SLAB,TOP_OVER_SUPPORT_EXTENSION,TOP,X,10,5,,1,2.64537,13.22685,UNRESOLVED,3.3,,0,1.1,1.1,14.549535,0.617283951,8.981194444,PROJECT_BASIS_QTO,"PROJECT_BASIS_QTO: rate density over the frozen PRE-S7.1 local bar strips; a lower bound of the physical steel (every blocked portion is excluded, not zero); not a bar-by-bar BBS","PROJECT_SOURCE ratio 1/3 (P4-6-NOTE-2-TOP-OVER-BEAMS: 'length one third of the span'); URBAN_OWNER_MEASUREMENT_RULE URBAN_QTO_TOP_OVER_SUPPORT_EXTENT_V1: measured from the support face into the clear span of SP-GF_ROOF_SLAB-25 (note 2 does not state the origin, the span or total-vs-each-side)","PROJECT_SOURCE: plan note 2 (5Ø10/m top steel over beams, both directions) -> 5 bars/m of Ø10; equivalent count by URBAN_RATE_DENSITY (AD2-D02); PHYSICAL_BBS_COUNT UNRESOLVED",PROJECT_SOURCE: full callout density 1 (no 50 % rule split on this item),0.333333333,P4-6-NOTE-2-TOP-OVER-BEAMS,PROJECT_SOURCE,"CLEAR_SPAN of the panel on each side, along each bar line",URBAN_OWNER_MEASUREMENT_RULE,SUPPORT_FACE (extension into the clear span),URBAN_OWNER_MEASUREMENT_RULE,PROJECT_SOURCE (plan note 2: top steel),"[""P4-6-NOTE-2-TOP-OVER-BEAMS""]","[""URBAN_RATE_DENSITY (AD2-D02: equivalent count = rate x density x width, unrounded)"", ""URBAN_QTO_TOP_OVER_SUPPORT_EXTENT_V1""]","[""AD2-D02"", ""AD2-D05"", ""AD2-D06""]","[""QI-00844"", ""QI-00845""]",5,False,False,5 /m x 1 x 2.64537 m x 1.1 m = 14.549535 m; x 10^2/162 = 0.617283951 kg/m -> 8.981194444 kg,PRE-S7.1 11_S7_RELEASE_CANDIDATES.csv QI-00843 (manifest 3a67a8641ce4); 5 local bar strips in 04_S7_BAR_RUNS.csv
S7-0346,QI-00846,CMP-0366,SUP-1F_ROOF_SLAB-091,SUPPORT,SP-1F_ROOF_SLAB-02,SUP-1F_ROOF_SLAB-091,TOP:SUP-1F_ROOF_SLAB-091:SP-1F_ROOF_SLAB-02:X,1F_ROOF_SLAB,TOP_OVER_SUPPORT_EXTENSION,TOP,X,10,5,,1,3,15,UNRESOLVED,1.8,,0,0.6,0.6,9,0.617283951,5.555555556,PROJECT_BASIS_QTO,"PROJECT_BASIS_QTO: rate density over the frozen PRE-S7.1 local bar strips; a lower bound of the physical steel (every blocked portion is excluded, not zero); not a bar-by-bar BBS","PROJECT_SOURCE ratio 1/3 (P4-6-NOTE-2-TOP-OVER-BEAMS: 'length one third of the span'); URBAN_OWNER_MEASUREMENT_RULE URBAN_QTO_TOP_OVER_SUPPORT_EXTENT_V1: measured from the support face into the clear span of SP-1F_ROOF_SLAB-02 (note 2 does not state the origin, the span or total-vs-each-side)","PROJECT_SOURCE: plan note 2 (5Ø10/m top steel over beams, both directions) -> 5 bars/m of Ø10; equivalent count by URBAN_RATE_DENSITY (AD2-D02); PHYSICAL_BBS_COUNT UNRESOLVED",PROJECT_SOURCE: full callout density 1 (no 50 % rule split on this item),0.333333333,P4-6-NOTE-2-TOP-OVER-BEAMS,PROJECT_SOURCE,"CLEAR_SPAN of the panel on each side, along each bar line",URBAN_OWNER_MEASUREMENT_RULE,SUPPORT_FACE (extension into the clear span),URBAN_OWNER_MEASUREMENT_RULE,PROJECT_SOURCE (plan note 2: top steel),"[""P4-6-NOTE-2-TOP-OVER-BEAMS""]","[""URBAN_RATE_DENSITY (AD2-D02: equivalent count = rate x density x width, unrounded)"", ""URBAN_QTO_TOP_OVER_SUPPORT_EXTENT_V1""]","[""AD2-D02"", ""AD2-D05"", ""AD2-D06""]","[""QI-00848""]",4,True,False,5 /m x 1 x 3 m x 0.6 m = 9 m; x 10^2/162 = 0.617283951 kg/m -> 5.555555556 kg,PRE-S7.1 11_S7_RELEASE_CANDIDATES.csv QI-00846 (manifest 3a67a8641ce4); 4 local bar strips in 04_S7_BAR_RUNS.csv
S7-0347,QI-00849,CMP-0367,SUP-1F_ROOF_SLAB-092,SUPPORT,SP-1F_ROOF_SLAB-11,SUP-1F_ROOF_SLAB-092,TOP:SUP-1F_ROOF_SLAB-092:SP-1F_ROOF_SLAB-11:X,1F_ROOF_SLAB,TOP_OVER_SUPPORT_EXTENSION,TOP,X,10,5,,1,0.45,2.25,UNRESOLVED,2.4,,0,0.8,0.8,1.8,0.617283951,1.111111111,PROJECT_BASIS_QTO,"PROJECT_BASIS_QTO: rate density over the frozen PRE-S7.1 local bar strips; a lower bound of the physical steel (every blocked portion is excluded, not zero); not a bar-by-bar BBS","PROJECT_SOURCE ratio 1/3 (P4-6-NOTE-2-TOP-OVER-BEAMS: 'length one third of the span'); URBAN_OWNER_MEASUREMENT_RULE URBAN_QTO_TOP_OVER_SUPPORT_EXTENT_V1: measured from the support face into the clear span of SP-1F_ROOF_SLAB-11 (note 2 does not state the origin, the span or total-vs-each-side); local L by URBAN_QTO_LOCAL_BAR_LINE_V1","PROJECT_SOURCE: plan note 2 (5Ø10/m top steel over beams, both directions) -> 5 bars/m of Ø10; equivalent count by URBAN_RATE_DENSITY (AD2-D02); PHYSICAL_BBS_COUNT UNRESOLVED",PROJECT_SOURCE: full callout density 1 (no 50 % rule split on this item),0.333333333,P4-6-NOTE-2-TOP-OVER-BEAMS,PROJECT_SOURCE,"CLEAR_SPAN of the panel on each side, along each bar line",URBAN_OWNER_MEASUREMENT_RULE,SUPPORT_FACE (extension into the clear span),URBAN_OWNER_MEASUREMENT_RULE,PROJECT_SOURCE (plan note 2: top steel),"[""P4-6-NOTE-2-TOP-OVER-BEAMS""]","[""URBAN_RATE_DENSITY (AD2-D02: equivalent count = rate x density x width, unrounded)"", ""URBAN_QTO_LOCAL_BAR_LINE_V1 (AD2-D14)"", ""URBAN_QTO_TOP_OVER_SUPPORT_EXTENT_V1""]","[""AD2-D02"", ""AD2-D05"", ""AD2-D06"", ""AD2-D14""]","[""QI-00850""]",4,False,False,5 /m x 1 x 0.45 m x 0.8 m = 1.8 m; x 10^2/162 = 0.617283951 kg/m -> 1.111111111 kg,PRE-S7.1 11_S7_RELEASE_CANDIDATES.csv QI-00849 (manifest 3a67a8641ce4); 4 local bar strips in 04_S7_BAR_RUNS.csv
S7-0348,QI-00851,CMP-0368,SUP-GF_ROOF_SLAB-093,SUPPORT,SP-GF_ROOF_SLAB-16,SUP-GF_ROOF_SLAB-093,TOP:SUP-GF_ROOF_SLAB-093:SP-GF_ROOF_SLAB-16:Y,GF_ROOF_SLAB,TOP_OVER_SUPPORT_EXTENSION,TOP,Y,10,5,,1,2.5,12.5,UNRESOLVED,1.75,,0,0.583333333,0.583333333,7.291666667,0.617283951,4.501028807,PROJECT_BASIS_QTO,"PROJECT_BASIS_QTO: rate density over the frozen PRE-S7.1 local bar strips; a lower bound of the physical steel (every blocked portion is excluded, not zero); not a bar-by-bar BBS","PROJECT_SOURCE ratio 1/3 (P4-6-NOTE-2-TOP-OVER-BEAMS: 'length one third of the span'); URBAN_OWNER_MEASUREMENT_RULE URBAN_QTO_TOP_OVER_SUPPORT_EXTENT_V1: measured from the support face into the clear span of SP-GF_ROOF_SLAB-16 (note 2 does not state the origin, the span or total-vs-each-side); local L by URBAN_QTO_LOCAL_BAR_LINE_V1","PROJECT_SOURCE: plan note 2 (5Ø10/m top steel over beams, both directions) -> 5 bars/m of Ø10; equivalent count by URBAN_RATE_DENSITY (AD2-D02); PHYSICAL_BBS_COUNT UNRESOLVED",PROJECT_SOURCE: full callout density 1 (no 50 % rule split on this item),0.333333333,P4-6-NOTE-2-TOP-OVER-BEAMS,PROJECT_SOURCE,"CLEAR_SPAN of the panel on each side, along each bar line",URBAN_OWNER_MEASUREMENT_RULE,SUPPORT_FACE (extension into the clear span),URBAN_OWNER_MEASUREMENT_RULE,PROJECT_SOURCE (plan note 2: top steel),"[""P4-6-NOTE-2-TOP-OVER-BEAMS""]","[""URBAN_RATE_DENSITY (AD2-D02: equivalent count = rate x density x width, unrounded)"", ""URBAN_QTO_LOCAL_BAR_LINE_V1 (AD2-D14)"", ""URBAN_QTO_TOP_OVER_SUPPORT_EXTENT_V1""]","[""AD2-D02"", ""AD2-D05"", ""AD2-D06"", ""AD2-D14""]","[""QI-00853"", ""QI-00854""]",5,False,False,5 /m x 1 x 2.5 m x 0.583333333 m = 7.291666667 m; x 10^2/162 = 0.617283951 kg/m -> 4.501028807 kg,PRE-S7.1 11_S7_RELEASE_CANDIDATES.csv QI-00851 (manifest 3a67a8641ce4); 5 local bar strips in 04_S7_BAR_RUNS.csv
S7-0349,QI-00857,CMP-0370,SUP-1F_ROOF_SLAB-095,SUPPORT,SP-1F_ROOF_SLAB-03,SUP-1F_ROOF_SLAB-095,TOP:SUP-1F_ROOF_SLAB-095:SP-1F_ROOF_SLAB-03:X,1F_ROOF_SLAB,TOP_OVER_SUPPORT_EXTENSION,TOP,X,10,5,,1,3.475,17.375,UNRESOLVED,2.22,,0,0.74,0.74,12.8575,0.617283951,7.936728395,PROJECT_BASIS_QTO,"PROJECT_BASIS_QTO: rate density over the frozen PRE-S7.1 local bar strips; a lower bound of the physical steel (every blocked portion is excluded, not zero); not a bar-by-bar BBS","PROJECT_SOURCE ratio 1/3 (P4-6-NOTE-2-TOP-OVER-BEAMS: 'length one third of the span'); URBAN_OWNER_MEASUREMENT_RULE URBAN_QTO_TOP_OVER_SUPPORT_EXTENT_V1: measured from the support face into the clear span of SP-1F_ROOF_SLAB-03 (note 2 does not state the origin, the span or total-vs-each-side)","PROJECT_SOURCE: plan note 2 (5Ø10/m top steel over beams, both directions) -> 5 bars/m of Ø10; equivalent count by URBAN_RATE_DENSITY (AD2-D02); PHYSICAL_BBS_COUNT UNRESOLVED",PROJECT_SOURCE: full callout density 1 (no 50 % rule split on this item),0.333333333,P4-6-NOTE-2-TOP-OVER-BEAMS,PROJECT_SOURCE,"CLEAR_SPAN of the panel on each side, along each bar line",URBAN_OWNER_MEASUREMENT_RULE,SUPPORT_FACE (extension into the clear span),URBAN_OWNER_MEASUREMENT_RULE,PROJECT_SOURCE (plan note 2: top steel),"[""P4-6-NOTE-2-TOP-OVER-BEAMS""]","[""URBAN_RATE_DENSITY (AD2-D02: equivalent count = rate x density x width, unrounded)"", ""URBAN_QTO_TOP_OVER_SUPPORT_EXTENT_V1""]","[""AD2-D02"", ""AD2-D05"", ""AD2-D06""]",[],3,False,False,5 /m x 1 x 3.475 m x 0.74 m = 12.8575 m; x 10^2/162 = 0.617283951 kg/m -> 7.936728395 kg,PRE-S7.1 11_S7_RELEASE_CANDIDATES.csv QI-00857 (manifest 3a67a8641ce4); 3 local bar strips in 04_S7_BAR_RUNS.csv
S7-0350,QI-00858,CMP-0370,SUP-1F_ROOF_SLAB-095,SUPPORT,SP-1F_ROOF_SLAB-05,SUP-1F_ROOF_SLAB-095,TOP:SUP-1F_ROOF_SLAB-095:SP-1F_ROOF_SLAB-05:X,1F_ROOF_SLAB,TOP_OVER_SUPPORT_EXTENSION,TOP,X,10,5,,1,3.475,17.375,UNRESOLVED,4.1,,0,1.366666667,1.366666667,23.745833333,0.617283951,14.657921811,PROJECT_BASIS_QTO,"PROJECT_BASIS_QTO: rate density over the frozen PRE-S7.1 local bar strips; a lower bound of the physical steel (every blocked portion is excluded, not zero); not a bar-by-bar BBS","PROJECT_SOURCE ratio 1/3 (P4-6-NOTE-2-TOP-OVER-BEAMS: 'length one third of the span'); URBAN_OWNER_MEASUREMENT_RULE URBAN_QTO_TOP_OVER_SUPPORT_EXTENT_V1: measured from the support face into the clear span of SP-1F_ROOF_SLAB-05 (note 2 does not state the origin, the span or total-vs-each-side)","PROJECT_SOURCE: plan note 2 (5Ø10/m top steel over beams, both directions) -> 5 bars/m of Ø10; equivalent count by URBAN_RATE_DENSITY (AD2-D02); PHYSICAL_BBS_COUNT UNRESOLVED",PROJECT_SOURCE: full callout density 1 (no 50 % rule split on this item),0.333333333,P4-6-NOTE-2-TOP-OVER-BEAMS,PROJECT_SOURCE,"CLEAR_SPAN of the panel on each side, along each bar line",URBAN_OWNER_MEASUREMENT_RULE,SUPPORT_FACE (extension into the clear span),URBAN_OWNER_MEASUREMENT_RULE,PROJECT_SOURCE (plan note 2: top steel),"[""P4-6-NOTE-2-TOP-OVER-BEAMS""]","[""URBAN_RATE_DENSITY (AD2-D02: equivalent count = rate x density x width, unrounded)"", ""URBAN_QTO_TOP_OVER_SUPPORT_EXTENT_V1""]","[""AD2-D02"", ""AD2-D05"", ""AD2-D06""]",[],1,False,False,5 /m x 1 x 3.475 m x 1.366666667 m = 23.745833333 m; x 10^2/162 = 0.617283951 kg/m -> 14.657921811 kg,PRE-S7.1 11_S7_RELEASE_CANDIDATES.csv QI-00858 (manifest 3a67a8641ce4); 1 local bar strips in 04_S7_BAR_RUNS.csv
S7-0351,QI-00859,CMP-0370,SUP-1F_ROOF_SLAB-095,SUPPORT,SP-1F_ROOF_SLAB-03|SP-1F_ROOF_SLAB-05,SUP-1F_ROOF_SLAB-095,TOP:SUP-1F_ROOF_SLAB-095:SP-1F_ROOF_SLAB-03|SP-1F_ROOF_SLAB-05:X,1F_ROOF_SLAB,TOP_SUPPORT_CROSSING,TOP,X,10,5,,1,3.475,17.375,UNRESOLVED,,,0.2,0,,3.475,0.617283951,2.145061728,PROJECT_BASIS_QTO,"PROJECT_BASIS_QTO: rate density over the frozen PRE-S7.1 local bar strips; a lower bound of the physical steel (every blocked portion is excluded, not zero); not a bar-by-bar BBS","PROJECT_GEOMETRY: over the support between the two panel faces along each bar line (the far face found beyond each strip end, AD2-D15)","PROJECT_SOURCE: plan note 2 (5Ø10/m top steel over beams, both directions) -> 5 bars/m of Ø10; equivalent count by URBAN_RATE_DENSITY (AD2-D02); PHYSICAL_BBS_COUNT UNRESOLVED",PROJECT_SOURCE: full callout density 1 (no 50 % rule split on this item),,,,SUPPORT_GAP (face to face over the support),PROJECT_GEOMETRY,SUPPORT_FACE,PROJECT_GEOMETRY,PROJECT_SOURCE (plan note 2: top steel),"[""P4-6-NOTE-2-TOP-OVER-BEAMS""]","[""URBAN_RATE_DENSITY (AD2-D02: equivalent count = rate x density x width, unrounded)""]","[""AD2-D02"", ""AD2-D05"", ""AD2-D15""]",[],3,False,False,5 /m x 1 x 3.475 m x 0.2 m = 3.475 m; x 10^2/162 = 0.617283951 kg/m -> 2.145061728 kg,PRE-S7.1 11_S7_RELEASE_CANDIDATES.csv QI-00859 (manifest 3a67a8641ce4); 3 local bar strips in 04_S7_BAR_RUNS.csv
S7-0352,QI-00860,CMP-0371,SUP-GF_ROOF_SLAB-096,SUPPORT,SP-GF_ROOF_SLAB-32,SUP-GF_ROOF_SLAB-096,TOP:SUP-GF_ROOF_SLAB-096:SP-GF_ROOF_SLAB-32:Y,GF_ROOF_SLAB,TOP_OVER_SUPPORT_EXTENSION,TOP,Y,10,5,,1,3.77,18.85,UNRESOLVED,1.2,,0,0.4,0.4,7.54,0.617283951,4.654320988,PROJECT_BASIS_QTO,"PROJECT_BASIS_QTO: rate density over the frozen PRE-S7.1 local bar strips; a lower bound of the physical steel (every blocked portion is excluded, not zero); not a bar-by-bar BBS","PROJECT_SOURCE ratio 1/3 (P4-6-NOTE-2-TOP-OVER-BEAMS: 'length one third of the span'); URBAN_OWNER_MEASUREMENT_RULE URBAN_QTO_TOP_OVER_SUPPORT_EXTENT_V1: measured from the support face into the clear span of SP-GF_ROOF_SLAB-32 (note 2 does not state the origin, the span or total-vs-each-side)","PROJECT_SOURCE: plan note 2 (5Ø10/m top steel over beams, both directions) -> 5 bars/m of Ø10; equivalent count by URBAN_RATE_DENSITY (AD2-D02); PHYSICAL_BBS_COUNT UNRESOLVED",PROJECT_SOURCE: full callout density 1 (no 50 % rule split on this item),0.333333333,P4-6-NOTE-2-TOP-OVER-BEAMS,PROJECT_SOURCE,"CLEAR_SPAN of the panel on each side, along each bar line",URBAN_OWNER_MEASUREMENT_RULE,SUPPORT_FACE (extension into the clear span),URBAN_OWNER_MEASUREMENT_RULE,PROJECT_SOURCE (plan note 2: top steel),"[""P4-6-NOTE-2-TOP-OVER-BEAMS""]","[""URBAN_RATE_DENSITY (AD2-D02: equivalent count = rate x density x width, unrounded)"", ""URBAN_QTO_TOP_OVER_SUPPORT_EXTENT_V1""]","[""AD2-D02"", ""AD2-D05"", ""AD2-D06""]","[""QI-00862""]",3,False,False,5 /m x 1 x 3.77 m x 0.4 m = 7.54 m; x 10^2/162 = 0.617283951 kg/m -> 4.654320988 kg,PRE-S7.1 11_S7_RELEASE_CANDIDATES.csv QI-00860 (manifest 3a67a8641ce4); 3 local bar strips in 04_S7_BAR_RUNS.csv
S7-0353,QI-00864,CMP-0372,SUP-GF_ROOF_SLAB-097,SUPPORT,SP-GF_ROOF_SLAB-22,SUP-GF_ROOF_SLAB-097,TOP:SUP-GF_ROOF_SLAB-097:SP-GF_ROOF_SLAB-22:Y,GF_ROOF_SLAB,TOP_OVER_SUPPORT_EXTENSION,TOP,Y,10,5,,1,2.456591,12.282955,UNRESOLVED,5.15,,0,1.716666667,1.716666667,21.085739417,0.617283951,13.015888529,PROJECT_BASIS_QTO,"PROJECT_BASIS_QTO: rate density over the frozen PRE-S7.1 local bar strips; a lower bound of the physical steel (every blocked portion is excluded, not zero); not a bar-by-bar BBS","PROJECT_SOURCE ratio 1/3 (P4-6-NOTE-2-TOP-OVER-BEAMS: 'length one third of the span'); URBAN_OWNER_MEASUREMENT_RULE URBAN_QTO_TOP_OVER_SUPPORT_EXTENT_V1: measured from the support face into the clear span of SP-GF_ROOF_SLAB-22 (note 2 does not state the origin, the span or total-vs-each-side); local L by URBAN_QTO_LOCAL_BAR_LINE_V1","PROJECT_SOURCE: plan note 2 (5Ø10/m top steel over beams, both directions) -> 5 bars/m of Ø10; equivalent count by URBAN_RATE_DENSITY (AD2-D02); PHYSICAL_BBS_COUNT UNRESOLVED",PROJECT_SOURCE: full callout density 1 (no 50 % rule split on this item),0.333333333,P4-6-NOTE-2-TOP-OVER-BEAMS,PROJECT_SOURCE,"CLEAR_SPAN of the panel on each side, along each bar line",URBAN_OWNER_MEASUREMENT_RULE,SUPPORT_FACE (extension into the clear span),URBAN_OWNER_MEASUREMENT_RULE,PROJECT_SOURCE (plan note 2: top steel),"[""P4-6-NOTE-2-TOP-OVER-BEAMS""]","[""URBAN_RATE_DENSITY (AD2-D02: equivalent count = rate x density x width, unrounded)"", ""URBAN_QTO_LOCAL_BAR_LINE_V1 (AD2-D14)"", ""URBAN_QTO_TOP_OVER_SUPPORT_EXTENT_V1""]","[""AD2-D02"", ""AD2-D05"", ""AD2-D06"", ""AD2-D14""]","[""QI-00863"", ""QI-00867""]",6,False,False,5 /m x 1 x 2.456591 m x 1.716666667 m = 21.085739417 m; x 10^2/162 = 0.617283951 kg/m -> 13.015888529 kg,PRE-S7.1 11_S7_RELEASE_CANDIDATES.csv QI-00864 (manifest 3a67a8641ce4); 6 local bar strips in 04_S7_BAR_RUNS.csv
S7-0354,QI-00865,CMP-0372,SUP-GF_ROOF_SLAB-097,SUPPORT,SP-GF_ROOF_SLAB-33,SUP-GF_ROOF_SLAB-097,TOP:SUP-GF_ROOF_SLAB-097:SP-GF_ROOF_SLAB-33:Y,GF_ROOF_SLAB,TOP_OVER_SUPPORT_EXTENSION,TOP,Y,10,5,,1,3.188757,15.943785,UNRESOLVED,1.194135395,,0,0.398045132,0.398045132,6.346346,0.617283951,3.917497531,PROJECT_BASIS_QTO,"PROJECT_BASIS_QTO: rate density over the frozen PRE-S7.1 local bar strips; a lower bound of the physical steel (every blocked portion is excluded, not zero); not a bar-by-bar BBS","PROJECT_SOURCE ratio 1/3 (P4-6-NOTE-2-TOP-OVER-BEAMS: 'length one third of the span'); URBAN_OWNER_MEASUREMENT_RULE URBAN_QTO_TOP_OVER_SUPPORT_EXTENT_V1: measured from the support face into the clear span of SP-GF_ROOF_SLAB-33 (note 2 does not state the origin, the span or total-vs-each-side)","PROJECT_SOURCE: plan note 2 (5Ø10/m top steel over beams, both directions) -> 5 bars/m of Ø10; equivalent count by URBAN_RATE_DENSITY (AD2-D02); PHYSICAL_BBS_COUNT UNRESOLVED",PROJECT_SOURCE: full callout density 1 (no 50 % rule split on this item),0.333333333,P4-6-NOTE-2-TOP-OVER-BEAMS,PROJECT_SOURCE,"CLEAR_SPAN of the panel on each side, along each bar line",URBAN_OWNER_MEASUREMENT_RULE,SUPPORT_FACE (extension into the clear span),URBAN_OWNER_MEASUREMENT_RULE,PROJECT_SOURCE (plan note 2: top steel),"[""P4-6-NOTE-2-TOP-OVER-BEAMS""]","[""URBAN_RATE_DENSITY (AD2-D02: equivalent count = rate x density x width, unrounded)"", ""URBAN_QTO_TOP_OVER_SUPPORT_EXTENT_V1""]","[""AD2-D02"", ""AD2-D05"", ""AD2-D06""]","[""QI-00863"", ""QI-00867""]",3,False,False,5 /m x 1 x 3.188757 m x 0.398045132 m = 6.346346 m; x 10^2/162 = 0.617283951 kg/m -> 3.917497531 kg,PRE-S7.1 11_S7_RELEASE_CANDIDATES.csv QI-00865 (manifest 3a67a8641ce4); 3 local bar strips in 04_S7_BAR_RUNS.csv
S7-0355,QI-00866,CMP-0372,SUP-GF_ROOF_SLAB-097,SUPPORT,SP-GF_ROOF_SLAB-22|SP-GF_ROOF_SLAB-33,SUP-GF_ROOF_SLAB-097,TOP:SUP-GF_ROOF_SLAB-097:SP-GF_ROOF_SLAB-22|SP-GF_ROOF_SLAB-33:Y,GF_ROOF_SLAB,TOP_SUPPORT_CROSSING,TOP,Y,10,5,,1,2.451396,12.25698,UNRESOLVED,,,0.2,0,,2.451396,0.617283951,1.513207407,PROJECT_BASIS_QTO,"PROJECT_BASIS_QTO: rate density over the frozen PRE-S7.1 local bar strips; a lower bound of the physical steel (every blocked portion is excluded, not zero); not a bar-by-bar BBS","PROJECT_GEOMETRY: over the support between the two panel faces along each bar line (the far face found beyond each strip end, AD2-D15)","PROJECT_SOURCE: plan note 2 (5Ø10/m top steel over beams, both directions) -> 5 bars/m of Ø10; equivalent count by URBAN_RATE_DENSITY (AD2-D02); PHYSICAL_BBS_COUNT UNRESOLVED",PROJECT_SOURCE: full callout density 1 (no 50 % rule split on this item),,,,SUPPORT_GAP (face to face over the support),PROJECT_GEOMETRY,SUPPORT_FACE,PROJECT_GEOMETRY,PROJECT_SOURCE (plan note 2: top steel),"[""P4-6-NOTE-2-TOP-OVER-BEAMS""]","[""URBAN_RATE_DENSITY (AD2-D02: equivalent count = rate x density x width, unrounded)""]","[""AD2-D02"", ""AD2-D05"", ""AD2-D15""]","[""QI-00863"", ""QI-00867""]",5,False,False,5 /m x 1 x 2.451396 m x 0.2 m = 2.451396 m; x 10^2/162 = 0.617283951 kg/m -> 1.513207407 kg,PRE-S7.1 11_S7_RELEASE_CANDIDATES.csv QI-00866 (manifest 3a67a8641ce4); 5 local bar strips in 04_S7_BAR_RUNS.csv
S7-0356,QI-00868,CMP-0373,SUP-GF_ROOF_SLAB-098,SUPPORT,SP-GF_ROOF_SLAB-25,SUP-GF_ROOF_SLAB-098,TOP:SUP-GF_ROOF_SLAB-098:SP-GF_ROOF_SLAB-25:Y,GF_ROOF_SLAB,TOP_OVER_SUPPORT_EXTENSION,TOP,Y,10,5,,1,3.038268,15.19134,UNRESOLVED,4.95,,0,1.65,1.65,25.065711,0.617283951,15.472661111,PROJECT_BASIS_QTO,"PROJECT_BASIS_QTO: rate density over the frozen PRE-S7.1 local bar strips; a lower bound of the physical steel (every blocked portion is excluded, not zero); not a bar-by-bar BBS","PROJECT_SOURCE ratio 1/3 (P4-6-NOTE-2-TOP-OVER-BEAMS: 'length one third of the span'); URBAN_OWNER_MEASUREMENT_RULE URBAN_QTO_TOP_OVER_SUPPORT_EXTENT_V1: measured from the support face into the clear span of SP-GF_ROOF_SLAB-25 (note 2 does not state the origin, the span or total-vs-each-side)","PROJECT_SOURCE: plan note 2 (5Ø10/m top steel over beams, both directions) -> 5 bars/m of Ø10; equivalent count by URBAN_RATE_DENSITY (AD2-D02); PHYSICAL_BBS_COUNT UNRESOLVED",PROJECT_SOURCE: full callout density 1 (no 50 % rule split on this item),0.333333333,P4-6-NOTE-2-TOP-OVER-BEAMS,PROJECT_SOURCE,"CLEAR_SPAN of the panel on each side, along each bar line",URBAN_OWNER_MEASUREMENT_RULE,SUPPORT_FACE (extension into the clear span),URBAN_OWNER_MEASUREMENT_RULE,PROJECT_SOURCE (plan note 2: top steel),"[""P4-6-NOTE-2-TOP-OVER-BEAMS""]","[""URBAN_RATE_DENSITY (AD2-D02: equivalent count = rate x density x width, unrounded)"", ""URBAN_QTO_TOP_OVER_SUPPORT_EXTENT_V1""]","[""AD2-D02"", ""AD2-D05"", ""AD2-D06""]","[""QI-00871""]",5,False,False,5 /m x 1 x 3.038268 m x 1.65 m = 25.065711 m; x 10^2/162 = 0.617283951 kg/m -> 15.472661111 kg,PRE-S7.1 11_S7_RELEASE_CANDIDATES.csv QI-00868 (manifest 3a67a8641ce4); 5 local bar strips in 04_S7_BAR_RUNS.csv
S7-0357,QI-00869,CMP-0373,SUP-GF_ROOF_SLAB-098,SUPPORT,SP-GF_ROOF_SLAB-31,SUP-GF_ROOF_SLAB-098,TOP:SUP-GF_ROOF_SLAB-098:SP-GF_ROOF_SLAB-31:Y,GF_ROOF_SLAB,TOP_OVER_SUPPORT_EXTENSION,TOP,Y,10,5,,1,2.89066,14.4533,UNRESOLVED,1.016170217,,0,0.338723406,0.338723406,4.895671,0.617283951,3.022019136,PROJECT_BASIS_QTO,"PROJECT_BASIS_QTO: rate density over the frozen PRE-S7.1 local bar strips; a lower bound of the physical steel (every blocked portion is excluded, not zero); not a bar-by-bar BBS","PROJECT_SOURCE ratio 1/3 (P4-6-NOTE-2-TOP-OVER-BEAMS: 'length one third of the span'); URBAN_OWNER_MEASUREMENT_RULE URBAN_QTO_TOP_OVER_SUPPORT_EXTENT_V1: measured from the support face into the clear span of SP-GF_ROOF_SLAB-31 (note 2 does not state the origin, the span or total-vs-each-side); local L by URBAN_QTO_LOCAL_BAR_LINE_V1","PROJECT_SOURCE: plan note 2 (5Ø10/m top steel over beams, both directions) -> 5 bars/m of Ø10; equivalent count by URBAN_RATE_DENSITY (AD2-D02); PHYSICAL_BBS_COUNT UNRESOLVED",PROJECT_SOURCE: full callout density 1 (no 50 % rule split on this item),0.333333333,P4-6-NOTE-2-TOP-OVER-BEAMS,PROJECT_SOURCE,"CLEAR_SPAN of the panel on each side, along each bar line",URBAN_OWNER_MEASUREMENT_RULE,SUPPORT_FACE (extension into the clear span),URBAN_OWNER_MEASUREMENT_RULE,PROJECT_SOURCE (plan note 2: top steel),"[""P4-6-NOTE-2-TOP-OVER-BEAMS""]","[""URBAN_RATE_DENSITY (AD2-D02: equivalent count = rate x density x width, unrounded)"", ""URBAN_QTO_LOCAL_BAR_LINE_V1 (AD2-D14)"", ""URBAN_QTO_TOP_OVER_SUPPORT_EXTENT_V1""]","[""AD2-D02"", ""AD2-D05"", ""AD2-D06"", ""AD2-D14""]","[""QI-00871""]",2,False,False,5 /m x 1 x 2.89066 m x 0.338723406 m = 4.895671 m; x 10^2/162 = 0.617283951 kg/m -> 3.022019136 kg,PRE-S7.1 11_S7_RELEASE_CANDIDATES.csv QI-00869 (manifest 3a67a8641ce4); 2 local bar strips in 04_S7_BAR_RUNS.csv
S7-0358,QI-00870,CMP-0373,SUP-GF_ROOF_SLAB-098,SUPPORT,SP-GF_ROOF_SLAB-25|SP-GF_ROOF_SLAB-31,SUP-GF_ROOF_SLAB-098,TOP:SUP-GF_ROOF_SLAB-098:SP-GF_ROOF_SLAB-25|SP-GF_ROOF_SLAB-31:Y,GF_ROOF_SLAB,TOP_SUPPORT_CROSSING,TOP,Y,10,5,,1,2.89066,14.4533,UNRESOLVED,,,0.2,0,,2.89066,0.617283951,1.784358025,PROJECT_BASIS_QTO,"PROJECT_BASIS_QTO: rate density over the frozen PRE-S7.1 local bar strips; a lower bound of the physical steel (every blocked portion is excluded, not zero); not a bar-by-bar BBS","PROJECT_GEOMETRY: over the support between the two panel faces along each bar line (the far face found beyond each strip end, AD2-D15)","PROJECT_SOURCE: plan note 2 (5Ø10/m top steel over beams, both directions) -> 5 bars/m of Ø10; equivalent count by URBAN_RATE_DENSITY (AD2-D02); PHYSICAL_BBS_COUNT UNRESOLVED",PROJECT_SOURCE: full callout density 1 (no 50 % rule split on this item),,,,SUPPORT_GAP (face to face over the support),PROJECT_GEOMETRY,SUPPORT_FACE,PROJECT_GEOMETRY,PROJECT_SOURCE (plan note 2: top steel),"[""P4-6-NOTE-2-TOP-OVER-BEAMS""]","[""URBAN_RATE_DENSITY (AD2-D02: equivalent count = rate x density x width, unrounded)""]","[""AD2-D02"", ""AD2-D05"", ""AD2-D15""]","[""QI-00871""]",4,False,False,5 /m x 1 x 2.89066 m x 0.2 m = 2.89066 m; x 10^2/162 = 0.617283951 kg/m -> 1.784358025 kg,PRE-S7.1 11_S7_RELEASE_CANDIDATES.csv QI-00870 (manifest 3a67a8641ce4); 4 local bar strips in 04_S7_BAR_RUNS.csv
S7-0359,QI-00872,CMP-0374,SUP-GF_ROOF_SLAB-099,SUPPORT,SP-GF_ROOF_SLAB-32,SUP-GF_ROOF_SLAB-099,TOP:SUP-GF_ROOF_SLAB-099:SP-GF_ROOF_SLAB-32:Y,GF_ROOF_SLAB,TOP_OVER_SUPPORT_EXTENSION,TOP,Y,10,5,,1,2.7,13.5,UNRESOLVED,1.2,,0,0.4,0.4,5.4,0.617283951,3.333333333,PROJECT_BASIS_QTO,"PROJECT_BASIS_QTO: rate density over the frozen PRE-S7.1 local bar strips; a lower bound of the physical steel (every blocked portion is excluded, not zero); not a bar-by-bar BBS","PROJECT_SOURCE ratio 1/3 (P4-6-NOTE-2-TOP-OVER-BEAMS: 'length one third of the span'); URBAN_OWNER_MEASUREMENT_RULE URBAN_QTO_TOP_OVER_SUPPORT_EXTENT_V1: measured from the support face into the clear span of SP-GF_ROOF_SLAB-32 (note 2 does not state the origin, the span or total-vs-each-side)","PROJECT_SOURCE: plan note 2 (5Ø10/m top steel over beams, both directions) -> 5 bars/m of Ø10; equivalent count by URBAN_RATE_DENSITY (AD2-D02); PHYSICAL_BBS_COUNT UNRESOLVED",PROJECT_SOURCE: full callout density 1 (no 50 % rule split on this item),0.333333333,P4-6-NOTE-2-TOP-OVER-BEAMS,PROJECT_SOURCE,"CLEAR_SPAN of the panel on each side, along each bar line",URBAN_OWNER_MEASUREMENT_RULE,SUPPORT_FACE (extension into the clear span),URBAN_OWNER_MEASUREMENT_RULE,PROJECT_SOURCE (plan note 2: top steel),"[""P4-6-NOTE-2-TOP-OVER-BEAMS""]","[""URBAN_RATE_DENSITY (AD2-D02: equivalent count = rate x density x width, unrounded)"", ""URBAN_QTO_TOP_OVER_SUPPORT_EXTENT_V1""]","[""AD2-D02"", ""AD2-D05"", ""AD2-D06""]","[""QI-00874""]",3,False,False,5 /m x 1 x 2.7 m x 0.4 m = 5.4 m; x 10^2/162 = 0.617283951 kg/m -> 3.333333333 kg,PRE-S7.1 11_S7_RELEASE_CANDIDATES.csv QI-00872 (manifest 3a67a8641ce4); 3 local bar strips in 04_S7_BAR_RUNS.csv
S7-0360,QI-00875,CMP-0375,SUP-GF_ROOF_SLAB-100,SUPPORT,SP-GF_ROOF_SLAB-33,SUP-GF_ROOF_SLAB-100,TOP:SUP-GF_ROOF_SLAB-100:SP-GF_ROOF_SLAB-33:Y,GF_ROOF_SLAB,TOP_OVER_SUPPORT_EXTENSION,TOP,Y,10,5,,1,0.4,2,UNRESOLVED,1.2,,0,0.4,0.4,0.8,0.617283951,0.49382716,PROJECT_BASIS_QTO,"PROJECT_BASIS_QTO: rate density over the frozen PRE-S7.1 local bar strips; a lower bound of the physical steel (every blocked portion is excluded, not zero); not a bar-by-bar BBS","PROJECT_SOURCE ratio 1/3 (P4-6-NOTE-2-TOP-OVER-BEAMS: 'length one third of the span'); URBAN_OWNER_MEASUREMENT_RULE URBAN_QTO_TOP_OVER_SUPPORT_EXTENT_V1: measured from the support face into the clear span of SP-GF_ROOF_SLAB-33 (note 2 does not state the origin, the span or total-vs-each-side)","PROJECT_SOURCE: plan note 2 (5Ø10/m top steel over beams, both directions) -> 5 bars/m of Ø10; equivalent count by URBAN_RATE_DENSITY (AD2-D02); PHYSICAL_BBS_COUNT UNRESOLVED",PROJECT_SOURCE: full callout density 1 (no 50 % rule split on this item),0.333333333,P4-6-NOTE-2-TOP-OVER-BEAMS,PROJECT_SOURCE,"CLEAR_SPAN of the panel on each side, along each bar line",URBAN_OWNER_MEASUREMENT_RULE,SUPPORT_FACE (extension into the clear span),URBAN_OWNER_MEASUREMENT_RULE,PROJECT_SOURCE (plan note 2: top steel),"[""P4-6-NOTE-2-TOP-OVER-BEAMS""]","[""URBAN_RATE_DENSITY (AD2-D02: equivalent count = rate x density x width, unrounded)"", ""URBAN_QTO_TOP_OVER_SUPPORT_EXTENT_V1""]","[""AD2-D02"", ""AD2-D05"", ""AD2-D06""]","[""QI-00877""]",4,False,False,5 /m x 1 x 0.4 m x 0.4 m = 0.8 m; x 10^2/162 = 0.617283951 kg/m -> 0.49382716 kg,PRE-S7.1 11_S7_RELEASE_CANDIDATES.csv QI-00875 (manifest 3a67a8641ce4); 4 local bar strips in 04_S7_BAR_RUNS.csv
S7-0361,QI-00878,CMP-0376,SUP-GF_ROOF_SLAB-101,SUPPORT,SP-GF_ROOF_SLAB-29,SUP-GF_ROOF_SLAB-101,TOP:SUP-GF_ROOF_SLAB-101:SP-GF_ROOF_SLAB-29:Y,GF_ROOF_SLAB,TOP_OVER_SUPPORT_EXTENSION,TOP,Y,10,5,,1,3.543156,17.71578,UNRESOLVED,2.060566688,,0,0.686855563,0.686855563,12.168182042,0.617283951,7.511223483,PROJECT_BASIS_QTO,"PROJECT_BASIS_QTO: rate density over the frozen PRE-S7.1 local bar strips; a lower bound of the physical steel (every blocked portion is excluded, not zero); not a bar-by-bar BBS","PROJECT_SOURCE ratio 1/3 (P4-6-NOTE-2-TOP-OVER-BEAMS: 'length one third of the span'); URBAN_OWNER_MEASUREMENT_RULE URBAN_QTO_TOP_OVER_SUPPORT_EXTENT_V1: measured from the support face into the clear span of SP-GF_ROOF_SLAB-29 (note 2 does not state the origin, the span or total-vs-each-side); local L by URBAN_QTO_LOCAL_BAR_LINE_V1","PROJECT_SOURCE: plan note 2 (5Ø10/m top steel over beams, both directions) -> 5 bars/m of Ø10; equivalent count by URBAN_RATE_DENSITY (AD2-D02); PHYSICAL_BBS_COUNT UNRESOLVED",PROJECT_SOURCE: full callout density 1 (no 50 % rule split on this item),0.333333333,P4-6-NOTE-2-TOP-OVER-BEAMS,PROJECT_SOURCE,"CLEAR_SPAN of the panel on each side, along each bar line",URBAN_OWNER_MEASUREMENT_RULE,SUPPORT_FACE (extension into the clear span),URBAN_OWNER_MEASUREMENT_RULE,PROJECT_SOURCE (plan note 2: top steel),"[""P4-6-NOTE-2-TOP-OVER-BEAMS""]","[""URBAN_RATE_DENSITY (AD2-D02: equivalent count = rate x density x width, unrounded)"", ""URBAN_QTO_LOCAL_BAR_LINE_V1 (AD2-D14)"", ""URBAN_QTO_TOP_OVER_SUPPORT_EXTENT_V1""]","[""AD2-D02"", ""AD2-D05"", ""AD2-D06"", ""AD2-D14""]","[""QI-00880"", ""QI-00881""]",6,True,False,5 /m x 1 x 3.543156 m x 0.686855563 m = 12.168182042 m; x 10^2/162 = 0.617283951 kg/m -> 7.511223483 kg,PRE-S7.1 11_S7_RELEASE_CANDIDATES.csv QI-00878 (manifest 3a67a8641ce4); 6 local bar strips in 04_S7_BAR_RUNS.csv
S7-0362,QI-00879,CMP-0376,SUP-GF_ROOF_SLAB-101,SUPPORT,SP-GF_ROOF_SLAB-30,SUP-GF_ROOF_SLAB-101,TOP:SUP-GF_ROOF_SLAB-101:SP-GF_ROOF_SLAB-30:Y,GF_ROOF_SLAB,TOP_OVER_SUPPORT_EXTENSION,TOP,Y,10,5,,1,3.690765,18.453825,UNRESOLVED,1.232513585,,0,0.410837862,0.410837862,7.58153,0.617283951,4.67995679,PROJECT_BASIS_QTO,"PROJECT_BASIS_QTO: rate density over the frozen PRE-S7.1 local bar strips; a lower bound of the physical steel (every blocked portion is excluded, not zero); not a bar-by-bar BBS","PROJECT_SOURCE ratio 1/3 (P4-6-NOTE-2-TOP-OVER-BEAMS: 'length one third of the span'); URBAN_OWNER_MEASUREMENT_RULE URBAN_QTO_TOP_OVER_SUPPORT_EXTENT_V1: measured from the support face into the clear span of SP-GF_ROOF_SLAB-30 (note 2 does not state the origin, the span or total-vs-each-side); local L by URBAN_QTO_LOCAL_BAR_LINE_V1","PROJECT_SOURCE: plan note 2 (5Ø10/m top steel over beams, both directions) -> 5 bars/m of Ø10; equivalent count by URBAN_RATE_DENSITY (AD2-D02); PHYSICAL_BBS_COUNT UNRESOLVED",PROJECT_SOURCE: full callout density 1 (no 50 % rule split on this item),0.333333333,P4-6-NOTE-2-TOP-OVER-BEAMS,PROJECT_SOURCE,"CLEAR_SPAN of the panel on each side, along each bar line",URBAN_OWNER_MEASUREMENT_RULE,SUPPORT_FACE (extension into the clear span),URBAN_OWNER_MEASUREMENT_RULE,PROJECT_SOURCE (plan note 2: top steel),"[""P4-6-NOTE-2-TOP-OVER-BEAMS""]","[""URBAN_RATE_DENSITY (AD2-D02: equivalent count = rate x density x width, unrounded)"", ""URBAN_QTO_LOCAL_BAR_LINE_V1 (AD2-D14)"", ""URBAN_QTO_TOP_OVER_SUPPORT_EXTENT_V1""]","[""AD2-D02"", ""AD2-D05"", ""AD2-D06"", ""AD2-D14""]","[""QI-00880"", ""QI-00881""]",5,False,False,5 /m x 1 x 3.690765 m x 0.410837862 m = 7.58153 m; x 10^2/162 = 0.617283951 kg/m -> 4.67995679 kg,PRE-S7.1 11_S7_RELEASE_CANDIDATES.csv QI-00879 (manifest 3a67a8641ce4); 5 local bar strips in 04_S7_BAR_RUNS.csv
S7-0363,QI-00882,CMP-0377,SUP-1F_ROOF_SLAB-102,SUPPORT,SP-1F_ROOF_SLAB-02,SUP-1F_ROOF_SLAB-102,TOP:SUP-1F_ROOF_SLAB-102:SP-1F_ROOF_SLAB-02:Y,1F_ROOF_SLAB,TOP_OVER_SUPPORT_EXTENSION,TOP,Y,10,5,,1,1.8,9,UNRESOLVED,3,,0,1,1,9,0.617283951,5.555555556,PROJECT_BASIS_QTO,"PROJECT_BASIS_QTO: rate density over the frozen PRE-S7.1 local bar strips; a lower bound of the physical steel (every blocked portion is excluded, not zero); not a bar-by-bar BBS","PROJECT_SOURCE ratio 1/3 (P4-6-NOTE-2-TOP-OVER-BEAMS: 'length one third of the span'); URBAN_OWNER_MEASUREMENT_RULE URBAN_QTO_TOP_OVER_SUPPORT_EXTENT_V1: measured from the support face into the clear span of SP-1F_ROOF_SLAB-02 (note 2 does not state the origin, the span or total-vs-each-side)","PROJECT_SOURCE: plan note 2 (5Ø10/m top steel over beams, both directions) -> 5 bars/m of Ø10; equivalent count by URBAN_RATE_DENSITY (AD2-D02); PHYSICAL_BBS_COUNT UNRESOLVED",PROJECT_SOURCE: full callout density 1 (no 50 % rule split on this item),0.333333333,P4-6-NOTE-2-TOP-OVER-BEAMS,PROJECT_SOURCE,"CLEAR_SPAN of the panel on each side, along each bar line",URBAN_OWNER_MEASUREMENT_RULE,SUPPORT_FACE (extension into the clear span),URBAN_OWNER_MEASUREMENT_RULE,PROJECT_SOURCE (plan note 2: top steel),"[""P4-6-NOTE-2-TOP-OVER-BEAMS""]","[""URBAN_RATE_DENSITY (AD2-D02: equivalent count = rate x density x width, unrounded)"", ""URBAN_QTO_TOP_OVER_SUPPORT_EXTENT_V1""]","[""AD2-D02"", ""AD2-D05"", ""AD2-D06""]","[""QI-00883""]",1,True,False,5 /m x 1 x 1.8 m x 1 m = 9 m; x 10^2/162 = 0.617283951 kg/m -> 5.555555556 kg,PRE-S7.1 11_S7_RELEASE_CANDIDATES.csv QI-00882 (manifest 3a67a8641ce4); 1 local bar strips in 04_S7_BAR_RUNS.csv
S7-0364,QI-00884,CMP-0378,SUP-1F_ROOF_SLAB-103,SUPPORT,SP-1F_ROOF_SLAB-03,SUP-1F_ROOF_SLAB-103,TOP:SUP-1F_ROOF_SLAB-103:SP-1F_ROOF_SLAB-03:Y,1F_ROOF_SLAB,TOP_OVER_SUPPORT_EXTENSION,TOP,Y,10,5,,1,2.22,11.1,UNRESOLVED,4.2808255,,0,1.426941833,1.426941833,15.83905435,0.617283951,9.777194043,PROJECT_BASIS_QTO,"PROJECT_BASIS_QTO: rate density over the frozen PRE-S7.1 local bar strips; a lower bound of the physical steel (every blocked portion is excluded, not zero); not a bar-by-bar BBS","PROJECT_SOURCE ratio 1/3 (P4-6-NOTE-2-TOP-OVER-BEAMS: 'length one third of the span'); URBAN_OWNER_MEASUREMENT_RULE URBAN_QTO_TOP_OVER_SUPPORT_EXTENT_V1: measured from the support face into the clear span of SP-1F_ROOF_SLAB-03 (note 2 does not state the origin, the span or total-vs-each-side)","PROJECT_SOURCE: plan note 2 (5Ø10/m top steel over beams, both directions) -> 5 bars/m of Ø10; equivalent count by URBAN_RATE_DENSITY (AD2-D02); PHYSICAL_BBS_COUNT UNRESOLVED",PROJECT_SOURCE: full callout density 1 (no 50 % rule split on this item),0.333333333,P4-6-NOTE-2-TOP-OVER-BEAMS,PROJECT_SOURCE,"CLEAR_SPAN of the panel on each side, along each bar line",URBAN_OWNER_MEASUREMENT_RULE,SUPPORT_FACE (extension into the clear span),URBAN_OWNER_MEASUREMENT_RULE,PROJECT_SOURCE (plan note 2: top steel),"[""P4-6-NOTE-2-TOP-OVER-BEAMS""]","[""URBAN_RATE_DENSITY (AD2-D02: equivalent count = rate x density x width, unrounded)"", ""URBAN_QTO_TOP_OVER_SUPPORT_EXTENT_V1""]","[""AD2-D02"", ""AD2-D05"", ""AD2-D06""]","[""QI-00885""]",5,False,False,5 /m x 1 x 2.22 m x 1.426941833 m = 15.83905435 m; x 10^2/162 = 0.617283951 kg/m -> 9.777194043 kg,PRE-S7.1 11_S7_RELEASE_CANDIDATES.csv QI-00884 (manifest 3a67a8641ce4); 5 local bar strips in 04_S7_BAR_RUNS.csv
S7-0365,QI-00886,CMP-0379,SUP-1F_ROOF_SLAB-104,SUPPORT,SP-1F_ROOF_SLAB-04,SUP-1F_ROOF_SLAB-104,TOP:SUP-1F_ROOF_SLAB-104:SP-1F_ROOF_SLAB-04:Y,1F_ROOF_SLAB,TOP_OVER_SUPPORT_EXTENSION,TOP,Y,10,5,,1,3,15,UNRESOLVED,4.601353408,,0,1.533784469,1.533784469,23.006767042,0.617283951,14.20170805,PROJECT_BASIS_QTO,"PROJECT_BASIS_QTO: rate density over the frozen PRE-S7.1 local bar strips; a lower bound of the physical steel (every blocked portion is excluded, not zero); not a bar-by-bar BBS","PROJECT_SOURCE ratio 1/3 (P4-6-NOTE-2-TOP-OVER-BEAMS: 'length one third of the span'); URBAN_OWNER_MEASUREMENT_RULE URBAN_QTO_TOP_OVER_SUPPORT_EXTENT_V1: measured from the support face into the clear span of SP-1F_ROOF_SLAB-04 (note 2 does not state the origin, the span or total-vs-each-side)","PROJECT_SOURCE: plan note 2 (5Ø10/m top steel over beams, both directions) -> 5 bars/m of Ø10; equivalent count by URBAN_RATE_DENSITY (AD2-D02); PHYSICAL_BBS_COUNT UNRESOLVED",PROJECT_SOURCE: full callout density 1 (no 50 % rule split on this item),0.333333333,P4-6-NOTE-2-TOP-OVER-BEAMS,PROJECT_SOURCE,"CLEAR_SPAN of the panel on each side, along each bar line",URBAN_OWNER_MEASUREMENT_RULE,SUPPORT_FACE (extension into the clear span),URBAN_OWNER_MEASUREMENT_RULE,PROJECT_SOURCE (plan note 2: top steel),"[""P4-6-NOTE-2-TOP-OVER-BEAMS""]","[""URBAN_RATE_DENSITY (AD2-D02: equivalent count = rate x density x width, unrounded)"", ""URBAN_QTO_TOP_OVER_SUPPORT_EXTENT_V1""]","[""AD2-D02"", ""AD2-D05"", ""AD2-D06""]","[""QI-00887""]",4,False,False,5 /m x 1 x 3 m x 1.533784469 m = 23.006767042 m; x 10^2/162 = 0.617283951 kg/m -> 14.20170805 kg,PRE-S7.1 11_S7_RELEASE_CANDIDATES.csv QI-00886 (manifest 3a67a8641ce4); 4 local bar strips in 04_S7_BAR_RUNS.csv
S7-0366,QI-00888,CMP-0380,SUP-1F_ROOF_SLAB-105,SUPPORT,SP-1F_ROOF_SLAB-05,SUP-1F_ROOF_SLAB-105,TOP:SUP-1F_ROOF_SLAB-105:SP-1F_ROOF_SLAB-05:Y,1F_ROOF_SLAB,TOP_OVER_SUPPORT_EXTENSION,TOP,Y,10,5,,1,4.1,20.5,UNRESOLVED,4.318292683,,0,1.439430894,1.439430894,29.508333333,0.617283951,18.215020576,PROJECT_BASIS_QTO,"PROJECT_BASIS_QTO: rate density over the frozen PRE-S7.1 local bar strips; a lower bound of the physical steel (every blocked portion is excluded, not zero); not a bar-by-bar BBS","PROJECT_SOURCE ratio 1/3 (P4-6-NOTE-2-TOP-OVER-BEAMS: 'length one third of the span'); URBAN_OWNER_MEASUREMENT_RULE URBAN_QTO_TOP_OVER_SUPPORT_EXTENT_V1: measured from the support face into the clear span of SP-1F_ROOF_SLAB-05 (note 2 does not state the origin, the span or total-vs-each-side)","PROJECT_SOURCE: plan note 2 (5Ø10/m top steel over beams, both directions) -> 5 bars/m of Ø10; equivalent count by URBAN_RATE_DENSITY (AD2-D02); PHYSICAL_BBS_COUNT UNRESOLVED",PROJECT_SOURCE: full callout density 1 (no 50 % rule split on this item),0.333333333,P4-6-NOTE-2-TOP-OVER-BEAMS,PROJECT_SOURCE,"CLEAR_SPAN of the panel on each side, along each bar line",URBAN_OWNER_MEASUREMENT_RULE,SUPPORT_FACE (extension into the clear span),URBAN_OWNER_MEASUREMENT_RULE,PROJECT_SOURCE (plan note 2: top steel),"[""P4-6-NOTE-2-TOP-OVER-BEAMS""]","[""URBAN_RATE_DENSITY (AD2-D02: equivalent count = rate x density x width, unrounded)"", ""URBAN_QTO_TOP_OVER_SUPPORT_EXTENT_V1""]","[""AD2-D02"", ""AD2-D05"", ""AD2-D06""]","[""QI-00889""]",31,False,False,5 /m x 1 x 4.1 m x 1.439430894 m = 29.508333333 m; x 10^2/162 = 0.617283951 kg/m -> 18.215020576 kg,PRE-S7.1 11_S7_RELEASE_CANDIDATES.csv QI-00888 (manifest 3a67a8641ce4); 31 local bar strips in 04_S7_BAR_RUNS.csv
S7-0367,QI-00890,CMP-0381,SUP-GF_ROOF_SLAB-106,SUPPORT,SP-GF_ROOF_SLAB-04,SUP-GF_ROOF_SLAB-106,TOP:SUP-GF_ROOF_SLAB-106:SP-GF_ROOF_SLAB-04:X,GF_ROOF_SLAB,TOP_OVER_SUPPORT_EXTENSION,TOP,X,10,5,,1,1.75,8.75,UNRESOLVED,1.47,,0,0.49,0.49,4.2875,0.617283951,2.646604938,PROJECT_BASIS_QTO,"PROJECT_BASIS_QTO: rate density over the frozen PRE-S7.1 local bar strips; a lower bound of the physical steel (every blocked portion is excluded, not zero); not a bar-by-bar BBS","PROJECT_SOURCE ratio 1/3 (P4-6-NOTE-2-TOP-OVER-BEAMS: 'length one third of the span'); URBAN_OWNER_MEASUREMENT_RULE URBAN_QTO_TOP_OVER_SUPPORT_EXTENT_V1: measured from the support face into the clear span of SP-GF_ROOF_SLAB-04 (note 2 does not state the origin, the span or total-vs-each-side)","PROJECT_SOURCE: plan note 2 (5Ø10/m top steel over beams, both directions) -> 5 bars/m of Ø10; equivalent count by URBAN_RATE_DENSITY (AD2-D02); PHYSICAL_BBS_COUNT UNRESOLVED",PROJECT_SOURCE: full callout density 1 (no 50 % rule split on this item),0.333333333,P4-6-NOTE-2-TOP-OVER-BEAMS,PROJECT_SOURCE,"CLEAR_SPAN of the panel on each side, along each bar line",URBAN_OWNER_MEASUREMENT_RULE,SUPPORT_FACE (extension into the clear span),URBAN_OWNER_MEASUREMENT_RULE,PROJECT_SOURCE (plan note 2: top steel),"[""P4-6-NOTE-2-TOP-OVER-BEAMS""]","[""URBAN_RATE_DENSITY (AD2-D02: equivalent count = rate x density x width, unrounded)"", ""URBAN_QTO_TOP_OVER_SUPPORT_EXTENT_V1""]","[""AD2-D02"", ""AD2-D05"", ""AD2-D06""]",[],3,True,False,5 /m x 1 x 1.75 m x 0.49 m = 4.2875 m; x 10^2/162 = 0.617283951 kg/m -> 2.646604938 kg,PRE-S7.1 11_S7_RELEASE_CANDIDATES.csv QI-00890 (manifest 3a67a8641ce4); 3 local bar strips in 04_S7_BAR_RUNS.csv
S7-0368,QI-00891,CMP-0381,SUP-GF_ROOF_SLAB-106,SUPPORT,SP-GF_ROOF_SLAB-05,SUP-GF_ROOF_SLAB-106,TOP:SUP-GF_ROOF_SLAB-106:SP-GF_ROOF_SLAB-05:X,GF_ROOF_SLAB,TOP_OVER_SUPPORT_EXTENSION,TOP,X,10,5,,1,1.75,8.75,UNRESOLVED,1.9,,0,0.633333333,0.633333333,5.541666667,0.617283951,3.420781893,PROJECT_BASIS_QTO,"PROJECT_BASIS_QTO: rate density over the frozen PRE-S7.1 local bar strips; a lower bound of the physical steel (every blocked portion is excluded, not zero); not a bar-by-bar BBS","PROJECT_SOURCE ratio 1/3 (P4-6-NOTE-2-TOP-OVER-BEAMS: 'length one third of the span'); URBAN_OWNER_MEASUREMENT_RULE URBAN_QTO_TOP_OVER_SUPPORT_EXTENT_V1: measured from the support face into the clear span of SP-GF_ROOF_SLAB-05 (note 2 does not state the origin, the span or total-vs-each-side)","PROJECT_SOURCE: plan note 2 (5Ø10/m top steel over beams, both directions) -> 5 bars/m of Ø10; equivalent count by URBAN_RATE_DENSITY (AD2-D02); PHYSICAL_BBS_COUNT UNRESOLVED",PROJECT_SOURCE: full callout density 1 (no 50 % rule split on this item),0.333333333,P4-6-NOTE-2-TOP-OVER-BEAMS,PROJECT_SOURCE,"CLEAR_SPAN of the panel on each side, along each bar line",URBAN_OWNER_MEASUREMENT_RULE,SUPPORT_FACE (extension into the clear span),URBAN_OWNER_MEASUREMENT_RULE,PROJECT_SOURCE (plan note 2: top steel),"[""P4-6-NOTE-2-TOP-OVER-BEAMS""]","[""URBAN_RATE_DENSITY (AD2-D02: equivalent count = rate x density x width, unrounded)"", ""URBAN_QTO_TOP_OVER_SUPPORT_EXTENT_V1""]","[""AD2-D02"", ""AD2-D05"", ""AD2-D06""]",[],3,True,False,5 /m x 1 x 1.75 m x 0.633333333 m = 5.541666667 m; x 10^2/162 = 0.617283951 kg/m -> 3.420781893 kg,PRE-S7.1 11_S7_RELEASE_CANDIDATES.csv QI-00891 (manifest 3a67a8641ce4); 3 local bar strips in 04_S7_BAR_RUNS.csv
S7-0369,QI-00892,CMP-0381,SUP-GF_ROOF_SLAB-106,SUPPORT,SP-GF_ROOF_SLAB-04|SP-GF_ROOF_SLAB-05,SUP-GF_ROOF_SLAB-106,TOP:SUP-GF_ROOF_SLAB-106:SP-GF_ROOF_SLAB-04|SP-GF_ROOF_SLAB-05:X,GF_ROOF_SLAB,TOP_SUPPORT_CROSSING,TOP,X,10,5,,1,1.75,8.75,UNRESOLVED,,,0.2,0,,1.75,0.617283951,1.080246914,PROJECT_BASIS_QTO,"PROJECT_BASIS_QTO: rate density over the frozen PRE-S7.1 local bar strips; a lower bound of the physical steel (every blocked portion is excluded, not zero); not a bar-by-bar BBS","PROJECT_GEOMETRY: over the support between the two panel faces along each bar line (the far face found beyond each strip end, AD2-D15)","PROJECT_SOURCE: plan note 2 (5Ø10/m top steel over beams, both directions) -> 5 bars/m of Ø10; equivalent count by URBAN_RATE_DENSITY (AD2-D02); PHYSICAL_BBS_COUNT UNRESOLVED",PROJECT_SOURCE: full callout density 1 (no 50 % rule split on this item),,,,SUPPORT_GAP (face to face over the support),PROJECT_GEOMETRY,SUPPORT_FACE,PROJECT_GEOMETRY,PROJECT_SOURCE (plan note 2: top steel),"[""P4-6-NOTE-2-TOP-OVER-BEAMS""]","[""URBAN_RATE_DENSITY (AD2-D02: equivalent count = rate x density x width, unrounded)""]","[""AD2-D02"", ""AD2-D05"", ""AD2-D15""]",[],3,True,False,5 /m x 1 x 1.75 m x 0.2 m = 1.75 m; x 10^2/162 = 0.617283951 kg/m -> 1.080246914 kg,PRE-S7.1 11_S7_RELEASE_CANDIDATES.csv QI-00892 (manifest 3a67a8641ce4); 3 local bar strips in 04_S7_BAR_RUNS.csv
S7-0370,QI-00894,CMP-0382,SUP-GF_ROOF_SLAB-107,SUPPORT,SP-GF_ROOF_SLAB-10,SUP-GF_ROOF_SLAB-107,TOP:SUP-GF_ROOF_SLAB-107:SP-GF_ROOF_SLAB-10:X,GF_ROOF_SLAB,TOP_OVER_SUPPORT_EXTENSION,TOP,X,10,5,,1,2.604065,13.020325,UNRESOLVED,3.188979106,,0,1.062993035,1.062993035,13.840514792,0.617283951,8.543527649,PROJECT_BASIS_QTO,"PROJECT_BASIS_QTO: rate density over the frozen PRE-S7.1 local bar strips; a lower bound of the physical steel (every blocked portion is excluded, not zero); not a bar-by-bar BBS","PROJECT_SOURCE ratio 1/3 (P4-6-NOTE-2-TOP-OVER-BEAMS: 'length one third of the span'); URBAN_OWNER_MEASUREMENT_RULE URBAN_QTO_TOP_OVER_SUPPORT_EXTENT_V1: measured from the support face into the clear span of SP-GF_ROOF_SLAB-10 (note 2 does not state the origin, the span or total-vs-each-side); local L by URBAN_QTO_LOCAL_BAR_LINE_V1","PROJECT_SOURCE: plan note 2 (5Ø10/m top steel over beams, both directions) -> 5 bars/m of Ø10; equivalent count by URBAN_RATE_DENSITY (AD2-D02); PHYSICAL_BBS_COUNT UNRESOLVED",PROJECT_SOURCE: full callout density 1 (no 50 % rule split on this item),0.333333333,P4-6-NOTE-2-TOP-OVER-BEAMS,PROJECT_SOURCE,"CLEAR_SPAN of the panel on each side, along each bar line",URBAN_OWNER_MEASUREMENT_RULE,SUPPORT_FACE (extension into the clear span),URBAN_OWNER_MEASUREMENT_RULE,PROJECT_SOURCE (plan note 2: top steel),"[""P4-6-NOTE-2-TOP-OVER-BEAMS""]","[""URBAN_RATE_DENSITY (AD2-D02: equivalent count = rate x density x width, unrounded)"", ""URBAN_QTO_LOCAL_BAR_LINE_V1 (AD2-D14)"", ""URBAN_QTO_TOP_OVER_SUPPORT_EXTENT_V1""]","[""AD2-D02"", ""AD2-D05"", ""AD2-D06"", ""AD2-D14""]","[""QI-00893""]",11,False,False,5 /m x 1 x 2.604065 m x 1.062993035 m = 13.840514792 m; x 10^2/162 = 0.617283951 kg/m -> 8.543527649 kg,PRE-S7.1 11_S7_RELEASE_CANDIDATES.csv QI-00894 (manifest 3a67a8641ce4); 11 local bar strips in 04_S7_BAR_RUNS.csv
S7-0371,QI-00895,CMP-0382,SUP-GF_ROOF_SLAB-107,SUPPORT,SP-GF_ROOF_SLAB-11,SUP-GF_ROOF_SLAB-107,TOP:SUP-GF_ROOF_SLAB-107:SP-GF_ROOF_SLAB-11:X,GF_ROOF_SLAB,TOP_OVER_SUPPORT_EXTENSION,TOP,X,10,5,,1,2.646098,13.23049,UNRESOLVED,1.461570645,,0,0.487190215,0.487190215,6.445765267,0.617283951,3.978867449,PROJECT_BASIS_QTO,"PROJECT_BASIS_QTO: rate density over the frozen PRE-S7.1 local bar strips; a lower bound of the physical steel (every blocked portion is excluded, not zero); not a bar-by-bar BBS","PROJECT_SOURCE ratio 1/3 (P4-6-NOTE-2-TOP-OVER-BEAMS: 'length one third of the span'); URBAN_OWNER_MEASUREMENT_RULE URBAN_QTO_TOP_OVER_SUPPORT_EXTENT_V1: measured from the support face into the clear span of SP-GF_ROOF_SLAB-11 (note 2 does not state the origin, the span or total-vs-each-side); local L by URBAN_QTO_LOCAL_BAR_LINE_V1","PROJECT_SOURCE: plan note 2 (5Ø10/m top steel over beams, both directions) -> 5 bars/m of Ø10; equivalent count by URBAN_RATE_DENSITY (AD2-D02); PHYSICAL_BBS_COUNT UNRESOLVED",PROJECT_SOURCE: full callout density 1 (no 50 % rule split on this item),0.333333333,P4-6-NOTE-2-TOP-OVER-BEAMS,PROJECT_SOURCE,"CLEAR_SPAN of the panel on each side, along each bar line",URBAN_OWNER_MEASUREMENT_RULE,SUPPORT_FACE (extension into the clear span),URBAN_OWNER_MEASUREMENT_RULE,PROJECT_SOURCE (plan note 2: top steel),"[""P4-6-NOTE-2-TOP-OVER-BEAMS""]","[""URBAN_RATE_DENSITY (AD2-D02: equivalent count = rate x density x width, unrounded)"", ""URBAN_QTO_LOCAL_BAR_LINE_V1 (AD2-D14)"", ""URBAN_QTO_TOP_OVER_SUPPORT_EXTENT_V1""]","[""AD2-D02"", ""AD2-D05"", ""AD2-D06"", ""AD2-D14""]","[""QI-00893""]",11,False,False,5 /m x 1 x 2.646098 m x 0.487190215 m = 6.445765267 m; x 10^2/162 = 0.617283951 kg/m -> 3.978867449 kg,PRE-S7.1 11_S7_RELEASE_CANDIDATES.csv QI-00895 (manifest 3a67a8641ce4); 11 local bar strips in 04_S7_BAR_RUNS.csv
S7-0372,QI-00896,CMP-0382,SUP-GF_ROOF_SLAB-107,SUPPORT,SP-GF_ROOF_SLAB-10|SP-GF_ROOF_SLAB-11,SUP-GF_ROOF_SLAB-107,TOP:SUP-GF_ROOF_SLAB-107:SP-GF_ROOF_SLAB-10|SP-GF_ROOF_SLAB-11:X,GF_ROOF_SLAB,TOP_SUPPORT_CROSSING,TOP,X,10,5,,1,2.604065,13.020325,UNRESOLVED,,,0.2,0,,2.604065,0.617283951,1.607447531,PROJECT_BASIS_QTO,"PROJECT_BASIS_QTO: rate density over the frozen PRE-S7.1 local bar strips; a lower bound of the physical steel (every blocked portion is excluded, not zero); not a bar-by-bar BBS","PROJECT_GEOMETRY: over the support between the two panel faces along each bar line (the far face found beyond each strip end, AD2-D15)","PROJECT_SOURCE: plan note 2 (5Ø10/m top steel over beams, both directions) -> 5 bars/m of Ø10; equivalent count by URBAN_RATE_DENSITY (AD2-D02); PHYSICAL_BBS_COUNT UNRESOLVED",PROJECT_SOURCE: full callout density 1 (no 50 % rule split on this item),,,,SUPPORT_GAP (face to face over the support),PROJECT_GEOMETRY,SUPPORT_FACE,PROJECT_GEOMETRY,PROJECT_SOURCE (plan note 2: top steel),"[""P4-6-NOTE-2-TOP-OVER-BEAMS""]","[""URBAN_RATE_DENSITY (AD2-D02: equivalent count = rate x density x width, unrounded)""]","[""AD2-D02"", ""AD2-D05"", ""AD2-D15""]","[""QI-00893""]",11,False,False,5 /m x 1 x 2.604065 m x 0.2 m = 2.604065 m; x 10^2/162 = 0.617283951 kg/m -> 1.607447531 kg,PRE-S7.1 11_S7_RELEASE_CANDIDATES.csv QI-00896 (manifest 3a67a8641ce4); 11 local bar strips in 04_S7_BAR_RUNS.csv
S7-0373,QI-00897,CMP-0383,SUP-GF_ROOF_SLAB-108,SUPPORT,SP-GF_ROOF_SLAB-17,SUP-GF_ROOF_SLAB-108,TOP:SUP-GF_ROOF_SLAB-108:SP-GF_ROOF_SLAB-17:X,GF_ROOF_SLAB,TOP_OVER_SUPPORT_EXTENSION,TOP,X,10,5,,1,2.590474,12.95237,UNRESOLVED,3.964897316,,0,1.321632439,1.321632439,17.118272349,0.617283951,10.566834783,PROJECT_BASIS_QTO,"PROJECT_BASIS_QTO: rate density over the frozen PRE-S7.1 local bar strips; a lower bound of the physical steel (every blocked portion is excluded, not zero); not a bar-by-bar BBS","PROJECT_SOURCE ratio 1/3 (P4-6-NOTE-2-TOP-OVER-BEAMS: 'length one third of the span'); URBAN_OWNER_MEASUREMENT_RULE URBAN_QTO_TOP_OVER_SUPPORT_EXTENT_V1: measured from the support face into the clear span of SP-GF_ROOF_SLAB-17 (note 2 does not state the origin, the span or total-vs-each-side); local L by URBAN_QTO_LOCAL_BAR_LINE_V1","PROJECT_SOURCE: plan note 2 (5Ø10/m top steel over beams, both directions) -> 5 bars/m of Ø10; equivalent count by URBAN_RATE_DENSITY (AD2-D02); PHYSICAL_BBS_COUNT UNRESOLVED",PROJECT_SOURCE: full callout density 1 (no 50 % rule split on this item),0.333333333,P4-6-NOTE-2-TOP-OVER-BEAMS,PROJECT_SOURCE,"CLEAR_SPAN of the panel on each side, along each bar line",URBAN_OWNER_MEASUREMENT_RULE,SUPPORT_FACE (extension into the clear span),URBAN_OWNER_MEASUREMENT_RULE,PROJECT_SOURCE (plan note 2: top steel),"[""P4-6-NOTE-2-TOP-OVER-BEAMS""]","[""URBAN_RATE_DENSITY (AD2-D02: equivalent count = rate x density x width, unrounded)"", ""URBAN_QTO_LOCAL_BAR_LINE_V1 (AD2-D14)"", ""URBAN_QTO_TOP_OVER_SUPPORT_EXTENT_V1""]","[""AD2-D02"", ""AD2-D05"", ""AD2-D06"", ""AD2-D14""]","[""QI-00900""]",21,False,False,5 /m x 1 x 2.590474 m x 1.321632439 m = 17.118272349 m; x 10^2/162 = 0.617283951 kg/m -> 10.566834783 kg,PRE-S7.1 11_S7_RELEASE_CANDIDATES.csv QI-00897 (manifest 3a67a8641ce4); 21 local bar strips in 04_S7_BAR_RUNS.csv
S7-0374,QI-00898,CMP-0383,SUP-GF_ROOF_SLAB-108,SUPPORT,SP-GF_ROOF_SLAB-18,SUP-GF_ROOF_SLAB-108,TOP:SUP-GF_ROOF_SLAB-108:SP-GF_ROOF_SLAB-18:X,GF_ROOF_SLAB,TOP_OVER_SUPPORT_EXTENSION,TOP,X,10,5,,1,2.54844,12.7422,UNRESOLVED,2.175602486,,0,0.725200829,0.725200829,9.240654,0.617283951,5.704107407,PROJECT_BASIS_QTO,"PROJECT_BASIS_QTO: rate density over the frozen PRE-S7.1 local bar strips; a lower bound of the physical steel (every blocked portion is excluded, not zero); not a bar-by-bar BBS","PROJECT_SOURCE ratio 1/3 (P4-6-NOTE-2-TOP-OVER-BEAMS: 'length one third of the span'); URBAN_OWNER_MEASUREMENT_RULE URBAN_QTO_TOP_OVER_SUPPORT_EXTENT_V1: measured from the support face into the clear span of SP-GF_ROOF_SLAB-18 (note 2 does not state the origin, the span or total-vs-each-side); local L by URBAN_QTO_LOCAL_BAR_LINE_V1","PROJECT_SOURCE: plan note 2 (5Ø10/m top steel over beams, both directions) -> 5 bars/m of Ø10; equivalent count by URBAN_RATE_DENSITY (AD2-D02); PHYSICAL_BBS_COUNT UNRESOLVED",PROJECT_SOURCE: full callout density 1 (no 50 % rule split on this item),0.333333333,P4-6-NOTE-2-TOP-OVER-BEAMS,PROJECT_SOURCE,"CLEAR_SPAN of the panel on each side, along each bar line",URBAN_OWNER_MEASUREMENT_RULE,SUPPORT_FACE (extension into the clear span),URBAN_OWNER_MEASUREMENT_RULE,PROJECT_SOURCE (plan note 2: top steel),"[""P4-6-NOTE-2-TOP-OVER-BEAMS""]","[""URBAN_RATE_DENSITY (AD2-D02: equivalent count = rate x density x width, unrounded)"", ""URBAN_QTO_LOCAL_BAR_LINE_V1 (AD2-D14)"", ""URBAN_QTO_TOP_OVER_SUPPORT_EXTENT_V1""]","[""AD2-D02"", ""AD2-D05"", ""AD2-D06"", ""AD2-D14""]","[""QI-00900""]",21,False,False,5 /m x 1 x 2.54844 m x 0.725200829 m = 9.240654 m; x 10^2/162 = 0.617283951 kg/m -> 5.704107407 kg,PRE-S7.1 11_S7_RELEASE_CANDIDATES.csv QI-00898 (manifest 3a67a8641ce4); 21 local bar strips in 04_S7_BAR_RUNS.csv
S7-0375,QI-00899,CMP-0383,SUP-GF_ROOF_SLAB-108,SUPPORT,SP-GF_ROOF_SLAB-17|SP-GF_ROOF_SLAB-18,SUP-GF_ROOF_SLAB-108,TOP:SUP-GF_ROOF_SLAB-108:SP-GF_ROOF_SLAB-17|SP-GF_ROOF_SLAB-18:X,GF_ROOF_SLAB,TOP_SUPPORT_CROSSING,TOP,X,10,5,,1,2.54844,12.7422,UNRESOLVED,,,0.2,0,,2.54844,0.617283951,1.573111111,PROJECT_BASIS_QTO,"PROJECT_BASIS_QTO: rate density over the frozen PRE-S7.1 local bar strips; a lower bound of the physical steel (every blocked portion is excluded, not zero); not a bar-by-bar BBS","PROJECT_GEOMETRY: over the support between the two panel faces along each bar line (the far face found beyond each strip end, AD2-D15)","PROJECT_SOURCE: plan note 2 (5Ø10/m top steel over beams, both directions) -> 5 bars/m of Ø10; equivalent count by URBAN_RATE_DENSITY (AD2-D02); PHYSICAL_BBS_COUNT UNRESOLVED",PROJECT_SOURCE: full callout density 1 (no 50 % rule split on this item),,,,SUPPORT_GAP (face to face over the support),PROJECT_GEOMETRY,SUPPORT_FACE,PROJECT_GEOMETRY,PROJECT_SOURCE (plan note 2: top steel),"[""P4-6-NOTE-2-TOP-OVER-BEAMS""]","[""URBAN_RATE_DENSITY (AD2-D02: equivalent count = rate x density x width, unrounded)""]","[""AD2-D02"", ""AD2-D05"", ""AD2-D15""]","[""QI-00900""]",20,False,False,5 /m x 1 x 2.54844 m x 0.2 m = 2.54844 m; x 10^2/162 = 0.617283951 kg/m -> 1.573111111 kg,PRE-S7.1 11_S7_RELEASE_CANDIDATES.csv QI-00899 (manifest 3a67a8641ce4); 20 local bar strips in 04_S7_BAR_RUNS.csv
S7-0376,QI-00901,CMP-0384,SUP-GF_ROOF_SLAB-109,SUPPORT,SP-GF_ROOF_SLAB-30,SUP-GF_ROOF_SLAB-109,TOP:SUP-GF_ROOF_SLAB-109:SP-GF_ROOF_SLAB-30:Y,GF_ROOF_SLAB,TOP_OVER_SUPPORT_EXTENSION,TOP,Y,10,5,,1,3.376414,16.88207,UNRESOLVED,1.042617226,,0,0.347539075,0.347539075,5.867179,0.617283951,3.621715432,PROJECT_BASIS_QTO,"PROJECT_BASIS_QTO: rate density over the frozen PRE-S7.1 local bar strips; a lower bound of the physical steel (every blocked portion is excluded, not zero); not a bar-by-bar BBS","PROJECT_SOURCE ratio 1/3 (P4-6-NOTE-2-TOP-OVER-BEAMS: 'length one third of the span'); URBAN_OWNER_MEASUREMENT_RULE URBAN_QTO_TOP_OVER_SUPPORT_EXTENT_V1: measured from the support face into the clear span of SP-GF_ROOF_SLAB-30 (note 2 does not state the origin, the span or total-vs-each-side); local L by URBAN_QTO_LOCAL_BAR_LINE_V1","PROJECT_SOURCE: plan note 2 (5Ø10/m top steel over beams, both directions) -> 5 bars/m of Ø10; equivalent count by URBAN_RATE_DENSITY (AD2-D02); PHYSICAL_BBS_COUNT UNRESOLVED",PROJECT_SOURCE: full callout density 1 (no 50 % rule split on this item),0.333333333,P4-6-NOTE-2-TOP-OVER-BEAMS,PROJECT_SOURCE,"CLEAR_SPAN of the panel on each side, along each bar line",URBAN_OWNER_MEASUREMENT_RULE,SUPPORT_FACE (extension into the clear span),URBAN_OWNER_MEASUREMENT_RULE,PROJECT_SOURCE (plan note 2: top steel),"[""P4-6-NOTE-2-TOP-OVER-BEAMS""]","[""URBAN_RATE_DENSITY (AD2-D02: equivalent count = rate x density x width, unrounded)"", ""URBAN_QTO_LOCAL_BAR_LINE_V1 (AD2-D14)"", ""URBAN_QTO_TOP_OVER_SUPPORT_EXTENT_V1""]","[""AD2-D02"", ""AD2-D05"", ""AD2-D06"", ""AD2-D14""]","[""QI-00902""]",8,False,False,5 /m x 1 x 3.376414 m x 0.347539075 m = 5.867179 m; x 10^2/162 = 0.617283951 kg/m -> 3.621715432 kg,PRE-S7.1 11_S7_RELEASE_CANDIDATES.csv QI-00901 (manifest 3a67a8641ce4); 8 local bar strips in 04_S7_BAR_RUNS.csv
S7-0377,QI-00903,CMP-0385,SUP-GF_ROOF_SLAB-110,SUPPORT,SP-GF_ROOF_SLAB-31,SUP-GF_ROOF_SLAB-110,TOP:SUP-GF_ROOF_SLAB-110:SP-GF_ROOF_SLAB-31:Y,GF_ROOF_SLAB,TOP_OVER_SUPPORT_EXTENSION,TOP,Y,10,5,,1,2.005011,10.025055,UNRESOLVED,1.2,,0,0.4,0.4,4.010022,0.617283951,2.475322222,PROJECT_BASIS_QTO,"PROJECT_BASIS_QTO: rate density over the frozen PRE-S7.1 local bar strips; a lower bound of the physical steel (every blocked portion is excluded, not zero); not a bar-by-bar BBS","PROJECT_SOURCE ratio 1/3 (P4-6-NOTE-2-TOP-OVER-BEAMS: 'length one third of the span'); URBAN_OWNER_MEASUREMENT_RULE URBAN_QTO_TOP_OVER_SUPPORT_EXTENT_V1: measured from the support face into the clear span of SP-GF_ROOF_SLAB-31 (note 2 does not state the origin, the span or total-vs-each-side); local L by URBAN_QTO_LOCAL_BAR_LINE_V1","PROJECT_SOURCE: plan note 2 (5Ø10/m top steel over beams, both directions) -> 5 bars/m of Ø10; equivalent count by URBAN_RATE_DENSITY (AD2-D02); PHYSICAL_BBS_COUNT UNRESOLVED",PROJECT_SOURCE: full callout density 1 (no 50 % rule split on this item),0.333333333,P4-6-NOTE-2-TOP-OVER-BEAMS,PROJECT_SOURCE,"CLEAR_SPAN of the panel on each side, along each bar line",URBAN_OWNER_MEASUREMENT_RULE,SUPPORT_FACE (extension into the clear span),URBAN_OWNER_MEASUREMENT_RULE,PROJECT_SOURCE (plan note 2: top steel),"[""P4-6-NOTE-2-TOP-OVER-BEAMS""]","[""URBAN_RATE_DENSITY (AD2-D02: equivalent count = rate x density x width, unrounded)"", ""URBAN_QTO_LOCAL_BAR_LINE_V1 (AD2-D14)"", ""URBAN_QTO_TOP_OVER_SUPPORT_EXTENT_V1""]","[""AD2-D02"", ""AD2-D05"", ""AD2-D06"", ""AD2-D14""]","[""QI-00904""]",1,False,False,5 /m x 1 x 2.005011 m x 0.4 m = 4.010022 m; x 10^2/162 = 0.617283951 kg/m -> 2.475322222 kg,PRE-S7.1 11_S7_RELEASE_CANDIDATES.csv QI-00903 (manifest 3a67a8641ce4); 1 local bar strips in 04_S7_BAR_RUNS.csv
S7-0378,QI-00905,CMP-0386,SUP-GF_ROOF_SLAB-111,SUPPORT,SP-GF_ROOF_SLAB-32,SUP-GF_ROOF_SLAB-111,TOP:SUP-GF_ROOF_SLAB-111:SP-GF_ROOF_SLAB-32:Y,GF_ROOF_SLAB,TOP_OVER_SUPPORT_EXTENSION,TOP,Y,10,5,,1,6.47,32.35,UNRESOLVED,1.2,,0,0.4,0.4,12.94,0.617283951,7.987654321,PROJECT_BASIS_QTO,"PROJECT_BASIS_QTO: rate density over the frozen PRE-S7.1 local bar strips; a lower bound of the physical steel (every blocked portion is excluded, not zero); not a bar-by-bar BBS","PROJECT_SOURCE ratio 1/3 (P4-6-NOTE-2-TOP-OVER-BEAMS: 'length one third of the span'); URBAN_OWNER_MEASUREMENT_RULE URBAN_QTO_TOP_OVER_SUPPORT_EXTENT_V1: measured from the support face into the clear span of SP-GF_ROOF_SLAB-32 (note 2 does not state the origin, the span or total-vs-each-side)","PROJECT_SOURCE: plan note 2 (5Ø10/m top steel over beams, both directions) -> 5 bars/m of Ø10; equivalent count by URBAN_RATE_DENSITY (AD2-D02); PHYSICAL_BBS_COUNT UNRESOLVED",PROJECT_SOURCE: full callout density 1 (no 50 % rule split on this item),0.333333333,P4-6-NOTE-2-TOP-OVER-BEAMS,PROJECT_SOURCE,"CLEAR_SPAN of the panel on each side, along each bar line",URBAN_OWNER_MEASUREMENT_RULE,SUPPORT_FACE (extension into the clear span),URBAN_OWNER_MEASUREMENT_RULE,PROJECT_SOURCE (plan note 2: top steel),"[""P4-6-NOTE-2-TOP-OVER-BEAMS""]","[""URBAN_RATE_DENSITY (AD2-D02: equivalent count = rate x density x width, unrounded)"", ""URBAN_QTO_TOP_OVER_SUPPORT_EXTENT_V1""]","[""AD2-D02"", ""AD2-D05"", ""AD2-D06""]","[""QI-00906""]",6,False,False,5 /m x 1 x 6.47 m x 0.4 m = 12.94 m; x 10^2/162 = 0.617283951 kg/m -> 7.987654321 kg,PRE-S7.1 11_S7_RELEASE_CANDIDATES.csv QI-00905 (manifest 3a67a8641ce4); 6 local bar strips in 04_S7_BAR_RUNS.csv
S7-0379,QI-00907,CMP-0387,SUP-GF_ROOF_SLAB-112,SUPPORT,SP-GF_ROOF_SLAB-33,SUP-GF_ROOF_SLAB-112,TOP:SUP-GF_ROOF_SLAB-112:SP-GF_ROOF_SLAB-33:Y,GF_ROOF_SLAB,TOP_OVER_SUPPORT_EXTENSION,TOP,Y,10,5,,1,3.557589,17.787945,UNRESOLVED,1.2,,0,0.4,0.4,7.115178,0.617283951,4.392085185,PROJECT_BASIS_QTO,"PROJECT_BASIS_QTO: rate density over the frozen PRE-S7.1 local bar strips; a lower bound of the physical steel (every blocked portion is excluded, not zero); not a bar-by-bar BBS","PROJECT_SOURCE ratio 1/3 (P4-6-NOTE-2-TOP-OVER-BEAMS: 'length one third of the span'); URBAN_OWNER_MEASUREMENT_RULE URBAN_QTO_TOP_OVER_SUPPORT_EXTENT_V1: measured from the support face into the clear span of SP-GF_ROOF_SLAB-33 (note 2 does not state the origin, the span or total-vs-each-side)","PROJECT_SOURCE: plan note 2 (5Ø10/m top steel over beams, both directions) -> 5 bars/m of Ø10; equivalent count by URBAN_RATE_DENSITY (AD2-D02); PHYSICAL_BBS_COUNT UNRESOLVED",PROJECT_SOURCE: full callout density 1 (no 50 % rule split on this item),0.333333333,P4-6-NOTE-2-TOP-OVER-BEAMS,PROJECT_SOURCE,"CLEAR_SPAN of the panel on each side, along each bar line",URBAN_OWNER_MEASUREMENT_RULE,SUPPORT_FACE (extension into the clear span),URBAN_OWNER_MEASUREMENT_RULE,PROJECT_SOURCE (plan note 2: top steel),"[""P4-6-NOTE-2-TOP-OVER-BEAMS""]","[""URBAN_RATE_DENSITY (AD2-D02: equivalent count = rate x density x width, unrounded)"", ""URBAN_QTO_TOP_OVER_SUPPORT_EXTENT_V1""]","[""AD2-D02"", ""AD2-D05"", ""AD2-D06""]","[""QI-00908""]",6,False,False,5 /m x 1 x 3.557589 m x 0.4 m = 7.115178 m; x 10^2/162 = 0.617283951 kg/m -> 4.392085185 kg,PRE-S7.1 11_S7_RELEASE_CANDIDATES.csv QI-00907 (manifest 3a67a8641ce4); 6 local bar strips in 04_S7_BAR_RUNS.csv
S7-0380,QI-00909,CMP-0388,SUP-1F_ROOF_SLAB-113,SUPPORT,SP-1F_ROOF_SLAB-21,SUP-1F_ROOF_SLAB-113,TOP:SUP-1F_ROOF_SLAB-113:SP-1F_ROOF_SLAB-21:Y,1F_ROOF_SLAB,TOP_OVER_SUPPORT_EXTENSION,TOP,Y,10,5,,1,4.3,21.5,UNRESOLVED,4.85,,0,1.616666667,1.616666667,34.758333333,0.617283951,21.455761317,PROJECT_BASIS_QTO,"PROJECT_BASIS_QTO: rate density over the frozen PRE-S7.1 local bar strips; a lower bound of the physical steel (every blocked portion is excluded, not zero); not a bar-by-bar BBS","PROJECT_SOURCE ratio 1/3 (P4-6-NOTE-2-TOP-OVER-BEAMS: 'length one third of the span'); URBAN_OWNER_MEASUREMENT_RULE URBAN_QTO_TOP_OVER_SUPPORT_EXTENT_V1: measured from the support face into the clear span of SP-1F_ROOF_SLAB-21 (note 2 does not state the origin, the span or total-vs-each-side)","PROJECT_SOURCE: plan note 2 (5Ø10/m top steel over beams, both directions) -> 5 bars/m of Ø10; equivalent count by URBAN_RATE_DENSITY (AD2-D02); PHYSICAL_BBS_COUNT UNRESOLVED",PROJECT_SOURCE: full callout density 1 (no 50 % rule split on this item),0.333333333,P4-6-NOTE-2-TOP-OVER-BEAMS,PROJECT_SOURCE,"CLEAR_SPAN of the panel on each side, along each bar line",URBAN_OWNER_MEASUREMENT_RULE,SUPPORT_FACE (extension into the clear span),URBAN_OWNER_MEASUREMENT_RULE,PROJECT_SOURCE (plan note 2: top steel),"[""P4-6-NOTE-2-TOP-OVER-BEAMS""]","[""URBAN_RATE_DENSITY (AD2-D02: equivalent count = rate x density x width, unrounded)"", ""URBAN_QTO_TOP_OVER_SUPPORT_EXTENT_V1""]","[""AD2-D02"", ""AD2-D05"", ""AD2-D06""]","[""QI-00910""]",3,False,False,5 /m x 1 x 4.3 m x 1.616666667 m = 34.758333333 m; x 10^2/162 = 0.617283951 kg/m -> 21.455761317 kg,PRE-S7.1 11_S7_RELEASE_CANDIDATES.csv QI-00909 (manifest 3a67a8641ce4); 3 local bar strips in 04_S7_BAR_RUNS.csv
S7-0381,QI-00911,CMP-0389,SUP-1F_ROOF_SLAB-114,SUPPORT,SP-1F_ROOF_SLAB-22,SUP-1F_ROOF_SLAB-114,TOP:SUP-1F_ROOF_SLAB-114:SP-1F_ROOF_SLAB-22:Y,1F_ROOF_SLAB,TOP_OVER_SUPPORT_EXTENSION,TOP,Y,10,5,,1,2.273909,11.369545,UNRESOLVED,4.85,,0,1.616666667,1.616666667,18.380764417,0.617283951,11.346150874,PROJECT_BASIS_QTO,"PROJECT_BASIS_QTO: rate density over the frozen PRE-S7.1 local bar strips; a lower bound of the physical steel (every blocked portion is excluded, not zero); not a bar-by-bar BBS","PROJECT_SOURCE ratio 1/3 (P4-6-NOTE-2-TOP-OVER-BEAMS: 'length one third of the span'); URBAN_OWNER_MEASUREMENT_RULE URBAN_QTO_TOP_OVER_SUPPORT_EXTENT_V1: measured from the support face into the clear span of SP-1F_ROOF_SLAB-22 (note 2 does not state the origin, the span or total-vs-each-side)","PROJECT_SOURCE: plan note 2 (5Ø10/m top steel over beams, both directions) -> 5 bars/m of Ø10; equivalent count by URBAN_RATE_DENSITY (AD2-D02); PHYSICAL_BBS_COUNT UNRESOLVED",PROJECT_SOURCE: full callout density 1 (no 50 % rule split on this item),0.333333333,P4-6-NOTE-2-TOP-OVER-BEAMS,PROJECT_SOURCE,"CLEAR_SPAN of the panel on each side, along each bar line",URBAN_OWNER_MEASUREMENT_RULE,SUPPORT_FACE (extension into the clear span),URBAN_OWNER_MEASUREMENT_RULE,PROJECT_SOURCE (plan note 2: top steel),"[""P4-6-NOTE-2-TOP-OVER-BEAMS""]","[""URBAN_RATE_DENSITY (AD2-D02: equivalent count = rate x density x width, unrounded)"", ""URBAN_QTO_TOP_OVER_SUPPORT_EXTENT_V1""]","[""AD2-D02"", ""AD2-D05"", ""AD2-D06""]","[""QI-00912""]",1,False,False,5 /m x 1 x 2.273909 m x 1.616666667 m = 18.380764417 m; x 10^2/162 = 0.617283951 kg/m -> 11.346150874 kg,PRE-S7.1 11_S7_RELEASE_CANDIDATES.csv QI-00911 (manifest 3a67a8641ce4); 1 local bar strips in 04_S7_BAR_RUNS.csv
S7-0382,QI-00913,CMP-0390,SUP-1F_ROOF_SLAB-115,SUPPORT,SP-1F_ROOF_SLAB-23,SUP-1F_ROOF_SLAB-115,TOP:SUP-1F_ROOF_SLAB-115:SP-1F_ROOF_SLAB-23:Y,1F_ROOF_SLAB,TOP_OVER_SUPPORT_EXTENSION,TOP,Y,10,5,,1,2.273908,11.36954,UNRESOLVED,4.85,,0,1.616666667,1.616666667,18.380756333,0.617283951,11.346145885,PROJECT_BASIS_QTO,"PROJECT_BASIS_QTO: rate density over the frozen PRE-S7.1 local bar strips; a lower bound of the physical steel (every blocked portion is excluded, not zero); not a bar-by-bar BBS","PROJECT_SOURCE ratio 1/3 (P4-6-NOTE-2-TOP-OVER-BEAMS: 'length one third of the span'); URBAN_OWNER_MEASUREMENT_RULE URBAN_QTO_TOP_OVER_SUPPORT_EXTENT_V1: measured from the support face into the clear span of SP-1F_ROOF_SLAB-23 (note 2 does not state the origin, the span or total-vs-each-side)","PROJECT_SOURCE: plan note 2 (5Ø10/m top steel over beams, both directions) -> 5 bars/m of Ø10; equivalent count by URBAN_RATE_DENSITY (AD2-D02); PHYSICAL_BBS_COUNT UNRESOLVED",PROJECT_SOURCE: full callout density 1 (no 50 % rule split on this item),0.333333333,P4-6-NOTE-2-TOP-OVER-BEAMS,PROJECT_SOURCE,"CLEAR_SPAN of the panel on each side, along each bar line",URBAN_OWNER_MEASUREMENT_RULE,SUPPORT_FACE (extension into the clear span),URBAN_OWNER_MEASUREMENT_RULE,PROJECT_SOURCE (plan note 2: top steel),"[""P4-6-NOTE-2-TOP-OVER-BEAMS""]","[""URBAN_RATE_DENSITY (AD2-D02: equivalent count = rate x density x width, unrounded)"", ""URBAN_QTO_TOP_OVER_SUPPORT_EXTENT_V1""]","[""AD2-D02"", ""AD2-D05"", ""AD2-D06""]","[""QI-00914""]",3,False,False,5 /m x 1 x 2.273908 m x 1.616666667 m = 18.380756333 m; x 10^2/162 = 0.617283951 kg/m -> 11.346145885 kg,PRE-S7.1 11_S7_RELEASE_CANDIDATES.csv QI-00913 (manifest 3a67a8641ce4); 3 local bar strips in 04_S7_BAR_RUNS.csv
S7-0383,QI-00915,CMP-0391,SUP-1F_ROOF_SLAB-116,SUPPORT,SP-1F_ROOF_SLAB-24,SUP-1F_ROOF_SLAB-116,TOP:SUP-1F_ROOF_SLAB-116:SP-1F_ROOF_SLAB-24:Y,1F_ROOF_SLAB,TOP_OVER_SUPPORT_EXTENSION,TOP,Y,10,5,,1,4.372183,21.860915,UNRESOLVED,1.042339,,0,0.347446333,0.347446333,7.59549476,0.617283951,4.688577012,PROJECT_BASIS_QTO,"PROJECT_BASIS_QTO: rate density over the frozen PRE-S7.1 local bar strips; a lower bound of the physical steel (every blocked portion is excluded, not zero); not a bar-by-bar BBS","PROJECT_SOURCE ratio 1/3 (P4-6-NOTE-2-TOP-OVER-BEAMS: 'length one third of the span'); URBAN_OWNER_MEASUREMENT_RULE URBAN_QTO_TOP_OVER_SUPPORT_EXTENT_V1: measured from the support face into the clear span of SP-1F_ROOF_SLAB-24 (note 2 does not state the origin, the span or total-vs-each-side)","PROJECT_SOURCE: plan note 2 (5Ø10/m top steel over beams, both directions) -> 5 bars/m of Ø10; equivalent count by URBAN_RATE_DENSITY (AD2-D02); PHYSICAL_BBS_COUNT UNRESOLVED",PROJECT_SOURCE: full callout density 1 (no 50 % rule split on this item),0.333333333,P4-6-NOTE-2-TOP-OVER-BEAMS,PROJECT_SOURCE,"CLEAR_SPAN of the panel on each side, along each bar line",URBAN_OWNER_MEASUREMENT_RULE,SUPPORT_FACE (extension into the clear span),URBAN_OWNER_MEASUREMENT_RULE,PROJECT_SOURCE (plan note 2: top steel),"[""P4-6-NOTE-2-TOP-OVER-BEAMS""]","[""URBAN_RATE_DENSITY (AD2-D02: equivalent count = rate x density x width, unrounded)"", ""URBAN_QTO_TOP_OVER_SUPPORT_EXTENT_V1""]","[""AD2-D02"", ""AD2-D05"", ""AD2-D06""]","[""QI-00916""]",34,False,False,5 /m x 1 x 4.372183 m x 0.347446333 m = 7.59549476 m; x 10^2/162 = 0.617283951 kg/m -> 4.688577012 kg,PRE-S7.1 11_S7_RELEASE_CANDIDATES.csv QI-00915 (manifest 3a67a8641ce4); 34 local bar strips in 04_S7_BAR_RUNS.csv
S7-0384,QI-00918,CMP-0392,SUP-1F_ROOF_SLAB-117,SUPPORT,SP-1F_ROOF_SLAB-09,SUP-1F_ROOF_SLAB-117,TOP:SUP-1F_ROOF_SLAB-117:SP-1F_ROOF_SLAB-09:Y,1F_ROOF_SLAB,TOP_OVER_SUPPORT_EXTENSION,TOP,Y,10,5,,1,1.597817,7.989085,UNRESOLVED,1.7285485,,0,0.576182833,0.576182833,4.603173631,0.617283951,2.841465204,PROJECT_BASIS_QTO,"PROJECT_BASIS_QTO: rate density over the frozen PRE-S7.1 local bar strips; a lower bound of the physical steel (every blocked portion is excluded, not zero); not a bar-by-bar BBS","PROJECT_SOURCE ratio 1/3 (P4-6-NOTE-2-TOP-OVER-BEAMS: 'length one third of the span'); URBAN_OWNER_MEASUREMENT_RULE URBAN_QTO_TOP_OVER_SUPPORT_EXTENT_V1: measured from the support face into the clear span of SP-1F_ROOF_SLAB-09 (note 2 does not state the origin, the span or total-vs-each-side); local L by URBAN_QTO_LOCAL_BAR_LINE_V1","PROJECT_SOURCE: plan note 2 (5Ø10/m top steel over beams, both directions) -> 5 bars/m of Ø10; equivalent count by URBAN_RATE_DENSITY (AD2-D02); PHYSICAL_BBS_COUNT UNRESOLVED",PROJECT_SOURCE: full callout density 1 (no 50 % rule split on this item),0.333333333,P4-6-NOTE-2-TOP-OVER-BEAMS,PROJECT_SOURCE,"CLEAR_SPAN of the panel on each side, along each bar line",URBAN_OWNER_MEASUREMENT_RULE,SUPPORT_FACE (extension into the clear span),URBAN_OWNER_MEASUREMENT_RULE,PROJECT_SOURCE (plan note 2: top steel),"[""P4-6-NOTE-2-TOP-OVER-BEAMS""]","[""URBAN_RATE_DENSITY (AD2-D02: equivalent count = rate x density x width, unrounded)"", ""URBAN_QTO_LOCAL_BAR_LINE_V1 (AD2-D14)"", ""URBAN_QTO_TOP_OVER_SUPPORT_EXTENT_V1""]","[""AD2-D02"", ""AD2-D05"", ""AD2-D06"", ""AD2-D14""]","[""QI-00917""]",1,False,False,5 /m x 1 x 1.597817 m x 0.576182833 m = 4.603173631 m; x 10^2/162 = 0.617283951 kg/m -> 2.841465204 kg,PRE-S7.1 11_S7_RELEASE_CANDIDATES.csv QI-00918 (manifest 3a67a8641ce4); 1 local bar strips in 04_S7_BAR_RUNS.csv
S7-0385,QI-00919,CMP-0392,SUP-1F_ROOF_SLAB-117,SUPPORT,SP-1F_ROOF_SLAB-23,SUP-1F_ROOF_SLAB-117,TOP:SUP-1F_ROOF_SLAB-117:SP-1F_ROOF_SLAB-23:Y,1F_ROOF_SLAB,TOP_OVER_SUPPORT_EXTENSION,TOP,Y,10,5,,1,2.273908,11.36954,UNRESOLVED,4.85,,0,1.616666667,1.616666667,18.380756333,0.617283951,11.346145885,PROJECT_BASIS_QTO,"PROJECT_BASIS_QTO: rate density over the frozen PRE-S7.1 local bar strips; a lower bound of the physical steel (every blocked portion is excluded, not zero); not a bar-by-bar BBS","PROJECT_SOURCE ratio 1/3 (P4-6-NOTE-2-TOP-OVER-BEAMS: 'length one third of the span'); URBAN_OWNER_MEASUREMENT_RULE URBAN_QTO_TOP_OVER_SUPPORT_EXTENT_V1: measured from the support face into the clear span of SP-1F_ROOF_SLAB-23 (note 2 does not state the origin, the span or total-vs-each-side)","PROJECT_SOURCE: plan note 2 (5Ø10/m top steel over beams, both directions) -> 5 bars/m of Ø10; equivalent count by URBAN_RATE_DENSITY (AD2-D02); PHYSICAL_BBS_COUNT UNRESOLVED",PROJECT_SOURCE: full callout density 1 (no 50 % rule split on this item),0.333333333,P4-6-NOTE-2-TOP-OVER-BEAMS,PROJECT_SOURCE,"CLEAR_SPAN of the panel on each side, along each bar line",URBAN_OWNER_MEASUREMENT_RULE,SUPPORT_FACE (extension into the clear span),URBAN_OWNER_MEASUREMENT_RULE,PROJECT_SOURCE (plan note 2: top steel),"[""P4-6-NOTE-2-TOP-OVER-BEAMS""]","[""URBAN_RATE_DENSITY (AD2-D02: equivalent count = rate x density x width, unrounded)"", ""URBAN_QTO_TOP_OVER_SUPPORT_EXTENT_V1""]","[""AD2-D02"", ""AD2-D05"", ""AD2-D06""]","[""QI-00917""]",3,False,False,5 /m x 1 x 2.273908 m x 1.616666667 m = 18.380756333 m; x 10^2/162 = 0.617283951 kg/m -> 11.346145885 kg,PRE-S7.1 11_S7_RELEASE_CANDIDATES.csv QI-00919 (manifest 3a67a8641ce4); 3 local bar strips in 04_S7_BAR_RUNS.csv
S7-0386,QI-00920,CMP-0392,SUP-1F_ROOF_SLAB-117,SUPPORT,SP-1F_ROOF_SLAB-09|SP-1F_ROOF_SLAB-23,SUP-1F_ROOF_SLAB-117,TOP:SUP-1F_ROOF_SLAB-117:SP-1F_ROOF_SLAB-09|SP-1F_ROOF_SLAB-23:Y,1F_ROOF_SLAB,TOP_SUPPORT_CROSSING,TOP,Y,10,5,,1,1.597817,7.989085,UNRESOLVED,,,0.2,0,,1.597817,0.617283951,0.98630679,PROJECT_BASIS_QTO,"PROJECT_BASIS_QTO: rate density over the frozen PRE-S7.1 local bar strips; a lower bound of the physical steel (every blocked portion is excluded, not zero); not a bar-by-bar BBS","PROJECT_GEOMETRY: over the support between the two panel faces along each bar line (the far face found beyond each strip end, AD2-D15)","PROJECT_SOURCE: plan note 2 (5Ø10/m top steel over beams, both directions) -> 5 bars/m of Ø10; equivalent count by URBAN_RATE_DENSITY (AD2-D02); PHYSICAL_BBS_COUNT UNRESOLVED",PROJECT_SOURCE: full callout density 1 (no 50 % rule split on this item),,,,SUPPORT_GAP (face to face over the support),PROJECT_GEOMETRY,SUPPORT_FACE,PROJECT_GEOMETRY,PROJECT_SOURCE (plan note 2: top steel),"[""P4-6-NOTE-2-TOP-OVER-BEAMS""]","[""URBAN_RATE_DENSITY (AD2-D02: equivalent count = rate x density x width, unrounded)""]","[""AD2-D02"", ""AD2-D05"", ""AD2-D15""]","[""QI-00917""]",1,False,False,5 /m x 1 x 1.597817 m x 0.2 m = 1.597817 m; x 10^2/162 = 0.617283951 kg/m -> 0.98630679 kg,PRE-S7.1 11_S7_RELEASE_CANDIDATES.csv QI-00920 (manifest 3a67a8641ce4); 1 local bar strips in 04_S7_BAR_RUNS.csv
S7-0387,QI-00921,CMP-0393,SUP-1F_ROOF_SLAB-118,SUPPORT,SP-1F_ROOF_SLAB-11,SUP-1F_ROOF_SLAB-118,TOP:SUP-1F_ROOF_SLAB-118:SP-1F_ROOF_SLAB-11:Y,1F_ROOF_SLAB,TOP_OVER_SUPPORT_EXTENSION,TOP,Y,10,5,,1,4.3,21.5,UNRESOLVED,1.501162791,,0,0.500387597,0.500387597,10.758333333,0.617283951,6.640946502,PROJECT_BASIS_QTO,"PROJECT_BASIS_QTO: rate density over the frozen PRE-S7.1 local bar strips; a lower bound of the physical steel (every blocked portion is excluded, not zero); not a bar-by-bar BBS","PROJECT_SOURCE ratio 1/3 (P4-6-NOTE-2-TOP-OVER-BEAMS: 'length one third of the span'); URBAN_OWNER_MEASUREMENT_RULE URBAN_QTO_TOP_OVER_SUPPORT_EXTENT_V1: measured from the support face into the clear span of SP-1F_ROOF_SLAB-11 (note 2 does not state the origin, the span or total-vs-each-side); local L by URBAN_QTO_LOCAL_BAR_LINE_V1","PROJECT_SOURCE: plan note 2 (5Ø10/m top steel over beams, both directions) -> 5 bars/m of Ø10; equivalent count by URBAN_RATE_DENSITY (AD2-D02); PHYSICAL_BBS_COUNT UNRESOLVED",PROJECT_SOURCE: full callout density 1 (no 50 % rule split on this item),0.333333333,P4-6-NOTE-2-TOP-OVER-BEAMS,PROJECT_SOURCE,"CLEAR_SPAN of the panel on each side, along each bar line",URBAN_OWNER_MEASUREMENT_RULE,SUPPORT_FACE (extension into the clear span),URBAN_OWNER_MEASUREMENT_RULE,PROJECT_SOURCE (plan note 2: top steel),"[""P4-6-NOTE-2-TOP-OVER-BEAMS""]","[""URBAN_RATE_DENSITY (AD2-D02: equivalent count = rate x density x width, unrounded)"", ""URBAN_QTO_LOCAL_BAR_LINE_V1 (AD2-D14)"", ""URBAN_QTO_TOP_OVER_SUPPORT_EXTENT_V1""]","[""AD2-D02"", ""AD2-D05"", ""AD2-D06"", ""AD2-D14""]",[],5,False,False,5 /m x 1 x 4.3 m x 0.500387597 m = 10.758333333 m; x 10^2/162 = 0.617283951 kg/m -> 6.640946502 kg,PRE-S7.1 11_S7_RELEASE_CANDIDATES.csv QI-00921 (manifest 3a67a8641ce4); 5 local bar strips in 04_S7_BAR_RUNS.csv
S7-0388,QI-00922,CMP-0393,SUP-1F_ROOF_SLAB-118,SUPPORT,SP-1F_ROOF_SLAB-21,SUP-1F_ROOF_SLAB-118,TOP:SUP-1F_ROOF_SLAB-118:SP-1F_ROOF_SLAB-21:Y,1F_ROOF_SLAB,TOP_OVER_SUPPORT_EXTENSION,TOP,Y,10,5,,1,4.3,21.5,UNRESOLVED,4.85,,0,1.616666667,1.616666667,34.758333333,0.617283951,21.455761317,PROJECT_BASIS_QTO,"PROJECT_BASIS_QTO: rate density over the frozen PRE-S7.1 local bar strips; a lower bound of the physical steel (every blocked portion is excluded, not zero); not a bar-by-bar BBS","PROJECT_SOURCE ratio 1/3 (P4-6-NOTE-2-TOP-OVER-BEAMS: 'length one third of the span'); URBAN_OWNER_MEASUREMENT_RULE URBAN_QTO_TOP_OVER_SUPPORT_EXTENT_V1: measured from the support face into the clear span of SP-1F_ROOF_SLAB-21 (note 2 does not state the origin, the span or total-vs-each-side)","PROJECT_SOURCE: plan note 2 (5Ø10/m top steel over beams, both directions) -> 5 bars/m of Ø10; equivalent count by URBAN_RATE_DENSITY (AD2-D02); PHYSICAL_BBS_COUNT UNRESOLVED",PROJECT_SOURCE: full callout density 1 (no 50 % rule split on this item),0.333333333,P4-6-NOTE-2-TOP-OVER-BEAMS,PROJECT_SOURCE,"CLEAR_SPAN of the panel on each side, along each bar line",URBAN_OWNER_MEASUREMENT_RULE,SUPPORT_FACE (extension into the clear span),URBAN_OWNER_MEASUREMENT_RULE,PROJECT_SOURCE (plan note 2: top steel),"[""P4-6-NOTE-2-TOP-OVER-BEAMS""]","[""URBAN_RATE_DENSITY (AD2-D02: equivalent count = rate x density x width, unrounded)"", ""URBAN_QTO_TOP_OVER_SUPPORT_EXTENT_V1""]","[""AD2-D02"", ""AD2-D05"", ""AD2-D06""]",[],3,False,False,5 /m x 1 x 4.3 m x 1.616666667 m = 34.758333333 m; x 10^2/162 = 0.617283951 kg/m -> 21.455761317 kg,PRE-S7.1 11_S7_RELEASE_CANDIDATES.csv QI-00922 (manifest 3a67a8641ce4); 3 local bar strips in 04_S7_BAR_RUNS.csv
S7-0389,QI-00923,CMP-0393,SUP-1F_ROOF_SLAB-118,SUPPORT,SP-1F_ROOF_SLAB-11|SP-1F_ROOF_SLAB-21,SUP-1F_ROOF_SLAB-118,TOP:SUP-1F_ROOF_SLAB-118:SP-1F_ROOF_SLAB-11|SP-1F_ROOF_SLAB-21:Y,1F_ROOF_SLAB,TOP_SUPPORT_CROSSING,TOP,Y,10,5,,1,4.3,21.5,UNRESOLVED,,,0.2,0,,4.3,0.617283951,2.654320988,PROJECT_BASIS_QTO,"PROJECT_BASIS_QTO: rate density over the frozen PRE-S7.1 local bar strips; a lower bound of the physical steel (every blocked portion is excluded, not zero); not a bar-by-bar BBS","PROJECT_GEOMETRY: over the support between the two panel faces along each bar line (the far face found beyond each strip end, AD2-D15)","PROJECT_SOURCE: plan note 2 (5Ø10/m top steel over beams, both directions) -> 5 bars/m of Ø10; equivalent count by URBAN_RATE_DENSITY (AD2-D02); PHYSICAL_BBS_COUNT UNRESOLVED",PROJECT_SOURCE: full callout density 1 (no 50 % rule split on this item),,,,SUPPORT_GAP (face to face over the support),PROJECT_GEOMETRY,SUPPORT_FACE,PROJECT_GEOMETRY,PROJECT_SOURCE (plan note 2: top steel),"[""P4-6-NOTE-2-TOP-OVER-BEAMS""]","[""URBAN_RATE_DENSITY (AD2-D02: equivalent count = rate x density x width, unrounded)""]","[""AD2-D02"", ""AD2-D05"", ""AD2-D15""]",[],5,False,False,5 /m x 1 x 4.3 m x 0.2 m = 4.3 m; x 10^2/162 = 0.617283951 kg/m -> 2.654320988 kg,PRE-S7.1 11_S7_RELEASE_CANDIDATES.csv QI-00923 (manifest 3a67a8641ce4); 5 local bar strips in 04_S7_BAR_RUNS.csv
S7-0390,QI-00924,CMP-0394,SUP-1F_ROOF_SLAB-119,SUPPORT,SP-1F_ROOF_SLAB-12,SUP-1F_ROOF_SLAB-119,TOP:SUP-1F_ROOF_SLAB-119:SP-1F_ROOF_SLAB-12:Y,1F_ROOF_SLAB,TOP_OVER_SUPPORT_EXTENSION,TOP,Y,10,5,,1,2.95,14.75,UNRESOLVED,1.428748,,0,0.476249333,0.476249333,7.024677667,0.617283951,4.336220782,PROJECT_BASIS_QTO,"PROJECT_BASIS_QTO: rate density over the frozen PRE-S7.1 local bar strips; a lower bound of the physical steel (every blocked portion is excluded, not zero); not a bar-by-bar BBS","PROJECT_SOURCE ratio 1/3 (P4-6-NOTE-2-TOP-OVER-BEAMS: 'length one third of the span'); URBAN_OWNER_MEASUREMENT_RULE URBAN_QTO_TOP_OVER_SUPPORT_EXTENT_V1: measured from the support face into the clear span of SP-1F_ROOF_SLAB-12 (note 2 does not state the origin, the span or total-vs-each-side); local L by URBAN_QTO_LOCAL_BAR_LINE_V1","PROJECT_SOURCE: plan note 2 (5Ø10/m top steel over beams, both directions) -> 5 bars/m of Ø10; equivalent count by URBAN_RATE_DENSITY (AD2-D02); PHYSICAL_BBS_COUNT UNRESOLVED",PROJECT_SOURCE: full callout density 1 (no 50 % rule split on this item),0.333333333,P4-6-NOTE-2-TOP-OVER-BEAMS,PROJECT_SOURCE,"CLEAR_SPAN of the panel on each side, along each bar line",URBAN_OWNER_MEASUREMENT_RULE,SUPPORT_FACE (extension into the clear span),URBAN_OWNER_MEASUREMENT_RULE,PROJECT_SOURCE (plan note 2: top steel),"[""P4-6-NOTE-2-TOP-OVER-BEAMS""]","[""URBAN_RATE_DENSITY (AD2-D02: equivalent count = rate x density x width, unrounded)"", ""URBAN_QTO_LOCAL_BAR_LINE_V1 (AD2-D14)"", ""URBAN_QTO_TOP_OVER_SUPPORT_EXTENT_V1""]","[""AD2-D02"", ""AD2-D05"", ""AD2-D06"", ""AD2-D14""]","[""QI-00927""]",5,False,False,5 /m x 1 x 2.95 m x 0.476249333 m = 7.024677667 m; x 10^2/162 = 0.617283951 kg/m -> 4.336220782 kg,PRE-S7.1 11_S7_RELEASE_CANDIDATES.csv QI-00924 (manifest 3a67a8641ce4); 5 local bar strips in 04_S7_BAR_RUNS.csv
S7-0391,QI-00925,CMP-0394,SUP-1F_ROOF_SLAB-119,SUPPORT,SP-1F_ROOF_SLAB-22,SUP-1F_ROOF_SLAB-119,TOP:SUP-1F_ROOF_SLAB-119:SP-1F_ROOF_SLAB-22:Y,1F_ROOF_SLAB,TOP_OVER_SUPPORT_EXTENSION,TOP,Y,10,5,,1,2.273909,11.369545,UNRESOLVED,4.85,,0,1.616666667,1.616666667,18.380764417,0.617283951,11.346150874,PROJECT_BASIS_QTO,"PROJECT_BASIS_QTO: rate density over the frozen PRE-S7.1 local bar strips; a lower bound of the physical steel (every blocked portion is excluded, not zero); not a bar-by-bar BBS","PROJECT_SOURCE ratio 1/3 (P4-6-NOTE-2-TOP-OVER-BEAMS: 'length one third of the span'); URBAN_OWNER_MEASUREMENT_RULE URBAN_QTO_TOP_OVER_SUPPORT_EXTENT_V1: measured from the support face into the clear span of SP-1F_ROOF_SLAB-22 (note 2 does not state the origin, the span or total-vs-each-side)","PROJECT_SOURCE: plan note 2 (5Ø10/m top steel over beams, both directions) -> 5 bars/m of Ø10; equivalent count by URBAN_RATE_DENSITY (AD2-D02); PHYSICAL_BBS_COUNT UNRESOLVED",PROJECT_SOURCE: full callout density 1 (no 50 % rule split on this item),0.333333333,P4-6-NOTE-2-TOP-OVER-BEAMS,PROJECT_SOURCE,"CLEAR_SPAN of the panel on each side, along each bar line",URBAN_OWNER_MEASUREMENT_RULE,SUPPORT_FACE (extension into the clear span),URBAN_OWNER_MEASUREMENT_RULE,PROJECT_SOURCE (plan note 2: top steel),"[""P4-6-NOTE-2-TOP-OVER-BEAMS""]","[""URBAN_RATE_DENSITY (AD2-D02: equivalent count = rate x density x width, unrounded)"", ""URBAN_QTO_TOP_OVER_SUPPORT_EXTENT_V1""]","[""AD2-D02"", ""AD2-D05"", ""AD2-D06""]","[""QI-00927""]",1,False,False,5 /m x 1 x 2.273909 m x 1.616666667 m = 18.380764417 m; x 10^2/162 = 0.617283951 kg/m -> 11.346150874 kg,PRE-S7.1 11_S7_RELEASE_CANDIDATES.csv QI-00925 (manifest 3a67a8641ce4); 1 local bar strips in 04_S7_BAR_RUNS.csv
S7-0392,QI-00926,CMP-0394,SUP-1F_ROOF_SLAB-119,SUPPORT,SP-1F_ROOF_SLAB-12|SP-1F_ROOF_SLAB-22,SUP-1F_ROOF_SLAB-119,TOP:SUP-1F_ROOF_SLAB-119:SP-1F_ROOF_SLAB-12|SP-1F_ROOF_SLAB-22:Y,1F_ROOF_SLAB,TOP_SUPPORT_CROSSING,TOP,Y,10,5,,1,2.273909,11.369545,UNRESOLVED,,,0.2,0,,2.273909,0.617283951,1.403647531,PROJECT_BASIS_QTO,"PROJECT_BASIS_QTO: rate density over the frozen PRE-S7.1 local bar strips; a lower bound of the physical steel (every blocked portion is excluded, not zero); not a bar-by-bar BBS","PROJECT_GEOMETRY: over the support between the two panel faces along each bar line (the far face found beyond each strip end, AD2-D15)","PROJECT_SOURCE: plan note 2 (5Ø10/m top steel over beams, both directions) -> 5 bars/m of Ø10; equivalent count by URBAN_RATE_DENSITY (AD2-D02); PHYSICAL_BBS_COUNT UNRESOLVED",PROJECT_SOURCE: full callout density 1 (no 50 % rule split on this item),,,,SUPPORT_GAP (face to face over the support),PROJECT_GEOMETRY,SUPPORT_FACE,PROJECT_GEOMETRY,PROJECT_SOURCE (plan note 2: top steel),"[""P4-6-NOTE-2-TOP-OVER-BEAMS""]","[""URBAN_RATE_DENSITY (AD2-D02: equivalent count = rate x density x width, unrounded)""]","[""AD2-D02"", ""AD2-D05"", ""AD2-D15""]","[""QI-00927""]",3,False,False,5 /m x 1 x 2.273909 m x 0.2 m = 2.273909 m; x 10^2/162 = 0.617283951 kg/m -> 1.403647531 kg,PRE-S7.1 11_S7_RELEASE_CANDIDATES.csv QI-00926 (manifest 3a67a8641ce4); 3 local bar strips in 04_S7_BAR_RUNS.csv
S7-0393,QI-00928,CMP-0394,SUP-1F_ROOF_SLAB-119,SUPPORT,SP-1F_ROOF_SLAB-12|SP-1F_ROOF_SLAB-23,SUP-1F_ROOF_SLAB-119,TOP:SUP-1F_ROOF_SLAB-119:SP-1F_ROOF_SLAB-12|SP-1F_ROOF_SLAB-23:Y,1F_ROOF_SLAB,TOP_SUPPORT_CROSSING,TOP,Y,10,5,,1,0.476091,2.380455,UNRESOLVED,,,0.2,0,,0.476091,0.617283951,0.293883333,PROJECT_BASIS_QTO,"PROJECT_BASIS_QTO: rate density over the frozen PRE-S7.1 local bar strips; a lower bound of the physical steel (every blocked portion is excluded, not zero); not a bar-by-bar BBS","PROJECT_GEOMETRY: over the support between the two panel faces along each bar line (the far face found beyond each strip end, AD2-D15)","PROJECT_SOURCE: plan note 2 (5Ø10/m top steel over beams, both directions) -> 5 bars/m of Ø10; equivalent count by URBAN_RATE_DENSITY (AD2-D02); PHYSICAL_BBS_COUNT UNRESOLVED",PROJECT_SOURCE: full callout density 1 (no 50 % rule split on this item),,,,SUPPORT_GAP (face to face over the support),PROJECT_GEOMETRY,SUPPORT_FACE,PROJECT_GEOMETRY,PROJECT_SOURCE (plan note 2: top steel),"[""P4-6-NOTE-2-TOP-OVER-BEAMS""]","[""URBAN_RATE_DENSITY (AD2-D02: equivalent count = rate x density x width, unrounded)""]","[""AD2-D02"", ""AD2-D05"", ""AD2-D15""]","[""QI-00927""]",1,False,False,5 /m x 1 x 0.476091 m x 0.2 m = 0.476091 m; x 10^2/162 = 0.617283951 kg/m -> 0.293883333 kg,PRE-S7.1 11_S7_RELEASE_CANDIDATES.csv QI-00928 (manifest 3a67a8641ce4); 1 local bar strips in 04_S7_BAR_RUNS.csv
S7-0394,QI-00929,CMP-0395,SUP-GF_ROOF_SLAB-120,SUPPORT,SP-GF_ROOF_SLAB-12,SUP-GF_ROOF_SLAB-120,TOP:SUP-GF_ROOF_SLAB-120:SP-GF_ROOF_SLAB-12:X,GF_ROOF_SLAB,TOP_OVER_SUPPORT_EXTENSION,TOP,X,10,5,,1,1.97986,9.8993,UNRESOLVED,2.079750285,,0,0.693250095,0.693250095,6.862690667,0.617283951,4.236228807,PROJECT_BASIS_QTO,"PROJECT_BASIS_QTO: rate density over the frozen PRE-S7.1 local bar strips; a lower bound of the physical steel (every blocked portion is excluded, not zero); not a bar-by-bar BBS","PROJECT_SOURCE ratio 1/3 (P4-6-NOTE-2-TOP-OVER-BEAMS: 'length one third of the span'); URBAN_OWNER_MEASUREMENT_RULE URBAN_QTO_TOP_OVER_SUPPORT_EXTENT_V1: measured from the support face into the clear span of SP-GF_ROOF_SLAB-12 (note 2 does not state the origin, the span or total-vs-each-side); local L by URBAN_QTO_LOCAL_BAR_LINE_V1","PROJECT_SOURCE: plan note 2 (5Ø10/m top steel over beams, both directions) -> 5 bars/m of Ø10; equivalent count by URBAN_RATE_DENSITY (AD2-D02); PHYSICAL_BBS_COUNT UNRESOLVED",PROJECT_SOURCE: full callout density 1 (no 50 % rule split on this item),0.333333333,P4-6-NOTE-2-TOP-OVER-BEAMS,PROJECT_SOURCE,"CLEAR_SPAN of the panel on each side, along each bar line",URBAN_OWNER_MEASUREMENT_RULE,SUPPORT_FACE (extension into the clear span),URBAN_OWNER_MEASUREMENT_RULE,PROJECT_SOURCE (plan note 2: top steel),"[""P4-6-NOTE-2-TOP-OVER-BEAMS""]","[""URBAN_RATE_DENSITY (AD2-D02: equivalent count = rate x density x width, unrounded)"", ""URBAN_QTO_LOCAL_BAR_LINE_V1 (AD2-D14)"", ""URBAN_QTO_TOP_OVER_SUPPORT_EXTENT_V1""]","[""AD2-D02"", ""AD2-D05"", ""AD2-D06"", ""AD2-D14""]","[""QI-00931"", ""QI-00932""]",9,True,False,5 /m x 1 x 1.97986 m x 0.693250095 m = 6.862690667 m; x 10^2/162 = 0.617283951 kg/m -> 4.236228807 kg,PRE-S7.1 11_S7_RELEASE_CANDIDATES.csv QI-00929 (manifest 3a67a8641ce4); 9 local bar strips in 04_S7_BAR_RUNS.csv
S7-0395,QI-00930,CMP-0395,SUP-GF_ROOF_SLAB-120,SUPPORT,SP-GF_ROOF_SLAB-14,SUP-GF_ROOF_SLAB-120,TOP:SUP-GF_ROOF_SLAB-120:SP-GF_ROOF_SLAB-14:X,GF_ROOF_SLAB,TOP_OVER_SUPPORT_EXTENSION,TOP,X,10,5,,1,1.97986,9.8993,UNRESOLVED,1.4225825,,0,0.474194167,0.474194167,4.694190314,0.617283951,2.897648342,PROJECT_BASIS_QTO,"PROJECT_BASIS_QTO: rate density over the frozen PRE-S7.1 local bar strips; a lower bound of the physical steel (every blocked portion is excluded, not zero); not a bar-by-bar BBS","PROJECT_SOURCE ratio 1/3 (P4-6-NOTE-2-TOP-OVER-BEAMS: 'length one third of the span'); URBAN_OWNER_MEASUREMENT_RULE URBAN_QTO_TOP_OVER_SUPPORT_EXTENT_V1: measured from the support face into the clear span of SP-GF_ROOF_SLAB-14 (note 2 does not state the origin, the span or total-vs-each-side); local L by URBAN_QTO_LOCAL_BAR_LINE_V1","PROJECT_SOURCE: plan note 2 (5Ø10/m top steel over beams, both directions) -> 5 bars/m of Ø10; equivalent count by URBAN_RATE_DENSITY (AD2-D02); PHYSICAL_BBS_COUNT UNRESOLVED",PROJECT_SOURCE: full callout density 1 (no 50 % rule split on this item),0.333333333,P4-6-NOTE-2-TOP-OVER-BEAMS,PROJECT_SOURCE,"CLEAR_SPAN of the panel on each side, along each bar line",URBAN_OWNER_MEASUREMENT_RULE,SUPPORT_FACE (extension into the clear span),URBAN_OWNER_MEASUREMENT_RULE,PROJECT_SOURCE (plan note 2: top steel),"[""P4-6-NOTE-2-TOP-OVER-BEAMS""]","[""URBAN_RATE_DENSITY (AD2-D02: equivalent count = rate x density x width, unrounded)"", ""URBAN_QTO_LOCAL_BAR_LINE_V1 (AD2-D14)"", ""URBAN_QTO_TOP_OVER_SUPPORT_EXTENT_V1""]","[""AD2-D02"", ""AD2-D05"", ""AD2-D06"", ""AD2-D14""]","[""QI-00931"", ""QI-00932""]",8,False,False,5 /m x 1 x 1.97986 m x 0.474194167 m = 4.694190314 m; x 10^2/162 = 0.617283951 kg/m -> 2.897648342 kg,PRE-S7.1 11_S7_RELEASE_CANDIDATES.csv QI-00930 (manifest 3a67a8641ce4); 8 local bar strips in 04_S7_BAR_RUNS.csv
S7-0396,QI-00933,CMP-0396,SUP-GF_ROOF_SLAB-121,SUPPORT,SP-GF_ROOF_SLAB-12,SUP-GF_ROOF_SLAB-121,TOP:SUP-GF_ROOF_SLAB-121:SP-GF_ROOF_SLAB-12:X,GF_ROOF_SLAB,TOP_OVER_SUPPORT_EXTENSION,TOP,X,10,5,,1,1.12986,5.6493,UNRESOLVED,2.2,,0,0.733333333,0.733333333,4.14282,0.617283951,2.557296296,PROJECT_BASIS_QTO,"PROJECT_BASIS_QTO: rate density over the frozen PRE-S7.1 local bar strips; a lower bound of the physical steel (every blocked portion is excluded, not zero); not a bar-by-bar BBS","PROJECT_SOURCE ratio 1/3 (P4-6-NOTE-2-TOP-OVER-BEAMS: 'length one third of the span'); URBAN_OWNER_MEASUREMENT_RULE URBAN_QTO_TOP_OVER_SUPPORT_EXTENT_V1: measured from the support face into the clear span of SP-GF_ROOF_SLAB-12 (note 2 does not state the origin, the span or total-vs-each-side); local L by URBAN_QTO_LOCAL_BAR_LINE_V1","PROJECT_SOURCE: plan note 2 (5Ø10/m top steel over beams, both directions) -> 5 bars/m of Ø10; equivalent count by URBAN_RATE_DENSITY (AD2-D02); PHYSICAL_BBS_COUNT UNRESOLVED",PROJECT_SOURCE: full callout density 1 (no 50 % rule split on this item),0.333333333,P4-6-NOTE-2-TOP-OVER-BEAMS,PROJECT_SOURCE,"CLEAR_SPAN of the panel on each side, along each bar line",URBAN_OWNER_MEASUREMENT_RULE,SUPPORT_FACE (extension into the clear span),URBAN_OWNER_MEASUREMENT_RULE,PROJECT_SOURCE (plan note 2: top steel),"[""P4-6-NOTE-2-TOP-OVER-BEAMS""]","[""URBAN_RATE_DENSITY (AD2-D02: equivalent count = rate x density x width, unrounded)"", ""URBAN_QTO_LOCAL_BAR_LINE_V1 (AD2-D14)"", ""URBAN_QTO_TOP_OVER_SUPPORT_EXTENT_V1""]","[""AD2-D02"", ""AD2-D05"", ""AD2-D06"", ""AD2-D14""]","[""QI-00935"", ""QI-00936""]",6,True,False,5 /m x 1 x 1.12986 m x 0.733333333 m = 4.14282 m; x 10^2/162 = 0.617283951 kg/m -> 2.557296296 kg,PRE-S7.1 11_S7_RELEASE_CANDIDATES.csv QI-00933 (manifest 3a67a8641ce4); 6 local bar strips in 04_S7_BAR_RUNS.csv
S7-0397,QI-00934,CMP-0396,SUP-GF_ROOF_SLAB-121,SUPPORT,SP-GF_ROOF_SLAB-15,SUP-GF_ROOF_SLAB-121,TOP:SUP-GF_ROOF_SLAB-121:SP-GF_ROOF_SLAB-15:X,GF_ROOF_SLAB,TOP_OVER_SUPPORT_EXTENSION,TOP,X,10,5,,1,1.07986,5.3993,UNRESOLVED,1.15,,0,0.383333333,0.383333333,2.069731667,0.617283951,1.27761214,PROJECT_BASIS_QTO,"PROJECT_BASIS_QTO: rate density over the frozen PRE-S7.1 local bar strips; a lower bound of the physical steel (every blocked portion is excluded, not zero); not a bar-by-bar BBS","PROJECT_SOURCE ratio 1/3 (P4-6-NOTE-2-TOP-OVER-BEAMS: 'length one third of the span'); URBAN_OWNER_MEASUREMENT_RULE URBAN_QTO_TOP_OVER_SUPPORT_EXTENT_V1: measured from the support face into the clear span of SP-GF_ROOF_SLAB-15 (note 2 does not state the origin, the span or total-vs-each-side)","PROJECT_SOURCE: plan note 2 (5Ø10/m top steel over beams, both directions) -> 5 bars/m of Ø10; equivalent count by URBAN_RATE_DENSITY (AD2-D02); PHYSICAL_BBS_COUNT UNRESOLVED",PROJECT_SOURCE: full callout density 1 (no 50 % rule split on this item),0.333333333,P4-6-NOTE-2-TOP-OVER-BEAMS,PROJECT_SOURCE,"CLEAR_SPAN of the panel on each side, along each bar line",URBAN_OWNER_MEASUREMENT_RULE,SUPPORT_FACE (extension into the clear span),URBAN_OWNER_MEASUREMENT_RULE,PROJECT_SOURCE (plan note 2: top steel),"[""P4-6-NOTE-2-TOP-OVER-BEAMS""]","[""URBAN_RATE_DENSITY (AD2-D02: equivalent count = rate x density x width, unrounded)"", ""URBAN_QTO_TOP_OVER_SUPPORT_EXTENT_V1""]","[""AD2-D02"", ""AD2-D05"", ""AD2-D06""]","[""QI-00935"", ""QI-00936""]",5,False,False,5 /m x 1 x 1.07986 m x 0.383333333 m = 2.069731667 m; x 10^2/162 = 0.617283951 kg/m -> 1.27761214 kg,PRE-S7.1 11_S7_RELEASE_CANDIDATES.csv QI-00934 (manifest 3a67a8641ce4); 5 local bar strips in 04_S7_BAR_RUNS.csv
S7-0398,QI-00937,CMP-0397,SUP-1F_ROOF_SLAB-122,SUPPORT,SP-1F_ROOF_SLAB-11,SUP-1F_ROOF_SLAB-122,TOP:SUP-1F_ROOF_SLAB-122:SP-1F_ROOF_SLAB-11:Y,1F_ROOF_SLAB,TOP_OVER_SUPPORT_EXTENSION,TOP,Y,10,5,,1,1.7,8.5,UNRESOLVED,1.25,,0,0.416666667,0.416666667,3.541666667,0.617283951,2.186213992,PROJECT_BASIS_QTO,"PROJECT_BASIS_QTO: rate density over the frozen PRE-S7.1 local bar strips; a lower bound of the physical steel (every blocked portion is excluded, not zero); not a bar-by-bar BBS","PROJECT_SOURCE ratio 1/3 (P4-6-NOTE-2-TOP-OVER-BEAMS: 'length one third of the span'); URBAN_OWNER_MEASUREMENT_RULE URBAN_QTO_TOP_OVER_SUPPORT_EXTENT_V1: measured from the support face into the clear span of SP-1F_ROOF_SLAB-11 (note 2 does not state the origin, the span or total-vs-each-side); local L by URBAN_QTO_LOCAL_BAR_LINE_V1","PROJECT_SOURCE: plan note 2 (5Ø10/m top steel over beams, both directions) -> 5 bars/m of Ø10; equivalent count by URBAN_RATE_DENSITY (AD2-D02); PHYSICAL_BBS_COUNT UNRESOLVED",PROJECT_SOURCE: full callout density 1 (no 50 % rule split on this item),0.333333333,P4-6-NOTE-2-TOP-OVER-BEAMS,PROJECT_SOURCE,"CLEAR_SPAN of the panel on each side, along each bar line",URBAN_OWNER_MEASUREMENT_RULE,SUPPORT_FACE (extension into the clear span),URBAN_OWNER_MEASUREMENT_RULE,PROJECT_SOURCE (plan note 2: top steel),"[""P4-6-NOTE-2-TOP-OVER-BEAMS""]","[""URBAN_RATE_DENSITY (AD2-D02: equivalent count = rate x density x width, unrounded)"", ""URBAN_QTO_LOCAL_BAR_LINE_V1 (AD2-D14)"", ""URBAN_QTO_TOP_OVER_SUPPORT_EXTENT_V1""]","[""AD2-D02"", ""AD2-D05"", ""AD2-D06"", ""AD2-D14""]","[""QI-00938""]",1,False,False,5 /m x 1 x 1.7 m x 0.416666667 m = 3.541666667 m; x 10^2/162 = 0.617283951 kg/m -> 2.186213992 kg,PRE-S7.1 11_S7_RELEASE_CANDIDATES.csv QI-00937 (manifest 3a67a8641ce4); 1 local bar strips in 04_S7_BAR_RUNS.csv
S7-0399,QI-00939,CMP-0398,SUP-GF_ROOF_SLAB-123,SUPPORT,SP-GF_ROOF_SLAB-04,SUP-GF_ROOF_SLAB-123,TOP:SUP-GF_ROOF_SLAB-123:SP-GF_ROOF_SLAB-04:X,GF_ROOF_SLAB,TOP_OVER_SUPPORT_EXTENSION,TOP,X,10,5,,1,1.75,8.75,UNRESOLVED,1.47,,0,0.49,0.49,4.2875,0.617283951,2.646604938,PROJECT_BASIS_QTO,"PROJECT_BASIS_QTO: rate density over the frozen PRE-S7.1 local bar strips; a lower bound of the physical steel (every blocked portion is excluded, not zero); not a bar-by-bar BBS","PROJECT_SOURCE ratio 1/3 (P4-6-NOTE-2-TOP-OVER-BEAMS: 'length one third of the span'); URBAN_OWNER_MEASUREMENT_RULE URBAN_QTO_TOP_OVER_SUPPORT_EXTENT_V1: measured from the support face into the clear span of SP-GF_ROOF_SLAB-04 (note 2 does not state the origin, the span or total-vs-each-side)","PROJECT_SOURCE: plan note 2 (5Ø10/m top steel over beams, both directions) -> 5 bars/m of Ø10; equivalent count by URBAN_RATE_DENSITY (AD2-D02); PHYSICAL_BBS_COUNT UNRESOLVED",PROJECT_SOURCE: full callout density 1 (no 50 % rule split on this item),0.333333333,P4-6-NOTE-2-TOP-OVER-BEAMS,PROJECT_SOURCE,"CLEAR_SPAN of the panel on each side, along each bar line",URBAN_OWNER_MEASUREMENT_RULE,SUPPORT_FACE (extension into the clear span),URBAN_OWNER_MEASUREMENT_RULE,PROJECT_SOURCE (plan note 2: top steel),"[""P4-6-NOTE-2-TOP-OVER-BEAMS""]","[""URBAN_RATE_DENSITY (AD2-D02: equivalent count = rate x density x width, unrounded)"", ""URBAN_QTO_TOP_OVER_SUPPORT_EXTENT_V1""]","[""AD2-D02"", ""AD2-D05"", ""AD2-D06""]","[""QI-00941"", ""QI-00942""]",3,True,False,5 /m x 1 x 1.75 m x 0.49 m = 4.2875 m; x 10^2/162 = 0.617283951 kg/m -> 2.646604938 kg,PRE-S7.1 11_S7_RELEASE_CANDIDATES.csv QI-00939 (manifest 3a67a8641ce4); 3 local bar strips in 04_S7_BAR_RUNS.csv
S7-0400,QI-00940,CMP-0398,SUP-GF_ROOF_SLAB-123,SUPPORT,SP-GF_ROOF_SLAB-07,SUP-GF_ROOF_SLAB-123,TOP:SUP-GF_ROOF_SLAB-123:SP-GF_ROOF_SLAB-07:X,GF_ROOF_SLAB,TOP_OVER_SUPPORT_EXTENSION,TOP,X,10,5,,1,1.95,9.75,UNRESOLVED,1.8,,0,0.6,0.6,5.85,0.617283951,3.611111111,PROJECT_BASIS_QTO,"PROJECT_BASIS_QTO: rate density over the frozen PRE-S7.1 local bar strips; a lower bound of the physical steel (every blocked portion is excluded, not zero); not a bar-by-bar BBS","PROJECT_SOURCE ratio 1/3 (P4-6-NOTE-2-TOP-OVER-BEAMS: 'length one third of the span'); URBAN_OWNER_MEASUREMENT_RULE URBAN_QTO_TOP_OVER_SUPPORT_EXTENT_V1: measured from the support face into the clear span of SP-GF_ROOF_SLAB-07 (note 2 does not state the origin, the span or total-vs-each-side)","PROJECT_SOURCE: plan note 2 (5Ø10/m top steel over beams, both directions) -> 5 bars/m of Ø10; equivalent count by URBAN_RATE_DENSITY (AD2-D02); PHYSICAL_BBS_COUNT UNRESOLVED",PROJECT_SOURCE: full callout density 1 (no 50 % rule split on this item),0.333333333,P4-6-NOTE-2-TOP-OVER-BEAMS,PROJECT_SOURCE,"CLEAR_SPAN of the panel on each side, along each bar line",URBAN_OWNER_MEASUREMENT_RULE,SUPPORT_FACE (extension into the clear span),URBAN_OWNER_MEASUREMENT_RULE,PROJECT_SOURCE (plan note 2: top steel),"[""P4-6-NOTE-2-TOP-OVER-BEAMS""]","[""URBAN_RATE_DENSITY (AD2-D02: equivalent count = rate x density x width, unrounded)"", ""URBAN_QTO_TOP_OVER_SUPPORT_EXTENT_V1""]","[""AD2-D02"", ""AD2-D05"", ""AD2-D06""]","[""QI-00941"", ""QI-00942""]",5,False,False,5 /m x 1 x 1.95 m x 0.6 m = 5.85 m; x 10^2/162 = 0.617283951 kg/m -> 3.611111111 kg,PRE-S7.1 11_S7_RELEASE_CANDIDATES.csv QI-00940 (manifest 3a67a8641ce4); 5 local bar strips in 04_S7_BAR_RUNS.csv
S7-0401,QI-00943,CMP-0399,SUP-GF_ROOF_SLAB-124,SUPPORT,SP-GF_ROOF_SLAB-07,SUP-GF_ROOF_SLAB-124,TOP:SUP-GF_ROOF_SLAB-124:SP-GF_ROOF_SLAB-07:X,GF_ROOF_SLAB,TOP_OVER_SUPPORT_EXTENSION,TOP,X,10,5,,1,1,5,UNRESOLVED,1.8,,0,0.6,0.6,3,0.617283951,1.851851852,PROJECT_BASIS_QTO,"PROJECT_BASIS_QTO: rate density over the frozen PRE-S7.1 local bar strips; a lower bound of the physical steel (every blocked portion is excluded, not zero); not a bar-by-bar BBS","PROJECT_SOURCE ratio 1/3 (P4-6-NOTE-2-TOP-OVER-BEAMS: 'length one third of the span'); URBAN_OWNER_MEASUREMENT_RULE URBAN_QTO_TOP_OVER_SUPPORT_EXTENT_V1: measured from the support face into the clear span of SP-GF_ROOF_SLAB-07 (note 2 does not state the origin, the span or total-vs-each-side)","PROJECT_SOURCE: plan note 2 (5Ø10/m top steel over beams, both directions) -> 5 bars/m of Ø10; equivalent count by URBAN_RATE_DENSITY (AD2-D02); PHYSICAL_BBS_COUNT UNRESOLVED",PROJECT_SOURCE: full callout density 1 (no 50 % rule split on this item),0.333333333,P4-6-NOTE-2-TOP-OVER-BEAMS,PROJECT_SOURCE,"CLEAR_SPAN of the panel on each side, along each bar line",URBAN_OWNER_MEASUREMENT_RULE,SUPPORT_FACE (extension into the clear span),URBAN_OWNER_MEASUREMENT_RULE,PROJECT_SOURCE (plan note 2: top steel),"[""P4-6-NOTE-2-TOP-OVER-BEAMS""]","[""URBAN_RATE_DENSITY (AD2-D02: equivalent count = rate x density x width, unrounded)"", ""URBAN_QTO_TOP_OVER_SUPPORT_EXTENT_V1""]","[""AD2-D02"", ""AD2-D05"", ""AD2-D06""]",[],2,False,False,5 /m x 1 x 1 m x 0.6 m = 3 m; x 10^2/162 = 0.617283951 kg/m -> 1.851851852 kg,PRE-S7.1 11_S7_RELEASE_CANDIDATES.csv QI-00943 (manifest 3a67a8641ce4); 2 local bar strips in 04_S7_BAR_RUNS.csv
S7-0402,QI-00944,CMP-0399,SUP-GF_ROOF_SLAB-124,SUPPORT,SP-GF_ROOF_SLAB-11,SUP-GF_ROOF_SLAB-124,TOP:SUP-GF_ROOF_SLAB-124:SP-GF_ROOF_SLAB-11:X,GF_ROOF_SLAB,TOP_OVER_SUPPORT_EXTENSION,TOP,X,10,5,,1,1,5,UNRESOLVED,1.47,,0,0.49,0.49,2.45,0.617283951,1.512345679,PROJECT_BASIS_QTO,"PROJECT_BASIS_QTO: rate density over the frozen PRE-S7.1 local bar strips; a lower bound of the physical steel (every blocked portion is excluded, not zero); not a bar-by-bar BBS","PROJECT_SOURCE ratio 1/3 (P4-6-NOTE-2-TOP-OVER-BEAMS: 'length one third of the span'); URBAN_OWNER_MEASUREMENT_RULE URBAN_QTO_TOP_OVER_SUPPORT_EXTENT_V1: measured from the support face into the clear span of SP-GF_ROOF_SLAB-11 (note 2 does not state the origin, the span or total-vs-each-side); local L by URBAN_QTO_LOCAL_BAR_LINE_V1","PROJECT_SOURCE: plan note 2 (5Ø10/m top steel over beams, both directions) -> 5 bars/m of Ø10; equivalent count by URBAN_RATE_DENSITY (AD2-D02); PHYSICAL_BBS_COUNT UNRESOLVED",PROJECT_SOURCE: full callout density 1 (no 50 % rule split on this item),0.333333333,P4-6-NOTE-2-TOP-OVER-BEAMS,PROJECT_SOURCE,"CLEAR_SPAN of the panel on each side, along each bar line",URBAN_OWNER_MEASUREMENT_RULE,SUPPORT_FACE (extension into the clear span),URBAN_OWNER_MEASUREMENT_RULE,PROJECT_SOURCE (plan note 2: top steel),"[""P4-6-NOTE-2-TOP-OVER-BEAMS""]","[""URBAN_RATE_DENSITY (AD2-D02: equivalent count = rate x density x width, unrounded)"", ""URBAN_QTO_LOCAL_BAR_LINE_V1 (AD2-D14)"", ""URBAN_QTO_TOP_OVER_SUPPORT_EXTENT_V1""]","[""AD2-D02"", ""AD2-D05"", ""AD2-D06"", ""AD2-D14""]",[],2,False,False,5 /m x 1 x 1 m x 0.49 m = 2.45 m; x 10^2/162 = 0.617283951 kg/m -> 1.512345679 kg,PRE-S7.1 11_S7_RELEASE_CANDIDATES.csv QI-00944 (manifest 3a67a8641ce4); 2 local bar strips in 04_S7_BAR_RUNS.csv
S7-0403,QI-00945,CMP-0399,SUP-GF_ROOF_SLAB-124,SUPPORT,SP-GF_ROOF_SLAB-07|SP-GF_ROOF_SLAB-11,SUP-GF_ROOF_SLAB-124,TOP:SUP-GF_ROOF_SLAB-124:SP-GF_ROOF_SLAB-07|SP-GF_ROOF_SLAB-11:X,GF_ROOF_SLAB,TOP_SUPPORT_CROSSING,TOP,X,10,5,,1,1,5,UNRESOLVED,,,0.2,0,,1,0.617283951,0.617283951,PROJECT_BASIS_QTO,"PROJECT_BASIS_QTO: rate density over the frozen PRE-S7.1 local bar strips; a lower bound of the physical steel (every blocked portion is excluded, not zero); not a bar-by-bar BBS","PROJECT_GEOMETRY: over the support between the two panel faces along each bar line (the far face found beyond each strip end, AD2-D15)","PROJECT_SOURCE: plan note 2 (5Ø10/m top steel over beams, both directions) -> 5 bars/m of Ø10; equivalent count by URBAN_RATE_DENSITY (AD2-D02); PHYSICAL_BBS_COUNT UNRESOLVED",PROJECT_SOURCE: full callout density 1 (no 50 % rule split on this item),,,,SUPPORT_GAP (face to face over the support),PROJECT_GEOMETRY,SUPPORT_FACE,PROJECT_GEOMETRY,PROJECT_SOURCE (plan note 2: top steel),"[""P4-6-NOTE-2-TOP-OVER-BEAMS""]","[""URBAN_RATE_DENSITY (AD2-D02: equivalent count = rate x density x width, unrounded)""]","[""AD2-D02"", ""AD2-D05"", ""AD2-D15""]",[],2,False,False,5 /m x 1 x 1 m x 0.2 m = 1 m; x 10^2/162 = 0.617283951 kg/m -> 0.617283951 kg,PRE-S7.1 11_S7_RELEASE_CANDIDATES.csv QI-00945 (manifest 3a67a8641ce4); 2 local bar strips in 04_S7_BAR_RUNS.csv
S7-0404,QI-00946,CMP-0400,SUP-GF_ROOF_SLAB-125,SUPPORT,SP-GF_ROOF_SLAB-11,SUP-GF_ROOF_SLAB-125,TOP:SUP-GF_ROOF_SLAB-125:SP-GF_ROOF_SLAB-11:X,GF_ROOF_SLAB,TOP_OVER_SUPPORT_EXTENSION,TOP,X,10,5,,1,1.944538,9.72269,UNRESOLVED,1.341887667,,0,0.447295889,0.447295889,4.348919267,0.617283951,2.684518066,PROJECT_BASIS_QTO,"PROJECT_BASIS_QTO: rate density over the frozen PRE-S7.1 local bar strips; a lower bound of the physical steel (every blocked portion is excluded, not zero); not a bar-by-bar BBS","PROJECT_SOURCE ratio 1/3 (P4-6-NOTE-2-TOP-OVER-BEAMS: 'length one third of the span'); URBAN_OWNER_MEASUREMENT_RULE URBAN_QTO_TOP_OVER_SUPPORT_EXTENT_V1: measured from the support face into the clear span of SP-GF_ROOF_SLAB-11 (note 2 does not state the origin, the span or total-vs-each-side); local L by URBAN_QTO_LOCAL_BAR_LINE_V1","PROJECT_SOURCE: plan note 2 (5Ø10/m top steel over beams, both directions) -> 5 bars/m of Ø10; equivalent count by URBAN_RATE_DENSITY (AD2-D02); PHYSICAL_BBS_COUNT UNRESOLVED",PROJECT_SOURCE: full callout density 1 (no 50 % rule split on this item),0.333333333,P4-6-NOTE-2-TOP-OVER-BEAMS,PROJECT_SOURCE,"CLEAR_SPAN of the panel on each side, along each bar line",URBAN_OWNER_MEASUREMENT_RULE,SUPPORT_FACE (extension into the clear span),URBAN_OWNER_MEASUREMENT_RULE,PROJECT_SOURCE (plan note 2: top steel),"[""P4-6-NOTE-2-TOP-OVER-BEAMS""]","[""URBAN_RATE_DENSITY (AD2-D02: equivalent count = rate x density x width, unrounded)"", ""URBAN_QTO_LOCAL_BAR_LINE_V1 (AD2-D14)"", ""URBAN_QTO_TOP_OVER_SUPPORT_EXTENT_V1""]","[""AD2-D02"", ""AD2-D05"", ""AD2-D06"", ""AD2-D14""]","[""QI-00947""]",14,False,False,5 /m x 1 x 1.944538 m x 0.447295889 m = 4.348919267 m; x 10^2/162 = 0.617283951 kg/m -> 2.684518066 kg,PRE-S7.1 11_S7_RELEASE_CANDIDATES.csv QI-00946 (manifest 3a67a8641ce4); 14 local bar strips in 04_S7_BAR_RUNS.csv
S7-0405,QI-00948,CMP-0401,SUP-1F_ROOF_SLAB-126,SUPPORT,SP-1F_ROOF_SLAB-02,SUP-1F_ROOF_SLAB-126,TOP:SUP-1F_ROOF_SLAB-126:SP-1F_ROOF_SLAB-02:Y,1F_ROOF_SLAB,TOP_OVER_SUPPORT_EXTENSION,TOP,Y,10,5,,1,1.8,9,UNRESOLVED,3,,0,1,1,9,0.617283951,5.555555556,PROJECT_BASIS_QTO,"PROJECT_BASIS_QTO: rate density over the frozen PRE-S7.1 local bar strips; a lower bound of the physical steel (every blocked portion is excluded, not zero); not a bar-by-bar BBS","PROJECT_SOURCE ratio 1/3 (P4-6-NOTE-2-TOP-OVER-BEAMS: 'length one third of the span'); URBAN_OWNER_MEASUREMENT_RULE URBAN_QTO_TOP_OVER_SUPPORT_EXTENT_V1: measured from the support face into the clear span of SP-1F_ROOF_SLAB-02 (note 2 does not state the origin, the span or total-vs-each-side)","PROJECT_SOURCE: plan note 2 (5Ø10/m top steel over beams, both directions) -> 5 bars/m of Ø10; equivalent count by URBAN_RATE_DENSITY (AD2-D02); PHYSICAL_BBS_COUNT UNRESOLVED",PROJECT_SOURCE: full callout density 1 (no 50 % rule split on this item),0.333333333,P4-6-NOTE-2-TOP-OVER-BEAMS,PROJECT_SOURCE,"CLEAR_SPAN of the panel on each side, along each bar line",URBAN_OWNER_MEASUREMENT_RULE,SUPPORT_FACE (extension into the clear span),URBAN_OWNER_MEASUREMENT_RULE,PROJECT_SOURCE (plan note 2: top steel),"[""P4-6-NOTE-2-TOP-OVER-BEAMS""]","[""URBAN_RATE_DENSITY (AD2-D02: equivalent count = rate x density x width, unrounded)"", ""URBAN_QTO_TOP_OVER_SUPPORT_EXTENT_V1""]","[""AD2-D02"", ""AD2-D05"", ""AD2-D06""]","[""QI-00949""]",1,True,False,5 /m x 1 x 1.8 m x 1 m = 9 m; x 10^2/162 = 0.617283951 kg/m -> 5.555555556 kg,PRE-S7.1 11_S7_RELEASE_CANDIDATES.csv QI-00948 (manifest 3a67a8641ce4); 1 local bar strips in 04_S7_BAR_RUNS.csv
S7-0406,QI-00950,CMP-0402,SUP-GF_ROOF_SLAB-127,SUPPORT,SP-GF_ROOF_SLAB-07,SUP-GF_ROOF_SLAB-127,TOP:SUP-GF_ROOF_SLAB-127:SP-GF_ROOF_SLAB-07:X,GF_ROOF_SLAB,TOP_OVER_SUPPORT_EXTENSION,TOP,X,10,5,,1,2.95,14.75,UNRESOLVED,1.8,,0,0.6,0.6,8.85,0.617283951,5.462962963,PROJECT_BASIS_QTO,"PROJECT_BASIS_QTO: rate density over the frozen PRE-S7.1 local bar strips; a lower bound of the physical steel (every blocked portion is excluded, not zero); not a bar-by-bar BBS","PROJECT_SOURCE ratio 1/3 (P4-6-NOTE-2-TOP-OVER-BEAMS: 'length one third of the span'); URBAN_OWNER_MEASUREMENT_RULE URBAN_QTO_TOP_OVER_SUPPORT_EXTENT_V1: measured from the support face into the clear span of SP-GF_ROOF_SLAB-07 (note 2 does not state the origin, the span or total-vs-each-side)","PROJECT_SOURCE: plan note 2 (5Ø10/m top steel over beams, both directions) -> 5 bars/m of Ø10; equivalent count by URBAN_RATE_DENSITY (AD2-D02); PHYSICAL_BBS_COUNT UNRESOLVED",PROJECT_SOURCE: full callout density 1 (no 50 % rule split on this item),0.333333333,P4-6-NOTE-2-TOP-OVER-BEAMS,PROJECT_SOURCE,"CLEAR_SPAN of the panel on each side, along each bar line",URBAN_OWNER_MEASUREMENT_RULE,SUPPORT_FACE (extension into the clear span),URBAN_OWNER_MEASUREMENT_RULE,PROJECT_SOURCE (plan note 2: top steel),"[""P4-6-NOTE-2-TOP-OVER-BEAMS""]","[""URBAN_RATE_DENSITY (AD2-D02: equivalent count = rate x density x width, unrounded)"", ""URBAN_QTO_TOP_OVER_SUPPORT_EXTENT_V1""]","[""AD2-D02"", ""AD2-D05"", ""AD2-D06""]","[""QI-00952""]",7,False,False,5 /m x 1 x 2.95 m x 0.6 m = 8.85 m; x 10^2/162 = 0.617283951 kg/m -> 5.462962963 kg,PRE-S7.1 11_S7_RELEASE_CANDIDATES.csv QI-00950 (manifest 3a67a8641ce4); 7 local bar strips in 04_S7_BAR_RUNS.csv
S7-0407,QI-00953,CMP-0403,SUP-GF_ROOF_SLAB-128,SUPPORT,SP-GF_ROOF_SLAB-16,SUP-GF_ROOF_SLAB-128,TOP:SUP-GF_ROOF_SLAB-128:SP-GF_ROOF_SLAB-16:X,GF_ROOF_SLAB,TOP_OVER_SUPPORT_EXTENSION,TOP,X,10,5,,1,0.5,2.5,UNRESOLVED,2.5,,0,0.833333333,0.833333333,2.083333333,0.617283951,1.28600823,PROJECT_BASIS_QTO,"PROJECT_BASIS_QTO: rate density over the frozen PRE-S7.1 local bar strips; a lower bound of the physical steel (every blocked portion is excluded, not zero); not a bar-by-bar BBS","PROJECT_SOURCE ratio 1/3 (P4-6-NOTE-2-TOP-OVER-BEAMS: 'length one third of the span'); URBAN_OWNER_MEASUREMENT_RULE URBAN_QTO_TOP_OVER_SUPPORT_EXTENT_V1: measured from the support face into the clear span of SP-GF_ROOF_SLAB-16 (note 2 does not state the origin, the span or total-vs-each-side); local L by URBAN_QTO_LOCAL_BAR_LINE_V1","PROJECT_SOURCE: plan note 2 (5Ø10/m top steel over beams, both directions) -> 5 bars/m of Ø10; equivalent count by URBAN_RATE_DENSITY (AD2-D02); PHYSICAL_BBS_COUNT UNRESOLVED",PROJECT_SOURCE: full callout density 1 (no 50 % rule split on this item),0.333333333,P4-6-NOTE-2-TOP-OVER-BEAMS,PROJECT_SOURCE,"CLEAR_SPAN of the panel on each side, along each bar line",URBAN_OWNER_MEASUREMENT_RULE,SUPPORT_FACE (extension into the clear span),URBAN_OWNER_MEASUREMENT_RULE,PROJECT_SOURCE (plan note 2: top steel),"[""P4-6-NOTE-2-TOP-OVER-BEAMS""]","[""URBAN_RATE_DENSITY (AD2-D02: equivalent count = rate x density x width, unrounded)"", ""URBAN_QTO_LOCAL_BAR_LINE_V1 (AD2-D14)"", ""URBAN_QTO_TOP_OVER_SUPPORT_EXTENT_V1""]","[""AD2-D02"", ""AD2-D05"", ""AD2-D06"", ""AD2-D14""]","[""QI-00954""]",4,False,False,5 /m x 1 x 0.5 m x 0.833333333 m = 2.083333333 m; x 10^2/162 = 0.617283951 kg/m -> 1.28600823 kg,PRE-S7.1 11_S7_RELEASE_CANDIDATES.csv QI-00953 (manifest 3a67a8641ce4); 4 local bar strips in 04_S7_BAR_RUNS.csv
S7-0408,QI-00956,CMP-0404,SUP-1F_ROOF_SLAB-129,SUPPORT,SP-1F_ROOF_SLAB-03,SUP-1F_ROOF_SLAB-129,TOP:SUP-1F_ROOF_SLAB-129:SP-1F_ROOF_SLAB-03:Y,1F_ROOF_SLAB,TOP_OVER_SUPPORT_EXTENSION,TOP,Y,10,5,,1,0.072183,0.360915,UNRESOLVED,4.150683753,,0,1.383561251,1.383561251,0.499348009,0.617283951,0.308239512,PROJECT_BASIS_QTO,"PROJECT_BASIS_QTO: rate density over the frozen PRE-S7.1 local bar strips; a lower bound of the physical steel (every blocked portion is excluded, not zero); not a bar-by-bar BBS","PROJECT_SOURCE ratio 1/3 (P4-6-NOTE-2-TOP-OVER-BEAMS: 'length one third of the span'); URBAN_OWNER_MEASUREMENT_RULE URBAN_QTO_TOP_OVER_SUPPORT_EXTENT_V1: measured from the support face into the clear span of SP-1F_ROOF_SLAB-03 (note 2 does not state the origin, the span or total-vs-each-side)","PROJECT_SOURCE: plan note 2 (5Ø10/m top steel over beams, both directions) -> 5 bars/m of Ø10; equivalent count by URBAN_RATE_DENSITY (AD2-D02); PHYSICAL_BBS_COUNT UNRESOLVED",PROJECT_SOURCE: full callout density 1 (no 50 % rule split on this item),0.333333333,P4-6-NOTE-2-TOP-OVER-BEAMS,PROJECT_SOURCE,"CLEAR_SPAN of the panel on each side, along each bar line",URBAN_OWNER_MEASUREMENT_RULE,SUPPORT_FACE (extension into the clear span),URBAN_OWNER_MEASUREMENT_RULE,PROJECT_SOURCE (plan note 2: top steel),"[""P4-6-NOTE-2-TOP-OVER-BEAMS""]","[""URBAN_RATE_DENSITY (AD2-D02: equivalent count = rate x density x width, unrounded)"", ""URBAN_QTO_TOP_OVER_SUPPORT_EXTENT_V1""]","[""AD2-D02"", ""AD2-D05"", ""AD2-D06""]","[""QI-00955""]",3,False,False,5 /m x 1 x 0.072183 m x 1.383561251 m = 0.499348009 m; x 10^2/162 = 0.617283951 kg/m -> 0.308239512 kg,PRE-S7.1 11_S7_RELEASE_CANDIDATES.csv QI-00956 (manifest 3a67a8641ce4); 3 local bar strips in 04_S7_BAR_RUNS.csv
S7-0409,QI-00957,CMP-0404,SUP-1F_ROOF_SLAB-129,SUPPORT,SP-1F_ROOF_SLAB-07,SUP-1F_ROOF_SLAB-129,TOP:SUP-1F_ROOF_SLAB-129:SP-1F_ROOF_SLAB-07:Y,1F_ROOF_SLAB,TOP_OVER_SUPPORT_EXTENSION,TOP,Y,10,5,,1,0.272183,1.360915,UNRESOLVED,0.993986,,0,0.331328667,0.331328667,0.450910152,0.617283951,0.2783396,PROJECT_BASIS_QTO,"PROJECT_BASIS_QTO: rate density over the frozen PRE-S7.1 local bar strips; a lower bound of the physical steel (every blocked portion is excluded, not zero); not a bar-by-bar BBS","PROJECT_SOURCE ratio 1/3 (P4-6-NOTE-2-TOP-OVER-BEAMS: 'length one third of the span'); URBAN_OWNER_MEASUREMENT_RULE URBAN_QTO_TOP_OVER_SUPPORT_EXTENT_V1: measured from the support face into the clear span of SP-1F_ROOF_SLAB-07 (note 2 does not state the origin, the span or total-vs-each-side)","PROJECT_SOURCE: plan note 2 (5Ø10/m top steel over beams, both directions) -> 5 bars/m of Ø10; equivalent count by URBAN_RATE_DENSITY (AD2-D02); PHYSICAL_BBS_COUNT UNRESOLVED",PROJECT_SOURCE: full callout density 1 (no 50 % rule split on this item),0.333333333,P4-6-NOTE-2-TOP-OVER-BEAMS,PROJECT_SOURCE,"CLEAR_SPAN of the panel on each side, along each bar line",URBAN_OWNER_MEASUREMENT_RULE,SUPPORT_FACE (extension into the clear span),URBAN_OWNER_MEASUREMENT_RULE,PROJECT_SOURCE (plan note 2: top steel),"[""P4-6-NOTE-2-TOP-OVER-BEAMS""]","[""URBAN_RATE_DENSITY (AD2-D02: equivalent count = rate x density x width, unrounded)"", ""URBAN_QTO_TOP_OVER_SUPPORT_EXTENT_V1""]","[""AD2-D02"", ""AD2-D05"", ""AD2-D06""]","[""QI-00955""]",7,False,False,5 /m x 1 x 0.272183 m x 0.331328667 m = 0.450910152 m; x 10^2/162 = 0.617283951 kg/m -> 0.2783396 kg,PRE-S7.1 11_S7_RELEASE_CANDIDATES.csv QI-00957 (manifest 3a67a8641ce4); 7 local bar strips in 04_S7_BAR_RUNS.csv
S7-0410,QI-00958,CMP-0404,SUP-1F_ROOF_SLAB-129,SUPPORT,SP-1F_ROOF_SLAB-03|SP-1F_ROOF_SLAB-07,SUP-1F_ROOF_SLAB-129,TOP:SUP-1F_ROOF_SLAB-129:SP-1F_ROOF_SLAB-03|SP-1F_ROOF_SLAB-07:Y,1F_ROOF_SLAB,TOP_SUPPORT_CROSSING,TOP,Y,10,5,,1,0.072183,0.360915,UNRESOLVED,,,0.402926564,0,,0.145422241,0.617283951,0.089766815,PROJECT_BASIS_QTO,"PROJECT_BASIS_QTO: rate density over the frozen PRE-S7.1 local bar strips; a lower bound of the physical steel (every blocked portion is excluded, not zero); not a bar-by-bar BBS","PROJECT_GEOMETRY: over the support between the two panel faces along each bar line (the far face found beyond each strip end, AD2-D15)","PROJECT_SOURCE: plan note 2 (5Ø10/m top steel over beams, both directions) -> 5 bars/m of Ø10; equivalent count by URBAN_RATE_DENSITY (AD2-D02); PHYSICAL_BBS_COUNT UNRESOLVED",PROJECT_SOURCE: full callout density 1 (no 50 % rule split on this item),,,,SUPPORT_GAP (face to face over the support),PROJECT_GEOMETRY,SUPPORT_FACE,PROJECT_GEOMETRY,PROJECT_SOURCE (plan note 2: top steel),"[""P4-6-NOTE-2-TOP-OVER-BEAMS""]","[""URBAN_RATE_DENSITY (AD2-D02: equivalent count = rate x density x width, unrounded)""]","[""AD2-D02"", ""AD2-D05"", ""AD2-D15""]","[""QI-00955""]",3,False,False,5 /m x 1 x 0.072183 m x 0.402926564 m = 0.145422241 m; x 10^2/162 = 0.617283951 kg/m -> 0.089766815 kg,PRE-S7.1 11_S7_RELEASE_CANDIDATES.csv QI-00958 (manifest 3a67a8641ce4); 3 local bar strips in 04_S7_BAR_RUNS.csv
S7-0411,QI-00959,CMP-0405,SUP-1F_ROOF_SLAB-130,SUPPORT,SP-1F_ROOF_SLAB-03,SUP-1F_ROOF_SLAB-130,TOP:SUP-1F_ROOF_SLAB-130:SP-1F_ROOF_SLAB-03:Y,1F_ROOF_SLAB,TOP_OVER_SUPPORT_EXTENSION,TOP,Y,10,5,,1,2.147817,10.739085,UNRESOLVED,4.285199253,,0,1.428399751,1.428399751,15.339706341,0.617283951,9.468954532,PROJECT_BASIS_QTO,"PROJECT_BASIS_QTO: rate density over the frozen PRE-S7.1 local bar strips; a lower bound of the physical steel (every blocked portion is excluded, not zero); not a bar-by-bar BBS","PROJECT_SOURCE ratio 1/3 (P4-6-NOTE-2-TOP-OVER-BEAMS: 'length one third of the span'); URBAN_OWNER_MEASUREMENT_RULE URBAN_QTO_TOP_OVER_SUPPORT_EXTENT_V1: measured from the support face into the clear span of SP-1F_ROOF_SLAB-03 (note 2 does not state the origin, the span or total-vs-each-side)","PROJECT_SOURCE: plan note 2 (5Ø10/m top steel over beams, both directions) -> 5 bars/m of Ø10; equivalent count by URBAN_RATE_DENSITY (AD2-D02); PHYSICAL_BBS_COUNT UNRESOLVED",PROJECT_SOURCE: full callout density 1 (no 50 % rule split on this item),0.333333333,P4-6-NOTE-2-TOP-OVER-BEAMS,PROJECT_SOURCE,"CLEAR_SPAN of the panel on each side, along each bar line",URBAN_OWNER_MEASUREMENT_RULE,SUPPORT_FACE (extension into the clear span),URBAN_OWNER_MEASUREMENT_RULE,PROJECT_SOURCE (plan note 2: top steel),"[""P4-6-NOTE-2-TOP-OVER-BEAMS""]","[""URBAN_RATE_DENSITY (AD2-D02: equivalent count = rate x density x width, unrounded)"", ""URBAN_QTO_TOP_OVER_SUPPORT_EXTENT_V1""]","[""AD2-D02"", ""AD2-D05"", ""AD2-D06""]","[""QI-00962""]",2,False,False,5 /m x 1 x 2.147817 m x 1.428399751 m = 15.339706341 m; x 10^2/162 = 0.617283951 kg/m -> 9.468954532 kg,PRE-S7.1 11_S7_RELEASE_CANDIDATES.csv QI-00959 (manifest 3a67a8641ce4); 2 local bar strips in 04_S7_BAR_RUNS.csv
S7-0412,QI-00960,CMP-0405,SUP-1F_ROOF_SLAB-130,SUPPORT,SP-1F_ROOF_SLAB-09,SUP-1F_ROOF_SLAB-130,TOP:SUP-1F_ROOF_SLAB-130:SP-1F_ROOF_SLAB-09:Y,1F_ROOF_SLAB,TOP_OVER_SUPPORT_EXTENSION,TOP,Y,10,5,,1,1.597817,7.989085,UNRESOLVED,1.7285485,,0,0.576182833,0.576182833,4.603173631,0.617283951,2.841465204,PROJECT_BASIS_QTO,"PROJECT_BASIS_QTO: rate density over the frozen PRE-S7.1 local bar strips; a lower bound of the physical steel (every blocked portion is excluded, not zero); not a bar-by-bar BBS","PROJECT_SOURCE ratio 1/3 (P4-6-NOTE-2-TOP-OVER-BEAMS: 'length one third of the span'); URBAN_OWNER_MEASUREMENT_RULE URBAN_QTO_TOP_OVER_SUPPORT_EXTENT_V1: measured from the support face into the clear span of SP-1F_ROOF_SLAB-09 (note 2 does not state the origin, the span or total-vs-each-side); local L by URBAN_QTO_LOCAL_BAR_LINE_V1","PROJECT_SOURCE: plan note 2 (5Ø10/m top steel over beams, both directions) -> 5 bars/m of Ø10; equivalent count by URBAN_RATE_DENSITY (AD2-D02); PHYSICAL_BBS_COUNT UNRESOLVED",PROJECT_SOURCE: full callout density 1 (no 50 % rule split on this item),0.333333333,P4-6-NOTE-2-TOP-OVER-BEAMS,PROJECT_SOURCE,"CLEAR_SPAN of the panel on each side, along each bar line",URBAN_OWNER_MEASUREMENT_RULE,SUPPORT_FACE (extension into the clear span),URBAN_OWNER_MEASUREMENT_RULE,PROJECT_SOURCE (plan note 2: top steel),"[""P4-6-NOTE-2-TOP-OVER-BEAMS""]","[""URBAN_RATE_DENSITY (AD2-D02: equivalent count = rate x density x width, unrounded)"", ""URBAN_QTO_LOCAL_BAR_LINE_V1 (AD2-D14)"", ""URBAN_QTO_TOP_OVER_SUPPORT_EXTENT_V1""]","[""AD2-D02"", ""AD2-D05"", ""AD2-D06"", ""AD2-D14""]","[""QI-00962""]",1,False,False,5 /m x 1 x 1.597817 m x 0.576182833 m = 4.603173631 m; x 10^2/162 = 0.617283951 kg/m -> 2.841465204 kg,PRE-S7.1 11_S7_RELEASE_CANDIDATES.csv QI-00960 (manifest 3a67a8641ce4); 1 local bar strips in 04_S7_BAR_RUNS.csv
S7-0413,QI-00961,CMP-0405,SUP-1F_ROOF_SLAB-130,SUPPORT,SP-1F_ROOF_SLAB-03|SP-1F_ROOF_SLAB-09,SUP-1F_ROOF_SLAB-130,TOP:SUP-1F_ROOF_SLAB-130:SP-1F_ROOF_SLAB-03|SP-1F_ROOF_SLAB-09:Y,1F_ROOF_SLAB,TOP_SUPPORT_CROSSING,TOP,Y,10,5,,1,1.597817,7.989085,UNRESOLVED,,,0.402926335,0,,3.219012735,0.617283951,1.987044898,PROJECT_BASIS_QTO,"PROJECT_BASIS_QTO: rate density over the frozen PRE-S7.1 local bar strips; a lower bound of the physical steel (every blocked portion is excluded, not zero); not a bar-by-bar BBS","PROJECT_GEOMETRY: over the support between the two panel faces along each bar line (the far face found beyond each strip end, AD2-D15)","PROJECT_SOURCE: plan note 2 (5Ø10/m top steel over beams, both directions) -> 5 bars/m of Ø10; equivalent count by URBAN_RATE_DENSITY (AD2-D02); PHYSICAL_BBS_COUNT UNRESOLVED",PROJECT_SOURCE: full callout density 1 (no 50 % rule split on this item),,,,SUPPORT_GAP (face to face over the support),PROJECT_GEOMETRY,SUPPORT_FACE,PROJECT_GEOMETRY,PROJECT_SOURCE (plan note 2: top steel),"[""P4-6-NOTE-2-TOP-OVER-BEAMS""]","[""URBAN_RATE_DENSITY (AD2-D02: equivalent count = rate x density x width, unrounded)""]","[""AD2-D02"", ""AD2-D05"", ""AD2-D15""]","[""QI-00962""]",1,False,False,5 /m x 1 x 1.597817 m x 0.402926335 m = 3.219012735 m; x 10^2/162 = 0.617283951 kg/m -> 1.987044898 kg,PRE-S7.1 11_S7_RELEASE_CANDIDATES.csv QI-00961 (manifest 3a67a8641ce4); 1 local bar strips in 04_S7_BAR_RUNS.csv
S7-0414,QI-00963,CMP-0406,SUP-1F_ROOF_SLAB-131,SUPPORT,SP-1F_ROOF_SLAB-04,SUP-1F_ROOF_SLAB-131,TOP:SUP-1F_ROOF_SLAB-131:SP-1F_ROOF_SLAB-04:Y,1F_ROOF_SLAB,TOP_OVER_SUPPORT_EXTENSION,TOP,Y,10,5,,1,2.95,14.75,UNRESOLVED,4.608156008,,0,1.536052003,1.536052003,22.656767042,0.617283951,13.985658668,PROJECT_BASIS_QTO,"PROJECT_BASIS_QTO: rate density over the frozen PRE-S7.1 local bar strips; a lower bound of the physical steel (every blocked portion is excluded, not zero); not a bar-by-bar BBS","PROJECT_SOURCE ratio 1/3 (P4-6-NOTE-2-TOP-OVER-BEAMS: 'length one third of the span'); URBAN_OWNER_MEASUREMENT_RULE URBAN_QTO_TOP_OVER_SUPPORT_EXTENT_V1: measured from the support face into the clear span of SP-1F_ROOF_SLAB-04 (note 2 does not state the origin, the span or total-vs-each-side)","PROJECT_SOURCE: plan note 2 (5Ø10/m top steel over beams, both directions) -> 5 bars/m of Ø10; equivalent count by URBAN_RATE_DENSITY (AD2-D02); PHYSICAL_BBS_COUNT UNRESOLVED",PROJECT_SOURCE: full callout density 1 (no 50 % rule split on this item),0.333333333,P4-6-NOTE-2-TOP-OVER-BEAMS,PROJECT_SOURCE,"CLEAR_SPAN of the panel on each side, along each bar line",URBAN_OWNER_MEASUREMENT_RULE,SUPPORT_FACE (extension into the clear span),URBAN_OWNER_MEASUREMENT_RULE,PROJECT_SOURCE (plan note 2: top steel),"[""P4-6-NOTE-2-TOP-OVER-BEAMS""]","[""URBAN_RATE_DENSITY (AD2-D02: equivalent count = rate x density x width, unrounded)"", ""URBAN_QTO_TOP_OVER_SUPPORT_EXTENT_V1""]","[""AD2-D02"", ""AD2-D05"", ""AD2-D06""]",[],3,False,False,5 /m x 1 x 2.95 m x 1.536052003 m = 22.656767042 m; x 10^2/162 = 0.617283951 kg/m -> 13.985658668 kg,PRE-S7.1 11_S7_RELEASE_CANDIDATES.csv QI-00963 (manifest 3a67a8641ce4); 3 local bar strips in 04_S7_BAR_RUNS.csv
S7-0415,QI-00964,CMP-0406,SUP-1F_ROOF_SLAB-131,SUPPORT,SP-1F_ROOF_SLAB-12,SUP-1F_ROOF_SLAB-131,TOP:SUP-1F_ROOF_SLAB-131:SP-1F_ROOF_SLAB-12:Y,1F_ROOF_SLAB,TOP_OVER_SUPPORT_EXTENSION,TOP,Y,10,5,,1,2.95,14.75,UNRESOLVED,1.428748,,0,0.476249333,0.476249333,7.024677667,0.617283951,4.336220782,PROJECT_BASIS_QTO,"PROJECT_BASIS_QTO: rate density over the frozen PRE-S7.1 local bar strips; a lower bound of the physical steel (every blocked portion is excluded, not zero); not a bar-by-bar BBS","PROJECT_SOURCE ratio 1/3 (P4-6-NOTE-2-TOP-OVER-BEAMS: 'length one third of the span'); URBAN_OWNER_MEASUREMENT_RULE URBAN_QTO_TOP_OVER_SUPPORT_EXTENT_V1: measured from the support face into the clear span of SP-1F_ROOF_SLAB-12 (note 2 does not state the origin, the span or total-vs-each-side); local L by URBAN_QTO_LOCAL_BAR_LINE_V1","PROJECT_SOURCE: plan note 2 (5Ø10/m top steel over beams, both directions) -> 5 bars/m of Ø10; equivalent count by URBAN_RATE_DENSITY (AD2-D02); PHYSICAL_BBS_COUNT UNRESOLVED",PROJECT_SOURCE: full callout density 1 (no 50 % rule split on this item),0.333333333,P4-6-NOTE-2-TOP-OVER-BEAMS,PROJECT_SOURCE,"CLEAR_SPAN of the panel on each side, along each bar line",URBAN_OWNER_MEASUREMENT_RULE,SUPPORT_FACE (extension into the clear span),URBAN_OWNER_MEASUREMENT_RULE,PROJECT_SOURCE (plan note 2: top steel),"[""P4-6-NOTE-2-TOP-OVER-BEAMS""]","[""URBAN_RATE_DENSITY (AD2-D02: equivalent count = rate x density x width, unrounded)"", ""URBAN_QTO_LOCAL_BAR_LINE_V1 (AD2-D14)"", ""URBAN_QTO_TOP_OVER_SUPPORT_EXTENT_V1""]","[""AD2-D02"", ""AD2-D05"", ""AD2-D06"", ""AD2-D14""]",[],5,False,False,5 /m x 1 x 2.95 m x 0.476249333 m = 7.024677667 m; x 10^2/162 = 0.617283951 kg/m -> 4.336220782 kg,PRE-S7.1 11_S7_RELEASE_CANDIDATES.csv QI-00964 (manifest 3a67a8641ce4); 5 local bar strips in 04_S7_BAR_RUNS.csv
S7-0416,QI-00965,CMP-0406,SUP-1F_ROOF_SLAB-131,SUPPORT,SP-1F_ROOF_SLAB-04|SP-1F_ROOF_SLAB-12,SUP-1F_ROOF_SLAB-131,TOP:SUP-1F_ROOF_SLAB-131:SP-1F_ROOF_SLAB-04|SP-1F_ROOF_SLAB-12:Y,1F_ROOF_SLAB,TOP_SUPPORT_CROSSING,TOP,Y,10,5,,1,2.95,14.75,UNRESOLVED,,,0.4029265,0,,5.943165875,0.617283951,3.66862091,PROJECT_BASIS_QTO,"PROJECT_BASIS_QTO: rate density over the frozen PRE-S7.1 local bar strips; a lower bound of the physical steel (every blocked portion is excluded, not zero); not a bar-by-bar BBS","PROJECT_GEOMETRY: over the support between the two panel faces along each bar line (the far face found beyond each strip end, AD2-D15)","PROJECT_SOURCE: plan note 2 (5Ø10/m top steel over beams, both directions) -> 5 bars/m of Ø10; equivalent count by URBAN_RATE_DENSITY (AD2-D02); PHYSICAL_BBS_COUNT UNRESOLVED",PROJECT_SOURCE: full callout density 1 (no 50 % rule split on this item),,,,SUPPORT_GAP (face to face over the support),PROJECT_GEOMETRY,SUPPORT_FACE,PROJECT_GEOMETRY,PROJECT_SOURCE (plan note 2: top steel),"[""P4-6-NOTE-2-TOP-OVER-BEAMS""]","[""URBAN_RATE_DENSITY (AD2-D02: equivalent count = rate x density x width, unrounded)""]","[""AD2-D02"", ""AD2-D05"", ""AD2-D15""]",[],3,False,False,5 /m x 1 x 2.95 m x 0.4029265 m = 5.943165875 m; x 10^2/162 = 0.617283951 kg/m -> 3.66862091 kg,PRE-S7.1 11_S7_RELEASE_CANDIDATES.csv QI-00965 (manifest 3a67a8641ce4); 3 local bar strips in 04_S7_BAR_RUNS.csv
S7-0417,QI-00966,CMP-0407,SUP-1F_ROOF_SLAB-132,SUPPORT,SP-1F_ROOF_SLAB-24,SUP-1F_ROOF_SLAB-132,TOP:SUP-1F_ROOF_SLAB-132:SP-1F_ROOF_SLAB-24:Y,1F_ROOF_SLAB,TOP_OVER_SUPPORT_EXTENSION,TOP,Y,10,5,,1,4.372183,21.860915,UNRESOLVED,1.042339,,0,0.347446333,0.347446333,7.59549476,0.617283951,4.688577012,PROJECT_BASIS_QTO,"PROJECT_BASIS_QTO: rate density over the frozen PRE-S7.1 local bar strips; a lower bound of the physical steel (every blocked portion is excluded, not zero); not a bar-by-bar BBS","PROJECT_SOURCE ratio 1/3 (P4-6-NOTE-2-TOP-OVER-BEAMS: 'length one third of the span'); URBAN_OWNER_MEASUREMENT_RULE URBAN_QTO_TOP_OVER_SUPPORT_EXTENT_V1: measured from the support face into the clear span of SP-1F_ROOF_SLAB-24 (note 2 does not state the origin, the span or total-vs-each-side)","PROJECT_SOURCE: plan note 2 (5Ø10/m top steel over beams, both directions) -> 5 bars/m of Ø10; equivalent count by URBAN_RATE_DENSITY (AD2-D02); PHYSICAL_BBS_COUNT UNRESOLVED",PROJECT_SOURCE: full callout density 1 (no 50 % rule split on this item),0.333333333,P4-6-NOTE-2-TOP-OVER-BEAMS,PROJECT_SOURCE,"CLEAR_SPAN of the panel on each side, along each bar line",URBAN_OWNER_MEASUREMENT_RULE,SUPPORT_FACE (extension into the clear span),URBAN_OWNER_MEASUREMENT_RULE,PROJECT_SOURCE (plan note 2: top steel),"[""P4-6-NOTE-2-TOP-OVER-BEAMS""]","[""URBAN_RATE_DENSITY (AD2-D02: equivalent count = rate x density x width, unrounded)"", ""URBAN_QTO_TOP_OVER_SUPPORT_EXTENT_V1""]","[""AD2-D02"", ""AD2-D05"", ""AD2-D06""]","[""QI-00969""]",34,False,False,5 /m x 1 x 4.372183 m x 0.347446333 m = 7.59549476 m; x 10^2/162 = 0.617283951 kg/m -> 4.688577012 kg,PRE-S7.1 11_S7_RELEASE_CANDIDATES.csv QI-00966 (manifest 3a67a8641ce4); 34 local bar strips in 04_S7_BAR_RUNS.csv
S7-0418,QI-00970,CMP-0408,SUP-GF_ROOF_SLAB-133,SUPPORT,SP-GF_ROOF_SLAB-06,SUP-GF_ROOF_SLAB-133,TOP:SUP-GF_ROOF_SLAB-133:SP-GF_ROOF_SLAB-06:X,GF_ROOF_SLAB,TOP_OVER_SUPPORT_EXTENSION,TOP,X,10,5,,1,1.75,8.75,UNRESOLVED,1.65,,0,0.55,0.55,4.8125,0.617283951,2.970679012,PROJECT_BASIS_QTO,"PROJECT_BASIS_QTO: rate density over the frozen PRE-S7.1 local bar strips; a lower bound of the physical steel (every blocked portion is excluded, not zero); not a bar-by-bar BBS","PROJECT_SOURCE ratio 1/3 (P4-6-NOTE-2-TOP-OVER-BEAMS: 'length one third of the span'); URBAN_OWNER_MEASUREMENT_RULE URBAN_QTO_TOP_OVER_SUPPORT_EXTENT_V1: measured from the support face into the clear span of SP-GF_ROOF_SLAB-06 (note 2 does not state the origin, the span or total-vs-each-side)","PROJECT_SOURCE: plan note 2 (5Ø10/m top steel over beams, both directions) -> 5 bars/m of Ø10; equivalent count by URBAN_RATE_DENSITY (AD2-D02); PHYSICAL_BBS_COUNT UNRESOLVED",PROJECT_SOURCE: full callout density 1 (no 50 % rule split on this item),0.333333333,P4-6-NOTE-2-TOP-OVER-BEAMS,PROJECT_SOURCE,"CLEAR_SPAN of the panel on each side, along each bar line",URBAN_OWNER_MEASUREMENT_RULE,SUPPORT_FACE (extension into the clear span),URBAN_OWNER_MEASUREMENT_RULE,PROJECT_SOURCE (plan note 2: top steel),"[""P4-6-NOTE-2-TOP-OVER-BEAMS""]","[""URBAN_RATE_DENSITY (AD2-D02: equivalent count = rate x density x width, unrounded)"", ""URBAN_QTO_TOP_OVER_SUPPORT_EXTENT_V1""]","[""AD2-D02"", ""AD2-D05"", ""AD2-D06""]","[""QI-00973""]",3,False,False,5 /m x 1 x 1.75 m x 0.55 m = 4.8125 m; x 10^2/162 = 0.617283951 kg/m -> 2.970679012 kg,PRE-S7.1 11_S7_RELEASE_CANDIDATES.csv QI-00970 (manifest 3a67a8641ce4); 3 local bar strips in 04_S7_BAR_RUNS.csv
S7-0419,QI-00971,CMP-0408,SUP-GF_ROOF_SLAB-133,SUPPORT,SP-GF_ROOF_SLAB-08,SUP-GF_ROOF_SLAB-133,TOP:SUP-GF_ROOF_SLAB-133:SP-GF_ROOF_SLAB-08:X,GF_ROOF_SLAB,TOP_OVER_SUPPORT_EXTENSION,TOP,X,10,5,,1,1.5,7.5,UNRESOLVED,3.5,,0,1.166666667,1.166666667,8.75,0.617283951,5.401234568,PROJECT_BASIS_QTO,"PROJECT_BASIS_QTO: rate density over the frozen PRE-S7.1 local bar strips; a lower bound of the physical steel (every blocked portion is excluded, not zero); not a bar-by-bar BBS","PROJECT_SOURCE ratio 1/3 (P4-6-NOTE-2-TOP-OVER-BEAMS: 'length one third of the span'); URBAN_OWNER_MEASUREMENT_RULE URBAN_QTO_TOP_OVER_SUPPORT_EXTENT_V1: measured from the support face into the clear span of SP-GF_ROOF_SLAB-08 (note 2 does not state the origin, the span or total-vs-each-side)","PROJECT_SOURCE: plan note 2 (5Ø10/m top steel over beams, both directions) -> 5 bars/m of Ø10; equivalent count by URBAN_RATE_DENSITY (AD2-D02); PHYSICAL_BBS_COUNT UNRESOLVED",PROJECT_SOURCE: full callout density 1 (no 50 % rule split on this item),0.333333333,P4-6-NOTE-2-TOP-OVER-BEAMS,PROJECT_SOURCE,"CLEAR_SPAN of the panel on each side, along each bar line",URBAN_OWNER_MEASUREMENT_RULE,SUPPORT_FACE (extension into the clear span),URBAN_OWNER_MEASUREMENT_RULE,PROJECT_SOURCE (plan note 2: top steel),"[""P4-6-NOTE-2-TOP-OVER-BEAMS""]","[""URBAN_RATE_DENSITY (AD2-D02: equivalent count = rate x density x width, unrounded)"", ""URBAN_QTO_TOP_OVER_SUPPORT_EXTENT_V1""]","[""AD2-D02"", ""AD2-D05"", ""AD2-D06""]","[""QI-00973""]",28,False,False,5 /m x 1 x 1.5 m x 1.166666667 m = 8.75 m; x 10^2/162 = 0.617283951 kg/m -> 5.401234568 kg,PRE-S7.1 11_S7_RELEASE_CANDIDATES.csv QI-00971 (manifest 3a67a8641ce4); 28 local bar strips in 04_S7_BAR_RUNS.csv
S7-0420,QI-00972,CMP-0408,SUP-GF_ROOF_SLAB-133,SUPPORT,SP-GF_ROOF_SLAB-06|SP-GF_ROOF_SLAB-08,SUP-GF_ROOF_SLAB-133,TOP:SUP-GF_ROOF_SLAB-133:SP-GF_ROOF_SLAB-06|SP-GF_ROOF_SLAB-08:X,GF_ROOF_SLAB,TOP_SUPPORT_CROSSING,TOP,X,10,5,,1,1.5,7.5,UNRESOLVED,,,0.3,0,,2.25,0.617283951,1.388888889,PROJECT_BASIS_QTO,"PROJECT_BASIS_QTO: rate density over the frozen PRE-S7.1 local bar strips; a lower bound of the physical steel (every blocked portion is excluded, not zero); not a bar-by-bar BBS","PROJECT_GEOMETRY: over the support between the two panel faces along each bar line (the far face found beyond each strip end, AD2-D15)","PROJECT_SOURCE: plan note 2 (5Ø10/m top steel over beams, both directions) -> 5 bars/m of Ø10; equivalent count by URBAN_RATE_DENSITY (AD2-D02); PHYSICAL_BBS_COUNT UNRESOLVED",PROJECT_SOURCE: full callout density 1 (no 50 % rule split on this item),,,,SUPPORT_GAP (face to face over the support),PROJECT_GEOMETRY,SUPPORT_FACE,PROJECT_GEOMETRY,PROJECT_SOURCE (plan note 2: top steel),"[""P4-6-NOTE-2-TOP-OVER-BEAMS""]","[""URBAN_RATE_DENSITY (AD2-D02: equivalent count = rate x density x width, unrounded)""]","[""AD2-D02"", ""AD2-D05"", ""AD2-D15""]","[""QI-00973""]",2,False,False,5 /m x 1 x 1.5 m x 0.3 m = 2.25 m; x 10^2/162 = 0.617283951 kg/m -> 1.388888889 kg,PRE-S7.1 11_S7_RELEASE_CANDIDATES.csv QI-00972 (manifest 3a67a8641ce4); 2 local bar strips in 04_S7_BAR_RUNS.csv
S7-0421,QI-00974,CMP-0409,SUP-GF_ROOF_SLAB-134,SUPPORT,SP-GF_ROOF_SLAB-08,SUP-GF_ROOF_SLAB-134,TOP:SUP-GF_ROOF_SLAB-134:SP-GF_ROOF_SLAB-08:X,GF_ROOF_SLAB,TOP_OVER_SUPPORT_EXTENSION,TOP,X,10,5,,1,2.02014,10.1007,UNRESOLVED,3.5,,0,1.166666667,1.166666667,11.78415,0.617283951,7.274166667,PROJECT_BASIS_QTO,"PROJECT_BASIS_QTO: rate density over the frozen PRE-S7.1 local bar strips; a lower bound of the physical steel (every blocked portion is excluded, not zero); not a bar-by-bar BBS","PROJECT_SOURCE ratio 1/3 (P4-6-NOTE-2-TOP-OVER-BEAMS: 'length one third of the span'); URBAN_OWNER_MEASUREMENT_RULE URBAN_QTO_TOP_OVER_SUPPORT_EXTENT_V1: measured from the support face into the clear span of SP-GF_ROOF_SLAB-08 (note 2 does not state the origin, the span or total-vs-each-side)","PROJECT_SOURCE: plan note 2 (5Ø10/m top steel over beams, both directions) -> 5 bars/m of Ø10; equivalent count by URBAN_RATE_DENSITY (AD2-D02); PHYSICAL_BBS_COUNT UNRESOLVED",PROJECT_SOURCE: full callout density 1 (no 50 % rule split on this item),0.333333333,P4-6-NOTE-2-TOP-OVER-BEAMS,PROJECT_SOURCE,"CLEAR_SPAN of the panel on each side, along each bar line",URBAN_OWNER_MEASUREMENT_RULE,SUPPORT_FACE (extension into the clear span),URBAN_OWNER_MEASUREMENT_RULE,PROJECT_SOURCE (plan note 2: top steel),"[""P4-6-NOTE-2-TOP-OVER-BEAMS""]","[""URBAN_RATE_DENSITY (AD2-D02: equivalent count = rate x density x width, unrounded)"", ""URBAN_QTO_TOP_OVER_SUPPORT_EXTENT_V1""]","[""AD2-D02"", ""AD2-D05"", ""AD2-D06""]","[""QI-00977""]",43,False,False,5 /m x 1 x 2.02014 m x 1.166666667 m = 11.78415 m; x 10^2/162 = 0.617283951 kg/m -> 7.274166667 kg,PRE-S7.1 11_S7_RELEASE_CANDIDATES.csv QI-00974 (manifest 3a67a8641ce4); 43 local bar strips in 04_S7_BAR_RUNS.csv
S7-0422,QI-00975,CMP-0409,SUP-GF_ROOF_SLAB-134,SUPPORT,SP-GF_ROOF_SLAB-10,SUP-GF_ROOF_SLAB-134,TOP:SUP-GF_ROOF_SLAB-134:SP-GF_ROOF_SLAB-10:X,GF_ROOF_SLAB,TOP_OVER_SUPPORT_EXTENSION,TOP,X,10,5,,1,1.9,9.5,UNRESOLVED,3.75,,0,1.25,1.25,11.875,0.617283951,7.330246914,PROJECT_BASIS_QTO,"PROJECT_BASIS_QTO: rate density over the frozen PRE-S7.1 local bar strips; a lower bound of the physical steel (every blocked portion is excluded, not zero); not a bar-by-bar BBS","PROJECT_SOURCE ratio 1/3 (P4-6-NOTE-2-TOP-OVER-BEAMS: 'length one third of the span'); URBAN_OWNER_MEASUREMENT_RULE URBAN_QTO_TOP_OVER_SUPPORT_EXTENT_V1: measured from the support face into the clear span of SP-GF_ROOF_SLAB-10 (note 2 does not state the origin, the span or total-vs-each-side); local L by URBAN_QTO_LOCAL_BAR_LINE_V1","PROJECT_SOURCE: plan note 2 (5Ø10/m top steel over beams, both directions) -> 5 bars/m of Ø10; equivalent count by URBAN_RATE_DENSITY (AD2-D02); PHYSICAL_BBS_COUNT UNRESOLVED",PROJECT_SOURCE: full callout density 1 (no 50 % rule split on this item),0.333333333,P4-6-NOTE-2-TOP-OVER-BEAMS,PROJECT_SOURCE,"CLEAR_SPAN of the panel on each side, along each bar line",URBAN_OWNER_MEASUREMENT_RULE,SUPPORT_FACE (extension into the clear span),URBAN_OWNER_MEASUREMENT_RULE,PROJECT_SOURCE (plan note 2: top steel),"[""P4-6-NOTE-2-TOP-OVER-BEAMS""]","[""URBAN_RATE_DENSITY (AD2-D02: equivalent count = rate x density x width, unrounded)"", ""URBAN_QTO_LOCAL_BAR_LINE_V1 (AD2-D14)"", ""URBAN_QTO_TOP_OVER_SUPPORT_EXTENT_V1""]","[""AD2-D02"", ""AD2-D05"", ""AD2-D06"", ""AD2-D14""]","[""QI-00977""]",6,False,False,5 /m x 1 x 1.9 m x 1.25 m = 11.875 m; x 10^2/162 = 0.617283951 kg/m -> 7.330246914 kg,PRE-S7.1 11_S7_RELEASE_CANDIDATES.csv QI-00975 (manifest 3a67a8641ce4); 6 local bar strips in 04_S7_BAR_RUNS.csv
S7-0423,QI-00976,CMP-0409,SUP-GF_ROOF_SLAB-134,SUPPORT,SP-GF_ROOF_SLAB-08|SP-GF_ROOF_SLAB-10,SUP-GF_ROOF_SLAB-134,TOP:SUP-GF_ROOF_SLAB-134:SP-GF_ROOF_SLAB-08|SP-GF_ROOF_SLAB-10:X,GF_ROOF_SLAB,TOP_SUPPORT_CROSSING,TOP,X,10,5,,1,1.82014,9.1007,UNRESOLVED,,,0.3,0,,2.73021,0.617283951,1.685314815,PROJECT_BASIS_QTO,"PROJECT_BASIS_QTO: rate density over the frozen PRE-S7.1 local bar strips; a lower bound of the physical steel (every blocked portion is excluded, not zero); not a bar-by-bar BBS","PROJECT_GEOMETRY: over the support between the two panel faces along each bar line (the far face found beyond each strip end, AD2-D15)","PROJECT_SOURCE: plan note 2 (5Ø10/m top steel over beams, both directions) -> 5 bars/m of Ø10; equivalent count by URBAN_RATE_DENSITY (AD2-D02); PHYSICAL_BBS_COUNT UNRESOLVED",PROJECT_SOURCE: full callout density 1 (no 50 % rule split on this item),,,,SUPPORT_GAP (face to face over the support),PROJECT_GEOMETRY,SUPPORT_FACE,PROJECT_GEOMETRY,PROJECT_SOURCE (plan note 2: top steel),"[""P4-6-NOTE-2-TOP-OVER-BEAMS""]","[""URBAN_RATE_DENSITY (AD2-D02: equivalent count = rate x density x width, unrounded)""]","[""AD2-D02"", ""AD2-D05"", ""AD2-D15""]","[""QI-00977""]",39,False,False,5 /m x 1 x 1.82014 m x 0.3 m = 2.73021 m; x 10^2/162 = 0.617283951 kg/m -> 1.685314815 kg,PRE-S7.1 11_S7_RELEASE_CANDIDATES.csv QI-00976 (manifest 3a67a8641ce4); 39 local bar strips in 04_S7_BAR_RUNS.csv
S7-0424,QI-00978,CMP-0410,SUP-1F_ROOF_SLAB-135,SUPPORT,SP-1F_ROOF_SLAB-07,SUP-1F_ROOF_SLAB-135,TOP:SUP-1F_ROOF_SLAB-135:SP-1F_ROOF_SLAB-07:Y,1F_ROOF_SLAB,TOP_OVER_SUPPORT_EXTENSION,TOP,Y,10,5,,1,4.372183,21.860915,UNRESOLVED,1.009451318,,0,0.336483773,0.336483773,7.355843152,0.617283951,4.540643921,PROJECT_BASIS_QTO,"PROJECT_BASIS_QTO: rate density over the frozen PRE-S7.1 local bar strips; a lower bound of the physical steel (every blocked portion is excluded, not zero); not a bar-by-bar BBS","PROJECT_SOURCE ratio 1/3 (P4-6-NOTE-2-TOP-OVER-BEAMS: 'length one third of the span'); URBAN_OWNER_MEASUREMENT_RULE URBAN_QTO_TOP_OVER_SUPPORT_EXTENT_V1: measured from the support face into the clear span of SP-1F_ROOF_SLAB-07 (note 2 does not state the origin, the span or total-vs-each-side)","PROJECT_SOURCE: plan note 2 (5Ø10/m top steel over beams, both directions) -> 5 bars/m of Ø10; equivalent count by URBAN_RATE_DENSITY (AD2-D02); PHYSICAL_BBS_COUNT UNRESOLVED",PROJECT_SOURCE: full callout density 1 (no 50 % rule split on this item),0.333333333,P4-6-NOTE-2-TOP-OVER-BEAMS,PROJECT_SOURCE,"CLEAR_SPAN of the panel on each side, along each bar line",URBAN_OWNER_MEASUREMENT_RULE,SUPPORT_FACE (extension into the clear span),URBAN_OWNER_MEASUREMENT_RULE,PROJECT_SOURCE (plan note 2: top steel),"[""P4-6-NOTE-2-TOP-OVER-BEAMS""]","[""URBAN_RATE_DENSITY (AD2-D02: equivalent count = rate x density x width, unrounded)"", ""URBAN_QTO_TOP_OVER_SUPPORT_EXTENT_V1""]","[""AD2-D02"", ""AD2-D05"", ""AD2-D06""]","[""QI-00981""]",38,False,False,5 /m x 1 x 4.372183 m x 0.336483773 m = 7.355843152 m; x 10^2/162 = 0.617283951 kg/m -> 4.540643921 kg,PRE-S7.1 11_S7_RELEASE_CANDIDATES.csv QI-00978 (manifest 3a67a8641ce4); 38 local bar strips in 04_S7_BAR_RUNS.csv
S7-0425,QI-00982,CMP-0411,SUP-GF_ROOF_SLAB-136,SUPPORT,SP-GF_ROOF_SLAB-02,SUP-GF_ROOF_SLAB-136,TOP:SUP-GF_ROOF_SLAB-136:SP-GF_ROOF_SLAB-02:X,GF_ROOF_SLAB,TOP_OVER_SUPPORT_EXTENSION,TOP,X,10,5,,1,0.619667,3.098335,UNRESOLVED,1.7,,0,0.566666667,0.566666667,1.755723167,0.617283951,1.083779733,PROJECT_BASIS_QTO,"PROJECT_BASIS_QTO: rate density over the frozen PRE-S7.1 local bar strips; a lower bound of the physical steel (every blocked portion is excluded, not zero); not a bar-by-bar BBS","PROJECT_SOURCE ratio 1/3 (P4-6-NOTE-2-TOP-OVER-BEAMS: 'length one third of the span'); URBAN_OWNER_MEASUREMENT_RULE URBAN_QTO_TOP_OVER_SUPPORT_EXTENT_V1: measured from the support face into the clear span of SP-GF_ROOF_SLAB-02 (note 2 does not state the origin, the span or total-vs-each-side)","PROJECT_SOURCE: plan note 2 (5Ø10/m top steel over beams, both directions) -> 5 bars/m of Ø10; equivalent count by URBAN_RATE_DENSITY (AD2-D02); PHYSICAL_BBS_COUNT UNRESOLVED",PROJECT_SOURCE: full callout density 1 (no 50 % rule split on this item),0.333333333,P4-6-NOTE-2-TOP-OVER-BEAMS,PROJECT_SOURCE,"CLEAR_SPAN of the panel on each side, along each bar line",URBAN_OWNER_MEASUREMENT_RULE,SUPPORT_FACE (extension into the clear span),URBAN_OWNER_MEASUREMENT_RULE,PROJECT_SOURCE (plan note 2: top steel),"[""P4-6-NOTE-2-TOP-OVER-BEAMS""]","[""URBAN_RATE_DENSITY (AD2-D02: equivalent count = rate x density x width, unrounded)"", ""URBAN_QTO_TOP_OVER_SUPPORT_EXTENT_V1""]","[""AD2-D02"", ""AD2-D05"", ""AD2-D06""]",[],1,False,False,5 /m x 1 x 0.619667 m x 0.566666667 m = 1.755723167 m; x 10^2/162 = 0.617283951 kg/m -> 1.083779733 kg,PRE-S7.1 11_S7_RELEASE_CANDIDATES.csv QI-00982 (manifest 3a67a8641ce4); 1 local bar strips in 04_S7_BAR_RUNS.csv
S7-0426,QI-00983,CMP-0411,SUP-GF_ROOF_SLAB-136,SUPPORT,SP-GF_ROOF_SLAB-08,SUP-GF_ROOF_SLAB-136,TOP:SUP-GF_ROOF_SLAB-136:SP-GF_ROOF_SLAB-08:X,GF_ROOF_SLAB,TOP_OVER_SUPPORT_EXTENSION,TOP,X,10,5,,1,0.619667,3.098335,UNRESOLVED,3.5,,0,1.166666667,1.166666667,3.614724167,0.617283951,2.231311214,PROJECT_BASIS_QTO,"PROJECT_BASIS_QTO: rate density over the frozen PRE-S7.1 local bar strips; a lower bound of the physical steel (every blocked portion is excluded, not zero); not a bar-by-bar BBS","PROJECT_SOURCE ratio 1/3 (P4-6-NOTE-2-TOP-OVER-BEAMS: 'length one third of the span'); URBAN_OWNER_MEASUREMENT_RULE URBAN_QTO_TOP_OVER_SUPPORT_EXTENT_V1: measured from the support face into the clear span of SP-GF_ROOF_SLAB-08 (note 2 does not state the origin, the span or total-vs-each-side)","PROJECT_SOURCE: plan note 2 (5Ø10/m top steel over beams, both directions) -> 5 bars/m of Ø10; equivalent count by URBAN_RATE_DENSITY (AD2-D02); PHYSICAL_BBS_COUNT UNRESOLVED",PROJECT_SOURCE: full callout density 1 (no 50 % rule split on this item),0.333333333,P4-6-NOTE-2-TOP-OVER-BEAMS,PROJECT_SOURCE,"CLEAR_SPAN of the panel on each side, along each bar line",URBAN_OWNER_MEASUREMENT_RULE,SUPPORT_FACE (extension into the clear span),URBAN_OWNER_MEASUREMENT_RULE,PROJECT_SOURCE (plan note 2: top steel),"[""P4-6-NOTE-2-TOP-OVER-BEAMS""]","[""URBAN_RATE_DENSITY (AD2-D02: equivalent count = rate x density x width, unrounded)"", ""URBAN_QTO_TOP_OVER_SUPPORT_EXTENT_V1""]","[""AD2-D02"", ""AD2-D05"", ""AD2-D06""]",[],1,False,False,5 /m x 1 x 0.619667 m x 1.166666667 m = 3.614724167 m; x 10^2/162 = 0.617283951 kg/m -> 2.231311214 kg,PRE-S7.1 11_S7_RELEASE_CANDIDATES.csv QI-00983 (manifest 3a67a8641ce4); 1 local bar strips in 04_S7_BAR_RUNS.csv
S7-0427,QI-00984,CMP-0411,SUP-GF_ROOF_SLAB-136,SUPPORT,SP-GF_ROOF_SLAB-02|SP-GF_ROOF_SLAB-08,SUP-GF_ROOF_SLAB-136,TOP:SUP-GF_ROOF_SLAB-136:SP-GF_ROOF_SLAB-02|SP-GF_ROOF_SLAB-08:X,GF_ROOF_SLAB,TOP_SUPPORT_CROSSING,TOP,X,10,5,,1,0.619667,3.098335,UNRESOLVED,,,0.2,0,,0.619667,0.617283951,0.382510494,PROJECT_BASIS_QTO,"PROJECT_BASIS_QTO: rate density over the frozen PRE-S7.1 local bar strips; a lower bound of the physical steel (every blocked portion is excluded, not zero); not a bar-by-bar BBS","PROJECT_GEOMETRY: over the support between the two panel faces along each bar line (the far face found beyond each strip end, AD2-D15)","PROJECT_SOURCE: plan note 2 (5Ø10/m top steel over beams, both directions) -> 5 bars/m of Ø10; equivalent count by URBAN_RATE_DENSITY (AD2-D02); PHYSICAL_BBS_COUNT UNRESOLVED",PROJECT_SOURCE: full callout density 1 (no 50 % rule split on this item),,,,SUPPORT_GAP (face to face over the support),PROJECT_GEOMETRY,SUPPORT_FACE,PROJECT_GEOMETRY,PROJECT_SOURCE (plan note 2: top steel),"[""P4-6-NOTE-2-TOP-OVER-BEAMS""]","[""URBAN_RATE_DENSITY (AD2-D02: equivalent count = rate x density x width, unrounded)""]","[""AD2-D02"", ""AD2-D05"", ""AD2-D15""]",[],1,False,False,5 /m x 1 x 0.619667 m x 0.2 m = 0.619667 m; x 10^2/162 = 0.617283951 kg/m -> 0.382510494 kg,PRE-S7.1 11_S7_RELEASE_CANDIDATES.csv QI-00984 (manifest 3a67a8641ce4); 1 local bar strips in 04_S7_BAR_RUNS.csv
S7-0428,QI-00985,CMP-0412,SUP-GF_ROOF_SLAB-137,SUPPORT,SP-GF_ROOF_SLAB-08,SUP-GF_ROOF_SLAB-137,TOP:SUP-GF_ROOF_SLAB-137:SP-GF_ROOF_SLAB-08:X,GF_ROOF_SLAB,TOP_OVER_SUPPORT_EXTENSION,TOP,X,10,5,,1,2.900473,14.502365,UNRESOLVED,3.5,,0,1.166666667,1.166666667,16.919425833,0.617283951,10.444090021,PROJECT_BASIS_QTO,"PROJECT_BASIS_QTO: rate density over the frozen PRE-S7.1 local bar strips; a lower bound of the physical steel (every blocked portion is excluded, not zero); not a bar-by-bar BBS","PROJECT_SOURCE ratio 1/3 (P4-6-NOTE-2-TOP-OVER-BEAMS: 'length one third of the span'); URBAN_OWNER_MEASUREMENT_RULE URBAN_QTO_TOP_OVER_SUPPORT_EXTENT_V1: measured from the support face into the clear span of SP-GF_ROOF_SLAB-08 (note 2 does not state the origin, the span or total-vs-each-side)","PROJECT_SOURCE: plan note 2 (5Ø10/m top steel over beams, both directions) -> 5 bars/m of Ø10; equivalent count by URBAN_RATE_DENSITY (AD2-D02); PHYSICAL_BBS_COUNT UNRESOLVED",PROJECT_SOURCE: full callout density 1 (no 50 % rule split on this item),0.333333333,P4-6-NOTE-2-TOP-OVER-BEAMS,PROJECT_SOURCE,"CLEAR_SPAN of the panel on each side, along each bar line",URBAN_OWNER_MEASUREMENT_RULE,SUPPORT_FACE (extension into the clear span),URBAN_OWNER_MEASUREMENT_RULE,PROJECT_SOURCE (plan note 2: top steel),"[""P4-6-NOTE-2-TOP-OVER-BEAMS""]","[""URBAN_RATE_DENSITY (AD2-D02: equivalent count = rate x density x width, unrounded)"", ""URBAN_QTO_TOP_OVER_SUPPORT_EXTENT_V1""]","[""AD2-D02"", ""AD2-D05"", ""AD2-D06""]","[""QI-00986""]",70,False,False,5 /m x 1 x 2.900473 m x 1.166666667 m = 16.919425833 m; x 10^2/162 = 0.617283951 kg/m -> 10.444090021 kg,PRE-S7.1 11_S7_RELEASE_CANDIDATES.csv QI-00985 (manifest 3a67a8641ce4); 70 local bar strips in 04_S7_BAR_RUNS.csv
S7-0429,QI-00987,CMP-0413,SUP-1F_ROOF_SLAB-138,SUPPORT,SP-1F_ROOF_SLAB-05,SUP-1F_ROOF_SLAB-138,TOP:SUP-1F_ROOF_SLAB-138:SP-1F_ROOF_SLAB-05:Y,1F_ROOF_SLAB,TOP_OVER_SUPPORT_EXTENSION,TOP,Y,10,5,,1,4.1,20.5,UNRESOLVED,4.318292683,,0,1.439430894,1.439430894,29.508333333,0.617283951,18.215020576,PROJECT_BASIS_QTO,"PROJECT_BASIS_QTO: rate density over the frozen PRE-S7.1 local bar strips; a lower bound of the physical steel (every blocked portion is excluded, not zero); not a bar-by-bar BBS","PROJECT_SOURCE ratio 1/3 (P4-6-NOTE-2-TOP-OVER-BEAMS: 'length one third of the span'); URBAN_OWNER_MEASUREMENT_RULE URBAN_QTO_TOP_OVER_SUPPORT_EXTENT_V1: measured from the support face into the clear span of SP-1F_ROOF_SLAB-05 (note 2 does not state the origin, the span or total-vs-each-side)","PROJECT_SOURCE: plan note 2 (5Ø10/m top steel over beams, both directions) -> 5 bars/m of Ø10; equivalent count by URBAN_RATE_DENSITY (AD2-D02); PHYSICAL_BBS_COUNT UNRESOLVED",PROJECT_SOURCE: full callout density 1 (no 50 % rule split on this item),0.333333333,P4-6-NOTE-2-TOP-OVER-BEAMS,PROJECT_SOURCE,"CLEAR_SPAN of the panel on each side, along each bar line",URBAN_OWNER_MEASUREMENT_RULE,SUPPORT_FACE (extension into the clear span),URBAN_OWNER_MEASUREMENT_RULE,PROJECT_SOURCE (plan note 2: top steel),"[""P4-6-NOTE-2-TOP-OVER-BEAMS""]","[""URBAN_RATE_DENSITY (AD2-D02: equivalent count = rate x density x width, unrounded)"", ""URBAN_QTO_TOP_OVER_SUPPORT_EXTENT_V1""]","[""AD2-D02"", ""AD2-D05"", ""AD2-D06""]",[],31,False,False,5 /m x 1 x 4.1 m x 1.439430894 m = 29.508333333 m; x 10^2/162 = 0.617283951 kg/m -> 18.215020576 kg,PRE-S7.1 11_S7_RELEASE_CANDIDATES.csv QI-00987 (manifest 3a67a8641ce4); 31 local bar strips in 04_S7_BAR_RUNS.csv
S7-0430,QI-00988,CMP-0413,SUP-1F_ROOF_SLAB-138,SUPPORT,SP-1F_ROOF_SLAB-07,SUP-1F_ROOF_SLAB-138,TOP:SUP-1F_ROOF_SLAB-138:SP-1F_ROOF_SLAB-07:Y,1F_ROOF_SLAB,TOP_OVER_SUPPORT_EXTENSION,TOP,Y,10,5,,1,4.1,20.5,UNRESOLVED,1.010478,,0,0.336826,0.336826,6.904933,0.617283951,4.262304321,PROJECT_BASIS_QTO,"PROJECT_BASIS_QTO: rate density over the frozen PRE-S7.1 local bar strips; a lower bound of the physical steel (every blocked portion is excluded, not zero); not a bar-by-bar BBS","PROJECT_SOURCE ratio 1/3 (P4-6-NOTE-2-TOP-OVER-BEAMS: 'length one third of the span'); URBAN_OWNER_MEASUREMENT_RULE URBAN_QTO_TOP_OVER_SUPPORT_EXTENT_V1: measured from the support face into the clear span of SP-1F_ROOF_SLAB-07 (note 2 does not state the origin, the span or total-vs-each-side)","PROJECT_SOURCE: plan note 2 (5Ø10/m top steel over beams, both directions) -> 5 bars/m of Ø10; equivalent count by URBAN_RATE_DENSITY (AD2-D02); PHYSICAL_BBS_COUNT UNRESOLVED",PROJECT_SOURCE: full callout density 1 (no 50 % rule split on this item),0.333333333,P4-6-NOTE-2-TOP-OVER-BEAMS,PROJECT_SOURCE,"CLEAR_SPAN of the panel on each side, along each bar line",URBAN_OWNER_MEASUREMENT_RULE,SUPPORT_FACE (extension into the clear span),URBAN_OWNER_MEASUREMENT_RULE,PROJECT_SOURCE (plan note 2: top steel),"[""P4-6-NOTE-2-TOP-OVER-BEAMS""]","[""URBAN_RATE_DENSITY (AD2-D02: equivalent count = rate x density x width, unrounded)"", ""URBAN_QTO_TOP_OVER_SUPPORT_EXTENT_V1""]","[""AD2-D02"", ""AD2-D05"", ""AD2-D06""]",[],31,False,False,5 /m x 1 x 4.1 m x 0.336826 m = 6.904933 m; x 10^2/162 = 0.617283951 kg/m -> 4.262304321 kg,PRE-S7.1 11_S7_RELEASE_CANDIDATES.csv QI-00988 (manifest 3a67a8641ce4); 31 local bar strips in 04_S7_BAR_RUNS.csv
S7-0431,QI-00989,CMP-0413,SUP-1F_ROOF_SLAB-138,SUPPORT,SP-1F_ROOF_SLAB-05|SP-1F_ROOF_SLAB-07,SUP-1F_ROOF_SLAB-138,TOP:SUP-1F_ROOF_SLAB-138:SP-1F_ROOF_SLAB-05|SP-1F_ROOF_SLAB-07:Y,1F_ROOF_SLAB,TOP_SUPPORT_CROSSING,TOP,Y,10,5,,1,4.1,20.5,UNRESOLVED,,,0.2,0,,4.1,0.617283951,2.530864198,PROJECT_BASIS_QTO,"PROJECT_BASIS_QTO: rate density over the frozen PRE-S7.1 local bar strips; a lower bound of the physical steel (every blocked portion is excluded, not zero); not a bar-by-bar BBS","PROJECT_GEOMETRY: over the support between the two panel faces along each bar line (the far face found beyond each strip end, AD2-D15)","PROJECT_SOURCE: plan note 2 (5Ø10/m top steel over beams, both directions) -> 5 bars/m of Ø10; equivalent count by URBAN_RATE_DENSITY (AD2-D02); PHYSICAL_BBS_COUNT UNRESOLVED",PROJECT_SOURCE: full callout density 1 (no 50 % rule split on this item),,,,SUPPORT_GAP (face to face over the support),PROJECT_GEOMETRY,SUPPORT_FACE,PROJECT_GEOMETRY,PROJECT_SOURCE (plan note 2: top steel),"[""P4-6-NOTE-2-TOP-OVER-BEAMS""]","[""URBAN_RATE_DENSITY (AD2-D02: equivalent count = rate x density x width, unrounded)""]","[""AD2-D02"", ""AD2-D05"", ""AD2-D15""]",[],31,False,False,5 /m x 1 x 4.1 m x 0.2 m = 4.1 m; x 10^2/162 = 0.617283951 kg/m -> 2.530864198 kg,PRE-S7.1 11_S7_RELEASE_CANDIDATES.csv QI-00989 (manifest 3a67a8641ce4); 31 local bar strips in 04_S7_BAR_RUNS.csv
S7-0432,QI-00990,CMP-0414,SUP-GF_ROOF_SLAB-139,SUPPORT,SP-GF_ROOF_SLAB-16,SUP-GF_ROOF_SLAB-139,TOP:SUP-GF_ROOF_SLAB-139:SP-GF_ROOF_SLAB-16:Y,GF_ROOF_SLAB,TOP_OVER_SUPPORT_EXTENSION,TOP,Y,10,5,,1,3.3,16.5,UNRESOLVED,1.628787879,,0,0.542929293,0.542929293,8.958333333,0.617283951,5.529835391,PROJECT_BASIS_QTO,"PROJECT_BASIS_QTO: rate density over the frozen PRE-S7.1 local bar strips; a lower bound of the physical steel (every blocked portion is excluded, not zero); not a bar-by-bar BBS","PROJECT_SOURCE ratio 1/3 (P4-6-NOTE-2-TOP-OVER-BEAMS: 'length one third of the span'); URBAN_OWNER_MEASUREMENT_RULE URBAN_QTO_TOP_OVER_SUPPORT_EXTENT_V1: measured from the support face into the clear span of SP-GF_ROOF_SLAB-16 (note 2 does not state the origin, the span or total-vs-each-side); local L by URBAN_QTO_LOCAL_BAR_LINE_V1","PROJECT_SOURCE: plan note 2 (5Ø10/m top steel over beams, both directions) -> 5 bars/m of Ø10; equivalent count by URBAN_RATE_DENSITY (AD2-D02); PHYSICAL_BBS_COUNT UNRESOLVED",PROJECT_SOURCE: full callout density 1 (no 50 % rule split on this item),0.333333333,P4-6-NOTE-2-TOP-OVER-BEAMS,PROJECT_SOURCE,"CLEAR_SPAN of the panel on each side, along each bar line",URBAN_OWNER_MEASUREMENT_RULE,SUPPORT_FACE (extension into the clear span),URBAN_OWNER_MEASUREMENT_RULE,PROJECT_SOURCE (plan note 2: top steel),"[""P4-6-NOTE-2-TOP-OVER-BEAMS""]","[""URBAN_RATE_DENSITY (AD2-D02: equivalent count = rate x density x width, unrounded)"", ""URBAN_QTO_LOCAL_BAR_LINE_V1 (AD2-D14)"", ""URBAN_QTO_TOP_OVER_SUPPORT_EXTENT_V1""]","[""AD2-D02"", ""AD2-D05"", ""AD2-D06"", ""AD2-D14""]",[],7,False,False,5 /m x 1 x 3.3 m x 0.542929293 m = 8.958333333 m; x 10^2/162 = 0.617283951 kg/m -> 5.529835391 kg,PRE-S7.1 11_S7_RELEASE_CANDIDATES.csv QI-00990 (manifest 3a67a8641ce4); 7 local bar strips in 04_S7_BAR_RUNS.csv
S7-0433,QI-00991,CMP-0414,SUP-GF_ROOF_SLAB-139,SUPPORT,SP-GF_ROOF_SLAB-25,SUP-GF_ROOF_SLAB-139,TOP:SUP-GF_ROOF_SLAB-139:SP-GF_ROOF_SLAB-25:Y,GF_ROOF_SLAB,TOP_OVER_SUPPORT_EXTENSION,TOP,Y,10,5,,1,3.3,16.5,UNRESOLVED,4.884736006,,0,1.628245335,1.628245335,26.866048035,0.617283951,16.583980268,PROJECT_BASIS_QTO,"PROJECT_BASIS_QTO: rate density over the frozen PRE-S7.1 local bar strips; a lower bound of the physical steel (every blocked portion is excluded, not zero); not a bar-by-bar BBS","PROJECT_SOURCE ratio 1/3 (P4-6-NOTE-2-TOP-OVER-BEAMS: 'length one third of the span'); URBAN_OWNER_MEASUREMENT_RULE URBAN_QTO_TOP_OVER_SUPPORT_EXTENT_V1: measured from the support face into the clear span of SP-GF_ROOF_SLAB-25 (note 2 does not state the origin, the span or total-vs-each-side)","PROJECT_SOURCE: plan note 2 (5Ø10/m top steel over beams, both directions) -> 5 bars/m of Ø10; equivalent count by URBAN_RATE_DENSITY (AD2-D02); PHYSICAL_BBS_COUNT UNRESOLVED",PROJECT_SOURCE: full callout density 1 (no 50 % rule split on this item),0.333333333,P4-6-NOTE-2-TOP-OVER-BEAMS,PROJECT_SOURCE,"CLEAR_SPAN of the panel on each side, along each bar line",URBAN_OWNER_MEASUREMENT_RULE,SUPPORT_FACE (extension into the clear span),URBAN_OWNER_MEASUREMENT_RULE,PROJECT_SOURCE (plan note 2: top steel),"[""P4-6-NOTE-2-TOP-OVER-BEAMS""]","[""URBAN_RATE_DENSITY (AD2-D02: equivalent count = rate x density x width, unrounded)"", ""URBAN_QTO_TOP_OVER_SUPPORT_EXTENT_V1""]","[""AD2-D02"", ""AD2-D05"", ""AD2-D06""]",[],8,False,False,5 /m x 1 x 3.3 m x 1.628245335 m = 26.866048035 m; x 10^2/162 = 0.617283951 kg/m -> 16.583980268 kg,PRE-S7.1 11_S7_RELEASE_CANDIDATES.csv QI-00991 (manifest 3a67a8641ce4); 8 local bar strips in 04_S7_BAR_RUNS.csv
S7-0434,QI-00992,CMP-0414,SUP-GF_ROOF_SLAB-139,SUPPORT,SP-GF_ROOF_SLAB-16|SP-GF_ROOF_SLAB-25,SUP-GF_ROOF_SLAB-139,TOP:SUP-GF_ROOF_SLAB-139:SP-GF_ROOF_SLAB-16|SP-GF_ROOF_SLAB-25:Y,GF_ROOF_SLAB,TOP_SUPPORT_CROSSING,TOP,Y,10,5,,1,3.3,16.5,UNRESOLVED,,,0.2,0,,3.3,0.617283951,2.037037037,PROJECT_BASIS_QTO,"PROJECT_BASIS_QTO: rate density over the frozen PRE-S7.1 local bar strips; a lower bound of the physical steel (every blocked portion is excluded, not zero); not a bar-by-bar BBS","PROJECT_GEOMETRY: over the support between the two panel faces along each bar line (the far face found beyond each strip end, AD2-D15)","PROJECT_SOURCE: plan note 2 (5Ø10/m top steel over beams, both directions) -> 5 bars/m of Ø10; equivalent count by URBAN_RATE_DENSITY (AD2-D02); PHYSICAL_BBS_COUNT UNRESOLVED",PROJECT_SOURCE: full callout density 1 (no 50 % rule split on this item),,,,SUPPORT_GAP (face to face over the support),PROJECT_GEOMETRY,SUPPORT_FACE,PROJECT_GEOMETRY,PROJECT_SOURCE (plan note 2: top steel),"[""P4-6-NOTE-2-TOP-OVER-BEAMS""]","[""URBAN_RATE_DENSITY (AD2-D02: equivalent count = rate x density x width, unrounded)""]","[""AD2-D02"", ""AD2-D05"", ""AD2-D15""]",[],7,False,False,5 /m x 1 x 3.3 m x 0.2 m = 3.3 m; x 10^2/162 = 0.617283951 kg/m -> 2.037037037 kg,PRE-S7.1 11_S7_RELEASE_CANDIDATES.csv QI-00992 (manifest 3a67a8641ce4); 7 local bar strips in 04_S7_BAR_RUNS.csv
S7-0435,QI-00993,CMP-0415,SUP-GF_ROOF_SLAB-140,SUPPORT,SP-GF_ROOF_SLAB-05,SUP-GF_ROOF_SLAB-140,TOP:SUP-GF_ROOF_SLAB-140:SP-GF_ROOF_SLAB-05:X,GF_ROOF_SLAB,TOP_OVER_SUPPORT_EXTENSION,TOP,X,10,5,,1,1.75,8.75,UNRESOLVED,1.9,,0,0.633333333,0.633333333,5.541666667,0.617283951,3.420781893,PROJECT_BASIS_QTO,"PROJECT_BASIS_QTO: rate density over the frozen PRE-S7.1 local bar strips; a lower bound of the physical steel (every blocked portion is excluded, not zero); not a bar-by-bar BBS","PROJECT_SOURCE ratio 1/3 (P4-6-NOTE-2-TOP-OVER-BEAMS: 'length one third of the span'); URBAN_OWNER_MEASUREMENT_RULE URBAN_QTO_TOP_OVER_SUPPORT_EXTENT_V1: measured from the support face into the clear span of SP-GF_ROOF_SLAB-05 (note 2 does not state the origin, the span or total-vs-each-side)","PROJECT_SOURCE: plan note 2 (5Ø10/m top steel over beams, both directions) -> 5 bars/m of Ø10; equivalent count by URBAN_RATE_DENSITY (AD2-D02); PHYSICAL_BBS_COUNT UNRESOLVED",PROJECT_SOURCE: full callout density 1 (no 50 % rule split on this item),0.333333333,P4-6-NOTE-2-TOP-OVER-BEAMS,PROJECT_SOURCE,"CLEAR_SPAN of the panel on each side, along each bar line",URBAN_OWNER_MEASUREMENT_RULE,SUPPORT_FACE (extension into the clear span),URBAN_OWNER_MEASUREMENT_RULE,PROJECT_SOURCE (plan note 2: top steel),"[""P4-6-NOTE-2-TOP-OVER-BEAMS""]","[""URBAN_RATE_DENSITY (AD2-D02: equivalent count = rate x density x width, unrounded)"", ""URBAN_QTO_TOP_OVER_SUPPORT_EXTENT_V1""]","[""AD2-D02"", ""AD2-D05"", ""AD2-D06""]","[""QI-00995"", ""QI-00996""]",3,True,False,5 /m x 1 x 1.75 m x 0.633333333 m = 5.541666667 m; x 10^2/162 = 0.617283951 kg/m -> 3.420781893 kg,PRE-S7.1 11_S7_RELEASE_CANDIDATES.csv QI-00993 (manifest 3a67a8641ce4); 3 local bar strips in 04_S7_BAR_RUNS.csv
S7-0436,QI-00994,CMP-0415,SUP-GF_ROOF_SLAB-140,SUPPORT,SP-GF_ROOF_SLAB-06,SUP-GF_ROOF_SLAB-140,TOP:SUP-GF_ROOF_SLAB-140:SP-GF_ROOF_SLAB-06:X,GF_ROOF_SLAB,TOP_OVER_SUPPORT_EXTENSION,TOP,X,10,5,,1,1.75,8.75,UNRESOLVED,1.65,,0,0.55,0.55,4.8125,0.617283951,2.970679012,PROJECT_BASIS_QTO,"PROJECT_BASIS_QTO: rate density over the frozen PRE-S7.1 local bar strips; a lower bound of the physical steel (every blocked portion is excluded, not zero); not a bar-by-bar BBS","PROJECT_SOURCE ratio 1/3 (P4-6-NOTE-2-TOP-OVER-BEAMS: 'length one third of the span'); URBAN_OWNER_MEASUREMENT_RULE URBAN_QTO_TOP_OVER_SUPPORT_EXTENT_V1: measured from the support face into the clear span of SP-GF_ROOF_SLAB-06 (note 2 does not state the origin, the span or total-vs-each-side)","PROJECT_SOURCE: plan note 2 (5Ø10/m top steel over beams, both directions) -> 5 bars/m of Ø10; equivalent count by URBAN_RATE_DENSITY (AD2-D02); PHYSICAL_BBS_COUNT UNRESOLVED",PROJECT_SOURCE: full callout density 1 (no 50 % rule split on this item),0.333333333,P4-6-NOTE-2-TOP-OVER-BEAMS,PROJECT_SOURCE,"CLEAR_SPAN of the panel on each side, along each bar line",URBAN_OWNER_MEASUREMENT_RULE,SUPPORT_FACE (extension into the clear span),URBAN_OWNER_MEASUREMENT_RULE,PROJECT_SOURCE (plan note 2: top steel),"[""P4-6-NOTE-2-TOP-OVER-BEAMS""]","[""URBAN_RATE_DENSITY (AD2-D02: equivalent count = rate x density x width, unrounded)"", ""URBAN_QTO_TOP_OVER_SUPPORT_EXTENT_V1""]","[""AD2-D02"", ""AD2-D05"", ""AD2-D06""]","[""QI-00995"", ""QI-00996""]",3,False,False,5 /m x 1 x 1.75 m x 0.55 m = 4.8125 m; x 10^2/162 = 0.617283951 kg/m -> 2.970679012 kg,PRE-S7.1 11_S7_RELEASE_CANDIDATES.csv QI-00994 (manifest 3a67a8641ce4); 3 local bar strips in 04_S7_BAR_RUNS.csv
S7-0437,QI-00997,CMP-0416,SUP-GF_ROOF_SLAB-141,SUPPORT,SP-GF_ROOF_SLAB-16,SUP-GF_ROOF_SLAB-141,TOP:SUP-GF_ROOF_SLAB-141:SP-GF_ROOF_SLAB-16:Y,GF_ROOF_SLAB,TOP_OVER_SUPPORT_EXTENSION,TOP,Y,10,5,,1,0.6,3,UNRESOLVED,1.25,,0,0.416666667,0.416666667,1.25,0.617283951,0.771604938,PROJECT_BASIS_QTO,"PROJECT_BASIS_QTO: rate density over the frozen PRE-S7.1 local bar strips; a lower bound of the physical steel (every blocked portion is excluded, not zero); not a bar-by-bar BBS","PROJECT_SOURCE ratio 1/3 (P4-6-NOTE-2-TOP-OVER-BEAMS: 'length one third of the span'); URBAN_OWNER_MEASUREMENT_RULE URBAN_QTO_TOP_OVER_SUPPORT_EXTENT_V1: measured from the support face into the clear span of SP-GF_ROOF_SLAB-16 (note 2 does not state the origin, the span or total-vs-each-side); local L by URBAN_QTO_LOCAL_BAR_LINE_V1","PROJECT_SOURCE: plan note 2 (5Ø10/m top steel over beams, both directions) -> 5 bars/m of Ø10; equivalent count by URBAN_RATE_DENSITY (AD2-D02); PHYSICAL_BBS_COUNT UNRESOLVED",PROJECT_SOURCE: full callout density 1 (no 50 % rule split on this item),0.333333333,P4-6-NOTE-2-TOP-OVER-BEAMS,PROJECT_SOURCE,"CLEAR_SPAN of the panel on each side, along each bar line",URBAN_OWNER_MEASUREMENT_RULE,SUPPORT_FACE (extension into the clear span),URBAN_OWNER_MEASUREMENT_RULE,PROJECT_SOURCE (plan note 2: top steel),"[""P4-6-NOTE-2-TOP-OVER-BEAMS""]","[""URBAN_RATE_DENSITY (AD2-D02: equivalent count = rate x density x width, unrounded)"", ""URBAN_QTO_LOCAL_BAR_LINE_V1 (AD2-D14)"", ""URBAN_QTO_TOP_OVER_SUPPORT_EXTENT_V1""]","[""AD2-D02"", ""AD2-D05"", ""AD2-D06"", ""AD2-D14""]","[""QI-00998""]",1,False,False,5 /m x 1 x 0.6 m x 0.416666667 m = 1.25 m; x 10^2/162 = 0.617283951 kg/m -> 0.771604938 kg,PRE-S7.1 11_S7_RELEASE_CANDIDATES.csv QI-00997 (manifest 3a67a8641ce4); 1 local bar strips in 04_S7_BAR_RUNS.csv
S7-0438,QI-00999,CMP-0417,SUP-GF_ROOF_SLAB-142,SUPPORT,SP-GF_ROOF_SLAB-18,SUP-GF_ROOF_SLAB-142,TOP:SUP-GF_ROOF_SLAB-142:SP-GF_ROOF_SLAB-18:Y,GF_ROOF_SLAB,TOP_OVER_SUPPORT_EXTENSION,TOP,Y,10,5,,1,0.7,3.5,UNRESOLVED,2.25,,0,0.75,0.75,2.625,0.617283951,1.62037037,PROJECT_BASIS_QTO,"PROJECT_BASIS_QTO: rate density over the frozen PRE-S7.1 local bar strips; a lower bound of the physical steel (every blocked portion is excluded, not zero); not a bar-by-bar BBS","PROJECT_SOURCE ratio 1/3 (P4-6-NOTE-2-TOP-OVER-BEAMS: 'length one third of the span'); URBAN_OWNER_MEASUREMENT_RULE URBAN_QTO_TOP_OVER_SUPPORT_EXTENT_V1: measured from the support face into the clear span of SP-GF_ROOF_SLAB-18 (note 2 does not state the origin, the span or total-vs-each-side); local L by URBAN_QTO_LOCAL_BAR_LINE_V1","PROJECT_SOURCE: plan note 2 (5Ø10/m top steel over beams, both directions) -> 5 bars/m of Ø10; equivalent count by URBAN_RATE_DENSITY (AD2-D02); PHYSICAL_BBS_COUNT UNRESOLVED",PROJECT_SOURCE: full callout density 1 (no 50 % rule split on this item),0.333333333,P4-6-NOTE-2-TOP-OVER-BEAMS,PROJECT_SOURCE,"CLEAR_SPAN of the panel on each side, along each bar line",URBAN_OWNER_MEASUREMENT_RULE,SUPPORT_FACE (extension into the clear span),URBAN_OWNER_MEASUREMENT_RULE,PROJECT_SOURCE (plan note 2: top steel),"[""P4-6-NOTE-2-TOP-OVER-BEAMS""]","[""URBAN_RATE_DENSITY (AD2-D02: equivalent count = rate x density x width, unrounded)"", ""URBAN_QTO_LOCAL_BAR_LINE_V1 (AD2-D14)"", ""URBAN_QTO_TOP_OVER_SUPPORT_EXTENT_V1""]","[""AD2-D02"", ""AD2-D05"", ""AD2-D06"", ""AD2-D14""]","[""QI-01000""]",1,False,False,5 /m x 1 x 0.7 m x 0.75 m = 2.625 m; x 10^2/162 = 0.617283951 kg/m -> 1.62037037 kg,PRE-S7.1 11_S7_RELEASE_CANDIDATES.csv QI-00999 (manifest 3a67a8641ce4); 1 local bar strips in 04_S7_BAR_RUNS.csv
S7-0439,QI-01001,CMP-0418,SUP-GF_ROOF_SLAB-143,SUPPORT,SP-GF_ROOF_SLAB-07,SUP-GF_ROOF_SLAB-143,TOP:SUP-GF_ROOF_SLAB-143:SP-GF_ROOF_SLAB-07:Y,GF_ROOF_SLAB,TOP_OVER_SUPPORT_EXTENSION,TOP,Y,10,5,,1,1.8,9,UNRESOLVED,2.95,,0,0.983333333,0.983333333,8.85,0.617283951,5.462962963,PROJECT_BASIS_QTO,"PROJECT_BASIS_QTO: rate density over the frozen PRE-S7.1 local bar strips; a lower bound of the physical steel (every blocked portion is excluded, not zero); not a bar-by-bar BBS","PROJECT_SOURCE ratio 1/3 (P4-6-NOTE-2-TOP-OVER-BEAMS: 'length one third of the span'); URBAN_OWNER_MEASUREMENT_RULE URBAN_QTO_TOP_OVER_SUPPORT_EXTENT_V1: measured from the support face into the clear span of SP-GF_ROOF_SLAB-07 (note 2 does not state the origin, the span or total-vs-each-side)","PROJECT_SOURCE: plan note 2 (5Ø10/m top steel over beams, both directions) -> 5 bars/m of Ø10; equivalent count by URBAN_RATE_DENSITY (AD2-D02); PHYSICAL_BBS_COUNT UNRESOLVED",PROJECT_SOURCE: full callout density 1 (no 50 % rule split on this item),0.333333333,P4-6-NOTE-2-TOP-OVER-BEAMS,PROJECT_SOURCE,"CLEAR_SPAN of the panel on each side, along each bar line",URBAN_OWNER_MEASUREMENT_RULE,SUPPORT_FACE (extension into the clear span),URBAN_OWNER_MEASUREMENT_RULE,PROJECT_SOURCE (plan note 2: top steel),"[""P4-6-NOTE-2-TOP-OVER-BEAMS""]","[""URBAN_RATE_DENSITY (AD2-D02: equivalent count = rate x density x width, unrounded)"", ""URBAN_QTO_TOP_OVER_SUPPORT_EXTENT_V1""]","[""AD2-D02"", ""AD2-D05"", ""AD2-D06""]","[""QI-01002""]",1,False,False,5 /m x 1 x 1.8 m x 0.983333333 m = 8.85 m; x 10^2/162 = 0.617283951 kg/m -> 5.462962963 kg,PRE-S7.1 11_S7_RELEASE_CANDIDATES.csv QI-01001 (manifest 3a67a8641ce4); 1 local bar strips in 04_S7_BAR_RUNS.csv
S7-0440,QI-01003,CMP-0419,SUP-GF_ROOF_SLAB-144,SUPPORT,SP-GF_ROOF_SLAB-04,SUP-GF_ROOF_SLAB-144,TOP:SUP-GF_ROOF_SLAB-144:SP-GF_ROOF_SLAB-04:Y,GF_ROOF_SLAB,TOP_OVER_SUPPORT_EXTENSION,TOP,Y,10,5,,1,1.47,7.35,UNRESOLVED,1.75,,0,0.583333333,0.583333333,4.2875,0.617283951,2.646604938,PROJECT_BASIS_QTO,"PROJECT_BASIS_QTO: rate density over the frozen PRE-S7.1 local bar strips; a lower bound of the physical steel (every blocked portion is excluded, not zero); not a bar-by-bar BBS","PROJECT_SOURCE ratio 1/3 (P4-6-NOTE-2-TOP-OVER-BEAMS: 'length one third of the span'); URBAN_OWNER_MEASUREMENT_RULE URBAN_QTO_TOP_OVER_SUPPORT_EXTENT_V1: measured from the support face into the clear span of SP-GF_ROOF_SLAB-04 (note 2 does not state the origin, the span or total-vs-each-side)","PROJECT_SOURCE: plan note 2 (5Ø10/m top steel over beams, both directions) -> 5 bars/m of Ø10; equivalent count by URBAN_RATE_DENSITY (AD2-D02); PHYSICAL_BBS_COUNT UNRESOLVED",PROJECT_SOURCE: full callout density 1 (no 50 % rule split on this item),0.333333333,P4-6-NOTE-2-TOP-OVER-BEAMS,PROJECT_SOURCE,"CLEAR_SPAN of the panel on each side, along each bar line",URBAN_OWNER_MEASUREMENT_RULE,SUPPORT_FACE (extension into the clear span),URBAN_OWNER_MEASUREMENT_RULE,PROJECT_SOURCE (plan note 2: top steel),"[""P4-6-NOTE-2-TOP-OVER-BEAMS""]","[""URBAN_RATE_DENSITY (AD2-D02: equivalent count = rate x density x width, unrounded)"", ""URBAN_QTO_TOP_OVER_SUPPORT_EXTENT_V1""]","[""AD2-D02"", ""AD2-D05"", ""AD2-D06""]","[""QI-01004""]",2,True,False,5 /m x 1 x 1.47 m x 0.583333333 m = 4.2875 m; x 10^2/162 = 0.617283951 kg/m -> 2.646604938 kg,PRE-S7.1 11_S7_RELEASE_CANDIDATES.csv QI-01003 (manifest 3a67a8641ce4); 2 local bar strips in 04_S7_BAR_RUNS.csv
S7-0441,QI-01005,CMP-0420,SUP-GF_ROOF_SLAB-145,SUPPORT,SP-GF_ROOF_SLAB-05,SUP-GF_ROOF_SLAB-145,TOP:SUP-GF_ROOF_SLAB-145:SP-GF_ROOF_SLAB-05:Y,GF_ROOF_SLAB,TOP_OVER_SUPPORT_EXTENSION,TOP,Y,10,5,,1,1.9,9.5,UNRESOLVED,1.75,,0,0.583333333,0.583333333,5.541666667,0.617283951,3.420781893,PROJECT_BASIS_QTO,"PROJECT_BASIS_QTO: rate density over the frozen PRE-S7.1 local bar strips; a lower bound of the physical steel (every blocked portion is excluded, not zero); not a bar-by-bar BBS","PROJECT_SOURCE ratio 1/3 (P4-6-NOTE-2-TOP-OVER-BEAMS: 'length one third of the span'); URBAN_OWNER_MEASUREMENT_RULE URBAN_QTO_TOP_OVER_SUPPORT_EXTENT_V1: measured from the support face into the clear span of SP-GF_ROOF_SLAB-05 (note 2 does not state the origin, the span or total-vs-each-side)","PROJECT_SOURCE: plan note 2 (5Ø10/m top steel over beams, both directions) -> 5 bars/m of Ø10; equivalent count by URBAN_RATE_DENSITY (AD2-D02); PHYSICAL_BBS_COUNT UNRESOLVED",PROJECT_SOURCE: full callout density 1 (no 50 % rule split on this item),0.333333333,P4-6-NOTE-2-TOP-OVER-BEAMS,PROJECT_SOURCE,"CLEAR_SPAN of the panel on each side, along each bar line",URBAN_OWNER_MEASUREMENT_RULE,SUPPORT_FACE (extension into the clear span),URBAN_OWNER_MEASUREMENT_RULE,PROJECT_SOURCE (plan note 2: top steel),"[""P4-6-NOTE-2-TOP-OVER-BEAMS""]","[""URBAN_RATE_DENSITY (AD2-D02: equivalent count = rate x density x width, unrounded)"", ""URBAN_QTO_TOP_OVER_SUPPORT_EXTENT_V1""]","[""AD2-D02"", ""AD2-D05"", ""AD2-D06""]","[""QI-01006""]",2,True,False,5 /m x 1 x 1.9 m x 0.583333333 m = 5.541666667 m; x 10^2/162 = 0.617283951 kg/m -> 3.420781893 kg,PRE-S7.1 11_S7_RELEASE_CANDIDATES.csv QI-01005 (manifest 3a67a8641ce4); 2 local bar strips in 04_S7_BAR_RUNS.csv
S7-0442,QI-01007,CMP-0421,SUP-GF_ROOF_SLAB-146,SUPPORT,SP-GF_ROOF_SLAB-06,SUP-GF_ROOF_SLAB-146,TOP:SUP-GF_ROOF_SLAB-146:SP-GF_ROOF_SLAB-06:Y,GF_ROOF_SLAB,TOP_OVER_SUPPORT_EXTENSION,TOP,Y,10,5,,1,1.65,8.25,UNRESOLVED,1.75,,0,0.583333333,0.583333333,4.8125,0.617283951,2.970679012,PROJECT_BASIS_QTO,"PROJECT_BASIS_QTO: rate density over the frozen PRE-S7.1 local bar strips; a lower bound of the physical steel (every blocked portion is excluded, not zero); not a bar-by-bar BBS","PROJECT_SOURCE ratio 1/3 (P4-6-NOTE-2-TOP-OVER-BEAMS: 'length one third of the span'); URBAN_OWNER_MEASUREMENT_RULE URBAN_QTO_TOP_OVER_SUPPORT_EXTENT_V1: measured from the support face into the clear span of SP-GF_ROOF_SLAB-06 (note 2 does not state the origin, the span or total-vs-each-side)","PROJECT_SOURCE: plan note 2 (5Ø10/m top steel over beams, both directions) -> 5 bars/m of Ø10; equivalent count by URBAN_RATE_DENSITY (AD2-D02); PHYSICAL_BBS_COUNT UNRESOLVED",PROJECT_SOURCE: full callout density 1 (no 50 % rule split on this item),0.333333333,P4-6-NOTE-2-TOP-OVER-BEAMS,PROJECT_SOURCE,"CLEAR_SPAN of the panel on each side, along each bar line",URBAN_OWNER_MEASUREMENT_RULE,SUPPORT_FACE (extension into the clear span),URBAN_OWNER_MEASUREMENT_RULE,PROJECT_SOURCE (plan note 2: top steel),"[""P4-6-NOTE-2-TOP-OVER-BEAMS""]","[""URBAN_RATE_DENSITY (AD2-D02: equivalent count = rate x density x width, unrounded)"", ""URBAN_QTO_TOP_OVER_SUPPORT_EXTENT_V1""]","[""AD2-D02"", ""AD2-D05"", ""AD2-D06""]","[""QI-01008""]",2,False,False,5 /m x 1 x 1.65 m x 0.583333333 m = 4.8125 m; x 10^2/162 = 0.617283951 kg/m -> 2.970679012 kg,PRE-S7.1 11_S7_RELEASE_CANDIDATES.csv QI-01007 (manifest 3a67a8641ce4); 2 local bar strips in 04_S7_BAR_RUNS.csv
S7-0443,QI-01009,CMP-0422,SUP-GF_ROOF_SLAB-147,SUPPORT,SP-GF_ROOF_SLAB-07,SUP-GF_ROOF_SLAB-147,TOP:SUP-GF_ROOF_SLAB-147:SP-GF_ROOF_SLAB-07:Y,GF_ROOF_SLAB,TOP_OVER_SUPPORT_EXTENSION,TOP,Y,10,5,,1,1.8,9,UNRESOLVED,2.95,,0,0.983333333,0.983333333,8.85,0.617283951,5.462962963,PROJECT_BASIS_QTO,"PROJECT_BASIS_QTO: rate density over the frozen PRE-S7.1 local bar strips; a lower bound of the physical steel (every blocked portion is excluded, not zero); not a bar-by-bar BBS","PROJECT_SOURCE ratio 1/3 (P4-6-NOTE-2-TOP-OVER-BEAMS: 'length one third of the span'); URBAN_OWNER_MEASUREMENT_RULE URBAN_QTO_TOP_OVER_SUPPORT_EXTENT_V1: measured from the support face into the clear span of SP-GF_ROOF_SLAB-07 (note 2 does not state the origin, the span or total-vs-each-side)","PROJECT_SOURCE: plan note 2 (5Ø10/m top steel over beams, both directions) -> 5 bars/m of Ø10; equivalent count by URBAN_RATE_DENSITY (AD2-D02); PHYSICAL_BBS_COUNT UNRESOLVED",PROJECT_SOURCE: full callout density 1 (no 50 % rule split on this item),0.333333333,P4-6-NOTE-2-TOP-OVER-BEAMS,PROJECT_SOURCE,"CLEAR_SPAN of the panel on each side, along each bar line",URBAN_OWNER_MEASUREMENT_RULE,SUPPORT_FACE (extension into the clear span),URBAN_OWNER_MEASUREMENT_RULE,PROJECT_SOURCE (plan note 2: top steel),"[""P4-6-NOTE-2-TOP-OVER-BEAMS""]","[""URBAN_RATE_DENSITY (AD2-D02: equivalent count = rate x density x width, unrounded)"", ""URBAN_QTO_TOP_OVER_SUPPORT_EXTENT_V1""]","[""AD2-D02"", ""AD2-D05"", ""AD2-D06""]","[""QI-01010""]",1,False,False,5 /m x 1 x 1.8 m x 0.983333333 m = 8.85 m; x 10^2/162 = 0.617283951 kg/m -> 5.462962963 kg,PRE-S7.1 11_S7_RELEASE_CANDIDATES.csv QI-01009 (manifest 3a67a8641ce4); 1 local bar strips in 04_S7_BAR_RUNS.csv
S7-0444,QI-01011,CMP-0423,SUP-GF_ROOF_SLAB-148,SUPPORT,SP-GF_ROOF_SLAB-17,SUP-GF_ROOF_SLAB-148,TOP:SUP-GF_ROOF_SLAB-148:SP-GF_ROOF_SLAB-17:Y,GF_ROOF_SLAB,TOP_OVER_SUPPORT_EXTENSION,TOP,Y,10,5,,1,4.171227,20.856135,UNRESOLVED,2.804928464,,0,0.934976155,0.934976155,19.499988905,0.617283951,12.037030188,PROJECT_BASIS_QTO,"PROJECT_BASIS_QTO: rate density over the frozen PRE-S7.1 local bar strips; a lower bound of the physical steel (every blocked portion is excluded, not zero); not a bar-by-bar BBS","PROJECT_SOURCE ratio 1/3 (P4-6-NOTE-2-TOP-OVER-BEAMS: 'length one third of the span'); URBAN_OWNER_MEASUREMENT_RULE URBAN_QTO_TOP_OVER_SUPPORT_EXTENT_V1: measured from the support face into the clear span of SP-GF_ROOF_SLAB-17 (note 2 does not state the origin, the span or total-vs-each-side); local L by URBAN_QTO_LOCAL_BAR_LINE_V1","PROJECT_SOURCE: plan note 2 (5Ø10/m top steel over beams, both directions) -> 5 bars/m of Ø10; equivalent count by URBAN_RATE_DENSITY (AD2-D02); PHYSICAL_BBS_COUNT UNRESOLVED",PROJECT_SOURCE: full callout density 1 (no 50 % rule split on this item),0.333333333,P4-6-NOTE-2-TOP-OVER-BEAMS,PROJECT_SOURCE,"CLEAR_SPAN of the panel on each side, along each bar line",URBAN_OWNER_MEASUREMENT_RULE,SUPPORT_FACE (extension into the clear span),URBAN_OWNER_MEASUREMENT_RULE,PROJECT_SOURCE (plan note 2: top steel),"[""P4-6-NOTE-2-TOP-OVER-BEAMS""]","[""URBAN_RATE_DENSITY (AD2-D02: equivalent count = rate x density x width, unrounded)"", ""URBAN_QTO_LOCAL_BAR_LINE_V1 (AD2-D14)"", ""URBAN_QTO_TOP_OVER_SUPPORT_EXTENT_V1""]","[""AD2-D02"", ""AD2-D05"", ""AD2-D06"", ""AD2-D14""]","[""QI-01014"", ""QI-01015""]",14,False,False,5 /m x 1 x 4.171227 m x 0.934976155 m = 19.499988905 m; x 10^2/162 = 0.617283951 kg/m -> 12.037030188 kg,PRE-S7.1 11_S7_RELEASE_CANDIDATES.csv QI-01011 (manifest 3a67a8641ce4); 14 local bar strips in 04_S7_BAR_RUNS.csv
S7-0445,QI-01016,CMP-0424,SUP-GF_ROOF_SLAB-149,SUPPORT,SP-GF_ROOF_SLAB-18,SUP-GF_ROOF_SLAB-149,TOP:SUP-GF_ROOF_SLAB-149:SP-GF_ROOF_SLAB-18:Y,GF_ROOF_SLAB,TOP_OVER_SUPPORT_EXTENSION,TOP,Y,10,5,,1,2.37,11.85,UNRESOLVED,2.339406076,,0,0.779802025,0.779802025,9.240654,0.617283951,5.704107407,PROJECT_BASIS_QTO,"PROJECT_BASIS_QTO: rate density over the frozen PRE-S7.1 local bar strips; a lower bound of the physical steel (every blocked portion is excluded, not zero); not a bar-by-bar BBS","PROJECT_SOURCE ratio 1/3 (P4-6-NOTE-2-TOP-OVER-BEAMS: 'length one third of the span'); URBAN_OWNER_MEASUREMENT_RULE URBAN_QTO_TOP_OVER_SUPPORT_EXTENT_V1: measured from the support face into the clear span of SP-GF_ROOF_SLAB-18 (note 2 does not state the origin, the span or total-vs-each-side); local L by URBAN_QTO_LOCAL_BAR_LINE_V1","PROJECT_SOURCE: plan note 2 (5Ø10/m top steel over beams, both directions) -> 5 bars/m of Ø10; equivalent count by URBAN_RATE_DENSITY (AD2-D02); PHYSICAL_BBS_COUNT UNRESOLVED",PROJECT_SOURCE: full callout density 1 (no 50 % rule split on this item),0.333333333,P4-6-NOTE-2-TOP-OVER-BEAMS,PROJECT_SOURCE,"CLEAR_SPAN of the panel on each side, along each bar line",URBAN_OWNER_MEASUREMENT_RULE,SUPPORT_FACE (extension into the clear span),URBAN_OWNER_MEASUREMENT_RULE,PROJECT_SOURCE (plan note 2: top steel),"[""P4-6-NOTE-2-TOP-OVER-BEAMS""]","[""URBAN_RATE_DENSITY (AD2-D02: equivalent count = rate x density x width, unrounded)"", ""URBAN_QTO_LOCAL_BAR_LINE_V1 (AD2-D14)"", ""URBAN_QTO_TOP_OVER_SUPPORT_EXTENT_V1""]","[""AD2-D02"", ""AD2-D05"", ""AD2-D06"", ""AD2-D14""]","[""QI-01018""]",4,False,False,5 /m x 1 x 2.37 m x 0.779802025 m = 9.240654 m; x 10^2/162 = 0.617283951 kg/m -> 5.704107407 kg,PRE-S7.1 11_S7_RELEASE_CANDIDATES.csv QI-01016 (manifest 3a67a8641ce4); 4 local bar strips in 04_S7_BAR_RUNS.csv
S7-0446,QI-01019,CMP-0425,SUP-GF_ROOF_SLAB-150,SUPPORT,SP-GF_ROOF_SLAB-04,SUP-GF_ROOF_SLAB-150,TOP:SUP-GF_ROOF_SLAB-150:SP-GF_ROOF_SLAB-04:Y,GF_ROOF_SLAB,TOP_OVER_SUPPORT_EXTENSION,TOP,Y,10,5,,1,1.47,7.35,UNRESOLVED,1.75,,0,0.583333333,0.583333333,4.2875,0.617283951,2.646604938,PROJECT_BASIS_QTO,"PROJECT_BASIS_QTO: rate density over the frozen PRE-S7.1 local bar strips; a lower bound of the physical steel (every blocked portion is excluded, not zero); not a bar-by-bar BBS","PROJECT_SOURCE ratio 1/3 (P4-6-NOTE-2-TOP-OVER-BEAMS: 'length one third of the span'); URBAN_OWNER_MEASUREMENT_RULE URBAN_QTO_TOP_OVER_SUPPORT_EXTENT_V1: measured from the support face into the clear span of SP-GF_ROOF_SLAB-04 (note 2 does not state the origin, the span or total-vs-each-side)","PROJECT_SOURCE: plan note 2 (5Ø10/m top steel over beams, both directions) -> 5 bars/m of Ø10; equivalent count by URBAN_RATE_DENSITY (AD2-D02); PHYSICAL_BBS_COUNT UNRESOLVED",PROJECT_SOURCE: full callout density 1 (no 50 % rule split on this item),0.333333333,P4-6-NOTE-2-TOP-OVER-BEAMS,PROJECT_SOURCE,"CLEAR_SPAN of the panel on each side, along each bar line",URBAN_OWNER_MEASUREMENT_RULE,SUPPORT_FACE (extension into the clear span),URBAN_OWNER_MEASUREMENT_RULE,PROJECT_SOURCE (plan note 2: top steel),"[""P4-6-NOTE-2-TOP-OVER-BEAMS""]","[""URBAN_RATE_DENSITY (AD2-D02: equivalent count = rate x density x width, unrounded)"", ""URBAN_QTO_TOP_OVER_SUPPORT_EXTENT_V1""]","[""AD2-D02"", ""AD2-D05"", ""AD2-D06""]","[""QI-01021"", ""QI-01022""]",2,True,False,5 /m x 1 x 1.47 m x 0.583333333 m = 4.2875 m; x 10^2/162 = 0.617283951 kg/m -> 2.646604938 kg,PRE-S7.1 11_S7_RELEASE_CANDIDATES.csv QI-01019 (manifest 3a67a8641ce4); 2 local bar strips in 04_S7_BAR_RUNS.csv
S7-0447,QI-01020,CMP-0425,SUP-GF_ROOF_SLAB-150,SUPPORT,SP-GF_ROOF_SLAB-11,SUP-GF_ROOF_SLAB-150,TOP:SUP-GF_ROOF_SLAB-150:SP-GF_ROOF_SLAB-11:Y,GF_ROOF_SLAB,TOP_OVER_SUPPORT_EXTENSION,TOP,Y,10,5,,1,1.47,7.35,UNRESOLVED,2.775069088,,0,0.925023029,0.925023029,6.798919267,0.617283951,4.196863745,PROJECT_BASIS_QTO,"PROJECT_BASIS_QTO: rate density over the frozen PRE-S7.1 local bar strips; a lower bound of the physical steel (every blocked portion is excluded, not zero); not a bar-by-bar BBS","PROJECT_SOURCE ratio 1/3 (P4-6-NOTE-2-TOP-OVER-BEAMS: 'length one third of the span'); URBAN_OWNER_MEASUREMENT_RULE URBAN_QTO_TOP_OVER_SUPPORT_EXTENT_V1: measured from the support face into the clear span of SP-GF_ROOF_SLAB-11 (note 2 does not state the origin, the span or total-vs-each-side); local L by URBAN_QTO_LOCAL_BAR_LINE_V1","PROJECT_SOURCE: plan note 2 (5Ø10/m top steel over beams, both directions) -> 5 bars/m of Ø10; equivalent count by URBAN_RATE_DENSITY (AD2-D02); PHYSICAL_BBS_COUNT UNRESOLVED",PROJECT_SOURCE: full callout density 1 (no 50 % rule split on this item),0.333333333,P4-6-NOTE-2-TOP-OVER-BEAMS,PROJECT_SOURCE,"CLEAR_SPAN of the panel on each side, along each bar line",URBAN_OWNER_MEASUREMENT_RULE,SUPPORT_FACE (extension into the clear span),URBAN_OWNER_MEASUREMENT_RULE,PROJECT_SOURCE (plan note 2: top steel),"[""P4-6-NOTE-2-TOP-OVER-BEAMS""]","[""URBAN_RATE_DENSITY (AD2-D02: equivalent count = rate x density x width, unrounded)"", ""URBAN_QTO_LOCAL_BAR_LINE_V1 (AD2-D14)"", ""URBAN_QTO_TOP_OVER_SUPPORT_EXTENT_V1""]","[""AD2-D02"", ""AD2-D05"", ""AD2-D06"", ""AD2-D14""]","[""QI-01021"", ""QI-01022""]",2,False,False,5 /m x 1 x 1.47 m x 0.925023029 m = 6.798919267 m; x 10^2/162 = 0.617283951 kg/m -> 4.196863745 kg,PRE-S7.1 11_S7_RELEASE_CANDIDATES.csv QI-01020 (manifest 3a67a8641ce4); 2 local bar strips in 04_S7_BAR_RUNS.csv
S7-0448,QI-01023,CMP-0426,SUP-GF_ROOF_SLAB-151,SUPPORT,SP-GF_ROOF_SLAB-05,SUP-GF_ROOF_SLAB-151,TOP:SUP-GF_ROOF_SLAB-151:SP-GF_ROOF_SLAB-05:Y,GF_ROOF_SLAB,TOP_OVER_SUPPORT_EXTENSION,TOP,Y,10,5,,1,1.9,9.5,UNRESOLVED,1.75,,0,0.583333333,0.583333333,5.541666667,0.617283951,3.420781893,PROJECT_BASIS_QTO,"PROJECT_BASIS_QTO: rate density over the frozen PRE-S7.1 local bar strips; a lower bound of the physical steel (every blocked portion is excluded, not zero); not a bar-by-bar BBS","PROJECT_SOURCE ratio 1/3 (P4-6-NOTE-2-TOP-OVER-BEAMS: 'length one third of the span'); URBAN_OWNER_MEASUREMENT_RULE URBAN_QTO_TOP_OVER_SUPPORT_EXTENT_V1: measured from the support face into the clear span of SP-GF_ROOF_SLAB-05 (note 2 does not state the origin, the span or total-vs-each-side)","PROJECT_SOURCE: plan note 2 (5Ø10/m top steel over beams, both directions) -> 5 bars/m of Ø10; equivalent count by URBAN_RATE_DENSITY (AD2-D02); PHYSICAL_BBS_COUNT UNRESOLVED",PROJECT_SOURCE: full callout density 1 (no 50 % rule split on this item),0.333333333,P4-6-NOTE-2-TOP-OVER-BEAMS,PROJECT_SOURCE,"CLEAR_SPAN of the panel on each side, along each bar line",URBAN_OWNER_MEASUREMENT_RULE,SUPPORT_FACE (extension into the clear span),URBAN_OWNER_MEASUREMENT_RULE,PROJECT_SOURCE (plan note 2: top steel),"[""P4-6-NOTE-2-TOP-OVER-BEAMS""]","[""URBAN_RATE_DENSITY (AD2-D02: equivalent count = rate x density x width, unrounded)"", ""URBAN_QTO_TOP_OVER_SUPPORT_EXTENT_V1""]","[""AD2-D02"", ""AD2-D05"", ""AD2-D06""]","[""QI-01025"", ""QI-01026""]",2,True,False,5 /m x 1 x 1.9 m x 0.583333333 m = 5.541666667 m; x 10^2/162 = 0.617283951 kg/m -> 3.420781893 kg,PRE-S7.1 11_S7_RELEASE_CANDIDATES.csv QI-01023 (manifest 3a67a8641ce4); 2 local bar strips in 04_S7_BAR_RUNS.csv
S7-0449,QI-01024,CMP-0426,SUP-GF_ROOF_SLAB-151,SUPPORT,SP-GF_ROOF_SLAB-10,SUP-GF_ROOF_SLAB-151,TOP:SUP-GF_ROOF_SLAB-151:SP-GF_ROOF_SLAB-10:Y,GF_ROOF_SLAB,TOP_OVER_SUPPORT_EXTENSION,TOP,Y,10,5,,1,2.1,10.5,UNRESOLVED,2.38338791,,0,0.794462637,0.794462637,8.341857687,0.617283951,5.149294868,PROJECT_BASIS_QTO,"PROJECT_BASIS_QTO: rate density over the frozen PRE-S7.1 local bar strips; a lower bound of the physical steel (every blocked portion is excluded, not zero); not a bar-by-bar BBS","PROJECT_SOURCE ratio 1/3 (P4-6-NOTE-2-TOP-OVER-BEAMS: 'length one third of the span'); URBAN_OWNER_MEASUREMENT_RULE URBAN_QTO_TOP_OVER_SUPPORT_EXTENT_V1: measured from the support face into the clear span of SP-GF_ROOF_SLAB-10 (note 2 does not state the origin, the span or total-vs-each-side); local L by URBAN_QTO_LOCAL_BAR_LINE_V1","PROJECT_SOURCE: plan note 2 (5Ø10/m top steel over beams, both directions) -> 5 bars/m of Ø10; equivalent count by URBAN_RATE_DENSITY (AD2-D02); PHYSICAL_BBS_COUNT UNRESOLVED",PROJECT_SOURCE: full callout density 1 (no 50 % rule split on this item),0.333333333,P4-6-NOTE-2-TOP-OVER-BEAMS,PROJECT_SOURCE,"CLEAR_SPAN of the panel on each side, along each bar line",URBAN_OWNER_MEASUREMENT_RULE,SUPPORT_FACE (extension into the clear span),URBAN_OWNER_MEASUREMENT_RULE,PROJECT_SOURCE (plan note 2: top steel),"[""P4-6-NOTE-2-TOP-OVER-BEAMS""]","[""URBAN_RATE_DENSITY (AD2-D02: equivalent count = rate x density x width, unrounded)"", ""URBAN_QTO_LOCAL_BAR_LINE_V1 (AD2-D14)"", ""URBAN_QTO_TOP_OVER_SUPPORT_EXTENT_V1""]","[""AD2-D02"", ""AD2-D05"", ""AD2-D06"", ""AD2-D14""]","[""QI-01025"", ""QI-01026""]",3,False,False,5 /m x 1 x 2.1 m x 0.794462637 m = 8.341857687 m; x 10^2/162 = 0.617283951 kg/m -> 5.149294868 kg,PRE-S7.1 11_S7_RELEASE_CANDIDATES.csv QI-01024 (manifest 3a67a8641ce4); 3 local bar strips in 04_S7_BAR_RUNS.csv
S7-0450,QI-01027,CMP-0427,SUP-GF_ROOF_SLAB-152,SUPPORT,SP-GF_ROOF_SLAB-06,SUP-GF_ROOF_SLAB-152,TOP:SUP-GF_ROOF_SLAB-152:SP-GF_ROOF_SLAB-06:Y,GF_ROOF_SLAB,TOP_OVER_SUPPORT_EXTENSION,TOP,Y,10,5,,1,1.65,8.25,UNRESOLVED,1.75,,0,0.583333333,0.583333333,4.8125,0.617283951,2.970679012,PROJECT_BASIS_QTO,"PROJECT_BASIS_QTO: rate density over the frozen PRE-S7.1 local bar strips; a lower bound of the physical steel (every blocked portion is excluded, not zero); not a bar-by-bar BBS","PROJECT_SOURCE ratio 1/3 (P4-6-NOTE-2-TOP-OVER-BEAMS: 'length one third of the span'); URBAN_OWNER_MEASUREMENT_RULE URBAN_QTO_TOP_OVER_SUPPORT_EXTENT_V1: measured from the support face into the clear span of SP-GF_ROOF_SLAB-06 (note 2 does not state the origin, the span or total-vs-each-side)","PROJECT_SOURCE: plan note 2 (5Ø10/m top steel over beams, both directions) -> 5 bars/m of Ø10; equivalent count by URBAN_RATE_DENSITY (AD2-D02); PHYSICAL_BBS_COUNT UNRESOLVED",PROJECT_SOURCE: full callout density 1 (no 50 % rule split on this item),0.333333333,P4-6-NOTE-2-TOP-OVER-BEAMS,PROJECT_SOURCE,"CLEAR_SPAN of the panel on each side, along each bar line",URBAN_OWNER_MEASUREMENT_RULE,SUPPORT_FACE (extension into the clear span),URBAN_OWNER_MEASUREMENT_RULE,PROJECT_SOURCE (plan note 2: top steel),"[""P4-6-NOTE-2-TOP-OVER-BEAMS""]","[""URBAN_RATE_DENSITY (AD2-D02: equivalent count = rate x density x width, unrounded)"", ""URBAN_QTO_TOP_OVER_SUPPORT_EXTENT_V1""]","[""AD2-D02"", ""AD2-D05"", ""AD2-D06""]",[],2,False,False,5 /m x 1 x 1.65 m x 0.583333333 m = 4.8125 m; x 10^2/162 = 0.617283951 kg/m -> 2.970679012 kg,PRE-S7.1 11_S7_RELEASE_CANDIDATES.csv QI-01027 (manifest 3a67a8641ce4); 2 local bar strips in 04_S7_BAR_RUNS.csv
S7-0451,QI-01028,CMP-0427,SUP-GF_ROOF_SLAB-152,SUPPORT,SP-GF_ROOF_SLAB-10,SUP-GF_ROOF_SLAB-152,TOP:SUP-GF_ROOF_SLAB-152:SP-GF_ROOF_SLAB-10:Y,GF_ROOF_SLAB,TOP_OVER_SUPPORT_EXTENSION,TOP,Y,10,5,,1,1.65,8.25,UNRESOLVED,1.999511675,,0,0.666503892,0.666503892,5.498657105,0.617283951,3.394232781,PROJECT_BASIS_QTO,"PROJECT_BASIS_QTO: rate density over the frozen PRE-S7.1 local bar strips; a lower bound of the physical steel (every blocked portion is excluded, not zero); not a bar-by-bar BBS","PROJECT_SOURCE ratio 1/3 (P4-6-NOTE-2-TOP-OVER-BEAMS: 'length one third of the span'); URBAN_OWNER_MEASUREMENT_RULE URBAN_QTO_TOP_OVER_SUPPORT_EXTENT_V1: measured from the support face into the clear span of SP-GF_ROOF_SLAB-10 (note 2 does not state the origin, the span or total-vs-each-side); local L by URBAN_QTO_LOCAL_BAR_LINE_V1","PROJECT_SOURCE: plan note 2 (5Ø10/m top steel over beams, both directions) -> 5 bars/m of Ø10; equivalent count by URBAN_RATE_DENSITY (AD2-D02); PHYSICAL_BBS_COUNT UNRESOLVED",PROJECT_SOURCE: full callout density 1 (no 50 % rule split on this item),0.333333333,P4-6-NOTE-2-TOP-OVER-BEAMS,PROJECT_SOURCE,"CLEAR_SPAN of the panel on each side, along each bar line",URBAN_OWNER_MEASUREMENT_RULE,SUPPORT_FACE (extension into the clear span),URBAN_OWNER_MEASUREMENT_RULE,PROJECT_SOURCE (plan note 2: top steel),"[""P4-6-NOTE-2-TOP-OVER-BEAMS""]","[""URBAN_RATE_DENSITY (AD2-D02: equivalent count = rate x density x width, unrounded)"", ""URBAN_QTO_LOCAL_BAR_LINE_V1 (AD2-D14)"", ""URBAN_QTO_TOP_OVER_SUPPORT_EXTENT_V1""]","[""AD2-D02"", ""AD2-D05"", ""AD2-D06"", ""AD2-D14""]",[],4,False,False,5 /m x 1 x 1.65 m x 0.666503892 m = 5.498657105 m; x 10^2/162 = 0.617283951 kg/m -> 3.394232781 kg,PRE-S7.1 11_S7_RELEASE_CANDIDATES.csv QI-01028 (manifest 3a67a8641ce4); 4 local bar strips in 04_S7_BAR_RUNS.csv
S7-0452,QI-01029,CMP-0427,SUP-GF_ROOF_SLAB-152,SUPPORT,SP-GF_ROOF_SLAB-06|SP-GF_ROOF_SLAB-10,SUP-GF_ROOF_SLAB-152,TOP:SUP-GF_ROOF_SLAB-152:SP-GF_ROOF_SLAB-06|SP-GF_ROOF_SLAB-10:Y,GF_ROOF_SLAB,TOP_SUPPORT_CROSSING,TOP,Y,10,5,,1,1.65,8.25,UNRESOLVED,,,0.2,0,,1.65,0.617283951,1.018518519,PROJECT_BASIS_QTO,"PROJECT_BASIS_QTO: rate density over the frozen PRE-S7.1 local bar strips; a lower bound of the physical steel (every blocked portion is excluded, not zero); not a bar-by-bar BBS","PROJECT_GEOMETRY: over the support between the two panel faces along each bar line (the far face found beyond each strip end, AD2-D15)","PROJECT_SOURCE: plan note 2 (5Ø10/m top steel over beams, both directions) -> 5 bars/m of Ø10; equivalent count by URBAN_RATE_DENSITY (AD2-D02); PHYSICAL_BBS_COUNT UNRESOLVED",PROJECT_SOURCE: full callout density 1 (no 50 % rule split on this item),,,,SUPPORT_GAP (face to face over the support),PROJECT_GEOMETRY,SUPPORT_FACE,PROJECT_GEOMETRY,PROJECT_SOURCE (plan note 2: top steel),"[""P4-6-NOTE-2-TOP-OVER-BEAMS""]","[""URBAN_RATE_DENSITY (AD2-D02: equivalent count = rate x density x width, unrounded)""]","[""AD2-D02"", ""AD2-D05"", ""AD2-D15""]",[],2,False,False,5 /m x 1 x 1.65 m x 0.2 m = 1.65 m; x 10^2/162 = 0.617283951 kg/m -> 1.018518519 kg,PRE-S7.1 11_S7_RELEASE_CANDIDATES.csv QI-01029 (manifest 3a67a8641ce4); 2 local bar strips in 04_S7_BAR_RUNS.csv
S7-0453,QI-01031,CMP-0428,SUP-GF_ROOF_SLAB-153,SUPPORT,SP-GF_ROOF_SLAB-10,SUP-GF_ROOF_SLAB-153,TOP:SUP-GF_ROOF_SLAB-153:SP-GF_ROOF_SLAB-10:Y,GF_ROOF_SLAB,TOP_OVER_SUPPORT_EXTENSION,TOP,Y,10,5,,1,3.35,16.75,UNRESOLVED,2.2520325,,0,0.7506775,0.7506775,12.573848125,0.617283951,7.761634645,PROJECT_BASIS_QTO,"PROJECT_BASIS_QTO: rate density over the frozen PRE-S7.1 local bar strips; a lower bound of the physical steel (every blocked portion is excluded, not zero); not a bar-by-bar BBS","PROJECT_SOURCE ratio 1/3 (P4-6-NOTE-2-TOP-OVER-BEAMS: 'length one third of the span'); URBAN_OWNER_MEASUREMENT_RULE URBAN_QTO_TOP_OVER_SUPPORT_EXTENT_V1: measured from the support face into the clear span of SP-GF_ROOF_SLAB-10 (note 2 does not state the origin, the span or total-vs-each-side); local L by URBAN_QTO_LOCAL_BAR_LINE_V1","PROJECT_SOURCE: plan note 2 (5Ø10/m top steel over beams, both directions) -> 5 bars/m of Ø10; equivalent count by URBAN_RATE_DENSITY (AD2-D02); PHYSICAL_BBS_COUNT UNRESOLVED",PROJECT_SOURCE: full callout density 1 (no 50 % rule split on this item),0.333333333,P4-6-NOTE-2-TOP-OVER-BEAMS,PROJECT_SOURCE,"CLEAR_SPAN of the panel on each side, along each bar line",URBAN_OWNER_MEASUREMENT_RULE,SUPPORT_FACE (extension into the clear span),URBAN_OWNER_MEASUREMENT_RULE,PROJECT_SOURCE (plan note 2: top steel),"[""P4-6-NOTE-2-TOP-OVER-BEAMS""]","[""URBAN_RATE_DENSITY (AD2-D02: equivalent count = rate x density x width, unrounded)"", ""URBAN_QTO_LOCAL_BAR_LINE_V1 (AD2-D14)"", ""URBAN_QTO_TOP_OVER_SUPPORT_EXTENT_V1""]","[""AD2-D02"", ""AD2-D05"", ""AD2-D06"", ""AD2-D14""]","[""QI-01030""]",4,False,False,5 /m x 1 x 3.35 m x 0.7506775 m = 12.573848125 m; x 10^2/162 = 0.617283951 kg/m -> 7.761634645 kg,PRE-S7.1 11_S7_RELEASE_CANDIDATES.csv QI-01031 (manifest 3a67a8641ce4); 4 local bar strips in 04_S7_BAR_RUNS.csv
S7-0454,QI-01032,CMP-0428,SUP-GF_ROOF_SLAB-153,SUPPORT,SP-GF_ROOF_SLAB-17,SUP-GF_ROOF_SLAB-153,TOP:SUP-GF_ROOF_SLAB-153:SP-GF_ROOF_SLAB-17:Y,GF_ROOF_SLAB,TOP_OVER_SUPPORT_EXTENSION,TOP,Y,10,5,,1,3.375983,16.879915,UNRESOLVED,2.945237,,0,0.981745667,0.981745667,16.571783405,0.617283951,10.229495929,PROJECT_BASIS_QTO,"PROJECT_BASIS_QTO: rate density over the frozen PRE-S7.1 local bar strips; a lower bound of the physical steel (every blocked portion is excluded, not zero); not a bar-by-bar BBS","PROJECT_SOURCE ratio 1/3 (P4-6-NOTE-2-TOP-OVER-BEAMS: 'length one third of the span'); URBAN_OWNER_MEASUREMENT_RULE URBAN_QTO_TOP_OVER_SUPPORT_EXTENT_V1: measured from the support face into the clear span of SP-GF_ROOF_SLAB-17 (note 2 does not state the origin, the span or total-vs-each-side); local L by URBAN_QTO_LOCAL_BAR_LINE_V1","PROJECT_SOURCE: plan note 2 (5Ø10/m top steel over beams, both directions) -> 5 bars/m of Ø10; equivalent count by URBAN_RATE_DENSITY (AD2-D02); PHYSICAL_BBS_COUNT UNRESOLVED",PROJECT_SOURCE: full callout density 1 (no 50 % rule split on this item),0.333333333,P4-6-NOTE-2-TOP-OVER-BEAMS,PROJECT_SOURCE,"CLEAR_SPAN of the panel on each side, along each bar line",URBAN_OWNER_MEASUREMENT_RULE,SUPPORT_FACE (extension into the clear span),URBAN_OWNER_MEASUREMENT_RULE,PROJECT_SOURCE (plan note 2: top steel),"[""P4-6-NOTE-2-TOP-OVER-BEAMS""]","[""URBAN_RATE_DENSITY (AD2-D02: equivalent count = rate x density x width, unrounded)"", ""URBAN_QTO_LOCAL_BAR_LINE_V1 (AD2-D14)"", ""URBAN_QTO_TOP_OVER_SUPPORT_EXTENT_V1""]","[""AD2-D02"", ""AD2-D05"", ""AD2-D06"", ""AD2-D14""]","[""QI-01030""]",8,False,False,5 /m x 1 x 3.375983 m x 0.981745667 m = 16.571783405 m; x 10^2/162 = 0.617283951 kg/m -> 10.229495929 kg,PRE-S7.1 11_S7_RELEASE_CANDIDATES.csv QI-01032 (manifest 3a67a8641ce4); 8 local bar strips in 04_S7_BAR_RUNS.csv
S7-0455,QI-01033,CMP-0428,SUP-GF_ROOF_SLAB-153,SUPPORT,SP-GF_ROOF_SLAB-10|SP-GF_ROOF_SLAB-17,SUP-GF_ROOF_SLAB-153,TOP:SUP-GF_ROOF_SLAB-153:SP-GF_ROOF_SLAB-10|SP-GF_ROOF_SLAB-17:Y,GF_ROOF_SLAB,TOP_SUPPORT_CROSSING,TOP,Y,10,5,,1,3.35,16.75,UNRESOLVED,,,0.255460907,0,,4.278970189,0.617283951,2.641339623,PROJECT_BASIS_QTO,"PROJECT_BASIS_QTO: rate density over the frozen PRE-S7.1 local bar strips; a lower bound of the physical steel (every blocked portion is excluded, not zero); not a bar-by-bar BBS","PROJECT_GEOMETRY: over the support between the two panel faces along each bar line (the far face found beyond each strip end, AD2-D15)","PROJECT_SOURCE: plan note 2 (5Ø10/m top steel over beams, both directions) -> 5 bars/m of Ø10; equivalent count by URBAN_RATE_DENSITY (AD2-D02); PHYSICAL_BBS_COUNT UNRESOLVED",PROJECT_SOURCE: full callout density 1 (no 50 % rule split on this item),,,,SUPPORT_GAP (face to face over the support),PROJECT_GEOMETRY,SUPPORT_FACE,PROJECT_GEOMETRY,PROJECT_SOURCE (plan note 2: top steel),"[""P4-6-NOTE-2-TOP-OVER-BEAMS""]","[""URBAN_RATE_DENSITY (AD2-D02: equivalent count = rate x density x width, unrounded)""]","[""AD2-D02"", ""AD2-D05"", ""AD2-D15""]","[""QI-01030""]",4,False,False,5 /m x 1 x 3.35 m x 0.255460907 m = 4.278970189 m; x 10^2/162 = 0.617283951 kg/m -> 2.641339623 kg,PRE-S7.1 11_S7_RELEASE_CANDIDATES.csv QI-01033 (manifest 3a67a8641ce4); 4 local bar strips in 04_S7_BAR_RUNS.csv
S7-0456,QI-01034,CMP-0429,SUP-GF_ROOF_SLAB-154,SUPPORT,SP-GF_ROOF_SLAB-11,SUP-GF_ROOF_SLAB-154,TOP:SUP-GF_ROOF_SLAB-154:SP-GF_ROOF_SLAB-11:Y,GF_ROOF_SLAB,TOP_OVER_SUPPORT_EXTENSION,TOP,Y,10,5,,1,1.42,7.1,UNRESOLVED,2.795318,,0,0.931772667,0.931772667,6.615585933,0.617283951,4.083695021,PROJECT_BASIS_QTO,"PROJECT_BASIS_QTO: rate density over the frozen PRE-S7.1 local bar strips; a lower bound of the physical steel (every blocked portion is excluded, not zero); not a bar-by-bar BBS","PROJECT_SOURCE ratio 1/3 (P4-6-NOTE-2-TOP-OVER-BEAMS: 'length one third of the span'); URBAN_OWNER_MEASUREMENT_RULE URBAN_QTO_TOP_OVER_SUPPORT_EXTENT_V1: measured from the support face into the clear span of SP-GF_ROOF_SLAB-11 (note 2 does not state the origin, the span or total-vs-each-side); local L by URBAN_QTO_LOCAL_BAR_LINE_V1","PROJECT_SOURCE: plan note 2 (5Ø10/m top steel over beams, both directions) -> 5 bars/m of Ø10; equivalent count by URBAN_RATE_DENSITY (AD2-D02); PHYSICAL_BBS_COUNT UNRESOLVED",PROJECT_SOURCE: full callout density 1 (no 50 % rule split on this item),0.333333333,P4-6-NOTE-2-TOP-OVER-BEAMS,PROJECT_SOURCE,"CLEAR_SPAN of the panel on each side, along each bar line",URBAN_OWNER_MEASUREMENT_RULE,SUPPORT_FACE (extension into the clear span),URBAN_OWNER_MEASUREMENT_RULE,PROJECT_SOURCE (plan note 2: top steel),"[""P4-6-NOTE-2-TOP-OVER-BEAMS""]","[""URBAN_RATE_DENSITY (AD2-D02: equivalent count = rate x density x width, unrounded)"", ""URBAN_QTO_LOCAL_BAR_LINE_V1 (AD2-D14)"", ""URBAN_QTO_TOP_OVER_SUPPORT_EXTENT_V1""]","[""AD2-D02"", ""AD2-D05"", ""AD2-D06"", ""AD2-D14""]",[],1,False,False,5 /m x 1 x 1.42 m x 0.931772667 m = 6.615585933 m; x 10^2/162 = 0.617283951 kg/m -> 4.083695021 kg,PRE-S7.1 11_S7_RELEASE_CANDIDATES.csv QI-01034 (manifest 3a67a8641ce4); 1 local bar strips in 04_S7_BAR_RUNS.csv
S7-0457,QI-01035,CMP-0429,SUP-GF_ROOF_SLAB-154,SUPPORT,SP-GF_ROOF_SLAB-18,SUP-GF_ROOF_SLAB-154,TOP:SUP-GF_ROOF_SLAB-154:SP-GF_ROOF_SLAB-18:Y,GF_ROOF_SLAB,TOP_OVER_SUPPORT_EXTENSION,TOP,Y,10,5,,1,1.42,7.1,UNRESOLVED,2.39922,,0,0.79974,0.79974,5.678154,0.617283951,3.505033333,PROJECT_BASIS_QTO,"PROJECT_BASIS_QTO: rate density over the frozen PRE-S7.1 local bar strips; a lower bound of the physical steel (every blocked portion is excluded, not zero); not a bar-by-bar BBS","PROJECT_SOURCE ratio 1/3 (P4-6-NOTE-2-TOP-OVER-BEAMS: 'length one third of the span'); URBAN_OWNER_MEASUREMENT_RULE URBAN_QTO_TOP_OVER_SUPPORT_EXTENT_V1: measured from the support face into the clear span of SP-GF_ROOF_SLAB-18 (note 2 does not state the origin, the span or total-vs-each-side); local L by URBAN_QTO_LOCAL_BAR_LINE_V1","PROJECT_SOURCE: plan note 2 (5Ø10/m top steel over beams, both directions) -> 5 bars/m of Ø10; equivalent count by URBAN_RATE_DENSITY (AD2-D02); PHYSICAL_BBS_COUNT UNRESOLVED",PROJECT_SOURCE: full callout density 1 (no 50 % rule split on this item),0.333333333,P4-6-NOTE-2-TOP-OVER-BEAMS,PROJECT_SOURCE,"CLEAR_SPAN of the panel on each side, along each bar line",URBAN_OWNER_MEASUREMENT_RULE,SUPPORT_FACE (extension into the clear span),URBAN_OWNER_MEASUREMENT_RULE,PROJECT_SOURCE (plan note 2: top steel),"[""P4-6-NOTE-2-TOP-OVER-BEAMS""]","[""URBAN_RATE_DENSITY (AD2-D02: equivalent count = rate x density x width, unrounded)"", ""URBAN_QTO_LOCAL_BAR_LINE_V1 (AD2-D14)"", ""URBAN_QTO_TOP_OVER_SUPPORT_EXTENT_V1""]","[""AD2-D02"", ""AD2-D05"", ""AD2-D06"", ""AD2-D14""]",[],1,False,False,5 /m x 1 x 1.42 m x 0.79974 m = 5.678154 m; x 10^2/162 = 0.617283951 kg/m -> 3.505033333 kg,PRE-S7.1 11_S7_RELEASE_CANDIDATES.csv QI-01035 (manifest 3a67a8641ce4); 1 local bar strips in 04_S7_BAR_RUNS.csv
S7-0458,QI-01036,CMP-0429,SUP-GF_ROOF_SLAB-154,SUPPORT,SP-GF_ROOF_SLAB-11|SP-GF_ROOF_SLAB-18,SUP-GF_ROOF_SLAB-154,TOP:SUP-GF_ROOF_SLAB-154:SP-GF_ROOF_SLAB-11|SP-GF_ROOF_SLAB-18:Y,GF_ROOF_SLAB,TOP_SUPPORT_CROSSING,TOP,Y,10,5,,1,1.42,7.1,UNRESOLVED,,,0.255462,0,,1.8137802,0.617283951,1.119617407,PROJECT_BASIS_QTO,"PROJECT_BASIS_QTO: rate density over the frozen PRE-S7.1 local bar strips; a lower bound of the physical steel (every blocked portion is excluded, not zero); not a bar-by-bar BBS","PROJECT_GEOMETRY: over the support between the two panel faces along each bar line (the far face found beyond each strip end, AD2-D15)","PROJECT_SOURCE: plan note 2 (5Ø10/m top steel over beams, both directions) -> 5 bars/m of Ø10; equivalent count by URBAN_RATE_DENSITY (AD2-D02); PHYSICAL_BBS_COUNT UNRESOLVED",PROJECT_SOURCE: full callout density 1 (no 50 % rule split on this item),,,,SUPPORT_GAP (face to face over the support),PROJECT_GEOMETRY,SUPPORT_FACE,PROJECT_GEOMETRY,PROJECT_SOURCE (plan note 2: top steel),"[""P4-6-NOTE-2-TOP-OVER-BEAMS""]","[""URBAN_RATE_DENSITY (AD2-D02: equivalent count = rate x density x width, unrounded)""]","[""AD2-D02"", ""AD2-D05"", ""AD2-D15""]",[],1,False,False,5 /m x 1 x 1.42 m x 0.255462 m = 1.8137802 m; x 10^2/162 = 0.617283951 kg/m -> 1.119617407 kg,PRE-S7.1 11_S7_RELEASE_CANDIDATES.csv QI-01036 (manifest 3a67a8641ce4); 1 local bar strips in 04_S7_BAR_RUNS.csv
S7-0459,QI-01039,CMP-0431,SUP-GF_ROOF_SLAB-156,SUPPORT,SP-GF_ROOF_SLAB-08,SUP-GF_ROOF_SLAB-156,TOP:SUP-GF_ROOF_SLAB-156:SP-GF_ROOF_SLAB-08:Y,GF_ROOF_SLAB,TOP_OVER_SUPPORT_EXTENSION,TOP,Y,10,5,,1,3.5,17.5,UNRESOLVED,3.52014,,0,1.17338,1.17338,20.53415,0.617283951,12.675401235,PROJECT_BASIS_QTO,"PROJECT_BASIS_QTO: rate density over the frozen PRE-S7.1 local bar strips; a lower bound of the physical steel (every blocked portion is excluded, not zero); not a bar-by-bar BBS","PROJECT_SOURCE ratio 1/3 (P4-6-NOTE-2-TOP-OVER-BEAMS: 'length one third of the span'); URBAN_OWNER_MEASUREMENT_RULE URBAN_QTO_TOP_OVER_SUPPORT_EXTENT_V1: measured from the support face into the clear span of SP-GF_ROOF_SLAB-08 (note 2 does not state the origin, the span or total-vs-each-side)","PROJECT_SOURCE: plan note 2 (5Ø10/m top steel over beams, both directions) -> 5 bars/m of Ø10; equivalent count by URBAN_RATE_DENSITY (AD2-D02); PHYSICAL_BBS_COUNT UNRESOLVED",PROJECT_SOURCE: full callout density 1 (no 50 % rule split on this item),0.333333333,P4-6-NOTE-2-TOP-OVER-BEAMS,PROJECT_SOURCE,"CLEAR_SPAN of the panel on each side, along each bar line",URBAN_OWNER_MEASUREMENT_RULE,SUPPORT_FACE (extension into the clear span),URBAN_OWNER_MEASUREMENT_RULE,PROJECT_SOURCE (plan note 2: top steel),"[""P4-6-NOTE-2-TOP-OVER-BEAMS""]","[""URBAN_RATE_DENSITY (AD2-D02: equivalent count = rate x density x width, unrounded)"", ""URBAN_QTO_TOP_OVER_SUPPORT_EXTENT_V1""]","[""AD2-D02"", ""AD2-D05"", ""AD2-D06""]","[""QI-01040""]",7,False,False,5 /m x 1 x 3.5 m x 1.17338 m = 20.53415 m; x 10^2/162 = 0.617283951 kg/m -> 12.675401235 kg,PRE-S7.1 11_S7_RELEASE_CANDIDATES.csv QI-01039 (manifest 3a67a8641ce4); 7 local bar strips in 04_S7_BAR_RUNS.csv
S7-0460,QI-01041,CMP-0432,SUP-GF_ROOF_SLAB-157,SUPPORT,SP-GF_ROOF_SLAB-08,SUP-GF_ROOF_SLAB-157,TOP:SUP-GF_ROOF_SLAB-157:SP-GF_ROOF_SLAB-08:Y,GF_ROOF_SLAB,TOP_OVER_SUPPORT_EXTENSION,TOP,Y,10,5,,1,0.219723,1.098615,UNRESOLVED,3.52014,,0,1.17338,1.17338,1.289092869,0.617283951,0.795736339,PROJECT_BASIS_QTO,"PROJECT_BASIS_QTO: rate density over the frozen PRE-S7.1 local bar strips; a lower bound of the physical steel (every blocked portion is excluded, not zero); not a bar-by-bar BBS","PROJECT_SOURCE ratio 1/3 (P4-6-NOTE-2-TOP-OVER-BEAMS: 'length one third of the span'); URBAN_OWNER_MEASUREMENT_RULE URBAN_QTO_TOP_OVER_SUPPORT_EXTENT_V1: measured from the support face into the clear span of SP-GF_ROOF_SLAB-08 (note 2 does not state the origin, the span or total-vs-each-side)","PROJECT_SOURCE: plan note 2 (5Ø10/m top steel over beams, both directions) -> 5 bars/m of Ø10; equivalent count by URBAN_RATE_DENSITY (AD2-D02); PHYSICAL_BBS_COUNT UNRESOLVED",PROJECT_SOURCE: full callout density 1 (no 50 % rule split on this item),0.333333333,P4-6-NOTE-2-TOP-OVER-BEAMS,PROJECT_SOURCE,"CLEAR_SPAN of the panel on each side, along each bar line",URBAN_OWNER_MEASUREMENT_RULE,SUPPORT_FACE (extension into the clear span),URBAN_OWNER_MEASUREMENT_RULE,PROJECT_SOURCE (plan note 2: top steel),"[""P4-6-NOTE-2-TOP-OVER-BEAMS""]","[""URBAN_RATE_DENSITY (AD2-D02: equivalent count = rate x density x width, unrounded)"", ""URBAN_QTO_TOP_OVER_SUPPORT_EXTENT_V1""]","[""AD2-D02"", ""AD2-D05"", ""AD2-D06""]","[""QI-01042""]",2,False,False,5 /m x 1 x 0.219723 m x 1.17338 m = 1.289092869 m; x 10^2/162 = 0.617283951 kg/m -> 0.795736339 kg,PRE-S7.1 11_S7_RELEASE_CANDIDATES.csv QI-01041 (manifest 3a67a8641ce4); 2 local bar strips in 04_S7_BAR_RUNS.csv
S7-0461,QI-01043,CMP-0433,SUP-GF_ROOF_SLAB-158,SUPPORT,SP-GF_ROOF_SLAB-08,SUP-GF_ROOF_SLAB-158,TOP:SUP-GF_ROOF_SLAB-158:SP-GF_ROOF_SLAB-08:Y,GF_ROOF_SLAB,TOP_OVER_SUPPORT_EXTENSION,TOP,Y,10,5,,1,1.7,8.5,UNRESOLVED,3.52014,,0,1.17338,1.17338,9.97373,0.617283951,6.156623457,PROJECT_BASIS_QTO,"PROJECT_BASIS_QTO: rate density over the frozen PRE-S7.1 local bar strips; a lower bound of the physical steel (every blocked portion is excluded, not zero); not a bar-by-bar BBS","PROJECT_SOURCE ratio 1/3 (P4-6-NOTE-2-TOP-OVER-BEAMS: 'length one third of the span'); URBAN_OWNER_MEASUREMENT_RULE URBAN_QTO_TOP_OVER_SUPPORT_EXTENT_V1: measured from the support face into the clear span of SP-GF_ROOF_SLAB-08 (note 2 does not state the origin, the span or total-vs-each-side)","PROJECT_SOURCE: plan note 2 (5Ø10/m top steel over beams, both directions) -> 5 bars/m of Ø10; equivalent count by URBAN_RATE_DENSITY (AD2-D02); PHYSICAL_BBS_COUNT UNRESOLVED",PROJECT_SOURCE: full callout density 1 (no 50 % rule split on this item),0.333333333,P4-6-NOTE-2-TOP-OVER-BEAMS,PROJECT_SOURCE,"CLEAR_SPAN of the panel on each side, along each bar line",URBAN_OWNER_MEASUREMENT_RULE,SUPPORT_FACE (extension into the clear span),URBAN_OWNER_MEASUREMENT_RULE,PROJECT_SOURCE (plan note 2: top steel),"[""P4-6-NOTE-2-TOP-OVER-BEAMS""]","[""URBAN_RATE_DENSITY (AD2-D02: equivalent count = rate x density x width, unrounded)"", ""URBAN_QTO_TOP_OVER_SUPPORT_EXTENT_V1""]","[""AD2-D02"", ""AD2-D05"", ""AD2-D06""]","[""QI-01045"", ""QI-01046""]",1,False,False,5 /m x 1 x 1.7 m x 1.17338 m = 9.97373 m; x 10^2/162 = 0.617283951 kg/m -> 6.156623457 kg,PRE-S7.1 11_S7_RELEASE_CANDIDATES.csv QI-01043 (manifest 3a67a8641ce4); 1 local bar strips in 04_S7_BAR_RUNS.csv
S7-0462,QI-01044,CMP-0433,SUP-GF_ROOF_SLAB-158,SUPPORT,SP-GF_ROOF_SLAB-12,SUP-GF_ROOF_SLAB-158,TOP:SUP-GF_ROOF_SLAB-158:SP-GF_ROOF_SLAB-12:Y,GF_ROOF_SLAB,TOP_OVER_SUPPORT_EXTENSION,TOP,Y,10,5,,1,2.2,11,UNRESOLVED,1.805996364,,0,0.601998788,0.601998788,6.621986667,0.617283951,4.087646091,PROJECT_BASIS_QTO,"PROJECT_BASIS_QTO: rate density over the frozen PRE-S7.1 local bar strips; a lower bound of the physical steel (every blocked portion is excluded, not zero); not a bar-by-bar BBS","PROJECT_SOURCE ratio 1/3 (P4-6-NOTE-2-TOP-OVER-BEAMS: 'length one third of the span'); URBAN_OWNER_MEASUREMENT_RULE URBAN_QTO_TOP_OVER_SUPPORT_EXTENT_V1: measured from the support face into the clear span of SP-GF_ROOF_SLAB-12 (note 2 does not state the origin, the span or total-vs-each-side); local L by URBAN_QTO_LOCAL_BAR_LINE_V1","PROJECT_SOURCE: plan note 2 (5Ø10/m top steel over beams, both directions) -> 5 bars/m of Ø10; equivalent count by URBAN_RATE_DENSITY (AD2-D02); PHYSICAL_BBS_COUNT UNRESOLVED",PROJECT_SOURCE: full callout density 1 (no 50 % rule split on this item),0.333333333,P4-6-NOTE-2-TOP-OVER-BEAMS,PROJECT_SOURCE,"CLEAR_SPAN of the panel on each side, along each bar line",URBAN_OWNER_MEASUREMENT_RULE,SUPPORT_FACE (extension into the clear span),URBAN_OWNER_MEASUREMENT_RULE,PROJECT_SOURCE (plan note 2: top steel),"[""P4-6-NOTE-2-TOP-OVER-BEAMS""]","[""URBAN_RATE_DENSITY (AD2-D02: equivalent count = rate x density x width, unrounded)"", ""URBAN_QTO_LOCAL_BAR_LINE_V1 (AD2-D14)"", ""URBAN_QTO_TOP_OVER_SUPPORT_EXTENT_V1""]","[""AD2-D02"", ""AD2-D05"", ""AD2-D06"", ""AD2-D14""]","[""QI-01045"", ""QI-01046""]",22,True,False,5 /m x 1 x 2.2 m x 0.601998788 m = 6.621986667 m; x 10^2/162 = 0.617283951 kg/m -> 4.087646091 kg,PRE-S7.1 11_S7_RELEASE_CANDIDATES.csv QI-01044 (manifest 3a67a8641ce4); 22 local bar strips in 04_S7_BAR_RUNS.csv
S7-0463,QI-01047,CMP-0434,SUP-GF_ROOF_SLAB-159,SUPPORT,SP-GF_ROOF_SLAB-08,SUP-GF_ROOF_SLAB-159,TOP:SUP-GF_ROOF_SLAB-159:SP-GF_ROOF_SLAB-08:Y,GF_ROOF_SLAB,TOP_OVER_SUPPORT_EXTENSION,TOP,Y,10,5,,1,1.580277,7.901385,UNRESOLVED,3.52014,,0,1.17338,1.17338,9.271327131,0.617283951,5.723041439,PROJECT_BASIS_QTO,"PROJECT_BASIS_QTO: rate density over the frozen PRE-S7.1 local bar strips; a lower bound of the physical steel (every blocked portion is excluded, not zero); not a bar-by-bar BBS","PROJECT_SOURCE ratio 1/3 (P4-6-NOTE-2-TOP-OVER-BEAMS: 'length one third of the span'); URBAN_OWNER_MEASUREMENT_RULE URBAN_QTO_TOP_OVER_SUPPORT_EXTENT_V1: measured from the support face into the clear span of SP-GF_ROOF_SLAB-08 (note 2 does not state the origin, the span or total-vs-each-side)","PROJECT_SOURCE: plan note 2 (5Ø10/m top steel over beams, both directions) -> 5 bars/m of Ø10; equivalent count by URBAN_RATE_DENSITY (AD2-D02); PHYSICAL_BBS_COUNT UNRESOLVED",PROJECT_SOURCE: full callout density 1 (no 50 % rule split on this item),0.333333333,P4-6-NOTE-2-TOP-OVER-BEAMS,PROJECT_SOURCE,"CLEAR_SPAN of the panel on each side, along each bar line",URBAN_OWNER_MEASUREMENT_RULE,SUPPORT_FACE (extension into the clear span),URBAN_OWNER_MEASUREMENT_RULE,PROJECT_SOURCE (plan note 2: top steel),"[""P4-6-NOTE-2-TOP-OVER-BEAMS""]","[""URBAN_RATE_DENSITY (AD2-D02: equivalent count = rate x density x width, unrounded)"", ""URBAN_QTO_TOP_OVER_SUPPORT_EXTENT_V1""]","[""AD2-D02"", ""AD2-D05"", ""AD2-D06""]",[],4,False,False,5 /m x 1 x 1.580277 m x 1.17338 m = 9.271327131 m; x 10^2/162 = 0.617283951 kg/m -> 5.723041439 kg,PRE-S7.1 11_S7_RELEASE_CANDIDATES.csv QI-01047 (manifest 3a67a8641ce4); 4 local bar strips in 04_S7_BAR_RUNS.csv
S7-0464,QI-01048,CMP-0434,SUP-GF_ROOF_SLAB-159,SUPPORT,SP-GF_ROOF_SLAB-14,SUP-GF_ROOF_SLAB-159,TOP:SUP-GF_ROOF_SLAB-159:SP-GF_ROOF_SLAB-14:Y,GF_ROOF_SLAB,TOP_OVER_SUPPORT_EXTENSION,TOP,Y,10,5,,1,1.580277,7.901385,UNRESOLVED,1.782291452,,0,0.594097151,0.594097151,4.694190314,0.617283951,2.897648342,PROJECT_BASIS_QTO,"PROJECT_BASIS_QTO: rate density over the frozen PRE-S7.1 local bar strips; a lower bound of the physical steel (every blocked portion is excluded, not zero); not a bar-by-bar BBS","PROJECT_SOURCE ratio 1/3 (P4-6-NOTE-2-TOP-OVER-BEAMS: 'length one third of the span'); URBAN_OWNER_MEASUREMENT_RULE URBAN_QTO_TOP_OVER_SUPPORT_EXTENT_V1: measured from the support face into the clear span of SP-GF_ROOF_SLAB-14 (note 2 does not state the origin, the span or total-vs-each-side); local L by URBAN_QTO_LOCAL_BAR_LINE_V1","PROJECT_SOURCE: plan note 2 (5Ø10/m top steel over beams, both directions) -> 5 bars/m of Ø10; equivalent count by URBAN_RATE_DENSITY (AD2-D02); PHYSICAL_BBS_COUNT UNRESOLVED",PROJECT_SOURCE: full callout density 1 (no 50 % rule split on this item),0.333333333,P4-6-NOTE-2-TOP-OVER-BEAMS,PROJECT_SOURCE,"CLEAR_SPAN of the panel on each side, along each bar line",URBAN_OWNER_MEASUREMENT_RULE,SUPPORT_FACE (extension into the clear span),URBAN_OWNER_MEASUREMENT_RULE,PROJECT_SOURCE (plan note 2: top steel),"[""P4-6-NOTE-2-TOP-OVER-BEAMS""]","[""URBAN_RATE_DENSITY (AD2-D02: equivalent count = rate x density x width, unrounded)"", ""URBAN_QTO_LOCAL_BAR_LINE_V1 (AD2-D14)"", ""URBAN_QTO_TOP_OVER_SUPPORT_EXTENT_V1""]","[""AD2-D02"", ""AD2-D05"", ""AD2-D06"", ""AD2-D14""]",[],8,False,False,5 /m x 1 x 1.580277 m x 0.594097151 m = 4.694190314 m; x 10^2/162 = 0.617283951 kg/m -> 2.897648342 kg,PRE-S7.1 11_S7_RELEASE_CANDIDATES.csv QI-01048 (manifest 3a67a8641ce4); 8 local bar strips in 04_S7_BAR_RUNS.csv
S7-0465,QI-01049,CMP-0434,SUP-GF_ROOF_SLAB-159,SUPPORT,SP-GF_ROOF_SLAB-08|SP-GF_ROOF_SLAB-14,SUP-GF_ROOF_SLAB-159,TOP:SUP-GF_ROOF_SLAB-159:SP-GF_ROOF_SLAB-08|SP-GF_ROOF_SLAB-14:Y,GF_ROOF_SLAB,TOP_SUPPORT_CROSSING,TOP,Y,10,5,,1,1.580277,7.901385,UNRESOLVED,,,0.45,0,,3.55562325,0.617283951,2.194829167,PROJECT_BASIS_QTO,"PROJECT_BASIS_QTO: rate density over the frozen PRE-S7.1 local bar strips; a lower bound of the physical steel (every blocked portion is excluded, not zero); not a bar-by-bar BBS","PROJECT_GEOMETRY: over the support between the two panel faces along each bar line (the far face found beyond each strip end, AD2-D15)","PROJECT_SOURCE: plan note 2 (5Ø10/m top steel over beams, both directions) -> 5 bars/m of Ø10; equivalent count by URBAN_RATE_DENSITY (AD2-D02); PHYSICAL_BBS_COUNT UNRESOLVED",PROJECT_SOURCE: full callout density 1 (no 50 % rule split on this item),,,,SUPPORT_GAP (face to face over the support),PROJECT_GEOMETRY,SUPPORT_FACE,PROJECT_GEOMETRY,PROJECT_SOURCE (plan note 2: top steel),"[""P4-6-NOTE-2-TOP-OVER-BEAMS""]","[""URBAN_RATE_DENSITY (AD2-D02: equivalent count = rate x density x width, unrounded)""]","[""AD2-D02"", ""AD2-D05"", ""AD2-D15""]",[],4,False,False,5 /m x 1 x 1.580277 m x 0.45 m = 3.55562325 m; x 10^2/162 = 0.617283951 kg/m -> 2.194829167 kg,PRE-S7.1 11_S7_RELEASE_CANDIDATES.csv QI-01049 (manifest 3a67a8641ce4); 4 local bar strips in 04_S7_BAR_RUNS.csv
S7-0466,QI-01050,CMP-0435,SUP-GF_ROOF_SLAB-160,SUPPORT,SP-GF_ROOF_SLAB-15,SUP-GF_ROOF_SLAB-160,TOP:SUP-GF_ROOF_SLAB-160:SP-GF_ROOF_SLAB-15:Y,GF_ROOF_SLAB,TOP_OVER_SUPPORT_EXTENSION,TOP,Y,10,5,,1,1.15,5.75,UNRESOLVED,1.12986,,0,0.37662,0.37662,2.165565,0.617283951,1.336768519,PROJECT_BASIS_QTO,"PROJECT_BASIS_QTO: rate density over the frozen PRE-S7.1 local bar strips; a lower bound of the physical steel (every blocked portion is excluded, not zero); not a bar-by-bar BBS","PROJECT_SOURCE ratio 1/3 (P4-6-NOTE-2-TOP-OVER-BEAMS: 'length one third of the span'); URBAN_OWNER_MEASUREMENT_RULE URBAN_QTO_TOP_OVER_SUPPORT_EXTENT_V1: measured from the support face into the clear span of SP-GF_ROOF_SLAB-15 (note 2 does not state the origin, the span or total-vs-each-side)","PROJECT_SOURCE: plan note 2 (5Ø10/m top steel over beams, both directions) -> 5 bars/m of Ø10; equivalent count by URBAN_RATE_DENSITY (AD2-D02); PHYSICAL_BBS_COUNT UNRESOLVED",PROJECT_SOURCE: full callout density 1 (no 50 % rule split on this item),0.333333333,P4-6-NOTE-2-TOP-OVER-BEAMS,PROJECT_SOURCE,"CLEAR_SPAN of the panel on each side, along each bar line",URBAN_OWNER_MEASUREMENT_RULE,SUPPORT_FACE (extension into the clear span),URBAN_OWNER_MEASUREMENT_RULE,PROJECT_SOURCE (plan note 2: top steel),"[""P4-6-NOTE-2-TOP-OVER-BEAMS""]","[""URBAN_RATE_DENSITY (AD2-D02: equivalent count = rate x density x width, unrounded)"", ""URBAN_QTO_TOP_OVER_SUPPORT_EXTENT_V1""]","[""AD2-D02"", ""AD2-D05"", ""AD2-D06""]","[""QI-01051""]",43,False,False,5 /m x 1 x 1.15 m x 0.37662 m = 2.165565 m; x 10^2/162 = 0.617283951 kg/m -> 1.336768519 kg,PRE-S7.1 11_S7_RELEASE_CANDIDATES.csv QI-01050 (manifest 3a67a8641ce4); 43 local bar strips in 04_S7_BAR_RUNS.csv
S7-0467,QI-01052,CMP-0436,SUP-GF_ROOF_SLAB-161,SUPPORT,SP-GF_ROOF_SLAB-12,SUP-GF_ROOF_SLAB-161,TOP:SUP-GF_ROOF_SLAB-161:SP-GF_ROOF_SLAB-12:Y,GF_ROOF_SLAB,TOP_OVER_SUPPORT_EXTENSION,TOP,Y,10,5,,1,1.982912,9.91456,UNRESOLVED,1.817782231,,0,0.60592741,0.60592741,6.007503667,0.617283951,3.708335597,PROJECT_BASIS_QTO,"PROJECT_BASIS_QTO: rate density over the frozen PRE-S7.1 local bar strips; a lower bound of the physical steel (every blocked portion is excluded, not zero); not a bar-by-bar BBS","PROJECT_SOURCE ratio 1/3 (P4-6-NOTE-2-TOP-OVER-BEAMS: 'length one third of the span'); URBAN_OWNER_MEASUREMENT_RULE URBAN_QTO_TOP_OVER_SUPPORT_EXTENT_V1: measured from the support face into the clear span of SP-GF_ROOF_SLAB-12 (note 2 does not state the origin, the span or total-vs-each-side); local L by URBAN_QTO_LOCAL_BAR_LINE_V1","PROJECT_SOURCE: plan note 2 (5Ø10/m top steel over beams, both directions) -> 5 bars/m of Ø10; equivalent count by URBAN_RATE_DENSITY (AD2-D02); PHYSICAL_BBS_COUNT UNRESOLVED",PROJECT_SOURCE: full callout density 1 (no 50 % rule split on this item),0.333333333,P4-6-NOTE-2-TOP-OVER-BEAMS,PROJECT_SOURCE,"CLEAR_SPAN of the panel on each side, along each bar line",URBAN_OWNER_MEASUREMENT_RULE,SUPPORT_FACE (extension into the clear span),URBAN_OWNER_MEASUREMENT_RULE,PROJECT_SOURCE (plan note 2: top steel),"[""P4-6-NOTE-2-TOP-OVER-BEAMS""]","[""URBAN_RATE_DENSITY (AD2-D02: equivalent count = rate x density x width, unrounded)"", ""URBAN_QTO_LOCAL_BAR_LINE_V1 (AD2-D14)"", ""URBAN_QTO_TOP_OVER_SUPPORT_EXTENT_V1""]","[""AD2-D02"", ""AD2-D05"", ""AD2-D06"", ""AD2-D14""]","[""QI-01054"", ""QI-01055""]",14,True,False,5 /m x 1 x 1.982912 m x 0.60592741 m = 6.007503667 m; x 10^2/162 = 0.617283951 kg/m -> 3.708335597 kg,PRE-S7.1 11_S7_RELEASE_CANDIDATES.csv QI-01052 (manifest 3a67a8641ce4); 14 local bar strips in 04_S7_BAR_RUNS.csv
S7-0468,QI-01053,CMP-0436,SUP-GF_ROOF_SLAB-161,SUPPORT,SP-GF_ROOF_SLAB-22,SUP-GF_ROOF_SLAB-161,TOP:SUP-GF_ROOF_SLAB-161:SP-GF_ROOF_SLAB-22:Y,GF_ROOF_SLAB,TOP_OVER_SUPPORT_EXTENSION,TOP,Y,10,5,,1,2.177717,10.888585,UNRESOLVED,4.991832123,,0,1.663944041,1.663944041,18.117996125,0.617283951,11.183948225,PROJECT_BASIS_QTO,"PROJECT_BASIS_QTO: rate density over the frozen PRE-S7.1 local bar strips; a lower bound of the physical steel (every blocked portion is excluded, not zero); not a bar-by-bar BBS","PROJECT_SOURCE ratio 1/3 (P4-6-NOTE-2-TOP-OVER-BEAMS: 'length one third of the span'); URBAN_OWNER_MEASUREMENT_RULE URBAN_QTO_TOP_OVER_SUPPORT_EXTENT_V1: measured from the support face into the clear span of SP-GF_ROOF_SLAB-22 (note 2 does not state the origin, the span or total-vs-each-side); local L by URBAN_QTO_LOCAL_BAR_LINE_V1","PROJECT_SOURCE: plan note 2 (5Ø10/m top steel over beams, both directions) -> 5 bars/m of Ø10; equivalent count by URBAN_RATE_DENSITY (AD2-D02); PHYSICAL_BBS_COUNT UNRESOLVED",PROJECT_SOURCE: full callout density 1 (no 50 % rule split on this item),0.333333333,P4-6-NOTE-2-TOP-OVER-BEAMS,PROJECT_SOURCE,"CLEAR_SPAN of the panel on each side, along each bar line",URBAN_OWNER_MEASUREMENT_RULE,SUPPORT_FACE (extension into the clear span),URBAN_OWNER_MEASUREMENT_RULE,PROJECT_SOURCE (plan note 2: top steel),"[""P4-6-NOTE-2-TOP-OVER-BEAMS""]","[""URBAN_RATE_DENSITY (AD2-D02: equivalent count = rate x density x width, unrounded)"", ""URBAN_QTO_LOCAL_BAR_LINE_V1 (AD2-D14)"", ""URBAN_QTO_TOP_OVER_SUPPORT_EXTENT_V1""]","[""AD2-D02"", ""AD2-D05"", ""AD2-D06"", ""AD2-D14""]","[""QI-01054"", ""QI-01055""]",7,False,False,5 /m x 1 x 2.177717 m x 1.663944041 m = 18.117996125 m; x 10^2/162 = 0.617283951 kg/m -> 11.183948225 kg,PRE-S7.1 11_S7_RELEASE_CANDIDATES.csv QI-01053 (manifest 3a67a8641ce4); 7 local bar strips in 04_S7_BAR_RUNS.csv
S7-0469,QI-01056,CMP-0437,SUP-GF_ROOF_SLAB-162,SUPPORT,SP-GF_ROOF_SLAB-14,SUP-GF_ROOF_SLAB-162,TOP:SUP-GF_ROOF_SLAB-162:SP-GF_ROOF_SLAB-14:Y,GF_ROOF_SLAB,TOP_OVER_SUPPORT_EXTENSION,TOP,Y,10,5,,1,1.264888,6.32444,UNRESOLVED,1.97986,,0,0.659953333,0.659953333,4.173835259,0.617283951,2.576441518,PROJECT_BASIS_QTO,"PROJECT_BASIS_QTO: rate density over the frozen PRE-S7.1 local bar strips; a lower bound of the physical steel (every blocked portion is excluded, not zero); not a bar-by-bar BBS","PROJECT_SOURCE ratio 1/3 (P4-6-NOTE-2-TOP-OVER-BEAMS: 'length one third of the span'); URBAN_OWNER_MEASUREMENT_RULE URBAN_QTO_TOP_OVER_SUPPORT_EXTENT_V1: measured from the support face into the clear span of SP-GF_ROOF_SLAB-14 (note 2 does not state the origin, the span or total-vs-each-side); local L by URBAN_QTO_LOCAL_BAR_LINE_V1","PROJECT_SOURCE: plan note 2 (5Ø10/m top steel over beams, both directions) -> 5 bars/m of Ø10; equivalent count by URBAN_RATE_DENSITY (AD2-D02); PHYSICAL_BBS_COUNT UNRESOLVED",PROJECT_SOURCE: full callout density 1 (no 50 % rule split on this item),0.333333333,P4-6-NOTE-2-TOP-OVER-BEAMS,PROJECT_SOURCE,"CLEAR_SPAN of the panel on each side, along each bar line",URBAN_OWNER_MEASUREMENT_RULE,SUPPORT_FACE (extension into the clear span),URBAN_OWNER_MEASUREMENT_RULE,PROJECT_SOURCE (plan note 2: top steel),"[""P4-6-NOTE-2-TOP-OVER-BEAMS""]","[""URBAN_RATE_DENSITY (AD2-D02: equivalent count = rate x density x width, unrounded)"", ""URBAN_QTO_LOCAL_BAR_LINE_V1 (AD2-D14)"", ""URBAN_QTO_TOP_OVER_SUPPORT_EXTENT_V1""]","[""AD2-D02"", ""AD2-D05"", ""AD2-D06"", ""AD2-D14""]","[""QI-01059""]",4,False,False,5 /m x 1 x 1.264888 m x 0.659953333 m = 4.173835259 m; x 10^2/162 = 0.617283951 kg/m -> 2.576441518 kg,PRE-S7.1 11_S7_RELEASE_CANDIDATES.csv QI-01056 (manifest 3a67a8641ce4); 4 local bar strips in 04_S7_BAR_RUNS.csv
S7-0470,QI-01057,CMP-0437,SUP-GF_ROOF_SLAB-162,SUPPORT,SP-GF_ROOF_SLAB-22,SUP-GF_ROOF_SLAB-162,TOP:SUP-GF_ROOF_SLAB-162:SP-GF_ROOF_SLAB-22:Y,GF_ROOF_SLAB,TOP_OVER_SUPPORT_EXTENSION,TOP,Y,10,5,,1,1.233028,6.16514,UNRESOLVED,3.436736656,,0,1.145578885,1.145578885,7.062654208,0.617283951,4.359663092,PROJECT_BASIS_QTO,"PROJECT_BASIS_QTO: rate density over the frozen PRE-S7.1 local bar strips; a lower bound of the physical steel (every blocked portion is excluded, not zero); not a bar-by-bar BBS","PROJECT_SOURCE ratio 1/3 (P4-6-NOTE-2-TOP-OVER-BEAMS: 'length one third of the span'); URBAN_OWNER_MEASUREMENT_RULE URBAN_QTO_TOP_OVER_SUPPORT_EXTENT_V1: measured from the support face into the clear span of SP-GF_ROOF_SLAB-22 (note 2 does not state the origin, the span or total-vs-each-side); local L by URBAN_QTO_LOCAL_BAR_LINE_V1","PROJECT_SOURCE: plan note 2 (5Ø10/m top steel over beams, both directions) -> 5 bars/m of Ø10; equivalent count by URBAN_RATE_DENSITY (AD2-D02); PHYSICAL_BBS_COUNT UNRESOLVED",PROJECT_SOURCE: full callout density 1 (no 50 % rule split on this item),0.333333333,P4-6-NOTE-2-TOP-OVER-BEAMS,PROJECT_SOURCE,"CLEAR_SPAN of the panel on each side, along each bar line",URBAN_OWNER_MEASUREMENT_RULE,SUPPORT_FACE (extension into the clear span),URBAN_OWNER_MEASUREMENT_RULE,PROJECT_SOURCE (plan note 2: top steel),"[""P4-6-NOTE-2-TOP-OVER-BEAMS""]","[""URBAN_RATE_DENSITY (AD2-D02: equivalent count = rate x density x width, unrounded)"", ""URBAN_QTO_LOCAL_BAR_LINE_V1 (AD2-D14)"", ""URBAN_QTO_TOP_OVER_SUPPORT_EXTENT_V1""]","[""AD2-D02"", ""AD2-D05"", ""AD2-D06"", ""AD2-D14""]","[""QI-01059""]",4,False,False,5 /m x 1 x 1.233028 m x 1.145578885 m = 7.062654208 m; x 10^2/162 = 0.617283951 kg/m -> 4.359663092 kg,PRE-S7.1 11_S7_RELEASE_CANDIDATES.csv QI-01057 (manifest 3a67a8641ce4); 4 local bar strips in 04_S7_BAR_RUNS.csv
S7-0471,QI-01058,CMP-0437,SUP-GF_ROOF_SLAB-162,SUPPORT,SP-GF_ROOF_SLAB-14|SP-GF_ROOF_SLAB-22,SUP-GF_ROOF_SLAB-162,TOP:SUP-GF_ROOF_SLAB-162:SP-GF_ROOF_SLAB-14|SP-GF_ROOF_SLAB-22:Y,GF_ROOF_SLAB,TOP_SUPPORT_CROSSING,TOP,Y,10,5,,1,1.233028,6.16514,UNRESOLVED,,,0.2,0,,1.233028,0.617283951,0.761128395,PROJECT_BASIS_QTO,"PROJECT_BASIS_QTO: rate density over the frozen PRE-S7.1 local bar strips; a lower bound of the physical steel (every blocked portion is excluded, not zero); not a bar-by-bar BBS","PROJECT_GEOMETRY: over the support between the two panel faces along each bar line (the far face found beyond each strip end, AD2-D15)","PROJECT_SOURCE: plan note 2 (5Ø10/m top steel over beams, both directions) -> 5 bars/m of Ø10; equivalent count by URBAN_RATE_DENSITY (AD2-D02); PHYSICAL_BBS_COUNT UNRESOLVED",PROJECT_SOURCE: full callout density 1 (no 50 % rule split on this item),,,,SUPPORT_GAP (face to face over the support),PROJECT_GEOMETRY,SUPPORT_FACE,PROJECT_GEOMETRY,PROJECT_SOURCE (plan note 2: top steel),"[""P4-6-NOTE-2-TOP-OVER-BEAMS""]","[""URBAN_RATE_DENSITY (AD2-D02: equivalent count = rate x density x width, unrounded)""]","[""AD2-D02"", ""AD2-D05"", ""AD2-D15""]","[""QI-01059""]",3,False,False,5 /m x 1 x 1.233028 m x 0.2 m = 1.233028 m; x 10^2/162 = 0.617283951 kg/m -> 0.761128395 kg,PRE-S7.1 11_S7_RELEASE_CANDIDATES.csv QI-01058 (manifest 3a67a8641ce4); 3 local bar strips in 04_S7_BAR_RUNS.csv
S7-0472,QI-01060,CMP-0438,SUP-GF_ROOF_SLAB-163,SUPPORT,SP-GF_ROOF_SLAB-02,SUP-GF_ROOF_SLAB-163,TOP:SUP-GF_ROOF_SLAB-163:SP-GF_ROOF_SLAB-02:Y,GF_ROOF_SLAB,TOP_OVER_SUPPORT_EXTENSION,TOP,Y,10,5,,1,1.7,8.5,UNRESOLVED,0.619667,,0,0.206555667,0.206555667,1.755723167,0.617283951,1.083779733,PROJECT_BASIS_QTO,"PROJECT_BASIS_QTO: rate density over the frozen PRE-S7.1 local bar strips; a lower bound of the physical steel (every blocked portion is excluded, not zero); not a bar-by-bar BBS","PROJECT_SOURCE ratio 1/3 (P4-6-NOTE-2-TOP-OVER-BEAMS: 'length one third of the span'); URBAN_OWNER_MEASUREMENT_RULE URBAN_QTO_TOP_OVER_SUPPORT_EXTENT_V1: measured from the support face into the clear span of SP-GF_ROOF_SLAB-02 (note 2 does not state the origin, the span or total-vs-each-side)","PROJECT_SOURCE: plan note 2 (5Ø10/m top steel over beams, both directions) -> 5 bars/m of Ø10; equivalent count by URBAN_RATE_DENSITY (AD2-D02); PHYSICAL_BBS_COUNT UNRESOLVED",PROJECT_SOURCE: full callout density 1 (no 50 % rule split on this item),0.333333333,P4-6-NOTE-2-TOP-OVER-BEAMS,PROJECT_SOURCE,"CLEAR_SPAN of the panel on each side, along each bar line",URBAN_OWNER_MEASUREMENT_RULE,SUPPORT_FACE (extension into the clear span),URBAN_OWNER_MEASUREMENT_RULE,PROJECT_SOURCE (plan note 2: top steel),"[""P4-6-NOTE-2-TOP-OVER-BEAMS""]","[""URBAN_RATE_DENSITY (AD2-D02: equivalent count = rate x density x width, unrounded)"", ""URBAN_QTO_TOP_OVER_SUPPORT_EXTENT_V1""]","[""AD2-D02"", ""AD2-D05"", ""AD2-D06""]","[""QI-01061""]",63,False,False,5 /m x 1 x 1.7 m x 0.206555667 m = 1.755723167 m; x 10^2/162 = 0.617283951 kg/m -> 1.083779733 kg,PRE-S7.1 11_S7_RELEASE_CANDIDATES.csv QI-01060 (manifest 3a67a8641ce4); 63 local bar strips in 04_S7_BAR_RUNS.csv
S7-0473,QI-01062,CMP-0439,SUP-GF_ROOF_SLAB-164,SUPPORT,SP-GF_ROOF_SLAB-23,SUP-GF_ROOF_SLAB-164,TOP:SUP-GF_ROOF_SLAB-164:SP-GF_ROOF_SLAB-23:Y,GF_ROOF_SLAB,TOP_OVER_SUPPORT_EXTENSION,TOP,Y,10,5,,1,1.144803,5.724015,UNRESOLVED,6.857635047,,0,2.285878349,2.285878349,13.084401958,0.617283951,8.076791332,PROJECT_BASIS_QTO,"PROJECT_BASIS_QTO: rate density over the frozen PRE-S7.1 local bar strips; a lower bound of the physical steel (every blocked portion is excluded, not zero); not a bar-by-bar BBS","PROJECT_SOURCE ratio 1/3 (P4-6-NOTE-2-TOP-OVER-BEAMS: 'length one third of the span'); URBAN_OWNER_MEASUREMENT_RULE URBAN_QTO_TOP_OVER_SUPPORT_EXTENT_V1: measured from the support face into the clear span of SP-GF_ROOF_SLAB-23 (note 2 does not state the origin, the span or total-vs-each-side); local L by URBAN_QTO_LOCAL_BAR_LINE_V1","PROJECT_SOURCE: plan note 2 (5Ø10/m top steel over beams, both directions) -> 5 bars/m of Ø10; equivalent count by URBAN_RATE_DENSITY (AD2-D02); PHYSICAL_BBS_COUNT UNRESOLVED",PROJECT_SOURCE: full callout density 1 (no 50 % rule split on this item),0.333333333,P4-6-NOTE-2-TOP-OVER-BEAMS,PROJECT_SOURCE,"CLEAR_SPAN of the panel on each side, along each bar line",URBAN_OWNER_MEASUREMENT_RULE,SUPPORT_FACE (extension into the clear span),URBAN_OWNER_MEASUREMENT_RULE,PROJECT_SOURCE (plan note 2: top steel),"[""P4-6-NOTE-2-TOP-OVER-BEAMS""]","[""URBAN_RATE_DENSITY (AD2-D02: equivalent count = rate x density x width, unrounded)"", ""URBAN_QTO_LOCAL_BAR_LINE_V1 (AD2-D14)"", ""URBAN_QTO_TOP_OVER_SUPPORT_EXTENT_V1""]","[""AD2-D02"", ""AD2-D05"", ""AD2-D06"", ""AD2-D14""]","[""QI-01063""]",2,False,False,5 /m x 1 x 1.144803 m x 2.285878349 m = 13.084401958 m; x 10^2/162 = 0.617283951 kg/m -> 8.076791332 kg,PRE-S7.1 11_S7_RELEASE_CANDIDATES.csv QI-01062 (manifest 3a67a8641ce4); 2 local bar strips in 04_S7_BAR_RUNS.csv
S7-0474,QI-01064,CMP-0440,SUP-GF_ROOF_SLAB-165,SUPPORT,SP-GF_ROOF_SLAB-15,SUP-GF_ROOF_SLAB-165,TOP:SUP-GF_ROOF_SLAB-165:SP-GF_ROOF_SLAB-15:Y,GF_ROOF_SLAB,TOP_OVER_SUPPORT_EXTENSION,TOP,Y,10,5,,1,0.95,4.75,UNRESOLVED,1.12986,,0,0.37662,0.37662,1.788945,0.617283951,1.104287037,PROJECT_BASIS_QTO,"PROJECT_BASIS_QTO: rate density over the frozen PRE-S7.1 local bar strips; a lower bound of the physical steel (every blocked portion is excluded, not zero); not a bar-by-bar BBS","PROJECT_SOURCE ratio 1/3 (P4-6-NOTE-2-TOP-OVER-BEAMS: 'length one third of the span'); URBAN_OWNER_MEASUREMENT_RULE URBAN_QTO_TOP_OVER_SUPPORT_EXTENT_V1: measured from the support face into the clear span of SP-GF_ROOF_SLAB-15 (note 2 does not state the origin, the span or total-vs-each-side)","PROJECT_SOURCE: plan note 2 (5Ø10/m top steel over beams, both directions) -> 5 bars/m of Ø10; equivalent count by URBAN_RATE_DENSITY (AD2-D02); PHYSICAL_BBS_COUNT UNRESOLVED",PROJECT_SOURCE: full callout density 1 (no 50 % rule split on this item),0.333333333,P4-6-NOTE-2-TOP-OVER-BEAMS,PROJECT_SOURCE,"CLEAR_SPAN of the panel on each side, along each bar line",URBAN_OWNER_MEASUREMENT_RULE,SUPPORT_FACE (extension into the clear span),URBAN_OWNER_MEASUREMENT_RULE,PROJECT_SOURCE (plan note 2: top steel),"[""P4-6-NOTE-2-TOP-OVER-BEAMS""]","[""URBAN_RATE_DENSITY (AD2-D02: equivalent count = rate x density x width, unrounded)"", ""URBAN_QTO_TOP_OVER_SUPPORT_EXTENT_V1""]","[""AD2-D02"", ""AD2-D05"", ""AD2-D06""]",[],32,False,False,5 /m x 1 x 0.95 m x 0.37662 m = 1.788945 m; x 10^2/162 = 0.617283951 kg/m -> 1.104287037 kg,PRE-S7.1 11_S7_RELEASE_CANDIDATES.csv QI-01064 (manifest 3a67a8641ce4); 32 local bar strips in 04_S7_BAR_RUNS.csv
S7-0475,QI-01065,CMP-0440,SUP-GF_ROOF_SLAB-165,SUPPORT,SP-GF_ROOF_SLAB-23,SUP-GF_ROOF_SLAB-165,TOP:SUP-GF_ROOF_SLAB-165:SP-GF_ROOF_SLAB-23:Y,GF_ROOF_SLAB,TOP_OVER_SUPPORT_EXTENSION,TOP,Y,10,5,,1,0.95,4.75,UNRESOLVED,7.5,,0,2.5,2.5,11.875,0.617283951,7.330246914,PROJECT_BASIS_QTO,"PROJECT_BASIS_QTO: rate density over the frozen PRE-S7.1 local bar strips; a lower bound of the physical steel (every blocked portion is excluded, not zero); not a bar-by-bar BBS","PROJECT_SOURCE ratio 1/3 (P4-6-NOTE-2-TOP-OVER-BEAMS: 'length one third of the span'); URBAN_OWNER_MEASUREMENT_RULE URBAN_QTO_TOP_OVER_SUPPORT_EXTENT_V1: measured from the support face into the clear span of SP-GF_ROOF_SLAB-23 (note 2 does not state the origin, the span or total-vs-each-side); local L by URBAN_QTO_LOCAL_BAR_LINE_V1","PROJECT_SOURCE: plan note 2 (5Ø10/m top steel over beams, both directions) -> 5 bars/m of Ø10; equivalent count by URBAN_RATE_DENSITY (AD2-D02); PHYSICAL_BBS_COUNT UNRESOLVED",PROJECT_SOURCE: full callout density 1 (no 50 % rule split on this item),0.333333333,P4-6-NOTE-2-TOP-OVER-BEAMS,PROJECT_SOURCE,"CLEAR_SPAN of the panel on each side, along each bar line",URBAN_OWNER_MEASUREMENT_RULE,SUPPORT_FACE (extension into the clear span),URBAN_OWNER_MEASUREMENT_RULE,PROJECT_SOURCE (plan note 2: top steel),"[""P4-6-NOTE-2-TOP-OVER-BEAMS""]","[""URBAN_RATE_DENSITY (AD2-D02: equivalent count = rate x density x width, unrounded)"", ""URBAN_QTO_LOCAL_BAR_LINE_V1 (AD2-D14)"", ""URBAN_QTO_TOP_OVER_SUPPORT_EXTENT_V1""]","[""AD2-D02"", ""AD2-D05"", ""AD2-D06"", ""AD2-D14""]",[],1,False,False,5 /m x 1 x 0.95 m x 2.5 m = 11.875 m; x 10^2/162 = 0.617283951 kg/m -> 7.330246914 kg,PRE-S7.1 11_S7_RELEASE_CANDIDATES.csv QI-01065 (manifest 3a67a8641ce4); 1 local bar strips in 04_S7_BAR_RUNS.csv
S7-0476,QI-01066,CMP-0440,SUP-GF_ROOF_SLAB-165,SUPPORT,SP-GF_ROOF_SLAB-15|SP-GF_ROOF_SLAB-23,SUP-GF_ROOF_SLAB-165,TOP:SUP-GF_ROOF_SLAB-165:SP-GF_ROOF_SLAB-15|SP-GF_ROOF_SLAB-23:Y,GF_ROOF_SLAB,TOP_SUPPORT_CROSSING,TOP,Y,10,5,,1,0.95,4.75,UNRESOLVED,,,0.2,0,,0.95,0.617283951,0.586419753,PROJECT_BASIS_QTO,"PROJECT_BASIS_QTO: rate density over the frozen PRE-S7.1 local bar strips; a lower bound of the physical steel (every blocked portion is excluded, not zero); not a bar-by-bar BBS","PROJECT_GEOMETRY: over the support between the two panel faces along each bar line (the far face found beyond each strip end, AD2-D15)","PROJECT_SOURCE: plan note 2 (5Ø10/m top steel over beams, both directions) -> 5 bars/m of Ø10; equivalent count by URBAN_RATE_DENSITY (AD2-D02); PHYSICAL_BBS_COUNT UNRESOLVED",PROJECT_SOURCE: full callout density 1 (no 50 % rule split on this item),,,,SUPPORT_GAP (face to face over the support),PROJECT_GEOMETRY,SUPPORT_FACE,PROJECT_GEOMETRY,PROJECT_SOURCE (plan note 2: top steel),"[""P4-6-NOTE-2-TOP-OVER-BEAMS""]","[""URBAN_RATE_DENSITY (AD2-D02: equivalent count = rate x density x width, unrounded)""]","[""AD2-D02"", ""AD2-D05"", ""AD2-D15""]",[],32,False,False,5 /m x 1 x 0.95 m x 0.2 m = 0.95 m; x 10^2/162 = 0.617283951 kg/m -> 0.586419753 kg,PRE-S7.1 11_S7_RELEASE_CANDIDATES.csv QI-01066 (manifest 3a67a8641ce4); 32 local bar strips in 04_S7_BAR_RUNS.csv
