S7_BLOCKED_ID,PRE_S7_1_ITEM_ID,COMPONENT_ID,ITEM,OWNER,FLOOR,DIRECTION,SUPPORT_ID,SIDE_PANEL,DIA_MM,COUNT_BASIS,RATE_PER_M,EXPLICIT_COUNT,COUNT_RELEASED,DISTRIBUTION_WIDTH_MM,S7_LANE,CATEGORY,BLOCKERS,QUESTIONS,S8_REGION,CONFLICT_REF,KG,WHY_NO_KG,S7_ORIGIN
S7B-0001,QI-00003,CMP-0152,BOTTOM_BEYOND_FACE_UNRESOLVED,SP-1F_ROOF_SLAB-02,1F_ROOF_SLAB,X,SUP-1F_ROOF_SLAB-086,,10,URBAN_RATE_DENSITY,5,,,3000,BLOCKED_UNQUANTIFIED,SUNKEN_LEVEL_CHANGE_CONTINUITY,"[""BEYOND_FACE_DEPENDS_ON_UNRESOLVED_CONTINUITY""]","[""Q-SUNKEN""]",,,,extent / count not established by the source or an accepted rule,PRE-S7.1 10_REMAINING_BLOCKERS.csv
S7B-0002,QI-00004,CMP-0152,BOTTOM_BEYOND_FACE_UNRESOLVED,SP-1F_ROOF_SLAB-02,1F_ROOF_SLAB,X,SUP-1F_ROOF_SLAB-091,,10,URBAN_RATE_DENSITY,5,,,3000,BLOCKED_UNQUANTIFIED,CONTINUITY_UNRESOLVED,"[""BEYOND_FACE_DEPENDS_ON_UNRESOLVED_CONTINUITY""]","[""Q-CONT""]",,,,extent / count not established by the source or an accepted rule,PRE-S7.1 10_REMAINING_BLOCKERS.csv
S7B-0003,QI-00005,CMP-0152,BOTTOM_STOP_ZONE_UNRESOLVED,SP-1F_ROOF_SLAB-02,1F_ROOF_SLAB,X,SUP-1F_ROOF_SLAB-086,,10,URBAN_RATE_DENSITY,5,,,3000,BLOCKED_UNQUANTIFIED,SUNKEN_LEVEL_CHANGE_CONTINUITY,"[""STOP_ZONE_DEPENDS_ON_UNRESOLVED_CONTINUITY""]","[""Q-SUNKEN""]",,,,extent / count not established by the source or an accepted rule,PRE-S7.1 10_REMAINING_BLOCKERS.csv
S7B-0004,QI-00006,CMP-0152,BOTTOM_STOP_ZONE_UNRESOLVED,SP-1F_ROOF_SLAB-02,1F_ROOF_SLAB,X,SUP-1F_ROOF_SLAB-091,,10,URBAN_RATE_DENSITY,5,,,3000,BLOCKED_UNQUANTIFIED,CONTINUITY_UNRESOLVED,"[""STOP_ZONE_DEPENDS_ON_UNRESOLVED_CONTINUITY""]","[""Q-CONT""]",,,,extent / count not established by the source or an accepted rule,PRE-S7.1 10_REMAINING_BLOCKERS.csv
S7B-0005,QI-00008,CMP-0153,BOTTOM_END_ANCHORAGE,SP-1F_ROOF_SLAB-02,1F_ROOF_SLAB,Y,SUP-1F_ROOF_SLAB-102,,10,URBAN_RATE_DENSITY,5,,,1800,BLOCKED_UNQUANTIFIED,ANCHORAGE_END_COVER,"[""END_ANCHORAGE_SHAPE_ONLY""]","[""Q-ANCHOR""]",,,,extent / count not established by the source or an accepted rule,PRE-S7.1 10_REMAINING_BLOCKERS.csv
S7B-0006,QI-00009,CMP-0153,BOTTOM_END_ANCHORAGE,SP-1F_ROOF_SLAB-02,1F_ROOF_SLAB,Y,SUP-1F_ROOF_SLAB-126,,10,URBAN_RATE_DENSITY,5,,,1800,BLOCKED_UNQUANTIFIED,ANCHORAGE_END_COVER,"[""END_ANCHORAGE_SHAPE_ONLY""]","[""Q-ANCHOR""]",,,,extent / count not established by the source or an accepted rule,PRE-S7.1 10_REMAINING_BLOCKERS.csv
S7B-0007,QI-00012,CMP-0157,BOTTOM_BEYOND_FACE_UNRESOLVED,SP-1F_ROOF_SLAB-03,1F_ROOF_SLAB,X,,,10,URBAN_RATE_DENSITY,6,,,50,BLOCKED_UNQUANTIFIED,CONTINUITY_UNRESOLVED,"[""BEYOND_FACE_DEPENDS_ON_UNRESOLVED_CONTINUITY""]","[""Q-CONT""]",,,,extent / count not established by the source or an accepted rule,PRE-S7.1 10_REMAINING_BLOCKERS.csv
S7B-0008,QI-00013,CMP-0157,BOTTOM_BEYOND_FACE_UNRESOLVED,SP-1F_ROOF_SLAB-03,1F_ROOF_SLAB,X,SUP-1F_ROOF_SLAB-130,,10,URBAN_RATE_DENSITY,6,,,269,BLOCKED_UNQUANTIFIED,OBLIQUE_SUPPORT,"[""BEYOND_FACE_DEPENDS_ON_UNRESOLVED_CONTINUITY""]","[""Q-OBLIQUE""]",,,,extent / count not established by the source or an accepted rule,PRE-S7.1 10_REMAINING_BLOCKERS.csv
S7B-0009,QI-00014,CMP-0157,BOTTOM_BEYOND_FACE_UNRESOLVED,SP-1F_ROOF_SLAB-03,1F_ROOF_SLAB,X,SUP-1F_ROOF_SLAB-166,,10,URBAN_RATE_DENSITY,6,,,621.3,BLOCKED_UNQUANTIFIED,CONTINUITY_UNRESOLVED,"[""BEYOND_FACE_DEPENDS_ON_UNRESOLVED_CONTINUITY""]","[""Q-CONT""]",,,,extent / count not established by the source or an accepted rule,PRE-S7.1 10_REMAINING_BLOCKERS.csv
S7B-0010,QI-00015,CMP-0156,BOTTOM_STOP_ZONE_UNRESOLVED,SP-1F_ROOF_SLAB-03,1F_ROOF_SLAB,X,,,10,URBAN_RATE_DENSITY,6,,,50,BLOCKED_UNQUANTIFIED,CONTINUITY_UNRESOLVED,"[""STOP_ZONE_DEPENDS_ON_UNRESOLVED_CONTINUITY""]","[""Q-CONT""]",,,,extent / count not established by the source or an accepted rule,PRE-S7.1 10_REMAINING_BLOCKERS.csv
S7B-0011,QI-00016,CMP-0156,BOTTOM_STOP_ZONE_UNRESOLVED,SP-1F_ROOF_SLAB-03,1F_ROOF_SLAB,X,SUP-1F_ROOF_SLAB-130,,10,URBAN_RATE_DENSITY,6,,,269,BLOCKED_UNQUANTIFIED,OBLIQUE_SUPPORT,"[""STOP_ZONE_DEPENDS_ON_UNRESOLVED_CONTINUITY""]","[""Q-OBLIQUE""]",,,,extent / count not established by the source or an accepted rule,PRE-S7.1 10_REMAINING_BLOCKERS.csv
S7B-0012,QI-00017,CMP-0156,BOTTOM_STOP_ZONE_UNRESOLVED,SP-1F_ROOF_SLAB-03,1F_ROOF_SLAB,X,SUP-1F_ROOF_SLAB-166,,10,URBAN_RATE_DENSITY,6,,,621.3,BLOCKED_UNQUANTIFIED,CONTINUITY_UNRESOLVED,"[""STOP_ZONE_DEPENDS_ON_UNRESOLVED_CONTINUITY""]","[""Q-CONT""]",,,,extent / count not established by the source or an accepted rule,PRE-S7.1 10_REMAINING_BLOCKERS.csv
S7B-0013,QI-00018,CMP-0157,BOTTOM_TRANSITION,SP-1F_ROOF_SLAB-03,1F_ROOF_SLAB,X,SUP-1F_ROOF_SLAB-080,,10,URBAN_RATE_DENSITY,6,,,4415.3,BLOCKED_UNQUANTIFIED,TRANSITION_LAP_SPLICE,"[""TRANSITION_ACROSS_SUPPORT_NOT_ESTABLISHED""]","[""Q-MISMATCH""]",,,,extent / count not established by the source or an accepted rule,PRE-S7.1 10_REMAINING_BLOCKERS.csv
S7B-0014,QI-00019,CMP-0157,BOTTOM_TRANSITION,SP-1F_ROOF_SLAB-03,1F_ROOF_SLAB,X,SUP-1F_ROOF_SLAB-095,,10,URBAN_RATE_DENSITY,6,,,3475,BLOCKED_UNQUANTIFIED,TRANSITION_LAP_SPLICE,"[""TRANSITION_ACROSS_SUPPORT_NOT_ESTABLISHED""]","[""Q-MISMATCH""]",,,,extent / count not established by the source or an accepted rule,PRE-S7.1 10_REMAINING_BLOCKERS.csv
S7B-0015,QI-00022,CMP-0159,BOTTOM_END_ANCHORAGE,SP-1F_ROOF_SLAB-03,1F_ROOF_SLAB,Y,SUP-1F_ROOF_SLAB-103,,10,URBAN_RATE_DENSITY,5,,,2220,BLOCKED_UNQUANTIFIED,ANCHORAGE_END_COVER,"[""END_ANCHORAGE_SHAPE_ONLY""]","[""Q-ANCHOR""]",,,,extent / count not established by the source or an accepted rule,PRE-S7.1 10_REMAINING_BLOCKERS.csv
S7B-0016,QI-00023,CMP-0158,BOTTOM_END_ANCHORAGE,SP-1F_ROOF_SLAB-03,1F_ROOF_SLAB,Y,SUP-1F_ROOF_SLAB-103,,10,URBAN_RATE_DENSITY,5,,,2220,BLOCKED_UNQUANTIFIED,ANCHORAGE_END_COVER,"[""END_ANCHORAGE_SHAPE_ONLY""]","[""Q-ANCHOR""]",,,,extent / count not established by the source or an accepted rule,PRE-S7.1 10_REMAINING_BLOCKERS.csv
S7B-0017,QI-00026,CMP-0163,BOTTOM_BEYOND_FACE_UNRESOLVED,SP-1F_ROOF_SLAB-04,1F_ROOF_SLAB,X,,,10,URBAN_RATE_DENSITY,7,,,121.3,BLOCKED_UNQUANTIFIED,CONTINUITY_UNRESOLVED,"[""BEYOND_FACE_DEPENDS_ON_UNRESOLVED_CONTINUITY""]","[""Q-CONT""]",,,,extent / count not established by the source or an accepted rule,PRE-S7.1 10_REMAINING_BLOCKERS.csv
S7B-0018,QI-00027,CMP-0163,BOTTOM_BEYOND_FACE_UNRESOLVED,SP-1F_ROOF_SLAB-04,1F_ROOF_SLAB,X,SUP-1F_ROOF_SLAB-086,,10,URBAN_RATE_DENSITY,7,,,3000,BLOCKED_UNQUANTIFIED,SUNKEN_LEVEL_CHANGE_CONTINUITY,"[""BEYOND_FACE_DEPENDS_ON_UNRESOLVED_CONTINUITY""]","[""Q-SUNKEN""]",,,,extent / count not established by the source or an accepted rule,PRE-S7.1 10_REMAINING_BLOCKERS.csv
S7B-0019,QI-00028,CMP-0163,BOTTOM_BEYOND_FACE_UNRESOLVED,SP-1F_ROOF_SLAB-04,1F_ROOF_SLAB,X,SUP-1F_ROOF_SLAB-131,,10,URBAN_RATE_DENSITY,7,,,357.5,BLOCKED_UNQUANTIFIED,OBLIQUE_SUPPORT,"[""BEYOND_FACE_DEPENDS_ON_UNRESOLVED_CONTINUITY""]","[""Q-OBLIQUE""]",,,,extent / count not established by the source or an accepted rule,PRE-S7.1 10_REMAINING_BLOCKERS.csv
S7B-0020,QI-00029,CMP-0163,BOTTOM_END_ANCHORAGE,SP-1F_ROOF_SLAB-04,1F_ROOF_SLAB,X,SUP-1F_ROOF_SLAB-087,,10,URBAN_RATE_DENSITY,7,,,1797.1,BLOCKED_UNQUANTIFIED,ANCHORAGE_END_COVER,"[""END_ANCHORAGE_SHAPE_ONLY""]","[""Q-ANCHOR""]",,,,extent / count not established by the source or an accepted rule,PRE-S7.1 10_REMAINING_BLOCKERS.csv
S7B-0021,QI-00030,CMP-0162,BOTTOM_END_ANCHORAGE,SP-1F_ROOF_SLAB-04,1F_ROOF_SLAB,X,SUP-1F_ROOF_SLAB-087,,10,URBAN_RATE_DENSITY,7,,,1797.1,BLOCKED_UNQUANTIFIED,ANCHORAGE_END_COVER,"[""END_ANCHORAGE_SHAPE_ONLY""]","[""Q-ANCHOR""]",,,,extent / count not established by the source or an accepted rule,PRE-S7.1 10_REMAINING_BLOCKERS.csv
S7B-0022,QI-00031,CMP-0162,BOTTOM_STOP_ZONE_UNRESOLVED,SP-1F_ROOF_SLAB-04,1F_ROOF_SLAB,X,,,10,URBAN_RATE_DENSITY,7,,,121.3,BLOCKED_UNQUANTIFIED,CONTINUITY_UNRESOLVED,"[""STOP_ZONE_DEPENDS_ON_UNRESOLVED_CONTINUITY""]","[""Q-CONT""]",,,,extent / count not established by the source or an accepted rule,PRE-S7.1 10_REMAINING_BLOCKERS.csv
S7B-0023,QI-00032,CMP-0162,BOTTOM_STOP_ZONE_UNRESOLVED,SP-1F_ROOF_SLAB-04,1F_ROOF_SLAB,X,SUP-1F_ROOF_SLAB-086,,10,URBAN_RATE_DENSITY,7,,,3000,BLOCKED_UNQUANTIFIED,SUNKEN_LEVEL_CHANGE_CONTINUITY,"[""STOP_ZONE_DEPENDS_ON_UNRESOLVED_CONTINUITY""]","[""Q-SUNKEN""]",,,,extent / count not established by the source or an accepted rule,PRE-S7.1 10_REMAINING_BLOCKERS.csv
S7B-0024,QI-00033,CMP-0162,BOTTOM_STOP_ZONE_UNRESOLVED,SP-1F_ROOF_SLAB-04,1F_ROOF_SLAB,X,SUP-1F_ROOF_SLAB-131,,10,URBAN_RATE_DENSITY,7,,,357.5,BLOCKED_UNQUANTIFIED,OBLIQUE_SUPPORT,"[""STOP_ZONE_DEPENDS_ON_UNRESOLVED_CONTINUITY""]","[""Q-OBLIQUE""]",,,,extent / count not established by the source or an accepted rule,PRE-S7.1 10_REMAINING_BLOCKERS.csv
S7B-0025,QI-00034,CMP-0163,BOTTOM_TRANSITION,SP-1F_ROOF_SLAB-04,1F_ROOF_SLAB,X,SUP-1F_ROOF_SLAB-080,,10,URBAN_RATE_DENSITY,7,,,4418.3,BLOCKED_UNQUANTIFIED,TRANSITION_LAP_SPLICE,"[""TRANSITION_ACROSS_SUPPORT_NOT_ESTABLISHED""]","[""Q-MISMATCH""]",,,,extent / count not established by the source or an accepted rule,PRE-S7.1 10_REMAINING_BLOCKERS.csv
S7B-0026,QI-00037,CMP-0165,BOTTOM_BEYOND_FACE_UNRESOLVED,SP-1F_ROOF_SLAB-04,1F_ROOF_SLAB,Y,,,10,URBAN_RATE_DENSITY,6,,,50,BLOCKED_UNQUANTIFIED,CONTINUITY_UNRESOLVED,"[""BEYOND_FACE_DEPENDS_ON_UNRESOLVED_CONTINUITY""]","[""Q-CONT""]",,,,extent / count not established by the source or an accepted rule,PRE-S7.1 10_REMAINING_BLOCKERS.csv
S7B-0027,QI-00038,CMP-0165,BOTTOM_END_ANCHORAGE,SP-1F_ROOF_SLAB-04,1F_ROOF_SLAB,Y,SUP-1F_ROOF_SLAB-104,,10,URBAN_RATE_DENSITY,6,,,3000,BLOCKED_UNQUANTIFIED,ANCHORAGE_END_COVER,"[""END_ANCHORAGE_SHAPE_ONLY""]","[""Q-ANCHOR""]",,,,extent / count not established by the source or an accepted rule,PRE-S7.1 10_REMAINING_BLOCKERS.csv
S7B-0028,QI-00039,CMP-0164,BOTTOM_END_ANCHORAGE,SP-1F_ROOF_SLAB-04,1F_ROOF_SLAB,Y,SUP-1F_ROOF_SLAB-104,,10,URBAN_RATE_DENSITY,6,,,3000,BLOCKED_UNQUANTIFIED,ANCHORAGE_END_COVER,"[""END_ANCHORAGE_SHAPE_ONLY""]","[""Q-ANCHOR""]",,,,extent / count not established by the source or an accepted rule,PRE-S7.1 10_REMAINING_BLOCKERS.csv
S7B-0029,QI-00040,CMP-0164,BOTTOM_STOP_ZONE_UNRESOLVED,SP-1F_ROOF_SLAB-04,1F_ROOF_SLAB,Y,,,10,URBAN_RATE_DENSITY,6,,,50,BLOCKED_UNQUANTIFIED,CONTINUITY_UNRESOLVED,"[""STOP_ZONE_DEPENDS_ON_UNRESOLVED_CONTINUITY""]","[""Q-CONT""]",,,,extent / count not established by the source or an accepted rule,PRE-S7.1 10_REMAINING_BLOCKERS.csv
S7B-0030,QI-00041,CMP-0165,BOTTOM_TRANSITION,SP-1F_ROOF_SLAB-04,1F_ROOF_SLAB,Y,SUP-1F_ROOF_SLAB-131,,10,URBAN_RATE_DENSITY,6,,,2950,BLOCKED_UNQUANTIFIED,TRANSITION_LAP_SPLICE,"[""TRANSITION_ACROSS_SUPPORT_NOT_ESTABLISHED""]","[""Q-MISMATCH""]",,,,extent / count not established by the source or an accepted rule,PRE-S7.1 10_REMAINING_BLOCKERS.csv
S7B-0031,QI-00044,CMP-0169,BOTTOM_BEYOND_FACE_UNRESOLVED,SP-1F_ROOF_SLAB-05,1F_ROOF_SLAB,X,,,10,URBAN_RATE_DENSITY,7,,,100,BLOCKED_UNQUANTIFIED,CONTINUITY_UNRESOLVED,"[""BEYOND_FACE_DEPENDS_ON_UNRESOLVED_CONTINUITY""]","[""Q-CONT""]",,,,extent / count not established by the source or an accepted rule,PRE-S7.1 10_REMAINING_BLOCKERS.csv
S7B-0032,QI-00045,CMP-0169,BOTTOM_BEYOND_FACE_UNRESOLVED,SP-1F_ROOF_SLAB-05,1F_ROOF_SLAB,X,SUP-1F_ROOF_SLAB-166,,10,URBAN_RATE_DENSITY,7,,,800,BLOCKED_UNQUANTIFIED,CONTINUITY_UNRESOLVED,"[""BEYOND_FACE_DEPENDS_ON_UNRESOLVED_CONTINUITY""]","[""Q-CONT""]",,,,extent / count not established by the source or an accepted rule,PRE-S7.1 10_REMAINING_BLOCKERS.csv
S7B-0033,QI-00046,CMP-0169,BOTTOM_END_ANCHORAGE,SP-1F_ROOF_SLAB-05,1F_ROOF_SLAB,X,SUP-1F_ROOF_SLAB-021,,10,URBAN_RATE_DENSITY,7,,,4275,BLOCKED_UNQUANTIFIED,ANCHORAGE_END_COVER,"[""END_ANCHORAGE_SHAPE_ONLY""]","[""Q-ANCHOR""]",,,,extent / count not established by the source or an accepted rule,PRE-S7.1 10_REMAINING_BLOCKERS.csv
S7B-0034,QI-00047,CMP-0168,BOTTOM_END_ANCHORAGE,SP-1F_ROOF_SLAB-05,1F_ROOF_SLAB,X,SUP-1F_ROOF_SLAB-021,,10,URBAN_RATE_DENSITY,7,,,4275,BLOCKED_UNQUANTIFIED,ANCHORAGE_END_COVER,"[""END_ANCHORAGE_SHAPE_ONLY""]","[""Q-ANCHOR""]",,,,extent / count not established by the source or an accepted rule,PRE-S7.1 10_REMAINING_BLOCKERS.csv
S7B-0035,QI-00048,CMP-0168,BOTTOM_STOP_ZONE_UNRESOLVED,SP-1F_ROOF_SLAB-05,1F_ROOF_SLAB,X,,,10,URBAN_RATE_DENSITY,7,,,100,BLOCKED_UNQUANTIFIED,CONTINUITY_UNRESOLVED,"[""STOP_ZONE_DEPENDS_ON_UNRESOLVED_CONTINUITY""]","[""Q-CONT""]",,,,extent / count not established by the source or an accepted rule,PRE-S7.1 10_REMAINING_BLOCKERS.csv
S7B-0036,QI-00049,CMP-0168,BOTTOM_STOP_ZONE_UNRESOLVED,SP-1F_ROOF_SLAB-05,1F_ROOF_SLAB,X,SUP-1F_ROOF_SLAB-166,,10,URBAN_RATE_DENSITY,7,,,800,BLOCKED_UNQUANTIFIED,CONTINUITY_UNRESOLVED,"[""STOP_ZONE_DEPENDS_ON_UNRESOLVED_CONTINUITY""]","[""Q-CONT""]",,,,extent / count not established by the source or an accepted rule,PRE-S7.1 10_REMAINING_BLOCKERS.csv
S7B-0037,QI-00050,CMP-0169,BOTTOM_TRANSITION,SP-1F_ROOF_SLAB-05,1F_ROOF_SLAB,X,SUP-1F_ROOF_SLAB-095,,10,URBAN_RATE_DENSITY,7,,,3475,BLOCKED_UNQUANTIFIED,TRANSITION_LAP_SPLICE,"[""TRANSITION_ACROSS_SUPPORT_NOT_ESTABLISHED""]","[""Q-MISMATCH""]",,,,extent / count not established by the source or an accepted rule,PRE-S7.1 10_REMAINING_BLOCKERS.csv
S7B-0038,QI-00053,CMP-0171,BOTTOM_END_ANCHORAGE,SP-1F_ROOF_SLAB-05,1F_ROOF_SLAB,Y,SUP-1F_ROOF_SLAB-105,,10,URBAN_RATE_DENSITY,6,,,4100,BLOCKED_UNQUANTIFIED,ANCHORAGE_END_COVER,"[""END_ANCHORAGE_SHAPE_ONLY""]","[""Q-ANCHOR""]",,,,extent / count not established by the source or an accepted rule,PRE-S7.1 10_REMAINING_BLOCKERS.csv
S7B-0039,QI-00054,CMP-0170,BOTTOM_END_ANCHORAGE,SP-1F_ROOF_SLAB-05,1F_ROOF_SLAB,Y,SUP-1F_ROOF_SLAB-105,,10,URBAN_RATE_DENSITY,6,,,4100,BLOCKED_UNQUANTIFIED,ANCHORAGE_END_COVER,"[""END_ANCHORAGE_SHAPE_ONLY""]","[""Q-ANCHOR""]",,,,extent / count not established by the source or an accepted rule,PRE-S7.1 10_REMAINING_BLOCKERS.csv
S7B-0040,QI-00055,CMP-0171,BOTTOM_TRANSITION,SP-1F_ROOF_SLAB-05,1F_ROOF_SLAB,Y,SUP-1F_ROOF_SLAB-138,,10,URBAN_RATE_DENSITY,6,,,4100,BLOCKED_UNQUANTIFIED,TRANSITION_LAP_SPLICE,"[""TRANSITION_ACROSS_SUPPORT_NOT_ESTABLISHED""]","[""Q-MISMATCH""]",,,,extent / count not established by the source or an accepted rule,PRE-S7.1 10_REMAINING_BLOCKERS.csv
S7B-0041,QI-00058,CMP-0175,BOTTOM_BEYOND_FACE_UNRESOLVED,SP-1F_ROOF_SLAB-07,1F_ROOF_SLAB,X,SUP-1F_ROOF_SLAB-129,,10,URBAN_RATE_DENSITY,5,,,33,BLOCKED_UNQUANTIFIED,OBLIQUE_SUPPORT,"[""BEYOND_FACE_DEPENDS_ON_UNRESOLVED_CONTINUITY""]","[""Q-OBLIQUE""]",,,,extent / count not established by the source or an accepted rule,PRE-S7.1 10_REMAINING_BLOCKERS.csv
S7B-0042,QI-00059,CMP-0175,BOTTOM_END_ANCHORAGE,SP-1F_ROOF_SLAB-07,1F_ROOF_SLAB,X,SUP-1F_ROOF_SLAB-022,,10,URBAN_RATE_DENSITY,5,,,1010.5,BLOCKED_UNQUANTIFIED,ANCHORAGE_END_COVER,"[""END_ANCHORAGE_SHAPE_ONLY""]","[""Q-ANCHOR""]",,,,extent / count not established by the source or an accepted rule,PRE-S7.1 10_REMAINING_BLOCKERS.csv
S7B-0043,QI-00060,CMP-0174,BOTTOM_END_ANCHORAGE,SP-1F_ROOF_SLAB-07,1F_ROOF_SLAB,X,SUP-1F_ROOF_SLAB-022,,10,URBAN_RATE_DENSITY,5,,,1010.5,BLOCKED_UNQUANTIFIED,ANCHORAGE_END_COVER,"[""END_ANCHORAGE_SHAPE_ONLY""]","[""Q-ANCHOR""]",,,,extent / count not established by the source or an accepted rule,PRE-S7.1 10_REMAINING_BLOCKERS.csv
S7B-0044,QI-00061,CMP-0174,BOTTOM_STOP_ZONE_UNRESOLVED,SP-1F_ROOF_SLAB-07,1F_ROOF_SLAB,X,SUP-1F_ROOF_SLAB-129,,10,URBAN_RATE_DENSITY,5,,,33,BLOCKED_UNQUANTIFIED,OBLIQUE_SUPPORT,"[""STOP_ZONE_DEPENDS_ON_UNRESOLVED_CONTINUITY""]","[""Q-OBLIQUE""]",,,,extent / count not established by the source or an accepted rule,PRE-S7.1 10_REMAINING_BLOCKERS.csv
S7B-0045,QI-00064,CMP-0177,BOTTOM_BEYOND_FACE_UNRESOLVED,SP-1F_ROOF_SLAB-07,1F_ROOF_SLAB,Y,SUP-1F_ROOF_SLAB-135,,10,URBAN_RATE_DENSITY,5,,,4372.2,BLOCKED_UNQUANTIFIED,CONTINUITY_UNRESOLVED,"[""BEYOND_FACE_DEPENDS_ON_UNRESOLVED_CONTINUITY""]","[""Q-CONT""]",,,,extent / count not established by the source or an accepted rule,PRE-S7.1 10_REMAINING_BLOCKERS.csv
S7B-0046,QI-00065,CMP-0176,BOTTOM_STOP_ZONE_UNRESOLVED,SP-1F_ROOF_SLAB-07,1F_ROOF_SLAB,Y,SUP-1F_ROOF_SLAB-135,,10,URBAN_RATE_DENSITY,5,,,4372.2,BLOCKED_UNQUANTIFIED,CONTINUITY_UNRESOLVED,"[""STOP_ZONE_DEPENDS_ON_UNRESOLVED_CONTINUITY""]","[""Q-CONT""]",,,,extent / count not established by the source or an accepted rule,PRE-S7.1 10_REMAINING_BLOCKERS.csv
S7B-0047,QI-00066,CMP-0177,BOTTOM_TRANSITION,SP-1F_ROOF_SLAB-07,1F_ROOF_SLAB,Y,SUP-1F_ROOF_SLAB-138,,10,URBAN_RATE_DENSITY,5,,,4100,BLOCKED_UNQUANTIFIED,TRANSITION_LAP_SPLICE,"[""TRANSITION_ACROSS_SUPPORT_NOT_ESTABLISHED""]","[""Q-MISMATCH""]",,,,extent / count not established by the source or an accepted rule,PRE-S7.1 10_REMAINING_BLOCKERS.csv
S7B-0048,QI-00069,CMP-0181,BOTTOM_END_ANCHORAGE,SP-1F_ROOF_SLAB-08,1F_ROOF_SLAB,X,SUP-1F_ROOF_SLAB-040,,10,URBAN_RATE_DENSITY,5,,,785.5,BLOCKED_UNQUANTIFIED,ANCHORAGE_END_COVER,"[""END_ANCHORAGE_SHAPE_ONLY""]","[""Q-ANCHOR""]",,,,extent / count not established by the source or an accepted rule,PRE-S7.1 10_REMAINING_BLOCKERS.csv
S7B-0049,QI-00070,CMP-0180,BOTTOM_END_ANCHORAGE,SP-1F_ROOF_SLAB-08,1F_ROOF_SLAB,X,SUP-1F_ROOF_SLAB-040,,10,URBAN_RATE_DENSITY,5,,,785.5,BLOCKED_UNQUANTIFIED,ANCHORAGE_END_COVER,"[""END_ANCHORAGE_SHAPE_ONLY""]","[""Q-ANCHOR""]",,,,extent / count not established by the source or an accepted rule,PRE-S7.1 10_REMAINING_BLOCKERS.csv
S7B-0050,QI-00071,CMP-0182,FAMILY_BLOCKED,SP-1F_ROOF_SLAB-08,1F_ROOF_SLAB,Y,,,10,COUNT_UNRESOLVED,,,,,SOURCE_CONFLICT,SOURCE_CONFLICT_FAMILY,"[""COUNT_NOTATION_AMBIGUOUS_NO_PER_METRE""]","[""Q-ABSCOUNT""]",,C-04 COUNT_NOTATION_CONFLICT,,true source conflict,PRE-S7.1 10_REMAINING_BLOCKERS.csv
S7B-0051,QI-00074,CMP-0186,BOTTOM_BEYOND_FACE_UNRESOLVED,SP-1F_ROOF_SLAB-09,1F_ROOF_SLAB,X,SUP-1F_ROOF_SLAB-130,,10,URBAN_RATE_DENSITY,5,,,193.6,BLOCKED_UNQUANTIFIED,OBLIQUE_SUPPORT,"[""BEYOND_FACE_DEPENDS_ON_UNRESOLVED_CONTINUITY""]","[""Q-OBLIQUE""]",,,,extent / count not established by the source or an accepted rule,PRE-S7.1 10_REMAINING_BLOCKERS.csv
S7B-0052,QI-00075,CMP-0186,BOTTOM_END_ANCHORAGE,SP-1F_ROOF_SLAB-09,1F_ROOF_SLAB,X,SUP-1F_ROOF_SLAB-043,,10,URBAN_RATE_DENSITY,5,,,914.5,BLOCKED_UNQUANTIFIED,ANCHORAGE_END_COVER,"[""END_ANCHORAGE_SHAPE_ONLY""]","[""Q-ANCHOR""]",,,,extent / count not established by the source or an accepted rule,PRE-S7.1 10_REMAINING_BLOCKERS.csv
S7B-0053,QI-00076,CMP-0185,BOTTOM_END_ANCHORAGE,SP-1F_ROOF_SLAB-09,1F_ROOF_SLAB,X,SUP-1F_ROOF_SLAB-043,,10,URBAN_RATE_DENSITY,5,,,914.5,BLOCKED_UNQUANTIFIED,ANCHORAGE_END_COVER,"[""END_ANCHORAGE_SHAPE_ONLY""]","[""Q-ANCHOR""]",,,,extent / count not established by the source or an accepted rule,PRE-S7.1 10_REMAINING_BLOCKERS.csv
S7B-0054,QI-00077,CMP-0185,BOTTOM_STOP_ZONE_UNRESOLVED,SP-1F_ROOF_SLAB-09,1F_ROOF_SLAB,X,SUP-1F_ROOF_SLAB-130,,10,URBAN_RATE_DENSITY,5,,,193.6,BLOCKED_UNQUANTIFIED,OBLIQUE_SUPPORT,"[""STOP_ZONE_DEPENDS_ON_UNRESOLVED_CONTINUITY""]","[""Q-OBLIQUE""]",,,,extent / count not established by the source or an accepted rule,PRE-S7.1 10_REMAINING_BLOCKERS.csv
S7B-0055,QI-00082,CMP-0192,BOTTOM_END_ANCHORAGE,SP-1F_ROOF_SLAB-11,1F_ROOF_SLAB,X,SUP-1F_ROOF_SLAB-026,,10,URBAN_RATE_DENSITY,5,,,914.5,BLOCKED_UNQUANTIFIED,ANCHORAGE_END_COVER,"[""END_ANCHORAGE_SHAPE_ONLY""]","[""Q-ANCHOR""]",,,,extent / count not established by the source or an accepted rule,PRE-S7.1 10_REMAINING_BLOCKERS.csv
S7B-0056,QI-00083,CMP-0192,BOTTOM_END_ANCHORAGE,SP-1F_ROOF_SLAB-11,1F_ROOF_SLAB,X,SUP-1F_ROOF_SLAB-092,,10,URBAN_RATE_DENSITY,5,,,450,BLOCKED_UNQUANTIFIED,ANCHORAGE_END_COVER,"[""END_ANCHORAGE_SHAPE_ONLY""]","[""Q-ANCHOR""]",,,,extent / count not established by the source or an accepted rule,PRE-S7.1 10_REMAINING_BLOCKERS.csv
S7B-0057,QI-00084,CMP-0191,BOTTOM_END_ANCHORAGE,SP-1F_ROOF_SLAB-11,1F_ROOF_SLAB,X,SUP-1F_ROOF_SLAB-026,,10,URBAN_RATE_DENSITY,5,,,914.5,BLOCKED_UNQUANTIFIED,ANCHORAGE_END_COVER,"[""END_ANCHORAGE_SHAPE_ONLY""]","[""Q-ANCHOR""]",,,,extent / count not established by the source or an accepted rule,PRE-S7.1 10_REMAINING_BLOCKERS.csv
S7B-0058,QI-00085,CMP-0191,BOTTOM_END_ANCHORAGE,SP-1F_ROOF_SLAB-11,1F_ROOF_SLAB,X,SUP-1F_ROOF_SLAB-092,,10,URBAN_RATE_DENSITY,5,,,450,BLOCKED_UNQUANTIFIED,ANCHORAGE_END_COVER,"[""END_ANCHORAGE_SHAPE_ONLY""]","[""Q-ANCHOR""]",,,,extent / count not established by the source or an accepted rule,PRE-S7.1 10_REMAINING_BLOCKERS.csv
S7B-0059,QI-00088,CMP-0194,BOTTOM_BEYOND_FACE_UNRESOLVED,SP-1F_ROOF_SLAB-11,1F_ROOF_SLAB,Y,,,10,URBAN_RATE_DENSITY,6,,,200,BLOCKED_UNQUANTIFIED,CONTINUITY_UNRESOLVED,"[""BEYOND_FACE_DEPENDS_ON_UNRESOLVED_CONTINUITY""]","[""Q-CONT""]",,,,extent / count not established by the source or an accepted rule,PRE-S7.1 10_REMAINING_BLOCKERS.csv
S7B-0060,QI-00089,CMP-0194,BOTTOM_BEYOND_FACE_UNRESOLVED,SP-1F_ROOF_SLAB-11,1F_ROOF_SLAB,Y,SUP-1F_ROOF_SLAB-063,,10,URBAN_RATE_DENSITY,6,,,2400,BLOCKED_UNQUANTIFIED,CONTINUITY_UNRESOLVED,"[""BEYOND_FACE_DEPENDS_ON_UNRESOLVED_CONTINUITY""]","[""Q-CONT""]",,,,extent / count not established by the source or an accepted rule,PRE-S7.1 10_REMAINING_BLOCKERS.csv
S7B-0061,QI-00090,CMP-0194,BOTTOM_END_ANCHORAGE,SP-1F_ROOF_SLAB-11,1F_ROOF_SLAB,Y,SUP-1F_ROOF_SLAB-122,,10,URBAN_RATE_DENSITY,6,,,1700,BLOCKED_UNQUANTIFIED,ANCHORAGE_END_COVER,"[""END_ANCHORAGE_SHAPE_ONLY""]","[""Q-ANCHOR""]",,,,extent / count not established by the source or an accepted rule,PRE-S7.1 10_REMAINING_BLOCKERS.csv
S7B-0062,QI-00091,CMP-0193,BOTTOM_END_ANCHORAGE,SP-1F_ROOF_SLAB-11,1F_ROOF_SLAB,Y,SUP-1F_ROOF_SLAB-122,,10,URBAN_RATE_DENSITY,6,,,1700,BLOCKED_UNQUANTIFIED,ANCHORAGE_END_COVER,"[""END_ANCHORAGE_SHAPE_ONLY""]","[""Q-ANCHOR""]",,,,extent / count not established by the source or an accepted rule,PRE-S7.1 10_REMAINING_BLOCKERS.csv
S7B-0063,QI-00092,CMP-0193,BOTTOM_STOP_ZONE_UNRESOLVED,SP-1F_ROOF_SLAB-11,1F_ROOF_SLAB,Y,,,10,URBAN_RATE_DENSITY,6,,,200,BLOCKED_UNQUANTIFIED,CONTINUITY_UNRESOLVED,"[""STOP_ZONE_DEPENDS_ON_UNRESOLVED_CONTINUITY""]","[""Q-CONT""]",,,,extent / count not established by the source or an accepted rule,PRE-S7.1 10_REMAINING_BLOCKERS.csv
S7B-0064,QI-00093,CMP-0193,BOTTOM_STOP_ZONE_UNRESOLVED,SP-1F_ROOF_SLAB-11,1F_ROOF_SLAB,Y,SUP-1F_ROOF_SLAB-063,,10,URBAN_RATE_DENSITY,6,,,2400,BLOCKED_UNQUANTIFIED,CONTINUITY_UNRESOLVED,"[""STOP_ZONE_DEPENDS_ON_UNRESOLVED_CONTINUITY""]","[""Q-CONT""]",,,,extent / count not established by the source or an accepted rule,PRE-S7.1 10_REMAINING_BLOCKERS.csv
S7B-0065,QI-00094,CMP-0194,BOTTOM_TRANSITION,SP-1F_ROOF_SLAB-11,1F_ROOF_SLAB,Y,SUP-1F_ROOF_SLAB-118,,10,URBAN_RATE_DENSITY,6,,,4300,BLOCKED_UNQUANTIFIED,TRANSITION_LAP_SPLICE,"[""TRANSITION_ACROSS_SUPPORT_NOT_ESTABLISHED""]","[""Q-MISMATCH""]",,,,extent / count not established by the source or an accepted rule,PRE-S7.1 10_REMAINING_BLOCKERS.csv
S7B-0066,QI-00097,CMP-0198,BOTTOM_BEYOND_FACE_UNRESOLVED,SP-1F_ROOF_SLAB-12,1F_ROOF_SLAB,X,SUP-1F_ROOF_SLAB-131,,10,URBAN_RATE_DENSITY,5,,,357.5,BLOCKED_UNQUANTIFIED,OBLIQUE_SUPPORT,"[""BEYOND_FACE_DEPENDS_ON_UNRESOLVED_CONTINUITY""]","[""Q-OBLIQUE""]",,,,extent / count not established by the source or an accepted rule,PRE-S7.1 10_REMAINING_BLOCKERS.csv
S7B-0067,QI-00098,CMP-0197,BOTTOM_STOP_ZONE_UNRESOLVED,SP-1F_ROOF_SLAB-12,1F_ROOF_SLAB,X,SUP-1F_ROOF_SLAB-131,,10,URBAN_RATE_DENSITY,5,,,357.5,BLOCKED_UNQUANTIFIED,OBLIQUE_SUPPORT,"[""STOP_ZONE_DEPENDS_ON_UNRESOLVED_CONTINUITY""]","[""Q-OBLIQUE""]",,,,extent / count not established by the source or an accepted rule,PRE-S7.1 10_REMAINING_BLOCKERS.csv
S7B-0068,QI-00101,CMP-0200,BOTTOM_TRANSITION,SP-1F_ROOF_SLAB-12,1F_ROOF_SLAB,Y,SUP-1F_ROOF_SLAB-131,,10,URBAN_RATE_DENSITY,5,,,2950,BLOCKED_UNQUANTIFIED,TRANSITION_LAP_SPLICE,"[""TRANSITION_ACROSS_SUPPORT_NOT_ESTABLISHED""]","[""Q-MISMATCH""]",,,,extent / count not established by the source or an accepted rule,PRE-S7.1 10_REMAINING_BLOCKERS.csv
S7B-0069,QI-00104,CMP-0204,BOTTOM_BEYOND_FACE_UNRESOLVED,SP-1F_ROOF_SLAB-21,1F_ROOF_SLAB,X,SUP-1F_ROOF_SLAB-030,,10,URBAN_RATE_DENSITY,8,,,3807.7,BLOCKED_UNQUANTIFIED,CONTINUITY_UNRESOLVED,"[""BEYOND_FACE_DEPENDS_ON_UNRESOLVED_CONTINUITY""]","[""Q-CONT""]",,,,extent / count not established by the source or an accepted rule,PRE-S7.1 10_REMAINING_BLOCKERS.csv
S7B-0070,QI-00105,CMP-0203,BOTTOM_STOP_ZONE_UNRESOLVED,SP-1F_ROOF_SLAB-21,1F_ROOF_SLAB,X,SUP-1F_ROOF_SLAB-030,,10,URBAN_RATE_DENSITY,8,,,3807.7,BLOCKED_UNQUANTIFIED,CONTINUITY_UNRESOLVED,"[""STOP_ZONE_DEPENDS_ON_UNRESOLVED_CONTINUITY""]","[""Q-CONT""]",,,,extent / count not established by the source or an accepted rule,PRE-S7.1 10_REMAINING_BLOCKERS.csv
S7B-0071,QI-00106,CMP-0204,BOTTOM_TRANSITION,SP-1F_ROOF_SLAB-21,1F_ROOF_SLAB,X,SUP-1F_ROOF_SLAB-031,,10,URBAN_RATE_DENSITY,8,,,1042.3,BLOCKED_UNQUANTIFIED,TRANSITION_LAP_SPLICE,"[""TRANSITION_ACROSS_SUPPORT_NOT_ESTABLISHED""]","[""Q-MISMATCH""]",,,,extent / count not established by the source or an accepted rule,PRE-S7.1 10_REMAINING_BLOCKERS.csv
S7B-0072,QI-00107,CMP-0204,BOTTOM_TRANSITION,SP-1F_ROOF_SLAB-21,1F_ROOF_SLAB,X,SUP-1F_ROOF_SLAB-058,,10,URBAN_RATE_DENSITY,8,,,4850,BLOCKED_UNQUANTIFIED,TRANSITION_LAP_SPLICE,"[""TRANSITION_ACROSS_SUPPORT_NOT_ESTABLISHED""]","[""Q-MISMATCH""]",,,,extent / count not established by the source or an accepted rule,PRE-S7.1 10_REMAINING_BLOCKERS.csv
S7B-0073,QI-00110,CMP-0206,BOTTOM_END_ANCHORAGE,SP-1F_ROOF_SLAB-21,1F_ROOF_SLAB,Y,SUP-1F_ROOF_SLAB-113,,10,URBAN_RATE_DENSITY,7,,,4300,BLOCKED_UNQUANTIFIED,ANCHORAGE_END_COVER,"[""END_ANCHORAGE_SHAPE_ONLY""]","[""Q-ANCHOR""]",,,,extent / count not established by the source or an accepted rule,PRE-S7.1 10_REMAINING_BLOCKERS.csv
S7B-0074,QI-00111,CMP-0205,BOTTOM_END_ANCHORAGE,SP-1F_ROOF_SLAB-21,1F_ROOF_SLAB,Y,SUP-1F_ROOF_SLAB-113,,10,URBAN_RATE_DENSITY,7,,,4300,BLOCKED_UNQUANTIFIED,ANCHORAGE_END_COVER,"[""END_ANCHORAGE_SHAPE_ONLY""]","[""Q-ANCHOR""]",,,,extent / count not established by the source or an accepted rule,PRE-S7.1 10_REMAINING_BLOCKERS.csv
S7B-0075,QI-00112,CMP-0206,BOTTOM_TRANSITION,SP-1F_ROOF_SLAB-21,1F_ROOF_SLAB,Y,SUP-1F_ROOF_SLAB-118,,10,URBAN_RATE_DENSITY,7,,,4300,BLOCKED_UNQUANTIFIED,TRANSITION_LAP_SPLICE,"[""TRANSITION_ACROSS_SUPPORT_NOT_ESTABLISHED""]","[""Q-MISMATCH""]",,,,extent / count not established by the source or an accepted rule,PRE-S7.1 10_REMAINING_BLOCKERS.csv
S7B-0076,QI-00115,CMP-0214,BOTTOM_TRANSITION,SP-1F_ROOF_SLAB-22,1F_ROOF_SLAB,X,SUP-1F_ROOF_SLAB-058,,10,URBAN_RATE_DENSITY,6,,,4850,BLOCKED_UNQUANTIFIED,TRANSITION_LAP_SPLICE,"[""TRANSITION_ACROSS_SUPPORT_NOT_ESTABLISHED""]","[""Q-MISMATCH""]",,,,extent / count not established by the source or an accepted rule,PRE-S7.1 10_REMAINING_BLOCKERS.csv
S7B-0077,QI-00118,CMP-0216,BOTTOM_END_ANCHORAGE,SP-1F_ROOF_SLAB-22,1F_ROOF_SLAB,Y,SUP-1F_ROOF_SLAB-114,,10,URBAN_RATE_DENSITY,5,,,2273.9,BLOCKED_UNQUANTIFIED,ANCHORAGE_END_COVER,"[""END_ANCHORAGE_SHAPE_ONLY""]","[""Q-ANCHOR""]",,,,extent / count not established by the source or an accepted rule,PRE-S7.1 10_REMAINING_BLOCKERS.csv
S7B-0078,QI-00119,CMP-0215,BOTTOM_END_ANCHORAGE,SP-1F_ROOF_SLAB-22,1F_ROOF_SLAB,Y,SUP-1F_ROOF_SLAB-114,,10,URBAN_RATE_DENSITY,5,,,2273.9,BLOCKED_UNQUANTIFIED,ANCHORAGE_END_COVER,"[""END_ANCHORAGE_SHAPE_ONLY""]","[""Q-ANCHOR""]",,,,extent / count not established by the source or an accepted rule,PRE-S7.1 10_REMAINING_BLOCKERS.csv
S7B-0079,QI-00122,CMP-0220,BOTTOM_BEYOND_FACE_UNRESOLVED,SP-1F_ROOF_SLAB-23,1F_ROOF_SLAB,X,SUP-1F_ROOF_SLAB-045,,10,URBAN_RATE_DENSITY,6,,,3807.7,BLOCKED_UNQUANTIFIED,CONTINUITY_UNRESOLVED,"[""BEYOND_FACE_DEPENDS_ON_UNRESOLVED_CONTINUITY""]","[""Q-CONT""]",,,,extent / count not established by the source or an accepted rule,PRE-S7.1 10_REMAINING_BLOCKERS.csv
S7B-0080,QI-00123,CMP-0219,BOTTOM_STOP_ZONE_UNRESOLVED,SP-1F_ROOF_SLAB-23,1F_ROOF_SLAB,X,SUP-1F_ROOF_SLAB-045,,10,URBAN_RATE_DENSITY,6,,,3807.7,BLOCKED_UNQUANTIFIED,CONTINUITY_UNRESOLVED,"[""STOP_ZONE_DEPENDS_ON_UNRESOLVED_CONTINUITY""]","[""Q-CONT""]",,,,extent / count not established by the source or an accepted rule,PRE-S7.1 10_REMAINING_BLOCKERS.csv
S7B-0081,QI-00124,CMP-0220,BOTTOM_TRANSITION,SP-1F_ROOF_SLAB-23,1F_ROOF_SLAB,X,SUP-1F_ROOF_SLAB-046,,10,URBAN_RATE_DENSITY,6,,,1042.3,BLOCKED_UNQUANTIFIED,TRANSITION_LAP_SPLICE,"[""TRANSITION_ACROSS_SUPPORT_NOT_ESTABLISHED""]","[""Q-MISMATCH""]",,,,extent / count not established by the source or an accepted rule,PRE-S7.1 10_REMAINING_BLOCKERS.csv
S7B-0082,QI-00127,CMP-0222,BOTTOM_END_ANCHORAGE,SP-1F_ROOF_SLAB-23,1F_ROOF_SLAB,Y,SUP-1F_ROOF_SLAB-115,,10,URBAN_RATE_DENSITY,5,,,2273.9,BLOCKED_UNQUANTIFIED,ANCHORAGE_END_COVER,"[""END_ANCHORAGE_SHAPE_ONLY""]","[""Q-ANCHOR""]",,,,extent / count not established by the source or an accepted rule,PRE-S7.1 10_REMAINING_BLOCKERS.csv
S7B-0083,QI-00128,CMP-0221,BOTTOM_END_ANCHORAGE,SP-1F_ROOF_SLAB-23,1F_ROOF_SLAB,Y,SUP-1F_ROOF_SLAB-115,,10,URBAN_RATE_DENSITY,5,,,2273.9,BLOCKED_UNQUANTIFIED,ANCHORAGE_END_COVER,"[""END_ANCHORAGE_SHAPE_ONLY""]","[""Q-ANCHOR""]",,,,extent / count not established by the source or an accepted rule,PRE-S7.1 10_REMAINING_BLOCKERS.csv
S7B-0084,QI-00131,CMP-0226,BOTTOM_END_ANCHORAGE,SP-1F_ROOF_SLAB-24,1F_ROOF_SLAB,X,SUP-1F_ROOF_SLAB-007,,10,URBAN_RATE_DENSITY,5,,,1042.3,BLOCKED_UNQUANTIFIED,ANCHORAGE_END_COVER,"[""END_ANCHORAGE_SHAPE_ONLY""]","[""Q-ANCHOR""]",,,,extent / count not established by the source or an accepted rule,PRE-S7.1 10_REMAINING_BLOCKERS.csv
S7B-0085,QI-00132,CMP-0225,BOTTOM_END_ANCHORAGE,SP-1F_ROOF_SLAB-24,1F_ROOF_SLAB,X,SUP-1F_ROOF_SLAB-007,,10,URBAN_RATE_DENSITY,5,,,1042.3,BLOCKED_UNQUANTIFIED,ANCHORAGE_END_COVER,"[""END_ANCHORAGE_SHAPE_ONLY""]","[""Q-ANCHOR""]",,,,extent / count not established by the source or an accepted rule,PRE-S7.1 10_REMAINING_BLOCKERS.csv
S7B-0086,QI-00133,CMP-0226,BOTTOM_TRANSITION,SP-1F_ROOF_SLAB-24,1F_ROOF_SLAB,X,SUP-1F_ROOF_SLAB-046,,10,URBAN_RATE_DENSITY,5,,,1042.3,BLOCKED_UNQUANTIFIED,TRANSITION_LAP_SPLICE,"[""TRANSITION_ACROSS_SUPPORT_NOT_ESTABLISHED""]","[""Q-MISMATCH""]",,,,extent / count not established by the source or an accepted rule,PRE-S7.1 10_REMAINING_BLOCKERS.csv
S7B-0087,QI-00136,CMP-0227,BOTTOM_BEYOND_FACE_UNRESOLVED,SP-1F_ROOF_SLAB-24,1F_ROOF_SLAB,Y,SUP-1F_ROOF_SLAB-132,,10,URBAN_RATE_DENSITY,5,,,4372.2,BLOCKED_UNQUANTIFIED,CONTINUITY_UNRESOLVED,"[""BEYOND_FACE_DEPENDS_ON_UNRESOLVED_CONTINUITY""]","[""Q-CONT""]",,,,extent / count not established by the source or an accepted rule,PRE-S7.1 10_REMAINING_BLOCKERS.csv
S7B-0088,QI-00137,CMP-0227,BOTTOM_END_ANCHORAGE,SP-1F_ROOF_SLAB-24,1F_ROOF_SLAB,Y,SUP-1F_ROOF_SLAB-116,,10,URBAN_RATE_DENSITY,5,,,4372.2,BLOCKED_UNQUANTIFIED,ANCHORAGE_END_COVER,"[""END_ANCHORAGE_SHAPE_ONLY""]","[""Q-ANCHOR""]",,,,extent / count not established by the source or an accepted rule,PRE-S7.1 10_REMAINING_BLOCKERS.csv
S7B-0089,QI-00138,CMP-0227,BOTTOM_STOP_ZONE_UNRESOLVED,SP-1F_ROOF_SLAB-24,1F_ROOF_SLAB,Y,SUP-1F_ROOF_SLAB-132,,10,URBAN_RATE_DENSITY,5,,,4372.2,BLOCKED_UNQUANTIFIED,CONTINUITY_UNRESOLVED,"[""STOP_ZONE_DEPENDS_ON_UNRESOLVED_CONTINUITY""]","[""Q-CONT""]",,,,extent / count not established by the source or an accepted rule,PRE-S7.1 10_REMAINING_BLOCKERS.csv
S7B-0090,QI-00141,CMP-0231,BOTTOM_END_ANCHORAGE,SP-1F_ROOF_SLAB-25,1F_ROOF_SLAB,X,SUP-1F_ROOF_SLAB-041,,10,URBAN_RATE_DENSITY,5,,,1142.3,BLOCKED_UNQUANTIFIED,ANCHORAGE_END_COVER,"[""END_ANCHORAGE_SHAPE_ONLY""]","[""Q-ANCHOR""]",,,,extent / count not established by the source or an accepted rule,PRE-S7.1 10_REMAINING_BLOCKERS.csv
S7B-0091,QI-00142,CMP-0230,BOTTOM_END_ANCHORAGE,SP-1F_ROOF_SLAB-25,1F_ROOF_SLAB,X,SUP-1F_ROOF_SLAB-041,,10,URBAN_RATE_DENSITY,5,,,1142.3,BLOCKED_UNQUANTIFIED,ANCHORAGE_END_COVER,"[""END_ANCHORAGE_SHAPE_ONLY""]","[""Q-ANCHOR""]",,,,extent / count not established by the source or an accepted rule,PRE-S7.1 10_REMAINING_BLOCKERS.csv
S7B-0092,QI-00143,CMP-0231,BOTTOM_TRANSITION,SP-1F_ROOF_SLAB-25,1F_ROOF_SLAB,X,SUP-1F_ROOF_SLAB-031,,10,URBAN_RATE_DENSITY,5,,,1142.3,BLOCKED_UNQUANTIFIED,TRANSITION_LAP_SPLICE,"[""TRANSITION_ACROSS_SUPPORT_NOT_ESTABLISHED""]","[""Q-MISMATCH""]",,,,extent / count not established by the source or an accepted rule,PRE-S7.1 10_REMAINING_BLOCKERS.csv
S7B-0093,QI-00146,CMP-0232,BOTTOM_BEYOND_FACE_UNRESOLVED,SP-1F_ROOF_SLAB-25,1F_ROOF_SLAB,Y,SUP-1F_ROOF_SLAB-074,,10,URBAN_RATE_DENSITY,5,,,4100,BLOCKED_UNQUANTIFIED,CONTINUITY_UNRESOLVED,"[""BEYOND_FACE_DEPENDS_ON_UNRESOLVED_CONTINUITY""]","[""Q-CONT""]",,,,extent / count not established by the source or an accepted rule,PRE-S7.1 10_REMAINING_BLOCKERS.csv
S7B-0094,QI-00147,CMP-0232,BOTTOM_END_ANCHORAGE,SP-1F_ROOF_SLAB-25,1F_ROOF_SLAB,Y,SUP-1F_ROOF_SLAB-072,,10,URBAN_RATE_DENSITY,5,,,4100,BLOCKED_UNQUANTIFIED,ANCHORAGE_END_COVER,"[""END_ANCHORAGE_SHAPE_ONLY""]","[""Q-ANCHOR""]",,,,extent / count not established by the source or an accepted rule,PRE-S7.1 10_REMAINING_BLOCKERS.csv
S7B-0095,QI-00148,CMP-0232,BOTTOM_STOP_ZONE_UNRESOLVED,SP-1F_ROOF_SLAB-25,1F_ROOF_SLAB,Y,SUP-1F_ROOF_SLAB-074,,10,URBAN_RATE_DENSITY,5,,,4100,BLOCKED_UNQUANTIFIED,CONTINUITY_UNRESOLVED,"[""STOP_ZONE_DEPENDS_ON_UNRESOLVED_CONTINUITY""]","[""Q-CONT""]",,,,extent / count not established by the source or an accepted rule,PRE-S7.1 10_REMAINING_BLOCKERS.csv
S7B-0096,QI-00149,CMP-0235,TRANSFERRED_FAMILY,SP-2F_ROOF_SLAB-01,2F_ROOF_SLAB,X,,,14,,,,,,EXCLUDED_SPECIAL_STRUCTURE,S8_SPECIAL_STRUCTURE,[],[],WATER_TANK_SUPPORT_REGION,,,ownership transferred to S8,PRE-S7.1 TRANSFERRED_S8 item
S7B-0097,QI-00150,CMP-0236,TRANSFERRED_FAMILY,SP-2F_ROOF_SLAB-01,2F_ROOF_SLAB,X,,,14,,,,,,EXCLUDED_SPECIAL_STRUCTURE,S8_SPECIAL_STRUCTURE,[],[],WATER_TANK_SUPPORT_REGION,,,ownership transferred to S8,PRE-S7.1 TRANSFERRED_S8 item
S7B-0098,QI-00151,CMP-0237,TRANSFERRED_FAMILY,SP-2F_ROOF_SLAB-01,2F_ROOF_SLAB,Y,,,14,,,,,,EXCLUDED_SPECIAL_STRUCTURE,S8_SPECIAL_STRUCTURE,[],[],WATER_TANK_SUPPORT_REGION,,,ownership transferred to S8,PRE-S7.1 TRANSFERRED_S8 item
S7B-0099,QI-00152,CMP-0238,TRANSFERRED_FAMILY,SP-2F_ROOF_SLAB-01,2F_ROOF_SLAB,Y,,,14,,,,,,EXCLUDED_SPECIAL_STRUCTURE,S8_SPECIAL_STRUCTURE,[],[],WATER_TANK_SUPPORT_REGION,,,ownership transferred to S8,PRE-S7.1 TRANSFERRED_S8 item
S7B-0100,QI-00153,CMP-0241,TRANSFERRED_FAMILY,SP-2F_ROOF_SLAB-02,2F_ROOF_SLAB,X,,,12,,,,,,EXCLUDED_SPECIAL_STRUCTURE,S8_SPECIAL_STRUCTURE,[],[],WATER_TANK_SUPPORT_REGION,,,ownership transferred to S8,PRE-S7.1 TRANSFERRED_S8 item
S7B-0101,QI-00154,CMP-0242,TRANSFERRED_FAMILY,SP-2F_ROOF_SLAB-02,2F_ROOF_SLAB,X,,,12,,,,,,EXCLUDED_SPECIAL_STRUCTURE,S8_SPECIAL_STRUCTURE,[],[],WATER_TANK_SUPPORT_REGION,,,ownership transferred to S8,PRE-S7.1 TRANSFERRED_S8 item
S7B-0102,QI-00155,CMP-0243,TRANSFERRED_FAMILY,SP-2F_ROOF_SLAB-02,2F_ROOF_SLAB,Y,,,12,,,,,,EXCLUDED_SPECIAL_STRUCTURE,S8_SPECIAL_STRUCTURE,[],[],WATER_TANK_SUPPORT_REGION,,,ownership transferred to S8,PRE-S7.1 TRANSFERRED_S8 item
S7B-0103,QI-00156,CMP-0244,TRANSFERRED_FAMILY,SP-2F_ROOF_SLAB-02,2F_ROOF_SLAB,Y,,,12,,,,,,EXCLUDED_SPECIAL_STRUCTURE,S8_SPECIAL_STRUCTURE,[],[],WATER_TANK_SUPPORT_REGION,,,ownership transferred to S8,PRE-S7.1 TRANSFERRED_S8 item
S7B-0104,QI-00159,CMP-0248,BOTTOM_BEYOND_FACE_UNRESOLVED,SP-2F_ROOF_SLAB-03,2F_ROOF_SLAB,X,SUP-2F_ROOF_SLAB-014,,10,URBAN_RATE_DENSITY,5,,,100,BLOCKED_UNQUANTIFIED,CONTINUITY_UNRESOLVED,"[""BEYOND_FACE_DEPENDS_ON_UNRESOLVED_CONTINUITY""]","[""Q-CONT""]",,,,extent / count not established by the source or an accepted rule,PRE-S7.1 10_REMAINING_BLOCKERS.csv
S7B-0105,QI-00160,CMP-0248,BOTTOM_END_ANCHORAGE,SP-2F_ROOF_SLAB-03,2F_ROOF_SLAB,X,SUP-2F_ROOF_SLAB-014,,10,URBAN_RATE_DENSITY,5,,,200,BLOCKED_UNQUANTIFIED,ANCHORAGE_END_COVER,"[""END_ANCHORAGE_SHAPE_ONLY""]","[""Q-ANCHOR""]",,,,extent / count not established by the source or an accepted rule,PRE-S7.1 10_REMAINING_BLOCKERS.csv
S7B-0106,QI-00161,CMP-0247,BOTTOM_END_ANCHORAGE,SP-2F_ROOF_SLAB-03,2F_ROOF_SLAB,X,SUP-2F_ROOF_SLAB-014,,10,URBAN_RATE_DENSITY,5,,,200,BLOCKED_UNQUANTIFIED,ANCHORAGE_END_COVER,"[""END_ANCHORAGE_SHAPE_ONLY""]","[""Q-ANCHOR""]",,,,extent / count not established by the source or an accepted rule,PRE-S7.1 10_REMAINING_BLOCKERS.csv
S7B-0107,QI-00162,CMP-0247,BOTTOM_STOP_ZONE_UNRESOLVED,SP-2F_ROOF_SLAB-03,2F_ROOF_SLAB,X,SUP-2F_ROOF_SLAB-014,,10,URBAN_RATE_DENSITY,5,,,100,BLOCKED_UNQUANTIFIED,CONTINUITY_UNRESOLVED,"[""STOP_ZONE_DEPENDS_ON_UNRESOLVED_CONTINUITY""]","[""Q-CONT""]",,,,extent / count not established by the source or an accepted rule,PRE-S7.1 10_REMAINING_BLOCKERS.csv
S7B-0108,QI-00163,CMP-0248,BOTTOM_TRANSITION,SP-2F_ROOF_SLAB-03,2F_ROOF_SLAB,X,SUP-2F_ROOF_SLAB-009,,10,URBAN_RATE_DENSITY,5,,,1800,BLOCKED_UNQUANTIFIED,TRANSITION_LAP_SPLICE,"[""TRANSITION_ACROSS_SUPPORT_NOT_ESTABLISHED""]","[""Q-MISMATCH""]",,,,extent / count not established by the source or an accepted rule,PRE-S7.1 10_REMAINING_BLOCKERS.csv
S7B-0109,QI-00164,CMP-0248,BOTTOM_TRANSITION,SP-2F_ROOF_SLAB-03,2F_ROOF_SLAB,X,SUP-2F_ROOF_SLAB-024,,10,URBAN_RATE_DENSITY,5,,,1500,BLOCKED_UNQUANTIFIED,TRANSITION_LAP_SPLICE,"[""TRANSITION_ACROSS_SUPPORT_NOT_ESTABLISHED""]","[""Q-MISMATCH""]",,,,extent / count not established by the source or an accepted rule,PRE-S7.1 10_REMAINING_BLOCKERS.csv
S7B-0110,QI-00167,CMP-0250,BOTTOM_BEYOND_FACE_UNRESOLVED,SP-2F_ROOF_SLAB-03,2F_ROOF_SLAB,Y,SUP-2F_ROOF_SLAB-073,,10,URBAN_RATE_DENSITY,5,,,1800,BLOCKED_UNQUANTIFIED,CONTINUITY_UNRESOLVED,"[""BEYOND_FACE_DEPENDS_ON_UNRESOLVED_CONTINUITY""]","[""Q-CONT""]",,,,extent / count not established by the source or an accepted rule,PRE-S7.1 10_REMAINING_BLOCKERS.csv
S7B-0111,QI-00168,CMP-0249,BOTTOM_STOP_ZONE_UNRESOLVED,SP-2F_ROOF_SLAB-03,2F_ROOF_SLAB,Y,SUP-2F_ROOF_SLAB-073,,10,URBAN_RATE_DENSITY,5,,,1800,BLOCKED_UNQUANTIFIED,CONTINUITY_UNRESOLVED,"[""STOP_ZONE_DEPENDS_ON_UNRESOLVED_CONTINUITY""]","[""Q-CONT""]",,,,extent / count not established by the source or an accepted rule,PRE-S7.1 10_REMAINING_BLOCKERS.csv
S7B-0112,QI-00171,CMP-0254,BOTTOM_BEYOND_FACE_UNRESOLVED,SP-2F_ROOF_SLAB-04,2F_ROOF_SLAB,X,,,10,URBAN_RATE_DENSITY,7,,,181.7,BLOCKED_UNQUANTIFIED,CONTINUITY_UNRESOLVED,"[""BEYOND_FACE_DEPENDS_ON_UNRESOLVED_CONTINUITY""]","[""Q-CONT""]",,,,extent / count not established by the source or an accepted rule,PRE-S7.1 10_REMAINING_BLOCKERS.csv
S7B-0113,QI-00172,CMP-0254,BOTTOM_BEYOND_FACE_UNRESOLVED,SP-2F_ROOF_SLAB-04,2F_ROOF_SLAB,X,SUP-2F_ROOF_SLAB-008,,10,URBAN_RATE_DENSITY,7,,,3000,BLOCKED_UNQUANTIFIED,CONTINUITY_UNRESOLVED,"[""BEYOND_FACE_DEPENDS_ON_UNRESOLVED_CONTINUITY""]","[""Q-CONT""]",,,,extent / count not established by the source or an accepted rule,PRE-S7.1 10_REMAINING_BLOCKERS.csv
S7B-0114,QI-00173,CMP-0254,BOTTOM_END_ANCHORAGE,SP-2F_ROOF_SLAB-04,2F_ROOF_SLAB,X,SUP-2F_ROOF_SLAB-001,,10,URBAN_RATE_DENSITY,7,,,4818.3,BLOCKED_UNQUANTIFIED,ANCHORAGE_END_COVER,"[""END_ANCHORAGE_SHAPE_ONLY""]","[""Q-ANCHOR""]",,,,extent / count not established by the source or an accepted rule,PRE-S7.1 10_REMAINING_BLOCKERS.csv
S7B-0115,QI-00174,CMP-0253,BOTTOM_END_ANCHORAGE,SP-2F_ROOF_SLAB-04,2F_ROOF_SLAB,X,SUP-2F_ROOF_SLAB-001,,10,URBAN_RATE_DENSITY,7,,,4818.3,BLOCKED_UNQUANTIFIED,ANCHORAGE_END_COVER,"[""END_ANCHORAGE_SHAPE_ONLY""]","[""Q-ANCHOR""]",,,,extent / count not established by the source or an accepted rule,PRE-S7.1 10_REMAINING_BLOCKERS.csv
S7B-0116,QI-00175,CMP-0253,BOTTOM_STOP_ZONE_UNRESOLVED,SP-2F_ROOF_SLAB-04,2F_ROOF_SLAB,X,,,10,URBAN_RATE_DENSITY,7,,,181.7,BLOCKED_UNQUANTIFIED,CONTINUITY_UNRESOLVED,"[""STOP_ZONE_DEPENDS_ON_UNRESOLVED_CONTINUITY""]","[""Q-CONT""]",,,,extent / count not established by the source or an accepted rule,PRE-S7.1 10_REMAINING_BLOCKERS.csv
S7B-0117,QI-00176,CMP-0253,BOTTOM_STOP_ZONE_UNRESOLVED,SP-2F_ROOF_SLAB-04,2F_ROOF_SLAB,X,SUP-2F_ROOF_SLAB-008,,10,URBAN_RATE_DENSITY,7,,,3000,BLOCKED_UNQUANTIFIED,CONTINUITY_UNRESOLVED,"[""STOP_ZONE_DEPENDS_ON_UNRESOLVED_CONTINUITY""]","[""Q-CONT""]",,,,extent / count not established by the source or an accepted rule,PRE-S7.1 10_REMAINING_BLOCKERS.csv
S7B-0118,QI-00177,CMP-0254,BOTTOM_TRANSITION,SP-2F_ROOF_SLAB-04,2F_ROOF_SLAB,X,SUP-2F_ROOF_SLAB-009,,10,URBAN_RATE_DENSITY,7,,,2000,BLOCKED_UNQUANTIFIED,TRANSITION_LAP_SPLICE,"[""TRANSITION_ACROSS_SUPPORT_NOT_ESTABLISHED""]","[""Q-MISMATCH""]",,,,extent / count not established by the source or an accepted rule,PRE-S7.1 10_REMAINING_BLOCKERS.csv
S7B-0119,QI-00180,CMP-0256,BOTTOM_END_ANCHORAGE,SP-2F_ROOF_SLAB-04,2F_ROOF_SLAB,Y,SUP-2F_ROOF_SLAB-056,,10,URBAN_RATE_DENSITY,6,,,3000,BLOCKED_UNQUANTIFIED,ANCHORAGE_END_COVER,"[""END_ANCHORAGE_SHAPE_ONLY""]","[""Q-ANCHOR""]",,,,extent / count not established by the source or an accepted rule,PRE-S7.1 10_REMAINING_BLOCKERS.csv
S7B-0120,QI-00181,CMP-0255,BOTTOM_END_ANCHORAGE,SP-2F_ROOF_SLAB-04,2F_ROOF_SLAB,Y,SUP-2F_ROOF_SLAB-056,,10,URBAN_RATE_DENSITY,6,,,3000,BLOCKED_UNQUANTIFIED,ANCHORAGE_END_COVER,"[""END_ANCHORAGE_SHAPE_ONLY""]","[""Q-ANCHOR""]",,,,extent / count not established by the source or an accepted rule,PRE-S7.1 10_REMAINING_BLOCKERS.csv
S7B-0121,QI-00182,CMP-0256,BOTTOM_TRANSITION,SP-2F_ROOF_SLAB-04,2F_ROOF_SLAB,Y,SUP-2F_ROOF_SLAB-067,,10,URBAN_RATE_DENSITY,6,,,3000,BLOCKED_UNQUANTIFIED,TRANSITION_LAP_SPLICE,"[""TRANSITION_ACROSS_SUPPORT_NOT_ESTABLISHED""]","[""Q-MISMATCH""]",,,,extent / count not established by the source or an accepted rule,PRE-S7.1 10_REMAINING_BLOCKERS.csv
S7B-0122,QI-00185,CMP-0260,BOTTOM_END_ANCHORAGE,SP-2F_ROOF_SLAB-06,2F_ROOF_SLAB,X,SUP-2F_ROOF_SLAB-033,,10,URBAN_RATE_DENSITY,6,,,2900,BLOCKED_UNQUANTIFIED,ANCHORAGE_END_COVER,"[""END_ANCHORAGE_SHAPE_ONLY""]","[""Q-ANCHOR""]",,,,extent / count not established by the source or an accepted rule,PRE-S7.1 10_REMAINING_BLOCKERS.csv
S7B-0123,QI-00186,CMP-0259,BOTTOM_END_ANCHORAGE,SP-2F_ROOF_SLAB-06,2F_ROOF_SLAB,X,SUP-2F_ROOF_SLAB-033,,10,URBAN_RATE_DENSITY,6,,,2900,BLOCKED_UNQUANTIFIED,ANCHORAGE_END_COVER,"[""END_ANCHORAGE_SHAPE_ONLY""]","[""Q-ANCHOR""]",,,,extent / count not established by the source or an accepted rule,PRE-S7.1 10_REMAINING_BLOCKERS.csv
S7B-0124,QI-00187,CMP-0260,BOTTOM_TRANSITION,SP-2F_ROOF_SLAB-06,2F_ROOF_SLAB,X,SUP-2F_ROOF_SLAB-024,,10,URBAN_RATE_DENSITY,6,,,1700,BLOCKED_UNQUANTIFIED,TRANSITION_LAP_SPLICE,"[""TRANSITION_ACROSS_SUPPORT_NOT_ESTABLISHED""]","[""Q-MISMATCH""]",,,,extent / count not established by the source or an accepted rule,PRE-S7.1 10_REMAINING_BLOCKERS.csv
S7B-0125,QI-00188,CMP-0260,BOTTOM_TRANSITION,SP-2F_ROOF_SLAB-06,2F_ROOF_SLAB,X,SUP-2F_ROOF_SLAB-025,,10,URBAN_RATE_DENSITY,6,,,1200,BLOCKED_UNQUANTIFIED,TRANSITION_LAP_SPLICE,"[""TRANSITION_ACROSS_SUPPORT_NOT_ESTABLISHED""]","[""Q-MISMATCH""]",,,,extent / count not established by the source or an accepted rule,PRE-S7.1 10_REMAINING_BLOCKERS.csv
S7B-0126,QI-00191,CMP-0261,BOTTOM_BEYOND_FACE_UNRESOLVED,SP-2F_ROOF_SLAB-06,2F_ROOF_SLAB,Y,,,10,URBAN_RATE_DENSITY,5,,,50,BLOCKED_UNQUANTIFIED,CONTINUITY_UNRESOLVED,"[""BEYOND_FACE_DEPENDS_ON_UNRESOLVED_CONTINUITY""]","[""Q-CONT""]",,,,extent / count not established by the source or an accepted rule,PRE-S7.1 10_REMAINING_BLOCKERS.csv
S7B-0127,QI-00192,CMP-0261,BOTTOM_BEYOND_FACE_UNRESOLVED,SP-2F_ROOF_SLAB-06,2F_ROOF_SLAB,Y,SUP-2F_ROOF_SLAB-059,,10,URBAN_RATE_DENSITY,5,,,2450,BLOCKED_UNQUANTIFIED,CONTINUITY_UNRESOLVED,"[""BEYOND_FACE_DEPENDS_ON_UNRESOLVED_CONTINUITY""]","[""Q-CONT""]",,,,extent / count not established by the source or an accepted rule,PRE-S7.1 10_REMAINING_BLOCKERS.csv
S7B-0128,QI-00193,CMP-0261,BOTTOM_END_ANCHORAGE,SP-2F_ROOF_SLAB-06,2F_ROOF_SLAB,Y,SUP-2F_ROOF_SLAB-047,,10,URBAN_RATE_DENSITY,5,,,2500,BLOCKED_UNQUANTIFIED,ANCHORAGE_END_COVER,"[""END_ANCHORAGE_SHAPE_ONLY""]","[""Q-ANCHOR""]",,,,extent / count not established by the source or an accepted rule,PRE-S7.1 10_REMAINING_BLOCKERS.csv
S7B-0129,QI-00194,CMP-0261,BOTTOM_STOP_ZONE_UNRESOLVED,SP-2F_ROOF_SLAB-06,2F_ROOF_SLAB,Y,,,10,URBAN_RATE_DENSITY,5,,,50,BLOCKED_UNQUANTIFIED,CONTINUITY_UNRESOLVED,"[""STOP_ZONE_DEPENDS_ON_UNRESOLVED_CONTINUITY""]","[""Q-CONT""]",,,,extent / count not established by the source or an accepted rule,PRE-S7.1 10_REMAINING_BLOCKERS.csv
S7B-0130,QI-00195,CMP-0261,BOTTOM_STOP_ZONE_UNRESOLVED,SP-2F_ROOF_SLAB-06,2F_ROOF_SLAB,Y,SUP-2F_ROOF_SLAB-059,,10,URBAN_RATE_DENSITY,5,,,2450,BLOCKED_UNQUANTIFIED,CONTINUITY_UNRESOLVED,"[""STOP_ZONE_DEPENDS_ON_UNRESOLVED_CONTINUITY""]","[""Q-CONT""]",,,,extent / count not established by the source or an accepted rule,PRE-S7.1 10_REMAINING_BLOCKERS.csv
S7B-0131,QI-00198,CMP-0265,BOTTOM_TRANSITION,SP-2F_ROOF_SLAB-07,2F_ROOF_SLAB,X,SUP-2F_ROOF_SLAB-025,,10,URBAN_RATE_DENSITY,5,,,1200,BLOCKED_UNQUANTIFIED,TRANSITION_LAP_SPLICE,"[""TRANSITION_ACROSS_SUPPORT_NOT_ESTABLISHED""]","[""Q-MISMATCH""]",,,,extent / count not established by the source or an accepted rule,PRE-S7.1 10_REMAINING_BLOCKERS.csv
S7B-0132,QI-00201,CMP-0267,BOTTOM_END_ANCHORAGE,SP-2F_ROOF_SLAB-07,2F_ROOF_SLAB,Y,SUP-2F_ROOF_SLAB-048,,10,URBAN_RATE_DENSITY,5,,,1800,BLOCKED_UNQUANTIFIED,ANCHORAGE_END_COVER,"[""END_ANCHORAGE_SHAPE_ONLY""]","[""Q-ANCHOR""]",,,,extent / count not established by the source or an accepted rule,PRE-S7.1 10_REMAINING_BLOCKERS.csv
S7B-0133,QI-00202,CMP-0266,BOTTOM_END_ANCHORAGE,SP-2F_ROOF_SLAB-07,2F_ROOF_SLAB,Y,SUP-2F_ROOF_SLAB-048,,10,URBAN_RATE_DENSITY,5,,,1800,BLOCKED_UNQUANTIFIED,ANCHORAGE_END_COVER,"[""END_ANCHORAGE_SHAPE_ONLY""]","[""Q-ANCHOR""]",,,,extent / count not established by the source or an accepted rule,PRE-S7.1 10_REMAINING_BLOCKERS.csv
S7B-0134,QI-00205,CMP-0271,BOTTOM_END_ANCHORAGE,SP-2F_ROOF_SLAB-08,2F_ROOF_SLAB,X,SUP-2F_ROOF_SLAB-002,,10,URBAN_RATE_DENSITY,5,,,1200,BLOCKED_UNQUANTIFIED,ANCHORAGE_END_COVER,"[""END_ANCHORAGE_SHAPE_ONLY""]","[""Q-ANCHOR""]",,,,extent / count not established by the source or an accepted rule,PRE-S7.1 10_REMAINING_BLOCKERS.csv
S7B-0135,QI-00206,CMP-0270,BOTTOM_END_ANCHORAGE,SP-2F_ROOF_SLAB-08,2F_ROOF_SLAB,X,SUP-2F_ROOF_SLAB-002,,10,URBAN_RATE_DENSITY,5,,,1200,BLOCKED_UNQUANTIFIED,ANCHORAGE_END_COVER,"[""END_ANCHORAGE_SHAPE_ONLY""]","[""Q-ANCHOR""]",,,,extent / count not established by the source or an accepted rule,PRE-S7.1 10_REMAINING_BLOCKERS.csv
S7B-0136,QI-00209,CMP-0273,BOTTOM_END_ANCHORAGE,SP-2F_ROOF_SLAB-08,2F_ROOF_SLAB,Y,SUP-2F_ROOF_SLAB-049,,10,URBAN_RATE_DENSITY,5,,,3000,BLOCKED_UNQUANTIFIED,ANCHORAGE_END_COVER,"[""END_ANCHORAGE_SHAPE_ONLY""]","[""Q-ANCHOR""]",,,,extent / count not established by the source or an accepted rule,PRE-S7.1 10_REMAINING_BLOCKERS.csv
S7B-0137,QI-00210,CMP-0272,BOTTOM_END_ANCHORAGE,SP-2F_ROOF_SLAB-08,2F_ROOF_SLAB,Y,SUP-2F_ROOF_SLAB-049,,10,URBAN_RATE_DENSITY,5,,,3000,BLOCKED_UNQUANTIFIED,ANCHORAGE_END_COVER,"[""END_ANCHORAGE_SHAPE_ONLY""]","[""Q-ANCHOR""]",,,,extent / count not established by the source or an accepted rule,PRE-S7.1 10_REMAINING_BLOCKERS.csv
S7B-0138,QI-00211,CMP-0273,BOTTOM_TRANSITION,SP-2F_ROOF_SLAB-08,2F_ROOF_SLAB,Y,SUP-2F_ROOF_SLAB-067,,10,URBAN_RATE_DENSITY,5,,,3000,BLOCKED_UNQUANTIFIED,TRANSITION_LAP_SPLICE,"[""TRANSITION_ACROSS_SUPPORT_NOT_ESTABLISHED""]","[""Q-MISMATCH""]",,,,extent / count not established by the source or an accepted rule,PRE-S7.1 10_REMAINING_BLOCKERS.csv
S7B-0139,QI-00214,CMP-0002,BOTTOM_END_ANCHORAGE,SP-GF_ROOF_SLAB-02,GF_ROOF_SLAB,X,SUP-GF_ROOF_SLAB-050,,10,URBAN_RATE_DENSITY,5,,,619.7,BLOCKED_UNQUANTIFIED,ANCHORAGE_END_COVER,"[""END_ANCHORAGE_SHAPE_ONLY""]","[""Q-ANCHOR""]",,,,extent / count not established by the source or an accepted rule,PRE-S7.1 10_REMAINING_BLOCKERS.csv
S7B-0140,QI-00215,CMP-0001,BOTTOM_END_ANCHORAGE,SP-GF_ROOF_SLAB-02,GF_ROOF_SLAB,X,SUP-GF_ROOF_SLAB-050,,10,URBAN_RATE_DENSITY,5,,,619.7,BLOCKED_UNQUANTIFIED,ANCHORAGE_END_COVER,"[""END_ANCHORAGE_SHAPE_ONLY""]","[""Q-ANCHOR""]",,,,extent / count not established by the source or an accepted rule,PRE-S7.1 10_REMAINING_BLOCKERS.csv
S7B-0141,QI-00216,CMP-0002,BOTTOM_TRANSITION,SP-GF_ROOF_SLAB-02,GF_ROOF_SLAB,X,SUP-GF_ROOF_SLAB-136,,10,URBAN_RATE_DENSITY,5,,,619.7,BLOCKED_UNQUANTIFIED,TRANSITION_LAP_SPLICE,"[""TRANSITION_ACROSS_SUPPORT_NOT_ESTABLISHED""]","[""Q-MISMATCH""]",,,,extent / count not established by the source or an accepted rule,PRE-S7.1 10_REMAINING_BLOCKERS.csv
S7B-0142,QI-00217,CMP-0003,FAMILY_BLOCKED,SP-GF_ROOF_SLAB-02,GF_ROOF_SLAB,Y,,,10,COUNT_UNRESOLVED,,,,,SOURCE_CONFLICT,SOURCE_CONFLICT_FAMILY,"[""COUNT_NOTATION_AMBIGUOUS_NO_PER_METRE""]","[""Q-ABSCOUNT""]",,C-04 COUNT_NOTATION_CONFLICT,,true source conflict,PRE-S7.1 10_REMAINING_BLOCKERS.csv
S7B-0143,QI-00220,CMP-0007,BOTTOM_BEYOND_FACE_UNRESOLVED,SP-GF_ROOF_SLAB-04,GF_ROOF_SLAB,X,SUP-GF_ROOF_SLAB-123,,10,URBAN_RATE_DENSITY,5,,,1750,BLOCKED_UNQUANTIFIED,SUNKEN_LEVEL_CHANGE_CONTINUITY,"[""BEYOND_FACE_DEPENDS_ON_UNRESOLVED_CONTINUITY""]","[""Q-SUNKEN""]",,,,extent / count not established by the source or an accepted rule,PRE-S7.1 10_REMAINING_BLOCKERS.csv
S7B-0144,QI-00221,CMP-0006,BOTTOM_STOP_ZONE_UNRESOLVED,SP-GF_ROOF_SLAB-04,GF_ROOF_SLAB,X,SUP-GF_ROOF_SLAB-123,,10,URBAN_RATE_DENSITY,5,,,1750,BLOCKED_UNQUANTIFIED,SUNKEN_LEVEL_CHANGE_CONTINUITY,"[""STOP_ZONE_DEPENDS_ON_UNRESOLVED_CONTINUITY""]","[""Q-SUNKEN""]",,,,extent / count not established by the source or an accepted rule,PRE-S7.1 10_REMAINING_BLOCKERS.csv
S7B-0145,QI-00224,CMP-0008,BOTTOM_BEYOND_FACE_UNRESOLVED,SP-GF_ROOF_SLAB-04,GF_ROOF_SLAB,Y,SUP-GF_ROOF_SLAB-150,,10,URBAN_RATE_DENSITY,5,,,1470,BLOCKED_UNQUANTIFIED,SUNKEN_LEVEL_CHANGE_CONTINUITY,"[""BEYOND_FACE_DEPENDS_ON_UNRESOLVED_CONTINUITY""]","[""Q-SUNKEN""]",,,,extent / count not established by the source or an accepted rule,PRE-S7.1 10_REMAINING_BLOCKERS.csv
S7B-0146,QI-00225,CMP-0008,BOTTOM_END_ANCHORAGE,SP-GF_ROOF_SLAB-04,GF_ROOF_SLAB,Y,SUP-GF_ROOF_SLAB-144,,10,URBAN_RATE_DENSITY,5,,,1470,BLOCKED_UNQUANTIFIED,ANCHORAGE_END_COVER,"[""END_ANCHORAGE_SHAPE_ONLY""]","[""Q-ANCHOR""]",,,,extent / count not established by the source or an accepted rule,PRE-S7.1 10_REMAINING_BLOCKERS.csv
S7B-0147,QI-00226,CMP-0008,BOTTOM_STOP_ZONE_UNRESOLVED,SP-GF_ROOF_SLAB-04,GF_ROOF_SLAB,Y,SUP-GF_ROOF_SLAB-150,,10,URBAN_RATE_DENSITY,5,,,1470,BLOCKED_UNQUANTIFIED,SUNKEN_LEVEL_CHANGE_CONTINUITY,"[""STOP_ZONE_DEPENDS_ON_UNRESOLVED_CONTINUITY""]","[""Q-SUNKEN""]",,,,extent / count not established by the source or an accepted rule,PRE-S7.1 10_REMAINING_BLOCKERS.csv
S7B-0148,QI-00229,CMP-0012,BOTTOM_BEYOND_FACE_UNRESOLVED,SP-GF_ROOF_SLAB-05,GF_ROOF_SLAB,X,SUP-GF_ROOF_SLAB-140,,10,URBAN_RATE_DENSITY,5,,,1750,BLOCKED_UNQUANTIFIED,SUNKEN_LEVEL_CHANGE_CONTINUITY,"[""BEYOND_FACE_DEPENDS_ON_UNRESOLVED_CONTINUITY""]","[""Q-SUNKEN""]",,,,extent / count not established by the source or an accepted rule,PRE-S7.1 10_REMAINING_BLOCKERS.csv
S7B-0149,QI-00230,CMP-0011,BOTTOM_STOP_ZONE_UNRESOLVED,SP-GF_ROOF_SLAB-05,GF_ROOF_SLAB,X,SUP-GF_ROOF_SLAB-140,,10,URBAN_RATE_DENSITY,5,,,1750,BLOCKED_UNQUANTIFIED,SUNKEN_LEVEL_CHANGE_CONTINUITY,"[""STOP_ZONE_DEPENDS_ON_UNRESOLVED_CONTINUITY""]","[""Q-SUNKEN""]",,,,extent / count not established by the source or an accepted rule,PRE-S7.1 10_REMAINING_BLOCKERS.csv
S7B-0150,QI-00233,CMP-0013,BOTTOM_BEYOND_FACE_UNRESOLVED,SP-GF_ROOF_SLAB-05,GF_ROOF_SLAB,Y,SUP-GF_ROOF_SLAB-151,,10,URBAN_RATE_DENSITY,5,,,1900,BLOCKED_UNQUANTIFIED,SUNKEN_LEVEL_CHANGE_CONTINUITY,"[""BEYOND_FACE_DEPENDS_ON_UNRESOLVED_CONTINUITY""]","[""Q-SUNKEN""]",,,,extent / count not established by the source or an accepted rule,PRE-S7.1 10_REMAINING_BLOCKERS.csv
S7B-0151,QI-00234,CMP-0013,BOTTOM_END_ANCHORAGE,SP-GF_ROOF_SLAB-05,GF_ROOF_SLAB,Y,SUP-GF_ROOF_SLAB-145,,10,URBAN_RATE_DENSITY,5,,,1900,BLOCKED_UNQUANTIFIED,ANCHORAGE_END_COVER,"[""END_ANCHORAGE_SHAPE_ONLY""]","[""Q-ANCHOR""]",,,,extent / count not established by the source or an accepted rule,PRE-S7.1 10_REMAINING_BLOCKERS.csv
S7B-0152,QI-00235,CMP-0013,BOTTOM_STOP_ZONE_UNRESOLVED,SP-GF_ROOF_SLAB-05,GF_ROOF_SLAB,Y,SUP-GF_ROOF_SLAB-151,,10,URBAN_RATE_DENSITY,5,,,1900,BLOCKED_UNQUANTIFIED,SUNKEN_LEVEL_CHANGE_CONTINUITY,"[""STOP_ZONE_DEPENDS_ON_UNRESOLVED_CONTINUITY""]","[""Q-SUNKEN""]",,,,extent / count not established by the source or an accepted rule,PRE-S7.1 10_REMAINING_BLOCKERS.csv
S7B-0153,QI-00238,CMP-0017,BOTTOM_BEYOND_FACE_UNRESOLVED,SP-GF_ROOF_SLAB-06,GF_ROOF_SLAB,X,SUP-GF_ROOF_SLAB-140,,10,URBAN_RATE_DENSITY,5,,,1750,BLOCKED_UNQUANTIFIED,SUNKEN_LEVEL_CHANGE_CONTINUITY,"[""BEYOND_FACE_DEPENDS_ON_UNRESOLVED_CONTINUITY""]","[""Q-SUNKEN""]",,,,extent / count not established by the source or an accepted rule,PRE-S7.1 10_REMAINING_BLOCKERS.csv
S7B-0154,QI-00239,CMP-0016,BOTTOM_STOP_ZONE_UNRESOLVED,SP-GF_ROOF_SLAB-06,GF_ROOF_SLAB,X,SUP-GF_ROOF_SLAB-140,,10,URBAN_RATE_DENSITY,5,,,1750,BLOCKED_UNQUANTIFIED,SUNKEN_LEVEL_CHANGE_CONTINUITY,"[""STOP_ZONE_DEPENDS_ON_UNRESOLVED_CONTINUITY""]","[""Q-SUNKEN""]",,,,extent / count not established by the source or an accepted rule,PRE-S7.1 10_REMAINING_BLOCKERS.csv
S7B-0155,QI-00240,CMP-0017,BOTTOM_TRANSITION,SP-GF_ROOF_SLAB-06,GF_ROOF_SLAB,X,SUP-GF_ROOF_SLAB-133,,10,URBAN_RATE_DENSITY,5,,,1750,BLOCKED_UNQUANTIFIED,TRANSITION_LAP_SPLICE,"[""TRANSITION_ACROSS_SUPPORT_NOT_ESTABLISHED""]","[""Q-MISMATCH""]",,,,extent / count not established by the source or an accepted rule,PRE-S7.1 10_REMAINING_BLOCKERS.csv
S7B-0156,QI-00243,CMP-0019,BOTTOM_END_ANCHORAGE,SP-GF_ROOF_SLAB-06,GF_ROOF_SLAB,Y,SUP-GF_ROOF_SLAB-146,,10,URBAN_RATE_DENSITY,5,,,1650,BLOCKED_UNQUANTIFIED,ANCHORAGE_END_COVER,"[""END_ANCHORAGE_SHAPE_ONLY""]","[""Q-ANCHOR""]",,,,extent / count not established by the source or an accepted rule,PRE-S7.1 10_REMAINING_BLOCKERS.csv
S7B-0157,QI-00244,CMP-0018,BOTTOM_END_ANCHORAGE,SP-GF_ROOF_SLAB-06,GF_ROOF_SLAB,Y,SUP-GF_ROOF_SLAB-146,,10,URBAN_RATE_DENSITY,5,,,1650,BLOCKED_UNQUANTIFIED,ANCHORAGE_END_COVER,"[""END_ANCHORAGE_SHAPE_ONLY""]","[""Q-ANCHOR""]",,,,extent / count not established by the source or an accepted rule,PRE-S7.1 10_REMAINING_BLOCKERS.csv
S7B-0158,QI-00245,CMP-0019,BOTTOM_TRANSITION,SP-GF_ROOF_SLAB-06,GF_ROOF_SLAB,Y,SUP-GF_ROOF_SLAB-152,,10,URBAN_RATE_DENSITY,5,,,1650,BLOCKED_UNQUANTIFIED,TRANSITION_LAP_SPLICE,"[""TRANSITION_ACROSS_SUPPORT_NOT_ESTABLISHED""]","[""Q-MISMATCH""]",,,,extent / count not established by the source or an accepted rule,PRE-S7.1 10_REMAINING_BLOCKERS.csv
S7B-0159,QI-00248,CMP-0022,BOTTOM_BEYOND_FACE_UNRESOLVED,SP-GF_ROOF_SLAB-07,GF_ROOF_SLAB,X,SUP-GF_ROOF_SLAB-123,,10,URBAN_RATE_DENSITY,5,,,1950,BLOCKED_UNQUANTIFIED,SUNKEN_LEVEL_CHANGE_CONTINUITY,"[""BEYOND_FACE_DEPENDS_ON_UNRESOLVED_CONTINUITY""]","[""Q-SUNKEN""]",,,,extent / count not established by the source or an accepted rule,PRE-S7.1 10_REMAINING_BLOCKERS.csv
S7B-0160,QI-00249,CMP-0022,BOTTOM_BEYOND_FACE_UNRESOLVED,SP-GF_ROOF_SLAB-07,GF_ROOF_SLAB,X,SUP-GF_ROOF_SLAB-127,,10,URBAN_RATE_DENSITY,5,,,2950,BLOCKED_UNQUANTIFIED,CONTINUITY_UNRESOLVED,"[""BEYOND_FACE_DEPENDS_ON_UNRESOLVED_CONTINUITY""]","[""Q-CONT""]",,,,extent / count not established by the source or an accepted rule,PRE-S7.1 10_REMAINING_BLOCKERS.csv
S7B-0161,QI-00250,CMP-0022,BOTTOM_STOP_ZONE_UNRESOLVED,SP-GF_ROOF_SLAB-07,GF_ROOF_SLAB,X,SUP-GF_ROOF_SLAB-123,,10,URBAN_RATE_DENSITY,5,,,1950,BLOCKED_UNQUANTIFIED,SUNKEN_LEVEL_CHANGE_CONTINUITY,"[""STOP_ZONE_DEPENDS_ON_UNRESOLVED_CONTINUITY""]","[""Q-SUNKEN""]",,,,extent / count not established by the source or an accepted rule,PRE-S7.1 10_REMAINING_BLOCKERS.csv
S7B-0162,QI-00251,CMP-0022,BOTTOM_STOP_ZONE_UNRESOLVED,SP-GF_ROOF_SLAB-07,GF_ROOF_SLAB,X,SUP-GF_ROOF_SLAB-127,,10,URBAN_RATE_DENSITY,5,,,2950,BLOCKED_UNQUANTIFIED,CONTINUITY_UNRESOLVED,"[""STOP_ZONE_DEPENDS_ON_UNRESOLVED_CONTINUITY""]","[""Q-CONT""]",,,,extent / count not established by the source or an accepted rule,PRE-S7.1 10_REMAINING_BLOCKERS.csv
S7B-0163,QI-00253,CMP-0023,BOTTOM_END_ANCHORAGE,SP-GF_ROOF_SLAB-07,GF_ROOF_SLAB,Y,SUP-GF_ROOF_SLAB-143,,10,URBAN_RATE_DENSITY,5,,,1800,BLOCKED_UNQUANTIFIED,ANCHORAGE_END_COVER,"[""END_ANCHORAGE_SHAPE_ONLY""]","[""Q-ANCHOR""]",,,,extent / count not established by the source or an accepted rule,PRE-S7.1 10_REMAINING_BLOCKERS.csv
S7B-0164,QI-00254,CMP-0023,BOTTOM_END_ANCHORAGE,SP-GF_ROOF_SLAB-07,GF_ROOF_SLAB,Y,SUP-GF_ROOF_SLAB-147,,10,URBAN_RATE_DENSITY,5,,,1800,BLOCKED_UNQUANTIFIED,ANCHORAGE_END_COVER,"[""END_ANCHORAGE_SHAPE_ONLY""]","[""Q-ANCHOR""]",,,,extent / count not established by the source or an accepted rule,PRE-S7.1 10_REMAINING_BLOCKERS.csv
S7B-0165,QI-00257,CMP-0027,BOTTOM_END_ANCHORAGE,SP-GF_ROOF_SLAB-08,GF_ROOF_SLAB,X,SUP-GF_ROOF_SLAB-137,,10,URBAN_RATE_DENSITY,6,,,2900.5,BLOCKED_UNQUANTIFIED,ANCHORAGE_END_COVER,"[""END_ANCHORAGE_SHAPE_ONLY""]","[""Q-ANCHOR""]",,,,extent / count not established by the source or an accepted rule,PRE-S7.1 10_REMAINING_BLOCKERS.csv
S7B-0166,QI-00258,CMP-0026,BOTTOM_END_ANCHORAGE,SP-GF_ROOF_SLAB-08,GF_ROOF_SLAB,X,SUP-GF_ROOF_SLAB-137,,10,URBAN_RATE_DENSITY,6,,,2900.5,BLOCKED_UNQUANTIFIED,ANCHORAGE_END_COVER,"[""END_ANCHORAGE_SHAPE_ONLY""]","[""Q-ANCHOR""]",,,,extent / count not established by the source or an accepted rule,PRE-S7.1 10_REMAINING_BLOCKERS.csv
S7B-0167,QI-00259,CMP-0027,BOTTOM_TRANSITION,SP-GF_ROOF_SLAB-08,GF_ROOF_SLAB,X,SUP-GF_ROOF_SLAB-133,,10,URBAN_RATE_DENSITY,6,,,1500,BLOCKED_UNQUANTIFIED,TRANSITION_LAP_SPLICE,"[""TRANSITION_ACROSS_SUPPORT_NOT_ESTABLISHED""]","[""Q-MISMATCH""]",,,,extent / count not established by the source or an accepted rule,PRE-S7.1 10_REMAINING_BLOCKERS.csv
S7B-0168,QI-00260,CMP-0027,BOTTOM_TRANSITION,SP-GF_ROOF_SLAB-08,GF_ROOF_SLAB,X,SUP-GF_ROOF_SLAB-134,,10,URBAN_RATE_DENSITY,6,,,2020.1,BLOCKED_UNQUANTIFIED,TRANSITION_LAP_SPLICE,"[""TRANSITION_ACROSS_SUPPORT_NOT_ESTABLISHED""]","[""Q-MISMATCH""]",,,,extent / count not established by the source or an accepted rule,PRE-S7.1 10_REMAINING_BLOCKERS.csv
S7B-0169,QI-00261,CMP-0027,BOTTOM_TRANSITION,SP-GF_ROOF_SLAB-08,GF_ROOF_SLAB,X,SUP-GF_ROOF_SLAB-136,,10,URBAN_RATE_DENSITY,6,,,619.7,BLOCKED_UNQUANTIFIED,TRANSITION_LAP_SPLICE,"[""TRANSITION_ACROSS_SUPPORT_NOT_ESTABLISHED""]","[""Q-MISMATCH""]",,,,extent / count not established by the source or an accepted rule,PRE-S7.1 10_REMAINING_BLOCKERS.csv
S7B-0170,QI-00265,CMP-0028,BOTTOM_BEYOND_FACE_UNRESOLVED,SP-GF_ROOF_SLAB-08,GF_ROOF_SLAB,Y,SUP-GF_ROOF_SLAB-158,,10,URBAN_RATE_DENSITY,5,,,1700,BLOCKED_UNQUANTIFIED,SUNKEN_LEVEL_CHANGE_CONTINUITY,"[""BEYOND_FACE_DEPENDS_ON_UNRESOLVED_CONTINUITY""]","[""Q-SUNKEN""]",,,,extent / count not established by the source or an accepted rule,PRE-S7.1 10_REMAINING_BLOCKERS.csv
S7B-0171,QI-00266,CMP-0028,BOTTOM_END_ANCHORAGE,SP-GF_ROOF_SLAB-08,GF_ROOF_SLAB,Y,SUP-GF_ROOF_SLAB-156,,10,URBAN_RATE_DENSITY,5,,,3500,BLOCKED_UNQUANTIFIED,ANCHORAGE_END_COVER,"[""END_ANCHORAGE_SHAPE_ONLY""]","[""Q-ANCHOR""]",,,,extent / count not established by the source or an accepted rule,PRE-S7.1 10_REMAINING_BLOCKERS.csv
S7B-0172,QI-00267,CMP-0028,BOTTOM_END_ANCHORAGE,SP-GF_ROOF_SLAB-08,GF_ROOF_SLAB,Y,SUP-GF_ROOF_SLAB-157,,10,URBAN_RATE_DENSITY,5,,,219.7,BLOCKED_UNQUANTIFIED,ANCHORAGE_END_COVER,"[""END_ANCHORAGE_SHAPE_ONLY""]","[""Q-ANCHOR""]",,,,extent / count not established by the source or an accepted rule,PRE-S7.1 10_REMAINING_BLOCKERS.csv
S7B-0173,QI-00268,CMP-0028,BOTTOM_STOP_ZONE_UNRESOLVED,SP-GF_ROOF_SLAB-08,GF_ROOF_SLAB,Y,SUP-GF_ROOF_SLAB-158,,10,URBAN_RATE_DENSITY,5,,,1700,BLOCKED_UNQUANTIFIED,SUNKEN_LEVEL_CHANGE_CONTINUITY,"[""STOP_ZONE_DEPENDS_ON_UNRESOLVED_CONTINUITY""]","[""Q-SUNKEN""]",,,,extent / count not established by the source or an accepted rule,PRE-S7.1 10_REMAINING_BLOCKERS.csv
S7B-0174,QI-00271,CMP-0032,BOTTOM_BEYOND_FACE_UNRESOLVED,SP-GF_ROOF_SLAB-10,GF_ROOF_SLAB,X,SUP-GF_ROOF_SLAB-153,,10,URBAN_RATE_DENSITY,5,,,704.1,BLOCKED_UNQUANTIFIED,OBLIQUE_SUPPORT,"[""BEYOND_FACE_DEPENDS_ON_UNRESOLVED_CONTINUITY""]","[""Q-OBLIQUE""]",,,,extent / count not established by the source or an accepted rule,PRE-S7.1 10_REMAINING_BLOCKERS.csv
S7B-0175,QI-00272,CMP-0031,BOTTOM_STOP_ZONE_UNRESOLVED,SP-GF_ROOF_SLAB-10,GF_ROOF_SLAB,X,SUP-GF_ROOF_SLAB-153,,10,URBAN_RATE_DENSITY,5,,,704.1,BLOCKED_UNQUANTIFIED,OBLIQUE_SUPPORT,"[""STOP_ZONE_DEPENDS_ON_UNRESOLVED_CONTINUITY""]","[""Q-OBLIQUE""]",,,,extent / count not established by the source or an accepted rule,PRE-S7.1 10_REMAINING_BLOCKERS.csv
S7B-0176,QI-00273,CMP-0032,BOTTOM_TRANSITION,SP-GF_ROOF_SLAB-10,GF_ROOF_SLAB,X,SUP-GF_ROOF_SLAB-134,,10,URBAN_RATE_DENSITY,5,,,1900,BLOCKED_UNQUANTIFIED,TRANSITION_LAP_SPLICE,"[""TRANSITION_ACROSS_SUPPORT_NOT_ESTABLISHED""]","[""Q-MISMATCH""]",,,,extent / count not established by the source or an accepted rule,PRE-S7.1 10_REMAINING_BLOCKERS.csv
S7B-0177,QI-00276,CMP-0034,BOTTOM_BEYOND_FACE_UNRESOLVED,SP-GF_ROOF_SLAB-10,GF_ROOF_SLAB,Y,SUP-GF_ROOF_SLAB-151,,10,URBAN_RATE_DENSITY,6,,,2100,BLOCKED_UNQUANTIFIED,SUNKEN_LEVEL_CHANGE_CONTINUITY,"[""BEYOND_FACE_DEPENDS_ON_UNRESOLVED_CONTINUITY""]","[""Q-SUNKEN""]",,,,extent / count not established by the source or an accepted rule,PRE-S7.1 10_REMAINING_BLOCKERS.csv
S7B-0178,QI-00277,CMP-0034,BOTTOM_BEYOND_FACE_UNRESOLVED,SP-GF_ROOF_SLAB-10,GF_ROOF_SLAB,Y,SUP-GF_ROOF_SLAB-169,,10,URBAN_RATE_DENSITY,6,,,400,BLOCKED_UNQUANTIFIED,CONTINUITY_UNRESOLVED,"[""BEYOND_FACE_DEPENDS_ON_UNRESOLVED_CONTINUITY""]","[""Q-CONT""]",,,,extent / count not established by the source or an accepted rule,PRE-S7.1 10_REMAINING_BLOCKERS.csv
S7B-0179,QI-00278,CMP-0033,BOTTOM_STOP_ZONE_UNRESOLVED,SP-GF_ROOF_SLAB-10,GF_ROOF_SLAB,Y,SUP-GF_ROOF_SLAB-151,,10,URBAN_RATE_DENSITY,6,,,2100,BLOCKED_UNQUANTIFIED,SUNKEN_LEVEL_CHANGE_CONTINUITY,"[""STOP_ZONE_DEPENDS_ON_UNRESOLVED_CONTINUITY""]","[""Q-SUNKEN""]",,,,extent / count not established by the source or an accepted rule,PRE-S7.1 10_REMAINING_BLOCKERS.csv
S7B-0180,QI-00279,CMP-0033,BOTTOM_STOP_ZONE_UNRESOLVED,SP-GF_ROOF_SLAB-10,GF_ROOF_SLAB,Y,SUP-GF_ROOF_SLAB-169,,10,URBAN_RATE_DENSITY,6,,,400,BLOCKED_UNQUANTIFIED,CONTINUITY_UNRESOLVED,"[""STOP_ZONE_DEPENDS_ON_UNRESOLVED_CONTINUITY""]","[""Q-CONT""]",,,,extent / count not established by the source or an accepted rule,PRE-S7.1 10_REMAINING_BLOCKERS.csv
S7B-0181,QI-00280,CMP-0034,BOTTOM_TRANSITION,SP-GF_ROOF_SLAB-10,GF_ROOF_SLAB,Y,SUP-GF_ROOF_SLAB-152,,10,URBAN_RATE_DENSITY,6,,,1650,BLOCKED_UNQUANTIFIED,TRANSITION_LAP_SPLICE,"[""TRANSITION_ACROSS_SUPPORT_NOT_ESTABLISHED""]","[""Q-MISMATCH""]",,,,extent / count not established by the source or an accepted rule,PRE-S7.1 10_REMAINING_BLOCKERS.csv
S7B-0182,QI-00281,CMP-0034,BOTTOM_TRANSITION,SP-GF_ROOF_SLAB-10,GF_ROOF_SLAB,Y,SUP-GF_ROOF_SLAB-153,,10,URBAN_RATE_DENSITY,6,,,3350,BLOCKED_UNQUANTIFIED,TRANSITION_LAP_SPLICE,"[""TRANSITION_ACROSS_SUPPORT_NOT_ESTABLISHED""]","[""Q-MISMATCH""]",,,,extent / count not established by the source or an accepted rule,PRE-S7.1 10_REMAINING_BLOCKERS.csv
S7B-0183,QI-00284,CMP-0038,BOTTOM_BEYOND_FACE_UNRESOLVED,SP-GF_ROOF_SLAB-11,GF_ROOF_SLAB,X,SUP-GF_ROOF_SLAB-154,,10,URBAN_RATE_DENSITY,5,,,298.4,BLOCKED_UNQUANTIFIED,OBLIQUE_SUPPORT,"[""BEYOND_FACE_DEPENDS_ON_UNRESOLVED_CONTINUITY""]","[""Q-OBLIQUE""]",,,,extent / count not established by the source or an accepted rule,PRE-S7.1 10_REMAINING_BLOCKERS.csv
S7B-0184,QI-00285,CMP-0038,BOTTOM_END_ANCHORAGE,SP-GF_ROOF_SLAB-11,GF_ROOF_SLAB,X,SUP-GF_ROOF_SLAB-125,,10,URBAN_RATE_DENSITY,5,,,1944.5,BLOCKED_UNQUANTIFIED,ANCHORAGE_END_COVER,"[""END_ANCHORAGE_SHAPE_ONLY""]","[""Q-ANCHOR""]",,,,extent / count not established by the source or an accepted rule,PRE-S7.1 10_REMAINING_BLOCKERS.csv
S7B-0185,QI-00286,CMP-0037,BOTTOM_END_ANCHORAGE,SP-GF_ROOF_SLAB-11,GF_ROOF_SLAB,X,SUP-GF_ROOF_SLAB-125,,10,URBAN_RATE_DENSITY,5,,,1944.5,BLOCKED_UNQUANTIFIED,ANCHORAGE_END_COVER,"[""END_ANCHORAGE_SHAPE_ONLY""]","[""Q-ANCHOR""]",,,,extent / count not established by the source or an accepted rule,PRE-S7.1 10_REMAINING_BLOCKERS.csv
S7B-0186,QI-00287,CMP-0037,BOTTOM_STOP_ZONE_UNRESOLVED,SP-GF_ROOF_SLAB-11,GF_ROOF_SLAB,X,SUP-GF_ROOF_SLAB-154,,10,URBAN_RATE_DENSITY,5,,,298.4,BLOCKED_UNQUANTIFIED,OBLIQUE_SUPPORT,"[""STOP_ZONE_DEPENDS_ON_UNRESOLVED_CONTINUITY""]","[""Q-OBLIQUE""]",,,,extent / count not established by the source or an accepted rule,PRE-S7.1 10_REMAINING_BLOCKERS.csv
S7B-0187,QI-00290,CMP-0040,BOTTOM_BEYOND_FACE_UNRESOLVED,SP-GF_ROOF_SLAB-11,GF_ROOF_SLAB,Y,,,10,URBAN_RATE_DENSITY,5,,,50,BLOCKED_UNQUANTIFIED,CONTINUITY_UNRESOLVED,"[""BEYOND_FACE_DEPENDS_ON_UNRESOLVED_CONTINUITY""]","[""Q-CONT""]",,,,extent / count not established by the source or an accepted rule,PRE-S7.1 10_REMAINING_BLOCKERS.csv
S7B-0188,QI-00291,CMP-0040,BOTTOM_BEYOND_FACE_UNRESOLVED,SP-GF_ROOF_SLAB-11,GF_ROOF_SLAB,Y,SUP-GF_ROOF_SLAB-150,,10,URBAN_RATE_DENSITY,5,,,1470,BLOCKED_UNQUANTIFIED,SUNKEN_LEVEL_CHANGE_CONTINUITY,"[""BEYOND_FACE_DEPENDS_ON_UNRESOLVED_CONTINUITY""]","[""Q-SUNKEN""]",,,,extent / count not established by the source or an accepted rule,PRE-S7.1 10_REMAINING_BLOCKERS.csv
S7B-0189,QI-00292,CMP-0039,BOTTOM_STOP_ZONE_UNRESOLVED,SP-GF_ROOF_SLAB-11,GF_ROOF_SLAB,Y,,,10,URBAN_RATE_DENSITY,5,,,50,BLOCKED_UNQUANTIFIED,CONTINUITY_UNRESOLVED,"[""STOP_ZONE_DEPENDS_ON_UNRESOLVED_CONTINUITY""]","[""Q-CONT""]",,,,extent / count not established by the source or an accepted rule,PRE-S7.1 10_REMAINING_BLOCKERS.csv
S7B-0190,QI-00293,CMP-0039,BOTTOM_STOP_ZONE_UNRESOLVED,SP-GF_ROOF_SLAB-11,GF_ROOF_SLAB,Y,SUP-GF_ROOF_SLAB-150,,10,URBAN_RATE_DENSITY,5,,,1470,BLOCKED_UNQUANTIFIED,SUNKEN_LEVEL_CHANGE_CONTINUITY,"[""STOP_ZONE_DEPENDS_ON_UNRESOLVED_CONTINUITY""]","[""Q-SUNKEN""]",,,,extent / count not established by the source or an accepted rule,PRE-S7.1 10_REMAINING_BLOCKERS.csv
S7B-0191,QI-00296,CMP-0043,BOTTOM_BEYOND_FACE_UNRESOLVED,SP-GF_ROOF_SLAB-12,GF_ROOF_SLAB,X,SUP-GF_ROOF_SLAB-082,,10,URBAN_RATE_DENSITY,5,,,600,BLOCKED_UNQUANTIFIED,SUNKEN_LEVEL_CHANGE_CONTINUITY,"[""BEYOND_FACE_DEPENDS_ON_UNRESOLVED_CONTINUITY""]","[""Q-SUNKEN""]",,,,extent / count not established by the source or an accepted rule,PRE-S7.1 10_REMAINING_BLOCKERS.csv
S7B-0192,QI-00297,CMP-0043,BOTTOM_BEYOND_FACE_UNRESOLVED,SP-GF_ROOF_SLAB-12,GF_ROOF_SLAB,X,SUP-GF_ROOF_SLAB-120,,10,URBAN_RATE_DENSITY,5,,,1979.9,BLOCKED_UNQUANTIFIED,SUNKEN_LEVEL_CHANGE_CONTINUITY,"[""BEYOND_FACE_DEPENDS_ON_UNRESOLVED_CONTINUITY""]","[""Q-SUNKEN""]",,,,extent / count not established by the source or an accepted rule,PRE-S7.1 10_REMAINING_BLOCKERS.csv
S7B-0193,QI-00298,CMP-0043,BOTTOM_BEYOND_FACE_UNRESOLVED,SP-GF_ROOF_SLAB-12,GF_ROOF_SLAB,X,SUP-GF_ROOF_SLAB-121,,10,URBAN_RATE_DENSITY,5,,,1129.9,BLOCKED_UNQUANTIFIED,SUNKEN_LEVEL_CHANGE_CONTINUITY,"[""BEYOND_FACE_DEPENDS_ON_UNRESOLVED_CONTINUITY""]","[""Q-SUNKEN""]",,,,extent / count not established by the source or an accepted rule,PRE-S7.1 10_REMAINING_BLOCKERS.csv
S7B-0194,QI-00299,CMP-0043,BOTTOM_BEYOND_FACE_UNRESOLVED,SP-GF_ROOF_SLAB-12,GF_ROOF_SLAB,X,SUP-GF_ROOF_SLAB-167,,10,URBAN_RATE_DENSITY,5,,,50,BLOCKED_UNQUANTIFIED,CONTINUITY_UNRESOLVED,"[""BEYOND_FACE_DEPENDS_ON_UNRESOLVED_CONTINUITY""]","[""Q-CONT""]",,,,extent / count not established by the source or an accepted rule,PRE-S7.1 10_REMAINING_BLOCKERS.csv
S7B-0195,QI-00300,CMP-0043,BOTTOM_END_ANCHORAGE,SP-GF_ROOF_SLAB-12,GF_ROOF_SLAB,X,SUP-GF_ROOF_SLAB-167,,10,URBAN_RATE_DENSITY,5,,,200,BLOCKED_UNQUANTIFIED,ANCHORAGE_END_COVER,"[""END_ANCHORAGE_SHAPE_ONLY""]","[""Q-ANCHOR""]",,,,extent / count not established by the source or an accepted rule,PRE-S7.1 10_REMAINING_BLOCKERS.csv
S7B-0196,QI-00301,CMP-0043,BOTTOM_STOP_ZONE_UNRESOLVED,SP-GF_ROOF_SLAB-12,GF_ROOF_SLAB,X,SUP-GF_ROOF_SLAB-082,,10,URBAN_RATE_DENSITY,5,,,600,BLOCKED_UNQUANTIFIED,SUNKEN_LEVEL_CHANGE_CONTINUITY,"[""STOP_ZONE_DEPENDS_ON_UNRESOLVED_CONTINUITY""]","[""Q-SUNKEN""]",,,,extent / count not established by the source or an accepted rule,PRE-S7.1 10_REMAINING_BLOCKERS.csv
S7B-0197,QI-00302,CMP-0043,BOTTOM_STOP_ZONE_UNRESOLVED,SP-GF_ROOF_SLAB-12,GF_ROOF_SLAB,X,SUP-GF_ROOF_SLAB-120,,10,URBAN_RATE_DENSITY,5,,,1979.9,BLOCKED_UNQUANTIFIED,SUNKEN_LEVEL_CHANGE_CONTINUITY,"[""STOP_ZONE_DEPENDS_ON_UNRESOLVED_CONTINUITY""]","[""Q-SUNKEN""]",,,,extent / count not established by the source or an accepted rule,PRE-S7.1 10_REMAINING_BLOCKERS.csv
S7B-0198,QI-00303,CMP-0043,BOTTOM_STOP_ZONE_UNRESOLVED,SP-GF_ROOF_SLAB-12,GF_ROOF_SLAB,X,SUP-GF_ROOF_SLAB-121,,10,URBAN_RATE_DENSITY,5,,,1129.9,BLOCKED_UNQUANTIFIED,SUNKEN_LEVEL_CHANGE_CONTINUITY,"[""STOP_ZONE_DEPENDS_ON_UNRESOLVED_CONTINUITY""]","[""Q-SUNKEN""]",,,,extent / count not established by the source or an accepted rule,PRE-S7.1 10_REMAINING_BLOCKERS.csv
S7B-0199,QI-00304,CMP-0043,BOTTOM_STOP_ZONE_UNRESOLVED,SP-GF_ROOF_SLAB-12,GF_ROOF_SLAB,X,SUP-GF_ROOF_SLAB-167,,10,URBAN_RATE_DENSITY,5,,,50,BLOCKED_UNQUANTIFIED,CONTINUITY_UNRESOLVED,"[""STOP_ZONE_DEPENDS_ON_UNRESOLVED_CONTINUITY""]","[""Q-CONT""]",,,,extent / count not established by the source or an accepted rule,PRE-S7.1 10_REMAINING_BLOCKERS.csv
S7B-0200,QI-00307,CMP-0044,BOTTOM_BEYOND_FACE_UNRESOLVED,SP-GF_ROOF_SLAB-12,GF_ROOF_SLAB,Y,,,10,URBAN_RATE_DENSITY,5,,,248.5,BLOCKED_UNQUANTIFIED,CONTINUITY_UNRESOLVED,"[""BEYOND_FACE_DEPENDS_ON_UNRESOLVED_CONTINUITY""]","[""Q-CONT""]",,,,extent / count not established by the source or an accepted rule,PRE-S7.1 10_REMAINING_BLOCKERS.csv
S7B-0201,QI-00308,CMP-0044,BOTTOM_BEYOND_FACE_UNRESOLVED,SP-GF_ROOF_SLAB-12,GF_ROOF_SLAB,Y,SUP-GF_ROOF_SLAB-082,,10,URBAN_RATE_DENSITY,5,,,15.6,BLOCKED_UNQUANTIFIED,OBLIQUE_SUPPORT,"[""BEYOND_FACE_DEPENDS_ON_UNRESOLVED_CONTINUITY""]","[""Q-OBLIQUE""]",,,,extent / count not established by the source or an accepted rule,PRE-S7.1 10_REMAINING_BLOCKERS.csv
S7B-0202,QI-00309,CMP-0044,BOTTOM_BEYOND_FACE_UNRESOLVED,SP-GF_ROOF_SLAB-12,GF_ROOF_SLAB,Y,SUP-GF_ROOF_SLAB-158,,10,URBAN_RATE_DENSITY,5,,,2200,BLOCKED_UNQUANTIFIED,SUNKEN_LEVEL_CHANGE_CONTINUITY,"[""BEYOND_FACE_DEPENDS_ON_UNRESOLVED_CONTINUITY""]","[""Q-SUNKEN""]",,,,extent / count not established by the source or an accepted rule,PRE-S7.1 10_REMAINING_BLOCKERS.csv
S7B-0203,QI-00310,CMP-0044,BOTTOM_BEYOND_FACE_UNRESOLVED,SP-GF_ROOF_SLAB-12,GF_ROOF_SLAB,Y,SUP-GF_ROOF_SLAB-161,,10,URBAN_RATE_DENSITY,5,,,1982.9,BLOCKED_UNQUANTIFIED,SUNKEN_LEVEL_CHANGE_CONTINUITY,"[""BEYOND_FACE_DEPENDS_ON_UNRESOLVED_CONTINUITY""]","[""Q-SUNKEN""]",,,,extent / count not established by the source or an accepted rule,PRE-S7.1 10_REMAINING_BLOCKERS.csv
S7B-0204,QI-00311,CMP-0044,BOTTOM_END_ANCHORAGE,SP-GF_ROOF_SLAB-12,GF_ROOF_SLAB,Y,SUP-GF_ROOF_SLAB-168,,10,URBAN_RATE_DENSITY,5,,,450,BLOCKED_UNQUANTIFIED,ANCHORAGE_END_COVER,"[""END_ANCHORAGE_SHAPE_ONLY""]","[""Q-ANCHOR""]",,,,extent / count not established by the source or an accepted rule,PRE-S7.1 10_REMAINING_BLOCKERS.csv
S7B-0205,QI-00312,CMP-0044,BOTTOM_STOP_ZONE_UNRESOLVED,SP-GF_ROOF_SLAB-12,GF_ROOF_SLAB,Y,,,10,URBAN_RATE_DENSITY,5,,,248.5,BLOCKED_UNQUANTIFIED,CONTINUITY_UNRESOLVED,"[""STOP_ZONE_DEPENDS_ON_UNRESOLVED_CONTINUITY""]","[""Q-CONT""]",,,,extent / count not established by the source or an accepted rule,PRE-S7.1 10_REMAINING_BLOCKERS.csv
S7B-0206,QI-00313,CMP-0044,BOTTOM_STOP_ZONE_UNRESOLVED,SP-GF_ROOF_SLAB-12,GF_ROOF_SLAB,Y,SUP-GF_ROOF_SLAB-082,,10,URBAN_RATE_DENSITY,5,,,15.6,BLOCKED_UNQUANTIFIED,OBLIQUE_SUPPORT,"[""STOP_ZONE_DEPENDS_ON_UNRESOLVED_CONTINUITY""]","[""Q-OBLIQUE""]",,,,extent / count not established by the source or an accepted rule,PRE-S7.1 10_REMAINING_BLOCKERS.csv
S7B-0207,QI-00314,CMP-0044,BOTTOM_STOP_ZONE_UNRESOLVED,SP-GF_ROOF_SLAB-12,GF_ROOF_SLAB,Y,SUP-GF_ROOF_SLAB-158,,10,URBAN_RATE_DENSITY,5,,,2200,BLOCKED_UNQUANTIFIED,SUNKEN_LEVEL_CHANGE_CONTINUITY,"[""STOP_ZONE_DEPENDS_ON_UNRESOLVED_CONTINUITY""]","[""Q-SUNKEN""]",,,,extent / count not established by the source or an accepted rule,PRE-S7.1 10_REMAINING_BLOCKERS.csv
S7B-0208,QI-00315,CMP-0044,BOTTOM_STOP_ZONE_UNRESOLVED,SP-GF_ROOF_SLAB-12,GF_ROOF_SLAB,Y,SUP-GF_ROOF_SLAB-161,,10,URBAN_RATE_DENSITY,5,,,1982.9,BLOCKED_UNQUANTIFIED,SUNKEN_LEVEL_CHANGE_CONTINUITY,"[""STOP_ZONE_DEPENDS_ON_UNRESOLVED_CONTINUITY""]","[""Q-SUNKEN""]",,,,extent / count not established by the source or an accepted rule,PRE-S7.1 10_REMAINING_BLOCKERS.csv
S7B-0209,QI-00318,CMP-0048,BOTTOM_BEYOND_FACE_UNRESOLVED,SP-GF_ROOF_SLAB-14,GF_ROOF_SLAB,X,SUP-GF_ROOF_SLAB-120,,10,URBAN_RATE_DENSITY,5,,,1979.9,BLOCKED_UNQUANTIFIED,SUNKEN_LEVEL_CHANGE_CONTINUITY,"[""BEYOND_FACE_DEPENDS_ON_UNRESOLVED_CONTINUITY""]","[""Q-SUNKEN""]",,,,extent / count not established by the source or an accepted rule,PRE-S7.1 10_REMAINING_BLOCKERS.csv
S7B-0210,QI-00319,CMP-0047,BOTTOM_STOP_ZONE_UNRESOLVED,SP-GF_ROOF_SLAB-14,GF_ROOF_SLAB,X,SUP-GF_ROOF_SLAB-120,,10,URBAN_RATE_DENSITY,5,,,1979.9,BLOCKED_UNQUANTIFIED,SUNKEN_LEVEL_CHANGE_CONTINUITY,"[""STOP_ZONE_DEPENDS_ON_UNRESOLVED_CONTINUITY""]","[""Q-SUNKEN""]",,,,extent / count not established by the source or an accepted rule,PRE-S7.1 10_REMAINING_BLOCKERS.csv
S7B-0211,QI-00320,CMP-0048,BOTTOM_TRANSITION,SP-GF_ROOF_SLAB-14,GF_ROOF_SLAB,X,SUP-GF_ROOF_SLAB-003,,10,URBAN_RATE_DENSITY,5,,,1979.9,BLOCKED_UNQUANTIFIED,TRANSITION_LAP_SPLICE,"[""TRANSITION_ACROSS_SUPPORT_NOT_ESTABLISHED""]","[""Q-MISMATCH""]",,,,extent / count not established by the source or an accepted rule,PRE-S7.1 10_REMAINING_BLOCKERS.csv
S7B-0212,QI-00323,CMP-0050,BOTTOM_BEYOND_FACE_UNRESOLVED,SP-GF_ROOF_SLAB-14,GF_ROOF_SLAB,Y,SUP-GF_ROOF_SLAB-003,,10,URBAN_RATE_DENSITY,5,,,315.4,BLOCKED_UNQUANTIFIED,OBLIQUE_SUPPORT,"[""BEYOND_FACE_DEPENDS_ON_UNRESOLVED_CONTINUITY""]","[""Q-OBLIQUE""]",,,,extent / count not established by the source or an accepted rule,PRE-S7.1 10_REMAINING_BLOCKERS.csv
S7B-0213,QI-00324,CMP-0049,BOTTOM_STOP_ZONE_UNRESOLVED,SP-GF_ROOF_SLAB-14,GF_ROOF_SLAB,Y,SUP-GF_ROOF_SLAB-003,,10,URBAN_RATE_DENSITY,5,,,315.4,BLOCKED_UNQUANTIFIED,OBLIQUE_SUPPORT,"[""STOP_ZONE_DEPENDS_ON_UNRESOLVED_CONTINUITY""]","[""Q-OBLIQUE""]",,,,extent / count not established by the source or an accepted rule,PRE-S7.1 10_REMAINING_BLOCKERS.csv
S7B-0214,QI-00325,CMP-0050,BOTTOM_TRANSITION,SP-GF_ROOF_SLAB-14,GF_ROOF_SLAB,Y,SUP-GF_ROOF_SLAB-162,,10,URBAN_RATE_DENSITY,5,,,1264.9,BLOCKED_UNQUANTIFIED,TRANSITION_LAP_SPLICE,"[""TRANSITION_ACROSS_SUPPORT_NOT_ESTABLISHED""]","[""Q-MISMATCH""]",,,,extent / count not established by the source or an accepted rule,PRE-S7.1 10_REMAINING_BLOCKERS.csv
S7B-0215,QI-00326,CMP-0053,FAMILY_BLOCKED,SP-GF_ROOF_SLAB-15,GF_ROOF_SLAB,X,,,10,COUNT_UNRESOLVED,,,,,SOURCE_CONFLICT,SOURCE_CONFLICT_FAMILY,"[""COUNT_NOTATION_AMBIGUOUS_NO_PER_METRE""]","[""Q-ABSCOUNT""]",,C-04 COUNT_NOTATION_CONFLICT,,true source conflict,PRE-S7.1 10_REMAINING_BLOCKERS.csv
S7B-0216,QI-00329,CMP-0055,BOTTOM_BEYOND_FACE_UNRESOLVED,SP-GF_ROOF_SLAB-15,GF_ROOF_SLAB,Y,,,10,URBAN_RATE_DENSITY,5,,,200,BLOCKED_UNQUANTIFIED,CONTINUITY_UNRESOLVED,"[""BEYOND_FACE_DEPENDS_ON_UNRESOLVED_CONTINUITY""]","[""Q-CONT""]",,,,extent / count not established by the source or an accepted rule,PRE-S7.1 10_REMAINING_BLOCKERS.csv
S7B-0217,QI-00330,CMP-0055,BOTTOM_END_ANCHORAGE,SP-GF_ROOF_SLAB-15,GF_ROOF_SLAB,Y,SUP-GF_ROOF_SLAB-160,,10,URBAN_RATE_DENSITY,5,,,1150,BLOCKED_UNQUANTIFIED,ANCHORAGE_END_COVER,"[""END_ANCHORAGE_SHAPE_ONLY""]","[""Q-ANCHOR""]",,,,extent / count not established by the source or an accepted rule,PRE-S7.1 10_REMAINING_BLOCKERS.csv
S7B-0218,QI-00331,CMP-0054,BOTTOM_END_ANCHORAGE,SP-GF_ROOF_SLAB-15,GF_ROOF_SLAB,Y,SUP-GF_ROOF_SLAB-160,,10,URBAN_RATE_DENSITY,5,,,1150,BLOCKED_UNQUANTIFIED,ANCHORAGE_END_COVER,"[""END_ANCHORAGE_SHAPE_ONLY""]","[""Q-ANCHOR""]",,,,extent / count not established by the source or an accepted rule,PRE-S7.1 10_REMAINING_BLOCKERS.csv
S7B-0219,QI-00332,CMP-0054,BOTTOM_STOP_ZONE_UNRESOLVED,SP-GF_ROOF_SLAB-15,GF_ROOF_SLAB,Y,,,10,URBAN_RATE_DENSITY,5,,,200,BLOCKED_UNQUANTIFIED,CONTINUITY_UNRESOLVED,"[""STOP_ZONE_DEPENDS_ON_UNRESOLVED_CONTINUITY""]","[""Q-CONT""]",,,,extent / count not established by the source or an accepted rule,PRE-S7.1 10_REMAINING_BLOCKERS.csv
S7B-0220,QI-00335,CMP-0059,BOTTOM_END_ANCHORAGE,SP-GF_ROOF_SLAB-16,GF_ROOF_SLAB,X,SUP-GF_ROOF_SLAB-128,,10,URBAN_RATE_DENSITY,5,,,500,BLOCKED_UNQUANTIFIED,ANCHORAGE_END_COVER,"[""END_ANCHORAGE_SHAPE_ONLY""]","[""Q-ANCHOR""]",,,,extent / count not established by the source or an accepted rule,PRE-S7.1 10_REMAINING_BLOCKERS.csv
S7B-0221,QI-00336,CMP-0058,BOTTOM_END_ANCHORAGE,SP-GF_ROOF_SLAB-16,GF_ROOF_SLAB,X,SUP-GF_ROOF_SLAB-128,,10,URBAN_RATE_DENSITY,5,,,500,BLOCKED_UNQUANTIFIED,ANCHORAGE_END_COVER,"[""END_ANCHORAGE_SHAPE_ONLY""]","[""Q-ANCHOR""]",,,,extent / count not established by the source or an accepted rule,PRE-S7.1 10_REMAINING_BLOCKERS.csv
S7B-0222,QI-00337,CMP-0059,BOTTOM_TRANSITION,SP-GF_ROOF_SLAB-16,GF_ROOF_SLAB,X,SUP-GF_ROOF_SLAB-088,,10,URBAN_RATE_DENSITY,5,,,1750,BLOCKED_UNQUANTIFIED,TRANSITION_LAP_SPLICE,"[""TRANSITION_ACROSS_SUPPORT_NOT_ESTABLISHED""]","[""Q-MISMATCH""]",,,,extent / count not established by the source or an accepted rule,PRE-S7.1 10_REMAINING_BLOCKERS.csv
S7B-0223,QI-00340,CMP-0061,BOTTOM_BEYOND_FACE_UNRESOLVED,SP-GF_ROOF_SLAB-16,GF_ROOF_SLAB,Y,,,10,URBAN_RATE_DENSITY,5,,,200,BLOCKED_UNQUANTIFIED,CONTINUITY_UNRESOLVED,"[""BEYOND_FACE_DEPENDS_ON_UNRESOLVED_CONTINUITY""]","[""Q-CONT""]",,,,extent / count not established by the source or an accepted rule,PRE-S7.1 10_REMAINING_BLOCKERS.csv
S7B-0224,QI-00341,CMP-0061,BOTTOM_BEYOND_FACE_UNRESOLVED,SP-GF_ROOF_SLAB-16,GF_ROOF_SLAB,Y,SUP-GF_ROOF_SLAB-093,,10,URBAN_RATE_DENSITY,5,,,2400,BLOCKED_UNQUANTIFIED,CONTINUITY_UNRESOLVED,"[""BEYOND_FACE_DEPENDS_ON_UNRESOLVED_CONTINUITY""]","[""Q-CONT""]",,,,extent / count not established by the source or an accepted rule,PRE-S7.1 10_REMAINING_BLOCKERS.csv
S7B-0225,QI-00342,CMP-0061,BOTTOM_END_ANCHORAGE,SP-GF_ROOF_SLAB-16,GF_ROOF_SLAB,Y,SUP-GF_ROOF_SLAB-093,,10,URBAN_RATE_DENSITY,5,,,100,BLOCKED_UNQUANTIFIED,ANCHORAGE_END_COVER,"[""END_ANCHORAGE_SHAPE_ONLY""]","[""Q-ANCHOR""]",,,,extent / count not established by the source or an accepted rule,PRE-S7.1 10_REMAINING_BLOCKERS.csv
S7B-0226,QI-00343,CMP-0061,BOTTOM_END_ANCHORAGE,SP-GF_ROOF_SLAB-16,GF_ROOF_SLAB,Y,SUP-GF_ROOF_SLAB-141,,10,URBAN_RATE_DENSITY,5,,,600,BLOCKED_UNQUANTIFIED,ANCHORAGE_END_COVER,"[""END_ANCHORAGE_SHAPE_ONLY""]","[""Q-ANCHOR""]",,,,extent / count not established by the source or an accepted rule,PRE-S7.1 10_REMAINING_BLOCKERS.csv
S7B-0227,QI-00344,CMP-0060,BOTTOM_END_ANCHORAGE,SP-GF_ROOF_SLAB-16,GF_ROOF_SLAB,Y,SUP-GF_ROOF_SLAB-093,,10,URBAN_RATE_DENSITY,5,,,100,BLOCKED_UNQUANTIFIED,ANCHORAGE_END_COVER,"[""END_ANCHORAGE_SHAPE_ONLY""]","[""Q-ANCHOR""]",,,,extent / count not established by the source or an accepted rule,PRE-S7.1 10_REMAINING_BLOCKERS.csv
S7B-0228,QI-00345,CMP-0060,BOTTOM_END_ANCHORAGE,SP-GF_ROOF_SLAB-16,GF_ROOF_SLAB,Y,SUP-GF_ROOF_SLAB-141,,10,URBAN_RATE_DENSITY,5,,,600,BLOCKED_UNQUANTIFIED,ANCHORAGE_END_COVER,"[""END_ANCHORAGE_SHAPE_ONLY""]","[""Q-ANCHOR""]",,,,extent / count not established by the source or an accepted rule,PRE-S7.1 10_REMAINING_BLOCKERS.csv
S7B-0229,QI-00346,CMP-0060,BOTTOM_STOP_ZONE_UNRESOLVED,SP-GF_ROOF_SLAB-16,GF_ROOF_SLAB,Y,,,10,URBAN_RATE_DENSITY,5,,,200,BLOCKED_UNQUANTIFIED,CONTINUITY_UNRESOLVED,"[""STOP_ZONE_DEPENDS_ON_UNRESOLVED_CONTINUITY""]","[""Q-CONT""]",,,,extent / count not established by the source or an accepted rule,PRE-S7.1 10_REMAINING_BLOCKERS.csv
S7B-0230,QI-00347,CMP-0060,BOTTOM_STOP_ZONE_UNRESOLVED,SP-GF_ROOF_SLAB-16,GF_ROOF_SLAB,Y,SUP-GF_ROOF_SLAB-093,,10,URBAN_RATE_DENSITY,5,,,2400,BLOCKED_UNQUANTIFIED,CONTINUITY_UNRESOLVED,"[""STOP_ZONE_DEPENDS_ON_UNRESOLVED_CONTINUITY""]","[""Q-CONT""]",,,,extent / count not established by the source or an accepted rule,PRE-S7.1 10_REMAINING_BLOCKERS.csv
S7B-0231,QI-00348,CMP-0061,BOTTOM_TRANSITION,SP-GF_ROOF_SLAB-16,GF_ROOF_SLAB,Y,SUP-GF_ROOF_SLAB-139,,10,URBAN_RATE_DENSITY,5,,,3300,BLOCKED_UNQUANTIFIED,TRANSITION_LAP_SPLICE,"[""TRANSITION_ACROSS_SUPPORT_NOT_ESTABLISHED""]","[""Q-MISMATCH""]",,,,extent / count not established by the source or an accepted rule,PRE-S7.1 10_REMAINING_BLOCKERS.csv
S7B-0232,QI-00351,CMP-0065,BOTTOM_BEYOND_FACE_UNRESOLVED,SP-GF_ROOF_SLAB-17,GF_ROOF_SLAB,X,SUP-GF_ROOF_SLAB-153,,10,URBAN_RATE_DENSITY,6,,,709.5,BLOCKED_UNQUANTIFIED,OBLIQUE_SUPPORT,"[""BEYOND_FACE_DEPENDS_ON_UNRESOLVED_CONTINUITY""]","[""Q-OBLIQUE""]",,,,extent / count not established by the source or an accepted rule,PRE-S7.1 10_REMAINING_BLOCKERS.csv
S7B-0233,QI-00352,CMP-0064,BOTTOM_STOP_ZONE_UNRESOLVED,SP-GF_ROOF_SLAB-17,GF_ROOF_SLAB,X,SUP-GF_ROOF_SLAB-153,,10,URBAN_RATE_DENSITY,6,,,709.5,BLOCKED_UNQUANTIFIED,OBLIQUE_SUPPORT,"[""STOP_ZONE_DEPENDS_ON_UNRESOLVED_CONTINUITY""]","[""Q-OBLIQUE""]",,,,extent / count not established by the source or an accepted rule,PRE-S7.1 10_REMAINING_BLOCKERS.csv
S7B-0234,QI-00353,CMP-0065,BOTTOM_TRANSITION,SP-GF_ROOF_SLAB-17,GF_ROOF_SLAB,X,SUP-GF_ROOF_SLAB-003,,10,URBAN_RATE_DENSITY,6,,,3300,BLOCKED_UNQUANTIFIED,TRANSITION_LAP_SPLICE,"[""TRANSITION_ACROSS_SUPPORT_NOT_ESTABLISHED""]","[""Q-MISMATCH""]",,,,extent / count not established by the source or an accepted rule,PRE-S7.1 10_REMAINING_BLOCKERS.csv
S7B-0235,QI-00354,CMP-0065,BOTTOM_TRANSITION,SP-GF_ROOF_SLAB-17,GF_ROOF_SLAB,X,SUP-GF_ROOF_SLAB-108,,10,URBAN_RATE_DENSITY,6,,,2590.5,BLOCKED_UNQUANTIFIED,TRANSITION_LAP_SPLICE,"[""TRANSITION_ACROSS_SUPPORT_NOT_ESTABLISHED""]","[""Q-MISMATCH""]",,,,extent / count not established by the source or an accepted rule,PRE-S7.1 10_REMAINING_BLOCKERS.csv
S7B-0236,QI-00357,CMP-0067,BOTTOM_BEYOND_FACE_UNRESOLVED,SP-GF_ROOF_SLAB-17,GF_ROOF_SLAB,Y,SUP-GF_ROOF_SLAB-003,,12,URBAN_RATE_DENSITY,7,,,525.7,BLOCKED_UNQUANTIFIED,OBLIQUE_SUPPORT,"[""BEYOND_FACE_DEPENDS_ON_UNRESOLVED_CONTINUITY""]","[""Q-OBLIQUE""]",,,,extent / count not established by the source or an accepted rule,PRE-S7.1 10_REMAINING_BLOCKERS.csv
S7B-0237,QI-00358,CMP-0067,BOTTOM_BEYOND_FACE_UNRESOLVED,SP-GF_ROOF_SLAB-17,GF_ROOF_SLAB,Y,SUP-GF_ROOF_SLAB-148,,12,URBAN_RATE_DENSITY,7,,,4171.2,BLOCKED_UNQUANTIFIED,CONTINUITY_UNRESOLVED,"[""BEYOND_FACE_DEPENDS_ON_UNRESOLVED_CONTINUITY""]","[""Q-CONT""]",,,,extent / count not established by the source or an accepted rule,PRE-S7.1 10_REMAINING_BLOCKERS.csv
S7B-0238,QI-00359,CMP-0067,BOTTOM_BEYOND_FACE_UNRESOLVED,SP-GF_ROOF_SLAB-17,GF_ROOF_SLAB,Y,SUP-GF_ROOF_SLAB-169,,12,URBAN_RATE_DENSITY,7,,,269.6,BLOCKED_UNQUANTIFIED,CONTINUITY_UNRESOLVED,"[""BEYOND_FACE_DEPENDS_ON_UNRESOLVED_CONTINUITY""]","[""Q-CONT""]",,,,extent / count not established by the source or an accepted rule,PRE-S7.1 10_REMAINING_BLOCKERS.csv
S7B-0239,QI-00360,CMP-0066,BOTTOM_STOP_ZONE_UNRESOLVED,SP-GF_ROOF_SLAB-17,GF_ROOF_SLAB,Y,SUP-GF_ROOF_SLAB-003,,12,URBAN_RATE_DENSITY,7,,,525.7,BLOCKED_UNQUANTIFIED,OBLIQUE_SUPPORT,"[""STOP_ZONE_DEPENDS_ON_UNRESOLVED_CONTINUITY""]","[""Q-OBLIQUE""]",,,,extent / count not established by the source or an accepted rule,PRE-S7.1 10_REMAINING_BLOCKERS.csv
S7B-0240,QI-00361,CMP-0066,BOTTOM_STOP_ZONE_UNRESOLVED,SP-GF_ROOF_SLAB-17,GF_ROOF_SLAB,Y,SUP-GF_ROOF_SLAB-148,,12,URBAN_RATE_DENSITY,7,,,4171.2,BLOCKED_UNQUANTIFIED,CONTINUITY_UNRESOLVED,"[""STOP_ZONE_DEPENDS_ON_UNRESOLVED_CONTINUITY""]","[""Q-CONT""]",,,,extent / count not established by the source or an accepted rule,PRE-S7.1 10_REMAINING_BLOCKERS.csv
S7B-0241,QI-00362,CMP-0066,BOTTOM_STOP_ZONE_UNRESOLVED,SP-GF_ROOF_SLAB-17,GF_ROOF_SLAB,Y,SUP-GF_ROOF_SLAB-169,,12,URBAN_RATE_DENSITY,7,,,269.6,BLOCKED_UNQUANTIFIED,CONTINUITY_UNRESOLVED,"[""STOP_ZONE_DEPENDS_ON_UNRESOLVED_CONTINUITY""]","[""Q-CONT""]",,,,extent / count not established by the source or an accepted rule,PRE-S7.1 10_REMAINING_BLOCKERS.csv
S7B-0242,QI-00363,CMP-0067,BOTTOM_TRANSITION,SP-GF_ROOF_SLAB-17,GF_ROOF_SLAB,Y,SUP-GF_ROOF_SLAB-153,,12,URBAN_RATE_DENSITY,7,,,3376,BLOCKED_UNQUANTIFIED,TRANSITION_LAP_SPLICE,"[""TRANSITION_ACROSS_SUPPORT_NOT_ESTABLISHED""]","[""Q-MISMATCH""]",,,,extent / count not established by the source or an accepted rule,PRE-S7.1 10_REMAINING_BLOCKERS.csv
S7B-0243,QI-00366,CMP-0071,BOTTOM_BEYOND_FACE_UNRESOLVED,SP-GF_ROOF_SLAB-18,GF_ROOF_SLAB,X,SUP-GF_ROOF_SLAB-154,,10,URBAN_RATE_DENSITY,5,,,298.4,BLOCKED_UNQUANTIFIED,OBLIQUE_SUPPORT,"[""BEYOND_FACE_DEPENDS_ON_UNRESOLVED_CONTINUITY""]","[""Q-OBLIQUE""]",,,,extent / count not established by the source or an accepted rule,PRE-S7.1 10_REMAINING_BLOCKERS.csv
S7B-0244,QI-00367,CMP-0070,BOTTOM_STOP_ZONE_UNRESOLVED,SP-GF_ROOF_SLAB-18,GF_ROOF_SLAB,X,SUP-GF_ROOF_SLAB-154,,10,URBAN_RATE_DENSITY,5,,,298.4,BLOCKED_UNQUANTIFIED,OBLIQUE_SUPPORT,"[""STOP_ZONE_DEPENDS_ON_UNRESOLVED_CONTINUITY""]","[""Q-OBLIQUE""]",,,,extent / count not established by the source or an accepted rule,PRE-S7.1 10_REMAINING_BLOCKERS.csv
S7B-0245,QI-00368,CMP-0071,BOTTOM_TRANSITION,SP-GF_ROOF_SLAB-18,GF_ROOF_SLAB,X,SUP-GF_ROOF_SLAB-077,,10,URBAN_RATE_DENSITY,5,,,800,BLOCKED_UNQUANTIFIED,TRANSITION_LAP_SPLICE,"[""TRANSITION_ACROSS_SUPPORT_NOT_ESTABLISHED""]","[""Q-MISMATCH""]",,,,extent / count not established by the source or an accepted rule,PRE-S7.1 10_REMAINING_BLOCKERS.csv
S7B-0246,QI-00369,CMP-0071,BOTTOM_TRANSITION,SP-GF_ROOF_SLAB-18,GF_ROOF_SLAB,X,SUP-GF_ROOF_SLAB-108,,10,URBAN_RATE_DENSITY,5,,,2548.4,BLOCKED_UNQUANTIFIED,TRANSITION_LAP_SPLICE,"[""TRANSITION_ACROSS_SUPPORT_NOT_ESTABLISHED""]","[""Q-MISMATCH""]",,,,extent / count not established by the source or an accepted rule,PRE-S7.1 10_REMAINING_BLOCKERS.csv
S7B-0247,QI-00372,CMP-0073,BOTTOM_BEYOND_FACE_UNRESOLVED,SP-GF_ROOF_SLAB-18,GF_ROOF_SLAB,Y,,,10,URBAN_RATE_DENSITY,5,,,250,BLOCKED_UNQUANTIFIED,CONTINUITY_UNRESOLVED,"[""BEYOND_FACE_DEPENDS_ON_UNRESOLVED_CONTINUITY""]","[""Q-CONT""]",,,,extent / count not established by the source or an accepted rule,PRE-S7.1 10_REMAINING_BLOCKERS.csv
S7B-0248,QI-00373,CMP-0073,BOTTOM_BEYOND_FACE_UNRESOLVED,SP-GF_ROOF_SLAB-18,GF_ROOF_SLAB,Y,SUP-GF_ROOF_SLAB-149,,10,URBAN_RATE_DENSITY,5,,,2370,BLOCKED_UNQUANTIFIED,CONTINUITY_UNRESOLVED,"[""BEYOND_FACE_DEPENDS_ON_UNRESOLVED_CONTINUITY""]","[""Q-CONT""]",,,,extent / count not established by the source or an accepted rule,PRE-S7.1 10_REMAINING_BLOCKERS.csv
S7B-0249,QI-00374,CMP-0073,BOTTOM_END_ANCHORAGE,SP-GF_ROOF_SLAB-18,GF_ROOF_SLAB,Y,SUP-GF_ROOF_SLAB-142,,10,URBAN_RATE_DENSITY,5,,,700,BLOCKED_UNQUANTIFIED,ANCHORAGE_END_COVER,"[""END_ANCHORAGE_SHAPE_ONLY""]","[""Q-ANCHOR""]",,,,extent / count not established by the source or an accepted rule,PRE-S7.1 10_REMAINING_BLOCKERS.csv
S7B-0250,QI-00375,CMP-0072,BOTTOM_END_ANCHORAGE,SP-GF_ROOF_SLAB-18,GF_ROOF_SLAB,Y,SUP-GF_ROOF_SLAB-142,,10,URBAN_RATE_DENSITY,5,,,700,BLOCKED_UNQUANTIFIED,ANCHORAGE_END_COVER,"[""END_ANCHORAGE_SHAPE_ONLY""]","[""Q-ANCHOR""]",,,,extent / count not established by the source or an accepted rule,PRE-S7.1 10_REMAINING_BLOCKERS.csv
S7B-0251,QI-00376,CMP-0072,BOTTOM_STOP_ZONE_UNRESOLVED,SP-GF_ROOF_SLAB-18,GF_ROOF_SLAB,Y,,,10,URBAN_RATE_DENSITY,5,,,250,BLOCKED_UNQUANTIFIED,CONTINUITY_UNRESOLVED,"[""STOP_ZONE_DEPENDS_ON_UNRESOLVED_CONTINUITY""]","[""Q-CONT""]",,,,extent / count not established by the source or an accepted rule,PRE-S7.1 10_REMAINING_BLOCKERS.csv
S7B-0252,QI-00377,CMP-0072,BOTTOM_STOP_ZONE_UNRESOLVED,SP-GF_ROOF_SLAB-18,GF_ROOF_SLAB,Y,SUP-GF_ROOF_SLAB-149,,10,URBAN_RATE_DENSITY,5,,,2370,BLOCKED_UNQUANTIFIED,CONTINUITY_UNRESOLVED,"[""STOP_ZONE_DEPENDS_ON_UNRESOLVED_CONTINUITY""]","[""Q-CONT""]",,,,extent / count not established by the source or an accepted rule,PRE-S7.1 10_REMAINING_BLOCKERS.csv
S7B-0253,QI-00381,CMP-0076,BOTTOM_BEYOND_FACE_UNRESOLVED,SP-GF_ROOF_SLAB-19,GF_ROOF_SLAB,X,,,10,URBAN_RATE_DENSITY,5,,,1300,BLOCKED_UNQUANTIFIED,CONTINUITY_UNRESOLVED,"[""BEYOND_FACE_DEPENDS_ON_UNRESOLVED_CONTINUITY""]","[""Q-CONT""]",,,,extent / count not established by the source or an accepted rule,PRE-S7.1 10_REMAINING_BLOCKERS.csv
S7B-0254,QI-00382,CMP-0076,BOTTOM_END_ANCHORAGE,SP-GF_ROOF_SLAB-19,GF_ROOF_SLAB,X,SUP-GF_ROOF_SLAB-068,,10,URBAN_RATE_DENSITY,5,,,500,BLOCKED_UNQUANTIFIED,ANCHORAGE_END_COVER,"[""END_ANCHORAGE_SHAPE_ONLY""]","[""Q-ANCHOR""]",,,,extent / count not established by the source or an accepted rule,PRE-S7.1 10_REMAINING_BLOCKERS.csv
S7B-0255,QI-00383,CMP-0076,BOTTOM_END_ANCHORAGE,SP-GF_ROOF_SLAB-19,GF_ROOF_SLAB,X,SUP-GF_ROOF_SLAB-070,,10,URBAN_RATE_DENSITY,5,,,1400,BLOCKED_UNQUANTIFIED,ANCHORAGE_END_COVER,"[""END_ANCHORAGE_SHAPE_ONLY""]","[""Q-ANCHOR""]",,,,extent / count not established by the source or an accepted rule,PRE-S7.1 10_REMAINING_BLOCKERS.csv
S7B-0256,QI-00384,CMP-0076,BOTTOM_STOP_ZONE_UNRESOLVED,SP-GF_ROOF_SLAB-19,GF_ROOF_SLAB,X,,,10,URBAN_RATE_DENSITY,5,,,1300,BLOCKED_UNQUANTIFIED,CONTINUITY_UNRESOLVED,"[""STOP_ZONE_DEPENDS_ON_UNRESOLVED_CONTINUITY""]","[""Q-CONT""]",,,,extent / count not established by the source or an accepted rule,PRE-S7.1 10_REMAINING_BLOCKERS.csv
S7B-0257,QI-00387,CMP-0078,BOTTOM_BEYOND_FACE_UNRESOLVED,SP-GF_ROOF_SLAB-19,GF_ROOF_SLAB,Y,,,10,URBAN_RATE_DENSITY,6,,,1100,BLOCKED_UNQUANTIFIED,CONTINUITY_UNRESOLVED,"[""BEYOND_FACE_DEPENDS_ON_UNRESOLVED_CONTINUITY""]","[""Q-CONT""]",,,,extent / count not established by the source or an accepted rule,PRE-S7.1 10_REMAINING_BLOCKERS.csv
S7B-0258,QI-00388,CMP-0078,BOTTOM_END_ANCHORAGE,SP-GF_ROOF_SLAB-19,GF_ROOF_SLAB,Y,SUP-GF_ROOF_SLAB-042,,10,URBAN_RATE_DENSITY,6,,,2900,BLOCKED_UNQUANTIFIED,ANCHORAGE_END_COVER,"[""END_ANCHORAGE_SHAPE_ONLY""]","[""Q-ANCHOR""]",,,,extent / count not established by the source or an accepted rule,PRE-S7.1 10_REMAINING_BLOCKERS.csv
S7B-0259,QI-00389,CMP-0077,BOTTOM_END_ANCHORAGE,SP-GF_ROOF_SLAB-19,GF_ROOF_SLAB,Y,SUP-GF_ROOF_SLAB-042,,10,URBAN_RATE_DENSITY,6,,,2900,BLOCKED_UNQUANTIFIED,ANCHORAGE_END_COVER,"[""END_ANCHORAGE_SHAPE_ONLY""]","[""Q-ANCHOR""]",,,,extent / count not established by the source or an accepted rule,PRE-S7.1 10_REMAINING_BLOCKERS.csv
S7B-0260,QI-00390,CMP-0077,BOTTOM_STOP_ZONE_UNRESOLVED,SP-GF_ROOF_SLAB-19,GF_ROOF_SLAB,Y,,,10,URBAN_RATE_DENSITY,6,,,1100,BLOCKED_UNQUANTIFIED,CONTINUITY_UNRESOLVED,"[""STOP_ZONE_DEPENDS_ON_UNRESOLVED_CONTINUITY""]","[""Q-CONT""]",,,,extent / count not established by the source or an accepted rule,PRE-S7.1 10_REMAINING_BLOCKERS.csv
S7B-0261,QI-00393,CMP-0082,BOTTOM_END_ANCHORAGE,SP-GF_ROOF_SLAB-20,GF_ROOF_SLAB,X,SUP-GF_ROOF_SLAB-060,,10,URBAN_RATE_DENSITY,6,,,3700,BLOCKED_UNQUANTIFIED,ANCHORAGE_END_COVER,"[""END_ANCHORAGE_SHAPE_ONLY""]","[""Q-ANCHOR""]",,,,extent / count not established by the source or an accepted rule,PRE-S7.1 10_REMAINING_BLOCKERS.csv
S7B-0262,QI-00394,CMP-0081,BOTTOM_END_ANCHORAGE,SP-GF_ROOF_SLAB-20,GF_ROOF_SLAB,X,SUP-GF_ROOF_SLAB-060,,10,URBAN_RATE_DENSITY,6,,,3700,BLOCKED_UNQUANTIFIED,ANCHORAGE_END_COVER,"[""END_ANCHORAGE_SHAPE_ONLY""]","[""Q-ANCHOR""]",,,,extent / count not established by the source or an accepted rule,PRE-S7.1 10_REMAINING_BLOCKERS.csv
S7B-0263,QI-00395,CMP-0082,BOTTOM_TRANSITION,SP-GF_ROOF_SLAB-20,GF_ROOF_SLAB,X,SUP-GF_ROOF_SLAB-088,,10,URBAN_RATE_DENSITY,6,,,1950,BLOCKED_UNQUANTIFIED,TRANSITION_LAP_SPLICE,"[""TRANSITION_ACROSS_SUPPORT_NOT_ESTABLISHED""]","[""Q-MISMATCH""]",,,,extent / count not established by the source or an accepted rule,PRE-S7.1 10_REMAINING_BLOCKERS.csv
S7B-0264,QI-00396,CMP-0082,BOTTOM_TRANSITION,SP-GF_ROOF_SLAB-20,GF_ROOF_SLAB,X,SUP-GF_ROOF_SLAB-089,,10,URBAN_RATE_DENSITY,6,,,1750,BLOCKED_UNQUANTIFIED,TRANSITION_LAP_SPLICE,"[""TRANSITION_ACROSS_SUPPORT_NOT_ESTABLISHED""]","[""Q-MISMATCH""]",,,,extent / count not established by the source or an accepted rule,PRE-S7.1 10_REMAINING_BLOCKERS.csv
S7B-0265,QI-00400,CMP-0083,BOTTOM_BEYOND_FACE_UNRESOLVED,SP-GF_ROOF_SLAB-20,GF_ROOF_SLAB,Y,SUP-GF_ROOF_SLAB-038,,10,URBAN_RATE_DENSITY,7,,,1900,BLOCKED_UNQUANTIFIED,SUNKEN_LEVEL_CHANGE_CONTINUITY,"[""BEYOND_FACE_DEPENDS_ON_UNRESOLVED_CONTINUITY""]","[""Q-SUNKEN""]",,,,extent / count not established by the source or an accepted rule,PRE-S7.1 10_REMAINING_BLOCKERS.csv
S7B-0266,QI-00401,CMP-0083,BOTTOM_BEYOND_FACE_UNRESOLVED,SP-GF_ROOF_SLAB-20,GF_ROOF_SLAB,Y,SUP-GF_ROOF_SLAB-039,,10,URBAN_RATE_DENSITY,7,,,1365.9,BLOCKED_UNQUANTIFIED,SUNKEN_LEVEL_CHANGE_CONTINUITY,"[""BEYOND_FACE_DEPENDS_ON_UNRESOLVED_CONTINUITY""]","[""Q-SUNKEN""]",,,,extent / count not established by the source or an accepted rule,PRE-S7.1 10_REMAINING_BLOCKERS.csv
S7B-0267,QI-00402,CMP-0083,BOTTOM_END_ANCHORAGE,SP-GF_ROOF_SLAB-20,GF_ROOF_SLAB,Y,SUP-GF_ROOF_SLAB-028,,10,URBAN_RATE_DENSITY,7,,,934.1,BLOCKED_UNQUANTIFIED,ANCHORAGE_END_COVER,"[""END_ANCHORAGE_SHAPE_ONLY""]","[""Q-ANCHOR""]",,,,extent / count not established by the source or an accepted rule,PRE-S7.1 10_REMAINING_BLOCKERS.csv
S7B-0268,QI-00403,CMP-0083,BOTTOM_END_ANCHORAGE,SP-GF_ROOF_SLAB-20,GF_ROOF_SLAB,Y,SUP-GF_ROOF_SLAB-094,,10,URBAN_RATE_DENSITY,7,,,4200,BLOCKED_UNQUANTIFIED,ANCHORAGE_END_COVER,"[""END_ANCHORAGE_SHAPE_ONLY""]","[""Q-ANCHOR""]",,,,extent / count not established by the source or an accepted rule,PRE-S7.1 10_REMAINING_BLOCKERS.csv
S7B-0269,QI-00404,CMP-0083,BOTTOM_STOP_ZONE_UNRESOLVED,SP-GF_ROOF_SLAB-20,GF_ROOF_SLAB,Y,SUP-GF_ROOF_SLAB-038,,10,URBAN_RATE_DENSITY,7,,,1900,BLOCKED_UNQUANTIFIED,SUNKEN_LEVEL_CHANGE_CONTINUITY,"[""STOP_ZONE_DEPENDS_ON_UNRESOLVED_CONTINUITY""]","[""Q-SUNKEN""]",,,,extent / count not established by the source or an accepted rule,PRE-S7.1 10_REMAINING_BLOCKERS.csv
S7B-0270,QI-00405,CMP-0083,BOTTOM_STOP_ZONE_UNRESOLVED,SP-GF_ROOF_SLAB-20,GF_ROOF_SLAB,Y,SUP-GF_ROOF_SLAB-039,,10,URBAN_RATE_DENSITY,7,,,1365.9,BLOCKED_UNQUANTIFIED,SUNKEN_LEVEL_CHANGE_CONTINUITY,"[""STOP_ZONE_DEPENDS_ON_UNRESOLVED_CONTINUITY""]","[""Q-SUNKEN""]",,,,extent / count not established by the source or an accepted rule,PRE-S7.1 10_REMAINING_BLOCKERS.csv
S7B-0271,QI-00406,CMP-0087,FAMILY_BLOCKED,SP-GF_ROOF_SLAB-22,GF_ROOF_SLAB,X,,,10,COUNT_UNRESOLVED,,,,,SOURCE_CONFLICT,SOURCE_CONFLICT_FAMILY,"[""SOURCE_CONFLICT_TWO_CALLOUTS_ONE_DIRECTION""]","[""Q-TWOCALL""]",,C-03 MULTIPLE_CANDIDATE_BINDINGS,,true source conflict,PRE-S7.1 10_REMAINING_BLOCKERS.csv
S7B-0272,QI-00407,CMP-0086,FAMILY_BLOCKED,SP-GF_ROOF_SLAB-22,GF_ROOF_SLAB,X,,,10,COUNT_UNRESOLVED,,,,,SOURCE_CONFLICT,SOURCE_CONFLICT_FAMILY,"[""SOURCE_CONFLICT_TWO_CALLOUTS_ONE_DIRECTION""]","[""Q-TWOCALL""]",,C-03 MULTIPLE_CANDIDATE_BINDINGS,,true source conflict,PRE-S7.1 10_REMAINING_BLOCKERS.csv
S7B-0273,QI-00410,CMP-0089,BOTTOM_BEYOND_FACE_UNRESOLVED,SP-GF_ROOF_SLAB-22,GF_ROOF_SLAB,Y,SUP-GF_ROOF_SLAB-004,,10,URBAN_RATE_DENSITY,6,,,820.4,BLOCKED_UNQUANTIFIED,OBLIQUE_SUPPORT,"[""BEYOND_FACE_DEPENDS_ON_UNRESOLVED_CONTINUITY""]","[""Q-OBLIQUE""]",,,,extent / count not established by the source or an accepted rule,PRE-S7.1 10_REMAINING_BLOCKERS.csv
S7B-0274,QI-00411,CMP-0089,BOTTOM_BEYOND_FACE_UNRESOLVED,SP-GF_ROOF_SLAB-22,GF_ROOF_SLAB,Y,SUP-GF_ROOF_SLAB-083,,10,URBAN_RATE_DENSITY,6,,,133.8,BLOCKED_UNQUANTIFIED,OBLIQUE_SUPPORT,"[""BEYOND_FACE_DEPENDS_ON_UNRESOLVED_CONTINUITY""]","[""Q-OBLIQUE""]",,,,extent / count not established by the source or an accepted rule,PRE-S7.1 10_REMAINING_BLOCKERS.csv
S7B-0275,QI-00412,CMP-0089,BOTTOM_BEYOND_FACE_UNRESOLVED,SP-GF_ROOF_SLAB-22,GF_ROOF_SLAB,Y,SUP-GF_ROOF_SLAB-161,,10,URBAN_RATE_DENSITY,6,,,2177.7,BLOCKED_UNQUANTIFIED,SUNKEN_LEVEL_CHANGE_CONTINUITY,"[""BEYOND_FACE_DEPENDS_ON_UNRESOLVED_CONTINUITY""]","[""Q-SUNKEN""]",,,,extent / count not established by the source or an accepted rule,PRE-S7.1 10_REMAINING_BLOCKERS.csv
S7B-0276,QI-00413,CMP-0088,BOTTOM_STOP_ZONE_UNRESOLVED,SP-GF_ROOF_SLAB-22,GF_ROOF_SLAB,Y,SUP-GF_ROOF_SLAB-004,,10,URBAN_RATE_DENSITY,6,,,820.4,BLOCKED_UNQUANTIFIED,OBLIQUE_SUPPORT,"[""STOP_ZONE_DEPENDS_ON_UNRESOLVED_CONTINUITY""]","[""Q-OBLIQUE""]",,,,extent / count not established by the source or an accepted rule,PRE-S7.1 10_REMAINING_BLOCKERS.csv
S7B-0277,QI-00414,CMP-0088,BOTTOM_STOP_ZONE_UNRESOLVED,SP-GF_ROOF_SLAB-22,GF_ROOF_SLAB,Y,SUP-GF_ROOF_SLAB-083,,10,URBAN_RATE_DENSITY,6,,,133.8,BLOCKED_UNQUANTIFIED,OBLIQUE_SUPPORT,"[""STOP_ZONE_DEPENDS_ON_UNRESOLVED_CONTINUITY""]","[""Q-OBLIQUE""]",,,,extent / count not established by the source or an accepted rule,PRE-S7.1 10_REMAINING_BLOCKERS.csv
S7B-0278,QI-00415,CMP-0088,BOTTOM_STOP_ZONE_UNRESOLVED,SP-GF_ROOF_SLAB-22,GF_ROOF_SLAB,Y,SUP-GF_ROOF_SLAB-161,,10,URBAN_RATE_DENSITY,6,,,2177.7,BLOCKED_UNQUANTIFIED,SUNKEN_LEVEL_CHANGE_CONTINUITY,"[""STOP_ZONE_DEPENDS_ON_UNRESOLVED_CONTINUITY""]","[""Q-SUNKEN""]",,,,extent / count not established by the source or an accepted rule,PRE-S7.1 10_REMAINING_BLOCKERS.csv
S7B-0279,QI-00416,CMP-0089,BOTTOM_TRANSITION,SP-GF_ROOF_SLAB-22,GF_ROOF_SLAB,Y,SUP-GF_ROOF_SLAB-097,,10,URBAN_RATE_DENSITY,6,,,2456.6,BLOCKED_UNQUANTIFIED,TRANSITION_LAP_SPLICE,"[""TRANSITION_ACROSS_SUPPORT_NOT_ESTABLISHED""]","[""Q-MISMATCH""]",,,,extent / count not established by the source or an accepted rule,PRE-S7.1 10_REMAINING_BLOCKERS.csv
S7B-0280,QI-00417,CMP-0089,BOTTOM_TRANSITION,SP-GF_ROOF_SLAB-22,GF_ROOF_SLAB,Y,SUP-GF_ROOF_SLAB-162,,10,URBAN_RATE_DENSITY,6,,,1233,BLOCKED_UNQUANTIFIED,TRANSITION_LAP_SPLICE,"[""TRANSITION_ACROSS_SUPPORT_NOT_ESTABLISHED""]","[""Q-MISMATCH""]",,,,extent / count not established by the source or an accepted rule,PRE-S7.1 10_REMAINING_BLOCKERS.csv
S7B-0281,QI-00420,CMP-0093,BOTTOM_BEYOND_FACE_UNRESOLVED,SP-GF_ROOF_SLAB-23,GF_ROOF_SLAB,X,,,10,URBAN_RATE_DENSITY,6,,,50,BLOCKED_UNQUANTIFIED,CONTINUITY_UNRESOLVED,"[""BEYOND_FACE_DEPENDS_ON_UNRESOLVED_CONTINUITY""]","[""Q-CONT""]",,,,extent / count not established by the source or an accepted rule,PRE-S7.1 10_REMAINING_BLOCKERS.csv
S7B-0282,QI-00421,CMP-0093,BOTTOM_BEYOND_FACE_UNRESOLVED,SP-GF_ROOF_SLAB-23,GF_ROOF_SLAB,X,SUP-GF_ROOF_SLAB-082,,10,URBAN_RATE_DENSITY,6,,,600,BLOCKED_UNQUANTIFIED,SUNKEN_LEVEL_CHANGE_CONTINUITY,"[""BEYOND_FACE_DEPENDS_ON_UNRESOLVED_CONTINUITY""]","[""Q-SUNKEN""]",,,,extent / count not established by the source or an accepted rule,PRE-S7.1 10_REMAINING_BLOCKERS.csv
S7B-0283,QI-00422,CMP-0093,BOTTOM_END_ANCHORAGE,SP-GF_ROOF_SLAB-23,GF_ROOF_SLAB,X,SUP-GF_ROOF_SLAB-052,,10,URBAN_RATE_DENSITY,6,,,7500,BLOCKED_UNQUANTIFIED,ANCHORAGE_END_COVER,"[""END_ANCHORAGE_SHAPE_ONLY""]","[""Q-ANCHOR""]",,,,extent / count not established by the source or an accepted rule,PRE-S7.1 10_REMAINING_BLOCKERS.csv
S7B-0284,QI-00423,CMP-0092,BOTTOM_END_ANCHORAGE,SP-GF_ROOF_SLAB-23,GF_ROOF_SLAB,X,SUP-GF_ROOF_SLAB-052,,10,URBAN_RATE_DENSITY,6,,,7500,BLOCKED_UNQUANTIFIED,ANCHORAGE_END_COVER,"[""END_ANCHORAGE_SHAPE_ONLY""]","[""Q-ANCHOR""]",,,,extent / count not established by the source or an accepted rule,PRE-S7.1 10_REMAINING_BLOCKERS.csv
S7B-0285,QI-00424,CMP-0092,BOTTOM_STOP_ZONE_UNRESOLVED,SP-GF_ROOF_SLAB-23,GF_ROOF_SLAB,X,,,10,URBAN_RATE_DENSITY,6,,,50,BLOCKED_UNQUANTIFIED,CONTINUITY_UNRESOLVED,"[""STOP_ZONE_DEPENDS_ON_UNRESOLVED_CONTINUITY""]","[""Q-CONT""]",,,,extent / count not established by the source or an accepted rule,PRE-S7.1 10_REMAINING_BLOCKERS.csv
S7B-0286,QI-00425,CMP-0092,BOTTOM_STOP_ZONE_UNRESOLVED,SP-GF_ROOF_SLAB-23,GF_ROOF_SLAB,X,SUP-GF_ROOF_SLAB-082,,10,URBAN_RATE_DENSITY,6,,,600,BLOCKED_UNQUANTIFIED,SUNKEN_LEVEL_CHANGE_CONTINUITY,"[""STOP_ZONE_DEPENDS_ON_UNRESOLVED_CONTINUITY""]","[""Q-SUNKEN""]",,,,extent / count not established by the source or an accepted rule,PRE-S7.1 10_REMAINING_BLOCKERS.csv
S7B-0287,QI-00426,CMP-0093,BOTTOM_TRANSITION,SP-GF_ROOF_SLAB-23,GF_ROOF_SLAB,X,SUP-GF_ROOF_SLAB-083,,10,URBAN_RATE_DENSITY,6,,,5650,BLOCKED_UNQUANTIFIED,TRANSITION_LAP_SPLICE,"[""TRANSITION_ACROSS_SUPPORT_NOT_ESTABLISHED""]","[""Q-MISMATCH""]",,,,extent / count not established by the source or an accepted rule,PRE-S7.1 10_REMAINING_BLOCKERS.csv
S7B-0288,QI-00427,CMP-0093,BOTTOM_TRANSITION,SP-GF_ROOF_SLAB-23,GF_ROOF_SLAB,X,SUP-GF_ROOF_SLAB-084,,10,URBAN_RATE_DENSITY,6,,,1200,BLOCKED_UNQUANTIFIED,TRANSITION_LAP_SPLICE,"[""TRANSITION_ACROSS_SUPPORT_NOT_ESTABLISHED""]","[""Q-MISMATCH""]",,,,extent / count not established by the source or an accepted rule,PRE-S7.1 10_REMAINING_BLOCKERS.csv
S7B-0289,QI-00430,CMP-0095,BOTTOM_BEYOND_FACE_UNRESOLVED,SP-GF_ROOF_SLAB-23,GF_ROOF_SLAB,Y,SUP-GF_ROOF_SLAB-083,,10,URBAN_RATE_DENSITY,5,,,194.8,BLOCKED_UNQUANTIFIED,OBLIQUE_SUPPORT,"[""BEYOND_FACE_DEPENDS_ON_UNRESOLVED_CONTINUITY""]","[""Q-OBLIQUE""]",,,,extent / count not established by the source or an accepted rule,PRE-S7.1 10_REMAINING_BLOCKERS.csv
S7B-0290,QI-00431,CMP-0095,BOTTOM_END_ANCHORAGE,SP-GF_ROOF_SLAB-23,GF_ROOF_SLAB,Y,SUP-GF_ROOF_SLAB-164,,10,URBAN_RATE_DENSITY,5,,,1144.8,BLOCKED_UNQUANTIFIED,ANCHORAGE_END_COVER,"[""END_ANCHORAGE_SHAPE_ONLY""]","[""Q-ANCHOR""]",,,,extent / count not established by the source or an accepted rule,PRE-S7.1 10_REMAINING_BLOCKERS.csv
S7B-0291,QI-00432,CMP-0094,BOTTOM_END_ANCHORAGE,SP-GF_ROOF_SLAB-23,GF_ROOF_SLAB,Y,SUP-GF_ROOF_SLAB-164,,10,URBAN_RATE_DENSITY,5,,,1144.8,BLOCKED_UNQUANTIFIED,ANCHORAGE_END_COVER,"[""END_ANCHORAGE_SHAPE_ONLY""]","[""Q-ANCHOR""]",,,,extent / count not established by the source or an accepted rule,PRE-S7.1 10_REMAINING_BLOCKERS.csv
S7B-0292,QI-00433,CMP-0094,BOTTOM_STOP_ZONE_UNRESOLVED,SP-GF_ROOF_SLAB-23,GF_ROOF_SLAB,Y,SUP-GF_ROOF_SLAB-083,,10,URBAN_RATE_DENSITY,5,,,194.8,BLOCKED_UNQUANTIFIED,OBLIQUE_SUPPORT,"[""STOP_ZONE_DEPENDS_ON_UNRESOLVED_CONTINUITY""]","[""Q-OBLIQUE""]",,,,extent / count not established by the source or an accepted rule,PRE-S7.1 10_REMAINING_BLOCKERS.csv
S7B-0293,QI-00436,CMP-0099,BOTTOM_BEYOND_FACE_UNRESOLVED,SP-GF_ROOF_SLAB-24,GF_ROOF_SLAB,X,SUP-GF_ROOF_SLAB-090,,10,URBAN_RATE_DENSITY,5,,,2374.4,BLOCKED_UNQUANTIFIED,SUNKEN_LEVEL_CHANGE_CONTINUITY,"[""BEYOND_FACE_DEPENDS_ON_UNRESOLVED_CONTINUITY""]","[""Q-SUNKEN""]",,,,extent / count not established by the source or an accepted rule,PRE-S7.1 10_REMAINING_BLOCKERS.csv
S7B-0294,QI-00437,CMP-0098,BOTTOM_STOP_ZONE_UNRESOLVED,SP-GF_ROOF_SLAB-24,GF_ROOF_SLAB,X,SUP-GF_ROOF_SLAB-090,,10,URBAN_RATE_DENSITY,5,,,2374.4,BLOCKED_UNQUANTIFIED,SUNKEN_LEVEL_CHANGE_CONTINUITY,"[""STOP_ZONE_DEPENDS_ON_UNRESOLVED_CONTINUITY""]","[""Q-SUNKEN""]",,,,extent / count not established by the source or an accepted rule,PRE-S7.1 10_REMAINING_BLOCKERS.csv
S7B-0295,QI-00438,CMP-0099,BOTTOM_TRANSITION,SP-GF_ROOF_SLAB-24,GF_ROOF_SLAB,X,SUP-GF_ROOF_SLAB-011,,10,URBAN_RATE_DENSITY,5,,,2374.4,BLOCKED_UNQUANTIFIED,TRANSITION_LAP_SPLICE,"[""TRANSITION_ACROSS_SUPPORT_NOT_ESTABLISHED""]","[""Q-MISMATCH""]",,,,extent / count not established by the source or an accepted rule,PRE-S7.1 10_REMAINING_BLOCKERS.csv
S7B-0296,QI-00441,CMP-0100,BOTTOM_BEYOND_FACE_UNRESOLVED,SP-GF_ROOF_SLAB-24,GF_ROOF_SLAB,Y,SUP-GF_ROOF_SLAB-011,,10,URBAN_RATE_DENSITY,5,,,1752.4,BLOCKED_UNQUANTIFIED,OBLIQUE_SUPPORT,"[""BEYOND_FACE_DEPENDS_ON_UNRESOLVED_CONTINUITY""]","[""Q-OBLIQUE""]",,,,extent / count not established by the source or an accepted rule,PRE-S7.1 10_REMAINING_BLOCKERS.csv
S7B-0297,QI-00442,CMP-0100,BOTTOM_BEYOND_FACE_UNRESOLVED,SP-GF_ROOF_SLAB-24,GF_ROOF_SLAB,Y,SUP-GF_ROOF_SLAB-038,,10,URBAN_RATE_DENSITY,5,,,1752.4,BLOCKED_UNQUANTIFIED,SUNKEN_LEVEL_CHANGE_CONTINUITY,"[""BEYOND_FACE_DEPENDS_ON_UNRESOLVED_CONTINUITY""]","[""Q-SUNKEN""]",,,,extent / count not established by the source or an accepted rule,PRE-S7.1 10_REMAINING_BLOCKERS.csv
S7B-0298,QI-00443,CMP-0100,BOTTOM_STOP_ZONE_UNRESOLVED,SP-GF_ROOF_SLAB-24,GF_ROOF_SLAB,Y,SUP-GF_ROOF_SLAB-011,,10,URBAN_RATE_DENSITY,5,,,1752.4,BLOCKED_UNQUANTIFIED,OBLIQUE_SUPPORT,"[""STOP_ZONE_DEPENDS_ON_UNRESOLVED_CONTINUITY""]","[""Q-OBLIQUE""]",,,,extent / count not established by the source or an accepted rule,PRE-S7.1 10_REMAINING_BLOCKERS.csv
S7B-0299,QI-00444,CMP-0100,BOTTOM_STOP_ZONE_UNRESOLVED,SP-GF_ROOF_SLAB-24,GF_ROOF_SLAB,Y,SUP-GF_ROOF_SLAB-038,,10,URBAN_RATE_DENSITY,5,,,1752.4,BLOCKED_UNQUANTIFIED,SUNKEN_LEVEL_CHANGE_CONTINUITY,"[""STOP_ZONE_DEPENDS_ON_UNRESOLVED_CONTINUITY""]","[""Q-SUNKEN""]",,,,extent / count not established by the source or an accepted rule,PRE-S7.1 10_REMAINING_BLOCKERS.csv
S7B-0300,QI-00447,CMP-0104,BOTTOM_BEYOND_FACE_UNRESOLVED,SP-GF_ROOF_SLAB-25,GF_ROOF_SLAB,X,SUP-GF_ROOF_SLAB-012,,10,URBAN_RATE_DENSITY,7,,,354.6,BLOCKED_UNQUANTIFIED,CONTINUITY_UNRESOLVED,"[""BEYOND_FACE_DEPENDS_ON_UNRESOLVED_CONTINUITY""]","[""Q-CONT""]",,,,extent / count not established by the source or an accepted rule,PRE-S7.1 10_REMAINING_BLOCKERS.csv
S7B-0301,QI-00448,CMP-0104,BOTTOM_BEYOND_FACE_UNRESOLVED,SP-GF_ROOF_SLAB-25,GF_ROOF_SLAB,X,SUP-GF_ROOF_SLAB-078,,10,URBAN_RATE_DENSITY,7,,,4150,BLOCKED_UNQUANTIFIED,CONTINUITY_UNRESOLVED,"[""BEYOND_FACE_DEPENDS_ON_UNRESOLVED_CONTINUITY""]","[""Q-CONT""]",,,,extent / count not established by the source or an accepted rule,PRE-S7.1 10_REMAINING_BLOCKERS.csv
S7B-0302,QI-00449,CMP-0104,BOTTOM_BEYOND_FACE_UNRESOLVED,SP-GF_ROOF_SLAB-25,GF_ROOF_SLAB,X,SUP-GF_ROOF_SLAB-090,,10,URBAN_RATE_DENSITY,7,,,2645.4,BLOCKED_UNQUANTIFIED,SUNKEN_LEVEL_CHANGE_CONTINUITY,"[""BEYOND_FACE_DEPENDS_ON_UNRESOLVED_CONTINUITY""]","[""Q-SUNKEN""]",,,,extent / count not established by the source or an accepted rule,PRE-S7.1 10_REMAINING_BLOCKERS.csv
S7B-0303,QI-00450,CMP-0103,BOTTOM_STOP_ZONE_UNRESOLVED,SP-GF_ROOF_SLAB-25,GF_ROOF_SLAB,X,SUP-GF_ROOF_SLAB-012,,10,URBAN_RATE_DENSITY,7,,,354.6,BLOCKED_UNQUANTIFIED,CONTINUITY_UNRESOLVED,"[""STOP_ZONE_DEPENDS_ON_UNRESOLVED_CONTINUITY""]","[""Q-CONT""]",,,,extent / count not established by the source or an accepted rule,PRE-S7.1 10_REMAINING_BLOCKERS.csv
S7B-0304,QI-00451,CMP-0103,BOTTOM_STOP_ZONE_UNRESOLVED,SP-GF_ROOF_SLAB-25,GF_ROOF_SLAB,X,SUP-GF_ROOF_SLAB-078,,10,URBAN_RATE_DENSITY,7,,,4150,BLOCKED_UNQUANTIFIED,CONTINUITY_UNRESOLVED,"[""STOP_ZONE_DEPENDS_ON_UNRESOLVED_CONTINUITY""]","[""Q-CONT""]",,,,extent / count not established by the source or an accepted rule,PRE-S7.1 10_REMAINING_BLOCKERS.csv
S7B-0305,QI-00452,CMP-0103,BOTTOM_STOP_ZONE_UNRESOLVED,SP-GF_ROOF_SLAB-25,GF_ROOF_SLAB,X,SUP-GF_ROOF_SLAB-090,,10,URBAN_RATE_DENSITY,7,,,2645.4,BLOCKED_UNQUANTIFIED,SUNKEN_LEVEL_CHANGE_CONTINUITY,"[""STOP_ZONE_DEPENDS_ON_UNRESOLVED_CONTINUITY""]","[""Q-SUNKEN""]",,,,extent / count not established by the source or an accepted rule,PRE-S7.1 10_REMAINING_BLOCKERS.csv
S7B-0306,QI-00453,CMP-0104,BOTTOM_TRANSITION,SP-GF_ROOF_SLAB-25,GF_ROOF_SLAB,X,SUP-GF_ROOF_SLAB-078,,10,URBAN_RATE_DENSITY,7,,,800,BLOCKED_UNQUANTIFIED,TRANSITION_LAP_SPLICE,"[""TRANSITION_ACROSS_SUPPORT_NOT_ESTABLISHED""]","[""Q-MISMATCH""]",,,,extent / count not established by the source or an accepted rule,PRE-S7.1 10_REMAINING_BLOCKERS.csv
S7B-0307,QI-00454,CMP-0104,BOTTOM_TRANSITION,SP-GF_ROOF_SLAB-25,GF_ROOF_SLAB,X,SUP-GF_ROOF_SLAB-089,,10,URBAN_RATE_DENSITY,7,,,1950,BLOCKED_UNQUANTIFIED,TRANSITION_LAP_SPLICE,"[""TRANSITION_ACROSS_SUPPORT_NOT_ESTABLISHED""]","[""Q-MISMATCH""]",,,,extent / count not established by the source or an accepted rule,PRE-S7.1 10_REMAINING_BLOCKERS.csv
S7B-0308,QI-00457,CMP-0106,BOTTOM_BEYOND_FACE_UNRESOLVED,SP-GF_ROOF_SLAB-25,GF_ROOF_SLAB,Y,,,10,URBAN_RATE_DENSITY,6,,,100,BLOCKED_UNQUANTIFIED,CONTINUITY_UNRESOLVED,"[""BEYOND_FACE_DEPENDS_ON_UNRESOLVED_CONTINUITY""]","[""Q-CONT""]",,,,extent / count not established by the source or an accepted rule,PRE-S7.1 10_REMAINING_BLOCKERS.csv
S7B-0309,QI-00458,CMP-0106,BOTTOM_BEYOND_FACE_UNRESOLVED,SP-GF_ROOF_SLAB-25,GF_ROOF_SLAB,Y,SUP-GF_ROOF_SLAB-012,,10,URBAN_RATE_DENSITY,6,,,261.7,BLOCKED_UNQUANTIFIED,OBLIQUE_SUPPORT,"[""BEYOND_FACE_DEPENDS_ON_UNRESOLVED_CONTINUITY""]","[""Q-OBLIQUE""]",,,,extent / count not established by the source or an accepted rule,PRE-S7.1 10_REMAINING_BLOCKERS.csv
S7B-0310,QI-00459,CMP-0105,BOTTOM_STOP_ZONE_UNRESOLVED,SP-GF_ROOF_SLAB-25,GF_ROOF_SLAB,Y,,,10,URBAN_RATE_DENSITY,6,,,100,BLOCKED_UNQUANTIFIED,CONTINUITY_UNRESOLVED,"[""STOP_ZONE_DEPENDS_ON_UNRESOLVED_CONTINUITY""]","[""Q-CONT""]",,,,extent / count not established by the source or an accepted rule,PRE-S7.1 10_REMAINING_BLOCKERS.csv
S7B-0311,QI-00460,CMP-0105,BOTTOM_STOP_ZONE_UNRESOLVED,SP-GF_ROOF_SLAB-25,GF_ROOF_SLAB,Y,SUP-GF_ROOF_SLAB-012,,10,URBAN_RATE_DENSITY,6,,,261.7,BLOCKED_UNQUANTIFIED,OBLIQUE_SUPPORT,"[""STOP_ZONE_DEPENDS_ON_UNRESOLVED_CONTINUITY""]","[""Q-OBLIQUE""]",,,,extent / count not established by the source or an accepted rule,PRE-S7.1 10_REMAINING_BLOCKERS.csv
S7B-0312,QI-00461,CMP-0106,BOTTOM_TRANSITION,SP-GF_ROOF_SLAB-25,GF_ROOF_SLAB,Y,SUP-GF_ROOF_SLAB-098,,10,URBAN_RATE_DENSITY,6,,,3038.3,BLOCKED_UNQUANTIFIED,TRANSITION_LAP_SPLICE,"[""TRANSITION_ACROSS_SUPPORT_NOT_ESTABLISHED""]","[""Q-MISMATCH""]",,,,extent / count not established by the source or an accepted rule,PRE-S7.1 10_REMAINING_BLOCKERS.csv
S7B-0313,QI-00462,CMP-0106,BOTTOM_TRANSITION,SP-GF_ROOF_SLAB-25,GF_ROOF_SLAB,Y,SUP-GF_ROOF_SLAB-139,,10,URBAN_RATE_DENSITY,6,,,3300,BLOCKED_UNQUANTIFIED,TRANSITION_LAP_SPLICE,"[""TRANSITION_ACROSS_SUPPORT_NOT_ESTABLISHED""]","[""Q-MISMATCH""]",,,,extent / count not established by the source or an accepted rule,PRE-S7.1 10_REMAINING_BLOCKERS.csv
S7B-0314,QI-00465,CMP-0110,BOTTOM_BEYOND_FACE_UNRESOLVED,SP-GF_ROOF_SLAB-26,GF_ROOF_SLAB,X,,,10,URBAN_RATE_DENSITY,7,,,50,BLOCKED_UNQUANTIFIED,CONTINUITY_UNRESOLVED,"[""BEYOND_FACE_DEPENDS_ON_UNRESOLVED_CONTINUITY""]","[""Q-CONT""]",,,,extent / count not established by the source or an accepted rule,PRE-S7.1 10_REMAINING_BLOCKERS.csv
S7B-0315,QI-00466,CMP-0110,BOTTOM_END_ANCHORAGE,SP-GF_ROOF_SLAB-26,GF_ROOF_SLAB,X,SUP-GF_ROOF_SLAB-071,,10,URBAN_RATE_DENSITY,7,,,4500,BLOCKED_UNQUANTIFIED,ANCHORAGE_END_COVER,"[""END_ANCHORAGE_SHAPE_ONLY""]","[""Q-ANCHOR""]",,,,extent / count not established by the source or an accepted rule,PRE-S7.1 10_REMAINING_BLOCKERS.csv
S7B-0316,QI-00467,CMP-0109,BOTTOM_END_ANCHORAGE,SP-GF_ROOF_SLAB-26,GF_ROOF_SLAB,X,SUP-GF_ROOF_SLAB-071,,10,URBAN_RATE_DENSITY,7,,,4500,BLOCKED_UNQUANTIFIED,ANCHORAGE_END_COVER,"[""END_ANCHORAGE_SHAPE_ONLY""]","[""Q-ANCHOR""]",,,,extent / count not established by the source or an accepted rule,PRE-S7.1 10_REMAINING_BLOCKERS.csv
S7B-0317,QI-00468,CMP-0109,BOTTOM_STOP_ZONE_UNRESOLVED,SP-GF_ROOF_SLAB-26,GF_ROOF_SLAB,X,,,10,URBAN_RATE_DENSITY,7,,,50,BLOCKED_UNQUANTIFIED,CONTINUITY_UNRESOLVED,"[""STOP_ZONE_DEPENDS_ON_UNRESOLVED_CONTINUITY""]","[""Q-CONT""]",,,,extent / count not established by the source or an accepted rule,PRE-S7.1 10_REMAINING_BLOCKERS.csv
S7B-0318,QI-00471,CMP-0112,BOTTOM_BEYOND_FACE_UNRESOLVED,SP-GF_ROOF_SLAB-26,GF_ROOF_SLAB,Y,,,10,URBAN_RATE_DENSITY,6,,,200,BLOCKED_UNQUANTIFIED,CONTINUITY_UNRESOLVED,"[""BEYOND_FACE_DEPENDS_ON_UNRESOLVED_CONTINUITY""]","[""Q-CONT""]",,,,extent / count not established by the source or an accepted rule,PRE-S7.1 10_REMAINING_BLOCKERS.csv
S7B-0319,QI-00472,CMP-0112,BOTTOM_END_ANCHORAGE,SP-GF_ROOF_SLAB-26,GF_ROOF_SLAB,Y,SUP-GF_ROOF_SLAB-015,,10,URBAN_RATE_DENSITY,6,,,3800,BLOCKED_UNQUANTIFIED,ANCHORAGE_END_COVER,"[""END_ANCHORAGE_SHAPE_ONLY""]","[""Q-ANCHOR""]",,,,extent / count not established by the source or an accepted rule,PRE-S7.1 10_REMAINING_BLOCKERS.csv
S7B-0320,QI-00473,CMP-0111,BOTTOM_END_ANCHORAGE,SP-GF_ROOF_SLAB-26,GF_ROOF_SLAB,Y,SUP-GF_ROOF_SLAB-015,,10,URBAN_RATE_DENSITY,6,,,3800,BLOCKED_UNQUANTIFIED,ANCHORAGE_END_COVER,"[""END_ANCHORAGE_SHAPE_ONLY""]","[""Q-ANCHOR""]",,,,extent / count not established by the source or an accepted rule,PRE-S7.1 10_REMAINING_BLOCKERS.csv
S7B-0321,QI-00474,CMP-0111,BOTTOM_STOP_ZONE_UNRESOLVED,SP-GF_ROOF_SLAB-26,GF_ROOF_SLAB,Y,,,10,URBAN_RATE_DENSITY,6,,,200,BLOCKED_UNQUANTIFIED,CONTINUITY_UNRESOLVED,"[""STOP_ZONE_DEPENDS_ON_UNRESOLVED_CONTINUITY""]","[""Q-CONT""]",,,,extent / count not established by the source or an accepted rule,PRE-S7.1 10_REMAINING_BLOCKERS.csv
S7B-0322,QI-00477,CMP-0116,BOTTOM_BEYOND_FACE_UNRESOLVED,SP-GF_ROOF_SLAB-27,GF_ROOF_SLAB,X,,,10,URBAN_RATE_DENSITY,7,,,50,BLOCKED_UNQUANTIFIED,CONTINUITY_UNRESOLVED,"[""BEYOND_FACE_DEPENDS_ON_UNRESOLVED_CONTINUITY""]","[""Q-CONT""]",,,,extent / count not established by the source or an accepted rule,PRE-S7.1 10_REMAINING_BLOCKERS.csv
S7B-0323,QI-00478,CMP-0115,BOTTOM_STOP_ZONE_UNRESOLVED,SP-GF_ROOF_SLAB-27,GF_ROOF_SLAB,X,,,10,URBAN_RATE_DENSITY,7,,,50,BLOCKED_UNQUANTIFIED,CONTINUITY_UNRESOLVED,"[""STOP_ZONE_DEPENDS_ON_UNRESOLVED_CONTINUITY""]","[""Q-CONT""]",,,,extent / count not established by the source or an accepted rule,PRE-S7.1 10_REMAINING_BLOCKERS.csv
S7B-0324,QI-00480,CMP-0117,BOTTOM_END_ANCHORAGE,SP-GF_ROOF_SLAB-27,GF_ROOF_SLAB,Y,SUP-GF_ROOF_SLAB-016,,10,URBAN_RATE_DENSITY,6,,,1450,BLOCKED_UNQUANTIFIED,ANCHORAGE_END_COVER,"[""END_ANCHORAGE_SHAPE_ONLY""]","[""Q-ANCHOR""]",,,,extent / count not established by the source or an accepted rule,PRE-S7.1 10_REMAINING_BLOCKERS.csv
S7B-0325,QI-00481,CMP-0117,BOTTOM_END_ANCHORAGE,SP-GF_ROOF_SLAB-27,GF_ROOF_SLAB,Y,SUP-GF_ROOF_SLAB-017,,10,URBAN_RATE_DENSITY,6,,,400,BLOCKED_UNQUANTIFIED,ANCHORAGE_END_COVER,"[""END_ANCHORAGE_SHAPE_ONLY""]","[""Q-ANCHOR""]",,,,extent / count not established by the source or an accepted rule,PRE-S7.1 10_REMAINING_BLOCKERS.csv
S7B-0326,QI-00482,CMP-0117,BOTTOM_END_ANCHORAGE,SP-GF_ROOF_SLAB-27,GF_ROOF_SLAB,Y,SUP-GF_ROOF_SLAB-018,,10,URBAN_RATE_DENSITY,6,,,1150,BLOCKED_UNQUANTIFIED,ANCHORAGE_END_COVER,"[""END_ANCHORAGE_SHAPE_ONLY""]","[""Q-ANCHOR""]",,,,extent / count not established by the source or an accepted rule,PRE-S7.1 10_REMAINING_BLOCKERS.csv
S7B-0327,QI-00483,CMP-0117,BOTTOM_END_ANCHORAGE,SP-GF_ROOF_SLAB-27,GF_ROOF_SLAB,Y,SUP-GF_ROOF_SLAB-035,,10,URBAN_RATE_DENSITY,6,,,3000,BLOCKED_UNQUANTIFIED,ANCHORAGE_END_COVER,"[""END_ANCHORAGE_SHAPE_ONLY""]","[""Q-ANCHOR""]",,,,extent / count not established by the source or an accepted rule,PRE-S7.1 10_REMAINING_BLOCKERS.csv
S7B-0328,QI-00486,CMP-0121,BOTTOM_BEYOND_FACE_UNRESOLVED,SP-GF_ROOF_SLAB-29,GF_ROOF_SLAB,X,,,10,URBAN_RATE_DENSITY,6,,,50,BLOCKED_UNQUANTIFIED,CONTINUITY_UNRESOLVED,"[""BEYOND_FACE_DEPENDS_ON_UNRESOLVED_CONTINUITY""]","[""Q-CONT""]",,,,extent / count not established by the source or an accepted rule,PRE-S7.1 10_REMAINING_BLOCKERS.csv
S7B-0329,QI-00487,CMP-0121,BOTTOM_BEYOND_FACE_UNRESOLVED,SP-GF_ROOF_SLAB-29,GF_ROOF_SLAB,X,SUP-GF_ROOF_SLAB-011,,10,URBAN_RATE_DENSITY,6,,,625.6,BLOCKED_UNQUANTIFIED,CONTINUITY_UNRESOLVED,"[""BEYOND_FACE_DEPENDS_ON_UNRESOLVED_CONTINUITY""]","[""Q-CONT""]",,,,extent / count not established by the source or an accepted rule,PRE-S7.1 10_REMAINING_BLOCKERS.csv
S7B-0330,QI-00488,CMP-0121,BOTTOM_BEYOND_FACE_UNRESOLVED,SP-GF_ROOF_SLAB-29,GF_ROOF_SLAB,X,SUP-GF_ROOF_SLAB-061,,10,URBAN_RATE_DENSITY,6,,,3000,BLOCKED_UNQUANTIFIED,SUNKEN_LEVEL_CHANGE_CONTINUITY,"[""BEYOND_FACE_DEPENDS_ON_UNRESOLVED_CONTINUITY""]","[""Q-SUNKEN""]",,,,extent / count not established by the source or an accepted rule,PRE-S7.1 10_REMAINING_BLOCKERS.csv
S7B-0331,QI-00489,CMP-0120,BOTTOM_STOP_ZONE_UNRESOLVED,SP-GF_ROOF_SLAB-29,GF_ROOF_SLAB,X,,,10,URBAN_RATE_DENSITY,6,,,50,BLOCKED_UNQUANTIFIED,CONTINUITY_UNRESOLVED,"[""STOP_ZONE_DEPENDS_ON_UNRESOLVED_CONTINUITY""]","[""Q-CONT""]",,,,extent / count not established by the source or an accepted rule,PRE-S7.1 10_REMAINING_BLOCKERS.csv
S7B-0332,QI-00490,CMP-0120,BOTTOM_STOP_ZONE_UNRESOLVED,SP-GF_ROOF_SLAB-29,GF_ROOF_SLAB,X,SUP-GF_ROOF_SLAB-011,,10,URBAN_RATE_DENSITY,6,,,625.6,BLOCKED_UNQUANTIFIED,CONTINUITY_UNRESOLVED,"[""STOP_ZONE_DEPENDS_ON_UNRESOLVED_CONTINUITY""]","[""Q-CONT""]",,,,extent / count not established by the source or an accepted rule,PRE-S7.1 10_REMAINING_BLOCKERS.csv
S7B-0333,QI-00491,CMP-0120,BOTTOM_STOP_ZONE_UNRESOLVED,SP-GF_ROOF_SLAB-29,GF_ROOF_SLAB,X,SUP-GF_ROOF_SLAB-061,,10,URBAN_RATE_DENSITY,6,,,3000,BLOCKED_UNQUANTIFIED,SUNKEN_LEVEL_CHANGE_CONTINUITY,"[""STOP_ZONE_DEPENDS_ON_UNRESOLVED_CONTINUITY""]","[""Q-SUNKEN""]",,,,extent / count not established by the source or an accepted rule,PRE-S7.1 10_REMAINING_BLOCKERS.csv
S7B-0334,QI-00492,CMP-0121,BOTTOM_TRANSITION,SP-GF_ROOF_SLAB-29,GF_ROOF_SLAB,X,SUP-GF_ROOF_SLAB-011,,10,URBAN_RATE_DENSITY,6,,,2324.4,BLOCKED_UNQUANTIFIED,TRANSITION_LAP_SPLICE,"[""TRANSITION_ACROSS_SUPPORT_NOT_ESTABLISHED""]","[""Q-MISMATCH""]",,,,extent / count not established by the source or an accepted rule,PRE-S7.1 10_REMAINING_BLOCKERS.csv
S7B-0335,QI-00495,CMP-0122,BOTTOM_BEYOND_FACE_UNRESOLVED,SP-GF_ROOF_SLAB-29,GF_ROOF_SLAB,Y,,,10,URBAN_RATE_DENSITY,5,,,165.9,BLOCKED_UNQUANTIFIED,CONTINUITY_UNRESOLVED,"[""BEYOND_FACE_DEPENDS_ON_UNRESOLVED_CONTINUITY""]","[""Q-CONT""]",,,,extent / count not established by the source or an accepted rule,PRE-S7.1 10_REMAINING_BLOCKERS.csv
S7B-0336,QI-00496,CMP-0122,BOTTOM_BEYOND_FACE_UNRESOLVED,SP-GF_ROOF_SLAB-29,GF_ROOF_SLAB,Y,SUP-GF_ROOF_SLAB-011,,10,URBAN_RATE_DENSITY,5,,,2177.2,BLOCKED_UNQUANTIFIED,OBLIQUE_SUPPORT,"[""BEYOND_FACE_DEPENDS_ON_UNRESOLVED_CONTINUITY""]","[""Q-OBLIQUE""]",,,,extent / count not established by the source or an accepted rule,PRE-S7.1 10_REMAINING_BLOCKERS.csv
S7B-0337,QI-00497,CMP-0122,BOTTOM_BEYOND_FACE_UNRESOLVED,SP-GF_ROOF_SLAB-29,GF_ROOF_SLAB,Y,SUP-GF_ROOF_SLAB-039,,10,URBAN_RATE_DENSITY,5,,,1200,BLOCKED_UNQUANTIFIED,SUNKEN_LEVEL_CHANGE_CONTINUITY,"[""BEYOND_FACE_DEPENDS_ON_UNRESOLVED_CONTINUITY""]","[""Q-SUNKEN""]",,,,extent / count not established by the source or an accepted rule,PRE-S7.1 10_REMAINING_BLOCKERS.csv
S7B-0338,QI-00498,CMP-0122,BOTTOM_BEYOND_FACE_UNRESOLVED,SP-GF_ROOF_SLAB-29,GF_ROOF_SLAB,Y,SUP-GF_ROOF_SLAB-101,,10,URBAN_RATE_DENSITY,5,,,3543.2,BLOCKED_UNQUANTIFIED,SUNKEN_LEVEL_CHANGE_CONTINUITY,"[""BEYOND_FACE_DEPENDS_ON_UNRESOLVED_CONTINUITY""]","[""Q-SUNKEN""]",,,,extent / count not established by the source or an accepted rule,PRE-S7.1 10_REMAINING_BLOCKERS.csv
S7B-0339,QI-00499,CMP-0122,BOTTOM_STOP_ZONE_UNRESOLVED,SP-GF_ROOF_SLAB-29,GF_ROOF_SLAB,Y,,,10,URBAN_RATE_DENSITY,5,,,165.9,BLOCKED_UNQUANTIFIED,CONTINUITY_UNRESOLVED,"[""STOP_ZONE_DEPENDS_ON_UNRESOLVED_CONTINUITY""]","[""Q-CONT""]",,,,extent / count not established by the source or an accepted rule,PRE-S7.1 10_REMAINING_BLOCKERS.csv
S7B-0340,QI-00500,CMP-0122,BOTTOM_STOP_ZONE_UNRESOLVED,SP-GF_ROOF_SLAB-29,GF_ROOF_SLAB,Y,SUP-GF_ROOF_SLAB-011,,10,URBAN_RATE_DENSITY,5,,,2177.2,BLOCKED_UNQUANTIFIED,OBLIQUE_SUPPORT,"[""STOP_ZONE_DEPENDS_ON_UNRESOLVED_CONTINUITY""]","[""Q-OBLIQUE""]",,,,extent / count not established by the source or an accepted rule,PRE-S7.1 10_REMAINING_BLOCKERS.csv
S7B-0341,QI-00501,CMP-0122,BOTTOM_STOP_ZONE_UNRESOLVED,SP-GF_ROOF_SLAB-29,GF_ROOF_SLAB,Y,SUP-GF_ROOF_SLAB-039,,10,URBAN_RATE_DENSITY,5,,,1200,BLOCKED_UNQUANTIFIED,SUNKEN_LEVEL_CHANGE_CONTINUITY,"[""STOP_ZONE_DEPENDS_ON_UNRESOLVED_CONTINUITY""]","[""Q-SUNKEN""]",,,,extent / count not established by the source or an accepted rule,PRE-S7.1 10_REMAINING_BLOCKERS.csv
S7B-0342,QI-00502,CMP-0122,BOTTOM_STOP_ZONE_UNRESOLVED,SP-GF_ROOF_SLAB-29,GF_ROOF_SLAB,Y,SUP-GF_ROOF_SLAB-101,,10,URBAN_RATE_DENSITY,5,,,3543.2,BLOCKED_UNQUANTIFIED,SUNKEN_LEVEL_CHANGE_CONTINUITY,"[""STOP_ZONE_DEPENDS_ON_UNRESOLVED_CONTINUITY""]","[""Q-SUNKEN""]",,,,extent / count not established by the source or an accepted rule,PRE-S7.1 10_REMAINING_BLOCKERS.csv
S7B-0343,QI-00505,CMP-0126,BOTTOM_BEYOND_FACE_UNRESOLVED,SP-GF_ROOF_SLAB-30,GF_ROOF_SLAB,X,,,10,URBAN_RATE_DENSITY,5,,,100,BLOCKED_UNQUANTIFIED,CONTINUITY_UNRESOLVED,"[""BEYOND_FACE_DEPENDS_ON_UNRESOLVED_CONTINUITY""]","[""Q-CONT""]",,,,extent / count not established by the source or an accepted rule,PRE-S7.1 10_REMAINING_BLOCKERS.csv
S7B-0344,QI-00506,CMP-0125,BOTTOM_STOP_ZONE_UNRESOLVED,SP-GF_ROOF_SLAB-30,GF_ROOF_SLAB,X,,,10,URBAN_RATE_DENSITY,5,,,100,BLOCKED_UNQUANTIFIED,CONTINUITY_UNRESOLVED,"[""STOP_ZONE_DEPENDS_ON_UNRESOLVED_CONTINUITY""]","[""Q-CONT""]",,,,extent / count not established by the source or an accepted rule,PRE-S7.1 10_REMAINING_BLOCKERS.csv
S7B-0345,QI-00507,CMP-0126,BOTTOM_TRANSITION,SP-GF_ROOF_SLAB-30,GF_ROOF_SLAB,X,SUP-GF_ROOF_SLAB-062,,10,URBAN_RATE_DENSITY,5,,,1300,BLOCKED_UNQUANTIFIED,TRANSITION_LAP_SPLICE,"[""TRANSITION_ACROSS_SUPPORT_NOT_ESTABLISHED""]","[""Q-MISMATCH""]",,,,extent / count not established by the source or an accepted rule,PRE-S7.1 10_REMAINING_BLOCKERS.csv
S7B-0346,QI-00510,CMP-0127,BOTTOM_BEYOND_FACE_UNRESOLVED,SP-GF_ROOF_SLAB-30,GF_ROOF_SLAB,Y,SUP-GF_ROOF_SLAB-005,,10,URBAN_RATE_DENSITY,5,,,885.6,BLOCKED_UNQUANTIFIED,OBLIQUE_SUPPORT,"[""BEYOND_FACE_DEPENDS_ON_UNRESOLVED_CONTINUITY""]","[""Q-OBLIQUE""]",,,,extent / count not established by the source or an accepted rule,PRE-S7.1 10_REMAINING_BLOCKERS.csv
S7B-0347,QI-00511,CMP-0127,BOTTOM_BEYOND_FACE_UNRESOLVED,SP-GF_ROOF_SLAB-30,GF_ROOF_SLAB,Y,SUP-GF_ROOF_SLAB-101,,10,URBAN_RATE_DENSITY,5,,,3690.8,BLOCKED_UNQUANTIFIED,SUNKEN_LEVEL_CHANGE_CONTINUITY,"[""BEYOND_FACE_DEPENDS_ON_UNRESOLVED_CONTINUITY""]","[""Q-SUNKEN""]",,,,extent / count not established by the source or an accepted rule,PRE-S7.1 10_REMAINING_BLOCKERS.csv
S7B-0348,QI-00512,CMP-0127,BOTTOM_END_ANCHORAGE,SP-GF_ROOF_SLAB-30,GF_ROOF_SLAB,Y,SUP-GF_ROOF_SLAB-019,,10,URBAN_RATE_DENSITY,5,,,1200,BLOCKED_UNQUANTIFIED,ANCHORAGE_END_COVER,"[""END_ANCHORAGE_SHAPE_ONLY""]","[""Q-ANCHOR""]",,,,extent / count not established by the source or an accepted rule,PRE-S7.1 10_REMAINING_BLOCKERS.csv
S7B-0349,QI-00513,CMP-0127,BOTTOM_END_ANCHORAGE,SP-GF_ROOF_SLAB-30,GF_ROOF_SLAB,Y,SUP-GF_ROOF_SLAB-109,,10,URBAN_RATE_DENSITY,5,,,3376.4,BLOCKED_UNQUANTIFIED,ANCHORAGE_END_COVER,"[""END_ANCHORAGE_SHAPE_ONLY""]","[""Q-ANCHOR""]",,,,extent / count not established by the source or an accepted rule,PRE-S7.1 10_REMAINING_BLOCKERS.csv
S7B-0350,QI-00514,CMP-0127,BOTTOM_STOP_ZONE_UNRESOLVED,SP-GF_ROOF_SLAB-30,GF_ROOF_SLAB,Y,SUP-GF_ROOF_SLAB-005,,10,URBAN_RATE_DENSITY,5,,,885.6,BLOCKED_UNQUANTIFIED,OBLIQUE_SUPPORT,"[""STOP_ZONE_DEPENDS_ON_UNRESOLVED_CONTINUITY""]","[""Q-OBLIQUE""]",,,,extent / count not established by the source or an accepted rule,PRE-S7.1 10_REMAINING_BLOCKERS.csv
S7B-0351,QI-00515,CMP-0127,BOTTOM_STOP_ZONE_UNRESOLVED,SP-GF_ROOF_SLAB-30,GF_ROOF_SLAB,Y,SUP-GF_ROOF_SLAB-101,,10,URBAN_RATE_DENSITY,5,,,3690.8,BLOCKED_UNQUANTIFIED,SUNKEN_LEVEL_CHANGE_CONTINUITY,"[""STOP_ZONE_DEPENDS_ON_UNRESOLVED_CONTINUITY""]","[""Q-SUNKEN""]",,,,extent / count not established by the source or an accepted rule,PRE-S7.1 10_REMAINING_BLOCKERS.csv
S7B-0352,QI-00520,CMP-0133,BOTTOM_BEYOND_FACE_UNRESOLVED,SP-GF_ROOF_SLAB-31,GF_ROOF_SLAB,Y,SUP-GF_ROOF_SLAB-006,,10,URBAN_RATE_DENSITY,5,,,885.6,BLOCKED_UNQUANTIFIED,OBLIQUE_SUPPORT,"[""BEYOND_FACE_DEPENDS_ON_UNRESOLVED_CONTINUITY""]","[""Q-OBLIQUE""]",,,,extent / count not established by the source or an accepted rule,PRE-S7.1 10_REMAINING_BLOCKERS.csv
S7B-0353,QI-00521,CMP-0133,BOTTOM_END_ANCHORAGE,SP-GF_ROOF_SLAB-31,GF_ROOF_SLAB,Y,SUP-GF_ROOF_SLAB-110,,10,URBAN_RATE_DENSITY,5,,,2005,BLOCKED_UNQUANTIFIED,ANCHORAGE_END_COVER,"[""END_ANCHORAGE_SHAPE_ONLY""]","[""Q-ANCHOR""]",,,,extent / count not established by the source or an accepted rule,PRE-S7.1 10_REMAINING_BLOCKERS.csv
S7B-0354,QI-00522,CMP-0132,BOTTOM_END_ANCHORAGE,SP-GF_ROOF_SLAB-31,GF_ROOF_SLAB,Y,SUP-GF_ROOF_SLAB-110,,10,URBAN_RATE_DENSITY,5,,,2005,BLOCKED_UNQUANTIFIED,ANCHORAGE_END_COVER,"[""END_ANCHORAGE_SHAPE_ONLY""]","[""Q-ANCHOR""]",,,,extent / count not established by the source or an accepted rule,PRE-S7.1 10_REMAINING_BLOCKERS.csv
S7B-0355,QI-00523,CMP-0132,BOTTOM_STOP_ZONE_UNRESOLVED,SP-GF_ROOF_SLAB-31,GF_ROOF_SLAB,Y,SUP-GF_ROOF_SLAB-006,,10,URBAN_RATE_DENSITY,5,,,885.6,BLOCKED_UNQUANTIFIED,OBLIQUE_SUPPORT,"[""STOP_ZONE_DEPENDS_ON_UNRESOLVED_CONTINUITY""]","[""Q-OBLIQUE""]",,,,extent / count not established by the source or an accepted rule,PRE-S7.1 10_REMAINING_BLOCKERS.csv
S7B-0356,QI-00524,CMP-0133,BOTTOM_TRANSITION,SP-GF_ROOF_SLAB-31,GF_ROOF_SLAB,Y,SUP-GF_ROOF_SLAB-098,,10,URBAN_RATE_DENSITY,5,,,2890.7,BLOCKED_UNQUANTIFIED,TRANSITION_LAP_SPLICE,"[""TRANSITION_ACROSS_SUPPORT_NOT_ESTABLISHED""]","[""Q-MISMATCH""]",,,,extent / count not established by the source or an accepted rule,PRE-S7.1 10_REMAINING_BLOCKERS.csv
S7B-0357,QI-00529,CMP-0138,BOTTOM_BEYOND_FACE_UNRESOLVED,SP-GF_ROOF_SLAB-32,GF_ROOF_SLAB,Y,SUP-GF_ROOF_SLAB-096,,10,URBAN_RATE_DENSITY,5,,,3770,BLOCKED_UNQUANTIFIED,CONTINUITY_UNRESOLVED,"[""BEYOND_FACE_DEPENDS_ON_UNRESOLVED_CONTINUITY""]","[""Q-CONT""]",,,,extent / count not established by the source or an accepted rule,PRE-S7.1 10_REMAINING_BLOCKERS.csv
S7B-0358,QI-00530,CMP-0138,BOTTOM_BEYOND_FACE_UNRESOLVED,SP-GF_ROOF_SLAB-32,GF_ROOF_SLAB,Y,SUP-GF_ROOF_SLAB-099,,10,URBAN_RATE_DENSITY,5,,,2700,BLOCKED_UNQUANTIFIED,CONTINUITY_UNRESOLVED,"[""BEYOND_FACE_DEPENDS_ON_UNRESOLVED_CONTINUITY""]","[""Q-CONT""]",,,,extent / count not established by the source or an accepted rule,PRE-S7.1 10_REMAINING_BLOCKERS.csv
S7B-0359,QI-00531,CMP-0138,BOTTOM_END_ANCHORAGE,SP-GF_ROOF_SLAB-32,GF_ROOF_SLAB,Y,SUP-GF_ROOF_SLAB-111,,10,URBAN_RATE_DENSITY,5,,,6470,BLOCKED_UNQUANTIFIED,ANCHORAGE_END_COVER,"[""END_ANCHORAGE_SHAPE_ONLY""]","[""Q-ANCHOR""]",,,,extent / count not established by the source or an accepted rule,PRE-S7.1 10_REMAINING_BLOCKERS.csv
S7B-0360,QI-00532,CMP-0138,BOTTOM_STOP_ZONE_UNRESOLVED,SP-GF_ROOF_SLAB-32,GF_ROOF_SLAB,Y,SUP-GF_ROOF_SLAB-096,,10,URBAN_RATE_DENSITY,5,,,3770,BLOCKED_UNQUANTIFIED,CONTINUITY_UNRESOLVED,"[""STOP_ZONE_DEPENDS_ON_UNRESOLVED_CONTINUITY""]","[""Q-CONT""]",,,,extent / count not established by the source or an accepted rule,PRE-S7.1 10_REMAINING_BLOCKERS.csv
S7B-0361,QI-00533,CMP-0138,BOTTOM_STOP_ZONE_UNRESOLVED,SP-GF_ROOF_SLAB-32,GF_ROOF_SLAB,Y,SUP-GF_ROOF_SLAB-099,,10,URBAN_RATE_DENSITY,5,,,2700,BLOCKED_UNQUANTIFIED,CONTINUITY_UNRESOLVED,"[""STOP_ZONE_DEPENDS_ON_UNRESOLVED_CONTINUITY""]","[""Q-CONT""]",,,,extent / count not established by the source or an accepted rule,PRE-S7.1 10_REMAINING_BLOCKERS.csv
S7B-0362,QI-00536,CMP-0142,BOTTOM_TRANSITION,SP-GF_ROOF_SLAB-33,GF_ROOF_SLAB,X,SUP-GF_ROOF_SLAB-084,,10,URBAN_RATE_DENSITY,5,,,1200,BLOCKED_UNQUANTIFIED,TRANSITION_LAP_SPLICE,"[""TRANSITION_ACROSS_SUPPORT_NOT_ESTABLISHED""]","[""Q-MISMATCH""]",,,,extent / count not established by the source or an accepted rule,PRE-S7.1 10_REMAINING_BLOCKERS.csv
S7B-0363,QI-00539,CMP-0144,BOTTOM_BEYOND_FACE_UNRESOLVED,SP-GF_ROOF_SLAB-33,GF_ROOF_SLAB,Y,SUP-GF_ROOF_SLAB-084,,10,URBAN_RATE_DENSITY,5,,,31.2,BLOCKED_UNQUANTIFIED,OBLIQUE_SUPPORT,"[""BEYOND_FACE_DEPENDS_ON_UNRESOLVED_CONTINUITY""]","[""Q-OBLIQUE""]",,,,extent / count not established by the source or an accepted rule,PRE-S7.1 10_REMAINING_BLOCKERS.csv
S7B-0364,QI-00540,CMP-0144,BOTTOM_BEYOND_FACE_UNRESOLVED,SP-GF_ROOF_SLAB-33,GF_ROOF_SLAB,Y,SUP-GF_ROOF_SLAB-100,,10,URBAN_RATE_DENSITY,5,,,400,BLOCKED_UNQUANTIFIED,CONTINUITY_UNRESOLVED,"[""BEYOND_FACE_DEPENDS_ON_UNRESOLVED_CONTINUITY""]","[""Q-CONT""]",,,,extent / count not established by the source or an accepted rule,PRE-S7.1 10_REMAINING_BLOCKERS.csv
S7B-0365,QI-00541,CMP-0144,BOTTOM_END_ANCHORAGE,SP-GF_ROOF_SLAB-33,GF_ROOF_SLAB,Y,SUP-GF_ROOF_SLAB-112,,10,URBAN_RATE_DENSITY,5,,,3557.6,BLOCKED_UNQUANTIFIED,ANCHORAGE_END_COVER,"[""END_ANCHORAGE_SHAPE_ONLY""]","[""Q-ANCHOR""]",,,,extent / count not established by the source or an accepted rule,PRE-S7.1 10_REMAINING_BLOCKERS.csv
S7B-0366,QI-00542,CMP-0143,BOTTOM_END_ANCHORAGE,SP-GF_ROOF_SLAB-33,GF_ROOF_SLAB,Y,SUP-GF_ROOF_SLAB-112,,10,URBAN_RATE_DENSITY,5,,,3557.6,BLOCKED_UNQUANTIFIED,ANCHORAGE_END_COVER,"[""END_ANCHORAGE_SHAPE_ONLY""]","[""Q-ANCHOR""]",,,,extent / count not established by the source or an accepted rule,PRE-S7.1 10_REMAINING_BLOCKERS.csv
S7B-0367,QI-00543,CMP-0143,BOTTOM_STOP_ZONE_UNRESOLVED,SP-GF_ROOF_SLAB-33,GF_ROOF_SLAB,Y,SUP-GF_ROOF_SLAB-084,,10,URBAN_RATE_DENSITY,5,,,31.2,BLOCKED_UNQUANTIFIED,OBLIQUE_SUPPORT,"[""STOP_ZONE_DEPENDS_ON_UNRESOLVED_CONTINUITY""]","[""Q-OBLIQUE""]",,,,extent / count not established by the source or an accepted rule,PRE-S7.1 10_REMAINING_BLOCKERS.csv
S7B-0368,QI-00544,CMP-0143,BOTTOM_STOP_ZONE_UNRESOLVED,SP-GF_ROOF_SLAB-33,GF_ROOF_SLAB,Y,SUP-GF_ROOF_SLAB-100,,10,URBAN_RATE_DENSITY,5,,,400,BLOCKED_UNQUANTIFIED,CONTINUITY_UNRESOLVED,"[""STOP_ZONE_DEPENDS_ON_UNRESOLVED_CONTINUITY""]","[""Q-CONT""]",,,,extent / count not established by the source or an accepted rule,PRE-S7.1 10_REMAINING_BLOCKERS.csv
S7B-0369,QI-00545,CMP-0144,BOTTOM_TRANSITION,SP-GF_ROOF_SLAB-33,GF_ROOF_SLAB,Y,SUP-GF_ROOF_SLAB-097,,10,URBAN_RATE_DENSITY,5,,,3188.8,BLOCKED_UNQUANTIFIED,TRANSITION_LAP_SPLICE,"[""TRANSITION_ACROSS_SUPPORT_NOT_ESTABLISHED""]","[""Q-MISMATCH""]",,,,extent / count not established by the source or an accepted rule,PRE-S7.1 10_REMAINING_BLOCKERS.csv
S7B-0370,QI-00548,CMP-0148,BOTTOM_BEYOND_FACE_UNRESOLVED,SP-GF_ROOF_SLAB-34,GF_ROOF_SLAB,X,SUP-GF_ROOF_SLAB-061,,10,URBAN_RATE_DENSITY,7,,,3200,BLOCKED_UNQUANTIFIED,SUNKEN_LEVEL_CHANGE_CONTINUITY,"[""BEYOND_FACE_DEPENDS_ON_UNRESOLVED_CONTINUITY""]","[""Q-SUNKEN""]",,,,extent / count not established by the source or an accepted rule,PRE-S7.1 10_REMAINING_BLOCKERS.csv
S7B-0371,QI-00549,CMP-0147,BOTTOM_STOP_ZONE_UNRESOLVED,SP-GF_ROOF_SLAB-34,GF_ROOF_SLAB,X,SUP-GF_ROOF_SLAB-061,,10,URBAN_RATE_DENSITY,7,,,3200,BLOCKED_UNQUANTIFIED,SUNKEN_LEVEL_CHANGE_CONTINUITY,"[""STOP_ZONE_DEPENDS_ON_UNRESOLVED_CONTINUITY""]","[""Q-SUNKEN""]",,,,extent / count not established by the source or an accepted rule,PRE-S7.1 10_REMAINING_BLOCKERS.csv
S7B-0372,QI-00550,CMP-0148,BOTTOM_TRANSITION,SP-GF_ROOF_SLAB-34,GF_ROOF_SLAB,X,SUP-GF_ROOF_SLAB-062,,10,URBAN_RATE_DENSITY,7,,,1300,BLOCKED_UNQUANTIFIED,TRANSITION_LAP_SPLICE,"[""TRANSITION_ACROSS_SUPPORT_NOT_ESTABLISHED""]","[""Q-MISMATCH""]",,,,extent / count not established by the source or an accepted rule,PRE-S7.1 10_REMAINING_BLOCKERS.csv
S7B-0373,QI-00554,CMP-0149,BOTTOM_BEYOND_FACE_UNRESOLVED,SP-GF_ROOF_SLAB-34,GF_ROOF_SLAB,Y,,,10,URBAN_RATE_DENSITY,6,,,150,BLOCKED_UNQUANTIFIED,CONTINUITY_UNRESOLVED,"[""BEYOND_FACE_DEPENDS_ON_UNRESOLVED_CONTINUITY""]","[""Q-CONT""]",,,,extent / count not established by the source or an accepted rule,PRE-S7.1 10_REMAINING_BLOCKERS.csv
S7B-0374,QI-00555,CMP-0149,BOTTOM_END_ANCHORAGE,SP-GF_ROOF_SLAB-34,GF_ROOF_SLAB,Y,SUP-GF_ROOF_SLAB-020,,10,URBAN_RATE_DENSITY,6,,,3000,BLOCKED_UNQUANTIFIED,ANCHORAGE_END_COVER,"[""END_ANCHORAGE_SHAPE_ONLY""]","[""Q-ANCHOR""]",,,,extent / count not established by the source or an accepted rule,PRE-S7.1 10_REMAINING_BLOCKERS.csv
S7B-0375,QI-00556,CMP-0149,BOTTOM_END_ANCHORAGE,SP-GF_ROOF_SLAB-34,GF_ROOF_SLAB,Y,SUP-GF_ROOF_SLAB-036,,10,URBAN_RATE_DENSITY,6,,,2950,BLOCKED_UNQUANTIFIED,ANCHORAGE_END_COVER,"[""END_ANCHORAGE_SHAPE_ONLY""]","[""Q-ANCHOR""]",,,,extent / count not established by the source or an accepted rule,PRE-S7.1 10_REMAINING_BLOCKERS.csv
S7B-0376,QI-00557,CMP-0149,BOTTOM_STOP_ZONE_UNRESOLVED,SP-GF_ROOF_SLAB-34,GF_ROOF_SLAB,Y,,,10,URBAN_RATE_DENSITY,6,,,150,BLOCKED_UNQUANTIFIED,CONTINUITY_UNRESOLVED,"[""STOP_ZONE_DEPENDS_ON_UNRESOLVED_CONTINUITY""]","[""Q-CONT""]",,,,extent / count not established by the source or an accepted rule,PRE-S7.1 10_REMAINING_BLOCKERS.csv
S7B-0377,QI-00560,CMP-0175,BOTTOM_SUPPORT_CROSSING,SUP-1F_ROOF_SLAB-044,1F_ROOF_SLAB,X,SUP-1F_ROOF_SLAB-044,SP-1F_ROOF_SLAB-07|SP-1F_ROOF_SLAB-09,10,URBAN_RATE_DENSITY,5,,,66.7,BLOCKED_UNQUANTIFIED,CONTINUITY_UNRESOLVED,"[""CROSSING_GEOMETRY_NOT_RESOLVED (the far face does not span the strip)""]","[""Q-CONT""]",,,,extent / count not established by the source or an accepted rule,PRE-S7.1 10_REMAINING_BLOCKERS.csv
S7B-0378,QI-00564,CMP-0186,BOTTOM_SUPPORT_CROSSING,SUP-1F_ROOF_SLAB-081,1F_ROOF_SLAB,X,SUP-1F_ROOF_SLAB-081,SP-1F_ROOF_SLAB-09|SP-1F_ROOF_SLAB-12,10,URBAN_RATE_DENSITY,5,,,24.2,BLOCKED_UNQUANTIFIED,CONTINUITY_UNRESOLVED,"[""CROSSING_GEOMETRY_NOT_RESOLVED (the far face does not span the strip)""]","[""Q-CONT""]",,,,extent / count not established by the source or an accepted rule,PRE-S7.1 10_REMAINING_BLOCKERS.csv
S7B-0379,QI-00567,CMP-0200,BOTTOM_SUPPORT_CROSSING,SUP-1F_ROOF_SLAB-119,1F_ROOF_SLAB,Y,SUP-1F_ROOF_SLAB-119,SP-1F_ROOF_SLAB-12|SP-1F_ROOF_SLAB-22,10,URBAN_RATE_DENSITY,5,,,200,BLOCKED_UNQUANTIFIED,CONTINUITY_UNRESOLVED,"[""CROSSING_GEOMETRY_NOT_RESOLVED (the far face does not span the strip)""]","[""Q-CONT""]",,,,extent / count not established by the source or an accepted rule,PRE-S7.1 10_REMAINING_BLOCKERS.csv
S7B-0380,QI-00571,CMP-0159,BOTTOM_SUPPORT_CROSSING,SUP-1F_ROOF_SLAB-130,1F_ROOF_SLAB,Y,SUP-1F_ROOF_SLAB-130,SP-1F_ROOF_SLAB-03|SP-1F_ROOF_SLAB-09,10,URBAN_RATE_DENSITY,5,,,550,BLOCKED_UNQUANTIFIED,CONTINUITY_UNRESOLVED,"[""CROSSING_GEOMETRY_NOT_RESOLVED (the far face does not span the strip)""]","[""Q-CONT""]",,,,extent / count not established by the source or an accepted rule,PRE-S7.1 10_REMAINING_BLOCKERS.csv
S7B-0381,QI-00587,CMP-0177,BOTTOM_SUPPORT_CROSSING,SUP-1F_ROOF_SLAB-129,1F_ROOF_SLAB,Y,SUP-1F_ROOF_SLAB-129,SP-1F_ROOF_SLAB-07>SP-1F_ROOF_SLAB-03,10,URBAN_RATE_DENSITY,5,,,200,BLOCKED_UNQUANTIFIED,CONTINUITY_UNRESOLVED,"[""CROSSING_SEEN_FROM_ONE_FACE_ONLY (a junction / set-back beyond one face)""]","[""Q-CONT""]",,,,extent / count not established by the source or an accepted rule,PRE-S7.1 10_REMAINING_BLOCKERS.csv
S7B-0382,QI-00588,CMP-0222,BOTTOM_SUPPORT_CROSSING,SUP-1F_ROOF_SLAB-117,1F_ROOF_SLAB,Y,SUP-1F_ROOF_SLAB-117,SP-1F_ROOF_SLAB-23>SP-1F_ROOF_SLAB-09,10,URBAN_RATE_DENSITY,5,,,200,BLOCKED_UNQUANTIFIED,CONTINUITY_UNRESOLVED,"[""CROSSING_SEEN_FROM_ONE_FACE_ONLY (a junction / set-back beyond one face)""]","[""Q-CONT""]",,,,extent / count not established by the source or an accepted rule,PRE-S7.1 10_REMAINING_BLOCKERS.csv
S7B-0383,QI-00589,CMP-0038,BOTTOM_SUPPORT_CROSSING,SUP-GF_ROOF_SLAB-107,GF_ROOF_SLAB,X,SUP-GF_ROOF_SLAB-107,SP-GF_ROOF_SLAB-11>SP-GF_ROOF_SLAB-10,10,URBAN_RATE_DENSITY,5,,,42,BLOCKED_UNQUANTIFIED,CONTINUITY_UNRESOLVED,"[""CROSSING_SEEN_FROM_ONE_FACE_ONLY (a junction / set-back beyond one face)""]","[""Q-CONT""]",,,,extent / count not established by the source or an accepted rule,PRE-S7.1 10_REMAINING_BLOCKERS.csv
S7B-0384,QI-00590,CMP-0071,BOTTOM_SUPPORT_CROSSING,SUP-GF_ROOF_SLAB-077,GF_ROOF_SLAB,X,SUP-GF_ROOF_SLAB-077,SP-GF_ROOF_SLAB-18>SP-GF_ROOF_SLAB-16,10,URBAN_RATE_DENSITY,5,,,200,BLOCKED_UNQUANTIFIED,CONTINUITY_UNRESOLVED,"[""CROSSING_SEEN_FROM_ONE_FACE_ONLY (a junction / set-back beyond one face)""]","[""Q-CONT""]",,,,extent / count not established by the source or an accepted rule,PRE-S7.1 10_REMAINING_BLOCKERS.csv
S7B-0385,QI-00591,CMP-0159,BOTTOM_RUN_LAP_SPLICE,RUN-B-004,,Y,,,10,URBAN_RATE_DENSITY,,,,,BLOCKED_UNQUANTIFIED,TRANSITION_LAP_SPLICE,"[""MAIN_BAR_LAP_NOT_LOCATED""]","[""Q-LAP""]",,,,extent / count not established by the source or an accepted rule,PRE-S7.1 10_REMAINING_BLOCKERS.csv
S7B-0386,QI-00592,CMP-0175,BOTTOM_RUN_LAP_SPLICE,RUN-B-009,,X,,,10,URBAN_RATE_DENSITY,,,,,BLOCKED_UNQUANTIFIED,TRANSITION_LAP_SPLICE,"[""MAIN_BAR_LAP_NOT_LOCATED""]","[""Q-LAP""]",,,,extent / count not established by the source or an accepted rule,PRE-S7.1 10_REMAINING_BLOCKERS.csv
S7B-0387,QI-00593,CMP-0200,BOTTOM_RUN_LAP_SPLICE,RUN-B-012,,Y,,,10,URBAN_RATE_DENSITY,,,,,BLOCKED_UNQUANTIFIED,TRANSITION_LAP_SPLICE,"[""MAIN_BAR_LAP_NOT_LOCATED""]","[""Q-LAP""]",,,,extent / count not established by the source or an accepted rule,PRE-S7.1 10_REMAINING_BLOCKERS.csv
S7B-0388,QI-00594,CMP-0214,BOTTOM_RUN_LAP_SPLICE,RUN-B-015,,X,,,10,URBAN_RATE_DENSITY,,,,,BLOCKED_UNQUANTIFIED,TRANSITION_LAP_SPLICE,"[""MAIN_BAR_LAP_NOT_LOCATED""]","[""Q-LAP""]",,,,extent / count not established by the source or an accepted rule,PRE-S7.1 10_REMAINING_BLOCKERS.csv
S7B-0389,QI-00595,CMP-0250,BOTTOM_RUN_LAP_SPLICE,RUN-B-021,,Y,,,10,URBAN_RATE_DENSITY,,,,,BLOCKED_UNQUANTIFIED,TRANSITION_LAP_SPLICE,"[""MAIN_BAR_LAP_NOT_LOCATED""]","[""Q-LAP""]",,,,extent / count not established by the source or an accepted rule,PRE-S7.1 10_REMAINING_BLOCKERS.csv
S7B-0390,QI-00596,CMP-0265,BOTTOM_RUN_LAP_SPLICE,RUN-B-026,,X,,,10,URBAN_RATE_DENSITY,,,,,BLOCKED_UNQUANTIFIED,TRANSITION_LAP_SPLICE,"[""MAIN_BAR_LAP_NOT_LOCATED""]","[""Q-LAP""]",,,,extent / count not established by the source or an accepted rule,PRE-S7.1 10_REMAINING_BLOCKERS.csv
S7B-0391,QI-00597,CMP-0007,BOTTOM_RUN_LAP_SPLICE,RUN-B-030,,X,,,10,URBAN_RATE_DENSITY,,,,,BLOCKED_UNQUANTIFIED,TRANSITION_LAP_SPLICE,"[""MAIN_BAR_LAP_NOT_LOCATED""]","[""Q-LAP""]",,,,extent / count not established by the source or an accepted rule,PRE-S7.1 10_REMAINING_BLOCKERS.csv
S7B-0392,QI-00598,CMP-0032,BOTTOM_RUN_LAP_SPLICE,RUN-B-035,,X,,,10,URBAN_RATE_DENSITY,,,,,BLOCKED_UNQUANTIFIED,TRANSITION_LAP_SPLICE,"[""MAIN_BAR_LAP_NOT_LOCATED""]","[""Q-LAP""]",,,,extent / count not established by the source or an accepted rule,PRE-S7.1 10_REMAINING_BLOCKERS.csv
S7B-0393,QI-00599,CMP-0050,BOTTOM_RUN_LAP_SPLICE,RUN-B-038,,Y,,,10,URBAN_RATE_DENSITY,,,,,BLOCKED_UNQUANTIFIED,TRANSITION_LAP_SPLICE,"[""MAIN_BAR_LAP_NOT_LOCATED""]","[""Q-LAP""]",,,,extent / count not established by the source or an accepted rule,PRE-S7.1 10_REMAINING_BLOCKERS.csv
S7B-0394,QI-00600,CMP-0040,BOTTOM_RUN_LAP_SPLICE,RUN-B-040,,Y,,,10,URBAN_RATE_DENSITY,,,,,BLOCKED_UNQUANTIFIED,TRANSITION_LAP_SPLICE,"[""MAIN_BAR_LAP_NOT_LOCATED""]","[""Q-LAP""]",,,,extent / count not established by the source or an accepted rule,PRE-S7.1 10_REMAINING_BLOCKERS.csv
S7B-0395,QI-00601,CMP-0055,BOTTOM_RUN_LAP_SPLICE,RUN-B-045,,Y,,,10,URBAN_RATE_DENSITY,,,,,BLOCKED_UNQUANTIFIED,TRANSITION_LAP_SPLICE,"[""MAIN_BAR_LAP_NOT_LOCATED""]","[""Q-LAP""]",,,,extent / count not established by the source or an accepted rule,PRE-S7.1 10_REMAINING_BLOCKERS.csv
S7B-0396,QI-00602,CMP-0059,BOTTOM_RUN_LAP_SPLICE,RUN-B-046,,X,,,10,URBAN_RATE_DENSITY,,,,,BLOCKED_UNQUANTIFIED,TRANSITION_LAP_SPLICE,"[""MAIN_BAR_LAP_NOT_LOCATED""]","[""Q-LAP""]",,,,extent / count not established by the source or an accepted rule,PRE-S7.1 10_REMAINING_BLOCKERS.csv
S7B-0397,QI-00603,CMP-0078,BOTTOM_RUN_LAP_SPLICE,RUN-B-051,,Y,,,10,URBAN_RATE_DENSITY,,,,,BLOCKED_UNQUANTIFIED,TRANSITION_LAP_SPLICE,"[""MAIN_BAR_LAP_NOT_LOCATED""]","[""Q-LAP""]",,,,extent / count not established by the source or an accepted rule,PRE-S7.1 10_REMAINING_BLOCKERS.csv
S7B-0398,QI-00604,CMP-0110,BOTTOM_RUN_LAP_SPLICE,RUN-B-060,,X,,,10,URBAN_RATE_DENSITY,,,,,BLOCKED_UNQUANTIFIED,TRANSITION_LAP_SPLICE,"[""MAIN_BAR_LAP_NOT_LOCATED""]","[""Q-LAP""]",,,,extent / count not established by the source or an accepted rule,PRE-S7.1 10_REMAINING_BLOCKERS.csv
S7B-0399,QI-00605,CMP-0131,BOTTOM_RUN_LAP_SPLICE,RUN-B-066,,X,,,10,URBAN_RATE_DENSITY,,,,,BLOCKED_UNQUANTIFIED,TRANSITION_LAP_SPLICE,"[""MAIN_BAR_LAP_NOT_LOCATED""]","[""Q-LAP""]",,,,extent / count not established by the source or an accepted rule,PRE-S7.1 10_REMAINING_BLOCKERS.csv
S7B-0400,QI-00607,CMP-0276,TOP_END_ANCHORAGE,SUP-2F_ROOF_SLAB-001,2F_ROOF_SLAB,X,SUP-2F_ROOF_SLAB-001,SP-2F_ROOF_SLAB-04,10,URBAN_RATE_DENSITY,5,,,4818.3,BLOCKED_UNQUANTIFIED,ANCHORAGE_END_COVER,"[""TOP_ANCHOR_OVER_BEAM_AND_LEG_SHAPE_ONLY ('40 CL.' unresolved)""]","[""Q-ANCHOR"", ""Q-ENDCOVER""]",,C-06 COVER_DIMENSION_BINDING (no quantity depends on it),,extent / count not established by the source or an accepted rule,PRE-S7.1 10_REMAINING_BLOCKERS.csv
S7B-0401,QI-00608,CMP-0277,TOP_EXTENSION,SUP-2F_ROOF_SLAB-002,2F_ROOF_SLAB,X,SUP-2F_ROOF_SLAB-002,SP-2F_ROOF_SLAB-08,10,URBAN_RATE_DENSITY,5,,,1200,BLOCKED_UNQUANTIFIED,BEARING_WALL_CANDIDATE_SUPPORT,"[""TOP_RULE_APPLICABILITY_AT_BEARING_WALL_CANDIDATE (plan note 2 is for slabs over beams; the support band carries the dense hatch)""]","[""Q-HATCH""]",,,,extent / count not established by the source or an accepted rule,PRE-S7.1 10_REMAINING_BLOCKERS.csv
S7B-0402,QI-00609,CMP-0277,TOP_END_ANCHORAGE,SUP-2F_ROOF_SLAB-002,2F_ROOF_SLAB,X,SUP-2F_ROOF_SLAB-002,SP-2F_ROOF_SLAB-08,10,URBAN_RATE_DENSITY,5,,,1200,BLOCKED_UNQUANTIFIED,ANCHORAGE_END_COVER,"[""TOP_ANCHOR_OVER_BEAM_AND_LEG_SHAPE_ONLY ('40 CL.' unresolved)""]","[""Q-ANCHOR"", ""Q-ENDCOVER""]",,C-06 COVER_DIMENSION_BINDING (no quantity depends on it),,extent / count not established by the source or an accepted rule,PRE-S7.1 10_REMAINING_BLOCKERS.csv
S7B-0403,QI-00610,CMP-0278,TOP_SUPPORT_CROSSING,SUP-GF_ROOF_SLAB-003,GF_ROOF_SLAB,X,SUP-GF_ROOF_SLAB-003,SP-GF_ROOF_SLAB-17>SP-GF_ROOF_SLAB-14,10,URBAN_RATE_DENSITY,5,,,320.1,BLOCKED_UNQUANTIFIED,CONTINUITY_UNRESOLVED,"[""CROSSING_SEEN_FROM_ONE_FACE_ONLY (a junction / set-back beyond one face)""]","[""Q-CONT""]",,,,extent / count not established by the source or an accepted rule,PRE-S7.1 10_REMAINING_BLOCKERS.csv
S7B-0404,QI-00616,CMP-0279,TOP_EXTENSION,SUP-GF_ROOF_SLAB-004,GF_ROOF_SLAB,X,SUP-GF_ROOF_SLAB-004,SP-GF_ROOF_SLAB-28,10,,,,,,EXCLUDED_SPECIAL_STRUCTURE,S8_SPECIAL_STRUCTURE,[],[],"SPECIAL_STRUCTURE (STAIR_FLIGHT_ZONE, excluded in PRE-S7)",,,ownership transferred to S8,PRE-S7.1 TRANSFERRED_S8 item
S7B-0405,QI-00617,CMP-0279,TOP_OVER_SUPPORT_UNRESOLVED,SUP-GF_ROOF_SLAB-004,GF_ROOF_SLAB,X,SUP-GF_ROOF_SLAB-004,SP-GF_ROOF_SLAB-22,10,URBAN_RATE_DENSITY,5,,,4150,BLOCKED_UNQUANTIFIED,CONTINUITY_UNRESOLVED,"[""PORTION_OVER_SUPPORT_DEPENDS_ON_CONTINUITY (SLAB_EXCLUDED_SPECIAL)""]","[""Q-CONT""]",,,,extent / count not established by the source or an accepted rule,PRE-S7.1 10_REMAINING_BLOCKERS.csv
S7B-0406,QI-00622,CMP-0282,TOP_END_ANCHORAGE,SUP-1F_ROOF_SLAB-007,1F_ROOF_SLAB,X,SUP-1F_ROOF_SLAB-007,SP-1F_ROOF_SLAB-24,10,URBAN_RATE_DENSITY,5,,,1042.3,BLOCKED_UNQUANTIFIED,ANCHORAGE_END_COVER,"[""TOP_ANCHOR_OVER_BEAM_AND_LEG_SHAPE_ONLY ('40 CL.' unresolved)""]","[""Q-ANCHOR"", ""Q-ENDCOVER""]",,C-06 COVER_DIMENSION_BINDING (no quantity depends on it),,extent / count not established by the source or an accepted rule,PRE-S7.1 10_REMAINING_BLOCKERS.csv
S7B-0407,QI-00624,CMP-0283,TOP_EXTENSION,SUP-2F_ROOF_SLAB-008,2F_ROOF_SLAB,X,SUP-2F_ROOF_SLAB-008,SP-2F_ROOF_SLAB-02,10,,,,,,EXCLUDED_SPECIAL_STRUCTURE,S8_SPECIAL_STRUCTURE,[],[],WATER_TANK_SUPPORT_REGION,,,ownership transferred to S8,PRE-S7.1 TRANSFERRED_S8 item
S7B-0408,QI-00625,CMP-0283,TOP_OVER_SUPPORT_UNRESOLVED,SUP-2F_ROOF_SLAB-008,2F_ROOF_SLAB,X,SUP-2F_ROOF_SLAB-008,SP-2F_ROOF_SLAB-04,10,URBAN_RATE_DENSITY,5,,,3000,BLOCKED_UNQUANTIFIED,CONTINUITY_UNRESOLVED,"[""PORTION_OVER_SUPPORT_DEPENDS_ON_CONTINUITY (SLAB_TRANSFERRED)""]","[""Q-CONT""]",,,,extent / count not established by the source or an accepted rule,PRE-S7.1 10_REMAINING_BLOCKERS.csv
S7B-0409,QI-00626,CMP-0284,TOP_SUPPORT_CROSSING,SUP-2F_ROOF_SLAB-009,2F_ROOF_SLAB,X,SUP-2F_ROOF_SLAB-009,SP-2F_ROOF_SLAB-04>SP-2F_ROOF_SLAB-03,10,URBAN_RATE_DENSITY,5,,,200,BLOCKED_UNQUANTIFIED,CONTINUITY_UNRESOLVED,"[""CROSSING_SEEN_FROM_ONE_FACE_ONLY (a junction / set-back beyond one face)""]","[""Q-CONT""]",,,,extent / count not established by the source or an accepted rule,PRE-S7.1 10_REMAINING_BLOCKERS.csv
S7B-0410,QI-00636,CMP-0286,TOP_OVER_SUPPORT_UNRESOLVED,SUP-GF_ROOF_SLAB-011,GF_ROOF_SLAB,X,SUP-GF_ROOF_SLAB-011,SP-GF_ROOF_SLAB-29,10,URBAN_RATE_DENSITY,5,,,625.6,BLOCKED_UNQUANTIFIED,SUNKEN_LEVEL_CHANGE_CONTINUITY,"[""PORTION_OVER_SUPPORT_DEPENDS_ON_CONTINUITY (LEVEL_CHANGE)""]","[""Q-SUNKEN""]",,,,extent / count not established by the source or an accepted rule,PRE-S7.1 10_REMAINING_BLOCKERS.csv
S7B-0411,QI-00638,CMP-0287,TOP_OVER_SUPPORT_UNRESOLVED,SUP-GF_ROOF_SLAB-012,GF_ROOF_SLAB,X,SUP-GF_ROOF_SLAB-012,SP-GF_ROOF_SLAB-25,10,URBAN_RATE_DENSITY,5,,,354.6,BLOCKED_UNQUANTIFIED,SUNKEN_LEVEL_CHANGE_CONTINUITY,"[""PORTION_OVER_SUPPORT_DEPENDS_ON_CONTINUITY (LEVEL_CHANGE)""]","[""Q-SUNKEN""]",,,,extent / count not established by the source or an accepted rule,PRE-S7.1 10_REMAINING_BLOCKERS.csv
S7B-0412,QI-00639,CMP-0288,TOP_EXTENSION,SUP-2F_ROOF_SLAB-013,2F_ROOF_SLAB,X,SUP-2F_ROOF_SLAB-013,SP-2F_ROOF_SLAB-01,10,,,,,,EXCLUDED_SPECIAL_STRUCTURE,S8_SPECIAL_STRUCTURE,[],[],WATER_TANK_SUPPORT_REGION,,,ownership transferred to S8,PRE-S7.1 TRANSFERRED_S8 item
S7B-0413,QI-00641,CMP-0289,TOP_EXTENSION,SUP-2F_ROOF_SLAB-014,2F_ROOF_SLAB,X,SUP-2F_ROOF_SLAB-014,SP-2F_ROOF_SLAB-01,10,,,,,,EXCLUDED_SPECIAL_STRUCTURE,S8_SPECIAL_STRUCTURE,[],[],WATER_TANK_SUPPORT_REGION,,,ownership transferred to S8,PRE-S7.1 TRANSFERRED_S8 item
S7B-0414,QI-00642,CMP-0289,TOP_END_ANCHORAGE,SUP-2F_ROOF_SLAB-014,2F_ROOF_SLAB,X,SUP-2F_ROOF_SLAB-014,SP-2F_ROOF_SLAB-03,10,URBAN_RATE_DENSITY,5,,,200,BLOCKED_UNQUANTIFIED,ANCHORAGE_END_COVER,"[""TOP_ANCHOR_OVER_BEAM_AND_LEG_SHAPE_ONLY ('40 CL.' unresolved)""]","[""Q-ANCHOR"", ""Q-ENDCOVER""]",,C-06 COVER_DIMENSION_BINDING (no quantity depends on it),,extent / count not established by the source or an accepted rule,PRE-S7.1 10_REMAINING_BLOCKERS.csv
S7B-0415,QI-00643,CMP-0289,TOP_OVER_SUPPORT_UNRESOLVED,SUP-2F_ROOF_SLAB-014,2F_ROOF_SLAB,X,SUP-2F_ROOF_SLAB-014,SP-2F_ROOF_SLAB-03,10,URBAN_RATE_DENSITY,5,,,100,BLOCKED_UNQUANTIFIED,CONTINUITY_UNRESOLVED,"[""PORTION_OVER_SUPPORT_DEPENDS_ON_CONTINUITY (SLAB_TRANSFERRED)""]","[""Q-CONT""]",,,,extent / count not established by the source or an accepted rule,PRE-S7.1 10_REMAINING_BLOCKERS.csv
S7B-0416,QI-00645,CMP-0290,TOP_END_ANCHORAGE,SUP-GF_ROOF_SLAB-015,GF_ROOF_SLAB,Y,SUP-GF_ROOF_SLAB-015,SP-GF_ROOF_SLAB-26,10,URBAN_RATE_DENSITY,5,,,3800,BLOCKED_UNQUANTIFIED,ANCHORAGE_END_COVER,"[""TOP_ANCHOR_OVER_BEAM_AND_LEG_SHAPE_ONLY ('40 CL.' unresolved)""]","[""Q-ANCHOR"", ""Q-ENDCOVER""]",,C-06 COVER_DIMENSION_BINDING (no quantity depends on it),,extent / count not established by the source or an accepted rule,PRE-S7.1 10_REMAINING_BLOCKERS.csv
S7B-0417,QI-00647,CMP-0291,TOP_END_ANCHORAGE,SUP-GF_ROOF_SLAB-016,GF_ROOF_SLAB,Y,SUP-GF_ROOF_SLAB-016,SP-GF_ROOF_SLAB-27,10,URBAN_RATE_DENSITY,5,,,1450,BLOCKED_UNQUANTIFIED,ANCHORAGE_END_COVER,"[""TOP_ANCHOR_OVER_BEAM_AND_LEG_SHAPE_ONLY ('40 CL.' unresolved)""]","[""Q-ANCHOR"", ""Q-ENDCOVER""]",,C-06 COVER_DIMENSION_BINDING (no quantity depends on it),,extent / count not established by the source or an accepted rule,PRE-S7.1 10_REMAINING_BLOCKERS.csv
S7B-0418,QI-00649,CMP-0292,TOP_END_ANCHORAGE,SUP-GF_ROOF_SLAB-017,GF_ROOF_SLAB,Y,SUP-GF_ROOF_SLAB-017,SP-GF_ROOF_SLAB-27,10,URBAN_RATE_DENSITY,5,,,400,BLOCKED_UNQUANTIFIED,ANCHORAGE_END_COVER,"[""TOP_ANCHOR_OVER_BEAM_AND_LEG_SHAPE_ONLY ('40 CL.' unresolved)""]","[""Q-ANCHOR"", ""Q-ENDCOVER""]",,C-06 COVER_DIMENSION_BINDING (no quantity depends on it),,extent / count not established by the source or an accepted rule,PRE-S7.1 10_REMAINING_BLOCKERS.csv
S7B-0419,QI-00651,CMP-0293,TOP_END_ANCHORAGE,SUP-GF_ROOF_SLAB-018,GF_ROOF_SLAB,Y,SUP-GF_ROOF_SLAB-018,SP-GF_ROOF_SLAB-27,10,URBAN_RATE_DENSITY,5,,,1150,BLOCKED_UNQUANTIFIED,ANCHORAGE_END_COVER,"[""TOP_ANCHOR_OVER_BEAM_AND_LEG_SHAPE_ONLY ('40 CL.' unresolved)""]","[""Q-ANCHOR"", ""Q-ENDCOVER""]",,C-06 COVER_DIMENSION_BINDING (no quantity depends on it),,extent / count not established by the source or an accepted rule,PRE-S7.1 10_REMAINING_BLOCKERS.csv
S7B-0420,QI-00653,CMP-0294,TOP_END_ANCHORAGE,SUP-GF_ROOF_SLAB-019,GF_ROOF_SLAB,Y,SUP-GF_ROOF_SLAB-019,SP-GF_ROOF_SLAB-30,10,URBAN_RATE_DENSITY,5,,,1200,BLOCKED_UNQUANTIFIED,ANCHORAGE_END_COVER,"[""TOP_ANCHOR_OVER_BEAM_AND_LEG_SHAPE_ONLY ('40 CL.' unresolved)""]","[""Q-ANCHOR"", ""Q-ENDCOVER""]",,C-06 COVER_DIMENSION_BINDING (no quantity depends on it),,extent / count not established by the source or an accepted rule,PRE-S7.1 10_REMAINING_BLOCKERS.csv
S7B-0421,QI-00655,CMP-0295,TOP_END_ANCHORAGE,SUP-GF_ROOF_SLAB-020,GF_ROOF_SLAB,Y,SUP-GF_ROOF_SLAB-020,SP-GF_ROOF_SLAB-34,10,URBAN_RATE_DENSITY,5,,,3000,BLOCKED_UNQUANTIFIED,ANCHORAGE_END_COVER,"[""TOP_ANCHOR_OVER_BEAM_AND_LEG_SHAPE_ONLY ('40 CL.' unresolved)""]","[""Q-ANCHOR"", ""Q-ENDCOVER""]",,C-06 COVER_DIMENSION_BINDING (no quantity depends on it),,extent / count not established by the source or an accepted rule,PRE-S7.1 10_REMAINING_BLOCKERS.csv
S7B-0422,QI-00657,CMP-0296,TOP_END_ANCHORAGE,SUP-1F_ROOF_SLAB-021,1F_ROOF_SLAB,X,SUP-1F_ROOF_SLAB-021,SP-1F_ROOF_SLAB-05,10,URBAN_RATE_DENSITY,5,,,4275,BLOCKED_UNQUANTIFIED,ANCHORAGE_END_COVER,"[""TOP_ANCHOR_OVER_BEAM_AND_LEG_SHAPE_ONLY ('40 CL.' unresolved)""]","[""Q-ANCHOR"", ""Q-ENDCOVER""]",,C-06 COVER_DIMENSION_BINDING (no quantity depends on it),,extent / count not established by the source or an accepted rule,PRE-S7.1 10_REMAINING_BLOCKERS.csv
S7B-0423,QI-00659,CMP-0297,TOP_END_ANCHORAGE,SUP-1F_ROOF_SLAB-022,1F_ROOF_SLAB,X,SUP-1F_ROOF_SLAB-022,SP-1F_ROOF_SLAB-07,10,URBAN_RATE_DENSITY,5,,,1010.5,BLOCKED_UNQUANTIFIED,ANCHORAGE_END_COVER,"[""TOP_ANCHOR_OVER_BEAM_AND_LEG_SHAPE_ONLY ('40 CL.' unresolved)""]","[""Q-ANCHOR"", ""Q-ENDCOVER""]",,C-06 COVER_DIMENSION_BINDING (no quantity depends on it),,extent / count not established by the source or an accepted rule,PRE-S7.1 10_REMAINING_BLOCKERS.csv
S7B-0424,QI-00660,CMP-0298,TOP_EXTENSION,SUP-2F_ROOF_SLAB-023,2F_ROOF_SLAB,X,SUP-2F_ROOF_SLAB-023,SP-2F_ROOF_SLAB-01,10,,,,,,EXCLUDED_SPECIAL_STRUCTURE,S8_SPECIAL_STRUCTURE,[],[],WATER_TANK_SUPPORT_REGION,,,ownership transferred to S8,PRE-S7.1 TRANSFERRED_S8 item
S7B-0425,QI-00661,CMP-0298,TOP_EXTENSION,SUP-2F_ROOF_SLAB-023,2F_ROOF_SLAB,X,SUP-2F_ROOF_SLAB-023,SP-2F_ROOF_SLAB-02,10,,,,,,EXCLUDED_SPECIAL_STRUCTURE,S8_SPECIAL_STRUCTURE,[],[],WATER_TANK_SUPPORT_REGION,,,ownership transferred to S8,PRE-S7.1 TRANSFERRED_S8 item
S7B-0426,QI-00662,CMP-0299,TOP_SUPPORT_CROSSING,SUP-2F_ROOF_SLAB-024,2F_ROOF_SLAB,X,SUP-2F_ROOF_SLAB-024,SP-2F_ROOF_SLAB-06>SP-2F_ROOF_SLAB-03,10,URBAN_RATE_DENSITY,5,,,200,BLOCKED_UNQUANTIFIED,CONTINUITY_UNRESOLVED,"[""CROSSING_SEEN_FROM_ONE_FACE_ONLY (a junction / set-back beyond one face)""]","[""Q-CONT""]",,,,extent / count not established by the source or an accepted rule,PRE-S7.1 10_REMAINING_BLOCKERS.csv
S7B-0427,QI-00670,CMP-0301,TOP_END_ANCHORAGE,SUP-1F_ROOF_SLAB-026,1F_ROOF_SLAB,X,SUP-1F_ROOF_SLAB-026,SP-1F_ROOF_SLAB-11,10,URBAN_RATE_DENSITY,5,,,914.5,BLOCKED_UNQUANTIFIED,ANCHORAGE_END_COVER,"[""TOP_ANCHOR_OVER_BEAM_AND_LEG_SHAPE_ONLY ('40 CL.' unresolved)""]","[""Q-ANCHOR"", ""Q-ENDCOVER""]",,C-06 COVER_DIMENSION_BINDING (no quantity depends on it),,extent / count not established by the source or an accepted rule,PRE-S7.1 10_REMAINING_BLOCKERS.csv
S7B-0428,QI-00671,CMP-0302,TOP_EXTENSION,SUP-2F_ROOF_SLAB-027,2F_ROOF_SLAB,X,SUP-2F_ROOF_SLAB-027,,10,URBAN_RATE_DENSITY,5,,,,BLOCKED_UNQUANTIFIED,OBLIQUE_SUPPORT,"[""NO_SQUARE_BAR_LINE_MEETS_THIS_SUPPORT (its bar lines were mapped by geometry to another support record)""]","[""Q-OBLIQUE""]",,,,extent / count not established by the source or an accepted rule,PRE-S7.1 10_REMAINING_BLOCKERS.csv
S7B-0429,QI-00673,CMP-0303,TOP_END_ANCHORAGE,SUP-GF_ROOF_SLAB-028,GF_ROOF_SLAB,Y,SUP-GF_ROOF_SLAB-028,SP-GF_ROOF_SLAB-20,10,URBAN_RATE_DENSITY,5,,,934.1,BLOCKED_UNQUANTIFIED,ANCHORAGE_END_COVER,"[""TOP_ANCHOR_OVER_BEAM_AND_LEG_SHAPE_ONLY ('40 CL.' unresolved)""]","[""Q-ANCHOR"", ""Q-ENDCOVER""]",,C-06 COVER_DIMENSION_BINDING (no quantity depends on it),,extent / count not established by the source or an accepted rule,PRE-S7.1 10_REMAINING_BLOCKERS.csv
S7B-0430,QI-00678,CMP-0305,TOP_EXTENSION,SUP-1F_ROOF_SLAB-030,1F_ROOF_SLAB,X,SUP-1F_ROOF_SLAB-030,SP-1F_ROOF_SLAB-13,10,,,,,,EXCLUDED_SPECIAL_STRUCTURE,S8_SPECIAL_STRUCTURE,[],[],"SPECIAL_STRUCTURE (DOME_ZONE, excluded in PRE-S7)",,,ownership transferred to S8,PRE-S7.1 TRANSFERRED_S8 item
S7B-0431,QI-00679,CMP-0305,TOP_EXTENSION,SUP-1F_ROOF_SLAB-030,1F_ROOF_SLAB,X,SUP-1F_ROOF_SLAB-030,SP-1F_ROOF_SLAB-20,10,,,,,,EXCLUDED_SPECIAL_STRUCTURE,S8_SPECIAL_STRUCTURE,[],[],"SPECIAL_STRUCTURE (DOME_ZONE, excluded in PRE-S7)",,,ownership transferred to S8,PRE-S7.1 TRANSFERRED_S8 item
S7B-0432,QI-00680,CMP-0305,TOP_OVER_SUPPORT_UNRESOLVED,SUP-1F_ROOF_SLAB-030,1F_ROOF_SLAB,X,SUP-1F_ROOF_SLAB-030,SP-1F_ROOF_SLAB-21,10,URBAN_RATE_DENSITY,5,,,3807.7,BLOCKED_UNQUANTIFIED,CONTINUITY_UNRESOLVED,"[""PORTION_OVER_SUPPORT_DEPENDS_ON_CONTINUITY (SLAB_EXCLUDED_SPECIAL)""]","[""Q-CONT""]",,,,extent / count not established by the source or an accepted rule,PRE-S7.1 10_REMAINING_BLOCKERS.csv
S7B-0433,QI-00681,CMP-0306,TOP_SUPPORT_CROSSING,SUP-1F_ROOF_SLAB-031,1F_ROOF_SLAB,X,SUP-1F_ROOF_SLAB-031,SP-1F_ROOF_SLAB-25>SP-1F_ROOF_SLAB-21,10,URBAN_RATE_DENSITY,5,,,100,BLOCKED_UNQUANTIFIED,CONTINUITY_UNRESOLVED,"[""CROSSING_SEEN_FROM_ONE_FACE_ONLY (a junction / set-back beyond one face)""]","[""Q-CONT""]",,,,extent / count not established by the source or an accepted rule,PRE-S7.1 10_REMAINING_BLOCKERS.csv
S7B-0434,QI-00685,CMP-0307,TOP_EXTENSION,SUP-2F_ROOF_SLAB-032,2F_ROOF_SLAB,X,SUP-2F_ROOF_SLAB-032,SP-2F_ROOF_SLAB-01,10,,,,,,EXCLUDED_SPECIAL_STRUCTURE,S8_SPECIAL_STRUCTURE,[],[],WATER_TANK_SUPPORT_REGION,,,ownership transferred to S8,PRE-S7.1 TRANSFERRED_S8 item
S7B-0435,QI-00686,CMP-0308,TOP_EXTENSION,SUP-2F_ROOF_SLAB-033,2F_ROOF_SLAB,X,SUP-2F_ROOF_SLAB-033,SP-2F_ROOF_SLAB-06,10,URBAN_RATE_DENSITY,5,,,2900,BLOCKED_UNQUANTIFIED,BEARING_WALL_CANDIDATE_SUPPORT,"[""TOP_RULE_APPLICABILITY_AT_BEARING_WALL_CANDIDATE (plan note 2 is for slabs over beams; the support band carries the dense hatch)""]","[""Q-HATCH""]",,,,extent / count not established by the source or an accepted rule,PRE-S7.1 10_REMAINING_BLOCKERS.csv
S7B-0436,QI-00687,CMP-0308,TOP_END_ANCHORAGE,SUP-2F_ROOF_SLAB-033,2F_ROOF_SLAB,X,SUP-2F_ROOF_SLAB-033,SP-2F_ROOF_SLAB-06,10,URBAN_RATE_DENSITY,5,,,2900,BLOCKED_UNQUANTIFIED,ANCHORAGE_END_COVER,"[""TOP_ANCHOR_OVER_BEAM_AND_LEG_SHAPE_ONLY ('40 CL.' unresolved)""]","[""Q-ANCHOR"", ""Q-ENDCOVER""]",,C-06 COVER_DIMENSION_BINDING (no quantity depends on it),,extent / count not established by the source or an accepted rule,PRE-S7.1 10_REMAINING_BLOCKERS.csv
S7B-0437,QI-00688,CMP-0309,TOP_EXTENSION,SUP-2F_ROOF_SLAB-034,2F_ROOF_SLAB,X,SUP-2F_ROOF_SLAB-034,,10,URBAN_RATE_DENSITY,5,,,,BLOCKED_UNQUANTIFIED,OBLIQUE_SUPPORT,"[""NO_SQUARE_BAR_LINE_MEETS_THIS_SUPPORT (its bar lines were mapped by geometry to another support record)""]","[""Q-OBLIQUE""]",,,,extent / count not established by the source or an accepted rule,PRE-S7.1 10_REMAINING_BLOCKERS.csv
S7B-0438,QI-00690,CMP-0310,TOP_END_ANCHORAGE,SUP-GF_ROOF_SLAB-035,GF_ROOF_SLAB,Y,SUP-GF_ROOF_SLAB-035,SP-GF_ROOF_SLAB-27,10,URBAN_RATE_DENSITY,5,,,3000,BLOCKED_UNQUANTIFIED,ANCHORAGE_END_COVER,"[""TOP_ANCHOR_OVER_BEAM_AND_LEG_SHAPE_ONLY ('40 CL.' unresolved)""]","[""Q-ANCHOR"", ""Q-ENDCOVER""]",,C-06 COVER_DIMENSION_BINDING (no quantity depends on it),,extent / count not established by the source or an accepted rule,PRE-S7.1 10_REMAINING_BLOCKERS.csv
S7B-0439,QI-00692,CMP-0311,TOP_END_ANCHORAGE,SUP-GF_ROOF_SLAB-036,GF_ROOF_SLAB,Y,SUP-GF_ROOF_SLAB-036,SP-GF_ROOF_SLAB-34,10,URBAN_RATE_DENSITY,5,,,2950,BLOCKED_UNQUANTIFIED,ANCHORAGE_END_COVER,"[""TOP_ANCHOR_OVER_BEAM_AND_LEG_SHAPE_ONLY ('40 CL.' unresolved)""]","[""Q-ANCHOR"", ""Q-ENDCOVER""]",,C-06 COVER_DIMENSION_BINDING (no quantity depends on it),,extent / count not established by the source or an accepted rule,PRE-S7.1 10_REMAINING_BLOCKERS.csv
S7B-0440,QI-00693,CMP-0312,TOP_LOCAL_OVERRIDE_GROUP,SUP-GF_ROOF_SLAB-037,GF_ROOF_SLAB,Y,SUP-GF_ROOF_SLAB-037,,16,SOURCE_EXPLICIT_COUNT,,3,True,,BLOCKED_UNQUANTIFIED,EXPLICIT_COUNT_LENGTH_BLOCKED,"[""OVERRIDE_BAR_LENGTH_NOT_ESTABLISHED (graphic shape only, no extent in the source)""]","[""Q-TOPOVR""]",,,,"count released, length blocked",PRE-S7.1 10_REMAINING_BLOCKERS.csv
S7B-0441,QI-00696,CMP-0313,TOP_OVER_SUPPORT_UNRESOLVED,SUP-GF_ROOF_SLAB-038,GF_ROOF_SLAB,Y,SUP-GF_ROOF_SLAB-038,SP-GF_ROOF_SLAB-20,10,URBAN_RATE_DENSITY,5,,,1900,BLOCKED_UNQUANTIFIED,SUNKEN_LEVEL_CHANGE_CONTINUITY,"[""PORTION_OVER_SUPPORT_DEPENDS_ON_CONTINUITY (LEVEL_CHANGE)""]","[""Q-SUNKEN""]",,,,extent / count not established by the source or an accepted rule,PRE-S7.1 10_REMAINING_BLOCKERS.csv
S7B-0442,QI-00697,CMP-0313,TOP_OVER_SUPPORT_UNRESOLVED,SUP-GF_ROOF_SLAB-038,GF_ROOF_SLAB,Y,SUP-GF_ROOF_SLAB-038,SP-GF_ROOF_SLAB-24,10,URBAN_RATE_DENSITY,5,,,1752.4,BLOCKED_UNQUANTIFIED,SUNKEN_LEVEL_CHANGE_CONTINUITY,"[""PORTION_OVER_SUPPORT_DEPENDS_ON_CONTINUITY (LEVEL_CHANGE)""]","[""Q-SUNKEN""]",,,,extent / count not established by the source or an accepted rule,PRE-S7.1 10_REMAINING_BLOCKERS.csv
S7B-0443,QI-00700,CMP-0314,TOP_OVER_SUPPORT_UNRESOLVED,SUP-GF_ROOF_SLAB-039,GF_ROOF_SLAB,Y,SUP-GF_ROOF_SLAB-039,SP-GF_ROOF_SLAB-20,10,URBAN_RATE_DENSITY,5,,,1365.9,BLOCKED_UNQUANTIFIED,SUNKEN_LEVEL_CHANGE_CONTINUITY,"[""PORTION_OVER_SUPPORT_DEPENDS_ON_CONTINUITY (LEVEL_CHANGE)""]","[""Q-SUNKEN""]",,,,extent / count not established by the source or an accepted rule,PRE-S7.1 10_REMAINING_BLOCKERS.csv
S7B-0444,QI-00701,CMP-0314,TOP_OVER_SUPPORT_UNRESOLVED,SUP-GF_ROOF_SLAB-039,GF_ROOF_SLAB,Y,SUP-GF_ROOF_SLAB-039,SP-GF_ROOF_SLAB-29,10,URBAN_RATE_DENSITY,5,,,1200,BLOCKED_UNQUANTIFIED,SUNKEN_LEVEL_CHANGE_CONTINUITY,"[""PORTION_OVER_SUPPORT_DEPENDS_ON_CONTINUITY (LEVEL_CHANGE)""]","[""Q-SUNKEN""]",,,,extent / count not established by the source or an accepted rule,PRE-S7.1 10_REMAINING_BLOCKERS.csv
S7B-0445,QI-00703,CMP-0315,TOP_END_ANCHORAGE,SUP-1F_ROOF_SLAB-040,1F_ROOF_SLAB,X,SUP-1F_ROOF_SLAB-040,SP-1F_ROOF_SLAB-08,10,URBAN_RATE_DENSITY,5,,,785.5,BLOCKED_UNQUANTIFIED,ANCHORAGE_END_COVER,"[""TOP_ANCHOR_OVER_BEAM_AND_LEG_SHAPE_ONLY ('40 CL.' unresolved)""]","[""Q-ANCHOR"", ""Q-ENDCOVER""]",,C-06 COVER_DIMENSION_BINDING (no quantity depends on it),,extent / count not established by the source or an accepted rule,PRE-S7.1 10_REMAINING_BLOCKERS.csv
S7B-0446,QI-00705,CMP-0316,TOP_END_ANCHORAGE,SUP-1F_ROOF_SLAB-041,1F_ROOF_SLAB,X,SUP-1F_ROOF_SLAB-041,SP-1F_ROOF_SLAB-25,10,URBAN_RATE_DENSITY,5,,,1142.3,BLOCKED_UNQUANTIFIED,ANCHORAGE_END_COVER,"[""TOP_ANCHOR_OVER_BEAM_AND_LEG_SHAPE_ONLY ('40 CL.' unresolved)""]","[""Q-ANCHOR"", ""Q-ENDCOVER""]",,C-06 COVER_DIMENSION_BINDING (no quantity depends on it),,extent / count not established by the source or an accepted rule,PRE-S7.1 10_REMAINING_BLOCKERS.csv
S7B-0447,QI-00707,CMP-0317,TOP_END_ANCHORAGE,SUP-GF_ROOF_SLAB-042,GF_ROOF_SLAB,Y,SUP-GF_ROOF_SLAB-042,SP-GF_ROOF_SLAB-19,10,URBAN_RATE_DENSITY,5,,,2900,BLOCKED_UNQUANTIFIED,ANCHORAGE_END_COVER,"[""TOP_ANCHOR_OVER_BEAM_AND_LEG_SHAPE_ONLY ('40 CL.' unresolved)""]","[""Q-ANCHOR"", ""Q-ENDCOVER""]",,C-06 COVER_DIMENSION_BINDING (no quantity depends on it),,extent / count not established by the source or an accepted rule,PRE-S7.1 10_REMAINING_BLOCKERS.csv
S7B-0448,QI-00709,CMP-0318,TOP_END_ANCHORAGE,SUP-1F_ROOF_SLAB-043,1F_ROOF_SLAB,X,SUP-1F_ROOF_SLAB-043,SP-1F_ROOF_SLAB-09,10,URBAN_RATE_DENSITY,5,,,914.5,BLOCKED_UNQUANTIFIED,ANCHORAGE_END_COVER,"[""TOP_ANCHOR_OVER_BEAM_AND_LEG_SHAPE_ONLY ('40 CL.' unresolved)""]","[""Q-ANCHOR"", ""Q-ENDCOVER""]",,C-06 COVER_DIMENSION_BINDING (no quantity depends on it),,extent / count not established by the source or an accepted rule,PRE-S7.1 10_REMAINING_BLOCKERS.csv
S7B-0449,QI-00713,CMP-0319,TOP_SUPPORT_CROSSING,SUP-1F_ROOF_SLAB-044,1F_ROOF_SLAB,X,SUP-1F_ROOF_SLAB-044,SP-1F_ROOF_SLAB-07|SP-1F_ROOF_SLAB-09,10,URBAN_RATE_DENSITY,5,,,66.7,BLOCKED_UNQUANTIFIED,CONTINUITY_UNRESOLVED,"[""CROSSING_GEOMETRY_NOT_RESOLVED (the far face does not span the strip)""]","[""Q-CONT""]",,,,extent / count not established by the source or an accepted rule,PRE-S7.1 10_REMAINING_BLOCKERS.csv
S7B-0450,QI-00715,CMP-0320,TOP_EXTENSION,SUP-1F_ROOF_SLAB-045,1F_ROOF_SLAB,X,SUP-1F_ROOF_SLAB-045,SP-1F_ROOF_SLAB-16,10,,,,,,EXCLUDED_SPECIAL_STRUCTURE,S8_SPECIAL_STRUCTURE,[],[],"SPECIAL_STRUCTURE (DOME_ZONE, excluded in PRE-S7)",,,ownership transferred to S8,PRE-S7.1 TRANSFERRED_S8 item
S7B-0451,QI-00716,CMP-0320,TOP_EXTENSION,SUP-1F_ROOF_SLAB-045,1F_ROOF_SLAB,X,SUP-1F_ROOF_SLAB-045,SP-1F_ROOF_SLAB-17,10,,,,,,EXCLUDED_SPECIAL_STRUCTURE,S8_SPECIAL_STRUCTURE,[],[],"SPECIAL_STRUCTURE (DOME_ZONE, excluded in PRE-S7)",,,ownership transferred to S8,PRE-S7.1 TRANSFERRED_S8 item
S7B-0452,QI-00717,CMP-0320,TOP_OVER_SUPPORT_UNRESOLVED,SUP-1F_ROOF_SLAB-045,1F_ROOF_SLAB,X,SUP-1F_ROOF_SLAB-045,SP-1F_ROOF_SLAB-23,10,URBAN_RATE_DENSITY,5,,,3807.7,BLOCKED_UNQUANTIFIED,CONTINUITY_UNRESOLVED,"[""PORTION_OVER_SUPPORT_DEPENDS_ON_CONTINUITY (SLAB_EXCLUDED_SPECIAL)""]","[""Q-CONT""]",,,,extent / count not established by the source or an accepted rule,PRE-S7.1 10_REMAINING_BLOCKERS.csv
S7B-0453,QI-00722,CMP-0322,TOP_END_ANCHORAGE,SUP-2F_ROOF_SLAB-047,2F_ROOF_SLAB,Y,SUP-2F_ROOF_SLAB-047,SP-2F_ROOF_SLAB-06,10,URBAN_RATE_DENSITY,5,,,2500,BLOCKED_UNQUANTIFIED,ANCHORAGE_END_COVER,"[""TOP_ANCHOR_OVER_BEAM_AND_LEG_SHAPE_ONLY ('40 CL.' unresolved)""]","[""Q-ANCHOR"", ""Q-ENDCOVER""]",,C-06 COVER_DIMENSION_BINDING (no quantity depends on it),,extent / count not established by the source or an accepted rule,PRE-S7.1 10_REMAINING_BLOCKERS.csv
S7B-0454,QI-00724,CMP-0323,TOP_END_ANCHORAGE,SUP-2F_ROOF_SLAB-048,2F_ROOF_SLAB,Y,SUP-2F_ROOF_SLAB-048,SP-2F_ROOF_SLAB-07,10,URBAN_RATE_DENSITY,5,,,1800,BLOCKED_UNQUANTIFIED,ANCHORAGE_END_COVER,"[""TOP_ANCHOR_OVER_BEAM_AND_LEG_SHAPE_ONLY ('40 CL.' unresolved)""]","[""Q-ANCHOR"", ""Q-ENDCOVER""]",,C-06 COVER_DIMENSION_BINDING (no quantity depends on it),,extent / count not established by the source or an accepted rule,PRE-S7.1 10_REMAINING_BLOCKERS.csv
S7B-0455,QI-00726,CMP-0324,TOP_END_ANCHORAGE,SUP-2F_ROOF_SLAB-049,2F_ROOF_SLAB,Y,SUP-2F_ROOF_SLAB-049,SP-2F_ROOF_SLAB-08,10,URBAN_RATE_DENSITY,5,,,3000,BLOCKED_UNQUANTIFIED,ANCHORAGE_END_COVER,"[""TOP_ANCHOR_OVER_BEAM_AND_LEG_SHAPE_ONLY ('40 CL.' unresolved)""]","[""Q-ANCHOR"", ""Q-ENDCOVER""]",,C-06 COVER_DIMENSION_BINDING (no quantity depends on it),,extent / count not established by the source or an accepted rule,PRE-S7.1 10_REMAINING_BLOCKERS.csv
S7B-0456,QI-00728,CMP-0325,TOP_END_ANCHORAGE,SUP-GF_ROOF_SLAB-050,GF_ROOF_SLAB,X,SUP-GF_ROOF_SLAB-050,SP-GF_ROOF_SLAB-02,10,URBAN_RATE_DENSITY,5,,,619.7,BLOCKED_UNQUANTIFIED,ANCHORAGE_END_COVER,"[""TOP_ANCHOR_OVER_BEAM_AND_LEG_SHAPE_ONLY ('40 CL.' unresolved)""]","[""Q-ANCHOR"", ""Q-ENDCOVER""]",,C-06 COVER_DIMENSION_BINDING (no quantity depends on it),,extent / count not established by the source or an accepted rule,PRE-S7.1 10_REMAINING_BLOCKERS.csv
S7B-0457,QI-00730,CMP-0326,TOP_END_ANCHORAGE,SUP-GF_ROOF_SLAB-051,GF_ROOF_SLAB,X,SUP-GF_ROOF_SLAB-051,SP-GF_ROOF_SLAB-15,10,URBAN_RATE_DENSITY,5,,,1129.9,BLOCKED_UNQUANTIFIED,ANCHORAGE_END_COVER,"[""TOP_ANCHOR_OVER_BEAM_AND_LEG_SHAPE_ONLY ('40 CL.' unresolved)""]","[""Q-ANCHOR"", ""Q-ENDCOVER""]",,C-06 COVER_DIMENSION_BINDING (no quantity depends on it),,extent / count not established by the source or an accepted rule,PRE-S7.1 10_REMAINING_BLOCKERS.csv
S7B-0458,QI-00732,CMP-0327,TOP_END_ANCHORAGE,SUP-GF_ROOF_SLAB-052,GF_ROOF_SLAB,X,SUP-GF_ROOF_SLAB-052,SP-GF_ROOF_SLAB-23,10,URBAN_RATE_DENSITY,5,,,7500,BLOCKED_UNQUANTIFIED,ANCHORAGE_END_COVER,"[""TOP_ANCHOR_OVER_BEAM_AND_LEG_SHAPE_ONLY ('40 CL.' unresolved)""]","[""Q-ANCHOR"", ""Q-ENDCOVER""]",,C-06 COVER_DIMENSION_BINDING (no quantity depends on it),,extent / count not established by the source or an accepted rule,PRE-S7.1 10_REMAINING_BLOCKERS.csv
S7B-0459,QI-00736,CMP-0329,TOP_EXTENSION,SUP-2F_ROOF_SLAB-054,2F_ROOF_SLAB,Y,SUP-2F_ROOF_SLAB-054,SP-2F_ROOF_SLAB-01,10,,,,,,EXCLUDED_SPECIAL_STRUCTURE,S8_SPECIAL_STRUCTURE,[],[],WATER_TANK_SUPPORT_REGION,,,ownership transferred to S8,PRE-S7.1 TRANSFERRED_S8 item
S7B-0460,QI-00737,CMP-0330,TOP_EXTENSION,SUP-2F_ROOF_SLAB-055,2F_ROOF_SLAB,Y,SUP-2F_ROOF_SLAB-055,SP-2F_ROOF_SLAB-02,10,,,,,,EXCLUDED_SPECIAL_STRUCTURE,S8_SPECIAL_STRUCTURE,[],[],WATER_TANK_SUPPORT_REGION,,,ownership transferred to S8,PRE-S7.1 TRANSFERRED_S8 item
S7B-0461,QI-00738,CMP-0331,TOP_EXTENSION,SUP-2F_ROOF_SLAB-056,2F_ROOF_SLAB,Y,SUP-2F_ROOF_SLAB-056,SP-2F_ROOF_SLAB-04,10,URBAN_RATE_DENSITY,5,,,3000,BLOCKED_UNQUANTIFIED,BEARING_WALL_CANDIDATE_SUPPORT,"[""TOP_RULE_APPLICABILITY_AT_BEARING_WALL_CANDIDATE (plan note 2 is for slabs over beams; the support band carries the dense hatch)""]","[""Q-HATCH""]",,,,extent / count not established by the source or an accepted rule,PRE-S7.1 10_REMAINING_BLOCKERS.csv
S7B-0462,QI-00739,CMP-0331,TOP_END_ANCHORAGE,SUP-2F_ROOF_SLAB-056,2F_ROOF_SLAB,Y,SUP-2F_ROOF_SLAB-056,SP-2F_ROOF_SLAB-04,10,URBAN_RATE_DENSITY,5,,,3000,BLOCKED_UNQUANTIFIED,ANCHORAGE_END_COVER,"[""TOP_ANCHOR_OVER_BEAM_AND_LEG_SHAPE_ONLY ('40 CL.' unresolved)""]","[""Q-ANCHOR"", ""Q-ENDCOVER""]",,C-06 COVER_DIMENSION_BINDING (no quantity depends on it),,extent / count not established by the source or an accepted rule,PRE-S7.1 10_REMAINING_BLOCKERS.csv
S7B-0463,QI-00747,CMP-0334,TOP_EXTENSION,SUP-2F_ROOF_SLAB-059,2F_ROOF_SLAB,Y,SUP-2F_ROOF_SLAB-059,SP-2F_ROOF_SLAB-01,10,,,,,,EXCLUDED_SPECIAL_STRUCTURE,S8_SPECIAL_STRUCTURE,[],[],WATER_TANK_SUPPORT_REGION,,,ownership transferred to S8,PRE-S7.1 TRANSFERRED_S8 item
S7B-0464,QI-00748,CMP-0334,TOP_OVER_SUPPORT_UNRESOLVED,SUP-2F_ROOF_SLAB-059,2F_ROOF_SLAB,Y,SUP-2F_ROOF_SLAB-059,SP-2F_ROOF_SLAB-06,10,URBAN_RATE_DENSITY,5,,,2450,BLOCKED_UNQUANTIFIED,CONTINUITY_UNRESOLVED,"[""PORTION_OVER_SUPPORT_DEPENDS_ON_CONTINUITY (SLAB_TRANSFERRED)""]","[""Q-CONT""]",,,,extent / count not established by the source or an accepted rule,PRE-S7.1 10_REMAINING_BLOCKERS.csv
S7B-0465,QI-00750,CMP-0335,TOP_END_ANCHORAGE,SUP-GF_ROOF_SLAB-060,GF_ROOF_SLAB,X,SUP-GF_ROOF_SLAB-060,SP-GF_ROOF_SLAB-20,10,URBAN_RATE_DENSITY,5,,,3700,BLOCKED_UNQUANTIFIED,ANCHORAGE_END_COVER,"[""TOP_ANCHOR_OVER_BEAM_AND_LEG_SHAPE_ONLY ('40 CL.' unresolved)""]","[""Q-ANCHOR"", ""Q-ENDCOVER""]",,C-06 COVER_DIMENSION_BINDING (no quantity depends on it),,extent / count not established by the source or an accepted rule,PRE-S7.1 10_REMAINING_BLOCKERS.csv
S7B-0466,QI-00753,CMP-0336,TOP_OVER_SUPPORT_UNRESOLVED,SUP-GF_ROOF_SLAB-061,GF_ROOF_SLAB,X,SUP-GF_ROOF_SLAB-061,SP-GF_ROOF_SLAB-29,10,URBAN_RATE_DENSITY,5,,,3000,BLOCKED_UNQUANTIFIED,SUNKEN_LEVEL_CHANGE_CONTINUITY,"[""PORTION_OVER_SUPPORT_DEPENDS_ON_CONTINUITY (LEVEL_CHANGE)""]","[""Q-SUNKEN""]",,,,extent / count not established by the source or an accepted rule,PRE-S7.1 10_REMAINING_BLOCKERS.csv
S7B-0467,QI-00754,CMP-0336,TOP_OVER_SUPPORT_UNRESOLVED,SUP-GF_ROOF_SLAB-061,GF_ROOF_SLAB,X,SUP-GF_ROOF_SLAB-061,SP-GF_ROOF_SLAB-34,10,URBAN_RATE_DENSITY,5,,,3200,BLOCKED_UNQUANTIFIED,SUNKEN_LEVEL_CHANGE_CONTINUITY,"[""PORTION_OVER_SUPPORT_DEPENDS_ON_CONTINUITY (LEVEL_CHANGE)""]","[""Q-SUNKEN""]",,,,extent / count not established by the source or an accepted rule,PRE-S7.1 10_REMAINING_BLOCKERS.csv
S7B-0468,QI-00759,CMP-0338,TOP_EXTENSION,SUP-1F_ROOF_SLAB-063,1F_ROOF_SLAB,Y,SUP-1F_ROOF_SLAB-063,SP-1F_ROOF_SLAB-01,10,,,,,,EXCLUDED_SPECIAL_STRUCTURE,S8_SPECIAL_STRUCTURE,[],[],"SPECIAL_STRUCTURE (STAIR_FLIGHT_ZONE, excluded in PRE-S7)",,,ownership transferred to S8,PRE-S7.1 TRANSFERRED_S8 item
S7B-0469,QI-00760,CMP-0338,TOP_OVER_SUPPORT_UNRESOLVED,SUP-1F_ROOF_SLAB-063,1F_ROOF_SLAB,Y,SUP-1F_ROOF_SLAB-063,SP-1F_ROOF_SLAB-11,10,URBAN_RATE_DENSITY,5,,,2400,BLOCKED_UNQUANTIFIED,CONTINUITY_UNRESOLVED,"[""PORTION_OVER_SUPPORT_DEPENDS_ON_CONTINUITY (SLAB_EXCLUDED_SPECIAL)""]","[""Q-CONT""]",,,,extent / count not established by the source or an accepted rule,PRE-S7.1 10_REMAINING_BLOCKERS.csv
S7B-0470,QI-00761,CMP-0339,TOP_EXTENSION,SUP-1F_ROOF_SLAB-064,1F_ROOF_SLAB,Y,SUP-1F_ROOF_SLAB-064,SP-1F_ROOF_SLAB-08,10,URBAN_RATE_DENSITY,5,,,4100,BLOCKED_UNQUANTIFIED,BEARING_WALL_CANDIDATE_SUPPORT,"[""TOP_RULE_APPLICABILITY_AT_BEARING_WALL_CANDIDATE (plan note 2 is for slabs over beams; the support band carries the dense hatch)""]","[""Q-HATCH""]",,,,extent / count not established by the source or an accepted rule,PRE-S7.1 10_REMAINING_BLOCKERS.csv
S7B-0471,QI-00762,CMP-0339,TOP_END_ANCHORAGE,SUP-1F_ROOF_SLAB-064,1F_ROOF_SLAB,Y,SUP-1F_ROOF_SLAB-064,SP-1F_ROOF_SLAB-08,10,URBAN_RATE_DENSITY,5,,,4100,BLOCKED_UNQUANTIFIED,ANCHORAGE_END_COVER,"[""TOP_ANCHOR_OVER_BEAM_AND_LEG_SHAPE_ONLY ('40 CL.' unresolved)""]","[""Q-ANCHOR"", ""Q-ENDCOVER""]",,C-06 COVER_DIMENSION_BINDING (no quantity depends on it),,extent / count not established by the source or an accepted rule,PRE-S7.1 10_REMAINING_BLOCKERS.csv
S7B-0472,QI-00772,CMP-0343,TOP_EXTENSION,SUP-GF_ROOF_SLAB-068,GF_ROOF_SLAB,X,SUP-GF_ROOF_SLAB-068,SP-GF_ROOF_SLAB-19,10,URBAN_RATE_DENSITY,5,,,500,BLOCKED_UNQUANTIFIED,BEARING_WALL_CANDIDATE_SUPPORT,"[""TOP_RULE_APPLICABILITY_AT_BEARING_WALL_CANDIDATE (plan note 2 is for slabs over beams; the support band carries the dense hatch)""]","[""Q-HATCH""]",,,,extent / count not established by the source or an accepted rule,PRE-S7.1 10_REMAINING_BLOCKERS.csv
S7B-0473,QI-00773,CMP-0343,TOP_END_ANCHORAGE,SUP-GF_ROOF_SLAB-068,GF_ROOF_SLAB,X,SUP-GF_ROOF_SLAB-068,SP-GF_ROOF_SLAB-19,10,URBAN_RATE_DENSITY,5,,,500,BLOCKED_UNQUANTIFIED,ANCHORAGE_END_COVER,"[""TOP_ANCHOR_OVER_BEAM_AND_LEG_SHAPE_ONLY ('40 CL.' unresolved)""]","[""Q-ANCHOR"", ""Q-ENDCOVER""]",,C-06 COVER_DIMENSION_BINDING (no quantity depends on it),,extent / count not established by the source or an accepted rule,PRE-S7.1 10_REMAINING_BLOCKERS.csv
S7B-0474,QI-00778,CMP-0345,TOP_END_ANCHORAGE,SUP-GF_ROOF_SLAB-070,GF_ROOF_SLAB,X,SUP-GF_ROOF_SLAB-070,SP-GF_ROOF_SLAB-19,10,URBAN_RATE_DENSITY,5,,,1400,BLOCKED_UNQUANTIFIED,ANCHORAGE_END_COVER,"[""TOP_ANCHOR_OVER_BEAM_AND_LEG_SHAPE_ONLY ('40 CL.' unresolved)""]","[""Q-ANCHOR"", ""Q-ENDCOVER""]",,C-06 COVER_DIMENSION_BINDING (no quantity depends on it),,extent / count not established by the source or an accepted rule,PRE-S7.1 10_REMAINING_BLOCKERS.csv
S7B-0475,QI-00780,CMP-0346,TOP_END_ANCHORAGE,SUP-GF_ROOF_SLAB-071,GF_ROOF_SLAB,X,SUP-GF_ROOF_SLAB-071,SP-GF_ROOF_SLAB-26,10,URBAN_RATE_DENSITY,5,,,4500,BLOCKED_UNQUANTIFIED,ANCHORAGE_END_COVER,"[""TOP_ANCHOR_OVER_BEAM_AND_LEG_SHAPE_ONLY ('40 CL.' unresolved)""]","[""Q-ANCHOR"", ""Q-ENDCOVER""]",,C-06 COVER_DIMENSION_BINDING (no quantity depends on it),,extent / count not established by the source or an accepted rule,PRE-S7.1 10_REMAINING_BLOCKERS.csv
S7B-0476,QI-00782,CMP-0347,TOP_END_ANCHORAGE,SUP-1F_ROOF_SLAB-072,1F_ROOF_SLAB,Y,SUP-1F_ROOF_SLAB-072,SP-1F_ROOF_SLAB-25,10,URBAN_RATE_DENSITY,5,,,4100,BLOCKED_UNQUANTIFIED,ANCHORAGE_END_COVER,"[""TOP_ANCHOR_OVER_BEAM_AND_LEG_SHAPE_ONLY ('40 CL.' unresolved)""]","[""Q-ANCHOR"", ""Q-ENDCOVER""]",,C-06 COVER_DIMENSION_BINDING (no quantity depends on it),,extent / count not established by the source or an accepted rule,PRE-S7.1 10_REMAINING_BLOCKERS.csv
S7B-0477,QI-00784,CMP-0348,TOP_EXTENSION,SUP-2F_ROOF_SLAB-073,2F_ROOF_SLAB,Y,SUP-2F_ROOF_SLAB-073,SP-2F_ROOF_SLAB-02,10,,,,,,EXCLUDED_SPECIAL_STRUCTURE,S8_SPECIAL_STRUCTURE,[],[],WATER_TANK_SUPPORT_REGION,,,ownership transferred to S8,PRE-S7.1 TRANSFERRED_S8 item
S7B-0478,QI-00785,CMP-0348,TOP_OVER_SUPPORT_UNRESOLVED,SUP-2F_ROOF_SLAB-073,2F_ROOF_SLAB,Y,SUP-2F_ROOF_SLAB-073,SP-2F_ROOF_SLAB-03,10,URBAN_RATE_DENSITY,5,,,1800,BLOCKED_UNQUANTIFIED,CONTINUITY_UNRESOLVED,"[""PORTION_OVER_SUPPORT_DEPENDS_ON_CONTINUITY (SLAB_TRANSFERRED)""]","[""Q-CONT""]",,,,extent / count not established by the source or an accepted rule,PRE-S7.1 10_REMAINING_BLOCKERS.csv
S7B-0479,QI-00787,CMP-0349,TOP_EXTENSION,SUP-1F_ROOF_SLAB-074,1F_ROOF_SLAB,Y,SUP-1F_ROOF_SLAB-074,SP-1F_ROOF_SLAB-19,10,,,,,,EXCLUDED_SPECIAL_STRUCTURE,S8_SPECIAL_STRUCTURE,[],[],"SPECIAL_STRUCTURE (DOME_ZONE, excluded in PRE-S7)",,,ownership transferred to S8,PRE-S7.1 TRANSFERRED_S8 item
S7B-0480,QI-00788,CMP-0349,TOP_EXTENSION,SUP-1F_ROOF_SLAB-074,1F_ROOF_SLAB,Y,SUP-1F_ROOF_SLAB-074,SP-1F_ROOF_SLAB-20,10,,,,,,EXCLUDED_SPECIAL_STRUCTURE,S8_SPECIAL_STRUCTURE,[],[],"SPECIAL_STRUCTURE (DOME_ZONE, excluded in PRE-S7)",,,ownership transferred to S8,PRE-S7.1 TRANSFERRED_S8 item
S7B-0481,QI-00789,CMP-0349,TOP_OVER_SUPPORT_UNRESOLVED,SUP-1F_ROOF_SLAB-074,1F_ROOF_SLAB,Y,SUP-1F_ROOF_SLAB-074,SP-1F_ROOF_SLAB-25,10,URBAN_RATE_DENSITY,5,,,4100,BLOCKED_UNQUANTIFIED,CONTINUITY_UNRESOLVED,"[""PORTION_OVER_SUPPORT_DEPENDS_ON_CONTINUITY (SLAB_EXCLUDED_SPECIAL)""]","[""Q-CONT""]",,,,extent / count not established by the source or an accepted rule,PRE-S7.1 10_REMAINING_BLOCKERS.csv
S7B-0482,QI-00794,CMP-0351,TOP_EXTENSION,SUP-1F_ROOF_SLAB-076,1F_ROOF_SLAB,Y,SUP-1F_ROOF_SLAB-076,SP-1F_ROOF_SLAB-13,10,,,,,,EXCLUDED_SPECIAL_STRUCTURE,S8_SPECIAL_STRUCTURE,[],[],"SPECIAL_STRUCTURE (DOME_ZONE, excluded in PRE-S7)",,,ownership transferred to S8,PRE-S7.1 TRANSFERRED_S8 item
S7B-0483,QI-00795,CMP-0351,TOP_EXTENSION,SUP-1F_ROOF_SLAB-076,1F_ROOF_SLAB,Y,SUP-1F_ROOF_SLAB-076,SP-1F_ROOF_SLAB-14,10,,,,,,EXCLUDED_SPECIAL_STRUCTURE,S8_SPECIAL_STRUCTURE,[],[],"SPECIAL_STRUCTURE (DOME_ZONE, excluded in PRE-S7)",,,ownership transferred to S8,PRE-S7.1 TRANSFERRED_S8 item
S7B-0484,QI-00796,CMP-0351,TOP_OVER_SUPPORT_UNRESOLVED,SUP-1F_ROOF_SLAB-076,1F_ROOF_SLAB,Y,SUP-1F_ROOF_SLAB-076,SP-1F_ROOF_SLAB-08,10,URBAN_RATE_DENSITY,5,,,4100,BLOCKED_UNQUANTIFIED,CONTINUITY_UNRESOLVED,"[""PORTION_OVER_SUPPORT_DEPENDS_ON_CONTINUITY (SLAB_EXCLUDED_SPECIAL)""]","[""Q-CONT""]",,,,extent / count not established by the source or an accepted rule,PRE-S7.1 10_REMAINING_BLOCKERS.csv
S7B-0485,QI-00797,CMP-0352,TOP_SUPPORT_CROSSING,SUP-GF_ROOF_SLAB-077,GF_ROOF_SLAB,X,SUP-GF_ROOF_SLAB-077,SP-GF_ROOF_SLAB-18>SP-GF_ROOF_SLAB-16,10,URBAN_RATE_DENSITY,5,,,200,BLOCKED_UNQUANTIFIED,CONTINUITY_UNRESOLVED,"[""CROSSING_SEEN_FROM_ONE_FACE_ONLY (a junction / set-back beyond one face)""]","[""Q-CONT""]",,,,extent / count not established by the source or an accepted rule,PRE-S7.1 10_REMAINING_BLOCKERS.csv
S7B-0486,QI-00803,CMP-0353,TOP_EXTENSION,SUP-GF_ROOF_SLAB-078,GF_ROOF_SLAB,X,SUP-GF_ROOF_SLAB-078,SP-GF_ROOF_SLAB-21,10,,,,,,EXCLUDED_SPECIAL_STRUCTURE,S8_SPECIAL_STRUCTURE,[],[],STAIR_LIGHTWELL_REGION,C-01 PANEL_VOID_CONFLICT (preserved in S8),,ownership transferred to S8,PRE-S7.1 TRANSFERRED_S8 item
S7B-0487,QI-00804,CMP-0353,TOP_OVER_SUPPORT_UNRESOLVED,SUP-GF_ROOF_SLAB-078,GF_ROOF_SLAB,X,SUP-GF_ROOF_SLAB-078,SP-GF_ROOF_SLAB-25,10,URBAN_RATE_DENSITY,5,,,4150,BLOCKED_UNQUANTIFIED,CONTINUITY_UNRESOLVED,"[""PORTION_OVER_SUPPORT_DEPENDS_ON_CONTINUITY (SLAB_TRANSFERRED)""]","[""Q-CONT""]",,,,extent / count not established by the source or an accepted rule,PRE-S7.1 10_REMAINING_BLOCKERS.csv
S7B-0488,QI-00808,CMP-0355,TOP_SUPPORT_CROSSING,SUP-1F_ROOF_SLAB-080,1F_ROOF_SLAB,X,SUP-1F_ROOF_SLAB-080,SP-1F_ROOF_SLAB-04>SP-1F_ROOF_SLAB-03,10,URBAN_RATE_DENSITY,5,,,2.9,BLOCKED_UNQUANTIFIED,CONTINUITY_UNRESOLVED,"[""CROSSING_SEEN_FROM_ONE_FACE_ONLY (a junction / set-back beyond one face)""]","[""Q-CONT""]",,,,extent / count not established by the source or an accepted rule,PRE-S7.1 10_REMAINING_BLOCKERS.csv
S7B-0489,QI-00815,CMP-0356,TOP_SUPPORT_CROSSING,SUP-1F_ROOF_SLAB-081,1F_ROOF_SLAB,X,SUP-1F_ROOF_SLAB-081,SP-1F_ROOF_SLAB-09|SP-1F_ROOF_SLAB-12,10,URBAN_RATE_DENSITY,5,,,24.2,BLOCKED_UNQUANTIFIED,CONTINUITY_UNRESOLVED,"[""CROSSING_GEOMETRY_NOT_RESOLVED (the far face does not span the strip)""]","[""Q-CONT""]",,,,extent / count not established by the source or an accepted rule,PRE-S7.1 10_REMAINING_BLOCKERS.csv
S7B-0490,QI-00818,CMP-0357,TOP_OVER_SUPPORT_UNRESOLVED,SUP-GF_ROOF_SLAB-082,GF_ROOF_SLAB,X,SUP-GF_ROOF_SLAB-082,SP-GF_ROOF_SLAB-12,10,URBAN_RATE_DENSITY,5,,,600,BLOCKED_UNQUANTIFIED,SUNKEN_LEVEL_CHANGE_CONTINUITY,"[""PORTION_OVER_SUPPORT_DEPENDS_ON_CONTINUITY (LEVEL_CHANGE)""]","[""Q-SUNKEN""]",,,,extent / count not established by the source or an accepted rule,PRE-S7.1 10_REMAINING_BLOCKERS.csv
S7B-0491,QI-00819,CMP-0357,TOP_OVER_SUPPORT_UNRESOLVED,SUP-GF_ROOF_SLAB-082,GF_ROOF_SLAB,X,SUP-GF_ROOF_SLAB-082,SP-GF_ROOF_SLAB-23,10,URBAN_RATE_DENSITY,5,,,600,BLOCKED_UNQUANTIFIED,SUNKEN_LEVEL_CHANGE_CONTINUITY,"[""PORTION_OVER_SUPPORT_DEPENDS_ON_CONTINUITY (LEVEL_CHANGE)""]","[""Q-SUNKEN""]",,,,extent / count not established by the source or an accepted rule,PRE-S7.1 10_REMAINING_BLOCKERS.csv
S7B-0492,QI-00820,CMP-0358,TOP_SUPPORT_CROSSING,SUP-GF_ROOF_SLAB-083,GF_ROOF_SLAB,X,SUP-GF_ROOF_SLAB-083,SP-GF_ROOF_SLAB-23>SP-GF_ROOF_SLAB-22,10,URBAN_RATE_DENSITY,5,,,500,BLOCKED_UNQUANTIFIED,CONTINUITY_UNRESOLVED,"[""CROSSING_SEEN_FROM_ONE_FACE_ONLY (a junction / set-back beyond one face)""]","[""Q-CONT""]",,,,extent / count not established by the source or an accepted rule,PRE-S7.1 10_REMAINING_BLOCKERS.csv
S7B-0493,QI-00827,CMP-0360,TOP_EXTENSION,SUP-GF_ROOF_SLAB-085,GF_ROOF_SLAB,X,SUP-GF_ROOF_SLAB-085,SP-GF_ROOF_SLAB-21,10,,,,,,EXCLUDED_SPECIAL_STRUCTURE,S8_SPECIAL_STRUCTURE,[],[],STAIR_LIGHTWELL_REGION,C-01 PANEL_VOID_CONFLICT (preserved in S8),,ownership transferred to S8,PRE-S7.1 TRANSFERRED_S8 item
S7B-0494,QI-00830,CMP-0361,TOP_OVER_SUPPORT_UNRESOLVED,SUP-1F_ROOF_SLAB-086,1F_ROOF_SLAB,X,SUP-1F_ROOF_SLAB-086,SP-1F_ROOF_SLAB-02,10,URBAN_RATE_DENSITY,5,,,3000,BLOCKED_UNQUANTIFIED,SUNKEN_LEVEL_CHANGE_CONTINUITY,"[""PORTION_OVER_SUPPORT_DEPENDS_ON_CONTINUITY (LEVEL_CHANGE)""]","[""Q-SUNKEN""]",,,,extent / count not established by the source or an accepted rule,PRE-S7.1 10_REMAINING_BLOCKERS.csv
S7B-0495,QI-00831,CMP-0361,TOP_OVER_SUPPORT_UNRESOLVED,SUP-1F_ROOF_SLAB-086,1F_ROOF_SLAB,X,SUP-1F_ROOF_SLAB-086,SP-1F_ROOF_SLAB-04,10,URBAN_RATE_DENSITY,5,,,3000,BLOCKED_UNQUANTIFIED,SUNKEN_LEVEL_CHANGE_CONTINUITY,"[""PORTION_OVER_SUPPORT_DEPENDS_ON_CONTINUITY (LEVEL_CHANGE)""]","[""Q-SUNKEN""]",,,,extent / count not established by the source or an accepted rule,PRE-S7.1 10_REMAINING_BLOCKERS.csv
S7B-0496,QI-00833,CMP-0362,TOP_END_ANCHORAGE,SUP-1F_ROOF_SLAB-087,1F_ROOF_SLAB,X,SUP-1F_ROOF_SLAB-087,SP-1F_ROOF_SLAB-04,10,URBAN_RATE_DENSITY,5,,,1797.1,BLOCKED_UNQUANTIFIED,ANCHORAGE_END_COVER,"[""TOP_ANCHOR_OVER_BEAM_AND_LEG_SHAPE_ONLY ('40 CL.' unresolved)""]","[""Q-ANCHOR"", ""Q-ENDCOVER""]",,C-06 COVER_DIMENSION_BINDING (no quantity depends on it),,extent / count not established by the source or an accepted rule,PRE-S7.1 10_REMAINING_BLOCKERS.csv
S7B-0497,QI-00834,CMP-0363,TOP_SUPPORT_CROSSING,SUP-GF_ROOF_SLAB-088,GF_ROOF_SLAB,X,SUP-GF_ROOF_SLAB-088,SP-GF_ROOF_SLAB-20>SP-GF_ROOF_SLAB-16,10,URBAN_RATE_DENSITY,5,,,200,BLOCKED_UNQUANTIFIED,CONTINUITY_UNRESOLVED,"[""CROSSING_SEEN_FROM_ONE_FACE_ONLY (a junction / set-back beyond one face)""]","[""Q-CONT""]",,,,extent / count not established by the source or an accepted rule,PRE-S7.1 10_REMAINING_BLOCKERS.csv
S7B-0498,QI-00838,CMP-0364,TOP_SUPPORT_CROSSING,SUP-GF_ROOF_SLAB-089,GF_ROOF_SLAB,X,SUP-GF_ROOF_SLAB-089,SP-GF_ROOF_SLAB-25>SP-GF_ROOF_SLAB-20,10,URBAN_RATE_DENSITY,5,,,200,BLOCKED_UNQUANTIFIED,CONTINUITY_UNRESOLVED,"[""CROSSING_SEEN_FROM_ONE_FACE_ONLY (a junction / set-back beyond one face)""]","[""Q-CONT""]",,,,extent / count not established by the source or an accepted rule,PRE-S7.1 10_REMAINING_BLOCKERS.csv
S7B-0499,QI-00844,CMP-0365,TOP_OVER_SUPPORT_UNRESOLVED,SUP-GF_ROOF_SLAB-090,GF_ROOF_SLAB,X,SUP-GF_ROOF_SLAB-090,SP-GF_ROOF_SLAB-24,10,URBAN_RATE_DENSITY,5,,,2374.4,BLOCKED_UNQUANTIFIED,SUNKEN_LEVEL_CHANGE_CONTINUITY,"[""PORTION_OVER_SUPPORT_DEPENDS_ON_CONTINUITY (LEVEL_CHANGE)""]","[""Q-SUNKEN""]",,,,extent / count not established by the source or an accepted rule,PRE-S7.1 10_REMAINING_BLOCKERS.csv
S7B-0500,QI-00845,CMP-0365,TOP_OVER_SUPPORT_UNRESOLVED,SUP-GF_ROOF_SLAB-090,GF_ROOF_SLAB,X,SUP-GF_ROOF_SLAB-090,SP-GF_ROOF_SLAB-25,10,URBAN_RATE_DENSITY,5,,,2645.4,BLOCKED_UNQUANTIFIED,SUNKEN_LEVEL_CHANGE_CONTINUITY,"[""PORTION_OVER_SUPPORT_DEPENDS_ON_CONTINUITY (LEVEL_CHANGE)""]","[""Q-SUNKEN""]",,,,extent / count not established by the source or an accepted rule,PRE-S7.1 10_REMAINING_BLOCKERS.csv
S7B-0501,QI-00847,CMP-0366,TOP_EXTENSION,SUP-1F_ROOF_SLAB-091,1F_ROOF_SLAB,X,SUP-1F_ROOF_SLAB-091,SP-1F_ROOF_SLAB-01,10,,,,,,EXCLUDED_SPECIAL_STRUCTURE,S8_SPECIAL_STRUCTURE,[],[],"SPECIAL_STRUCTURE (STAIR_FLIGHT_ZONE, excluded in PRE-S7)",,,ownership transferred to S8,PRE-S7.1 TRANSFERRED_S8 item
S7B-0502,QI-00848,CMP-0366,TOP_OVER_SUPPORT_UNRESOLVED,SUP-1F_ROOF_SLAB-091,1F_ROOF_SLAB,X,SUP-1F_ROOF_SLAB-091,SP-1F_ROOF_SLAB-02,10,URBAN_RATE_DENSITY,5,,,3000,BLOCKED_UNQUANTIFIED,CONTINUITY_UNRESOLVED,"[""PORTION_OVER_SUPPORT_DEPENDS_ON_CONTINUITY (SLAB_EXCLUDED_SPECIAL)""]","[""Q-CONT""]",,,,extent / count not established by the source or an accepted rule,PRE-S7.1 10_REMAINING_BLOCKERS.csv
S7B-0503,QI-00850,CMP-0367,TOP_END_ANCHORAGE,SUP-1F_ROOF_SLAB-092,1F_ROOF_SLAB,X,SUP-1F_ROOF_SLAB-092,SP-1F_ROOF_SLAB-11,10,URBAN_RATE_DENSITY,5,,,450,BLOCKED_UNQUANTIFIED,ANCHORAGE_END_COVER,"[""TOP_ANCHOR_OVER_BEAM_AND_LEG_SHAPE_ONLY ('40 CL.' unresolved)""]","[""Q-ANCHOR"", ""Q-ENDCOVER""]",,C-06 COVER_DIMENSION_BINDING (no quantity depends on it),,extent / count not established by the source or an accepted rule,PRE-S7.1 10_REMAINING_BLOCKERS.csv
S7B-0504,QI-00852,CMP-0368,TOP_EXTENSION,SUP-GF_ROOF_SLAB-093,GF_ROOF_SLAB,Y,SUP-GF_ROOF_SLAB-093,SP-GF_ROOF_SLAB-03,10,,,,,,EXCLUDED_SPECIAL_STRUCTURE,S8_SPECIAL_STRUCTURE,[],[],"SPECIAL_STRUCTURE (STAIR_FLIGHT_ZONE, excluded in PRE-S7)",,,ownership transferred to S8,PRE-S7.1 TRANSFERRED_S8 item
S7B-0505,QI-00853,CMP-0368,TOP_END_ANCHORAGE,SUP-GF_ROOF_SLAB-093,GF_ROOF_SLAB,Y,SUP-GF_ROOF_SLAB-093,SP-GF_ROOF_SLAB-16,10,URBAN_RATE_DENSITY,5,,,100,BLOCKED_UNQUANTIFIED,ANCHORAGE_END_COVER,"[""TOP_ANCHOR_OVER_BEAM_AND_LEG_SHAPE_ONLY ('40 CL.' unresolved)""]","[""Q-ANCHOR"", ""Q-ENDCOVER""]",,C-06 COVER_DIMENSION_BINDING (no quantity depends on it),,extent / count not established by the source or an accepted rule,PRE-S7.1 10_REMAINING_BLOCKERS.csv
S7B-0506,QI-00854,CMP-0368,TOP_OVER_SUPPORT_UNRESOLVED,SUP-GF_ROOF_SLAB-093,GF_ROOF_SLAB,Y,SUP-GF_ROOF_SLAB-093,SP-GF_ROOF_SLAB-16,10,URBAN_RATE_DENSITY,5,,,2400,BLOCKED_UNQUANTIFIED,CONTINUITY_UNRESOLVED,"[""PORTION_OVER_SUPPORT_DEPENDS_ON_CONTINUITY (SLAB_EXCLUDED_SPECIAL)""]","[""Q-CONT""]",,,,extent / count not established by the source or an accepted rule,PRE-S7.1 10_REMAINING_BLOCKERS.csv
S7B-0507,QI-00855,CMP-0369,TOP_EXTENSION,SUP-GF_ROOF_SLAB-094,GF_ROOF_SLAB,Y,SUP-GF_ROOF_SLAB-094,SP-GF_ROOF_SLAB-20,10,URBAN_RATE_DENSITY,5,,,4200,BLOCKED_UNQUANTIFIED,BEARING_WALL_CANDIDATE_SUPPORT,"[""TOP_RULE_APPLICABILITY_AT_BEARING_WALL_CANDIDATE (plan note 2 is for slabs over beams; the support band carries the dense hatch)""]","[""Q-HATCH""]",,,,extent / count not established by the source or an accepted rule,PRE-S7.1 10_REMAINING_BLOCKERS.csv
S7B-0508,QI-00856,CMP-0369,TOP_END_ANCHORAGE,SUP-GF_ROOF_SLAB-094,GF_ROOF_SLAB,Y,SUP-GF_ROOF_SLAB-094,SP-GF_ROOF_SLAB-20,10,URBAN_RATE_DENSITY,5,,,4200,BLOCKED_UNQUANTIFIED,ANCHORAGE_END_COVER,"[""TOP_ANCHOR_OVER_BEAM_AND_LEG_SHAPE_ONLY ('40 CL.' unresolved)""]","[""Q-ANCHOR"", ""Q-ENDCOVER""]",,C-06 COVER_DIMENSION_BINDING (no quantity depends on it),,extent / count not established by the source or an accepted rule,PRE-S7.1 10_REMAINING_BLOCKERS.csv
S7B-0509,QI-00861,CMP-0371,TOP_EXTENSION,SUP-GF_ROOF_SLAB-096,GF_ROOF_SLAB,Y,SUP-GF_ROOF_SLAB-096,SP-GF_ROOF_SLAB-21,10,,,,,,EXCLUDED_SPECIAL_STRUCTURE,S8_SPECIAL_STRUCTURE,[],[],STAIR_LIGHTWELL_REGION,C-01 PANEL_VOID_CONFLICT (preserved in S8),,ownership transferred to S8,PRE-S7.1 TRANSFERRED_S8 item
S7B-0510,QI-00862,CMP-0371,TOP_OVER_SUPPORT_UNRESOLVED,SUP-GF_ROOF_SLAB-096,GF_ROOF_SLAB,Y,SUP-GF_ROOF_SLAB-096,SP-GF_ROOF_SLAB-32,10,URBAN_RATE_DENSITY,5,,,3770,BLOCKED_UNQUANTIFIED,CONTINUITY_UNRESOLVED,"[""PORTION_OVER_SUPPORT_DEPENDS_ON_CONTINUITY (SLAB_TRANSFERRED)""]","[""Q-CONT""]",,,,extent / count not established by the source or an accepted rule,PRE-S7.1 10_REMAINING_BLOCKERS.csv
S7B-0511,QI-00863,CMP-0372,TOP_SUPPORT_CROSSING,SUP-GF_ROOF_SLAB-097,GF_ROOF_SLAB,Y,SUP-GF_ROOF_SLAB-097,SP-GF_ROOF_SLAB-33>SP-GF_ROOF_SLAB-22,10,URBAN_RATE_DENSITY,5,,,732.2,BLOCKED_UNQUANTIFIED,CONTINUITY_UNRESOLVED,"[""CROSSING_SEEN_FROM_ONE_FACE_ONLY (a junction / set-back beyond one face)""]","[""Q-CONT""]",,,,extent / count not established by the source or an accepted rule,PRE-S7.1 10_REMAINING_BLOCKERS.csv
S7B-0512,QI-00867,CMP-0372,TOP_SUPPORT_CROSSING,SUP-GF_ROOF_SLAB-097,GF_ROOF_SLAB,Y,SUP-GF_ROOF_SLAB-097,SP-GF_ROOF_SLAB-22|SP-GF_ROOF_SLAB-33,10,URBAN_RATE_DENSITY,5,,,5.2,BLOCKED_UNQUANTIFIED,CONTINUITY_UNRESOLVED,"[""CROSSING_GEOMETRY_NOT_RESOLVED (the far face does not span the strip)""]","[""Q-CONT""]",,,,extent / count not established by the source or an accepted rule,PRE-S7.1 10_REMAINING_BLOCKERS.csv
S7B-0513,QI-00871,CMP-0373,TOP_SUPPORT_CROSSING,SUP-GF_ROOF_SLAB-098,GF_ROOF_SLAB,Y,SUP-GF_ROOF_SLAB-098,SP-GF_ROOF_SLAB-25|SP-GF_ROOF_SLAB-31,10,URBAN_RATE_DENSITY,5,,,147.6,BLOCKED_UNQUANTIFIED,CONTINUITY_UNRESOLVED,"[""CROSSING_GEOMETRY_NOT_RESOLVED (the far face does not span the strip)""]","[""Q-CONT""]",,,,extent / count not established by the source or an accepted rule,PRE-S7.1 10_REMAINING_BLOCKERS.csv
S7B-0514,QI-00873,CMP-0374,TOP_EXTENSION,SUP-GF_ROOF_SLAB-099,GF_ROOF_SLAB,Y,SUP-GF_ROOF_SLAB-099,SP-GF_ROOF_SLAB-28,10,,,,,,EXCLUDED_SPECIAL_STRUCTURE,S8_SPECIAL_STRUCTURE,[],[],"SPECIAL_STRUCTURE (STAIR_FLIGHT_ZONE, excluded in PRE-S7)",,,ownership transferred to S8,PRE-S7.1 TRANSFERRED_S8 item
S7B-0515,QI-00874,CMP-0374,TOP_OVER_SUPPORT_UNRESOLVED,SUP-GF_ROOF_SLAB-099,GF_ROOF_SLAB,Y,SUP-GF_ROOF_SLAB-099,SP-GF_ROOF_SLAB-32,10,URBAN_RATE_DENSITY,5,,,2700,BLOCKED_UNQUANTIFIED,CONTINUITY_UNRESOLVED,"[""PORTION_OVER_SUPPORT_DEPENDS_ON_CONTINUITY (SLAB_EXCLUDED_SPECIAL)""]","[""Q-CONT""]",,,,extent / count not established by the source or an accepted rule,PRE-S7.1 10_REMAINING_BLOCKERS.csv
S7B-0516,QI-00876,CMP-0375,TOP_EXTENSION,SUP-GF_ROOF_SLAB-100,GF_ROOF_SLAB,Y,SUP-GF_ROOF_SLAB-100,SP-GF_ROOF_SLAB-28,10,,,,,,EXCLUDED_SPECIAL_STRUCTURE,S8_SPECIAL_STRUCTURE,[],[],"SPECIAL_STRUCTURE (STAIR_FLIGHT_ZONE, excluded in PRE-S7)",,,ownership transferred to S8,PRE-S7.1 TRANSFERRED_S8 item
S7B-0517,QI-00877,CMP-0375,TOP_OVER_SUPPORT_UNRESOLVED,SUP-GF_ROOF_SLAB-100,GF_ROOF_SLAB,Y,SUP-GF_ROOF_SLAB-100,SP-GF_ROOF_SLAB-33,10,URBAN_RATE_DENSITY,5,,,400,BLOCKED_UNQUANTIFIED,CONTINUITY_UNRESOLVED,"[""PORTION_OVER_SUPPORT_DEPENDS_ON_CONTINUITY (SLAB_EXCLUDED_SPECIAL)""]","[""Q-CONT""]",,,,extent / count not established by the source or an accepted rule,PRE-S7.1 10_REMAINING_BLOCKERS.csv
S7B-0518,QI-00880,CMP-0376,TOP_OVER_SUPPORT_UNRESOLVED,SUP-GF_ROOF_SLAB-101,GF_ROOF_SLAB,Y,SUP-GF_ROOF_SLAB-101,SP-GF_ROOF_SLAB-29,10,URBAN_RATE_DENSITY,5,,,3543.2,BLOCKED_UNQUANTIFIED,SUNKEN_LEVEL_CHANGE_CONTINUITY,"[""PORTION_OVER_SUPPORT_DEPENDS_ON_CONTINUITY (LEVEL_CHANGE)""]","[""Q-SUNKEN""]",,,,extent / count not established by the source or an accepted rule,PRE-S7.1 10_REMAINING_BLOCKERS.csv
S7B-0519,QI-00881,CMP-0376,TOP_OVER_SUPPORT_UNRESOLVED,SUP-GF_ROOF_SLAB-101,GF_ROOF_SLAB,Y,SUP-GF_ROOF_SLAB-101,SP-GF_ROOF_SLAB-30,10,URBAN_RATE_DENSITY,5,,,3690.8,BLOCKED_UNQUANTIFIED,SUNKEN_LEVEL_CHANGE_CONTINUITY,"[""PORTION_OVER_SUPPORT_DEPENDS_ON_CONTINUITY (LEVEL_CHANGE)""]","[""Q-SUNKEN""]",,,,extent / count not established by the source or an accepted rule,PRE-S7.1 10_REMAINING_BLOCKERS.csv
S7B-0520,QI-00883,CMP-0377,TOP_END_ANCHORAGE,SUP-1F_ROOF_SLAB-102,1F_ROOF_SLAB,Y,SUP-1F_ROOF_SLAB-102,SP-1F_ROOF_SLAB-02,10,URBAN_RATE_DENSITY,5,,,1800,BLOCKED_UNQUANTIFIED,ANCHORAGE_END_COVER,"[""TOP_ANCHOR_OVER_BEAM_AND_LEG_SHAPE_ONLY ('40 CL.' unresolved)""]","[""Q-ANCHOR"", ""Q-ENDCOVER""]",,C-06 COVER_DIMENSION_BINDING (no quantity depends on it),,extent / count not established by the source or an accepted rule,PRE-S7.1 10_REMAINING_BLOCKERS.csv
S7B-0521,QI-00885,CMP-0378,TOP_END_ANCHORAGE,SUP-1F_ROOF_SLAB-103,1F_ROOF_SLAB,Y,SUP-1F_ROOF_SLAB-103,SP-1F_ROOF_SLAB-03,10,URBAN_RATE_DENSITY,5,,,2220,BLOCKED_UNQUANTIFIED,ANCHORAGE_END_COVER,"[""TOP_ANCHOR_OVER_BEAM_AND_LEG_SHAPE_ONLY ('40 CL.' unresolved)""]","[""Q-ANCHOR"", ""Q-ENDCOVER""]",,C-06 COVER_DIMENSION_BINDING (no quantity depends on it),,extent / count not established by the source or an accepted rule,PRE-S7.1 10_REMAINING_BLOCKERS.csv
S7B-0522,QI-00887,CMP-0379,TOP_END_ANCHORAGE,SUP-1F_ROOF_SLAB-104,1F_ROOF_SLAB,Y,SUP-1F_ROOF_SLAB-104,SP-1F_ROOF_SLAB-04,10,URBAN_RATE_DENSITY,5,,,3000,BLOCKED_UNQUANTIFIED,ANCHORAGE_END_COVER,"[""TOP_ANCHOR_OVER_BEAM_AND_LEG_SHAPE_ONLY ('40 CL.' unresolved)""]","[""Q-ANCHOR"", ""Q-ENDCOVER""]",,C-06 COVER_DIMENSION_BINDING (no quantity depends on it),,extent / count not established by the source or an accepted rule,PRE-S7.1 10_REMAINING_BLOCKERS.csv
S7B-0523,QI-00889,CMP-0380,TOP_END_ANCHORAGE,SUP-1F_ROOF_SLAB-105,1F_ROOF_SLAB,Y,SUP-1F_ROOF_SLAB-105,SP-1F_ROOF_SLAB-05,10,URBAN_RATE_DENSITY,5,,,4100,BLOCKED_UNQUANTIFIED,ANCHORAGE_END_COVER,"[""TOP_ANCHOR_OVER_BEAM_AND_LEG_SHAPE_ONLY ('40 CL.' unresolved)""]","[""Q-ANCHOR"", ""Q-ENDCOVER""]",,C-06 COVER_DIMENSION_BINDING (no quantity depends on it),,extent / count not established by the source or an accepted rule,PRE-S7.1 10_REMAINING_BLOCKERS.csv
S7B-0524,QI-00893,CMP-0382,TOP_SUPPORT_CROSSING,SUP-GF_ROOF_SLAB-107,GF_ROOF_SLAB,X,SUP-GF_ROOF_SLAB-107,SP-GF_ROOF_SLAB-11>SP-GF_ROOF_SLAB-10,10,URBAN_RATE_DENSITY,5,,,42,BLOCKED_UNQUANTIFIED,CONTINUITY_UNRESOLVED,"[""CROSSING_SEEN_FROM_ONE_FACE_ONLY (a junction / set-back beyond one face)""]","[""Q-CONT""]",,,,extent / count not established by the source or an accepted rule,PRE-S7.1 10_REMAINING_BLOCKERS.csv
S7B-0525,QI-00900,CMP-0383,TOP_SUPPORT_CROSSING,SUP-GF_ROOF_SLAB-108,GF_ROOF_SLAB,X,SUP-GF_ROOF_SLAB-108,SP-GF_ROOF_SLAB-17|SP-GF_ROOF_SLAB-18,10,URBAN_RATE_DENSITY,5,,,42,BLOCKED_UNQUANTIFIED,CONTINUITY_UNRESOLVED,"[""CROSSING_GEOMETRY_NOT_RESOLVED (the far face does not span the strip)""]","[""Q-CONT""]",,,,extent / count not established by the source or an accepted rule,PRE-S7.1 10_REMAINING_BLOCKERS.csv
S7B-0526,QI-00902,CMP-0384,TOP_END_ANCHORAGE,SUP-GF_ROOF_SLAB-109,GF_ROOF_SLAB,Y,SUP-GF_ROOF_SLAB-109,SP-GF_ROOF_SLAB-30,10,URBAN_RATE_DENSITY,5,,,3376.4,BLOCKED_UNQUANTIFIED,ANCHORAGE_END_COVER,"[""TOP_ANCHOR_OVER_BEAM_AND_LEG_SHAPE_ONLY ('40 CL.' unresolved)""]","[""Q-ANCHOR"", ""Q-ENDCOVER""]",,C-06 COVER_DIMENSION_BINDING (no quantity depends on it),,extent / count not established by the source or an accepted rule,PRE-S7.1 10_REMAINING_BLOCKERS.csv
S7B-0527,QI-00904,CMP-0385,TOP_END_ANCHORAGE,SUP-GF_ROOF_SLAB-110,GF_ROOF_SLAB,Y,SUP-GF_ROOF_SLAB-110,SP-GF_ROOF_SLAB-31,10,URBAN_RATE_DENSITY,5,,,2005,BLOCKED_UNQUANTIFIED,ANCHORAGE_END_COVER,"[""TOP_ANCHOR_OVER_BEAM_AND_LEG_SHAPE_ONLY ('40 CL.' unresolved)""]","[""Q-ANCHOR"", ""Q-ENDCOVER""]",,C-06 COVER_DIMENSION_BINDING (no quantity depends on it),,extent / count not established by the source or an accepted rule,PRE-S7.1 10_REMAINING_BLOCKERS.csv
S7B-0528,QI-00906,CMP-0386,TOP_END_ANCHORAGE,SUP-GF_ROOF_SLAB-111,GF_ROOF_SLAB,Y,SUP-GF_ROOF_SLAB-111,SP-GF_ROOF_SLAB-32,10,URBAN_RATE_DENSITY,5,,,6470,BLOCKED_UNQUANTIFIED,ANCHORAGE_END_COVER,"[""TOP_ANCHOR_OVER_BEAM_AND_LEG_SHAPE_ONLY ('40 CL.' unresolved)""]","[""Q-ANCHOR"", ""Q-ENDCOVER""]",,C-06 COVER_DIMENSION_BINDING (no quantity depends on it),,extent / count not established by the source or an accepted rule,PRE-S7.1 10_REMAINING_BLOCKERS.csv
S7B-0529,QI-00908,CMP-0387,TOP_END_ANCHORAGE,SUP-GF_ROOF_SLAB-112,GF_ROOF_SLAB,Y,SUP-GF_ROOF_SLAB-112,SP-GF_ROOF_SLAB-33,10,URBAN_RATE_DENSITY,5,,,3557.6,BLOCKED_UNQUANTIFIED,ANCHORAGE_END_COVER,"[""TOP_ANCHOR_OVER_BEAM_AND_LEG_SHAPE_ONLY ('40 CL.' unresolved)""]","[""Q-ANCHOR"", ""Q-ENDCOVER""]",,C-06 COVER_DIMENSION_BINDING (no quantity depends on it),,extent / count not established by the source or an accepted rule,PRE-S7.1 10_REMAINING_BLOCKERS.csv
S7B-0530,QI-00910,CMP-0388,TOP_END_ANCHORAGE,SUP-1F_ROOF_SLAB-113,1F_ROOF_SLAB,Y,SUP-1F_ROOF_SLAB-113,SP-1F_ROOF_SLAB-21,10,URBAN_RATE_DENSITY,5,,,4300,BLOCKED_UNQUANTIFIED,ANCHORAGE_END_COVER,"[""TOP_ANCHOR_OVER_BEAM_AND_LEG_SHAPE_ONLY ('40 CL.' unresolved)""]","[""Q-ANCHOR"", ""Q-ENDCOVER""]",,C-06 COVER_DIMENSION_BINDING (no quantity depends on it),,extent / count not established by the source or an accepted rule,PRE-S7.1 10_REMAINING_BLOCKERS.csv
S7B-0531,QI-00912,CMP-0389,TOP_END_ANCHORAGE,SUP-1F_ROOF_SLAB-114,1F_ROOF_SLAB,Y,SUP-1F_ROOF_SLAB-114,SP-1F_ROOF_SLAB-22,10,URBAN_RATE_DENSITY,5,,,2273.9,BLOCKED_UNQUANTIFIED,ANCHORAGE_END_COVER,"[""TOP_ANCHOR_OVER_BEAM_AND_LEG_SHAPE_ONLY ('40 CL.' unresolved)""]","[""Q-ANCHOR"", ""Q-ENDCOVER""]",,C-06 COVER_DIMENSION_BINDING (no quantity depends on it),,extent / count not established by the source or an accepted rule,PRE-S7.1 10_REMAINING_BLOCKERS.csv
S7B-0532,QI-00914,CMP-0390,TOP_END_ANCHORAGE,SUP-1F_ROOF_SLAB-115,1F_ROOF_SLAB,Y,SUP-1F_ROOF_SLAB-115,SP-1F_ROOF_SLAB-23,10,URBAN_RATE_DENSITY,5,,,2273.9,BLOCKED_UNQUANTIFIED,ANCHORAGE_END_COVER,"[""TOP_ANCHOR_OVER_BEAM_AND_LEG_SHAPE_ONLY ('40 CL.' unresolved)""]","[""Q-ANCHOR"", ""Q-ENDCOVER""]",,C-06 COVER_DIMENSION_BINDING (no quantity depends on it),,extent / count not established by the source or an accepted rule,PRE-S7.1 10_REMAINING_BLOCKERS.csv
S7B-0533,QI-00916,CMP-0391,TOP_END_ANCHORAGE,SUP-1F_ROOF_SLAB-116,1F_ROOF_SLAB,Y,SUP-1F_ROOF_SLAB-116,SP-1F_ROOF_SLAB-24,10,URBAN_RATE_DENSITY,5,,,4372.2,BLOCKED_UNQUANTIFIED,ANCHORAGE_END_COVER,"[""TOP_ANCHOR_OVER_BEAM_AND_LEG_SHAPE_ONLY ('40 CL.' unresolved)""]","[""Q-ANCHOR"", ""Q-ENDCOVER""]",,C-06 COVER_DIMENSION_BINDING (no quantity depends on it),,extent / count not established by the source or an accepted rule,PRE-S7.1 10_REMAINING_BLOCKERS.csv
S7B-0534,QI-00917,CMP-0392,TOP_SUPPORT_CROSSING,SUP-1F_ROOF_SLAB-117,1F_ROOF_SLAB,Y,SUP-1F_ROOF_SLAB-117,SP-1F_ROOF_SLAB-23>SP-1F_ROOF_SLAB-09,10,URBAN_RATE_DENSITY,5,,,200,BLOCKED_UNQUANTIFIED,CONTINUITY_UNRESOLVED,"[""CROSSING_SEEN_FROM_ONE_FACE_ONLY (a junction / set-back beyond one face)""]","[""Q-CONT""]",,,,extent / count not established by the source or an accepted rule,PRE-S7.1 10_REMAINING_BLOCKERS.csv
S7B-0535,QI-00927,CMP-0394,TOP_SUPPORT_CROSSING,SUP-1F_ROOF_SLAB-119,1F_ROOF_SLAB,Y,SUP-1F_ROOF_SLAB-119,SP-1F_ROOF_SLAB-12|SP-1F_ROOF_SLAB-22,10,URBAN_RATE_DENSITY,5,,,200,BLOCKED_UNQUANTIFIED,CONTINUITY_UNRESOLVED,"[""CROSSING_GEOMETRY_NOT_RESOLVED (the far face does not span the strip)""]","[""Q-CONT""]",,,,extent / count not established by the source or an accepted rule,PRE-S7.1 10_REMAINING_BLOCKERS.csv
S7B-0536,QI-00931,CMP-0395,TOP_OVER_SUPPORT_UNRESOLVED,SUP-GF_ROOF_SLAB-120,GF_ROOF_SLAB,X,SUP-GF_ROOF_SLAB-120,SP-GF_ROOF_SLAB-12,10,URBAN_RATE_DENSITY,5,,,1979.9,BLOCKED_UNQUANTIFIED,SUNKEN_LEVEL_CHANGE_CONTINUITY,"[""PORTION_OVER_SUPPORT_DEPENDS_ON_CONTINUITY (LEVEL_CHANGE)""]","[""Q-SUNKEN""]",,,,extent / count not established by the source or an accepted rule,PRE-S7.1 10_REMAINING_BLOCKERS.csv
S7B-0537,QI-00932,CMP-0395,TOP_OVER_SUPPORT_UNRESOLVED,SUP-GF_ROOF_SLAB-120,GF_ROOF_SLAB,X,SUP-GF_ROOF_SLAB-120,SP-GF_ROOF_SLAB-14,10,URBAN_RATE_DENSITY,5,,,1979.9,BLOCKED_UNQUANTIFIED,SUNKEN_LEVEL_CHANGE_CONTINUITY,"[""PORTION_OVER_SUPPORT_DEPENDS_ON_CONTINUITY (LEVEL_CHANGE)""]","[""Q-SUNKEN""]",,,,extent / count not established by the source or an accepted rule,PRE-S7.1 10_REMAINING_BLOCKERS.csv
S7B-0538,QI-00935,CMP-0396,TOP_OVER_SUPPORT_UNRESOLVED,SUP-GF_ROOF_SLAB-121,GF_ROOF_SLAB,X,SUP-GF_ROOF_SLAB-121,SP-GF_ROOF_SLAB-12,10,URBAN_RATE_DENSITY,5,,,1129.9,BLOCKED_UNQUANTIFIED,SUNKEN_LEVEL_CHANGE_CONTINUITY,"[""PORTION_OVER_SUPPORT_DEPENDS_ON_CONTINUITY (LEVEL_CHANGE)""]","[""Q-SUNKEN""]",,,,extent / count not established by the source or an accepted rule,PRE-S7.1 10_REMAINING_BLOCKERS.csv
S7B-0539,QI-00936,CMP-0396,TOP_OVER_SUPPORT_UNRESOLVED,SUP-GF_ROOF_SLAB-121,GF_ROOF_SLAB,X,SUP-GF_ROOF_SLAB-121,SP-GF_ROOF_SLAB-15,10,URBAN_RATE_DENSITY,5,,,1079.9,BLOCKED_UNQUANTIFIED,SUNKEN_LEVEL_CHANGE_CONTINUITY,"[""PORTION_OVER_SUPPORT_DEPENDS_ON_CONTINUITY (LEVEL_CHANGE)""]","[""Q-SUNKEN""]",,,,extent / count not established by the source or an accepted rule,PRE-S7.1 10_REMAINING_BLOCKERS.csv
S7B-0540,QI-00938,CMP-0397,TOP_END_ANCHORAGE,SUP-1F_ROOF_SLAB-122,1F_ROOF_SLAB,Y,SUP-1F_ROOF_SLAB-122,SP-1F_ROOF_SLAB-11,10,URBAN_RATE_DENSITY,5,,,1700,BLOCKED_UNQUANTIFIED,ANCHORAGE_END_COVER,"[""TOP_ANCHOR_OVER_BEAM_AND_LEG_SHAPE_ONLY ('40 CL.' unresolved)""]","[""Q-ANCHOR"", ""Q-ENDCOVER""]",,C-06 COVER_DIMENSION_BINDING (no quantity depends on it),,extent / count not established by the source or an accepted rule,PRE-S7.1 10_REMAINING_BLOCKERS.csv
S7B-0541,QI-00941,CMP-0398,TOP_OVER_SUPPORT_UNRESOLVED,SUP-GF_ROOF_SLAB-123,GF_ROOF_SLAB,X,SUP-GF_ROOF_SLAB-123,SP-GF_ROOF_SLAB-04,10,URBAN_RATE_DENSITY,5,,,1750,BLOCKED_UNQUANTIFIED,SUNKEN_LEVEL_CHANGE_CONTINUITY,"[""PORTION_OVER_SUPPORT_DEPENDS_ON_CONTINUITY (LEVEL_CHANGE)""]","[""Q-SUNKEN""]",,,,extent / count not established by the source or an accepted rule,PRE-S7.1 10_REMAINING_BLOCKERS.csv
S7B-0542,QI-00942,CMP-0398,TOP_OVER_SUPPORT_UNRESOLVED,SUP-GF_ROOF_SLAB-123,GF_ROOF_SLAB,X,SUP-GF_ROOF_SLAB-123,SP-GF_ROOF_SLAB-07,10,URBAN_RATE_DENSITY,5,,,1950,BLOCKED_UNQUANTIFIED,SUNKEN_LEVEL_CHANGE_CONTINUITY,"[""PORTION_OVER_SUPPORT_DEPENDS_ON_CONTINUITY (LEVEL_CHANGE)""]","[""Q-SUNKEN""]",,,,extent / count not established by the source or an accepted rule,PRE-S7.1 10_REMAINING_BLOCKERS.csv
S7B-0543,QI-00947,CMP-0400,TOP_END_ANCHORAGE,SUP-GF_ROOF_SLAB-125,GF_ROOF_SLAB,X,SUP-GF_ROOF_SLAB-125,SP-GF_ROOF_SLAB-11,10,URBAN_RATE_DENSITY,5,,,1944.5,BLOCKED_UNQUANTIFIED,ANCHORAGE_END_COVER,"[""TOP_ANCHOR_OVER_BEAM_AND_LEG_SHAPE_ONLY ('40 CL.' unresolved)""]","[""Q-ANCHOR"", ""Q-ENDCOVER""]",,C-06 COVER_DIMENSION_BINDING (no quantity depends on it),,extent / count not established by the source or an accepted rule,PRE-S7.1 10_REMAINING_BLOCKERS.csv
S7B-0544,QI-00949,CMP-0401,TOP_END_ANCHORAGE,SUP-1F_ROOF_SLAB-126,1F_ROOF_SLAB,Y,SUP-1F_ROOF_SLAB-126,SP-1F_ROOF_SLAB-02,10,URBAN_RATE_DENSITY,5,,,1800,BLOCKED_UNQUANTIFIED,ANCHORAGE_END_COVER,"[""TOP_ANCHOR_OVER_BEAM_AND_LEG_SHAPE_ONLY ('40 CL.' unresolved)""]","[""Q-ANCHOR"", ""Q-ENDCOVER""]",,C-06 COVER_DIMENSION_BINDING (no quantity depends on it),,extent / count not established by the source or an accepted rule,PRE-S7.1 10_REMAINING_BLOCKERS.csv
S7B-0545,QI-00951,CMP-0402,TOP_EXTENSION,SUP-GF_ROOF_SLAB-127,GF_ROOF_SLAB,X,SUP-GF_ROOF_SLAB-127,SP-GF_ROOF_SLAB-03,10,,,,,,EXCLUDED_SPECIAL_STRUCTURE,S8_SPECIAL_STRUCTURE,[],[],"SPECIAL_STRUCTURE (STAIR_FLIGHT_ZONE, excluded in PRE-S7)",,,ownership transferred to S8,PRE-S7.1 TRANSFERRED_S8 item
S7B-0546,QI-00952,CMP-0402,TOP_OVER_SUPPORT_UNRESOLVED,SUP-GF_ROOF_SLAB-127,GF_ROOF_SLAB,X,SUP-GF_ROOF_SLAB-127,SP-GF_ROOF_SLAB-07,10,URBAN_RATE_DENSITY,5,,,2950,BLOCKED_UNQUANTIFIED,CONTINUITY_UNRESOLVED,"[""PORTION_OVER_SUPPORT_DEPENDS_ON_CONTINUITY (SLAB_EXCLUDED_SPECIAL)""]","[""Q-CONT""]",,,,extent / count not established by the source or an accepted rule,PRE-S7.1 10_REMAINING_BLOCKERS.csv
S7B-0547,QI-00954,CMP-0403,TOP_END_ANCHORAGE,SUP-GF_ROOF_SLAB-128,GF_ROOF_SLAB,X,SUP-GF_ROOF_SLAB-128,SP-GF_ROOF_SLAB-16,10,URBAN_RATE_DENSITY,5,,,500,BLOCKED_UNQUANTIFIED,ANCHORAGE_END_COVER,"[""TOP_ANCHOR_OVER_BEAM_AND_LEG_SHAPE_ONLY ('40 CL.' unresolved)""]","[""Q-ANCHOR"", ""Q-ENDCOVER""]",,C-06 COVER_DIMENSION_BINDING (no quantity depends on it),,extent / count not established by the source or an accepted rule,PRE-S7.1 10_REMAINING_BLOCKERS.csv
S7B-0548,QI-00955,CMP-0404,TOP_SUPPORT_CROSSING,SUP-1F_ROOF_SLAB-129,1F_ROOF_SLAB,Y,SUP-1F_ROOF_SLAB-129,SP-1F_ROOF_SLAB-07>SP-1F_ROOF_SLAB-03,10,URBAN_RATE_DENSITY,5,,,200,BLOCKED_UNQUANTIFIED,CONTINUITY_UNRESOLVED,"[""CROSSING_SEEN_FROM_ONE_FACE_ONLY (a junction / set-back beyond one face)""]","[""Q-CONT""]",,,,extent / count not established by the source or an accepted rule,PRE-S7.1 10_REMAINING_BLOCKERS.csv
S7B-0549,QI-00962,CMP-0405,TOP_SUPPORT_CROSSING,SUP-1F_ROOF_SLAB-130,1F_ROOF_SLAB,Y,SUP-1F_ROOF_SLAB-130,SP-1F_ROOF_SLAB-03|SP-1F_ROOF_SLAB-09,10,URBAN_RATE_DENSITY,5,,,550,BLOCKED_UNQUANTIFIED,CONTINUITY_UNRESOLVED,"[""CROSSING_GEOMETRY_NOT_RESOLVED (the far face does not span the strip)""]","[""Q-CONT""]",,,,extent / count not established by the source or an accepted rule,PRE-S7.1 10_REMAINING_BLOCKERS.csv
S7B-0550,QI-00967,CMP-0407,TOP_EXTENSION,SUP-1F_ROOF_SLAB-132,1F_ROOF_SLAB,Y,SUP-1F_ROOF_SLAB-132,SP-1F_ROOF_SLAB-17,10,,,,,,EXCLUDED_SPECIAL_STRUCTURE,S8_SPECIAL_STRUCTURE,[],[],"SPECIAL_STRUCTURE (DOME_ZONE, excluded in PRE-S7)",,,ownership transferred to S8,PRE-S7.1 TRANSFERRED_S8 item
S7B-0551,QI-00968,CMP-0407,TOP_EXTENSION,SUP-1F_ROOF_SLAB-132,1F_ROOF_SLAB,Y,SUP-1F_ROOF_SLAB-132,SP-1F_ROOF_SLAB-18,10,,,,,,EXCLUDED_SPECIAL_STRUCTURE,S8_SPECIAL_STRUCTURE,[],[],"SPECIAL_STRUCTURE (DOME_ZONE, excluded in PRE-S7)",,,ownership transferred to S8,PRE-S7.1 TRANSFERRED_S8 item
S7B-0552,QI-00969,CMP-0407,TOP_OVER_SUPPORT_UNRESOLVED,SUP-1F_ROOF_SLAB-132,1F_ROOF_SLAB,Y,SUP-1F_ROOF_SLAB-132,SP-1F_ROOF_SLAB-24,10,URBAN_RATE_DENSITY,5,,,4372.2,BLOCKED_UNQUANTIFIED,CONTINUITY_UNRESOLVED,"[""PORTION_OVER_SUPPORT_DEPENDS_ON_CONTINUITY (SLAB_EXCLUDED_SPECIAL)""]","[""Q-CONT""]",,,,extent / count not established by the source or an accepted rule,PRE-S7.1 10_REMAINING_BLOCKERS.csv
S7B-0553,QI-00973,CMP-0408,TOP_SUPPORT_CROSSING,SUP-GF_ROOF_SLAB-133,GF_ROOF_SLAB,X,SUP-GF_ROOF_SLAB-133,SP-GF_ROOF_SLAB-06|SP-GF_ROOF_SLAB-08,10,URBAN_RATE_DENSITY,5,,,250,BLOCKED_UNQUANTIFIED,CONTINUITY_UNRESOLVED,"[""CROSSING_GEOMETRY_NOT_RESOLVED (the far face does not span the strip)""]","[""Q-CONT""]",,,,extent / count not established by the source or an accepted rule,PRE-S7.1 10_REMAINING_BLOCKERS.csv
S7B-0554,QI-00977,CMP-0409,TOP_SUPPORT_CROSSING,SUP-GF_ROOF_SLAB-134,GF_ROOF_SLAB,X,SUP-GF_ROOF_SLAB-134,SP-GF_ROOF_SLAB-08|SP-GF_ROOF_SLAB-10,10,URBAN_RATE_DENSITY,5,,,200,BLOCKED_UNQUANTIFIED,CONTINUITY_UNRESOLVED,"[""CROSSING_GEOMETRY_NOT_RESOLVED (the far face does not span the strip)""]","[""Q-CONT""]",,,,extent / count not established by the source or an accepted rule,PRE-S7.1 10_REMAINING_BLOCKERS.csv
S7B-0555,QI-00979,CMP-0410,TOP_EXTENSION,SUP-1F_ROOF_SLAB-135,1F_ROOF_SLAB,Y,SUP-1F_ROOF_SLAB-135,SP-1F_ROOF_SLAB-15,10,,,,,,EXCLUDED_SPECIAL_STRUCTURE,S8_SPECIAL_STRUCTURE,[],[],"SPECIAL_STRUCTURE (DOME_ZONE, excluded in PRE-S7)",,,ownership transferred to S8,PRE-S7.1 TRANSFERRED_S8 item
S7B-0556,QI-00980,CMP-0410,TOP_EXTENSION,SUP-1F_ROOF_SLAB-135,1F_ROOF_SLAB,Y,SUP-1F_ROOF_SLAB-135,SP-1F_ROOF_SLAB-16,10,,,,,,EXCLUDED_SPECIAL_STRUCTURE,S8_SPECIAL_STRUCTURE,[],[],"SPECIAL_STRUCTURE (DOME_ZONE, excluded in PRE-S7)",,,ownership transferred to S8,PRE-S7.1 TRANSFERRED_S8 item
S7B-0557,QI-00981,CMP-0410,TOP_OVER_SUPPORT_UNRESOLVED,SUP-1F_ROOF_SLAB-135,1F_ROOF_SLAB,Y,SUP-1F_ROOF_SLAB-135,SP-1F_ROOF_SLAB-07,10,URBAN_RATE_DENSITY,5,,,4372.2,BLOCKED_UNQUANTIFIED,CONTINUITY_UNRESOLVED,"[""PORTION_OVER_SUPPORT_DEPENDS_ON_CONTINUITY (SLAB_EXCLUDED_SPECIAL)""]","[""Q-CONT""]",,,,extent / count not established by the source or an accepted rule,PRE-S7.1 10_REMAINING_BLOCKERS.csv
S7B-0558,QI-00986,CMP-0412,TOP_END_ANCHORAGE,SUP-GF_ROOF_SLAB-137,GF_ROOF_SLAB,X,SUP-GF_ROOF_SLAB-137,SP-GF_ROOF_SLAB-08,10,URBAN_RATE_DENSITY,5,,,2900.5,BLOCKED_UNQUANTIFIED,ANCHORAGE_END_COVER,"[""TOP_ANCHOR_OVER_BEAM_AND_LEG_SHAPE_ONLY ('40 CL.' unresolved)""]","[""Q-ANCHOR"", ""Q-ENDCOVER""]",,C-06 COVER_DIMENSION_BINDING (no quantity depends on it),,extent / count not established by the source or an accepted rule,PRE-S7.1 10_REMAINING_BLOCKERS.csv
S7B-0559,QI-00995,CMP-0415,TOP_OVER_SUPPORT_UNRESOLVED,SUP-GF_ROOF_SLAB-140,GF_ROOF_SLAB,X,SUP-GF_ROOF_SLAB-140,SP-GF_ROOF_SLAB-05,10,URBAN_RATE_DENSITY,5,,,1750,BLOCKED_UNQUANTIFIED,SUNKEN_LEVEL_CHANGE_CONTINUITY,"[""PORTION_OVER_SUPPORT_DEPENDS_ON_CONTINUITY (LEVEL_CHANGE)""]","[""Q-SUNKEN""]",,,,extent / count not established by the source or an accepted rule,PRE-S7.1 10_REMAINING_BLOCKERS.csv
S7B-0560,QI-00996,CMP-0415,TOP_OVER_SUPPORT_UNRESOLVED,SUP-GF_ROOF_SLAB-140,GF_ROOF_SLAB,X,SUP-GF_ROOF_SLAB-140,SP-GF_ROOF_SLAB-06,10,URBAN_RATE_DENSITY,5,,,1750,BLOCKED_UNQUANTIFIED,SUNKEN_LEVEL_CHANGE_CONTINUITY,"[""PORTION_OVER_SUPPORT_DEPENDS_ON_CONTINUITY (LEVEL_CHANGE)""]","[""Q-SUNKEN""]",,,,extent / count not established by the source or an accepted rule,PRE-S7.1 10_REMAINING_BLOCKERS.csv
S7B-0561,QI-00998,CMP-0416,TOP_END_ANCHORAGE,SUP-GF_ROOF_SLAB-141,GF_ROOF_SLAB,Y,SUP-GF_ROOF_SLAB-141,SP-GF_ROOF_SLAB-16,10,URBAN_RATE_DENSITY,5,,,600,BLOCKED_UNQUANTIFIED,ANCHORAGE_END_COVER,"[""TOP_ANCHOR_OVER_BEAM_AND_LEG_SHAPE_ONLY ('40 CL.' unresolved)""]","[""Q-ANCHOR"", ""Q-ENDCOVER""]",,C-06 COVER_DIMENSION_BINDING (no quantity depends on it),,extent / count not established by the source or an accepted rule,PRE-S7.1 10_REMAINING_BLOCKERS.csv
S7B-0562,QI-01000,CMP-0417,TOP_END_ANCHORAGE,SUP-GF_ROOF_SLAB-142,GF_ROOF_SLAB,Y,SUP-GF_ROOF_SLAB-142,SP-GF_ROOF_SLAB-18,10,URBAN_RATE_DENSITY,5,,,700,BLOCKED_UNQUANTIFIED,ANCHORAGE_END_COVER,"[""TOP_ANCHOR_OVER_BEAM_AND_LEG_SHAPE_ONLY ('40 CL.' unresolved)""]","[""Q-ANCHOR"", ""Q-ENDCOVER""]",,C-06 COVER_DIMENSION_BINDING (no quantity depends on it),,extent / count not established by the source or an accepted rule,PRE-S7.1 10_REMAINING_BLOCKERS.csv
S7B-0563,QI-01002,CMP-0418,TOP_END_ANCHORAGE,SUP-GF_ROOF_SLAB-143,GF_ROOF_SLAB,Y,SUP-GF_ROOF_SLAB-143,SP-GF_ROOF_SLAB-07,10,URBAN_RATE_DENSITY,5,,,1800,BLOCKED_UNQUANTIFIED,ANCHORAGE_END_COVER,"[""TOP_ANCHOR_OVER_BEAM_AND_LEG_SHAPE_ONLY ('40 CL.' unresolved)""]","[""Q-ANCHOR"", ""Q-ENDCOVER""]",,C-06 COVER_DIMENSION_BINDING (no quantity depends on it),,extent / count not established by the source or an accepted rule,PRE-S7.1 10_REMAINING_BLOCKERS.csv
S7B-0564,QI-01004,CMP-0419,TOP_END_ANCHORAGE,SUP-GF_ROOF_SLAB-144,GF_ROOF_SLAB,Y,SUP-GF_ROOF_SLAB-144,SP-GF_ROOF_SLAB-04,10,URBAN_RATE_DENSITY,5,,,1470,BLOCKED_UNQUANTIFIED,ANCHORAGE_END_COVER,"[""TOP_ANCHOR_OVER_BEAM_AND_LEG_SHAPE_ONLY ('40 CL.' unresolved)""]","[""Q-ANCHOR"", ""Q-ENDCOVER""]",,C-06 COVER_DIMENSION_BINDING (no quantity depends on it),,extent / count not established by the source or an accepted rule,PRE-S7.1 10_REMAINING_BLOCKERS.csv
S7B-0565,QI-01006,CMP-0420,TOP_END_ANCHORAGE,SUP-GF_ROOF_SLAB-145,GF_ROOF_SLAB,Y,SUP-GF_ROOF_SLAB-145,SP-GF_ROOF_SLAB-05,10,URBAN_RATE_DENSITY,5,,,1900,BLOCKED_UNQUANTIFIED,ANCHORAGE_END_COVER,"[""TOP_ANCHOR_OVER_BEAM_AND_LEG_SHAPE_ONLY ('40 CL.' unresolved)""]","[""Q-ANCHOR"", ""Q-ENDCOVER""]",,C-06 COVER_DIMENSION_BINDING (no quantity depends on it),,extent / count not established by the source or an accepted rule,PRE-S7.1 10_REMAINING_BLOCKERS.csv
S7B-0566,QI-01008,CMP-0421,TOP_END_ANCHORAGE,SUP-GF_ROOF_SLAB-146,GF_ROOF_SLAB,Y,SUP-GF_ROOF_SLAB-146,SP-GF_ROOF_SLAB-06,10,URBAN_RATE_DENSITY,5,,,1650,BLOCKED_UNQUANTIFIED,ANCHORAGE_END_COVER,"[""TOP_ANCHOR_OVER_BEAM_AND_LEG_SHAPE_ONLY ('40 CL.' unresolved)""]","[""Q-ANCHOR"", ""Q-ENDCOVER""]",,C-06 COVER_DIMENSION_BINDING (no quantity depends on it),,extent / count not established by the source or an accepted rule,PRE-S7.1 10_REMAINING_BLOCKERS.csv
S7B-0567,QI-01010,CMP-0422,TOP_END_ANCHORAGE,SUP-GF_ROOF_SLAB-147,GF_ROOF_SLAB,Y,SUP-GF_ROOF_SLAB-147,SP-GF_ROOF_SLAB-07,10,URBAN_RATE_DENSITY,5,,,1800,BLOCKED_UNQUANTIFIED,ANCHORAGE_END_COVER,"[""TOP_ANCHOR_OVER_BEAM_AND_LEG_SHAPE_ONLY ('40 CL.' unresolved)""]","[""Q-ANCHOR"", ""Q-ENDCOVER""]",,C-06 COVER_DIMENSION_BINDING (no quantity depends on it),,extent / count not established by the source or an accepted rule,PRE-S7.1 10_REMAINING_BLOCKERS.csv
S7B-0568,QI-01012,CMP-0423,TOP_EXTENSION,SUP-GF_ROOF_SLAB-148,GF_ROOF_SLAB,Y,SUP-GF_ROOF_SLAB-148,SP-GF_ROOF_SLAB-21,10,,,,,,EXCLUDED_SPECIAL_STRUCTURE,S8_SPECIAL_STRUCTURE,[],[],STAIR_LIGHTWELL_REGION,C-01 PANEL_VOID_CONFLICT (preserved in S8),,ownership transferred to S8,PRE-S7.1 TRANSFERRED_S8 item
S7B-0569,QI-01013,CMP-0423,TOP_EXTENSION,SUP-GF_ROOF_SLAB-148,GF_ROOF_SLAB,Y,SUP-GF_ROOF_SLAB-148,SP-GF_ROOF_SLAB-28,10,,,,,,EXCLUDED_SPECIAL_STRUCTURE,S8_SPECIAL_STRUCTURE,[],[],"SPECIAL_STRUCTURE (STAIR_FLIGHT_ZONE, excluded in PRE-S7)",,,ownership transferred to S8,PRE-S7.1 TRANSFERRED_S8 item
S7B-0570,QI-01014,CMP-0423,TOP_OVER_SUPPORT_UNRESOLVED,SUP-GF_ROOF_SLAB-148,GF_ROOF_SLAB,Y,SUP-GF_ROOF_SLAB-148,SP-GF_ROOF_SLAB-17,10,URBAN_RATE_DENSITY,5,,,921.2,BLOCKED_UNQUANTIFIED,CONTINUITY_UNRESOLVED,"[""PORTION_OVER_SUPPORT_DEPENDS_ON_CONTINUITY (SLAB_EXCLUDED_SPECIAL)""]","[""Q-CONT""]",,,,extent / count not established by the source or an accepted rule,PRE-S7.1 10_REMAINING_BLOCKERS.csv
S7B-0571,QI-01015,CMP-0423,TOP_OVER_SUPPORT_UNRESOLVED,SUP-GF_ROOF_SLAB-148,GF_ROOF_SLAB,Y,SUP-GF_ROOF_SLAB-148,SP-GF_ROOF_SLAB-17,10,URBAN_RATE_DENSITY,5,,,3250,BLOCKED_UNQUANTIFIED,CONTINUITY_UNRESOLVED,"[""PORTION_OVER_SUPPORT_DEPENDS_ON_CONTINUITY (SLAB_TRANSFERRED)""]","[""Q-CONT""]",,,,extent / count not established by the source or an accepted rule,PRE-S7.1 10_REMAINING_BLOCKERS.csv
S7B-0572,QI-01017,CMP-0424,TOP_EXTENSION,SUP-GF_ROOF_SLAB-149,GF_ROOF_SLAB,Y,SUP-GF_ROOF_SLAB-149,SP-GF_ROOF_SLAB-21,10,,,,,,EXCLUDED_SPECIAL_STRUCTURE,S8_SPECIAL_STRUCTURE,[],[],STAIR_LIGHTWELL_REGION,C-01 PANEL_VOID_CONFLICT (preserved in S8),,ownership transferred to S8,PRE-S7.1 TRANSFERRED_S8 item
S7B-0573,QI-01018,CMP-0424,TOP_OVER_SUPPORT_UNRESOLVED,SUP-GF_ROOF_SLAB-149,GF_ROOF_SLAB,Y,SUP-GF_ROOF_SLAB-149,SP-GF_ROOF_SLAB-18,10,URBAN_RATE_DENSITY,5,,,2370,BLOCKED_UNQUANTIFIED,CONTINUITY_UNRESOLVED,"[""PORTION_OVER_SUPPORT_DEPENDS_ON_CONTINUITY (SLAB_TRANSFERRED)""]","[""Q-CONT""]",,,,extent / count not established by the source or an accepted rule,PRE-S7.1 10_REMAINING_BLOCKERS.csv
S7B-0574,QI-01021,CMP-0425,TOP_OVER_SUPPORT_UNRESOLVED,SUP-GF_ROOF_SLAB-150,GF_ROOF_SLAB,Y,SUP-GF_ROOF_SLAB-150,SP-GF_ROOF_SLAB-04,10,URBAN_RATE_DENSITY,5,,,1470,BLOCKED_UNQUANTIFIED,SUNKEN_LEVEL_CHANGE_CONTINUITY,"[""PORTION_OVER_SUPPORT_DEPENDS_ON_CONTINUITY (LEVEL_CHANGE)""]","[""Q-SUNKEN""]",,,,extent / count not established by the source or an accepted rule,PRE-S7.1 10_REMAINING_BLOCKERS.csv
S7B-0575,QI-01022,CMP-0425,TOP_OVER_SUPPORT_UNRESOLVED,SUP-GF_ROOF_SLAB-150,GF_ROOF_SLAB,Y,SUP-GF_ROOF_SLAB-150,SP-GF_ROOF_SLAB-11,10,URBAN_RATE_DENSITY,5,,,1470,BLOCKED_UNQUANTIFIED,SUNKEN_LEVEL_CHANGE_CONTINUITY,"[""PORTION_OVER_SUPPORT_DEPENDS_ON_CONTINUITY (LEVEL_CHANGE)""]","[""Q-SUNKEN""]",,,,extent / count not established by the source or an accepted rule,PRE-S7.1 10_REMAINING_BLOCKERS.csv
S7B-0576,QI-01025,CMP-0426,TOP_OVER_SUPPORT_UNRESOLVED,SUP-GF_ROOF_SLAB-151,GF_ROOF_SLAB,Y,SUP-GF_ROOF_SLAB-151,SP-GF_ROOF_SLAB-05,10,URBAN_RATE_DENSITY,5,,,1900,BLOCKED_UNQUANTIFIED,SUNKEN_LEVEL_CHANGE_CONTINUITY,"[""PORTION_OVER_SUPPORT_DEPENDS_ON_CONTINUITY (LEVEL_CHANGE)""]","[""Q-SUNKEN""]",,,,extent / count not established by the source or an accepted rule,PRE-S7.1 10_REMAINING_BLOCKERS.csv
S7B-0577,QI-01026,CMP-0426,TOP_OVER_SUPPORT_UNRESOLVED,SUP-GF_ROOF_SLAB-151,GF_ROOF_SLAB,Y,SUP-GF_ROOF_SLAB-151,SP-GF_ROOF_SLAB-10,10,URBAN_RATE_DENSITY,5,,,2100,BLOCKED_UNQUANTIFIED,SUNKEN_LEVEL_CHANGE_CONTINUITY,"[""PORTION_OVER_SUPPORT_DEPENDS_ON_CONTINUITY (LEVEL_CHANGE)""]","[""Q-SUNKEN""]",,,,extent / count not established by the source or an accepted rule,PRE-S7.1 10_REMAINING_BLOCKERS.csv
S7B-0578,QI-01030,CMP-0428,TOP_SUPPORT_CROSSING,SUP-GF_ROOF_SLAB-153,GF_ROOF_SLAB,Y,SUP-GF_ROOF_SLAB-153,SP-GF_ROOF_SLAB-17>SP-GF_ROOF_SLAB-10,10,URBAN_RATE_DENSITY,5,,,26,BLOCKED_UNQUANTIFIED,CONTINUITY_UNRESOLVED,"[""CROSSING_SEEN_FROM_ONE_FACE_ONLY (a junction / set-back beyond one face)""]","[""Q-CONT""]",,,,extent / count not established by the source or an accepted rule,PRE-S7.1 10_REMAINING_BLOCKERS.csv
S7B-0579,QI-01037,CMP-0430,TOP_EXTENSION,SUP-GF_ROOF_SLAB-155,GF_ROOF_SLAB,Y,SUP-GF_ROOF_SLAB-155,SP-GF_ROOF_SLAB-02,10,URBAN_RATE_DENSITY,5,,,1700,BLOCKED_UNQUANTIFIED,BEARING_WALL_CANDIDATE_SUPPORT,"[""TOP_RULE_APPLICABILITY_AT_BEARING_WALL_CANDIDATE (plan note 2 is for slabs over beams; the support band carries the dense hatch)""]","[""Q-HATCH""]",,,,extent / count not established by the source or an accepted rule,PRE-S7.1 10_REMAINING_BLOCKERS.csv
S7B-0580,QI-01038,CMP-0430,TOP_END_ANCHORAGE,SUP-GF_ROOF_SLAB-155,GF_ROOF_SLAB,Y,SUP-GF_ROOF_SLAB-155,SP-GF_ROOF_SLAB-02,10,URBAN_RATE_DENSITY,5,,,1700,BLOCKED_UNQUANTIFIED,ANCHORAGE_END_COVER,"[""TOP_ANCHOR_OVER_BEAM_AND_LEG_SHAPE_ONLY ('40 CL.' unresolved)""]","[""Q-ANCHOR"", ""Q-ENDCOVER""]",,C-06 COVER_DIMENSION_BINDING (no quantity depends on it),,extent / count not established by the source or an accepted rule,PRE-S7.1 10_REMAINING_BLOCKERS.csv
S7B-0581,QI-01040,CMP-0431,TOP_END_ANCHORAGE,SUP-GF_ROOF_SLAB-156,GF_ROOF_SLAB,Y,SUP-GF_ROOF_SLAB-156,SP-GF_ROOF_SLAB-08,10,URBAN_RATE_DENSITY,5,,,3500,BLOCKED_UNQUANTIFIED,ANCHORAGE_END_COVER,"[""TOP_ANCHOR_OVER_BEAM_AND_LEG_SHAPE_ONLY ('40 CL.' unresolved)""]","[""Q-ANCHOR"", ""Q-ENDCOVER""]",,C-06 COVER_DIMENSION_BINDING (no quantity depends on it),,extent / count not established by the source or an accepted rule,PRE-S7.1 10_REMAINING_BLOCKERS.csv
S7B-0582,QI-01042,CMP-0432,TOP_END_ANCHORAGE,SUP-GF_ROOF_SLAB-157,GF_ROOF_SLAB,Y,SUP-GF_ROOF_SLAB-157,SP-GF_ROOF_SLAB-08,10,URBAN_RATE_DENSITY,5,,,219.7,BLOCKED_UNQUANTIFIED,ANCHORAGE_END_COVER,"[""TOP_ANCHOR_OVER_BEAM_AND_LEG_SHAPE_ONLY ('40 CL.' unresolved)""]","[""Q-ANCHOR"", ""Q-ENDCOVER""]",,C-06 COVER_DIMENSION_BINDING (no quantity depends on it),,extent / count not established by the source or an accepted rule,PRE-S7.1 10_REMAINING_BLOCKERS.csv
S7B-0583,QI-01045,CMP-0433,TOP_OVER_SUPPORT_UNRESOLVED,SUP-GF_ROOF_SLAB-158,GF_ROOF_SLAB,Y,SUP-GF_ROOF_SLAB-158,SP-GF_ROOF_SLAB-08,10,URBAN_RATE_DENSITY,5,,,1700,BLOCKED_UNQUANTIFIED,SUNKEN_LEVEL_CHANGE_CONTINUITY,"[""PORTION_OVER_SUPPORT_DEPENDS_ON_CONTINUITY (LEVEL_CHANGE)""]","[""Q-SUNKEN""]",,,,extent / count not established by the source or an accepted rule,PRE-S7.1 10_REMAINING_BLOCKERS.csv
S7B-0584,QI-01046,CMP-0433,TOP_OVER_SUPPORT_UNRESOLVED,SUP-GF_ROOF_SLAB-158,GF_ROOF_SLAB,Y,SUP-GF_ROOF_SLAB-158,SP-GF_ROOF_SLAB-12,10,URBAN_RATE_DENSITY,5,,,2200,BLOCKED_UNQUANTIFIED,SUNKEN_LEVEL_CHANGE_CONTINUITY,"[""PORTION_OVER_SUPPORT_DEPENDS_ON_CONTINUITY (LEVEL_CHANGE)""]","[""Q-SUNKEN""]",,,,extent / count not established by the source or an accepted rule,PRE-S7.1 10_REMAINING_BLOCKERS.csv
S7B-0585,QI-01051,CMP-0435,TOP_END_ANCHORAGE,SUP-GF_ROOF_SLAB-160,GF_ROOF_SLAB,Y,SUP-GF_ROOF_SLAB-160,SP-GF_ROOF_SLAB-15,10,URBAN_RATE_DENSITY,5,,,1150,BLOCKED_UNQUANTIFIED,ANCHORAGE_END_COVER,"[""TOP_ANCHOR_OVER_BEAM_AND_LEG_SHAPE_ONLY ('40 CL.' unresolved)""]","[""Q-ANCHOR"", ""Q-ENDCOVER""]",,C-06 COVER_DIMENSION_BINDING (no quantity depends on it),,extent / count not established by the source or an accepted rule,PRE-S7.1 10_REMAINING_BLOCKERS.csv
S7B-0586,QI-01054,CMP-0436,TOP_OVER_SUPPORT_UNRESOLVED,SUP-GF_ROOF_SLAB-161,GF_ROOF_SLAB,Y,SUP-GF_ROOF_SLAB-161,SP-GF_ROOF_SLAB-12,10,URBAN_RATE_DENSITY,5,,,1982.9,BLOCKED_UNQUANTIFIED,SUNKEN_LEVEL_CHANGE_CONTINUITY,"[""PORTION_OVER_SUPPORT_DEPENDS_ON_CONTINUITY (LEVEL_CHANGE)""]","[""Q-SUNKEN""]",,,,extent / count not established by the source or an accepted rule,PRE-S7.1 10_REMAINING_BLOCKERS.csv
S7B-0587,QI-01055,CMP-0436,TOP_OVER_SUPPORT_UNRESOLVED,SUP-GF_ROOF_SLAB-161,GF_ROOF_SLAB,Y,SUP-GF_ROOF_SLAB-161,SP-GF_ROOF_SLAB-22,10,URBAN_RATE_DENSITY,5,,,2177.7,BLOCKED_UNQUANTIFIED,SUNKEN_LEVEL_CHANGE_CONTINUITY,"[""PORTION_OVER_SUPPORT_DEPENDS_ON_CONTINUITY (LEVEL_CHANGE)""]","[""Q-SUNKEN""]",,,,extent / count not established by the source or an accepted rule,PRE-S7.1 10_REMAINING_BLOCKERS.csv
S7B-0588,QI-01059,CMP-0437,TOP_SUPPORT_CROSSING,SUP-GF_ROOF_SLAB-162,GF_ROOF_SLAB,Y,SUP-GF_ROOF_SLAB-162,SP-GF_ROOF_SLAB-14|SP-GF_ROOF_SLAB-22,10,URBAN_RATE_DENSITY,5,,,31.9,BLOCKED_UNQUANTIFIED,CONTINUITY_UNRESOLVED,"[""CROSSING_GEOMETRY_NOT_RESOLVED (the far face does not span the strip)""]","[""Q-CONT""]",,,,extent / count not established by the source or an accepted rule,PRE-S7.1 10_REMAINING_BLOCKERS.csv
S7B-0589,QI-01061,CMP-0438,TOP_END_ANCHORAGE,SUP-GF_ROOF_SLAB-163,GF_ROOF_SLAB,Y,SUP-GF_ROOF_SLAB-163,SP-GF_ROOF_SLAB-02,10,URBAN_RATE_DENSITY,5,,,1700,BLOCKED_UNQUANTIFIED,ANCHORAGE_END_COVER,"[""TOP_ANCHOR_OVER_BEAM_AND_LEG_SHAPE_ONLY ('40 CL.' unresolved)""]","[""Q-ANCHOR"", ""Q-ENDCOVER""]",,C-06 COVER_DIMENSION_BINDING (no quantity depends on it),,extent / count not established by the source or an accepted rule,PRE-S7.1 10_REMAINING_BLOCKERS.csv
S7B-0590,QI-01063,CMP-0439,TOP_END_ANCHORAGE,SUP-GF_ROOF_SLAB-164,GF_ROOF_SLAB,Y,SUP-GF_ROOF_SLAB-164,SP-GF_ROOF_SLAB-23,10,URBAN_RATE_DENSITY,5,,,1144.8,BLOCKED_UNQUANTIFIED,ANCHORAGE_END_COVER,"[""TOP_ANCHOR_OVER_BEAM_AND_LEG_SHAPE_ONLY ('40 CL.' unresolved)""]","[""Q-ANCHOR"", ""Q-ENDCOVER""]",,C-06 COVER_DIMENSION_BINDING (no quantity depends on it),,extent / count not established by the source or an accepted rule,PRE-S7.1 10_REMAINING_BLOCKERS.csv
S7B-0591,QI-01067,CMP-0004,TEMPERATURE,SP-GF_ROOF_SLAB-02,GF_ROOF_SLAB,X,,,,COUNT_UNRESOLVED,,,,,BLOCKED_UNQUANTIFIED,TEMPERATURE,"[""TABLE_NO_EXACT_ROW (160 mm; no interpolation)""]","[""Q-TEMP""]",,,,extent / count not established by the source or an accepted rule,PRE-S7.1 10_REMAINING_BLOCKERS.csv
S7B-0592,QI-01068,CMP-0005,TEMPERATURE,SP-GF_ROOF_SLAB-02,GF_ROOF_SLAB,Y,,,,COUNT_UNRESOLVED,,,,,BLOCKED_UNQUANTIFIED,TEMPERATURE,"[""TABLE_NO_EXACT_ROW (160 mm; no interpolation)""]","[""Q-TEMP""]",,,,extent / count not established by the source or an accepted rule,PRE-S7.1 10_REMAINING_BLOCKERS.csv
S7B-0593,QI-01069,CMP-0009,TEMPERATURE,SP-GF_ROOF_SLAB-04,GF_ROOF_SLAB,X,,,,COUNT_UNRESOLVED,,,,,BLOCKED_UNQUANTIFIED,TEMPERATURE,"[""TABLE_NO_EXACT_ROW (160 mm; no interpolation)""]","[""Q-TEMP""]",,,,extent / count not established by the source or an accepted rule,PRE-S7.1 10_REMAINING_BLOCKERS.csv
S7B-0594,QI-01070,CMP-0010,TEMPERATURE,SP-GF_ROOF_SLAB-04,GF_ROOF_SLAB,Y,,,,COUNT_UNRESOLVED,,,,,BLOCKED_UNQUANTIFIED,TEMPERATURE,"[""TABLE_NO_EXACT_ROW (160 mm; no interpolation)""]","[""Q-TEMP""]",,,,extent / count not established by the source or an accepted rule,PRE-S7.1 10_REMAINING_BLOCKERS.csv
S7B-0595,QI-01071,CMP-0014,TEMPERATURE,SP-GF_ROOF_SLAB-05,GF_ROOF_SLAB,X,,,,COUNT_UNRESOLVED,,,,,BLOCKED_UNQUANTIFIED,TEMPERATURE,"[""TABLE_NO_EXACT_ROW (160 mm; no interpolation)""]","[""Q-TEMP""]",,,,extent / count not established by the source or an accepted rule,PRE-S7.1 10_REMAINING_BLOCKERS.csv
S7B-0596,QI-01072,CMP-0015,TEMPERATURE,SP-GF_ROOF_SLAB-05,GF_ROOF_SLAB,Y,,,,COUNT_UNRESOLVED,,,,,BLOCKED_UNQUANTIFIED,TEMPERATURE,"[""TABLE_NO_EXACT_ROW (160 mm; no interpolation)""]","[""Q-TEMP""]",,,,extent / count not established by the source or an accepted rule,PRE-S7.1 10_REMAINING_BLOCKERS.csv
S7B-0597,QI-01073,CMP-0020,TEMPERATURE,SP-GF_ROOF_SLAB-06,GF_ROOF_SLAB,X,,,,COUNT_UNRESOLVED,,,,,BLOCKED_UNQUANTIFIED,TEMPERATURE,"[""TABLE_NO_EXACT_ROW (160 mm; no interpolation)""]","[""Q-TEMP""]",,,,extent / count not established by the source or an accepted rule,PRE-S7.1 10_REMAINING_BLOCKERS.csv
S7B-0598,QI-01074,CMP-0021,TEMPERATURE,SP-GF_ROOF_SLAB-06,GF_ROOF_SLAB,Y,,,,COUNT_UNRESOLVED,,,,,BLOCKED_UNQUANTIFIED,TEMPERATURE,"[""TABLE_NO_EXACT_ROW (160 mm; no interpolation)""]","[""Q-TEMP""]",,,,extent / count not established by the source or an accepted rule,PRE-S7.1 10_REMAINING_BLOCKERS.csv
S7B-0599,QI-01075,CMP-0024,TEMPERATURE,SP-GF_ROOF_SLAB-07,GF_ROOF_SLAB,X,,,,COUNT_UNRESOLVED,,,,,BLOCKED_UNQUANTIFIED,TEMPERATURE,"[""TABLE_NO_EXACT_ROW (160 mm; no interpolation)""]","[""Q-TEMP""]",,,,extent / count not established by the source or an accepted rule,PRE-S7.1 10_REMAINING_BLOCKERS.csv
S7B-0600,QI-01076,CMP-0025,TEMPERATURE,SP-GF_ROOF_SLAB-07,GF_ROOF_SLAB,Y,,,,COUNT_UNRESOLVED,,,,,BLOCKED_UNQUANTIFIED,TEMPERATURE,"[""TABLE_NO_EXACT_ROW (160 mm; no interpolation)""]","[""Q-TEMP""]",,,,extent / count not established by the source or an accepted rule,PRE-S7.1 10_REMAINING_BLOCKERS.csv
S7B-0601,QI-01077,CMP-0029,TEMPERATURE,SP-GF_ROOF_SLAB-08,GF_ROOF_SLAB,X,,,,COUNT_UNRESOLVED,,,,,BLOCKED_UNQUANTIFIED,TEMPERATURE,"[""TABLE_NO_EXACT_ROW (160 mm; no interpolation)""]","[""Q-TEMP""]",,,,extent / count not established by the source or an accepted rule,PRE-S7.1 10_REMAINING_BLOCKERS.csv
S7B-0602,QI-01078,CMP-0030,TEMPERATURE,SP-GF_ROOF_SLAB-08,GF_ROOF_SLAB,Y,,,,COUNT_UNRESOLVED,,,,,BLOCKED_UNQUANTIFIED,TEMPERATURE,"[""TABLE_NO_EXACT_ROW (160 mm; no interpolation)""]","[""Q-TEMP""]",,,,extent / count not established by the source or an accepted rule,PRE-S7.1 10_REMAINING_BLOCKERS.csv
S7B-0603,QI-01079,CMP-0035,TEMPERATURE,SP-GF_ROOF_SLAB-10,GF_ROOF_SLAB,X,,,,COUNT_UNRESOLVED,,,,,BLOCKED_UNQUANTIFIED,TEMPERATURE,"[""TABLE_NO_EXACT_ROW (160 mm; no interpolation)""]","[""Q-TEMP""]",,,,extent / count not established by the source or an accepted rule,PRE-S7.1 10_REMAINING_BLOCKERS.csv
S7B-0604,QI-01080,CMP-0036,TEMPERATURE,SP-GF_ROOF_SLAB-10,GF_ROOF_SLAB,Y,,,,COUNT_UNRESOLVED,,,,,BLOCKED_UNQUANTIFIED,TEMPERATURE,"[""TABLE_NO_EXACT_ROW (160 mm; no interpolation)""]","[""Q-TEMP""]",,,,extent / count not established by the source or an accepted rule,PRE-S7.1 10_REMAINING_BLOCKERS.csv
S7B-0605,QI-01081,CMP-0041,TEMPERATURE,SP-GF_ROOF_SLAB-11,GF_ROOF_SLAB,X,,,,COUNT_UNRESOLVED,,,,,BLOCKED_UNQUANTIFIED,TEMPERATURE,"[""TABLE_NO_EXACT_ROW (160 mm; no interpolation)""]","[""Q-TEMP""]",,,,extent / count not established by the source or an accepted rule,PRE-S7.1 10_REMAINING_BLOCKERS.csv
S7B-0606,QI-01082,CMP-0042,TEMPERATURE,SP-GF_ROOF_SLAB-11,GF_ROOF_SLAB,Y,,,,COUNT_UNRESOLVED,,,,,BLOCKED_UNQUANTIFIED,TEMPERATURE,"[""TABLE_NO_EXACT_ROW (160 mm; no interpolation)""]","[""Q-TEMP""]",,,,extent / count not established by the source or an accepted rule,PRE-S7.1 10_REMAINING_BLOCKERS.csv
S7B-0607,QI-01083,CMP-0045,TEMPERATURE,SP-GF_ROOF_SLAB-12,GF_ROOF_SLAB,X,,,,COUNT_UNRESOLVED,,,,,BLOCKED_UNQUANTIFIED,TEMPERATURE,"[""TABLE_NO_EXACT_ROW (160 mm; no interpolation)""]","[""Q-TEMP""]",,,,extent / count not established by the source or an accepted rule,PRE-S7.1 10_REMAINING_BLOCKERS.csv
S7B-0608,QI-01084,CMP-0046,TEMPERATURE,SP-GF_ROOF_SLAB-12,GF_ROOF_SLAB,Y,,,,COUNT_UNRESOLVED,,,,,BLOCKED_UNQUANTIFIED,TEMPERATURE,"[""TABLE_NO_EXACT_ROW (160 mm; no interpolation)""]","[""Q-TEMP""]",,,,extent / count not established by the source or an accepted rule,PRE-S7.1 10_REMAINING_BLOCKERS.csv
S7B-0609,QI-01085,CMP-0051,TEMPERATURE,SP-GF_ROOF_SLAB-14,GF_ROOF_SLAB,X,,,,COUNT_UNRESOLVED,,,,,BLOCKED_UNQUANTIFIED,TEMPERATURE,"[""TABLE_NO_EXACT_ROW (160 mm; no interpolation)""]","[""Q-TEMP""]",,,,extent / count not established by the source or an accepted rule,PRE-S7.1 10_REMAINING_BLOCKERS.csv
S7B-0610,QI-01086,CMP-0052,TEMPERATURE,SP-GF_ROOF_SLAB-14,GF_ROOF_SLAB,Y,,,,COUNT_UNRESOLVED,,,,,BLOCKED_UNQUANTIFIED,TEMPERATURE,"[""TABLE_NO_EXACT_ROW (160 mm; no interpolation)""]","[""Q-TEMP""]",,,,extent / count not established by the source or an accepted rule,PRE-S7.1 10_REMAINING_BLOCKERS.csv
S7B-0611,QI-01087,CMP-0056,TEMPERATURE,SP-GF_ROOF_SLAB-15,GF_ROOF_SLAB,X,,,,COUNT_UNRESOLVED,,,,,BLOCKED_UNQUANTIFIED,TEMPERATURE,"[""TABLE_NO_EXACT_ROW (160 mm; no interpolation)""]","[""Q-TEMP""]",,,,extent / count not established by the source or an accepted rule,PRE-S7.1 10_REMAINING_BLOCKERS.csv
S7B-0612,QI-01088,CMP-0057,TEMPERATURE,SP-GF_ROOF_SLAB-15,GF_ROOF_SLAB,Y,,,,COUNT_UNRESOLVED,,,,,BLOCKED_UNQUANTIFIED,TEMPERATURE,"[""TABLE_NO_EXACT_ROW (160 mm; no interpolation)""]","[""Q-TEMP""]",,,,extent / count not established by the source or an accepted rule,PRE-S7.1 10_REMAINING_BLOCKERS.csv
S7B-0613,QI-01089,CMP-0062,TEMPERATURE,SP-GF_ROOF_SLAB-16,GF_ROOF_SLAB,X,,,,COUNT_UNRESOLVED,,,,,BLOCKED_UNQUANTIFIED,TEMPERATURE,"[""TABLE_NO_EXACT_ROW (160 mm; no interpolation)""]","[""Q-TEMP""]",,,,extent / count not established by the source or an accepted rule,PRE-S7.1 10_REMAINING_BLOCKERS.csv
S7B-0614,QI-01090,CMP-0063,TEMPERATURE,SP-GF_ROOF_SLAB-16,GF_ROOF_SLAB,Y,,,,COUNT_UNRESOLVED,,,,,BLOCKED_UNQUANTIFIED,TEMPERATURE,"[""TABLE_NO_EXACT_ROW (160 mm; no interpolation)""]","[""Q-TEMP""]",,,,extent / count not established by the source or an accepted rule,PRE-S7.1 10_REMAINING_BLOCKERS.csv
S7B-0615,QI-01091,CMP-0068,TEMPERATURE,SP-GF_ROOF_SLAB-17,GF_ROOF_SLAB,X,,,,COUNT_UNRESOLVED,,,,,BLOCKED_UNQUANTIFIED,TEMPERATURE,"[""TABLE_NO_EXACT_ROW (160 mm; no interpolation)""]","[""Q-TEMP""]",,,,extent / count not established by the source or an accepted rule,PRE-S7.1 10_REMAINING_BLOCKERS.csv
S7B-0616,QI-01092,CMP-0069,TEMPERATURE,SP-GF_ROOF_SLAB-17,GF_ROOF_SLAB,Y,,,,COUNT_UNRESOLVED,,,,,BLOCKED_UNQUANTIFIED,TEMPERATURE,"[""TABLE_NO_EXACT_ROW (160 mm; no interpolation)""]","[""Q-TEMP""]",,,,extent / count not established by the source or an accepted rule,PRE-S7.1 10_REMAINING_BLOCKERS.csv
S7B-0617,QI-01093,CMP-0074,TEMPERATURE,SP-GF_ROOF_SLAB-18,GF_ROOF_SLAB,X,,,,COUNT_UNRESOLVED,,,,,BLOCKED_UNQUANTIFIED,TEMPERATURE,"[""TABLE_NO_EXACT_ROW (160 mm; no interpolation)""]","[""Q-TEMP""]",,,,extent / count not established by the source or an accepted rule,PRE-S7.1 10_REMAINING_BLOCKERS.csv
S7B-0618,QI-01094,CMP-0075,TEMPERATURE,SP-GF_ROOF_SLAB-18,GF_ROOF_SLAB,Y,,,,COUNT_UNRESOLVED,,,,,BLOCKED_UNQUANTIFIED,TEMPERATURE,"[""TABLE_NO_EXACT_ROW (160 mm; no interpolation)""]","[""Q-TEMP""]",,,,extent / count not established by the source or an accepted rule,PRE-S7.1 10_REMAINING_BLOCKERS.csv
S7B-0619,QI-01095,CMP-0079,TEMPERATURE,SP-GF_ROOF_SLAB-19,GF_ROOF_SLAB,X,,,,COUNT_UNRESOLVED,,,,,BLOCKED_UNQUANTIFIED,TEMPERATURE,"[""TABLE_NO_EXACT_ROW (160 mm; no interpolation)""]","[""Q-TEMP""]",,,,extent / count not established by the source or an accepted rule,PRE-S7.1 10_REMAINING_BLOCKERS.csv
S7B-0620,QI-01096,CMP-0080,TEMPERATURE,SP-GF_ROOF_SLAB-19,GF_ROOF_SLAB,Y,,,,COUNT_UNRESOLVED,,,,,BLOCKED_UNQUANTIFIED,TEMPERATURE,"[""TABLE_NO_EXACT_ROW (160 mm; no interpolation)""]","[""Q-TEMP""]",,,,extent / count not established by the source or an accepted rule,PRE-S7.1 10_REMAINING_BLOCKERS.csv
S7B-0621,QI-01097,CMP-0084,TEMPERATURE,SP-GF_ROOF_SLAB-20,GF_ROOF_SLAB,X,,,,COUNT_UNRESOLVED,,,,,BLOCKED_UNQUANTIFIED,TEMPERATURE,"[""TABLE_NO_EXACT_ROW (160 mm; no interpolation)""]","[""Q-TEMP""]",,,,extent / count not established by the source or an accepted rule,PRE-S7.1 10_REMAINING_BLOCKERS.csv
S7B-0622,QI-01098,CMP-0085,TEMPERATURE,SP-GF_ROOF_SLAB-20,GF_ROOF_SLAB,Y,,,,COUNT_UNRESOLVED,,,,,BLOCKED_UNQUANTIFIED,TEMPERATURE,"[""TABLE_NO_EXACT_ROW (160 mm; no interpolation)""]","[""Q-TEMP""]",,,,extent / count not established by the source or an accepted rule,PRE-S7.1 10_REMAINING_BLOCKERS.csv
S7B-0623,QI-01099,CMP-0090,TEMPERATURE,SP-GF_ROOF_SLAB-22,GF_ROOF_SLAB,X,,,,COUNT_UNRESOLVED,,,,,BLOCKED_UNQUANTIFIED,TEMPERATURE,"[""TABLE_NO_EXACT_ROW (160 mm; no interpolation)""]","[""Q-TEMP""]",,,,extent / count not established by the source or an accepted rule,PRE-S7.1 10_REMAINING_BLOCKERS.csv
S7B-0624,QI-01100,CMP-0091,TEMPERATURE,SP-GF_ROOF_SLAB-22,GF_ROOF_SLAB,Y,,,,COUNT_UNRESOLVED,,,,,BLOCKED_UNQUANTIFIED,TEMPERATURE,"[""TABLE_NO_EXACT_ROW (160 mm; no interpolation)""]","[""Q-TEMP""]",,,,extent / count not established by the source or an accepted rule,PRE-S7.1 10_REMAINING_BLOCKERS.csv
S7B-0625,QI-01101,CMP-0096,TEMPERATURE,SP-GF_ROOF_SLAB-23,GF_ROOF_SLAB,X,,,,COUNT_UNRESOLVED,,,,,BLOCKED_UNQUANTIFIED,TEMPERATURE,"[""TABLE_NO_EXACT_ROW (160 mm; no interpolation)""]","[""Q-TEMP""]",,,,extent / count not established by the source or an accepted rule,PRE-S7.1 10_REMAINING_BLOCKERS.csv
S7B-0626,QI-01102,CMP-0097,TEMPERATURE,SP-GF_ROOF_SLAB-23,GF_ROOF_SLAB,Y,,,,COUNT_UNRESOLVED,,,,,BLOCKED_UNQUANTIFIED,TEMPERATURE,"[""TABLE_NO_EXACT_ROW (160 mm; no interpolation)""]","[""Q-TEMP""]",,,,extent / count not established by the source or an accepted rule,PRE-S7.1 10_REMAINING_BLOCKERS.csv
S7B-0627,QI-01103,CMP-0101,TEMPERATURE,SP-GF_ROOF_SLAB-24,GF_ROOF_SLAB,X,,,,COUNT_UNRESOLVED,,,,,BLOCKED_UNQUANTIFIED,TEMPERATURE,"[""TABLE_NO_EXACT_ROW (160 mm; no interpolation)""]","[""Q-TEMP""]",,,,extent / count not established by the source or an accepted rule,PRE-S7.1 10_REMAINING_BLOCKERS.csv
S7B-0628,QI-01104,CMP-0102,TEMPERATURE,SP-GF_ROOF_SLAB-24,GF_ROOF_SLAB,Y,,,,COUNT_UNRESOLVED,,,,,BLOCKED_UNQUANTIFIED,TEMPERATURE,"[""TABLE_NO_EXACT_ROW (160 mm; no interpolation)""]","[""Q-TEMP""]",,,,extent / count not established by the source or an accepted rule,PRE-S7.1 10_REMAINING_BLOCKERS.csv
S7B-0629,QI-01105,CMP-0107,TEMPERATURE,SP-GF_ROOF_SLAB-25,GF_ROOF_SLAB,X,,,,COUNT_UNRESOLVED,,,,,BLOCKED_UNQUANTIFIED,TEMPERATURE,"[""TABLE_NO_EXACT_ROW (160 mm; no interpolation)""]","[""Q-TEMP""]",,,,extent / count not established by the source or an accepted rule,PRE-S7.1 10_REMAINING_BLOCKERS.csv
S7B-0630,QI-01106,CMP-0108,TEMPERATURE,SP-GF_ROOF_SLAB-25,GF_ROOF_SLAB,Y,,,,COUNT_UNRESOLVED,,,,,BLOCKED_UNQUANTIFIED,TEMPERATURE,"[""TABLE_NO_EXACT_ROW (160 mm; no interpolation)""]","[""Q-TEMP""]",,,,extent / count not established by the source or an accepted rule,PRE-S7.1 10_REMAINING_BLOCKERS.csv
S7B-0631,QI-01107,CMP-0113,TEMPERATURE,SP-GF_ROOF_SLAB-26,GF_ROOF_SLAB,X,,,,COUNT_UNRESOLVED,,,,,BLOCKED_UNQUANTIFIED,TEMPERATURE,"[""TABLE_NO_EXACT_ROW (160 mm; no interpolation)""]","[""Q-TEMP""]",,,,extent / count not established by the source or an accepted rule,PRE-S7.1 10_REMAINING_BLOCKERS.csv
S7B-0632,QI-01108,CMP-0114,TEMPERATURE,SP-GF_ROOF_SLAB-26,GF_ROOF_SLAB,Y,,,,COUNT_UNRESOLVED,,,,,BLOCKED_UNQUANTIFIED,TEMPERATURE,"[""TABLE_NO_EXACT_ROW (160 mm; no interpolation)""]","[""Q-TEMP""]",,,,extent / count not established by the source or an accepted rule,PRE-S7.1 10_REMAINING_BLOCKERS.csv
S7B-0633,QI-01109,CMP-0118,TEMPERATURE,SP-GF_ROOF_SLAB-27,GF_ROOF_SLAB,X,,,,COUNT_UNRESOLVED,,,,,BLOCKED_UNQUANTIFIED,TEMPERATURE,"[""TABLE_NO_EXACT_ROW (160 mm; no interpolation)""]","[""Q-TEMP""]",,,,extent / count not established by the source or an accepted rule,PRE-S7.1 10_REMAINING_BLOCKERS.csv
S7B-0634,QI-01110,CMP-0119,TEMPERATURE,SP-GF_ROOF_SLAB-27,GF_ROOF_SLAB,Y,,,,COUNT_UNRESOLVED,,,,,BLOCKED_UNQUANTIFIED,TEMPERATURE,"[""TABLE_NO_EXACT_ROW (160 mm; no interpolation)""]","[""Q-TEMP""]",,,,extent / count not established by the source or an accepted rule,PRE-S7.1 10_REMAINING_BLOCKERS.csv
S7B-0635,QI-01111,CMP-0123,TEMPERATURE,SP-GF_ROOF_SLAB-29,GF_ROOF_SLAB,X,,,,COUNT_UNRESOLVED,,,,,BLOCKED_UNQUANTIFIED,TEMPERATURE,"[""TABLE_NO_EXACT_ROW (160 mm; no interpolation)""]","[""Q-TEMP""]",,,,extent / count not established by the source or an accepted rule,PRE-S7.1 10_REMAINING_BLOCKERS.csv
S7B-0636,QI-01112,CMP-0124,TEMPERATURE,SP-GF_ROOF_SLAB-29,GF_ROOF_SLAB,Y,,,,COUNT_UNRESOLVED,,,,,BLOCKED_UNQUANTIFIED,TEMPERATURE,"[""TABLE_NO_EXACT_ROW (160 mm; no interpolation)""]","[""Q-TEMP""]",,,,extent / count not established by the source or an accepted rule,PRE-S7.1 10_REMAINING_BLOCKERS.csv
S7B-0637,QI-01113,CMP-0128,TEMPERATURE,SP-GF_ROOF_SLAB-30,GF_ROOF_SLAB,X,,,,COUNT_UNRESOLVED,,,,,BLOCKED_UNQUANTIFIED,TEMPERATURE,"[""TABLE_NO_EXACT_ROW (160 mm; no interpolation)""]","[""Q-TEMP""]",,,,extent / count not established by the source or an accepted rule,PRE-S7.1 10_REMAINING_BLOCKERS.csv
S7B-0638,QI-01114,CMP-0129,TEMPERATURE,SP-GF_ROOF_SLAB-30,GF_ROOF_SLAB,Y,,,,COUNT_UNRESOLVED,,,,,BLOCKED_UNQUANTIFIED,TEMPERATURE,"[""TABLE_NO_EXACT_ROW (160 mm; no interpolation)""]","[""Q-TEMP""]",,,,extent / count not established by the source or an accepted rule,PRE-S7.1 10_REMAINING_BLOCKERS.csv
S7B-0639,QI-01115,CMP-0134,TEMPERATURE,SP-GF_ROOF_SLAB-31,GF_ROOF_SLAB,X,,,,COUNT_UNRESOLVED,,,,,BLOCKED_UNQUANTIFIED,TEMPERATURE,"[""TABLE_NO_EXACT_ROW (160 mm; no interpolation)""]","[""Q-TEMP""]",,,,extent / count not established by the source or an accepted rule,PRE-S7.1 10_REMAINING_BLOCKERS.csv
S7B-0640,QI-01116,CMP-0135,TEMPERATURE,SP-GF_ROOF_SLAB-31,GF_ROOF_SLAB,Y,,,,COUNT_UNRESOLVED,,,,,BLOCKED_UNQUANTIFIED,TEMPERATURE,"[""TABLE_NO_EXACT_ROW (160 mm; no interpolation)""]","[""Q-TEMP""]",,,,extent / count not established by the source or an accepted rule,PRE-S7.1 10_REMAINING_BLOCKERS.csv
S7B-0641,QI-01117,CMP-0139,TEMPERATURE,SP-GF_ROOF_SLAB-32,GF_ROOF_SLAB,X,,,,COUNT_UNRESOLVED,,,,,BLOCKED_UNQUANTIFIED,TEMPERATURE,"[""TABLE_NO_EXACT_ROW (160 mm; no interpolation)""]","[""Q-TEMP""]",,,,extent / count not established by the source or an accepted rule,PRE-S7.1 10_REMAINING_BLOCKERS.csv
S7B-0642,QI-01118,CMP-0140,TEMPERATURE,SP-GF_ROOF_SLAB-32,GF_ROOF_SLAB,Y,,,,COUNT_UNRESOLVED,,,,,BLOCKED_UNQUANTIFIED,TEMPERATURE,"[""TABLE_NO_EXACT_ROW (160 mm; no interpolation)""]","[""Q-TEMP""]",,,,extent / count not established by the source or an accepted rule,PRE-S7.1 10_REMAINING_BLOCKERS.csv
S7B-0643,QI-01119,CMP-0145,TEMPERATURE,SP-GF_ROOF_SLAB-33,GF_ROOF_SLAB,X,,,,COUNT_UNRESOLVED,,,,,BLOCKED_UNQUANTIFIED,TEMPERATURE,"[""TABLE_NO_EXACT_ROW (160 mm; no interpolation)""]","[""Q-TEMP""]",,,,extent / count not established by the source or an accepted rule,PRE-S7.1 10_REMAINING_BLOCKERS.csv
S7B-0644,QI-01120,CMP-0146,TEMPERATURE,SP-GF_ROOF_SLAB-33,GF_ROOF_SLAB,Y,,,,COUNT_UNRESOLVED,,,,,BLOCKED_UNQUANTIFIED,TEMPERATURE,"[""TABLE_NO_EXACT_ROW (160 mm; no interpolation)""]","[""Q-TEMP""]",,,,extent / count not established by the source or an accepted rule,PRE-S7.1 10_REMAINING_BLOCKERS.csv
S7B-0645,QI-01121,CMP-0150,TEMPERATURE,SP-GF_ROOF_SLAB-34,GF_ROOF_SLAB,X,,,,COUNT_UNRESOLVED,,,,,BLOCKED_UNQUANTIFIED,TEMPERATURE,"[""TABLE_NO_EXACT_ROW (160 mm; no interpolation)""]","[""Q-TEMP""]",,,,extent / count not established by the source or an accepted rule,PRE-S7.1 10_REMAINING_BLOCKERS.csv
S7B-0646,QI-01122,CMP-0151,TEMPERATURE,SP-GF_ROOF_SLAB-34,GF_ROOF_SLAB,Y,,,,COUNT_UNRESOLVED,,,,,BLOCKED_UNQUANTIFIED,TEMPERATURE,"[""TABLE_NO_EXACT_ROW (160 mm; no interpolation)""]","[""Q-TEMP""]",,,,extent / count not established by the source or an accepted rule,PRE-S7.1 10_REMAINING_BLOCKERS.csv
S7B-0647,QI-01123,CMP-0154,TEMPERATURE,SP-1F_ROOF_SLAB-02,1F_ROOF_SLAB,X,,,,COUNT_UNRESOLVED,,,,,BLOCKED_UNQUANTIFIED,TEMPERATURE,"[""TABLE_NO_EXACT_ROW (160 mm; no interpolation)""]","[""Q-TEMP""]",,,,extent / count not established by the source or an accepted rule,PRE-S7.1 10_REMAINING_BLOCKERS.csv
S7B-0648,QI-01124,CMP-0155,TEMPERATURE,SP-1F_ROOF_SLAB-02,1F_ROOF_SLAB,Y,,,,COUNT_UNRESOLVED,,,,,BLOCKED_UNQUANTIFIED,TEMPERATURE,"[""TABLE_NO_EXACT_ROW (160 mm; no interpolation)""]","[""Q-TEMP""]",,,,extent / count not established by the source or an accepted rule,PRE-S7.1 10_REMAINING_BLOCKERS.csv
S7B-0649,QI-01125,CMP-0160,TEMPERATURE,SP-1F_ROOF_SLAB-03,1F_ROOF_SLAB,X,,,,COUNT_UNRESOLVED,,,,,BLOCKED_UNQUANTIFIED,TEMPERATURE,"[""TABLE_NO_EXACT_ROW (160 mm; no interpolation)""]","[""Q-TEMP""]",,,,extent / count not established by the source or an accepted rule,PRE-S7.1 10_REMAINING_BLOCKERS.csv
S7B-0650,QI-01126,CMP-0161,TEMPERATURE,SP-1F_ROOF_SLAB-03,1F_ROOF_SLAB,Y,,,,COUNT_UNRESOLVED,,,,,BLOCKED_UNQUANTIFIED,TEMPERATURE,"[""TABLE_NO_EXACT_ROW (160 mm; no interpolation)""]","[""Q-TEMP""]",,,,extent / count not established by the source or an accepted rule,PRE-S7.1 10_REMAINING_BLOCKERS.csv
S7B-0651,QI-01127,CMP-0166,TEMPERATURE,SP-1F_ROOF_SLAB-04,1F_ROOF_SLAB,X,,,,COUNT_UNRESOLVED,,,,,BLOCKED_UNQUANTIFIED,TEMPERATURE,"[""TABLE_NO_EXACT_ROW (160 mm; no interpolation)""]","[""Q-TEMP""]",,,,extent / count not established by the source or an accepted rule,PRE-S7.1 10_REMAINING_BLOCKERS.csv
S7B-0652,QI-01128,CMP-0167,TEMPERATURE,SP-1F_ROOF_SLAB-04,1F_ROOF_SLAB,Y,,,,COUNT_UNRESOLVED,,,,,BLOCKED_UNQUANTIFIED,TEMPERATURE,"[""TABLE_NO_EXACT_ROW (160 mm; no interpolation)""]","[""Q-TEMP""]",,,,extent / count not established by the source or an accepted rule,PRE-S7.1 10_REMAINING_BLOCKERS.csv
S7B-0653,QI-01129,CMP-0172,TEMPERATURE,SP-1F_ROOF_SLAB-05,1F_ROOF_SLAB,X,,,,COUNT_UNRESOLVED,,,,,BLOCKED_UNQUANTIFIED,TEMPERATURE,"[""TABLE_NO_EXACT_ROW (160 mm; no interpolation)""]","[""Q-TEMP""]",,,,extent / count not established by the source or an accepted rule,PRE-S7.1 10_REMAINING_BLOCKERS.csv
S7B-0654,QI-01130,CMP-0173,TEMPERATURE,SP-1F_ROOF_SLAB-05,1F_ROOF_SLAB,Y,,,,COUNT_UNRESOLVED,,,,,BLOCKED_UNQUANTIFIED,TEMPERATURE,"[""TABLE_NO_EXACT_ROW (160 mm; no interpolation)""]","[""Q-TEMP""]",,,,extent / count not established by the source or an accepted rule,PRE-S7.1 10_REMAINING_BLOCKERS.csv
S7B-0655,QI-01131,CMP-0178,TEMPERATURE,SP-1F_ROOF_SLAB-07,1F_ROOF_SLAB,X,,,,COUNT_UNRESOLVED,,,,,BLOCKED_UNQUANTIFIED,TEMPERATURE,"[""TABLE_NO_EXACT_ROW (160 mm; no interpolation)""]","[""Q-TEMP""]",,,,extent / count not established by the source or an accepted rule,PRE-S7.1 10_REMAINING_BLOCKERS.csv
S7B-0656,QI-01132,CMP-0179,TEMPERATURE,SP-1F_ROOF_SLAB-07,1F_ROOF_SLAB,Y,,,,COUNT_UNRESOLVED,,,,,BLOCKED_UNQUANTIFIED,TEMPERATURE,"[""TABLE_NO_EXACT_ROW (160 mm; no interpolation)""]","[""Q-TEMP""]",,,,extent / count not established by the source or an accepted rule,PRE-S7.1 10_REMAINING_BLOCKERS.csv
S7B-0657,QI-01133,CMP-0183,TEMPERATURE,SP-1F_ROOF_SLAB-08,1F_ROOF_SLAB,X,,,,COUNT_UNRESOLVED,,,,,BLOCKED_UNQUANTIFIED,TEMPERATURE,"[""TABLE_NO_EXACT_ROW (160 mm; no interpolation)""]","[""Q-TEMP""]",,,,extent / count not established by the source or an accepted rule,PRE-S7.1 10_REMAINING_BLOCKERS.csv
S7B-0658,QI-01134,CMP-0184,TEMPERATURE,SP-1F_ROOF_SLAB-08,1F_ROOF_SLAB,Y,,,,COUNT_UNRESOLVED,,,,,BLOCKED_UNQUANTIFIED,TEMPERATURE,"[""TABLE_NO_EXACT_ROW (160 mm; no interpolation)""]","[""Q-TEMP""]",,,,extent / count not established by the source or an accepted rule,PRE-S7.1 10_REMAINING_BLOCKERS.csv
S7B-0659,QI-01135,CMP-0189,TEMPERATURE,SP-1F_ROOF_SLAB-09,1F_ROOF_SLAB,X,,,,COUNT_UNRESOLVED,,,,,BLOCKED_UNQUANTIFIED,TEMPERATURE,"[""TABLE_NO_EXACT_ROW (160 mm; no interpolation)""]","[""Q-TEMP""]",,,,extent / count not established by the source or an accepted rule,PRE-S7.1 10_REMAINING_BLOCKERS.csv
S7B-0660,QI-01136,CMP-0190,TEMPERATURE,SP-1F_ROOF_SLAB-09,1F_ROOF_SLAB,Y,,,,COUNT_UNRESOLVED,,,,,BLOCKED_UNQUANTIFIED,TEMPERATURE,"[""TABLE_NO_EXACT_ROW (160 mm; no interpolation)""]","[""Q-TEMP""]",,,,extent / count not established by the source or an accepted rule,PRE-S7.1 10_REMAINING_BLOCKERS.csv
S7B-0661,QI-01137,CMP-0195,TEMPERATURE,SP-1F_ROOF_SLAB-11,1F_ROOF_SLAB,X,,,,COUNT_UNRESOLVED,,,,,BLOCKED_UNQUANTIFIED,TEMPERATURE,"[""TABLE_NO_EXACT_ROW (160 mm; no interpolation)""]","[""Q-TEMP""]",,,,extent / count not established by the source or an accepted rule,PRE-S7.1 10_REMAINING_BLOCKERS.csv
S7B-0662,QI-01138,CMP-0196,TEMPERATURE,SP-1F_ROOF_SLAB-11,1F_ROOF_SLAB,Y,,,,COUNT_UNRESOLVED,,,,,BLOCKED_UNQUANTIFIED,TEMPERATURE,"[""TABLE_NO_EXACT_ROW (160 mm; no interpolation)""]","[""Q-TEMP""]",,,,extent / count not established by the source or an accepted rule,PRE-S7.1 10_REMAINING_BLOCKERS.csv
S7B-0663,QI-01139,CMP-0201,TEMPERATURE,SP-1F_ROOF_SLAB-12,1F_ROOF_SLAB,X,,,,COUNT_UNRESOLVED,,,,,BLOCKED_UNQUANTIFIED,TEMPERATURE,"[""TABLE_NO_EXACT_ROW (160 mm; no interpolation)""]","[""Q-TEMP""]",,,,extent / count not established by the source or an accepted rule,PRE-S7.1 10_REMAINING_BLOCKERS.csv
S7B-0664,QI-01140,CMP-0202,TEMPERATURE,SP-1F_ROOF_SLAB-12,1F_ROOF_SLAB,Y,,,,COUNT_UNRESOLVED,,,,,BLOCKED_UNQUANTIFIED,TEMPERATURE,"[""TABLE_NO_EXACT_ROW (160 mm; no interpolation)""]","[""Q-TEMP""]",,,,extent / count not established by the source or an accepted rule,PRE-S7.1 10_REMAINING_BLOCKERS.csv
S7B-0665,QI-01141,CMP-0207,TEMPERATURE,SP-1F_ROOF_SLAB-21,1F_ROOF_SLAB,X,,,,COUNT_UNRESOLVED,,,,,BLOCKED_UNQUANTIFIED,TEMPERATURE,"[""TABLE_NO_EXACT_ROW (160 mm; no interpolation)""]","[""Q-TEMP""]",,,,extent / count not established by the source or an accepted rule,PRE-S7.1 10_REMAINING_BLOCKERS.csv
S7B-0666,QI-01142,CMP-0208,TEMPERATURE,SP-1F_ROOF_SLAB-21,1F_ROOF_SLAB,Y,,,,COUNT_UNRESOLVED,,,,,BLOCKED_UNQUANTIFIED,TEMPERATURE,"[""TABLE_NO_EXACT_ROW (160 mm; no interpolation)""]","[""Q-TEMP""]",,,,extent / count not established by the source or an accepted rule,PRE-S7.1 10_REMAINING_BLOCKERS.csv
S7B-0667,QI-01143,CMP-0209,CORNER_GROUP,SP-1F_ROOF_SLAB-21,1F_ROOF_SLAB,DIAGONAL_135,,,14,SOURCE_EXPLICIT_COUNT,,3,True,,BLOCKED_UNQUANTIFIED,EXPLICIT_COUNT_LENGTH_BLOCKED,"[""CORNER_BAR_LENGTH_NOT_DIMENSIONED"", ""CORNER_BAR_LAYER_NOT_STATED""]","[""Q-CORNER""]",,,,"count released, length blocked",PRE-S7.1 10_REMAINING_BLOCKERS.csv
S7B-0668,QI-01144,CMP-0210,CORNER_GROUP,SP-1F_ROOF_SLAB-21,1F_ROOF_SLAB,DIAGONAL_45,,,14,SOURCE_EXPLICIT_COUNT,,3,True,,BLOCKED_UNQUANTIFIED,EXPLICIT_COUNT_LENGTH_BLOCKED,"[""CORNER_BAR_LENGTH_NOT_DIMENSIONED"", ""CORNER_BAR_LAYER_NOT_STATED""]","[""Q-CORNER""]",,,,"count released, length blocked",PRE-S7.1 10_REMAINING_BLOCKERS.csv
S7B-0669,QI-01145,CMP-0211,CORNER_GROUP,SP-1F_ROOF_SLAB-21,1F_ROOF_SLAB,DIAGONAL_45,,,14,SOURCE_EXPLICIT_COUNT,,3,True,,BLOCKED_UNQUANTIFIED,EXPLICIT_COUNT_LENGTH_BLOCKED,"[""CORNER_BAR_LENGTH_NOT_DIMENSIONED"", ""CORNER_BAR_LAYER_NOT_STATED""]","[""Q-CORNER""]",,,,"count released, length blocked",PRE-S7.1 10_REMAINING_BLOCKERS.csv
S7B-0670,QI-01146,CMP-0212,CORNER_GROUP,SP-1F_ROOF_SLAB-21,1F_ROOF_SLAB,DIAGONAL_135,,,14,SOURCE_EXPLICIT_COUNT,,3,True,,BLOCKED_UNQUANTIFIED,EXPLICIT_COUNT_LENGTH_BLOCKED,"[""CORNER_BAR_LENGTH_NOT_DIMENSIONED"", ""CORNER_BAR_LAYER_NOT_STATED""]","[""Q-CORNER""]",,,,"count released, length blocked",PRE-S7.1 10_REMAINING_BLOCKERS.csv
S7B-0671,QI-01147,CMP-0217,TEMPERATURE,SP-1F_ROOF_SLAB-22,1F_ROOF_SLAB,X,,,,COUNT_UNRESOLVED,,,,,BLOCKED_UNQUANTIFIED,TEMPERATURE,"[""TABLE_NO_EXACT_ROW (160 mm; no interpolation)""]","[""Q-TEMP""]",,,,extent / count not established by the source or an accepted rule,PRE-S7.1 10_REMAINING_BLOCKERS.csv
S7B-0672,QI-01148,CMP-0218,TEMPERATURE,SP-1F_ROOF_SLAB-22,1F_ROOF_SLAB,Y,,,,COUNT_UNRESOLVED,,,,,BLOCKED_UNQUANTIFIED,TEMPERATURE,"[""TABLE_NO_EXACT_ROW (160 mm; no interpolation)""]","[""Q-TEMP""]",,,,extent / count not established by the source or an accepted rule,PRE-S7.1 10_REMAINING_BLOCKERS.csv
S7B-0673,QI-01149,CMP-0223,TEMPERATURE,SP-1F_ROOF_SLAB-23,1F_ROOF_SLAB,X,,,,COUNT_UNRESOLVED,,,,,BLOCKED_UNQUANTIFIED,TEMPERATURE,"[""TABLE_NO_EXACT_ROW (160 mm; no interpolation)""]","[""Q-TEMP""]",,,,extent / count not established by the source or an accepted rule,PRE-S7.1 10_REMAINING_BLOCKERS.csv
S7B-0674,QI-01150,CMP-0224,TEMPERATURE,SP-1F_ROOF_SLAB-23,1F_ROOF_SLAB,Y,,,,COUNT_UNRESOLVED,,,,,BLOCKED_UNQUANTIFIED,TEMPERATURE,"[""TABLE_NO_EXACT_ROW (160 mm; no interpolation)""]","[""Q-TEMP""]",,,,extent / count not established by the source or an accepted rule,PRE-S7.1 10_REMAINING_BLOCKERS.csv
S7B-0675,QI-01151,CMP-0228,TEMPERATURE,SP-1F_ROOF_SLAB-24,1F_ROOF_SLAB,X,,,,COUNT_UNRESOLVED,,,,,BLOCKED_UNQUANTIFIED,TEMPERATURE,"[""TABLE_NO_EXACT_ROW (160 mm; no interpolation)""]","[""Q-TEMP""]",,,,extent / count not established by the source or an accepted rule,PRE-S7.1 10_REMAINING_BLOCKERS.csv
S7B-0676,QI-01152,CMP-0229,TEMPERATURE,SP-1F_ROOF_SLAB-24,1F_ROOF_SLAB,Y,,,,COUNT_UNRESOLVED,,,,,BLOCKED_UNQUANTIFIED,TEMPERATURE,"[""TABLE_NO_EXACT_ROW (160 mm; no interpolation)""]","[""Q-TEMP""]",,,,extent / count not established by the source or an accepted rule,PRE-S7.1 10_REMAINING_BLOCKERS.csv
S7B-0677,QI-01153,CMP-0233,TEMPERATURE,SP-1F_ROOF_SLAB-25,1F_ROOF_SLAB,X,,,,COUNT_UNRESOLVED,,,,,BLOCKED_UNQUANTIFIED,TEMPERATURE,"[""TABLE_NO_EXACT_ROW (160 mm; no interpolation)""]","[""Q-TEMP""]",,,,extent / count not established by the source or an accepted rule,PRE-S7.1 10_REMAINING_BLOCKERS.csv
S7B-0678,QI-01154,CMP-0234,TEMPERATURE,SP-1F_ROOF_SLAB-25,1F_ROOF_SLAB,Y,,,,COUNT_UNRESOLVED,,,,,BLOCKED_UNQUANTIFIED,TEMPERATURE,"[""TABLE_NO_EXACT_ROW (160 mm; no interpolation)""]","[""Q-TEMP""]",,,,extent / count not established by the source or an accepted rule,PRE-S7.1 10_REMAINING_BLOCKERS.csv
S7B-0679,QI-01155,CMP-0239,TEMPERATURE,SP-2F_ROOF_SLAB-01,2F_ROOF_SLAB,X,,,,,,,,,EXCLUDED_SPECIAL_STRUCTURE,S8_SPECIAL_STRUCTURE,[],[],WATER_TANK_SUPPORT_REGION,,,ownership transferred to S8,PRE-S7.1 TRANSFERRED_S8 item
S7B-0680,QI-01156,CMP-0240,TEMPERATURE,SP-2F_ROOF_SLAB-01,2F_ROOF_SLAB,Y,,,,,,,,,EXCLUDED_SPECIAL_STRUCTURE,S8_SPECIAL_STRUCTURE,[],[],WATER_TANK_SUPPORT_REGION,,,ownership transferred to S8,PRE-S7.1 TRANSFERRED_S8 item
S7B-0681,QI-01157,CMP-0245,TEMPERATURE,SP-2F_ROOF_SLAB-02,2F_ROOF_SLAB,X,,,,,,,,,EXCLUDED_SPECIAL_STRUCTURE,S8_SPECIAL_STRUCTURE,[],[],WATER_TANK_SUPPORT_REGION,,,ownership transferred to S8,PRE-S7.1 TRANSFERRED_S8 item
S7B-0682,QI-01158,CMP-0246,TEMPERATURE,SP-2F_ROOF_SLAB-02,2F_ROOF_SLAB,Y,,,,,,,,,EXCLUDED_SPECIAL_STRUCTURE,S8_SPECIAL_STRUCTURE,[],[],WATER_TANK_SUPPORT_REGION,,,ownership transferred to S8,PRE-S7.1 TRANSFERRED_S8 item
S7B-0683,QI-01159,CMP-0251,TEMPERATURE,SP-2F_ROOF_SLAB-03,2F_ROOF_SLAB,X,,,,COUNT_UNRESOLVED,,,,,BLOCKED_UNQUANTIFIED,TEMPERATURE,"[""TABLE_NO_EXACT_ROW (160 mm; no interpolation)""]","[""Q-TEMP""]",,,,extent / count not established by the source or an accepted rule,PRE-S7.1 10_REMAINING_BLOCKERS.csv
S7B-0684,QI-01160,CMP-0252,TEMPERATURE,SP-2F_ROOF_SLAB-03,2F_ROOF_SLAB,Y,,,,COUNT_UNRESOLVED,,,,,BLOCKED_UNQUANTIFIED,TEMPERATURE,"[""TABLE_NO_EXACT_ROW (160 mm; no interpolation)""]","[""Q-TEMP""]",,,,extent / count not established by the source or an accepted rule,PRE-S7.1 10_REMAINING_BLOCKERS.csv
S7B-0685,QI-01161,CMP-0257,TEMPERATURE,SP-2F_ROOF_SLAB-04,2F_ROOF_SLAB,X,,,,COUNT_UNRESOLVED,,,,,BLOCKED_UNQUANTIFIED,TEMPERATURE,"[""TABLE_NO_EXACT_ROW (160 mm; no interpolation)""]","[""Q-TEMP""]",,,,extent / count not established by the source or an accepted rule,PRE-S7.1 10_REMAINING_BLOCKERS.csv
S7B-0686,QI-01162,CMP-0258,TEMPERATURE,SP-2F_ROOF_SLAB-04,2F_ROOF_SLAB,Y,,,,COUNT_UNRESOLVED,,,,,BLOCKED_UNQUANTIFIED,TEMPERATURE,"[""TABLE_NO_EXACT_ROW (160 mm; no interpolation)""]","[""Q-TEMP""]",,,,extent / count not established by the source or an accepted rule,PRE-S7.1 10_REMAINING_BLOCKERS.csv
S7B-0687,QI-01163,CMP-0262,TEMPERATURE,SP-2F_ROOF_SLAB-06,2F_ROOF_SLAB,X,,,,COUNT_UNRESOLVED,,,,,BLOCKED_UNQUANTIFIED,TEMPERATURE,"[""TABLE_NO_EXACT_ROW (160 mm; no interpolation)""]","[""Q-TEMP""]",,,,extent / count not established by the source or an accepted rule,PRE-S7.1 10_REMAINING_BLOCKERS.csv
S7B-0688,QI-01164,CMP-0263,TEMPERATURE,SP-2F_ROOF_SLAB-06,2F_ROOF_SLAB,Y,,,,COUNT_UNRESOLVED,,,,,BLOCKED_UNQUANTIFIED,TEMPERATURE,"[""TABLE_NO_EXACT_ROW (160 mm; no interpolation)""]","[""Q-TEMP""]",,,,extent / count not established by the source or an accepted rule,PRE-S7.1 10_REMAINING_BLOCKERS.csv
S7B-0689,QI-01165,CMP-0268,TEMPERATURE,SP-2F_ROOF_SLAB-07,2F_ROOF_SLAB,X,,,,COUNT_UNRESOLVED,,,,,BLOCKED_UNQUANTIFIED,TEMPERATURE,"[""TABLE_NO_EXACT_ROW (160 mm; no interpolation)""]","[""Q-TEMP""]",,,,extent / count not established by the source or an accepted rule,PRE-S7.1 10_REMAINING_BLOCKERS.csv
S7B-0690,QI-01166,CMP-0269,TEMPERATURE,SP-2F_ROOF_SLAB-07,2F_ROOF_SLAB,Y,,,,COUNT_UNRESOLVED,,,,,BLOCKED_UNQUANTIFIED,TEMPERATURE,"[""TABLE_NO_EXACT_ROW (160 mm; no interpolation)""]","[""Q-TEMP""]",,,,extent / count not established by the source or an accepted rule,PRE-S7.1 10_REMAINING_BLOCKERS.csv
S7B-0691,QI-01167,CMP-0274,TEMPERATURE,SP-2F_ROOF_SLAB-08,2F_ROOF_SLAB,X,,,,COUNT_UNRESOLVED,,,,,BLOCKED_UNQUANTIFIED,TEMPERATURE,"[""TABLE_NO_EXACT_ROW (160 mm; no interpolation)""]","[""Q-TEMP""]",,,,extent / count not established by the source or an accepted rule,PRE-S7.1 10_REMAINING_BLOCKERS.csv
S7B-0692,QI-01168,CMP-0275,TEMPERATURE,SP-2F_ROOF_SLAB-08,2F_ROOF_SLAB,Y,,,,COUNT_UNRESOLVED,,,,,BLOCKED_UNQUANTIFIED,TEMPERATURE,"[""TABLE_NO_EXACT_ROW (160 mm; no interpolation)""]","[""Q-TEMP""]",,,,extent / count not established by the source or an accepted rule,PRE-S7.1 10_REMAINING_BLOCKERS.csv
S7B-0693,QI-01169,AD2-SUNKEN_STEP_VERTICAL_REBAR-1F_ROOF_SLAB-02,SUNKEN_STEP_VERTICAL_REBAR,SP-1F_ROOF_SLAB-02,1F_ROOF_SLAB,,,,,COUNT_UNRESOLVED,,,,,BLOCKED_UNQUANTIFIED,SUNKEN_EXTRA,"[""NOT_SPECIFIED (sunken step detail / drop depth not located)""]","[""Q-SUNKEN""]",,,,extent / count not established by the source or an accepted rule,PRE-S7.1 10_REMAINING_BLOCKERS.csv
S7B-0694,QI-01170,AD2-SUNKEN_EDGE_EXTRA-1F_ROOF_SLAB-02,SUNKEN_EDGE_EXTRA,SP-1F_ROOF_SLAB-02,1F_ROOF_SLAB,,,,,COUNT_UNRESOLVED,,,,,BLOCKED_UNQUANTIFIED,SUNKEN_EXTRA,"[""NOT_SPECIFIED (sunken step detail / drop depth not located)""]","[""Q-SUNKEN""]",,,,extent / count not established by the source or an accepted rule,PRE-S7.1 10_REMAINING_BLOCKERS.csv
S7B-0695,QI-01171,AD2-LEVEL_CHANGE_DETAIL-1F_ROOF_SLAB-02,LEVEL_CHANGE_DETAIL,SP-1F_ROOF_SLAB-02,1F_ROOF_SLAB,,,,,COUNT_UNRESOLVED,,,,,BLOCKED_UNQUANTIFIED,SUNKEN_EXTRA,"[""NOT_SPECIFIED (sunken step detail / drop depth not located)""]","[""Q-SUNKEN""]",,,,extent / count not established by the source or an accepted rule,PRE-S7.1 10_REMAINING_BLOCKERS.csv
S7B-0696,QI-01172,AD2-SUNKEN_STEP_VERTICAL_REBAR-GF_ROOF_SLAB-04,SUNKEN_STEP_VERTICAL_REBAR,SP-GF_ROOF_SLAB-04,GF_ROOF_SLAB,,,,,COUNT_UNRESOLVED,,,,,BLOCKED_UNQUANTIFIED,SUNKEN_EXTRA,"[""NOT_SPECIFIED (sunken step detail / drop depth not located)""]","[""Q-SUNKEN""]",,,,extent / count not established by the source or an accepted rule,PRE-S7.1 10_REMAINING_BLOCKERS.csv
S7B-0697,QI-01173,AD2-SUNKEN_EDGE_EXTRA-GF_ROOF_SLAB-04,SUNKEN_EDGE_EXTRA,SP-GF_ROOF_SLAB-04,GF_ROOF_SLAB,,,,,COUNT_UNRESOLVED,,,,,BLOCKED_UNQUANTIFIED,SUNKEN_EXTRA,"[""NOT_SPECIFIED (sunken step detail / drop depth not located)""]","[""Q-SUNKEN""]",,,,extent / count not established by the source or an accepted rule,PRE-S7.1 10_REMAINING_BLOCKERS.csv
S7B-0698,QI-01174,AD2-LEVEL_CHANGE_DETAIL-GF_ROOF_SLAB-04,LEVEL_CHANGE_DETAIL,SP-GF_ROOF_SLAB-04,GF_ROOF_SLAB,,,,,COUNT_UNRESOLVED,,,,,BLOCKED_UNQUANTIFIED,SUNKEN_EXTRA,"[""NOT_SPECIFIED (sunken step detail / drop depth not located)""]","[""Q-SUNKEN""]",,,,extent / count not established by the source or an accepted rule,PRE-S7.1 10_REMAINING_BLOCKERS.csv
S7B-0699,QI-01175,AD2-SUNKEN_STEP_VERTICAL_REBAR-GF_ROOF_SLAB-05,SUNKEN_STEP_VERTICAL_REBAR,SP-GF_ROOF_SLAB-05,GF_ROOF_SLAB,,,,,COUNT_UNRESOLVED,,,,,BLOCKED_UNQUANTIFIED,SUNKEN_EXTRA,"[""NOT_SPECIFIED (sunken step detail / drop depth not located)""]","[""Q-SUNKEN""]",,,,extent / count not established by the source or an accepted rule,PRE-S7.1 10_REMAINING_BLOCKERS.csv
S7B-0700,QI-01176,AD2-SUNKEN_EDGE_EXTRA-GF_ROOF_SLAB-05,SUNKEN_EDGE_EXTRA,SP-GF_ROOF_SLAB-05,GF_ROOF_SLAB,,,,,COUNT_UNRESOLVED,,,,,BLOCKED_UNQUANTIFIED,SUNKEN_EXTRA,"[""NOT_SPECIFIED (sunken step detail / drop depth not located)""]","[""Q-SUNKEN""]",,,,extent / count not established by the source or an accepted rule,PRE-S7.1 10_REMAINING_BLOCKERS.csv
S7B-0701,QI-01177,AD2-LEVEL_CHANGE_DETAIL-GF_ROOF_SLAB-05,LEVEL_CHANGE_DETAIL,SP-GF_ROOF_SLAB-05,GF_ROOF_SLAB,,,,,COUNT_UNRESOLVED,,,,,BLOCKED_UNQUANTIFIED,SUNKEN_EXTRA,"[""NOT_SPECIFIED (sunken step detail / drop depth not located)""]","[""Q-SUNKEN""]",,,,extent / count not established by the source or an accepted rule,PRE-S7.1 10_REMAINING_BLOCKERS.csv
S7B-0702,QI-01178,AD2-SUNKEN_STEP_VERTICAL_REBAR-GF_ROOF_SLAB-12,SUNKEN_STEP_VERTICAL_REBAR,SP-GF_ROOF_SLAB-12,GF_ROOF_SLAB,,,,,COUNT_UNRESOLVED,,,,,BLOCKED_UNQUANTIFIED,SUNKEN_EXTRA,"[""NOT_SPECIFIED (sunken step detail / drop depth not located)""]","[""Q-SUNKEN""]",,,,extent / count not established by the source or an accepted rule,PRE-S7.1 10_REMAINING_BLOCKERS.csv
S7B-0703,QI-01179,AD2-SUNKEN_EDGE_EXTRA-GF_ROOF_SLAB-12,SUNKEN_EDGE_EXTRA,SP-GF_ROOF_SLAB-12,GF_ROOF_SLAB,,,,,COUNT_UNRESOLVED,,,,,BLOCKED_UNQUANTIFIED,SUNKEN_EXTRA,"[""NOT_SPECIFIED (sunken step detail / drop depth not located)""]","[""Q-SUNKEN""]",,,,extent / count not established by the source or an accepted rule,PRE-S7.1 10_REMAINING_BLOCKERS.csv
S7B-0704,QI-01180,AD2-LEVEL_CHANGE_DETAIL-GF_ROOF_SLAB-12,LEVEL_CHANGE_DETAIL,SP-GF_ROOF_SLAB-12,GF_ROOF_SLAB,,,,,COUNT_UNRESOLVED,,,,,BLOCKED_UNQUANTIFIED,SUNKEN_EXTRA,"[""NOT_SPECIFIED (sunken step detail / drop depth not located)""]","[""Q-SUNKEN""]",,,,extent / count not established by the source or an accepted rule,PRE-S7.1 10_REMAINING_BLOCKERS.csv
S7B-0705,QI-01181,AD2-SUNKEN_STEP_VERTICAL_REBAR-GF_ROOF_SLAB-24,SUNKEN_STEP_VERTICAL_REBAR,SP-GF_ROOF_SLAB-24,GF_ROOF_SLAB,,,,,COUNT_UNRESOLVED,,,,,BLOCKED_UNQUANTIFIED,SUNKEN_EXTRA,"[""NOT_SPECIFIED (sunken step detail / drop depth not located)""]","[""Q-SUNKEN""]",,,,extent / count not established by the source or an accepted rule,PRE-S7.1 10_REMAINING_BLOCKERS.csv
S7B-0706,QI-01182,AD2-SUNKEN_EDGE_EXTRA-GF_ROOF_SLAB-24,SUNKEN_EDGE_EXTRA,SP-GF_ROOF_SLAB-24,GF_ROOF_SLAB,,,,,COUNT_UNRESOLVED,,,,,BLOCKED_UNQUANTIFIED,SUNKEN_EXTRA,"[""NOT_SPECIFIED (sunken step detail / drop depth not located)""]","[""Q-SUNKEN""]",,,,extent / count not established by the source or an accepted rule,PRE-S7.1 10_REMAINING_BLOCKERS.csv
S7B-0707,QI-01183,AD2-LEVEL_CHANGE_DETAIL-GF_ROOF_SLAB-24,LEVEL_CHANGE_DETAIL,SP-GF_ROOF_SLAB-24,GF_ROOF_SLAB,,,,,COUNT_UNRESOLVED,,,,,BLOCKED_UNQUANTIFIED,SUNKEN_EXTRA,"[""NOT_SPECIFIED (sunken step detail / drop depth not located)""]","[""Q-SUNKEN""]",,,,extent / count not established by the source or an accepted rule,PRE-S7.1 10_REMAINING_BLOCKERS.csv
S7B-0708,QI-01184,AD2-SUNKEN_STEP_VERTICAL_REBAR-GF_ROOF_SLAB-29,SUNKEN_STEP_VERTICAL_REBAR,SP-GF_ROOF_SLAB-29,GF_ROOF_SLAB,,,,,COUNT_UNRESOLVED,,,,,BLOCKED_UNQUANTIFIED,SUNKEN_EXTRA,"[""NOT_SPECIFIED (sunken step detail / drop depth not located)""]","[""Q-SUNKEN""]",,,,extent / count not established by the source or an accepted rule,PRE-S7.1 10_REMAINING_BLOCKERS.csv
S7B-0709,QI-01185,AD2-SUNKEN_EDGE_EXTRA-GF_ROOF_SLAB-29,SUNKEN_EDGE_EXTRA,SP-GF_ROOF_SLAB-29,GF_ROOF_SLAB,,,,,COUNT_UNRESOLVED,,,,,BLOCKED_UNQUANTIFIED,SUNKEN_EXTRA,"[""NOT_SPECIFIED (sunken step detail / drop depth not located)""]","[""Q-SUNKEN""]",,,,extent / count not established by the source or an accepted rule,PRE-S7.1 10_REMAINING_BLOCKERS.csv
S7B-0710,QI-01186,AD2-LEVEL_CHANGE_DETAIL-GF_ROOF_SLAB-29,LEVEL_CHANGE_DETAIL,SP-GF_ROOF_SLAB-29,GF_ROOF_SLAB,,,,,COUNT_UNRESOLVED,,,,,BLOCKED_UNQUANTIFIED,SUNKEN_EXTRA,"[""NOT_SPECIFIED (sunken step detail / drop depth not located)""]","[""Q-SUNKEN""]",,,,extent / count not established by the source or an accepted rule,PRE-S7.1 10_REMAINING_BLOCKERS.csv
S7B-0711,QI-01187,AD2-TOP_AT_UNRECORDED_EDGE-1F_ROOF_SLAB-03-X,TOP_AT_UNRECORDED_EDGE,SP-1F_ROOF_SLAB-03,1F_ROOF_SLAB,X,,,,COUNT_UNRESOLVED,,,,50,BLOCKED_UNQUANTIFIED,EDGE_WITHOUT_SUPPORT_RECORD,"[""NO_SUPPORT_RECORD (a short / curved boundary edge with no S1 support: whether a beam carries top bars there is not known)""]","[""Q-EDGE""]",,,,extent / count not established by the source or an accepted rule,PRE-S7.1 10_REMAINING_BLOCKERS.csv
S7B-0712,QI-01188,AD2-TOP_AT_UNRECORDED_EDGE-1F_ROOF_SLAB-04-X,TOP_AT_UNRECORDED_EDGE,SP-1F_ROOF_SLAB-04,1F_ROOF_SLAB,X,,,,COUNT_UNRESOLVED,,,,121.3,BLOCKED_UNQUANTIFIED,EDGE_WITHOUT_SUPPORT_RECORD,"[""NO_SUPPORT_RECORD (a short / curved boundary edge with no S1 support: whether a beam carries top bars there is not known)""]","[""Q-EDGE""]",,,,extent / count not established by the source or an accepted rule,PRE-S7.1 10_REMAINING_BLOCKERS.csv
S7B-0713,QI-01189,AD2-TOP_AT_UNRECORDED_EDGE-1F_ROOF_SLAB-04-Y,TOP_AT_UNRECORDED_EDGE,SP-1F_ROOF_SLAB-04,1F_ROOF_SLAB,Y,,,,COUNT_UNRESOLVED,,,,50,BLOCKED_UNQUANTIFIED,EDGE_WITHOUT_SUPPORT_RECORD,"[""NO_SUPPORT_RECORD (a short / curved boundary edge with no S1 support: whether a beam carries top bars there is not known)""]","[""Q-EDGE""]",,,,extent / count not established by the source or an accepted rule,PRE-S7.1 10_REMAINING_BLOCKERS.csv
S7B-0714,QI-01190,AD2-TOP_AT_UNRECORDED_EDGE-1F_ROOF_SLAB-05-X,TOP_AT_UNRECORDED_EDGE,SP-1F_ROOF_SLAB-05,1F_ROOF_SLAB,X,,,,COUNT_UNRESOLVED,,,,100,BLOCKED_UNQUANTIFIED,EDGE_WITHOUT_SUPPORT_RECORD,"[""NO_SUPPORT_RECORD (a short / curved boundary edge with no S1 support: whether a beam carries top bars there is not known)""]","[""Q-EDGE""]",,,,extent / count not established by the source or an accepted rule,PRE-S7.1 10_REMAINING_BLOCKERS.csv
S7B-0715,QI-01191,AD2-TOP_AT_UNRECORDED_EDGE-1F_ROOF_SLAB-11-Y,TOP_AT_UNRECORDED_EDGE,SP-1F_ROOF_SLAB-11,1F_ROOF_SLAB,Y,,,,COUNT_UNRESOLVED,,,,200,BLOCKED_UNQUANTIFIED,EDGE_WITHOUT_SUPPORT_RECORD,"[""NO_SUPPORT_RECORD (a short / curved boundary edge with no S1 support: whether a beam carries top bars there is not known)""]","[""Q-EDGE""]",,,,extent / count not established by the source or an accepted rule,PRE-S7.1 10_REMAINING_BLOCKERS.csv
S7B-0716,QI-01192,AD2-TOP_AT_UNRECORDED_EDGE-2F_ROOF_SLAB-04-X,TOP_AT_UNRECORDED_EDGE,SP-2F_ROOF_SLAB-04,2F_ROOF_SLAB,X,,,,COUNT_UNRESOLVED,,,,181.7,BLOCKED_UNQUANTIFIED,EDGE_WITHOUT_SUPPORT_RECORD,"[""NO_SUPPORT_RECORD (a short / curved boundary edge with no S1 support: whether a beam carries top bars there is not known)""]","[""Q-EDGE""]",,,,extent / count not established by the source or an accepted rule,PRE-S7.1 10_REMAINING_BLOCKERS.csv
S7B-0717,QI-01193,AD2-TOP_AT_UNRECORDED_EDGE-2F_ROOF_SLAB-06-Y,TOP_AT_UNRECORDED_EDGE,SP-2F_ROOF_SLAB-06,2F_ROOF_SLAB,Y,,,,COUNT_UNRESOLVED,,,,50,BLOCKED_UNQUANTIFIED,EDGE_WITHOUT_SUPPORT_RECORD,"[""NO_SUPPORT_RECORD (a short / curved boundary edge with no S1 support: whether a beam carries top bars there is not known)""]","[""Q-EDGE""]",,,,extent / count not established by the source or an accepted rule,PRE-S7.1 10_REMAINING_BLOCKERS.csv
S7B-0718,QI-01194,AD2-TOP_AT_UNRECORDED_EDGE-GF_ROOF_SLAB-11-Y,TOP_AT_UNRECORDED_EDGE,SP-GF_ROOF_SLAB-11,GF_ROOF_SLAB,Y,,,,COUNT_UNRESOLVED,,,,50,BLOCKED_UNQUANTIFIED,EDGE_WITHOUT_SUPPORT_RECORD,"[""NO_SUPPORT_RECORD (a short / curved boundary edge with no S1 support: whether a beam carries top bars there is not known)""]","[""Q-EDGE""]",,,,extent / count not established by the source or an accepted rule,PRE-S7.1 10_REMAINING_BLOCKERS.csv
S7B-0719,QI-01195,AD2-TOP_AT_UNRECORDED_EDGE-GF_ROOF_SLAB-12-Y,TOP_AT_UNRECORDED_EDGE,SP-GF_ROOF_SLAB-12,GF_ROOF_SLAB,Y,,,,COUNT_UNRESOLVED,,,,248.5,BLOCKED_UNQUANTIFIED,EDGE_WITHOUT_SUPPORT_RECORD,"[""NO_SUPPORT_RECORD (a short / curved boundary edge with no S1 support: whether a beam carries top bars there is not known)""]","[""Q-EDGE""]",,,,extent / count not established by the source or an accepted rule,PRE-S7.1 10_REMAINING_BLOCKERS.csv
S7B-0720,QI-01196,AD2-TOP_AT_UNRECORDED_EDGE-GF_ROOF_SLAB-15-X,TOP_AT_UNRECORDED_EDGE,SP-GF_ROOF_SLAB-15,GF_ROOF_SLAB,X,,,,COUNT_UNRESOLVED,,,,50,BLOCKED_UNQUANTIFIED,EDGE_WITHOUT_SUPPORT_RECORD,"[""NO_SUPPORT_RECORD (a short / curved boundary edge with no S1 support: whether a beam carries top bars there is not known)""]","[""Q-EDGE""]",,,,extent / count not established by the source or an accepted rule,PRE-S7.1 10_REMAINING_BLOCKERS.csv
S7B-0721,QI-01197,AD2-TOP_AT_UNRECORDED_EDGE-GF_ROOF_SLAB-15-Y,TOP_AT_UNRECORDED_EDGE,SP-GF_ROOF_SLAB-15,GF_ROOF_SLAB,Y,,,,COUNT_UNRESOLVED,,,,200,BLOCKED_UNQUANTIFIED,EDGE_WITHOUT_SUPPORT_RECORD,"[""NO_SUPPORT_RECORD (a short / curved boundary edge with no S1 support: whether a beam carries top bars there is not known)""]","[""Q-EDGE""]",,,,extent / count not established by the source or an accepted rule,PRE-S7.1 10_REMAINING_BLOCKERS.csv
S7B-0722,QI-01198,AD2-TOP_AT_UNRECORDED_EDGE-GF_ROOF_SLAB-16-Y,TOP_AT_UNRECORDED_EDGE,SP-GF_ROOF_SLAB-16,GF_ROOF_SLAB,Y,,,,COUNT_UNRESOLVED,,,,200,BLOCKED_UNQUANTIFIED,EDGE_WITHOUT_SUPPORT_RECORD,"[""NO_SUPPORT_RECORD (a short / curved boundary edge with no S1 support: whether a beam carries top bars there is not known)""]","[""Q-EDGE""]",,,,extent / count not established by the source or an accepted rule,PRE-S7.1 10_REMAINING_BLOCKERS.csv
S7B-0723,QI-01199,AD2-TOP_AT_UNRECORDED_EDGE-GF_ROOF_SLAB-18-Y,TOP_AT_UNRECORDED_EDGE,SP-GF_ROOF_SLAB-18,GF_ROOF_SLAB,Y,,,,COUNT_UNRESOLVED,,,,250,BLOCKED_UNQUANTIFIED,EDGE_WITHOUT_SUPPORT_RECORD,"[""NO_SUPPORT_RECORD (a short / curved boundary edge with no S1 support: whether a beam carries top bars there is not known)""]","[""Q-EDGE""]",,,,extent / count not established by the source or an accepted rule,PRE-S7.1 10_REMAINING_BLOCKERS.csv
S7B-0724,QI-01200,AD2-TOP_AT_UNRECORDED_EDGE-GF_ROOF_SLAB-19-X,TOP_AT_UNRECORDED_EDGE,SP-GF_ROOF_SLAB-19,GF_ROOF_SLAB,X,,,,COUNT_UNRESOLVED,,,,1300,BLOCKED_UNQUANTIFIED,EDGE_WITHOUT_SUPPORT_RECORD,"[""NO_SUPPORT_RECORD (a short / curved boundary edge with no S1 support: whether a beam carries top bars there is not known)""]","[""Q-EDGE""]",,,,extent / count not established by the source or an accepted rule,PRE-S7.1 10_REMAINING_BLOCKERS.csv
S7B-0725,QI-01201,AD2-TOP_AT_UNRECORDED_EDGE-GF_ROOF_SLAB-19-Y,TOP_AT_UNRECORDED_EDGE,SP-GF_ROOF_SLAB-19,GF_ROOF_SLAB,Y,,,,COUNT_UNRESOLVED,,,,1100,BLOCKED_UNQUANTIFIED,EDGE_WITHOUT_SUPPORT_RECORD,"[""NO_SUPPORT_RECORD (a short / curved boundary edge with no S1 support: whether a beam carries top bars there is not known)""]","[""Q-EDGE""]",,,,extent / count not established by the source or an accepted rule,PRE-S7.1 10_REMAINING_BLOCKERS.csv
S7B-0726,QI-01202,AD2-TOP_AT_UNRECORDED_EDGE-GF_ROOF_SLAB-23-X,TOP_AT_UNRECORDED_EDGE,SP-GF_ROOF_SLAB-23,GF_ROOF_SLAB,X,,,,COUNT_UNRESOLVED,,,,50,BLOCKED_UNQUANTIFIED,EDGE_WITHOUT_SUPPORT_RECORD,"[""NO_SUPPORT_RECORD (a short / curved boundary edge with no S1 support: whether a beam carries top bars there is not known)""]","[""Q-EDGE""]",,,,extent / count not established by the source or an accepted rule,PRE-S7.1 10_REMAINING_BLOCKERS.csv
S7B-0727,QI-01203,AD2-TOP_AT_UNRECORDED_EDGE-GF_ROOF_SLAB-25-Y,TOP_AT_UNRECORDED_EDGE,SP-GF_ROOF_SLAB-25,GF_ROOF_SLAB,Y,,,,COUNT_UNRESOLVED,,,,100,BLOCKED_UNQUANTIFIED,EDGE_WITHOUT_SUPPORT_RECORD,"[""NO_SUPPORT_RECORD (a short / curved boundary edge with no S1 support: whether a beam carries top bars there is not known)""]","[""Q-EDGE""]",,,,extent / count not established by the source or an accepted rule,PRE-S7.1 10_REMAINING_BLOCKERS.csv
S7B-0728,QI-01204,AD2-TOP_AT_UNRECORDED_EDGE-GF_ROOF_SLAB-26-X,TOP_AT_UNRECORDED_EDGE,SP-GF_ROOF_SLAB-26,GF_ROOF_SLAB,X,,,,COUNT_UNRESOLVED,,,,50,BLOCKED_UNQUANTIFIED,EDGE_WITHOUT_SUPPORT_RECORD,"[""NO_SUPPORT_RECORD (a short / curved boundary edge with no S1 support: whether a beam carries top bars there is not known)""]","[""Q-EDGE""]",,,,extent / count not established by the source or an accepted rule,PRE-S7.1 10_REMAINING_BLOCKERS.csv
S7B-0729,QI-01205,AD2-TOP_AT_UNRECORDED_EDGE-GF_ROOF_SLAB-26-Y,TOP_AT_UNRECORDED_EDGE,SP-GF_ROOF_SLAB-26,GF_ROOF_SLAB,Y,,,,COUNT_UNRESOLVED,,,,200,BLOCKED_UNQUANTIFIED,EDGE_WITHOUT_SUPPORT_RECORD,"[""NO_SUPPORT_RECORD (a short / curved boundary edge with no S1 support: whether a beam carries top bars there is not known)""]","[""Q-EDGE""]",,,,extent / count not established by the source or an accepted rule,PRE-S7.1 10_REMAINING_BLOCKERS.csv
S7B-0730,QI-01206,AD2-TOP_AT_UNRECORDED_EDGE-GF_ROOF_SLAB-27-X,TOP_AT_UNRECORDED_EDGE,SP-GF_ROOF_SLAB-27,GF_ROOF_SLAB,X,,,,COUNT_UNRESOLVED,,,,50,BLOCKED_UNQUANTIFIED,EDGE_WITHOUT_SUPPORT_RECORD,"[""NO_SUPPORT_RECORD (a short / curved boundary edge with no S1 support: whether a beam carries top bars there is not known)""]","[""Q-EDGE""]",,,,extent / count not established by the source or an accepted rule,PRE-S7.1 10_REMAINING_BLOCKERS.csv
S7B-0731,QI-01207,AD2-TOP_AT_UNRECORDED_EDGE-GF_ROOF_SLAB-29-X,TOP_AT_UNRECORDED_EDGE,SP-GF_ROOF_SLAB-29,GF_ROOF_SLAB,X,,,,COUNT_UNRESOLVED,,,,50,BLOCKED_UNQUANTIFIED,EDGE_WITHOUT_SUPPORT_RECORD,"[""NO_SUPPORT_RECORD (a short / curved boundary edge with no S1 support: whether a beam carries top bars there is not known)""]","[""Q-EDGE""]",,,,extent / count not established by the source or an accepted rule,PRE-S7.1 10_REMAINING_BLOCKERS.csv
S7B-0732,QI-01208,AD2-TOP_AT_UNRECORDED_EDGE-GF_ROOF_SLAB-29-Y,TOP_AT_UNRECORDED_EDGE,SP-GF_ROOF_SLAB-29,GF_ROOF_SLAB,Y,,,,COUNT_UNRESOLVED,,,,165.9,BLOCKED_UNQUANTIFIED,EDGE_WITHOUT_SUPPORT_RECORD,"[""NO_SUPPORT_RECORD (a short / curved boundary edge with no S1 support: whether a beam carries top bars there is not known)""]","[""Q-EDGE""]",,,,extent / count not established by the source or an accepted rule,PRE-S7.1 10_REMAINING_BLOCKERS.csv
S7B-0733,QI-01209,AD2-TOP_AT_UNRECORDED_EDGE-GF_ROOF_SLAB-30-X,TOP_AT_UNRECORDED_EDGE,SP-GF_ROOF_SLAB-30,GF_ROOF_SLAB,X,,,,COUNT_UNRESOLVED,,,,100,BLOCKED_UNQUANTIFIED,EDGE_WITHOUT_SUPPORT_RECORD,"[""NO_SUPPORT_RECORD (a short / curved boundary edge with no S1 support: whether a beam carries top bars there is not known)""]","[""Q-EDGE""]",,,,extent / count not established by the source or an accepted rule,PRE-S7.1 10_REMAINING_BLOCKERS.csv
S7B-0734,QI-01210,AD2-TOP_AT_UNRECORDED_EDGE-GF_ROOF_SLAB-34-Y,TOP_AT_UNRECORDED_EDGE,SP-GF_ROOF_SLAB-34,GF_ROOF_SLAB,Y,,,,COUNT_UNRESOLVED,,,,150,BLOCKED_UNQUANTIFIED,EDGE_WITHOUT_SUPPORT_RECORD,"[""NO_SUPPORT_RECORD (a short / curved boundary edge with no S1 support: whether a beam carries top bars there is not known)""]","[""Q-EDGE""]",,,,extent / count not established by the source or an accepted rule,PRE-S7.1 10_REMAINING_BLOCKERS.csv
S7B-0735,,S7-OPENING_TRIM_BARS-SP-GF_ROOF_SLAB-09,OPENING_TRIM_BARS,OP-SP-GF_ROOF_SLAB-09,GF_ROOF_SLAB,,,"[""SP-GF_ROOF_SLAB-02"", ""SP-GF_ROOF_SLAB-08"", ""SP-GF_ROOF_SLAB-15""]",,,,,,,BLOCKED_UNQUANTIFIED,OPENING_TRIM,"[""NO_PROJECT_RULE (NONE_DRAWN (SOURCE_EXPECTED_NOT_LOCATED))""]","[""Q-OPENING""]",,,,no trim / diagonal bar is drawn or specified for this void,S7 §20 (PRE-S7 08_OPENING_REGISTER.csv)
S7B-0736,,S7-OPENING_DIAGONAL_BARS-SP-GF_ROOF_SLAB-09,OPENING_DIAGONAL_BARS,OP-SP-GF_ROOF_SLAB-09,GF_ROOF_SLAB,,,"[""SP-GF_ROOF_SLAB-02"", ""SP-GF_ROOF_SLAB-08"", ""SP-GF_ROOF_SLAB-15""]",,,,,,,BLOCKED_UNQUANTIFIED,OPENING_TRIM,"[""NO_PROJECT_RULE (NONE_DRAWN (SOURCE_EXPECTED_NOT_LOCATED))""]","[""Q-OPENING""]",,,,no trim / diagonal bar is drawn or specified for this void,S7 §20 (PRE-S7 08_OPENING_REGISTER.csv)
S7B-0737,,S7-OPENING_TRIM_BARS-SP-GF_ROOF_SLAB-13,OPENING_TRIM_BARS,OP-SP-GF_ROOF_SLAB-13,GF_ROOF_SLAB,,,"[""SP-GF_ROOF_SLAB-07"", ""SP-GF_ROOF_SLAB-11"", ""SP-GF_ROOF_SLAB-16"", ""SP-GF_ROOF_SLAB-18""]",,,,,,,BLOCKED_UNQUANTIFIED,OPENING_TRIM,"[""NO_PROJECT_RULE (NONE_DRAWN (SOURCE_EXPECTED_NOT_LOCATED))""]","[""Q-OPENING""]",,,,no trim / diagonal bar is drawn or specified for this void,S7 §20 (PRE-S7 08_OPENING_REGISTER.csv)
S7B-0738,,S7-OPENING_DIAGONAL_BARS-SP-GF_ROOF_SLAB-13,OPENING_DIAGONAL_BARS,OP-SP-GF_ROOF_SLAB-13,GF_ROOF_SLAB,,,"[""SP-GF_ROOF_SLAB-07"", ""SP-GF_ROOF_SLAB-11"", ""SP-GF_ROOF_SLAB-16"", ""SP-GF_ROOF_SLAB-18""]",,,,,,,BLOCKED_UNQUANTIFIED,OPENING_TRIM,"[""NO_PROJECT_RULE (NONE_DRAWN (SOURCE_EXPECTED_NOT_LOCATED))""]","[""Q-OPENING""]",,,,no trim / diagonal bar is drawn or specified for this void,S7 §20 (PRE-S7 08_OPENING_REGISTER.csv)
S7B-0739,,S7-OPENING_TRIM_BARS-SP-1F_ROOF_SLAB-06,OPENING_TRIM_BARS,OP-SP-1F_ROOF_SLAB-06,1F_ROOF_SLAB,,,"[""SP-1F_ROOF_SLAB-02"", ""SP-1F_ROOF_SLAB-04"", ""SP-1F_ROOF_SLAB-11""]",,,,,,,BLOCKED_UNQUANTIFIED,OPENING_TRIM,"[""NO_PROJECT_RULE (NONE_DRAWN (SOURCE_EXPECTED_NOT_LOCATED))""]","[""Q-OPENING""]",,,,no trim / diagonal bar is drawn or specified for this void,S7 §20 (PRE-S7 08_OPENING_REGISTER.csv)
S7B-0740,,S7-OPENING_DIAGONAL_BARS-SP-1F_ROOF_SLAB-06,OPENING_DIAGONAL_BARS,OP-SP-1F_ROOF_SLAB-06,1F_ROOF_SLAB,,,"[""SP-1F_ROOF_SLAB-02"", ""SP-1F_ROOF_SLAB-04"", ""SP-1F_ROOF_SLAB-11""]",,,,,,,BLOCKED_UNQUANTIFIED,OPENING_TRIM,"[""NO_PROJECT_RULE (NONE_DRAWN (SOURCE_EXPECTED_NOT_LOCATED))""]","[""Q-OPENING""]",,,,no trim / diagonal bar is drawn or specified for this void,S7 §20 (PRE-S7 08_OPENING_REGISTER.csv)
