DELTA_ID,CHANGE_KIND,FROZEN_BASELINE,BASELINE_COMPONENT_ID,OCCURRENCE_ID,MARK,COMPONENT,ACCURATE_COMPONENT,PORTION,OLD_STATE,OLD_KNOWN_QUANTITY,NEW_PROJECT_SOURCE,SOURCE_PAGE,SOURCE_HANDLES,GRAPHIC_EVIDENCE_CLASS,NEW_COMPONENT_MODEL,PORTION_STATE,QUANTITY_BASIS,DELTA_KNOWN_QUANTITY,NEW_KNOWN_QUANTITY,NEW_BLOCKED_COMPONENTS,NEW_RELEASE_STATE,COMPLETE_BAR,DIA_MM,COUNT,FROZEN_NET_STRAIGHT_MM,FACETS,EVIDENCE_IDS,WHY
S4.1-D0001,SEMANTIC_CORRECTION,research/alsenan_footing_rebar_s4/S4_FREEZE_MANIFEST.json (e3633af+code:0d11810b780ae8f8),FOCC-10F0:BOTTOM_LONG,FOCC-10F0,FN,BOTTOM_LONG,FOOTING_BOTTOM_LONG,STRAIGHT_RUN,VERIFIED,6.115556,ST7757.pdf p.13 'TYP. DETAIL OF ISOLATED FOOTING' (both variants),ST7757.pdf p.13,p13:S-REIN.D long_bar_U (SHALLOW + DEEP),GRAPHIC_EXPLICIT_SHAPE_ONLY,U BAR = STRAIGHT_RUN + LEFT/RIGHT_UPTURN_LEG + LEFT/RIGHT_45_DEG_END (+2 bends); frozen straight length kept as KNOWN_STRAIGHT_SEGMENT; COMPLETE_BAR = LOWER_BOUND,KNOWN_STRAIGHT_SEGMENT,FROZEN_SOURCE_QUANTITY,0.0,6.115556,"[""FOCC-10F0:BOTTOM_LONG:UPTURN_LEG_1"", ""FOCC-10F0:BOTTOM_LONG:UPTURN_LEG_2"", ""FOCC-10F0:BOTTOM_LONG:END_HOOK_1"", ""FOCC-10F0:BOTTOM_LONG:END_HOOK_2"", ""FOCC-10F0:BOTTOM_LONG:BEND_ARC_1"", ""FOCC-10F0:BOTTOM_LONG:BEND_ARC_2""]",LOWER_BOUND,LOWER_BOUND,12,8,860.0,"{""BEND_ARC"": ""SHAPE_FOUND_LENGTH_BLOCKED"", ""COMPLETE_BAR"": ""LOWER_BOUND"", ""END_HOOK_45"": ""SHAPE_FOUND_LENGTH_BLOCKED"", ""SHAPE"": ""SOURCE_FOUND_EXPLICIT (U with 45° ends)"", ""STRAIGHT_RUN"": ""KNOWN_STRAIGHT_SEGMENT"", ""UPTURN_LEG"": ""SHAPE_FOUND_LENGTH_BLOCKED""}","[""E-PDF-01""]","frozen straight length (schedule span - 2 x 70 mm cover) stays valid known steel; the p.13 drawing shows this run as the base of a U, so the complete bar is longer: VERIFIED (complete straight bar) -> KNOWN_STRAIGHT_SEGMENT, COMPLETE_BAR LOWER_BOUND"
S4.1-D0002,PORTION_DECOMPOSITION,research/alsenan_footing_rebar_s4/S4_FREEZE_MANIFEST.json (e3633af+code:0d11810b780ae8f8),FOCC-10F0:BOTTOM_LONG,FOCC-10F0,FN,BOTTOM_LONG,FOOTING_BOTTOM_LONG,UPTURN_LEG_1,VERIFIED,0.0,ST7757.pdf p.13 'TYP. DETAIL OF ISOLATED FOOTING' (both variants),ST7757.pdf p.13,p13:S-REIN.D long_bar_U (SHALLOW + DEEP),GRAPHIC_EXPLICIT_SHAPE_ONLY,U BAR = STRAIGHT_RUN + LEFT/RIGHT_UPTURN_LEG + LEFT/RIGHT_45_DEG_END (+2 bends); frozen straight length kept as KNOWN_STRAIGHT_SEGMENT; COMPLETE_BAR = LOWER_BOUND,SHAPE_FOUND_LENGTH_BLOCKED,NONE,0.0,0.0,"[""FOCC-10F0:BOTTOM_LONG:UPTURN_LEG_1"", ""FOCC-10F0:BOTTOM_LONG:UPTURN_LEG_2"", ""FOCC-10F0:BOTTOM_LONG:END_HOOK_1"", ""FOCC-10F0:BOTTOM_LONG:END_HOOK_2"", ""FOCC-10F0:BOTTOM_LONG:BEND_ARC_1"", ""FOCC-10F0:BOTTOM_LONG:BEND_ARC_2""]",LOWER_BOUND,LOWER_BOUND,12,8,860.0,"{""BEND_ARC"": ""SHAPE_FOUND_LENGTH_BLOCKED"", ""COMPLETE_BAR"": ""LOWER_BOUND"", ""END_HOOK_45"": ""SHAPE_FOUND_LENGTH_BLOCKED"", ""SHAPE"": ""SOURCE_FOUND_EXPLICIT (U with 45° ends)"", ""STRAIGHT_RUN"": ""KNOWN_STRAIGHT_SEGMENT"", ""UPTURN_LEG"": ""SHAPE_FOUND_LENGTH_BLOCKED""}","[""E-PDF-01""]","leg drawn (shares the bottom-run vertex) but its top endpoint is not bound to a dimensioned level: rule-B derivation from D, cover and bar levels fails (ENDPOINTS_DETERMINISTIC); no length by scale"
S4.1-D0003,PORTION_DECOMPOSITION,research/alsenan_footing_rebar_s4/S4_FREEZE_MANIFEST.json (e3633af+code:0d11810b780ae8f8),FOCC-10F0:BOTTOM_LONG,FOCC-10F0,FN,BOTTOM_LONG,FOOTING_BOTTOM_LONG,UPTURN_LEG_2,VERIFIED,0.0,ST7757.pdf p.13 'TYP. DETAIL OF ISOLATED FOOTING' (both variants),ST7757.pdf p.13,p13:S-REIN.D long_bar_U (SHALLOW + DEEP),GRAPHIC_EXPLICIT_SHAPE_ONLY,U BAR = STRAIGHT_RUN + LEFT/RIGHT_UPTURN_LEG + LEFT/RIGHT_45_DEG_END (+2 bends); frozen straight length kept as KNOWN_STRAIGHT_SEGMENT; COMPLETE_BAR = LOWER_BOUND,SHAPE_FOUND_LENGTH_BLOCKED,NONE,0.0,0.0,"[""FOCC-10F0:BOTTOM_LONG:UPTURN_LEG_1"", ""FOCC-10F0:BOTTOM_LONG:UPTURN_LEG_2"", ""FOCC-10F0:BOTTOM_LONG:END_HOOK_1"", ""FOCC-10F0:BOTTOM_LONG:END_HOOK_2"", ""FOCC-10F0:BOTTOM_LONG:BEND_ARC_1"", ""FOCC-10F0:BOTTOM_LONG:BEND_ARC_2""]",LOWER_BOUND,LOWER_BOUND,12,8,860.0,"{""BEND_ARC"": ""SHAPE_FOUND_LENGTH_BLOCKED"", ""COMPLETE_BAR"": ""LOWER_BOUND"", ""END_HOOK_45"": ""SHAPE_FOUND_LENGTH_BLOCKED"", ""SHAPE"": ""SOURCE_FOUND_EXPLICIT (U with 45° ends)"", ""STRAIGHT_RUN"": ""KNOWN_STRAIGHT_SEGMENT"", ""UPTURN_LEG"": ""SHAPE_FOUND_LENGTH_BLOCKED""}","[""E-PDF-01""]","leg drawn (shares the bottom-run vertex) but its top endpoint is not bound to a dimensioned level: rule-B derivation from D, cover and bar levels fails (ENDPOINTS_DETERMINISTIC); no length by scale"
S4.1-D0004,PORTION_DECOMPOSITION,research/alsenan_footing_rebar_s4/S4_FREEZE_MANIFEST.json (e3633af+code:0d11810b780ae8f8),FOCC-10F0:BOTTOM_LONG,FOCC-10F0,FN,BOTTOM_LONG,FOOTING_BOTTOM_LONG,END_HOOK_1,VERIFIED,0.0,ST7757.pdf p.13 'TYP. DETAIL OF ISOLATED FOOTING' (both variants),ST7757.pdf p.13,p13:S-REIN.D long_bar_U (SHALLOW + DEEP),GRAPHIC_EXPLICIT_SHAPE_ONLY,U BAR = STRAIGHT_RUN + LEFT/RIGHT_UPTURN_LEG + LEFT/RIGHT_45_DEG_END (+2 bends); frozen straight length kept as KNOWN_STRAIGHT_SEGMENT; COMPLETE_BAR = LOWER_BOUND,SHAPE_FOUND_LENGTH_BLOCKED,NONE,0.0,0.0,"[""FOCC-10F0:BOTTOM_LONG:UPTURN_LEG_1"", ""FOCC-10F0:BOTTOM_LONG:UPTURN_LEG_2"", ""FOCC-10F0:BOTTOM_LONG:END_HOOK_1"", ""FOCC-10F0:BOTTOM_LONG:END_HOOK_2"", ""FOCC-10F0:BOTTOM_LONG:BEND_ARC_1"", ""FOCC-10F0:BOTTOM_LONG:BEND_ARC_2""]",LOWER_BOUND,LOWER_BOUND,12,8,860.0,"{""BEND_ARC"": ""SHAPE_FOUND_LENGTH_BLOCKED"", ""COMPLETE_BAR"": ""LOWER_BOUND"", ""END_HOOK_45"": ""SHAPE_FOUND_LENGTH_BLOCKED"", ""SHAPE"": ""SOURCE_FOUND_EXPLICIT (U with 45° ends)"", ""STRAIGHT_RUN"": ""KNOWN_STRAIGHT_SEGMENT"", ""UPTURN_LEG"": ""SHAPE_FOUND_LENGTH_BLOCKED""}","[""E-PDF-01""]",45° end drawn at the leg top (SHAPE_FOUND); hook length not dimensioned or noted
S4.1-D0005,PORTION_DECOMPOSITION,research/alsenan_footing_rebar_s4/S4_FREEZE_MANIFEST.json (e3633af+code:0d11810b780ae8f8),FOCC-10F0:BOTTOM_LONG,FOCC-10F0,FN,BOTTOM_LONG,FOOTING_BOTTOM_LONG,END_HOOK_2,VERIFIED,0.0,ST7757.pdf p.13 'TYP. DETAIL OF ISOLATED FOOTING' (both variants),ST7757.pdf p.13,p13:S-REIN.D long_bar_U (SHALLOW + DEEP),GRAPHIC_EXPLICIT_SHAPE_ONLY,U BAR = STRAIGHT_RUN + LEFT/RIGHT_UPTURN_LEG + LEFT/RIGHT_45_DEG_END (+2 bends); frozen straight length kept as KNOWN_STRAIGHT_SEGMENT; COMPLETE_BAR = LOWER_BOUND,SHAPE_FOUND_LENGTH_BLOCKED,NONE,0.0,0.0,"[""FOCC-10F0:BOTTOM_LONG:UPTURN_LEG_1"", ""FOCC-10F0:BOTTOM_LONG:UPTURN_LEG_2"", ""FOCC-10F0:BOTTOM_LONG:END_HOOK_1"", ""FOCC-10F0:BOTTOM_LONG:END_HOOK_2"", ""FOCC-10F0:BOTTOM_LONG:BEND_ARC_1"", ""FOCC-10F0:BOTTOM_LONG:BEND_ARC_2""]",LOWER_BOUND,LOWER_BOUND,12,8,860.0,"{""BEND_ARC"": ""SHAPE_FOUND_LENGTH_BLOCKED"", ""COMPLETE_BAR"": ""LOWER_BOUND"", ""END_HOOK_45"": ""SHAPE_FOUND_LENGTH_BLOCKED"", ""SHAPE"": ""SOURCE_FOUND_EXPLICIT (U with 45° ends)"", ""STRAIGHT_RUN"": ""KNOWN_STRAIGHT_SEGMENT"", ""UPTURN_LEG"": ""SHAPE_FOUND_LENGTH_BLOCKED""}","[""E-PDF-01""]",45° end drawn at the leg top (SHAPE_FOUND); hook length not dimensioned or noted
S4.1-D0006,PORTION_DECOMPOSITION,research/alsenan_footing_rebar_s4/S4_FREEZE_MANIFEST.json (e3633af+code:0d11810b780ae8f8),FOCC-10F0:BOTTOM_LONG,FOCC-10F0,FN,BOTTOM_LONG,FOOTING_BOTTOM_LONG,BEND_ARC_1,VERIFIED,0.0,ST7757.pdf p.13 'TYP. DETAIL OF ISOLATED FOOTING' (both variants),ST7757.pdf p.13,p13:S-REIN.D long_bar_U (SHALLOW + DEEP),GRAPHIC_EXPLICIT_SHAPE_ONLY,U BAR = STRAIGHT_RUN + LEFT/RIGHT_UPTURN_LEG + LEFT/RIGHT_45_DEG_END (+2 bends); frozen straight length kept as KNOWN_STRAIGHT_SEGMENT; COMPLETE_BAR = LOWER_BOUND,SHAPE_FOUND_LENGTH_BLOCKED,NONE,0.0,0.0,"[""FOCC-10F0:BOTTOM_LONG:UPTURN_LEG_1"", ""FOCC-10F0:BOTTOM_LONG:UPTURN_LEG_2"", ""FOCC-10F0:BOTTOM_LONG:END_HOOK_1"", ""FOCC-10F0:BOTTOM_LONG:END_HOOK_2"", ""FOCC-10F0:BOTTOM_LONG:BEND_ARC_1"", ""FOCC-10F0:BOTTOM_LONG:BEND_ARC_2""]",LOWER_BOUND,LOWER_BOUND,12,8,860.0,"{""BEND_ARC"": ""SHAPE_FOUND_LENGTH_BLOCKED"", ""COMPLETE_BAR"": ""LOWER_BOUND"", ""END_HOOK_45"": ""SHAPE_FOUND_LENGTH_BLOCKED"", ""SHAPE"": ""SOURCE_FOUND_EXPLICIT (U with 45° ends)"", ""STRAIGHT_RUN"": ""KNOWN_STRAIGHT_SEGMENT"", ""UPTURN_LEG"": ""SHAPE_FOUND_LENGTH_BLOCKED""}","[""E-PDF-01""]",bend at the base / leg corner exists (shared vertex); bend radius not drawn or noted
S4.1-D0007,PORTION_DECOMPOSITION,research/alsenan_footing_rebar_s4/S4_FREEZE_MANIFEST.json (e3633af+code:0d11810b780ae8f8),FOCC-10F0:BOTTOM_LONG,FOCC-10F0,FN,BOTTOM_LONG,FOOTING_BOTTOM_LONG,BEND_ARC_2,VERIFIED,0.0,ST7757.pdf p.13 'TYP. DETAIL OF ISOLATED FOOTING' (both variants),ST7757.pdf p.13,p13:S-REIN.D long_bar_U (SHALLOW + DEEP),GRAPHIC_EXPLICIT_SHAPE_ONLY,U BAR = STRAIGHT_RUN + LEFT/RIGHT_UPTURN_LEG + LEFT/RIGHT_45_DEG_END (+2 bends); frozen straight length kept as KNOWN_STRAIGHT_SEGMENT; COMPLETE_BAR = LOWER_BOUND,SHAPE_FOUND_LENGTH_BLOCKED,NONE,0.0,0.0,"[""FOCC-10F0:BOTTOM_LONG:UPTURN_LEG_1"", ""FOCC-10F0:BOTTOM_LONG:UPTURN_LEG_2"", ""FOCC-10F0:BOTTOM_LONG:END_HOOK_1"", ""FOCC-10F0:BOTTOM_LONG:END_HOOK_2"", ""FOCC-10F0:BOTTOM_LONG:BEND_ARC_1"", ""FOCC-10F0:BOTTOM_LONG:BEND_ARC_2""]",LOWER_BOUND,LOWER_BOUND,12,8,860.0,"{""BEND_ARC"": ""SHAPE_FOUND_LENGTH_BLOCKED"", ""COMPLETE_BAR"": ""LOWER_BOUND"", ""END_HOOK_45"": ""SHAPE_FOUND_LENGTH_BLOCKED"", ""SHAPE"": ""SOURCE_FOUND_EXPLICIT (U with 45° ends)"", ""STRAIGHT_RUN"": ""KNOWN_STRAIGHT_SEGMENT"", ""UPTURN_LEG"": ""SHAPE_FOUND_LENGTH_BLOCKED""}","[""E-PDF-01""]",bend at the base / leg corner exists (shared vertex); bend radius not drawn or noted
S4.1-D0008,SEMANTIC_CORRECTION,research/alsenan_footing_rebar_s4/S4_FREEZE_MANIFEST.json (e3633af+code:0d11810b780ae8f8),FOCC-10F0:BOTTOM_SHORT,FOCC-10F0,FN,BOTTOM_SHORT,FOOTING_BOTTOM_SHORT,STRAIGHT_RUN,VERIFIED,6.115556,ST7757.pdf p.13 'TYP. DETAIL OF ISOLATED FOOTING' (both variants),ST7757.pdf p.13,p13:S-REIN.D dots in section,GRAPHIC_NTS_OR_UNDIMENSIONED,"STRAIGHT_RUN (frozen, KNOWN_STRAIGHT_SEGMENT) + END_TREATMENT_1/2 (not drawn); the long-bar U is NOT copied; COMPLETE_BAR = LOWER_BOUND",KNOWN_STRAIGHT_SEGMENT,FROZEN_SOURCE_QUANTITY,0.0,6.115556,"[""FOCC-10F0:BOTTOM_SHORT:END_TREATMENT_1"", ""FOCC-10F0:BOTTOM_SHORT:END_TREATMENT_2""]",LOWER_BOUND,LOWER_BOUND,12,8,860.0,"{""COMPLETE_BAR"": ""LOWER_BOUND"", ""END_TREATMENT"": ""BLOCKED_UNQUANTIFIED"", ""SHAPE"": ""NOT_DRAWN (dots in section only)"", ""STRAIGHT_RUN"": ""KNOWN_STRAIGHT_SEGMENT""}","[""E-PDF-01""]","frozen straight length stays valid known steel; the p.13 detail shows short bars only as dots, so 'straight' is not supported: VERIFIED -> KNOWN_STRAIGHT_SEGMENT, COMPLETE_BAR LOWER_BOUND"
S4.1-D0009,PORTION_DECOMPOSITION,research/alsenan_footing_rebar_s4/S4_FREEZE_MANIFEST.json (e3633af+code:0d11810b780ae8f8),FOCC-10F0:BOTTOM_SHORT,FOCC-10F0,FN,BOTTOM_SHORT,FOOTING_BOTTOM_SHORT,END_TREATMENT_1,VERIFIED,0.0,ST7757.pdf p.13 'TYP. DETAIL OF ISOLATED FOOTING' (both variants),ST7757.pdf p.13,p13:S-REIN.D dots in section,NO_GRAPHIC_EVIDENCE,"STRAIGHT_RUN (frozen, KNOWN_STRAIGHT_SEGMENT) + END_TREATMENT_1/2 (not drawn); the long-bar U is NOT copied; COMPLETE_BAR = LOWER_BOUND",BLOCKED_UNQUANTIFIED,NONE,0.0,0.0,"[""FOCC-10F0:BOTTOM_SHORT:END_TREATMENT_1"", ""FOCC-10F0:BOTTOM_SHORT:END_TREATMENT_2""]",LOWER_BOUND,LOWER_BOUND,12,8,860.0,"{""COMPLETE_BAR"": ""LOWER_BOUND"", ""END_TREATMENT"": ""BLOCKED_UNQUANTIFIED"", ""SHAPE"": ""NOT_DRAWN (dots in section only)"", ""STRAIGHT_RUN"": ""KNOWN_STRAIGHT_SEGMENT""}","[""E-PDF-01""]",end shape not drawn anywhere in the set (S4-13); the long-bar U is not copied (brief §4)
S4.1-D0010,PORTION_DECOMPOSITION,research/alsenan_footing_rebar_s4/S4_FREEZE_MANIFEST.json (e3633af+code:0d11810b780ae8f8),FOCC-10F0:BOTTOM_SHORT,FOCC-10F0,FN,BOTTOM_SHORT,FOOTING_BOTTOM_SHORT,END_TREATMENT_2,VERIFIED,0.0,ST7757.pdf p.13 'TYP. DETAIL OF ISOLATED FOOTING' (both variants),ST7757.pdf p.13,p13:S-REIN.D dots in section,NO_GRAPHIC_EVIDENCE,"STRAIGHT_RUN (frozen, KNOWN_STRAIGHT_SEGMENT) + END_TREATMENT_1/2 (not drawn); the long-bar U is NOT copied; COMPLETE_BAR = LOWER_BOUND",BLOCKED_UNQUANTIFIED,NONE,0.0,0.0,"[""FOCC-10F0:BOTTOM_SHORT:END_TREATMENT_1"", ""FOCC-10F0:BOTTOM_SHORT:END_TREATMENT_2""]",LOWER_BOUND,LOWER_BOUND,12,8,860.0,"{""COMPLETE_BAR"": ""LOWER_BOUND"", ""END_TREATMENT"": ""BLOCKED_UNQUANTIFIED"", ""SHAPE"": ""NOT_DRAWN (dots in section only)"", ""STRAIGHT_RUN"": ""KNOWN_STRAIGHT_SEGMENT""}","[""E-PDF-01""]",end shape not drawn anywhere in the set (S4-13); the long-bar U is not copied (brief §4)
S4.1-D0011,NO_CHANGE,research/alsenan_footing_rebar_s4/S4_FREEZE_MANIFEST.json (e3633af+code:0d11810b780ae8f8),FOCC-10F0:TOP_LONG,FOCC-10F0,FN,TOP_LONG,FOOTING_TOP_LONG,WHOLE_COMPONENT,NOT_APPLICABLE,0.0,,,,NO_GRAPHIC_EVIDENCE,unchanged (frozen NOT_APPLICABLE),,NONE,0.0,0.0,[],NOT_APPLICABLE,NOT_APPLICABLE,,,,{},[],frozen NOT_APPLICABLE carried
S4.1-D0012,NO_CHANGE,research/alsenan_footing_rebar_s4/S4_FREEZE_MANIFEST.json (e3633af+code:0d11810b780ae8f8),FOCC-10F0:TOP_SHORT,FOCC-10F0,FN,TOP_SHORT,FOOTING_TOP_SHORT,WHOLE_COMPONENT,NOT_APPLICABLE,0.0,,,,NO_GRAPHIC_EVIDENCE,unchanged (frozen NOT_APPLICABLE),,NONE,0.0,0.0,[],NOT_APPLICABLE,NOT_APPLICABLE,,,,{},[],frozen NOT_APPLICABLE carried
S4.1-D0013,FACET_ADDED,research/alsenan_footing_rebar_s4/S4_FREEZE_MANIFEST.json (e3633af+code:0d11810b780ae8f8),FOCC-10F0:BOXED,FOCC-10F0,FN,BOXED,BOXED_REBAR,WHOLE_COMPONENT,BLOCKED_UNQUANTIFIED,0.0,ST7757.pdf p.13 'TYP. DETAIL OF ISOLATED FOOTING' (both variants),ST7757.pdf p.13,p13:S-REIN.D boxed_inverted_U (SHALLOW + DEEP),GRAPHIC_EXPLICIT_SHAPE_ONLY,"BOXED = inverted U (shape recorded); quantity blocked: no external diameter, no reading of 3+n",SHAPE_FOUND_LENGTH_BLOCKED,NONE,0.0,0.0,"[""FOCC-10F0:BOXED""]",BLOCKED_UNQUANTIFIED,BLOCKED_UNQUANTIFIED,,,,"{""BOXED_KG"": ""BLOCKED_UNQUANTIFIED"", ""COUNT"": ""BLOCKED (3+n unresolved)"", ""DIAMETER"": ""SOURCE_EXPECTED_NOT_LOCATED (S4-02)"", ""EXISTENCE"": ""SOURCE_EXPECTED_NOT_LOCATED (FN cell blank, S4-05)"", ""MEANING_OF_3_PLUS_N"": ""SOURCE_EXPECTED_NOT_LOCATED (S4-01)"", ""ORIENTATION"": ""SOURCE_EXPECTED_NOT_LOCATED (S4-04)"", ""SHAPE"": ""SOURCE_FOUND_EXPLICIT (inverted U, legs to the bottom-bar level, no hooks)""}","[""E-PDF-01"", ""E-DXF-01""]","shape facet found; count, diameter and orientation still not located"
S4.1-D0014,NO_CHANGE,research/alsenan_footing_rebar_s4/S4_FREEZE_MANIFEST.json (e3633af+code:0d11810b780ae8f8),FOCC-10F0:STARTER_DOWEL_REFERENCE,FOCC-10F0,FN,STARTER_DOWEL_REFERENCE,STARTER,WHOLE_COMPONENT,NOT_APPLICABLE,0.0,,,,NO_GRAPHIC_EVIDENCE,unchanged (frozen NOT_APPLICABLE),,NONE,0.0,0.0,[],NOT_APPLICABLE,NOT_APPLICABLE,,,,{},[],frozen NOT_APPLICABLE carried
S4.1-D0015,SEMANTIC_CORRECTION,research/alsenan_footing_rebar_s4/S4_FREEZE_MANIFEST.json (e3633af+code:0d11810b780ae8f8),FOCC-10F8:BOTTOM_LONG,FOCC-10F8,FN,BOTTOM_LONG,FOOTING_BOTTOM_LONG,STRAIGHT_RUN,VERIFIED,6.115556,ST7757.pdf p.13 'TYP. DETAIL OF ISOLATED FOOTING' (both variants),ST7757.pdf p.13,p13:S-REIN.D long_bar_U (SHALLOW + DEEP),GRAPHIC_EXPLICIT_SHAPE_ONLY,U BAR = STRAIGHT_RUN + LEFT/RIGHT_UPTURN_LEG + LEFT/RIGHT_45_DEG_END (+2 bends); frozen straight length kept as KNOWN_STRAIGHT_SEGMENT; COMPLETE_BAR = LOWER_BOUND,KNOWN_STRAIGHT_SEGMENT,FROZEN_SOURCE_QUANTITY,0.0,6.115556,"[""FOCC-10F8:BOTTOM_LONG:UPTURN_LEG_1"", ""FOCC-10F8:BOTTOM_LONG:UPTURN_LEG_2"", ""FOCC-10F8:BOTTOM_LONG:END_HOOK_1"", ""FOCC-10F8:BOTTOM_LONG:END_HOOK_2"", ""FOCC-10F8:BOTTOM_LONG:BEND_ARC_1"", ""FOCC-10F8:BOTTOM_LONG:BEND_ARC_2""]",LOWER_BOUND,LOWER_BOUND,12,8,860.0,"{""BEND_ARC"": ""SHAPE_FOUND_LENGTH_BLOCKED"", ""COMPLETE_BAR"": ""LOWER_BOUND"", ""END_HOOK_45"": ""SHAPE_FOUND_LENGTH_BLOCKED"", ""SHAPE"": ""SOURCE_FOUND_EXPLICIT (U with 45° ends)"", ""STRAIGHT_RUN"": ""KNOWN_STRAIGHT_SEGMENT"", ""UPTURN_LEG"": ""SHAPE_FOUND_LENGTH_BLOCKED""}","[""E-PDF-01""]","frozen straight length (schedule span - 2 x 70 mm cover) stays valid known steel; the p.13 drawing shows this run as the base of a U, so the complete bar is longer: VERIFIED (complete straight bar) -> KNOWN_STRAIGHT_SEGMENT, COMPLETE_BAR LOWER_BOUND"
S4.1-D0016,PORTION_DECOMPOSITION,research/alsenan_footing_rebar_s4/S4_FREEZE_MANIFEST.json (e3633af+code:0d11810b780ae8f8),FOCC-10F8:BOTTOM_LONG,FOCC-10F8,FN,BOTTOM_LONG,FOOTING_BOTTOM_LONG,UPTURN_LEG_1,VERIFIED,0.0,ST7757.pdf p.13 'TYP. DETAIL OF ISOLATED FOOTING' (both variants),ST7757.pdf p.13,p13:S-REIN.D long_bar_U (SHALLOW + DEEP),GRAPHIC_EXPLICIT_SHAPE_ONLY,U BAR = STRAIGHT_RUN + LEFT/RIGHT_UPTURN_LEG + LEFT/RIGHT_45_DEG_END (+2 bends); frozen straight length kept as KNOWN_STRAIGHT_SEGMENT; COMPLETE_BAR = LOWER_BOUND,SHAPE_FOUND_LENGTH_BLOCKED,NONE,0.0,0.0,"[""FOCC-10F8:BOTTOM_LONG:UPTURN_LEG_1"", ""FOCC-10F8:BOTTOM_LONG:UPTURN_LEG_2"", ""FOCC-10F8:BOTTOM_LONG:END_HOOK_1"", ""FOCC-10F8:BOTTOM_LONG:END_HOOK_2"", ""FOCC-10F8:BOTTOM_LONG:BEND_ARC_1"", ""FOCC-10F8:BOTTOM_LONG:BEND_ARC_2""]",LOWER_BOUND,LOWER_BOUND,12,8,860.0,"{""BEND_ARC"": ""SHAPE_FOUND_LENGTH_BLOCKED"", ""COMPLETE_BAR"": ""LOWER_BOUND"", ""END_HOOK_45"": ""SHAPE_FOUND_LENGTH_BLOCKED"", ""SHAPE"": ""SOURCE_FOUND_EXPLICIT (U with 45° ends)"", ""STRAIGHT_RUN"": ""KNOWN_STRAIGHT_SEGMENT"", ""UPTURN_LEG"": ""SHAPE_FOUND_LENGTH_BLOCKED""}","[""E-PDF-01""]","leg drawn (shares the bottom-run vertex) but its top endpoint is not bound to a dimensioned level: rule-B derivation from D, cover and bar levels fails (ENDPOINTS_DETERMINISTIC); no length by scale"
S4.1-D0017,PORTION_DECOMPOSITION,research/alsenan_footing_rebar_s4/S4_FREEZE_MANIFEST.json (e3633af+code:0d11810b780ae8f8),FOCC-10F8:BOTTOM_LONG,FOCC-10F8,FN,BOTTOM_LONG,FOOTING_BOTTOM_LONG,UPTURN_LEG_2,VERIFIED,0.0,ST7757.pdf p.13 'TYP. DETAIL OF ISOLATED FOOTING' (both variants),ST7757.pdf p.13,p13:S-REIN.D long_bar_U (SHALLOW + DEEP),GRAPHIC_EXPLICIT_SHAPE_ONLY,U BAR = STRAIGHT_RUN + LEFT/RIGHT_UPTURN_LEG + LEFT/RIGHT_45_DEG_END (+2 bends); frozen straight length kept as KNOWN_STRAIGHT_SEGMENT; COMPLETE_BAR = LOWER_BOUND,SHAPE_FOUND_LENGTH_BLOCKED,NONE,0.0,0.0,"[""FOCC-10F8:BOTTOM_LONG:UPTURN_LEG_1"", ""FOCC-10F8:BOTTOM_LONG:UPTURN_LEG_2"", ""FOCC-10F8:BOTTOM_LONG:END_HOOK_1"", ""FOCC-10F8:BOTTOM_LONG:END_HOOK_2"", ""FOCC-10F8:BOTTOM_LONG:BEND_ARC_1"", ""FOCC-10F8:BOTTOM_LONG:BEND_ARC_2""]",LOWER_BOUND,LOWER_BOUND,12,8,860.0,"{""BEND_ARC"": ""SHAPE_FOUND_LENGTH_BLOCKED"", ""COMPLETE_BAR"": ""LOWER_BOUND"", ""END_HOOK_45"": ""SHAPE_FOUND_LENGTH_BLOCKED"", ""SHAPE"": ""SOURCE_FOUND_EXPLICIT (U with 45° ends)"", ""STRAIGHT_RUN"": ""KNOWN_STRAIGHT_SEGMENT"", ""UPTURN_LEG"": ""SHAPE_FOUND_LENGTH_BLOCKED""}","[""E-PDF-01""]","leg drawn (shares the bottom-run vertex) but its top endpoint is not bound to a dimensioned level: rule-B derivation from D, cover and bar levels fails (ENDPOINTS_DETERMINISTIC); no length by scale"
S4.1-D0018,PORTION_DECOMPOSITION,research/alsenan_footing_rebar_s4/S4_FREEZE_MANIFEST.json (e3633af+code:0d11810b780ae8f8),FOCC-10F8:BOTTOM_LONG,FOCC-10F8,FN,BOTTOM_LONG,FOOTING_BOTTOM_LONG,END_HOOK_1,VERIFIED,0.0,ST7757.pdf p.13 'TYP. DETAIL OF ISOLATED FOOTING' (both variants),ST7757.pdf p.13,p13:S-REIN.D long_bar_U (SHALLOW + DEEP),GRAPHIC_EXPLICIT_SHAPE_ONLY,U BAR = STRAIGHT_RUN + LEFT/RIGHT_UPTURN_LEG + LEFT/RIGHT_45_DEG_END (+2 bends); frozen straight length kept as KNOWN_STRAIGHT_SEGMENT; COMPLETE_BAR = LOWER_BOUND,SHAPE_FOUND_LENGTH_BLOCKED,NONE,0.0,0.0,"[""FOCC-10F8:BOTTOM_LONG:UPTURN_LEG_1"", ""FOCC-10F8:BOTTOM_LONG:UPTURN_LEG_2"", ""FOCC-10F8:BOTTOM_LONG:END_HOOK_1"", ""FOCC-10F8:BOTTOM_LONG:END_HOOK_2"", ""FOCC-10F8:BOTTOM_LONG:BEND_ARC_1"", ""FOCC-10F8:BOTTOM_LONG:BEND_ARC_2""]",LOWER_BOUND,LOWER_BOUND,12,8,860.0,"{""BEND_ARC"": ""SHAPE_FOUND_LENGTH_BLOCKED"", ""COMPLETE_BAR"": ""LOWER_BOUND"", ""END_HOOK_45"": ""SHAPE_FOUND_LENGTH_BLOCKED"", ""SHAPE"": ""SOURCE_FOUND_EXPLICIT (U with 45° ends)"", ""STRAIGHT_RUN"": ""KNOWN_STRAIGHT_SEGMENT"", ""UPTURN_LEG"": ""SHAPE_FOUND_LENGTH_BLOCKED""}","[""E-PDF-01""]",45° end drawn at the leg top (SHAPE_FOUND); hook length not dimensioned or noted
S4.1-D0019,PORTION_DECOMPOSITION,research/alsenan_footing_rebar_s4/S4_FREEZE_MANIFEST.json (e3633af+code:0d11810b780ae8f8),FOCC-10F8:BOTTOM_LONG,FOCC-10F8,FN,BOTTOM_LONG,FOOTING_BOTTOM_LONG,END_HOOK_2,VERIFIED,0.0,ST7757.pdf p.13 'TYP. DETAIL OF ISOLATED FOOTING' (both variants),ST7757.pdf p.13,p13:S-REIN.D long_bar_U (SHALLOW + DEEP),GRAPHIC_EXPLICIT_SHAPE_ONLY,U BAR = STRAIGHT_RUN + LEFT/RIGHT_UPTURN_LEG + LEFT/RIGHT_45_DEG_END (+2 bends); frozen straight length kept as KNOWN_STRAIGHT_SEGMENT; COMPLETE_BAR = LOWER_BOUND,SHAPE_FOUND_LENGTH_BLOCKED,NONE,0.0,0.0,"[""FOCC-10F8:BOTTOM_LONG:UPTURN_LEG_1"", ""FOCC-10F8:BOTTOM_LONG:UPTURN_LEG_2"", ""FOCC-10F8:BOTTOM_LONG:END_HOOK_1"", ""FOCC-10F8:BOTTOM_LONG:END_HOOK_2"", ""FOCC-10F8:BOTTOM_LONG:BEND_ARC_1"", ""FOCC-10F8:BOTTOM_LONG:BEND_ARC_2""]",LOWER_BOUND,LOWER_BOUND,12,8,860.0,"{""BEND_ARC"": ""SHAPE_FOUND_LENGTH_BLOCKED"", ""COMPLETE_BAR"": ""LOWER_BOUND"", ""END_HOOK_45"": ""SHAPE_FOUND_LENGTH_BLOCKED"", ""SHAPE"": ""SOURCE_FOUND_EXPLICIT (U with 45° ends)"", ""STRAIGHT_RUN"": ""KNOWN_STRAIGHT_SEGMENT"", ""UPTURN_LEG"": ""SHAPE_FOUND_LENGTH_BLOCKED""}","[""E-PDF-01""]",45° end drawn at the leg top (SHAPE_FOUND); hook length not dimensioned or noted
S4.1-D0020,PORTION_DECOMPOSITION,research/alsenan_footing_rebar_s4/S4_FREEZE_MANIFEST.json (e3633af+code:0d11810b780ae8f8),FOCC-10F8:BOTTOM_LONG,FOCC-10F8,FN,BOTTOM_LONG,FOOTING_BOTTOM_LONG,BEND_ARC_1,VERIFIED,0.0,ST7757.pdf p.13 'TYP. DETAIL OF ISOLATED FOOTING' (both variants),ST7757.pdf p.13,p13:S-REIN.D long_bar_U (SHALLOW + DEEP),GRAPHIC_EXPLICIT_SHAPE_ONLY,U BAR = STRAIGHT_RUN + LEFT/RIGHT_UPTURN_LEG + LEFT/RIGHT_45_DEG_END (+2 bends); frozen straight length kept as KNOWN_STRAIGHT_SEGMENT; COMPLETE_BAR = LOWER_BOUND,SHAPE_FOUND_LENGTH_BLOCKED,NONE,0.0,0.0,"[""FOCC-10F8:BOTTOM_LONG:UPTURN_LEG_1"", ""FOCC-10F8:BOTTOM_LONG:UPTURN_LEG_2"", ""FOCC-10F8:BOTTOM_LONG:END_HOOK_1"", ""FOCC-10F8:BOTTOM_LONG:END_HOOK_2"", ""FOCC-10F8:BOTTOM_LONG:BEND_ARC_1"", ""FOCC-10F8:BOTTOM_LONG:BEND_ARC_2""]",LOWER_BOUND,LOWER_BOUND,12,8,860.0,"{""BEND_ARC"": ""SHAPE_FOUND_LENGTH_BLOCKED"", ""COMPLETE_BAR"": ""LOWER_BOUND"", ""END_HOOK_45"": ""SHAPE_FOUND_LENGTH_BLOCKED"", ""SHAPE"": ""SOURCE_FOUND_EXPLICIT (U with 45° ends)"", ""STRAIGHT_RUN"": ""KNOWN_STRAIGHT_SEGMENT"", ""UPTURN_LEG"": ""SHAPE_FOUND_LENGTH_BLOCKED""}","[""E-PDF-01""]",bend at the base / leg corner exists (shared vertex); bend radius not drawn or noted
S4.1-D0021,PORTION_DECOMPOSITION,research/alsenan_footing_rebar_s4/S4_FREEZE_MANIFEST.json (e3633af+code:0d11810b780ae8f8),FOCC-10F8:BOTTOM_LONG,FOCC-10F8,FN,BOTTOM_LONG,FOOTING_BOTTOM_LONG,BEND_ARC_2,VERIFIED,0.0,ST7757.pdf p.13 'TYP. DETAIL OF ISOLATED FOOTING' (both variants),ST7757.pdf p.13,p13:S-REIN.D long_bar_U (SHALLOW + DEEP),GRAPHIC_EXPLICIT_SHAPE_ONLY,U BAR = STRAIGHT_RUN + LEFT/RIGHT_UPTURN_LEG + LEFT/RIGHT_45_DEG_END (+2 bends); frozen straight length kept as KNOWN_STRAIGHT_SEGMENT; COMPLETE_BAR = LOWER_BOUND,SHAPE_FOUND_LENGTH_BLOCKED,NONE,0.0,0.0,"[""FOCC-10F8:BOTTOM_LONG:UPTURN_LEG_1"", ""FOCC-10F8:BOTTOM_LONG:UPTURN_LEG_2"", ""FOCC-10F8:BOTTOM_LONG:END_HOOK_1"", ""FOCC-10F8:BOTTOM_LONG:END_HOOK_2"", ""FOCC-10F8:BOTTOM_LONG:BEND_ARC_1"", ""FOCC-10F8:BOTTOM_LONG:BEND_ARC_2""]",LOWER_BOUND,LOWER_BOUND,12,8,860.0,"{""BEND_ARC"": ""SHAPE_FOUND_LENGTH_BLOCKED"", ""COMPLETE_BAR"": ""LOWER_BOUND"", ""END_HOOK_45"": ""SHAPE_FOUND_LENGTH_BLOCKED"", ""SHAPE"": ""SOURCE_FOUND_EXPLICIT (U with 45° ends)"", ""STRAIGHT_RUN"": ""KNOWN_STRAIGHT_SEGMENT"", ""UPTURN_LEG"": ""SHAPE_FOUND_LENGTH_BLOCKED""}","[""E-PDF-01""]",bend at the base / leg corner exists (shared vertex); bend radius not drawn or noted
S4.1-D0022,SEMANTIC_CORRECTION,research/alsenan_footing_rebar_s4/S4_FREEZE_MANIFEST.json (e3633af+code:0d11810b780ae8f8),FOCC-10F8:BOTTOM_SHORT,FOCC-10F8,FN,BOTTOM_SHORT,FOOTING_BOTTOM_SHORT,STRAIGHT_RUN,VERIFIED,6.115556,ST7757.pdf p.13 'TYP. DETAIL OF ISOLATED FOOTING' (both variants),ST7757.pdf p.13,p13:S-REIN.D dots in section,GRAPHIC_NTS_OR_UNDIMENSIONED,"STRAIGHT_RUN (frozen, KNOWN_STRAIGHT_SEGMENT) + END_TREATMENT_1/2 (not drawn); the long-bar U is NOT copied; COMPLETE_BAR = LOWER_BOUND",KNOWN_STRAIGHT_SEGMENT,FROZEN_SOURCE_QUANTITY,0.0,6.115556,"[""FOCC-10F8:BOTTOM_SHORT:END_TREATMENT_1"", ""FOCC-10F8:BOTTOM_SHORT:END_TREATMENT_2""]",LOWER_BOUND,LOWER_BOUND,12,8,860.0,"{""COMPLETE_BAR"": ""LOWER_BOUND"", ""END_TREATMENT"": ""BLOCKED_UNQUANTIFIED"", ""SHAPE"": ""NOT_DRAWN (dots in section only)"", ""STRAIGHT_RUN"": ""KNOWN_STRAIGHT_SEGMENT""}","[""E-PDF-01""]","frozen straight length stays valid known steel; the p.13 detail shows short bars only as dots, so 'straight' is not supported: VERIFIED -> KNOWN_STRAIGHT_SEGMENT, COMPLETE_BAR LOWER_BOUND"
S4.1-D0023,PORTION_DECOMPOSITION,research/alsenan_footing_rebar_s4/S4_FREEZE_MANIFEST.json (e3633af+code:0d11810b780ae8f8),FOCC-10F8:BOTTOM_SHORT,FOCC-10F8,FN,BOTTOM_SHORT,FOOTING_BOTTOM_SHORT,END_TREATMENT_1,VERIFIED,0.0,ST7757.pdf p.13 'TYP. DETAIL OF ISOLATED FOOTING' (both variants),ST7757.pdf p.13,p13:S-REIN.D dots in section,NO_GRAPHIC_EVIDENCE,"STRAIGHT_RUN (frozen, KNOWN_STRAIGHT_SEGMENT) + END_TREATMENT_1/2 (not drawn); the long-bar U is NOT copied; COMPLETE_BAR = LOWER_BOUND",BLOCKED_UNQUANTIFIED,NONE,0.0,0.0,"[""FOCC-10F8:BOTTOM_SHORT:END_TREATMENT_1"", ""FOCC-10F8:BOTTOM_SHORT:END_TREATMENT_2""]",LOWER_BOUND,LOWER_BOUND,12,8,860.0,"{""COMPLETE_BAR"": ""LOWER_BOUND"", ""END_TREATMENT"": ""BLOCKED_UNQUANTIFIED"", ""SHAPE"": ""NOT_DRAWN (dots in section only)"", ""STRAIGHT_RUN"": ""KNOWN_STRAIGHT_SEGMENT""}","[""E-PDF-01""]",end shape not drawn anywhere in the set (S4-13); the long-bar U is not copied (brief §4)
S4.1-D0024,PORTION_DECOMPOSITION,research/alsenan_footing_rebar_s4/S4_FREEZE_MANIFEST.json (e3633af+code:0d11810b780ae8f8),FOCC-10F8:BOTTOM_SHORT,FOCC-10F8,FN,BOTTOM_SHORT,FOOTING_BOTTOM_SHORT,END_TREATMENT_2,VERIFIED,0.0,ST7757.pdf p.13 'TYP. DETAIL OF ISOLATED FOOTING' (both variants),ST7757.pdf p.13,p13:S-REIN.D dots in section,NO_GRAPHIC_EVIDENCE,"STRAIGHT_RUN (frozen, KNOWN_STRAIGHT_SEGMENT) + END_TREATMENT_1/2 (not drawn); the long-bar U is NOT copied; COMPLETE_BAR = LOWER_BOUND",BLOCKED_UNQUANTIFIED,NONE,0.0,0.0,"[""FOCC-10F8:BOTTOM_SHORT:END_TREATMENT_1"", ""FOCC-10F8:BOTTOM_SHORT:END_TREATMENT_2""]",LOWER_BOUND,LOWER_BOUND,12,8,860.0,"{""COMPLETE_BAR"": ""LOWER_BOUND"", ""END_TREATMENT"": ""BLOCKED_UNQUANTIFIED"", ""SHAPE"": ""NOT_DRAWN (dots in section only)"", ""STRAIGHT_RUN"": ""KNOWN_STRAIGHT_SEGMENT""}","[""E-PDF-01""]",end shape not drawn anywhere in the set (S4-13); the long-bar U is not copied (brief §4)
S4.1-D0025,NO_CHANGE,research/alsenan_footing_rebar_s4/S4_FREEZE_MANIFEST.json (e3633af+code:0d11810b780ae8f8),FOCC-10F8:TOP_LONG,FOCC-10F8,FN,TOP_LONG,FOOTING_TOP_LONG,WHOLE_COMPONENT,NOT_APPLICABLE,0.0,,,,NO_GRAPHIC_EVIDENCE,unchanged (frozen NOT_APPLICABLE),,NONE,0.0,0.0,[],NOT_APPLICABLE,NOT_APPLICABLE,,,,{},[],frozen NOT_APPLICABLE carried
S4.1-D0026,NO_CHANGE,research/alsenan_footing_rebar_s4/S4_FREEZE_MANIFEST.json (e3633af+code:0d11810b780ae8f8),FOCC-10F8:TOP_SHORT,FOCC-10F8,FN,TOP_SHORT,FOOTING_TOP_SHORT,WHOLE_COMPONENT,NOT_APPLICABLE,0.0,,,,NO_GRAPHIC_EVIDENCE,unchanged (frozen NOT_APPLICABLE),,NONE,0.0,0.0,[],NOT_APPLICABLE,NOT_APPLICABLE,,,,{},[],frozen NOT_APPLICABLE carried
S4.1-D0027,FACET_ADDED,research/alsenan_footing_rebar_s4/S4_FREEZE_MANIFEST.json (e3633af+code:0d11810b780ae8f8),FOCC-10F8:BOXED,FOCC-10F8,FN,BOXED,BOXED_REBAR,WHOLE_COMPONENT,BLOCKED_UNQUANTIFIED,0.0,ST7757.pdf p.13 'TYP. DETAIL OF ISOLATED FOOTING' (both variants),ST7757.pdf p.13,p13:S-REIN.D boxed_inverted_U (SHALLOW + DEEP),GRAPHIC_EXPLICIT_SHAPE_ONLY,"BOXED = inverted U (shape recorded); quantity blocked: no external diameter, no reading of 3+n",SHAPE_FOUND_LENGTH_BLOCKED,NONE,0.0,0.0,"[""FOCC-10F8:BOXED""]",BLOCKED_UNQUANTIFIED,BLOCKED_UNQUANTIFIED,,,,"{""BOXED_KG"": ""BLOCKED_UNQUANTIFIED"", ""COUNT"": ""BLOCKED (3+n unresolved)"", ""DIAMETER"": ""SOURCE_EXPECTED_NOT_LOCATED (S4-02)"", ""EXISTENCE"": ""SOURCE_EXPECTED_NOT_LOCATED (FN cell blank, S4-05)"", ""MEANING_OF_3_PLUS_N"": ""SOURCE_EXPECTED_NOT_LOCATED (S4-01)"", ""ORIENTATION"": ""SOURCE_EXPECTED_NOT_LOCATED (S4-04)"", ""SHAPE"": ""SOURCE_FOUND_EXPLICIT (inverted U, legs to the bottom-bar level, no hooks)""}","[""E-PDF-01"", ""E-DXF-01""]","shape facet found; count, diameter and orientation still not located"
S4.1-D0028,NO_CHANGE,research/alsenan_footing_rebar_s4/S4_FREEZE_MANIFEST.json (e3633af+code:0d11810b780ae8f8),FOCC-10F8:STARTER_DOWEL_REFERENCE,FOCC-10F8,FN,STARTER_DOWEL_REFERENCE,STARTER,WHOLE_COMPONENT,NOT_APPLICABLE,0.0,,,,NO_GRAPHIC_EVIDENCE,unchanged (frozen NOT_APPLICABLE),,NONE,0.0,0.0,[],NOT_APPLICABLE,NOT_APPLICABLE,,,,{},[],frozen NOT_APPLICABLE carried
S4.1-D0029,SEMANTIC_CORRECTION,research/alsenan_footing_rebar_s4/S4_FREEZE_MANIFEST.json (e3633af+code:0d11810b780ae8f8),FOCC-1100:BOTTOM_LONG,FOCC-1100,FN,BOTTOM_LONG,FOOTING_BOTTOM_LONG,STRAIGHT_RUN,VERIFIED,6.115556,ST7757.pdf p.13 'TYP. DETAIL OF ISOLATED FOOTING' (both variants),ST7757.pdf p.13,p13:S-REIN.D long_bar_U (SHALLOW + DEEP),GRAPHIC_EXPLICIT_SHAPE_ONLY,U BAR = STRAIGHT_RUN + LEFT/RIGHT_UPTURN_LEG + LEFT/RIGHT_45_DEG_END (+2 bends); frozen straight length kept as KNOWN_STRAIGHT_SEGMENT; COMPLETE_BAR = LOWER_BOUND,KNOWN_STRAIGHT_SEGMENT,FROZEN_SOURCE_QUANTITY,0.0,6.115556,"[""FOCC-1100:BOTTOM_LONG:UPTURN_LEG_1"", ""FOCC-1100:BOTTOM_LONG:UPTURN_LEG_2"", ""FOCC-1100:BOTTOM_LONG:END_HOOK_1"", ""FOCC-1100:BOTTOM_LONG:END_HOOK_2"", ""FOCC-1100:BOTTOM_LONG:BEND_ARC_1"", ""FOCC-1100:BOTTOM_LONG:BEND_ARC_2""]",LOWER_BOUND,LOWER_BOUND,12,8,860.0,"{""BEND_ARC"": ""SHAPE_FOUND_LENGTH_BLOCKED"", ""COMPLETE_BAR"": ""LOWER_BOUND"", ""END_HOOK_45"": ""SHAPE_FOUND_LENGTH_BLOCKED"", ""SHAPE"": ""SOURCE_FOUND_EXPLICIT (U with 45° ends)"", ""STRAIGHT_RUN"": ""KNOWN_STRAIGHT_SEGMENT"", ""UPTURN_LEG"": ""SHAPE_FOUND_LENGTH_BLOCKED""}","[""E-PDF-01""]","frozen straight length (schedule span - 2 x 70 mm cover) stays valid known steel; the p.13 drawing shows this run as the base of a U, so the complete bar is longer: VERIFIED (complete straight bar) -> KNOWN_STRAIGHT_SEGMENT, COMPLETE_BAR LOWER_BOUND"
S4.1-D0030,PORTION_DECOMPOSITION,research/alsenan_footing_rebar_s4/S4_FREEZE_MANIFEST.json (e3633af+code:0d11810b780ae8f8),FOCC-1100:BOTTOM_LONG,FOCC-1100,FN,BOTTOM_LONG,FOOTING_BOTTOM_LONG,UPTURN_LEG_1,VERIFIED,0.0,ST7757.pdf p.13 'TYP. DETAIL OF ISOLATED FOOTING' (both variants),ST7757.pdf p.13,p13:S-REIN.D long_bar_U (SHALLOW + DEEP),GRAPHIC_EXPLICIT_SHAPE_ONLY,U BAR = STRAIGHT_RUN + LEFT/RIGHT_UPTURN_LEG + LEFT/RIGHT_45_DEG_END (+2 bends); frozen straight length kept as KNOWN_STRAIGHT_SEGMENT; COMPLETE_BAR = LOWER_BOUND,SHAPE_FOUND_LENGTH_BLOCKED,NONE,0.0,0.0,"[""FOCC-1100:BOTTOM_LONG:UPTURN_LEG_1"", ""FOCC-1100:BOTTOM_LONG:UPTURN_LEG_2"", ""FOCC-1100:BOTTOM_LONG:END_HOOK_1"", ""FOCC-1100:BOTTOM_LONG:END_HOOK_2"", ""FOCC-1100:BOTTOM_LONG:BEND_ARC_1"", ""FOCC-1100:BOTTOM_LONG:BEND_ARC_2""]",LOWER_BOUND,LOWER_BOUND,12,8,860.0,"{""BEND_ARC"": ""SHAPE_FOUND_LENGTH_BLOCKED"", ""COMPLETE_BAR"": ""LOWER_BOUND"", ""END_HOOK_45"": ""SHAPE_FOUND_LENGTH_BLOCKED"", ""SHAPE"": ""SOURCE_FOUND_EXPLICIT (U with 45° ends)"", ""STRAIGHT_RUN"": ""KNOWN_STRAIGHT_SEGMENT"", ""UPTURN_LEG"": ""SHAPE_FOUND_LENGTH_BLOCKED""}","[""E-PDF-01""]","leg drawn (shares the bottom-run vertex) but its top endpoint is not bound to a dimensioned level: rule-B derivation from D, cover and bar levels fails (ENDPOINTS_DETERMINISTIC); no length by scale"
S4.1-D0031,PORTION_DECOMPOSITION,research/alsenan_footing_rebar_s4/S4_FREEZE_MANIFEST.json (e3633af+code:0d11810b780ae8f8),FOCC-1100:BOTTOM_LONG,FOCC-1100,FN,BOTTOM_LONG,FOOTING_BOTTOM_LONG,UPTURN_LEG_2,VERIFIED,0.0,ST7757.pdf p.13 'TYP. DETAIL OF ISOLATED FOOTING' (both variants),ST7757.pdf p.13,p13:S-REIN.D long_bar_U (SHALLOW + DEEP),GRAPHIC_EXPLICIT_SHAPE_ONLY,U BAR = STRAIGHT_RUN + LEFT/RIGHT_UPTURN_LEG + LEFT/RIGHT_45_DEG_END (+2 bends); frozen straight length kept as KNOWN_STRAIGHT_SEGMENT; COMPLETE_BAR = LOWER_BOUND,SHAPE_FOUND_LENGTH_BLOCKED,NONE,0.0,0.0,"[""FOCC-1100:BOTTOM_LONG:UPTURN_LEG_1"", ""FOCC-1100:BOTTOM_LONG:UPTURN_LEG_2"", ""FOCC-1100:BOTTOM_LONG:END_HOOK_1"", ""FOCC-1100:BOTTOM_LONG:END_HOOK_2"", ""FOCC-1100:BOTTOM_LONG:BEND_ARC_1"", ""FOCC-1100:BOTTOM_LONG:BEND_ARC_2""]",LOWER_BOUND,LOWER_BOUND,12,8,860.0,"{""BEND_ARC"": ""SHAPE_FOUND_LENGTH_BLOCKED"", ""COMPLETE_BAR"": ""LOWER_BOUND"", ""END_HOOK_45"": ""SHAPE_FOUND_LENGTH_BLOCKED"", ""SHAPE"": ""SOURCE_FOUND_EXPLICIT (U with 45° ends)"", ""STRAIGHT_RUN"": ""KNOWN_STRAIGHT_SEGMENT"", ""UPTURN_LEG"": ""SHAPE_FOUND_LENGTH_BLOCKED""}","[""E-PDF-01""]","leg drawn (shares the bottom-run vertex) but its top endpoint is not bound to a dimensioned level: rule-B derivation from D, cover and bar levels fails (ENDPOINTS_DETERMINISTIC); no length by scale"
S4.1-D0032,PORTION_DECOMPOSITION,research/alsenan_footing_rebar_s4/S4_FREEZE_MANIFEST.json (e3633af+code:0d11810b780ae8f8),FOCC-1100:BOTTOM_LONG,FOCC-1100,FN,BOTTOM_LONG,FOOTING_BOTTOM_LONG,END_HOOK_1,VERIFIED,0.0,ST7757.pdf p.13 'TYP. DETAIL OF ISOLATED FOOTING' (both variants),ST7757.pdf p.13,p13:S-REIN.D long_bar_U (SHALLOW + DEEP),GRAPHIC_EXPLICIT_SHAPE_ONLY,U BAR = STRAIGHT_RUN + LEFT/RIGHT_UPTURN_LEG + LEFT/RIGHT_45_DEG_END (+2 bends); frozen straight length kept as KNOWN_STRAIGHT_SEGMENT; COMPLETE_BAR = LOWER_BOUND,SHAPE_FOUND_LENGTH_BLOCKED,NONE,0.0,0.0,"[""FOCC-1100:BOTTOM_LONG:UPTURN_LEG_1"", ""FOCC-1100:BOTTOM_LONG:UPTURN_LEG_2"", ""FOCC-1100:BOTTOM_LONG:END_HOOK_1"", ""FOCC-1100:BOTTOM_LONG:END_HOOK_2"", ""FOCC-1100:BOTTOM_LONG:BEND_ARC_1"", ""FOCC-1100:BOTTOM_LONG:BEND_ARC_2""]",LOWER_BOUND,LOWER_BOUND,12,8,860.0,"{""BEND_ARC"": ""SHAPE_FOUND_LENGTH_BLOCKED"", ""COMPLETE_BAR"": ""LOWER_BOUND"", ""END_HOOK_45"": ""SHAPE_FOUND_LENGTH_BLOCKED"", ""SHAPE"": ""SOURCE_FOUND_EXPLICIT (U with 45° ends)"", ""STRAIGHT_RUN"": ""KNOWN_STRAIGHT_SEGMENT"", ""UPTURN_LEG"": ""SHAPE_FOUND_LENGTH_BLOCKED""}","[""E-PDF-01""]",45° end drawn at the leg top (SHAPE_FOUND); hook length not dimensioned or noted
S4.1-D0033,PORTION_DECOMPOSITION,research/alsenan_footing_rebar_s4/S4_FREEZE_MANIFEST.json (e3633af+code:0d11810b780ae8f8),FOCC-1100:BOTTOM_LONG,FOCC-1100,FN,BOTTOM_LONG,FOOTING_BOTTOM_LONG,END_HOOK_2,VERIFIED,0.0,ST7757.pdf p.13 'TYP. DETAIL OF ISOLATED FOOTING' (both variants),ST7757.pdf p.13,p13:S-REIN.D long_bar_U (SHALLOW + DEEP),GRAPHIC_EXPLICIT_SHAPE_ONLY,U BAR = STRAIGHT_RUN + LEFT/RIGHT_UPTURN_LEG + LEFT/RIGHT_45_DEG_END (+2 bends); frozen straight length kept as KNOWN_STRAIGHT_SEGMENT; COMPLETE_BAR = LOWER_BOUND,SHAPE_FOUND_LENGTH_BLOCKED,NONE,0.0,0.0,"[""FOCC-1100:BOTTOM_LONG:UPTURN_LEG_1"", ""FOCC-1100:BOTTOM_LONG:UPTURN_LEG_2"", ""FOCC-1100:BOTTOM_LONG:END_HOOK_1"", ""FOCC-1100:BOTTOM_LONG:END_HOOK_2"", ""FOCC-1100:BOTTOM_LONG:BEND_ARC_1"", ""FOCC-1100:BOTTOM_LONG:BEND_ARC_2""]",LOWER_BOUND,LOWER_BOUND,12,8,860.0,"{""BEND_ARC"": ""SHAPE_FOUND_LENGTH_BLOCKED"", ""COMPLETE_BAR"": ""LOWER_BOUND"", ""END_HOOK_45"": ""SHAPE_FOUND_LENGTH_BLOCKED"", ""SHAPE"": ""SOURCE_FOUND_EXPLICIT (U with 45° ends)"", ""STRAIGHT_RUN"": ""KNOWN_STRAIGHT_SEGMENT"", ""UPTURN_LEG"": ""SHAPE_FOUND_LENGTH_BLOCKED""}","[""E-PDF-01""]",45° end drawn at the leg top (SHAPE_FOUND); hook length not dimensioned or noted
S4.1-D0034,PORTION_DECOMPOSITION,research/alsenan_footing_rebar_s4/S4_FREEZE_MANIFEST.json (e3633af+code:0d11810b780ae8f8),FOCC-1100:BOTTOM_LONG,FOCC-1100,FN,BOTTOM_LONG,FOOTING_BOTTOM_LONG,BEND_ARC_1,VERIFIED,0.0,ST7757.pdf p.13 'TYP. DETAIL OF ISOLATED FOOTING' (both variants),ST7757.pdf p.13,p13:S-REIN.D long_bar_U (SHALLOW + DEEP),GRAPHIC_EXPLICIT_SHAPE_ONLY,U BAR = STRAIGHT_RUN + LEFT/RIGHT_UPTURN_LEG + LEFT/RIGHT_45_DEG_END (+2 bends); frozen straight length kept as KNOWN_STRAIGHT_SEGMENT; COMPLETE_BAR = LOWER_BOUND,SHAPE_FOUND_LENGTH_BLOCKED,NONE,0.0,0.0,"[""FOCC-1100:BOTTOM_LONG:UPTURN_LEG_1"", ""FOCC-1100:BOTTOM_LONG:UPTURN_LEG_2"", ""FOCC-1100:BOTTOM_LONG:END_HOOK_1"", ""FOCC-1100:BOTTOM_LONG:END_HOOK_2"", ""FOCC-1100:BOTTOM_LONG:BEND_ARC_1"", ""FOCC-1100:BOTTOM_LONG:BEND_ARC_2""]",LOWER_BOUND,LOWER_BOUND,12,8,860.0,"{""BEND_ARC"": ""SHAPE_FOUND_LENGTH_BLOCKED"", ""COMPLETE_BAR"": ""LOWER_BOUND"", ""END_HOOK_45"": ""SHAPE_FOUND_LENGTH_BLOCKED"", ""SHAPE"": ""SOURCE_FOUND_EXPLICIT (U with 45° ends)"", ""STRAIGHT_RUN"": ""KNOWN_STRAIGHT_SEGMENT"", ""UPTURN_LEG"": ""SHAPE_FOUND_LENGTH_BLOCKED""}","[""E-PDF-01""]",bend at the base / leg corner exists (shared vertex); bend radius not drawn or noted
S4.1-D0035,PORTION_DECOMPOSITION,research/alsenan_footing_rebar_s4/S4_FREEZE_MANIFEST.json (e3633af+code:0d11810b780ae8f8),FOCC-1100:BOTTOM_LONG,FOCC-1100,FN,BOTTOM_LONG,FOOTING_BOTTOM_LONG,BEND_ARC_2,VERIFIED,0.0,ST7757.pdf p.13 'TYP. DETAIL OF ISOLATED FOOTING' (both variants),ST7757.pdf p.13,p13:S-REIN.D long_bar_U (SHALLOW + DEEP),GRAPHIC_EXPLICIT_SHAPE_ONLY,U BAR = STRAIGHT_RUN + LEFT/RIGHT_UPTURN_LEG + LEFT/RIGHT_45_DEG_END (+2 bends); frozen straight length kept as KNOWN_STRAIGHT_SEGMENT; COMPLETE_BAR = LOWER_BOUND,SHAPE_FOUND_LENGTH_BLOCKED,NONE,0.0,0.0,"[""FOCC-1100:BOTTOM_LONG:UPTURN_LEG_1"", ""FOCC-1100:BOTTOM_LONG:UPTURN_LEG_2"", ""FOCC-1100:BOTTOM_LONG:END_HOOK_1"", ""FOCC-1100:BOTTOM_LONG:END_HOOK_2"", ""FOCC-1100:BOTTOM_LONG:BEND_ARC_1"", ""FOCC-1100:BOTTOM_LONG:BEND_ARC_2""]",LOWER_BOUND,LOWER_BOUND,12,8,860.0,"{""BEND_ARC"": ""SHAPE_FOUND_LENGTH_BLOCKED"", ""COMPLETE_BAR"": ""LOWER_BOUND"", ""END_HOOK_45"": ""SHAPE_FOUND_LENGTH_BLOCKED"", ""SHAPE"": ""SOURCE_FOUND_EXPLICIT (U with 45° ends)"", ""STRAIGHT_RUN"": ""KNOWN_STRAIGHT_SEGMENT"", ""UPTURN_LEG"": ""SHAPE_FOUND_LENGTH_BLOCKED""}","[""E-PDF-01""]",bend at the base / leg corner exists (shared vertex); bend radius not drawn or noted
S4.1-D0036,SEMANTIC_CORRECTION,research/alsenan_footing_rebar_s4/S4_FREEZE_MANIFEST.json (e3633af+code:0d11810b780ae8f8),FOCC-1100:BOTTOM_SHORT,FOCC-1100,FN,BOTTOM_SHORT,FOOTING_BOTTOM_SHORT,STRAIGHT_RUN,VERIFIED,6.115556,ST7757.pdf p.13 'TYP. DETAIL OF ISOLATED FOOTING' (both variants),ST7757.pdf p.13,p13:S-REIN.D dots in section,GRAPHIC_NTS_OR_UNDIMENSIONED,"STRAIGHT_RUN (frozen, KNOWN_STRAIGHT_SEGMENT) + END_TREATMENT_1/2 (not drawn); the long-bar U is NOT copied; COMPLETE_BAR = LOWER_BOUND",KNOWN_STRAIGHT_SEGMENT,FROZEN_SOURCE_QUANTITY,0.0,6.115556,"[""FOCC-1100:BOTTOM_SHORT:END_TREATMENT_1"", ""FOCC-1100:BOTTOM_SHORT:END_TREATMENT_2""]",LOWER_BOUND,LOWER_BOUND,12,8,860.0,"{""COMPLETE_BAR"": ""LOWER_BOUND"", ""END_TREATMENT"": ""BLOCKED_UNQUANTIFIED"", ""SHAPE"": ""NOT_DRAWN (dots in section only)"", ""STRAIGHT_RUN"": ""KNOWN_STRAIGHT_SEGMENT""}","[""E-PDF-01""]","frozen straight length stays valid known steel; the p.13 detail shows short bars only as dots, so 'straight' is not supported: VERIFIED -> KNOWN_STRAIGHT_SEGMENT, COMPLETE_BAR LOWER_BOUND"
S4.1-D0037,PORTION_DECOMPOSITION,research/alsenan_footing_rebar_s4/S4_FREEZE_MANIFEST.json (e3633af+code:0d11810b780ae8f8),FOCC-1100:BOTTOM_SHORT,FOCC-1100,FN,BOTTOM_SHORT,FOOTING_BOTTOM_SHORT,END_TREATMENT_1,VERIFIED,0.0,ST7757.pdf p.13 'TYP. DETAIL OF ISOLATED FOOTING' (both variants),ST7757.pdf p.13,p13:S-REIN.D dots in section,NO_GRAPHIC_EVIDENCE,"STRAIGHT_RUN (frozen, KNOWN_STRAIGHT_SEGMENT) + END_TREATMENT_1/2 (not drawn); the long-bar U is NOT copied; COMPLETE_BAR = LOWER_BOUND",BLOCKED_UNQUANTIFIED,NONE,0.0,0.0,"[""FOCC-1100:BOTTOM_SHORT:END_TREATMENT_1"", ""FOCC-1100:BOTTOM_SHORT:END_TREATMENT_2""]",LOWER_BOUND,LOWER_BOUND,12,8,860.0,"{""COMPLETE_BAR"": ""LOWER_BOUND"", ""END_TREATMENT"": ""BLOCKED_UNQUANTIFIED"", ""SHAPE"": ""NOT_DRAWN (dots in section only)"", ""STRAIGHT_RUN"": ""KNOWN_STRAIGHT_SEGMENT""}","[""E-PDF-01""]",end shape not drawn anywhere in the set (S4-13); the long-bar U is not copied (brief §4)
S4.1-D0038,PORTION_DECOMPOSITION,research/alsenan_footing_rebar_s4/S4_FREEZE_MANIFEST.json (e3633af+code:0d11810b780ae8f8),FOCC-1100:BOTTOM_SHORT,FOCC-1100,FN,BOTTOM_SHORT,FOOTING_BOTTOM_SHORT,END_TREATMENT_2,VERIFIED,0.0,ST7757.pdf p.13 'TYP. DETAIL OF ISOLATED FOOTING' (both variants),ST7757.pdf p.13,p13:S-REIN.D dots in section,NO_GRAPHIC_EVIDENCE,"STRAIGHT_RUN (frozen, KNOWN_STRAIGHT_SEGMENT) + END_TREATMENT_1/2 (not drawn); the long-bar U is NOT copied; COMPLETE_BAR = LOWER_BOUND",BLOCKED_UNQUANTIFIED,NONE,0.0,0.0,"[""FOCC-1100:BOTTOM_SHORT:END_TREATMENT_1"", ""FOCC-1100:BOTTOM_SHORT:END_TREATMENT_2""]",LOWER_BOUND,LOWER_BOUND,12,8,860.0,"{""COMPLETE_BAR"": ""LOWER_BOUND"", ""END_TREATMENT"": ""BLOCKED_UNQUANTIFIED"", ""SHAPE"": ""NOT_DRAWN (dots in section only)"", ""STRAIGHT_RUN"": ""KNOWN_STRAIGHT_SEGMENT""}","[""E-PDF-01""]",end shape not drawn anywhere in the set (S4-13); the long-bar U is not copied (brief §4)
S4.1-D0039,NO_CHANGE,research/alsenan_footing_rebar_s4/S4_FREEZE_MANIFEST.json (e3633af+code:0d11810b780ae8f8),FOCC-1100:TOP_LONG,FOCC-1100,FN,TOP_LONG,FOOTING_TOP_LONG,WHOLE_COMPONENT,NOT_APPLICABLE,0.0,,,,NO_GRAPHIC_EVIDENCE,unchanged (frozen NOT_APPLICABLE),,NONE,0.0,0.0,[],NOT_APPLICABLE,NOT_APPLICABLE,,,,{},[],frozen NOT_APPLICABLE carried
S4.1-D0040,NO_CHANGE,research/alsenan_footing_rebar_s4/S4_FREEZE_MANIFEST.json (e3633af+code:0d11810b780ae8f8),FOCC-1100:TOP_SHORT,FOCC-1100,FN,TOP_SHORT,FOOTING_TOP_SHORT,WHOLE_COMPONENT,NOT_APPLICABLE,0.0,,,,NO_GRAPHIC_EVIDENCE,unchanged (frozen NOT_APPLICABLE),,NONE,0.0,0.0,[],NOT_APPLICABLE,NOT_APPLICABLE,,,,{},[],frozen NOT_APPLICABLE carried
S4.1-D0041,FACET_ADDED,research/alsenan_footing_rebar_s4/S4_FREEZE_MANIFEST.json (e3633af+code:0d11810b780ae8f8),FOCC-1100:BOXED,FOCC-1100,FN,BOXED,BOXED_REBAR,WHOLE_COMPONENT,BLOCKED_UNQUANTIFIED,0.0,ST7757.pdf p.13 'TYP. DETAIL OF ISOLATED FOOTING' (both variants),ST7757.pdf p.13,p13:S-REIN.D boxed_inverted_U (SHALLOW + DEEP),GRAPHIC_EXPLICIT_SHAPE_ONLY,"BOXED = inverted U (shape recorded); quantity blocked: no external diameter, no reading of 3+n",SHAPE_FOUND_LENGTH_BLOCKED,NONE,0.0,0.0,"[""FOCC-1100:BOXED""]",BLOCKED_UNQUANTIFIED,BLOCKED_UNQUANTIFIED,,,,"{""BOXED_KG"": ""BLOCKED_UNQUANTIFIED"", ""COUNT"": ""BLOCKED (3+n unresolved)"", ""DIAMETER"": ""SOURCE_EXPECTED_NOT_LOCATED (S4-02)"", ""EXISTENCE"": ""SOURCE_EXPECTED_NOT_LOCATED (FN cell blank, S4-05)"", ""MEANING_OF_3_PLUS_N"": ""SOURCE_EXPECTED_NOT_LOCATED (S4-01)"", ""ORIENTATION"": ""SOURCE_EXPECTED_NOT_LOCATED (S4-04)"", ""SHAPE"": ""SOURCE_FOUND_EXPLICIT (inverted U, legs to the bottom-bar level, no hooks)""}","[""E-PDF-01"", ""E-DXF-01""]","shape facet found; count, diameter and orientation still not located"
S4.1-D0042,NO_CHANGE,research/alsenan_footing_rebar_s4/S4_FREEZE_MANIFEST.json (e3633af+code:0d11810b780ae8f8),FOCC-1100:STARTER_DOWEL_REFERENCE,FOCC-1100,FN,STARTER_DOWEL_REFERENCE,STARTER,WHOLE_COMPONENT,NOT_APPLICABLE,0.0,,,,NO_GRAPHIC_EVIDENCE,unchanged (frozen NOT_APPLICABLE),,NONE,0.0,0.0,[],NOT_APPLICABLE,NOT_APPLICABLE,,,,{},[],frozen NOT_APPLICABLE carried
S4.1-D0043,SEMANTIC_CORRECTION,research/alsenan_footing_rebar_s4/S4_FREEZE_MANIFEST.json (e3633af+code:0d11810b780ae8f8),FOCC-165C:BOTTOM_LONG,FOCC-165C,F2,BOTTOM_LONG,FOOTING_BOTTOM_LONG,STRAIGHT_RUN,VERIFIED,20.337778,ST7757.pdf p.13 'TYP. DETAIL OF ISOLATED FOOTING' (both variants),ST7757.pdf p.13,p13:S-REIN.D long_bar_U (SHALLOW + DEEP),GRAPHIC_EXPLICIT_SHAPE_ONLY,U BAR = STRAIGHT_RUN + LEFT/RIGHT_UPTURN_LEG + LEFT/RIGHT_45_DEG_END (+2 bends); frozen straight length kept as KNOWN_STRAIGHT_SEGMENT; COMPLETE_BAR = LOWER_BOUND,KNOWN_STRAIGHT_SEGMENT,FROZEN_SOURCE_QUANTITY,0.0,20.337778,"[""FOCC-165C:BOTTOM_LONG:UPTURN_LEG_1"", ""FOCC-165C:BOTTOM_LONG:UPTURN_LEG_2"", ""FOCC-165C:BOTTOM_LONG:END_HOOK_1"", ""FOCC-165C:BOTTOM_LONG:END_HOOK_2"", ""FOCC-165C:BOTTOM_LONG:BEND_ARC_1"", ""FOCC-165C:BOTTOM_LONG:BEND_ARC_2""]",LOWER_BOUND,LOWER_BOUND,12,13,1760.0,"{""BEND_ARC"": ""SHAPE_FOUND_LENGTH_BLOCKED"", ""COMPLETE_BAR"": ""LOWER_BOUND"", ""END_HOOK_45"": ""SHAPE_FOUND_LENGTH_BLOCKED"", ""SHAPE"": ""SOURCE_FOUND_EXPLICIT (U with 45° ends)"", ""STRAIGHT_RUN"": ""KNOWN_STRAIGHT_SEGMENT"", ""UPTURN_LEG"": ""SHAPE_FOUND_LENGTH_BLOCKED""}","[""E-PDF-01""]","frozen straight length (schedule span - 2 x 70 mm cover) stays valid known steel; the p.13 drawing shows this run as the base of a U, so the complete bar is longer: VERIFIED (complete straight bar) -> KNOWN_STRAIGHT_SEGMENT, COMPLETE_BAR LOWER_BOUND"
S4.1-D0044,PORTION_DECOMPOSITION,research/alsenan_footing_rebar_s4/S4_FREEZE_MANIFEST.json (e3633af+code:0d11810b780ae8f8),FOCC-165C:BOTTOM_LONG,FOCC-165C,F2,BOTTOM_LONG,FOOTING_BOTTOM_LONG,UPTURN_LEG_1,VERIFIED,0.0,ST7757.pdf p.13 'TYP. DETAIL OF ISOLATED FOOTING' (both variants),ST7757.pdf p.13,p13:S-REIN.D long_bar_U (SHALLOW + DEEP),GRAPHIC_EXPLICIT_SHAPE_ONLY,U BAR = STRAIGHT_RUN + LEFT/RIGHT_UPTURN_LEG + LEFT/RIGHT_45_DEG_END (+2 bends); frozen straight length kept as KNOWN_STRAIGHT_SEGMENT; COMPLETE_BAR = LOWER_BOUND,SHAPE_FOUND_LENGTH_BLOCKED,NONE,0.0,0.0,"[""FOCC-165C:BOTTOM_LONG:UPTURN_LEG_1"", ""FOCC-165C:BOTTOM_LONG:UPTURN_LEG_2"", ""FOCC-165C:BOTTOM_LONG:END_HOOK_1"", ""FOCC-165C:BOTTOM_LONG:END_HOOK_2"", ""FOCC-165C:BOTTOM_LONG:BEND_ARC_1"", ""FOCC-165C:BOTTOM_LONG:BEND_ARC_2""]",LOWER_BOUND,LOWER_BOUND,12,13,1760.0,"{""BEND_ARC"": ""SHAPE_FOUND_LENGTH_BLOCKED"", ""COMPLETE_BAR"": ""LOWER_BOUND"", ""END_HOOK_45"": ""SHAPE_FOUND_LENGTH_BLOCKED"", ""SHAPE"": ""SOURCE_FOUND_EXPLICIT (U with 45° ends)"", ""STRAIGHT_RUN"": ""KNOWN_STRAIGHT_SEGMENT"", ""UPTURN_LEG"": ""SHAPE_FOUND_LENGTH_BLOCKED""}","[""E-PDF-01""]","leg drawn (shares the bottom-run vertex) but its top endpoint is not bound to a dimensioned level: rule-B derivation from D, cover and bar levels fails (ENDPOINTS_DETERMINISTIC); no length by scale"
S4.1-D0045,PORTION_DECOMPOSITION,research/alsenan_footing_rebar_s4/S4_FREEZE_MANIFEST.json (e3633af+code:0d11810b780ae8f8),FOCC-165C:BOTTOM_LONG,FOCC-165C,F2,BOTTOM_LONG,FOOTING_BOTTOM_LONG,UPTURN_LEG_2,VERIFIED,0.0,ST7757.pdf p.13 'TYP. DETAIL OF ISOLATED FOOTING' (both variants),ST7757.pdf p.13,p13:S-REIN.D long_bar_U (SHALLOW + DEEP),GRAPHIC_EXPLICIT_SHAPE_ONLY,U BAR = STRAIGHT_RUN + LEFT/RIGHT_UPTURN_LEG + LEFT/RIGHT_45_DEG_END (+2 bends); frozen straight length kept as KNOWN_STRAIGHT_SEGMENT; COMPLETE_BAR = LOWER_BOUND,SHAPE_FOUND_LENGTH_BLOCKED,NONE,0.0,0.0,"[""FOCC-165C:BOTTOM_LONG:UPTURN_LEG_1"", ""FOCC-165C:BOTTOM_LONG:UPTURN_LEG_2"", ""FOCC-165C:BOTTOM_LONG:END_HOOK_1"", ""FOCC-165C:BOTTOM_LONG:END_HOOK_2"", ""FOCC-165C:BOTTOM_LONG:BEND_ARC_1"", ""FOCC-165C:BOTTOM_LONG:BEND_ARC_2""]",LOWER_BOUND,LOWER_BOUND,12,13,1760.0,"{""BEND_ARC"": ""SHAPE_FOUND_LENGTH_BLOCKED"", ""COMPLETE_BAR"": ""LOWER_BOUND"", ""END_HOOK_45"": ""SHAPE_FOUND_LENGTH_BLOCKED"", ""SHAPE"": ""SOURCE_FOUND_EXPLICIT (U with 45° ends)"", ""STRAIGHT_RUN"": ""KNOWN_STRAIGHT_SEGMENT"", ""UPTURN_LEG"": ""SHAPE_FOUND_LENGTH_BLOCKED""}","[""E-PDF-01""]","leg drawn (shares the bottom-run vertex) but its top endpoint is not bound to a dimensioned level: rule-B derivation from D, cover and bar levels fails (ENDPOINTS_DETERMINISTIC); no length by scale"
S4.1-D0046,PORTION_DECOMPOSITION,research/alsenan_footing_rebar_s4/S4_FREEZE_MANIFEST.json (e3633af+code:0d11810b780ae8f8),FOCC-165C:BOTTOM_LONG,FOCC-165C,F2,BOTTOM_LONG,FOOTING_BOTTOM_LONG,END_HOOK_1,VERIFIED,0.0,ST7757.pdf p.13 'TYP. DETAIL OF ISOLATED FOOTING' (both variants),ST7757.pdf p.13,p13:S-REIN.D long_bar_U (SHALLOW + DEEP),GRAPHIC_EXPLICIT_SHAPE_ONLY,U BAR = STRAIGHT_RUN + LEFT/RIGHT_UPTURN_LEG + LEFT/RIGHT_45_DEG_END (+2 bends); frozen straight length kept as KNOWN_STRAIGHT_SEGMENT; COMPLETE_BAR = LOWER_BOUND,SHAPE_FOUND_LENGTH_BLOCKED,NONE,0.0,0.0,"[""FOCC-165C:BOTTOM_LONG:UPTURN_LEG_1"", ""FOCC-165C:BOTTOM_LONG:UPTURN_LEG_2"", ""FOCC-165C:BOTTOM_LONG:END_HOOK_1"", ""FOCC-165C:BOTTOM_LONG:END_HOOK_2"", ""FOCC-165C:BOTTOM_LONG:BEND_ARC_1"", ""FOCC-165C:BOTTOM_LONG:BEND_ARC_2""]",LOWER_BOUND,LOWER_BOUND,12,13,1760.0,"{""BEND_ARC"": ""SHAPE_FOUND_LENGTH_BLOCKED"", ""COMPLETE_BAR"": ""LOWER_BOUND"", ""END_HOOK_45"": ""SHAPE_FOUND_LENGTH_BLOCKED"", ""SHAPE"": ""SOURCE_FOUND_EXPLICIT (U with 45° ends)"", ""STRAIGHT_RUN"": ""KNOWN_STRAIGHT_SEGMENT"", ""UPTURN_LEG"": ""SHAPE_FOUND_LENGTH_BLOCKED""}","[""E-PDF-01""]",45° end drawn at the leg top (SHAPE_FOUND); hook length not dimensioned or noted
S4.1-D0047,PORTION_DECOMPOSITION,research/alsenan_footing_rebar_s4/S4_FREEZE_MANIFEST.json (e3633af+code:0d11810b780ae8f8),FOCC-165C:BOTTOM_LONG,FOCC-165C,F2,BOTTOM_LONG,FOOTING_BOTTOM_LONG,END_HOOK_2,VERIFIED,0.0,ST7757.pdf p.13 'TYP. DETAIL OF ISOLATED FOOTING' (both variants),ST7757.pdf p.13,p13:S-REIN.D long_bar_U (SHALLOW + DEEP),GRAPHIC_EXPLICIT_SHAPE_ONLY,U BAR = STRAIGHT_RUN + LEFT/RIGHT_UPTURN_LEG + LEFT/RIGHT_45_DEG_END (+2 bends); frozen straight length kept as KNOWN_STRAIGHT_SEGMENT; COMPLETE_BAR = LOWER_BOUND,SHAPE_FOUND_LENGTH_BLOCKED,NONE,0.0,0.0,"[""FOCC-165C:BOTTOM_LONG:UPTURN_LEG_1"", ""FOCC-165C:BOTTOM_LONG:UPTURN_LEG_2"", ""FOCC-165C:BOTTOM_LONG:END_HOOK_1"", ""FOCC-165C:BOTTOM_LONG:END_HOOK_2"", ""FOCC-165C:BOTTOM_LONG:BEND_ARC_1"", ""FOCC-165C:BOTTOM_LONG:BEND_ARC_2""]",LOWER_BOUND,LOWER_BOUND,12,13,1760.0,"{""BEND_ARC"": ""SHAPE_FOUND_LENGTH_BLOCKED"", ""COMPLETE_BAR"": ""LOWER_BOUND"", ""END_HOOK_45"": ""SHAPE_FOUND_LENGTH_BLOCKED"", ""SHAPE"": ""SOURCE_FOUND_EXPLICIT (U with 45° ends)"", ""STRAIGHT_RUN"": ""KNOWN_STRAIGHT_SEGMENT"", ""UPTURN_LEG"": ""SHAPE_FOUND_LENGTH_BLOCKED""}","[""E-PDF-01""]",45° end drawn at the leg top (SHAPE_FOUND); hook length not dimensioned or noted
S4.1-D0048,PORTION_DECOMPOSITION,research/alsenan_footing_rebar_s4/S4_FREEZE_MANIFEST.json (e3633af+code:0d11810b780ae8f8),FOCC-165C:BOTTOM_LONG,FOCC-165C,F2,BOTTOM_LONG,FOOTING_BOTTOM_LONG,BEND_ARC_1,VERIFIED,0.0,ST7757.pdf p.13 'TYP. DETAIL OF ISOLATED FOOTING' (both variants),ST7757.pdf p.13,p13:S-REIN.D long_bar_U (SHALLOW + DEEP),GRAPHIC_EXPLICIT_SHAPE_ONLY,U BAR = STRAIGHT_RUN + LEFT/RIGHT_UPTURN_LEG + LEFT/RIGHT_45_DEG_END (+2 bends); frozen straight length kept as KNOWN_STRAIGHT_SEGMENT; COMPLETE_BAR = LOWER_BOUND,SHAPE_FOUND_LENGTH_BLOCKED,NONE,0.0,0.0,"[""FOCC-165C:BOTTOM_LONG:UPTURN_LEG_1"", ""FOCC-165C:BOTTOM_LONG:UPTURN_LEG_2"", ""FOCC-165C:BOTTOM_LONG:END_HOOK_1"", ""FOCC-165C:BOTTOM_LONG:END_HOOK_2"", ""FOCC-165C:BOTTOM_LONG:BEND_ARC_1"", ""FOCC-165C:BOTTOM_LONG:BEND_ARC_2""]",LOWER_BOUND,LOWER_BOUND,12,13,1760.0,"{""BEND_ARC"": ""SHAPE_FOUND_LENGTH_BLOCKED"", ""COMPLETE_BAR"": ""LOWER_BOUND"", ""END_HOOK_45"": ""SHAPE_FOUND_LENGTH_BLOCKED"", ""SHAPE"": ""SOURCE_FOUND_EXPLICIT (U with 45° ends)"", ""STRAIGHT_RUN"": ""KNOWN_STRAIGHT_SEGMENT"", ""UPTURN_LEG"": ""SHAPE_FOUND_LENGTH_BLOCKED""}","[""E-PDF-01""]",bend at the base / leg corner exists (shared vertex); bend radius not drawn or noted
S4.1-D0049,PORTION_DECOMPOSITION,research/alsenan_footing_rebar_s4/S4_FREEZE_MANIFEST.json (e3633af+code:0d11810b780ae8f8),FOCC-165C:BOTTOM_LONG,FOCC-165C,F2,BOTTOM_LONG,FOOTING_BOTTOM_LONG,BEND_ARC_2,VERIFIED,0.0,ST7757.pdf p.13 'TYP. DETAIL OF ISOLATED FOOTING' (both variants),ST7757.pdf p.13,p13:S-REIN.D long_bar_U (SHALLOW + DEEP),GRAPHIC_EXPLICIT_SHAPE_ONLY,U BAR = STRAIGHT_RUN + LEFT/RIGHT_UPTURN_LEG + LEFT/RIGHT_45_DEG_END (+2 bends); frozen straight length kept as KNOWN_STRAIGHT_SEGMENT; COMPLETE_BAR = LOWER_BOUND,SHAPE_FOUND_LENGTH_BLOCKED,NONE,0.0,0.0,"[""FOCC-165C:BOTTOM_LONG:UPTURN_LEG_1"", ""FOCC-165C:BOTTOM_LONG:UPTURN_LEG_2"", ""FOCC-165C:BOTTOM_LONG:END_HOOK_1"", ""FOCC-165C:BOTTOM_LONG:END_HOOK_2"", ""FOCC-165C:BOTTOM_LONG:BEND_ARC_1"", ""FOCC-165C:BOTTOM_LONG:BEND_ARC_2""]",LOWER_BOUND,LOWER_BOUND,12,13,1760.0,"{""BEND_ARC"": ""SHAPE_FOUND_LENGTH_BLOCKED"", ""COMPLETE_BAR"": ""LOWER_BOUND"", ""END_HOOK_45"": ""SHAPE_FOUND_LENGTH_BLOCKED"", ""SHAPE"": ""SOURCE_FOUND_EXPLICIT (U with 45° ends)"", ""STRAIGHT_RUN"": ""KNOWN_STRAIGHT_SEGMENT"", ""UPTURN_LEG"": ""SHAPE_FOUND_LENGTH_BLOCKED""}","[""E-PDF-01""]",bend at the base / leg corner exists (shared vertex); bend radius not drawn or noted
S4.1-D0050,SEMANTIC_CORRECTION,research/alsenan_footing_rebar_s4/S4_FREEZE_MANIFEST.json (e3633af+code:0d11810b780ae8f8),FOCC-165C:BOTTOM_SHORT,FOCC-165C,F2,BOTTOM_SHORT,FOOTING_BOTTOM_SHORT,STRAIGHT_RUN,VERIFIED,18.026667,ST7757.pdf p.13 'TYP. DETAIL OF ISOLATED FOOTING' (both variants),ST7757.pdf p.13,p13:S-REIN.D dots in section,GRAPHIC_NTS_OR_UNDIMENSIONED,"STRAIGHT_RUN (frozen, KNOWN_STRAIGHT_SEGMENT) + END_TREATMENT_1/2 (not drawn); the long-bar U is NOT copied; COMPLETE_BAR = LOWER_BOUND",KNOWN_STRAIGHT_SEGMENT,FROZEN_SOURCE_QUANTITY,0.0,18.026667,"[""FOCC-165C:BOTTOM_SHORT:END_TREATMENT_1"", ""FOCC-165C:BOTTOM_SHORT:END_TREATMENT_2""]",LOWER_BOUND,LOWER_BOUND,12,13,1560.0,"{""COMPLETE_BAR"": ""LOWER_BOUND"", ""END_TREATMENT"": ""BLOCKED_UNQUANTIFIED"", ""SHAPE"": ""NOT_DRAWN (dots in section only)"", ""STRAIGHT_RUN"": ""KNOWN_STRAIGHT_SEGMENT""}","[""E-PDF-01""]","frozen straight length stays valid known steel; the p.13 detail shows short bars only as dots, so 'straight' is not supported: VERIFIED -> KNOWN_STRAIGHT_SEGMENT, COMPLETE_BAR LOWER_BOUND"
S4.1-D0051,PORTION_DECOMPOSITION,research/alsenan_footing_rebar_s4/S4_FREEZE_MANIFEST.json (e3633af+code:0d11810b780ae8f8),FOCC-165C:BOTTOM_SHORT,FOCC-165C,F2,BOTTOM_SHORT,FOOTING_BOTTOM_SHORT,END_TREATMENT_1,VERIFIED,0.0,ST7757.pdf p.13 'TYP. DETAIL OF ISOLATED FOOTING' (both variants),ST7757.pdf p.13,p13:S-REIN.D dots in section,NO_GRAPHIC_EVIDENCE,"STRAIGHT_RUN (frozen, KNOWN_STRAIGHT_SEGMENT) + END_TREATMENT_1/2 (not drawn); the long-bar U is NOT copied; COMPLETE_BAR = LOWER_BOUND",BLOCKED_UNQUANTIFIED,NONE,0.0,0.0,"[""FOCC-165C:BOTTOM_SHORT:END_TREATMENT_1"", ""FOCC-165C:BOTTOM_SHORT:END_TREATMENT_2""]",LOWER_BOUND,LOWER_BOUND,12,13,1560.0,"{""COMPLETE_BAR"": ""LOWER_BOUND"", ""END_TREATMENT"": ""BLOCKED_UNQUANTIFIED"", ""SHAPE"": ""NOT_DRAWN (dots in section only)"", ""STRAIGHT_RUN"": ""KNOWN_STRAIGHT_SEGMENT""}","[""E-PDF-01""]",end shape not drawn anywhere in the set (S4-13); the long-bar U is not copied (brief §4)
S4.1-D0052,PORTION_DECOMPOSITION,research/alsenan_footing_rebar_s4/S4_FREEZE_MANIFEST.json (e3633af+code:0d11810b780ae8f8),FOCC-165C:BOTTOM_SHORT,FOCC-165C,F2,BOTTOM_SHORT,FOOTING_BOTTOM_SHORT,END_TREATMENT_2,VERIFIED,0.0,ST7757.pdf p.13 'TYP. DETAIL OF ISOLATED FOOTING' (both variants),ST7757.pdf p.13,p13:S-REIN.D dots in section,NO_GRAPHIC_EVIDENCE,"STRAIGHT_RUN (frozen, KNOWN_STRAIGHT_SEGMENT) + END_TREATMENT_1/2 (not drawn); the long-bar U is NOT copied; COMPLETE_BAR = LOWER_BOUND",BLOCKED_UNQUANTIFIED,NONE,0.0,0.0,"[""FOCC-165C:BOTTOM_SHORT:END_TREATMENT_1"", ""FOCC-165C:BOTTOM_SHORT:END_TREATMENT_2""]",LOWER_BOUND,LOWER_BOUND,12,13,1560.0,"{""COMPLETE_BAR"": ""LOWER_BOUND"", ""END_TREATMENT"": ""BLOCKED_UNQUANTIFIED"", ""SHAPE"": ""NOT_DRAWN (dots in section only)"", ""STRAIGHT_RUN"": ""KNOWN_STRAIGHT_SEGMENT""}","[""E-PDF-01""]",end shape not drawn anywhere in the set (S4-13); the long-bar U is not copied (brief §4)
S4.1-D0053,NO_CHANGE,research/alsenan_footing_rebar_s4/S4_FREEZE_MANIFEST.json (e3633af+code:0d11810b780ae8f8),FOCC-165C:TOP_LONG,FOCC-165C,F2,TOP_LONG,FOOTING_TOP_LONG,WHOLE_COMPONENT,NOT_APPLICABLE,0.0,,,,NO_GRAPHIC_EVIDENCE,unchanged (frozen NOT_APPLICABLE),,NONE,0.0,0.0,[],NOT_APPLICABLE,NOT_APPLICABLE,,,,{},[],frozen NOT_APPLICABLE carried
S4.1-D0054,NO_CHANGE,research/alsenan_footing_rebar_s4/S4_FREEZE_MANIFEST.json (e3633af+code:0d11810b780ae8f8),FOCC-165C:TOP_SHORT,FOCC-165C,F2,TOP_SHORT,FOOTING_TOP_SHORT,WHOLE_COMPONENT,NOT_APPLICABLE,0.0,,,,NO_GRAPHIC_EVIDENCE,unchanged (frozen NOT_APPLICABLE),,NONE,0.0,0.0,[],NOT_APPLICABLE,NOT_APPLICABLE,,,,{},[],frozen NOT_APPLICABLE carried
S4.1-D0055,FACET_ADDED,research/alsenan_footing_rebar_s4/S4_FREEZE_MANIFEST.json (e3633af+code:0d11810b780ae8f8),FOCC-165C:BOXED,FOCC-165C,F2,BOXED,BOXED_REBAR,WHOLE_COMPONENT,BLOCKED_UNQUANTIFIED,0.0,ST7757.pdf p.13 'TYP. DETAIL OF ISOLATED FOOTING' (both variants),ST7757.pdf p.13,p13:S-REIN.D boxed_inverted_U (SHALLOW + DEEP),GRAPHIC_EXPLICIT_SHAPE_ONLY,"BOXED = inverted U (shape recorded); quantity blocked: no external diameter, no reading of 3+n",SHAPE_FOUND_LENGTH_BLOCKED,NONE,0.0,0.0,"[""FOCC-165C:BOXED""]",BLOCKED_UNQUANTIFIED,BLOCKED_UNQUANTIFIED,,,,"{""BOXED_KG"": ""BLOCKED_UNQUANTIFIED"", ""COUNT"": ""BLOCKED (3+n unresolved)"", ""DIAMETER"": ""SOURCE_EXPECTED_NOT_LOCATED (S4-02)"", ""EXISTENCE"": ""SOURCE_FOUND_EXPLICIT (schedule cell '3+4')"", ""MEANING_OF_3_PLUS_N"": ""SOURCE_EXPECTED_NOT_LOCATED (S4-01)"", ""ORIENTATION"": ""SOURCE_EXPECTED_NOT_LOCATED (S4-04)"", ""SHAPE"": ""SOURCE_FOUND_EXPLICIT (inverted U, legs to the bottom-bar level, no hooks)""}","[""E-PDF-01"", ""E-DXF-01""]","shape facet found; count, diameter and orientation still not located"
S4.1-D0056,NO_CHANGE,research/alsenan_footing_rebar_s4/S4_FREEZE_MANIFEST.json (e3633af+code:0d11810b780ae8f8),FOCC-165C:STARTER_DOWEL_REFERENCE,FOCC-165C,F2,STARTER_DOWEL_REFERENCE,STARTER,WHOLE_COMPONENT,NOT_APPLICABLE,0.0,,,,NO_GRAPHIC_EVIDENCE,unchanged (frozen NOT_APPLICABLE),,NONE,0.0,0.0,[],NOT_APPLICABLE,NOT_APPLICABLE,,,,{},[],frozen NOT_APPLICABLE carried
S4.1-D0057,SEMANTIC_CORRECTION,research/alsenan_footing_rebar_s4/S4_FREEZE_MANIFEST.json (e3633af+code:0d11810b780ae8f8),FOCC-1663:BOTTOM_LONG,FOCC-1663,F2,BOTTOM_LONG,FOOTING_BOTTOM_LONG,STRAIGHT_RUN,VERIFIED,20.337778,ST7757.pdf p.13 'TYP. DETAIL OF ISOLATED FOOTING' (both variants),ST7757.pdf p.13,p13:S-REIN.D long_bar_U (SHALLOW + DEEP),GRAPHIC_EXPLICIT_SHAPE_ONLY,U BAR = STRAIGHT_RUN + LEFT/RIGHT_UPTURN_LEG + LEFT/RIGHT_45_DEG_END (+2 bends); frozen straight length kept as KNOWN_STRAIGHT_SEGMENT; COMPLETE_BAR = LOWER_BOUND,KNOWN_STRAIGHT_SEGMENT,FROZEN_SOURCE_QUANTITY,0.0,20.337778,"[""FOCC-1663:BOTTOM_LONG:UPTURN_LEG_1"", ""FOCC-1663:BOTTOM_LONG:UPTURN_LEG_2"", ""FOCC-1663:BOTTOM_LONG:END_HOOK_1"", ""FOCC-1663:BOTTOM_LONG:END_HOOK_2"", ""FOCC-1663:BOTTOM_LONG:BEND_ARC_1"", ""FOCC-1663:BOTTOM_LONG:BEND_ARC_2""]",LOWER_BOUND,LOWER_BOUND,12,13,1760.0,"{""BEND_ARC"": ""SHAPE_FOUND_LENGTH_BLOCKED"", ""COMPLETE_BAR"": ""LOWER_BOUND"", ""END_HOOK_45"": ""SHAPE_FOUND_LENGTH_BLOCKED"", ""SHAPE"": ""SOURCE_FOUND_EXPLICIT (U with 45° ends)"", ""STRAIGHT_RUN"": ""KNOWN_STRAIGHT_SEGMENT"", ""UPTURN_LEG"": ""SHAPE_FOUND_LENGTH_BLOCKED""}","[""E-PDF-01""]","frozen straight length (schedule span - 2 x 70 mm cover) stays valid known steel; the p.13 drawing shows this run as the base of a U, so the complete bar is longer: VERIFIED (complete straight bar) -> KNOWN_STRAIGHT_SEGMENT, COMPLETE_BAR LOWER_BOUND"
S4.1-D0058,PORTION_DECOMPOSITION,research/alsenan_footing_rebar_s4/S4_FREEZE_MANIFEST.json (e3633af+code:0d11810b780ae8f8),FOCC-1663:BOTTOM_LONG,FOCC-1663,F2,BOTTOM_LONG,FOOTING_BOTTOM_LONG,UPTURN_LEG_1,VERIFIED,0.0,ST7757.pdf p.13 'TYP. DETAIL OF ISOLATED FOOTING' (both variants),ST7757.pdf p.13,p13:S-REIN.D long_bar_U (SHALLOW + DEEP),GRAPHIC_EXPLICIT_SHAPE_ONLY,U BAR = STRAIGHT_RUN + LEFT/RIGHT_UPTURN_LEG + LEFT/RIGHT_45_DEG_END (+2 bends); frozen straight length kept as KNOWN_STRAIGHT_SEGMENT; COMPLETE_BAR = LOWER_BOUND,SHAPE_FOUND_LENGTH_BLOCKED,NONE,0.0,0.0,"[""FOCC-1663:BOTTOM_LONG:UPTURN_LEG_1"", ""FOCC-1663:BOTTOM_LONG:UPTURN_LEG_2"", ""FOCC-1663:BOTTOM_LONG:END_HOOK_1"", ""FOCC-1663:BOTTOM_LONG:END_HOOK_2"", ""FOCC-1663:BOTTOM_LONG:BEND_ARC_1"", ""FOCC-1663:BOTTOM_LONG:BEND_ARC_2""]",LOWER_BOUND,LOWER_BOUND,12,13,1760.0,"{""BEND_ARC"": ""SHAPE_FOUND_LENGTH_BLOCKED"", ""COMPLETE_BAR"": ""LOWER_BOUND"", ""END_HOOK_45"": ""SHAPE_FOUND_LENGTH_BLOCKED"", ""SHAPE"": ""SOURCE_FOUND_EXPLICIT (U with 45° ends)"", ""STRAIGHT_RUN"": ""KNOWN_STRAIGHT_SEGMENT"", ""UPTURN_LEG"": ""SHAPE_FOUND_LENGTH_BLOCKED""}","[""E-PDF-01""]","leg drawn (shares the bottom-run vertex) but its top endpoint is not bound to a dimensioned level: rule-B derivation from D, cover and bar levels fails (ENDPOINTS_DETERMINISTIC); no length by scale"
S4.1-D0059,PORTION_DECOMPOSITION,research/alsenan_footing_rebar_s4/S4_FREEZE_MANIFEST.json (e3633af+code:0d11810b780ae8f8),FOCC-1663:BOTTOM_LONG,FOCC-1663,F2,BOTTOM_LONG,FOOTING_BOTTOM_LONG,UPTURN_LEG_2,VERIFIED,0.0,ST7757.pdf p.13 'TYP. DETAIL OF ISOLATED FOOTING' (both variants),ST7757.pdf p.13,p13:S-REIN.D long_bar_U (SHALLOW + DEEP),GRAPHIC_EXPLICIT_SHAPE_ONLY,U BAR = STRAIGHT_RUN + LEFT/RIGHT_UPTURN_LEG + LEFT/RIGHT_45_DEG_END (+2 bends); frozen straight length kept as KNOWN_STRAIGHT_SEGMENT; COMPLETE_BAR = LOWER_BOUND,SHAPE_FOUND_LENGTH_BLOCKED,NONE,0.0,0.0,"[""FOCC-1663:BOTTOM_LONG:UPTURN_LEG_1"", ""FOCC-1663:BOTTOM_LONG:UPTURN_LEG_2"", ""FOCC-1663:BOTTOM_LONG:END_HOOK_1"", ""FOCC-1663:BOTTOM_LONG:END_HOOK_2"", ""FOCC-1663:BOTTOM_LONG:BEND_ARC_1"", ""FOCC-1663:BOTTOM_LONG:BEND_ARC_2""]",LOWER_BOUND,LOWER_BOUND,12,13,1760.0,"{""BEND_ARC"": ""SHAPE_FOUND_LENGTH_BLOCKED"", ""COMPLETE_BAR"": ""LOWER_BOUND"", ""END_HOOK_45"": ""SHAPE_FOUND_LENGTH_BLOCKED"", ""SHAPE"": ""SOURCE_FOUND_EXPLICIT (U with 45° ends)"", ""STRAIGHT_RUN"": ""KNOWN_STRAIGHT_SEGMENT"", ""UPTURN_LEG"": ""SHAPE_FOUND_LENGTH_BLOCKED""}","[""E-PDF-01""]","leg drawn (shares the bottom-run vertex) but its top endpoint is not bound to a dimensioned level: rule-B derivation from D, cover and bar levels fails (ENDPOINTS_DETERMINISTIC); no length by scale"
S4.1-D0060,PORTION_DECOMPOSITION,research/alsenan_footing_rebar_s4/S4_FREEZE_MANIFEST.json (e3633af+code:0d11810b780ae8f8),FOCC-1663:BOTTOM_LONG,FOCC-1663,F2,BOTTOM_LONG,FOOTING_BOTTOM_LONG,END_HOOK_1,VERIFIED,0.0,ST7757.pdf p.13 'TYP. DETAIL OF ISOLATED FOOTING' (both variants),ST7757.pdf p.13,p13:S-REIN.D long_bar_U (SHALLOW + DEEP),GRAPHIC_EXPLICIT_SHAPE_ONLY,U BAR = STRAIGHT_RUN + LEFT/RIGHT_UPTURN_LEG + LEFT/RIGHT_45_DEG_END (+2 bends); frozen straight length kept as KNOWN_STRAIGHT_SEGMENT; COMPLETE_BAR = LOWER_BOUND,SHAPE_FOUND_LENGTH_BLOCKED,NONE,0.0,0.0,"[""FOCC-1663:BOTTOM_LONG:UPTURN_LEG_1"", ""FOCC-1663:BOTTOM_LONG:UPTURN_LEG_2"", ""FOCC-1663:BOTTOM_LONG:END_HOOK_1"", ""FOCC-1663:BOTTOM_LONG:END_HOOK_2"", ""FOCC-1663:BOTTOM_LONG:BEND_ARC_1"", ""FOCC-1663:BOTTOM_LONG:BEND_ARC_2""]",LOWER_BOUND,LOWER_BOUND,12,13,1760.0,"{""BEND_ARC"": ""SHAPE_FOUND_LENGTH_BLOCKED"", ""COMPLETE_BAR"": ""LOWER_BOUND"", ""END_HOOK_45"": ""SHAPE_FOUND_LENGTH_BLOCKED"", ""SHAPE"": ""SOURCE_FOUND_EXPLICIT (U with 45° ends)"", ""STRAIGHT_RUN"": ""KNOWN_STRAIGHT_SEGMENT"", ""UPTURN_LEG"": ""SHAPE_FOUND_LENGTH_BLOCKED""}","[""E-PDF-01""]",45° end drawn at the leg top (SHAPE_FOUND); hook length not dimensioned or noted
S4.1-D0061,PORTION_DECOMPOSITION,research/alsenan_footing_rebar_s4/S4_FREEZE_MANIFEST.json (e3633af+code:0d11810b780ae8f8),FOCC-1663:BOTTOM_LONG,FOCC-1663,F2,BOTTOM_LONG,FOOTING_BOTTOM_LONG,END_HOOK_2,VERIFIED,0.0,ST7757.pdf p.13 'TYP. DETAIL OF ISOLATED FOOTING' (both variants),ST7757.pdf p.13,p13:S-REIN.D long_bar_U (SHALLOW + DEEP),GRAPHIC_EXPLICIT_SHAPE_ONLY,U BAR = STRAIGHT_RUN + LEFT/RIGHT_UPTURN_LEG + LEFT/RIGHT_45_DEG_END (+2 bends); frozen straight length kept as KNOWN_STRAIGHT_SEGMENT; COMPLETE_BAR = LOWER_BOUND,SHAPE_FOUND_LENGTH_BLOCKED,NONE,0.0,0.0,"[""FOCC-1663:BOTTOM_LONG:UPTURN_LEG_1"", ""FOCC-1663:BOTTOM_LONG:UPTURN_LEG_2"", ""FOCC-1663:BOTTOM_LONG:END_HOOK_1"", ""FOCC-1663:BOTTOM_LONG:END_HOOK_2"", ""FOCC-1663:BOTTOM_LONG:BEND_ARC_1"", ""FOCC-1663:BOTTOM_LONG:BEND_ARC_2""]",LOWER_BOUND,LOWER_BOUND,12,13,1760.0,"{""BEND_ARC"": ""SHAPE_FOUND_LENGTH_BLOCKED"", ""COMPLETE_BAR"": ""LOWER_BOUND"", ""END_HOOK_45"": ""SHAPE_FOUND_LENGTH_BLOCKED"", ""SHAPE"": ""SOURCE_FOUND_EXPLICIT (U with 45° ends)"", ""STRAIGHT_RUN"": ""KNOWN_STRAIGHT_SEGMENT"", ""UPTURN_LEG"": ""SHAPE_FOUND_LENGTH_BLOCKED""}","[""E-PDF-01""]",45° end drawn at the leg top (SHAPE_FOUND); hook length not dimensioned or noted
S4.1-D0062,PORTION_DECOMPOSITION,research/alsenan_footing_rebar_s4/S4_FREEZE_MANIFEST.json (e3633af+code:0d11810b780ae8f8),FOCC-1663:BOTTOM_LONG,FOCC-1663,F2,BOTTOM_LONG,FOOTING_BOTTOM_LONG,BEND_ARC_1,VERIFIED,0.0,ST7757.pdf p.13 'TYP. DETAIL OF ISOLATED FOOTING' (both variants),ST7757.pdf p.13,p13:S-REIN.D long_bar_U (SHALLOW + DEEP),GRAPHIC_EXPLICIT_SHAPE_ONLY,U BAR = STRAIGHT_RUN + LEFT/RIGHT_UPTURN_LEG + LEFT/RIGHT_45_DEG_END (+2 bends); frozen straight length kept as KNOWN_STRAIGHT_SEGMENT; COMPLETE_BAR = LOWER_BOUND,SHAPE_FOUND_LENGTH_BLOCKED,NONE,0.0,0.0,"[""FOCC-1663:BOTTOM_LONG:UPTURN_LEG_1"", ""FOCC-1663:BOTTOM_LONG:UPTURN_LEG_2"", ""FOCC-1663:BOTTOM_LONG:END_HOOK_1"", ""FOCC-1663:BOTTOM_LONG:END_HOOK_2"", ""FOCC-1663:BOTTOM_LONG:BEND_ARC_1"", ""FOCC-1663:BOTTOM_LONG:BEND_ARC_2""]",LOWER_BOUND,LOWER_BOUND,12,13,1760.0,"{""BEND_ARC"": ""SHAPE_FOUND_LENGTH_BLOCKED"", ""COMPLETE_BAR"": ""LOWER_BOUND"", ""END_HOOK_45"": ""SHAPE_FOUND_LENGTH_BLOCKED"", ""SHAPE"": ""SOURCE_FOUND_EXPLICIT (U with 45° ends)"", ""STRAIGHT_RUN"": ""KNOWN_STRAIGHT_SEGMENT"", ""UPTURN_LEG"": ""SHAPE_FOUND_LENGTH_BLOCKED""}","[""E-PDF-01""]",bend at the base / leg corner exists (shared vertex); bend radius not drawn or noted
S4.1-D0063,PORTION_DECOMPOSITION,research/alsenan_footing_rebar_s4/S4_FREEZE_MANIFEST.json (e3633af+code:0d11810b780ae8f8),FOCC-1663:BOTTOM_LONG,FOCC-1663,F2,BOTTOM_LONG,FOOTING_BOTTOM_LONG,BEND_ARC_2,VERIFIED,0.0,ST7757.pdf p.13 'TYP. DETAIL OF ISOLATED FOOTING' (both variants),ST7757.pdf p.13,p13:S-REIN.D long_bar_U (SHALLOW + DEEP),GRAPHIC_EXPLICIT_SHAPE_ONLY,U BAR = STRAIGHT_RUN + LEFT/RIGHT_UPTURN_LEG + LEFT/RIGHT_45_DEG_END (+2 bends); frozen straight length kept as KNOWN_STRAIGHT_SEGMENT; COMPLETE_BAR = LOWER_BOUND,SHAPE_FOUND_LENGTH_BLOCKED,NONE,0.0,0.0,"[""FOCC-1663:BOTTOM_LONG:UPTURN_LEG_1"", ""FOCC-1663:BOTTOM_LONG:UPTURN_LEG_2"", ""FOCC-1663:BOTTOM_LONG:END_HOOK_1"", ""FOCC-1663:BOTTOM_LONG:END_HOOK_2"", ""FOCC-1663:BOTTOM_LONG:BEND_ARC_1"", ""FOCC-1663:BOTTOM_LONG:BEND_ARC_2""]",LOWER_BOUND,LOWER_BOUND,12,13,1760.0,"{""BEND_ARC"": ""SHAPE_FOUND_LENGTH_BLOCKED"", ""COMPLETE_BAR"": ""LOWER_BOUND"", ""END_HOOK_45"": ""SHAPE_FOUND_LENGTH_BLOCKED"", ""SHAPE"": ""SOURCE_FOUND_EXPLICIT (U with 45° ends)"", ""STRAIGHT_RUN"": ""KNOWN_STRAIGHT_SEGMENT"", ""UPTURN_LEG"": ""SHAPE_FOUND_LENGTH_BLOCKED""}","[""E-PDF-01""]",bend at the base / leg corner exists (shared vertex); bend radius not drawn or noted
S4.1-D0064,SEMANTIC_CORRECTION,research/alsenan_footing_rebar_s4/S4_FREEZE_MANIFEST.json (e3633af+code:0d11810b780ae8f8),FOCC-1663:BOTTOM_SHORT,FOCC-1663,F2,BOTTOM_SHORT,FOOTING_BOTTOM_SHORT,STRAIGHT_RUN,VERIFIED,18.026667,ST7757.pdf p.13 'TYP. DETAIL OF ISOLATED FOOTING' (both variants),ST7757.pdf p.13,p13:S-REIN.D dots in section,GRAPHIC_NTS_OR_UNDIMENSIONED,"STRAIGHT_RUN (frozen, KNOWN_STRAIGHT_SEGMENT) + END_TREATMENT_1/2 (not drawn); the long-bar U is NOT copied; COMPLETE_BAR = LOWER_BOUND",KNOWN_STRAIGHT_SEGMENT,FROZEN_SOURCE_QUANTITY,0.0,18.026667,"[""FOCC-1663:BOTTOM_SHORT:END_TREATMENT_1"", ""FOCC-1663:BOTTOM_SHORT:END_TREATMENT_2""]",LOWER_BOUND,LOWER_BOUND,12,13,1560.0,"{""COMPLETE_BAR"": ""LOWER_BOUND"", ""END_TREATMENT"": ""BLOCKED_UNQUANTIFIED"", ""SHAPE"": ""NOT_DRAWN (dots in section only)"", ""STRAIGHT_RUN"": ""KNOWN_STRAIGHT_SEGMENT""}","[""E-PDF-01""]","frozen straight length stays valid known steel; the p.13 detail shows short bars only as dots, so 'straight' is not supported: VERIFIED -> KNOWN_STRAIGHT_SEGMENT, COMPLETE_BAR LOWER_BOUND"
S4.1-D0065,PORTION_DECOMPOSITION,research/alsenan_footing_rebar_s4/S4_FREEZE_MANIFEST.json (e3633af+code:0d11810b780ae8f8),FOCC-1663:BOTTOM_SHORT,FOCC-1663,F2,BOTTOM_SHORT,FOOTING_BOTTOM_SHORT,END_TREATMENT_1,VERIFIED,0.0,ST7757.pdf p.13 'TYP. DETAIL OF ISOLATED FOOTING' (both variants),ST7757.pdf p.13,p13:S-REIN.D dots in section,NO_GRAPHIC_EVIDENCE,"STRAIGHT_RUN (frozen, KNOWN_STRAIGHT_SEGMENT) + END_TREATMENT_1/2 (not drawn); the long-bar U is NOT copied; COMPLETE_BAR = LOWER_BOUND",BLOCKED_UNQUANTIFIED,NONE,0.0,0.0,"[""FOCC-1663:BOTTOM_SHORT:END_TREATMENT_1"", ""FOCC-1663:BOTTOM_SHORT:END_TREATMENT_2""]",LOWER_BOUND,LOWER_BOUND,12,13,1560.0,"{""COMPLETE_BAR"": ""LOWER_BOUND"", ""END_TREATMENT"": ""BLOCKED_UNQUANTIFIED"", ""SHAPE"": ""NOT_DRAWN (dots in section only)"", ""STRAIGHT_RUN"": ""KNOWN_STRAIGHT_SEGMENT""}","[""E-PDF-01""]",end shape not drawn anywhere in the set (S4-13); the long-bar U is not copied (brief §4)
S4.1-D0066,PORTION_DECOMPOSITION,research/alsenan_footing_rebar_s4/S4_FREEZE_MANIFEST.json (e3633af+code:0d11810b780ae8f8),FOCC-1663:BOTTOM_SHORT,FOCC-1663,F2,BOTTOM_SHORT,FOOTING_BOTTOM_SHORT,END_TREATMENT_2,VERIFIED,0.0,ST7757.pdf p.13 'TYP. DETAIL OF ISOLATED FOOTING' (both variants),ST7757.pdf p.13,p13:S-REIN.D dots in section,NO_GRAPHIC_EVIDENCE,"STRAIGHT_RUN (frozen, KNOWN_STRAIGHT_SEGMENT) + END_TREATMENT_1/2 (not drawn); the long-bar U is NOT copied; COMPLETE_BAR = LOWER_BOUND",BLOCKED_UNQUANTIFIED,NONE,0.0,0.0,"[""FOCC-1663:BOTTOM_SHORT:END_TREATMENT_1"", ""FOCC-1663:BOTTOM_SHORT:END_TREATMENT_2""]",LOWER_BOUND,LOWER_BOUND,12,13,1560.0,"{""COMPLETE_BAR"": ""LOWER_BOUND"", ""END_TREATMENT"": ""BLOCKED_UNQUANTIFIED"", ""SHAPE"": ""NOT_DRAWN (dots in section only)"", ""STRAIGHT_RUN"": ""KNOWN_STRAIGHT_SEGMENT""}","[""E-PDF-01""]",end shape not drawn anywhere in the set (S4-13); the long-bar U is not copied (brief §4)
S4.1-D0067,NO_CHANGE,research/alsenan_footing_rebar_s4/S4_FREEZE_MANIFEST.json (e3633af+code:0d11810b780ae8f8),FOCC-1663:TOP_LONG,FOCC-1663,F2,TOP_LONG,FOOTING_TOP_LONG,WHOLE_COMPONENT,NOT_APPLICABLE,0.0,,,,NO_GRAPHIC_EVIDENCE,unchanged (frozen NOT_APPLICABLE),,NONE,0.0,0.0,[],NOT_APPLICABLE,NOT_APPLICABLE,,,,{},[],frozen NOT_APPLICABLE carried
S4.1-D0068,NO_CHANGE,research/alsenan_footing_rebar_s4/S4_FREEZE_MANIFEST.json (e3633af+code:0d11810b780ae8f8),FOCC-1663:TOP_SHORT,FOCC-1663,F2,TOP_SHORT,FOOTING_TOP_SHORT,WHOLE_COMPONENT,NOT_APPLICABLE,0.0,,,,NO_GRAPHIC_EVIDENCE,unchanged (frozen NOT_APPLICABLE),,NONE,0.0,0.0,[],NOT_APPLICABLE,NOT_APPLICABLE,,,,{},[],frozen NOT_APPLICABLE carried
S4.1-D0069,FACET_ADDED,research/alsenan_footing_rebar_s4/S4_FREEZE_MANIFEST.json (e3633af+code:0d11810b780ae8f8),FOCC-1663:BOXED,FOCC-1663,F2,BOXED,BOXED_REBAR,WHOLE_COMPONENT,BLOCKED_UNQUANTIFIED,0.0,ST7757.pdf p.13 'TYP. DETAIL OF ISOLATED FOOTING' (both variants),ST7757.pdf p.13,p13:S-REIN.D boxed_inverted_U (SHALLOW + DEEP),GRAPHIC_EXPLICIT_SHAPE_ONLY,"BOXED = inverted U (shape recorded); quantity blocked: no external diameter, no reading of 3+n",SHAPE_FOUND_LENGTH_BLOCKED,NONE,0.0,0.0,"[""FOCC-1663:BOXED""]",BLOCKED_UNQUANTIFIED,BLOCKED_UNQUANTIFIED,,,,"{""BOXED_KG"": ""BLOCKED_UNQUANTIFIED"", ""COUNT"": ""BLOCKED (3+n unresolved)"", ""DIAMETER"": ""SOURCE_EXPECTED_NOT_LOCATED (S4-02)"", ""EXISTENCE"": ""SOURCE_FOUND_EXPLICIT (schedule cell '3+4')"", ""MEANING_OF_3_PLUS_N"": ""SOURCE_EXPECTED_NOT_LOCATED (S4-01)"", ""ORIENTATION"": ""SOURCE_EXPECTED_NOT_LOCATED (S4-04)"", ""SHAPE"": ""SOURCE_FOUND_EXPLICIT (inverted U, legs to the bottom-bar level, no hooks)""}","[""E-PDF-01"", ""E-DXF-01""]","shape facet found; count, diameter and orientation still not located"
S4.1-D0070,NO_CHANGE,research/alsenan_footing_rebar_s4/S4_FREEZE_MANIFEST.json (e3633af+code:0d11810b780ae8f8),FOCC-1663:STARTER_DOWEL_REFERENCE,FOCC-1663,F2,STARTER_DOWEL_REFERENCE,STARTER,WHOLE_COMPONENT,NOT_APPLICABLE,0.0,,,,NO_GRAPHIC_EVIDENCE,unchanged (frozen NOT_APPLICABLE),,NONE,0.0,0.0,[],NOT_APPLICABLE,NOT_APPLICABLE,,,,{},[],frozen NOT_APPLICABLE carried
S4.1-D0071,SEMANTIC_CORRECTION,research/alsenan_footing_rebar_s4/S4_FREEZE_MANIFEST.json (e3633af+code:0d11810b780ae8f8),FOCC-1664:BOTTOM_LONG,FOCC-1664,F5,BOTTOM_LONG,FOOTING_BOTTOM_LONG,STRAIGHT_RUN,VERIFIED,40.177778,ST7757.pdf p.13 'TYP. DETAIL OF ISOLATED FOOTING' (both variants),ST7757.pdf p.13,p13:S-REIN.D long_bar_U (SHALLOW + DEEP),GRAPHIC_EXPLICIT_SHAPE_ONLY,U BAR = STRAIGHT_RUN + LEFT/RIGHT_UPTURN_LEG + LEFT/RIGHT_45_DEG_END (+2 bends); frozen straight length kept as KNOWN_STRAIGHT_SEGMENT; COMPLETE_BAR = LOWER_BOUND,KNOWN_STRAIGHT_SEGMENT,FROZEN_SOURCE_QUANTITY,0.0,40.177778,"[""FOCC-1664:BOTTOM_LONG:UPTURN_LEG_1"", ""FOCC-1664:BOTTOM_LONG:UPTURN_LEG_2"", ""FOCC-1664:BOTTOM_LONG:END_HOOK_1"", ""FOCC-1664:BOTTOM_LONG:END_HOOK_2"", ""FOCC-1664:BOTTOM_LONG:BEND_ARC_1"", ""FOCC-1664:BOTTOM_LONG:BEND_ARC_2""]",LOWER_BOUND,LOWER_BOUND,12,20,2260.0,"{""BEND_ARC"": ""SHAPE_FOUND_LENGTH_BLOCKED"", ""COMPLETE_BAR"": ""LOWER_BOUND"", ""END_HOOK_45"": ""SHAPE_FOUND_LENGTH_BLOCKED"", ""SHAPE"": ""SOURCE_FOUND_EXPLICIT (U with 45° ends)"", ""STRAIGHT_RUN"": ""KNOWN_STRAIGHT_SEGMENT"", ""UPTURN_LEG"": ""SHAPE_FOUND_LENGTH_BLOCKED""}","[""E-PDF-01""]","frozen straight length (schedule span - 2 x 70 mm cover) stays valid known steel; the p.13 drawing shows this run as the base of a U, so the complete bar is longer: VERIFIED (complete straight bar) -> KNOWN_STRAIGHT_SEGMENT, COMPLETE_BAR LOWER_BOUND"
S4.1-D0072,PORTION_DECOMPOSITION,research/alsenan_footing_rebar_s4/S4_FREEZE_MANIFEST.json (e3633af+code:0d11810b780ae8f8),FOCC-1664:BOTTOM_LONG,FOCC-1664,F5,BOTTOM_LONG,FOOTING_BOTTOM_LONG,UPTURN_LEG_1,VERIFIED,0.0,ST7757.pdf p.13 'TYP. DETAIL OF ISOLATED FOOTING' (both variants),ST7757.pdf p.13,p13:S-REIN.D long_bar_U (SHALLOW + DEEP),GRAPHIC_EXPLICIT_SHAPE_ONLY,U BAR = STRAIGHT_RUN + LEFT/RIGHT_UPTURN_LEG + LEFT/RIGHT_45_DEG_END (+2 bends); frozen straight length kept as KNOWN_STRAIGHT_SEGMENT; COMPLETE_BAR = LOWER_BOUND,SHAPE_FOUND_LENGTH_BLOCKED,NONE,0.0,0.0,"[""FOCC-1664:BOTTOM_LONG:UPTURN_LEG_1"", ""FOCC-1664:BOTTOM_LONG:UPTURN_LEG_2"", ""FOCC-1664:BOTTOM_LONG:END_HOOK_1"", ""FOCC-1664:BOTTOM_LONG:END_HOOK_2"", ""FOCC-1664:BOTTOM_LONG:BEND_ARC_1"", ""FOCC-1664:BOTTOM_LONG:BEND_ARC_2""]",LOWER_BOUND,LOWER_BOUND,12,20,2260.0,"{""BEND_ARC"": ""SHAPE_FOUND_LENGTH_BLOCKED"", ""COMPLETE_BAR"": ""LOWER_BOUND"", ""END_HOOK_45"": ""SHAPE_FOUND_LENGTH_BLOCKED"", ""SHAPE"": ""SOURCE_FOUND_EXPLICIT (U with 45° ends)"", ""STRAIGHT_RUN"": ""KNOWN_STRAIGHT_SEGMENT"", ""UPTURN_LEG"": ""SHAPE_FOUND_LENGTH_BLOCKED""}","[""E-PDF-01""]","leg drawn (shares the bottom-run vertex) but its top endpoint is not bound to a dimensioned level: rule-B derivation from D, cover and bar levels fails (ENDPOINTS_DETERMINISTIC); no length by scale"
S4.1-D0073,PORTION_DECOMPOSITION,research/alsenan_footing_rebar_s4/S4_FREEZE_MANIFEST.json (e3633af+code:0d11810b780ae8f8),FOCC-1664:BOTTOM_LONG,FOCC-1664,F5,BOTTOM_LONG,FOOTING_BOTTOM_LONG,UPTURN_LEG_2,VERIFIED,0.0,ST7757.pdf p.13 'TYP. DETAIL OF ISOLATED FOOTING' (both variants),ST7757.pdf p.13,p13:S-REIN.D long_bar_U (SHALLOW + DEEP),GRAPHIC_EXPLICIT_SHAPE_ONLY,U BAR = STRAIGHT_RUN + LEFT/RIGHT_UPTURN_LEG + LEFT/RIGHT_45_DEG_END (+2 bends); frozen straight length kept as KNOWN_STRAIGHT_SEGMENT; COMPLETE_BAR = LOWER_BOUND,SHAPE_FOUND_LENGTH_BLOCKED,NONE,0.0,0.0,"[""FOCC-1664:BOTTOM_LONG:UPTURN_LEG_1"", ""FOCC-1664:BOTTOM_LONG:UPTURN_LEG_2"", ""FOCC-1664:BOTTOM_LONG:END_HOOK_1"", ""FOCC-1664:BOTTOM_LONG:END_HOOK_2"", ""FOCC-1664:BOTTOM_LONG:BEND_ARC_1"", ""FOCC-1664:BOTTOM_LONG:BEND_ARC_2""]",LOWER_BOUND,LOWER_BOUND,12,20,2260.0,"{""BEND_ARC"": ""SHAPE_FOUND_LENGTH_BLOCKED"", ""COMPLETE_BAR"": ""LOWER_BOUND"", ""END_HOOK_45"": ""SHAPE_FOUND_LENGTH_BLOCKED"", ""SHAPE"": ""SOURCE_FOUND_EXPLICIT (U with 45° ends)"", ""STRAIGHT_RUN"": ""KNOWN_STRAIGHT_SEGMENT"", ""UPTURN_LEG"": ""SHAPE_FOUND_LENGTH_BLOCKED""}","[""E-PDF-01""]","leg drawn (shares the bottom-run vertex) but its top endpoint is not bound to a dimensioned level: rule-B derivation from D, cover and bar levels fails (ENDPOINTS_DETERMINISTIC); no length by scale"
S4.1-D0074,PORTION_DECOMPOSITION,research/alsenan_footing_rebar_s4/S4_FREEZE_MANIFEST.json (e3633af+code:0d11810b780ae8f8),FOCC-1664:BOTTOM_LONG,FOCC-1664,F5,BOTTOM_LONG,FOOTING_BOTTOM_LONG,END_HOOK_1,VERIFIED,0.0,ST7757.pdf p.13 'TYP. DETAIL OF ISOLATED FOOTING' (both variants),ST7757.pdf p.13,p13:S-REIN.D long_bar_U (SHALLOW + DEEP),GRAPHIC_EXPLICIT_SHAPE_ONLY,U BAR = STRAIGHT_RUN + LEFT/RIGHT_UPTURN_LEG + LEFT/RIGHT_45_DEG_END (+2 bends); frozen straight length kept as KNOWN_STRAIGHT_SEGMENT; COMPLETE_BAR = LOWER_BOUND,SHAPE_FOUND_LENGTH_BLOCKED,NONE,0.0,0.0,"[""FOCC-1664:BOTTOM_LONG:UPTURN_LEG_1"", ""FOCC-1664:BOTTOM_LONG:UPTURN_LEG_2"", ""FOCC-1664:BOTTOM_LONG:END_HOOK_1"", ""FOCC-1664:BOTTOM_LONG:END_HOOK_2"", ""FOCC-1664:BOTTOM_LONG:BEND_ARC_1"", ""FOCC-1664:BOTTOM_LONG:BEND_ARC_2""]",LOWER_BOUND,LOWER_BOUND,12,20,2260.0,"{""BEND_ARC"": ""SHAPE_FOUND_LENGTH_BLOCKED"", ""COMPLETE_BAR"": ""LOWER_BOUND"", ""END_HOOK_45"": ""SHAPE_FOUND_LENGTH_BLOCKED"", ""SHAPE"": ""SOURCE_FOUND_EXPLICIT (U with 45° ends)"", ""STRAIGHT_RUN"": ""KNOWN_STRAIGHT_SEGMENT"", ""UPTURN_LEG"": ""SHAPE_FOUND_LENGTH_BLOCKED""}","[""E-PDF-01""]",45° end drawn at the leg top (SHAPE_FOUND); hook length not dimensioned or noted
S4.1-D0075,PORTION_DECOMPOSITION,research/alsenan_footing_rebar_s4/S4_FREEZE_MANIFEST.json (e3633af+code:0d11810b780ae8f8),FOCC-1664:BOTTOM_LONG,FOCC-1664,F5,BOTTOM_LONG,FOOTING_BOTTOM_LONG,END_HOOK_2,VERIFIED,0.0,ST7757.pdf p.13 'TYP. DETAIL OF ISOLATED FOOTING' (both variants),ST7757.pdf p.13,p13:S-REIN.D long_bar_U (SHALLOW + DEEP),GRAPHIC_EXPLICIT_SHAPE_ONLY,U BAR = STRAIGHT_RUN + LEFT/RIGHT_UPTURN_LEG + LEFT/RIGHT_45_DEG_END (+2 bends); frozen straight length kept as KNOWN_STRAIGHT_SEGMENT; COMPLETE_BAR = LOWER_BOUND,SHAPE_FOUND_LENGTH_BLOCKED,NONE,0.0,0.0,"[""FOCC-1664:BOTTOM_LONG:UPTURN_LEG_1"", ""FOCC-1664:BOTTOM_LONG:UPTURN_LEG_2"", ""FOCC-1664:BOTTOM_LONG:END_HOOK_1"", ""FOCC-1664:BOTTOM_LONG:END_HOOK_2"", ""FOCC-1664:BOTTOM_LONG:BEND_ARC_1"", ""FOCC-1664:BOTTOM_LONG:BEND_ARC_2""]",LOWER_BOUND,LOWER_BOUND,12,20,2260.0,"{""BEND_ARC"": ""SHAPE_FOUND_LENGTH_BLOCKED"", ""COMPLETE_BAR"": ""LOWER_BOUND"", ""END_HOOK_45"": ""SHAPE_FOUND_LENGTH_BLOCKED"", ""SHAPE"": ""SOURCE_FOUND_EXPLICIT (U with 45° ends)"", ""STRAIGHT_RUN"": ""KNOWN_STRAIGHT_SEGMENT"", ""UPTURN_LEG"": ""SHAPE_FOUND_LENGTH_BLOCKED""}","[""E-PDF-01""]",45° end drawn at the leg top (SHAPE_FOUND); hook length not dimensioned or noted
S4.1-D0076,PORTION_DECOMPOSITION,research/alsenan_footing_rebar_s4/S4_FREEZE_MANIFEST.json (e3633af+code:0d11810b780ae8f8),FOCC-1664:BOTTOM_LONG,FOCC-1664,F5,BOTTOM_LONG,FOOTING_BOTTOM_LONG,BEND_ARC_1,VERIFIED,0.0,ST7757.pdf p.13 'TYP. DETAIL OF ISOLATED FOOTING' (both variants),ST7757.pdf p.13,p13:S-REIN.D long_bar_U (SHALLOW + DEEP),GRAPHIC_EXPLICIT_SHAPE_ONLY,U BAR = STRAIGHT_RUN + LEFT/RIGHT_UPTURN_LEG + LEFT/RIGHT_45_DEG_END (+2 bends); frozen straight length kept as KNOWN_STRAIGHT_SEGMENT; COMPLETE_BAR = LOWER_BOUND,SHAPE_FOUND_LENGTH_BLOCKED,NONE,0.0,0.0,"[""FOCC-1664:BOTTOM_LONG:UPTURN_LEG_1"", ""FOCC-1664:BOTTOM_LONG:UPTURN_LEG_2"", ""FOCC-1664:BOTTOM_LONG:END_HOOK_1"", ""FOCC-1664:BOTTOM_LONG:END_HOOK_2"", ""FOCC-1664:BOTTOM_LONG:BEND_ARC_1"", ""FOCC-1664:BOTTOM_LONG:BEND_ARC_2""]",LOWER_BOUND,LOWER_BOUND,12,20,2260.0,"{""BEND_ARC"": ""SHAPE_FOUND_LENGTH_BLOCKED"", ""COMPLETE_BAR"": ""LOWER_BOUND"", ""END_HOOK_45"": ""SHAPE_FOUND_LENGTH_BLOCKED"", ""SHAPE"": ""SOURCE_FOUND_EXPLICIT (U with 45° ends)"", ""STRAIGHT_RUN"": ""KNOWN_STRAIGHT_SEGMENT"", ""UPTURN_LEG"": ""SHAPE_FOUND_LENGTH_BLOCKED""}","[""E-PDF-01""]",bend at the base / leg corner exists (shared vertex); bend radius not drawn or noted
S4.1-D0077,PORTION_DECOMPOSITION,research/alsenan_footing_rebar_s4/S4_FREEZE_MANIFEST.json (e3633af+code:0d11810b780ae8f8),FOCC-1664:BOTTOM_LONG,FOCC-1664,F5,BOTTOM_LONG,FOOTING_BOTTOM_LONG,BEND_ARC_2,VERIFIED,0.0,ST7757.pdf p.13 'TYP. DETAIL OF ISOLATED FOOTING' (both variants),ST7757.pdf p.13,p13:S-REIN.D long_bar_U (SHALLOW + DEEP),GRAPHIC_EXPLICIT_SHAPE_ONLY,U BAR = STRAIGHT_RUN + LEFT/RIGHT_UPTURN_LEG + LEFT/RIGHT_45_DEG_END (+2 bends); frozen straight length kept as KNOWN_STRAIGHT_SEGMENT; COMPLETE_BAR = LOWER_BOUND,SHAPE_FOUND_LENGTH_BLOCKED,NONE,0.0,0.0,"[""FOCC-1664:BOTTOM_LONG:UPTURN_LEG_1"", ""FOCC-1664:BOTTOM_LONG:UPTURN_LEG_2"", ""FOCC-1664:BOTTOM_LONG:END_HOOK_1"", ""FOCC-1664:BOTTOM_LONG:END_HOOK_2"", ""FOCC-1664:BOTTOM_LONG:BEND_ARC_1"", ""FOCC-1664:BOTTOM_LONG:BEND_ARC_2""]",LOWER_BOUND,LOWER_BOUND,12,20,2260.0,"{""BEND_ARC"": ""SHAPE_FOUND_LENGTH_BLOCKED"", ""COMPLETE_BAR"": ""LOWER_BOUND"", ""END_HOOK_45"": ""SHAPE_FOUND_LENGTH_BLOCKED"", ""SHAPE"": ""SOURCE_FOUND_EXPLICIT (U with 45° ends)"", ""STRAIGHT_RUN"": ""KNOWN_STRAIGHT_SEGMENT"", ""UPTURN_LEG"": ""SHAPE_FOUND_LENGTH_BLOCKED""}","[""E-PDF-01""]",bend at the base / leg corner exists (shared vertex); bend radius not drawn or noted
S4.1-D0078,SEMANTIC_CORRECTION,research/alsenan_footing_rebar_s4/S4_FREEZE_MANIFEST.json (e3633af+code:0d11810b780ae8f8),FOCC-1664:BOTTOM_SHORT,FOCC-1664,F5,BOTTOM_SHORT,FOOTING_BOTTOM_SHORT,STRAIGHT_RUN,VERIFIED,38.328889,ST7757.pdf p.13 'TYP. DETAIL OF ISOLATED FOOTING' (both variants),ST7757.pdf p.13,p13:S-REIN.D dots in section,GRAPHIC_NTS_OR_UNDIMENSIONED,"STRAIGHT_RUN (frozen, KNOWN_STRAIGHT_SEGMENT) + END_TREATMENT_1/2 (not drawn); the long-bar U is NOT copied; COMPLETE_BAR = LOWER_BOUND",KNOWN_STRAIGHT_SEGMENT,FROZEN_SOURCE_QUANTITY,0.0,38.328889,"[""FOCC-1664:BOTTOM_SHORT:END_TREATMENT_1"", ""FOCC-1664:BOTTOM_SHORT:END_TREATMENT_2""]",LOWER_BOUND,LOWER_BOUND,12,22,1960.0,"{""COMPLETE_BAR"": ""LOWER_BOUND"", ""END_TREATMENT"": ""BLOCKED_UNQUANTIFIED"", ""SHAPE"": ""NOT_DRAWN (dots in section only)"", ""STRAIGHT_RUN"": ""KNOWN_STRAIGHT_SEGMENT""}","[""E-PDF-01""]","frozen straight length stays valid known steel; the p.13 detail shows short bars only as dots, so 'straight' is not supported: VERIFIED -> KNOWN_STRAIGHT_SEGMENT, COMPLETE_BAR LOWER_BOUND"
S4.1-D0079,PORTION_DECOMPOSITION,research/alsenan_footing_rebar_s4/S4_FREEZE_MANIFEST.json (e3633af+code:0d11810b780ae8f8),FOCC-1664:BOTTOM_SHORT,FOCC-1664,F5,BOTTOM_SHORT,FOOTING_BOTTOM_SHORT,END_TREATMENT_1,VERIFIED,0.0,ST7757.pdf p.13 'TYP. DETAIL OF ISOLATED FOOTING' (both variants),ST7757.pdf p.13,p13:S-REIN.D dots in section,NO_GRAPHIC_EVIDENCE,"STRAIGHT_RUN (frozen, KNOWN_STRAIGHT_SEGMENT) + END_TREATMENT_1/2 (not drawn); the long-bar U is NOT copied; COMPLETE_BAR = LOWER_BOUND",BLOCKED_UNQUANTIFIED,NONE,0.0,0.0,"[""FOCC-1664:BOTTOM_SHORT:END_TREATMENT_1"", ""FOCC-1664:BOTTOM_SHORT:END_TREATMENT_2""]",LOWER_BOUND,LOWER_BOUND,12,22,1960.0,"{""COMPLETE_BAR"": ""LOWER_BOUND"", ""END_TREATMENT"": ""BLOCKED_UNQUANTIFIED"", ""SHAPE"": ""NOT_DRAWN (dots in section only)"", ""STRAIGHT_RUN"": ""KNOWN_STRAIGHT_SEGMENT""}","[""E-PDF-01""]",end shape not drawn anywhere in the set (S4-13); the long-bar U is not copied (brief §4)
S4.1-D0080,PORTION_DECOMPOSITION,research/alsenan_footing_rebar_s4/S4_FREEZE_MANIFEST.json (e3633af+code:0d11810b780ae8f8),FOCC-1664:BOTTOM_SHORT,FOCC-1664,F5,BOTTOM_SHORT,FOOTING_BOTTOM_SHORT,END_TREATMENT_2,VERIFIED,0.0,ST7757.pdf p.13 'TYP. DETAIL OF ISOLATED FOOTING' (both variants),ST7757.pdf p.13,p13:S-REIN.D dots in section,NO_GRAPHIC_EVIDENCE,"STRAIGHT_RUN (frozen, KNOWN_STRAIGHT_SEGMENT) + END_TREATMENT_1/2 (not drawn); the long-bar U is NOT copied; COMPLETE_BAR = LOWER_BOUND",BLOCKED_UNQUANTIFIED,NONE,0.0,0.0,"[""FOCC-1664:BOTTOM_SHORT:END_TREATMENT_1"", ""FOCC-1664:BOTTOM_SHORT:END_TREATMENT_2""]",LOWER_BOUND,LOWER_BOUND,12,22,1960.0,"{""COMPLETE_BAR"": ""LOWER_BOUND"", ""END_TREATMENT"": ""BLOCKED_UNQUANTIFIED"", ""SHAPE"": ""NOT_DRAWN (dots in section only)"", ""STRAIGHT_RUN"": ""KNOWN_STRAIGHT_SEGMENT""}","[""E-PDF-01""]",end shape not drawn anywhere in the set (S4-13); the long-bar U is not copied (brief §4)
S4.1-D0081,NO_CHANGE,research/alsenan_footing_rebar_s4/S4_FREEZE_MANIFEST.json (e3633af+code:0d11810b780ae8f8),FOCC-1664:TOP_LONG,FOCC-1664,F5,TOP_LONG,FOOTING_TOP_LONG,WHOLE_COMPONENT,NOT_APPLICABLE,0.0,,,,NO_GRAPHIC_EVIDENCE,unchanged (frozen NOT_APPLICABLE),,NONE,0.0,0.0,[],NOT_APPLICABLE,NOT_APPLICABLE,,,,{},[],frozen NOT_APPLICABLE carried
S4.1-D0082,NO_CHANGE,research/alsenan_footing_rebar_s4/S4_FREEZE_MANIFEST.json (e3633af+code:0d11810b780ae8f8),FOCC-1664:TOP_SHORT,FOCC-1664,F5,TOP_SHORT,FOOTING_TOP_SHORT,WHOLE_COMPONENT,NOT_APPLICABLE,0.0,,,,NO_GRAPHIC_EVIDENCE,unchanged (frozen NOT_APPLICABLE),,NONE,0.0,0.0,[],NOT_APPLICABLE,NOT_APPLICABLE,,,,{},[],frozen NOT_APPLICABLE carried
S4.1-D0083,FACET_ADDED,research/alsenan_footing_rebar_s4/S4_FREEZE_MANIFEST.json (e3633af+code:0d11810b780ae8f8),FOCC-1664:BOXED,FOCC-1664,F5,BOXED,BOXED_REBAR,WHOLE_COMPONENT,BLOCKED_UNQUANTIFIED,0.0,ST7757.pdf p.13 'TYP. DETAIL OF ISOLATED FOOTING' (both variants),ST7757.pdf p.13,p13:S-REIN.D boxed_inverted_U (SHALLOW + DEEP),GRAPHIC_EXPLICIT_SHAPE_ONLY,"BOXED = inverted U (shape recorded); quantity blocked: no external diameter, no reading of 3+n",SHAPE_FOUND_LENGTH_BLOCKED,NONE,0.0,0.0,"[""FOCC-1664:BOXED""]",BLOCKED_UNQUANTIFIED,BLOCKED_UNQUANTIFIED,,,,"{""BOXED_KG"": ""BLOCKED_UNQUANTIFIED"", ""COUNT"": ""BLOCKED (3+n unresolved)"", ""DIAMETER"": ""SOURCE_EXPECTED_NOT_LOCATED (S4-02)"", ""EXISTENCE"": ""SOURCE_FOUND_EXPLICIT (schedule cell '3+4')"", ""MEANING_OF_3_PLUS_N"": ""SOURCE_EXPECTED_NOT_LOCATED (S4-01)"", ""ORIENTATION"": ""SOURCE_EXPECTED_NOT_LOCATED (S4-04)"", ""SHAPE"": ""SOURCE_FOUND_EXPLICIT (inverted U, legs to the bottom-bar level, no hooks)""}","[""E-PDF-01"", ""E-DXF-01""]","shape facet found; count, diameter and orientation still not located"
S4.1-D0084,NO_CHANGE,research/alsenan_footing_rebar_s4/S4_FREEZE_MANIFEST.json (e3633af+code:0d11810b780ae8f8),FOCC-1664:STARTER_DOWEL_REFERENCE,FOCC-1664,F5,STARTER_DOWEL_REFERENCE,STARTER,WHOLE_COMPONENT,NOT_APPLICABLE,0.0,,,,NO_GRAPHIC_EVIDENCE,unchanged (frozen NOT_APPLICABLE),,NONE,0.0,0.0,[],NOT_APPLICABLE,NOT_APPLICABLE,,,,{},[],frozen NOT_APPLICABLE carried
S4.1-D0085,SEMANTIC_CORRECTION,research/alsenan_footing_rebar_s4/S4_FREEZE_MANIFEST.json (e3633af+code:0d11810b780ae8f8),FOCC-1665:BOTTOM_LONG,FOCC-1665,F4,BOTTOM_LONG,FOOTING_BOTTOM_LONG,STRAIGHT_RUN,VERIFIED,31.128889,ST7757.pdf p.13 'TYP. DETAIL OF ISOLATED FOOTING' (both variants),ST7757.pdf p.13,p13:S-REIN.D long_bar_U (SHALLOW + DEEP),GRAPHIC_EXPLICIT_SHAPE_ONLY,U BAR = STRAIGHT_RUN + LEFT/RIGHT_UPTURN_LEG + LEFT/RIGHT_45_DEG_END (+2 bends); frozen straight length kept as KNOWN_STRAIGHT_SEGMENT; COMPLETE_BAR = LOWER_BOUND,KNOWN_STRAIGHT_SEGMENT,FROZEN_SOURCE_QUANTITY,0.0,31.128889,"[""FOCC-1665:BOTTOM_LONG:UPTURN_LEG_1"", ""FOCC-1665:BOTTOM_LONG:UPTURN_LEG_2"", ""FOCC-1665:BOTTOM_LONG:END_HOOK_1"", ""FOCC-1665:BOTTOM_LONG:END_HOOK_2"", ""FOCC-1665:BOTTOM_LONG:BEND_ARC_1"", ""FOCC-1665:BOTTOM_LONG:BEND_ARC_2""]",LOWER_BOUND,LOWER_BOUND,12,17,2060.0,"{""BEND_ARC"": ""SHAPE_FOUND_LENGTH_BLOCKED"", ""COMPLETE_BAR"": ""LOWER_BOUND"", ""END_HOOK_45"": ""SHAPE_FOUND_LENGTH_BLOCKED"", ""SHAPE"": ""SOURCE_FOUND_EXPLICIT (U with 45° ends)"", ""STRAIGHT_RUN"": ""KNOWN_STRAIGHT_SEGMENT"", ""UPTURN_LEG"": ""SHAPE_FOUND_LENGTH_BLOCKED""}","[""E-PDF-01""]","frozen straight length (schedule span - 2 x 70 mm cover) stays valid known steel; the p.13 drawing shows this run as the base of a U, so the complete bar is longer: VERIFIED (complete straight bar) -> KNOWN_STRAIGHT_SEGMENT, COMPLETE_BAR LOWER_BOUND"
S4.1-D0086,PORTION_DECOMPOSITION,research/alsenan_footing_rebar_s4/S4_FREEZE_MANIFEST.json (e3633af+code:0d11810b780ae8f8),FOCC-1665:BOTTOM_LONG,FOCC-1665,F4,BOTTOM_LONG,FOOTING_BOTTOM_LONG,UPTURN_LEG_1,VERIFIED,0.0,ST7757.pdf p.13 'TYP. DETAIL OF ISOLATED FOOTING' (both variants),ST7757.pdf p.13,p13:S-REIN.D long_bar_U (SHALLOW + DEEP),GRAPHIC_EXPLICIT_SHAPE_ONLY,U BAR = STRAIGHT_RUN + LEFT/RIGHT_UPTURN_LEG + LEFT/RIGHT_45_DEG_END (+2 bends); frozen straight length kept as KNOWN_STRAIGHT_SEGMENT; COMPLETE_BAR = LOWER_BOUND,SHAPE_FOUND_LENGTH_BLOCKED,NONE,0.0,0.0,"[""FOCC-1665:BOTTOM_LONG:UPTURN_LEG_1"", ""FOCC-1665:BOTTOM_LONG:UPTURN_LEG_2"", ""FOCC-1665:BOTTOM_LONG:END_HOOK_1"", ""FOCC-1665:BOTTOM_LONG:END_HOOK_2"", ""FOCC-1665:BOTTOM_LONG:BEND_ARC_1"", ""FOCC-1665:BOTTOM_LONG:BEND_ARC_2""]",LOWER_BOUND,LOWER_BOUND,12,17,2060.0,"{""BEND_ARC"": ""SHAPE_FOUND_LENGTH_BLOCKED"", ""COMPLETE_BAR"": ""LOWER_BOUND"", ""END_HOOK_45"": ""SHAPE_FOUND_LENGTH_BLOCKED"", ""SHAPE"": ""SOURCE_FOUND_EXPLICIT (U with 45° ends)"", ""STRAIGHT_RUN"": ""KNOWN_STRAIGHT_SEGMENT"", ""UPTURN_LEG"": ""SHAPE_FOUND_LENGTH_BLOCKED""}","[""E-PDF-01""]","leg drawn (shares the bottom-run vertex) but its top endpoint is not bound to a dimensioned level: rule-B derivation from D, cover and bar levels fails (ENDPOINTS_DETERMINISTIC); no length by scale"
S4.1-D0087,PORTION_DECOMPOSITION,research/alsenan_footing_rebar_s4/S4_FREEZE_MANIFEST.json (e3633af+code:0d11810b780ae8f8),FOCC-1665:BOTTOM_LONG,FOCC-1665,F4,BOTTOM_LONG,FOOTING_BOTTOM_LONG,UPTURN_LEG_2,VERIFIED,0.0,ST7757.pdf p.13 'TYP. DETAIL OF ISOLATED FOOTING' (both variants),ST7757.pdf p.13,p13:S-REIN.D long_bar_U (SHALLOW + DEEP),GRAPHIC_EXPLICIT_SHAPE_ONLY,U BAR = STRAIGHT_RUN + LEFT/RIGHT_UPTURN_LEG + LEFT/RIGHT_45_DEG_END (+2 bends); frozen straight length kept as KNOWN_STRAIGHT_SEGMENT; COMPLETE_BAR = LOWER_BOUND,SHAPE_FOUND_LENGTH_BLOCKED,NONE,0.0,0.0,"[""FOCC-1665:BOTTOM_LONG:UPTURN_LEG_1"", ""FOCC-1665:BOTTOM_LONG:UPTURN_LEG_2"", ""FOCC-1665:BOTTOM_LONG:END_HOOK_1"", ""FOCC-1665:BOTTOM_LONG:END_HOOK_2"", ""FOCC-1665:BOTTOM_LONG:BEND_ARC_1"", ""FOCC-1665:BOTTOM_LONG:BEND_ARC_2""]",LOWER_BOUND,LOWER_BOUND,12,17,2060.0,"{""BEND_ARC"": ""SHAPE_FOUND_LENGTH_BLOCKED"", ""COMPLETE_BAR"": ""LOWER_BOUND"", ""END_HOOK_45"": ""SHAPE_FOUND_LENGTH_BLOCKED"", ""SHAPE"": ""SOURCE_FOUND_EXPLICIT (U with 45° ends)"", ""STRAIGHT_RUN"": ""KNOWN_STRAIGHT_SEGMENT"", ""UPTURN_LEG"": ""SHAPE_FOUND_LENGTH_BLOCKED""}","[""E-PDF-01""]","leg drawn (shares the bottom-run vertex) but its top endpoint is not bound to a dimensioned level: rule-B derivation from D, cover and bar levels fails (ENDPOINTS_DETERMINISTIC); no length by scale"
S4.1-D0088,PORTION_DECOMPOSITION,research/alsenan_footing_rebar_s4/S4_FREEZE_MANIFEST.json (e3633af+code:0d11810b780ae8f8),FOCC-1665:BOTTOM_LONG,FOCC-1665,F4,BOTTOM_LONG,FOOTING_BOTTOM_LONG,END_HOOK_1,VERIFIED,0.0,ST7757.pdf p.13 'TYP. DETAIL OF ISOLATED FOOTING' (both variants),ST7757.pdf p.13,p13:S-REIN.D long_bar_U (SHALLOW + DEEP),GRAPHIC_EXPLICIT_SHAPE_ONLY,U BAR = STRAIGHT_RUN + LEFT/RIGHT_UPTURN_LEG + LEFT/RIGHT_45_DEG_END (+2 bends); frozen straight length kept as KNOWN_STRAIGHT_SEGMENT; COMPLETE_BAR = LOWER_BOUND,SHAPE_FOUND_LENGTH_BLOCKED,NONE,0.0,0.0,"[""FOCC-1665:BOTTOM_LONG:UPTURN_LEG_1"", ""FOCC-1665:BOTTOM_LONG:UPTURN_LEG_2"", ""FOCC-1665:BOTTOM_LONG:END_HOOK_1"", ""FOCC-1665:BOTTOM_LONG:END_HOOK_2"", ""FOCC-1665:BOTTOM_LONG:BEND_ARC_1"", ""FOCC-1665:BOTTOM_LONG:BEND_ARC_2""]",LOWER_BOUND,LOWER_BOUND,12,17,2060.0,"{""BEND_ARC"": ""SHAPE_FOUND_LENGTH_BLOCKED"", ""COMPLETE_BAR"": ""LOWER_BOUND"", ""END_HOOK_45"": ""SHAPE_FOUND_LENGTH_BLOCKED"", ""SHAPE"": ""SOURCE_FOUND_EXPLICIT (U with 45° ends)"", ""STRAIGHT_RUN"": ""KNOWN_STRAIGHT_SEGMENT"", ""UPTURN_LEG"": ""SHAPE_FOUND_LENGTH_BLOCKED""}","[""E-PDF-01""]",45° end drawn at the leg top (SHAPE_FOUND); hook length not dimensioned or noted
S4.1-D0089,PORTION_DECOMPOSITION,research/alsenan_footing_rebar_s4/S4_FREEZE_MANIFEST.json (e3633af+code:0d11810b780ae8f8),FOCC-1665:BOTTOM_LONG,FOCC-1665,F4,BOTTOM_LONG,FOOTING_BOTTOM_LONG,END_HOOK_2,VERIFIED,0.0,ST7757.pdf p.13 'TYP. DETAIL OF ISOLATED FOOTING' (both variants),ST7757.pdf p.13,p13:S-REIN.D long_bar_U (SHALLOW + DEEP),GRAPHIC_EXPLICIT_SHAPE_ONLY,U BAR = STRAIGHT_RUN + LEFT/RIGHT_UPTURN_LEG + LEFT/RIGHT_45_DEG_END (+2 bends); frozen straight length kept as KNOWN_STRAIGHT_SEGMENT; COMPLETE_BAR = LOWER_BOUND,SHAPE_FOUND_LENGTH_BLOCKED,NONE,0.0,0.0,"[""FOCC-1665:BOTTOM_LONG:UPTURN_LEG_1"", ""FOCC-1665:BOTTOM_LONG:UPTURN_LEG_2"", ""FOCC-1665:BOTTOM_LONG:END_HOOK_1"", ""FOCC-1665:BOTTOM_LONG:END_HOOK_2"", ""FOCC-1665:BOTTOM_LONG:BEND_ARC_1"", ""FOCC-1665:BOTTOM_LONG:BEND_ARC_2""]",LOWER_BOUND,LOWER_BOUND,12,17,2060.0,"{""BEND_ARC"": ""SHAPE_FOUND_LENGTH_BLOCKED"", ""COMPLETE_BAR"": ""LOWER_BOUND"", ""END_HOOK_45"": ""SHAPE_FOUND_LENGTH_BLOCKED"", ""SHAPE"": ""SOURCE_FOUND_EXPLICIT (U with 45° ends)"", ""STRAIGHT_RUN"": ""KNOWN_STRAIGHT_SEGMENT"", ""UPTURN_LEG"": ""SHAPE_FOUND_LENGTH_BLOCKED""}","[""E-PDF-01""]",45° end drawn at the leg top (SHAPE_FOUND); hook length not dimensioned or noted
S4.1-D0090,PORTION_DECOMPOSITION,research/alsenan_footing_rebar_s4/S4_FREEZE_MANIFEST.json (e3633af+code:0d11810b780ae8f8),FOCC-1665:BOTTOM_LONG,FOCC-1665,F4,BOTTOM_LONG,FOOTING_BOTTOM_LONG,BEND_ARC_1,VERIFIED,0.0,ST7757.pdf p.13 'TYP. DETAIL OF ISOLATED FOOTING' (both variants),ST7757.pdf p.13,p13:S-REIN.D long_bar_U (SHALLOW + DEEP),GRAPHIC_EXPLICIT_SHAPE_ONLY,U BAR = STRAIGHT_RUN + LEFT/RIGHT_UPTURN_LEG + LEFT/RIGHT_45_DEG_END (+2 bends); frozen straight length kept as KNOWN_STRAIGHT_SEGMENT; COMPLETE_BAR = LOWER_BOUND,SHAPE_FOUND_LENGTH_BLOCKED,NONE,0.0,0.0,"[""FOCC-1665:BOTTOM_LONG:UPTURN_LEG_1"", ""FOCC-1665:BOTTOM_LONG:UPTURN_LEG_2"", ""FOCC-1665:BOTTOM_LONG:END_HOOK_1"", ""FOCC-1665:BOTTOM_LONG:END_HOOK_2"", ""FOCC-1665:BOTTOM_LONG:BEND_ARC_1"", ""FOCC-1665:BOTTOM_LONG:BEND_ARC_2""]",LOWER_BOUND,LOWER_BOUND,12,17,2060.0,"{""BEND_ARC"": ""SHAPE_FOUND_LENGTH_BLOCKED"", ""COMPLETE_BAR"": ""LOWER_BOUND"", ""END_HOOK_45"": ""SHAPE_FOUND_LENGTH_BLOCKED"", ""SHAPE"": ""SOURCE_FOUND_EXPLICIT (U with 45° ends)"", ""STRAIGHT_RUN"": ""KNOWN_STRAIGHT_SEGMENT"", ""UPTURN_LEG"": ""SHAPE_FOUND_LENGTH_BLOCKED""}","[""E-PDF-01""]",bend at the base / leg corner exists (shared vertex); bend radius not drawn or noted
S4.1-D0091,PORTION_DECOMPOSITION,research/alsenan_footing_rebar_s4/S4_FREEZE_MANIFEST.json (e3633af+code:0d11810b780ae8f8),FOCC-1665:BOTTOM_LONG,FOCC-1665,F4,BOTTOM_LONG,FOOTING_BOTTOM_LONG,BEND_ARC_2,VERIFIED,0.0,ST7757.pdf p.13 'TYP. DETAIL OF ISOLATED FOOTING' (both variants),ST7757.pdf p.13,p13:S-REIN.D long_bar_U (SHALLOW + DEEP),GRAPHIC_EXPLICIT_SHAPE_ONLY,U BAR = STRAIGHT_RUN + LEFT/RIGHT_UPTURN_LEG + LEFT/RIGHT_45_DEG_END (+2 bends); frozen straight length kept as KNOWN_STRAIGHT_SEGMENT; COMPLETE_BAR = LOWER_BOUND,SHAPE_FOUND_LENGTH_BLOCKED,NONE,0.0,0.0,"[""FOCC-1665:BOTTOM_LONG:UPTURN_LEG_1"", ""FOCC-1665:BOTTOM_LONG:UPTURN_LEG_2"", ""FOCC-1665:BOTTOM_LONG:END_HOOK_1"", ""FOCC-1665:BOTTOM_LONG:END_HOOK_2"", ""FOCC-1665:BOTTOM_LONG:BEND_ARC_1"", ""FOCC-1665:BOTTOM_LONG:BEND_ARC_2""]",LOWER_BOUND,LOWER_BOUND,12,17,2060.0,"{""BEND_ARC"": ""SHAPE_FOUND_LENGTH_BLOCKED"", ""COMPLETE_BAR"": ""LOWER_BOUND"", ""END_HOOK_45"": ""SHAPE_FOUND_LENGTH_BLOCKED"", ""SHAPE"": ""SOURCE_FOUND_EXPLICIT (U with 45° ends)"", ""STRAIGHT_RUN"": ""KNOWN_STRAIGHT_SEGMENT"", ""UPTURN_LEG"": ""SHAPE_FOUND_LENGTH_BLOCKED""}","[""E-PDF-01""]",bend at the base / leg corner exists (shared vertex); bend radius not drawn or noted
S4.1-D0092,SEMANTIC_CORRECTION,research/alsenan_footing_rebar_s4/S4_FREEZE_MANIFEST.json (e3633af+code:0d11810b780ae8f8),FOCC-1665:BOTTOM_SHORT,FOCC-1665,F4,BOTTOM_SHORT,FOOTING_BOTTOM_SHORT,STRAIGHT_RUN,VERIFIED,29.76,ST7757.pdf p.13 'TYP. DETAIL OF ISOLATED FOOTING' (both variants),ST7757.pdf p.13,p13:S-REIN.D dots in section,GRAPHIC_NTS_OR_UNDIMENSIONED,"STRAIGHT_RUN (frozen, KNOWN_STRAIGHT_SEGMENT) + END_TREATMENT_1/2 (not drawn); the long-bar U is NOT copied; COMPLETE_BAR = LOWER_BOUND",KNOWN_STRAIGHT_SEGMENT,FROZEN_SOURCE_QUANTITY,0.0,29.76,"[""FOCC-1665:BOTTOM_SHORT:END_TREATMENT_1"", ""FOCC-1665:BOTTOM_SHORT:END_TREATMENT_2""]",LOWER_BOUND,LOWER_BOUND,12,18,1860.0,"{""COMPLETE_BAR"": ""LOWER_BOUND"", ""END_TREATMENT"": ""BLOCKED_UNQUANTIFIED"", ""SHAPE"": ""NOT_DRAWN (dots in section only)"", ""STRAIGHT_RUN"": ""KNOWN_STRAIGHT_SEGMENT""}","[""E-PDF-01""]","frozen straight length stays valid known steel; the p.13 detail shows short bars only as dots, so 'straight' is not supported: VERIFIED -> KNOWN_STRAIGHT_SEGMENT, COMPLETE_BAR LOWER_BOUND"
S4.1-D0093,PORTION_DECOMPOSITION,research/alsenan_footing_rebar_s4/S4_FREEZE_MANIFEST.json (e3633af+code:0d11810b780ae8f8),FOCC-1665:BOTTOM_SHORT,FOCC-1665,F4,BOTTOM_SHORT,FOOTING_BOTTOM_SHORT,END_TREATMENT_1,VERIFIED,0.0,ST7757.pdf p.13 'TYP. DETAIL OF ISOLATED FOOTING' (both variants),ST7757.pdf p.13,p13:S-REIN.D dots in section,NO_GRAPHIC_EVIDENCE,"STRAIGHT_RUN (frozen, KNOWN_STRAIGHT_SEGMENT) + END_TREATMENT_1/2 (not drawn); the long-bar U is NOT copied; COMPLETE_BAR = LOWER_BOUND",BLOCKED_UNQUANTIFIED,NONE,0.0,0.0,"[""FOCC-1665:BOTTOM_SHORT:END_TREATMENT_1"", ""FOCC-1665:BOTTOM_SHORT:END_TREATMENT_2""]",LOWER_BOUND,LOWER_BOUND,12,18,1860.0,"{""COMPLETE_BAR"": ""LOWER_BOUND"", ""END_TREATMENT"": ""BLOCKED_UNQUANTIFIED"", ""SHAPE"": ""NOT_DRAWN (dots in section only)"", ""STRAIGHT_RUN"": ""KNOWN_STRAIGHT_SEGMENT""}","[""E-PDF-01""]",end shape not drawn anywhere in the set (S4-13); the long-bar U is not copied (brief §4)
S4.1-D0094,PORTION_DECOMPOSITION,research/alsenan_footing_rebar_s4/S4_FREEZE_MANIFEST.json (e3633af+code:0d11810b780ae8f8),FOCC-1665:BOTTOM_SHORT,FOCC-1665,F4,BOTTOM_SHORT,FOOTING_BOTTOM_SHORT,END_TREATMENT_2,VERIFIED,0.0,ST7757.pdf p.13 'TYP. DETAIL OF ISOLATED FOOTING' (both variants),ST7757.pdf p.13,p13:S-REIN.D dots in section,NO_GRAPHIC_EVIDENCE,"STRAIGHT_RUN (frozen, KNOWN_STRAIGHT_SEGMENT) + END_TREATMENT_1/2 (not drawn); the long-bar U is NOT copied; COMPLETE_BAR = LOWER_BOUND",BLOCKED_UNQUANTIFIED,NONE,0.0,0.0,"[""FOCC-1665:BOTTOM_SHORT:END_TREATMENT_1"", ""FOCC-1665:BOTTOM_SHORT:END_TREATMENT_2""]",LOWER_BOUND,LOWER_BOUND,12,18,1860.0,"{""COMPLETE_BAR"": ""LOWER_BOUND"", ""END_TREATMENT"": ""BLOCKED_UNQUANTIFIED"", ""SHAPE"": ""NOT_DRAWN (dots in section only)"", ""STRAIGHT_RUN"": ""KNOWN_STRAIGHT_SEGMENT""}","[""E-PDF-01""]",end shape not drawn anywhere in the set (S4-13); the long-bar U is not copied (brief §4)
S4.1-D0095,NO_CHANGE,research/alsenan_footing_rebar_s4/S4_FREEZE_MANIFEST.json (e3633af+code:0d11810b780ae8f8),FOCC-1665:TOP_LONG,FOCC-1665,F4,TOP_LONG,FOOTING_TOP_LONG,WHOLE_COMPONENT,NOT_APPLICABLE,0.0,,,,NO_GRAPHIC_EVIDENCE,unchanged (frozen NOT_APPLICABLE),,NONE,0.0,0.0,[],NOT_APPLICABLE,NOT_APPLICABLE,,,,{},[],frozen NOT_APPLICABLE carried
S4.1-D0096,NO_CHANGE,research/alsenan_footing_rebar_s4/S4_FREEZE_MANIFEST.json (e3633af+code:0d11810b780ae8f8),FOCC-1665:TOP_SHORT,FOCC-1665,F4,TOP_SHORT,FOOTING_TOP_SHORT,WHOLE_COMPONENT,NOT_APPLICABLE,0.0,,,,NO_GRAPHIC_EVIDENCE,unchanged (frozen NOT_APPLICABLE),,NONE,0.0,0.0,[],NOT_APPLICABLE,NOT_APPLICABLE,,,,{},[],frozen NOT_APPLICABLE carried
S4.1-D0097,FACET_ADDED,research/alsenan_footing_rebar_s4/S4_FREEZE_MANIFEST.json (e3633af+code:0d11810b780ae8f8),FOCC-1665:BOXED,FOCC-1665,F4,BOXED,BOXED_REBAR,WHOLE_COMPONENT,BLOCKED_UNQUANTIFIED,0.0,ST7757.pdf p.13 'TYP. DETAIL OF ISOLATED FOOTING' (both variants),ST7757.pdf p.13,p13:S-REIN.D boxed_inverted_U (SHALLOW + DEEP),GRAPHIC_EXPLICIT_SHAPE_ONLY,"BOXED = inverted U (shape recorded); quantity blocked: no external diameter, no reading of 3+n",SHAPE_FOUND_LENGTH_BLOCKED,NONE,0.0,0.0,"[""FOCC-1665:BOXED""]",BLOCKED_UNQUANTIFIED,BLOCKED_UNQUANTIFIED,,,,"{""BOXED_KG"": ""BLOCKED_UNQUANTIFIED"", ""COUNT"": ""BLOCKED (3+n unresolved)"", ""DIAMETER"": ""SOURCE_EXPECTED_NOT_LOCATED (S4-02)"", ""EXISTENCE"": ""SOURCE_FOUND_EXPLICIT (schedule cell '3+4')"", ""MEANING_OF_3_PLUS_N"": ""SOURCE_EXPECTED_NOT_LOCATED (S4-01)"", ""ORIENTATION"": ""SOURCE_EXPECTED_NOT_LOCATED (S4-04)"", ""SHAPE"": ""SOURCE_FOUND_EXPLICIT (inverted U, legs to the bottom-bar level, no hooks)""}","[""E-PDF-01"", ""E-DXF-01""]","shape facet found; count, diameter and orientation still not located"
S4.1-D0098,NO_CHANGE,research/alsenan_footing_rebar_s4/S4_FREEZE_MANIFEST.json (e3633af+code:0d11810b780ae8f8),FOCC-1665:STARTER_DOWEL_REFERENCE,FOCC-1665,F4,STARTER_DOWEL_REFERENCE,STARTER,WHOLE_COMPONENT,NOT_APPLICABLE,0.0,,,,NO_GRAPHIC_EVIDENCE,unchanged (frozen NOT_APPLICABLE),,NONE,0.0,0.0,[],NOT_APPLICABLE,NOT_APPLICABLE,,,,{},[],frozen NOT_APPLICABLE carried
S4.1-D0099,SEMANTIC_CORRECTION,research/alsenan_footing_rebar_s4/S4_FREEZE_MANIFEST.json (e3633af+code:0d11810b780ae8f8),FOCC-1666:BOTTOM_LONG,FOCC-1666,F4,BOTTOM_LONG,FOOTING_BOTTOM_LONG,STRAIGHT_RUN,VERIFIED,31.128889,ST7757.pdf p.13 'TYP. DETAIL OF ISOLATED FOOTING' (both variants),ST7757.pdf p.13,p13:S-REIN.D long_bar_U (SHALLOW + DEEP),GRAPHIC_EXPLICIT_SHAPE_ONLY,U BAR = STRAIGHT_RUN + LEFT/RIGHT_UPTURN_LEG + LEFT/RIGHT_45_DEG_END (+2 bends); frozen straight length kept as KNOWN_STRAIGHT_SEGMENT; COMPLETE_BAR = LOWER_BOUND,KNOWN_STRAIGHT_SEGMENT,FROZEN_SOURCE_QUANTITY,0.0,31.128889,"[""FOCC-1666:BOTTOM_LONG:UPTURN_LEG_1"", ""FOCC-1666:BOTTOM_LONG:UPTURN_LEG_2"", ""FOCC-1666:BOTTOM_LONG:END_HOOK_1"", ""FOCC-1666:BOTTOM_LONG:END_HOOK_2"", ""FOCC-1666:BOTTOM_LONG:BEND_ARC_1"", ""FOCC-1666:BOTTOM_LONG:BEND_ARC_2""]",LOWER_BOUND,LOWER_BOUND,12,17,2060.0,"{""BEND_ARC"": ""SHAPE_FOUND_LENGTH_BLOCKED"", ""COMPLETE_BAR"": ""LOWER_BOUND"", ""END_HOOK_45"": ""SHAPE_FOUND_LENGTH_BLOCKED"", ""SHAPE"": ""SOURCE_FOUND_EXPLICIT (U with 45° ends)"", ""STRAIGHT_RUN"": ""KNOWN_STRAIGHT_SEGMENT"", ""UPTURN_LEG"": ""SHAPE_FOUND_LENGTH_BLOCKED""}","[""E-PDF-01""]","frozen straight length (schedule span - 2 x 70 mm cover) stays valid known steel; the p.13 drawing shows this run as the base of a U, so the complete bar is longer: VERIFIED (complete straight bar) -> KNOWN_STRAIGHT_SEGMENT, COMPLETE_BAR LOWER_BOUND"
S4.1-D0100,PORTION_DECOMPOSITION,research/alsenan_footing_rebar_s4/S4_FREEZE_MANIFEST.json (e3633af+code:0d11810b780ae8f8),FOCC-1666:BOTTOM_LONG,FOCC-1666,F4,BOTTOM_LONG,FOOTING_BOTTOM_LONG,UPTURN_LEG_1,VERIFIED,0.0,ST7757.pdf p.13 'TYP. DETAIL OF ISOLATED FOOTING' (both variants),ST7757.pdf p.13,p13:S-REIN.D long_bar_U (SHALLOW + DEEP),GRAPHIC_EXPLICIT_SHAPE_ONLY,U BAR = STRAIGHT_RUN + LEFT/RIGHT_UPTURN_LEG + LEFT/RIGHT_45_DEG_END (+2 bends); frozen straight length kept as KNOWN_STRAIGHT_SEGMENT; COMPLETE_BAR = LOWER_BOUND,SHAPE_FOUND_LENGTH_BLOCKED,NONE,0.0,0.0,"[""FOCC-1666:BOTTOM_LONG:UPTURN_LEG_1"", ""FOCC-1666:BOTTOM_LONG:UPTURN_LEG_2"", ""FOCC-1666:BOTTOM_LONG:END_HOOK_1"", ""FOCC-1666:BOTTOM_LONG:END_HOOK_2"", ""FOCC-1666:BOTTOM_LONG:BEND_ARC_1"", ""FOCC-1666:BOTTOM_LONG:BEND_ARC_2""]",LOWER_BOUND,LOWER_BOUND,12,17,2060.0,"{""BEND_ARC"": ""SHAPE_FOUND_LENGTH_BLOCKED"", ""COMPLETE_BAR"": ""LOWER_BOUND"", ""END_HOOK_45"": ""SHAPE_FOUND_LENGTH_BLOCKED"", ""SHAPE"": ""SOURCE_FOUND_EXPLICIT (U with 45° ends)"", ""STRAIGHT_RUN"": ""KNOWN_STRAIGHT_SEGMENT"", ""UPTURN_LEG"": ""SHAPE_FOUND_LENGTH_BLOCKED""}","[""E-PDF-01""]","leg drawn (shares the bottom-run vertex) but its top endpoint is not bound to a dimensioned level: rule-B derivation from D, cover and bar levels fails (ENDPOINTS_DETERMINISTIC); no length by scale"
S4.1-D0101,PORTION_DECOMPOSITION,research/alsenan_footing_rebar_s4/S4_FREEZE_MANIFEST.json (e3633af+code:0d11810b780ae8f8),FOCC-1666:BOTTOM_LONG,FOCC-1666,F4,BOTTOM_LONG,FOOTING_BOTTOM_LONG,UPTURN_LEG_2,VERIFIED,0.0,ST7757.pdf p.13 'TYP. DETAIL OF ISOLATED FOOTING' (both variants),ST7757.pdf p.13,p13:S-REIN.D long_bar_U (SHALLOW + DEEP),GRAPHIC_EXPLICIT_SHAPE_ONLY,U BAR = STRAIGHT_RUN + LEFT/RIGHT_UPTURN_LEG + LEFT/RIGHT_45_DEG_END (+2 bends); frozen straight length kept as KNOWN_STRAIGHT_SEGMENT; COMPLETE_BAR = LOWER_BOUND,SHAPE_FOUND_LENGTH_BLOCKED,NONE,0.0,0.0,"[""FOCC-1666:BOTTOM_LONG:UPTURN_LEG_1"", ""FOCC-1666:BOTTOM_LONG:UPTURN_LEG_2"", ""FOCC-1666:BOTTOM_LONG:END_HOOK_1"", ""FOCC-1666:BOTTOM_LONG:END_HOOK_2"", ""FOCC-1666:BOTTOM_LONG:BEND_ARC_1"", ""FOCC-1666:BOTTOM_LONG:BEND_ARC_2""]",LOWER_BOUND,LOWER_BOUND,12,17,2060.0,"{""BEND_ARC"": ""SHAPE_FOUND_LENGTH_BLOCKED"", ""COMPLETE_BAR"": ""LOWER_BOUND"", ""END_HOOK_45"": ""SHAPE_FOUND_LENGTH_BLOCKED"", ""SHAPE"": ""SOURCE_FOUND_EXPLICIT (U with 45° ends)"", ""STRAIGHT_RUN"": ""KNOWN_STRAIGHT_SEGMENT"", ""UPTURN_LEG"": ""SHAPE_FOUND_LENGTH_BLOCKED""}","[""E-PDF-01""]","leg drawn (shares the bottom-run vertex) but its top endpoint is not bound to a dimensioned level: rule-B derivation from D, cover and bar levels fails (ENDPOINTS_DETERMINISTIC); no length by scale"
S4.1-D0102,PORTION_DECOMPOSITION,research/alsenan_footing_rebar_s4/S4_FREEZE_MANIFEST.json (e3633af+code:0d11810b780ae8f8),FOCC-1666:BOTTOM_LONG,FOCC-1666,F4,BOTTOM_LONG,FOOTING_BOTTOM_LONG,END_HOOK_1,VERIFIED,0.0,ST7757.pdf p.13 'TYP. DETAIL OF ISOLATED FOOTING' (both variants),ST7757.pdf p.13,p13:S-REIN.D long_bar_U (SHALLOW + DEEP),GRAPHIC_EXPLICIT_SHAPE_ONLY,U BAR = STRAIGHT_RUN + LEFT/RIGHT_UPTURN_LEG + LEFT/RIGHT_45_DEG_END (+2 bends); frozen straight length kept as KNOWN_STRAIGHT_SEGMENT; COMPLETE_BAR = LOWER_BOUND,SHAPE_FOUND_LENGTH_BLOCKED,NONE,0.0,0.0,"[""FOCC-1666:BOTTOM_LONG:UPTURN_LEG_1"", ""FOCC-1666:BOTTOM_LONG:UPTURN_LEG_2"", ""FOCC-1666:BOTTOM_LONG:END_HOOK_1"", ""FOCC-1666:BOTTOM_LONG:END_HOOK_2"", ""FOCC-1666:BOTTOM_LONG:BEND_ARC_1"", ""FOCC-1666:BOTTOM_LONG:BEND_ARC_2""]",LOWER_BOUND,LOWER_BOUND,12,17,2060.0,"{""BEND_ARC"": ""SHAPE_FOUND_LENGTH_BLOCKED"", ""COMPLETE_BAR"": ""LOWER_BOUND"", ""END_HOOK_45"": ""SHAPE_FOUND_LENGTH_BLOCKED"", ""SHAPE"": ""SOURCE_FOUND_EXPLICIT (U with 45° ends)"", ""STRAIGHT_RUN"": ""KNOWN_STRAIGHT_SEGMENT"", ""UPTURN_LEG"": ""SHAPE_FOUND_LENGTH_BLOCKED""}","[""E-PDF-01""]",45° end drawn at the leg top (SHAPE_FOUND); hook length not dimensioned or noted
S4.1-D0103,PORTION_DECOMPOSITION,research/alsenan_footing_rebar_s4/S4_FREEZE_MANIFEST.json (e3633af+code:0d11810b780ae8f8),FOCC-1666:BOTTOM_LONG,FOCC-1666,F4,BOTTOM_LONG,FOOTING_BOTTOM_LONG,END_HOOK_2,VERIFIED,0.0,ST7757.pdf p.13 'TYP. DETAIL OF ISOLATED FOOTING' (both variants),ST7757.pdf p.13,p13:S-REIN.D long_bar_U (SHALLOW + DEEP),GRAPHIC_EXPLICIT_SHAPE_ONLY,U BAR = STRAIGHT_RUN + LEFT/RIGHT_UPTURN_LEG + LEFT/RIGHT_45_DEG_END (+2 bends); frozen straight length kept as KNOWN_STRAIGHT_SEGMENT; COMPLETE_BAR = LOWER_BOUND,SHAPE_FOUND_LENGTH_BLOCKED,NONE,0.0,0.0,"[""FOCC-1666:BOTTOM_LONG:UPTURN_LEG_1"", ""FOCC-1666:BOTTOM_LONG:UPTURN_LEG_2"", ""FOCC-1666:BOTTOM_LONG:END_HOOK_1"", ""FOCC-1666:BOTTOM_LONG:END_HOOK_2"", ""FOCC-1666:BOTTOM_LONG:BEND_ARC_1"", ""FOCC-1666:BOTTOM_LONG:BEND_ARC_2""]",LOWER_BOUND,LOWER_BOUND,12,17,2060.0,"{""BEND_ARC"": ""SHAPE_FOUND_LENGTH_BLOCKED"", ""COMPLETE_BAR"": ""LOWER_BOUND"", ""END_HOOK_45"": ""SHAPE_FOUND_LENGTH_BLOCKED"", ""SHAPE"": ""SOURCE_FOUND_EXPLICIT (U with 45° ends)"", ""STRAIGHT_RUN"": ""KNOWN_STRAIGHT_SEGMENT"", ""UPTURN_LEG"": ""SHAPE_FOUND_LENGTH_BLOCKED""}","[""E-PDF-01""]",45° end drawn at the leg top (SHAPE_FOUND); hook length not dimensioned or noted
S4.1-D0104,PORTION_DECOMPOSITION,research/alsenan_footing_rebar_s4/S4_FREEZE_MANIFEST.json (e3633af+code:0d11810b780ae8f8),FOCC-1666:BOTTOM_LONG,FOCC-1666,F4,BOTTOM_LONG,FOOTING_BOTTOM_LONG,BEND_ARC_1,VERIFIED,0.0,ST7757.pdf p.13 'TYP. DETAIL OF ISOLATED FOOTING' (both variants),ST7757.pdf p.13,p13:S-REIN.D long_bar_U (SHALLOW + DEEP),GRAPHIC_EXPLICIT_SHAPE_ONLY,U BAR = STRAIGHT_RUN + LEFT/RIGHT_UPTURN_LEG + LEFT/RIGHT_45_DEG_END (+2 bends); frozen straight length kept as KNOWN_STRAIGHT_SEGMENT; COMPLETE_BAR = LOWER_BOUND,SHAPE_FOUND_LENGTH_BLOCKED,NONE,0.0,0.0,"[""FOCC-1666:BOTTOM_LONG:UPTURN_LEG_1"", ""FOCC-1666:BOTTOM_LONG:UPTURN_LEG_2"", ""FOCC-1666:BOTTOM_LONG:END_HOOK_1"", ""FOCC-1666:BOTTOM_LONG:END_HOOK_2"", ""FOCC-1666:BOTTOM_LONG:BEND_ARC_1"", ""FOCC-1666:BOTTOM_LONG:BEND_ARC_2""]",LOWER_BOUND,LOWER_BOUND,12,17,2060.0,"{""BEND_ARC"": ""SHAPE_FOUND_LENGTH_BLOCKED"", ""COMPLETE_BAR"": ""LOWER_BOUND"", ""END_HOOK_45"": ""SHAPE_FOUND_LENGTH_BLOCKED"", ""SHAPE"": ""SOURCE_FOUND_EXPLICIT (U with 45° ends)"", ""STRAIGHT_RUN"": ""KNOWN_STRAIGHT_SEGMENT"", ""UPTURN_LEG"": ""SHAPE_FOUND_LENGTH_BLOCKED""}","[""E-PDF-01""]",bend at the base / leg corner exists (shared vertex); bend radius not drawn or noted
S4.1-D0105,PORTION_DECOMPOSITION,research/alsenan_footing_rebar_s4/S4_FREEZE_MANIFEST.json (e3633af+code:0d11810b780ae8f8),FOCC-1666:BOTTOM_LONG,FOCC-1666,F4,BOTTOM_LONG,FOOTING_BOTTOM_LONG,BEND_ARC_2,VERIFIED,0.0,ST7757.pdf p.13 'TYP. DETAIL OF ISOLATED FOOTING' (both variants),ST7757.pdf p.13,p13:S-REIN.D long_bar_U (SHALLOW + DEEP),GRAPHIC_EXPLICIT_SHAPE_ONLY,U BAR = STRAIGHT_RUN + LEFT/RIGHT_UPTURN_LEG + LEFT/RIGHT_45_DEG_END (+2 bends); frozen straight length kept as KNOWN_STRAIGHT_SEGMENT; COMPLETE_BAR = LOWER_BOUND,SHAPE_FOUND_LENGTH_BLOCKED,NONE,0.0,0.0,"[""FOCC-1666:BOTTOM_LONG:UPTURN_LEG_1"", ""FOCC-1666:BOTTOM_LONG:UPTURN_LEG_2"", ""FOCC-1666:BOTTOM_LONG:END_HOOK_1"", ""FOCC-1666:BOTTOM_LONG:END_HOOK_2"", ""FOCC-1666:BOTTOM_LONG:BEND_ARC_1"", ""FOCC-1666:BOTTOM_LONG:BEND_ARC_2""]",LOWER_BOUND,LOWER_BOUND,12,17,2060.0,"{""BEND_ARC"": ""SHAPE_FOUND_LENGTH_BLOCKED"", ""COMPLETE_BAR"": ""LOWER_BOUND"", ""END_HOOK_45"": ""SHAPE_FOUND_LENGTH_BLOCKED"", ""SHAPE"": ""SOURCE_FOUND_EXPLICIT (U with 45° ends)"", ""STRAIGHT_RUN"": ""KNOWN_STRAIGHT_SEGMENT"", ""UPTURN_LEG"": ""SHAPE_FOUND_LENGTH_BLOCKED""}","[""E-PDF-01""]",bend at the base / leg corner exists (shared vertex); bend radius not drawn or noted
S4.1-D0106,SEMANTIC_CORRECTION,research/alsenan_footing_rebar_s4/S4_FREEZE_MANIFEST.json (e3633af+code:0d11810b780ae8f8),FOCC-1666:BOTTOM_SHORT,FOCC-1666,F4,BOTTOM_SHORT,FOOTING_BOTTOM_SHORT,STRAIGHT_RUN,VERIFIED,29.76,ST7757.pdf p.13 'TYP. DETAIL OF ISOLATED FOOTING' (both variants),ST7757.pdf p.13,p13:S-REIN.D dots in section,GRAPHIC_NTS_OR_UNDIMENSIONED,"STRAIGHT_RUN (frozen, KNOWN_STRAIGHT_SEGMENT) + END_TREATMENT_1/2 (not drawn); the long-bar U is NOT copied; COMPLETE_BAR = LOWER_BOUND",KNOWN_STRAIGHT_SEGMENT,FROZEN_SOURCE_QUANTITY,0.0,29.76,"[""FOCC-1666:BOTTOM_SHORT:END_TREATMENT_1"", ""FOCC-1666:BOTTOM_SHORT:END_TREATMENT_2""]",LOWER_BOUND,LOWER_BOUND,12,18,1860.0,"{""COMPLETE_BAR"": ""LOWER_BOUND"", ""END_TREATMENT"": ""BLOCKED_UNQUANTIFIED"", ""SHAPE"": ""NOT_DRAWN (dots in section only)"", ""STRAIGHT_RUN"": ""KNOWN_STRAIGHT_SEGMENT""}","[""E-PDF-01""]","frozen straight length stays valid known steel; the p.13 detail shows short bars only as dots, so 'straight' is not supported: VERIFIED -> KNOWN_STRAIGHT_SEGMENT, COMPLETE_BAR LOWER_BOUND"
S4.1-D0107,PORTION_DECOMPOSITION,research/alsenan_footing_rebar_s4/S4_FREEZE_MANIFEST.json (e3633af+code:0d11810b780ae8f8),FOCC-1666:BOTTOM_SHORT,FOCC-1666,F4,BOTTOM_SHORT,FOOTING_BOTTOM_SHORT,END_TREATMENT_1,VERIFIED,0.0,ST7757.pdf p.13 'TYP. DETAIL OF ISOLATED FOOTING' (both variants),ST7757.pdf p.13,p13:S-REIN.D dots in section,NO_GRAPHIC_EVIDENCE,"STRAIGHT_RUN (frozen, KNOWN_STRAIGHT_SEGMENT) + END_TREATMENT_1/2 (not drawn); the long-bar U is NOT copied; COMPLETE_BAR = LOWER_BOUND",BLOCKED_UNQUANTIFIED,NONE,0.0,0.0,"[""FOCC-1666:BOTTOM_SHORT:END_TREATMENT_1"", ""FOCC-1666:BOTTOM_SHORT:END_TREATMENT_2""]",LOWER_BOUND,LOWER_BOUND,12,18,1860.0,"{""COMPLETE_BAR"": ""LOWER_BOUND"", ""END_TREATMENT"": ""BLOCKED_UNQUANTIFIED"", ""SHAPE"": ""NOT_DRAWN (dots in section only)"", ""STRAIGHT_RUN"": ""KNOWN_STRAIGHT_SEGMENT""}","[""E-PDF-01""]",end shape not drawn anywhere in the set (S4-13); the long-bar U is not copied (brief §4)
S4.1-D0108,PORTION_DECOMPOSITION,research/alsenan_footing_rebar_s4/S4_FREEZE_MANIFEST.json (e3633af+code:0d11810b780ae8f8),FOCC-1666:BOTTOM_SHORT,FOCC-1666,F4,BOTTOM_SHORT,FOOTING_BOTTOM_SHORT,END_TREATMENT_2,VERIFIED,0.0,ST7757.pdf p.13 'TYP. DETAIL OF ISOLATED FOOTING' (both variants),ST7757.pdf p.13,p13:S-REIN.D dots in section,NO_GRAPHIC_EVIDENCE,"STRAIGHT_RUN (frozen, KNOWN_STRAIGHT_SEGMENT) + END_TREATMENT_1/2 (not drawn); the long-bar U is NOT copied; COMPLETE_BAR = LOWER_BOUND",BLOCKED_UNQUANTIFIED,NONE,0.0,0.0,"[""FOCC-1666:BOTTOM_SHORT:END_TREATMENT_1"", ""FOCC-1666:BOTTOM_SHORT:END_TREATMENT_2""]",LOWER_BOUND,LOWER_BOUND,12,18,1860.0,"{""COMPLETE_BAR"": ""LOWER_BOUND"", ""END_TREATMENT"": ""BLOCKED_UNQUANTIFIED"", ""SHAPE"": ""NOT_DRAWN (dots in section only)"", ""STRAIGHT_RUN"": ""KNOWN_STRAIGHT_SEGMENT""}","[""E-PDF-01""]",end shape not drawn anywhere in the set (S4-13); the long-bar U is not copied (brief §4)
S4.1-D0109,NO_CHANGE,research/alsenan_footing_rebar_s4/S4_FREEZE_MANIFEST.json (e3633af+code:0d11810b780ae8f8),FOCC-1666:TOP_LONG,FOCC-1666,F4,TOP_LONG,FOOTING_TOP_LONG,WHOLE_COMPONENT,NOT_APPLICABLE,0.0,,,,NO_GRAPHIC_EVIDENCE,unchanged (frozen NOT_APPLICABLE),,NONE,0.0,0.0,[],NOT_APPLICABLE,NOT_APPLICABLE,,,,{},[],frozen NOT_APPLICABLE carried
S4.1-D0110,NO_CHANGE,research/alsenan_footing_rebar_s4/S4_FREEZE_MANIFEST.json (e3633af+code:0d11810b780ae8f8),FOCC-1666:TOP_SHORT,FOCC-1666,F4,TOP_SHORT,FOOTING_TOP_SHORT,WHOLE_COMPONENT,NOT_APPLICABLE,0.0,,,,NO_GRAPHIC_EVIDENCE,unchanged (frozen NOT_APPLICABLE),,NONE,0.0,0.0,[],NOT_APPLICABLE,NOT_APPLICABLE,,,,{},[],frozen NOT_APPLICABLE carried
S4.1-D0111,FACET_ADDED,research/alsenan_footing_rebar_s4/S4_FREEZE_MANIFEST.json (e3633af+code:0d11810b780ae8f8),FOCC-1666:BOXED,FOCC-1666,F4,BOXED,BOXED_REBAR,WHOLE_COMPONENT,BLOCKED_UNQUANTIFIED,0.0,ST7757.pdf p.13 'TYP. DETAIL OF ISOLATED FOOTING' (both variants),ST7757.pdf p.13,p13:S-REIN.D boxed_inverted_U (SHALLOW + DEEP),GRAPHIC_EXPLICIT_SHAPE_ONLY,"BOXED = inverted U (shape recorded); quantity blocked: no external diameter, no reading of 3+n",SHAPE_FOUND_LENGTH_BLOCKED,NONE,0.0,0.0,"[""FOCC-1666:BOXED""]",BLOCKED_UNQUANTIFIED,BLOCKED_UNQUANTIFIED,,,,"{""BOXED_KG"": ""BLOCKED_UNQUANTIFIED"", ""COUNT"": ""BLOCKED (3+n unresolved)"", ""DIAMETER"": ""SOURCE_EXPECTED_NOT_LOCATED (S4-02)"", ""EXISTENCE"": ""SOURCE_FOUND_EXPLICIT (schedule cell '3+4')"", ""MEANING_OF_3_PLUS_N"": ""SOURCE_EXPECTED_NOT_LOCATED (S4-01)"", ""ORIENTATION"": ""SOURCE_EXPECTED_NOT_LOCATED (S4-04)"", ""SHAPE"": ""SOURCE_FOUND_EXPLICIT (inverted U, legs to the bottom-bar level, no hooks)""}","[""E-PDF-01"", ""E-DXF-01""]","shape facet found; count, diameter and orientation still not located"
S4.1-D0112,NO_CHANGE,research/alsenan_footing_rebar_s4/S4_FREEZE_MANIFEST.json (e3633af+code:0d11810b780ae8f8),FOCC-1666:STARTER_DOWEL_REFERENCE,FOCC-1666,F4,STARTER_DOWEL_REFERENCE,STARTER,WHOLE_COMPONENT,NOT_APPLICABLE,0.0,,,,NO_GRAPHIC_EVIDENCE,unchanged (frozen NOT_APPLICABLE),,NONE,0.0,0.0,[],NOT_APPLICABLE,NOT_APPLICABLE,,,,{},[],frozen NOT_APPLICABLE carried
S4.1-D0113,SEMANTIC_CORRECTION,research/alsenan_footing_rebar_s4/S4_FREEZE_MANIFEST.json (e3633af+code:0d11810b780ae8f8),FOCC-1667:BOTTOM_LONG,FOCC-1667,F,BOTTOM_LONG,FOOTING_BOTTOM_LONG,STRAIGHT_RUN,VERIFIED,4.728889,ST7757.pdf p.13 'TYP. DETAIL OF ISOLATED FOOTING' (both variants),ST7757.pdf p.13,p13:S-REIN.D long_bar_U (SHALLOW + DEEP),GRAPHIC_EXPLICIT_SHAPE_ONLY,U BAR = STRAIGHT_RUN + LEFT/RIGHT_UPTURN_LEG + LEFT/RIGHT_45_DEG_END (+2 bends); frozen straight length kept as KNOWN_STRAIGHT_SEGMENT; COMPLETE_BAR = LOWER_BOUND,KNOWN_STRAIGHT_SEGMENT,FROZEN_SOURCE_QUANTITY,0.0,4.728889,"[""FOCC-1667:BOTTOM_LONG:UPTURN_LEG_1"", ""FOCC-1667:BOTTOM_LONG:UPTURN_LEG_2"", ""FOCC-1667:BOTTOM_LONG:END_HOOK_1"", ""FOCC-1667:BOTTOM_LONG:END_HOOK_2"", ""FOCC-1667:BOTTOM_LONG:BEND_ARC_1"", ""FOCC-1667:BOTTOM_LONG:BEND_ARC_2""]",LOWER_BOUND,LOWER_BOUND,12,7,760.0,"{""BEND_ARC"": ""SHAPE_FOUND_LENGTH_BLOCKED"", ""COMPLETE_BAR"": ""LOWER_BOUND"", ""END_HOOK_45"": ""SHAPE_FOUND_LENGTH_BLOCKED"", ""SHAPE"": ""SOURCE_FOUND_EXPLICIT (U with 45° ends)"", ""STRAIGHT_RUN"": ""KNOWN_STRAIGHT_SEGMENT"", ""UPTURN_LEG"": ""SHAPE_FOUND_LENGTH_BLOCKED""}","[""E-PDF-01""]","frozen straight length (schedule span - 2 x 70 mm cover) stays valid known steel; the p.13 drawing shows this run as the base of a U, so the complete bar is longer: VERIFIED (complete straight bar) -> KNOWN_STRAIGHT_SEGMENT, COMPLETE_BAR LOWER_BOUND"
S4.1-D0114,PORTION_DECOMPOSITION,research/alsenan_footing_rebar_s4/S4_FREEZE_MANIFEST.json (e3633af+code:0d11810b780ae8f8),FOCC-1667:BOTTOM_LONG,FOCC-1667,F,BOTTOM_LONG,FOOTING_BOTTOM_LONG,UPTURN_LEG_1,VERIFIED,0.0,ST7757.pdf p.13 'TYP. DETAIL OF ISOLATED FOOTING' (both variants),ST7757.pdf p.13,p13:S-REIN.D long_bar_U (SHALLOW + DEEP),GRAPHIC_EXPLICIT_SHAPE_ONLY,U BAR = STRAIGHT_RUN + LEFT/RIGHT_UPTURN_LEG + LEFT/RIGHT_45_DEG_END (+2 bends); frozen straight length kept as KNOWN_STRAIGHT_SEGMENT; COMPLETE_BAR = LOWER_BOUND,SHAPE_FOUND_LENGTH_BLOCKED,NONE,0.0,0.0,"[""FOCC-1667:BOTTOM_LONG:UPTURN_LEG_1"", ""FOCC-1667:BOTTOM_LONG:UPTURN_LEG_2"", ""FOCC-1667:BOTTOM_LONG:END_HOOK_1"", ""FOCC-1667:BOTTOM_LONG:END_HOOK_2"", ""FOCC-1667:BOTTOM_LONG:BEND_ARC_1"", ""FOCC-1667:BOTTOM_LONG:BEND_ARC_2""]",LOWER_BOUND,LOWER_BOUND,12,7,760.0,"{""BEND_ARC"": ""SHAPE_FOUND_LENGTH_BLOCKED"", ""COMPLETE_BAR"": ""LOWER_BOUND"", ""END_HOOK_45"": ""SHAPE_FOUND_LENGTH_BLOCKED"", ""SHAPE"": ""SOURCE_FOUND_EXPLICIT (U with 45° ends)"", ""STRAIGHT_RUN"": ""KNOWN_STRAIGHT_SEGMENT"", ""UPTURN_LEG"": ""SHAPE_FOUND_LENGTH_BLOCKED""}","[""E-PDF-01""]","leg drawn (shares the bottom-run vertex) but its top endpoint is not bound to a dimensioned level: rule-B derivation from D, cover and bar levels fails (ENDPOINTS_DETERMINISTIC); no length by scale"
S4.1-D0115,PORTION_DECOMPOSITION,research/alsenan_footing_rebar_s4/S4_FREEZE_MANIFEST.json (e3633af+code:0d11810b780ae8f8),FOCC-1667:BOTTOM_LONG,FOCC-1667,F,BOTTOM_LONG,FOOTING_BOTTOM_LONG,UPTURN_LEG_2,VERIFIED,0.0,ST7757.pdf p.13 'TYP. DETAIL OF ISOLATED FOOTING' (both variants),ST7757.pdf p.13,p13:S-REIN.D long_bar_U (SHALLOW + DEEP),GRAPHIC_EXPLICIT_SHAPE_ONLY,U BAR = STRAIGHT_RUN + LEFT/RIGHT_UPTURN_LEG + LEFT/RIGHT_45_DEG_END (+2 bends); frozen straight length kept as KNOWN_STRAIGHT_SEGMENT; COMPLETE_BAR = LOWER_BOUND,SHAPE_FOUND_LENGTH_BLOCKED,NONE,0.0,0.0,"[""FOCC-1667:BOTTOM_LONG:UPTURN_LEG_1"", ""FOCC-1667:BOTTOM_LONG:UPTURN_LEG_2"", ""FOCC-1667:BOTTOM_LONG:END_HOOK_1"", ""FOCC-1667:BOTTOM_LONG:END_HOOK_2"", ""FOCC-1667:BOTTOM_LONG:BEND_ARC_1"", ""FOCC-1667:BOTTOM_LONG:BEND_ARC_2""]",LOWER_BOUND,LOWER_BOUND,12,7,760.0,"{""BEND_ARC"": ""SHAPE_FOUND_LENGTH_BLOCKED"", ""COMPLETE_BAR"": ""LOWER_BOUND"", ""END_HOOK_45"": ""SHAPE_FOUND_LENGTH_BLOCKED"", ""SHAPE"": ""SOURCE_FOUND_EXPLICIT (U with 45° ends)"", ""STRAIGHT_RUN"": ""KNOWN_STRAIGHT_SEGMENT"", ""UPTURN_LEG"": ""SHAPE_FOUND_LENGTH_BLOCKED""}","[""E-PDF-01""]","leg drawn (shares the bottom-run vertex) but its top endpoint is not bound to a dimensioned level: rule-B derivation from D, cover and bar levels fails (ENDPOINTS_DETERMINISTIC); no length by scale"
S4.1-D0116,PORTION_DECOMPOSITION,research/alsenan_footing_rebar_s4/S4_FREEZE_MANIFEST.json (e3633af+code:0d11810b780ae8f8),FOCC-1667:BOTTOM_LONG,FOCC-1667,F,BOTTOM_LONG,FOOTING_BOTTOM_LONG,END_HOOK_1,VERIFIED,0.0,ST7757.pdf p.13 'TYP. DETAIL OF ISOLATED FOOTING' (both variants),ST7757.pdf p.13,p13:S-REIN.D long_bar_U (SHALLOW + DEEP),GRAPHIC_EXPLICIT_SHAPE_ONLY,U BAR = STRAIGHT_RUN + LEFT/RIGHT_UPTURN_LEG + LEFT/RIGHT_45_DEG_END (+2 bends); frozen straight length kept as KNOWN_STRAIGHT_SEGMENT; COMPLETE_BAR = LOWER_BOUND,SHAPE_FOUND_LENGTH_BLOCKED,NONE,0.0,0.0,"[""FOCC-1667:BOTTOM_LONG:UPTURN_LEG_1"", ""FOCC-1667:BOTTOM_LONG:UPTURN_LEG_2"", ""FOCC-1667:BOTTOM_LONG:END_HOOK_1"", ""FOCC-1667:BOTTOM_LONG:END_HOOK_2"", ""FOCC-1667:BOTTOM_LONG:BEND_ARC_1"", ""FOCC-1667:BOTTOM_LONG:BEND_ARC_2""]",LOWER_BOUND,LOWER_BOUND,12,7,760.0,"{""BEND_ARC"": ""SHAPE_FOUND_LENGTH_BLOCKED"", ""COMPLETE_BAR"": ""LOWER_BOUND"", ""END_HOOK_45"": ""SHAPE_FOUND_LENGTH_BLOCKED"", ""SHAPE"": ""SOURCE_FOUND_EXPLICIT (U with 45° ends)"", ""STRAIGHT_RUN"": ""KNOWN_STRAIGHT_SEGMENT"", ""UPTURN_LEG"": ""SHAPE_FOUND_LENGTH_BLOCKED""}","[""E-PDF-01""]",45° end drawn at the leg top (SHAPE_FOUND); hook length not dimensioned or noted
S4.1-D0117,PORTION_DECOMPOSITION,research/alsenan_footing_rebar_s4/S4_FREEZE_MANIFEST.json (e3633af+code:0d11810b780ae8f8),FOCC-1667:BOTTOM_LONG,FOCC-1667,F,BOTTOM_LONG,FOOTING_BOTTOM_LONG,END_HOOK_2,VERIFIED,0.0,ST7757.pdf p.13 'TYP. DETAIL OF ISOLATED FOOTING' (both variants),ST7757.pdf p.13,p13:S-REIN.D long_bar_U (SHALLOW + DEEP),GRAPHIC_EXPLICIT_SHAPE_ONLY,U BAR = STRAIGHT_RUN + LEFT/RIGHT_UPTURN_LEG + LEFT/RIGHT_45_DEG_END (+2 bends); frozen straight length kept as KNOWN_STRAIGHT_SEGMENT; COMPLETE_BAR = LOWER_BOUND,SHAPE_FOUND_LENGTH_BLOCKED,NONE,0.0,0.0,"[""FOCC-1667:BOTTOM_LONG:UPTURN_LEG_1"", ""FOCC-1667:BOTTOM_LONG:UPTURN_LEG_2"", ""FOCC-1667:BOTTOM_LONG:END_HOOK_1"", ""FOCC-1667:BOTTOM_LONG:END_HOOK_2"", ""FOCC-1667:BOTTOM_LONG:BEND_ARC_1"", ""FOCC-1667:BOTTOM_LONG:BEND_ARC_2""]",LOWER_BOUND,LOWER_BOUND,12,7,760.0,"{""BEND_ARC"": ""SHAPE_FOUND_LENGTH_BLOCKED"", ""COMPLETE_BAR"": ""LOWER_BOUND"", ""END_HOOK_45"": ""SHAPE_FOUND_LENGTH_BLOCKED"", ""SHAPE"": ""SOURCE_FOUND_EXPLICIT (U with 45° ends)"", ""STRAIGHT_RUN"": ""KNOWN_STRAIGHT_SEGMENT"", ""UPTURN_LEG"": ""SHAPE_FOUND_LENGTH_BLOCKED""}","[""E-PDF-01""]",45° end drawn at the leg top (SHAPE_FOUND); hook length not dimensioned or noted
S4.1-D0118,PORTION_DECOMPOSITION,research/alsenan_footing_rebar_s4/S4_FREEZE_MANIFEST.json (e3633af+code:0d11810b780ae8f8),FOCC-1667:BOTTOM_LONG,FOCC-1667,F,BOTTOM_LONG,FOOTING_BOTTOM_LONG,BEND_ARC_1,VERIFIED,0.0,ST7757.pdf p.13 'TYP. DETAIL OF ISOLATED FOOTING' (both variants),ST7757.pdf p.13,p13:S-REIN.D long_bar_U (SHALLOW + DEEP),GRAPHIC_EXPLICIT_SHAPE_ONLY,U BAR = STRAIGHT_RUN + LEFT/RIGHT_UPTURN_LEG + LEFT/RIGHT_45_DEG_END (+2 bends); frozen straight length kept as KNOWN_STRAIGHT_SEGMENT; COMPLETE_BAR = LOWER_BOUND,SHAPE_FOUND_LENGTH_BLOCKED,NONE,0.0,0.0,"[""FOCC-1667:BOTTOM_LONG:UPTURN_LEG_1"", ""FOCC-1667:BOTTOM_LONG:UPTURN_LEG_2"", ""FOCC-1667:BOTTOM_LONG:END_HOOK_1"", ""FOCC-1667:BOTTOM_LONG:END_HOOK_2"", ""FOCC-1667:BOTTOM_LONG:BEND_ARC_1"", ""FOCC-1667:BOTTOM_LONG:BEND_ARC_2""]",LOWER_BOUND,LOWER_BOUND,12,7,760.0,"{""BEND_ARC"": ""SHAPE_FOUND_LENGTH_BLOCKED"", ""COMPLETE_BAR"": ""LOWER_BOUND"", ""END_HOOK_45"": ""SHAPE_FOUND_LENGTH_BLOCKED"", ""SHAPE"": ""SOURCE_FOUND_EXPLICIT (U with 45° ends)"", ""STRAIGHT_RUN"": ""KNOWN_STRAIGHT_SEGMENT"", ""UPTURN_LEG"": ""SHAPE_FOUND_LENGTH_BLOCKED""}","[""E-PDF-01""]",bend at the base / leg corner exists (shared vertex); bend radius not drawn or noted
S4.1-D0119,PORTION_DECOMPOSITION,research/alsenan_footing_rebar_s4/S4_FREEZE_MANIFEST.json (e3633af+code:0d11810b780ae8f8),FOCC-1667:BOTTOM_LONG,FOCC-1667,F,BOTTOM_LONG,FOOTING_BOTTOM_LONG,BEND_ARC_2,VERIFIED,0.0,ST7757.pdf p.13 'TYP. DETAIL OF ISOLATED FOOTING' (both variants),ST7757.pdf p.13,p13:S-REIN.D long_bar_U (SHALLOW + DEEP),GRAPHIC_EXPLICIT_SHAPE_ONLY,U BAR = STRAIGHT_RUN + LEFT/RIGHT_UPTURN_LEG + LEFT/RIGHT_45_DEG_END (+2 bends); frozen straight length kept as KNOWN_STRAIGHT_SEGMENT; COMPLETE_BAR = LOWER_BOUND,SHAPE_FOUND_LENGTH_BLOCKED,NONE,0.0,0.0,"[""FOCC-1667:BOTTOM_LONG:UPTURN_LEG_1"", ""FOCC-1667:BOTTOM_LONG:UPTURN_LEG_2"", ""FOCC-1667:BOTTOM_LONG:END_HOOK_1"", ""FOCC-1667:BOTTOM_LONG:END_HOOK_2"", ""FOCC-1667:BOTTOM_LONG:BEND_ARC_1"", ""FOCC-1667:BOTTOM_LONG:BEND_ARC_2""]",LOWER_BOUND,LOWER_BOUND,12,7,760.0,"{""BEND_ARC"": ""SHAPE_FOUND_LENGTH_BLOCKED"", ""COMPLETE_BAR"": ""LOWER_BOUND"", ""END_HOOK_45"": ""SHAPE_FOUND_LENGTH_BLOCKED"", ""SHAPE"": ""SOURCE_FOUND_EXPLICIT (U with 45° ends)"", ""STRAIGHT_RUN"": ""KNOWN_STRAIGHT_SEGMENT"", ""UPTURN_LEG"": ""SHAPE_FOUND_LENGTH_BLOCKED""}","[""E-PDF-01""]",bend at the base / leg corner exists (shared vertex); bend radius not drawn or noted
S4.1-D0120,SEMANTIC_CORRECTION,research/alsenan_footing_rebar_s4/S4_FREEZE_MANIFEST.json (e3633af+code:0d11810b780ae8f8),FOCC-1667:BOTTOM_SHORT,FOCC-1667,F,BOTTOM_SHORT,FOOTING_BOTTOM_SHORT,STRAIGHT_RUN,VERIFIED,4.693333,ST7757.pdf p.13 'TYP. DETAIL OF ISOLATED FOOTING' (both variants),ST7757.pdf p.13,p13:S-REIN.D dots in section,GRAPHIC_NTS_OR_UNDIMENSIONED,"STRAIGHT_RUN (frozen, KNOWN_STRAIGHT_SEGMENT) + END_TREATMENT_1/2 (not drawn); the long-bar U is NOT copied; COMPLETE_BAR = LOWER_BOUND",KNOWN_STRAIGHT_SEGMENT,FROZEN_SOURCE_QUANTITY,0.0,4.693333,"[""FOCC-1667:BOTTOM_SHORT:END_TREATMENT_1"", ""FOCC-1667:BOTTOM_SHORT:END_TREATMENT_2""]",LOWER_BOUND,LOWER_BOUND,12,8,660.0,"{""COMPLETE_BAR"": ""LOWER_BOUND"", ""END_TREATMENT"": ""BLOCKED_UNQUANTIFIED"", ""SHAPE"": ""NOT_DRAWN (dots in section only)"", ""STRAIGHT_RUN"": ""KNOWN_STRAIGHT_SEGMENT""}","[""E-PDF-01""]","frozen straight length stays valid known steel; the p.13 detail shows short bars only as dots, so 'straight' is not supported: VERIFIED -> KNOWN_STRAIGHT_SEGMENT, COMPLETE_BAR LOWER_BOUND"
S4.1-D0121,PORTION_DECOMPOSITION,research/alsenan_footing_rebar_s4/S4_FREEZE_MANIFEST.json (e3633af+code:0d11810b780ae8f8),FOCC-1667:BOTTOM_SHORT,FOCC-1667,F,BOTTOM_SHORT,FOOTING_BOTTOM_SHORT,END_TREATMENT_1,VERIFIED,0.0,ST7757.pdf p.13 'TYP. DETAIL OF ISOLATED FOOTING' (both variants),ST7757.pdf p.13,p13:S-REIN.D dots in section,NO_GRAPHIC_EVIDENCE,"STRAIGHT_RUN (frozen, KNOWN_STRAIGHT_SEGMENT) + END_TREATMENT_1/2 (not drawn); the long-bar U is NOT copied; COMPLETE_BAR = LOWER_BOUND",BLOCKED_UNQUANTIFIED,NONE,0.0,0.0,"[""FOCC-1667:BOTTOM_SHORT:END_TREATMENT_1"", ""FOCC-1667:BOTTOM_SHORT:END_TREATMENT_2""]",LOWER_BOUND,LOWER_BOUND,12,8,660.0,"{""COMPLETE_BAR"": ""LOWER_BOUND"", ""END_TREATMENT"": ""BLOCKED_UNQUANTIFIED"", ""SHAPE"": ""NOT_DRAWN (dots in section only)"", ""STRAIGHT_RUN"": ""KNOWN_STRAIGHT_SEGMENT""}","[""E-PDF-01""]",end shape not drawn anywhere in the set (S4-13); the long-bar U is not copied (brief §4)
S4.1-D0122,PORTION_DECOMPOSITION,research/alsenan_footing_rebar_s4/S4_FREEZE_MANIFEST.json (e3633af+code:0d11810b780ae8f8),FOCC-1667:BOTTOM_SHORT,FOCC-1667,F,BOTTOM_SHORT,FOOTING_BOTTOM_SHORT,END_TREATMENT_2,VERIFIED,0.0,ST7757.pdf p.13 'TYP. DETAIL OF ISOLATED FOOTING' (both variants),ST7757.pdf p.13,p13:S-REIN.D dots in section,NO_GRAPHIC_EVIDENCE,"STRAIGHT_RUN (frozen, KNOWN_STRAIGHT_SEGMENT) + END_TREATMENT_1/2 (not drawn); the long-bar U is NOT copied; COMPLETE_BAR = LOWER_BOUND",BLOCKED_UNQUANTIFIED,NONE,0.0,0.0,"[""FOCC-1667:BOTTOM_SHORT:END_TREATMENT_1"", ""FOCC-1667:BOTTOM_SHORT:END_TREATMENT_2""]",LOWER_BOUND,LOWER_BOUND,12,8,660.0,"{""COMPLETE_BAR"": ""LOWER_BOUND"", ""END_TREATMENT"": ""BLOCKED_UNQUANTIFIED"", ""SHAPE"": ""NOT_DRAWN (dots in section only)"", ""STRAIGHT_RUN"": ""KNOWN_STRAIGHT_SEGMENT""}","[""E-PDF-01""]",end shape not drawn anywhere in the set (S4-13); the long-bar U is not copied (brief §4)
S4.1-D0123,NO_CHANGE,research/alsenan_footing_rebar_s4/S4_FREEZE_MANIFEST.json (e3633af+code:0d11810b780ae8f8),FOCC-1667:TOP_LONG,FOCC-1667,F,TOP_LONG,FOOTING_TOP_LONG,WHOLE_COMPONENT,NOT_APPLICABLE,0.0,,,,NO_GRAPHIC_EVIDENCE,unchanged (frozen NOT_APPLICABLE),,NONE,0.0,0.0,[],NOT_APPLICABLE,NOT_APPLICABLE,,,,{},[],frozen NOT_APPLICABLE carried
S4.1-D0124,NO_CHANGE,research/alsenan_footing_rebar_s4/S4_FREEZE_MANIFEST.json (e3633af+code:0d11810b780ae8f8),FOCC-1667:TOP_SHORT,FOCC-1667,F,TOP_SHORT,FOOTING_TOP_SHORT,WHOLE_COMPONENT,NOT_APPLICABLE,0.0,,,,NO_GRAPHIC_EVIDENCE,unchanged (frozen NOT_APPLICABLE),,NONE,0.0,0.0,[],NOT_APPLICABLE,NOT_APPLICABLE,,,,{},[],frozen NOT_APPLICABLE carried
S4.1-D0125,FACET_ADDED,research/alsenan_footing_rebar_s4/S4_FREEZE_MANIFEST.json (e3633af+code:0d11810b780ae8f8),FOCC-1667:BOXED,FOCC-1667,F,BOXED,BOXED_REBAR,WHOLE_COMPONENT,BLOCKED_UNQUANTIFIED,0.0,ST7757.pdf p.13 'TYP. DETAIL OF ISOLATED FOOTING' (both variants),ST7757.pdf p.13,p13:S-REIN.D boxed_inverted_U (SHALLOW + DEEP),GRAPHIC_EXPLICIT_SHAPE_ONLY,"BOXED = inverted U (shape recorded); quantity blocked: no external diameter, no reading of 3+n",SHAPE_FOUND_LENGTH_BLOCKED,NONE,0.0,0.0,"[""FOCC-1667:BOXED""]",BLOCKED_UNQUANTIFIED,BLOCKED_UNQUANTIFIED,,,,"{""BOXED_KG"": ""BLOCKED_UNQUANTIFIED"", ""COUNT"": ""BLOCKED (3+n unresolved)"", ""DIAMETER"": ""SOURCE_EXPECTED_NOT_LOCATED (S4-02)"", ""EXISTENCE"": ""SOURCE_FOUND_EXPLICIT (schedule cell '3+4')"", ""MEANING_OF_3_PLUS_N"": ""SOURCE_EXPECTED_NOT_LOCATED (S4-01)"", ""ORIENTATION"": ""SOURCE_EXPECTED_NOT_LOCATED (S4-04)"", ""SHAPE"": ""SOURCE_FOUND_EXPLICIT (inverted U, legs to the bottom-bar level, no hooks)""}","[""E-PDF-01"", ""E-DXF-01""]","shape facet found; count, diameter and orientation still not located"
S4.1-D0126,NO_CHANGE,research/alsenan_footing_rebar_s4/S4_FREEZE_MANIFEST.json (e3633af+code:0d11810b780ae8f8),FOCC-1667:STARTER_DOWEL_REFERENCE,FOCC-1667,F,STARTER_DOWEL_REFERENCE,STARTER,WHOLE_COMPONENT,NOT_APPLICABLE,0.0,,,,NO_GRAPHIC_EVIDENCE,unchanged (frozen NOT_APPLICABLE),,NONE,0.0,0.0,[],NOT_APPLICABLE,NOT_APPLICABLE,,,,{},[],frozen NOT_APPLICABLE carried
S4.1-D0127,SEMANTIC_CORRECTION,research/alsenan_footing_rebar_s4/S4_FREEZE_MANIFEST.json (e3633af+code:0d11810b780ae8f8),FOCC-1668:BOTTOM_LONG,FOCC-1668,F,BOTTOM_LONG,FOOTING_BOTTOM_LONG,STRAIGHT_RUN,VERIFIED,4.728889,ST7757.pdf p.13 'TYP. DETAIL OF ISOLATED FOOTING' (both variants),ST7757.pdf p.13,p13:S-REIN.D long_bar_U (SHALLOW + DEEP),GRAPHIC_EXPLICIT_SHAPE_ONLY,U BAR = STRAIGHT_RUN + LEFT/RIGHT_UPTURN_LEG + LEFT/RIGHT_45_DEG_END (+2 bends); frozen straight length kept as KNOWN_STRAIGHT_SEGMENT; COMPLETE_BAR = LOWER_BOUND,KNOWN_STRAIGHT_SEGMENT,FROZEN_SOURCE_QUANTITY,0.0,4.728889,"[""FOCC-1668:BOTTOM_LONG:UPTURN_LEG_1"", ""FOCC-1668:BOTTOM_LONG:UPTURN_LEG_2"", ""FOCC-1668:BOTTOM_LONG:END_HOOK_1"", ""FOCC-1668:BOTTOM_LONG:END_HOOK_2"", ""FOCC-1668:BOTTOM_LONG:BEND_ARC_1"", ""FOCC-1668:BOTTOM_LONG:BEND_ARC_2""]",LOWER_BOUND,LOWER_BOUND,12,7,760.0,"{""BEND_ARC"": ""SHAPE_FOUND_LENGTH_BLOCKED"", ""COMPLETE_BAR"": ""LOWER_BOUND"", ""END_HOOK_45"": ""SHAPE_FOUND_LENGTH_BLOCKED"", ""SHAPE"": ""SOURCE_FOUND_EXPLICIT (U with 45° ends)"", ""STRAIGHT_RUN"": ""KNOWN_STRAIGHT_SEGMENT"", ""UPTURN_LEG"": ""SHAPE_FOUND_LENGTH_BLOCKED""}","[""E-PDF-01""]","frozen straight length (schedule span - 2 x 70 mm cover) stays valid known steel; the p.13 drawing shows this run as the base of a U, so the complete bar is longer: VERIFIED (complete straight bar) -> KNOWN_STRAIGHT_SEGMENT, COMPLETE_BAR LOWER_BOUND"
S4.1-D0128,PORTION_DECOMPOSITION,research/alsenan_footing_rebar_s4/S4_FREEZE_MANIFEST.json (e3633af+code:0d11810b780ae8f8),FOCC-1668:BOTTOM_LONG,FOCC-1668,F,BOTTOM_LONG,FOOTING_BOTTOM_LONG,UPTURN_LEG_1,VERIFIED,0.0,ST7757.pdf p.13 'TYP. DETAIL OF ISOLATED FOOTING' (both variants),ST7757.pdf p.13,p13:S-REIN.D long_bar_U (SHALLOW + DEEP),GRAPHIC_EXPLICIT_SHAPE_ONLY,U BAR = STRAIGHT_RUN + LEFT/RIGHT_UPTURN_LEG + LEFT/RIGHT_45_DEG_END (+2 bends); frozen straight length kept as KNOWN_STRAIGHT_SEGMENT; COMPLETE_BAR = LOWER_BOUND,SHAPE_FOUND_LENGTH_BLOCKED,NONE,0.0,0.0,"[""FOCC-1668:BOTTOM_LONG:UPTURN_LEG_1"", ""FOCC-1668:BOTTOM_LONG:UPTURN_LEG_2"", ""FOCC-1668:BOTTOM_LONG:END_HOOK_1"", ""FOCC-1668:BOTTOM_LONG:END_HOOK_2"", ""FOCC-1668:BOTTOM_LONG:BEND_ARC_1"", ""FOCC-1668:BOTTOM_LONG:BEND_ARC_2""]",LOWER_BOUND,LOWER_BOUND,12,7,760.0,"{""BEND_ARC"": ""SHAPE_FOUND_LENGTH_BLOCKED"", ""COMPLETE_BAR"": ""LOWER_BOUND"", ""END_HOOK_45"": ""SHAPE_FOUND_LENGTH_BLOCKED"", ""SHAPE"": ""SOURCE_FOUND_EXPLICIT (U with 45° ends)"", ""STRAIGHT_RUN"": ""KNOWN_STRAIGHT_SEGMENT"", ""UPTURN_LEG"": ""SHAPE_FOUND_LENGTH_BLOCKED""}","[""E-PDF-01""]","leg drawn (shares the bottom-run vertex) but its top endpoint is not bound to a dimensioned level: rule-B derivation from D, cover and bar levels fails (ENDPOINTS_DETERMINISTIC); no length by scale"
S4.1-D0129,PORTION_DECOMPOSITION,research/alsenan_footing_rebar_s4/S4_FREEZE_MANIFEST.json (e3633af+code:0d11810b780ae8f8),FOCC-1668:BOTTOM_LONG,FOCC-1668,F,BOTTOM_LONG,FOOTING_BOTTOM_LONG,UPTURN_LEG_2,VERIFIED,0.0,ST7757.pdf p.13 'TYP. DETAIL OF ISOLATED FOOTING' (both variants),ST7757.pdf p.13,p13:S-REIN.D long_bar_U (SHALLOW + DEEP),GRAPHIC_EXPLICIT_SHAPE_ONLY,U BAR = STRAIGHT_RUN + LEFT/RIGHT_UPTURN_LEG + LEFT/RIGHT_45_DEG_END (+2 bends); frozen straight length kept as KNOWN_STRAIGHT_SEGMENT; COMPLETE_BAR = LOWER_BOUND,SHAPE_FOUND_LENGTH_BLOCKED,NONE,0.0,0.0,"[""FOCC-1668:BOTTOM_LONG:UPTURN_LEG_1"", ""FOCC-1668:BOTTOM_LONG:UPTURN_LEG_2"", ""FOCC-1668:BOTTOM_LONG:END_HOOK_1"", ""FOCC-1668:BOTTOM_LONG:END_HOOK_2"", ""FOCC-1668:BOTTOM_LONG:BEND_ARC_1"", ""FOCC-1668:BOTTOM_LONG:BEND_ARC_2""]",LOWER_BOUND,LOWER_BOUND,12,7,760.0,"{""BEND_ARC"": ""SHAPE_FOUND_LENGTH_BLOCKED"", ""COMPLETE_BAR"": ""LOWER_BOUND"", ""END_HOOK_45"": ""SHAPE_FOUND_LENGTH_BLOCKED"", ""SHAPE"": ""SOURCE_FOUND_EXPLICIT (U with 45° ends)"", ""STRAIGHT_RUN"": ""KNOWN_STRAIGHT_SEGMENT"", ""UPTURN_LEG"": ""SHAPE_FOUND_LENGTH_BLOCKED""}","[""E-PDF-01""]","leg drawn (shares the bottom-run vertex) but its top endpoint is not bound to a dimensioned level: rule-B derivation from D, cover and bar levels fails (ENDPOINTS_DETERMINISTIC); no length by scale"
S4.1-D0130,PORTION_DECOMPOSITION,research/alsenan_footing_rebar_s4/S4_FREEZE_MANIFEST.json (e3633af+code:0d11810b780ae8f8),FOCC-1668:BOTTOM_LONG,FOCC-1668,F,BOTTOM_LONG,FOOTING_BOTTOM_LONG,END_HOOK_1,VERIFIED,0.0,ST7757.pdf p.13 'TYP. DETAIL OF ISOLATED FOOTING' (both variants),ST7757.pdf p.13,p13:S-REIN.D long_bar_U (SHALLOW + DEEP),GRAPHIC_EXPLICIT_SHAPE_ONLY,U BAR = STRAIGHT_RUN + LEFT/RIGHT_UPTURN_LEG + LEFT/RIGHT_45_DEG_END (+2 bends); frozen straight length kept as KNOWN_STRAIGHT_SEGMENT; COMPLETE_BAR = LOWER_BOUND,SHAPE_FOUND_LENGTH_BLOCKED,NONE,0.0,0.0,"[""FOCC-1668:BOTTOM_LONG:UPTURN_LEG_1"", ""FOCC-1668:BOTTOM_LONG:UPTURN_LEG_2"", ""FOCC-1668:BOTTOM_LONG:END_HOOK_1"", ""FOCC-1668:BOTTOM_LONG:END_HOOK_2"", ""FOCC-1668:BOTTOM_LONG:BEND_ARC_1"", ""FOCC-1668:BOTTOM_LONG:BEND_ARC_2""]",LOWER_BOUND,LOWER_BOUND,12,7,760.0,"{""BEND_ARC"": ""SHAPE_FOUND_LENGTH_BLOCKED"", ""COMPLETE_BAR"": ""LOWER_BOUND"", ""END_HOOK_45"": ""SHAPE_FOUND_LENGTH_BLOCKED"", ""SHAPE"": ""SOURCE_FOUND_EXPLICIT (U with 45° ends)"", ""STRAIGHT_RUN"": ""KNOWN_STRAIGHT_SEGMENT"", ""UPTURN_LEG"": ""SHAPE_FOUND_LENGTH_BLOCKED""}","[""E-PDF-01""]",45° end drawn at the leg top (SHAPE_FOUND); hook length not dimensioned or noted
S4.1-D0131,PORTION_DECOMPOSITION,research/alsenan_footing_rebar_s4/S4_FREEZE_MANIFEST.json (e3633af+code:0d11810b780ae8f8),FOCC-1668:BOTTOM_LONG,FOCC-1668,F,BOTTOM_LONG,FOOTING_BOTTOM_LONG,END_HOOK_2,VERIFIED,0.0,ST7757.pdf p.13 'TYP. DETAIL OF ISOLATED FOOTING' (both variants),ST7757.pdf p.13,p13:S-REIN.D long_bar_U (SHALLOW + DEEP),GRAPHIC_EXPLICIT_SHAPE_ONLY,U BAR = STRAIGHT_RUN + LEFT/RIGHT_UPTURN_LEG + LEFT/RIGHT_45_DEG_END (+2 bends); frozen straight length kept as KNOWN_STRAIGHT_SEGMENT; COMPLETE_BAR = LOWER_BOUND,SHAPE_FOUND_LENGTH_BLOCKED,NONE,0.0,0.0,"[""FOCC-1668:BOTTOM_LONG:UPTURN_LEG_1"", ""FOCC-1668:BOTTOM_LONG:UPTURN_LEG_2"", ""FOCC-1668:BOTTOM_LONG:END_HOOK_1"", ""FOCC-1668:BOTTOM_LONG:END_HOOK_2"", ""FOCC-1668:BOTTOM_LONG:BEND_ARC_1"", ""FOCC-1668:BOTTOM_LONG:BEND_ARC_2""]",LOWER_BOUND,LOWER_BOUND,12,7,760.0,"{""BEND_ARC"": ""SHAPE_FOUND_LENGTH_BLOCKED"", ""COMPLETE_BAR"": ""LOWER_BOUND"", ""END_HOOK_45"": ""SHAPE_FOUND_LENGTH_BLOCKED"", ""SHAPE"": ""SOURCE_FOUND_EXPLICIT (U with 45° ends)"", ""STRAIGHT_RUN"": ""KNOWN_STRAIGHT_SEGMENT"", ""UPTURN_LEG"": ""SHAPE_FOUND_LENGTH_BLOCKED""}","[""E-PDF-01""]",45° end drawn at the leg top (SHAPE_FOUND); hook length not dimensioned or noted
S4.1-D0132,PORTION_DECOMPOSITION,research/alsenan_footing_rebar_s4/S4_FREEZE_MANIFEST.json (e3633af+code:0d11810b780ae8f8),FOCC-1668:BOTTOM_LONG,FOCC-1668,F,BOTTOM_LONG,FOOTING_BOTTOM_LONG,BEND_ARC_1,VERIFIED,0.0,ST7757.pdf p.13 'TYP. DETAIL OF ISOLATED FOOTING' (both variants),ST7757.pdf p.13,p13:S-REIN.D long_bar_U (SHALLOW + DEEP),GRAPHIC_EXPLICIT_SHAPE_ONLY,U BAR = STRAIGHT_RUN + LEFT/RIGHT_UPTURN_LEG + LEFT/RIGHT_45_DEG_END (+2 bends); frozen straight length kept as KNOWN_STRAIGHT_SEGMENT; COMPLETE_BAR = LOWER_BOUND,SHAPE_FOUND_LENGTH_BLOCKED,NONE,0.0,0.0,"[""FOCC-1668:BOTTOM_LONG:UPTURN_LEG_1"", ""FOCC-1668:BOTTOM_LONG:UPTURN_LEG_2"", ""FOCC-1668:BOTTOM_LONG:END_HOOK_1"", ""FOCC-1668:BOTTOM_LONG:END_HOOK_2"", ""FOCC-1668:BOTTOM_LONG:BEND_ARC_1"", ""FOCC-1668:BOTTOM_LONG:BEND_ARC_2""]",LOWER_BOUND,LOWER_BOUND,12,7,760.0,"{""BEND_ARC"": ""SHAPE_FOUND_LENGTH_BLOCKED"", ""COMPLETE_BAR"": ""LOWER_BOUND"", ""END_HOOK_45"": ""SHAPE_FOUND_LENGTH_BLOCKED"", ""SHAPE"": ""SOURCE_FOUND_EXPLICIT (U with 45° ends)"", ""STRAIGHT_RUN"": ""KNOWN_STRAIGHT_SEGMENT"", ""UPTURN_LEG"": ""SHAPE_FOUND_LENGTH_BLOCKED""}","[""E-PDF-01""]",bend at the base / leg corner exists (shared vertex); bend radius not drawn or noted
S4.1-D0133,PORTION_DECOMPOSITION,research/alsenan_footing_rebar_s4/S4_FREEZE_MANIFEST.json (e3633af+code:0d11810b780ae8f8),FOCC-1668:BOTTOM_LONG,FOCC-1668,F,BOTTOM_LONG,FOOTING_BOTTOM_LONG,BEND_ARC_2,VERIFIED,0.0,ST7757.pdf p.13 'TYP. DETAIL OF ISOLATED FOOTING' (both variants),ST7757.pdf p.13,p13:S-REIN.D long_bar_U (SHALLOW + DEEP),GRAPHIC_EXPLICIT_SHAPE_ONLY,U BAR = STRAIGHT_RUN + LEFT/RIGHT_UPTURN_LEG + LEFT/RIGHT_45_DEG_END (+2 bends); frozen straight length kept as KNOWN_STRAIGHT_SEGMENT; COMPLETE_BAR = LOWER_BOUND,SHAPE_FOUND_LENGTH_BLOCKED,NONE,0.0,0.0,"[""FOCC-1668:BOTTOM_LONG:UPTURN_LEG_1"", ""FOCC-1668:BOTTOM_LONG:UPTURN_LEG_2"", ""FOCC-1668:BOTTOM_LONG:END_HOOK_1"", ""FOCC-1668:BOTTOM_LONG:END_HOOK_2"", ""FOCC-1668:BOTTOM_LONG:BEND_ARC_1"", ""FOCC-1668:BOTTOM_LONG:BEND_ARC_2""]",LOWER_BOUND,LOWER_BOUND,12,7,760.0,"{""BEND_ARC"": ""SHAPE_FOUND_LENGTH_BLOCKED"", ""COMPLETE_BAR"": ""LOWER_BOUND"", ""END_HOOK_45"": ""SHAPE_FOUND_LENGTH_BLOCKED"", ""SHAPE"": ""SOURCE_FOUND_EXPLICIT (U with 45° ends)"", ""STRAIGHT_RUN"": ""KNOWN_STRAIGHT_SEGMENT"", ""UPTURN_LEG"": ""SHAPE_FOUND_LENGTH_BLOCKED""}","[""E-PDF-01""]",bend at the base / leg corner exists (shared vertex); bend radius not drawn or noted
S4.1-D0134,SEMANTIC_CORRECTION,research/alsenan_footing_rebar_s4/S4_FREEZE_MANIFEST.json (e3633af+code:0d11810b780ae8f8),FOCC-1668:BOTTOM_SHORT,FOCC-1668,F,BOTTOM_SHORT,FOOTING_BOTTOM_SHORT,STRAIGHT_RUN,VERIFIED,4.693333,ST7757.pdf p.13 'TYP. DETAIL OF ISOLATED FOOTING' (both variants),ST7757.pdf p.13,p13:S-REIN.D dots in section,GRAPHIC_NTS_OR_UNDIMENSIONED,"STRAIGHT_RUN (frozen, KNOWN_STRAIGHT_SEGMENT) + END_TREATMENT_1/2 (not drawn); the long-bar U is NOT copied; COMPLETE_BAR = LOWER_BOUND",KNOWN_STRAIGHT_SEGMENT,FROZEN_SOURCE_QUANTITY,0.0,4.693333,"[""FOCC-1668:BOTTOM_SHORT:END_TREATMENT_1"", ""FOCC-1668:BOTTOM_SHORT:END_TREATMENT_2""]",LOWER_BOUND,LOWER_BOUND,12,8,660.0,"{""COMPLETE_BAR"": ""LOWER_BOUND"", ""END_TREATMENT"": ""BLOCKED_UNQUANTIFIED"", ""SHAPE"": ""NOT_DRAWN (dots in section only)"", ""STRAIGHT_RUN"": ""KNOWN_STRAIGHT_SEGMENT""}","[""E-PDF-01""]","frozen straight length stays valid known steel; the p.13 detail shows short bars only as dots, so 'straight' is not supported: VERIFIED -> KNOWN_STRAIGHT_SEGMENT, COMPLETE_BAR LOWER_BOUND"
S4.1-D0135,PORTION_DECOMPOSITION,research/alsenan_footing_rebar_s4/S4_FREEZE_MANIFEST.json (e3633af+code:0d11810b780ae8f8),FOCC-1668:BOTTOM_SHORT,FOCC-1668,F,BOTTOM_SHORT,FOOTING_BOTTOM_SHORT,END_TREATMENT_1,VERIFIED,0.0,ST7757.pdf p.13 'TYP. DETAIL OF ISOLATED FOOTING' (both variants),ST7757.pdf p.13,p13:S-REIN.D dots in section,NO_GRAPHIC_EVIDENCE,"STRAIGHT_RUN (frozen, KNOWN_STRAIGHT_SEGMENT) + END_TREATMENT_1/2 (not drawn); the long-bar U is NOT copied; COMPLETE_BAR = LOWER_BOUND",BLOCKED_UNQUANTIFIED,NONE,0.0,0.0,"[""FOCC-1668:BOTTOM_SHORT:END_TREATMENT_1"", ""FOCC-1668:BOTTOM_SHORT:END_TREATMENT_2""]",LOWER_BOUND,LOWER_BOUND,12,8,660.0,"{""COMPLETE_BAR"": ""LOWER_BOUND"", ""END_TREATMENT"": ""BLOCKED_UNQUANTIFIED"", ""SHAPE"": ""NOT_DRAWN (dots in section only)"", ""STRAIGHT_RUN"": ""KNOWN_STRAIGHT_SEGMENT""}","[""E-PDF-01""]",end shape not drawn anywhere in the set (S4-13); the long-bar U is not copied (brief §4)
S4.1-D0136,PORTION_DECOMPOSITION,research/alsenan_footing_rebar_s4/S4_FREEZE_MANIFEST.json (e3633af+code:0d11810b780ae8f8),FOCC-1668:BOTTOM_SHORT,FOCC-1668,F,BOTTOM_SHORT,FOOTING_BOTTOM_SHORT,END_TREATMENT_2,VERIFIED,0.0,ST7757.pdf p.13 'TYP. DETAIL OF ISOLATED FOOTING' (both variants),ST7757.pdf p.13,p13:S-REIN.D dots in section,NO_GRAPHIC_EVIDENCE,"STRAIGHT_RUN (frozen, KNOWN_STRAIGHT_SEGMENT) + END_TREATMENT_1/2 (not drawn); the long-bar U is NOT copied; COMPLETE_BAR = LOWER_BOUND",BLOCKED_UNQUANTIFIED,NONE,0.0,0.0,"[""FOCC-1668:BOTTOM_SHORT:END_TREATMENT_1"", ""FOCC-1668:BOTTOM_SHORT:END_TREATMENT_2""]",LOWER_BOUND,LOWER_BOUND,12,8,660.0,"{""COMPLETE_BAR"": ""LOWER_BOUND"", ""END_TREATMENT"": ""BLOCKED_UNQUANTIFIED"", ""SHAPE"": ""NOT_DRAWN (dots in section only)"", ""STRAIGHT_RUN"": ""KNOWN_STRAIGHT_SEGMENT""}","[""E-PDF-01""]",end shape not drawn anywhere in the set (S4-13); the long-bar U is not copied (brief §4)
S4.1-D0137,NO_CHANGE,research/alsenan_footing_rebar_s4/S4_FREEZE_MANIFEST.json (e3633af+code:0d11810b780ae8f8),FOCC-1668:TOP_LONG,FOCC-1668,F,TOP_LONG,FOOTING_TOP_LONG,WHOLE_COMPONENT,NOT_APPLICABLE,0.0,,,,NO_GRAPHIC_EVIDENCE,unchanged (frozen NOT_APPLICABLE),,NONE,0.0,0.0,[],NOT_APPLICABLE,NOT_APPLICABLE,,,,{},[],frozen NOT_APPLICABLE carried
S4.1-D0138,NO_CHANGE,research/alsenan_footing_rebar_s4/S4_FREEZE_MANIFEST.json (e3633af+code:0d11810b780ae8f8),FOCC-1668:TOP_SHORT,FOCC-1668,F,TOP_SHORT,FOOTING_TOP_SHORT,WHOLE_COMPONENT,NOT_APPLICABLE,0.0,,,,NO_GRAPHIC_EVIDENCE,unchanged (frozen NOT_APPLICABLE),,NONE,0.0,0.0,[],NOT_APPLICABLE,NOT_APPLICABLE,,,,{},[],frozen NOT_APPLICABLE carried
S4.1-D0139,FACET_ADDED,research/alsenan_footing_rebar_s4/S4_FREEZE_MANIFEST.json (e3633af+code:0d11810b780ae8f8),FOCC-1668:BOXED,FOCC-1668,F,BOXED,BOXED_REBAR,WHOLE_COMPONENT,BLOCKED_UNQUANTIFIED,0.0,ST7757.pdf p.13 'TYP. DETAIL OF ISOLATED FOOTING' (both variants),ST7757.pdf p.13,p13:S-REIN.D boxed_inverted_U (SHALLOW + DEEP),GRAPHIC_EXPLICIT_SHAPE_ONLY,"BOXED = inverted U (shape recorded); quantity blocked: no external diameter, no reading of 3+n",SHAPE_FOUND_LENGTH_BLOCKED,NONE,0.0,0.0,"[""FOCC-1668:BOXED""]",BLOCKED_UNQUANTIFIED,BLOCKED_UNQUANTIFIED,,,,"{""BOXED_KG"": ""BLOCKED_UNQUANTIFIED"", ""COUNT"": ""BLOCKED (3+n unresolved)"", ""DIAMETER"": ""SOURCE_EXPECTED_NOT_LOCATED (S4-02)"", ""EXISTENCE"": ""SOURCE_FOUND_EXPLICIT (schedule cell '3+4')"", ""MEANING_OF_3_PLUS_N"": ""SOURCE_EXPECTED_NOT_LOCATED (S4-01)"", ""ORIENTATION"": ""SOURCE_EXPECTED_NOT_LOCATED (S4-04)"", ""SHAPE"": ""SOURCE_FOUND_EXPLICIT (inverted U, legs to the bottom-bar level, no hooks)""}","[""E-PDF-01"", ""E-DXF-01""]","shape facet found; count, diameter and orientation still not located"
S4.1-D0140,NO_CHANGE,research/alsenan_footing_rebar_s4/S4_FREEZE_MANIFEST.json (e3633af+code:0d11810b780ae8f8),FOCC-1668:STARTER_DOWEL_REFERENCE,FOCC-1668,F,STARTER_DOWEL_REFERENCE,STARTER,WHOLE_COMPONENT,NOT_APPLICABLE,0.0,,,,NO_GRAPHIC_EVIDENCE,unchanged (frozen NOT_APPLICABLE),,NONE,0.0,0.0,[],NOT_APPLICABLE,NOT_APPLICABLE,,,,{},[],frozen NOT_APPLICABLE carried
S4.1-D0141,SEMANTIC_CORRECTION,research/alsenan_footing_rebar_s4/S4_FREEZE_MANIFEST.json (e3633af+code:0d11810b780ae8f8),FOCC-1669:BOTTOM_LONG,FOCC-1669,F,BOTTOM_LONG,FOOTING_BOTTOM_LONG,STRAIGHT_RUN,VERIFIED,4.728889,ST7757.pdf p.13 'TYP. DETAIL OF ISOLATED FOOTING' (both variants),ST7757.pdf p.13,p13:S-REIN.D long_bar_U (SHALLOW + DEEP),GRAPHIC_EXPLICIT_SHAPE_ONLY,U BAR = STRAIGHT_RUN + LEFT/RIGHT_UPTURN_LEG + LEFT/RIGHT_45_DEG_END (+2 bends); frozen straight length kept as KNOWN_STRAIGHT_SEGMENT; COMPLETE_BAR = LOWER_BOUND,KNOWN_STRAIGHT_SEGMENT,FROZEN_SOURCE_QUANTITY,0.0,4.728889,"[""FOCC-1669:BOTTOM_LONG:UPTURN_LEG_1"", ""FOCC-1669:BOTTOM_LONG:UPTURN_LEG_2"", ""FOCC-1669:BOTTOM_LONG:END_HOOK_1"", ""FOCC-1669:BOTTOM_LONG:END_HOOK_2"", ""FOCC-1669:BOTTOM_LONG:BEND_ARC_1"", ""FOCC-1669:BOTTOM_LONG:BEND_ARC_2""]",LOWER_BOUND,LOWER_BOUND,12,7,760.0,"{""BEND_ARC"": ""SHAPE_FOUND_LENGTH_BLOCKED"", ""COMPLETE_BAR"": ""LOWER_BOUND"", ""END_HOOK_45"": ""SHAPE_FOUND_LENGTH_BLOCKED"", ""SHAPE"": ""SOURCE_FOUND_EXPLICIT (U with 45° ends)"", ""STRAIGHT_RUN"": ""KNOWN_STRAIGHT_SEGMENT"", ""UPTURN_LEG"": ""SHAPE_FOUND_LENGTH_BLOCKED""}","[""E-PDF-01""]","frozen straight length (schedule span - 2 x 70 mm cover) stays valid known steel; the p.13 drawing shows this run as the base of a U, so the complete bar is longer: VERIFIED (complete straight bar) -> KNOWN_STRAIGHT_SEGMENT, COMPLETE_BAR LOWER_BOUND"
S4.1-D0142,PORTION_DECOMPOSITION,research/alsenan_footing_rebar_s4/S4_FREEZE_MANIFEST.json (e3633af+code:0d11810b780ae8f8),FOCC-1669:BOTTOM_LONG,FOCC-1669,F,BOTTOM_LONG,FOOTING_BOTTOM_LONG,UPTURN_LEG_1,VERIFIED,0.0,ST7757.pdf p.13 'TYP. DETAIL OF ISOLATED FOOTING' (both variants),ST7757.pdf p.13,p13:S-REIN.D long_bar_U (SHALLOW + DEEP),GRAPHIC_EXPLICIT_SHAPE_ONLY,U BAR = STRAIGHT_RUN + LEFT/RIGHT_UPTURN_LEG + LEFT/RIGHT_45_DEG_END (+2 bends); frozen straight length kept as KNOWN_STRAIGHT_SEGMENT; COMPLETE_BAR = LOWER_BOUND,SHAPE_FOUND_LENGTH_BLOCKED,NONE,0.0,0.0,"[""FOCC-1669:BOTTOM_LONG:UPTURN_LEG_1"", ""FOCC-1669:BOTTOM_LONG:UPTURN_LEG_2"", ""FOCC-1669:BOTTOM_LONG:END_HOOK_1"", ""FOCC-1669:BOTTOM_LONG:END_HOOK_2"", ""FOCC-1669:BOTTOM_LONG:BEND_ARC_1"", ""FOCC-1669:BOTTOM_LONG:BEND_ARC_2""]",LOWER_BOUND,LOWER_BOUND,12,7,760.0,"{""BEND_ARC"": ""SHAPE_FOUND_LENGTH_BLOCKED"", ""COMPLETE_BAR"": ""LOWER_BOUND"", ""END_HOOK_45"": ""SHAPE_FOUND_LENGTH_BLOCKED"", ""SHAPE"": ""SOURCE_FOUND_EXPLICIT (U with 45° ends)"", ""STRAIGHT_RUN"": ""KNOWN_STRAIGHT_SEGMENT"", ""UPTURN_LEG"": ""SHAPE_FOUND_LENGTH_BLOCKED""}","[""E-PDF-01""]","leg drawn (shares the bottom-run vertex) but its top endpoint is not bound to a dimensioned level: rule-B derivation from D, cover and bar levels fails (ENDPOINTS_DETERMINISTIC); no length by scale"
S4.1-D0143,PORTION_DECOMPOSITION,research/alsenan_footing_rebar_s4/S4_FREEZE_MANIFEST.json (e3633af+code:0d11810b780ae8f8),FOCC-1669:BOTTOM_LONG,FOCC-1669,F,BOTTOM_LONG,FOOTING_BOTTOM_LONG,UPTURN_LEG_2,VERIFIED,0.0,ST7757.pdf p.13 'TYP. DETAIL OF ISOLATED FOOTING' (both variants),ST7757.pdf p.13,p13:S-REIN.D long_bar_U (SHALLOW + DEEP),GRAPHIC_EXPLICIT_SHAPE_ONLY,U BAR = STRAIGHT_RUN + LEFT/RIGHT_UPTURN_LEG + LEFT/RIGHT_45_DEG_END (+2 bends); frozen straight length kept as KNOWN_STRAIGHT_SEGMENT; COMPLETE_BAR = LOWER_BOUND,SHAPE_FOUND_LENGTH_BLOCKED,NONE,0.0,0.0,"[""FOCC-1669:BOTTOM_LONG:UPTURN_LEG_1"", ""FOCC-1669:BOTTOM_LONG:UPTURN_LEG_2"", ""FOCC-1669:BOTTOM_LONG:END_HOOK_1"", ""FOCC-1669:BOTTOM_LONG:END_HOOK_2"", ""FOCC-1669:BOTTOM_LONG:BEND_ARC_1"", ""FOCC-1669:BOTTOM_LONG:BEND_ARC_2""]",LOWER_BOUND,LOWER_BOUND,12,7,760.0,"{""BEND_ARC"": ""SHAPE_FOUND_LENGTH_BLOCKED"", ""COMPLETE_BAR"": ""LOWER_BOUND"", ""END_HOOK_45"": ""SHAPE_FOUND_LENGTH_BLOCKED"", ""SHAPE"": ""SOURCE_FOUND_EXPLICIT (U with 45° ends)"", ""STRAIGHT_RUN"": ""KNOWN_STRAIGHT_SEGMENT"", ""UPTURN_LEG"": ""SHAPE_FOUND_LENGTH_BLOCKED""}","[""E-PDF-01""]","leg drawn (shares the bottom-run vertex) but its top endpoint is not bound to a dimensioned level: rule-B derivation from D, cover and bar levels fails (ENDPOINTS_DETERMINISTIC); no length by scale"
S4.1-D0144,PORTION_DECOMPOSITION,research/alsenan_footing_rebar_s4/S4_FREEZE_MANIFEST.json (e3633af+code:0d11810b780ae8f8),FOCC-1669:BOTTOM_LONG,FOCC-1669,F,BOTTOM_LONG,FOOTING_BOTTOM_LONG,END_HOOK_1,VERIFIED,0.0,ST7757.pdf p.13 'TYP. DETAIL OF ISOLATED FOOTING' (both variants),ST7757.pdf p.13,p13:S-REIN.D long_bar_U (SHALLOW + DEEP),GRAPHIC_EXPLICIT_SHAPE_ONLY,U BAR = STRAIGHT_RUN + LEFT/RIGHT_UPTURN_LEG + LEFT/RIGHT_45_DEG_END (+2 bends); frozen straight length kept as KNOWN_STRAIGHT_SEGMENT; COMPLETE_BAR = LOWER_BOUND,SHAPE_FOUND_LENGTH_BLOCKED,NONE,0.0,0.0,"[""FOCC-1669:BOTTOM_LONG:UPTURN_LEG_1"", ""FOCC-1669:BOTTOM_LONG:UPTURN_LEG_2"", ""FOCC-1669:BOTTOM_LONG:END_HOOK_1"", ""FOCC-1669:BOTTOM_LONG:END_HOOK_2"", ""FOCC-1669:BOTTOM_LONG:BEND_ARC_1"", ""FOCC-1669:BOTTOM_LONG:BEND_ARC_2""]",LOWER_BOUND,LOWER_BOUND,12,7,760.0,"{""BEND_ARC"": ""SHAPE_FOUND_LENGTH_BLOCKED"", ""COMPLETE_BAR"": ""LOWER_BOUND"", ""END_HOOK_45"": ""SHAPE_FOUND_LENGTH_BLOCKED"", ""SHAPE"": ""SOURCE_FOUND_EXPLICIT (U with 45° ends)"", ""STRAIGHT_RUN"": ""KNOWN_STRAIGHT_SEGMENT"", ""UPTURN_LEG"": ""SHAPE_FOUND_LENGTH_BLOCKED""}","[""E-PDF-01""]",45° end drawn at the leg top (SHAPE_FOUND); hook length not dimensioned or noted
S4.1-D0145,PORTION_DECOMPOSITION,research/alsenan_footing_rebar_s4/S4_FREEZE_MANIFEST.json (e3633af+code:0d11810b780ae8f8),FOCC-1669:BOTTOM_LONG,FOCC-1669,F,BOTTOM_LONG,FOOTING_BOTTOM_LONG,END_HOOK_2,VERIFIED,0.0,ST7757.pdf p.13 'TYP. DETAIL OF ISOLATED FOOTING' (both variants),ST7757.pdf p.13,p13:S-REIN.D long_bar_U (SHALLOW + DEEP),GRAPHIC_EXPLICIT_SHAPE_ONLY,U BAR = STRAIGHT_RUN + LEFT/RIGHT_UPTURN_LEG + LEFT/RIGHT_45_DEG_END (+2 bends); frozen straight length kept as KNOWN_STRAIGHT_SEGMENT; COMPLETE_BAR = LOWER_BOUND,SHAPE_FOUND_LENGTH_BLOCKED,NONE,0.0,0.0,"[""FOCC-1669:BOTTOM_LONG:UPTURN_LEG_1"", ""FOCC-1669:BOTTOM_LONG:UPTURN_LEG_2"", ""FOCC-1669:BOTTOM_LONG:END_HOOK_1"", ""FOCC-1669:BOTTOM_LONG:END_HOOK_2"", ""FOCC-1669:BOTTOM_LONG:BEND_ARC_1"", ""FOCC-1669:BOTTOM_LONG:BEND_ARC_2""]",LOWER_BOUND,LOWER_BOUND,12,7,760.0,"{""BEND_ARC"": ""SHAPE_FOUND_LENGTH_BLOCKED"", ""COMPLETE_BAR"": ""LOWER_BOUND"", ""END_HOOK_45"": ""SHAPE_FOUND_LENGTH_BLOCKED"", ""SHAPE"": ""SOURCE_FOUND_EXPLICIT (U with 45° ends)"", ""STRAIGHT_RUN"": ""KNOWN_STRAIGHT_SEGMENT"", ""UPTURN_LEG"": ""SHAPE_FOUND_LENGTH_BLOCKED""}","[""E-PDF-01""]",45° end drawn at the leg top (SHAPE_FOUND); hook length not dimensioned or noted
S4.1-D0146,PORTION_DECOMPOSITION,research/alsenan_footing_rebar_s4/S4_FREEZE_MANIFEST.json (e3633af+code:0d11810b780ae8f8),FOCC-1669:BOTTOM_LONG,FOCC-1669,F,BOTTOM_LONG,FOOTING_BOTTOM_LONG,BEND_ARC_1,VERIFIED,0.0,ST7757.pdf p.13 'TYP. DETAIL OF ISOLATED FOOTING' (both variants),ST7757.pdf p.13,p13:S-REIN.D long_bar_U (SHALLOW + DEEP),GRAPHIC_EXPLICIT_SHAPE_ONLY,U BAR = STRAIGHT_RUN + LEFT/RIGHT_UPTURN_LEG + LEFT/RIGHT_45_DEG_END (+2 bends); frozen straight length kept as KNOWN_STRAIGHT_SEGMENT; COMPLETE_BAR = LOWER_BOUND,SHAPE_FOUND_LENGTH_BLOCKED,NONE,0.0,0.0,"[""FOCC-1669:BOTTOM_LONG:UPTURN_LEG_1"", ""FOCC-1669:BOTTOM_LONG:UPTURN_LEG_2"", ""FOCC-1669:BOTTOM_LONG:END_HOOK_1"", ""FOCC-1669:BOTTOM_LONG:END_HOOK_2"", ""FOCC-1669:BOTTOM_LONG:BEND_ARC_1"", ""FOCC-1669:BOTTOM_LONG:BEND_ARC_2""]",LOWER_BOUND,LOWER_BOUND,12,7,760.0,"{""BEND_ARC"": ""SHAPE_FOUND_LENGTH_BLOCKED"", ""COMPLETE_BAR"": ""LOWER_BOUND"", ""END_HOOK_45"": ""SHAPE_FOUND_LENGTH_BLOCKED"", ""SHAPE"": ""SOURCE_FOUND_EXPLICIT (U with 45° ends)"", ""STRAIGHT_RUN"": ""KNOWN_STRAIGHT_SEGMENT"", ""UPTURN_LEG"": ""SHAPE_FOUND_LENGTH_BLOCKED""}","[""E-PDF-01""]",bend at the base / leg corner exists (shared vertex); bend radius not drawn or noted
S4.1-D0147,PORTION_DECOMPOSITION,research/alsenan_footing_rebar_s4/S4_FREEZE_MANIFEST.json (e3633af+code:0d11810b780ae8f8),FOCC-1669:BOTTOM_LONG,FOCC-1669,F,BOTTOM_LONG,FOOTING_BOTTOM_LONG,BEND_ARC_2,VERIFIED,0.0,ST7757.pdf p.13 'TYP. DETAIL OF ISOLATED FOOTING' (both variants),ST7757.pdf p.13,p13:S-REIN.D long_bar_U (SHALLOW + DEEP),GRAPHIC_EXPLICIT_SHAPE_ONLY,U BAR = STRAIGHT_RUN + LEFT/RIGHT_UPTURN_LEG + LEFT/RIGHT_45_DEG_END (+2 bends); frozen straight length kept as KNOWN_STRAIGHT_SEGMENT; COMPLETE_BAR = LOWER_BOUND,SHAPE_FOUND_LENGTH_BLOCKED,NONE,0.0,0.0,"[""FOCC-1669:BOTTOM_LONG:UPTURN_LEG_1"", ""FOCC-1669:BOTTOM_LONG:UPTURN_LEG_2"", ""FOCC-1669:BOTTOM_LONG:END_HOOK_1"", ""FOCC-1669:BOTTOM_LONG:END_HOOK_2"", ""FOCC-1669:BOTTOM_LONG:BEND_ARC_1"", ""FOCC-1669:BOTTOM_LONG:BEND_ARC_2""]",LOWER_BOUND,LOWER_BOUND,12,7,760.0,"{""BEND_ARC"": ""SHAPE_FOUND_LENGTH_BLOCKED"", ""COMPLETE_BAR"": ""LOWER_BOUND"", ""END_HOOK_45"": ""SHAPE_FOUND_LENGTH_BLOCKED"", ""SHAPE"": ""SOURCE_FOUND_EXPLICIT (U with 45° ends)"", ""STRAIGHT_RUN"": ""KNOWN_STRAIGHT_SEGMENT"", ""UPTURN_LEG"": ""SHAPE_FOUND_LENGTH_BLOCKED""}","[""E-PDF-01""]",bend at the base / leg corner exists (shared vertex); bend radius not drawn or noted
S4.1-D0148,SEMANTIC_CORRECTION,research/alsenan_footing_rebar_s4/S4_FREEZE_MANIFEST.json (e3633af+code:0d11810b780ae8f8),FOCC-1669:BOTTOM_SHORT,FOCC-1669,F,BOTTOM_SHORT,FOOTING_BOTTOM_SHORT,STRAIGHT_RUN,VERIFIED,4.693333,ST7757.pdf p.13 'TYP. DETAIL OF ISOLATED FOOTING' (both variants),ST7757.pdf p.13,p13:S-REIN.D dots in section,GRAPHIC_NTS_OR_UNDIMENSIONED,"STRAIGHT_RUN (frozen, KNOWN_STRAIGHT_SEGMENT) + END_TREATMENT_1/2 (not drawn); the long-bar U is NOT copied; COMPLETE_BAR = LOWER_BOUND",KNOWN_STRAIGHT_SEGMENT,FROZEN_SOURCE_QUANTITY,0.0,4.693333,"[""FOCC-1669:BOTTOM_SHORT:END_TREATMENT_1"", ""FOCC-1669:BOTTOM_SHORT:END_TREATMENT_2""]",LOWER_BOUND,LOWER_BOUND,12,8,660.0,"{""COMPLETE_BAR"": ""LOWER_BOUND"", ""END_TREATMENT"": ""BLOCKED_UNQUANTIFIED"", ""SHAPE"": ""NOT_DRAWN (dots in section only)"", ""STRAIGHT_RUN"": ""KNOWN_STRAIGHT_SEGMENT""}","[""E-PDF-01""]","frozen straight length stays valid known steel; the p.13 detail shows short bars only as dots, so 'straight' is not supported: VERIFIED -> KNOWN_STRAIGHT_SEGMENT, COMPLETE_BAR LOWER_BOUND"
S4.1-D0149,PORTION_DECOMPOSITION,research/alsenan_footing_rebar_s4/S4_FREEZE_MANIFEST.json (e3633af+code:0d11810b780ae8f8),FOCC-1669:BOTTOM_SHORT,FOCC-1669,F,BOTTOM_SHORT,FOOTING_BOTTOM_SHORT,END_TREATMENT_1,VERIFIED,0.0,ST7757.pdf p.13 'TYP. DETAIL OF ISOLATED FOOTING' (both variants),ST7757.pdf p.13,p13:S-REIN.D dots in section,NO_GRAPHIC_EVIDENCE,"STRAIGHT_RUN (frozen, KNOWN_STRAIGHT_SEGMENT) + END_TREATMENT_1/2 (not drawn); the long-bar U is NOT copied; COMPLETE_BAR = LOWER_BOUND",BLOCKED_UNQUANTIFIED,NONE,0.0,0.0,"[""FOCC-1669:BOTTOM_SHORT:END_TREATMENT_1"", ""FOCC-1669:BOTTOM_SHORT:END_TREATMENT_2""]",LOWER_BOUND,LOWER_BOUND,12,8,660.0,"{""COMPLETE_BAR"": ""LOWER_BOUND"", ""END_TREATMENT"": ""BLOCKED_UNQUANTIFIED"", ""SHAPE"": ""NOT_DRAWN (dots in section only)"", ""STRAIGHT_RUN"": ""KNOWN_STRAIGHT_SEGMENT""}","[""E-PDF-01""]",end shape not drawn anywhere in the set (S4-13); the long-bar U is not copied (brief §4)
S4.1-D0150,PORTION_DECOMPOSITION,research/alsenan_footing_rebar_s4/S4_FREEZE_MANIFEST.json (e3633af+code:0d11810b780ae8f8),FOCC-1669:BOTTOM_SHORT,FOCC-1669,F,BOTTOM_SHORT,FOOTING_BOTTOM_SHORT,END_TREATMENT_2,VERIFIED,0.0,ST7757.pdf p.13 'TYP. DETAIL OF ISOLATED FOOTING' (both variants),ST7757.pdf p.13,p13:S-REIN.D dots in section,NO_GRAPHIC_EVIDENCE,"STRAIGHT_RUN (frozen, KNOWN_STRAIGHT_SEGMENT) + END_TREATMENT_1/2 (not drawn); the long-bar U is NOT copied; COMPLETE_BAR = LOWER_BOUND",BLOCKED_UNQUANTIFIED,NONE,0.0,0.0,"[""FOCC-1669:BOTTOM_SHORT:END_TREATMENT_1"", ""FOCC-1669:BOTTOM_SHORT:END_TREATMENT_2""]",LOWER_BOUND,LOWER_BOUND,12,8,660.0,"{""COMPLETE_BAR"": ""LOWER_BOUND"", ""END_TREATMENT"": ""BLOCKED_UNQUANTIFIED"", ""SHAPE"": ""NOT_DRAWN (dots in section only)"", ""STRAIGHT_RUN"": ""KNOWN_STRAIGHT_SEGMENT""}","[""E-PDF-01""]",end shape not drawn anywhere in the set (S4-13); the long-bar U is not copied (brief §4)
S4.1-D0151,NO_CHANGE,research/alsenan_footing_rebar_s4/S4_FREEZE_MANIFEST.json (e3633af+code:0d11810b780ae8f8),FOCC-1669:TOP_LONG,FOCC-1669,F,TOP_LONG,FOOTING_TOP_LONG,WHOLE_COMPONENT,NOT_APPLICABLE,0.0,,,,NO_GRAPHIC_EVIDENCE,unchanged (frozen NOT_APPLICABLE),,NONE,0.0,0.0,[],NOT_APPLICABLE,NOT_APPLICABLE,,,,{},[],frozen NOT_APPLICABLE carried
S4.1-D0152,NO_CHANGE,research/alsenan_footing_rebar_s4/S4_FREEZE_MANIFEST.json (e3633af+code:0d11810b780ae8f8),FOCC-1669:TOP_SHORT,FOCC-1669,F,TOP_SHORT,FOOTING_TOP_SHORT,WHOLE_COMPONENT,NOT_APPLICABLE,0.0,,,,NO_GRAPHIC_EVIDENCE,unchanged (frozen NOT_APPLICABLE),,NONE,0.0,0.0,[],NOT_APPLICABLE,NOT_APPLICABLE,,,,{},[],frozen NOT_APPLICABLE carried
S4.1-D0153,FACET_ADDED,research/alsenan_footing_rebar_s4/S4_FREEZE_MANIFEST.json (e3633af+code:0d11810b780ae8f8),FOCC-1669:BOXED,FOCC-1669,F,BOXED,BOXED_REBAR,WHOLE_COMPONENT,BLOCKED_UNQUANTIFIED,0.0,ST7757.pdf p.13 'TYP. DETAIL OF ISOLATED FOOTING' (both variants),ST7757.pdf p.13,p13:S-REIN.D boxed_inverted_U (SHALLOW + DEEP),GRAPHIC_EXPLICIT_SHAPE_ONLY,"BOXED = inverted U (shape recorded); quantity blocked: no external diameter, no reading of 3+n",SHAPE_FOUND_LENGTH_BLOCKED,NONE,0.0,0.0,"[""FOCC-1669:BOXED""]",BLOCKED_UNQUANTIFIED,BLOCKED_UNQUANTIFIED,,,,"{""BOXED_KG"": ""BLOCKED_UNQUANTIFIED"", ""COUNT"": ""BLOCKED (3+n unresolved)"", ""DIAMETER"": ""SOURCE_EXPECTED_NOT_LOCATED (S4-02)"", ""EXISTENCE"": ""SOURCE_FOUND_EXPLICIT (schedule cell '3+4')"", ""MEANING_OF_3_PLUS_N"": ""SOURCE_EXPECTED_NOT_LOCATED (S4-01)"", ""ORIENTATION"": ""SOURCE_EXPECTED_NOT_LOCATED (S4-04)"", ""SHAPE"": ""SOURCE_FOUND_EXPLICIT (inverted U, legs to the bottom-bar level, no hooks)""}","[""E-PDF-01"", ""E-DXF-01""]","shape facet found; count, diameter and orientation still not located"
S4.1-D0154,NO_CHANGE,research/alsenan_footing_rebar_s4/S4_FREEZE_MANIFEST.json (e3633af+code:0d11810b780ae8f8),FOCC-1669:STARTER_DOWEL_REFERENCE,FOCC-1669,F,STARTER_DOWEL_REFERENCE,STARTER,WHOLE_COMPONENT,NOT_APPLICABLE,0.0,,,,NO_GRAPHIC_EVIDENCE,unchanged (frozen NOT_APPLICABLE),,NONE,0.0,0.0,[],NOT_APPLICABLE,NOT_APPLICABLE,,,,{},[],frozen NOT_APPLICABLE carried
S4.1-D0155,SEMANTIC_CORRECTION,research/alsenan_footing_rebar_s4/S4_FREEZE_MANIFEST.json (e3633af+code:0d11810b780ae8f8),FOCC-166A:BOTTOM_LONG,FOCC-166A,F,BOTTOM_LONG,FOOTING_BOTTOM_LONG,STRAIGHT_RUN,VERIFIED,4.728889,ST7757.pdf p.13 'TYP. DETAIL OF ISOLATED FOOTING' (both variants),ST7757.pdf p.13,p13:S-REIN.D long_bar_U (SHALLOW + DEEP),GRAPHIC_EXPLICIT_SHAPE_ONLY,U BAR = STRAIGHT_RUN + LEFT/RIGHT_UPTURN_LEG + LEFT/RIGHT_45_DEG_END (+2 bends); frozen straight length kept as KNOWN_STRAIGHT_SEGMENT; COMPLETE_BAR = LOWER_BOUND,KNOWN_STRAIGHT_SEGMENT,FROZEN_SOURCE_QUANTITY,0.0,4.728889,"[""FOCC-166A:BOTTOM_LONG:UPTURN_LEG_1"", ""FOCC-166A:BOTTOM_LONG:UPTURN_LEG_2"", ""FOCC-166A:BOTTOM_LONG:END_HOOK_1"", ""FOCC-166A:BOTTOM_LONG:END_HOOK_2"", ""FOCC-166A:BOTTOM_LONG:BEND_ARC_1"", ""FOCC-166A:BOTTOM_LONG:BEND_ARC_2""]",LOWER_BOUND,LOWER_BOUND,12,7,760.0,"{""BEND_ARC"": ""SHAPE_FOUND_LENGTH_BLOCKED"", ""COMPLETE_BAR"": ""LOWER_BOUND"", ""END_HOOK_45"": ""SHAPE_FOUND_LENGTH_BLOCKED"", ""SHAPE"": ""SOURCE_FOUND_EXPLICIT (U with 45° ends)"", ""STRAIGHT_RUN"": ""KNOWN_STRAIGHT_SEGMENT"", ""UPTURN_LEG"": ""SHAPE_FOUND_LENGTH_BLOCKED""}","[""E-PDF-01""]","frozen straight length (schedule span - 2 x 70 mm cover) stays valid known steel; the p.13 drawing shows this run as the base of a U, so the complete bar is longer: VERIFIED (complete straight bar) -> KNOWN_STRAIGHT_SEGMENT, COMPLETE_BAR LOWER_BOUND"
S4.1-D0156,PORTION_DECOMPOSITION,research/alsenan_footing_rebar_s4/S4_FREEZE_MANIFEST.json (e3633af+code:0d11810b780ae8f8),FOCC-166A:BOTTOM_LONG,FOCC-166A,F,BOTTOM_LONG,FOOTING_BOTTOM_LONG,UPTURN_LEG_1,VERIFIED,0.0,ST7757.pdf p.13 'TYP. DETAIL OF ISOLATED FOOTING' (both variants),ST7757.pdf p.13,p13:S-REIN.D long_bar_U (SHALLOW + DEEP),GRAPHIC_EXPLICIT_SHAPE_ONLY,U BAR = STRAIGHT_RUN + LEFT/RIGHT_UPTURN_LEG + LEFT/RIGHT_45_DEG_END (+2 bends); frozen straight length kept as KNOWN_STRAIGHT_SEGMENT; COMPLETE_BAR = LOWER_BOUND,SHAPE_FOUND_LENGTH_BLOCKED,NONE,0.0,0.0,"[""FOCC-166A:BOTTOM_LONG:UPTURN_LEG_1"", ""FOCC-166A:BOTTOM_LONG:UPTURN_LEG_2"", ""FOCC-166A:BOTTOM_LONG:END_HOOK_1"", ""FOCC-166A:BOTTOM_LONG:END_HOOK_2"", ""FOCC-166A:BOTTOM_LONG:BEND_ARC_1"", ""FOCC-166A:BOTTOM_LONG:BEND_ARC_2""]",LOWER_BOUND,LOWER_BOUND,12,7,760.0,"{""BEND_ARC"": ""SHAPE_FOUND_LENGTH_BLOCKED"", ""COMPLETE_BAR"": ""LOWER_BOUND"", ""END_HOOK_45"": ""SHAPE_FOUND_LENGTH_BLOCKED"", ""SHAPE"": ""SOURCE_FOUND_EXPLICIT (U with 45° ends)"", ""STRAIGHT_RUN"": ""KNOWN_STRAIGHT_SEGMENT"", ""UPTURN_LEG"": ""SHAPE_FOUND_LENGTH_BLOCKED""}","[""E-PDF-01""]","leg drawn (shares the bottom-run vertex) but its top endpoint is not bound to a dimensioned level: rule-B derivation from D, cover and bar levels fails (ENDPOINTS_DETERMINISTIC); no length by scale"
S4.1-D0157,PORTION_DECOMPOSITION,research/alsenan_footing_rebar_s4/S4_FREEZE_MANIFEST.json (e3633af+code:0d11810b780ae8f8),FOCC-166A:BOTTOM_LONG,FOCC-166A,F,BOTTOM_LONG,FOOTING_BOTTOM_LONG,UPTURN_LEG_2,VERIFIED,0.0,ST7757.pdf p.13 'TYP. DETAIL OF ISOLATED FOOTING' (both variants),ST7757.pdf p.13,p13:S-REIN.D long_bar_U (SHALLOW + DEEP),GRAPHIC_EXPLICIT_SHAPE_ONLY,U BAR = STRAIGHT_RUN + LEFT/RIGHT_UPTURN_LEG + LEFT/RIGHT_45_DEG_END (+2 bends); frozen straight length kept as KNOWN_STRAIGHT_SEGMENT; COMPLETE_BAR = LOWER_BOUND,SHAPE_FOUND_LENGTH_BLOCKED,NONE,0.0,0.0,"[""FOCC-166A:BOTTOM_LONG:UPTURN_LEG_1"", ""FOCC-166A:BOTTOM_LONG:UPTURN_LEG_2"", ""FOCC-166A:BOTTOM_LONG:END_HOOK_1"", ""FOCC-166A:BOTTOM_LONG:END_HOOK_2"", ""FOCC-166A:BOTTOM_LONG:BEND_ARC_1"", ""FOCC-166A:BOTTOM_LONG:BEND_ARC_2""]",LOWER_BOUND,LOWER_BOUND,12,7,760.0,"{""BEND_ARC"": ""SHAPE_FOUND_LENGTH_BLOCKED"", ""COMPLETE_BAR"": ""LOWER_BOUND"", ""END_HOOK_45"": ""SHAPE_FOUND_LENGTH_BLOCKED"", ""SHAPE"": ""SOURCE_FOUND_EXPLICIT (U with 45° ends)"", ""STRAIGHT_RUN"": ""KNOWN_STRAIGHT_SEGMENT"", ""UPTURN_LEG"": ""SHAPE_FOUND_LENGTH_BLOCKED""}","[""E-PDF-01""]","leg drawn (shares the bottom-run vertex) but its top endpoint is not bound to a dimensioned level: rule-B derivation from D, cover and bar levels fails (ENDPOINTS_DETERMINISTIC); no length by scale"
S4.1-D0158,PORTION_DECOMPOSITION,research/alsenan_footing_rebar_s4/S4_FREEZE_MANIFEST.json (e3633af+code:0d11810b780ae8f8),FOCC-166A:BOTTOM_LONG,FOCC-166A,F,BOTTOM_LONG,FOOTING_BOTTOM_LONG,END_HOOK_1,VERIFIED,0.0,ST7757.pdf p.13 'TYP. DETAIL OF ISOLATED FOOTING' (both variants),ST7757.pdf p.13,p13:S-REIN.D long_bar_U (SHALLOW + DEEP),GRAPHIC_EXPLICIT_SHAPE_ONLY,U BAR = STRAIGHT_RUN + LEFT/RIGHT_UPTURN_LEG + LEFT/RIGHT_45_DEG_END (+2 bends); frozen straight length kept as KNOWN_STRAIGHT_SEGMENT; COMPLETE_BAR = LOWER_BOUND,SHAPE_FOUND_LENGTH_BLOCKED,NONE,0.0,0.0,"[""FOCC-166A:BOTTOM_LONG:UPTURN_LEG_1"", ""FOCC-166A:BOTTOM_LONG:UPTURN_LEG_2"", ""FOCC-166A:BOTTOM_LONG:END_HOOK_1"", ""FOCC-166A:BOTTOM_LONG:END_HOOK_2"", ""FOCC-166A:BOTTOM_LONG:BEND_ARC_1"", ""FOCC-166A:BOTTOM_LONG:BEND_ARC_2""]",LOWER_BOUND,LOWER_BOUND,12,7,760.0,"{""BEND_ARC"": ""SHAPE_FOUND_LENGTH_BLOCKED"", ""COMPLETE_BAR"": ""LOWER_BOUND"", ""END_HOOK_45"": ""SHAPE_FOUND_LENGTH_BLOCKED"", ""SHAPE"": ""SOURCE_FOUND_EXPLICIT (U with 45° ends)"", ""STRAIGHT_RUN"": ""KNOWN_STRAIGHT_SEGMENT"", ""UPTURN_LEG"": ""SHAPE_FOUND_LENGTH_BLOCKED""}","[""E-PDF-01""]",45° end drawn at the leg top (SHAPE_FOUND); hook length not dimensioned or noted
S4.1-D0159,PORTION_DECOMPOSITION,research/alsenan_footing_rebar_s4/S4_FREEZE_MANIFEST.json (e3633af+code:0d11810b780ae8f8),FOCC-166A:BOTTOM_LONG,FOCC-166A,F,BOTTOM_LONG,FOOTING_BOTTOM_LONG,END_HOOK_2,VERIFIED,0.0,ST7757.pdf p.13 'TYP. DETAIL OF ISOLATED FOOTING' (both variants),ST7757.pdf p.13,p13:S-REIN.D long_bar_U (SHALLOW + DEEP),GRAPHIC_EXPLICIT_SHAPE_ONLY,U BAR = STRAIGHT_RUN + LEFT/RIGHT_UPTURN_LEG + LEFT/RIGHT_45_DEG_END (+2 bends); frozen straight length kept as KNOWN_STRAIGHT_SEGMENT; COMPLETE_BAR = LOWER_BOUND,SHAPE_FOUND_LENGTH_BLOCKED,NONE,0.0,0.0,"[""FOCC-166A:BOTTOM_LONG:UPTURN_LEG_1"", ""FOCC-166A:BOTTOM_LONG:UPTURN_LEG_2"", ""FOCC-166A:BOTTOM_LONG:END_HOOK_1"", ""FOCC-166A:BOTTOM_LONG:END_HOOK_2"", ""FOCC-166A:BOTTOM_LONG:BEND_ARC_1"", ""FOCC-166A:BOTTOM_LONG:BEND_ARC_2""]",LOWER_BOUND,LOWER_BOUND,12,7,760.0,"{""BEND_ARC"": ""SHAPE_FOUND_LENGTH_BLOCKED"", ""COMPLETE_BAR"": ""LOWER_BOUND"", ""END_HOOK_45"": ""SHAPE_FOUND_LENGTH_BLOCKED"", ""SHAPE"": ""SOURCE_FOUND_EXPLICIT (U with 45° ends)"", ""STRAIGHT_RUN"": ""KNOWN_STRAIGHT_SEGMENT"", ""UPTURN_LEG"": ""SHAPE_FOUND_LENGTH_BLOCKED""}","[""E-PDF-01""]",45° end drawn at the leg top (SHAPE_FOUND); hook length not dimensioned or noted
S4.1-D0160,PORTION_DECOMPOSITION,research/alsenan_footing_rebar_s4/S4_FREEZE_MANIFEST.json (e3633af+code:0d11810b780ae8f8),FOCC-166A:BOTTOM_LONG,FOCC-166A,F,BOTTOM_LONG,FOOTING_BOTTOM_LONG,BEND_ARC_1,VERIFIED,0.0,ST7757.pdf p.13 'TYP. DETAIL OF ISOLATED FOOTING' (both variants),ST7757.pdf p.13,p13:S-REIN.D long_bar_U (SHALLOW + DEEP),GRAPHIC_EXPLICIT_SHAPE_ONLY,U BAR = STRAIGHT_RUN + LEFT/RIGHT_UPTURN_LEG + LEFT/RIGHT_45_DEG_END (+2 bends); frozen straight length kept as KNOWN_STRAIGHT_SEGMENT; COMPLETE_BAR = LOWER_BOUND,SHAPE_FOUND_LENGTH_BLOCKED,NONE,0.0,0.0,"[""FOCC-166A:BOTTOM_LONG:UPTURN_LEG_1"", ""FOCC-166A:BOTTOM_LONG:UPTURN_LEG_2"", ""FOCC-166A:BOTTOM_LONG:END_HOOK_1"", ""FOCC-166A:BOTTOM_LONG:END_HOOK_2"", ""FOCC-166A:BOTTOM_LONG:BEND_ARC_1"", ""FOCC-166A:BOTTOM_LONG:BEND_ARC_2""]",LOWER_BOUND,LOWER_BOUND,12,7,760.0,"{""BEND_ARC"": ""SHAPE_FOUND_LENGTH_BLOCKED"", ""COMPLETE_BAR"": ""LOWER_BOUND"", ""END_HOOK_45"": ""SHAPE_FOUND_LENGTH_BLOCKED"", ""SHAPE"": ""SOURCE_FOUND_EXPLICIT (U with 45° ends)"", ""STRAIGHT_RUN"": ""KNOWN_STRAIGHT_SEGMENT"", ""UPTURN_LEG"": ""SHAPE_FOUND_LENGTH_BLOCKED""}","[""E-PDF-01""]",bend at the base / leg corner exists (shared vertex); bend radius not drawn or noted
S4.1-D0161,PORTION_DECOMPOSITION,research/alsenan_footing_rebar_s4/S4_FREEZE_MANIFEST.json (e3633af+code:0d11810b780ae8f8),FOCC-166A:BOTTOM_LONG,FOCC-166A,F,BOTTOM_LONG,FOOTING_BOTTOM_LONG,BEND_ARC_2,VERIFIED,0.0,ST7757.pdf p.13 'TYP. DETAIL OF ISOLATED FOOTING' (both variants),ST7757.pdf p.13,p13:S-REIN.D long_bar_U (SHALLOW + DEEP),GRAPHIC_EXPLICIT_SHAPE_ONLY,U BAR = STRAIGHT_RUN + LEFT/RIGHT_UPTURN_LEG + LEFT/RIGHT_45_DEG_END (+2 bends); frozen straight length kept as KNOWN_STRAIGHT_SEGMENT; COMPLETE_BAR = LOWER_BOUND,SHAPE_FOUND_LENGTH_BLOCKED,NONE,0.0,0.0,"[""FOCC-166A:BOTTOM_LONG:UPTURN_LEG_1"", ""FOCC-166A:BOTTOM_LONG:UPTURN_LEG_2"", ""FOCC-166A:BOTTOM_LONG:END_HOOK_1"", ""FOCC-166A:BOTTOM_LONG:END_HOOK_2"", ""FOCC-166A:BOTTOM_LONG:BEND_ARC_1"", ""FOCC-166A:BOTTOM_LONG:BEND_ARC_2""]",LOWER_BOUND,LOWER_BOUND,12,7,760.0,"{""BEND_ARC"": ""SHAPE_FOUND_LENGTH_BLOCKED"", ""COMPLETE_BAR"": ""LOWER_BOUND"", ""END_HOOK_45"": ""SHAPE_FOUND_LENGTH_BLOCKED"", ""SHAPE"": ""SOURCE_FOUND_EXPLICIT (U with 45° ends)"", ""STRAIGHT_RUN"": ""KNOWN_STRAIGHT_SEGMENT"", ""UPTURN_LEG"": ""SHAPE_FOUND_LENGTH_BLOCKED""}","[""E-PDF-01""]",bend at the base / leg corner exists (shared vertex); bend radius not drawn or noted
S4.1-D0162,SEMANTIC_CORRECTION,research/alsenan_footing_rebar_s4/S4_FREEZE_MANIFEST.json (e3633af+code:0d11810b780ae8f8),FOCC-166A:BOTTOM_SHORT,FOCC-166A,F,BOTTOM_SHORT,FOOTING_BOTTOM_SHORT,STRAIGHT_RUN,VERIFIED,4.693333,ST7757.pdf p.13 'TYP. DETAIL OF ISOLATED FOOTING' (both variants),ST7757.pdf p.13,p13:S-REIN.D dots in section,GRAPHIC_NTS_OR_UNDIMENSIONED,"STRAIGHT_RUN (frozen, KNOWN_STRAIGHT_SEGMENT) + END_TREATMENT_1/2 (not drawn); the long-bar U is NOT copied; COMPLETE_BAR = LOWER_BOUND",KNOWN_STRAIGHT_SEGMENT,FROZEN_SOURCE_QUANTITY,0.0,4.693333,"[""FOCC-166A:BOTTOM_SHORT:END_TREATMENT_1"", ""FOCC-166A:BOTTOM_SHORT:END_TREATMENT_2""]",LOWER_BOUND,LOWER_BOUND,12,8,660.0,"{""COMPLETE_BAR"": ""LOWER_BOUND"", ""END_TREATMENT"": ""BLOCKED_UNQUANTIFIED"", ""SHAPE"": ""NOT_DRAWN (dots in section only)"", ""STRAIGHT_RUN"": ""KNOWN_STRAIGHT_SEGMENT""}","[""E-PDF-01""]","frozen straight length stays valid known steel; the p.13 detail shows short bars only as dots, so 'straight' is not supported: VERIFIED -> KNOWN_STRAIGHT_SEGMENT, COMPLETE_BAR LOWER_BOUND"
S4.1-D0163,PORTION_DECOMPOSITION,research/alsenan_footing_rebar_s4/S4_FREEZE_MANIFEST.json (e3633af+code:0d11810b780ae8f8),FOCC-166A:BOTTOM_SHORT,FOCC-166A,F,BOTTOM_SHORT,FOOTING_BOTTOM_SHORT,END_TREATMENT_1,VERIFIED,0.0,ST7757.pdf p.13 'TYP. DETAIL OF ISOLATED FOOTING' (both variants),ST7757.pdf p.13,p13:S-REIN.D dots in section,NO_GRAPHIC_EVIDENCE,"STRAIGHT_RUN (frozen, KNOWN_STRAIGHT_SEGMENT) + END_TREATMENT_1/2 (not drawn); the long-bar U is NOT copied; COMPLETE_BAR = LOWER_BOUND",BLOCKED_UNQUANTIFIED,NONE,0.0,0.0,"[""FOCC-166A:BOTTOM_SHORT:END_TREATMENT_1"", ""FOCC-166A:BOTTOM_SHORT:END_TREATMENT_2""]",LOWER_BOUND,LOWER_BOUND,12,8,660.0,"{""COMPLETE_BAR"": ""LOWER_BOUND"", ""END_TREATMENT"": ""BLOCKED_UNQUANTIFIED"", ""SHAPE"": ""NOT_DRAWN (dots in section only)"", ""STRAIGHT_RUN"": ""KNOWN_STRAIGHT_SEGMENT""}","[""E-PDF-01""]",end shape not drawn anywhere in the set (S4-13); the long-bar U is not copied (brief §4)
S4.1-D0164,PORTION_DECOMPOSITION,research/alsenan_footing_rebar_s4/S4_FREEZE_MANIFEST.json (e3633af+code:0d11810b780ae8f8),FOCC-166A:BOTTOM_SHORT,FOCC-166A,F,BOTTOM_SHORT,FOOTING_BOTTOM_SHORT,END_TREATMENT_2,VERIFIED,0.0,ST7757.pdf p.13 'TYP. DETAIL OF ISOLATED FOOTING' (both variants),ST7757.pdf p.13,p13:S-REIN.D dots in section,NO_GRAPHIC_EVIDENCE,"STRAIGHT_RUN (frozen, KNOWN_STRAIGHT_SEGMENT) + END_TREATMENT_1/2 (not drawn); the long-bar U is NOT copied; COMPLETE_BAR = LOWER_BOUND",BLOCKED_UNQUANTIFIED,NONE,0.0,0.0,"[""FOCC-166A:BOTTOM_SHORT:END_TREATMENT_1"", ""FOCC-166A:BOTTOM_SHORT:END_TREATMENT_2""]",LOWER_BOUND,LOWER_BOUND,12,8,660.0,"{""COMPLETE_BAR"": ""LOWER_BOUND"", ""END_TREATMENT"": ""BLOCKED_UNQUANTIFIED"", ""SHAPE"": ""NOT_DRAWN (dots in section only)"", ""STRAIGHT_RUN"": ""KNOWN_STRAIGHT_SEGMENT""}","[""E-PDF-01""]",end shape not drawn anywhere in the set (S4-13); the long-bar U is not copied (brief §4)
S4.1-D0165,NO_CHANGE,research/alsenan_footing_rebar_s4/S4_FREEZE_MANIFEST.json (e3633af+code:0d11810b780ae8f8),FOCC-166A:TOP_LONG,FOCC-166A,F,TOP_LONG,FOOTING_TOP_LONG,WHOLE_COMPONENT,NOT_APPLICABLE,0.0,,,,NO_GRAPHIC_EVIDENCE,unchanged (frozen NOT_APPLICABLE),,NONE,0.0,0.0,[],NOT_APPLICABLE,NOT_APPLICABLE,,,,{},[],frozen NOT_APPLICABLE carried
S4.1-D0166,NO_CHANGE,research/alsenan_footing_rebar_s4/S4_FREEZE_MANIFEST.json (e3633af+code:0d11810b780ae8f8),FOCC-166A:TOP_SHORT,FOCC-166A,F,TOP_SHORT,FOOTING_TOP_SHORT,WHOLE_COMPONENT,NOT_APPLICABLE,0.0,,,,NO_GRAPHIC_EVIDENCE,unchanged (frozen NOT_APPLICABLE),,NONE,0.0,0.0,[],NOT_APPLICABLE,NOT_APPLICABLE,,,,{},[],frozen NOT_APPLICABLE carried
S4.1-D0167,FACET_ADDED,research/alsenan_footing_rebar_s4/S4_FREEZE_MANIFEST.json (e3633af+code:0d11810b780ae8f8),FOCC-166A:BOXED,FOCC-166A,F,BOXED,BOXED_REBAR,WHOLE_COMPONENT,BLOCKED_UNQUANTIFIED,0.0,ST7757.pdf p.13 'TYP. DETAIL OF ISOLATED FOOTING' (both variants),ST7757.pdf p.13,p13:S-REIN.D boxed_inverted_U (SHALLOW + DEEP),GRAPHIC_EXPLICIT_SHAPE_ONLY,"BOXED = inverted U (shape recorded); quantity blocked: no external diameter, no reading of 3+n",SHAPE_FOUND_LENGTH_BLOCKED,NONE,0.0,0.0,"[""FOCC-166A:BOXED""]",BLOCKED_UNQUANTIFIED,BLOCKED_UNQUANTIFIED,,,,"{""BOXED_KG"": ""BLOCKED_UNQUANTIFIED"", ""COUNT"": ""BLOCKED (3+n unresolved)"", ""DIAMETER"": ""SOURCE_EXPECTED_NOT_LOCATED (S4-02)"", ""EXISTENCE"": ""SOURCE_FOUND_EXPLICIT (schedule cell '3+4')"", ""MEANING_OF_3_PLUS_N"": ""SOURCE_EXPECTED_NOT_LOCATED (S4-01)"", ""ORIENTATION"": ""SOURCE_EXPECTED_NOT_LOCATED (S4-04)"", ""SHAPE"": ""SOURCE_FOUND_EXPLICIT (inverted U, legs to the bottom-bar level, no hooks)""}","[""E-PDF-01"", ""E-DXF-01""]","shape facet found; count, diameter and orientation still not located"
S4.1-D0168,NO_CHANGE,research/alsenan_footing_rebar_s4/S4_FREEZE_MANIFEST.json (e3633af+code:0d11810b780ae8f8),FOCC-166A:STARTER_DOWEL_REFERENCE,FOCC-166A,F,STARTER_DOWEL_REFERENCE,STARTER,WHOLE_COMPONENT,NOT_APPLICABLE,0.0,,,,NO_GRAPHIC_EVIDENCE,unchanged (frozen NOT_APPLICABLE),,NONE,0.0,0.0,[],NOT_APPLICABLE,NOT_APPLICABLE,,,,{},[],frozen NOT_APPLICABLE carried
S4.1-D0169,SEMANTIC_CORRECTION,research/alsenan_footing_rebar_s4/S4_FREEZE_MANIFEST.json (e3633af+code:0d11810b780ae8f8),FOCC-166B:BOTTOM_LONG,FOCC-166B,F3,BOTTOM_LONG,FOOTING_BOTTOM_LONG,STRAIGHT_RUN,VERIFIED,10.382222,ST7757.pdf p.13 'TYP. DETAIL OF ISOLATED FOOTING' (both variants),ST7757.pdf p.13,p13:S-REIN.D long_bar_U (SHALLOW + DEEP),GRAPHIC_EXPLICIT_SHAPE_ONLY,U BAR = STRAIGHT_RUN + LEFT/RIGHT_UPTURN_LEG + LEFT/RIGHT_45_DEG_END (+2 bends); frozen straight length kept as KNOWN_STRAIGHT_SEGMENT; COMPLETE_BAR = LOWER_BOUND,KNOWN_STRAIGHT_SEGMENT,FROZEN_SOURCE_QUANTITY,0.0,10.382222,"[""FOCC-166B:BOTTOM_LONG:UPTURN_LEG_1"", ""FOCC-166B:BOTTOM_LONG:UPTURN_LEG_2"", ""FOCC-166B:BOTTOM_LONG:END_HOOK_1"", ""FOCC-166B:BOTTOM_LONG:END_HOOK_2"", ""FOCC-166B:BOTTOM_LONG:BEND_ARC_1"", ""FOCC-166B:BOTTOM_LONG:BEND_ARC_2""]",LOWER_BOUND,LOWER_BOUND,12,8,1460.0,"{""BEND_ARC"": ""SHAPE_FOUND_LENGTH_BLOCKED"", ""COMPLETE_BAR"": ""LOWER_BOUND"", ""END_HOOK_45"": ""SHAPE_FOUND_LENGTH_BLOCKED"", ""SHAPE"": ""SOURCE_FOUND_EXPLICIT (U with 45° ends)"", ""STRAIGHT_RUN"": ""KNOWN_STRAIGHT_SEGMENT"", ""UPTURN_LEG"": ""SHAPE_FOUND_LENGTH_BLOCKED""}","[""E-PDF-01""]","frozen straight length (schedule span - 2 x 70 mm cover) stays valid known steel; the p.13 drawing shows this run as the base of a U, so the complete bar is longer: VERIFIED (complete straight bar) -> KNOWN_STRAIGHT_SEGMENT, COMPLETE_BAR LOWER_BOUND"
S4.1-D0170,PORTION_DECOMPOSITION,research/alsenan_footing_rebar_s4/S4_FREEZE_MANIFEST.json (e3633af+code:0d11810b780ae8f8),FOCC-166B:BOTTOM_LONG,FOCC-166B,F3,BOTTOM_LONG,FOOTING_BOTTOM_LONG,UPTURN_LEG_1,VERIFIED,0.0,ST7757.pdf p.13 'TYP. DETAIL OF ISOLATED FOOTING' (both variants),ST7757.pdf p.13,p13:S-REIN.D long_bar_U (SHALLOW + DEEP),GRAPHIC_EXPLICIT_SHAPE_ONLY,U BAR = STRAIGHT_RUN + LEFT/RIGHT_UPTURN_LEG + LEFT/RIGHT_45_DEG_END (+2 bends); frozen straight length kept as KNOWN_STRAIGHT_SEGMENT; COMPLETE_BAR = LOWER_BOUND,SHAPE_FOUND_LENGTH_BLOCKED,NONE,0.0,0.0,"[""FOCC-166B:BOTTOM_LONG:UPTURN_LEG_1"", ""FOCC-166B:BOTTOM_LONG:UPTURN_LEG_2"", ""FOCC-166B:BOTTOM_LONG:END_HOOK_1"", ""FOCC-166B:BOTTOM_LONG:END_HOOK_2"", ""FOCC-166B:BOTTOM_LONG:BEND_ARC_1"", ""FOCC-166B:BOTTOM_LONG:BEND_ARC_2""]",LOWER_BOUND,LOWER_BOUND,12,8,1460.0,"{""BEND_ARC"": ""SHAPE_FOUND_LENGTH_BLOCKED"", ""COMPLETE_BAR"": ""LOWER_BOUND"", ""END_HOOK_45"": ""SHAPE_FOUND_LENGTH_BLOCKED"", ""SHAPE"": ""SOURCE_FOUND_EXPLICIT (U with 45° ends)"", ""STRAIGHT_RUN"": ""KNOWN_STRAIGHT_SEGMENT"", ""UPTURN_LEG"": ""SHAPE_FOUND_LENGTH_BLOCKED""}","[""E-PDF-01""]","leg drawn (shares the bottom-run vertex) but its top endpoint is not bound to a dimensioned level: rule-B derivation from D, cover and bar levels fails (ENDPOINTS_DETERMINISTIC); no length by scale"
S4.1-D0171,PORTION_DECOMPOSITION,research/alsenan_footing_rebar_s4/S4_FREEZE_MANIFEST.json (e3633af+code:0d11810b780ae8f8),FOCC-166B:BOTTOM_LONG,FOCC-166B,F3,BOTTOM_LONG,FOOTING_BOTTOM_LONG,UPTURN_LEG_2,VERIFIED,0.0,ST7757.pdf p.13 'TYP. DETAIL OF ISOLATED FOOTING' (both variants),ST7757.pdf p.13,p13:S-REIN.D long_bar_U (SHALLOW + DEEP),GRAPHIC_EXPLICIT_SHAPE_ONLY,U BAR = STRAIGHT_RUN + LEFT/RIGHT_UPTURN_LEG + LEFT/RIGHT_45_DEG_END (+2 bends); frozen straight length kept as KNOWN_STRAIGHT_SEGMENT; COMPLETE_BAR = LOWER_BOUND,SHAPE_FOUND_LENGTH_BLOCKED,NONE,0.0,0.0,"[""FOCC-166B:BOTTOM_LONG:UPTURN_LEG_1"", ""FOCC-166B:BOTTOM_LONG:UPTURN_LEG_2"", ""FOCC-166B:BOTTOM_LONG:END_HOOK_1"", ""FOCC-166B:BOTTOM_LONG:END_HOOK_2"", ""FOCC-166B:BOTTOM_LONG:BEND_ARC_1"", ""FOCC-166B:BOTTOM_LONG:BEND_ARC_2""]",LOWER_BOUND,LOWER_BOUND,12,8,1460.0,"{""BEND_ARC"": ""SHAPE_FOUND_LENGTH_BLOCKED"", ""COMPLETE_BAR"": ""LOWER_BOUND"", ""END_HOOK_45"": ""SHAPE_FOUND_LENGTH_BLOCKED"", ""SHAPE"": ""SOURCE_FOUND_EXPLICIT (U with 45° ends)"", ""STRAIGHT_RUN"": ""KNOWN_STRAIGHT_SEGMENT"", ""UPTURN_LEG"": ""SHAPE_FOUND_LENGTH_BLOCKED""}","[""E-PDF-01""]","leg drawn (shares the bottom-run vertex) but its top endpoint is not bound to a dimensioned level: rule-B derivation from D, cover and bar levels fails (ENDPOINTS_DETERMINISTIC); no length by scale"
S4.1-D0172,PORTION_DECOMPOSITION,research/alsenan_footing_rebar_s4/S4_FREEZE_MANIFEST.json (e3633af+code:0d11810b780ae8f8),FOCC-166B:BOTTOM_LONG,FOCC-166B,F3,BOTTOM_LONG,FOOTING_BOTTOM_LONG,END_HOOK_1,VERIFIED,0.0,ST7757.pdf p.13 'TYP. DETAIL OF ISOLATED FOOTING' (both variants),ST7757.pdf p.13,p13:S-REIN.D long_bar_U (SHALLOW + DEEP),GRAPHIC_EXPLICIT_SHAPE_ONLY,U BAR = STRAIGHT_RUN + LEFT/RIGHT_UPTURN_LEG + LEFT/RIGHT_45_DEG_END (+2 bends); frozen straight length kept as KNOWN_STRAIGHT_SEGMENT; COMPLETE_BAR = LOWER_BOUND,SHAPE_FOUND_LENGTH_BLOCKED,NONE,0.0,0.0,"[""FOCC-166B:BOTTOM_LONG:UPTURN_LEG_1"", ""FOCC-166B:BOTTOM_LONG:UPTURN_LEG_2"", ""FOCC-166B:BOTTOM_LONG:END_HOOK_1"", ""FOCC-166B:BOTTOM_LONG:END_HOOK_2"", ""FOCC-166B:BOTTOM_LONG:BEND_ARC_1"", ""FOCC-166B:BOTTOM_LONG:BEND_ARC_2""]",LOWER_BOUND,LOWER_BOUND,12,8,1460.0,"{""BEND_ARC"": ""SHAPE_FOUND_LENGTH_BLOCKED"", ""COMPLETE_BAR"": ""LOWER_BOUND"", ""END_HOOK_45"": ""SHAPE_FOUND_LENGTH_BLOCKED"", ""SHAPE"": ""SOURCE_FOUND_EXPLICIT (U with 45° ends)"", ""STRAIGHT_RUN"": ""KNOWN_STRAIGHT_SEGMENT"", ""UPTURN_LEG"": ""SHAPE_FOUND_LENGTH_BLOCKED""}","[""E-PDF-01""]",45° end drawn at the leg top (SHAPE_FOUND); hook length not dimensioned or noted
S4.1-D0173,PORTION_DECOMPOSITION,research/alsenan_footing_rebar_s4/S4_FREEZE_MANIFEST.json (e3633af+code:0d11810b780ae8f8),FOCC-166B:BOTTOM_LONG,FOCC-166B,F3,BOTTOM_LONG,FOOTING_BOTTOM_LONG,END_HOOK_2,VERIFIED,0.0,ST7757.pdf p.13 'TYP. DETAIL OF ISOLATED FOOTING' (both variants),ST7757.pdf p.13,p13:S-REIN.D long_bar_U (SHALLOW + DEEP),GRAPHIC_EXPLICIT_SHAPE_ONLY,U BAR = STRAIGHT_RUN + LEFT/RIGHT_UPTURN_LEG + LEFT/RIGHT_45_DEG_END (+2 bends); frozen straight length kept as KNOWN_STRAIGHT_SEGMENT; COMPLETE_BAR = LOWER_BOUND,SHAPE_FOUND_LENGTH_BLOCKED,NONE,0.0,0.0,"[""FOCC-166B:BOTTOM_LONG:UPTURN_LEG_1"", ""FOCC-166B:BOTTOM_LONG:UPTURN_LEG_2"", ""FOCC-166B:BOTTOM_LONG:END_HOOK_1"", ""FOCC-166B:BOTTOM_LONG:END_HOOK_2"", ""FOCC-166B:BOTTOM_LONG:BEND_ARC_1"", ""FOCC-166B:BOTTOM_LONG:BEND_ARC_2""]",LOWER_BOUND,LOWER_BOUND,12,8,1460.0,"{""BEND_ARC"": ""SHAPE_FOUND_LENGTH_BLOCKED"", ""COMPLETE_BAR"": ""LOWER_BOUND"", ""END_HOOK_45"": ""SHAPE_FOUND_LENGTH_BLOCKED"", ""SHAPE"": ""SOURCE_FOUND_EXPLICIT (U with 45° ends)"", ""STRAIGHT_RUN"": ""KNOWN_STRAIGHT_SEGMENT"", ""UPTURN_LEG"": ""SHAPE_FOUND_LENGTH_BLOCKED""}","[""E-PDF-01""]",45° end drawn at the leg top (SHAPE_FOUND); hook length not dimensioned or noted
S4.1-D0174,PORTION_DECOMPOSITION,research/alsenan_footing_rebar_s4/S4_FREEZE_MANIFEST.json (e3633af+code:0d11810b780ae8f8),FOCC-166B:BOTTOM_LONG,FOCC-166B,F3,BOTTOM_LONG,FOOTING_BOTTOM_LONG,BEND_ARC_1,VERIFIED,0.0,ST7757.pdf p.13 'TYP. DETAIL OF ISOLATED FOOTING' (both variants),ST7757.pdf p.13,p13:S-REIN.D long_bar_U (SHALLOW + DEEP),GRAPHIC_EXPLICIT_SHAPE_ONLY,U BAR = STRAIGHT_RUN + LEFT/RIGHT_UPTURN_LEG + LEFT/RIGHT_45_DEG_END (+2 bends); frozen straight length kept as KNOWN_STRAIGHT_SEGMENT; COMPLETE_BAR = LOWER_BOUND,SHAPE_FOUND_LENGTH_BLOCKED,NONE,0.0,0.0,"[""FOCC-166B:BOTTOM_LONG:UPTURN_LEG_1"", ""FOCC-166B:BOTTOM_LONG:UPTURN_LEG_2"", ""FOCC-166B:BOTTOM_LONG:END_HOOK_1"", ""FOCC-166B:BOTTOM_LONG:END_HOOK_2"", ""FOCC-166B:BOTTOM_LONG:BEND_ARC_1"", ""FOCC-166B:BOTTOM_LONG:BEND_ARC_2""]",LOWER_BOUND,LOWER_BOUND,12,8,1460.0,"{""BEND_ARC"": ""SHAPE_FOUND_LENGTH_BLOCKED"", ""COMPLETE_BAR"": ""LOWER_BOUND"", ""END_HOOK_45"": ""SHAPE_FOUND_LENGTH_BLOCKED"", ""SHAPE"": ""SOURCE_FOUND_EXPLICIT (U with 45° ends)"", ""STRAIGHT_RUN"": ""KNOWN_STRAIGHT_SEGMENT"", ""UPTURN_LEG"": ""SHAPE_FOUND_LENGTH_BLOCKED""}","[""E-PDF-01""]",bend at the base / leg corner exists (shared vertex); bend radius not drawn or noted
S4.1-D0175,PORTION_DECOMPOSITION,research/alsenan_footing_rebar_s4/S4_FREEZE_MANIFEST.json (e3633af+code:0d11810b780ae8f8),FOCC-166B:BOTTOM_LONG,FOCC-166B,F3,BOTTOM_LONG,FOOTING_BOTTOM_LONG,BEND_ARC_2,VERIFIED,0.0,ST7757.pdf p.13 'TYP. DETAIL OF ISOLATED FOOTING' (both variants),ST7757.pdf p.13,p13:S-REIN.D long_bar_U (SHALLOW + DEEP),GRAPHIC_EXPLICIT_SHAPE_ONLY,U BAR = STRAIGHT_RUN + LEFT/RIGHT_UPTURN_LEG + LEFT/RIGHT_45_DEG_END (+2 bends); frozen straight length kept as KNOWN_STRAIGHT_SEGMENT; COMPLETE_BAR = LOWER_BOUND,SHAPE_FOUND_LENGTH_BLOCKED,NONE,0.0,0.0,"[""FOCC-166B:BOTTOM_LONG:UPTURN_LEG_1"", ""FOCC-166B:BOTTOM_LONG:UPTURN_LEG_2"", ""FOCC-166B:BOTTOM_LONG:END_HOOK_1"", ""FOCC-166B:BOTTOM_LONG:END_HOOK_2"", ""FOCC-166B:BOTTOM_LONG:BEND_ARC_1"", ""FOCC-166B:BOTTOM_LONG:BEND_ARC_2""]",LOWER_BOUND,LOWER_BOUND,12,8,1460.0,"{""BEND_ARC"": ""SHAPE_FOUND_LENGTH_BLOCKED"", ""COMPLETE_BAR"": ""LOWER_BOUND"", ""END_HOOK_45"": ""SHAPE_FOUND_LENGTH_BLOCKED"", ""SHAPE"": ""SOURCE_FOUND_EXPLICIT (U with 45° ends)"", ""STRAIGHT_RUN"": ""KNOWN_STRAIGHT_SEGMENT"", ""UPTURN_LEG"": ""SHAPE_FOUND_LENGTH_BLOCKED""}","[""E-PDF-01""]",bend at the base / leg corner exists (shared vertex); bend radius not drawn or noted
S4.1-D0176,SEMANTIC_CORRECTION,research/alsenan_footing_rebar_s4/S4_FREEZE_MANIFEST.json (e3633af+code:0d11810b780ae8f8),FOCC-166B:BOTTOM_SHORT,FOCC-166B,F3,BOTTOM_SHORT,FOOTING_BOTTOM_SHORT,STRAIGHT_RUN,VERIFIED,8.96,ST7757.pdf p.13 'TYP. DETAIL OF ISOLATED FOOTING' (both variants),ST7757.pdf p.13,p13:S-REIN.D dots in section,GRAPHIC_NTS_OR_UNDIMENSIONED,"STRAIGHT_RUN (frozen, KNOWN_STRAIGHT_SEGMENT) + END_TREATMENT_1/2 (not drawn); the long-bar U is NOT copied; COMPLETE_BAR = LOWER_BOUND",KNOWN_STRAIGHT_SEGMENT,FROZEN_SOURCE_QUANTITY,0.0,8.96,"[""FOCC-166B:BOTTOM_SHORT:END_TREATMENT_1"", ""FOCC-166B:BOTTOM_SHORT:END_TREATMENT_2""]",LOWER_BOUND,LOWER_BOUND,12,8,1260.0,"{""COMPLETE_BAR"": ""LOWER_BOUND"", ""END_TREATMENT"": ""BLOCKED_UNQUANTIFIED"", ""SHAPE"": ""NOT_DRAWN (dots in section only)"", ""STRAIGHT_RUN"": ""KNOWN_STRAIGHT_SEGMENT""}","[""E-PDF-01""]","frozen straight length stays valid known steel; the p.13 detail shows short bars only as dots, so 'straight' is not supported: VERIFIED -> KNOWN_STRAIGHT_SEGMENT, COMPLETE_BAR LOWER_BOUND"
S4.1-D0177,PORTION_DECOMPOSITION,research/alsenan_footing_rebar_s4/S4_FREEZE_MANIFEST.json (e3633af+code:0d11810b780ae8f8),FOCC-166B:BOTTOM_SHORT,FOCC-166B,F3,BOTTOM_SHORT,FOOTING_BOTTOM_SHORT,END_TREATMENT_1,VERIFIED,0.0,ST7757.pdf p.13 'TYP. DETAIL OF ISOLATED FOOTING' (both variants),ST7757.pdf p.13,p13:S-REIN.D dots in section,NO_GRAPHIC_EVIDENCE,"STRAIGHT_RUN (frozen, KNOWN_STRAIGHT_SEGMENT) + END_TREATMENT_1/2 (not drawn); the long-bar U is NOT copied; COMPLETE_BAR = LOWER_BOUND",BLOCKED_UNQUANTIFIED,NONE,0.0,0.0,"[""FOCC-166B:BOTTOM_SHORT:END_TREATMENT_1"", ""FOCC-166B:BOTTOM_SHORT:END_TREATMENT_2""]",LOWER_BOUND,LOWER_BOUND,12,8,1260.0,"{""COMPLETE_BAR"": ""LOWER_BOUND"", ""END_TREATMENT"": ""BLOCKED_UNQUANTIFIED"", ""SHAPE"": ""NOT_DRAWN (dots in section only)"", ""STRAIGHT_RUN"": ""KNOWN_STRAIGHT_SEGMENT""}","[""E-PDF-01""]",end shape not drawn anywhere in the set (S4-13); the long-bar U is not copied (brief §4)
S4.1-D0178,PORTION_DECOMPOSITION,research/alsenan_footing_rebar_s4/S4_FREEZE_MANIFEST.json (e3633af+code:0d11810b780ae8f8),FOCC-166B:BOTTOM_SHORT,FOCC-166B,F3,BOTTOM_SHORT,FOOTING_BOTTOM_SHORT,END_TREATMENT_2,VERIFIED,0.0,ST7757.pdf p.13 'TYP. DETAIL OF ISOLATED FOOTING' (both variants),ST7757.pdf p.13,p13:S-REIN.D dots in section,NO_GRAPHIC_EVIDENCE,"STRAIGHT_RUN (frozen, KNOWN_STRAIGHT_SEGMENT) + END_TREATMENT_1/2 (not drawn); the long-bar U is NOT copied; COMPLETE_BAR = LOWER_BOUND",BLOCKED_UNQUANTIFIED,NONE,0.0,0.0,"[""FOCC-166B:BOTTOM_SHORT:END_TREATMENT_1"", ""FOCC-166B:BOTTOM_SHORT:END_TREATMENT_2""]",LOWER_BOUND,LOWER_BOUND,12,8,1260.0,"{""COMPLETE_BAR"": ""LOWER_BOUND"", ""END_TREATMENT"": ""BLOCKED_UNQUANTIFIED"", ""SHAPE"": ""NOT_DRAWN (dots in section only)"", ""STRAIGHT_RUN"": ""KNOWN_STRAIGHT_SEGMENT""}","[""E-PDF-01""]",end shape not drawn anywhere in the set (S4-13); the long-bar U is not copied (brief §4)
S4.1-D0179,NO_CHANGE,research/alsenan_footing_rebar_s4/S4_FREEZE_MANIFEST.json (e3633af+code:0d11810b780ae8f8),FOCC-166B:TOP_LONG,FOCC-166B,F3,TOP_LONG,FOOTING_TOP_LONG,WHOLE_COMPONENT,NOT_APPLICABLE,0.0,,,,NO_GRAPHIC_EVIDENCE,unchanged (frozen NOT_APPLICABLE),,NONE,0.0,0.0,[],NOT_APPLICABLE,NOT_APPLICABLE,,,,{},[],frozen NOT_APPLICABLE carried
S4.1-D0180,NO_CHANGE,research/alsenan_footing_rebar_s4/S4_FREEZE_MANIFEST.json (e3633af+code:0d11810b780ae8f8),FOCC-166B:TOP_SHORT,FOCC-166B,F3,TOP_SHORT,FOOTING_TOP_SHORT,WHOLE_COMPONENT,NOT_APPLICABLE,0.0,,,,NO_GRAPHIC_EVIDENCE,unchanged (frozen NOT_APPLICABLE),,NONE,0.0,0.0,[],NOT_APPLICABLE,NOT_APPLICABLE,,,,{},[],frozen NOT_APPLICABLE carried
S4.1-D0181,FACET_ADDED,research/alsenan_footing_rebar_s4/S4_FREEZE_MANIFEST.json (e3633af+code:0d11810b780ae8f8),FOCC-166B:BOXED,FOCC-166B,F3,BOXED,BOXED_REBAR,WHOLE_COMPONENT,BLOCKED_UNQUANTIFIED,0.0,ST7757.pdf p.13 'TYP. DETAIL OF ISOLATED FOOTING' (both variants),ST7757.pdf p.13,p13:S-REIN.D boxed_inverted_U (SHALLOW + DEEP),GRAPHIC_EXPLICIT_SHAPE_ONLY,"BOXED = inverted U (shape recorded); quantity blocked: no external diameter, no reading of 3+n",SHAPE_FOUND_LENGTH_BLOCKED,NONE,0.0,0.0,"[""FOCC-166B:BOXED""]",BLOCKED_UNQUANTIFIED,BLOCKED_UNQUANTIFIED,,,,"{""BOXED_KG"": ""BLOCKED_UNQUANTIFIED"", ""COUNT"": ""BLOCKED (3+n unresolved)"", ""DIAMETER"": ""SOURCE_EXPECTED_NOT_LOCATED (S4-02)"", ""EXISTENCE"": ""SOURCE_FOUND_EXPLICIT (schedule cell '3+4')"", ""MEANING_OF_3_PLUS_N"": ""SOURCE_EXPECTED_NOT_LOCATED (S4-01)"", ""ORIENTATION"": ""SOURCE_EXPECTED_NOT_LOCATED (S4-04)"", ""SHAPE"": ""SOURCE_FOUND_EXPLICIT (inverted U, legs to the bottom-bar level, no hooks)""}","[""E-PDF-01"", ""E-DXF-01""]","shape facet found; count, diameter and orientation still not located"
S4.1-D0182,NO_CHANGE,research/alsenan_footing_rebar_s4/S4_FREEZE_MANIFEST.json (e3633af+code:0d11810b780ae8f8),FOCC-166B:STARTER_DOWEL_REFERENCE,FOCC-166B,F3,STARTER_DOWEL_REFERENCE,STARTER,WHOLE_COMPONENT,NOT_APPLICABLE,0.0,,,,NO_GRAPHIC_EVIDENCE,unchanged (frozen NOT_APPLICABLE),,NONE,0.0,0.0,[],NOT_APPLICABLE,NOT_APPLICABLE,,,,{},[],frozen NOT_APPLICABLE carried
S4.1-D0183,SEMANTIC_CORRECTION,research/alsenan_footing_rebar_s4/S4_FREEZE_MANIFEST.json (e3633af+code:0d11810b780ae8f8),FOCC-166C:BOTTOM_LONG,FOCC-166C,F3,BOTTOM_LONG,FOOTING_BOTTOM_LONG,STRAIGHT_RUN,VERIFIED,10.382222,ST7757.pdf p.13 'TYP. DETAIL OF ISOLATED FOOTING' (both variants),ST7757.pdf p.13,p13:S-REIN.D long_bar_U (SHALLOW + DEEP),GRAPHIC_EXPLICIT_SHAPE_ONLY,U BAR = STRAIGHT_RUN + LEFT/RIGHT_UPTURN_LEG + LEFT/RIGHT_45_DEG_END (+2 bends); frozen straight length kept as KNOWN_STRAIGHT_SEGMENT; COMPLETE_BAR = LOWER_BOUND,KNOWN_STRAIGHT_SEGMENT,FROZEN_SOURCE_QUANTITY,0.0,10.382222,"[""FOCC-166C:BOTTOM_LONG:UPTURN_LEG_1"", ""FOCC-166C:BOTTOM_LONG:UPTURN_LEG_2"", ""FOCC-166C:BOTTOM_LONG:END_HOOK_1"", ""FOCC-166C:BOTTOM_LONG:END_HOOK_2"", ""FOCC-166C:BOTTOM_LONG:BEND_ARC_1"", ""FOCC-166C:BOTTOM_LONG:BEND_ARC_2""]",LOWER_BOUND,LOWER_BOUND,12,8,1460.0,"{""BEND_ARC"": ""SHAPE_FOUND_LENGTH_BLOCKED"", ""COMPLETE_BAR"": ""LOWER_BOUND"", ""END_HOOK_45"": ""SHAPE_FOUND_LENGTH_BLOCKED"", ""SHAPE"": ""SOURCE_FOUND_EXPLICIT (U with 45° ends)"", ""STRAIGHT_RUN"": ""KNOWN_STRAIGHT_SEGMENT"", ""UPTURN_LEG"": ""SHAPE_FOUND_LENGTH_BLOCKED""}","[""E-PDF-01""]","frozen straight length (schedule span - 2 x 70 mm cover) stays valid known steel; the p.13 drawing shows this run as the base of a U, so the complete bar is longer: VERIFIED (complete straight bar) -> KNOWN_STRAIGHT_SEGMENT, COMPLETE_BAR LOWER_BOUND"
S4.1-D0184,PORTION_DECOMPOSITION,research/alsenan_footing_rebar_s4/S4_FREEZE_MANIFEST.json (e3633af+code:0d11810b780ae8f8),FOCC-166C:BOTTOM_LONG,FOCC-166C,F3,BOTTOM_LONG,FOOTING_BOTTOM_LONG,UPTURN_LEG_1,VERIFIED,0.0,ST7757.pdf p.13 'TYP. DETAIL OF ISOLATED FOOTING' (both variants),ST7757.pdf p.13,p13:S-REIN.D long_bar_U (SHALLOW + DEEP),GRAPHIC_EXPLICIT_SHAPE_ONLY,U BAR = STRAIGHT_RUN + LEFT/RIGHT_UPTURN_LEG + LEFT/RIGHT_45_DEG_END (+2 bends); frozen straight length kept as KNOWN_STRAIGHT_SEGMENT; COMPLETE_BAR = LOWER_BOUND,SHAPE_FOUND_LENGTH_BLOCKED,NONE,0.0,0.0,"[""FOCC-166C:BOTTOM_LONG:UPTURN_LEG_1"", ""FOCC-166C:BOTTOM_LONG:UPTURN_LEG_2"", ""FOCC-166C:BOTTOM_LONG:END_HOOK_1"", ""FOCC-166C:BOTTOM_LONG:END_HOOK_2"", ""FOCC-166C:BOTTOM_LONG:BEND_ARC_1"", ""FOCC-166C:BOTTOM_LONG:BEND_ARC_2""]",LOWER_BOUND,LOWER_BOUND,12,8,1460.0,"{""BEND_ARC"": ""SHAPE_FOUND_LENGTH_BLOCKED"", ""COMPLETE_BAR"": ""LOWER_BOUND"", ""END_HOOK_45"": ""SHAPE_FOUND_LENGTH_BLOCKED"", ""SHAPE"": ""SOURCE_FOUND_EXPLICIT (U with 45° ends)"", ""STRAIGHT_RUN"": ""KNOWN_STRAIGHT_SEGMENT"", ""UPTURN_LEG"": ""SHAPE_FOUND_LENGTH_BLOCKED""}","[""E-PDF-01""]","leg drawn (shares the bottom-run vertex) but its top endpoint is not bound to a dimensioned level: rule-B derivation from D, cover and bar levels fails (ENDPOINTS_DETERMINISTIC); no length by scale"
S4.1-D0185,PORTION_DECOMPOSITION,research/alsenan_footing_rebar_s4/S4_FREEZE_MANIFEST.json (e3633af+code:0d11810b780ae8f8),FOCC-166C:BOTTOM_LONG,FOCC-166C,F3,BOTTOM_LONG,FOOTING_BOTTOM_LONG,UPTURN_LEG_2,VERIFIED,0.0,ST7757.pdf p.13 'TYP. DETAIL OF ISOLATED FOOTING' (both variants),ST7757.pdf p.13,p13:S-REIN.D long_bar_U (SHALLOW + DEEP),GRAPHIC_EXPLICIT_SHAPE_ONLY,U BAR = STRAIGHT_RUN + LEFT/RIGHT_UPTURN_LEG + LEFT/RIGHT_45_DEG_END (+2 bends); frozen straight length kept as KNOWN_STRAIGHT_SEGMENT; COMPLETE_BAR = LOWER_BOUND,SHAPE_FOUND_LENGTH_BLOCKED,NONE,0.0,0.0,"[""FOCC-166C:BOTTOM_LONG:UPTURN_LEG_1"", ""FOCC-166C:BOTTOM_LONG:UPTURN_LEG_2"", ""FOCC-166C:BOTTOM_LONG:END_HOOK_1"", ""FOCC-166C:BOTTOM_LONG:END_HOOK_2"", ""FOCC-166C:BOTTOM_LONG:BEND_ARC_1"", ""FOCC-166C:BOTTOM_LONG:BEND_ARC_2""]",LOWER_BOUND,LOWER_BOUND,12,8,1460.0,"{""BEND_ARC"": ""SHAPE_FOUND_LENGTH_BLOCKED"", ""COMPLETE_BAR"": ""LOWER_BOUND"", ""END_HOOK_45"": ""SHAPE_FOUND_LENGTH_BLOCKED"", ""SHAPE"": ""SOURCE_FOUND_EXPLICIT (U with 45° ends)"", ""STRAIGHT_RUN"": ""KNOWN_STRAIGHT_SEGMENT"", ""UPTURN_LEG"": ""SHAPE_FOUND_LENGTH_BLOCKED""}","[""E-PDF-01""]","leg drawn (shares the bottom-run vertex) but its top endpoint is not bound to a dimensioned level: rule-B derivation from D, cover and bar levels fails (ENDPOINTS_DETERMINISTIC); no length by scale"
S4.1-D0186,PORTION_DECOMPOSITION,research/alsenan_footing_rebar_s4/S4_FREEZE_MANIFEST.json (e3633af+code:0d11810b780ae8f8),FOCC-166C:BOTTOM_LONG,FOCC-166C,F3,BOTTOM_LONG,FOOTING_BOTTOM_LONG,END_HOOK_1,VERIFIED,0.0,ST7757.pdf p.13 'TYP. DETAIL OF ISOLATED FOOTING' (both variants),ST7757.pdf p.13,p13:S-REIN.D long_bar_U (SHALLOW + DEEP),GRAPHIC_EXPLICIT_SHAPE_ONLY,U BAR = STRAIGHT_RUN + LEFT/RIGHT_UPTURN_LEG + LEFT/RIGHT_45_DEG_END (+2 bends); frozen straight length kept as KNOWN_STRAIGHT_SEGMENT; COMPLETE_BAR = LOWER_BOUND,SHAPE_FOUND_LENGTH_BLOCKED,NONE,0.0,0.0,"[""FOCC-166C:BOTTOM_LONG:UPTURN_LEG_1"", ""FOCC-166C:BOTTOM_LONG:UPTURN_LEG_2"", ""FOCC-166C:BOTTOM_LONG:END_HOOK_1"", ""FOCC-166C:BOTTOM_LONG:END_HOOK_2"", ""FOCC-166C:BOTTOM_LONG:BEND_ARC_1"", ""FOCC-166C:BOTTOM_LONG:BEND_ARC_2""]",LOWER_BOUND,LOWER_BOUND,12,8,1460.0,"{""BEND_ARC"": ""SHAPE_FOUND_LENGTH_BLOCKED"", ""COMPLETE_BAR"": ""LOWER_BOUND"", ""END_HOOK_45"": ""SHAPE_FOUND_LENGTH_BLOCKED"", ""SHAPE"": ""SOURCE_FOUND_EXPLICIT (U with 45° ends)"", ""STRAIGHT_RUN"": ""KNOWN_STRAIGHT_SEGMENT"", ""UPTURN_LEG"": ""SHAPE_FOUND_LENGTH_BLOCKED""}","[""E-PDF-01""]",45° end drawn at the leg top (SHAPE_FOUND); hook length not dimensioned or noted
S4.1-D0187,PORTION_DECOMPOSITION,research/alsenan_footing_rebar_s4/S4_FREEZE_MANIFEST.json (e3633af+code:0d11810b780ae8f8),FOCC-166C:BOTTOM_LONG,FOCC-166C,F3,BOTTOM_LONG,FOOTING_BOTTOM_LONG,END_HOOK_2,VERIFIED,0.0,ST7757.pdf p.13 'TYP. DETAIL OF ISOLATED FOOTING' (both variants),ST7757.pdf p.13,p13:S-REIN.D long_bar_U (SHALLOW + DEEP),GRAPHIC_EXPLICIT_SHAPE_ONLY,U BAR = STRAIGHT_RUN + LEFT/RIGHT_UPTURN_LEG + LEFT/RIGHT_45_DEG_END (+2 bends); frozen straight length kept as KNOWN_STRAIGHT_SEGMENT; COMPLETE_BAR = LOWER_BOUND,SHAPE_FOUND_LENGTH_BLOCKED,NONE,0.0,0.0,"[""FOCC-166C:BOTTOM_LONG:UPTURN_LEG_1"", ""FOCC-166C:BOTTOM_LONG:UPTURN_LEG_2"", ""FOCC-166C:BOTTOM_LONG:END_HOOK_1"", ""FOCC-166C:BOTTOM_LONG:END_HOOK_2"", ""FOCC-166C:BOTTOM_LONG:BEND_ARC_1"", ""FOCC-166C:BOTTOM_LONG:BEND_ARC_2""]",LOWER_BOUND,LOWER_BOUND,12,8,1460.0,"{""BEND_ARC"": ""SHAPE_FOUND_LENGTH_BLOCKED"", ""COMPLETE_BAR"": ""LOWER_BOUND"", ""END_HOOK_45"": ""SHAPE_FOUND_LENGTH_BLOCKED"", ""SHAPE"": ""SOURCE_FOUND_EXPLICIT (U with 45° ends)"", ""STRAIGHT_RUN"": ""KNOWN_STRAIGHT_SEGMENT"", ""UPTURN_LEG"": ""SHAPE_FOUND_LENGTH_BLOCKED""}","[""E-PDF-01""]",45° end drawn at the leg top (SHAPE_FOUND); hook length not dimensioned or noted
S4.1-D0188,PORTION_DECOMPOSITION,research/alsenan_footing_rebar_s4/S4_FREEZE_MANIFEST.json (e3633af+code:0d11810b780ae8f8),FOCC-166C:BOTTOM_LONG,FOCC-166C,F3,BOTTOM_LONG,FOOTING_BOTTOM_LONG,BEND_ARC_1,VERIFIED,0.0,ST7757.pdf p.13 'TYP. DETAIL OF ISOLATED FOOTING' (both variants),ST7757.pdf p.13,p13:S-REIN.D long_bar_U (SHALLOW + DEEP),GRAPHIC_EXPLICIT_SHAPE_ONLY,U BAR = STRAIGHT_RUN + LEFT/RIGHT_UPTURN_LEG + LEFT/RIGHT_45_DEG_END (+2 bends); frozen straight length kept as KNOWN_STRAIGHT_SEGMENT; COMPLETE_BAR = LOWER_BOUND,SHAPE_FOUND_LENGTH_BLOCKED,NONE,0.0,0.0,"[""FOCC-166C:BOTTOM_LONG:UPTURN_LEG_1"", ""FOCC-166C:BOTTOM_LONG:UPTURN_LEG_2"", ""FOCC-166C:BOTTOM_LONG:END_HOOK_1"", ""FOCC-166C:BOTTOM_LONG:END_HOOK_2"", ""FOCC-166C:BOTTOM_LONG:BEND_ARC_1"", ""FOCC-166C:BOTTOM_LONG:BEND_ARC_2""]",LOWER_BOUND,LOWER_BOUND,12,8,1460.0,"{""BEND_ARC"": ""SHAPE_FOUND_LENGTH_BLOCKED"", ""COMPLETE_BAR"": ""LOWER_BOUND"", ""END_HOOK_45"": ""SHAPE_FOUND_LENGTH_BLOCKED"", ""SHAPE"": ""SOURCE_FOUND_EXPLICIT (U with 45° ends)"", ""STRAIGHT_RUN"": ""KNOWN_STRAIGHT_SEGMENT"", ""UPTURN_LEG"": ""SHAPE_FOUND_LENGTH_BLOCKED""}","[""E-PDF-01""]",bend at the base / leg corner exists (shared vertex); bend radius not drawn or noted
S4.1-D0189,PORTION_DECOMPOSITION,research/alsenan_footing_rebar_s4/S4_FREEZE_MANIFEST.json (e3633af+code:0d11810b780ae8f8),FOCC-166C:BOTTOM_LONG,FOCC-166C,F3,BOTTOM_LONG,FOOTING_BOTTOM_LONG,BEND_ARC_2,VERIFIED,0.0,ST7757.pdf p.13 'TYP. DETAIL OF ISOLATED FOOTING' (both variants),ST7757.pdf p.13,p13:S-REIN.D long_bar_U (SHALLOW + DEEP),GRAPHIC_EXPLICIT_SHAPE_ONLY,U BAR = STRAIGHT_RUN + LEFT/RIGHT_UPTURN_LEG + LEFT/RIGHT_45_DEG_END (+2 bends); frozen straight length kept as KNOWN_STRAIGHT_SEGMENT; COMPLETE_BAR = LOWER_BOUND,SHAPE_FOUND_LENGTH_BLOCKED,NONE,0.0,0.0,"[""FOCC-166C:BOTTOM_LONG:UPTURN_LEG_1"", ""FOCC-166C:BOTTOM_LONG:UPTURN_LEG_2"", ""FOCC-166C:BOTTOM_LONG:END_HOOK_1"", ""FOCC-166C:BOTTOM_LONG:END_HOOK_2"", ""FOCC-166C:BOTTOM_LONG:BEND_ARC_1"", ""FOCC-166C:BOTTOM_LONG:BEND_ARC_2""]",LOWER_BOUND,LOWER_BOUND,12,8,1460.0,"{""BEND_ARC"": ""SHAPE_FOUND_LENGTH_BLOCKED"", ""COMPLETE_BAR"": ""LOWER_BOUND"", ""END_HOOK_45"": ""SHAPE_FOUND_LENGTH_BLOCKED"", ""SHAPE"": ""SOURCE_FOUND_EXPLICIT (U with 45° ends)"", ""STRAIGHT_RUN"": ""KNOWN_STRAIGHT_SEGMENT"", ""UPTURN_LEG"": ""SHAPE_FOUND_LENGTH_BLOCKED""}","[""E-PDF-01""]",bend at the base / leg corner exists (shared vertex); bend radius not drawn or noted
S4.1-D0190,SEMANTIC_CORRECTION,research/alsenan_footing_rebar_s4/S4_FREEZE_MANIFEST.json (e3633af+code:0d11810b780ae8f8),FOCC-166C:BOTTOM_SHORT,FOCC-166C,F3,BOTTOM_SHORT,FOOTING_BOTTOM_SHORT,STRAIGHT_RUN,VERIFIED,8.96,ST7757.pdf p.13 'TYP. DETAIL OF ISOLATED FOOTING' (both variants),ST7757.pdf p.13,p13:S-REIN.D dots in section,GRAPHIC_NTS_OR_UNDIMENSIONED,"STRAIGHT_RUN (frozen, KNOWN_STRAIGHT_SEGMENT) + END_TREATMENT_1/2 (not drawn); the long-bar U is NOT copied; COMPLETE_BAR = LOWER_BOUND",KNOWN_STRAIGHT_SEGMENT,FROZEN_SOURCE_QUANTITY,0.0,8.96,"[""FOCC-166C:BOTTOM_SHORT:END_TREATMENT_1"", ""FOCC-166C:BOTTOM_SHORT:END_TREATMENT_2""]",LOWER_BOUND,LOWER_BOUND,12,8,1260.0,"{""COMPLETE_BAR"": ""LOWER_BOUND"", ""END_TREATMENT"": ""BLOCKED_UNQUANTIFIED"", ""SHAPE"": ""NOT_DRAWN (dots in section only)"", ""STRAIGHT_RUN"": ""KNOWN_STRAIGHT_SEGMENT""}","[""E-PDF-01""]","frozen straight length stays valid known steel; the p.13 detail shows short bars only as dots, so 'straight' is not supported: VERIFIED -> KNOWN_STRAIGHT_SEGMENT, COMPLETE_BAR LOWER_BOUND"
S4.1-D0191,PORTION_DECOMPOSITION,research/alsenan_footing_rebar_s4/S4_FREEZE_MANIFEST.json (e3633af+code:0d11810b780ae8f8),FOCC-166C:BOTTOM_SHORT,FOCC-166C,F3,BOTTOM_SHORT,FOOTING_BOTTOM_SHORT,END_TREATMENT_1,VERIFIED,0.0,ST7757.pdf p.13 'TYP. DETAIL OF ISOLATED FOOTING' (both variants),ST7757.pdf p.13,p13:S-REIN.D dots in section,NO_GRAPHIC_EVIDENCE,"STRAIGHT_RUN (frozen, KNOWN_STRAIGHT_SEGMENT) + END_TREATMENT_1/2 (not drawn); the long-bar U is NOT copied; COMPLETE_BAR = LOWER_BOUND",BLOCKED_UNQUANTIFIED,NONE,0.0,0.0,"[""FOCC-166C:BOTTOM_SHORT:END_TREATMENT_1"", ""FOCC-166C:BOTTOM_SHORT:END_TREATMENT_2""]",LOWER_BOUND,LOWER_BOUND,12,8,1260.0,"{""COMPLETE_BAR"": ""LOWER_BOUND"", ""END_TREATMENT"": ""BLOCKED_UNQUANTIFIED"", ""SHAPE"": ""NOT_DRAWN (dots in section only)"", ""STRAIGHT_RUN"": ""KNOWN_STRAIGHT_SEGMENT""}","[""E-PDF-01""]",end shape not drawn anywhere in the set (S4-13); the long-bar U is not copied (brief §4)
S4.1-D0192,PORTION_DECOMPOSITION,research/alsenan_footing_rebar_s4/S4_FREEZE_MANIFEST.json (e3633af+code:0d11810b780ae8f8),FOCC-166C:BOTTOM_SHORT,FOCC-166C,F3,BOTTOM_SHORT,FOOTING_BOTTOM_SHORT,END_TREATMENT_2,VERIFIED,0.0,ST7757.pdf p.13 'TYP. DETAIL OF ISOLATED FOOTING' (both variants),ST7757.pdf p.13,p13:S-REIN.D dots in section,NO_GRAPHIC_EVIDENCE,"STRAIGHT_RUN (frozen, KNOWN_STRAIGHT_SEGMENT) + END_TREATMENT_1/2 (not drawn); the long-bar U is NOT copied; COMPLETE_BAR = LOWER_BOUND",BLOCKED_UNQUANTIFIED,NONE,0.0,0.0,"[""FOCC-166C:BOTTOM_SHORT:END_TREATMENT_1"", ""FOCC-166C:BOTTOM_SHORT:END_TREATMENT_2""]",LOWER_BOUND,LOWER_BOUND,12,8,1260.0,"{""COMPLETE_BAR"": ""LOWER_BOUND"", ""END_TREATMENT"": ""BLOCKED_UNQUANTIFIED"", ""SHAPE"": ""NOT_DRAWN (dots in section only)"", ""STRAIGHT_RUN"": ""KNOWN_STRAIGHT_SEGMENT""}","[""E-PDF-01""]",end shape not drawn anywhere in the set (S4-13); the long-bar U is not copied (brief §4)
S4.1-D0193,NO_CHANGE,research/alsenan_footing_rebar_s4/S4_FREEZE_MANIFEST.json (e3633af+code:0d11810b780ae8f8),FOCC-166C:TOP_LONG,FOCC-166C,F3,TOP_LONG,FOOTING_TOP_LONG,WHOLE_COMPONENT,NOT_APPLICABLE,0.0,,,,NO_GRAPHIC_EVIDENCE,unchanged (frozen NOT_APPLICABLE),,NONE,0.0,0.0,[],NOT_APPLICABLE,NOT_APPLICABLE,,,,{},[],frozen NOT_APPLICABLE carried
S4.1-D0194,NO_CHANGE,research/alsenan_footing_rebar_s4/S4_FREEZE_MANIFEST.json (e3633af+code:0d11810b780ae8f8),FOCC-166C:TOP_SHORT,FOCC-166C,F3,TOP_SHORT,FOOTING_TOP_SHORT,WHOLE_COMPONENT,NOT_APPLICABLE,0.0,,,,NO_GRAPHIC_EVIDENCE,unchanged (frozen NOT_APPLICABLE),,NONE,0.0,0.0,[],NOT_APPLICABLE,NOT_APPLICABLE,,,,{},[],frozen NOT_APPLICABLE carried
S4.1-D0195,FACET_ADDED,research/alsenan_footing_rebar_s4/S4_FREEZE_MANIFEST.json (e3633af+code:0d11810b780ae8f8),FOCC-166C:BOXED,FOCC-166C,F3,BOXED,BOXED_REBAR,WHOLE_COMPONENT,BLOCKED_UNQUANTIFIED,0.0,ST7757.pdf p.13 'TYP. DETAIL OF ISOLATED FOOTING' (both variants),ST7757.pdf p.13,p13:S-REIN.D boxed_inverted_U (SHALLOW + DEEP),GRAPHIC_EXPLICIT_SHAPE_ONLY,"BOXED = inverted U (shape recorded); quantity blocked: no external diameter, no reading of 3+n",SHAPE_FOUND_LENGTH_BLOCKED,NONE,0.0,0.0,"[""FOCC-166C:BOXED""]",BLOCKED_UNQUANTIFIED,BLOCKED_UNQUANTIFIED,,,,"{""BOXED_KG"": ""BLOCKED_UNQUANTIFIED"", ""COUNT"": ""BLOCKED (3+n unresolved)"", ""DIAMETER"": ""SOURCE_EXPECTED_NOT_LOCATED (S4-02)"", ""EXISTENCE"": ""SOURCE_FOUND_EXPLICIT (schedule cell '3+4')"", ""MEANING_OF_3_PLUS_N"": ""SOURCE_EXPECTED_NOT_LOCATED (S4-01)"", ""ORIENTATION"": ""SOURCE_EXPECTED_NOT_LOCATED (S4-04)"", ""SHAPE"": ""SOURCE_FOUND_EXPLICIT (inverted U, legs to the bottom-bar level, no hooks)""}","[""E-PDF-01"", ""E-DXF-01""]","shape facet found; count, diameter and orientation still not located"
S4.1-D0196,NO_CHANGE,research/alsenan_footing_rebar_s4/S4_FREEZE_MANIFEST.json (e3633af+code:0d11810b780ae8f8),FOCC-166C:STARTER_DOWEL_REFERENCE,FOCC-166C,F3,STARTER_DOWEL_REFERENCE,STARTER,WHOLE_COMPONENT,NOT_APPLICABLE,0.0,,,,NO_GRAPHIC_EVIDENCE,unchanged (frozen NOT_APPLICABLE),,NONE,0.0,0.0,[],NOT_APPLICABLE,NOT_APPLICABLE,,,,{},[],frozen NOT_APPLICABLE carried
S4.1-D0197,SEMANTIC_CORRECTION,research/alsenan_footing_rebar_s4/S4_FREEZE_MANIFEST.json (e3633af+code:0d11810b780ae8f8),FOCC-166D:BOTTOM_LONG,FOCC-166D,F5,BOTTOM_LONG,FOOTING_BOTTOM_LONG,STRAIGHT_RUN,VERIFIED,40.177778,ST7757.pdf p.13 'TYP. DETAIL OF ISOLATED FOOTING' (both variants),ST7757.pdf p.13,p13:S-REIN.D long_bar_U (SHALLOW + DEEP),GRAPHIC_EXPLICIT_SHAPE_ONLY,U BAR = STRAIGHT_RUN + LEFT/RIGHT_UPTURN_LEG + LEFT/RIGHT_45_DEG_END (+2 bends); frozen straight length kept as KNOWN_STRAIGHT_SEGMENT; COMPLETE_BAR = LOWER_BOUND,KNOWN_STRAIGHT_SEGMENT,FROZEN_SOURCE_QUANTITY,0.0,40.177778,"[""FOCC-166D:BOTTOM_LONG:UPTURN_LEG_1"", ""FOCC-166D:BOTTOM_LONG:UPTURN_LEG_2"", ""FOCC-166D:BOTTOM_LONG:END_HOOK_1"", ""FOCC-166D:BOTTOM_LONG:END_HOOK_2"", ""FOCC-166D:BOTTOM_LONG:BEND_ARC_1"", ""FOCC-166D:BOTTOM_LONG:BEND_ARC_2""]",LOWER_BOUND,LOWER_BOUND,12,20,2260.0,"{""BEND_ARC"": ""SHAPE_FOUND_LENGTH_BLOCKED"", ""COMPLETE_BAR"": ""LOWER_BOUND"", ""END_HOOK_45"": ""SHAPE_FOUND_LENGTH_BLOCKED"", ""SHAPE"": ""SOURCE_FOUND_EXPLICIT (U with 45° ends)"", ""STRAIGHT_RUN"": ""KNOWN_STRAIGHT_SEGMENT"", ""UPTURN_LEG"": ""SHAPE_FOUND_LENGTH_BLOCKED""}","[""E-PDF-01""]","frozen straight length (schedule span - 2 x 70 mm cover) stays valid known steel; the p.13 drawing shows this run as the base of a U, so the complete bar is longer: VERIFIED (complete straight bar) -> KNOWN_STRAIGHT_SEGMENT, COMPLETE_BAR LOWER_BOUND"
S4.1-D0198,PORTION_DECOMPOSITION,research/alsenan_footing_rebar_s4/S4_FREEZE_MANIFEST.json (e3633af+code:0d11810b780ae8f8),FOCC-166D:BOTTOM_LONG,FOCC-166D,F5,BOTTOM_LONG,FOOTING_BOTTOM_LONG,UPTURN_LEG_1,VERIFIED,0.0,ST7757.pdf p.13 'TYP. DETAIL OF ISOLATED FOOTING' (both variants),ST7757.pdf p.13,p13:S-REIN.D long_bar_U (SHALLOW + DEEP),GRAPHIC_EXPLICIT_SHAPE_ONLY,U BAR = STRAIGHT_RUN + LEFT/RIGHT_UPTURN_LEG + LEFT/RIGHT_45_DEG_END (+2 bends); frozen straight length kept as KNOWN_STRAIGHT_SEGMENT; COMPLETE_BAR = LOWER_BOUND,SHAPE_FOUND_LENGTH_BLOCKED,NONE,0.0,0.0,"[""FOCC-166D:BOTTOM_LONG:UPTURN_LEG_1"", ""FOCC-166D:BOTTOM_LONG:UPTURN_LEG_2"", ""FOCC-166D:BOTTOM_LONG:END_HOOK_1"", ""FOCC-166D:BOTTOM_LONG:END_HOOK_2"", ""FOCC-166D:BOTTOM_LONG:BEND_ARC_1"", ""FOCC-166D:BOTTOM_LONG:BEND_ARC_2""]",LOWER_BOUND,LOWER_BOUND,12,20,2260.0,"{""BEND_ARC"": ""SHAPE_FOUND_LENGTH_BLOCKED"", ""COMPLETE_BAR"": ""LOWER_BOUND"", ""END_HOOK_45"": ""SHAPE_FOUND_LENGTH_BLOCKED"", ""SHAPE"": ""SOURCE_FOUND_EXPLICIT (U with 45° ends)"", ""STRAIGHT_RUN"": ""KNOWN_STRAIGHT_SEGMENT"", ""UPTURN_LEG"": ""SHAPE_FOUND_LENGTH_BLOCKED""}","[""E-PDF-01""]","leg drawn (shares the bottom-run vertex) but its top endpoint is not bound to a dimensioned level: rule-B derivation from D, cover and bar levels fails (ENDPOINTS_DETERMINISTIC); no length by scale"
S4.1-D0199,PORTION_DECOMPOSITION,research/alsenan_footing_rebar_s4/S4_FREEZE_MANIFEST.json (e3633af+code:0d11810b780ae8f8),FOCC-166D:BOTTOM_LONG,FOCC-166D,F5,BOTTOM_LONG,FOOTING_BOTTOM_LONG,UPTURN_LEG_2,VERIFIED,0.0,ST7757.pdf p.13 'TYP. DETAIL OF ISOLATED FOOTING' (both variants),ST7757.pdf p.13,p13:S-REIN.D long_bar_U (SHALLOW + DEEP),GRAPHIC_EXPLICIT_SHAPE_ONLY,U BAR = STRAIGHT_RUN + LEFT/RIGHT_UPTURN_LEG + LEFT/RIGHT_45_DEG_END (+2 bends); frozen straight length kept as KNOWN_STRAIGHT_SEGMENT; COMPLETE_BAR = LOWER_BOUND,SHAPE_FOUND_LENGTH_BLOCKED,NONE,0.0,0.0,"[""FOCC-166D:BOTTOM_LONG:UPTURN_LEG_1"", ""FOCC-166D:BOTTOM_LONG:UPTURN_LEG_2"", ""FOCC-166D:BOTTOM_LONG:END_HOOK_1"", ""FOCC-166D:BOTTOM_LONG:END_HOOK_2"", ""FOCC-166D:BOTTOM_LONG:BEND_ARC_1"", ""FOCC-166D:BOTTOM_LONG:BEND_ARC_2""]",LOWER_BOUND,LOWER_BOUND,12,20,2260.0,"{""BEND_ARC"": ""SHAPE_FOUND_LENGTH_BLOCKED"", ""COMPLETE_BAR"": ""LOWER_BOUND"", ""END_HOOK_45"": ""SHAPE_FOUND_LENGTH_BLOCKED"", ""SHAPE"": ""SOURCE_FOUND_EXPLICIT (U with 45° ends)"", ""STRAIGHT_RUN"": ""KNOWN_STRAIGHT_SEGMENT"", ""UPTURN_LEG"": ""SHAPE_FOUND_LENGTH_BLOCKED""}","[""E-PDF-01""]","leg drawn (shares the bottom-run vertex) but its top endpoint is not bound to a dimensioned level: rule-B derivation from D, cover and bar levels fails (ENDPOINTS_DETERMINISTIC); no length by scale"
S4.1-D0200,PORTION_DECOMPOSITION,research/alsenan_footing_rebar_s4/S4_FREEZE_MANIFEST.json (e3633af+code:0d11810b780ae8f8),FOCC-166D:BOTTOM_LONG,FOCC-166D,F5,BOTTOM_LONG,FOOTING_BOTTOM_LONG,END_HOOK_1,VERIFIED,0.0,ST7757.pdf p.13 'TYP. DETAIL OF ISOLATED FOOTING' (both variants),ST7757.pdf p.13,p13:S-REIN.D long_bar_U (SHALLOW + DEEP),GRAPHIC_EXPLICIT_SHAPE_ONLY,U BAR = STRAIGHT_RUN + LEFT/RIGHT_UPTURN_LEG + LEFT/RIGHT_45_DEG_END (+2 bends); frozen straight length kept as KNOWN_STRAIGHT_SEGMENT; COMPLETE_BAR = LOWER_BOUND,SHAPE_FOUND_LENGTH_BLOCKED,NONE,0.0,0.0,"[""FOCC-166D:BOTTOM_LONG:UPTURN_LEG_1"", ""FOCC-166D:BOTTOM_LONG:UPTURN_LEG_2"", ""FOCC-166D:BOTTOM_LONG:END_HOOK_1"", ""FOCC-166D:BOTTOM_LONG:END_HOOK_2"", ""FOCC-166D:BOTTOM_LONG:BEND_ARC_1"", ""FOCC-166D:BOTTOM_LONG:BEND_ARC_2""]",LOWER_BOUND,LOWER_BOUND,12,20,2260.0,"{""BEND_ARC"": ""SHAPE_FOUND_LENGTH_BLOCKED"", ""COMPLETE_BAR"": ""LOWER_BOUND"", ""END_HOOK_45"": ""SHAPE_FOUND_LENGTH_BLOCKED"", ""SHAPE"": ""SOURCE_FOUND_EXPLICIT (U with 45° ends)"", ""STRAIGHT_RUN"": ""KNOWN_STRAIGHT_SEGMENT"", ""UPTURN_LEG"": ""SHAPE_FOUND_LENGTH_BLOCKED""}","[""E-PDF-01""]",45° end drawn at the leg top (SHAPE_FOUND); hook length not dimensioned or noted
S4.1-D0201,PORTION_DECOMPOSITION,research/alsenan_footing_rebar_s4/S4_FREEZE_MANIFEST.json (e3633af+code:0d11810b780ae8f8),FOCC-166D:BOTTOM_LONG,FOCC-166D,F5,BOTTOM_LONG,FOOTING_BOTTOM_LONG,END_HOOK_2,VERIFIED,0.0,ST7757.pdf p.13 'TYP. DETAIL OF ISOLATED FOOTING' (both variants),ST7757.pdf p.13,p13:S-REIN.D long_bar_U (SHALLOW + DEEP),GRAPHIC_EXPLICIT_SHAPE_ONLY,U BAR = STRAIGHT_RUN + LEFT/RIGHT_UPTURN_LEG + LEFT/RIGHT_45_DEG_END (+2 bends); frozen straight length kept as KNOWN_STRAIGHT_SEGMENT; COMPLETE_BAR = LOWER_BOUND,SHAPE_FOUND_LENGTH_BLOCKED,NONE,0.0,0.0,"[""FOCC-166D:BOTTOM_LONG:UPTURN_LEG_1"", ""FOCC-166D:BOTTOM_LONG:UPTURN_LEG_2"", ""FOCC-166D:BOTTOM_LONG:END_HOOK_1"", ""FOCC-166D:BOTTOM_LONG:END_HOOK_2"", ""FOCC-166D:BOTTOM_LONG:BEND_ARC_1"", ""FOCC-166D:BOTTOM_LONG:BEND_ARC_2""]",LOWER_BOUND,LOWER_BOUND,12,20,2260.0,"{""BEND_ARC"": ""SHAPE_FOUND_LENGTH_BLOCKED"", ""COMPLETE_BAR"": ""LOWER_BOUND"", ""END_HOOK_45"": ""SHAPE_FOUND_LENGTH_BLOCKED"", ""SHAPE"": ""SOURCE_FOUND_EXPLICIT (U with 45° ends)"", ""STRAIGHT_RUN"": ""KNOWN_STRAIGHT_SEGMENT"", ""UPTURN_LEG"": ""SHAPE_FOUND_LENGTH_BLOCKED""}","[""E-PDF-01""]",45° end drawn at the leg top (SHAPE_FOUND); hook length not dimensioned or noted
S4.1-D0202,PORTION_DECOMPOSITION,research/alsenan_footing_rebar_s4/S4_FREEZE_MANIFEST.json (e3633af+code:0d11810b780ae8f8),FOCC-166D:BOTTOM_LONG,FOCC-166D,F5,BOTTOM_LONG,FOOTING_BOTTOM_LONG,BEND_ARC_1,VERIFIED,0.0,ST7757.pdf p.13 'TYP. DETAIL OF ISOLATED FOOTING' (both variants),ST7757.pdf p.13,p13:S-REIN.D long_bar_U (SHALLOW + DEEP),GRAPHIC_EXPLICIT_SHAPE_ONLY,U BAR = STRAIGHT_RUN + LEFT/RIGHT_UPTURN_LEG + LEFT/RIGHT_45_DEG_END (+2 bends); frozen straight length kept as KNOWN_STRAIGHT_SEGMENT; COMPLETE_BAR = LOWER_BOUND,SHAPE_FOUND_LENGTH_BLOCKED,NONE,0.0,0.0,"[""FOCC-166D:BOTTOM_LONG:UPTURN_LEG_1"", ""FOCC-166D:BOTTOM_LONG:UPTURN_LEG_2"", ""FOCC-166D:BOTTOM_LONG:END_HOOK_1"", ""FOCC-166D:BOTTOM_LONG:END_HOOK_2"", ""FOCC-166D:BOTTOM_LONG:BEND_ARC_1"", ""FOCC-166D:BOTTOM_LONG:BEND_ARC_2""]",LOWER_BOUND,LOWER_BOUND,12,20,2260.0,"{""BEND_ARC"": ""SHAPE_FOUND_LENGTH_BLOCKED"", ""COMPLETE_BAR"": ""LOWER_BOUND"", ""END_HOOK_45"": ""SHAPE_FOUND_LENGTH_BLOCKED"", ""SHAPE"": ""SOURCE_FOUND_EXPLICIT (U with 45° ends)"", ""STRAIGHT_RUN"": ""KNOWN_STRAIGHT_SEGMENT"", ""UPTURN_LEG"": ""SHAPE_FOUND_LENGTH_BLOCKED""}","[""E-PDF-01""]",bend at the base / leg corner exists (shared vertex); bend radius not drawn or noted
S4.1-D0203,PORTION_DECOMPOSITION,research/alsenan_footing_rebar_s4/S4_FREEZE_MANIFEST.json (e3633af+code:0d11810b780ae8f8),FOCC-166D:BOTTOM_LONG,FOCC-166D,F5,BOTTOM_LONG,FOOTING_BOTTOM_LONG,BEND_ARC_2,VERIFIED,0.0,ST7757.pdf p.13 'TYP. DETAIL OF ISOLATED FOOTING' (both variants),ST7757.pdf p.13,p13:S-REIN.D long_bar_U (SHALLOW + DEEP),GRAPHIC_EXPLICIT_SHAPE_ONLY,U BAR = STRAIGHT_RUN + LEFT/RIGHT_UPTURN_LEG + LEFT/RIGHT_45_DEG_END (+2 bends); frozen straight length kept as KNOWN_STRAIGHT_SEGMENT; COMPLETE_BAR = LOWER_BOUND,SHAPE_FOUND_LENGTH_BLOCKED,NONE,0.0,0.0,"[""FOCC-166D:BOTTOM_LONG:UPTURN_LEG_1"", ""FOCC-166D:BOTTOM_LONG:UPTURN_LEG_2"", ""FOCC-166D:BOTTOM_LONG:END_HOOK_1"", ""FOCC-166D:BOTTOM_LONG:END_HOOK_2"", ""FOCC-166D:BOTTOM_LONG:BEND_ARC_1"", ""FOCC-166D:BOTTOM_LONG:BEND_ARC_2""]",LOWER_BOUND,LOWER_BOUND,12,20,2260.0,"{""BEND_ARC"": ""SHAPE_FOUND_LENGTH_BLOCKED"", ""COMPLETE_BAR"": ""LOWER_BOUND"", ""END_HOOK_45"": ""SHAPE_FOUND_LENGTH_BLOCKED"", ""SHAPE"": ""SOURCE_FOUND_EXPLICIT (U with 45° ends)"", ""STRAIGHT_RUN"": ""KNOWN_STRAIGHT_SEGMENT"", ""UPTURN_LEG"": ""SHAPE_FOUND_LENGTH_BLOCKED""}","[""E-PDF-01""]",bend at the base / leg corner exists (shared vertex); bend radius not drawn or noted
S4.1-D0204,SEMANTIC_CORRECTION,research/alsenan_footing_rebar_s4/S4_FREEZE_MANIFEST.json (e3633af+code:0d11810b780ae8f8),FOCC-166D:BOTTOM_SHORT,FOCC-166D,F5,BOTTOM_SHORT,FOOTING_BOTTOM_SHORT,STRAIGHT_RUN,VERIFIED,38.328889,ST7757.pdf p.13 'TYP. DETAIL OF ISOLATED FOOTING' (both variants),ST7757.pdf p.13,p13:S-REIN.D dots in section,GRAPHIC_NTS_OR_UNDIMENSIONED,"STRAIGHT_RUN (frozen, KNOWN_STRAIGHT_SEGMENT) + END_TREATMENT_1/2 (not drawn); the long-bar U is NOT copied; COMPLETE_BAR = LOWER_BOUND",KNOWN_STRAIGHT_SEGMENT,FROZEN_SOURCE_QUANTITY,0.0,38.328889,"[""FOCC-166D:BOTTOM_SHORT:END_TREATMENT_1"", ""FOCC-166D:BOTTOM_SHORT:END_TREATMENT_2""]",LOWER_BOUND,LOWER_BOUND,12,22,1960.0,"{""COMPLETE_BAR"": ""LOWER_BOUND"", ""END_TREATMENT"": ""BLOCKED_UNQUANTIFIED"", ""SHAPE"": ""NOT_DRAWN (dots in section only)"", ""STRAIGHT_RUN"": ""KNOWN_STRAIGHT_SEGMENT""}","[""E-PDF-01""]","frozen straight length stays valid known steel; the p.13 detail shows short bars only as dots, so 'straight' is not supported: VERIFIED -> KNOWN_STRAIGHT_SEGMENT, COMPLETE_BAR LOWER_BOUND"
S4.1-D0205,PORTION_DECOMPOSITION,research/alsenan_footing_rebar_s4/S4_FREEZE_MANIFEST.json (e3633af+code:0d11810b780ae8f8),FOCC-166D:BOTTOM_SHORT,FOCC-166D,F5,BOTTOM_SHORT,FOOTING_BOTTOM_SHORT,END_TREATMENT_1,VERIFIED,0.0,ST7757.pdf p.13 'TYP. DETAIL OF ISOLATED FOOTING' (both variants),ST7757.pdf p.13,p13:S-REIN.D dots in section,NO_GRAPHIC_EVIDENCE,"STRAIGHT_RUN (frozen, KNOWN_STRAIGHT_SEGMENT) + END_TREATMENT_1/2 (not drawn); the long-bar U is NOT copied; COMPLETE_BAR = LOWER_BOUND",BLOCKED_UNQUANTIFIED,NONE,0.0,0.0,"[""FOCC-166D:BOTTOM_SHORT:END_TREATMENT_1"", ""FOCC-166D:BOTTOM_SHORT:END_TREATMENT_2""]",LOWER_BOUND,LOWER_BOUND,12,22,1960.0,"{""COMPLETE_BAR"": ""LOWER_BOUND"", ""END_TREATMENT"": ""BLOCKED_UNQUANTIFIED"", ""SHAPE"": ""NOT_DRAWN (dots in section only)"", ""STRAIGHT_RUN"": ""KNOWN_STRAIGHT_SEGMENT""}","[""E-PDF-01""]",end shape not drawn anywhere in the set (S4-13); the long-bar U is not copied (brief §4)
S4.1-D0206,PORTION_DECOMPOSITION,research/alsenan_footing_rebar_s4/S4_FREEZE_MANIFEST.json (e3633af+code:0d11810b780ae8f8),FOCC-166D:BOTTOM_SHORT,FOCC-166D,F5,BOTTOM_SHORT,FOOTING_BOTTOM_SHORT,END_TREATMENT_2,VERIFIED,0.0,ST7757.pdf p.13 'TYP. DETAIL OF ISOLATED FOOTING' (both variants),ST7757.pdf p.13,p13:S-REIN.D dots in section,NO_GRAPHIC_EVIDENCE,"STRAIGHT_RUN (frozen, KNOWN_STRAIGHT_SEGMENT) + END_TREATMENT_1/2 (not drawn); the long-bar U is NOT copied; COMPLETE_BAR = LOWER_BOUND",BLOCKED_UNQUANTIFIED,NONE,0.0,0.0,"[""FOCC-166D:BOTTOM_SHORT:END_TREATMENT_1"", ""FOCC-166D:BOTTOM_SHORT:END_TREATMENT_2""]",LOWER_BOUND,LOWER_BOUND,12,22,1960.0,"{""COMPLETE_BAR"": ""LOWER_BOUND"", ""END_TREATMENT"": ""BLOCKED_UNQUANTIFIED"", ""SHAPE"": ""NOT_DRAWN (dots in section only)"", ""STRAIGHT_RUN"": ""KNOWN_STRAIGHT_SEGMENT""}","[""E-PDF-01""]",end shape not drawn anywhere in the set (S4-13); the long-bar U is not copied (brief §4)
S4.1-D0207,NO_CHANGE,research/alsenan_footing_rebar_s4/S4_FREEZE_MANIFEST.json (e3633af+code:0d11810b780ae8f8),FOCC-166D:TOP_LONG,FOCC-166D,F5,TOP_LONG,FOOTING_TOP_LONG,WHOLE_COMPONENT,NOT_APPLICABLE,0.0,,,,NO_GRAPHIC_EVIDENCE,unchanged (frozen NOT_APPLICABLE),,NONE,0.0,0.0,[],NOT_APPLICABLE,NOT_APPLICABLE,,,,{},[],frozen NOT_APPLICABLE carried
S4.1-D0208,NO_CHANGE,research/alsenan_footing_rebar_s4/S4_FREEZE_MANIFEST.json (e3633af+code:0d11810b780ae8f8),FOCC-166D:TOP_SHORT,FOCC-166D,F5,TOP_SHORT,FOOTING_TOP_SHORT,WHOLE_COMPONENT,NOT_APPLICABLE,0.0,,,,NO_GRAPHIC_EVIDENCE,unchanged (frozen NOT_APPLICABLE),,NONE,0.0,0.0,[],NOT_APPLICABLE,NOT_APPLICABLE,,,,{},[],frozen NOT_APPLICABLE carried
S4.1-D0209,FACET_ADDED,research/alsenan_footing_rebar_s4/S4_FREEZE_MANIFEST.json (e3633af+code:0d11810b780ae8f8),FOCC-166D:BOXED,FOCC-166D,F5,BOXED,BOXED_REBAR,WHOLE_COMPONENT,BLOCKED_UNQUANTIFIED,0.0,ST7757.pdf p.13 'TYP. DETAIL OF ISOLATED FOOTING' (both variants),ST7757.pdf p.13,p13:S-REIN.D boxed_inverted_U (SHALLOW + DEEP),GRAPHIC_EXPLICIT_SHAPE_ONLY,"BOXED = inverted U (shape recorded); quantity blocked: no external diameter, no reading of 3+n",SHAPE_FOUND_LENGTH_BLOCKED,NONE,0.0,0.0,"[""FOCC-166D:BOXED""]",BLOCKED_UNQUANTIFIED,BLOCKED_UNQUANTIFIED,,,,"{""BOXED_KG"": ""BLOCKED_UNQUANTIFIED"", ""COUNT"": ""BLOCKED (3+n unresolved)"", ""DIAMETER"": ""SOURCE_EXPECTED_NOT_LOCATED (S4-02)"", ""EXISTENCE"": ""SOURCE_FOUND_EXPLICIT (schedule cell '3+4')"", ""MEANING_OF_3_PLUS_N"": ""SOURCE_EXPECTED_NOT_LOCATED (S4-01)"", ""ORIENTATION"": ""SOURCE_EXPECTED_NOT_LOCATED (S4-04)"", ""SHAPE"": ""SOURCE_FOUND_EXPLICIT (inverted U, legs to the bottom-bar level, no hooks)""}","[""E-PDF-01"", ""E-DXF-01""]","shape facet found; count, diameter and orientation still not located"
S4.1-D0210,NO_CHANGE,research/alsenan_footing_rebar_s4/S4_FREEZE_MANIFEST.json (e3633af+code:0d11810b780ae8f8),FOCC-166D:STARTER_DOWEL_REFERENCE,FOCC-166D,F5,STARTER_DOWEL_REFERENCE,STARTER,WHOLE_COMPONENT,NOT_APPLICABLE,0.0,,,,NO_GRAPHIC_EVIDENCE,unchanged (frozen NOT_APPLICABLE),,NONE,0.0,0.0,[],NOT_APPLICABLE,NOT_APPLICABLE,,,,{},[],frozen NOT_APPLICABLE carried
S4.1-D0211,SEMANTIC_CORRECTION,research/alsenan_footing_rebar_s4/S4_FREEZE_MANIFEST.json (e3633af+code:0d11810b780ae8f8),FOCC-180C:BOTTOM_LONG,FOCC-180C,FN,BOTTOM_LONG,FOOTING_BOTTOM_LONG,STRAIGHT_RUN,VERIFIED,6.115556,ST7757.pdf p.13 'TYP. DETAIL OF ISOLATED FOOTING' (both variants),ST7757.pdf p.13,p13:S-REIN.D long_bar_U (SHALLOW + DEEP),GRAPHIC_EXPLICIT_SHAPE_ONLY,U BAR = STRAIGHT_RUN + LEFT/RIGHT_UPTURN_LEG + LEFT/RIGHT_45_DEG_END (+2 bends); frozen straight length kept as KNOWN_STRAIGHT_SEGMENT; COMPLETE_BAR = LOWER_BOUND,KNOWN_STRAIGHT_SEGMENT,FROZEN_SOURCE_QUANTITY,0.0,6.115556,"[""FOCC-180C:BOTTOM_LONG:UPTURN_LEG_1"", ""FOCC-180C:BOTTOM_LONG:UPTURN_LEG_2"", ""FOCC-180C:BOTTOM_LONG:END_HOOK_1"", ""FOCC-180C:BOTTOM_LONG:END_HOOK_2"", ""FOCC-180C:BOTTOM_LONG:BEND_ARC_1"", ""FOCC-180C:BOTTOM_LONG:BEND_ARC_2""]",LOWER_BOUND,LOWER_BOUND,12,8,860.0,"{""BEND_ARC"": ""SHAPE_FOUND_LENGTH_BLOCKED"", ""COMPLETE_BAR"": ""LOWER_BOUND"", ""END_HOOK_45"": ""SHAPE_FOUND_LENGTH_BLOCKED"", ""SHAPE"": ""SOURCE_FOUND_EXPLICIT (U with 45° ends)"", ""STRAIGHT_RUN"": ""KNOWN_STRAIGHT_SEGMENT"", ""UPTURN_LEG"": ""SHAPE_FOUND_LENGTH_BLOCKED""}","[""E-PDF-01""]","frozen straight length (schedule span - 2 x 70 mm cover) stays valid known steel; the p.13 drawing shows this run as the base of a U, so the complete bar is longer: VERIFIED (complete straight bar) -> KNOWN_STRAIGHT_SEGMENT, COMPLETE_BAR LOWER_BOUND"
S4.1-D0212,PORTION_DECOMPOSITION,research/alsenan_footing_rebar_s4/S4_FREEZE_MANIFEST.json (e3633af+code:0d11810b780ae8f8),FOCC-180C:BOTTOM_LONG,FOCC-180C,FN,BOTTOM_LONG,FOOTING_BOTTOM_LONG,UPTURN_LEG_1,VERIFIED,0.0,ST7757.pdf p.13 'TYP. DETAIL OF ISOLATED FOOTING' (both variants),ST7757.pdf p.13,p13:S-REIN.D long_bar_U (SHALLOW + DEEP),GRAPHIC_EXPLICIT_SHAPE_ONLY,U BAR = STRAIGHT_RUN + LEFT/RIGHT_UPTURN_LEG + LEFT/RIGHT_45_DEG_END (+2 bends); frozen straight length kept as KNOWN_STRAIGHT_SEGMENT; COMPLETE_BAR = LOWER_BOUND,SHAPE_FOUND_LENGTH_BLOCKED,NONE,0.0,0.0,"[""FOCC-180C:BOTTOM_LONG:UPTURN_LEG_1"", ""FOCC-180C:BOTTOM_LONG:UPTURN_LEG_2"", ""FOCC-180C:BOTTOM_LONG:END_HOOK_1"", ""FOCC-180C:BOTTOM_LONG:END_HOOK_2"", ""FOCC-180C:BOTTOM_LONG:BEND_ARC_1"", ""FOCC-180C:BOTTOM_LONG:BEND_ARC_2""]",LOWER_BOUND,LOWER_BOUND,12,8,860.0,"{""BEND_ARC"": ""SHAPE_FOUND_LENGTH_BLOCKED"", ""COMPLETE_BAR"": ""LOWER_BOUND"", ""END_HOOK_45"": ""SHAPE_FOUND_LENGTH_BLOCKED"", ""SHAPE"": ""SOURCE_FOUND_EXPLICIT (U with 45° ends)"", ""STRAIGHT_RUN"": ""KNOWN_STRAIGHT_SEGMENT"", ""UPTURN_LEG"": ""SHAPE_FOUND_LENGTH_BLOCKED""}","[""E-PDF-01""]","leg drawn (shares the bottom-run vertex) but its top endpoint is not bound to a dimensioned level: rule-B derivation from D, cover and bar levels fails (ENDPOINTS_DETERMINISTIC); no length by scale"
S4.1-D0213,PORTION_DECOMPOSITION,research/alsenan_footing_rebar_s4/S4_FREEZE_MANIFEST.json (e3633af+code:0d11810b780ae8f8),FOCC-180C:BOTTOM_LONG,FOCC-180C,FN,BOTTOM_LONG,FOOTING_BOTTOM_LONG,UPTURN_LEG_2,VERIFIED,0.0,ST7757.pdf p.13 'TYP. DETAIL OF ISOLATED FOOTING' (both variants),ST7757.pdf p.13,p13:S-REIN.D long_bar_U (SHALLOW + DEEP),GRAPHIC_EXPLICIT_SHAPE_ONLY,U BAR = STRAIGHT_RUN + LEFT/RIGHT_UPTURN_LEG + LEFT/RIGHT_45_DEG_END (+2 bends); frozen straight length kept as KNOWN_STRAIGHT_SEGMENT; COMPLETE_BAR = LOWER_BOUND,SHAPE_FOUND_LENGTH_BLOCKED,NONE,0.0,0.0,"[""FOCC-180C:BOTTOM_LONG:UPTURN_LEG_1"", ""FOCC-180C:BOTTOM_LONG:UPTURN_LEG_2"", ""FOCC-180C:BOTTOM_LONG:END_HOOK_1"", ""FOCC-180C:BOTTOM_LONG:END_HOOK_2"", ""FOCC-180C:BOTTOM_LONG:BEND_ARC_1"", ""FOCC-180C:BOTTOM_LONG:BEND_ARC_2""]",LOWER_BOUND,LOWER_BOUND,12,8,860.0,"{""BEND_ARC"": ""SHAPE_FOUND_LENGTH_BLOCKED"", ""COMPLETE_BAR"": ""LOWER_BOUND"", ""END_HOOK_45"": ""SHAPE_FOUND_LENGTH_BLOCKED"", ""SHAPE"": ""SOURCE_FOUND_EXPLICIT (U with 45° ends)"", ""STRAIGHT_RUN"": ""KNOWN_STRAIGHT_SEGMENT"", ""UPTURN_LEG"": ""SHAPE_FOUND_LENGTH_BLOCKED""}","[""E-PDF-01""]","leg drawn (shares the bottom-run vertex) but its top endpoint is not bound to a dimensioned level: rule-B derivation from D, cover and bar levels fails (ENDPOINTS_DETERMINISTIC); no length by scale"
S4.1-D0214,PORTION_DECOMPOSITION,research/alsenan_footing_rebar_s4/S4_FREEZE_MANIFEST.json (e3633af+code:0d11810b780ae8f8),FOCC-180C:BOTTOM_LONG,FOCC-180C,FN,BOTTOM_LONG,FOOTING_BOTTOM_LONG,END_HOOK_1,VERIFIED,0.0,ST7757.pdf p.13 'TYP. DETAIL OF ISOLATED FOOTING' (both variants),ST7757.pdf p.13,p13:S-REIN.D long_bar_U (SHALLOW + DEEP),GRAPHIC_EXPLICIT_SHAPE_ONLY,U BAR = STRAIGHT_RUN + LEFT/RIGHT_UPTURN_LEG + LEFT/RIGHT_45_DEG_END (+2 bends); frozen straight length kept as KNOWN_STRAIGHT_SEGMENT; COMPLETE_BAR = LOWER_BOUND,SHAPE_FOUND_LENGTH_BLOCKED,NONE,0.0,0.0,"[""FOCC-180C:BOTTOM_LONG:UPTURN_LEG_1"", ""FOCC-180C:BOTTOM_LONG:UPTURN_LEG_2"", ""FOCC-180C:BOTTOM_LONG:END_HOOK_1"", ""FOCC-180C:BOTTOM_LONG:END_HOOK_2"", ""FOCC-180C:BOTTOM_LONG:BEND_ARC_1"", ""FOCC-180C:BOTTOM_LONG:BEND_ARC_2""]",LOWER_BOUND,LOWER_BOUND,12,8,860.0,"{""BEND_ARC"": ""SHAPE_FOUND_LENGTH_BLOCKED"", ""COMPLETE_BAR"": ""LOWER_BOUND"", ""END_HOOK_45"": ""SHAPE_FOUND_LENGTH_BLOCKED"", ""SHAPE"": ""SOURCE_FOUND_EXPLICIT (U with 45° ends)"", ""STRAIGHT_RUN"": ""KNOWN_STRAIGHT_SEGMENT"", ""UPTURN_LEG"": ""SHAPE_FOUND_LENGTH_BLOCKED""}","[""E-PDF-01""]",45° end drawn at the leg top (SHAPE_FOUND); hook length not dimensioned or noted
S4.1-D0215,PORTION_DECOMPOSITION,research/alsenan_footing_rebar_s4/S4_FREEZE_MANIFEST.json (e3633af+code:0d11810b780ae8f8),FOCC-180C:BOTTOM_LONG,FOCC-180C,FN,BOTTOM_LONG,FOOTING_BOTTOM_LONG,END_HOOK_2,VERIFIED,0.0,ST7757.pdf p.13 'TYP. DETAIL OF ISOLATED FOOTING' (both variants),ST7757.pdf p.13,p13:S-REIN.D long_bar_U (SHALLOW + DEEP),GRAPHIC_EXPLICIT_SHAPE_ONLY,U BAR = STRAIGHT_RUN + LEFT/RIGHT_UPTURN_LEG + LEFT/RIGHT_45_DEG_END (+2 bends); frozen straight length kept as KNOWN_STRAIGHT_SEGMENT; COMPLETE_BAR = LOWER_BOUND,SHAPE_FOUND_LENGTH_BLOCKED,NONE,0.0,0.0,"[""FOCC-180C:BOTTOM_LONG:UPTURN_LEG_1"", ""FOCC-180C:BOTTOM_LONG:UPTURN_LEG_2"", ""FOCC-180C:BOTTOM_LONG:END_HOOK_1"", ""FOCC-180C:BOTTOM_LONG:END_HOOK_2"", ""FOCC-180C:BOTTOM_LONG:BEND_ARC_1"", ""FOCC-180C:BOTTOM_LONG:BEND_ARC_2""]",LOWER_BOUND,LOWER_BOUND,12,8,860.0,"{""BEND_ARC"": ""SHAPE_FOUND_LENGTH_BLOCKED"", ""COMPLETE_BAR"": ""LOWER_BOUND"", ""END_HOOK_45"": ""SHAPE_FOUND_LENGTH_BLOCKED"", ""SHAPE"": ""SOURCE_FOUND_EXPLICIT (U with 45° ends)"", ""STRAIGHT_RUN"": ""KNOWN_STRAIGHT_SEGMENT"", ""UPTURN_LEG"": ""SHAPE_FOUND_LENGTH_BLOCKED""}","[""E-PDF-01""]",45° end drawn at the leg top (SHAPE_FOUND); hook length not dimensioned or noted
S4.1-D0216,PORTION_DECOMPOSITION,research/alsenan_footing_rebar_s4/S4_FREEZE_MANIFEST.json (e3633af+code:0d11810b780ae8f8),FOCC-180C:BOTTOM_LONG,FOCC-180C,FN,BOTTOM_LONG,FOOTING_BOTTOM_LONG,BEND_ARC_1,VERIFIED,0.0,ST7757.pdf p.13 'TYP. DETAIL OF ISOLATED FOOTING' (both variants),ST7757.pdf p.13,p13:S-REIN.D long_bar_U (SHALLOW + DEEP),GRAPHIC_EXPLICIT_SHAPE_ONLY,U BAR = STRAIGHT_RUN + LEFT/RIGHT_UPTURN_LEG + LEFT/RIGHT_45_DEG_END (+2 bends); frozen straight length kept as KNOWN_STRAIGHT_SEGMENT; COMPLETE_BAR = LOWER_BOUND,SHAPE_FOUND_LENGTH_BLOCKED,NONE,0.0,0.0,"[""FOCC-180C:BOTTOM_LONG:UPTURN_LEG_1"", ""FOCC-180C:BOTTOM_LONG:UPTURN_LEG_2"", ""FOCC-180C:BOTTOM_LONG:END_HOOK_1"", ""FOCC-180C:BOTTOM_LONG:END_HOOK_2"", ""FOCC-180C:BOTTOM_LONG:BEND_ARC_1"", ""FOCC-180C:BOTTOM_LONG:BEND_ARC_2""]",LOWER_BOUND,LOWER_BOUND,12,8,860.0,"{""BEND_ARC"": ""SHAPE_FOUND_LENGTH_BLOCKED"", ""COMPLETE_BAR"": ""LOWER_BOUND"", ""END_HOOK_45"": ""SHAPE_FOUND_LENGTH_BLOCKED"", ""SHAPE"": ""SOURCE_FOUND_EXPLICIT (U with 45° ends)"", ""STRAIGHT_RUN"": ""KNOWN_STRAIGHT_SEGMENT"", ""UPTURN_LEG"": ""SHAPE_FOUND_LENGTH_BLOCKED""}","[""E-PDF-01""]",bend at the base / leg corner exists (shared vertex); bend radius not drawn or noted
S4.1-D0217,PORTION_DECOMPOSITION,research/alsenan_footing_rebar_s4/S4_FREEZE_MANIFEST.json (e3633af+code:0d11810b780ae8f8),FOCC-180C:BOTTOM_LONG,FOCC-180C,FN,BOTTOM_LONG,FOOTING_BOTTOM_LONG,BEND_ARC_2,VERIFIED,0.0,ST7757.pdf p.13 'TYP. DETAIL OF ISOLATED FOOTING' (both variants),ST7757.pdf p.13,p13:S-REIN.D long_bar_U (SHALLOW + DEEP),GRAPHIC_EXPLICIT_SHAPE_ONLY,U BAR = STRAIGHT_RUN + LEFT/RIGHT_UPTURN_LEG + LEFT/RIGHT_45_DEG_END (+2 bends); frozen straight length kept as KNOWN_STRAIGHT_SEGMENT; COMPLETE_BAR = LOWER_BOUND,SHAPE_FOUND_LENGTH_BLOCKED,NONE,0.0,0.0,"[""FOCC-180C:BOTTOM_LONG:UPTURN_LEG_1"", ""FOCC-180C:BOTTOM_LONG:UPTURN_LEG_2"", ""FOCC-180C:BOTTOM_LONG:END_HOOK_1"", ""FOCC-180C:BOTTOM_LONG:END_HOOK_2"", ""FOCC-180C:BOTTOM_LONG:BEND_ARC_1"", ""FOCC-180C:BOTTOM_LONG:BEND_ARC_2""]",LOWER_BOUND,LOWER_BOUND,12,8,860.0,"{""BEND_ARC"": ""SHAPE_FOUND_LENGTH_BLOCKED"", ""COMPLETE_BAR"": ""LOWER_BOUND"", ""END_HOOK_45"": ""SHAPE_FOUND_LENGTH_BLOCKED"", ""SHAPE"": ""SOURCE_FOUND_EXPLICIT (U with 45° ends)"", ""STRAIGHT_RUN"": ""KNOWN_STRAIGHT_SEGMENT"", ""UPTURN_LEG"": ""SHAPE_FOUND_LENGTH_BLOCKED""}","[""E-PDF-01""]",bend at the base / leg corner exists (shared vertex); bend radius not drawn or noted
S4.1-D0218,SEMANTIC_CORRECTION,research/alsenan_footing_rebar_s4/S4_FREEZE_MANIFEST.json (e3633af+code:0d11810b780ae8f8),FOCC-180C:BOTTOM_SHORT,FOCC-180C,FN,BOTTOM_SHORT,FOOTING_BOTTOM_SHORT,STRAIGHT_RUN,VERIFIED,6.115556,ST7757.pdf p.13 'TYP. DETAIL OF ISOLATED FOOTING' (both variants),ST7757.pdf p.13,p13:S-REIN.D dots in section,GRAPHIC_NTS_OR_UNDIMENSIONED,"STRAIGHT_RUN (frozen, KNOWN_STRAIGHT_SEGMENT) + END_TREATMENT_1/2 (not drawn); the long-bar U is NOT copied; COMPLETE_BAR = LOWER_BOUND",KNOWN_STRAIGHT_SEGMENT,FROZEN_SOURCE_QUANTITY,0.0,6.115556,"[""FOCC-180C:BOTTOM_SHORT:END_TREATMENT_1"", ""FOCC-180C:BOTTOM_SHORT:END_TREATMENT_2""]",LOWER_BOUND,LOWER_BOUND,12,8,860.0,"{""COMPLETE_BAR"": ""LOWER_BOUND"", ""END_TREATMENT"": ""BLOCKED_UNQUANTIFIED"", ""SHAPE"": ""NOT_DRAWN (dots in section only)"", ""STRAIGHT_RUN"": ""KNOWN_STRAIGHT_SEGMENT""}","[""E-PDF-01""]","frozen straight length stays valid known steel; the p.13 detail shows short bars only as dots, so 'straight' is not supported: VERIFIED -> KNOWN_STRAIGHT_SEGMENT, COMPLETE_BAR LOWER_BOUND"
S4.1-D0219,PORTION_DECOMPOSITION,research/alsenan_footing_rebar_s4/S4_FREEZE_MANIFEST.json (e3633af+code:0d11810b780ae8f8),FOCC-180C:BOTTOM_SHORT,FOCC-180C,FN,BOTTOM_SHORT,FOOTING_BOTTOM_SHORT,END_TREATMENT_1,VERIFIED,0.0,ST7757.pdf p.13 'TYP. DETAIL OF ISOLATED FOOTING' (both variants),ST7757.pdf p.13,p13:S-REIN.D dots in section,NO_GRAPHIC_EVIDENCE,"STRAIGHT_RUN (frozen, KNOWN_STRAIGHT_SEGMENT) + END_TREATMENT_1/2 (not drawn); the long-bar U is NOT copied; COMPLETE_BAR = LOWER_BOUND",BLOCKED_UNQUANTIFIED,NONE,0.0,0.0,"[""FOCC-180C:BOTTOM_SHORT:END_TREATMENT_1"", ""FOCC-180C:BOTTOM_SHORT:END_TREATMENT_2""]",LOWER_BOUND,LOWER_BOUND,12,8,860.0,"{""COMPLETE_BAR"": ""LOWER_BOUND"", ""END_TREATMENT"": ""BLOCKED_UNQUANTIFIED"", ""SHAPE"": ""NOT_DRAWN (dots in section only)"", ""STRAIGHT_RUN"": ""KNOWN_STRAIGHT_SEGMENT""}","[""E-PDF-01""]",end shape not drawn anywhere in the set (S4-13); the long-bar U is not copied (brief §4)
S4.1-D0220,PORTION_DECOMPOSITION,research/alsenan_footing_rebar_s4/S4_FREEZE_MANIFEST.json (e3633af+code:0d11810b780ae8f8),FOCC-180C:BOTTOM_SHORT,FOCC-180C,FN,BOTTOM_SHORT,FOOTING_BOTTOM_SHORT,END_TREATMENT_2,VERIFIED,0.0,ST7757.pdf p.13 'TYP. DETAIL OF ISOLATED FOOTING' (both variants),ST7757.pdf p.13,p13:S-REIN.D dots in section,NO_GRAPHIC_EVIDENCE,"STRAIGHT_RUN (frozen, KNOWN_STRAIGHT_SEGMENT) + END_TREATMENT_1/2 (not drawn); the long-bar U is NOT copied; COMPLETE_BAR = LOWER_BOUND",BLOCKED_UNQUANTIFIED,NONE,0.0,0.0,"[""FOCC-180C:BOTTOM_SHORT:END_TREATMENT_1"", ""FOCC-180C:BOTTOM_SHORT:END_TREATMENT_2""]",LOWER_BOUND,LOWER_BOUND,12,8,860.0,"{""COMPLETE_BAR"": ""LOWER_BOUND"", ""END_TREATMENT"": ""BLOCKED_UNQUANTIFIED"", ""SHAPE"": ""NOT_DRAWN (dots in section only)"", ""STRAIGHT_RUN"": ""KNOWN_STRAIGHT_SEGMENT""}","[""E-PDF-01""]",end shape not drawn anywhere in the set (S4-13); the long-bar U is not copied (brief §4)
S4.1-D0221,NO_CHANGE,research/alsenan_footing_rebar_s4/S4_FREEZE_MANIFEST.json (e3633af+code:0d11810b780ae8f8),FOCC-180C:TOP_LONG,FOCC-180C,FN,TOP_LONG,FOOTING_TOP_LONG,WHOLE_COMPONENT,NOT_APPLICABLE,0.0,,,,NO_GRAPHIC_EVIDENCE,unchanged (frozen NOT_APPLICABLE),,NONE,0.0,0.0,[],NOT_APPLICABLE,NOT_APPLICABLE,,,,{},[],frozen NOT_APPLICABLE carried
S4.1-D0222,NO_CHANGE,research/alsenan_footing_rebar_s4/S4_FREEZE_MANIFEST.json (e3633af+code:0d11810b780ae8f8),FOCC-180C:TOP_SHORT,FOCC-180C,FN,TOP_SHORT,FOOTING_TOP_SHORT,WHOLE_COMPONENT,NOT_APPLICABLE,0.0,,,,NO_GRAPHIC_EVIDENCE,unchanged (frozen NOT_APPLICABLE),,NONE,0.0,0.0,[],NOT_APPLICABLE,NOT_APPLICABLE,,,,{},[],frozen NOT_APPLICABLE carried
S4.1-D0223,FACET_ADDED,research/alsenan_footing_rebar_s4/S4_FREEZE_MANIFEST.json (e3633af+code:0d11810b780ae8f8),FOCC-180C:BOXED,FOCC-180C,FN,BOXED,BOXED_REBAR,WHOLE_COMPONENT,BLOCKED_UNQUANTIFIED,0.0,ST7757.pdf p.13 'TYP. DETAIL OF ISOLATED FOOTING' (both variants),ST7757.pdf p.13,p13:S-REIN.D boxed_inverted_U (SHALLOW + DEEP),GRAPHIC_EXPLICIT_SHAPE_ONLY,"BOXED = inverted U (shape recorded); quantity blocked: no external diameter, no reading of 3+n",SHAPE_FOUND_LENGTH_BLOCKED,NONE,0.0,0.0,"[""FOCC-180C:BOXED""]",BLOCKED_UNQUANTIFIED,BLOCKED_UNQUANTIFIED,,,,"{""BOXED_KG"": ""BLOCKED_UNQUANTIFIED"", ""COUNT"": ""BLOCKED (3+n unresolved)"", ""DIAMETER"": ""SOURCE_EXPECTED_NOT_LOCATED (S4-02)"", ""EXISTENCE"": ""SOURCE_EXPECTED_NOT_LOCATED (FN cell blank, S4-05)"", ""MEANING_OF_3_PLUS_N"": ""SOURCE_EXPECTED_NOT_LOCATED (S4-01)"", ""ORIENTATION"": ""SOURCE_EXPECTED_NOT_LOCATED (S4-04)"", ""SHAPE"": ""SOURCE_FOUND_EXPLICIT (inverted U, legs to the bottom-bar level, no hooks)""}","[""E-PDF-01"", ""E-DXF-01""]","shape facet found; count, diameter and orientation still not located"
S4.1-D0224,NO_CHANGE,research/alsenan_footing_rebar_s4/S4_FREEZE_MANIFEST.json (e3633af+code:0d11810b780ae8f8),FOCC-180C:STARTER_DOWEL_REFERENCE,FOCC-180C,FN,STARTER_DOWEL_REFERENCE,STARTER,WHOLE_COMPONENT,NOT_APPLICABLE,0.0,,,,NO_GRAPHIC_EVIDENCE,unchanged (frozen NOT_APPLICABLE),,NONE,0.0,0.0,[],NOT_APPLICABLE,NOT_APPLICABLE,,,,{},[],frozen NOT_APPLICABLE carried
S4.1-D0225,SEMANTIC_CORRECTION,research/alsenan_footing_rebar_s4/S4_FREEZE_MANIFEST.json (e3633af+code:0d11810b780ae8f8),FOCC-180F:BOTTOM_LONG,FOCC-180F,F9,BOTTOM_LONG,FOOTING_BOTTOM_LONG,STRAIGHT_RUN,VERIFIED,94.660741,ST7757.pdf p.13 'TYP. DETAIL OF ISOLATED FOOTING' (both variants),ST7757.pdf p.13,p13:S-REIN.D long_bar_U (SHALLOW + DEEP),GRAPHIC_EXPLICIT_SHAPE_ONLY,U BAR = STRAIGHT_RUN + LEFT/RIGHT_UPTURN_LEG + LEFT/RIGHT_45_DEG_END (+2 bends); frozen straight length kept as KNOWN_STRAIGHT_SEGMENT; COMPLETE_BAR = LOWER_BOUND,KNOWN_STRAIGHT_SEGMENT,FROZEN_SOURCE_QUANTITY,0.0,94.660741,"[""FOCC-180F:BOTTOM_LONG:UPTURN_LEG_1"", ""FOCC-180F:BOTTOM_LONG:UPTURN_LEG_2"", ""FOCC-180F:BOTTOM_LONG:END_HOOK_1"", ""FOCC-180F:BOTTOM_LONG:END_HOOK_2"", ""FOCC-180F:BOTTOM_LONG:BEND_ARC_1"", ""FOCC-180F:BOTTOM_LONG:BEND_ARC_2""]",LOWER_BOUND,LOWER_BOUND,14,24,3260.0,"{""BEND_ARC"": ""SHAPE_FOUND_LENGTH_BLOCKED"", ""COMPLETE_BAR"": ""LOWER_BOUND"", ""END_HOOK_45"": ""SHAPE_FOUND_LENGTH_BLOCKED"", ""SHAPE"": ""SOURCE_FOUND_EXPLICIT (U with 45° ends)"", ""STRAIGHT_RUN"": ""KNOWN_STRAIGHT_SEGMENT"", ""UPTURN_LEG"": ""SHAPE_FOUND_LENGTH_BLOCKED""}","[""E-PDF-01""]","frozen straight length (schedule span - 2 x 70 mm cover) stays valid known steel; the p.13 drawing shows this run as the base of a U, so the complete bar is longer: VERIFIED (complete straight bar) -> KNOWN_STRAIGHT_SEGMENT, COMPLETE_BAR LOWER_BOUND"
S4.1-D0226,PORTION_DECOMPOSITION,research/alsenan_footing_rebar_s4/S4_FREEZE_MANIFEST.json (e3633af+code:0d11810b780ae8f8),FOCC-180F:BOTTOM_LONG,FOCC-180F,F9,BOTTOM_LONG,FOOTING_BOTTOM_LONG,UPTURN_LEG_1,VERIFIED,0.0,ST7757.pdf p.13 'TYP. DETAIL OF ISOLATED FOOTING' (both variants),ST7757.pdf p.13,p13:S-REIN.D long_bar_U (SHALLOW + DEEP),GRAPHIC_EXPLICIT_SHAPE_ONLY,U BAR = STRAIGHT_RUN + LEFT/RIGHT_UPTURN_LEG + LEFT/RIGHT_45_DEG_END (+2 bends); frozen straight length kept as KNOWN_STRAIGHT_SEGMENT; COMPLETE_BAR = LOWER_BOUND,SHAPE_FOUND_LENGTH_BLOCKED,NONE,0.0,0.0,"[""FOCC-180F:BOTTOM_LONG:UPTURN_LEG_1"", ""FOCC-180F:BOTTOM_LONG:UPTURN_LEG_2"", ""FOCC-180F:BOTTOM_LONG:END_HOOK_1"", ""FOCC-180F:BOTTOM_LONG:END_HOOK_2"", ""FOCC-180F:BOTTOM_LONG:BEND_ARC_1"", ""FOCC-180F:BOTTOM_LONG:BEND_ARC_2""]",LOWER_BOUND,LOWER_BOUND,14,24,3260.0,"{""BEND_ARC"": ""SHAPE_FOUND_LENGTH_BLOCKED"", ""COMPLETE_BAR"": ""LOWER_BOUND"", ""END_HOOK_45"": ""SHAPE_FOUND_LENGTH_BLOCKED"", ""SHAPE"": ""SOURCE_FOUND_EXPLICIT (U with 45° ends)"", ""STRAIGHT_RUN"": ""KNOWN_STRAIGHT_SEGMENT"", ""UPTURN_LEG"": ""SHAPE_FOUND_LENGTH_BLOCKED""}","[""E-PDF-01""]","leg drawn (shares the bottom-run vertex) but its top endpoint is not bound to a dimensioned level: rule-B derivation from D, cover and bar levels fails (ENDPOINTS_DETERMINISTIC); no length by scale"
S4.1-D0227,PORTION_DECOMPOSITION,research/alsenan_footing_rebar_s4/S4_FREEZE_MANIFEST.json (e3633af+code:0d11810b780ae8f8),FOCC-180F:BOTTOM_LONG,FOCC-180F,F9,BOTTOM_LONG,FOOTING_BOTTOM_LONG,UPTURN_LEG_2,VERIFIED,0.0,ST7757.pdf p.13 'TYP. DETAIL OF ISOLATED FOOTING' (both variants),ST7757.pdf p.13,p13:S-REIN.D long_bar_U (SHALLOW + DEEP),GRAPHIC_EXPLICIT_SHAPE_ONLY,U BAR = STRAIGHT_RUN + LEFT/RIGHT_UPTURN_LEG + LEFT/RIGHT_45_DEG_END (+2 bends); frozen straight length kept as KNOWN_STRAIGHT_SEGMENT; COMPLETE_BAR = LOWER_BOUND,SHAPE_FOUND_LENGTH_BLOCKED,NONE,0.0,0.0,"[""FOCC-180F:BOTTOM_LONG:UPTURN_LEG_1"", ""FOCC-180F:BOTTOM_LONG:UPTURN_LEG_2"", ""FOCC-180F:BOTTOM_LONG:END_HOOK_1"", ""FOCC-180F:BOTTOM_LONG:END_HOOK_2"", ""FOCC-180F:BOTTOM_LONG:BEND_ARC_1"", ""FOCC-180F:BOTTOM_LONG:BEND_ARC_2""]",LOWER_BOUND,LOWER_BOUND,14,24,3260.0,"{""BEND_ARC"": ""SHAPE_FOUND_LENGTH_BLOCKED"", ""COMPLETE_BAR"": ""LOWER_BOUND"", ""END_HOOK_45"": ""SHAPE_FOUND_LENGTH_BLOCKED"", ""SHAPE"": ""SOURCE_FOUND_EXPLICIT (U with 45° ends)"", ""STRAIGHT_RUN"": ""KNOWN_STRAIGHT_SEGMENT"", ""UPTURN_LEG"": ""SHAPE_FOUND_LENGTH_BLOCKED""}","[""E-PDF-01""]","leg drawn (shares the bottom-run vertex) but its top endpoint is not bound to a dimensioned level: rule-B derivation from D, cover and bar levels fails (ENDPOINTS_DETERMINISTIC); no length by scale"
S4.1-D0228,PORTION_DECOMPOSITION,research/alsenan_footing_rebar_s4/S4_FREEZE_MANIFEST.json (e3633af+code:0d11810b780ae8f8),FOCC-180F:BOTTOM_LONG,FOCC-180F,F9,BOTTOM_LONG,FOOTING_BOTTOM_LONG,END_HOOK_1,VERIFIED,0.0,ST7757.pdf p.13 'TYP. DETAIL OF ISOLATED FOOTING' (both variants),ST7757.pdf p.13,p13:S-REIN.D long_bar_U (SHALLOW + DEEP),GRAPHIC_EXPLICIT_SHAPE_ONLY,U BAR = STRAIGHT_RUN + LEFT/RIGHT_UPTURN_LEG + LEFT/RIGHT_45_DEG_END (+2 bends); frozen straight length kept as KNOWN_STRAIGHT_SEGMENT; COMPLETE_BAR = LOWER_BOUND,SHAPE_FOUND_LENGTH_BLOCKED,NONE,0.0,0.0,"[""FOCC-180F:BOTTOM_LONG:UPTURN_LEG_1"", ""FOCC-180F:BOTTOM_LONG:UPTURN_LEG_2"", ""FOCC-180F:BOTTOM_LONG:END_HOOK_1"", ""FOCC-180F:BOTTOM_LONG:END_HOOK_2"", ""FOCC-180F:BOTTOM_LONG:BEND_ARC_1"", ""FOCC-180F:BOTTOM_LONG:BEND_ARC_2""]",LOWER_BOUND,LOWER_BOUND,14,24,3260.0,"{""BEND_ARC"": ""SHAPE_FOUND_LENGTH_BLOCKED"", ""COMPLETE_BAR"": ""LOWER_BOUND"", ""END_HOOK_45"": ""SHAPE_FOUND_LENGTH_BLOCKED"", ""SHAPE"": ""SOURCE_FOUND_EXPLICIT (U with 45° ends)"", ""STRAIGHT_RUN"": ""KNOWN_STRAIGHT_SEGMENT"", ""UPTURN_LEG"": ""SHAPE_FOUND_LENGTH_BLOCKED""}","[""E-PDF-01""]",45° end drawn at the leg top (SHAPE_FOUND); hook length not dimensioned or noted
S4.1-D0229,PORTION_DECOMPOSITION,research/alsenan_footing_rebar_s4/S4_FREEZE_MANIFEST.json (e3633af+code:0d11810b780ae8f8),FOCC-180F:BOTTOM_LONG,FOCC-180F,F9,BOTTOM_LONG,FOOTING_BOTTOM_LONG,END_HOOK_2,VERIFIED,0.0,ST7757.pdf p.13 'TYP. DETAIL OF ISOLATED FOOTING' (both variants),ST7757.pdf p.13,p13:S-REIN.D long_bar_U (SHALLOW + DEEP),GRAPHIC_EXPLICIT_SHAPE_ONLY,U BAR = STRAIGHT_RUN + LEFT/RIGHT_UPTURN_LEG + LEFT/RIGHT_45_DEG_END (+2 bends); frozen straight length kept as KNOWN_STRAIGHT_SEGMENT; COMPLETE_BAR = LOWER_BOUND,SHAPE_FOUND_LENGTH_BLOCKED,NONE,0.0,0.0,"[""FOCC-180F:BOTTOM_LONG:UPTURN_LEG_1"", ""FOCC-180F:BOTTOM_LONG:UPTURN_LEG_2"", ""FOCC-180F:BOTTOM_LONG:END_HOOK_1"", ""FOCC-180F:BOTTOM_LONG:END_HOOK_2"", ""FOCC-180F:BOTTOM_LONG:BEND_ARC_1"", ""FOCC-180F:BOTTOM_LONG:BEND_ARC_2""]",LOWER_BOUND,LOWER_BOUND,14,24,3260.0,"{""BEND_ARC"": ""SHAPE_FOUND_LENGTH_BLOCKED"", ""COMPLETE_BAR"": ""LOWER_BOUND"", ""END_HOOK_45"": ""SHAPE_FOUND_LENGTH_BLOCKED"", ""SHAPE"": ""SOURCE_FOUND_EXPLICIT (U with 45° ends)"", ""STRAIGHT_RUN"": ""KNOWN_STRAIGHT_SEGMENT"", ""UPTURN_LEG"": ""SHAPE_FOUND_LENGTH_BLOCKED""}","[""E-PDF-01""]",45° end drawn at the leg top (SHAPE_FOUND); hook length not dimensioned or noted
S4.1-D0230,PORTION_DECOMPOSITION,research/alsenan_footing_rebar_s4/S4_FREEZE_MANIFEST.json (e3633af+code:0d11810b780ae8f8),FOCC-180F:BOTTOM_LONG,FOCC-180F,F9,BOTTOM_LONG,FOOTING_BOTTOM_LONG,BEND_ARC_1,VERIFIED,0.0,ST7757.pdf p.13 'TYP. DETAIL OF ISOLATED FOOTING' (both variants),ST7757.pdf p.13,p13:S-REIN.D long_bar_U (SHALLOW + DEEP),GRAPHIC_EXPLICIT_SHAPE_ONLY,U BAR = STRAIGHT_RUN + LEFT/RIGHT_UPTURN_LEG + LEFT/RIGHT_45_DEG_END (+2 bends); frozen straight length kept as KNOWN_STRAIGHT_SEGMENT; COMPLETE_BAR = LOWER_BOUND,SHAPE_FOUND_LENGTH_BLOCKED,NONE,0.0,0.0,"[""FOCC-180F:BOTTOM_LONG:UPTURN_LEG_1"", ""FOCC-180F:BOTTOM_LONG:UPTURN_LEG_2"", ""FOCC-180F:BOTTOM_LONG:END_HOOK_1"", ""FOCC-180F:BOTTOM_LONG:END_HOOK_2"", ""FOCC-180F:BOTTOM_LONG:BEND_ARC_1"", ""FOCC-180F:BOTTOM_LONG:BEND_ARC_2""]",LOWER_BOUND,LOWER_BOUND,14,24,3260.0,"{""BEND_ARC"": ""SHAPE_FOUND_LENGTH_BLOCKED"", ""COMPLETE_BAR"": ""LOWER_BOUND"", ""END_HOOK_45"": ""SHAPE_FOUND_LENGTH_BLOCKED"", ""SHAPE"": ""SOURCE_FOUND_EXPLICIT (U with 45° ends)"", ""STRAIGHT_RUN"": ""KNOWN_STRAIGHT_SEGMENT"", ""UPTURN_LEG"": ""SHAPE_FOUND_LENGTH_BLOCKED""}","[""E-PDF-01""]",bend at the base / leg corner exists (shared vertex); bend radius not drawn or noted
S4.1-D0231,PORTION_DECOMPOSITION,research/alsenan_footing_rebar_s4/S4_FREEZE_MANIFEST.json (e3633af+code:0d11810b780ae8f8),FOCC-180F:BOTTOM_LONG,FOCC-180F,F9,BOTTOM_LONG,FOOTING_BOTTOM_LONG,BEND_ARC_2,VERIFIED,0.0,ST7757.pdf p.13 'TYP. DETAIL OF ISOLATED FOOTING' (both variants),ST7757.pdf p.13,p13:S-REIN.D long_bar_U (SHALLOW + DEEP),GRAPHIC_EXPLICIT_SHAPE_ONLY,U BAR = STRAIGHT_RUN + LEFT/RIGHT_UPTURN_LEG + LEFT/RIGHT_45_DEG_END (+2 bends); frozen straight length kept as KNOWN_STRAIGHT_SEGMENT; COMPLETE_BAR = LOWER_BOUND,SHAPE_FOUND_LENGTH_BLOCKED,NONE,0.0,0.0,"[""FOCC-180F:BOTTOM_LONG:UPTURN_LEG_1"", ""FOCC-180F:BOTTOM_LONG:UPTURN_LEG_2"", ""FOCC-180F:BOTTOM_LONG:END_HOOK_1"", ""FOCC-180F:BOTTOM_LONG:END_HOOK_2"", ""FOCC-180F:BOTTOM_LONG:BEND_ARC_1"", ""FOCC-180F:BOTTOM_LONG:BEND_ARC_2""]",LOWER_BOUND,LOWER_BOUND,14,24,3260.0,"{""BEND_ARC"": ""SHAPE_FOUND_LENGTH_BLOCKED"", ""COMPLETE_BAR"": ""LOWER_BOUND"", ""END_HOOK_45"": ""SHAPE_FOUND_LENGTH_BLOCKED"", ""SHAPE"": ""SOURCE_FOUND_EXPLICIT (U with 45° ends)"", ""STRAIGHT_RUN"": ""KNOWN_STRAIGHT_SEGMENT"", ""UPTURN_LEG"": ""SHAPE_FOUND_LENGTH_BLOCKED""}","[""E-PDF-01""]",bend at the base / leg corner exists (shared vertex); bend radius not drawn or noted
S4.1-D0232,SEMANTIC_CORRECTION,research/alsenan_footing_rebar_s4/S4_FREEZE_MANIFEST.json (e3633af+code:0d11810b780ae8f8),FOCC-180F:BOTTOM_SHORT,FOCC-180F,F9,BOTTOM_SHORT,FOOTING_BOTTOM_SHORT,STRAIGHT_RUN,VERIFIED,86.723951,ST7757.pdf p.13 'TYP. DETAIL OF ISOLATED FOOTING' (both variants),ST7757.pdf p.13,p13:S-REIN.D dots in section,GRAPHIC_NTS_OR_UNDIMENSIONED,"STRAIGHT_RUN (frozen, KNOWN_STRAIGHT_SEGMENT) + END_TREATMENT_1/2 (not drawn); the long-bar U is NOT copied; COMPLETE_BAR = LOWER_BOUND",KNOWN_STRAIGHT_SEGMENT,FROZEN_SOURCE_QUANTITY,0.0,86.723951,"[""FOCC-180F:BOTTOM_SHORT:END_TREATMENT_1"", ""FOCC-180F:BOTTOM_SHORT:END_TREATMENT_2""]",LOWER_BOUND,LOWER_BOUND,14,28,2560.0,"{""COMPLETE_BAR"": ""LOWER_BOUND"", ""END_TREATMENT"": ""BLOCKED_UNQUANTIFIED"", ""SHAPE"": ""NOT_DRAWN (dots in section only)"", ""STRAIGHT_RUN"": ""KNOWN_STRAIGHT_SEGMENT""}","[""E-PDF-01""]","frozen straight length stays valid known steel; the p.13 detail shows short bars only as dots, so 'straight' is not supported: VERIFIED -> KNOWN_STRAIGHT_SEGMENT, COMPLETE_BAR LOWER_BOUND"
S4.1-D0233,PORTION_DECOMPOSITION,research/alsenan_footing_rebar_s4/S4_FREEZE_MANIFEST.json (e3633af+code:0d11810b780ae8f8),FOCC-180F:BOTTOM_SHORT,FOCC-180F,F9,BOTTOM_SHORT,FOOTING_BOTTOM_SHORT,END_TREATMENT_1,VERIFIED,0.0,ST7757.pdf p.13 'TYP. DETAIL OF ISOLATED FOOTING' (both variants),ST7757.pdf p.13,p13:S-REIN.D dots in section,NO_GRAPHIC_EVIDENCE,"STRAIGHT_RUN (frozen, KNOWN_STRAIGHT_SEGMENT) + END_TREATMENT_1/2 (not drawn); the long-bar U is NOT copied; COMPLETE_BAR = LOWER_BOUND",BLOCKED_UNQUANTIFIED,NONE,0.0,0.0,"[""FOCC-180F:BOTTOM_SHORT:END_TREATMENT_1"", ""FOCC-180F:BOTTOM_SHORT:END_TREATMENT_2""]",LOWER_BOUND,LOWER_BOUND,14,28,2560.0,"{""COMPLETE_BAR"": ""LOWER_BOUND"", ""END_TREATMENT"": ""BLOCKED_UNQUANTIFIED"", ""SHAPE"": ""NOT_DRAWN (dots in section only)"", ""STRAIGHT_RUN"": ""KNOWN_STRAIGHT_SEGMENT""}","[""E-PDF-01""]",end shape not drawn anywhere in the set (S4-13); the long-bar U is not copied (brief §4)
S4.1-D0234,PORTION_DECOMPOSITION,research/alsenan_footing_rebar_s4/S4_FREEZE_MANIFEST.json (e3633af+code:0d11810b780ae8f8),FOCC-180F:BOTTOM_SHORT,FOCC-180F,F9,BOTTOM_SHORT,FOOTING_BOTTOM_SHORT,END_TREATMENT_2,VERIFIED,0.0,ST7757.pdf p.13 'TYP. DETAIL OF ISOLATED FOOTING' (both variants),ST7757.pdf p.13,p13:S-REIN.D dots in section,NO_GRAPHIC_EVIDENCE,"STRAIGHT_RUN (frozen, KNOWN_STRAIGHT_SEGMENT) + END_TREATMENT_1/2 (not drawn); the long-bar U is NOT copied; COMPLETE_BAR = LOWER_BOUND",BLOCKED_UNQUANTIFIED,NONE,0.0,0.0,"[""FOCC-180F:BOTTOM_SHORT:END_TREATMENT_1"", ""FOCC-180F:BOTTOM_SHORT:END_TREATMENT_2""]",LOWER_BOUND,LOWER_BOUND,14,28,2560.0,"{""COMPLETE_BAR"": ""LOWER_BOUND"", ""END_TREATMENT"": ""BLOCKED_UNQUANTIFIED"", ""SHAPE"": ""NOT_DRAWN (dots in section only)"", ""STRAIGHT_RUN"": ""KNOWN_STRAIGHT_SEGMENT""}","[""E-PDF-01""]",end shape not drawn anywhere in the set (S4-13); the long-bar U is not copied (brief §4)
S4.1-D0235,NO_CHANGE,research/alsenan_footing_rebar_s4/S4_FREEZE_MANIFEST.json (e3633af+code:0d11810b780ae8f8),FOCC-180F:TOP_LONG,FOCC-180F,F9,TOP_LONG,FOOTING_TOP_LONG,WHOLE_COMPONENT,NOT_APPLICABLE,0.0,,,,NO_GRAPHIC_EVIDENCE,unchanged (frozen NOT_APPLICABLE),,NONE,0.0,0.0,[],NOT_APPLICABLE,NOT_APPLICABLE,,,,{},[],frozen NOT_APPLICABLE carried
S4.1-D0236,NO_CHANGE,research/alsenan_footing_rebar_s4/S4_FREEZE_MANIFEST.json (e3633af+code:0d11810b780ae8f8),FOCC-180F:TOP_SHORT,FOCC-180F,F9,TOP_SHORT,FOOTING_TOP_SHORT,WHOLE_COMPONENT,NOT_APPLICABLE,0.0,,,,NO_GRAPHIC_EVIDENCE,unchanged (frozen NOT_APPLICABLE),,NONE,0.0,0.0,[],NOT_APPLICABLE,NOT_APPLICABLE,,,,{},[],frozen NOT_APPLICABLE carried
S4.1-D0237,FACET_ADDED,research/alsenan_footing_rebar_s4/S4_FREEZE_MANIFEST.json (e3633af+code:0d11810b780ae8f8),FOCC-180F:BOXED,FOCC-180F,F9,BOXED,BOXED_REBAR,WHOLE_COMPONENT,BLOCKED_UNQUANTIFIED,0.0,ST7757.pdf p.13 'TYP. DETAIL OF ISOLATED FOOTING' (both variants),ST7757.pdf p.13,p13:S-REIN.D boxed_inverted_U (SHALLOW + DEEP),GRAPHIC_EXPLICIT_SHAPE_ONLY,"BOXED = inverted U (shape recorded); quantity blocked: no external diameter, no reading of 3+n",SHAPE_FOUND_LENGTH_BLOCKED,NONE,0.0,0.0,"[""FOCC-180F:BOXED""]",BLOCKED_UNQUANTIFIED,BLOCKED_UNQUANTIFIED,,,,"{""BOXED_KG"": ""BLOCKED_UNQUANTIFIED"", ""COUNT"": ""BLOCKED (3+n unresolved)"", ""DIAMETER"": ""SOURCE_EXPECTED_NOT_LOCATED (S4-02)"", ""EXISTENCE"": ""SOURCE_FOUND_EXPLICIT (schedule cell '3+8')"", ""MEANING_OF_3_PLUS_N"": ""SOURCE_EXPECTED_NOT_LOCATED (S4-01)"", ""ORIENTATION"": ""SOURCE_EXPECTED_NOT_LOCATED (S4-04)"", ""SHAPE"": ""SOURCE_FOUND_EXPLICIT (inverted U, legs to the bottom-bar level, no hooks)""}","[""E-PDF-01"", ""E-DXF-01""]","shape facet found; count, diameter and orientation still not located"
S4.1-D0238,NO_CHANGE,research/alsenan_footing_rebar_s4/S4_FREEZE_MANIFEST.json (e3633af+code:0d11810b780ae8f8),FOCC-180F:STARTER_DOWEL_REFERENCE,FOCC-180F,F9,STARTER_DOWEL_REFERENCE,STARTER,WHOLE_COMPONENT,NOT_APPLICABLE,0.0,,,,NO_GRAPHIC_EVIDENCE,unchanged (frozen NOT_APPLICABLE),,NONE,0.0,0.0,[],NOT_APPLICABLE,NOT_APPLICABLE,,,,{},[],frozen NOT_APPLICABLE carried
S4.1-D0239,FACET_ADDED,research/alsenan_footing_rebar_s4/S4_FREEZE_MANIFEST.json (e3633af+code:0d11810b780ae8f8),FOCC-1ABF:BOTTOM_LONG,FOCC-1ABF,F12,BOTTOM_LONG,FOOTING_BOTTOM_LONG,STRAIGHT_RUN,LOWER_BOUND,188.491852,basis withdrawn (S4-12 / S4-14),,,NO_GRAPHIC_EVIDENCE,"STRAIGHT_RUN (frozen lower bound) + END_TREATMENT_1/2: the 'straight' basis came from the single-layer detail, now withdrawn -> END_TREATMENT_NOT_ESTABLISHED",KNOWN_STRAIGHT_SEGMENT,FROZEN_SOURCE_QUANTITY,0.0,188.491852,"[""FOCC-1ABF:BOTTOM_LONG:END_TREATMENT_1"", ""FOCC-1ABF:BOTTOM_LONG:END_TREATMENT_2""]",LOWER_BOUND,LOWER_BOUND,16,28,4260.0,"{""COMPLETE_BAR"": ""LOWER_BOUND"", ""EDGE_BAR_CONVENTION"": ""carried (S4-10)"", ""END_TREATMENT"": ""END_TREATMENT_NOT_ESTABLISHED (was STRAIGHT_SOURCE_SUPPORTED)""}","[""E-PDF-01"", ""E-PDF-03""]",frozen lower-bound straight run kept; end facet changed (no kg change)
S4.1-D0240,FACET_ADDED,research/alsenan_footing_rebar_s4/S4_FREEZE_MANIFEST.json (e3633af+code:0d11810b780ae8f8),FOCC-1ABF:BOTTOM_LONG,FOCC-1ABF,F12,BOTTOM_LONG,FOOTING_BOTTOM_LONG,END_TREATMENT_1,LOWER_BOUND,0.0,basis withdrawn (S4-12 / S4-14),,,NO_GRAPHIC_EVIDENCE,"STRAIGHT_RUN (frozen lower bound) + END_TREATMENT_1/2: the 'straight' basis came from the single-layer detail, now withdrawn -> END_TREATMENT_NOT_ESTABLISHED",BLOCKED_UNQUANTIFIED,NONE,0.0,0.0,"[""FOCC-1ABF:BOTTOM_LONG:END_TREATMENT_1"", ""FOCC-1ABF:BOTTOM_LONG:END_TREATMENT_2""]",LOWER_BOUND,LOWER_BOUND,16,28,4260.0,"{""COMPLETE_BAR"": ""LOWER_BOUND"", ""EDGE_BAR_CONVENTION"": ""carried (S4-10)"", ""END_TREATMENT"": ""END_TREATMENT_NOT_ESTABLISHED (was STRAIGHT_SOURCE_SUPPORTED)""}","[""E-PDF-01"", ""E-PDF-03""]",no two-layer detail for this mark (S4-14)
S4.1-D0241,FACET_ADDED,research/alsenan_footing_rebar_s4/S4_FREEZE_MANIFEST.json (e3633af+code:0d11810b780ae8f8),FOCC-1ABF:BOTTOM_LONG,FOCC-1ABF,F12,BOTTOM_LONG,FOOTING_BOTTOM_LONG,END_TREATMENT_2,LOWER_BOUND,0.0,basis withdrawn (S4-12 / S4-14),,,NO_GRAPHIC_EVIDENCE,"STRAIGHT_RUN (frozen lower bound) + END_TREATMENT_1/2: the 'straight' basis came from the single-layer detail, now withdrawn -> END_TREATMENT_NOT_ESTABLISHED",BLOCKED_UNQUANTIFIED,NONE,0.0,0.0,"[""FOCC-1ABF:BOTTOM_LONG:END_TREATMENT_1"", ""FOCC-1ABF:BOTTOM_LONG:END_TREATMENT_2""]",LOWER_BOUND,LOWER_BOUND,16,28,4260.0,"{""COMPLETE_BAR"": ""LOWER_BOUND"", ""EDGE_BAR_CONVENTION"": ""carried (S4-10)"", ""END_TREATMENT"": ""END_TREATMENT_NOT_ESTABLISHED (was STRAIGHT_SOURCE_SUPPORTED)""}","[""E-PDF-01"", ""E-PDF-03""]",no two-layer detail for this mark (S4-14)
S4.1-D0242,FACET_ADDED,research/alsenan_footing_rebar_s4/S4_FREEZE_MANIFEST.json (e3633af+code:0d11810b780ae8f8),FOCC-1ABF:BOTTOM_SHORT,FOCC-1ABF,F12,BOTTOM_SHORT,FOOTING_BOTTOM_SHORT,STRAIGHT_RUN,LOWER_BOUND,188.586667,basis withdrawn (S4-12 / S4-14),,,NO_GRAPHIC_EVIDENCE,"STRAIGHT_RUN (frozen lower bound) + END_TREATMENT_1/2: the 'straight' basis came from the single-layer detail, now withdrawn -> END_TREATMENT_NOT_ESTABLISHED",KNOWN_STRAIGHT_SEGMENT,FROZEN_SOURCE_QUANTITY,0.0,188.586667,"[""FOCC-1ABF:BOTTOM_SHORT:END_TREATMENT_1"", ""FOCC-1ABF:BOTTOM_SHORT:END_TREATMENT_2""]",LOWER_BOUND,LOWER_BOUND,16,39,3060.0,"{""COMPLETE_BAR"": ""LOWER_BOUND"", ""EDGE_BAR_CONVENTION"": ""carried (S4-10)"", ""END_TREATMENT"": ""END_TREATMENT_NOT_ESTABLISHED (was STRAIGHT_SOURCE_SUPPORTED)""}","[""E-PDF-01"", ""E-PDF-03""]",frozen lower-bound straight run kept; end facet changed (no kg change)
S4.1-D0243,FACET_ADDED,research/alsenan_footing_rebar_s4/S4_FREEZE_MANIFEST.json (e3633af+code:0d11810b780ae8f8),FOCC-1ABF:BOTTOM_SHORT,FOCC-1ABF,F12,BOTTOM_SHORT,FOOTING_BOTTOM_SHORT,END_TREATMENT_1,LOWER_BOUND,0.0,basis withdrawn (S4-12 / S4-14),,,NO_GRAPHIC_EVIDENCE,"STRAIGHT_RUN (frozen lower bound) + END_TREATMENT_1/2: the 'straight' basis came from the single-layer detail, now withdrawn -> END_TREATMENT_NOT_ESTABLISHED",BLOCKED_UNQUANTIFIED,NONE,0.0,0.0,"[""FOCC-1ABF:BOTTOM_SHORT:END_TREATMENT_1"", ""FOCC-1ABF:BOTTOM_SHORT:END_TREATMENT_2""]",LOWER_BOUND,LOWER_BOUND,16,39,3060.0,"{""COMPLETE_BAR"": ""LOWER_BOUND"", ""EDGE_BAR_CONVENTION"": ""carried (S4-10)"", ""END_TREATMENT"": ""END_TREATMENT_NOT_ESTABLISHED (was STRAIGHT_SOURCE_SUPPORTED)""}","[""E-PDF-01"", ""E-PDF-03""]",no two-layer detail for this mark (S4-14)
S4.1-D0244,FACET_ADDED,research/alsenan_footing_rebar_s4/S4_FREEZE_MANIFEST.json (e3633af+code:0d11810b780ae8f8),FOCC-1ABF:BOTTOM_SHORT,FOCC-1ABF,F12,BOTTOM_SHORT,FOOTING_BOTTOM_SHORT,END_TREATMENT_2,LOWER_BOUND,0.0,basis withdrawn (S4-12 / S4-14),,,NO_GRAPHIC_EVIDENCE,"STRAIGHT_RUN (frozen lower bound) + END_TREATMENT_1/2: the 'straight' basis came from the single-layer detail, now withdrawn -> END_TREATMENT_NOT_ESTABLISHED",BLOCKED_UNQUANTIFIED,NONE,0.0,0.0,"[""FOCC-1ABF:BOTTOM_SHORT:END_TREATMENT_1"", ""FOCC-1ABF:BOTTOM_SHORT:END_TREATMENT_2""]",LOWER_BOUND,LOWER_BOUND,16,39,3060.0,"{""COMPLETE_BAR"": ""LOWER_BOUND"", ""EDGE_BAR_CONVENTION"": ""carried (S4-10)"", ""END_TREATMENT"": ""END_TREATMENT_NOT_ESTABLISHED (was STRAIGHT_SOURCE_SUPPORTED)""}","[""E-PDF-01"", ""E-PDF-03""]",no two-layer detail for this mark (S4-14)
S4.1-D0245,NO_CHANGE,research/alsenan_footing_rebar_s4/S4_FREEZE_MANIFEST.json (e3633af+code:0d11810b780ae8f8),FOCC-1ABF:TOP_LONG,FOCC-1ABF,F12,TOP_LONG,FOOTING_TOP_LONG,WHOLE_COMPONENT,LOWER_BOUND,159.776296,,,,NO_GRAPHIC_EVIDENCE,"unchanged: frozen lower bound, END_TREATMENT_NOT_ESTABLISHED (S4-11)",,FROZEN_SOURCE_QUANTITY,0.0,159.776296,"[""FOCC-1ABF:TOP_LONG:END_TREATMENT""]",LOWER_BOUND,LOWER_BOUND,14,31,4260.0,"{""COMPLETE_BAR"": ""LOWER_BOUND"", ""END_TREATMENT"": ""END_TREATMENT_NOT_ESTABLISHED""}",[],already END_TREATMENT_NOT_ESTABLISHED
S4.1-D0246,NO_CHANGE,research/alsenan_footing_rebar_s4/S4_FREEZE_MANIFEST.json (e3633af+code:0d11810b780ae8f8),FOCC-1ABF:TOP_SHORT,FOCC-1ABF,F12,TOP_SHORT,FOOTING_TOP_SHORT,WHOLE_COMPONENT,LOWER_BOUND,159.195556,,,,NO_GRAPHIC_EVIDENCE,"unchanged: frozen lower bound, END_TREATMENT_NOT_ESTABLISHED (S4-11)",,FROZEN_SOURCE_QUANTITY,0.0,159.195556,"[""FOCC-1ABF:TOP_SHORT:END_TREATMENT""]",LOWER_BOUND,LOWER_BOUND,14,43,3060.0,"{""COMPLETE_BAR"": ""LOWER_BOUND"", ""END_TREATMENT"": ""END_TREATMENT_NOT_ESTABLISHED""}",[],already END_TREATMENT_NOT_ESTABLISHED
S4.1-D0247,NO_CHANGE,research/alsenan_footing_rebar_s4/S4_FREEZE_MANIFEST.json (e3633af+code:0d11810b780ae8f8),FOCC-1ABF:BOXED,FOCC-1ABF,F12,BOXED,BOXED_REBAR,WHOLE_COMPONENT,NOT_APPLICABLE,0.0,,,,NO_GRAPHIC_EVIDENCE,unchanged (frozen NOT_APPLICABLE),,NONE,0.0,0.0,[],NOT_APPLICABLE,NOT_APPLICABLE,,,,{},[],frozen NOT_APPLICABLE carried
S4.1-D0248,NO_CHANGE,research/alsenan_footing_rebar_s4/S4_FREEZE_MANIFEST.json (e3633af+code:0d11810b780ae8f8),FOCC-1ABF:STARTER_DOWEL_REFERENCE,FOCC-1ABF,F12,STARTER_DOWEL_REFERENCE,STARTER,WHOLE_COMPONENT,NOT_APPLICABLE,0.0,,,,NO_GRAPHIC_EVIDENCE,unchanged (frozen NOT_APPLICABLE),,NONE,0.0,0.0,[],NOT_APPLICABLE,NOT_APPLICABLE,,,,{},[],frozen NOT_APPLICABLE carried
S4.1-D0249,FACET_ADDED,research/alsenan_footing_rebar_s4/S4_FREEZE_MANIFEST.json (e3633af+code:0d11810b780ae8f8),FOCC-1ADB:BOTTOM_LONG,FOCC-1ADB,F13,BOTTOM_LONG,FOOTING_BOTTOM_LONG,STRAIGHT_RUN,LOWER_BOUND,124.902716,basis withdrawn (S4-12 / S4-14),,,NO_GRAPHIC_EVIDENCE,"STRAIGHT_RUN (frozen lower bound) + END_TREATMENT_1/2: the 'straight' basis came from the single-layer detail, now withdrawn -> END_TREATMENT_NOT_ESTABLISHED",KNOWN_STRAIGHT_SEGMENT,FROZEN_SOURCE_QUANTITY,0.0,124.902716,"[""FOCC-1ADB:BOTTOM_LONG:END_TREATMENT_1"", ""FOCC-1ADB:BOTTOM_LONG:END_TREATMENT_2""]",LOWER_BOUND,LOWER_BOUND,16,19,4160.0,"{""COMPLETE_BAR"": ""LOWER_BOUND"", ""EDGE_BAR_CONVENTION"": ""carried (S4-10)"", ""END_TREATMENT"": ""END_TREATMENT_NOT_ESTABLISHED (was STRAIGHT_SOURCE_SUPPORTED)""}","[""E-PDF-01"", ""E-PDF-03""]",frozen lower-bound straight run kept; end facet changed (no kg change)
S4.1-D0250,FACET_ADDED,research/alsenan_footing_rebar_s4/S4_FREEZE_MANIFEST.json (e3633af+code:0d11810b780ae8f8),FOCC-1ADB:BOTTOM_LONG,FOCC-1ADB,F13,BOTTOM_LONG,FOOTING_BOTTOM_LONG,END_TREATMENT_1,LOWER_BOUND,0.0,basis withdrawn (S4-12 / S4-14),,,NO_GRAPHIC_EVIDENCE,"STRAIGHT_RUN (frozen lower bound) + END_TREATMENT_1/2: the 'straight' basis came from the single-layer detail, now withdrawn -> END_TREATMENT_NOT_ESTABLISHED",BLOCKED_UNQUANTIFIED,NONE,0.0,0.0,"[""FOCC-1ADB:BOTTOM_LONG:END_TREATMENT_1"", ""FOCC-1ADB:BOTTOM_LONG:END_TREATMENT_2""]",LOWER_BOUND,LOWER_BOUND,16,19,4160.0,"{""COMPLETE_BAR"": ""LOWER_BOUND"", ""EDGE_BAR_CONVENTION"": ""carried (S4-10)"", ""END_TREATMENT"": ""END_TREATMENT_NOT_ESTABLISHED (was STRAIGHT_SOURCE_SUPPORTED)""}","[""E-PDF-01"", ""E-PDF-03""]",no two-layer detail for this mark (S4-14)
S4.1-D0251,FACET_ADDED,research/alsenan_footing_rebar_s4/S4_FREEZE_MANIFEST.json (e3633af+code:0d11810b780ae8f8),FOCC-1ADB:BOTTOM_LONG,FOCC-1ADB,F13,BOTTOM_LONG,FOOTING_BOTTOM_LONG,END_TREATMENT_2,LOWER_BOUND,0.0,basis withdrawn (S4-12 / S4-14),,,NO_GRAPHIC_EVIDENCE,"STRAIGHT_RUN (frozen lower bound) + END_TREATMENT_1/2: the 'straight' basis came from the single-layer detail, now withdrawn -> END_TREATMENT_NOT_ESTABLISHED",BLOCKED_UNQUANTIFIED,NONE,0.0,0.0,"[""FOCC-1ADB:BOTTOM_LONG:END_TREATMENT_1"", ""FOCC-1ADB:BOTTOM_LONG:END_TREATMENT_2""]",LOWER_BOUND,LOWER_BOUND,16,19,4160.0,"{""COMPLETE_BAR"": ""LOWER_BOUND"", ""EDGE_BAR_CONVENTION"": ""carried (S4-10)"", ""END_TREATMENT"": ""END_TREATMENT_NOT_ESTABLISHED (was STRAIGHT_SOURCE_SUPPORTED)""}","[""E-PDF-01"", ""E-PDF-03""]",no two-layer detail for this mark (S4-14)
S4.1-D0252,FACET_ADDED,research/alsenan_footing_rebar_s4/S4_FREEZE_MANIFEST.json (e3633af+code:0d11810b780ae8f8),FOCC-1ADB:BOTTOM_SHORT,FOCC-1ADB,F13,BOTTOM_SHORT,FOOTING_BOTTOM_SHORT,STRAIGHT_RUN,LOWER_BOUND,121.426173,basis withdrawn (S4-12 / S4-14),,,NO_GRAPHIC_EVIDENCE,"STRAIGHT_RUN (frozen lower bound) + END_TREATMENT_1/2: the 'straight' basis came from the single-layer detail, now withdrawn -> END_TREATMENT_NOT_ESTABLISHED",KNOWN_STRAIGHT_SEGMENT,FROZEN_SOURCE_QUANTITY,0.0,121.426173,"[""FOCC-1ADB:BOTTOM_SHORT:END_TREATMENT_1"", ""FOCC-1ADB:BOTTOM_SHORT:END_TREATMENT_2""]",LOWER_BOUND,LOWER_BOUND,16,34,2260.0,"{""COMPLETE_BAR"": ""LOWER_BOUND"", ""EDGE_BAR_CONVENTION"": ""carried (S4-10)"", ""END_TREATMENT"": ""END_TREATMENT_NOT_ESTABLISHED (was STRAIGHT_SOURCE_SUPPORTED)""}","[""E-PDF-01"", ""E-PDF-03""]",frozen lower-bound straight run kept; end facet changed (no kg change)
S4.1-D0253,FACET_ADDED,research/alsenan_footing_rebar_s4/S4_FREEZE_MANIFEST.json (e3633af+code:0d11810b780ae8f8),FOCC-1ADB:BOTTOM_SHORT,FOCC-1ADB,F13,BOTTOM_SHORT,FOOTING_BOTTOM_SHORT,END_TREATMENT_1,LOWER_BOUND,0.0,basis withdrawn (S4-12 / S4-14),,,NO_GRAPHIC_EVIDENCE,"STRAIGHT_RUN (frozen lower bound) + END_TREATMENT_1/2: the 'straight' basis came from the single-layer detail, now withdrawn -> END_TREATMENT_NOT_ESTABLISHED",BLOCKED_UNQUANTIFIED,NONE,0.0,0.0,"[""FOCC-1ADB:BOTTOM_SHORT:END_TREATMENT_1"", ""FOCC-1ADB:BOTTOM_SHORT:END_TREATMENT_2""]",LOWER_BOUND,LOWER_BOUND,16,34,2260.0,"{""COMPLETE_BAR"": ""LOWER_BOUND"", ""EDGE_BAR_CONVENTION"": ""carried (S4-10)"", ""END_TREATMENT"": ""END_TREATMENT_NOT_ESTABLISHED (was STRAIGHT_SOURCE_SUPPORTED)""}","[""E-PDF-01"", ""E-PDF-03""]",no two-layer detail for this mark (S4-14)
S4.1-D0254,FACET_ADDED,research/alsenan_footing_rebar_s4/S4_FREEZE_MANIFEST.json (e3633af+code:0d11810b780ae8f8),FOCC-1ADB:BOTTOM_SHORT,FOCC-1ADB,F13,BOTTOM_SHORT,FOOTING_BOTTOM_SHORT,END_TREATMENT_2,LOWER_BOUND,0.0,basis withdrawn (S4-12 / S4-14),,,NO_GRAPHIC_EVIDENCE,"STRAIGHT_RUN (frozen lower bound) + END_TREATMENT_1/2: the 'straight' basis came from the single-layer detail, now withdrawn -> END_TREATMENT_NOT_ESTABLISHED",BLOCKED_UNQUANTIFIED,NONE,0.0,0.0,"[""FOCC-1ADB:BOTTOM_SHORT:END_TREATMENT_1"", ""FOCC-1ADB:BOTTOM_SHORT:END_TREATMENT_2""]",LOWER_BOUND,LOWER_BOUND,16,34,2260.0,"{""COMPLETE_BAR"": ""LOWER_BOUND"", ""EDGE_BAR_CONVENTION"": ""carried (S4-10)"", ""END_TREATMENT"": ""END_TREATMENT_NOT_ESTABLISHED (was STRAIGHT_SOURCE_SUPPORTED)""}","[""E-PDF-01"", ""E-PDF-03""]",no two-layer detail for this mark (S4-14)
S4.1-D0255,NO_CHANGE,research/alsenan_footing_rebar_s4/S4_FREEZE_MANIFEST.json (e3633af+code:0d11810b780ae8f8),FOCC-1ADB:TOP_LONG,FOCC-1ADB,F13,TOP_LONG,FOOTING_TOP_LONG,WHOLE_COMPONENT,LOWER_BOUND,80.529383,,,,NO_GRAPHIC_EVIDENCE,"unchanged: frozen lower bound, END_TREATMENT_NOT_ESTABLISHED (S4-11)",,FROZEN_SOURCE_QUANTITY,0.0,80.529383,"[""FOCC-1ADB:TOP_LONG:END_TREATMENT""]",LOWER_BOUND,LOWER_BOUND,14,16,4160.0,"{""COMPLETE_BAR"": ""LOWER_BOUND"", ""END_TREATMENT"": ""END_TREATMENT_NOT_ESTABLISHED""}",[],already END_TREATMENT_NOT_ESTABLISHED
S4.1-D0256,NO_CHANGE,research/alsenan_footing_rebar_s4/S4_FREEZE_MANIFEST.json (e3633af+code:0d11810b780ae8f8),FOCC-1ADB:TOP_SHORT,FOCC-1ADB,F13,TOP_SHORT,FOOTING_TOP_SHORT,WHOLE_COMPONENT,LOWER_BOUND,82.02963,,,,NO_GRAPHIC_EVIDENCE,"unchanged: frozen lower bound, END_TREATMENT_NOT_ESTABLISHED (S4-11)",,FROZEN_SOURCE_QUANTITY,0.0,82.02963,"[""FOCC-1ADB:TOP_SHORT:END_TREATMENT""]",LOWER_BOUND,LOWER_BOUND,14,30,2260.0,"{""COMPLETE_BAR"": ""LOWER_BOUND"", ""END_TREATMENT"": ""END_TREATMENT_NOT_ESTABLISHED""}",[],already END_TREATMENT_NOT_ESTABLISHED
S4.1-D0257,NO_CHANGE,research/alsenan_footing_rebar_s4/S4_FREEZE_MANIFEST.json (e3633af+code:0d11810b780ae8f8),FOCC-1ADB:BOXED,FOCC-1ADB,F13,BOXED,BOXED_REBAR,WHOLE_COMPONENT,NOT_APPLICABLE,0.0,,,,NO_GRAPHIC_EVIDENCE,unchanged (frozen NOT_APPLICABLE),,NONE,0.0,0.0,[],NOT_APPLICABLE,NOT_APPLICABLE,,,,{},[],frozen NOT_APPLICABLE carried
S4.1-D0258,NO_CHANGE,research/alsenan_footing_rebar_s4/S4_FREEZE_MANIFEST.json (e3633af+code:0d11810b780ae8f8),FOCC-1ADB:STARTER_DOWEL_REFERENCE,FOCC-1ADB,F13,STARTER_DOWEL_REFERENCE,STARTER,WHOLE_COMPONENT,NOT_APPLICABLE,0.0,,,,NO_GRAPHIC_EVIDENCE,unchanged (frozen NOT_APPLICABLE),,NONE,0.0,0.0,[],NOT_APPLICABLE,NOT_APPLICABLE,,,,{},[],frozen NOT_APPLICABLE carried
S4.1-D0259,SEMANTIC_CORRECTION,research/alsenan_footing_rebar_s4/S4_FREEZE_MANIFEST.json (e3633af+code:0d11810b780ae8f8),FOCC-1B07:BOTTOM_LONG,FOCC-1B07,F11,BOTTOM_LONG,FOOTING_BOTTOM_LONG,STRAIGHT_RUN,VERIFIED,56.912593,ST7757.pdf p.13 'TYP. DETAIL OF ISOLATED FOOTING' (both variants),ST7757.pdf p.13,p13:S-REIN.D long_bar_U (SHALLOW + DEEP),GRAPHIC_EXPLICIT_SHAPE_ONLY,U BAR = STRAIGHT_RUN + LEFT/RIGHT_UPTURN_LEG + LEFT/RIGHT_45_DEG_END (+2 bends); frozen straight length kept as KNOWN_STRAIGHT_SEGMENT; COMPLETE_BAR = LOWER_BOUND,KNOWN_STRAIGHT_SEGMENT,FROZEN_SOURCE_QUANTITY,0.0,56.912593,"[""FOCC-1B07:BOTTOM_LONG:UPTURN_LEG_1"", ""FOCC-1B07:BOTTOM_LONG:UPTURN_LEG_2"", ""FOCC-1B07:BOTTOM_LONG:END_HOOK_1"", ""FOCC-1B07:BOTTOM_LONG:END_HOOK_2"", ""FOCC-1B07:BOTTOM_LONG:BEND_ARC_1"", ""FOCC-1B07:BOTTOM_LONG:BEND_ARC_2""]",LOWER_BOUND,LOWER_BOUND,14,14,3360.0,"{""BEND_ARC"": ""SHAPE_FOUND_LENGTH_BLOCKED"", ""COMPLETE_BAR"": ""LOWER_BOUND"", ""END_HOOK_45"": ""SHAPE_FOUND_LENGTH_BLOCKED"", ""SHAPE"": ""SOURCE_FOUND_EXPLICIT (U with 45° ends)"", ""STRAIGHT_RUN"": ""KNOWN_STRAIGHT_SEGMENT"", ""UPTURN_LEG"": ""SHAPE_FOUND_LENGTH_BLOCKED""}","[""E-PDF-01""]","frozen straight length (schedule span - 2 x 70 mm cover) stays valid known steel; the p.13 drawing shows this run as the base of a U, so the complete bar is longer: VERIFIED (complete straight bar) -> KNOWN_STRAIGHT_SEGMENT, COMPLETE_BAR LOWER_BOUND"
S4.1-D0260,PORTION_DECOMPOSITION,research/alsenan_footing_rebar_s4/S4_FREEZE_MANIFEST.json (e3633af+code:0d11810b780ae8f8),FOCC-1B07:BOTTOM_LONG,FOCC-1B07,F11,BOTTOM_LONG,FOOTING_BOTTOM_LONG,UPTURN_LEG_1,VERIFIED,0.0,ST7757.pdf p.13 'TYP. DETAIL OF ISOLATED FOOTING' (both variants),ST7757.pdf p.13,p13:S-REIN.D long_bar_U (SHALLOW + DEEP),GRAPHIC_EXPLICIT_SHAPE_ONLY,U BAR = STRAIGHT_RUN + LEFT/RIGHT_UPTURN_LEG + LEFT/RIGHT_45_DEG_END (+2 bends); frozen straight length kept as KNOWN_STRAIGHT_SEGMENT; COMPLETE_BAR = LOWER_BOUND,SHAPE_FOUND_LENGTH_BLOCKED,NONE,0.0,0.0,"[""FOCC-1B07:BOTTOM_LONG:UPTURN_LEG_1"", ""FOCC-1B07:BOTTOM_LONG:UPTURN_LEG_2"", ""FOCC-1B07:BOTTOM_LONG:END_HOOK_1"", ""FOCC-1B07:BOTTOM_LONG:END_HOOK_2"", ""FOCC-1B07:BOTTOM_LONG:BEND_ARC_1"", ""FOCC-1B07:BOTTOM_LONG:BEND_ARC_2""]",LOWER_BOUND,LOWER_BOUND,14,14,3360.0,"{""BEND_ARC"": ""SHAPE_FOUND_LENGTH_BLOCKED"", ""COMPLETE_BAR"": ""LOWER_BOUND"", ""END_HOOK_45"": ""SHAPE_FOUND_LENGTH_BLOCKED"", ""SHAPE"": ""SOURCE_FOUND_EXPLICIT (U with 45° ends)"", ""STRAIGHT_RUN"": ""KNOWN_STRAIGHT_SEGMENT"", ""UPTURN_LEG"": ""SHAPE_FOUND_LENGTH_BLOCKED""}","[""E-PDF-01""]","leg drawn (shares the bottom-run vertex) but its top endpoint is not bound to a dimensioned level: rule-B derivation from D, cover and bar levels fails (ENDPOINTS_DETERMINISTIC); no length by scale"
S4.1-D0261,PORTION_DECOMPOSITION,research/alsenan_footing_rebar_s4/S4_FREEZE_MANIFEST.json (e3633af+code:0d11810b780ae8f8),FOCC-1B07:BOTTOM_LONG,FOCC-1B07,F11,BOTTOM_LONG,FOOTING_BOTTOM_LONG,UPTURN_LEG_2,VERIFIED,0.0,ST7757.pdf p.13 'TYP. DETAIL OF ISOLATED FOOTING' (both variants),ST7757.pdf p.13,p13:S-REIN.D long_bar_U (SHALLOW + DEEP),GRAPHIC_EXPLICIT_SHAPE_ONLY,U BAR = STRAIGHT_RUN + LEFT/RIGHT_UPTURN_LEG + LEFT/RIGHT_45_DEG_END (+2 bends); frozen straight length kept as KNOWN_STRAIGHT_SEGMENT; COMPLETE_BAR = LOWER_BOUND,SHAPE_FOUND_LENGTH_BLOCKED,NONE,0.0,0.0,"[""FOCC-1B07:BOTTOM_LONG:UPTURN_LEG_1"", ""FOCC-1B07:BOTTOM_LONG:UPTURN_LEG_2"", ""FOCC-1B07:BOTTOM_LONG:END_HOOK_1"", ""FOCC-1B07:BOTTOM_LONG:END_HOOK_2"", ""FOCC-1B07:BOTTOM_LONG:BEND_ARC_1"", ""FOCC-1B07:BOTTOM_LONG:BEND_ARC_2""]",LOWER_BOUND,LOWER_BOUND,14,14,3360.0,"{""BEND_ARC"": ""SHAPE_FOUND_LENGTH_BLOCKED"", ""COMPLETE_BAR"": ""LOWER_BOUND"", ""END_HOOK_45"": ""SHAPE_FOUND_LENGTH_BLOCKED"", ""SHAPE"": ""SOURCE_FOUND_EXPLICIT (U with 45° ends)"", ""STRAIGHT_RUN"": ""KNOWN_STRAIGHT_SEGMENT"", ""UPTURN_LEG"": ""SHAPE_FOUND_LENGTH_BLOCKED""}","[""E-PDF-01""]","leg drawn (shares the bottom-run vertex) but its top endpoint is not bound to a dimensioned level: rule-B derivation from D, cover and bar levels fails (ENDPOINTS_DETERMINISTIC); no length by scale"
S4.1-D0262,PORTION_DECOMPOSITION,research/alsenan_footing_rebar_s4/S4_FREEZE_MANIFEST.json (e3633af+code:0d11810b780ae8f8),FOCC-1B07:BOTTOM_LONG,FOCC-1B07,F11,BOTTOM_LONG,FOOTING_BOTTOM_LONG,END_HOOK_1,VERIFIED,0.0,ST7757.pdf p.13 'TYP. DETAIL OF ISOLATED FOOTING' (both variants),ST7757.pdf p.13,p13:S-REIN.D long_bar_U (SHALLOW + DEEP),GRAPHIC_EXPLICIT_SHAPE_ONLY,U BAR = STRAIGHT_RUN + LEFT/RIGHT_UPTURN_LEG + LEFT/RIGHT_45_DEG_END (+2 bends); frozen straight length kept as KNOWN_STRAIGHT_SEGMENT; COMPLETE_BAR = LOWER_BOUND,SHAPE_FOUND_LENGTH_BLOCKED,NONE,0.0,0.0,"[""FOCC-1B07:BOTTOM_LONG:UPTURN_LEG_1"", ""FOCC-1B07:BOTTOM_LONG:UPTURN_LEG_2"", ""FOCC-1B07:BOTTOM_LONG:END_HOOK_1"", ""FOCC-1B07:BOTTOM_LONG:END_HOOK_2"", ""FOCC-1B07:BOTTOM_LONG:BEND_ARC_1"", ""FOCC-1B07:BOTTOM_LONG:BEND_ARC_2""]",LOWER_BOUND,LOWER_BOUND,14,14,3360.0,"{""BEND_ARC"": ""SHAPE_FOUND_LENGTH_BLOCKED"", ""COMPLETE_BAR"": ""LOWER_BOUND"", ""END_HOOK_45"": ""SHAPE_FOUND_LENGTH_BLOCKED"", ""SHAPE"": ""SOURCE_FOUND_EXPLICIT (U with 45° ends)"", ""STRAIGHT_RUN"": ""KNOWN_STRAIGHT_SEGMENT"", ""UPTURN_LEG"": ""SHAPE_FOUND_LENGTH_BLOCKED""}","[""E-PDF-01""]",45° end drawn at the leg top (SHAPE_FOUND); hook length not dimensioned or noted
S4.1-D0263,PORTION_DECOMPOSITION,research/alsenan_footing_rebar_s4/S4_FREEZE_MANIFEST.json (e3633af+code:0d11810b780ae8f8),FOCC-1B07:BOTTOM_LONG,FOCC-1B07,F11,BOTTOM_LONG,FOOTING_BOTTOM_LONG,END_HOOK_2,VERIFIED,0.0,ST7757.pdf p.13 'TYP. DETAIL OF ISOLATED FOOTING' (both variants),ST7757.pdf p.13,p13:S-REIN.D long_bar_U (SHALLOW + DEEP),GRAPHIC_EXPLICIT_SHAPE_ONLY,U BAR = STRAIGHT_RUN + LEFT/RIGHT_UPTURN_LEG + LEFT/RIGHT_45_DEG_END (+2 bends); frozen straight length kept as KNOWN_STRAIGHT_SEGMENT; COMPLETE_BAR = LOWER_BOUND,SHAPE_FOUND_LENGTH_BLOCKED,NONE,0.0,0.0,"[""FOCC-1B07:BOTTOM_LONG:UPTURN_LEG_1"", ""FOCC-1B07:BOTTOM_LONG:UPTURN_LEG_2"", ""FOCC-1B07:BOTTOM_LONG:END_HOOK_1"", ""FOCC-1B07:BOTTOM_LONG:END_HOOK_2"", ""FOCC-1B07:BOTTOM_LONG:BEND_ARC_1"", ""FOCC-1B07:BOTTOM_LONG:BEND_ARC_2""]",LOWER_BOUND,LOWER_BOUND,14,14,3360.0,"{""BEND_ARC"": ""SHAPE_FOUND_LENGTH_BLOCKED"", ""COMPLETE_BAR"": ""LOWER_BOUND"", ""END_HOOK_45"": ""SHAPE_FOUND_LENGTH_BLOCKED"", ""SHAPE"": ""SOURCE_FOUND_EXPLICIT (U with 45° ends)"", ""STRAIGHT_RUN"": ""KNOWN_STRAIGHT_SEGMENT"", ""UPTURN_LEG"": ""SHAPE_FOUND_LENGTH_BLOCKED""}","[""E-PDF-01""]",45° end drawn at the leg top (SHAPE_FOUND); hook length not dimensioned or noted
S4.1-D0264,PORTION_DECOMPOSITION,research/alsenan_footing_rebar_s4/S4_FREEZE_MANIFEST.json (e3633af+code:0d11810b780ae8f8),FOCC-1B07:BOTTOM_LONG,FOCC-1B07,F11,BOTTOM_LONG,FOOTING_BOTTOM_LONG,BEND_ARC_1,VERIFIED,0.0,ST7757.pdf p.13 'TYP. DETAIL OF ISOLATED FOOTING' (both variants),ST7757.pdf p.13,p13:S-REIN.D long_bar_U (SHALLOW + DEEP),GRAPHIC_EXPLICIT_SHAPE_ONLY,U BAR = STRAIGHT_RUN + LEFT/RIGHT_UPTURN_LEG + LEFT/RIGHT_45_DEG_END (+2 bends); frozen straight length kept as KNOWN_STRAIGHT_SEGMENT; COMPLETE_BAR = LOWER_BOUND,SHAPE_FOUND_LENGTH_BLOCKED,NONE,0.0,0.0,"[""FOCC-1B07:BOTTOM_LONG:UPTURN_LEG_1"", ""FOCC-1B07:BOTTOM_LONG:UPTURN_LEG_2"", ""FOCC-1B07:BOTTOM_LONG:END_HOOK_1"", ""FOCC-1B07:BOTTOM_LONG:END_HOOK_2"", ""FOCC-1B07:BOTTOM_LONG:BEND_ARC_1"", ""FOCC-1B07:BOTTOM_LONG:BEND_ARC_2""]",LOWER_BOUND,LOWER_BOUND,14,14,3360.0,"{""BEND_ARC"": ""SHAPE_FOUND_LENGTH_BLOCKED"", ""COMPLETE_BAR"": ""LOWER_BOUND"", ""END_HOOK_45"": ""SHAPE_FOUND_LENGTH_BLOCKED"", ""SHAPE"": ""SOURCE_FOUND_EXPLICIT (U with 45° ends)"", ""STRAIGHT_RUN"": ""KNOWN_STRAIGHT_SEGMENT"", ""UPTURN_LEG"": ""SHAPE_FOUND_LENGTH_BLOCKED""}","[""E-PDF-01""]",bend at the base / leg corner exists (shared vertex); bend radius not drawn or noted
S4.1-D0265,PORTION_DECOMPOSITION,research/alsenan_footing_rebar_s4/S4_FREEZE_MANIFEST.json (e3633af+code:0d11810b780ae8f8),FOCC-1B07:BOTTOM_LONG,FOCC-1B07,F11,BOTTOM_LONG,FOOTING_BOTTOM_LONG,BEND_ARC_2,VERIFIED,0.0,ST7757.pdf p.13 'TYP. DETAIL OF ISOLATED FOOTING' (both variants),ST7757.pdf p.13,p13:S-REIN.D long_bar_U (SHALLOW + DEEP),GRAPHIC_EXPLICIT_SHAPE_ONLY,U BAR = STRAIGHT_RUN + LEFT/RIGHT_UPTURN_LEG + LEFT/RIGHT_45_DEG_END (+2 bends); frozen straight length kept as KNOWN_STRAIGHT_SEGMENT; COMPLETE_BAR = LOWER_BOUND,SHAPE_FOUND_LENGTH_BLOCKED,NONE,0.0,0.0,"[""FOCC-1B07:BOTTOM_LONG:UPTURN_LEG_1"", ""FOCC-1B07:BOTTOM_LONG:UPTURN_LEG_2"", ""FOCC-1B07:BOTTOM_LONG:END_HOOK_1"", ""FOCC-1B07:BOTTOM_LONG:END_HOOK_2"", ""FOCC-1B07:BOTTOM_LONG:BEND_ARC_1"", ""FOCC-1B07:BOTTOM_LONG:BEND_ARC_2""]",LOWER_BOUND,LOWER_BOUND,14,14,3360.0,"{""BEND_ARC"": ""SHAPE_FOUND_LENGTH_BLOCKED"", ""COMPLETE_BAR"": ""LOWER_BOUND"", ""END_HOOK_45"": ""SHAPE_FOUND_LENGTH_BLOCKED"", ""SHAPE"": ""SOURCE_FOUND_EXPLICIT (U with 45° ends)"", ""STRAIGHT_RUN"": ""KNOWN_STRAIGHT_SEGMENT"", ""UPTURN_LEG"": ""SHAPE_FOUND_LENGTH_BLOCKED""}","[""E-PDF-01""]",bend at the base / leg corner exists (shared vertex); bend radius not drawn or noted
S4.1-D0266,SEMANTIC_CORRECTION,research/alsenan_footing_rebar_s4/S4_FREEZE_MANIFEST.json (e3633af+code:0d11810b780ae8f8),FOCC-1B07:BOTTOM_SHORT,FOCC-1B07,F11,BOTTOM_SHORT,FOOTING_BOTTOM_SHORT,STRAIGHT_RUN,VERIFIED,52.653827,ST7757.pdf p.13 'TYP. DETAIL OF ISOLATED FOOTING' (both variants),ST7757.pdf p.13,p13:S-REIN.D dots in section,GRAPHIC_NTS_OR_UNDIMENSIONED,"STRAIGHT_RUN (frozen, KNOWN_STRAIGHT_SEGMENT) + END_TREATMENT_1/2 (not drawn); the long-bar U is NOT copied; COMPLETE_BAR = LOWER_BOUND",KNOWN_STRAIGHT_SEGMENT,FROZEN_SOURCE_QUANTITY,0.0,52.653827,"[""FOCC-1B07:BOTTOM_SHORT:END_TREATMENT_1"", ""FOCC-1B07:BOTTOM_SHORT:END_TREATMENT_2""]",LOWER_BOUND,LOWER_BOUND,14,32,1360.0,"{""COMPLETE_BAR"": ""LOWER_BOUND"", ""END_TREATMENT"": ""BLOCKED_UNQUANTIFIED"", ""SHAPE"": ""NOT_DRAWN (dots in section only)"", ""STRAIGHT_RUN"": ""KNOWN_STRAIGHT_SEGMENT""}","[""E-PDF-01""]","frozen straight length stays valid known steel; the p.13 detail shows short bars only as dots, so 'straight' is not supported: VERIFIED -> KNOWN_STRAIGHT_SEGMENT, COMPLETE_BAR LOWER_BOUND"
S4.1-D0267,PORTION_DECOMPOSITION,research/alsenan_footing_rebar_s4/S4_FREEZE_MANIFEST.json (e3633af+code:0d11810b780ae8f8),FOCC-1B07:BOTTOM_SHORT,FOCC-1B07,F11,BOTTOM_SHORT,FOOTING_BOTTOM_SHORT,END_TREATMENT_1,VERIFIED,0.0,ST7757.pdf p.13 'TYP. DETAIL OF ISOLATED FOOTING' (both variants),ST7757.pdf p.13,p13:S-REIN.D dots in section,NO_GRAPHIC_EVIDENCE,"STRAIGHT_RUN (frozen, KNOWN_STRAIGHT_SEGMENT) + END_TREATMENT_1/2 (not drawn); the long-bar U is NOT copied; COMPLETE_BAR = LOWER_BOUND",BLOCKED_UNQUANTIFIED,NONE,0.0,0.0,"[""FOCC-1B07:BOTTOM_SHORT:END_TREATMENT_1"", ""FOCC-1B07:BOTTOM_SHORT:END_TREATMENT_2""]",LOWER_BOUND,LOWER_BOUND,14,32,1360.0,"{""COMPLETE_BAR"": ""LOWER_BOUND"", ""END_TREATMENT"": ""BLOCKED_UNQUANTIFIED"", ""SHAPE"": ""NOT_DRAWN (dots in section only)"", ""STRAIGHT_RUN"": ""KNOWN_STRAIGHT_SEGMENT""}","[""E-PDF-01""]",end shape not drawn anywhere in the set (S4-13); the long-bar U is not copied (brief §4)
S4.1-D0268,PORTION_DECOMPOSITION,research/alsenan_footing_rebar_s4/S4_FREEZE_MANIFEST.json (e3633af+code:0d11810b780ae8f8),FOCC-1B07:BOTTOM_SHORT,FOCC-1B07,F11,BOTTOM_SHORT,FOOTING_BOTTOM_SHORT,END_TREATMENT_2,VERIFIED,0.0,ST7757.pdf p.13 'TYP. DETAIL OF ISOLATED FOOTING' (both variants),ST7757.pdf p.13,p13:S-REIN.D dots in section,NO_GRAPHIC_EVIDENCE,"STRAIGHT_RUN (frozen, KNOWN_STRAIGHT_SEGMENT) + END_TREATMENT_1/2 (not drawn); the long-bar U is NOT copied; COMPLETE_BAR = LOWER_BOUND",BLOCKED_UNQUANTIFIED,NONE,0.0,0.0,"[""FOCC-1B07:BOTTOM_SHORT:END_TREATMENT_1"", ""FOCC-1B07:BOTTOM_SHORT:END_TREATMENT_2""]",LOWER_BOUND,LOWER_BOUND,14,32,1360.0,"{""COMPLETE_BAR"": ""LOWER_BOUND"", ""END_TREATMENT"": ""BLOCKED_UNQUANTIFIED"", ""SHAPE"": ""NOT_DRAWN (dots in section only)"", ""STRAIGHT_RUN"": ""KNOWN_STRAIGHT_SEGMENT""}","[""E-PDF-01""]",end shape not drawn anywhere in the set (S4-13); the long-bar U is not copied (brief §4)
S4.1-D0269,NO_CHANGE,research/alsenan_footing_rebar_s4/S4_FREEZE_MANIFEST.json (e3633af+code:0d11810b780ae8f8),FOCC-1B07:TOP_LONG,FOCC-1B07,F11,TOP_LONG,FOOTING_TOP_LONG,WHOLE_COMPONENT,NOT_APPLICABLE,0.0,,,,NO_GRAPHIC_EVIDENCE,unchanged (frozen NOT_APPLICABLE),,NONE,0.0,0.0,[],NOT_APPLICABLE,NOT_APPLICABLE,,,,{},[],frozen NOT_APPLICABLE carried
S4.1-D0270,NO_CHANGE,research/alsenan_footing_rebar_s4/S4_FREEZE_MANIFEST.json (e3633af+code:0d11810b780ae8f8),FOCC-1B07:TOP_SHORT,FOCC-1B07,F11,TOP_SHORT,FOOTING_TOP_SHORT,WHOLE_COMPONENT,NOT_APPLICABLE,0.0,,,,NO_GRAPHIC_EVIDENCE,unchanged (frozen NOT_APPLICABLE),,NONE,0.0,0.0,[],NOT_APPLICABLE,NOT_APPLICABLE,,,,{},[],frozen NOT_APPLICABLE carried
S4.1-D0271,FACET_ADDED,research/alsenan_footing_rebar_s4/S4_FREEZE_MANIFEST.json (e3633af+code:0d11810b780ae8f8),FOCC-1B07:BOXED,FOCC-1B07,F11,BOXED,BOXED_REBAR,WHOLE_COMPONENT,BLOCKED_UNQUANTIFIED,0.0,ST7757.pdf p.13 'TYP. DETAIL OF ISOLATED FOOTING' (both variants),ST7757.pdf p.13,p13:S-REIN.D boxed_inverted_U (SHALLOW + DEEP),GRAPHIC_EXPLICIT_SHAPE_ONLY,"BOXED = inverted U (shape recorded); quantity blocked: no external diameter, no reading of 3+n",SHAPE_FOUND_LENGTH_BLOCKED,NONE,0.0,0.0,"[""FOCC-1B07:BOXED""]",BLOCKED_UNQUANTIFIED,BLOCKED_UNQUANTIFIED,,,,"{""BOXED_KG"": ""BLOCKED_UNQUANTIFIED"", ""COUNT"": ""BLOCKED (3+n unresolved)"", ""DIAMETER"": ""SOURCE_EXPECTED_NOT_LOCATED (S4-02)"", ""EXISTENCE"": ""SOURCE_FOUND_EXPLICIT (schedule cell '3+8')"", ""MEANING_OF_3_PLUS_N"": ""SOURCE_EXPECTED_NOT_LOCATED (S4-01)"", ""ORIENTATION"": ""SOURCE_EXPECTED_NOT_LOCATED (S4-04)"", ""SHAPE"": ""SOURCE_FOUND_EXPLICIT (inverted U, legs to the bottom-bar level, no hooks)""}","[""E-PDF-01"", ""E-DXF-01""]","shape facet found; count, diameter and orientation still not located"
S4.1-D0272,NO_CHANGE,research/alsenan_footing_rebar_s4/S4_FREEZE_MANIFEST.json (e3633af+code:0d11810b780ae8f8),FOCC-1B07:STARTER_DOWEL_REFERENCE,FOCC-1B07,F11,STARTER_DOWEL_REFERENCE,STARTER,WHOLE_COMPONENT,NOT_APPLICABLE,0.0,,,,NO_GRAPHIC_EVIDENCE,unchanged (frozen NOT_APPLICABLE),,NONE,0.0,0.0,[],NOT_APPLICABLE,NOT_APPLICABLE,,,,{},[],frozen NOT_APPLICABLE carried
S4.1-D0273,SEMANTIC_CORRECTION,research/alsenan_footing_rebar_s4/S4_FREEZE_MANIFEST.json (e3633af+code:0d11810b780ae8f8),FOCC-1B19:BOTTOM_LONG,FOCC-1B19,F6,BOTTOM_LONG,FOOTING_BOTTOM_LONG,STRAIGHT_RUN,VERIFIED,48.106667,ST7757.pdf p.13 'TYP. DETAIL OF ISOLATED FOOTING' (both variants),ST7757.pdf p.13,p13:S-REIN.D long_bar_U (SHALLOW + DEEP),GRAPHIC_EXPLICIT_SHAPE_ONLY,U BAR = STRAIGHT_RUN + LEFT/RIGHT_UPTURN_LEG + LEFT/RIGHT_45_DEG_END (+2 bends); frozen straight length kept as KNOWN_STRAIGHT_SEGMENT; COMPLETE_BAR = LOWER_BOUND,KNOWN_STRAIGHT_SEGMENT,FROZEN_SOURCE_QUANTITY,0.0,48.106667,"[""FOCC-1B19:BOTTOM_LONG:UPTURN_LEG_1"", ""FOCC-1B19:BOTTOM_LONG:UPTURN_LEG_2"", ""FOCC-1B19:BOTTOM_LONG:END_HOOK_1"", ""FOCC-1B19:BOTTOM_LONG:END_HOOK_2"", ""FOCC-1B19:BOTTOM_LONG:BEND_ARC_1"", ""FOCC-1B19:BOTTOM_LONG:BEND_ARC_2""]",LOWER_BOUND,LOWER_BOUND,12,22,2460.0,"{""BEND_ARC"": ""SHAPE_FOUND_LENGTH_BLOCKED"", ""COMPLETE_BAR"": ""LOWER_BOUND"", ""END_HOOK_45"": ""SHAPE_FOUND_LENGTH_BLOCKED"", ""SHAPE"": ""SOURCE_FOUND_EXPLICIT (U with 45° ends)"", ""STRAIGHT_RUN"": ""KNOWN_STRAIGHT_SEGMENT"", ""UPTURN_LEG"": ""SHAPE_FOUND_LENGTH_BLOCKED""}","[""E-PDF-01""]","frozen straight length (schedule span - 2 x 70 mm cover) stays valid known steel; the p.13 drawing shows this run as the base of a U, so the complete bar is longer: VERIFIED (complete straight bar) -> KNOWN_STRAIGHT_SEGMENT, COMPLETE_BAR LOWER_BOUND"
S4.1-D0274,PORTION_DECOMPOSITION,research/alsenan_footing_rebar_s4/S4_FREEZE_MANIFEST.json (e3633af+code:0d11810b780ae8f8),FOCC-1B19:BOTTOM_LONG,FOCC-1B19,F6,BOTTOM_LONG,FOOTING_BOTTOM_LONG,UPTURN_LEG_1,VERIFIED,0.0,ST7757.pdf p.13 'TYP. DETAIL OF ISOLATED FOOTING' (both variants),ST7757.pdf p.13,p13:S-REIN.D long_bar_U (SHALLOW + DEEP),GRAPHIC_EXPLICIT_SHAPE_ONLY,U BAR = STRAIGHT_RUN + LEFT/RIGHT_UPTURN_LEG + LEFT/RIGHT_45_DEG_END (+2 bends); frozen straight length kept as KNOWN_STRAIGHT_SEGMENT; COMPLETE_BAR = LOWER_BOUND,SHAPE_FOUND_LENGTH_BLOCKED,NONE,0.0,0.0,"[""FOCC-1B19:BOTTOM_LONG:UPTURN_LEG_1"", ""FOCC-1B19:BOTTOM_LONG:UPTURN_LEG_2"", ""FOCC-1B19:BOTTOM_LONG:END_HOOK_1"", ""FOCC-1B19:BOTTOM_LONG:END_HOOK_2"", ""FOCC-1B19:BOTTOM_LONG:BEND_ARC_1"", ""FOCC-1B19:BOTTOM_LONG:BEND_ARC_2""]",LOWER_BOUND,LOWER_BOUND,12,22,2460.0,"{""BEND_ARC"": ""SHAPE_FOUND_LENGTH_BLOCKED"", ""COMPLETE_BAR"": ""LOWER_BOUND"", ""END_HOOK_45"": ""SHAPE_FOUND_LENGTH_BLOCKED"", ""SHAPE"": ""SOURCE_FOUND_EXPLICIT (U with 45° ends)"", ""STRAIGHT_RUN"": ""KNOWN_STRAIGHT_SEGMENT"", ""UPTURN_LEG"": ""SHAPE_FOUND_LENGTH_BLOCKED""}","[""E-PDF-01""]","leg drawn (shares the bottom-run vertex) but its top endpoint is not bound to a dimensioned level: rule-B derivation from D, cover and bar levels fails (ENDPOINTS_DETERMINISTIC); no length by scale"
S4.1-D0275,PORTION_DECOMPOSITION,research/alsenan_footing_rebar_s4/S4_FREEZE_MANIFEST.json (e3633af+code:0d11810b780ae8f8),FOCC-1B19:BOTTOM_LONG,FOCC-1B19,F6,BOTTOM_LONG,FOOTING_BOTTOM_LONG,UPTURN_LEG_2,VERIFIED,0.0,ST7757.pdf p.13 'TYP. DETAIL OF ISOLATED FOOTING' (both variants),ST7757.pdf p.13,p13:S-REIN.D long_bar_U (SHALLOW + DEEP),GRAPHIC_EXPLICIT_SHAPE_ONLY,U BAR = STRAIGHT_RUN + LEFT/RIGHT_UPTURN_LEG + LEFT/RIGHT_45_DEG_END (+2 bends); frozen straight length kept as KNOWN_STRAIGHT_SEGMENT; COMPLETE_BAR = LOWER_BOUND,SHAPE_FOUND_LENGTH_BLOCKED,NONE,0.0,0.0,"[""FOCC-1B19:BOTTOM_LONG:UPTURN_LEG_1"", ""FOCC-1B19:BOTTOM_LONG:UPTURN_LEG_2"", ""FOCC-1B19:BOTTOM_LONG:END_HOOK_1"", ""FOCC-1B19:BOTTOM_LONG:END_HOOK_2"", ""FOCC-1B19:BOTTOM_LONG:BEND_ARC_1"", ""FOCC-1B19:BOTTOM_LONG:BEND_ARC_2""]",LOWER_BOUND,LOWER_BOUND,12,22,2460.0,"{""BEND_ARC"": ""SHAPE_FOUND_LENGTH_BLOCKED"", ""COMPLETE_BAR"": ""LOWER_BOUND"", ""END_HOOK_45"": ""SHAPE_FOUND_LENGTH_BLOCKED"", ""SHAPE"": ""SOURCE_FOUND_EXPLICIT (U with 45° ends)"", ""STRAIGHT_RUN"": ""KNOWN_STRAIGHT_SEGMENT"", ""UPTURN_LEG"": ""SHAPE_FOUND_LENGTH_BLOCKED""}","[""E-PDF-01""]","leg drawn (shares the bottom-run vertex) but its top endpoint is not bound to a dimensioned level: rule-B derivation from D, cover and bar levels fails (ENDPOINTS_DETERMINISTIC); no length by scale"
S4.1-D0276,PORTION_DECOMPOSITION,research/alsenan_footing_rebar_s4/S4_FREEZE_MANIFEST.json (e3633af+code:0d11810b780ae8f8),FOCC-1B19:BOTTOM_LONG,FOCC-1B19,F6,BOTTOM_LONG,FOOTING_BOTTOM_LONG,END_HOOK_1,VERIFIED,0.0,ST7757.pdf p.13 'TYP. DETAIL OF ISOLATED FOOTING' (both variants),ST7757.pdf p.13,p13:S-REIN.D long_bar_U (SHALLOW + DEEP),GRAPHIC_EXPLICIT_SHAPE_ONLY,U BAR = STRAIGHT_RUN + LEFT/RIGHT_UPTURN_LEG + LEFT/RIGHT_45_DEG_END (+2 bends); frozen straight length kept as KNOWN_STRAIGHT_SEGMENT; COMPLETE_BAR = LOWER_BOUND,SHAPE_FOUND_LENGTH_BLOCKED,NONE,0.0,0.0,"[""FOCC-1B19:BOTTOM_LONG:UPTURN_LEG_1"", ""FOCC-1B19:BOTTOM_LONG:UPTURN_LEG_2"", ""FOCC-1B19:BOTTOM_LONG:END_HOOK_1"", ""FOCC-1B19:BOTTOM_LONG:END_HOOK_2"", ""FOCC-1B19:BOTTOM_LONG:BEND_ARC_1"", ""FOCC-1B19:BOTTOM_LONG:BEND_ARC_2""]",LOWER_BOUND,LOWER_BOUND,12,22,2460.0,"{""BEND_ARC"": ""SHAPE_FOUND_LENGTH_BLOCKED"", ""COMPLETE_BAR"": ""LOWER_BOUND"", ""END_HOOK_45"": ""SHAPE_FOUND_LENGTH_BLOCKED"", ""SHAPE"": ""SOURCE_FOUND_EXPLICIT (U with 45° ends)"", ""STRAIGHT_RUN"": ""KNOWN_STRAIGHT_SEGMENT"", ""UPTURN_LEG"": ""SHAPE_FOUND_LENGTH_BLOCKED""}","[""E-PDF-01""]",45° end drawn at the leg top (SHAPE_FOUND); hook length not dimensioned or noted
S4.1-D0277,PORTION_DECOMPOSITION,research/alsenan_footing_rebar_s4/S4_FREEZE_MANIFEST.json (e3633af+code:0d11810b780ae8f8),FOCC-1B19:BOTTOM_LONG,FOCC-1B19,F6,BOTTOM_LONG,FOOTING_BOTTOM_LONG,END_HOOK_2,VERIFIED,0.0,ST7757.pdf p.13 'TYP. DETAIL OF ISOLATED FOOTING' (both variants),ST7757.pdf p.13,p13:S-REIN.D long_bar_U (SHALLOW + DEEP),GRAPHIC_EXPLICIT_SHAPE_ONLY,U BAR = STRAIGHT_RUN + LEFT/RIGHT_UPTURN_LEG + LEFT/RIGHT_45_DEG_END (+2 bends); frozen straight length kept as KNOWN_STRAIGHT_SEGMENT; COMPLETE_BAR = LOWER_BOUND,SHAPE_FOUND_LENGTH_BLOCKED,NONE,0.0,0.0,"[""FOCC-1B19:BOTTOM_LONG:UPTURN_LEG_1"", ""FOCC-1B19:BOTTOM_LONG:UPTURN_LEG_2"", ""FOCC-1B19:BOTTOM_LONG:END_HOOK_1"", ""FOCC-1B19:BOTTOM_LONG:END_HOOK_2"", ""FOCC-1B19:BOTTOM_LONG:BEND_ARC_1"", ""FOCC-1B19:BOTTOM_LONG:BEND_ARC_2""]",LOWER_BOUND,LOWER_BOUND,12,22,2460.0,"{""BEND_ARC"": ""SHAPE_FOUND_LENGTH_BLOCKED"", ""COMPLETE_BAR"": ""LOWER_BOUND"", ""END_HOOK_45"": ""SHAPE_FOUND_LENGTH_BLOCKED"", ""SHAPE"": ""SOURCE_FOUND_EXPLICIT (U with 45° ends)"", ""STRAIGHT_RUN"": ""KNOWN_STRAIGHT_SEGMENT"", ""UPTURN_LEG"": ""SHAPE_FOUND_LENGTH_BLOCKED""}","[""E-PDF-01""]",45° end drawn at the leg top (SHAPE_FOUND); hook length not dimensioned or noted
S4.1-D0278,PORTION_DECOMPOSITION,research/alsenan_footing_rebar_s4/S4_FREEZE_MANIFEST.json (e3633af+code:0d11810b780ae8f8),FOCC-1B19:BOTTOM_LONG,FOCC-1B19,F6,BOTTOM_LONG,FOOTING_BOTTOM_LONG,BEND_ARC_1,VERIFIED,0.0,ST7757.pdf p.13 'TYP. DETAIL OF ISOLATED FOOTING' (both variants),ST7757.pdf p.13,p13:S-REIN.D long_bar_U (SHALLOW + DEEP),GRAPHIC_EXPLICIT_SHAPE_ONLY,U BAR = STRAIGHT_RUN + LEFT/RIGHT_UPTURN_LEG + LEFT/RIGHT_45_DEG_END (+2 bends); frozen straight length kept as KNOWN_STRAIGHT_SEGMENT; COMPLETE_BAR = LOWER_BOUND,SHAPE_FOUND_LENGTH_BLOCKED,NONE,0.0,0.0,"[""FOCC-1B19:BOTTOM_LONG:UPTURN_LEG_1"", ""FOCC-1B19:BOTTOM_LONG:UPTURN_LEG_2"", ""FOCC-1B19:BOTTOM_LONG:END_HOOK_1"", ""FOCC-1B19:BOTTOM_LONG:END_HOOK_2"", ""FOCC-1B19:BOTTOM_LONG:BEND_ARC_1"", ""FOCC-1B19:BOTTOM_LONG:BEND_ARC_2""]",LOWER_BOUND,LOWER_BOUND,12,22,2460.0,"{""BEND_ARC"": ""SHAPE_FOUND_LENGTH_BLOCKED"", ""COMPLETE_BAR"": ""LOWER_BOUND"", ""END_HOOK_45"": ""SHAPE_FOUND_LENGTH_BLOCKED"", ""SHAPE"": ""SOURCE_FOUND_EXPLICIT (U with 45° ends)"", ""STRAIGHT_RUN"": ""KNOWN_STRAIGHT_SEGMENT"", ""UPTURN_LEG"": ""SHAPE_FOUND_LENGTH_BLOCKED""}","[""E-PDF-01""]",bend at the base / leg corner exists (shared vertex); bend radius not drawn or noted
S4.1-D0279,PORTION_DECOMPOSITION,research/alsenan_footing_rebar_s4/S4_FREEZE_MANIFEST.json (e3633af+code:0d11810b780ae8f8),FOCC-1B19:BOTTOM_LONG,FOCC-1B19,F6,BOTTOM_LONG,FOOTING_BOTTOM_LONG,BEND_ARC_2,VERIFIED,0.0,ST7757.pdf p.13 'TYP. DETAIL OF ISOLATED FOOTING' (both variants),ST7757.pdf p.13,p13:S-REIN.D long_bar_U (SHALLOW + DEEP),GRAPHIC_EXPLICIT_SHAPE_ONLY,U BAR = STRAIGHT_RUN + LEFT/RIGHT_UPTURN_LEG + LEFT/RIGHT_45_DEG_END (+2 bends); frozen straight length kept as KNOWN_STRAIGHT_SEGMENT; COMPLETE_BAR = LOWER_BOUND,SHAPE_FOUND_LENGTH_BLOCKED,NONE,0.0,0.0,"[""FOCC-1B19:BOTTOM_LONG:UPTURN_LEG_1"", ""FOCC-1B19:BOTTOM_LONG:UPTURN_LEG_2"", ""FOCC-1B19:BOTTOM_LONG:END_HOOK_1"", ""FOCC-1B19:BOTTOM_LONG:END_HOOK_2"", ""FOCC-1B19:BOTTOM_LONG:BEND_ARC_1"", ""FOCC-1B19:BOTTOM_LONG:BEND_ARC_2""]",LOWER_BOUND,LOWER_BOUND,12,22,2460.0,"{""BEND_ARC"": ""SHAPE_FOUND_LENGTH_BLOCKED"", ""COMPLETE_BAR"": ""LOWER_BOUND"", ""END_HOOK_45"": ""SHAPE_FOUND_LENGTH_BLOCKED"", ""SHAPE"": ""SOURCE_FOUND_EXPLICIT (U with 45° ends)"", ""STRAIGHT_RUN"": ""KNOWN_STRAIGHT_SEGMENT"", ""UPTURN_LEG"": ""SHAPE_FOUND_LENGTH_BLOCKED""}","[""E-PDF-01""]",bend at the base / leg corner exists (shared vertex); bend radius not drawn or noted
S4.1-D0280,SEMANTIC_CORRECTION,research/alsenan_footing_rebar_s4/S4_FREEZE_MANIFEST.json (e3633af+code:0d11810b780ae8f8),FOCC-1B19:BOTTOM_SHORT,FOCC-1B19,F6,BOTTOM_SHORT,FOOTING_BOTTOM_SHORT,STRAIGHT_RUN,VERIFIED,43.946667,ST7757.pdf p.13 'TYP. DETAIL OF ISOLATED FOOTING' (both variants),ST7757.pdf p.13,p13:S-REIN.D dots in section,GRAPHIC_NTS_OR_UNDIMENSIONED,"STRAIGHT_RUN (frozen, KNOWN_STRAIGHT_SEGMENT) + END_TREATMENT_1/2 (not drawn); the long-bar U is NOT copied; COMPLETE_BAR = LOWER_BOUND",KNOWN_STRAIGHT_SEGMENT,FROZEN_SOURCE_QUANTITY,0.0,43.946667,"[""FOCC-1B19:BOTTOM_SHORT:END_TREATMENT_1"", ""FOCC-1B19:BOTTOM_SHORT:END_TREATMENT_2""]",LOWER_BOUND,LOWER_BOUND,12,24,2060.0,"{""COMPLETE_BAR"": ""LOWER_BOUND"", ""END_TREATMENT"": ""BLOCKED_UNQUANTIFIED"", ""SHAPE"": ""NOT_DRAWN (dots in section only)"", ""STRAIGHT_RUN"": ""KNOWN_STRAIGHT_SEGMENT""}","[""E-PDF-01""]","frozen straight length stays valid known steel; the p.13 detail shows short bars only as dots, so 'straight' is not supported: VERIFIED -> KNOWN_STRAIGHT_SEGMENT, COMPLETE_BAR LOWER_BOUND"
S4.1-D0281,PORTION_DECOMPOSITION,research/alsenan_footing_rebar_s4/S4_FREEZE_MANIFEST.json (e3633af+code:0d11810b780ae8f8),FOCC-1B19:BOTTOM_SHORT,FOCC-1B19,F6,BOTTOM_SHORT,FOOTING_BOTTOM_SHORT,END_TREATMENT_1,VERIFIED,0.0,ST7757.pdf p.13 'TYP. DETAIL OF ISOLATED FOOTING' (both variants),ST7757.pdf p.13,p13:S-REIN.D dots in section,NO_GRAPHIC_EVIDENCE,"STRAIGHT_RUN (frozen, KNOWN_STRAIGHT_SEGMENT) + END_TREATMENT_1/2 (not drawn); the long-bar U is NOT copied; COMPLETE_BAR = LOWER_BOUND",BLOCKED_UNQUANTIFIED,NONE,0.0,0.0,"[""FOCC-1B19:BOTTOM_SHORT:END_TREATMENT_1"", ""FOCC-1B19:BOTTOM_SHORT:END_TREATMENT_2""]",LOWER_BOUND,LOWER_BOUND,12,24,2060.0,"{""COMPLETE_BAR"": ""LOWER_BOUND"", ""END_TREATMENT"": ""BLOCKED_UNQUANTIFIED"", ""SHAPE"": ""NOT_DRAWN (dots in section only)"", ""STRAIGHT_RUN"": ""KNOWN_STRAIGHT_SEGMENT""}","[""E-PDF-01""]",end shape not drawn anywhere in the set (S4-13); the long-bar U is not copied (brief §4)
S4.1-D0282,PORTION_DECOMPOSITION,research/alsenan_footing_rebar_s4/S4_FREEZE_MANIFEST.json (e3633af+code:0d11810b780ae8f8),FOCC-1B19:BOTTOM_SHORT,FOCC-1B19,F6,BOTTOM_SHORT,FOOTING_BOTTOM_SHORT,END_TREATMENT_2,VERIFIED,0.0,ST7757.pdf p.13 'TYP. DETAIL OF ISOLATED FOOTING' (both variants),ST7757.pdf p.13,p13:S-REIN.D dots in section,NO_GRAPHIC_EVIDENCE,"STRAIGHT_RUN (frozen, KNOWN_STRAIGHT_SEGMENT) + END_TREATMENT_1/2 (not drawn); the long-bar U is NOT copied; COMPLETE_BAR = LOWER_BOUND",BLOCKED_UNQUANTIFIED,NONE,0.0,0.0,"[""FOCC-1B19:BOTTOM_SHORT:END_TREATMENT_1"", ""FOCC-1B19:BOTTOM_SHORT:END_TREATMENT_2""]",LOWER_BOUND,LOWER_BOUND,12,24,2060.0,"{""COMPLETE_BAR"": ""LOWER_BOUND"", ""END_TREATMENT"": ""BLOCKED_UNQUANTIFIED"", ""SHAPE"": ""NOT_DRAWN (dots in section only)"", ""STRAIGHT_RUN"": ""KNOWN_STRAIGHT_SEGMENT""}","[""E-PDF-01""]",end shape not drawn anywhere in the set (S4-13); the long-bar U is not copied (brief §4)
S4.1-D0283,NO_CHANGE,research/alsenan_footing_rebar_s4/S4_FREEZE_MANIFEST.json (e3633af+code:0d11810b780ae8f8),FOCC-1B19:TOP_LONG,FOCC-1B19,F6,TOP_LONG,FOOTING_TOP_LONG,WHOLE_COMPONENT,NOT_APPLICABLE,0.0,,,,NO_GRAPHIC_EVIDENCE,unchanged (frozen NOT_APPLICABLE),,NONE,0.0,0.0,[],NOT_APPLICABLE,NOT_APPLICABLE,,,,{},[],frozen NOT_APPLICABLE carried
S4.1-D0284,NO_CHANGE,research/alsenan_footing_rebar_s4/S4_FREEZE_MANIFEST.json (e3633af+code:0d11810b780ae8f8),FOCC-1B19:TOP_SHORT,FOCC-1B19,F6,TOP_SHORT,FOOTING_TOP_SHORT,WHOLE_COMPONENT,NOT_APPLICABLE,0.0,,,,NO_GRAPHIC_EVIDENCE,unchanged (frozen NOT_APPLICABLE),,NONE,0.0,0.0,[],NOT_APPLICABLE,NOT_APPLICABLE,,,,{},[],frozen NOT_APPLICABLE carried
S4.1-D0285,FACET_ADDED,research/alsenan_footing_rebar_s4/S4_FREEZE_MANIFEST.json (e3633af+code:0d11810b780ae8f8),FOCC-1B19:BOXED,FOCC-1B19,F6,BOXED,BOXED_REBAR,WHOLE_COMPONENT,BLOCKED_UNQUANTIFIED,0.0,ST7757.pdf p.13 'TYP. DETAIL OF ISOLATED FOOTING' (both variants),ST7757.pdf p.13,p13:S-REIN.D boxed_inverted_U (SHALLOW + DEEP),GRAPHIC_EXPLICIT_SHAPE_ONLY,"BOXED = inverted U (shape recorded); quantity blocked: no external diameter, no reading of 3+n",SHAPE_FOUND_LENGTH_BLOCKED,NONE,0.0,0.0,"[""FOCC-1B19:BOXED""]",BLOCKED_UNQUANTIFIED,BLOCKED_UNQUANTIFIED,,,,"{""BOXED_KG"": ""BLOCKED_UNQUANTIFIED"", ""COUNT"": ""BLOCKED (3+n unresolved)"", ""DIAMETER"": ""SOURCE_EXPECTED_NOT_LOCATED (S4-02)"", ""EXISTENCE"": ""SOURCE_FOUND_EXPLICIT (schedule cell '3+5')"", ""MEANING_OF_3_PLUS_N"": ""SOURCE_EXPECTED_NOT_LOCATED (S4-01)"", ""ORIENTATION"": ""SOURCE_EXPECTED_NOT_LOCATED (S4-04)"", ""SHAPE"": ""SOURCE_FOUND_EXPLICIT (inverted U, legs to the bottom-bar level, no hooks)""}","[""E-PDF-01"", ""E-DXF-01""]","shape facet found; count, diameter and orientation still not located"
S4.1-D0286,NO_CHANGE,research/alsenan_footing_rebar_s4/S4_FREEZE_MANIFEST.json (e3633af+code:0d11810b780ae8f8),FOCC-1B19:STARTER_DOWEL_REFERENCE,FOCC-1B19,F6,STARTER_DOWEL_REFERENCE,STARTER,WHOLE_COMPONENT,NOT_APPLICABLE,0.0,,,,NO_GRAPHIC_EVIDENCE,unchanged (frozen NOT_APPLICABLE),,NONE,0.0,0.0,[],NOT_APPLICABLE,NOT_APPLICABLE,,,,{},[],frozen NOT_APPLICABLE carried
S4.1-D0287,FACET_ADDED,research/alsenan_footing_rebar_s4/S4_FREEZE_MANIFEST.json (e3633af+code:0d11810b780ae8f8),FOCC-1B1A:BOTTOM_LONG,FOCC-1B1A,F14,BOTTOM_LONG,FOOTING_BOTTOM_LONG,STRAIGHT_RUN,LOWER_BOUND,128.416296,basis withdrawn (S4-12 / S4-14),,,NO_GRAPHIC_EVIDENCE,"STRAIGHT_RUN (frozen lower bound) + END_TREATMENT_1/2: the 'straight' basis came from the single-layer detail, now withdrawn -> END_TREATMENT_NOT_ESTABLISHED",KNOWN_STRAIGHT_SEGMENT,FROZEN_SOURCE_QUANTITY,0.0,128.416296,"[""FOCC-1B1A:BOTTOM_LONG:END_TREATMENT_1"", ""FOCC-1B1A:BOTTOM_LONG:END_TREATMENT_2""]",LOWER_BOUND,LOWER_BOUND,14,29,3660.0,"{""COMPLETE_BAR"": ""LOWER_BOUND"", ""EDGE_BAR_CONVENTION"": ""carried (S4-10)"", ""END_TREATMENT"": ""END_TREATMENT_NOT_ESTABLISHED (was STRAIGHT_SOURCE_SUPPORTED)""}","[""E-PDF-01"", ""E-PDF-03""]",frozen lower-bound straight run kept; end facet changed (no kg change)
S4.1-D0288,FACET_ADDED,research/alsenan_footing_rebar_s4/S4_FREEZE_MANIFEST.json (e3633af+code:0d11810b780ae8f8),FOCC-1B1A:BOTTOM_LONG,FOCC-1B1A,F14,BOTTOM_LONG,FOOTING_BOTTOM_LONG,END_TREATMENT_1,LOWER_BOUND,0.0,basis withdrawn (S4-12 / S4-14),,,NO_GRAPHIC_EVIDENCE,"STRAIGHT_RUN (frozen lower bound) + END_TREATMENT_1/2: the 'straight' basis came from the single-layer detail, now withdrawn -> END_TREATMENT_NOT_ESTABLISHED",BLOCKED_UNQUANTIFIED,NONE,0.0,0.0,"[""FOCC-1B1A:BOTTOM_LONG:END_TREATMENT_1"", ""FOCC-1B1A:BOTTOM_LONG:END_TREATMENT_2""]",LOWER_BOUND,LOWER_BOUND,14,29,3660.0,"{""COMPLETE_BAR"": ""LOWER_BOUND"", ""EDGE_BAR_CONVENTION"": ""carried (S4-10)"", ""END_TREATMENT"": ""END_TREATMENT_NOT_ESTABLISHED (was STRAIGHT_SOURCE_SUPPORTED)""}","[""E-PDF-01"", ""E-PDF-03""]",no two-layer detail for this mark (S4-14)
S4.1-D0289,FACET_ADDED,research/alsenan_footing_rebar_s4/S4_FREEZE_MANIFEST.json (e3633af+code:0d11810b780ae8f8),FOCC-1B1A:BOTTOM_LONG,FOCC-1B1A,F14,BOTTOM_LONG,FOOTING_BOTTOM_LONG,END_TREATMENT_2,LOWER_BOUND,0.0,basis withdrawn (S4-12 / S4-14),,,NO_GRAPHIC_EVIDENCE,"STRAIGHT_RUN (frozen lower bound) + END_TREATMENT_1/2: the 'straight' basis came from the single-layer detail, now withdrawn -> END_TREATMENT_NOT_ESTABLISHED",BLOCKED_UNQUANTIFIED,NONE,0.0,0.0,"[""FOCC-1B1A:BOTTOM_LONG:END_TREATMENT_1"", ""FOCC-1B1A:BOTTOM_LONG:END_TREATMENT_2""]",LOWER_BOUND,LOWER_BOUND,14,29,3660.0,"{""COMPLETE_BAR"": ""LOWER_BOUND"", ""EDGE_BAR_CONVENTION"": ""carried (S4-10)"", ""END_TREATMENT"": ""END_TREATMENT_NOT_ESTABLISHED (was STRAIGHT_SOURCE_SUPPORTED)""}","[""E-PDF-01"", ""E-PDF-03""]",no two-layer detail for this mark (S4-14)
S4.1-D0290,FACET_ADDED,research/alsenan_footing_rebar_s4/S4_FREEZE_MANIFEST.json (e3633af+code:0d11810b780ae8f8),FOCC-1B1A:BOTTOM_SHORT,FOCC-1B1A,F14,BOTTOM_SHORT,FOOTING_BOTTOM_SHORT,STRAIGHT_RUN,LOWER_BOUND,126.165926,basis withdrawn (S4-12 / S4-14),,,NO_GRAPHIC_EVIDENCE,"STRAIGHT_RUN (frozen lower bound) + END_TREATMENT_1/2: the 'straight' basis came from the single-layer detail, now withdrawn -> END_TREATMENT_NOT_ESTABLISHED",KNOWN_STRAIGHT_SEGMENT,FROZEN_SOURCE_QUANTITY,0.0,126.165926,"[""FOCC-1B1A:BOTTOM_SHORT:END_TREATMENT_1"", ""FOCC-1B1A:BOTTOM_SHORT:END_TREATMENT_2""]",LOWER_BOUND,LOWER_BOUND,14,33,3160.0,"{""COMPLETE_BAR"": ""LOWER_BOUND"", ""EDGE_BAR_CONVENTION"": ""carried (S4-10)"", ""END_TREATMENT"": ""END_TREATMENT_NOT_ESTABLISHED (was STRAIGHT_SOURCE_SUPPORTED)""}","[""E-PDF-01"", ""E-PDF-03""]",frozen lower-bound straight run kept; end facet changed (no kg change)
S4.1-D0291,FACET_ADDED,research/alsenan_footing_rebar_s4/S4_FREEZE_MANIFEST.json (e3633af+code:0d11810b780ae8f8),FOCC-1B1A:BOTTOM_SHORT,FOCC-1B1A,F14,BOTTOM_SHORT,FOOTING_BOTTOM_SHORT,END_TREATMENT_1,LOWER_BOUND,0.0,basis withdrawn (S4-12 / S4-14),,,NO_GRAPHIC_EVIDENCE,"STRAIGHT_RUN (frozen lower bound) + END_TREATMENT_1/2: the 'straight' basis came from the single-layer detail, now withdrawn -> END_TREATMENT_NOT_ESTABLISHED",BLOCKED_UNQUANTIFIED,NONE,0.0,0.0,"[""FOCC-1B1A:BOTTOM_SHORT:END_TREATMENT_1"", ""FOCC-1B1A:BOTTOM_SHORT:END_TREATMENT_2""]",LOWER_BOUND,LOWER_BOUND,14,33,3160.0,"{""COMPLETE_BAR"": ""LOWER_BOUND"", ""EDGE_BAR_CONVENTION"": ""carried (S4-10)"", ""END_TREATMENT"": ""END_TREATMENT_NOT_ESTABLISHED (was STRAIGHT_SOURCE_SUPPORTED)""}","[""E-PDF-01"", ""E-PDF-03""]",no two-layer detail for this mark (S4-14)
S4.1-D0292,FACET_ADDED,research/alsenan_footing_rebar_s4/S4_FREEZE_MANIFEST.json (e3633af+code:0d11810b780ae8f8),FOCC-1B1A:BOTTOM_SHORT,FOCC-1B1A,F14,BOTTOM_SHORT,FOOTING_BOTTOM_SHORT,END_TREATMENT_2,LOWER_BOUND,0.0,basis withdrawn (S4-12 / S4-14),,,NO_GRAPHIC_EVIDENCE,"STRAIGHT_RUN (frozen lower bound) + END_TREATMENT_1/2: the 'straight' basis came from the single-layer detail, now withdrawn -> END_TREATMENT_NOT_ESTABLISHED",BLOCKED_UNQUANTIFIED,NONE,0.0,0.0,"[""FOCC-1B1A:BOTTOM_SHORT:END_TREATMENT_1"", ""FOCC-1B1A:BOTTOM_SHORT:END_TREATMENT_2""]",LOWER_BOUND,LOWER_BOUND,14,33,3160.0,"{""COMPLETE_BAR"": ""LOWER_BOUND"", ""EDGE_BAR_CONVENTION"": ""carried (S4-10)"", ""END_TREATMENT"": ""END_TREATMENT_NOT_ESTABLISHED (was STRAIGHT_SOURCE_SUPPORTED)""}","[""E-PDF-01"", ""E-PDF-03""]",no two-layer detail for this mark (S4-14)
S4.1-D0293,NO_CHANGE,research/alsenan_footing_rebar_s4/S4_FREEZE_MANIFEST.json (e3633af+code:0d11810b780ae8f8),FOCC-1B1A:TOP_LONG,FOCC-1B1A,F14,TOP_LONG,FOOTING_TOP_LONG,WHOLE_COMPONENT,LOWER_BOUND,84.134815,,,,NO_GRAPHIC_EVIDENCE,"unchanged: frozen lower bound, END_TREATMENT_NOT_ESTABLISHED (S4-11)",,FROZEN_SOURCE_QUANTITY,0.0,84.134815,"[""FOCC-1B1A:TOP_LONG:END_TREATMENT""]",LOWER_BOUND,LOWER_BOUND,14,19,3660.0,"{""COMPLETE_BAR"": ""LOWER_BOUND"", ""END_TREATMENT"": ""END_TREATMENT_NOT_ESTABLISHED""}",[],already END_TREATMENT_NOT_ESTABLISHED
S4.1-D0294,NO_CHANGE,research/alsenan_footing_rebar_s4/S4_FREEZE_MANIFEST.json (e3633af+code:0d11810b780ae8f8),FOCC-1B1A:TOP_SHORT,FOCC-1B1A,F14,TOP_SHORT,FOOTING_TOP_SHORT,WHOLE_COMPONENT,LOWER_BOUND,84.110617,,,,NO_GRAPHIC_EVIDENCE,"unchanged: frozen lower bound, END_TREATMENT_NOT_ESTABLISHED (S4-11)",,FROZEN_SOURCE_QUANTITY,0.0,84.110617,"[""FOCC-1B1A:TOP_SHORT:END_TREATMENT""]",LOWER_BOUND,LOWER_BOUND,14,22,3160.0,"{""COMPLETE_BAR"": ""LOWER_BOUND"", ""END_TREATMENT"": ""END_TREATMENT_NOT_ESTABLISHED""}",[],already END_TREATMENT_NOT_ESTABLISHED
S4.1-D0295,NO_CHANGE,research/alsenan_footing_rebar_s4/S4_FREEZE_MANIFEST.json (e3633af+code:0d11810b780ae8f8),FOCC-1B1A:BOXED,FOCC-1B1A,F14,BOXED,BOXED_REBAR,WHOLE_COMPONENT,NOT_APPLICABLE,0.0,,,,NO_GRAPHIC_EVIDENCE,unchanged (frozen NOT_APPLICABLE),,NONE,0.0,0.0,[],NOT_APPLICABLE,NOT_APPLICABLE,,,,{},[],frozen NOT_APPLICABLE carried
S4.1-D0296,NO_CHANGE,research/alsenan_footing_rebar_s4/S4_FREEZE_MANIFEST.json (e3633af+code:0d11810b780ae8f8),FOCC-1B1A:STARTER_DOWEL_REFERENCE,FOCC-1B1A,F14,STARTER_DOWEL_REFERENCE,STARTER,WHOLE_COMPONENT,NOT_APPLICABLE,0.0,,,,NO_GRAPHIC_EVIDENCE,unchanged (frozen NOT_APPLICABLE),,NONE,0.0,0.0,[],NOT_APPLICABLE,NOT_APPLICABLE,,,,{},[],frozen NOT_APPLICABLE carried
S4.1-D0297,NO_CHANGE,research/alsenan_footing_rebar_s4/S4_FREEZE_MANIFEST.json (e3633af+code:0d11810b780ae8f8),FOCC-1B1B:BOTTOM_LONG,FOCC-1B1B,F|F10,BOTTOM_LONG,FOOTING_BOTTOM_LONG,WHOLE_COMPONENT,BLOCKED_UNQUANTIFIED,0.0,,,,NO_GRAPHIC_EVIDENCE,unchanged: F / F10 occurrence conflict awaits the engineer (S4-09); not resolved by inference,,NONE,0.0,0.0,[],BLOCKED_UNQUANTIFIED,BLOCKED_UNQUANTIFIED,,,,{},"[""E-DXF-10""]",PENDING_ENGINEER_CLARIFICATION (brief §20)
S4.1-D0298,NO_CHANGE,research/alsenan_footing_rebar_s4/S4_FREEZE_MANIFEST.json (e3633af+code:0d11810b780ae8f8),FOCC-1B1B:BOTTOM_SHORT,FOCC-1B1B,F|F10,BOTTOM_SHORT,FOOTING_BOTTOM_SHORT,WHOLE_COMPONENT,BLOCKED_UNQUANTIFIED,0.0,,,,NO_GRAPHIC_EVIDENCE,unchanged: F / F10 occurrence conflict awaits the engineer (S4-09); not resolved by inference,,NONE,0.0,0.0,[],BLOCKED_UNQUANTIFIED,BLOCKED_UNQUANTIFIED,,,,{},"[""E-DXF-10""]",PENDING_ENGINEER_CLARIFICATION (brief §20)
S4.1-D0299,NO_CHANGE,research/alsenan_footing_rebar_s4/S4_FREEZE_MANIFEST.json (e3633af+code:0d11810b780ae8f8),FOCC-1B1B:TOP_LONG,FOCC-1B1B,F|F10,TOP_LONG,FOOTING_TOP_LONG,WHOLE_COMPONENT,NOT_APPLICABLE,0.0,,,,NO_GRAPHIC_EVIDENCE,unchanged (frozen NOT_APPLICABLE),,NONE,0.0,0.0,[],NOT_APPLICABLE,NOT_APPLICABLE,,,,{},[],frozen NOT_APPLICABLE carried
S4.1-D0300,NO_CHANGE,research/alsenan_footing_rebar_s4/S4_FREEZE_MANIFEST.json (e3633af+code:0d11810b780ae8f8),FOCC-1B1B:TOP_SHORT,FOCC-1B1B,F|F10,TOP_SHORT,FOOTING_TOP_SHORT,WHOLE_COMPONENT,NOT_APPLICABLE,0.0,,,,NO_GRAPHIC_EVIDENCE,unchanged (frozen NOT_APPLICABLE),,NONE,0.0,0.0,[],NOT_APPLICABLE,NOT_APPLICABLE,,,,{},[],frozen NOT_APPLICABLE carried
S4.1-D0301,NO_CHANGE,research/alsenan_footing_rebar_s4/S4_FREEZE_MANIFEST.json (e3633af+code:0d11810b780ae8f8),FOCC-1B1B:BOXED,FOCC-1B1B,F|F10,BOXED,BOXED_REBAR,WHOLE_COMPONENT,BLOCKED_UNQUANTIFIED,0.0,,,,NO_GRAPHIC_EVIDENCE,unchanged: F / F10 occurrence conflict awaits the engineer (S4-09); not resolved by inference,,NONE,0.0,0.0,[],BLOCKED_UNQUANTIFIED,BLOCKED_UNQUANTIFIED,,,,{},"[""E-DXF-10""]",PENDING_ENGINEER_CLARIFICATION (brief §20)
S4.1-D0302,NO_CHANGE,research/alsenan_footing_rebar_s4/S4_FREEZE_MANIFEST.json (e3633af+code:0d11810b780ae8f8),FOCC-1B1B:STARTER_DOWEL_REFERENCE,FOCC-1B1B,F|F10,STARTER_DOWEL_REFERENCE,STARTER,WHOLE_COMPONENT,NOT_APPLICABLE,0.0,,,,NO_GRAPHIC_EVIDENCE,unchanged (frozen NOT_APPLICABLE),,NONE,0.0,0.0,[],NOT_APPLICABLE,NOT_APPLICABLE,,,,{},[],frozen NOT_APPLICABLE carried
S4.1-D0303,FACET_ADDED,research/alsenan_footing_rebar_s4/S4_FREEZE_MANIFEST.json (e3633af+code:0d11810b780ae8f8),FOCC-1B24:BOTTOM_LONG,FOCC-1B24,F8,BOTTOM_LONG,FOOTING_BOTTOM_LONG,STRAIGHT_RUN,LOWER_BOUND,149.443951,basis withdrawn (S4-12 / S4-14),,,NO_GRAPHIC_EVIDENCE,"STRAIGHT_RUN (frozen lower bound) + END_TREATMENT_1/2: the 'straight' basis came from the single-layer detail, now withdrawn -> END_TREATMENT_NOT_ESTABLISHED",KNOWN_STRAIGHT_SEGMENT,FROZEN_SOURCE_QUANTITY,0.0,149.443951,"[""FOCC-1B24:BOTTOM_LONG:END_TREATMENT_1"", ""FOCC-1B24:BOTTOM_LONG:END_TREATMENT_2""]",LOWER_BOUND,LOWER_BOUND,14,32,3860.0,"{""COMPLETE_BAR"": ""LOWER_BOUND"", ""EDGE_BAR_CONVENTION"": ""carried (S4-10)"", ""END_TREATMENT"": ""END_TREATMENT_NOT_ESTABLISHED (was STRAIGHT_SOURCE_SUPPORTED)""}","[""E-PDF-01"", ""E-PDF-03""]",frozen lower-bound straight run kept; end facet changed (no kg change)
S4.1-D0304,FACET_ADDED,research/alsenan_footing_rebar_s4/S4_FREEZE_MANIFEST.json (e3633af+code:0d11810b780ae8f8),FOCC-1B24:BOTTOM_LONG,FOCC-1B24,F8,BOTTOM_LONG,FOOTING_BOTTOM_LONG,END_TREATMENT_1,LOWER_BOUND,0.0,basis withdrawn (S4-12 / S4-14),,,NO_GRAPHIC_EVIDENCE,"STRAIGHT_RUN (frozen lower bound) + END_TREATMENT_1/2: the 'straight' basis came from the single-layer detail, now withdrawn -> END_TREATMENT_NOT_ESTABLISHED",BLOCKED_UNQUANTIFIED,NONE,0.0,0.0,"[""FOCC-1B24:BOTTOM_LONG:END_TREATMENT_1"", ""FOCC-1B24:BOTTOM_LONG:END_TREATMENT_2""]",LOWER_BOUND,LOWER_BOUND,14,32,3860.0,"{""COMPLETE_BAR"": ""LOWER_BOUND"", ""EDGE_BAR_CONVENTION"": ""carried (S4-10)"", ""END_TREATMENT"": ""END_TREATMENT_NOT_ESTABLISHED (was STRAIGHT_SOURCE_SUPPORTED)""}","[""E-PDF-01"", ""E-PDF-03""]",no two-layer detail for this mark (S4-14)
S4.1-D0305,FACET_ADDED,research/alsenan_footing_rebar_s4/S4_FREEZE_MANIFEST.json (e3633af+code:0d11810b780ae8f8),FOCC-1B24:BOTTOM_LONG,FOCC-1B24,F8,BOTTOM_LONG,FOOTING_BOTTOM_LONG,END_TREATMENT_2,LOWER_BOUND,0.0,basis withdrawn (S4-12 / S4-14),,,NO_GRAPHIC_EVIDENCE,"STRAIGHT_RUN (frozen lower bound) + END_TREATMENT_1/2: the 'straight' basis came from the single-layer detail, now withdrawn -> END_TREATMENT_NOT_ESTABLISHED",BLOCKED_UNQUANTIFIED,NONE,0.0,0.0,"[""FOCC-1B24:BOTTOM_LONG:END_TREATMENT_1"", ""FOCC-1B24:BOTTOM_LONG:END_TREATMENT_2""]",LOWER_BOUND,LOWER_BOUND,14,32,3860.0,"{""COMPLETE_BAR"": ""LOWER_BOUND"", ""EDGE_BAR_CONVENTION"": ""carried (S4-10)"", ""END_TREATMENT"": ""END_TREATMENT_NOT_ESTABLISHED (was STRAIGHT_SOURCE_SUPPORTED)""}","[""E-PDF-01"", ""E-PDF-03""]",no two-layer detail for this mark (S4-14)
S4.1-D0306,FACET_ADDED,research/alsenan_footing_rebar_s4/S4_FREEZE_MANIFEST.json (e3633af+code:0d11810b780ae8f8),FOCC-1B24:BOTTOM_SHORT,FOCC-1B24,F8,BOTTOM_SHORT,FOOTING_BOTTOM_SHORT,STRAIGHT_RUN,LOWER_BOUND,146.516049,basis withdrawn (S4-12 / S4-14),,,NO_GRAPHIC_EVIDENCE,"STRAIGHT_RUN (frozen lower bound) + END_TREATMENT_1/2: the 'straight' basis came from the single-layer detail, now withdrawn -> END_TREATMENT_NOT_ESTABLISHED",KNOWN_STRAIGHT_SEGMENT,FROZEN_SOURCE_QUANTITY,0.0,146.516049,"[""FOCC-1B24:BOTTOM_SHORT:END_TREATMENT_1"", ""FOCC-1B24:BOTTOM_SHORT:END_TREATMENT_2""]",LOWER_BOUND,LOWER_BOUND,14,35,3460.0,"{""COMPLETE_BAR"": ""LOWER_BOUND"", ""EDGE_BAR_CONVENTION"": ""carried (S4-10)"", ""END_TREATMENT"": ""END_TREATMENT_NOT_ESTABLISHED (was STRAIGHT_SOURCE_SUPPORTED)""}","[""E-PDF-01"", ""E-PDF-03""]",frozen lower-bound straight run kept; end facet changed (no kg change)
S4.1-D0307,FACET_ADDED,research/alsenan_footing_rebar_s4/S4_FREEZE_MANIFEST.json (e3633af+code:0d11810b780ae8f8),FOCC-1B24:BOTTOM_SHORT,FOCC-1B24,F8,BOTTOM_SHORT,FOOTING_BOTTOM_SHORT,END_TREATMENT_1,LOWER_BOUND,0.0,basis withdrawn (S4-12 / S4-14),,,NO_GRAPHIC_EVIDENCE,"STRAIGHT_RUN (frozen lower bound) + END_TREATMENT_1/2: the 'straight' basis came from the single-layer detail, now withdrawn -> END_TREATMENT_NOT_ESTABLISHED",BLOCKED_UNQUANTIFIED,NONE,0.0,0.0,"[""FOCC-1B24:BOTTOM_SHORT:END_TREATMENT_1"", ""FOCC-1B24:BOTTOM_SHORT:END_TREATMENT_2""]",LOWER_BOUND,LOWER_BOUND,14,35,3460.0,"{""COMPLETE_BAR"": ""LOWER_BOUND"", ""EDGE_BAR_CONVENTION"": ""carried (S4-10)"", ""END_TREATMENT"": ""END_TREATMENT_NOT_ESTABLISHED (was STRAIGHT_SOURCE_SUPPORTED)""}","[""E-PDF-01"", ""E-PDF-03""]",no two-layer detail for this mark (S4-14)
S4.1-D0308,FACET_ADDED,research/alsenan_footing_rebar_s4/S4_FREEZE_MANIFEST.json (e3633af+code:0d11810b780ae8f8),FOCC-1B24:BOTTOM_SHORT,FOCC-1B24,F8,BOTTOM_SHORT,FOOTING_BOTTOM_SHORT,END_TREATMENT_2,LOWER_BOUND,0.0,basis withdrawn (S4-12 / S4-14),,,NO_GRAPHIC_EVIDENCE,"STRAIGHT_RUN (frozen lower bound) + END_TREATMENT_1/2: the 'straight' basis came from the single-layer detail, now withdrawn -> END_TREATMENT_NOT_ESTABLISHED",BLOCKED_UNQUANTIFIED,NONE,0.0,0.0,"[""FOCC-1B24:BOTTOM_SHORT:END_TREATMENT_1"", ""FOCC-1B24:BOTTOM_SHORT:END_TREATMENT_2""]",LOWER_BOUND,LOWER_BOUND,14,35,3460.0,"{""COMPLETE_BAR"": ""LOWER_BOUND"", ""EDGE_BAR_CONVENTION"": ""carried (S4-10)"", ""END_TREATMENT"": ""END_TREATMENT_NOT_ESTABLISHED (was STRAIGHT_SOURCE_SUPPORTED)""}","[""E-PDF-01"", ""E-PDF-03""]",no two-layer detail for this mark (S4-14)
S4.1-D0309,NO_CHANGE,research/alsenan_footing_rebar_s4/S4_FREEZE_MANIFEST.json (e3633af+code:0d11810b780ae8f8),FOCC-1B24:TOP_LONG,FOCC-1B24,F8,TOP_LONG,FOOTING_TOP_LONG,WHOLE_COMPONENT,LOWER_BOUND,98.072593,,,,NO_GRAPHIC_EVIDENCE,"unchanged: frozen lower bound, END_TREATMENT_NOT_ESTABLISHED (S4-11)",,FROZEN_SOURCE_QUANTITY,0.0,98.072593,"[""FOCC-1B24:TOP_LONG:END_TREATMENT""]",LOWER_BOUND,LOWER_BOUND,14,21,3860.0,"{""COMPLETE_BAR"": ""LOWER_BOUND"", ""END_TREATMENT"": ""END_TREATMENT_NOT_ESTABLISHED""}",[],already END_TREATMENT_NOT_ESTABLISHED
S4.1-D0310,NO_CHANGE,research/alsenan_footing_rebar_s4/S4_FREEZE_MANIFEST.json (e3633af+code:0d11810b780ae8f8),FOCC-1B24:TOP_SHORT,FOCC-1B24,F8,TOP_SHORT,FOOTING_TOP_SHORT,WHOLE_COMPONENT,LOWER_BOUND,100.468148,,,,NO_GRAPHIC_EVIDENCE,"unchanged: frozen lower bound, END_TREATMENT_NOT_ESTABLISHED (S4-11)",,FROZEN_SOURCE_QUANTITY,0.0,100.468148,"[""FOCC-1B24:TOP_SHORT:END_TREATMENT""]",LOWER_BOUND,LOWER_BOUND,14,24,3460.0,"{""COMPLETE_BAR"": ""LOWER_BOUND"", ""END_TREATMENT"": ""END_TREATMENT_NOT_ESTABLISHED""}",[],already END_TREATMENT_NOT_ESTABLISHED
S4.1-D0311,NO_CHANGE,research/alsenan_footing_rebar_s4/S4_FREEZE_MANIFEST.json (e3633af+code:0d11810b780ae8f8),FOCC-1B24:BOXED,FOCC-1B24,F8,BOXED,BOXED_REBAR,WHOLE_COMPONENT,NOT_APPLICABLE,0.0,,,,NO_GRAPHIC_EVIDENCE,unchanged (frozen NOT_APPLICABLE),,NONE,0.0,0.0,[],NOT_APPLICABLE,NOT_APPLICABLE,,,,{},[],frozen NOT_APPLICABLE carried
S4.1-D0312,NO_CHANGE,research/alsenan_footing_rebar_s4/S4_FREEZE_MANIFEST.json (e3633af+code:0d11810b780ae8f8),FOCC-1B24:STARTER_DOWEL_REFERENCE,FOCC-1B24,F8,STARTER_DOWEL_REFERENCE,STARTER,WHOLE_COMPONENT,NOT_APPLICABLE,0.0,,,,NO_GRAPHIC_EVIDENCE,unchanged (frozen NOT_APPLICABLE),,NONE,0.0,0.0,[],NOT_APPLICABLE,NOT_APPLICABLE,,,,{},[],frozen NOT_APPLICABLE carried
S4.1-D0313,SEMANTIC_CORRECTION,research/alsenan_footing_rebar_s4/S4_FREEZE_MANIFEST.json (e3633af+code:0d11810b780ae8f8),FOCC-1B2A:BOTTOM_LONG,FOCC-1B2A,F15,BOTTOM_LONG,FOOTING_BOTTOM_LONG,STRAIGHT_RUN,VERIFIED,11.804444,ST7757.pdf p.13 'TYP. DETAIL OF ISOLATED FOOTING' (both variants),ST7757.pdf p.13,p13:S-REIN.D long_bar_U (SHALLOW + DEEP),GRAPHIC_EXPLICIT_SHAPE_ONLY,U BAR = STRAIGHT_RUN + LEFT/RIGHT_UPTURN_LEG + LEFT/RIGHT_45_DEG_END (+2 bends); frozen straight length kept as KNOWN_STRAIGHT_SEGMENT; COMPLETE_BAR = LOWER_BOUND,KNOWN_STRAIGHT_SEGMENT,FROZEN_SOURCE_QUANTITY,0.0,11.804444,"[""FOCC-1B2A:BOTTOM_LONG:UPTURN_LEG_1"", ""FOCC-1B2A:BOTTOM_LONG:UPTURN_LEG_2"", ""FOCC-1B2A:BOTTOM_LONG:END_HOOK_1"", ""FOCC-1B2A:BOTTOM_LONG:END_HOOK_2"", ""FOCC-1B2A:BOTTOM_LONG:BEND_ARC_1"", ""FOCC-1B2A:BOTTOM_LONG:BEND_ARC_2""]",LOWER_BOUND,LOWER_BOUND,12,8,1660.0,"{""BEND_ARC"": ""SHAPE_FOUND_LENGTH_BLOCKED"", ""COMPLETE_BAR"": ""LOWER_BOUND"", ""END_HOOK_45"": ""SHAPE_FOUND_LENGTH_BLOCKED"", ""SHAPE"": ""SOURCE_FOUND_EXPLICIT (U with 45° ends)"", ""STRAIGHT_RUN"": ""KNOWN_STRAIGHT_SEGMENT"", ""UPTURN_LEG"": ""SHAPE_FOUND_LENGTH_BLOCKED""}","[""E-PDF-01""]","frozen straight length (schedule span - 2 x 70 mm cover) stays valid known steel; the p.13 drawing shows this run as the base of a U, so the complete bar is longer: VERIFIED (complete straight bar) -> KNOWN_STRAIGHT_SEGMENT, COMPLETE_BAR LOWER_BOUND"
S4.1-D0314,PORTION_DECOMPOSITION,research/alsenan_footing_rebar_s4/S4_FREEZE_MANIFEST.json (e3633af+code:0d11810b780ae8f8),FOCC-1B2A:BOTTOM_LONG,FOCC-1B2A,F15,BOTTOM_LONG,FOOTING_BOTTOM_LONG,UPTURN_LEG_1,VERIFIED,0.0,ST7757.pdf p.13 'TYP. DETAIL OF ISOLATED FOOTING' (both variants),ST7757.pdf p.13,p13:S-REIN.D long_bar_U (SHALLOW + DEEP),GRAPHIC_EXPLICIT_SHAPE_ONLY,U BAR = STRAIGHT_RUN + LEFT/RIGHT_UPTURN_LEG + LEFT/RIGHT_45_DEG_END (+2 bends); frozen straight length kept as KNOWN_STRAIGHT_SEGMENT; COMPLETE_BAR = LOWER_BOUND,SHAPE_FOUND_LENGTH_BLOCKED,NONE,0.0,0.0,"[""FOCC-1B2A:BOTTOM_LONG:UPTURN_LEG_1"", ""FOCC-1B2A:BOTTOM_LONG:UPTURN_LEG_2"", ""FOCC-1B2A:BOTTOM_LONG:END_HOOK_1"", ""FOCC-1B2A:BOTTOM_LONG:END_HOOK_2"", ""FOCC-1B2A:BOTTOM_LONG:BEND_ARC_1"", ""FOCC-1B2A:BOTTOM_LONG:BEND_ARC_2""]",LOWER_BOUND,LOWER_BOUND,12,8,1660.0,"{""BEND_ARC"": ""SHAPE_FOUND_LENGTH_BLOCKED"", ""COMPLETE_BAR"": ""LOWER_BOUND"", ""END_HOOK_45"": ""SHAPE_FOUND_LENGTH_BLOCKED"", ""SHAPE"": ""SOURCE_FOUND_EXPLICIT (U with 45° ends)"", ""STRAIGHT_RUN"": ""KNOWN_STRAIGHT_SEGMENT"", ""UPTURN_LEG"": ""SHAPE_FOUND_LENGTH_BLOCKED""}","[""E-PDF-01""]","leg drawn (shares the bottom-run vertex) but its top endpoint is not bound to a dimensioned level: rule-B derivation from D, cover and bar levels fails (ENDPOINTS_DETERMINISTIC); no length by scale"
S4.1-D0315,PORTION_DECOMPOSITION,research/alsenan_footing_rebar_s4/S4_FREEZE_MANIFEST.json (e3633af+code:0d11810b780ae8f8),FOCC-1B2A:BOTTOM_LONG,FOCC-1B2A,F15,BOTTOM_LONG,FOOTING_BOTTOM_LONG,UPTURN_LEG_2,VERIFIED,0.0,ST7757.pdf p.13 'TYP. DETAIL OF ISOLATED FOOTING' (both variants),ST7757.pdf p.13,p13:S-REIN.D long_bar_U (SHALLOW + DEEP),GRAPHIC_EXPLICIT_SHAPE_ONLY,U BAR = STRAIGHT_RUN + LEFT/RIGHT_UPTURN_LEG + LEFT/RIGHT_45_DEG_END (+2 bends); frozen straight length kept as KNOWN_STRAIGHT_SEGMENT; COMPLETE_BAR = LOWER_BOUND,SHAPE_FOUND_LENGTH_BLOCKED,NONE,0.0,0.0,"[""FOCC-1B2A:BOTTOM_LONG:UPTURN_LEG_1"", ""FOCC-1B2A:BOTTOM_LONG:UPTURN_LEG_2"", ""FOCC-1B2A:BOTTOM_LONG:END_HOOK_1"", ""FOCC-1B2A:BOTTOM_LONG:END_HOOK_2"", ""FOCC-1B2A:BOTTOM_LONG:BEND_ARC_1"", ""FOCC-1B2A:BOTTOM_LONG:BEND_ARC_2""]",LOWER_BOUND,LOWER_BOUND,12,8,1660.0,"{""BEND_ARC"": ""SHAPE_FOUND_LENGTH_BLOCKED"", ""COMPLETE_BAR"": ""LOWER_BOUND"", ""END_HOOK_45"": ""SHAPE_FOUND_LENGTH_BLOCKED"", ""SHAPE"": ""SOURCE_FOUND_EXPLICIT (U with 45° ends)"", ""STRAIGHT_RUN"": ""KNOWN_STRAIGHT_SEGMENT"", ""UPTURN_LEG"": ""SHAPE_FOUND_LENGTH_BLOCKED""}","[""E-PDF-01""]","leg drawn (shares the bottom-run vertex) but its top endpoint is not bound to a dimensioned level: rule-B derivation from D, cover and bar levels fails (ENDPOINTS_DETERMINISTIC); no length by scale"
S4.1-D0316,PORTION_DECOMPOSITION,research/alsenan_footing_rebar_s4/S4_FREEZE_MANIFEST.json (e3633af+code:0d11810b780ae8f8),FOCC-1B2A:BOTTOM_LONG,FOCC-1B2A,F15,BOTTOM_LONG,FOOTING_BOTTOM_LONG,END_HOOK_1,VERIFIED,0.0,ST7757.pdf p.13 'TYP. DETAIL OF ISOLATED FOOTING' (both variants),ST7757.pdf p.13,p13:S-REIN.D long_bar_U (SHALLOW + DEEP),GRAPHIC_EXPLICIT_SHAPE_ONLY,U BAR = STRAIGHT_RUN + LEFT/RIGHT_UPTURN_LEG + LEFT/RIGHT_45_DEG_END (+2 bends); frozen straight length kept as KNOWN_STRAIGHT_SEGMENT; COMPLETE_BAR = LOWER_BOUND,SHAPE_FOUND_LENGTH_BLOCKED,NONE,0.0,0.0,"[""FOCC-1B2A:BOTTOM_LONG:UPTURN_LEG_1"", ""FOCC-1B2A:BOTTOM_LONG:UPTURN_LEG_2"", ""FOCC-1B2A:BOTTOM_LONG:END_HOOK_1"", ""FOCC-1B2A:BOTTOM_LONG:END_HOOK_2"", ""FOCC-1B2A:BOTTOM_LONG:BEND_ARC_1"", ""FOCC-1B2A:BOTTOM_LONG:BEND_ARC_2""]",LOWER_BOUND,LOWER_BOUND,12,8,1660.0,"{""BEND_ARC"": ""SHAPE_FOUND_LENGTH_BLOCKED"", ""COMPLETE_BAR"": ""LOWER_BOUND"", ""END_HOOK_45"": ""SHAPE_FOUND_LENGTH_BLOCKED"", ""SHAPE"": ""SOURCE_FOUND_EXPLICIT (U with 45° ends)"", ""STRAIGHT_RUN"": ""KNOWN_STRAIGHT_SEGMENT"", ""UPTURN_LEG"": ""SHAPE_FOUND_LENGTH_BLOCKED""}","[""E-PDF-01""]",45° end drawn at the leg top (SHAPE_FOUND); hook length not dimensioned or noted
S4.1-D0317,PORTION_DECOMPOSITION,research/alsenan_footing_rebar_s4/S4_FREEZE_MANIFEST.json (e3633af+code:0d11810b780ae8f8),FOCC-1B2A:BOTTOM_LONG,FOCC-1B2A,F15,BOTTOM_LONG,FOOTING_BOTTOM_LONG,END_HOOK_2,VERIFIED,0.0,ST7757.pdf p.13 'TYP. DETAIL OF ISOLATED FOOTING' (both variants),ST7757.pdf p.13,p13:S-REIN.D long_bar_U (SHALLOW + DEEP),GRAPHIC_EXPLICIT_SHAPE_ONLY,U BAR = STRAIGHT_RUN + LEFT/RIGHT_UPTURN_LEG + LEFT/RIGHT_45_DEG_END (+2 bends); frozen straight length kept as KNOWN_STRAIGHT_SEGMENT; COMPLETE_BAR = LOWER_BOUND,SHAPE_FOUND_LENGTH_BLOCKED,NONE,0.0,0.0,"[""FOCC-1B2A:BOTTOM_LONG:UPTURN_LEG_1"", ""FOCC-1B2A:BOTTOM_LONG:UPTURN_LEG_2"", ""FOCC-1B2A:BOTTOM_LONG:END_HOOK_1"", ""FOCC-1B2A:BOTTOM_LONG:END_HOOK_2"", ""FOCC-1B2A:BOTTOM_LONG:BEND_ARC_1"", ""FOCC-1B2A:BOTTOM_LONG:BEND_ARC_2""]",LOWER_BOUND,LOWER_BOUND,12,8,1660.0,"{""BEND_ARC"": ""SHAPE_FOUND_LENGTH_BLOCKED"", ""COMPLETE_BAR"": ""LOWER_BOUND"", ""END_HOOK_45"": ""SHAPE_FOUND_LENGTH_BLOCKED"", ""SHAPE"": ""SOURCE_FOUND_EXPLICIT (U with 45° ends)"", ""STRAIGHT_RUN"": ""KNOWN_STRAIGHT_SEGMENT"", ""UPTURN_LEG"": ""SHAPE_FOUND_LENGTH_BLOCKED""}","[""E-PDF-01""]",45° end drawn at the leg top (SHAPE_FOUND); hook length not dimensioned or noted
S4.1-D0318,PORTION_DECOMPOSITION,research/alsenan_footing_rebar_s4/S4_FREEZE_MANIFEST.json (e3633af+code:0d11810b780ae8f8),FOCC-1B2A:BOTTOM_LONG,FOCC-1B2A,F15,BOTTOM_LONG,FOOTING_BOTTOM_LONG,BEND_ARC_1,VERIFIED,0.0,ST7757.pdf p.13 'TYP. DETAIL OF ISOLATED FOOTING' (both variants),ST7757.pdf p.13,p13:S-REIN.D long_bar_U (SHALLOW + DEEP),GRAPHIC_EXPLICIT_SHAPE_ONLY,U BAR = STRAIGHT_RUN + LEFT/RIGHT_UPTURN_LEG + LEFT/RIGHT_45_DEG_END (+2 bends); frozen straight length kept as KNOWN_STRAIGHT_SEGMENT; COMPLETE_BAR = LOWER_BOUND,SHAPE_FOUND_LENGTH_BLOCKED,NONE,0.0,0.0,"[""FOCC-1B2A:BOTTOM_LONG:UPTURN_LEG_1"", ""FOCC-1B2A:BOTTOM_LONG:UPTURN_LEG_2"", ""FOCC-1B2A:BOTTOM_LONG:END_HOOK_1"", ""FOCC-1B2A:BOTTOM_LONG:END_HOOK_2"", ""FOCC-1B2A:BOTTOM_LONG:BEND_ARC_1"", ""FOCC-1B2A:BOTTOM_LONG:BEND_ARC_2""]",LOWER_BOUND,LOWER_BOUND,12,8,1660.0,"{""BEND_ARC"": ""SHAPE_FOUND_LENGTH_BLOCKED"", ""COMPLETE_BAR"": ""LOWER_BOUND"", ""END_HOOK_45"": ""SHAPE_FOUND_LENGTH_BLOCKED"", ""SHAPE"": ""SOURCE_FOUND_EXPLICIT (U with 45° ends)"", ""STRAIGHT_RUN"": ""KNOWN_STRAIGHT_SEGMENT"", ""UPTURN_LEG"": ""SHAPE_FOUND_LENGTH_BLOCKED""}","[""E-PDF-01""]",bend at the base / leg corner exists (shared vertex); bend radius not drawn or noted
S4.1-D0319,PORTION_DECOMPOSITION,research/alsenan_footing_rebar_s4/S4_FREEZE_MANIFEST.json (e3633af+code:0d11810b780ae8f8),FOCC-1B2A:BOTTOM_LONG,FOCC-1B2A,F15,BOTTOM_LONG,FOOTING_BOTTOM_LONG,BEND_ARC_2,VERIFIED,0.0,ST7757.pdf p.13 'TYP. DETAIL OF ISOLATED FOOTING' (both variants),ST7757.pdf p.13,p13:S-REIN.D long_bar_U (SHALLOW + DEEP),GRAPHIC_EXPLICIT_SHAPE_ONLY,U BAR = STRAIGHT_RUN + LEFT/RIGHT_UPTURN_LEG + LEFT/RIGHT_45_DEG_END (+2 bends); frozen straight length kept as KNOWN_STRAIGHT_SEGMENT; COMPLETE_BAR = LOWER_BOUND,SHAPE_FOUND_LENGTH_BLOCKED,NONE,0.0,0.0,"[""FOCC-1B2A:BOTTOM_LONG:UPTURN_LEG_1"", ""FOCC-1B2A:BOTTOM_LONG:UPTURN_LEG_2"", ""FOCC-1B2A:BOTTOM_LONG:END_HOOK_1"", ""FOCC-1B2A:BOTTOM_LONG:END_HOOK_2"", ""FOCC-1B2A:BOTTOM_LONG:BEND_ARC_1"", ""FOCC-1B2A:BOTTOM_LONG:BEND_ARC_2""]",LOWER_BOUND,LOWER_BOUND,12,8,1660.0,"{""BEND_ARC"": ""SHAPE_FOUND_LENGTH_BLOCKED"", ""COMPLETE_BAR"": ""LOWER_BOUND"", ""END_HOOK_45"": ""SHAPE_FOUND_LENGTH_BLOCKED"", ""SHAPE"": ""SOURCE_FOUND_EXPLICIT (U with 45° ends)"", ""STRAIGHT_RUN"": ""KNOWN_STRAIGHT_SEGMENT"", ""UPTURN_LEG"": ""SHAPE_FOUND_LENGTH_BLOCKED""}","[""E-PDF-01""]",bend at the base / leg corner exists (shared vertex); bend radius not drawn or noted
S4.1-D0320,SEMANTIC_CORRECTION,research/alsenan_footing_rebar_s4/S4_FREEZE_MANIFEST.json (e3633af+code:0d11810b780ae8f8),FOCC-1B2A:BOTTOM_SHORT,FOCC-1B2A,F15,BOTTOM_SHORT,FOOTING_BOTTOM_SHORT,STRAIGHT_RUN,VERIFIED,11.466667,ST7757.pdf p.13 'TYP. DETAIL OF ISOLATED FOOTING' (both variants),ST7757.pdf p.13,p13:S-REIN.D dots in section,GRAPHIC_NTS_OR_UNDIMENSIONED,"STRAIGHT_RUN (frozen, KNOWN_STRAIGHT_SEGMENT) + END_TREATMENT_1/2 (not drawn); the long-bar U is NOT copied; COMPLETE_BAR = LOWER_BOUND",KNOWN_STRAIGHT_SEGMENT,FROZEN_SOURCE_QUANTITY,0.0,11.466667,"[""FOCC-1B2A:BOTTOM_SHORT:END_TREATMENT_1"", ""FOCC-1B2A:BOTTOM_SHORT:END_TREATMENT_2""]",LOWER_BOUND,LOWER_BOUND,12,15,860.0,"{""COMPLETE_BAR"": ""LOWER_BOUND"", ""END_TREATMENT"": ""BLOCKED_UNQUANTIFIED"", ""SHAPE"": ""NOT_DRAWN (dots in section only)"", ""STRAIGHT_RUN"": ""KNOWN_STRAIGHT_SEGMENT""}","[""E-PDF-01""]","frozen straight length stays valid known steel; the p.13 detail shows short bars only as dots, so 'straight' is not supported: VERIFIED -> KNOWN_STRAIGHT_SEGMENT, COMPLETE_BAR LOWER_BOUND"
S4.1-D0321,PORTION_DECOMPOSITION,research/alsenan_footing_rebar_s4/S4_FREEZE_MANIFEST.json (e3633af+code:0d11810b780ae8f8),FOCC-1B2A:BOTTOM_SHORT,FOCC-1B2A,F15,BOTTOM_SHORT,FOOTING_BOTTOM_SHORT,END_TREATMENT_1,VERIFIED,0.0,ST7757.pdf p.13 'TYP. DETAIL OF ISOLATED FOOTING' (both variants),ST7757.pdf p.13,p13:S-REIN.D dots in section,NO_GRAPHIC_EVIDENCE,"STRAIGHT_RUN (frozen, KNOWN_STRAIGHT_SEGMENT) + END_TREATMENT_1/2 (not drawn); the long-bar U is NOT copied; COMPLETE_BAR = LOWER_BOUND",BLOCKED_UNQUANTIFIED,NONE,0.0,0.0,"[""FOCC-1B2A:BOTTOM_SHORT:END_TREATMENT_1"", ""FOCC-1B2A:BOTTOM_SHORT:END_TREATMENT_2""]",LOWER_BOUND,LOWER_BOUND,12,15,860.0,"{""COMPLETE_BAR"": ""LOWER_BOUND"", ""END_TREATMENT"": ""BLOCKED_UNQUANTIFIED"", ""SHAPE"": ""NOT_DRAWN (dots in section only)"", ""STRAIGHT_RUN"": ""KNOWN_STRAIGHT_SEGMENT""}","[""E-PDF-01""]",end shape not drawn anywhere in the set (S4-13); the long-bar U is not copied (brief §4)
S4.1-D0322,PORTION_DECOMPOSITION,research/alsenan_footing_rebar_s4/S4_FREEZE_MANIFEST.json (e3633af+code:0d11810b780ae8f8),FOCC-1B2A:BOTTOM_SHORT,FOCC-1B2A,F15,BOTTOM_SHORT,FOOTING_BOTTOM_SHORT,END_TREATMENT_2,VERIFIED,0.0,ST7757.pdf p.13 'TYP. DETAIL OF ISOLATED FOOTING' (both variants),ST7757.pdf p.13,p13:S-REIN.D dots in section,NO_GRAPHIC_EVIDENCE,"STRAIGHT_RUN (frozen, KNOWN_STRAIGHT_SEGMENT) + END_TREATMENT_1/2 (not drawn); the long-bar U is NOT copied; COMPLETE_BAR = LOWER_BOUND",BLOCKED_UNQUANTIFIED,NONE,0.0,0.0,"[""FOCC-1B2A:BOTTOM_SHORT:END_TREATMENT_1"", ""FOCC-1B2A:BOTTOM_SHORT:END_TREATMENT_2""]",LOWER_BOUND,LOWER_BOUND,12,15,860.0,"{""COMPLETE_BAR"": ""LOWER_BOUND"", ""END_TREATMENT"": ""BLOCKED_UNQUANTIFIED"", ""SHAPE"": ""NOT_DRAWN (dots in section only)"", ""STRAIGHT_RUN"": ""KNOWN_STRAIGHT_SEGMENT""}","[""E-PDF-01""]",end shape not drawn anywhere in the set (S4-13); the long-bar U is not copied (brief §4)
S4.1-D0323,NO_CHANGE,research/alsenan_footing_rebar_s4/S4_FREEZE_MANIFEST.json (e3633af+code:0d11810b780ae8f8),FOCC-1B2A:TOP_LONG,FOCC-1B2A,F15,TOP_LONG,FOOTING_TOP_LONG,WHOLE_COMPONENT,NOT_APPLICABLE,0.0,,,,NO_GRAPHIC_EVIDENCE,unchanged (frozen NOT_APPLICABLE),,NONE,0.0,0.0,[],NOT_APPLICABLE,NOT_APPLICABLE,,,,{},[],frozen NOT_APPLICABLE carried
S4.1-D0324,NO_CHANGE,research/alsenan_footing_rebar_s4/S4_FREEZE_MANIFEST.json (e3633af+code:0d11810b780ae8f8),FOCC-1B2A:TOP_SHORT,FOCC-1B2A,F15,TOP_SHORT,FOOTING_TOP_SHORT,WHOLE_COMPONENT,NOT_APPLICABLE,0.0,,,,NO_GRAPHIC_EVIDENCE,unchanged (frozen NOT_APPLICABLE),,NONE,0.0,0.0,[],NOT_APPLICABLE,NOT_APPLICABLE,,,,{},[],frozen NOT_APPLICABLE carried
S4.1-D0325,FACET_ADDED,research/alsenan_footing_rebar_s4/S4_FREEZE_MANIFEST.json (e3633af+code:0d11810b780ae8f8),FOCC-1B2A:BOXED,FOCC-1B2A,F15,BOXED,BOXED_REBAR,WHOLE_COMPONENT,BLOCKED_UNQUANTIFIED,0.0,ST7757.pdf p.13 'TYP. DETAIL OF ISOLATED FOOTING' (both variants),ST7757.pdf p.13,p13:S-REIN.D boxed_inverted_U (SHALLOW + DEEP),GRAPHIC_EXPLICIT_SHAPE_ONLY,"BOXED = inverted U (shape recorded); quantity blocked: no external diameter, no reading of 3+n",SHAPE_FOUND_LENGTH_BLOCKED,NONE,0.0,0.0,"[""FOCC-1B2A:BOXED""]",BLOCKED_UNQUANTIFIED,BLOCKED_UNQUANTIFIED,,,,"{""BOXED_KG"": ""BLOCKED_UNQUANTIFIED"", ""COUNT"": ""BLOCKED (3+n unresolved)"", ""DIAMETER"": ""SOURCE_EXPECTED_NOT_LOCATED (S4-02)"", ""EXISTENCE"": ""SOURCE_FOUND_EXPLICIT (schedule cell '3+4')"", ""MEANING_OF_3_PLUS_N"": ""SOURCE_EXPECTED_NOT_LOCATED (S4-01)"", ""ORIENTATION"": ""SOURCE_EXPECTED_NOT_LOCATED (S4-04)"", ""SHAPE"": ""SOURCE_FOUND_EXPLICIT (inverted U, legs to the bottom-bar level, no hooks)""}","[""E-PDF-01"", ""E-DXF-01""]","shape facet found; count, diameter and orientation still not located"
S4.1-D0326,NO_CHANGE,research/alsenan_footing_rebar_s4/S4_FREEZE_MANIFEST.json (e3633af+code:0d11810b780ae8f8),FOCC-1B2A:STARTER_DOWEL_REFERENCE,FOCC-1B2A,F15,STARTER_DOWEL_REFERENCE,STARTER,WHOLE_COMPONENT,NOT_APPLICABLE,0.0,,,,NO_GRAPHIC_EVIDENCE,unchanged (frozen NOT_APPLICABLE),,NONE,0.0,0.0,[],NOT_APPLICABLE,NOT_APPLICABLE,,,,{},[],frozen NOT_APPLICABLE carried
S4.1-D0327,FACET_ADDED,research/alsenan_footing_rebar_s4/S4_FREEZE_MANIFEST.json (e3633af+code:0d11810b780ae8f8),FOCC-1B2B:BOTTOM_LONG,FOCC-1B2B,FF,BOTTOM_LONG,FOOTING_BOTTOM_LONG,STRAIGHT_RUN,LOWER_BOUND,215.841975,ST7757.pdf p.14 'DETAIL OF LIFT WITH ISOLATED FOOTING (WITHOUT BASEMENT)',ST7757.pdf p.14,p14:S-REIN.D footing loop,GRAPHIC_NTS_OR_UNDIMENSIONED,"STRAIGHT_RUN (frozen lower bound) + END_TREATMENT_1/2: the 'straight' basis came from the single-layer detail, now withdrawn -> END_TREATMENT_NOT_ESTABLISHED",KNOWN_STRAIGHT_SEGMENT,FROZEN_SOURCE_QUANTITY,0.0,215.841975,"[""FOCC-1B2B:BOTTOM_LONG:END_TREATMENT_1"", ""FOCC-1B2B:BOTTOM_LONG:END_TREATMENT_2""]",LOWER_BOUND,LOWER_BOUND,14,40,4460.0,"{""COMPLETE_BAR"": ""LOWER_BOUND"", ""EDGE_BAR_CONVENTION"": ""carried (S4-10)"", ""END_TREATMENT"": ""END_TREATMENT_NOT_ESTABLISHED (was STRAIGHT_SOURCE_SUPPORTED)""}","[""E-PDF-01"", ""E-PDF-03""]",frozen lower-bound straight run kept; end facet changed (no kg change)
S4.1-D0328,FACET_ADDED,research/alsenan_footing_rebar_s4/S4_FREEZE_MANIFEST.json (e3633af+code:0d11810b780ae8f8),FOCC-1B2B:BOTTOM_LONG,FOCC-1B2B,FF,BOTTOM_LONG,FOOTING_BOTTOM_LONG,END_TREATMENT_1,LOWER_BOUND,0.0,ST7757.pdf p.14 'DETAIL OF LIFT WITH ISOLATED FOOTING (WITHOUT BASEMENT)',ST7757.pdf p.14,p14:S-REIN.D footing loop,GRAPHIC_NTS_OR_UNDIMENSIONED,"STRAIGHT_RUN (frozen lower bound) + END_TREATMENT_1/2: the 'straight' basis came from the single-layer detail, now withdrawn -> END_TREATMENT_NOT_ESTABLISHED",BLOCKED_UNQUANTIFIED,NONE,0.0,0.0,"[""FOCC-1B2B:BOTTOM_LONG:END_TREATMENT_1"", ""FOCC-1B2B:BOTTOM_LONG:END_TREATMENT_2""]",LOWER_BOUND,LOWER_BOUND,14,40,4460.0,"{""COMPLETE_BAR"": ""LOWER_BOUND"", ""EDGE_BAR_CONVENTION"": ""carried (S4-10)"", ""END_TREATMENT"": ""END_TREATMENT_NOT_ESTABLISHED (was STRAIGHT_SOURCE_SUPPORTED)""}","[""E-PDF-01"", ""E-PDF-03""]","FF: the p.14 loop cannot pair 6/m top with 9/m bottom bars (QA only, S4-11)"
S4.1-D0329,FACET_ADDED,research/alsenan_footing_rebar_s4/S4_FREEZE_MANIFEST.json (e3633af+code:0d11810b780ae8f8),FOCC-1B2B:BOTTOM_LONG,FOCC-1B2B,FF,BOTTOM_LONG,FOOTING_BOTTOM_LONG,END_TREATMENT_2,LOWER_BOUND,0.0,ST7757.pdf p.14 'DETAIL OF LIFT WITH ISOLATED FOOTING (WITHOUT BASEMENT)',ST7757.pdf p.14,p14:S-REIN.D footing loop,GRAPHIC_NTS_OR_UNDIMENSIONED,"STRAIGHT_RUN (frozen lower bound) + END_TREATMENT_1/2: the 'straight' basis came from the single-layer detail, now withdrawn -> END_TREATMENT_NOT_ESTABLISHED",BLOCKED_UNQUANTIFIED,NONE,0.0,0.0,"[""FOCC-1B2B:BOTTOM_LONG:END_TREATMENT_1"", ""FOCC-1B2B:BOTTOM_LONG:END_TREATMENT_2""]",LOWER_BOUND,LOWER_BOUND,14,40,4460.0,"{""COMPLETE_BAR"": ""LOWER_BOUND"", ""EDGE_BAR_CONVENTION"": ""carried (S4-10)"", ""END_TREATMENT"": ""END_TREATMENT_NOT_ESTABLISHED (was STRAIGHT_SOURCE_SUPPORTED)""}","[""E-PDF-01"", ""E-PDF-03""]","FF: the p.14 loop cannot pair 6/m top with 9/m bottom bars (QA only, S4-11)"
S4.1-D0330,FACET_ADDED,research/alsenan_footing_rebar_s4/S4_FREEZE_MANIFEST.json (e3633af+code:0d11810b780ae8f8),FOCC-1B2B:BOTTOM_SHORT,FOCC-1B2B,FF,BOTTOM_SHORT,FOOTING_BOTTOM_SHORT,STRAIGHT_RUN,LOWER_BOUND,216.277531,ST7757.pdf p.14 'DETAIL OF LIFT WITH ISOLATED FOOTING (WITHOUT BASEMENT)',ST7757.pdf p.14,p14:S-REIN.D footing loop,GRAPHIC_NTS_OR_UNDIMENSIONED,"STRAIGHT_RUN (frozen lower bound) + END_TREATMENT_1/2: the 'straight' basis came from the single-layer detail, now withdrawn -> END_TREATMENT_NOT_ESTABLISHED",KNOWN_STRAIGHT_SEGMENT,FROZEN_SOURCE_QUANTITY,0.0,216.277531,"[""FOCC-1B2B:BOTTOM_SHORT:END_TREATMENT_1"", ""FOCC-1B2B:BOTTOM_SHORT:END_TREATMENT_2""]",LOWER_BOUND,LOWER_BOUND,14,41,4360.0,"{""COMPLETE_BAR"": ""LOWER_BOUND"", ""EDGE_BAR_CONVENTION"": ""carried (S4-10)"", ""END_TREATMENT"": ""END_TREATMENT_NOT_ESTABLISHED (was STRAIGHT_SOURCE_SUPPORTED)""}","[""E-PDF-01"", ""E-PDF-03""]",frozen lower-bound straight run kept; end facet changed (no kg change)
S4.1-D0331,FACET_ADDED,research/alsenan_footing_rebar_s4/S4_FREEZE_MANIFEST.json (e3633af+code:0d11810b780ae8f8),FOCC-1B2B:BOTTOM_SHORT,FOCC-1B2B,FF,BOTTOM_SHORT,FOOTING_BOTTOM_SHORT,END_TREATMENT_1,LOWER_BOUND,0.0,ST7757.pdf p.14 'DETAIL OF LIFT WITH ISOLATED FOOTING (WITHOUT BASEMENT)',ST7757.pdf p.14,p14:S-REIN.D footing loop,GRAPHIC_NTS_OR_UNDIMENSIONED,"STRAIGHT_RUN (frozen lower bound) + END_TREATMENT_1/2: the 'straight' basis came from the single-layer detail, now withdrawn -> END_TREATMENT_NOT_ESTABLISHED",BLOCKED_UNQUANTIFIED,NONE,0.0,0.0,"[""FOCC-1B2B:BOTTOM_SHORT:END_TREATMENT_1"", ""FOCC-1B2B:BOTTOM_SHORT:END_TREATMENT_2""]",LOWER_BOUND,LOWER_BOUND,14,41,4360.0,"{""COMPLETE_BAR"": ""LOWER_BOUND"", ""EDGE_BAR_CONVENTION"": ""carried (S4-10)"", ""END_TREATMENT"": ""END_TREATMENT_NOT_ESTABLISHED (was STRAIGHT_SOURCE_SUPPORTED)""}","[""E-PDF-01"", ""E-PDF-03""]","FF: the p.14 loop cannot pair 6/m top with 9/m bottom bars (QA only, S4-11)"
S4.1-D0332,FACET_ADDED,research/alsenan_footing_rebar_s4/S4_FREEZE_MANIFEST.json (e3633af+code:0d11810b780ae8f8),FOCC-1B2B:BOTTOM_SHORT,FOCC-1B2B,FF,BOTTOM_SHORT,FOOTING_BOTTOM_SHORT,END_TREATMENT_2,LOWER_BOUND,0.0,ST7757.pdf p.14 'DETAIL OF LIFT WITH ISOLATED FOOTING (WITHOUT BASEMENT)',ST7757.pdf p.14,p14:S-REIN.D footing loop,GRAPHIC_NTS_OR_UNDIMENSIONED,"STRAIGHT_RUN (frozen lower bound) + END_TREATMENT_1/2: the 'straight' basis came from the single-layer detail, now withdrawn -> END_TREATMENT_NOT_ESTABLISHED",BLOCKED_UNQUANTIFIED,NONE,0.0,0.0,"[""FOCC-1B2B:BOTTOM_SHORT:END_TREATMENT_1"", ""FOCC-1B2B:BOTTOM_SHORT:END_TREATMENT_2""]",LOWER_BOUND,LOWER_BOUND,14,41,4360.0,"{""COMPLETE_BAR"": ""LOWER_BOUND"", ""EDGE_BAR_CONVENTION"": ""carried (S4-10)"", ""END_TREATMENT"": ""END_TREATMENT_NOT_ESTABLISHED (was STRAIGHT_SOURCE_SUPPORTED)""}","[""E-PDF-01"", ""E-PDF-03""]","FF: the p.14 loop cannot pair 6/m top with 9/m bottom bars (QA only, S4-11)"
S4.1-D0333,NO_CHANGE,research/alsenan_footing_rebar_s4/S4_FREEZE_MANIFEST.json (e3633af+code:0d11810b780ae8f8),FOCC-1B2B:TOP_LONG,FOCC-1B2B,FF,TOP_LONG,FOOTING_TOP_LONG,WHOLE_COMPONENT,LOWER_BOUND,145.693333,,,,NO_GRAPHIC_EVIDENCE,"unchanged: frozen lower bound, END_TREATMENT_NOT_ESTABLISHED (S4-11)",,FROZEN_SOURCE_QUANTITY,0.0,145.693333,"[""FOCC-1B2B:TOP_LONG:END_TREATMENT""]",LOWER_BOUND,LOWER_BOUND,14,27,4460.0,"{""COMPLETE_BAR"": ""LOWER_BOUND"", ""END_TREATMENT"": ""END_TREATMENT_NOT_ESTABLISHED""}",[],already END_TREATMENT_NOT_ESTABLISHED
S4.1-D0334,NO_CHANGE,research/alsenan_footing_rebar_s4/S4_FREEZE_MANIFEST.json (e3633af+code:0d11810b780ae8f8),FOCC-1B2B:TOP_SHORT,FOCC-1B2B,FF,TOP_SHORT,FOOTING_TOP_SHORT,WHOLE_COMPONENT,LOWER_BOUND,142.426667,,,,NO_GRAPHIC_EVIDENCE,"unchanged: frozen lower bound, END_TREATMENT_NOT_ESTABLISHED (S4-11)",,FROZEN_SOURCE_QUANTITY,0.0,142.426667,"[""FOCC-1B2B:TOP_SHORT:END_TREATMENT""]",LOWER_BOUND,LOWER_BOUND,14,27,4360.0,"{""COMPLETE_BAR"": ""LOWER_BOUND"", ""END_TREATMENT"": ""END_TREATMENT_NOT_ESTABLISHED""}",[],already END_TREATMENT_NOT_ESTABLISHED
S4.1-D0335,NO_CHANGE,research/alsenan_footing_rebar_s4/S4_FREEZE_MANIFEST.json (e3633af+code:0d11810b780ae8f8),FOCC-1B2B:BOXED,FOCC-1B2B,FF,BOXED,BOXED_REBAR,WHOLE_COMPONENT,NOT_APPLICABLE,0.0,,,,NO_GRAPHIC_EVIDENCE,unchanged (frozen NOT_APPLICABLE),,NONE,0.0,0.0,[],NOT_APPLICABLE,NOT_APPLICABLE,,,,{},[],frozen NOT_APPLICABLE carried
S4.1-D0336,OWNERSHIP_TRANSFER,research/alsenan_footing_rebar_s4/S4_FREEZE_MANIFEST.json (e3633af+code:0d11810b780ae8f8),FOCC-1B2B:OTHER_EXPLICIT_EXTRA,FOCC-1B2B,FF,OTHER_EXPLICIT_EXTRA,SPECIAL_DETAIL_BAR,WHOLE_COMPONENT,BLOCKED_UNQUANTIFIED,0.0,ST7757.pdf p.14 'DETAIL OF LIFT WITH ISOLATED FOOTING (WITHOUT BASEMENT)',ST7757.pdf p.14,p14:S-REIN.D dots + '2 Ø16' leaders; ST7757.dxf S-BW 10EA / 10EB,GRAPHIC_EXPLICIT_SHAPE_ONLY,PIT_WALL / WALL_BASE bars (2 top + 2 bottom Ø16 per cut wall) -> LIFT_PIT / SPECIAL_STRUCTURE (future S8); not FOOTING_REBAR,,NONE,0.0,0.0,[],TRANSFERRED_OUT,TRANSFERRED_OUT,,,,"{""ASSIGNMENT"": ""SOURCE_FOUND_DERIVED (S4-07)"", ""LENGTH_AND_WALL_COUNT"": ""SOURCE_EXPECTED_NOT_LOCATED (S4-08)"", ""OWNER"": ""LIFT_PIT / SPECIAL_STRUCTURE""}","[""E-PDF-03"", ""E-DXF-05""]","the '2 Ø16' leaders end on bars inside the cut pit-wall band: wall-base bars, not footing reinforcement; no kg in S4.1"
S4.1-D0337,NO_CHANGE,research/alsenan_footing_rebar_s4/S4_FREEZE_MANIFEST.json (e3633af+code:0d11810b780ae8f8),FOCC-1B2B:STARTER_DOWEL_REFERENCE,FOCC-1B2B,FF,STARTER_DOWEL_REFERENCE,STARTER,WHOLE_COMPONENT,NOT_APPLICABLE,0.0,,,,NO_GRAPHIC_EVIDENCE,unchanged (frozen NOT_APPLICABLE),,NONE,0.0,0.0,[],NOT_APPLICABLE,NOT_APPLICABLE,,,,{},[],frozen NOT_APPLICABLE carried
