BAR_RUN_ROW_ID,S7_ITEM_ID,FLOOR,SUPPORT_ID,PANEL_ID,DIRECTION,STRIP_ID,END_CLASS,BEYOND_PANEL,STRIP_WIDTH_MM,OWN_CLEAR_SPAN_MEAN_MM,OPPOSITE_CLEAR_SPAN_MEAN_MM,OPPOSITE_MATCHED_WIDTH_MM,OPPOSITE_UNMATCHED_WIDTH_MM,OPPOSITE_AMBIGUOUS_WIDTH_MM,OPPOSITE_STRIPS,KG_A,KG_B,KG_C,KG_D1,KG_D2,KG_E,S7_FROZEN_KG,RECOMPUTED_A_REL_DEVIATION
S7-0207-001,S7-0207,2F_ROOF_SLAB,SUP-2F_ROOF_SLAB-001,SP-2F_ROOF_SLAB-04,X,LBS-2F_ROOF_SLAB-04-X-002,END_NON_CONTINUOUS,SP-2F_ROOF_SLAB-09,118.267,3000,,0,118.267,0,[],0.365021605,0.182510803,0.182510803,0.273766204,0.273766204,0.365021605,0.365021605,0
S7-0207-002,S7-0207,2F_ROOF_SLAB,SUP-2F_ROOF_SLAB-001,SP-2F_ROOF_SLAB-04,X,LBS-2F_ROOF_SLAB-04-X-003,END_NON_CONTINUOUS,SP-2F_ROOF_SLAB-09,92.302,3000,,0,92.302,0,[],0.284882716,0.142441358,0.142441358,0.213662037,0.213662037,0.284882716,0.284882716,0.000000001
S7-0207-003,S7-0207,2F_ROOF_SLAB,SUP-2F_ROOF_SLAB-001,SP-2F_ROOF_SLAB-04,X,LBS-2F_ROOF_SLAB-04-X-004,END_NON_CONTINUOUS,SP-2F_ROOF_SLAB-09,107.698,3000,,0,107.698,0,[],0.332401235,0.166200618,0.166200618,0.249300926,0.249300926,0.332401235,0.332401235,-0.000000001
S7-0207-004,S7-0207,2F_ROOF_SLAB,SUP-2F_ROOF_SLAB-001,SP-2F_ROOF_SLAB-04,X,LBS-2F_ROOF_SLAB-04-X-005,END_NON_CONTINUOUS,SP-2F_ROOF_SLAB-09,81.733,3000,,0,81.733,0,[],0.252262346,0.126131173,0.126131173,0.18919676,0.18919676,0.252262346,0.252262346,-0.000000001
S7-0207-005,S7-0207,2F_ROOF_SLAB,SUP-2F_ROOF_SLAB-001,SP-2F_ROOF_SLAB-04,X,LBS-2F_ROOF_SLAB-04-X-006,END_NON_CONTINUOUS,SP-2F_ROOF_SLAB-09,118.267,3000,,0,118.267,0,[],0.365021605,0.182510803,0.182510803,0.273766204,0.273766204,0.365021605,0.365021605,0
S7-0207-006,S7-0207,2F_ROOF_SLAB,SUP-2F_ROOF_SLAB-001,SP-2F_ROOF_SLAB-04,X,LBS-2F_ROOF_SLAB-04-X-007,END_NON_CONTINUOUS,SP-2F_ROOF_SLAB-09,120.295,3000,,0,120.295,0,[],0.371280864,0.185640432,0.185640432,0.278460648,0.278460648,0.371280864,0.371280864,0.000000001
S7-0207-007,S7-0207,2F_ROOF_SLAB,SUP-2F_ROOF_SLAB-001,SP-2F_ROOF_SLAB-04,X,LBS-2F_ROOF_SLAB-04-X-008,END_NON_CONTINUOUS,SP-2F_ROOF_SLAB-09,679.705,3000,,0,679.705,0,[],2.097854938,1.048927469,1.048927469,1.573391203,1.573391203,2.097854938,2.097854938,0.000000001
S7-0207-008,S7-0207,2F_ROOF_SLAB,SUP-2F_ROOF_SLAB-001,SP-2F_ROOF_SLAB-04,X,LBS-2F_ROOF_SLAB-04-X-009,END_NON_CONTINUOUS,SP-2F_ROOF_SLAB-09,300,3000,,0,300,0,[],0.925925926,0.462962963,0.462962963,0.694444444,0.694444444,0.925925926,0.925925926,0.000000001
S7-0207-009,S7-0207,2F_ROOF_SLAB,SUP-2F_ROOF_SLAB-001,SP-2F_ROOF_SLAB-04,X,LBS-2F_ROOF_SLAB-04-X-010,END_NON_CONTINUOUS,SP-2F_ROOF_SLAB-09,200,3000,,0,200,0,[],0.617283951,0.308641975,0.308641975,0.462962963,0.462962963,0.617283951,0.617283951,0
S7-0207-010,S7-0207,2F_ROOF_SLAB,SUP-2F_ROOF_SLAB-001,SP-2F_ROOF_SLAB-04,X,LBS-2F_ROOF_SLAB-04-X-011,END_NON_CONTINUOUS,SP-2F_ROOF_SLAB-09,2700,3000,,0,2700,0,[],8.333333333,4.166666667,4.166666667,6.25,6.25,8.333333333,8.333333333,0.000000001
S7-0207-011,S7-0207,2F_ROOF_SLAB,SUP-2F_ROOF_SLAB-001,SP-2F_ROOF_SLAB-04,X,LBS-2F_ROOF_SLAB-04-X-012,END_NON_CONTINUOUS,SP-2F_ROOF_SLAB-09,179.706,3000,,0,179.706,0,[],0.554648148,0.277324074,0.277324074,0.415986111,0.415986111,0.554648148,0.554648148,0.000000001
S7-0207-012,S7-0207,2F_ROOF_SLAB,SUP-2F_ROOF_SLAB-001,SP-2F_ROOF_SLAB-04,X,LBS-2F_ROOF_SLAB-04-X-013,END_NON_CONTINUOUS,SP-2F_ROOF_SLAB-09,22.035,3000,,0,22.035,0,[],0.068009259,0.03400463,0.03400463,0.051006944,0.051006944,0.068009259,0.068009259,0.000000004
S7-0207-013,S7-0207,2F_ROOF_SLAB,SUP-2F_ROOF_SLAB-001,SP-2F_ROOF_SLAB-04,X,LBS-2F_ROOF_SLAB-04-X-014,END_NON_CONTINUOUS,SP-2F_ROOF_SLAB-09,25.995,3000,,0,25.995,0,[],0.080231481,0.04011574,0.04011574,0.060173611,0.060173611,0.080231481,0.080231481,0.000000007
S7-0207-014,S7-0207,2F_ROOF_SLAB,SUP-2F_ROOF_SLAB-001,SP-2F_ROOF_SLAB-04,X,LBS-2F_ROOF_SLAB-04-X-015,END_NON_CONTINUOUS,SP-2F_ROOF_SLAB-09,25.797,3000,,0,25.797,0,[],0.07962037,0.039810185,0.039810185,0.059715277,0.059715277,0.07962037,0.07962037,0.000000005
S7-0207-015,S7-0207,2F_ROOF_SLAB,SUP-2F_ROOF_SLAB-001,SP-2F_ROOF_SLAB-04,X,LBS-2F_ROOF_SLAB-04-X-016,END_NON_CONTINUOUS,SP-2F_ROOF_SLAB-09,25.403,3000,,0,25.403,0,[],0.078404321,0.03920216,0.03920216,0.058803241,0.058803241,0.078404321,0.078404321,0
S7-0207-016,S7-0207,2F_ROOF_SLAB,SUP-2F_ROOF_SLAB-001,SP-2F_ROOF_SLAB-04,X,LBS-2F_ROOF_SLAB-04-X-017,END_NON_CONTINUOUS,SP-2F_ROOF_SLAB-09,21.064,3000,,0,21.064,0,[],0.065012346,0.032506173,0.032506173,0.04875926,0.04875926,0.065012346,0.065012346,-0.000000004
S7-0208-001,S7-0208,GF_ROOF_SLAB,SUP-GF_ROOF_SLAB-003,SP-GF_ROOF_SLAB-14,X,LBS-GF_ROOF_SLAB-14-X-001,END_CONTINUOUS_SPLIT,SP-GF_ROOF_SLAB-17,600,1312.677591183,3932.296554684,600,0,0,"[""LBS-GF_ROOF_SLAB-17-X-016"", ""LBS-GF_ROOF_SLAB-17-X-017""]",0.810294809,0.405147404,1.61881918,2.184609196,2.184609196,2.427343551,0.810294809,0.000000001
S7-0208-002,S7-0208,GF_ROOF_SLAB,SUP-GF_ROOF_SLAB-003,SP-GF_ROOF_SLAB-14,X,LBS-GF_ROOF_SLAB-14-X-002,END_CONTINUOUS_SPLIT,SP-GF_ROOF_SLAB-17,250,1380.379512026,3864.565073203,250,0,0,"[""LBS-GF_ROOF_SLAB-17-X-017""]",0.355035883,0.177517941,0.674504191,0.894575249,0.894575249,0.993972499,0.355035883,0
S7-0208-003,S7-0208,GF_ROOF_SLAB,SUP-GF_ROOF_SLAB-003,SP-GF_ROOF_SLAB-14,X,LBS-GF_ROOF_SLAB-14-X-003,END_CONTINUOUS_SPLIT,SP-GF_ROOF_SLAB-17,68.016,1405.709269742,3839.224255773,68.016,0,0,"[""LBS-GF_ROOF_SLAB-17-X-017""]",0.09836494,0.04918247,0.183507921,0.241785812,0.241785812,0.268650902,0.09836494,0.000000001
S7-0208-004,S7-0208,GF_ROOF_SLAB,SUP-GF_ROOF_SLAB-003,SP-GF_ROOF_SLAB-14,X,LBS-GF_ROOF_SLAB-14-X-004,END_CONTINUOUS_SPLIT,SP-GF_ROOF_SLAB-17,472.458,1448.757655584,3796.196555567,472.458,0,0,"[""LBS-GF_ROOF_SLAB-17-X-017"", ""LBS-GF_ROOF_SLAB-17-X-018"", ""LBS-GF_ROOF_SLAB-17-X-019"", ""LBS-GF_ROOF_SLAB-17-X-020"", ""LBS-GF_ROOF_SLAB-17-X-021"", ""LBS-GF_ROOF_SLAB-17-X-022""]",0.704194593,0.352097296,1.274701943,1.660688363,1.660688363,1.845209292,0.704194593,0.000000001
S7-0208-005,S7-0208,GF_ROOF_SLAB,SUP-GF_ROOF_SLAB-003,SP-GF_ROOF_SLAB-14,X,LBS-GF_ROOF_SLAB-14-X-005,END_CONTINUOUS_SPLIT,SP-GF_ROOF_SLAB-17,166.747,1499.669898305,3348.582793765,166.747,0,0,"[""LBS-GF_ROOF_SLAB-17-X-022""]",0.257268988,0.128634494,0.415859872,0.51700568,0.51700568,0.574450756,0.257268988,0.000000001
S7-0208-006,S7-0208,GF_ROOF_SLAB,SUP-GF_ROOF_SLAB-003,SP-GF_ROOF_SLAB-14,X,LBS-GF_ROOF_SLAB-14-X-006,END_CONTINUOUS_SPLIT,SP-GF_ROOF_SLAB-17,88.714,1520.017192893,2720.656968472,88.714,0,0,"[""LBS-GF_ROOF_SLAB-17-X-022"", ""LBS-GF_ROOF_SLAB-17-X-023"", ""LBS-GF_ROOF_SLAB-17-X-024""]",0.138731281,0.069365641,0.193522205,0.223481817,0.223481817,0.24831313,0.138731281,0.000000001
S7-0208-007,S7-0208,GF_ROOF_SLAB,SUP-GF_ROOF_SLAB-003,SP-GF_ROOF_SLAB-14,X,LBS-GF_ROOF_SLAB-14-X-007,END_CONTINUOUS_SPLIT,SP-GF_ROOF_SLAB-17,304.065,1551.301772619,1754.930295298,304.065,0,0,"[""LBS-GF_ROOF_SLAB-17-X-024"", ""LBS-GF_ROOF_SLAB-17-X-025""]",0.485284541,0.242642271,0.517134493,0.523521512,0.523521512,0.581690569,0.485284541,0
S7-0208-008,S7-0208,GF_ROOF_SLAB,SUP-GF_ROOF_SLAB-003,SP-GF_ROOF_SLAB-14,X,LBS-GF_ROOF_SLAB-14-X-008,END_CONTINUOUS_SPLIT,SP-GF_ROOF_SLAB-17,29.86,1577.898671345,933.819013081,29.86,0,0,"[""LBS-GF_ROOF_SLAB-17-X-025"", ""LBS-GF_ROOF_SLAB-17-X-026"", ""LBS-GF_ROOF_SLAB-17-X-027""]",0.048473307,0.024236654,0.03858019,0.043625976,0.043625976,0.048473307,0.048473307,-0.000000001
S7-0209-001,S7-0209,GF_ROOF_SLAB,SUP-GF_ROOF_SLAB-003,SP-GF_ROOF_SLAB-17,X,LBS-GF_ROOF_SLAB-17-X-001,END_CONTINUOUS_SPLIT,SP-GF_ROOF_SLAB-22,99.404,4163.309531645,3234.696297787,99.36,0.044,0,"[""LBS-GF_ROOF_SLAB-22-X-013""]",0.425771215,0.212885607,0.37830894,0.383194093,0.383194093,0.425771215,0.425771215,0
S7-0209-002,S7-0209,GF_ROOF_SLAB,SUP-GF_ROOF_SLAB-003,SP-GF_ROOF_SLAB-17,X,LBS-GF_ROOF_SLAB-17-X-002,END_CONTINUOUS_SPLIT,SP-GF_ROOF_SLAB-22,100.596,4147.379652857,3253.192234591,100.596,0,0,"[""LBS-GF_ROOF_SLAB-22-X-013"", ""LBS-GF_ROOF_SLAB-22-X-014""]",0.429228193,0.214614096,0.382956754,0.386305374,0.386305374,0.429228193,0.429228193,0.000000001
S7-0209-003,S7-0209,GF_ROOF_SLAB,SUP-GF_ROOF_SLAB-003,SP-GF_ROOF_SLAB-17,X,LBS-GF_ROOF_SLAB-17-X-003,END_CONTINUOUS_SPLIT,SP-GF_ROOF_SLAB-22,95.649,4131.748857543,3271.346389647,95.649,0,0,"[""LBS-GF_ROOF_SLAB-22-X-014"", ""LBS-GF_ROOF_SLAB-22-X-015"", ""LBS-GF_ROOF_SLAB-22-X-016""]",0.406581941,0.203290971,0.364248281,0.365923747,0.365923747,0.406581941,0.406581941,0
S7-0209-004,S7-0209,GF_ROOF_SLAB,SUP-GF_ROOF_SLAB-003,SP-GF_ROOF_SLAB-17,X,LBS-GF_ROOF_SLAB-17-X-004,END_CONTINUOUS_SPLIT,SP-GF_ROOF_SLAB-22,89.975,4116.964018443,3288.548608333,89.975,0,0,"[""LBS-GF_ROOF_SLAB-22-X-016""]",0.381094483,0.190547241,0.342752571,0.342985035,0.342985035,0.381094483,0.381094483,0.000000001
S7-0209-005,S7-0209,GF_ROOF_SLAB,SUP-GF_ROOF_SLAB-003,SP-GF_ROOF_SLAB-17,X,LBS-GF_ROOF_SLAB-17-X-005,END_CONTINUOUS_SPLIT,SP-GF_ROOF_SLAB-22,83.615,4103.137680149,3304.647682416,83.615,0,0,"[""LBS-GF_ROOF_SLAB-22-X-016"", ""LBS-GF_ROOF_SLAB-22-X-017""]",0.352966931,0.176483465,0.318622414,0.317670238,0.317670238,0.352966931,0.352966931,0.000000001
S7-0209-006,S7-0209,GF_ROOF_SLAB,SUP-GF_ROOF_SLAB-003,SP-GF_ROOF_SLAB-17,X,LBS-GF_ROOF_SLAB-17-X-006,END_CONTINUOUS_SPLIT,SP-GF_ROOF_SLAB-22,76.619,4090.37513916,3319.500834203,76.619,0,0,"[""LBS-GF_ROOF_SLAB-22-X-017"", ""LBS-GF_ROOF_SLAB-22-X-018"", ""LBS-GF_ROOF_SLAB-22-X-019""]",0.322428449,0.161214225,0.292045929,0.290185604,0.290185604,0.322428449,0.322428449,0.000000002
S7-0209-007,S7-0209,GF_ROOF_SLAB,SUP-GF_ROOF_SLAB-003,SP-GF_ROOF_SLAB-17,X,LBS-GF_ROOF_SLAB-17-X-007,END_CONTINUOUS_SPLIT,SP-GF_ROOF_SLAB-22,69.04,4078.773488088,3332.997036179,69.04,0,0,"[""LBS-GF_ROOF_SLAB-22-X-019""]",0.289710413,0.144855206,0.263224607,0.260739372,0.260739372,0.289710413,0.289710413,0.000000001
S7-0209-008,S7-0209,GF_ROOF_SLAB,SUP-GF_ROOF_SLAB-003,SP-GF_ROOF_SLAB-17,X,LBS-GF_ROOF_SLAB-17-X-008,END_CONTINUOUS_SPLIT,SP-GF_ROOF_SLAB-22,60.935,4068.421058111,3345.044711828,60.935,0,0,"[""LBS-GF_ROOF_SLAB-22-X-019"", ""LBS-GF_ROOF_SLAB-22-X-020""]",0.255050656,0.127525328,0.232376305,0.22954559,0.22954559,0.255050656,0.255050656,-0.000000001
S7-0209-009,S7-0209,GF_ROOF_SLAB,SUP-GF_ROOF_SLAB-003,SP-GF_ROOF_SLAB-17,X,LBS-GF_ROOF_SLAB-17-X-009,END_CONTINUOUS_SPLIT,SP-GF_ROOF_SLAB-22,52.367,4059.396622479,3355.544909351,52.367,0,0,"[""LBS-GF_ROOF_SLAB-22-X-020"", ""LBS-GF_ROOF_SLAB-22-X-021""]",0.218702081,0.10935104,0.199741894,0.196831873,0.196831873,0.218702081,0.218702081,0.000000002
S7-0209-010,S7-0209,GF_ROOF_SLAB,SUP-GF_ROOF_SLAB-003,SP-GF_ROOF_SLAB-17,X,LBS-GF_ROOF_SLAB-17-X-010,END_CONTINUOUS_SPLIT,SP-GF_ROOF_SLAB-22,43.4,4051.76883897,3364.391889383,43.4,0,0,"[""LBS-GF_ROOF_SLAB-22-X-021"", ""LBS-GF_ROOF_SLAB-22-X-022""]",0.180912312,0.090456156,0.165566551,0.162821081,0.162821081,0.180912312,0.180912312,0.000000003
S7-0209-011,S7-0209,GF_ROOF_SLAB,SUP-GF_ROOF_SLAB-003,SP-GF_ROOF_SLAB-17,X,LBS-GF_ROOF_SLAB-17-X-011,END_CONTINUOUS_SPLIT,SP-GF_ROOF_SLAB-22,34.104,4045.595692342,3371.542240481,34.104,0,0,"[""LBS-GF_ROOF_SLAB-22-X-022"", ""LBS-GF_ROOF_SLAB-22-X-023""]",0.141945469,0.070972734,0.130120408,0.127750922,0.127750922,0.141945469,0.141945469,-0.000000002
S7-0209-012,S7-0209,GF_ROOF_SLAB,SUP-GF_ROOF_SLAB-003,SP-GF_ROOF_SLAB-17,X,LBS-GF_ROOF_SLAB-17-X-012,END_CONTINUOUS_SPLIT,SP-GF_ROOF_SLAB-22,24.546,4040.924255387,3376.996808257,24.546,0,0,"[""LBS-GF_ROOF_SLAB-22-X-023"", ""LBS-GF_ROOF_SLAB-22-X-024"", ""LBS-GF_ROOF_SLAB-22-X-025""]",0.102045809,0.051022905,0.0936627,0.091841228,0.091841228,0.102045809,0.102045809,0.000000005
S7-0209-013,S7-0209,GF_ROOF_SLAB,SUP-GF_ROOF_SLAB-003,SP-GF_ROOF_SLAB-17,X,LBS-GF_ROOF_SLAB-17-X-013,END_CONTINUOUS_SPLIT,SP-GF_ROOF_SLAB-22,14.803,4037.790131385,3380.651368291,14.803,0,0,"[""LBS-GF_ROOF_SLAB-22-X-025"", ""LBS-GF_ROOF_SLAB-22-X-026""]",0.061493217,0.030746609,0.056489295,0.055343895,0.055343895,0.061493217,0.061493217,0.000000007
S7-0209-014,S7-0209,GF_ROOF_SLAB,SUP-GF_ROOF_SLAB-003,SP-GF_ROOF_SLAB-17,X,LBS-GF_ROOF_SLAB-17-X-014,END_CONTINUOUS_SPLIT,SP-GF_ROOF_SLAB-22,4.947,4036.217055855,3382.4965,4.947,0,0,"[""LBS-GF_ROOF_SLAB-22-X-026""]",0.020542352,0.010271176,0.018878795,0.018488117,0.018488117,0.020542352,0.020542352,-0.000000018
S7-0209-015,S7-0209,GF_ROOF_SLAB,SUP-GF_ROOF_SLAB-003,SP-GF_ROOF_SLAB-17,X,LBS-GF_ROOF_SLAB-17-X-015,END_CONTINUOUS_SPLIT,SP-GF_ROOF_SLAB-22,150,4023.875621212,3396.841874568,150,0,0,"[""LBS-GF_ROOF_SLAB-22-X-026"", ""LBS-GF_ROOF_SLAB-22-X-027""]",0.62096846,0.31048423,0.572586226,0.558871614,0.558871614,0.62096846,0.62096846,0.000000001
S7-0209-016,S7-0209,GF_ROOF_SLAB,SUP-GF_ROOF_SLAB-003,SP-GF_ROOF_SLAB-17,X,LBS-GF_ROOF_SLAB-17-X-016,END_CONTINUOUS_SPLIT,SP-GF_ROOF_SLAB-14,200,3995.998333333,,0,200,0,[],0.822221879,0.411110939,0.822221879,0.739999691,0.739999691,0.822221879,0.822221879,0.000000001
S7-0209-017,S7-0209,GF_ROOF_SLAB,SUP-GF_ROOF_SLAB-003,SP-GF_ROOF_SLAB-17,X,LBS-GF_ROOF_SLAB-17-X-017,END_CONTINUOUS_SPLIT,SP-GF_ROOF_SLAB-14,918.016,3906.949036519,1338.023479215,917.972,0.044,0,"[""LBS-GF_ROOF_SLAB-14-X-001"", ""LBS-GF_ROOF_SLAB-14-X-002"", ""LBS-GF_ROOF_SLAB-14-X-003""]",3.689960624,1.844980312,2.476895545,3.320964562,3.320964562,3.689960624,3.689960624,0.000000001
S7-0209-018,S7-0209,GF_ROOF_SLAB,SUP-GF_ROOF_SLAB-003,SP-GF_ROOF_SLAB-17,X,LBS-GF_ROOF_SLAB-17-X-018,END_CONTINUOUS_SPLIT,SP-GF_ROOF_SLAB-14,131.984,3823.317172882,1421.614583406,131.984,0,0,"[""LBS-GF_ROOF_SLAB-14-X-003"", ""LBS-GF_ROOF_SLAB-14-X-004""]",0.519152977,0.259576488,0.356094173,0.467237679,0.467237679,0.519152977,0.519152977,0.000000001
S7-0209-019,S7-0209,GF_ROOF_SLAB,SUP-GF_ROOF_SLAB-003,SP-GF_ROOF_SLAB-17,X,LBS-GF_ROOF_SLAB-17-X-019,END_CONTINUOUS_SPLIT,SP-GF_ROOF_SLAB-14,255.462,3792.457333798,1452.493799958,255.462,0,0,"[""LBS-GF_ROOF_SLAB-14-X-004""]",0.996737382,0.498368691,0.689241619,0.897063644,0.897063644,0.996737382,0.996737382,0.000000001
S7-0209-020,S7-0209,GF_ROOF_SLAB,SUP-GF_ROOF_SLAB-003,SP-GF_ROOF_SLAB-17,X,LBS-GF_ROOF_SLAB-17-X-020,END_CONTINUOUS_SPLIT,SP-GF_ROOF_SLAB-14,42.978,3768.686768671,1476.279291067,42.978,0,0,"[""LBS-GF_ROOF_SLAB-14-X-004""]",0.16663644,0.08331822,0.115955839,0.149972796,0.149972796,0.16663644,0.16663644,0.000000002
S7-0209-021,S7-0209,GF_ROOF_SLAB,SUP-GF_ROOF_SLAB-003,SP-GF_ROOF_SLAB-17,X,LBS-GF_ROOF_SLAB-17-X-021,END_CONTINUOUS_SPLIT,SP-GF_ROOF_SLAB-14,42.034,3761.915614393,1483.05469708,42.034,0,0,"[""LBS-GF_ROOF_SLAB-14-X-004"", ""LBS-GF_ROOF_SLAB-14-X-005""]",0.162683499,0.08134175,0.113408993,0.146415149,0.146415149,0.162683499,0.162683499,0
S7-0209-022,S7-0209,GF_ROOF_SLAB,SUP-GF_ROOF_SLAB-003,SP-GF_ROOF_SLAB-17,X,LBS-GF_ROOF_SLAB-17-X-022,END_CONTINUOUS_SPLIT,SP-GF_ROOF_SLAB-14,166.747,3348.588371623,1499.700558153,166.747,0,0,"[""LBS-GF_ROOF_SLAB-14-X-005""]",0.574451713,0.287225856,0.41586298,0.517006542,0.517006542,0.574451713,0.574451713,0.000000001
S7-0209-023,S7-0209,GF_ROOF_SLAB,SUP-GF_ROOF_SLAB-003,SP-GF_ROOF_SLAB-17,X,LBS-GF_ROOF_SLAB-17-X-023,END_CONTINUOUS_SPLIT,SP-GF_ROOF_SLAB-14,46.681,2823.83498155,1516.706614991,46.681,0,0,"[""LBS-GF_ROOF_SLAB-14-X-005"", ""LBS-GF_ROOF_SLAB-14-X-006""]",0.135616709,0.067808355,0.104228818,0.122055038,0.122055038,0.135616709,0.135616709,-0.000000002
S7-0209-024,S7-0209,GF_ROOF_SLAB,SUP-GF_ROOF_SLAB-003,SP-GF_ROOF_SLAB-17,X,LBS-GF_ROOF_SLAB-17-X-024,END_CONTINUOUS_SPLIT,SP-GF_ROOF_SLAB-14,42.033,2605.714715011,1523.757727734,42.033,0,0,"[""LBS-GF_ROOF_SLAB-14-X-006""]",0.112681077,0.056340539,0.089287096,0.101412969,0.101412969,0.112681077,0.112681077,-0.000000001
S7-0209-025,S7-0209,GF_ROOF_SLAB,SUP-GF_ROOF_SLAB-003,SP-GF_ROOF_SLAB-17,X,LBS-GF_ROOF_SLAB-17-X-025,END_CONTINUOUS_SPLIT,SP-GF_ROOF_SLAB-14,304.065,1754.76686001,1551.295782308,304.065,0,0,"[""LBS-GF_ROOF_SLAB-14-X-006"", ""LBS-GF_ROOF_SLAB-14-X-007""]",0.548933318,0.274466659,0.517107992,0.523496164,0.523496164,0.581662405,0.548933318,0.000000001
S7-0209-026,S7-0209,GF_ROOF_SLAB,SUP-GF_ROOF_SLAB-003,SP-GF_ROOF_SLAB-17,X,LBS-GF_ROOF_SLAB-17-X-026,END_CONTINUOUS_SPLIT,SP-GF_ROOF_SLAB-14,29.86,933.748644124,1577.896456438,29.844,0.016,0,"[""LBS-GF_ROOF_SLAB-14-X-007"", ""LBS-GF_ROOF_SLAB-14-X-008""]",0.028684912,0.014342456,0.03857317,0.043615285,0.043615285,0.048461428,0.028684912,0.000000002
S7-0209-027,S7-0209,GF_ROOF_SLAB,SUP-GF_ROOF_SLAB-003,SP-GF_ROOF_SLAB-17,X,LBS-GF_ROOF_SLAB-17-X-027,END_CONTINUOUS_SPLIT,SP-GF_ROOF_SLAB-14,70.14,687.879596918,,0,70.14,0,[],0.049637731,0.024818865,0.049637731,0.044673958,0.044673958,0.049637731,0.049637731,0.000000009
S7-0209-028,S7-0209,GF_ROOF_SLAB,SUP-GF_ROOF_SLAB-003,SP-GF_ROOF_SLAB-17,X,LBS-GF_ROOF_SLAB-17-X-028,END_CONTINUOUS_SPLIT,SP-GF_ROOF_SLAB-14,50,392.492523603,,0,50,0,[],0.020189945,0.010094973,0.020189945,0.018170951,0.018170951,0.020189945,0.020189945,-0.000000018
S7-0212-001,S7-0212,GF_ROOF_SLAB,SUP-GF_ROOF_SLAB-004,SP-GF_ROOF_SLAB-22,X,LBS-GF_ROOF_SLAB-22-X-001,END_UNRESOLVED,SP-GF_ROOF_SLAB-28,50,2461.222815534,,0,50,0,[],0.126606112,0.063303056,0.063303056,0.094954584,0.113945501,0.126606112,0.126606112,0
S7-0212-002,S7-0212,GF_ROOF_SLAB,SUP-GF_ROOF_SLAB-004,SP-GF_ROOF_SLAB-22,X,LBS-GF_ROOF_SLAB-22-X-002,END_UNRESOLVED,SP-GF_ROOF_SLAB-28,1150,2572.38638835,,0,1150,0,[],3.043461262,1.521730631,1.521730631,2.282595947,2.739115136,3.043461262,3.043461262,0.000000001
S7-0212-003,S7-0212,GF_ROOF_SLAB,SUP-GF_ROOF_SLAB-004,SP-GF_ROOF_SLAB-22,X,LBS-GF_ROOF_SLAB-22-X-003,END_UNRESOLVED,SP-GF_ROOF_SLAB-28,1200,2790.081718447,,0,1200,0,[],3.444545331,1.722272666,1.722272666,2.583408998,3.100090798,3.444545331,3.444545331,0.000000001
S7-0212-004,S7-0212,GF_ROOF_SLAB,SUP-GF_ROOF_SLAB-004,SP-GF_ROOF_SLAB-22,X,LBS-GF_ROOF_SLAB-22-X-004,END_UNRESOLVED,SP-GF_ROOF_SLAB-28,800,2975.354339806,,0,800,0,[],2.448851308,1.224425654,1.224425654,1.836638481,2.203966177,2.448851308,2.448851308,0.000000001
S7-0212-005,S7-0212,GF_ROOF_SLAB,SUP-GF_ROOF_SLAB-004,SP-GF_ROOF_SLAB-22,X,LBS-GF_ROOF_SLAB-22-X-005,END_UNRESOLVED,SP-GF_ROOF_SLAB-28,500,3095.781543689,,0,500,0,[],1.592480218,0.796240109,0.796240109,1.194360164,1.433232196,1.592480218,1.592480218,0.000000001
S7-0212-006,S7-0212,GF_ROOF_SLAB,SUP-GF_ROOF_SLAB-004,SP-GF_ROOF_SLAB-22,X,LBS-GF_ROOF_SLAB-22-X-006,END_UNRESOLVED,SP-GF_ROOF_SLAB-28,113.302,3152.595578302,,0,113.302,0,[],0.367484963,0.183742481,0.183742481,0.275613722,0.330736467,0.367484963,0.367484963,0.000000001
S7-0212-007,S7-0212,GF_ROOF_SLAB,SUP-GF_ROOF_SLAB-004,SP-GF_ROOF_SLAB-22,X,LBS-GF_ROOF_SLAB-22-X-007,END_UNRESOLVED,SP-GF_ROOF_SLAB-28,4.939,3163.548988313,,0,4.939,0,[],0.016074865,0.008037433,0.008037433,0.012056149,0.014467379,0.016074865,0.016074865,-0.00000002
S7-0212-008,S7-0212,GF_ROOF_SLAB,SUP-GF_ROOF_SLAB-004,SP-GF_ROOF_SLAB-22,X,LBS-GF_ROOF_SLAB-22-X-008,END_UNRESOLVED,SP-GF_ROOF_SLAB-28,107.502,3173.965107722,,0,107.502,0,[],0.351036622,0.175518311,0.175518311,0.263277467,0.31593296,0.351036622,0.351036622,0.000000002
S7-0212-009,S7-0212,GF_ROOF_SLAB,SUP-GF_ROOF_SLAB-004,SP-GF_ROOF_SLAB-22,X,LBS-GF_ROOF_SLAB-22-X-009,END_UNRESOLVED,SP-GF_ROOF_SLAB-28,24.257,3186.170775381,,0,24.257,0,[],0.079513317,0.039756659,0.039756659,0.059634988,0.071561985,0.079513317,0.079513317,0.000000005
S7-0212-010,S7-0212,GF_ROOF_SLAB,SUP-GF_ROOF_SLAB-004,SP-GF_ROOF_SLAB-22,X,LBS-GF_ROOF_SLAB-22-X-010,END_UNRESOLVED,SP-GF_ROOF_SLAB-28,86.465,3196.427652972,,0,86.465,0,[],0.284340655,0.142170327,0.142170327,0.213255491,0.25590659,0.284340655,0.284340655,0.000000002
S7-0212-011,S7-0212,GF_ROOF_SLAB,SUP-GF_ROOF_SLAB-004,SP-GF_ROOF_SLAB-22,X,LBS-GF_ROOF_SLAB-22-X-011,END_UNRESOLVED,SP-GF_ROOF_SLAB-28,108.161,3214.457087574,,0,108.161,0,[],0.357694334,0.178847167,0.178847167,0.26827075,0.321924901,0.357694334,0.357694334,0.000000002
S7-0212-012,S7-0212,GF_ROOF_SLAB,SUP-GF_ROOF_SLAB-004,SP-GF_ROOF_SLAB-22,X,LBS-GF_ROOF_SLAB-22-X-012,END_UNRESOLVED,SP-GF_ROOF_SLAB-28,5.374,3224.974551107,,0,5.374,0,[],0.017830261,0.008915131,0.008915131,0.013372696,0.016047235,0.017830261,0.017830261,-0.000000026
S7-0212-013,S7-0212,GF_ROOF_SLAB,SUP-GF_ROOF_SLAB-004,SP-GF_ROOF_SLAB-22,X,LBS-GF_ROOF_SLAB-22-X-013,END_CONTINUOUS_SPLIT,SP-GF_ROOF_SLAB-17,99.404,3234.680798468,4163.303179074,99.36,0.044,0,"[""LBS-GF_ROOF_SLAB-17-X-001""]",0.330802685,0.165401343,0.378265398,0.3831553,0.3831553,0.425728112,0.330802685,0.000000001
S7-0212-014,S7-0212,GF_ROOF_SLAB,SUP-GF_ROOF_SLAB-004,SP-GF_ROOF_SLAB-22,X,LBS-GF_ROOF_SLAB-22-X-014,END_CONTINUOUS_SPLIT,SP-GF_ROOF_SLAB-17,100.596,3253.208060603,4147.40667992,100.596,0,0,"[""LBS-GF_ROOF_SLAB-17-X-001"", ""LBS-GF_ROOF_SLAB-17-X-002""]",0.336686953,0.168343477,0.382958972,0.386307891,0.386307891,0.42923099,0.336686953,0
S7-0212-015,S7-0212,GF_ROOF_SLAB,SUP-GF_ROOF_SLAB-004,SP-GF_ROOF_SLAB-22,X,LBS-GF_ROOF_SLAB-22-X-015,END_CONTINUOUS_SPLIT,SP-GF_ROOF_SLAB-17,95.649,3271.387473393,4131.753120806,95.649,0,0,"[""LBS-GF_ROOF_SLAB-17-X-002"", ""LBS-GF_ROOF_SLAB-17-X-003"", ""LBS-GF_ROOF_SLAB-17-X-004""]",0.321918663,0.160959331,0.364250512,0.365924124,0.365924124,0.40658236,0.321918663,0.000000001
S7-0212-016,S7-0212,GF_ROOF_SLAB,SUP-GF_ROOF_SLAB-004,SP-GF_ROOF_SLAB-22,X,LBS-GF_ROOF_SLAB-22-X-016,END_CONTINUOUS_SPLIT,SP-GF_ROOF_SLAB-17,89.975,3288.582995926,4116.951191667,89.975,0,0,"[""LBS-GF_ROOF_SLAB-17-X-004""]",0.304413843,0.152206922,0.34275357,0.342983967,0.342983967,0.381093296,0.304413843,-0.000000001
S7-0212-017,S7-0212,GF_ROOF_SLAB,SUP-GF_ROOF_SLAB-004,SP-GF_ROOF_SLAB-22,X,LBS-GF_ROOF_SLAB-22-X-017,END_CONTINUOUS_SPLIT,SP-GF_ROOF_SLAB-17,83.615,3304.663733097,4103.151988636,83.615,0,0,"[""LBS-GF_ROOF_SLAB-17-X-004"", ""LBS-GF_ROOF_SLAB-17-X-005""]",0.284279278,0.142139639,0.31862372,0.317671346,0.317671346,0.352968162,0.284279278,0
S7-0212-018,S7-0212,GF_ROOF_SLAB,SUP-GF_ROOF_SLAB-004,SP-GF_ROOF_SLAB-22,X,LBS-GF_ROOF_SLAB-22-X-018,END_CONTINUOUS_SPLIT,SP-GF_ROOF_SLAB-17,76.619,3319.507219703,4090.39928329,76.619,0,0,"[""LBS-GF_ROOF_SLAB-17-X-005"", ""LBS-GF_ROOF_SLAB-17-X-006"", ""LBS-GF_ROOF_SLAB-17-X-007""]",0.261663913,0.130831957,0.292047133,0.290187317,0.290187317,0.322430352,0.261663913,0.000000002
S7-0212-019,S7-0212,GF_ROOF_SLAB,SUP-GF_ROOF_SLAB-004,SP-GF_ROOF_SLAB-22,X,LBS-GF_ROOF_SLAB-22-X-019,END_CONTINUOUS_SPLIT,SP-GF_ROOF_SLAB-17,69.04,3333.00053208,4078.802547033,69.04,0,0,"[""LBS-GF_ROOF_SLAB-17-X-007""]",0.23673905,0.118369525,0.263225764,0.260741229,0.260741229,0.289712477,0.23673905,0.000000001
S7-0212-020,S7-0212,GF_ROOF_SLAB,SUP-GF_ROOF_SLAB-004,SP-GF_ROOF_SLAB-22,X,LBS-GF_ROOF_SLAB-22-X-020,END_CONTINUOUS_SPLIT,SP-GF_ROOF_SLAB-17,60.935,3345.040936561,4068.454539407,60.935,0,0,"[""LBS-GF_ROOF_SLAB-17-X-007"", ""LBS-GF_ROOF_SLAB-17-X-008""]",0.209701718,0.104850859,0.232377237,0.22954748,0.22954748,0.255052755,0.209701718,-0.000000001
S7-0212-021,S7-0212,GF_ROOF_SLAB,SUP-GF_ROOF_SLAB-004,SP-GF_ROOF_SLAB-22,X,LBS-GF_ROOF_SLAB-22-X-021,END_CONTINUOUS_SPLIT,SP-GF_ROOF_SLAB-17,52.367,3355.536815833,4059.404408396,52.367,0,0,"[""LBS-GF_ROOF_SLAB-17-X-008"", ""LBS-GF_ROOF_SLAB-17-X-009""]",0.180781272,0.090390636,0.199741886,0.196832251,0.196832251,0.218702501,0.180781272,0.000000001
S7-0212-022,S7-0212,GF_ROOF_SLAB,SUP-GF_ROOF_SLAB-004,SP-GF_ROOF_SLAB-22,X,LBS-GF_ROOF_SLAB-22-X-022,END_CONTINUOUS_SPLIT,SP-GF_ROOF_SLAB-17,43.4,3364.408317398,4051.756995421,43.4,0,0,"[""LBS-GF_ROOF_SLAB-17-X-009"", ""LBS-GF_ROOF_SLAB-17-X-010""]",0.150221524,0.075110762,0.165566654,0.162820606,0.162820606,0.180911784,0.150221524,-0.000000002
S7-0212-023,S7-0212,GF_ROOF_SLAB,SUP-GF_ROOF_SLAB-004,SP-GF_ROOF_SLAB-22,X,LBS-GF_ROOF_SLAB-22-X-023,END_CONTINUOUS_SPLIT,SP-GF_ROOF_SLAB-17,34.104,3371.588002021,4045.606651044,34.104,0,0,"[""LBS-GF_ROOF_SLAB-17-X-010"", ""LBS-GF_ROOF_SLAB-17-X-011""]",0.118296952,0.059148476,0.130121403,0.127751268,0.127751268,0.141945853,0.118296952,0
S7-0212-024,S7-0212,GF_ROOF_SLAB,SUP-GF_ROOF_SLAB-004,SP-GF_ROOF_SLAB-22,X,LBS-GF_ROOF_SLAB-22-X-024,END_CONTINUOUS_SPLIT,SP-GF_ROOF_SLAB-17,24.546,3377.021121642,4040.952706093,24.546,0,0,"[""LBS-GF_ROOF_SLAB-17-X-011"", ""LBS-GF_ROOF_SLAB-17-X-012"", ""LBS-GF_ROOF_SLAB-17-X-013""]",0.085280206,0.042640103,0.093663367,0.091841875,0.091841875,0.102046528,0.085280206,0.000000003
S7-0212-025,S7-0212,GF_ROOF_SLAB,SUP-GF_ROOF_SLAB-004,SP-GF_ROOF_SLAB-22,X,LBS-GF_ROOF_SLAB-22-X-025,END_CONTINUOUS_SPLIT,SP-GF_ROOF_SLAB-17,14.803,3380.666267831,4037.79878379,14.803,0,0,"[""LBS-GF_ROOF_SLAB-17-X-013"", ""LBS-GF_ROOF_SLAB-17-X-014""]",0.0514856,0.0257428,0.056489475,0.055344015,0.055344015,0.06149335,0.0514856,-0.000000008
S7-0212-026,S7-0212,GF_ROOF_SLAB,SUP-GF_ROOF_SLAB-004,SP-GF_ROOF_SLAB-22,X,LBS-GF_ROOF_SLAB-22-X-026,END_CONTINUOUS_SPLIT,SP-GF_ROOF_SLAB-17,4.947,3382.495834967,4036.2028,4.947,0,0,"[""LBS-GF_ROOF_SLAB-17-X-014""]",0.017215233,0.008607616,0.018878756,0.018488051,0.018488051,0.020542279,0.017215233,0.000000026
S7-0212-027,S7-0212,GF_ROOF_SLAB,SUP-GF_ROOF_SLAB-004,SP-GF_ROOF_SLAB-22,X,LBS-GF_ROOF_SLAB-22-X-027,END_CONTINUOUS_SPLIT,SP-GF_ROOF_SLAB-17,150,3396.849553398,4023.857010671,150,0,0,"[""LBS-GF_ROOF_SLAB-17-X-014"", ""LBS-GF_ROOF_SLAB-17-X-015""]",0.524205178,0.262102589,0.572585383,0.558869029,0.558869029,0.620965588,0.524205178,0.000000001
S7-0213-001,S7-0213,GF_ROOF_SLAB,SUP-GF_ROOF_SLAB-005,SP-GF_ROOF_SLAB-30,X,LBS-GF_ROOF_SLAB-30-X-002,END_CONTINUOUS_RUN,SP-GF_ROOF_SLAB-31,1200,4133.5895,2447.833762167,1199.956,0.044,0,"[""LBS-GF_ROOF_SLAB-31-X-001""]",5.103196914,2.551598457,4.06265513,4.592877223,4.592877223,5.103196914,5.103196914,0.000000001
S7-0215-001,S7-0215,GF_ROOF_SLAB,SUP-GF_ROOF_SLAB-006,SP-GF_ROOF_SLAB-31,X,LBS-GF_ROOF_SLAB-31-X-001,END_CONTINUOUS_RUN,SP-GF_ROOF_SLAB-30,1200,2447.8355,4133.616236,1199.956,0.044,0,"[""LBS-GF_ROOF_SLAB-30-X-002""]",3.022019136,1.511009568,4.062576351,4.592820209,4.592820209,5.103133565,3.022019136,0.000000001
S7-0216-001,S7-0216,1F_ROOF_SLAB,SUP-1F_ROOF_SLAB-007,SP-1F_ROOF_SLAB-24,X,LBS-1F_ROOF_SLAB-24-X-001,END_NON_CONTINUOUS,SP-1F_ROOF_SLAB-10,1042.339,4372.183,,0,1042.339,0,[],4.688577012,2.344288506,2.344288506,3.516432759,3.516432759,4.688577012,4.688577012,0.000000001
S7-0217-001,S7-0217,2F_ROOF_SLAB,SUP-2F_ROOF_SLAB-008,SP-2F_ROOF_SLAB-04,X,LBS-2F_ROOF_SLAB-04-X-011,END_UNRESOLVED,SP-2F_ROOF_SLAB-02,2700,3000,,0,2700,0,[],8.333333333,4.166666667,4.166666667,6.25,7.5,8.333333333,8.333333333,0.000000001
S7-0217-002,S7-0217,2F_ROOF_SLAB,SUP-2F_ROOF_SLAB-008,SP-2F_ROOF_SLAB-04,X,LBS-2F_ROOF_SLAB-04-X-012,END_UNRESOLVED,SP-2F_ROOF_SLAB-02,179.706,3000,,0,179.706,0,[],0.554648148,0.277324074,0.277324074,0.415986111,0.499183333,0.554648148,0.554648148,0.000000001
S7-0217-003,S7-0217,2F_ROOF_SLAB,SUP-2F_ROOF_SLAB-008,SP-2F_ROOF_SLAB-04,X,LBS-2F_ROOF_SLAB-04-X-013,END_UNRESOLVED,SP-2F_ROOF_SLAB-02,22.035,3000,,0,22.035,0,[],0.068009259,0.03400463,0.03400463,0.051006944,0.061208333,0.068009259,0.068009259,0.000000004
S7-0217-004,S7-0217,2F_ROOF_SLAB,SUP-2F_ROOF_SLAB-008,SP-2F_ROOF_SLAB-04,X,LBS-2F_ROOF_SLAB-04-X-014,END_UNRESOLVED,SP-2F_ROOF_SLAB-02,25.995,3000,,0,25.995,0,[],0.080231481,0.04011574,0.04011574,0.060173611,0.072208333,0.080231481,0.080231481,0.000000007
S7-0217-005,S7-0217,2F_ROOF_SLAB,SUP-2F_ROOF_SLAB-008,SP-2F_ROOF_SLAB-04,X,LBS-2F_ROOF_SLAB-04-X-015,END_UNRESOLVED,SP-2F_ROOF_SLAB-02,25.797,3000,,0,25.797,0,[],0.07962037,0.039810185,0.039810185,0.059715277,0.071658333,0.07962037,0.07962037,0.000000005
S7-0217-006,S7-0217,2F_ROOF_SLAB,SUP-2F_ROOF_SLAB-008,SP-2F_ROOF_SLAB-04,X,LBS-2F_ROOF_SLAB-04-X-016,END_UNRESOLVED,SP-2F_ROOF_SLAB-02,25.403,3000,,0,25.403,0,[],0.078404321,0.03920216,0.03920216,0.058803241,0.070563889,0.078404321,0.078404321,0
S7-0217-007,S7-0217,2F_ROOF_SLAB,SUP-2F_ROOF_SLAB-008,SP-2F_ROOF_SLAB-04,X,LBS-2F_ROOF_SLAB-04-X-017,END_UNRESOLVED,SP-2F_ROOF_SLAB-02,21.064,3000,,0,21.064,0,[],0.065012346,0.032506173,0.032506173,0.04875926,0.058511111,0.065012346,0.065012346,-0.000000004
S7-0218-001,S7-0218,2F_ROOF_SLAB,SUP-2F_ROOF_SLAB-009,SP-2F_ROOF_SLAB-03,X,LBS-2F_ROOF_SLAB-03-X-001,END_CONTINUOUS_SPLIT,SP-2F_ROOF_SLAB-04,181.733,1800,3000,181.689,0.044,0,"[""LBS-2F_ROOF_SLAB-04-X-001""]",0.336542593,0.168271297,0.448696297,0.504765001,0.504765001,0.560850001,0.336542593,-0.000000001
S7-0218-002,S7-0218,2F_ROOF_SLAB,SUP-2F_ROOF_SLAB-009,SP-2F_ROOF_SLAB-03,X,LBS-2F_ROOF_SLAB-03-X-002,END_CONTINUOUS_SPLIT,SP-2F_ROOF_SLAB-04,118.267,1800,3000,118.267,0,0,"[""LBS-2F_ROOF_SLAB-04-X-001"", ""LBS-2F_ROOF_SLAB-04-X-002""]",0.219012963,0.109506482,0.292017284,0.328519445,0.328519445,0.365021605,0.219012963,0
S7-0218-003,S7-0218,2F_ROOF_SLAB,SUP-2F_ROOF_SLAB-009,SP-2F_ROOF_SLAB-03,X,LBS-2F_ROOF_SLAB-03-X-003,END_CONTINUOUS_SPLIT,SP-2F_ROOF_SLAB-04,92.302,1800,3000,92.302,0,0,"[""LBS-2F_ROOF_SLAB-04-X-002"", ""LBS-2F_ROOF_SLAB-04-X-003""]",0.17092963,0.085464815,0.227906173,0.256394445,0.256394445,0.284882717,0.17092963,-0.000000002
S7-0218-004,S7-0218,2F_ROOF_SLAB,SUP-2F_ROOF_SLAB-009,SP-2F_ROOF_SLAB-03,X,LBS-2F_ROOF_SLAB-03-X-004,END_CONTINUOUS_SPLIT,SP-2F_ROOF_SLAB-04,107.698,1800,3000,107.698,0,0,"[""LBS-2F_ROOF_SLAB-04-X-003"", ""LBS-2F_ROOF_SLAB-04-X-004""]",0.199440741,0.099720371,0.265920988,0.299161111,0.299161111,0.332401235,0.199440741,-0.000000001
S7-0218-005,S7-0218,2F_ROOF_SLAB,SUP-2F_ROOF_SLAB-009,SP-2F_ROOF_SLAB-03,X,LBS-2F_ROOF_SLAB-03-X-005,END_CONTINUOUS_SPLIT,SP-2F_ROOF_SLAB-04,81.733,1800,3000,81.733,0,0,"[""LBS-2F_ROOF_SLAB-04-X-004"", ""LBS-2F_ROOF_SLAB-04-X-005""]",0.151357407,0.075678703,0.201809876,0.227036111,0.227036111,0.252262345,0.151357407,0.000000003
S7-0218-006,S7-0218,2F_ROOF_SLAB,SUP-2F_ROOF_SLAB-009,SP-2F_ROOF_SLAB-03,X,LBS-2F_ROOF_SLAB-03-X-006,END_CONTINUOUS_SPLIT,SP-2F_ROOF_SLAB-04,68.267,1800,3000,68.267,0,0,"[""LBS-2F_ROOF_SLAB-04-X-005"", ""LBS-2F_ROOF_SLAB-04-X-006""]",0.12642037,0.063210185,0.168560493,0.189630555,0.189630555,0.210700617,0.12642037,0.000000004
S7-0218-007,S7-0218,2F_ROOF_SLAB,SUP-2F_ROOF_SLAB-009,SP-2F_ROOF_SLAB-03,X,LBS-2F_ROOF_SLAB-03-X-007,END_CONTINUOUS_SPLIT,SP-2F_ROOF_SLAB-04,50,1800,3000,50,0,0,"[""LBS-2F_ROOF_SLAB-04-X-006""]",0.092592593,0.046296297,0.123456791,0.13888889,0.13888889,0.154320988,0.092592593,-0.000000004
S7-0218-008,S7-0218,2F_ROOF_SLAB,SUP-2F_ROOF_SLAB-009,SP-2F_ROOF_SLAB-03,X,LBS-2F_ROOF_SLAB-03-X-008,END_CONTINUOUS_SPLIT,SP-2F_ROOF_SLAB-04,120.295,1800,3000,120.295,0,0,"[""LBS-2F_ROOF_SLAB-04-X-006"", ""LBS-2F_ROOF_SLAB-04-X-007""]",0.222768519,0.111384259,0.297024692,0.334152778,0.334152778,0.371280865,0.222768519,-0.000000002
S7-0218-009,S7-0218,2F_ROOF_SLAB,SUP-2F_ROOF_SLAB-009,SP-2F_ROOF_SLAB-03,X,LBS-2F_ROOF_SLAB-03-X-009,END_CONTINUOUS_SPLIT,SP-2F_ROOF_SLAB-04,172.273,1800,3000,172.273,0,0,"[""LBS-2F_ROOF_SLAB-04-X-007"", ""LBS-2F_ROOF_SLAB-04-X-008""]",0.319024074,0.159512037,0.425365432,0.478536111,0.478536111,0.53170679,0.319024074,0.000000001
S7-0218-010,S7-0218,2F_ROOF_SLAB,SUP-2F_ROOF_SLAB-009,SP-2F_ROOF_SLAB-03,X,LBS-2F_ROOF_SLAB-03-X-010,END_CONTINUOUS_SPLIT,SP-2F_ROOF_SLAB-04,507.432,1800,3000,507.432,0,0,"[""LBS-2F_ROOF_SLAB-04-X-008""]",0.939688889,0.469844445,1.252918519,1.409533334,1.409533334,1.566148148,0.939688889,0.000000001
S7-0218-011,S7-0218,2F_ROOF_SLAB,SUP-2F_ROOF_SLAB-009,SP-2F_ROOF_SLAB-03,X,LBS-2F_ROOF_SLAB-03-X-011,END_CONTINUOUS_SPLIT,SP-2F_ROOF_SLAB-04,200,1800,3000,200,0,0,"[""LBS-2F_ROOF_SLAB-04-X-008"", ""LBS-2F_ROOF_SLAB-04-X-009""]",0.37037037,0.185185185,0.49382716,0.555555555,0.555555555,0.61728395,0.37037037,0.000000002
S7-0218-012,S7-0218,2F_ROOF_SLAB,SUP-2F_ROOF_SLAB-009,SP-2F_ROOF_SLAB-03,X,LBS-2F_ROOF_SLAB-03-X-012,END_CONTINUOUS_SPLIT,SP-2F_ROOF_SLAB-04,100,1800,3000,100,0,0,"[""LBS-2F_ROOF_SLAB-04-X-009""]",0.185185185,0.092592593,0.24691358,0.277777777,0.277777777,0.308641975,0.185185185,0.000000002
S7-0219-001,S7-0219,2F_ROOF_SLAB,SUP-2F_ROOF_SLAB-009,SP-2F_ROOF_SLAB-04,X,LBS-2F_ROOF_SLAB-04-X-001,END_CONTINUOUS_SPLIT,SP-2F_ROOF_SLAB-03,181.733,3000,1800,181.689,0.044,0,"[""LBS-2F_ROOF_SLAB-03-X-001""]",0.560904321,0.28045216,0.448750617,0.504813889,0.504813889,0.560904321,0.560904321,0.000000001
S7-0219-002,S7-0219,2F_ROOF_SLAB,SUP-2F_ROOF_SLAB-009,SP-2F_ROOF_SLAB-04,X,LBS-2F_ROOF_SLAB-04-X-002,END_CONTINUOUS_SPLIT,SP-2F_ROOF_SLAB-03,118.267,3000,1800,118.267,0,0,"[""LBS-2F_ROOF_SLAB-03-X-001"", ""LBS-2F_ROOF_SLAB-03-X-002""]",0.365021605,0.182510803,0.292017284,0.328519445,0.328519445,0.365021605,0.365021605,0
S7-0219-003,S7-0219,2F_ROOF_SLAB,SUP-2F_ROOF_SLAB-009,SP-2F_ROOF_SLAB-04,X,LBS-2F_ROOF_SLAB-04-X-003,END_CONTINUOUS_SPLIT,SP-2F_ROOF_SLAB-03,92.302,3000,1800,92.302,0,0,"[""LBS-2F_ROOF_SLAB-03-X-002"", ""LBS-2F_ROOF_SLAB-03-X-003""]",0.284882716,0.142441358,0.227906173,0.256394444,0.256394444,0.284882716,0.284882716,0.000000001
S7-0219-004,S7-0219,2F_ROOF_SLAB,SUP-2F_ROOF_SLAB-009,SP-2F_ROOF_SLAB-04,X,LBS-2F_ROOF_SLAB-04-X-004,END_CONTINUOUS_SPLIT,SP-2F_ROOF_SLAB-03,107.698,3000,1800,107.698,0,0,"[""LBS-2F_ROOF_SLAB-03-X-003"", ""LBS-2F_ROOF_SLAB-03-X-004""]",0.332401235,0.166200618,0.265920988,0.299161112,0.299161112,0.332401235,0.332401235,-0.000000001
S7-0219-005,S7-0219,2F_ROOF_SLAB,SUP-2F_ROOF_SLAB-009,SP-2F_ROOF_SLAB-04,X,LBS-2F_ROOF_SLAB-04-X-005,END_CONTINUOUS_SPLIT,SP-2F_ROOF_SLAB-03,81.733,3000,1800,81.733,0,0,"[""LBS-2F_ROOF_SLAB-03-X-004"", ""LBS-2F_ROOF_SLAB-03-X-005""]",0.252262346,0.126131173,0.201809877,0.227036111,0.227036111,0.252262346,0.252262346,-0.000000001
S7-0219-006,S7-0219,2F_ROOF_SLAB,SUP-2F_ROOF_SLAB-009,SP-2F_ROOF_SLAB-04,X,LBS-2F_ROOF_SLAB-04-X-006,END_CONTINUOUS_SPLIT,SP-2F_ROOF_SLAB-03,118.267,3000,1800,118.267,0,0,"[""LBS-2F_ROOF_SLAB-03-X-005"", ""LBS-2F_ROOF_SLAB-03-X-006"", ""LBS-2F_ROOF_SLAB-03-X-007""]",0.365021605,0.182510803,0.292017284,0.328519445,0.328519445,0.365021605,0.365021605,0
S7-0219-007,S7-0219,2F_ROOF_SLAB,SUP-2F_ROOF_SLAB-009,SP-2F_ROOF_SLAB-04,X,LBS-2F_ROOF_SLAB-04-X-007,END_CONTINUOUS_SPLIT,SP-2F_ROOF_SLAB-03,120.295,3000,1800,120.295,0,0,"[""LBS-2F_ROOF_SLAB-03-X-007"", ""LBS-2F_ROOF_SLAB-03-X-008""]",0.371280864,0.185640432,0.297024691,0.334152778,0.334152778,0.371280864,0.371280864,0.000000001
S7-0219-008,S7-0219,2F_ROOF_SLAB,SUP-2F_ROOF_SLAB-009,SP-2F_ROOF_SLAB-04,X,LBS-2F_ROOF_SLAB-04-X-008,END_CONTINUOUS_SPLIT,SP-2F_ROOF_SLAB-03,679.705,3000,1800,679.705,0,0,"[""LBS-2F_ROOF_SLAB-03-X-008"", ""LBS-2F_ROOF_SLAB-03-X-009"", ""LBS-2F_ROOF_SLAB-03-X-010""]",2.097854938,1.048927469,1.67828395,1.888069444,1.888069444,2.097854938,2.097854938,0.000000001
S7-0219-009,S7-0219,2F_ROOF_SLAB,SUP-2F_ROOF_SLAB-009,SP-2F_ROOF_SLAB-04,X,LBS-2F_ROOF_SLAB-04-X-009,END_CONTINUOUS_SPLIT,SP-2F_ROOF_SLAB-03,300,3000,1800,300,0,0,"[""LBS-2F_ROOF_SLAB-03-X-010"", ""LBS-2F_ROOF_SLAB-03-X-011"", ""LBS-2F_ROOF_SLAB-03-X-012""]",0.925925926,0.462962963,0.740740741,0.833333333,0.833333333,0.925925926,0.925925926,0.000000001
S7-0219-010,S7-0219,2F_ROOF_SLAB,SUP-2F_ROOF_SLAB-009,SP-2F_ROOF_SLAB-04,X,LBS-2F_ROOF_SLAB-04-X-010,END_CONTINUOUS_SPLIT,SP-2F_ROOF_SLAB-03,200,3000,1800,0.044,199.956,0,"[""LBS-2F_ROOF_SLAB-03-X-012""]",0.617283951,0.308641975,0.617256791,0.555555556,0.555555556,0.617283951,0.617283951,0
S7-0221-001,S7-0221,2F_ROOF_SLAB,SUP-2F_ROOF_SLAB-010,SP-2F_ROOF_SLAB-07,X,LBS-2F_ROOF_SLAB-07-X-001,END_CONTINUOUS_RUN,SP-2F_ROOF_SLAB-08,287.08,1800,3000,287.036,0.044,0,"[""LBS-2F_ROOF_SLAB-08-X-001"", ""LBS-2F_ROOF_SLAB-08-X-002""]",0.53162963,0.265814815,0.708812346,0.797395556,0.797395556,0.885995062,0.53162963,0
S7-0221-002,S7-0221,2F_ROOF_SLAB,SUP-2F_ROOF_SLAB-010,SP-2F_ROOF_SLAB-07,X,LBS-2F_ROOF_SLAB-07-X-002,END_CONTINUOUS_RUN,SP-2F_ROOF_SLAB-08,1.161,1800,3000,1.161,0,0,"[""LBS-2F_ROOF_SLAB-08-X-002""]",0.00215,0.001075,0.002866667,0.003225,0.003225,0.003583333,0.00215,0.000000001
S7-0221-003,S7-0221,2F_ROOF_SLAB,SUP-2F_ROOF_SLAB-010,SP-2F_ROOF_SLAB-07,X,LBS-2F_ROOF_SLAB-07-X-003,END_CONTINUOUS_RUN,SP-2F_ROOF_SLAB-08,3.476,1800,3000,3.476,0,0,"[""LBS-2F_ROOF_SLAB-08-X-002"", ""LBS-2F_ROOF_SLAB-08-X-003""]",0.006437037,0.003218518,0.008582716,0.009655555,0.009655555,0.010728395,0.006437037,0.000000006
S7-0221-004,S7-0221,2F_ROOF_SLAB,SUP-2F_ROOF_SLAB-010,SP-2F_ROOF_SLAB-07,X,LBS-2F_ROOF_SLAB-07-X-004,END_CONTINUOUS_RUN,SP-2F_ROOF_SLAB-08,5.763,1800,3000,5.763,0,0,"[""LBS-2F_ROOF_SLAB-08-X-003"", ""LBS-2F_ROOF_SLAB-08-X-004"", ""LBS-2F_ROOF_SLAB-08-X-005""]",0.010672222,0.005336111,0.014229629,0.016008333,0.016008333,0.017787037,0.010672222,0.000000021
S7-0221-005,S7-0221,2F_ROOF_SLAB,SUP-2F_ROOF_SLAB-010,SP-2F_ROOF_SLAB-07,X,LBS-2F_ROOF_SLAB-07-X-005,END_CONTINUOUS_RUN,SP-2F_ROOF_SLAB-08,8.007,1800,3000,8.007,0,0,"[""LBS-2F_ROOF_SLAB-08-X-005"", ""LBS-2F_ROOF_SLAB-08-X-006""]",0.014827778,0.007413889,0.019770371,0.022241667,0.022241667,0.024712963,0.014827778,-0.000000014
S7-0221-006,S7-0221,2F_ROOF_SLAB,SUP-2F_ROOF_SLAB-010,SP-2F_ROOF_SLAB-07,X,LBS-2F_ROOF_SLAB-07-X-006,END_CONTINUOUS_RUN,SP-2F_ROOF_SLAB-08,10.19,1800,3000,10.19,0,0,"[""LBS-2F_ROOF_SLAB-08-X-006"", ""LBS-2F_ROOF_SLAB-08-X-007""]",0.01887037,0.009435185,0.025160493,0.028305555,0.028305555,0.031450617,0.01887037,0.00000002
S7-0221-007,S7-0221,2F_ROOF_SLAB,SUP-2F_ROOF_SLAB-010,SP-2F_ROOF_SLAB-07,X,LBS-2F_ROOF_SLAB-07-X-007,END_CONTINUOUS_RUN,SP-2F_ROOF_SLAB-08,12.295,1800,3000,12.295,0,0,"[""LBS-2F_ROOF_SLAB-08-X-007"", ""LBS-2F_ROOF_SLAB-08-X-008""]",0.022768519,0.011384259,0.030358025,0.034152779,0.034152779,0.037947532,0.022768519,-0.000000021
S7-0221-008,S7-0221,2F_ROOF_SLAB,SUP-2F_ROOF_SLAB-010,SP-2F_ROOF_SLAB-07,X,LBS-2F_ROOF_SLAB-07-X-008,END_CONTINUOUS_RUN,SP-2F_ROOF_SLAB-08,14.306,1800,3000,14.306,0,0,"[""LBS-2F_ROOF_SLAB-08-X-008"", ""LBS-2F_ROOF_SLAB-08-X-009""]",0.026492593,0.013246296,0.035323457,0.039738889,0.039738889,0.044154322,0.026492593,-0.000000015
S7-0221-009,S7-0221,2F_ROOF_SLAB,SUP-2F_ROOF_SLAB-010,SP-2F_ROOF_SLAB-07,X,LBS-2F_ROOF_SLAB-07-X-009,END_CONTINUOUS_RUN,SP-2F_ROOF_SLAB-08,16.21,1800,3000,16.21,0,0,"[""LBS-2F_ROOF_SLAB-08-X-009"", ""LBS-2F_ROOF_SLAB-08-X-010""]",0.030018519,0.01500926,0.040024692,0.045027778,0.045027778,0.050030865,0.030018519,-0.000000015
S7-0221-010,S7-0221,2F_ROOF_SLAB,SUP-2F_ROOF_SLAB-010,SP-2F_ROOF_SLAB-07,X,LBS-2F_ROOF_SLAB-07-X-010,END_CONTINUOUS_RUN,SP-2F_ROOF_SLAB-08,17.989,1800,3000,17.989,0,0,"[""LBS-2F_ROOF_SLAB-08-X-010"", ""LBS-2F_ROOF_SLAB-08-X-011""]",0.033312963,0.016656482,0.044417284,0.049969444,0.049969444,0.055521605,0.033312963,0
S7-0221-011,S7-0221,2F_ROOF_SLAB,SUP-2F_ROOF_SLAB-010,SP-2F_ROOF_SLAB-07,X,LBS-2F_ROOF_SLAB-07-X-011,END_CONTINUOUS_RUN,SP-2F_ROOF_SLAB-08,19.632,1800,3000,19.632,0,0,"[""LBS-2F_ROOF_SLAB-08-X-011""]",0.036355556,0.018177778,0.048474075,0.054533334,0.054533334,0.060592593,0.036355556,-0.000000012
S7-0221-012,S7-0221,2F_ROOF_SLAB,SUP-2F_ROOF_SLAB-010,SP-2F_ROOF_SLAB-07,X,LBS-2F_ROOF_SLAB-07-X-012,END_CONTINUOUS_RUN,SP-2F_ROOF_SLAB-08,21.125,1800,3000,21.125,0,0,"[""LBS-2F_ROOF_SLAB-08-X-011"", ""LBS-2F_ROOF_SLAB-08-X-012""]",0.03912037,0.019560185,0.052160493,0.058680555,0.058680555,0.065200617,0.03912037,0.00000001
S7-0221-013,S7-0221,2F_ROOF_SLAB,SUP-2F_ROOF_SLAB-010,SP-2F_ROOF_SLAB-07,X,LBS-2F_ROOF_SLAB-07-X-013,END_CONTINUOUS_RUN,SP-2F_ROOF_SLAB-08,22.457,1800,3000,22.457,0,0,"[""LBS-2F_ROOF_SLAB-08-X-012"", ""LBS-2F_ROOF_SLAB-08-X-013"", ""LBS-2F_ROOF_SLAB-08-X-014""]",0.041587037,0.020793519,0.055449383,0.062380556,0.062380556,0.069311728,0.041587037,0.000000002
S7-0221-014,S7-0221,2F_ROOF_SLAB,SUP-2F_ROOF_SLAB-010,SP-2F_ROOF_SLAB-07,X,LBS-2F_ROOF_SLAB-07-X-014,END_CONTINUOUS_RUN,SP-2F_ROOF_SLAB-08,23.618,1800,3000,23.618,0,0,"[""LBS-2F_ROOF_SLAB-08-X-014""]",0.043737037,0.021868519,0.058316049,0.065605555,0.065605555,0.072895062,0.043737037,0.000000001
S7-0221-015,S7-0221,2F_ROOF_SLAB,SUP-2F_ROOF_SLAB-010,SP-2F_ROOF_SLAB-07,X,LBS-2F_ROOF_SLAB-07-X-015,END_CONTINUOUS_RUN,SP-2F_ROOF_SLAB-08,24.601,1800,3000,24.601,0,0,"[""LBS-2F_ROOF_SLAB-08-X-014"", ""LBS-2F_ROOF_SLAB-08-X-015""]",0.045557407,0.022778704,0.060743209,0.06833611,0.06833611,0.075929012,0.045557407,0.00000001
S7-0221-016,S7-0221,2F_ROOF_SLAB,SUP-2F_ROOF_SLAB-010,SP-2F_ROOF_SLAB-07,X,LBS-2F_ROOF_SLAB-07-X-016,END_CONTINUOUS_RUN,SP-2F_ROOF_SLAB-08,25.395,1800,3000,25.395,0,0,"[""LBS-2F_ROOF_SLAB-08-X-015"", ""LBS-2F_ROOF_SLAB-08-X-016""]",0.047027778,0.023513889,0.062703704,0.070541667,0.070541667,0.07837963,0.047027778,-0.000000004
S7-0221-017,S7-0221,2F_ROOF_SLAB,SUP-2F_ROOF_SLAB-010,SP-2F_ROOF_SLAB-07,X,LBS-2F_ROOF_SLAB-07-X-017,END_CONTINUOUS_RUN,SP-2F_ROOF_SLAB-08,25.996,1800,3000,25.996,0,0,"[""LBS-2F_ROOF_SLAB-08-X-016"", ""LBS-2F_ROOF_SLAB-08-X-017""]",0.048140741,0.024070371,0.064187655,0.072211112,0.072211112,0.080234568,0.048140741,-0.000000005
S7-0221-018,S7-0221,2F_ROOF_SLAB,SUP-2F_ROOF_SLAB-010,SP-2F_ROOF_SLAB-07,X,LBS-2F_ROOF_SLAB-07-X-018,END_CONTINUOUS_RUN,SP-2F_ROOF_SLAB-08,26.399,1800,3000,26.399,0,0,"[""LBS-2F_ROOF_SLAB-08-X-017"", ""LBS-2F_ROOF_SLAB-08-X-018""]",0.048887037,0.024443519,0.065182716,0.073330556,0.073330556,0.081478395,0.048887037,0.000000001
S7-0221-019,S7-0221,2F_ROOF_SLAB,SUP-2F_ROOF_SLAB-010,SP-2F_ROOF_SLAB-07,X,LBS-2F_ROOF_SLAB-07-X-019,END_CONTINUOUS_RUN,SP-2F_ROOF_SLAB-08,26.602,1800,3000,26.602,0,0,"[""LBS-2F_ROOF_SLAB-08-X-018"", ""LBS-2F_ROOF_SLAB-08-X-019""]",0.049262963,0.024631481,0.065683951,0.073894444,0.073894444,0.082104938,0.049262963,0
S7-0221-020,S7-0221,2F_ROOF_SLAB,SUP-2F_ROOF_SLAB-010,SP-2F_ROOF_SLAB-07,X,LBS-2F_ROOF_SLAB-07-X-020,END_CONTINUOUS_RUN,SP-2F_ROOF_SLAB-08,600,1800,3000,600,0,0,"[""LBS-2F_ROOF_SLAB-08-X-019"", ""LBS-2F_ROOF_SLAB-08-X-020""]",1.111111111,0.555555556,1.481481481,1.666666667,1.666666667,1.851851852,1.111111111,0.000000001
S7-0221-021,S7-0221,2F_ROOF_SLAB,SUP-2F_ROOF_SLAB-010,SP-2F_ROOF_SLAB-07,X,LBS-2F_ROOF_SLAB-07-X-021,END_CONTINUOUS_RUN,SP-2F_ROOF_SLAB-08,7.698,1800,3000,7.698,0,0,"[""LBS-2F_ROOF_SLAB-08-X-020"", ""LBS-2F_ROOF_SLAB-08-X-021""]",0.014255556,0.007127778,0.019007408,0.021383334,0.021383334,0.02375926,0.014255556,-0.000000031
S7-0222-001,S7-0222,2F_ROOF_SLAB,SUP-2F_ROOF_SLAB-010,SP-2F_ROOF_SLAB-08,X,LBS-2F_ROOF_SLAB-08-X-001,END_CONTINUOUS_RUN,SP-2F_ROOF_SLAB-07,287.08,3000,1800,287.036,0.044,0,"[""LBS-2F_ROOF_SLAB-07-X-001"", ""LBS-2F_ROOF_SLAB-07-X-002""]",0.886049383,0.443024692,0.708866667,0.797444445,0.797444445,0.886049383,0.886049383,0
S7-0222-002,S7-0222,2F_ROOF_SLAB,SUP-2F_ROOF_SLAB-010,SP-2F_ROOF_SLAB-08,X,LBS-2F_ROOF_SLAB-08-X-002,END_CONTINUOUS_RUN,SP-2F_ROOF_SLAB-07,1.161,3000,1800,1.161,0,0,"[""LBS-2F_ROOF_SLAB-07-X-002""]",0.003583333,0.001791667,0.002866666,0.003225,0.003225,0.003583333,0.003583333,0.000000094
S7-0222-003,S7-0222,2F_ROOF_SLAB,SUP-2F_ROOF_SLAB-010,SP-2F_ROOF_SLAB-08,X,LBS-2F_ROOF_SLAB-08-X-003,END_CONTINUOUS_RUN,SP-2F_ROOF_SLAB-07,3.476,3000,1800,3.476,0,0,"[""LBS-2F_ROOF_SLAB-07-X-002"", ""LBS-2F_ROOF_SLAB-07-X-003""]",0.010728395,0.005364197,0.008582716,0.009655555,0.009655555,0.010728395,0.010728395,0.000000006
S7-0222-004,S7-0222,2F_ROOF_SLAB,SUP-2F_ROOF_SLAB-010,SP-2F_ROOF_SLAB-08,X,LBS-2F_ROOF_SLAB-08-X-004,END_CONTINUOUS_RUN,SP-2F_ROOF_SLAB-07,5.763,3000,1800,5.763,0,0,"[""LBS-2F_ROOF_SLAB-07-X-003"", ""LBS-2F_ROOF_SLAB-07-X-004"", ""LBS-2F_ROOF_SLAB-07-X-005""]",0.017787037,0.008893518,0.01422963,0.016008333,0.016008333,0.017787037,0.017787037,0.000000003
S7-0222-005,S7-0222,2F_ROOF_SLAB,SUP-2F_ROOF_SLAB-010,SP-2F_ROOF_SLAB-08,X,LBS-2F_ROOF_SLAB-08-X-005,END_CONTINUOUS_RUN,SP-2F_ROOF_SLAB-07,8.007,3000,1800,8.007,0,0,"[""LBS-2F_ROOF_SLAB-07-X-005"", ""LBS-2F_ROOF_SLAB-07-X-006""]",0.024712963,0.012356482,0.01977037,0.022241667,0.022241667,0.024712963,0.024712963,-0.000000001
S7-0222-006,S7-0222,2F_ROOF_SLAB,SUP-2F_ROOF_SLAB-010,SP-2F_ROOF_SLAB-08,X,LBS-2F_ROOF_SLAB-08-X-006,END_CONTINUOUS_RUN,SP-2F_ROOF_SLAB-07,10.19,3000,1800,10.19,0,0,"[""LBS-2F_ROOF_SLAB-07-X-006"", ""LBS-2F_ROOF_SLAB-07-X-007""]",0.031450617,0.015725309,0.025160494,0.028305555,0.028305555,0.031450617,0.031450617,0.00000001
S7-0222-007,S7-0222,2F_ROOF_SLAB,SUP-2F_ROOF_SLAB-010,SP-2F_ROOF_SLAB-08,X,LBS-2F_ROOF_SLAB-08-X-007,END_CONTINUOUS_RUN,SP-2F_ROOF_SLAB-07,12.295,3000,1800,12.295,0,0,"[""LBS-2F_ROOF_SLAB-07-X-007"", ""LBS-2F_ROOF_SLAB-07-X-008""]",0.037947531,0.018973765,0.030358025,0.034152778,0.034152778,0.037947531,0.037947531,-0.000000003
S7-0222-008,S7-0222,2F_ROOF_SLAB,SUP-2F_ROOF_SLAB-010,SP-2F_ROOF_SLAB-08,X,LBS-2F_ROOF_SLAB-08-X-008,END_CONTINUOUS_RUN,SP-2F_ROOF_SLAB-07,14.306,3000,1800,14.306,0,0,"[""LBS-2F_ROOF_SLAB-07-X-008"", ""LBS-2F_ROOF_SLAB-07-X-009""]",0.044154321,0.022077161,0.035323457,0.039738889,0.039738889,0.044154321,0.044154321,0
S7-0222-009,S7-0222,2F_ROOF_SLAB,SUP-2F_ROOF_SLAB-010,SP-2F_ROOF_SLAB-08,X,LBS-2F_ROOF_SLAB-08-X-009,END_CONTINUOUS_RUN,SP-2F_ROOF_SLAB-07,16.21,3000,1800,16.21,0,0,"[""LBS-2F_ROOF_SLAB-07-X-009"", ""LBS-2F_ROOF_SLAB-07-X-010""]",0.050030864,0.025015432,0.040024691,0.045027778,0.045027778,0.050030864,0.050030864,0.000000005
S7-0222-010,S7-0222,2F_ROOF_SLAB,SUP-2F_ROOF_SLAB-010,SP-2F_ROOF_SLAB-08,X,LBS-2F_ROOF_SLAB-08-X-010,END_CONTINUOUS_RUN,SP-2F_ROOF_SLAB-07,17.989,3000,1800,17.989,0,0,"[""LBS-2F_ROOF_SLAB-07-X-010"", ""LBS-2F_ROOF_SLAB-07-X-011""]",0.055521605,0.027760803,0.044417284,0.049969445,0.049969445,0.055521605,0.055521605,0
S7-0222-011,S7-0222,2F_ROOF_SLAB,SUP-2F_ROOF_SLAB-010,SP-2F_ROOF_SLAB-08,X,LBS-2F_ROOF_SLAB-08-X-011,END_CONTINUOUS_RUN,SP-2F_ROOF_SLAB-07,19.632,3000,1800,19.632,0,0,"[""LBS-2F_ROOF_SLAB-07-X-011""]",0.060592593,0.030296297,0.048474074,0.054533334,0.054533334,0.060592593,0.060592593,-0.000000006
S7-0222-012,S7-0222,2F_ROOF_SLAB,SUP-2F_ROOF_SLAB-010,SP-2F_ROOF_SLAB-08,X,LBS-2F_ROOF_SLAB-08-X-012,END_CONTINUOUS_RUN,SP-2F_ROOF_SLAB-07,21.125,3000,1800,21.125,0,0,"[""LBS-2F_ROOF_SLAB-07-X-011"", ""LBS-2F_ROOF_SLAB-07-X-012""]",0.065200617,0.032600309,0.052160494,0.058680555,0.058680555,0.065200617,0.065200617,0.000000005
S7-0222-013,S7-0222,2F_ROOF_SLAB,SUP-2F_ROOF_SLAB-010,SP-2F_ROOF_SLAB-08,X,LBS-2F_ROOF_SLAB-08-X-013,END_CONTINUOUS_RUN,SP-2F_ROOF_SLAB-07,22.457,3000,1800,22.457,0,0,"[""LBS-2F_ROOF_SLAB-07-X-012"", ""LBS-2F_ROOF_SLAB-07-X-013"", ""LBS-2F_ROOF_SLAB-07-X-014""]",0.069311728,0.034655864,0.055449382,0.062380555,0.062380555,0.069311728,0.069311728,0.000000006
S7-0222-014,S7-0222,2F_ROOF_SLAB,SUP-2F_ROOF_SLAB-010,SP-2F_ROOF_SLAB-08,X,LBS-2F_ROOF_SLAB-08-X-014,END_CONTINUOUS_RUN,SP-2F_ROOF_SLAB-07,23.618,3000,1800,23.618,0,0,"[""LBS-2F_ROOF_SLAB-07-X-014""]",0.072895062,0.036447531,0.05831605,0.065605556,0.065605556,0.072895062,0.072895062,-0.000000003
S7-0222-015,S7-0222,2F_ROOF_SLAB,SUP-2F_ROOF_SLAB-010,SP-2F_ROOF_SLAB-08,X,LBS-2F_ROOF_SLAB-08-X-015,END_CONTINUOUS_RUN,SP-2F_ROOF_SLAB-07,24.601,3000,1800,24.601,0,0,"[""LBS-2F_ROOF_SLAB-07-X-014"", ""LBS-2F_ROOF_SLAB-07-X-015""]",0.075929012,0.037964506,0.06074321,0.068336111,0.068336111,0.075929012,0.075929012,0.000000005
S7-0222-016,S7-0222,2F_ROOF_SLAB,SUP-2F_ROOF_SLAB-010,SP-2F_ROOF_SLAB-08,X,LBS-2F_ROOF_SLAB-08-X-016,END_CONTINUOUS_RUN,SP-2F_ROOF_SLAB-07,25.395,3000,1800,25.395,0,0,"[""LBS-2F_ROOF_SLAB-07-X-015"", ""LBS-2F_ROOF_SLAB-07-X-016""]",0.07837963,0.039189815,0.062703704,0.070541667,0.070541667,0.07837963,0.07837963,-0.000000004
S7-0222-017,S7-0222,2F_ROOF_SLAB,SUP-2F_ROOF_SLAB-010,SP-2F_ROOF_SLAB-08,X,LBS-2F_ROOF_SLAB-08-X-017,END_CONTINUOUS_RUN,SP-2F_ROOF_SLAB-07,25.996,3000,1800,25.996,0,0,"[""LBS-2F_ROOF_SLAB-07-X-016"", ""LBS-2F_ROOF_SLAB-07-X-017""]",0.080234568,0.040117284,0.064187654,0.072211111,0.072211111,0.080234568,0.080234568,-0.000000001
S7-0222-018,S7-0222,2F_ROOF_SLAB,SUP-2F_ROOF_SLAB-010,SP-2F_ROOF_SLAB-08,X,LBS-2F_ROOF_SLAB-08-X-018,END_CONTINUOUS_RUN,SP-2F_ROOF_SLAB-07,26.399,3000,1800,26.399,0,0,"[""LBS-2F_ROOF_SLAB-07-X-017"", ""LBS-2F_ROOF_SLAB-07-X-018""]",0.081478395,0.040739197,0.065182716,0.073330555,0.073330555,0.081478395,0.081478395,0.000000001
S7-0222-019,S7-0222,2F_ROOF_SLAB,SUP-2F_ROOF_SLAB-010,SP-2F_ROOF_SLAB-08,X,LBS-2F_ROOF_SLAB-08-X-019,END_CONTINUOUS_RUN,SP-2F_ROOF_SLAB-07,26.602,3000,1800,26.602,0,0,"[""LBS-2F_ROOF_SLAB-07-X-018"", ""LBS-2F_ROOF_SLAB-07-X-019""]",0.082104938,0.041052469,0.06568395,0.073894444,0.073894444,0.082104938,0.082104938,0.000000004
S7-0222-020,S7-0222,2F_ROOF_SLAB,SUP-2F_ROOF_SLAB-010,SP-2F_ROOF_SLAB-08,X,LBS-2F_ROOF_SLAB-08-X-020,END_CONTINUOUS_RUN,SP-2F_ROOF_SLAB-07,600,3000,1800,600,0,0,"[""LBS-2F_ROOF_SLAB-07-X-019"", ""LBS-2F_ROOF_SLAB-07-X-020""]",1.851851852,0.925925926,1.481481482,1.666666667,1.666666667,1.851851852,1.851851852,0.000000001
S7-0222-021,S7-0222,2F_ROOF_SLAB,SUP-2F_ROOF_SLAB-010,SP-2F_ROOF_SLAB-08,X,LBS-2F_ROOF_SLAB-08-X-021,END_CONTINUOUS_RUN,SP-2F_ROOF_SLAB-07,7.698,3000,1800,7.698,0,0,"[""LBS-2F_ROOF_SLAB-07-X-020"", ""LBS-2F_ROOF_SLAB-07-X-021""]",0.023759259,0.01187963,0.019007407,0.021383333,0.021383333,0.023759259,0.023759259,0.000000012
S7-0224-001,S7-0224,GF_ROOF_SLAB,SUP-GF_ROOF_SLAB-011,SP-GF_ROOF_SLAB-24,X,LBS-GF_ROOF_SLAB-24-X-001,END_CONTINUOUS_SPLIT,SP-GF_ROOF_SLAB-29,1974.382,728.587738145,2352.816237034,1974.356,0.026,0,"[""LBS-GF_ROOF_SLAB-29-X-004""]",1.47994909,0.739974545,3.12953054,4.301200791,4.301200791,4.77911199,1.47994909,0.000000001
S7-0224-002,S7-0224,GF_ROOF_SLAB,SUP-GF_ROOF_SLAB-011,SP-GF_ROOF_SLAB-24,X,LBS-GF_ROOF_SLAB-24-X-002,END_CONTINUOUS_SPLIT,SP-GF_ROOF_SLAB-29,350,1586.332705413,1495.082472,350,0,0,"[""LBS-GF_ROOF_SLAB-29-X-004"", ""LBS-GF_ROOF_SLAB-29-X-005""]",0.571210336,0.285605168,0.554781539,0.522842708,0.522842708,0.580936343,0.571210336,0.000000001
S7-0224-003,S7-0224,GF_ROOF_SLAB,SUP-GF_ROOF_SLAB-011,SP-GF_ROOF_SLAB-24,X,LBS-GF_ROOF_SLAB-24-X-003,END_CONTINUOUS_SPLIT,SP-GF_ROOF_SLAB-29,50,1733.940967268,1365.916236,0.044,49.956,0,"[""LBS-GF_ROOF_SLAB-29-X-005""]",0.089194494,0.044597247,0.089186581,0.080275045,0.080275045,0.089194494,0.089194494,0.000000003
S7-0225-001,S7-0225,GF_ROOF_SLAB,SUP-GF_ROOF_SLAB-011,SP-GF_ROOF_SLAB-29,X,LBS-GF_ROOF_SLAB-29-X-001,END_UNRESOLVED,SP-GF_ROOF_SLAB-25,300,3432.449847458,3148.983764,299.956,0.044,0,"[""LBS-GF_ROOF_SLAB-25-X-001"", ""LBS-GF_ROOF_SLAB-25-X-002""]",1.059398101,0.52969905,1.015582062,0.794548576,0.953458291,1.059398101,1.059398101,0.000000001
S7-0225-002,S7-0225,GF_ROOF_SLAB,SUP-GF_ROOF_SLAB-011,SP-GF_ROOF_SLAB-29,X,LBS-GF_ROOF_SLAB-29-X-002,END_UNRESOLVED,SP-GF_ROOF_SLAB-25,54.63,3301.584104537,3279.82859524,54.63,0,0,"[""LBS-GF_ROOF_SLAB-25-X-002"", ""LBS-GF_ROOF_SLAB-25-X-003""]",0.185561255,0.092780628,0.184949885,0.139170941,0.167113227,0.185681364,0.185561255,-0.000000001
S7-0225-003,S7-0225,GF_ROOF_SLAB,SUP-GF_ROOF_SLAB-011,SP-GF_ROOF_SLAB-29,X,LBS-GF_ROOF_SLAB-29-X-003,END_UNRESOLVED,SP-GF_ROOF_SLAB-25,270.988,3181.424384609,3299.994833333,0.014,270.974,0,"[""LBS-GF_ROOF_SLAB-25-X-003""]",0.886962789,0.443481395,0.44350516,0.665222092,0.798266751,0.886963057,0.886962789,0.000000001
S7-0225-004,S7-0225,GF_ROOF_SLAB,SUP-GF_ROOF_SLAB-011,SP-GF_ROOF_SLAB-29,X,LBS-GF_ROOF_SLAB-29-X-004,END_CONTINUOUS_SPLIT,SP-GF_ROOF_SLAB-24,1974.382,2352.836805495,728.583762966,1974.356,0.026,0,"[""LBS-GF_ROOF_SLAB-24-X-001""]",4.779216705,2.389608352,3.129610328,4.301295034,4.301295034,4.779216705,4.779216705,0.000000001
S7-0225-005,S7-0225,GF_ROOF_SLAB,SUP-GF_ROOF_SLAB-011,SP-GF_ROOF_SLAB-29,X,LBS-GF_ROOF_SLAB-29-X-005,END_CONTINUOUS_SPLIT,SP-GF_ROOF_SLAB-24,350,1495.092177966,1586.317528,350,0,0,"[""LBS-GF_ROOF_SLAB-24-X-001"", ""LBS-GF_ROOF_SLAB-24-X-002""]",0.538356237,0.269178119,0.554780554,0.522840394,0.522840394,0.580933771,0.538356237,0
S7-0227-001,S7-0227,GF_ROOF_SLAB,SUP-GF_ROOF_SLAB-012,SP-GF_ROOF_SLAB-25,X,LBS-GF_ROOF_SLAB-25-X-001,END_UNRESOLVED,SP-GF_ROOF_SLAB-29,50,3056.71906167,3524.75791,49.956,0.044,0,"[""LBS-GF_ROOF_SLAB-29-X-001""]",0.157238635,0.078619317,0.169196893,0.117928976,0.163163417,0.181292686,0.157238635,0
S7-0227-002,S7-0227,GF_ROOF_SLAB,SUP-GF_ROOF_SLAB-012,SP-GF_ROOF_SLAB-25,X,LBS-GF_ROOF_SLAB-25-X-002,END_UNRESOLVED,SP-GF_ROOF_SLAB-29,250,3167.425431689,3414.024153333,250,0,0,"[""LBS-GF_ROOF_SLAB-29-X-001""]",0.814667035,0.407333518,0.846379834,0.611000276,0.790283369,0.878092632,0.814667035,0
S7-0227-003,S7-0227,GF_ROOF_SLAB,SUP-GF_ROOF_SLAB-012,SP-GF_ROOF_SLAB-25,X,LBS-GF_ROOF_SLAB-25-X-003,END_UNRESOLVED,SP-GF_ROOF_SLAB-29,54.63,3279.840370019,3301.571404766,54.63,0,0,"[""LBS-GF_ROOF_SLAB-29-X-001"", ""LBS-GF_ROOF_SLAB-29-X-002""]",0.184339176,0.092169588,0.184949858,0.138254382,0.16711287,0.185680967,0.184339176,0.000000003
S7-0228-001,S7-0228,2F_ROOF_SLAB,SUP-2F_ROOF_SLAB-014,SP-2F_ROOF_SLAB-03,X,LBS-2F_ROOF_SLAB-03-X-011,END_NON_CONTINUOUS,,200,1800,,0,200,0,[],0.37037037,0.185185185,0.185185185,0.277777777,0.277777777,0.37037037,0.37037037,0.000000002
S7-0228-002,S7-0228,2F_ROOF_SLAB,SUP-2F_ROOF_SLAB-014,SP-2F_ROOF_SLAB-03,X,LBS-2F_ROOF_SLAB-03-X-012,END_UNRESOLVED,SP-2F_ROOF_SLAB-01,100,1800,,0,100,0,[],0.185185185,0.092592593,0.092592593,0.138888889,0.166666667,0.185185185,0.185185185,0.000000002
S7-0229-001,S7-0229,GF_ROOF_SLAB,SUP-GF_ROOF_SLAB-015,SP-GF_ROOF_SLAB-26,Y,LBS-GF_ROOF_SLAB-26-Y-002,END_NON_CONTINUOUS,,2300,4500,,0,2300,0,[],10.648148148,5.324074074,5.324074074,7.986111111,7.986111111,10.648148148,10.648148148,0.000000001
S7-0229-002,S7-0229,GF_ROOF_SLAB,SUP-GF_ROOF_SLAB-015,SP-GF_ROOF_SLAB-26,Y,LBS-GF_ROOF_SLAB-26-Y-003,END_NON_CONTINUOUS,,400,4500,,0,400,0,[],1.851851852,0.925925926,0.925925926,1.388888889,1.388888889,1.851851852,1.851851852,0.000000001
S7-0229-003,S7-0229,GF_ROOF_SLAB,SUP-GF_ROOF_SLAB-015,SP-GF_ROOF_SLAB-26,Y,LBS-GF_ROOF_SLAB-26-Y-004,END_NON_CONTINUOUS,,95.871,4500,,0,95.871,0,[],0.443847222,0.221923611,0.221923611,0.332885416,0.332885416,0.443847222,0.443847222,0.000000001
S7-0229-004,S7-0229,GF_ROOF_SLAB,SUP-GF_ROOF_SLAB-015,SP-GF_ROOF_SLAB-26,Y,LBS-GF_ROOF_SLAB-26-Y-005,END_NON_CONTINUOUS,,17.431,4500,,0,17.431,0,[],0.080699074,0.040349537,0.040349537,0.060524305,0.060524305,0.080699074,0.080699074,0.000000002
S7-0229-005,S7-0229,GF_ROOF_SLAB,SUP-GF_ROOF_SLAB-015,SP-GF_ROOF_SLAB-26,Y,LBS-GF_ROOF_SLAB-26-Y-006,END_NON_CONTINUOUS,,77.711,4500,,0,77.711,0,[],0.359773148,0.179886574,0.179886574,0.269829861,0.269829861,0.359773148,0.359773148,0.000000001
S7-0229-006,S7-0229,GF_ROOF_SLAB,SUP-GF_ROOF_SLAB-015,SP-GF_ROOF_SLAB-26,Y,LBS-GF_ROOF_SLAB-26-Y-007,END_NON_CONTINUOUS,,34.73,4500,,0,34.73,0,[],0.160787037,0.080393518,0.080393518,0.120590278,0.120590278,0.160787037,0.160787037,0.000000001
S7-0229-007,S7-0229,GF_ROOF_SLAB,SUP-GF_ROOF_SLAB-015,SP-GF_ROOF_SLAB-26,Y,LBS-GF_ROOF_SLAB-26-Y-008,END_NON_CONTINUOUS,,58.958,4500,,0,58.958,0,[],0.272953704,0.136476852,0.136476852,0.204715278,0.204715278,0.272953704,0.272953704,0
S7-0229-008,S7-0229,GF_ROOF_SLAB,SUP-GF_ROOF_SLAB-015,SP-GF_ROOF_SLAB-26,Y,LBS-GF_ROOF_SLAB-26-Y-009,END_NON_CONTINUOUS,,51.764,4500,,0,51.764,0,[],0.239648148,0.119824074,0.119824074,0.179736111,0.179736111,0.239648148,0.239648148,0.000000001
S7-0229-009,S7-0229,GF_ROOF_SLAB,SUP-GF_ROOF_SLAB-015,SP-GF_ROOF_SLAB-26,Y,LBS-GF_ROOF_SLAB-26-Y-010,END_NON_CONTINUOUS,,39.757,4500,,0,39.757,0,[],0.184060185,0.092030092,0.092030092,0.138045139,0.138045139,0.184060185,0.184060185,0.000000002
S7-0229-010,S7-0229,GF_ROOF_SLAB,SUP-GF_ROOF_SLAB-015,SP-GF_ROOF_SLAB-26,Y,LBS-GF_ROOF_SLAB-26-Y-011,END_NON_CONTINUOUS,,68.404,4500,,0,68.404,0,[],0.316685185,0.158342592,0.158342592,0.237513889,0.237513889,0.316685185,0.316685185,0.000000001
S7-0229-011,S7-0229,GF_ROOF_SLAB,SUP-GF_ROOF_SLAB-015,SP-GF_ROOF_SLAB-26,Y,LBS-GF_ROOF_SLAB-26-Y-012,END_NON_CONTINUOUS,,20.254,4500,,0,20.254,0,[],0.093768519,0.04688426,0.04688426,0.070326389,0.070326389,0.093768519,0.093768519,-0.000000005
S7-0229-012,S7-0229,GF_ROOF_SLAB,SUP-GF_ROOF_SLAB-015,SP-GF_ROOF_SLAB-26,Y,LBS-GF_ROOF_SLAB-26-Y-013,END_NON_CONTINUOUS,,84.524,4500,,0,84.524,0,[],0.391314815,0.195657407,0.195657407,0.293486111,0.293486111,0.391314815,0.391314815,0
S7-0229-013,S7-0229,GF_ROOF_SLAB,SUP-GF_ROOF_SLAB-015,SP-GF_ROOF_SLAB-26,Y,LBS-GF_ROOF_SLAB-26-Y-014,END_NON_CONTINUOUS,,0.596,4500,,0,0.596,0,[],0.002759259,0.001379629,0.001379629,0.002069444,0.002069444,0.002759259,0.002759259,0.000000095
S7-0229-014,S7-0229,GF_ROOF_SLAB,SUP-GF_ROOF_SLAB-015,SP-GF_ROOF_SLAB-26,Y,LBS-GF_ROOF_SLAB-26-Y-015,END_NON_CONTINUOUS,,80.934,4500,,0,80.934,0,[],0.374694444,0.187347222,0.187347222,0.281020833,0.281020833,0.374694444,0.374694444,0.000000002
S7-0229-015,S7-0229,GF_ROOF_SLAB,SUP-GF_ROOF_SLAB-015,SP-GF_ROOF_SLAB-26,Y,LBS-GF_ROOF_SLAB-26-Y-016,END_NON_CONTINUOUS,,19.066,4500,,0,19.066,0,[],0.088268519,0.04413426,0.04413426,0.066201389,0.066201389,0.088268519,0.088268519,-0.000000005
S7-0229-016,S7-0229,GF_ROOF_SLAB,SUP-GF_ROOF_SLAB-015,SP-GF_ROOF_SLAB-26,Y,LBS-GF_ROOF_SLAB-26-Y-017,END_NON_CONTINUOUS,,57.066,4500,,0,57.066,0,[],0.264194444,0.132097222,0.132097222,0.198145833,0.198145833,0.264194444,0.264194444,0.000000002
S7-0229-017,S7-0229,GF_ROOF_SLAB,SUP-GF_ROOF_SLAB-015,SP-GF_ROOF_SLAB-26,Y,LBS-GF_ROOF_SLAB-26-Y-018,END_NON_CONTINUOUS,,38.583,4500,,0,38.583,0,[],0.178625,0.0893125,0.0893125,0.13396875,0.13396875,0.178625,0.178625,0.000000001
S7-0229-018,S7-0229,GF_ROOF_SLAB,SUP-GF_ROOF_SLAB-015,SP-GF_ROOF_SLAB-26,Y,LBS-GF_ROOF_SLAB-26-Y-019,END_NON_CONTINUOUS,,32.168,4500,,0,32.168,0,[],0.148925926,0.074462963,0.074462963,0.111694444,0.111694444,0.148925926,0.148925926,0
S7-0229-019,S7-0229,GF_ROOF_SLAB,SUP-GF_ROOF_SLAB-015,SP-GF_ROOF_SLAB-26,Y,LBS-GF_ROOF_SLAB-26-Y-020,END_NON_CONTINUOUS,,57.807,4500,,0,57.807,0,[],0.267625,0.1338125,0.1338125,0.20071875,0.20071875,0.267625,0.267625,0.000000001
S7-0229-020,S7-0229,GF_ROOF_SLAB,SUP-GF_ROOF_SLAB-015,SP-GF_ROOF_SLAB-26,Y,LBS-GF_ROOF_SLAB-26-Y-021,END_NON_CONTINUOUS,,7.025,4500,,0,7.025,0,[],0.032523148,0.016261574,0.016261574,0.024392361,0.024392361,0.032523148,0.032523148,0.000000005
S7-0229-021,S7-0229,GF_ROOF_SLAB,SUP-GF_ROOF_SLAB-015,SP-GF_ROOF_SLAB-26,Y,LBS-GF_ROOF_SLAB-26-Y-022,END_NON_CONTINUOUS,,58.418,4500,,0,58.418,0,[],0.270453704,0.135226852,0.135226852,0.202840278,0.202840278,0.270453704,0.270453704,0
S7-0229-022,S7-0229,GF_ROOF_SLAB,SUP-GF_ROOF_SLAB-015,SP-GF_ROOF_SLAB-26,Y,LBS-GF_ROOF_SLAB-26-Y-023,END_NON_CONTINUOUS,,18.172,4500,,0,18.172,0,[],0.08412963,0.042064815,0.042064815,0.063097222,0.063097222,0.08412963,0.08412963,-0.000000004
S7-0229-023,S7-0229,GF_ROOF_SLAB,SUP-GF_ROOF_SLAB-015,SP-GF_ROOF_SLAB-26,Y,LBS-GF_ROOF_SLAB-26-Y-024,END_NON_CONTINUOUS,,33.389,4500,,0,33.389,0,[],0.154578704,0.077289352,0.077289352,0.115934028,0.115934028,0.154578704,0.154578704,-0.000000001
S7-0229-024,S7-0229,GF_ROOF_SLAB,SUP-GF_ROOF_SLAB-015,SP-GF_ROOF_SLAB-26,Y,LBS-GF_ROOF_SLAB-26-Y-025,END_NON_CONTINUOUS,,43.23,4500,,0,43.23,0,[],0.200138889,0.100069444,0.100069444,0.150104167,0.150104167,0.200138889,0.200138889,0
S7-0229-025,S7-0229,GF_ROOF_SLAB,SUP-GF_ROOF_SLAB-015,SP-GF_ROOF_SLAB-26,Y,LBS-GF_ROOF_SLAB-26-Y-026,END_NON_CONTINUOUS,,1.081,4500,,0,1.081,0,[],0.00500463,0.002502315,0.002502315,0.003753473,0.003753473,0.00500463,0.00500463,-0.000000073
S7-0229-026,S7-0229,GF_ROOF_SLAB,SUP-GF_ROOF_SLAB-015,SP-GF_ROOF_SLAB-26,Y,LBS-GF_ROOF_SLAB-26-Y-027,END_NON_CONTINUOUS,,36.723,4500,,0,36.723,0,[],0.170013889,0.085006945,0.085006945,0.127510417,0.127510417,0.170013889,0.170013889,0
S7-0229-027,S7-0229,GF_ROOF_SLAB,SUP-GF_ROOF_SLAB-015,SP-GF_ROOF_SLAB-26,Y,LBS-GF_ROOF_SLAB-26-Y-028,END_NON_CONTINUOUS,,28.856,4500,,0,28.856,0,[],0.133592593,0.066796297,0.066796297,0.100194445,0.100194445,0.133592593,0.133592593,-0.000000002
S7-0229-028,S7-0229,GF_ROOF_SLAB,SUP-GF_ROOF_SLAB-015,SP-GF_ROOF_SLAB-26,Y,LBS-GF_ROOF_SLAB-26-Y-029,END_NON_CONTINUOUS,,2.38,4500,,0,2.38,0,[],0.011018519,0.005509259,0.005509259,0.008263889,0.008263889,0.011018519,0.011018519,-0.000000043
S7-0229-029,S7-0229,GF_ROOF_SLAB,SUP-GF_ROOF_SLAB-015,SP-GF_ROOF_SLAB-26,Y,LBS-GF_ROOF_SLAB-26-Y-030,END_NON_CONTINUOUS,,18.391,4500,,0,18.391,0,[],0.085143519,0.042571759,0.042571759,0.063857639,0.063857639,0.085143519,0.085143519,-0.000000005
S7-0229-030,S7-0229,GF_ROOF_SLAB,SUP-GF_ROOF_SLAB-015,SP-GF_ROOF_SLAB-26,Y,LBS-GF_ROOF_SLAB-26-Y-031,END_NON_CONTINUOUS,,12.525,4500,,0,12.525,0,[],0.057986111,0.028993055,0.028993055,0.043489583,0.043489583,0.057986111,0.057986111,0.000000003
S7-0229-031,S7-0229,GF_ROOF_SLAB,SUP-GF_ROOF_SLAB-015,SP-GF_ROOF_SLAB-26,Y,LBS-GF_ROOF_SLAB-26-Y-032,END_NON_CONTINUOUS,,4.186,4500,,0,4.186,0,[],0.01937963,0.009689815,0.009689815,0.014534722,0.014534722,0.01937963,0.01937963,-0.000000018
S7-0230-001,S7-0230,GF_ROOF_SLAB,SUP-GF_ROOF_SLAB-016,SP-GF_ROOF_SLAB-27,Y,LBS-GF_ROOF_SLAB-27-Y-001,END_NON_CONTINUOUS,,300,4450,,0,300,0,[],1.37345679,0.686728395,0.686728395,1.030092592,1.030092592,1.37345679,1.37345679,0.000000001
S7-0230-002,S7-0230,GF_ROOF_SLAB,SUP-GF_ROOF_SLAB-016,SP-GF_ROOF_SLAB-27,Y,LBS-GF_ROOF_SLAB-27-Y-002,END_NON_CONTINUOUS,,1150,4500,,0,1150,0,[],5.324074074,2.662037037,2.662037037,3.993055556,3.993055556,5.324074074,5.324074074,0.000000001
S7-0231-001,S7-0231,GF_ROOF_SLAB,SUP-GF_ROOF_SLAB-017,SP-GF_ROOF_SLAB-27,Y,LBS-GF_ROOF_SLAB-27-Y-003,END_NON_CONTINUOUS,,400,4500,,0,400,0,[],1.851851852,0.925925926,0.925925926,1.388888889,1.388888889,1.851851852,1.851851852,0.000000001
S7-0232-001,S7-0232,GF_ROOF_SLAB,SUP-GF_ROOF_SLAB-018,SP-GF_ROOF_SLAB-27,Y,LBS-GF_ROOF_SLAB-27-Y-004,END_NON_CONTINUOUS,,1150,4500,,0,1150,0,[],5.324074074,2.662037037,2.662037037,3.993055556,3.993055556,5.324074074,5.324074074,0.000000001
S7-0233-001,S7-0233,GF_ROOF_SLAB,SUP-GF_ROOF_SLAB-019,SP-GF_ROOF_SLAB-30,Y,LBS-GF_ROOF_SLAB-30-Y-001,END_NON_CONTINUOUS,,1200,1300,,0,1200,0,[],1.604938272,0.802469136,0.802469136,1.203703704,1.203703704,1.604938272,1.604938272,0
S7-0234-001,S7-0234,GF_ROOF_SLAB,SUP-GF_ROOF_SLAB-020,SP-GF_ROOF_SLAB-34,Y,LBS-GF_ROOF_SLAB-34-Y-001,END_NON_CONTINUOUS,,2800,4500,,0,2800,0,[],12.962962963,6.481481482,6.481481482,9.722222222,9.722222222,12.962962963,12.962962963,0.000000001
S7-0234-002,S7-0234,GF_ROOF_SLAB,SUP-GF_ROOF_SLAB-020,SP-GF_ROOF_SLAB-34,Y,LBS-GF_ROOF_SLAB-34-Y-002,END_NON_CONTINUOUS,,150,4500,,0,150,0,[],0.694444444,0.347222222,0.347222222,0.520833333,0.520833333,0.694444444,0.694444444,0.000000001
S7-0234-003,S7-0234,GF_ROOF_SLAB,SUP-GF_ROOF_SLAB-020,SP-GF_ROOF_SLAB-34,Y,LBS-GF_ROOF_SLAB-34-Y-003,END_NON_CONTINUOUS,,50,1300,,0,50,0,[],0.066872428,0.033436214,0.033436214,0.050154321,0.050154321,0.066872428,0.066872428,0
S7-0235-001,S7-0235,1F_ROOF_SLAB,SUP-1F_ROOF_SLAB-021,SP-1F_ROOF_SLAB-05,X,LBS-1F_ROOF_SLAB-05-X-001,END_NON_CONTINUOUS,SP-1F_ROOF_SLAB-10,178.69,4100,,0,178.69,0,[],0.753733539,0.376866769,0.376866769,0.565300154,0.565300154,0.753733539,0.753733539,0.000000001
S7-0235-002,S7-0235,1F_ROOF_SLAB,SUP-1F_ROOF_SLAB-021,SP-1F_ROOF_SLAB-05,X,LBS-1F_ROOF_SLAB-05-X-002,END_NON_CONTINUOUS,SP-1F_ROOF_SLAB-10,621.31,4100,,0,621.31,0,[],2.620752058,1.310376029,1.310376029,1.965564044,1.965564044,2.620752058,2.620752058,0
S7-0235-003,S7-0235,1F_ROOF_SLAB,SUP-1F_ROOF_SLAB-021,SP-1F_ROOF_SLAB-05,X,LBS-1F_ROOF_SLAB-05-X-003,END_NON_CONTINUOUS,SP-1F_ROOF_SLAB-10,3475,4100,,0,3475,0,[],14.657921811,7.328960905,7.328960905,10.993441358,10.993441358,14.657921811,14.657921811,0.000000001
S7-0236-001,S7-0236,1F_ROOF_SLAB,SUP-1F_ROOF_SLAB-022,SP-1F_ROOF_SLAB-07,X,LBS-1F_ROOF_SLAB-07-X-001,END_NON_CONTINUOUS,SP-1F_ROOF_SLAB-10,717.211,4372.183,,0,717.211,0,[],3.226108788,1.613054394,1.613054394,2.419581591,2.419581591,3.226108788,3.226108788,0.000000001
S7-0236-002,S7-0236,1F_ROOF_SLAB,SUP-1F_ROOF_SLAB-022,SP-1F_ROOF_SLAB-07,X,LBS-1F_ROOF_SLAB-07-X-002,END_NON_CONTINUOUS,SP-1F_ROOF_SLAB-10,193.631,4372.183,,0,193.631,0,[],0.870977538,0.435488769,0.435488769,0.653233154,0.653233154,0.870977538,0.870977538,0
S7-0236-003,S7-0236,1F_ROOF_SLAB,SUP-1F_ROOF_SLAB-022,SP-1F_ROOF_SLAB-07,X,LBS-1F_ROOF_SLAB-07-X-003,END_NON_CONTINUOUS,SP-1F_ROOF_SLAB-10,66.652,4372.183,,0,66.652,0,[],0.299809405,0.149904702,0.149904702,0.224857054,0.224857054,0.299809405,0.299809405,-0.000000001
S7-0236-004,S7-0236,1F_ROOF_SLAB,SUP-1F_ROOF_SLAB-022,SP-1F_ROOF_SLAB-07,X,LBS-1F_ROOF_SLAB-07-X-004,END_NON_CONTINUOUS,SP-1F_ROOF_SLAB-10,32.984,4236.0915,,0,32.984,0,[],0.143748191,0.071874095,0.071874095,0.107811143,0.107811143,0.143748191,0.143748191,0.000000003
S7-0237-001,S7-0237,2F_ROOF_SLAB,SUP-2F_ROOF_SLAB-024,SP-2F_ROOF_SLAB-03,X,LBS-2F_ROOF_SLAB-03-X-001,END_CONTINUOUS_SPLIT,SP-2F_ROOF_SLAB-06,181.733,1800,2500,181.733,0,0,"[""LBS-2F_ROOF_SLAB-06-X-040"", ""LBS-2F_ROOF_SLAB-06-X-041""]",0.336542593,0.168271297,0.401981431,0.420678241,0.420678241,0.467420268,0.336542593,-0.000000001
S7-0237-002,S7-0237,2F_ROOF_SLAB,SUP-2F_ROOF_SLAB-024,SP-2F_ROOF_SLAB-03,X,LBS-2F_ROOF_SLAB-03-X-002,END_CONTINUOUS_SPLIT,SP-2F_ROOF_SLAB-06,118.267,1800,2500,118.267,0,0,"[""LBS-2F_ROOF_SLAB-06-X-041"", ""LBS-2F_ROOF_SLAB-06-X-042""]",0.219012963,0.109506482,0.261598817,0.273766204,0.273766204,0.304184671,0.219012963,0
S7-0237-003,S7-0237,2F_ROOF_SLAB,SUP-2F_ROOF_SLAB-024,SP-2F_ROOF_SLAB-03,X,LBS-2F_ROOF_SLAB-03-X-003,END_CONTINUOUS_SPLIT,SP-2F_ROOF_SLAB-06,92.302,1800,2500,92.302,0,0,"[""LBS-2F_ROOF_SLAB-06-X-042"", ""LBS-2F_ROOF_SLAB-06-X-043""]",0.17092963,0.085464815,0.204165947,0.213662037,0.213662037,0.237402264,0.17092963,-0.000000002
S7-0237-004,S7-0237,2F_ROOF_SLAB,SUP-2F_ROOF_SLAB-024,SP-2F_ROOF_SLAB-03,X,LBS-2F_ROOF_SLAB-03-X-004,END_CONTINUOUS_SPLIT,SP-2F_ROOF_SLAB-06,107.698,1800,2500,107.698,0,0,"[""LBS-2F_ROOF_SLAB-06-X-043"", ""LBS-2F_ROOF_SLAB-06-X-044""]",0.199440741,0.099720371,0.238220885,0.249300926,0.249300926,0.277001029,0.199440741,-0.000000001
S7-0237-005,S7-0237,2F_ROOF_SLAB,SUP-2F_ROOF_SLAB-024,SP-2F_ROOF_SLAB-03,X,LBS-2F_ROOF_SLAB-03-X-005,END_CONTINUOUS_SPLIT,SP-2F_ROOF_SLAB-06,81.733,1800,2500,81.733,0,0,"[""LBS-2F_ROOF_SLAB-06-X-044"", ""LBS-2F_ROOF_SLAB-06-X-045""]",0.151357407,0.075678703,0.180788014,0.189196759,0.189196759,0.210218621,0.151357407,0.000000003
S7-0237-006,S7-0237,2F_ROOF_SLAB,SUP-2F_ROOF_SLAB-024,SP-2F_ROOF_SLAB-03,X,LBS-2F_ROOF_SLAB-03-X-006,END_CONTINUOUS_SPLIT,SP-2F_ROOF_SLAB-06,68.267,1800,2500,68.267,0,0,"[""LBS-2F_ROOF_SLAB-06-X-045"", ""LBS-2F_ROOF_SLAB-06-X-046""]",0.12642037,0.063210185,0.151002109,0.158025463,0.158025463,0.175583847,0.12642037,0.000000004
S7-0237-007,S7-0237,2F_ROOF_SLAB,SUP-2F_ROOF_SLAB-024,SP-2F_ROOF_SLAB-03,X,LBS-2F_ROOF_SLAB-03-X-007,END_CONTINUOUS_SPLIT,SP-2F_ROOF_SLAB-06,50,1800,2500,50,0,0,"[""LBS-2F_ROOF_SLAB-06-X-046"", ""LBS-2F_ROOF_SLAB-06-X-047""]",0.092592593,0.046296297,0.110596708,0.115740741,0.115740741,0.128600824,0.092592593,-0.000000004
S7-0237-008,S7-0237,2F_ROOF_SLAB,SUP-2F_ROOF_SLAB-024,SP-2F_ROOF_SLAB-03,X,LBS-2F_ROOF_SLAB-03-X-008,END_CONTINUOUS_SPLIT,SP-2F_ROOF_SLAB-06,120.295,1800,2500,120.295,0,0,"[""LBS-2F_ROOF_SLAB-06-X-047"", ""LBS-2F_ROOF_SLAB-06-X-048""]",0.222768519,0.111384259,0.26608462,0.278460649,0.278460649,0.309400721,0.222768519,-0.000000002
S7-0237-009,S7-0237,2F_ROOF_SLAB,SUP-2F_ROOF_SLAB-024,SP-2F_ROOF_SLAB-03,X,LBS-2F_ROOF_SLAB-03-X-009,END_CONTINUOUS_SPLIT,SP-2F_ROOF_SLAB-06,172.273,1800,2500,172.273,0,0,"[""LBS-2F_ROOF_SLAB-06-X-048"", ""LBS-2F_ROOF_SLAB-06-X-049"", ""LBS-2F_ROOF_SLAB-06-X-050""]",0.319024074,0.159512037,0.381056533,0.398780093,0.398780093,0.443088992,0.319024074,0.000000001
S7-0237-010,S7-0237,2F_ROOF_SLAB,SUP-2F_ROOF_SLAB-024,SP-2F_ROOF_SLAB-03,X,LBS-2F_ROOF_SLAB-03-X-010,END_CONTINUOUS_SPLIT,SP-2F_ROOF_SLAB-06,507.432,1800,2500,507.432,0,0,"[""LBS-2F_ROOF_SLAB-06-X-050""]",0.939688889,0.469844445,1.122406173,1.174611111,1.174611111,1.305123457,0.939688889,0.000000001
S7-0238-001,S7-0238,2F_ROOF_SLAB,SUP-2F_ROOF_SLAB-024,SP-2F_ROOF_SLAB-06,X,LBS-2F_ROOF_SLAB-06-X-022,END_CONTINUOUS_SPLIT,SP-2F_ROOF_SLAB-03,1.018,2500,,0,1.018,0,[],0.002618313,0.001309157,0.002618313,0.002356482,0.002356482,0.002618313,0.002618313,-0.000000092
S7-0238-002,S7-0238,2F_ROOF_SLAB,SUP-2F_ROOF_SLAB-024,SP-2F_ROOF_SLAB-06,X,LBS-2F_ROOF_SLAB-06-X-023,END_CONTINUOUS_SPLIT,SP-2F_ROOF_SLAB-03,8.649,2500,,0,8.649,0,[],0.02224537,0.011122685,0.02224537,0.020020833,0.020020833,0.02224537,0.02224537,0.000000017
S7-0238-003,S7-0238,2F_ROOF_SLAB,SUP-2F_ROOF_SLAB-024,SP-2F_ROOF_SLAB-06,X,LBS-2F_ROOF_SLAB-06-X-024,END_CONTINUOUS_SPLIT,SP-2F_ROOF_SLAB-03,8.517,2500,,0,8.517,0,[],0.021905864,0.010952932,0.021905864,0.019715278,0.019715278,0.021905864,0.021905864,0.00000001
S7-0238-004,S7-0238,2F_ROOF_SLAB,SUP-2F_ROOF_SLAB-024,SP-2F_ROOF_SLAB-06,X,LBS-2F_ROOF_SLAB-06-X-025,END_CONTINUOUS_SPLIT,SP-2F_ROOF_SLAB-03,8.32,2500,,0,8.32,0,[],0.021399177,0.010699588,0.021399177,0.019259259,0.019259259,0.021399177,0.021399177,-0.000000001
S7-0238-005,S7-0238,2F_ROOF_SLAB,SUP-2F_ROOF_SLAB-024,SP-2F_ROOF_SLAB-06,X,LBS-2F_ROOF_SLAB-06-X-026,END_CONTINUOUS_SPLIT,SP-2F_ROOF_SLAB-03,8.06,2500,,0,8.06,0,[],0.020730453,0.010365226,0.020730453,0.018657408,0.018657408,0.020730453,0.020730453,-0.000000015
S7-0238-006,S7-0238,2F_ROOF_SLAB,SUP-2F_ROOF_SLAB-024,SP-2F_ROOF_SLAB-06,X,LBS-2F_ROOF_SLAB-06-X-027,END_CONTINUOUS_SPLIT,SP-2F_ROOF_SLAB-03,7.738,2500,,0,7.738,0,[],0.019902263,0.009951131,0.019902263,0.017912037,0.017912037,0.019902263,0.019902263,0.000000019
S7-0238-007,S7-0238,2F_ROOF_SLAB,SUP-2F_ROOF_SLAB-024,SP-2F_ROOF_SLAB-06,X,LBS-2F_ROOF_SLAB-06-X-028,END_CONTINUOUS_SPLIT,SP-2F_ROOF_SLAB-03,7.358,2500,,0,7.358,0,[],0.018924897,0.009462448,0.018924897,0.017032407,0.017032407,0.018924897,0.018924897,0.000000007
S7-0238-008,S7-0238,2F_ROOF_SLAB,SUP-2F_ROOF_SLAB-024,SP-2F_ROOF_SLAB-06,X,LBS-2F_ROOF_SLAB-06-X-029,END_CONTINUOUS_SPLIT,SP-2F_ROOF_SLAB-03,6.921,2500,,0,6.921,0,[],0.017800926,0.008900463,0.017800926,0.016020833,0.016020833,0.017800926,0.017800926,-0.000000004
S7-0238-009,S7-0238,2F_ROOF_SLAB,SUP-2F_ROOF_SLAB-024,SP-2F_ROOF_SLAB-06,X,LBS-2F_ROOF_SLAB-06-X-030,END_CONTINUOUS_SPLIT,SP-2F_ROOF_SLAB-03,6.432,2500,,0,6.432,0,[],0.01654321,0.008271605,0.01654321,0.014888889,0.014888889,0.01654321,0.01654321,-0.000000007
S7-0238-010,S7-0238,2F_ROOF_SLAB,SUP-2F_ROOF_SLAB-024,SP-2F_ROOF_SLAB-06,X,LBS-2F_ROOF_SLAB-06-X-031,END_CONTINUOUS_SPLIT,SP-2F_ROOF_SLAB-03,5.893,2500,,0,5.893,0,[],0.015156893,0.007578446,0.015156893,0.013641204,0.013641204,0.015156893,0.015156893,0.000000001
S7-0238-011,S7-0238,2F_ROOF_SLAB,SUP-2F_ROOF_SLAB-024,SP-2F_ROOF_SLAB-06,X,LBS-2F_ROOF_SLAB-06-X-032,END_CONTINUOUS_SPLIT,SP-2F_ROOF_SLAB-03,5.311,2500,,0,5.311,0,[],0.013659979,0.006829989,0.013659979,0.012293981,0.012293981,0.013659979,0.013659979,0.000000032
S7-0238-012,S7-0238,2F_ROOF_SLAB,SUP-2F_ROOF_SLAB-024,SP-2F_ROOF_SLAB-06,X,LBS-2F_ROOF_SLAB-06-X-033,END_CONTINUOUS_SPLIT,SP-2F_ROOF_SLAB-03,4.688,2500,,0,4.688,0,[],0.012057613,0.006028807,0.012057613,0.010851852,0.010851852,0.012057613,0.012057613,0.000000015
S7-0238-013,S7-0238,2F_ROOF_SLAB,SUP-2F_ROOF_SLAB-024,SP-2F_ROOF_SLAB-06,X,LBS-2F_ROOF_SLAB-06-X-034,END_CONTINUOUS_SPLIT,SP-2F_ROOF_SLAB-03,4.028,2500,,0,4.028,0,[],0.010360082,0.005180041,0.010360082,0.009324074,0.009324074,0.010360082,0.010360082,0.00000003
S7-0238-014,S7-0238,2F_ROOF_SLAB,SUP-2F_ROOF_SLAB-024,SP-2F_ROOF_SLAB-06,X,LBS-2F_ROOF_SLAB-06-X-035,END_CONTINUOUS_SPLIT,SP-2F_ROOF_SLAB-03,3.338,2500,,0,3.338,0,[],0.008585391,0.004292695,0.008585391,0.007726852,0.007726852,0.008585391,0.008585391,-0.000000006
S7-0238-015,S7-0238,2F_ROOF_SLAB,SUP-2F_ROOF_SLAB-024,SP-2F_ROOF_SLAB-06,X,LBS-2F_ROOF_SLAB-06-X-036,END_CONTINUOUS_SPLIT,SP-2F_ROOF_SLAB-03,2.624,2500,,0,2.624,0,[],0.006748971,0.003374486,0.006748971,0.006074074,0.006074074,0.006748971,0.006748971,0.000000029
S7-0238-016,S7-0238,2F_ROOF_SLAB,SUP-2F_ROOF_SLAB-024,SP-2F_ROOF_SLAB-06,X,LBS-2F_ROOF_SLAB-06-X-037,END_CONTINUOUS_SPLIT,SP-2F_ROOF_SLAB-03,1.888,2500,,0,1.888,0,[],0.004855967,0.002427984,0.004855967,0.00437037,0.00437037,0.004855967,0.004855967,0.000000017
S7-0238-017,S7-0238,2F_ROOF_SLAB,SUP-2F_ROOF_SLAB-024,SP-2F_ROOF_SLAB-06,X,LBS-2F_ROOF_SLAB-06-X-038,END_CONTINUOUS_SPLIT,SP-2F_ROOF_SLAB-03,1.138,2500,,0,1.138,0,[],0.002926955,0.001463478,0.002926955,0.00263426,0.00263426,0.002926955,0.002926955,-0.000000091
S7-0238-018,S7-0238,2F_ROOF_SLAB,SUP-2F_ROOF_SLAB-024,SP-2F_ROOF_SLAB-06,X,LBS-2F_ROOF_SLAB-06-X-039,END_CONTINUOUS_SPLIT,SP-2F_ROOF_SLAB-03,0.381,2500,,0,0.381,0,[],0.000979938,0.000489969,0.000979938,0.000881944,0.000881944,0.000979938,0.000979938,0.000000278
S7-0238-019,S7-0238,2F_ROOF_SLAB,SUP-2F_ROOF_SLAB-024,SP-2F_ROOF_SLAB-06,X,LBS-2F_ROOF_SLAB-06-X-040,END_CONTINUOUS_SPLIT,SP-2F_ROOF_SLAB-03,107.698,2500,,0,107.698,0,[],0.277001029,0.138500515,0.277001029,0.249300926,0.249300926,0.277001029,0.277001029,0
S7-0238-020,S7-0238,2F_ROOF_SLAB,SUP-2F_ROOF_SLAB-024,SP-2F_ROOF_SLAB-06,X,LBS-2F_ROOF_SLAB-06-X-041,END_CONTINUOUS_SPLIT,SP-2F_ROOF_SLAB-03,181.733,2500,1800,181.689,0.044,0,"[""LBS-2F_ROOF_SLAB-03-X-001""]",0.467420267,0.233710134,0.401997273,0.42067824,0.42067824,0.467420267,0.467420267,0.000000002
S7-0238-021,S7-0238,2F_ROOF_SLAB,SUP-2F_ROOF_SLAB-024,SP-2F_ROOF_SLAB-06,X,LBS-2F_ROOF_SLAB-06-X-042,END_CONTINUOUS_SPLIT,SP-2F_ROOF_SLAB-03,118.267,2500,1800,118.267,0,0,"[""LBS-2F_ROOF_SLAB-03-X-001"", ""LBS-2F_ROOF_SLAB-03-X-002""]",0.304184671,0.152092336,0.261598817,0.273766204,0.273766204,0.304184671,0.304184671,0
S7-0238-022,S7-0238,2F_ROOF_SLAB,SUP-2F_ROOF_SLAB-024,SP-2F_ROOF_SLAB-06,X,LBS-2F_ROOF_SLAB-06-X-043,END_CONTINUOUS_SPLIT,SP-2F_ROOF_SLAB-03,92.302,2500,1800,92.302,0,0,"[""LBS-2F_ROOF_SLAB-03-X-002"", ""LBS-2F_ROOF_SLAB-03-X-003""]",0.237402263,0.118701131,0.204165946,0.213662037,0.213662037,0.237402263,0.237402263,0.000000002
S7-0238-023,S7-0238,2F_ROOF_SLAB,SUP-2F_ROOF_SLAB-024,SP-2F_ROOF_SLAB-06,X,LBS-2F_ROOF_SLAB-06-X-044,END_CONTINUOUS_SPLIT,SP-2F_ROOF_SLAB-03,107.698,2500,1800,107.698,0,0,"[""LBS-2F_ROOF_SLAB-03-X-003"", ""LBS-2F_ROOF_SLAB-03-X-004""]",0.277001029,0.138500515,0.238220885,0.249300926,0.249300926,0.277001029,0.277001029,0
S7-0238-024,S7-0238,2F_ROOF_SLAB,SUP-2F_ROOF_SLAB-024,SP-2F_ROOF_SLAB-06,X,LBS-2F_ROOF_SLAB-06-X-045,END_CONTINUOUS_SPLIT,SP-2F_ROOF_SLAB-03,81.733,2500,1800,81.733,0,0,"[""LBS-2F_ROOF_SLAB-03-X-004"", ""LBS-2F_ROOF_SLAB-03-X-005""]",0.210218621,0.10510931,0.180788014,0.189196759,0.189196759,0.210218621,0.210218621,0.000000003
S7-0238-025,S7-0238,2F_ROOF_SLAB,SUP-2F_ROOF_SLAB-024,SP-2F_ROOF_SLAB-06,X,LBS-2F_ROOF_SLAB-06-X-046,END_CONTINUOUS_SPLIT,SP-2F_ROOF_SLAB-03,68.267,2500,1800,68.267,0,0,"[""LBS-2F_ROOF_SLAB-03-X-005"", ""LBS-2F_ROOF_SLAB-03-X-006""]",0.175583848,0.087791924,0.151002109,0.158025463,0.158025463,0.175583848,0.175583848,-0.000000001
S7-0238-026,S7-0238,2F_ROOF_SLAB,SUP-2F_ROOF_SLAB-024,SP-2F_ROOF_SLAB-06,X,LBS-2F_ROOF_SLAB-06-X-047,END_CONTINUOUS_SPLIT,SP-2F_ROOF_SLAB-03,50,2500,1800,50,0,0,"[""LBS-2F_ROOF_SLAB-03-X-006"", ""LBS-2F_ROOF_SLAB-03-X-007""]",0.128600823,0.064300412,0.110596708,0.115740741,0.115740741,0.128600823,0.128600823,0.000000001
S7-0238-027,S7-0238,2F_ROOF_SLAB,SUP-2F_ROOF_SLAB-024,SP-2F_ROOF_SLAB-06,X,LBS-2F_ROOF_SLAB-06-X-048,END_CONTINUOUS_SPLIT,SP-2F_ROOF_SLAB-03,120.295,2500,1800,120.295,0,0,"[""LBS-2F_ROOF_SLAB-03-X-007"", ""LBS-2F_ROOF_SLAB-03-X-008""]",0.30940072,0.15470036,0.266084619,0.278460648,0.278460648,0.30940072,0.30940072,0.000000001
S7-0238-028,S7-0238,2F_ROOF_SLAB,SUP-2F_ROOF_SLAB-024,SP-2F_ROOF_SLAB-06,X,LBS-2F_ROOF_SLAB-06-X-049,END_CONTINUOUS_SPLIT,SP-2F_ROOF_SLAB-03,172.273,2500,1800,172.273,0,0,"[""LBS-2F_ROOF_SLAB-03-X-008"", ""LBS-2F_ROOF_SLAB-03-X-009"", ""LBS-2F_ROOF_SLAB-03-X-010""]",0.443088992,0.221544496,0.381056533,0.398780093,0.398780093,0.443088992,0.443088992,0
S7-0238-029,S7-0238,2F_ROOF_SLAB,SUP-2F_ROOF_SLAB-024,SP-2F_ROOF_SLAB-06,X,LBS-2F_ROOF_SLAB-06-X-050,END_CONTINUOUS_SPLIT,SP-2F_ROOF_SLAB-03,507.432,2500,1800,507.432,0,0,"[""LBS-2F_ROOF_SLAB-03-X-010""]",1.305123457,0.652561729,1.122406173,1.174611111,1.174611111,1.305123457,1.305123457,0
S7-0240-001,S7-0240,2F_ROOF_SLAB,SUP-2F_ROOF_SLAB-025,SP-2F_ROOF_SLAB-06,X,LBS-2F_ROOF_SLAB-06-X-001,END_CONTINUOUS_SPLIT,SP-2F_ROOF_SLAB-07,287.08,2500,1800,287.036,0.044,0,"[""LBS-2F_ROOF_SLAB-07-X-001"", ""LBS-2F_ROOF_SLAB-07-X-002""]",0.738374486,0.369187243,0.635017902,0.664537037,0.664537037,0.738374486,0.738374486,0
S7-0240-002,S7-0240,2F_ROOF_SLAB,SUP-2F_ROOF_SLAB-025,SP-2F_ROOF_SLAB-06,X,LBS-2F_ROOF_SLAB-06-X-002,END_CONTINUOUS_SPLIT,SP-2F_ROOF_SLAB-07,1.161,2500,1800,1.161,0,0,"[""LBS-2F_ROOF_SLAB-07-X-002""]",0.002986111,0.001493056,0.002568055,0.0026875,0.0026875,0.002986111,0.002986111,0.000000038
S7-0240-003,S7-0240,2F_ROOF_SLAB,SUP-2F_ROOF_SLAB-025,SP-2F_ROOF_SLAB-06,X,LBS-2F_ROOF_SLAB-06-X-003,END_CONTINUOUS_SPLIT,SP-2F_ROOF_SLAB-07,3.476,2500,1800,3.476,0,0,"[""LBS-2F_ROOF_SLAB-07-X-002"", ""LBS-2F_ROOF_SLAB-07-X-003""]",0.008940329,0.004470165,0.007688683,0.008046296,0.008046296,0.008940329,0.008940329,0.000000025
S7-0240-004,S7-0240,2F_ROOF_SLAB,SUP-2F_ROOF_SLAB-025,SP-2F_ROOF_SLAB-06,X,LBS-2F_ROOF_SLAB-06-X-004,END_CONTINUOUS_SPLIT,SP-2F_ROOF_SLAB-07,5.763,2500,1800,5.763,0,0,"[""LBS-2F_ROOF_SLAB-07-X-003"", ""LBS-2F_ROOF_SLAB-07-X-004"", ""LBS-2F_ROOF_SLAB-07-X-005""]",0.014822531,0.007411266,0.012747377,0.013340278,0.013340278,0.014822531,0.014822531,-0.000000009
S7-0240-005,S7-0240,2F_ROOF_SLAB,SUP-2F_ROOF_SLAB-025,SP-2F_ROOF_SLAB-06,X,LBS-2F_ROOF_SLAB-06-X-005,END_CONTINUOUS_SPLIT,SP-2F_ROOF_SLAB-07,8.007,2500,1800,8.007,0,0,"[""LBS-2F_ROOF_SLAB-07-X-005"", ""LBS-2F_ROOF_SLAB-07-X-006""]",0.020594136,0.010297068,0.017710957,0.018534722,0.018534722,0.020594136,0.020594136,-0.000000009
S7-0240-006,S7-0240,2F_ROOF_SLAB,SUP-2F_ROOF_SLAB-025,SP-2F_ROOF_SLAB-06,X,LBS-2F_ROOF_SLAB-06-X-006,END_CONTINUOUS_SPLIT,SP-2F_ROOF_SLAB-07,10.19,2500,1800,10.19,0,0,"[""LBS-2F_ROOF_SLAB-07-X-006"", ""LBS-2F_ROOF_SLAB-07-X-007""]",0.026208848,0.013104424,0.022539609,0.023587963,0.023587963,0.026208848,0.026208848,-0.000000009
S7-0240-007,S7-0240,2F_ROOF_SLAB,SUP-2F_ROOF_SLAB-025,SP-2F_ROOF_SLAB-06,X,LBS-2F_ROOF_SLAB-06-X-007,END_CONTINUOUS_SPLIT,SP-2F_ROOF_SLAB-07,12.295,2500,1800,12.295,0,0,"[""LBS-2F_ROOF_SLAB-07-X-007"", ""LBS-2F_ROOF_SLAB-07-X-008""]",0.031622942,0.015811471,0.02719573,0.028460648,0.028460648,0.031622942,0.031622942,0.000000013
S7-0240-008,S7-0240,2F_ROOF_SLAB,SUP-2F_ROOF_SLAB-025,SP-2F_ROOF_SLAB-06,X,LBS-2F_ROOF_SLAB-06-X-008,END_CONTINUOUS_SPLIT,SP-2F_ROOF_SLAB-07,14.306,2500,1800,14.306,0,0,"[""LBS-2F_ROOF_SLAB-07-X-008"", ""LBS-2F_ROOF_SLAB-07-X-009""]",0.036795267,0.018397633,0.03164393,0.03311574,0.03311574,0.036795267,0.036795267,0.000000014
S7-0240-009,S7-0240,2F_ROOF_SLAB,SUP-2F_ROOF_SLAB-025,SP-2F_ROOF_SLAB-06,X,LBS-2F_ROOF_SLAB-06-X-009,END_CONTINUOUS_SPLIT,SP-2F_ROOF_SLAB-07,16.21,2500,1800,16.21,0,0,"[""LBS-2F_ROOF_SLAB-07-X-009"", ""LBS-2F_ROOF_SLAB-07-X-010""]",0.041692387,0.020846193,0.035855453,0.037523148,0.037523148,0.041692387,0.041692387,-0.000000003
S7-0240-010,S7-0240,2F_ROOF_SLAB,SUP-2F_ROOF_SLAB-025,SP-2F_ROOF_SLAB-06,X,LBS-2F_ROOF_SLAB-06-X-010,END_CONTINUOUS_SPLIT,SP-2F_ROOF_SLAB-07,17.989,2500,1800,17.989,0,0,"[""LBS-2F_ROOF_SLAB-07-X-010"", ""LBS-2F_ROOF_SLAB-07-X-011""]",0.046268004,0.023134002,0.039790483,0.041641204,0.041641204,0.046268004,0.046268004,0.000000003
S7-0240-011,S7-0240,2F_ROOF_SLAB,SUP-2F_ROOF_SLAB-025,SP-2F_ROOF_SLAB-06,X,LBS-2F_ROOF_SLAB-06-X-011,END_CONTINUOUS_SPLIT,SP-2F_ROOF_SLAB-07,19.632,2500,1800,19.632,0,0,"[""LBS-2F_ROOF_SLAB-07-X-011""]",0.050493827,0.025246913,0.043424691,0.045444444,0.045444444,0.050493827,0.050493827,0.000000004
S7-0240-012,S7-0240,2F_ROOF_SLAB,SUP-2F_ROOF_SLAB-025,SP-2F_ROOF_SLAB-06,X,LBS-2F_ROOF_SLAB-06-X-012,END_CONTINUOUS_SPLIT,SP-2F_ROOF_SLAB-07,21.125,2500,1800,21.125,0,0,"[""LBS-2F_ROOF_SLAB-07-X-011"", ""LBS-2F_ROOF_SLAB-07-X-012""]",0.054333848,0.027166924,0.046727109,0.048900463,0.048900463,0.054333848,0.054333848,-0.000000004
S7-0240-013,S7-0240,2F_ROOF_SLAB,SUP-2F_ROOF_SLAB-025,SP-2F_ROOF_SLAB-06,X,LBS-2F_ROOF_SLAB-06-X-013,END_CONTINUOUS_SPLIT,SP-2F_ROOF_SLAB-07,22.457,2500,1800,22.457,0,0,"[""LBS-2F_ROOF_SLAB-07-X-012"", ""LBS-2F_ROOF_SLAB-07-X-013"", ""LBS-2F_ROOF_SLAB-07-X-014""]",0.057759774,0.028879887,0.049673406,0.051983797,0.051983797,0.057759774,0.057759774,-0.000000005
S7-0240-014,S7-0240,2F_ROOF_SLAB,SUP-2F_ROOF_SLAB-025,SP-2F_ROOF_SLAB-06,X,LBS-2F_ROOF_SLAB-06-X-014,END_CONTINUOUS_SPLIT,SP-2F_ROOF_SLAB-07,23.618,2500,1800,23.618,0,0,"[""LBS-2F_ROOF_SLAB-07-X-014""]",0.060745885,0.030372942,0.052241461,0.054671296,0.054671296,0.060745885,0.060745885,-0.000000003
S7-0240-015,S7-0240,2F_ROOF_SLAB,SUP-2F_ROOF_SLAB-025,SP-2F_ROOF_SLAB-06,X,LBS-2F_ROOF_SLAB-06-X-015,END_CONTINUOUS_SPLIT,SP-2F_ROOF_SLAB-07,24.601,2500,1800,24.601,0,0,"[""LBS-2F_ROOF_SLAB-07-X-014"", ""LBS-2F_ROOF_SLAB-07-X-015""]",0.063274177,0.031637089,0.054415792,0.056946759,0.056946759,0.063274177,0.063274177,0
S7-0240-016,S7-0240,2F_ROOF_SLAB,SUP-2F_ROOF_SLAB-025,SP-2F_ROOF_SLAB-06,X,LBS-2F_ROOF_SLAB-06-X-016,END_CONTINUOUS_SPLIT,SP-2F_ROOF_SLAB-07,25.395,2500,1800,25.395,0,0,"[""LBS-2F_ROOF_SLAB-07-X-015"", ""LBS-2F_ROOF_SLAB-07-X-016""]",0.065316358,0.032658179,0.056172068,0.058784722,0.058784722,0.065316358,0.065316358,0.000000001
S7-0240-017,S7-0240,2F_ROOF_SLAB,SUP-2F_ROOF_SLAB-025,SP-2F_ROOF_SLAB-06,X,LBS-2F_ROOF_SLAB-06-X-017,END_CONTINUOUS_SPLIT,SP-2F_ROOF_SLAB-07,25.996,2500,1800,25.996,0,0,"[""LBS-2F_ROOF_SLAB-07-X-016"", ""LBS-2F_ROOF_SLAB-07-X-017""]",0.06686214,0.03343107,0.05750144,0.060175926,0.060175926,0.06686214,0.06686214,-0.000000001
S7-0240-018,S7-0240,2F_ROOF_SLAB,SUP-2F_ROOF_SLAB-025,SP-2F_ROOF_SLAB-06,X,LBS-2F_ROOF_SLAB-06-X-018,END_CONTINUOUS_SPLIT,SP-2F_ROOF_SLAB-07,26.399,2500,1800,26.399,0,0,"[""LBS-2F_ROOF_SLAB-07-X-017"", ""LBS-2F_ROOF_SLAB-07-X-018""]",0.067898663,0.033949331,0.05839285,0.061108797,0.061108797,0.067898663,0.067898663,-0.000000006
S7-0240-019,S7-0240,2F_ROOF_SLAB,SUP-2F_ROOF_SLAB-025,SP-2F_ROOF_SLAB-06,X,LBS-2F_ROOF_SLAB-06-X-019,END_CONTINUOUS_SPLIT,SP-2F_ROOF_SLAB-07,26.602,2500,1800,26.602,0,0,"[""LBS-2F_ROOF_SLAB-07-X-018"", ""LBS-2F_ROOF_SLAB-07-X-019""]",0.068420782,0.034210391,0.058841873,0.061578704,0.061578704,0.068420782,0.068420782,-0.000000001
S7-0240-020,S7-0240,2F_ROOF_SLAB,SUP-2F_ROOF_SLAB-025,SP-2F_ROOF_SLAB-06,X,LBS-2F_ROOF_SLAB-06-X-020,END_CONTINUOUS_SPLIT,SP-2F_ROOF_SLAB-07,600,2500,1800,600,0,0,"[""LBS-2F_ROOF_SLAB-07-X-019"", ""LBS-2F_ROOF_SLAB-07-X-020""]",1.543209877,0.771604939,1.327160494,1.388888889,1.388888889,1.543209877,1.543209877,0
S7-0240-021,S7-0240,2F_ROOF_SLAB,SUP-2F_ROOF_SLAB-025,SP-2F_ROOF_SLAB-06,X,LBS-2F_ROOF_SLAB-06-X-021,END_CONTINUOUS_SPLIT,SP-2F_ROOF_SLAB-07,7.698,2500,1800,7.698,0,0,"[""LBS-2F_ROOF_SLAB-07-X-020"", ""LBS-2F_ROOF_SLAB-07-X-021""]",0.019799383,0.009899692,0.017027469,0.017819445,0.017819445,0.019799383,0.019799383,-0.000000014
S7-0241-001,S7-0241,2F_ROOF_SLAB,SUP-2F_ROOF_SLAB-025,SP-2F_ROOF_SLAB-07,X,LBS-2F_ROOF_SLAB-07-X-001,END_CONTINUOUS_SPLIT,SP-2F_ROOF_SLAB-06,287.08,1800,2500,287.036,0.044,0,"[""LBS-2F_ROOF_SLAB-06-X-001"", ""LBS-2F_ROOF_SLAB-06-X-002""]",0.53162963,0.265814815,0.634986214,0.664508519,0.664508519,0.738342799,0.53162963,0
S7-0241-002,S7-0241,2F_ROOF_SLAB,SUP-2F_ROOF_SLAB-025,SP-2F_ROOF_SLAB-07,X,LBS-2F_ROOF_SLAB-07-X-002,END_CONTINUOUS_SPLIT,SP-2F_ROOF_SLAB-06,1.161,1800,2500,1.161,0,0,"[""LBS-2F_ROOF_SLAB-06-X-002""]",0.00215,0.001075,0.002568056,0.0026875,0.0026875,0.002986111,0.00215,0.000000001
S7-0241-003,S7-0241,2F_ROOF_SLAB,SUP-2F_ROOF_SLAB-025,SP-2F_ROOF_SLAB-07,X,LBS-2F_ROOF_SLAB-07-X-003,END_CONTINUOUS_SPLIT,SP-2F_ROOF_SLAB-06,3.476,1800,2500,3.476,0,0,"[""LBS-2F_ROOF_SLAB-06-X-002"", ""LBS-2F_ROOF_SLAB-06-X-003""]",0.006437037,0.003218518,0.007688683,0.008046296,0.008046296,0.008940329,0.006437037,0.000000006
S7-0241-004,S7-0241,2F_ROOF_SLAB,SUP-2F_ROOF_SLAB-025,SP-2F_ROOF_SLAB-07,X,LBS-2F_ROOF_SLAB-07-X-004,END_CONTINUOUS_SPLIT,SP-2F_ROOF_SLAB-06,5.763,1800,2500,5.763,0,0,"[""LBS-2F_ROOF_SLAB-06-X-003"", ""LBS-2F_ROOF_SLAB-06-X-004"", ""LBS-2F_ROOF_SLAB-06-X-005""]",0.010672222,0.005336111,0.012747376,0.013340277,0.013340277,0.014822531,0.010672222,0.000000021
S7-0241-005,S7-0241,2F_ROOF_SLAB,SUP-2F_ROOF_SLAB-025,SP-2F_ROOF_SLAB-07,X,LBS-2F_ROOF_SLAB-07-X-005,END_CONTINUOUS_SPLIT,SP-2F_ROOF_SLAB-06,8.007,1800,2500,8.007,0,0,"[""LBS-2F_ROOF_SLAB-06-X-005"", ""LBS-2F_ROOF_SLAB-06-X-006""]",0.014827778,0.007413889,0.017710957,0.018534722,0.018534722,0.020594136,0.014827778,-0.000000014
S7-0241-006,S7-0241,2F_ROOF_SLAB,SUP-2F_ROOF_SLAB-025,SP-2F_ROOF_SLAB-07,X,LBS-2F_ROOF_SLAB-07-X-006,END_CONTINUOUS_SPLIT,SP-2F_ROOF_SLAB-06,10.19,1800,2500,10.19,0,0,"[""LBS-2F_ROOF_SLAB-06-X-006"", ""LBS-2F_ROOF_SLAB-06-X-007""]",0.01887037,0.009435185,0.022539609,0.023587963,0.023587963,0.026208847,0.01887037,0.00000002
S7-0241-007,S7-0241,2F_ROOF_SLAB,SUP-2F_ROOF_SLAB-025,SP-2F_ROOF_SLAB-07,X,LBS-2F_ROOF_SLAB-07-X-007,END_CONTINUOUS_SPLIT,SP-2F_ROOF_SLAB-06,12.295,1800,2500,12.295,0,0,"[""LBS-2F_ROOF_SLAB-06-X-007"", ""LBS-2F_ROOF_SLAB-06-X-008""]",0.022768519,0.011384259,0.027195731,0.028460649,0.028460649,0.031622943,0.022768519,-0.000000021
S7-0241-008,S7-0241,2F_ROOF_SLAB,SUP-2F_ROOF_SLAB-025,SP-2F_ROOF_SLAB-07,X,LBS-2F_ROOF_SLAB-07-X-008,END_CONTINUOUS_SPLIT,SP-2F_ROOF_SLAB-06,14.306,1800,2500,14.306,0,0,"[""LBS-2F_ROOF_SLAB-06-X-008"", ""LBS-2F_ROOF_SLAB-06-X-009""]",0.026492593,0.013246296,0.031643931,0.033115741,0.033115741,0.036795268,0.026492593,-0.000000015
S7-0241-009,S7-0241,2F_ROOF_SLAB,SUP-2F_ROOF_SLAB-025,SP-2F_ROOF_SLAB-07,X,LBS-2F_ROOF_SLAB-07-X-009,END_CONTINUOUS_SPLIT,SP-2F_ROOF_SLAB-06,16.21,1800,2500,16.21,0,0,"[""LBS-2F_ROOF_SLAB-06-X-009"", ""LBS-2F_ROOF_SLAB-06-X-010""]",0.030018519,0.01500926,0.035855453,0.037523149,0.037523149,0.041692387,0.030018519,-0.000000015
S7-0241-010,S7-0241,2F_ROOF_SLAB,SUP-2F_ROOF_SLAB-025,SP-2F_ROOF_SLAB-07,X,LBS-2F_ROOF_SLAB-07-X-010,END_CONTINUOUS_SPLIT,SP-2F_ROOF_SLAB-06,17.989,1800,2500,17.989,0,0,"[""LBS-2F_ROOF_SLAB-06-X-010"", ""LBS-2F_ROOF_SLAB-06-X-011""]",0.033312963,0.016656482,0.039790484,0.041641204,0.041641204,0.046268004,0.033312963,0
S7-0241-011,S7-0241,2F_ROOF_SLAB,SUP-2F_ROOF_SLAB-025,SP-2F_ROOF_SLAB-07,X,LBS-2F_ROOF_SLAB-07-X-011,END_CONTINUOUS_SPLIT,SP-2F_ROOF_SLAB-06,19.632,1800,2500,19.632,0,0,"[""LBS-2F_ROOF_SLAB-06-X-011""]",0.036355556,0.018177778,0.043424692,0.045444445,0.045444445,0.050493828,0.036355556,-0.000000012
S7-0241-012,S7-0241,2F_ROOF_SLAB,SUP-2F_ROOF_SLAB-025,SP-2F_ROOF_SLAB-07,X,LBS-2F_ROOF_SLAB-07-X-012,END_CONTINUOUS_SPLIT,SP-2F_ROOF_SLAB-06,21.125,1800,2500,21.125,0,0,"[""LBS-2F_ROOF_SLAB-06-X-011"", ""LBS-2F_ROOF_SLAB-06-X-012""]",0.03912037,0.019560185,0.046727109,0.048900463,0.048900463,0.054333847,0.03912037,0.00000001
S7-0241-013,S7-0241,2F_ROOF_SLAB,SUP-2F_ROOF_SLAB-025,SP-2F_ROOF_SLAB-07,X,LBS-2F_ROOF_SLAB-07-X-013,END_CONTINUOUS_SPLIT,SP-2F_ROOF_SLAB-06,22.457,1800,2500,22.457,0,0,"[""LBS-2F_ROOF_SLAB-06-X-012"", ""LBS-2F_ROOF_SLAB-06-X-013"", ""LBS-2F_ROOF_SLAB-06-X-014""]",0.041587037,0.020793519,0.049673405,0.051983796,0.051983796,0.057759774,0.041587037,0.000000002
S7-0241-014,S7-0241,2F_ROOF_SLAB,SUP-2F_ROOF_SLAB-025,SP-2F_ROOF_SLAB-07,X,LBS-2F_ROOF_SLAB-07-X-014,END_CONTINUOUS_SPLIT,SP-2F_ROOF_SLAB-06,23.618,1800,2500,23.618,0,0,"[""LBS-2F_ROOF_SLAB-06-X-014""]",0.043737037,0.021868519,0.052241461,0.054671296,0.054671296,0.060745885,0.043737037,0.000000001
S7-0241-015,S7-0241,2F_ROOF_SLAB,SUP-2F_ROOF_SLAB-025,SP-2F_ROOF_SLAB-07,X,LBS-2F_ROOF_SLAB-07-X-015,END_CONTINUOUS_SPLIT,SP-2F_ROOF_SLAB-06,24.601,1800,2500,24.601,0,0,"[""LBS-2F_ROOF_SLAB-06-X-014"", ""LBS-2F_ROOF_SLAB-06-X-015""]",0.045557407,0.022778704,0.054415792,0.056946759,0.056946759,0.063274176,0.045557407,0.00000001
S7-0241-016,S7-0241,2F_ROOF_SLAB,SUP-2F_ROOF_SLAB-025,SP-2F_ROOF_SLAB-07,X,LBS-2F_ROOF_SLAB-07-X-016,END_CONTINUOUS_SPLIT,SP-2F_ROOF_SLAB-06,25.395,1800,2500,25.395,0,0,"[""LBS-2F_ROOF_SLAB-06-X-015"", ""LBS-2F_ROOF_SLAB-06-X-016""]",0.047027778,0.023513889,0.056172068,0.058784723,0.058784723,0.065316358,0.047027778,-0.000000004
S7-0241-017,S7-0241,2F_ROOF_SLAB,SUP-2F_ROOF_SLAB-025,SP-2F_ROOF_SLAB-07,X,LBS-2F_ROOF_SLAB-07-X-017,END_CONTINUOUS_SPLIT,SP-2F_ROOF_SLAB-06,25.996,1800,2500,25.996,0,0,"[""LBS-2F_ROOF_SLAB-06-X-016"", ""LBS-2F_ROOF_SLAB-06-X-017""]",0.048140741,0.024070371,0.057501441,0.060175926,0.060175926,0.06686214,0.048140741,-0.000000005
S7-0241-018,S7-0241,2F_ROOF_SLAB,SUP-2F_ROOF_SLAB-025,SP-2F_ROOF_SLAB-07,X,LBS-2F_ROOF_SLAB-07-X-018,END_CONTINUOUS_SPLIT,SP-2F_ROOF_SLAB-06,26.399,1800,2500,26.399,0,0,"[""LBS-2F_ROOF_SLAB-06-X-017"", ""LBS-2F_ROOF_SLAB-06-X-018""]",0.048887037,0.024443519,0.05839285,0.061108796,0.061108796,0.067898662,0.048887037,0.000000001
S7-0241-019,S7-0241,2F_ROOF_SLAB,SUP-2F_ROOF_SLAB-025,SP-2F_ROOF_SLAB-07,X,LBS-2F_ROOF_SLAB-07-X-019,END_CONTINUOUS_SPLIT,SP-2F_ROOF_SLAB-06,26.602,1800,2500,26.602,0,0,"[""LBS-2F_ROOF_SLAB-06-X-018"", ""LBS-2F_ROOF_SLAB-06-X-019""]",0.049262963,0.024631481,0.058841872,0.061578704,0.061578704,0.068420782,0.049262963,0
S7-0241-020,S7-0241,2F_ROOF_SLAB,SUP-2F_ROOF_SLAB-025,SP-2F_ROOF_SLAB-07,X,LBS-2F_ROOF_SLAB-07-X-020,END_CONTINUOUS_SPLIT,SP-2F_ROOF_SLAB-06,600,1800,2500,600,0,0,"[""LBS-2F_ROOF_SLAB-06-X-019"", ""LBS-2F_ROOF_SLAB-06-X-020""]",1.111111111,0.555555556,1.327160494,1.388888889,1.388888889,1.543209876,1.111111111,0.000000001
S7-0241-021,S7-0241,2F_ROOF_SLAB,SUP-2F_ROOF_SLAB-025,SP-2F_ROOF_SLAB-07,X,LBS-2F_ROOF_SLAB-07-X-021,END_CONTINUOUS_SPLIT,SP-2F_ROOF_SLAB-06,7.698,1800,2500,7.698,0,0,"[""LBS-2F_ROOF_SLAB-06-X-020"", ""LBS-2F_ROOF_SLAB-06-X-021""]",0.014255556,0.007127778,0.01702747,0.017819445,0.017819445,0.019799383,0.014255556,-0.000000031
S7-0243-001,S7-0243,1F_ROOF_SLAB,SUP-1F_ROOF_SLAB-026,SP-1F_ROOF_SLAB-11,X,LBS-1F_ROOF_SLAB-11-X-001,END_NON_CONTINUOUS,,29.087,4300,,0,29.087,0,[],0.128677058,0.064338529,0.064338529,0.096507794,0.096507794,0.128677058,0.128677058,-0.000000002
S7-0243-002,S7-0243,1F_ROOF_SLAB,SUP-1F_ROOF_SLAB-026,SP-1F_ROOF_SLAB-11,X,LBS-1F_ROOF_SLAB-11-X-002,END_NON_CONTINUOUS,,126.386,4300,,0,126.386,0,[],0.559115021,0.27955751,0.27955751,0.419336266,0.419336266,0.559115021,0.559115021,0
S7-0243-003,S7-0243,1F_ROOF_SLAB,SUP-1F_ROOF_SLAB-026,SP-1F_ROOF_SLAB-11,X,LBS-1F_ROOF_SLAB-11-X-003,END_NON_CONTINUOUS,,114.018,4300,,0,114.018,0,[],0.504400617,0.252200309,0.252200309,0.378300463,0.378300463,0.504400617,0.504400617,0.000000001
S7-0243-004,S7-0243,1F_ROOF_SLAB,SUP-1F_ROOF_SLAB-026,SP-1F_ROOF_SLAB-11,X,LBS-1F_ROOF_SLAB-11-X-004,END_NON_CONTINUOUS,,100.821,4300,,0,100.821,0,[],0.446018827,0.223009414,0.223009414,0.33451412,0.33451412,0.446018827,0.446018827,0.000000001
S7-0243-005,S7-0243,1F_ROOF_SLAB,SUP-1F_ROOF_SLAB-026,SP-1F_ROOF_SLAB-11,X,LBS-1F_ROOF_SLAB-11-X-005,END_NON_CONTINUOUS,,86.892,4300,,0,86.892,0,[],0.384398765,0.192199382,0.192199382,0.288299074,0.288299074,0.384398765,0.384398765,0.000000002
S7-0243-006,S7-0243,1F_ROOF_SLAB,SUP-1F_ROOF_SLAB-026,SP-1F_ROOF_SLAB-11,X,LBS-1F_ROOF_SLAB-11-X-006,END_NON_CONTINUOUS,,72.332,4300,,0,72.332,0,[],0.319987243,0.159993621,0.159993621,0.239990432,0.239990432,0.319987243,0.319987243,0
S7-0243-007,S7-0243,1F_ROOF_SLAB,SUP-1F_ROOF_SLAB-026,SP-1F_ROOF_SLAB-11,X,LBS-1F_ROOF_SLAB-11-X-007,END_NON_CONTINUOUS,,57.246,4300,,0,57.246,0,[],0.253248765,0.126624382,0.126624382,0.189936574,0.189936574,0.253248765,0.253248765,0.000000002
S7-0243-008,S7-0243,1F_ROOF_SLAB,SUP-1F_ROOF_SLAB-026,SP-1F_ROOF_SLAB-11,X,LBS-1F_ROOF_SLAB-11-X-008,END_NON_CONTINUOUS,,41.743,4300,,0,41.743,0,[],0.184665535,0.092332767,0.092332767,0.138499151,0.138499151,0.184665535,0.184665535,0.000000001
S7-0243-009,S7-0243,1F_ROOF_SLAB,SUP-1F_ROOF_SLAB-026,SP-1F_ROOF_SLAB-11,X,LBS-1F_ROOF_SLAB-11-X-009,END_NON_CONTINUOUS,,25.938,4300,,0,25.938,0,[],0.114746296,0.057373148,0.057373148,0.086059722,0.086059722,0.114746296,0.114746296,0.000000003
S7-0243-010,S7-0243,1F_ROOF_SLAB,SUP-1F_ROOF_SLAB-026,SP-1F_ROOF_SLAB-11,X,LBS-1F_ROOF_SLAB-11-X-010,END_NON_CONTINUOUS,,9.945,4300,,0,9.945,0,[],0.04399537,0.021997685,0.021997685,0.032996527,0.032996527,0.04399537,0.04399537,0.000000009
S7-0243-011,S7-0243,1F_ROOF_SLAB,SUP-1F_ROOF_SLAB-026,SP-1F_ROOF_SLAB-11,X,LBS-1F_ROOF_SLAB-11-X-011,END_NON_CONTINUOUS,,0.114,4300,,0,0.114,0,[],0.000504321,0.00025216,0.00025216,0.000378241,0.000378241,0.000504321,0.000504321,-0.000000024
S7-0243-012,S7-0243,1F_ROOF_SLAB,SUP-1F_ROOF_SLAB-026,SP-1F_ROOF_SLAB-11,X,LBS-1F_ROOF_SLAB-11-X-012,END_NON_CONTINUOUS,,250,4300,,0,250,0,[],1.105967078,0.552983539,0.552983539,0.829475309,0.829475309,1.105967078,1.105967078,0.000000001
S7-0244-001,S7-0244,GF_ROOF_SLAB,SUP-GF_ROOF_SLAB-028,SP-GF_ROOF_SLAB-20,Y,LBS-GF_ROOF_SLAB-20-Y-003,END_NON_CONTINUOUS,,934.065,3700,,0,934.065,0,[],3.555597222,1.777798611,1.777798611,2.666697916,2.666697916,3.555597222,3.555597222,0.000000001
S7-0245-001,S7-0245,1F_ROOF_SLAB,SUP-1F_ROOF_SLAB-029,SP-1F_ROOF_SLAB-08,X,LBS-1F_ROOF_SLAB-08-X-001,END_CONTINUOUS_RUN,SP-1F_ROOF_SLAB-11,335.478,4100,4300,335.456,0.022,0,"[""LBS-1F_ROOF_SLAB-11-X-013""]",1.415082099,0.707541049,1.449594033,1.335695371,1.335695371,1.484105967,1.415082099,0
S7-0245-002,S7-0245,1F_ROOF_SLAB,SUP-1F_ROOF_SLAB-029,SP-1F_ROOF_SLAB-08,X,LBS-1F_ROOF_SLAB-08-X-002,END_CONTINUOUS_RUN,SP-1F_ROOF_SLAB-11,450,4100,2400.185777778,450,0,0,"[""LBS-1F_ROOF_SLAB-11-X-013"", ""LBS-1F_ROOF_SLAB-11-X-014"", ""LBS-1F_ROOF_SLAB-11-X-015"", ""LBS-1F_ROOF_SLAB-11-X-016"", ""LBS-1F_ROOF_SLAB-11-X-017""]",1.898148148,0.949074074,1.504672634,1.708341481,1.708341481,1.898157201,1.898148148,0.000000001
S7-0246-001,S7-0246,1F_ROOF_SLAB,SUP-1F_ROOF_SLAB-029,SP-1F_ROOF_SLAB-11,X,LBS-1F_ROOF_SLAB-11-X-013,END_CONTINUOUS_RUN,SP-1F_ROOF_SLAB-08,335.478,4300,4100,335.456,0.022,0,"[""LBS-1F_ROOF_SLAB-08-X-001""]",1.484110494,0.742055247,1.44959856,1.335699445,1.335699445,1.484110494,1.484110494,0.000000001
S7-0246-002,S7-0246,1F_ROOF_SLAB,SUP-1F_ROOF_SLAB-029,SP-1F_ROOF_SLAB-11,X,LBS-1F_ROOF_SLAB-11-X-014,END_CONTINUOUS_RUN,SP-1F_ROOF_SLAB-08,200,2400,4100,200,0,0,"[""LBS-1F_ROOF_SLAB-08-X-001"", ""LBS-1F_ROOF_SLAB-08-X-002""]",0.49382716,0.24691358,0.668724279,0.759259258,0.759259258,0.843621398,0.49382716,0.000000002
S7-0246-003,S7-0246,1F_ROOF_SLAB,SUP-1F_ROOF_SLAB-029,SP-1F_ROOF_SLAB-11,X,LBS-1F_ROOF_SLAB-11-X-015,END_CONTINUOUS_RUN,SP-1F_ROOF_SLAB-08,157.496,2400,4100,157.496,0,0,"[""LBS-1F_ROOF_SLAB-08-X-002""]",0.388879012,0.194439506,0.526606995,0.597901481,0.597901481,0.664334979,0.388879012,0.000000002
S7-0246-004,S7-0246,1F_ROOF_SLAB,SUP-1F_ROOF_SLAB-029,SP-1F_ROOF_SLAB-11,X,LBS-1F_ROOF_SLAB-11-X-016,END_CONTINUOUS_RUN,SP-1F_ROOF_SLAB-08,45.431,2400,4100,45.431,0,0,"[""LBS-1F_ROOF_SLAB-08-X-002""]",0.112175309,0.056087655,0.151904064,0.172469538,0.172469538,0.19163282,0.112175309,-0.000000003
S7-0246-005,S7-0246,1F_ROOF_SLAB,SUP-1F_ROOF_SLAB-029,SP-1F_ROOF_SLAB-11,X,LBS-1F_ROOF_SLAB-11-X-017,END_CONTINUOUS_RUN,SP-1F_ROOF_SLAB-08,47.073,2400,4100,47.073,0,0,"[""LBS-1F_ROOF_SLAB-08-X-002""]",0.11622963,0.058114815,0.157394291,0.178703056,0.178703056,0.198558951,0.11622963,-0.000000003
S7-0248-001,S7-0248,1F_ROOF_SLAB,SUP-1F_ROOF_SLAB-030,SP-1F_ROOF_SLAB-21,X,LBS-1F_ROOF_SLAB-21-X-002,END_UNRESOLVED,SP-1F_ROOF_SLAB-20,250,4300,,0,250,0,[],1.105967078,0.552983539,0.552983539,0.829475309,0.99537037,1.105967078,1.105967078,0.000000001
S7-0248-002,S7-0248,1F_ROOF_SLAB,SUP-1F_ROOF_SLAB-030,SP-1F_ROOF_SLAB-21,X,LBS-1F_ROOF_SLAB-21-X-003,END_UNRESOLVED,SP-1F_ROOF_SLAB-20,0.113,4300,,0,0.113,0,[],0.000499897,0.000249949,0.000249949,0.000374923,0.000449907,0.000499897,0.000499897,0.000000239
S7-0248-003,S7-0248,1F_ROOF_SLAB,SUP-1F_ROOF_SLAB-030,SP-1F_ROOF_SLAB-21,X,LBS-1F_ROOF_SLAB-21-X-004,END_UNRESOLVED,SP-1F_ROOF_SLAB-20,9.945,4300,,0,9.945,0,[],0.04399537,0.021997685,0.021997685,0.032996527,0.039595833,0.04399537,0.04399537,0.000000009
S7-0248-004,S7-0248,1F_ROOF_SLAB,SUP-1F_ROOF_SLAB-030,SP-1F_ROOF_SLAB-21,X,LBS-1F_ROOF_SLAB-21-X-005,END_UNRESOLVED,SP-1F_ROOF_SLAB-20,25.938,4300,,0,25.938,0,[],0.114746296,0.057373148,0.057373148,0.086059722,0.103271666,0.114746296,0.114746296,0.000000003
S7-0248-005,S7-0248,1F_ROOF_SLAB,SUP-1F_ROOF_SLAB-030,SP-1F_ROOF_SLAB-21,X,LBS-1F_ROOF_SLAB-21-X-006,END_UNRESOLVED,SP-1F_ROOF_SLAB-20,41.743,4300,,0,41.743,0,[],0.184665535,0.092332767,0.092332767,0.138499151,0.166198981,0.184665535,0.184665535,0.000000001
S7-0248-006,S7-0248,1F_ROOF_SLAB,SUP-1F_ROOF_SLAB-030,SP-1F_ROOF_SLAB-21,X,LBS-1F_ROOF_SLAB-21-X-007,END_UNRESOLVED,SP-1F_ROOF_SLAB-20,57.246,4300,,0,57.246,0,[],0.253248765,0.126624382,0.126624382,0.189936574,0.227923888,0.253248765,0.253248765,0.000000002
S7-0248-007,S7-0248,1F_ROOF_SLAB,SUP-1F_ROOF_SLAB-030,SP-1F_ROOF_SLAB-21,X,LBS-1F_ROOF_SLAB-21-X-008,END_UNRESOLVED,SP-1F_ROOF_SLAB-20,72.332,4300,,0,72.332,0,[],0.319987243,0.159993621,0.159993621,0.239990432,0.287988519,0.319987243,0.319987243,0
S7-0248-008,S7-0248,1F_ROOF_SLAB,SUP-1F_ROOF_SLAB-030,SP-1F_ROOF_SLAB-21,X,LBS-1F_ROOF_SLAB-21-X-009,END_UNRESOLVED,SP-1F_ROOF_SLAB-20,86.892,4300,,0,86.892,0,[],0.384398765,0.192199382,0.192199382,0.288299074,0.345958888,0.384398765,0.384398765,0.000000002
S7-0248-009,S7-0248,1F_ROOF_SLAB,SUP-1F_ROOF_SLAB-030,SP-1F_ROOF_SLAB-21,X,LBS-1F_ROOF_SLAB-21-X-010,END_UNRESOLVED,SP-1F_ROOF_SLAB-20,100.821,4300,,0,100.821,0,[],0.446018827,0.223009414,0.223009414,0.33451412,0.401416944,0.446018827,0.446018827,0.000000001
S7-0248-010,S7-0248,1F_ROOF_SLAB,SUP-1F_ROOF_SLAB-030,SP-1F_ROOF_SLAB-21,X,LBS-1F_ROOF_SLAB-21-X-011,END_UNRESOLVED,SP-1F_ROOF_SLAB-20,114.018,4300,,0,114.018,0,[],0.504400617,0.252200309,0.252200309,0.378300463,0.453960555,0.504400617,0.504400617,0.000000001
S7-0248-011,S7-0248,1F_ROOF_SLAB,SUP-1F_ROOF_SLAB-030,SP-1F_ROOF_SLAB-21,X,LBS-1F_ROOF_SLAB-21-X-012,END_UNRESOLVED,SP-1F_ROOF_SLAB-20,126.386,4300,,0,126.386,0,[],0.559115021,0.27955751,0.27955751,0.419336266,0.503203519,0.559115021,0.559115021,0
S7-0248-012,S7-0248,1F_ROOF_SLAB,SUP-1F_ROOF_SLAB-030,SP-1F_ROOF_SLAB-21,X,LBS-1F_ROOF_SLAB-21-X-013,END_UNRESOLVED,SP-1F_ROOF_SLAB-20,137.835,4300,,0,137.835,0,[],0.609763889,0.304881945,0.304881945,0.457322917,0.5487875,0.609763889,0.609763889,0
S7-0248-013,S7-0248,1F_ROOF_SLAB,SUP-1F_ROOF_SLAB-030,SP-1F_ROOF_SLAB-21,X,LBS-1F_ROOF_SLAB-21-X-014,END_UNRESOLVED,SP-1F_ROOF_SLAB-20,148.283,4300,,0,148.283,0,[],0.655984465,0.327992232,0.327992232,0.491988349,0.590386018,0.655984465,0.655984465,0.000000001
S7-0248-014,S7-0248,1F_ROOF_SLAB,SUP-1F_ROOF_SLAB-030,SP-1F_ROOF_SLAB-21,X,LBS-1F_ROOF_SLAB-21-X-015,END_UNRESOLVED,SP-1F_ROOF_SLAB-20,157.654,4300,,0,157.654,0,[],0.697440535,0.348720268,0.348720268,0.523080401,0.627696482,0.697440535,0.697440535,0.000000001
S7-0248-015,S7-0248,1F_ROOF_SLAB,SUP-1F_ROOF_SLAB-030,SP-1F_ROOF_SLAB-21,X,LBS-1F_ROOF_SLAB-21-X-016,END_UNRESOLVED,SP-1F_ROOF_SLAB-20,165.878,4300,,0,165.878,0,[],0.733822428,0.366911214,0.366911214,0.550366821,0.660440185,0.733822428,0.733822428,0.000000001
S7-0248-016,S7-0248,1F_ROOF_SLAB,SUP-1F_ROOF_SLAB-030,SP-1F_ROOF_SLAB-21,X,LBS-1F_ROOF_SLAB-21-X-017,END_UNRESOLVED,SP-1F_ROOF_SLAB-20,362.577,4300,,0,362.577,0,[],1.603992901,0.801996451,0.801996451,1.202994676,1.443593611,1.603992901,1.603992901,0.000000001
S7-0248-017,S7-0248,1F_ROOF_SLAB,SUP-1F_ROOF_SLAB-030,SP-1F_ROOF_SLAB-21,X,LBS-1F_ROOF_SLAB-21-X-018,END_UNRESOLVED,SP-1F_ROOF_SLAB-20,603.43,4300,,0,603.43,0,[],2.669494856,1.334747428,1.334747428,2.002121142,2.40254537,2.669494856,2.669494856,0.000000001
S7-0248-018,S7-0248,1F_ROOF_SLAB,SUP-1F_ROOF_SLAB-030,SP-1F_ROOF_SLAB-21,X,LBS-1F_ROOF_SLAB-21-X-019,END_UNRESOLVED,SP-1F_ROOF_SLAB-13,96.57,4300,,0,96.57,0,[],0.427212963,0.213606482,0.213606482,0.320409722,0.384491667,0.427212963,0.427212963,0.000000001
S7-0248-019,S7-0248,1F_ROOF_SLAB,SUP-1F_ROOF_SLAB-030,SP-1F_ROOF_SLAB-21,X,LBS-1F_ROOF_SLAB-21-X-020,END_UNRESOLVED,SP-1F_ROOF_SLAB-13,869.437,4300,,0,869.437,0,[],3.846274794,1.923137397,1.923137397,2.884706096,3.461647315,3.846274794,3.846274794,0.000000001
S7-0248-020,S7-0248,1F_ROOF_SLAB,SUP-1F_ROOF_SLAB-030,SP-1F_ROOF_SLAB-21,X,LBS-1F_ROOF_SLAB-21-X-021,END_UNRESOLVED,SP-1F_ROOF_SLAB-13,165.878,4300,,0,165.878,0,[],0.733822428,0.366911214,0.366911214,0.550366821,0.660440185,0.733822428,0.733822428,0.000000001
S7-0248-021,S7-0248,1F_ROOF_SLAB,SUP-1F_ROOF_SLAB-030,SP-1F_ROOF_SLAB-21,X,LBS-1F_ROOF_SLAB-21-X-022,END_UNRESOLVED,SP-1F_ROOF_SLAB-13,157.654,4300,,0,157.654,0,[],0.697440535,0.348720268,0.348720268,0.523080401,0.627696482,0.697440535,0.697440535,0.000000001
S7-0248-022,S7-0248,1F_ROOF_SLAB,SUP-1F_ROOF_SLAB-030,SP-1F_ROOF_SLAB-21,X,LBS-1F_ROOF_SLAB-21-X-023,END_UNRESOLVED,SP-1F_ROOF_SLAB-20,57.031,4300,,0,57.031,0,[],0.252297634,0.126148817,0.126148817,0.189223225,0.227067871,0.252297634,0.252297634,0
S7-0249-001,S7-0249,1F_ROOF_SLAB,SUP-1F_ROOF_SLAB-031,SP-1F_ROOF_SLAB-21,X,LBS-1F_ROOF_SLAB-21-X-001,END_CONTINUOUS_SPLIT,SP-1F_ROOF_SLAB-25,1042.339,4300,4100,1042.339,0,0,"[""LBS-1F_ROOF_SLAB-25-X-001"", ""LBS-1F_ROOF_SLAB-25-X-002""]",4.611170473,2.305585236,4.50393395,4.150053426,4.150053426,4.611170473,4.611170473,0.000000001
S7-0250-001,S7-0250,1F_ROOF_SLAB,SUP-1F_ROOF_SLAB-031,SP-1F_ROOF_SLAB-25,X,LBS-1F_ROOF_SLAB-25-X-001,END_CONTINUOUS_SPLIT,SP-1F_ROOF_SLAB-21,100,4100,,0,100,0,[],0.4218107,0.21090535,0.4218107,0.37962963,0.37962963,0.4218107,0.4218107,0
S7-0250-002,S7-0250,1F_ROOF_SLAB,SUP-1F_ROOF_SLAB-031,SP-1F_ROOF_SLAB-25,X,LBS-1F_ROOF_SLAB-25-X-002,END_CONTINUOUS_SPLIT,SP-1F_ROOF_SLAB-21,1042.339,4100,4300,1042.295,0.044,0,"[""LBS-1F_ROOF_SLAB-21-X-001""]",4.396697428,2.198348714,4.503929424,4.150045278,4.150045278,4.61116142,4.396697428,0.000000001
S7-0252-001,S7-0252,GF_ROOF_SLAB,SUP-GF_ROOF_SLAB-035,SP-GF_ROOF_SLAB-27,Y,LBS-GF_ROOF_SLAB-27-Y-001,END_NON_CONTINUOUS,SP-GF_ROOF_SLAB-01,300,4450,,0,300,0,[],1.37345679,0.686728395,0.686728395,1.030092592,1.030092592,1.37345679,1.37345679,0.000000001
S7-0252-002,S7-0252,GF_ROOF_SLAB,SUP-GF_ROOF_SLAB-035,SP-GF_ROOF_SLAB-27,Y,LBS-GF_ROOF_SLAB-27-Y-002,END_NON_CONTINUOUS,SP-GF_ROOF_SLAB-01,1150,4500,,0,1150,0,[],5.324074074,2.662037037,2.662037037,3.993055556,3.993055556,5.324074074,5.324074074,0.000000001
S7-0252-003,S7-0252,GF_ROOF_SLAB,SUP-GF_ROOF_SLAB-035,SP-GF_ROOF_SLAB-27,Y,LBS-GF_ROOF_SLAB-27-Y-003,END_NON_CONTINUOUS,SP-GF_ROOF_SLAB-01,400,4500,,0,400,0,[],1.851851852,0.925925926,0.925925926,1.388888889,1.388888889,1.851851852,1.851851852,0.000000001
S7-0252-004,S7-0252,GF_ROOF_SLAB,SUP-GF_ROOF_SLAB-035,SP-GF_ROOF_SLAB-27,Y,LBS-GF_ROOF_SLAB-27-Y-004,END_NON_CONTINUOUS,SP-GF_ROOF_SLAB-01,1150,4500,,0,1150,0,[],5.324074074,2.662037037,2.662037037,3.993055556,3.993055556,5.324074074,5.324074074,0.000000001
S7-0253-001,S7-0253,GF_ROOF_SLAB,SUP-GF_ROOF_SLAB-036,SP-GF_ROOF_SLAB-34,Y,LBS-GF_ROOF_SLAB-34-Y-001,END_NON_CONTINUOUS,SP-GF_ROOF_SLAB-01,2800,4500,,0,2800,0,[],12.962962963,6.481481482,6.481481482,9.722222222,9.722222222,12.962962963,12.962962963,0.000000001
S7-0253-002,S7-0253,GF_ROOF_SLAB,SUP-GF_ROOF_SLAB-036,SP-GF_ROOF_SLAB-34,Y,LBS-GF_ROOF_SLAB-34-Y-002,END_NON_CONTINUOUS,SP-GF_ROOF_SLAB-01,150,4500,,0,150,0,[],0.694444444,0.347222222,0.347222222,0.520833333,0.520833333,0.694444444,0.694444444,0.000000001
S7-0254-001,S7-0254,GF_ROOF_SLAB,SUP-GF_ROOF_SLAB-038,SP-GF_ROOF_SLAB-20,Y,LBS-GF_ROOF_SLAB-20-Y-004,END_UNRESOLVED,SP-GF_ROOF_SLAB-24,147.608,3700,0.008129966,0.012,147.596,0,"[""LBS-GF_ROOF_SLAB-24-Y-001""]",0.561882305,0.280941153,0.280941153,0.421411729,0.505694075,0.561882305,0.561882305,0
S7-0254-002,S7-0254,GF_ROOF_SLAB,SUP-GF_ROOF_SLAB-038,SP-GF_ROOF_SLAB-20,Y,LBS-GF_ROOF_SLAB-20-Y-005,END_UNRESOLVED,SP-GF_ROOF_SLAB-24,352.392,3700,238.760839955,352.392,0,0,"[""LBS-GF_ROOF_SLAB-24-Y-001"", ""LBS-GF_ROOF_SLAB-24-Y-002""]",1.341409877,0.670704939,0.713985499,1.006057408,1.207268889,1.341409877,1.341409877,0
S7-0254-003,S7-0254,GF_ROOF_SLAB,SUP-GF_ROOF_SLAB-038,SP-GF_ROOF_SLAB-20,Y,LBS-GF_ROOF_SLAB-20-Y-006,END_UNRESOLVED,SP-GF_ROOF_SLAB-24,743.156,3700,980.925613294,743.156,0,0,"[""LBS-GF_ROOF_SLAB-24-Y-002""]",2.828886008,1.414443004,1.789433104,2.121664506,2.545997407,2.828886008,2.828886008,0.000000001
S7-0254-004,S7-0254,GF_ROOF_SLAB,SUP-GF_ROOF_SLAB-038,SP-GF_ROOF_SLAB-20,Y,LBS-GF_ROOF_SLAB-20-Y-007,END_UNRESOLVED,SP-GF_ROOF_SLAB-24,56.844,3700,1522.875598603,56.844,0,0,"[""LBS-GF_ROOF_SLAB-24-Y-002"", ""LBS-GF_ROOF_SLAB-24-Y-003"", ""LBS-GF_ROOF_SLAB-24-Y-004""]",0.216381481,0.10819074,0.152720751,0.162286111,0.194743333,0.216381481,0.216381481,0.000000003
S7-0254-005,S7-0254,GF_ROOF_SLAB,SUP-GF_ROOF_SLAB-038,SP-GF_ROOF_SLAB-20,Y,LBS-GF_ROOF_SLAB-20-Y-008,END_UNRESOLVED,SP-GF_ROOF_SLAB-24,600,3700,1967.885709887,599.996,0.004,0,"[""LBS-GF_ROOF_SLAB-24-Y-004"", ""LBS-GF_ROOF_SLAB-24-Y-005""]",2.283950617,1.141975308,1.749343392,1.712962963,2.055555555,2.283950617,2.283950617,0.000000001
S7-0255-001,S7-0255,GF_ROOF_SLAB,SUP-GF_ROOF_SLAB-038,SP-GF_ROOF_SLAB-24,Y,LBS-GF_ROOF_SLAB-24-Y-001,END_UNRESOLVED,SP-GF_ROOF_SLAB-20,352.392,238.734604399,3700,352.392,0,0,"[""LBS-GF_ROOF_SLAB-20-Y-005"", ""LBS-GF_ROOF_SLAB-20-Y-006""]",0.08655161,0.043275805,0.713980745,0.064913708,1.207268892,1.34140988,0.08655161,-0.000000002
S7-0255-002,S7-0255,GF_ROOF_SLAB,SUP-GF_ROOF_SLAB-038,SP-GF_ROOF_SLAB-24,Y,LBS-GF_ROOF_SLAB-24-Y-002,END_UNRESOLVED,SP-GF_ROOF_SLAB-20,743.156,980.934252462,3700,743.156,0,0,"[""LBS-GF_ROOF_SLAB-20-Y-006""]",0.749986806,0.374993403,1.789436407,0.562490105,2.545997408,2.828886009,0.749986806,0
S7-0255-003,S7-0255,GF_ROOF_SLAB,SUP-GF_ROOF_SLAB-038,SP-GF_ROOF_SLAB-24,Y,LBS-GF_ROOF_SLAB-24-Y-003,END_UNRESOLVED,SP-GF_ROOF_SLAB-20,56.844,1522.909335662,3700,56.844,0,0,"[""LBS-GF_ROOF_SLAB-20-Y-006"", ""LBS-GF_ROOF_SLAB-20-Y-007"", ""LBS-GF_ROOF_SLAB-20-Y-008""]",0.089061994,0.044530997,0.152721738,0.066796496,0.194743333,0.216381481,0.089061994,0.000000002
S7-0255-004,S7-0255,GF_ROOF_SLAB,SUP-GF_ROOF_SLAB-038,SP-GF_ROOF_SLAB-24,Y,LBS-GF_ROOF_SLAB-24-Y-004,END_UNRESOLVED,SP-GF_ROOF_SLAB-20,90.765,1622.909835733,3700,90.765,0,0,"[""LBS-GF_ROOF_SLAB-20-Y-008""]",0.151546719,0.075773359,0.248525674,0.113660039,0.310954166,0.345504629,0.151546719,0.000000003
S7-0255-005,S7-0255,GF_ROOF_SLAB,SUP-GF_ROOF_SLAB-038,SP-GF_ROOF_SLAB-24,Y,LBS-GF_ROOF_SLAB-24-Y-005,END_UNRESOLVED,SP-GF_ROOF_SLAB-20,509.235,2029.391148133,3700,509.231,0.004,0,"[""LBS-GF_ROOF_SLAB-20-Y-008""]",1.063206791,0.531603396,1.500818776,0.797405093,1.744596478,1.938440532,1.063206791,0.000000001
S7-0256-001,S7-0256,GF_ROOF_SLAB,SUP-GF_ROOF_SLAB-039,SP-GF_ROOF_SLAB-20,Y,LBS-GF_ROOF_SLAB-20-Y-001,END_UNRESOLVED,SP-GF_ROOF_SLAB-29,1200,3700,3000,1199.996,0.004,0,"[""LBS-GF_ROOF_SLAB-29-Y-001""]",4.567901235,2.283950617,4.135796297,3.425925926,4.111111111,4.567901235,4.567901235,0.000000001
S7-0256-002,S7-0256,GF_ROOF_SLAB,SUP-GF_ROOF_SLAB-039,SP-GF_ROOF_SLAB-20,Y,LBS-GF_ROOF_SLAB-20-Y-002,END_UNRESOLVED,SP-GF_ROOF_SLAB-29,165.935,3700,2949.973579702,0.039,165.896,0,"[""LBS-GF_ROOF_SLAB-29-Y-003""]",0.631645576,0.315822788,0.31588197,0.473734182,0.568481018,0.631645576,0.631645576,0.000000001
S7-0257-001,S7-0257,GF_ROOF_SLAB,SUP-GF_ROOF_SLAB-039,SP-GF_ROOF_SLAB-29,Y,LBS-GF_ROOF_SLAB-29-Y-001,END_UNRESOLVED,SP-GF_ROOF_SLAB-20,1200,3000,3700,1200,0,0,"[""LBS-GF_ROOF_SLAB-20-Y-001"", ""LBS-GF_ROOF_SLAB-20-Y-002""]",3.703703704,1.851851852,4.135802469,2.777777778,4.111111111,4.567901235,3.703703704,0.000000001
S7-0258-001,S7-0258,1F_ROOF_SLAB,SUP-1F_ROOF_SLAB-040,SP-1F_ROOF_SLAB-08,X,LBS-1F_ROOF_SLAB-08-X-001,END_NON_CONTINUOUS,SP-1F_ROOF_SLAB-10,335.478,4100,,0,335.478,0,[],1.415082099,0.707541049,0.707541049,1.061311574,1.061311574,1.415082099,1.415082099,0
S7-0258-002,S7-0258,1F_ROOF_SLAB,SUP-1F_ROOF_SLAB-040,SP-1F_ROOF_SLAB-08,X,LBS-1F_ROOF_SLAB-08-X-002,END_NON_CONTINUOUS,SP-1F_ROOF_SLAB-10,450,4100,,0,450,0,[],1.898148148,0.949074074,0.949074074,1.423611111,1.423611111,1.898148148,1.898148148,0.000000001
S7-0259-001,S7-0259,1F_ROOF_SLAB,SUP-1F_ROOF_SLAB-041,SP-1F_ROOF_SLAB-25,X,LBS-1F_ROOF_SLAB-25-X-001,END_NON_CONTINUOUS,SP-1F_ROOF_SLAB-10,100,4100,,0,100,0,[],0.4218107,0.21090535,0.21090535,0.316358025,0.316358025,0.4218107,0.4218107,0
S7-0259-002,S7-0259,1F_ROOF_SLAB,SUP-1F_ROOF_SLAB-041,SP-1F_ROOF_SLAB-25,X,LBS-1F_ROOF_SLAB-25-X-002,END_NON_CONTINUOUS,SP-1F_ROOF_SLAB-10,1042.339,4100,,0,1042.339,0,[],4.396697428,2.198348714,2.198348714,3.297523071,3.297523071,4.396697428,4.396697428,0.000000001
S7-0260-001,S7-0260,GF_ROOF_SLAB,SUP-GF_ROOF_SLAB-042,SP-GF_ROOF_SLAB-19,Y,LBS-GF_ROOF_SLAB-19-Y-001,END_NON_CONTINUOUS,SP-GF_ROOF_SLAB-01,200,1600,,0,200,0,[],0.329218107,0.164609053,0.164609053,0.24691358,0.24691358,0.329218107,0.329218107,0.000000001
S7-0260-002,S7-0260,GF_ROOF_SLAB,SUP-GF_ROOF_SLAB-042,SP-GF_ROOF_SLAB-19,Y,LBS-GF_ROOF_SLAB-19-Y-002,END_NON_CONTINUOUS,SP-GF_ROOF_SLAB-01,2300,1600,,0,2300,0,[],3.78600823,1.893004115,1.893004115,2.839506173,2.839506173,3.78600823,3.78600823,0.000000001
S7-0260-003,S7-0260,GF_ROOF_SLAB,SUP-GF_ROOF_SLAB-042,SP-GF_ROOF_SLAB-19,Y,LBS-GF_ROOF_SLAB-19-Y-003,END_NON_CONTINUOUS,SP-GF_ROOF_SLAB-01,400,1600,,0,400,0,[],0.658436214,0.329218107,0.329218107,0.49382716,0.49382716,0.658436214,0.658436214,0.000000001
S7-0261-001,S7-0261,1F_ROOF_SLAB,SUP-1F_ROOF_SLAB-043,SP-1F_ROOF_SLAB-09,X,LBS-1F_ROOF_SLAB-09-X-001,END_NON_CONTINUOUS,,16.908,1597.817,,0,16.908,0,[],0.027794125,0.013897062,0.013897062,0.020845594,0.020845594,0.027794125,0.027794125,0.000000013
S7-0261-002,S7-0261,1F_ROOF_SLAB,SUP-1F_ROOF_SLAB-043,SP-1F_ROOF_SLAB-09,X,LBS-1F_ROOF_SLAB-09-X-002,END_NON_CONTINUOUS,,130.316,1597.817,,0,130.316,0,[],0.214219259,0.107109629,0.107109629,0.160664444,0.160664444,0.214219259,0.214219259,0.000000003
S7-0261-003,S7-0261,1F_ROOF_SLAB,SUP-1F_ROOF_SLAB-043,SP-1F_ROOF_SLAB-09,X,LBS-1F_ROOF_SLAB-09-X-003,END_NON_CONTINUOUS,,117.426,1597.817,,0,117.426,0,[],0.193030102,0.096515051,0.096515051,0.144772576,0.144772576,0.193030102,0.193030102,0
S7-0261-004,S7-0261,1F_ROOF_SLAB,SUP-1F_ROOF_SLAB-043,SP-1F_ROOF_SLAB-09,X,LBS-1F_ROOF_SLAB-09-X-004,END_NON_CONTINUOUS,,103.641,1597.817,,0,103.641,0,[],0.170369703,0.085184852,0.085184852,0.127777277,0.127777277,0.170369703,0.170369703,0.000000003
S7-0261-005,S7-0261,1F_ROOF_SLAB,SUP-1F_ROOF_SLAB-043,SP-1F_ROOF_SLAB-09,X,LBS-1F_ROOF_SLAB-09-X-005,END_NON_CONTINUOUS,,89.068,1597.817,,0,89.068,0,[],0.146413955,0.073206978,0.073206978,0.109810466,0.109810466,0.146413955,0.146413955,0.000000003
S7-0261-006,S7-0261,1F_ROOF_SLAB,SUP-1F_ROOF_SLAB-043,SP-1F_ROOF_SLAB-09,X,LBS-1F_ROOF_SLAB-09-X-006,END_NON_CONTINUOUS,,73.817,1597.817,,0,73.817,0,[],0.121343681,0.06067184,0.06067184,0.091007761,0.091007761,0.121343681,0.121343681,-0.000000003
S7-0261-007,S7-0261,1F_ROOF_SLAB,SUP-1F_ROOF_SLAB-043,SP-1F_ROOF_SLAB-09,X,LBS-1F_ROOF_SLAB-09-X-007,END_NON_CONTINUOUS,,58.004,1597.817,,0,58.004,0,[],0.095349565,0.047674782,0.047674782,0.071512174,0.071512174,0.095349565,0.095349565,0.000000002
S7-0261-008,S7-0261,1F_ROOF_SLAB,SUP-1F_ROOF_SLAB-043,SP-1F_ROOF_SLAB-09,X,LBS-1F_ROOF_SLAB-09-X-008,END_NON_CONTINUOUS,,41.75,1597.817,,0,41.75,0,[],0.068630514,0.034315257,0.034315257,0.051472886,0.051472886,0.068630514,0.068630514,0.000000003
S7-0261-009,S7-0261,1F_ROOF_SLAB,SUP-1F_ROOF_SLAB-043,SP-1F_ROOF_SLAB-09,X,LBS-1F_ROOF_SLAB-09-X-009,END_NON_CONTINUOUS,,25.178,1597.817,,0,25.178,0,[],0.041388721,0.020694361,0.020694361,0.031041541,0.031041541,0.041388721,0.041388721,-0.000000009
S7-0261-010,S7-0261,1F_ROOF_SLAB,SUP-1F_ROOF_SLAB-043,SP-1F_ROOF_SLAB-09,X,LBS-1F_ROOF_SLAB-09-X-010,END_NON_CONTINUOUS,,8.414,1597.817,,0,8.414,0,[],0.013831309,0.006915654,0.006915654,0.010373482,0.010373482,0.013831309,0.013831309,-0.000000008
S7-0261-011,S7-0261,1F_ROOF_SLAB,SUP-1F_ROOF_SLAB-043,SP-1F_ROOF_SLAB-09,X,LBS-1F_ROOF_SLAB-09-X-011,END_NON_CONTINUOUS,,250,1597.817,,0,250,0,[],0.410961163,0.205480582,0.205480582,0.308220872,0.308220872,0.410961163,0.410961163,0
S7-0262-001,S7-0262,1F_ROOF_SLAB,SUP-1F_ROOF_SLAB-044,SP-1F_ROOF_SLAB-07,X,LBS-1F_ROOF_SLAB-07-X-001,END_CONTINUOUS_RUN,SP-1F_ROOF_SLAB-09,717.211,4372.183,1597.8,717.189,0.022,0,"[""LBS-1F_ROOF_SLAB-09-X-012"", ""LBS-1F_ROOF_SLAB-09-X-013"", ""LBS-1F_ROOF_SLAB-09-X-014""]",3.226108788,1.613054394,2.202571252,2.903497909,2.903497909,3.226108788,3.226108788,0.000000001
S7-0262-002,S7-0262,1F_ROOF_SLAB,SUP-1F_ROOF_SLAB-044,SP-1F_ROOF_SLAB-07,X,LBS-1F_ROOF_SLAB-07-X-002,END_CONTINUOUS_RUN,SP-1F_ROOF_SLAB-09,193.631,4372.183,798.97823884,193.611,0.02,0,"[""LBS-1F_ROOF_SLAB-09-X-014"", ""LBS-1F_ROOF_SLAB-09-X-015"", ""LBS-1F_ROOF_SLAB-09-X-016""]",0.870977538,0.435488769,0.515107298,0.783879784,0.783879784,0.870977538,0.870977538,0
S7-0262-003,S7-0262,1F_ROOF_SLAB,SUP-1F_ROOF_SLAB-044,SP-1F_ROOF_SLAB-07,X,LBS-1F_ROOF_SLAB-07-X-003,END_CONTINUOUS_RUN,SP-1F_ROOF_SLAB-09,66.652,4372.183,,0,66.652,0,[],0.299809405,0.149904702,0.299809405,0.269828464,0.269828464,0.299809405,0.299809405,-0.000000001
S7-0263-001,S7-0263,1F_ROOF_SLAB,SUP-1F_ROOF_SLAB-044,SP-1F_ROOF_SLAB-09,X,LBS-1F_ROOF_SLAB-09-X-012,END_CONTINUOUS_RUN,SP-1F_ROOF_SLAB-07,335.478,1597.817,4372.2,335.456,0.022,0,"[""LBS-1F_ROOF_SLAB-07-X-001""]",0.551473716,0.275736858,1.030220333,1.358070256,1.358070256,1.508966951,0.551473716,0
S7-0263-002,S7-0263,1F_ROOF_SLAB,SUP-1F_ROOF_SLAB-044,SP-1F_ROOF_SLAB-09,X,LBS-1F_ROOF_SLAB-09-X-013,END_CONTINUOUS_RUN,SP-1F_ROOF_SLAB-07,357.496,1597.817,4372.2,357.496,0,0,"[""LBS-1F_ROOF_SLAB-07-X-001""]",0.587667887,0.293833944,1.097868929,1.447262973,1.447262973,1.60806997,0.587667887,0.000000001
S7-0263-003,S7-0263,1F_ROOF_SLAB,SUP-1F_ROOF_SLAB-044,SP-1F_ROOF_SLAB-09,X,LBS-1F_ROOF_SLAB-09-X-014,END_CONTINUOUS_RUN,SP-1F_ROOF_SLAB-07,24.237,1597.817,4372.2,24.237,0,0,"[""LBS-1F_ROOF_SLAB-07-X-001""]",0.039841863,0.019920931,0.07443174,0.098119456,0.098119456,0.109021617,0.039841863,-0.000000005
S7-0263-004,S7-0263,1F_ROOF_SLAB,SUP-1F_ROOF_SLAB-044,SP-1F_ROOF_SLAB-09,X,LBS-1F_ROOF_SLAB-09-X-015,END_CONTINUOUS_RUN,SP-1F_ROOF_SLAB-07,21.194,1510.37197958,4372.2,21.194,0,0,"[""LBS-1F_ROOF_SLAB-07-X-001"", ""LBS-1F_ROOF_SLAB-07-X-002""]",0.032932946,0.016466473,0.064133349,0.085800376,0.085800376,0.095333751,0.032932946,0.000000008
S7-0263-005,S7-0263,1F_ROOF_SLAB,SUP-1F_ROOF_SLAB-044,SP-1F_ROOF_SLAB-09,X,LBS-1F_ROOF_SLAB-09-X-016,END_CONTINUOUS_RUN,SP-1F_ROOF_SLAB-07,172.437,711.46347958,4372.2,172.437,0,0,"[""LBS-1F_ROOF_SLAB-07-X-002"", ""LBS-1F_ROOF_SLAB-07-X-003""]",0.126216696,0.063108348,0.450931936,0.698082458,0.698082458,0.775647175,0.126216696,-0.000000003
S7-0265-001,S7-0265,1F_ROOF_SLAB,SUP-1F_ROOF_SLAB-045,SP-1F_ROOF_SLAB-23,X,LBS-1F_ROOF_SLAB-23-X-002,END_UNRESOLVED,SP-1F_ROOF_SLAB-17,250,2273.908,,0,250,0,[],0.584852881,0.29242644,0.29242644,0.438639661,0.526367593,0.584852881,0.584852881,0
S7-0265-002,S7-0265,1F_ROOF_SLAB,SUP-1F_ROOF_SLAB-045,SP-1F_ROOF_SLAB-23,X,LBS-1F_ROOF_SLAB-23-X-003,END_UNRESOLVED,SP-1F_ROOF_SLAB-17,8.413,2273.908,,0,8.413,0,[],0.019681469,0.009840735,0.009840735,0.014761102,0.017713322,0.019681469,0.019681469,0.000000008
S7-0265-003,S7-0265,1F_ROOF_SLAB,SUP-1F_ROOF_SLAB-045,SP-1F_ROOF_SLAB-23,X,LBS-1F_ROOF_SLAB-23-X-004,END_UNRESOLVED,SP-1F_ROOF_SLAB-17,25.178,2273.908,,0,25.178,0,[],0.058901703,0.029450852,0.029450852,0.044176277,0.053011533,0.058901703,0.058901703,0.000000006
S7-0265-004,S7-0265,1F_ROOF_SLAB,SUP-1F_ROOF_SLAB-045,SP-1F_ROOF_SLAB-23,X,LBS-1F_ROOF_SLAB-23-X-005,END_UNRESOLVED,SP-1F_ROOF_SLAB-17,41.75,2273.908,,0,41.75,0,[],0.097670431,0.048835216,0.048835216,0.073252823,0.087903388,0.097670431,0.097670431,0.000000001
S7-0265-005,S7-0265,1F_ROOF_SLAB,SUP-1F_ROOF_SLAB-045,SP-1F_ROOF_SLAB-23,X,LBS-1F_ROOF_SLAB-23-X-006,END_UNRESOLVED,SP-1F_ROOF_SLAB-17,58.004,2273.908,,0,58.004,0,[],0.135695226,0.067847613,0.067847613,0.10177142,0.122125703,0.135695226,0.135695226,0
S7-0265-006,S7-0265,1F_ROOF_SLAB,SUP-1F_ROOF_SLAB-045,SP-1F_ROOF_SLAB-23,X,LBS-1F_ROOF_SLAB-23-X-007,END_UNRESOLVED,SP-1F_ROOF_SLAB-17,73.817,2273.908,,0,73.817,0,[],0.17268834,0.08634417,0.08634417,0.129516255,0.155419506,0.17268834,0.17268834,0.000000003
S7-0265-007,S7-0265,1F_ROOF_SLAB,SUP-1F_ROOF_SLAB-045,SP-1F_ROOF_SLAB-23,X,LBS-1F_ROOF_SLAB-23-X-008,END_UNRESOLVED,SP-1F_ROOF_SLAB-17,89.068,2273.908,,0,89.068,0,[],0.208366705,0.104183353,0.104183353,0.156275029,0.187530034,0.208366705,0.208366705,0.000000003
S7-0265-008,S7-0265,1F_ROOF_SLAB,SUP-1F_ROOF_SLAB-045,SP-1F_ROOF_SLAB-23,X,LBS-1F_ROOF_SLAB-23-X-009,END_UNRESOLVED,SP-1F_ROOF_SLAB-17,103.641,2273.908,,0,103.641,0,[],0.24245895,0.121229475,0.121229475,0.181844213,0.218213055,0.24245895,0.24245895,-0.000000001
S7-0265-009,S7-0265,1F_ROOF_SLAB,SUP-1F_ROOF_SLAB-045,SP-1F_ROOF_SLAB-23,X,LBS-1F_ROOF_SLAB-23-X-010,END_UNRESOLVED,SP-1F_ROOF_SLAB-17,117.426,2273.908,,0,117.426,0,[],0.274707737,0.137353869,0.137353869,0.206030803,0.247236963,0.274707737,0.274707737,0.000000002
S7-0265-010,S7-0265,1F_ROOF_SLAB,SUP-1F_ROOF_SLAB-045,SP-1F_ROOF_SLAB-23,X,LBS-1F_ROOF_SLAB-23-X-011,END_UNRESOLVED,SP-1F_ROOF_SLAB-17,130.316,2273.908,,0,130.316,0,[],0.304862752,0.152431376,0.152431376,0.228647064,0.274376477,0.304862752,0.304862752,0.000000001
S7-0265-011,S7-0265,1F_ROOF_SLAB,SUP-1F_ROOF_SLAB-045,SP-1F_ROOF_SLAB-23,X,LBS-1F_ROOF_SLAB-23-X-012,END_UNRESOLVED,SP-1F_ROOF_SLAB-17,142.216,2273.908,,0,142.216,0,[],0.332701749,0.166350874,0.166350874,0.249526312,0.299431574,0.332701749,0.332701749,0.000000001
S7-0265-012,S7-0265,1F_ROOF_SLAB,SUP-1F_ROOF_SLAB-045,SP-1F_ROOF_SLAB-23,X,LBS-1F_ROOF_SLAB-23-X-013,END_UNRESOLVED,SP-1F_ROOF_SLAB-17,153.032,2273.908,,0,153.032,0,[],0.358004824,0.179002412,0.179002412,0.268503618,0.322204342,0.358004824,0.358004824,0.000000001
S7-0265-013,S7-0265,1F_ROOF_SLAB,SUP-1F_ROOF_SLAB-045,SP-1F_ROOF_SLAB-23,X,LBS-1F_ROOF_SLAB-23-X-014,END_UNRESOLVED,SP-1F_ROOF_SLAB-17,162.684,2273.908,,0,162.684,0,[],0.380584824,0.190292412,0.190292412,0.285438618,0.342526342,0.380584824,0.380584824,0.000000001
S7-0265-014,S7-0265,1F_ROOF_SLAB,SUP-1F_ROOF_SLAB-045,SP-1F_ROOF_SLAB-23,X,LBS-1F_ROOF_SLAB-23-X-015,END_UNRESOLVED,SP-1F_ROOF_SLAB-17,171.098,2273.908,,0,171.098,0,[],0.400268633,0.200134316,0.200134316,0.300201475,0.36024177,0.400268633,0.400268633,0
S7-0265-015,S7-0265,1F_ROOF_SLAB,SUP-1F_ROOF_SLAB-045,SP-1F_ROOF_SLAB-23,X,LBS-1F_ROOF_SLAB-23-X-016,END_UNRESOLVED,SP-1F_ROOF_SLAB-17,178.21,2273.908,,0,178.21,0,[],0.416906527,0.208453264,0.208453264,0.312679895,0.375215874,0.416906527,0.416906527,0.000000002
S7-0265-016,S7-0265,1F_ROOF_SLAB,SUP-1F_ROOF_SLAB-045,SP-1F_ROOF_SLAB-23,X,LBS-1F_ROOF_SLAB-23-X-017,END_UNRESOLVED,SP-1F_ROOF_SLAB-17,183.965,2273.908,,0,183.965,0,[],0.430369841,0.21518492,0.21518492,0.322777381,0.387332857,0.430369841,0.430369841,0
S7-0265-017,S7-0265,1F_ROOF_SLAB,SUP-1F_ROOF_SLAB-045,SP-1F_ROOF_SLAB-23,X,LBS-1F_ROOF_SLAB-23-X-018,END_UNRESOLVED,SP-1F_ROOF_SLAB-17,188.321,2273.908,,0,188.321,0,[],0.440560317,0.220280158,0.220280158,0.330420238,0.396504285,0.440560317,0.440560317,0.000000001
S7-0265-018,S7-0265,1F_ROOF_SLAB,SUP-1F_ROOF_SLAB-045,SP-1F_ROOF_SLAB-23,X,LBS-1F_ROOF_SLAB-23-X-019,END_UNRESOLVED,SP-1F_ROOF_SLAB-17,191.243,2273.908,,0,191.243,0,[],0.447396078,0.223698039,0.223698039,0.335547058,0.40265647,0.447396078,0.447396078,0
S7-0265-019,S7-0265,1F_ROOF_SLAB,SUP-1F_ROOF_SLAB-045,SP-1F_ROOF_SLAB-23,X,LBS-1F_ROOF_SLAB-23-X-020,END_UNRESOLVED,SP-1F_ROOF_SLAB-17,192.709,2273.908,,0,192.709,0,[],0.450825655,0.225412827,0.225412827,0.338119241,0.405743089,0.450825655,0.450825655,0.000000001
S7-0265-020,S7-0265,1F_ROOF_SLAB,SUP-1F_ROOF_SLAB-045,SP-1F_ROOF_SLAB-23,X,LBS-1F_ROOF_SLAB-23-X-021,END_UNRESOLVED,SP-1F_ROOF_SLAB-16,192.709,2273.908,,0,192.709,0,[],0.450825655,0.225412827,0.225412827,0.338119241,0.405743089,0.450825655,0.450825655,0.000000001
S7-0265-021,S7-0265,1F_ROOF_SLAB,SUP-1F_ROOF_SLAB-045,SP-1F_ROOF_SLAB-23,X,LBS-1F_ROOF_SLAB-23-X-022,END_UNRESOLVED,SP-1F_ROOF_SLAB-16,191.243,2273.908,,0,191.243,0,[],0.447396078,0.223698039,0.223698039,0.335547058,0.40265647,0.447396078,0.447396078,0
S7-0265-022,S7-0265,1F_ROOF_SLAB,SUP-1F_ROOF_SLAB-045,SP-1F_ROOF_SLAB-23,X,LBS-1F_ROOF_SLAB-23-X-023,END_UNRESOLVED,SP-1F_ROOF_SLAB-16,188.321,2273.908,,0,188.321,0,[],0.440560317,0.220280158,0.220280158,0.330420238,0.396504285,0.440560317,0.440560317,0.000000001
S7-0265-023,S7-0265,1F_ROOF_SLAB,SUP-1F_ROOF_SLAB-045,SP-1F_ROOF_SLAB-23,X,LBS-1F_ROOF_SLAB-23-X-024,END_UNRESOLVED,SP-1F_ROOF_SLAB-16,183.965,2273.908,,0,183.965,0,[],0.430369841,0.21518492,0.21518492,0.322777381,0.387332857,0.430369841,0.430369841,0
S7-0265-024,S7-0265,1F_ROOF_SLAB,SUP-1F_ROOF_SLAB-045,SP-1F_ROOF_SLAB-23,X,LBS-1F_ROOF_SLAB-23-X-025,END_UNRESOLVED,SP-1F_ROOF_SLAB-16,178.21,2273.908,,0,178.21,0,[],0.416906527,0.208453264,0.208453264,0.312679895,0.375215874,0.416906527,0.416906527,0.000000002
S7-0265-025,S7-0265,1F_ROOF_SLAB,SUP-1F_ROOF_SLAB-045,SP-1F_ROOF_SLAB-23,X,LBS-1F_ROOF_SLAB-23-X-026,END_UNRESOLVED,SP-1F_ROOF_SLAB-16,171.098,2273.908,,0,171.098,0,[],0.400268633,0.200134316,0.200134316,0.300201475,0.36024177,0.400268633,0.400268633,0
S7-0265-026,S7-0265,1F_ROOF_SLAB,SUP-1F_ROOF_SLAB-045,SP-1F_ROOF_SLAB-23,X,LBS-1F_ROOF_SLAB-23-X-027,END_UNRESOLVED,SP-1F_ROOF_SLAB-17,162.684,2273.908,,0,162.684,0,[],0.380584824,0.190292412,0.190292412,0.285438618,0.342526342,0.380584824,0.380584824,0.000000001
S7-0265-027,S7-0265,1F_ROOF_SLAB,SUP-1F_ROOF_SLAB-045,SP-1F_ROOF_SLAB-23,X,LBS-1F_ROOF_SLAB-23-X-028,END_UNRESOLVED,SP-1F_ROOF_SLAB-17,78.34,2273.908,,0,78.34,0,[],0.183269499,0.09163475,0.09163475,0.137452124,0.164942549,0.183269499,0.183269499,-0.000000001
S7-0266-001,S7-0266,1F_ROOF_SLAB,SUP-1F_ROOF_SLAB-046,SP-1F_ROOF_SLAB-23,X,LBS-1F_ROOF_SLAB-23-X-001,END_CONTINUOUS_SPLIT,SP-1F_ROOF_SLAB-24,1042.339,2273.908,4372.2,1042.295,0.044,0,"[""LBS-1F_ROOF_SLAB-24-X-001""]",2.438459867,1.219229934,3.563480063,4.219650232,4.219650232,4.688500258,2.438459867,0.000000001
S7-0267-001,S7-0267,1F_ROOF_SLAB,SUP-1F_ROOF_SLAB-046,SP-1F_ROOF_SLAB-24,X,LBS-1F_ROOF_SLAB-24-X-001,END_CONTINUOUS_SPLIT,SP-1F_ROOF_SLAB-23,1042.339,4372.183,2273.9,1042.295,0.044,0,"[""LBS-1F_ROOF_SLAB-23-X-001""]",4.688577012,2.344288506,3.563561642,4.219719311,4.219719311,4.688577012,4.688577012,0.000000001
S7-0269-001,S7-0269,2F_ROOF_SLAB,SUP-2F_ROOF_SLAB-047,SP-2F_ROOF_SLAB-06,Y,LBS-2F_ROOF_SLAB-06-Y-001,END_NON_CONTINUOUS,SP-2F_ROOF_SLAB-09,50,2900,,0,50,0,[],0.149176955,0.074588477,0.074588477,0.111882716,0.111882716,0.149176955,0.149176955,-0.000000001
S7-0269-002,S7-0269,2F_ROOF_SLAB,SUP-2F_ROOF_SLAB-047,SP-2F_ROOF_SLAB-06,Y,LBS-2F_ROOF_SLAB-06-Y-002,END_NON_CONTINUOUS,SP-2F_ROOF_SLAB-09,2450,2900,,0,2450,0,[],7.309670782,3.654835391,3.654835391,5.482253087,5.482253087,7.309670782,7.309670782,0.000000001
S7-0270-001,S7-0270,2F_ROOF_SLAB,SUP-2F_ROOF_SLAB-048,SP-2F_ROOF_SLAB-07,Y,LBS-2F_ROOF_SLAB-07-Y-001,END_NON_CONTINUOUS,SP-2F_ROOF_SLAB-09,1800,1200,,0,1800,0,[],2.222222222,1.111111111,1.111111111,1.666666667,1.666666667,2.222222222,2.222222222,0.000000001
S7-0271-001,S7-0271,2F_ROOF_SLAB,SUP-2F_ROOF_SLAB-049,SP-2F_ROOF_SLAB-08,Y,LBS-2F_ROOF_SLAB-08-Y-001,END_NON_CONTINUOUS,SP-2F_ROOF_SLAB-09,1470,1200,,0,1470,0,[],1.814814815,0.907407408,0.907407408,1.361111111,1.361111111,1.814814815,1.814814815,0.000000001
S7-0271-002,S7-0271,2F_ROOF_SLAB,SUP-2F_ROOF_SLAB-049,SP-2F_ROOF_SLAB-08,Y,LBS-2F_ROOF_SLAB-08-Y-002,END_NON_CONTINUOUS,SP-2F_ROOF_SLAB-09,600,1200,,0,600,0,[],0.740740741,0.37037037,0.37037037,0.555555556,0.555555556,0.740740741,0.740740741,0
S7-0271-003,S7-0271,2F_ROOF_SLAB,SUP-2F_ROOF_SLAB-049,SP-2F_ROOF_SLAB-08,Y,LBS-2F_ROOF_SLAB-08-Y-003,END_NON_CONTINUOUS,SP-2F_ROOF_SLAB-09,930,1200,,0,930,0,[],1.148148148,0.574074074,0.574074074,0.861111111,0.861111111,1.148148148,1.148148148,0.000000001
S7-0272-001,S7-0272,GF_ROOF_SLAB,SUP-GF_ROOF_SLAB-050,SP-GF_ROOF_SLAB-02,X,LBS-GF_ROOF_SLAB-02-X-001,END_NON_CONTINUOUS,,619.667,1700,,0,619.667,0,[],1.083779733,0.541889867,0.541889867,0.8128348,0.8128348,1.083779733,1.083779733,0
S7-0273-001,S7-0273,GF_ROOF_SLAB,SUP-GF_ROOF_SLAB-051,SP-GF_ROOF_SLAB-15,X,LBS-GF_ROOF_SLAB-15-X-001,END_NON_CONTINUOUS,,50,1150,,0,50,0,[],0.059156379,0.029578189,0.029578189,0.044367284,0.044367284,0.059156379,0.059156379,-0.000000006
S7-0273-002,S7-0273,GF_ROOF_SLAB,SUP-GF_ROOF_SLAB-051,SP-GF_ROOF_SLAB-15,X,LBS-GF_ROOF_SLAB-15-X-002,END_NON_CONTINUOUS,,18.016,1150,,0,18.016,0,[],0.021315226,0.010657613,0.010657613,0.015986419,0.015986419,0.021315226,0.021315226,0.000000016
S7-0273-003,S7-0273,GF_ROOF_SLAB,SUP-GF_ROOF_SLAB-051,SP-GF_ROOF_SLAB-15,X,LBS-GF_ROOF_SLAB-15-X-003,END_NON_CONTINUOUS,,256.984,1150,,0,256.984,0,[],0.304044856,0.152022428,0.152022428,0.228033642,0.228033642,0.304044856,0.304044856,0.000000001
S7-0273-004,S7-0273,GF_ROOF_SLAB,SUP-GF_ROOF_SLAB-051,SP-GF_ROOF_SLAB-15,X,LBS-GF_ROOF_SLAB-15-X-004,END_NON_CONTINUOUS,,382.221,1150,,0,382.221,0,[],0.452216204,0.226108102,0.226108102,0.339162153,0.339162153,0.452216204,0.452216204,0
S7-0273-005,S7-0273,GF_ROOF_SLAB,SUP-GF_ROOF_SLAB-051,SP-GF_ROOF_SLAB-15,X,LBS-GF_ROOF_SLAB-15-X-005,END_NON_CONTINUOUS,,392.779,1150,,0,392.779,0,[],0.464707665,0.232353832,0.232353832,0.348530749,0.348530749,0.464707665,0.464707665,0
S7-0273-006,S7-0273,GF_ROOF_SLAB,SUP-GF_ROOF_SLAB-051,SP-GF_ROOF_SLAB-15,X,LBS-GF_ROOF_SLAB-15-X-006,END_NON_CONTINUOUS,,29.86,1150,,0,29.86,0,[],0.035328189,0.017664095,0.017664095,0.026496142,0.026496142,0.035328189,0.035328189,0.000000009
S7-0274-001,S7-0274,GF_ROOF_SLAB,SUP-GF_ROOF_SLAB-052,SP-GF_ROOF_SLAB-23,X,LBS-GF_ROOF_SLAB-23-X-001,END_NON_CONTINUOUS,,100,1143.495597315,,0,100,0,[],0.11764358,0.05882179,0.05882179,0.088232685,0.088232685,0.11764358,0.11764358,0
S7-0274-002,S7-0274,GF_ROOF_SLAB,SUP-GF_ROOF_SLAB-052,SP-GF_ROOF_SLAB-23,X,LBS-GF_ROOF_SLAB-23-X-002,END_NON_CONTINUOUS,,1200,1126.499362416,,0,1200,0,[],1.390739954,0.695369977,0.695369977,1.043054965,1.043054965,1.390739954,1.390739954,0
S7-0274-003,S7-0274,GF_ROOF_SLAB,SUP-GF_ROOF_SLAB-052,SP-GF_ROOF_SLAB-23,X,LBS-GF_ROOF_SLAB-23-X-003,END_NON_CONTINUOUS,,200,1108.195724832,,0,200,0,[],0.228023812,0.114011906,0.114011906,0.171017859,0.171017859,0.228023812,0.228023812,-0.000000001
S7-0274-004,S7-0274,GF_ROOF_SLAB,SUP-GF_ROOF_SLAB-052,SP-GF_ROOF_SLAB-23,X,LBS-GF_ROOF_SLAB-23-X-004,END_NON_CONTINUOUS,,3200,1063.744033557,,0,3200,0,[],3.502037971,1.751018986,1.751018986,2.626528478,2.626528478,3.502037971,3.502037971,0
S7-0274-005,S7-0274,GF_ROOF_SLAB,SUP-GF_ROOF_SLAB-052,SP-GF_ROOF_SLAB-23,X,LBS-GF_ROOF_SLAB-23-X-005,END_NON_CONTINUOUS,,500,1015.370134228,,0,500,0,[],0.52230974,0.26115487,0.26115487,0.391732305,0.391732305,0.52230974,0.52230974,0
S7-0274-006,S7-0274,GF_ROOF_SLAB,SUP-GF_ROOF_SLAB-052,SP-GF_ROOF_SLAB-23,X,LBS-GF_ROOF_SLAB-23-X-006,END_NON_CONTINUOUS,,113.302,1007.351807416,,0,113.302,0,[],0.117422813,0.058711407,0.058711407,0.08806711,0.08806711,0.117422813,0.117422813,0.000000003
S7-0274-007,S7-0274,GF_ROOF_SLAB,SUP-GF_ROOF_SLAB-052,SP-GF_ROOF_SLAB-23,X,LBS-GF_ROOF_SLAB-23-X-007,END_NON_CONTINUOUS,,4.939,1005.805921407,,0,4.939,0,[],0.005110777,0.002555388,0.002555388,0.003833083,0.003833083,0.005110777,0.005110777,0.000000041
S7-0274-008,S7-0274,GF_ROOF_SLAB,SUP-GF_ROOF_SLAB-052,SP-GF_ROOF_SLAB-23,X,LBS-GF_ROOF_SLAB-23-X-008,END_NON_CONTINUOUS,,107.502,1004.335864755,,0,107.502,0,[],0.111078307,0.055539154,0.055539154,0.08330873,0.08330873,0.111078307,0.111078307,-0.000000002
S7-0274-009,S7-0274,GF_ROOF_SLAB,SUP-GF_ROOF_SLAB-052,SP-GF_ROOF_SLAB-23,X,LBS-GF_ROOF_SLAB-23-X-009,END_NON_CONTINUOUS,,110.722,1001.482798321,,0,110.722,0,[],0.11408043,0.057040215,0.057040215,0.085560323,0.085560323,0.11408043,0.11408043,0.000000005
S7-0274-010,S7-0274,GF_ROOF_SLAB,SUP-GF_ROOF_SLAB-052,SP-GF_ROOF_SLAB-23,X,LBS-GF_ROOF_SLAB-23-X-010,END_NON_CONTINUOUS,,108.161,998.621116102,,0,108.161,0,[],0.111123311,0.055561656,0.055561656,0.083342483,0.083342483,0.111123311,0.111123311,0.000000003
S7-0274-011,S7-0274,GF_ROOF_SLAB,SUP-GF_ROOF_SLAB-052,SP-GF_ROOF_SLAB-23,X,LBS-GF_ROOF_SLAB-23-X-011,END_NON_CONTINUOUS,,104.778,995.8371459,,0,104.778,0,[],0.107347556,0.053673778,0.053673778,0.080510667,0.080510667,0.107347556,0.107347556,0.000000001
S7-0274-012,S7-0274,GF_ROOF_SLAB,SUP-GF_ROOF_SLAB-052,SP-GF_ROOF_SLAB-23,X,LBS-GF_ROOF_SLAB-23-X-012,END_NON_CONTINUOUS,,100.596,993.152080711,,0,100.596,0,[],0.10278511,0.051392555,0.051392555,0.077088833,0.077088833,0.10278511,0.10278511,-0.000000001
S7-0274-013,S7-0274,GF_ROOF_SLAB,SUP-GF_ROOF_SLAB-052,SP-GF_ROOF_SLAB-23,X,LBS-GF_ROOF_SLAB-23-X-013,END_NON_CONTINUOUS,,95.649,990.586368312,,0,95.649,0,[],0.097477979,0.04873899,0.04873899,0.073108484,0.073108484,0.097477979,0.097477979,0
S7-0274-014,S7-0274,GF_ROOF_SLAB,SUP-GF_ROOF_SLAB-052,SP-GF_ROOF_SLAB-23,X,LBS-GF_ROOF_SLAB-23-X-014,END_NON_CONTINUOUS,,89.975,988.159515153,,0,89.975,0,[],0.091470836,0.045735418,0.045735418,0.068603127,0.068603127,0.091470836,0.091470836,-0.000000002
S7-0274-015,S7-0274,GF_ROOF_SLAB,SUP-GF_ROOF_SLAB-052,SP-GF_ROOF_SLAB-23,X,LBS-GF_ROOF_SLAB-23-X-015,END_NON_CONTINUOUS,,83.615,985.889994833,,0,83.615,0,[],0.084809868,0.042404934,0.042404934,0.063607401,0.063607401,0.084809868,0.084809868,0.000000003
S7-0274-016,S7-0274,GF_ROOF_SLAB,SUP-GF_ROOF_SLAB-052,SP-GF_ROOF_SLAB-23,X,LBS-GF_ROOF_SLAB-23-X-016,END_NON_CONTINUOUS,,76.619,983.795091215,,0,76.619,0,[],0.077548761,0.03877438,0.03877438,0.058161571,0.058161571,0.077548761,0.077548761,0.000000006
S7-0274-017,S7-0274,GF_ROOF_SLAB,SUP-GF_ROOF_SLAB-052,SP-GF_ROOF_SLAB-23,X,LBS-GF_ROOF_SLAB-23-X-017,END_NON_CONTINUOUS,,69.04,981.890741539,,0,69.04,0,[],0.069742528,0.034871264,0.034871264,0.052306896,0.052306896,0.069742528,0.069742528,-0.000000006
S7-0274-018,S7-0274,GF_ROOF_SLAB,SUP-GF_ROOF_SLAB-052,SP-GF_ROOF_SLAB-23,X,LBS-GF_ROOF_SLAB-23-X-018,END_NON_CONTINUOUS,,60.935,980.1914449,,0,60.935,0,[],0.061448524,0.030724262,0.030724262,0.046086393,0.046086393,0.061448524,0.061448524,0.000000007
S7-0274-019,S7-0274,GF_ROOF_SLAB,SUP-GF_ROOF_SLAB-052,SP-GF_ROOF_SLAB-23,X,LBS-GF_ROOF_SLAB-23-X-019,END_NON_CONTINUOUS,,52.367,978.71013151,,0,52.367,0,[],0.052728512,0.026364256,0.026364256,0.039546384,0.039546384,0.052728512,0.052728512,-0.000000003
S7-0274-020,S7-0274,GF_ROOF_SLAB,SUP-GF_ROOF_SLAB-052,SP-GF_ROOF_SLAB-23,X,LBS-GF_ROOF_SLAB-23-X-020,END_NON_CONTINUOUS,,43.4,977.458071181,,0,43.4,0,[],0.043643704,0.021821852,0.021821852,0.032732778,0.032732778,0.043643704,0.043643704,0.000000001
S7-0274-021,S7-0274,GF_ROOF_SLAB,SUP-GF_ROOF_SLAB-052,SP-GF_ROOF_SLAB-23,X,LBS-GF_ROOF_SLAB-23-X-021,END_NON_CONTINUOUS,,34.104,976.444781805,,0,34.104,0,[],0.034259951,0.017129975,0.017129975,0.025694963,0.025694963,0.034259951,0.034259951,0.000000015
S7-0274-022,S7-0274,GF_ROOF_SLAB,SUP-GF_ROOF_SLAB-052,SP-GF_ROOF_SLAB-23,X,LBS-GF_ROOF_SLAB-23-X-022,END_NON_CONTINUOUS,,24.546,975.67799013,,0,24.546,0,[],0.024638881,0.012319441,0.012319441,0.018479161,0.018479161,0.024638881,0.024638881,-0.000000016
S7-0274-023,S7-0274,GF_ROOF_SLAB,SUP-GF_ROOF_SLAB-052,SP-GF_ROOF_SLAB-23,X,LBS-GF_ROOF_SLAB-23-X-023,END_NON_CONTINUOUS,,14.803,975.163540248,,0,14.803,0,[],0.014851179,0.00742559,0.00742559,0.011138384,0.011138384,0.014851179,0.014851179,-0.000000006
S7-0274-024,S7-0274,GF_ROOF_SLAB,SUP-GF_ROOF_SLAB-052,SP-GF_ROOF_SLAB-23,X,LBS-GF_ROOF_SLAB-23-X-024,END_NON_CONTINUOUS,,4.947,974.905328218,,0,4.947,0,[],0.004961787,0.002480893,0.002480893,0.00372134,0.00372134,0.004961787,0.004961787,-0.000000063
S7-0274-025,S7-0274,GF_ROOF_SLAB,SUP-GF_ROOF_SLAB-052,SP-GF_ROOF_SLAB-23,X,LBS-GF_ROOF_SLAB-23-X-025,END_NON_CONTINUOUS,,150,972.87954698,,0,150,0,[],0.150135733,0.075067866,0.075067866,0.1126018,0.1126018,0.150135733,0.150135733,-0.000000002
S7-0274-026,S7-0274,GF_ROOF_SLAB,SUP-GF_ROOF_SLAB-052,SP-GF_ROOF_SLAB-23,X,LBS-GF_ROOF_SLAB-23-X-026,END_NON_CONTINUOUS,,200,968.303637584,,0,200,0,[],0.199239432,0.099619716,0.099619716,0.149429574,0.149429574,0.199239432,0.199239432,-0.000000001
S7-0274-027,S7-0274,GF_ROOF_SLAB,SUP-GF_ROOF_SLAB-052,SP-GF_ROOF_SLAB-23,X,LBS-GF_ROOF_SLAB-23-X-027,END_NON_CONTINUOUS,,600,957.844416107,,0,600,0,[],0.591261985,0.295630993,0.295630993,0.443446489,0.443446489,0.591261985,0.591261985,0.000000001
S7-0274-028,S7-0274,GF_ROOF_SLAB,SUP-GF_ROOF_SLAB-052,SP-GF_ROOF_SLAB-23,X,LBS-GF_ROOF_SLAB-23-X-028,END_NON_CONTINUOUS,,50,950,,0,50,0,[],0.048868313,0.024434156,0.024434156,0.036651235,0.036651235,0.048868313,0.048868313,-0.000000004
S7-0275-001,S7-0275,1F_ROOF_SLAB,SUP-1F_ROOF_SLAB-053,SP-1F_ROOF_SLAB-22,X,LBS-1F_ROOF_SLAB-22-X-001,END_CONTINUOUS_RUN,SP-1F_ROOF_SLAB-23,4850,2273.909,2273.9,4849.956,0.044,0,"[""LBS-1F_ROOF_SLAB-23-X-001"", ""LBS-1F_ROOF_SLAB-23-X-002"", ""LBS-1F_ROOF_SLAB-23-X-003"", ""LBS-1F_ROOF_SLAB-23-X-004"", ""LBS-1F_ROOF_SLAB-23-X-005"", ""LBS-1F_ROOF_SLAB-23-X-006"", ""LBS-1F_ROOF_SLAB-23-X-007"", ""LBS-1F_ROOF_SLAB-23-X-008"", ""LBS-1F_ROOF_SLAB-23-X-009"", ""LBS-1F_ROOF_SLAB-23-X-010"", ""LBS-1F_ROOF_SLAB-23-X-011"", ""LBS-1F_ROOF_SLAB-23-X-012"", ""LBS-1F_ROOF_SLAB-23-X-013"", ""LBS-1F_ROOF_SLAB-23-X-014"", ""LBS-1F_ROOF_SLAB-23-X-015"", ""LBS-1F_ROOF_SLAB-23-X-016"", ""LBS-1F_ROOF_SLAB-23-X-017"", ""LBS-1F_ROOF_SLAB-23-X-018"", ""LBS-1F_ROOF_SLAB-23-X-019"", ""LBS-1F_ROOF_SLAB-23-X-020"", ""LBS-1F_ROOF_SLAB-23-X-021"", ""LBS-1F_ROOF_SLAB-23-X-022"", ""LBS-1F_ROOF_SLAB-23-X-023"", ""LBS-1F_ROOF_SLAB-23-X-024"", ""LBS-1F_ROOF_SLAB-23-X-025"", ""LBS-1F_ROOF_SLAB-23-X-026"", ""LBS-1F_ROOF_SLAB-23-X-027"", ""LBS-1F_ROOF_SLAB-23-X-028""]",11.346150874,5.673075437,11.34612842,10.211535787,10.211535787,11.346150874,11.346150874,0.000000001
S7-0276-001,S7-0276,1F_ROOF_SLAB,SUP-1F_ROOF_SLAB-053,SP-1F_ROOF_SLAB-23,X,LBS-1F_ROOF_SLAB-23-X-001,END_CONTINUOUS_RUN,SP-1F_ROOF_SLAB-22,1042.339,2273.908,2273.9,1042.295,0.044,0,"[""LBS-1F_ROOF_SLAB-22-X-001""]",2.438459867,1.219229934,2.438455578,2.19461388,2.19461388,2.438459867,2.438459867,0.000000001
S7-0276-002,S7-0276,1F_ROOF_SLAB,SUP-1F_ROOF_SLAB-053,SP-1F_ROOF_SLAB-23,X,LBS-1F_ROOF_SLAB-23-X-002,END_CONTINUOUS_RUN,SP-1F_ROOF_SLAB-22,250,2273.908,2273.9,250,0,0,"[""LBS-1F_ROOF_SLAB-22-X-001""]",0.584852881,0.29242644,0.584851852,0.526367593,0.526367593,0.584852881,0.584852881,0
S7-0276-003,S7-0276,1F_ROOF_SLAB,SUP-1F_ROOF_SLAB-053,SP-1F_ROOF_SLAB-23,X,LBS-1F_ROOF_SLAB-23-X-003,END_CONTINUOUS_RUN,SP-1F_ROOF_SLAB-22,8.413,2273.908,2273.9,8.413,0,0,"[""LBS-1F_ROOF_SLAB-22-X-001""]",0.019681469,0.009840735,0.019681434,0.017713322,0.017713322,0.019681469,0.019681469,0.000000008
S7-0276-004,S7-0276,1F_ROOF_SLAB,SUP-1F_ROOF_SLAB-053,SP-1F_ROOF_SLAB-23,X,LBS-1F_ROOF_SLAB-23-X-004,END_CONTINUOUS_RUN,SP-1F_ROOF_SLAB-22,25.178,2273.908,2273.9,25.178,0,0,"[""LBS-1F_ROOF_SLAB-22-X-001""]",0.058901703,0.029450852,0.058901599,0.053011533,0.053011533,0.058901703,0.058901703,0.000000006
S7-0276-005,S7-0276,1F_ROOF_SLAB,SUP-1F_ROOF_SLAB-053,SP-1F_ROOF_SLAB-23,X,LBS-1F_ROOF_SLAB-23-X-005,END_CONTINUOUS_RUN,SP-1F_ROOF_SLAB-22,41.75,2273.908,2273.9,41.75,0,0,"[""LBS-1F_ROOF_SLAB-22-X-001""]",0.097670431,0.048835216,0.097670259,0.087903388,0.087903388,0.097670431,0.097670431,0.000000001
S7-0276-006,S7-0276,1F_ROOF_SLAB,SUP-1F_ROOF_SLAB-053,SP-1F_ROOF_SLAB-23,X,LBS-1F_ROOF_SLAB-23-X-006,END_CONTINUOUS_RUN,SP-1F_ROOF_SLAB-22,58.004,2273.908,2273.9,58.004,0,0,"[""LBS-1F_ROOF_SLAB-22-X-001""]",0.135695226,0.067847613,0.135694987,0.122125703,0.122125703,0.135695226,0.135695226,0
S7-0276-007,S7-0276,1F_ROOF_SLAB,SUP-1F_ROOF_SLAB-053,SP-1F_ROOF_SLAB-23,X,LBS-1F_ROOF_SLAB-23-X-007,END_CONTINUOUS_RUN,SP-1F_ROOF_SLAB-22,73.817,2273.908,2273.9,73.817,0,0,"[""LBS-1F_ROOF_SLAB-22-X-001""]",0.17268834,0.08634417,0.172688036,0.155419506,0.155419506,0.17268834,0.17268834,0.000000003
S7-0276-008,S7-0276,1F_ROOF_SLAB,SUP-1F_ROOF_SLAB-053,SP-1F_ROOF_SLAB-23,X,LBS-1F_ROOF_SLAB-23-X-008,END_CONTINUOUS_RUN,SP-1F_ROOF_SLAB-22,89.068,2273.908,2273.9,89.068,0,0,"[""LBS-1F_ROOF_SLAB-22-X-001""]",0.208366705,0.104183353,0.208366338,0.187530034,0.187530034,0.208366705,0.208366705,0.000000003
S7-0276-009,S7-0276,1F_ROOF_SLAB,SUP-1F_ROOF_SLAB-053,SP-1F_ROOF_SLAB-23,X,LBS-1F_ROOF_SLAB-23-X-009,END_CONTINUOUS_RUN,SP-1F_ROOF_SLAB-22,103.641,2273.908,2273.9,103.641,0,0,"[""LBS-1F_ROOF_SLAB-22-X-001""]",0.24245895,0.121229475,0.242458523,0.218213055,0.218213055,0.24245895,0.24245895,-0.000000001
S7-0276-010,S7-0276,1F_ROOF_SLAB,SUP-1F_ROOF_SLAB-053,SP-1F_ROOF_SLAB-23,X,LBS-1F_ROOF_SLAB-23-X-010,END_CONTINUOUS_RUN,SP-1F_ROOF_SLAB-22,117.426,2273.908,2273.9,117.426,0,0,"[""LBS-1F_ROOF_SLAB-22-X-001""]",0.274707737,0.137353869,0.274707254,0.247236963,0.247236963,0.274707737,0.274707737,0.000000002
S7-0276-011,S7-0276,1F_ROOF_SLAB,SUP-1F_ROOF_SLAB-053,SP-1F_ROOF_SLAB-23,X,LBS-1F_ROOF_SLAB-23-X-011,END_CONTINUOUS_RUN,SP-1F_ROOF_SLAB-22,130.316,2273.908,2273.9,130.316,0,0,"[""LBS-1F_ROOF_SLAB-22-X-001""]",0.304862752,0.152431376,0.304862216,0.274376477,0.274376477,0.304862752,0.304862752,0.000000001
S7-0276-012,S7-0276,1F_ROOF_SLAB,SUP-1F_ROOF_SLAB-053,SP-1F_ROOF_SLAB-23,X,LBS-1F_ROOF_SLAB-23-X-012,END_CONTINUOUS_RUN,SP-1F_ROOF_SLAB-22,142.216,2273.908,2273.9,142.216,0,0,"[""LBS-1F_ROOF_SLAB-22-X-001""]",0.332701749,0.166350874,0.332701164,0.299431574,0.299431574,0.332701749,0.332701749,0.000000001
S7-0276-013,S7-0276,1F_ROOF_SLAB,SUP-1F_ROOF_SLAB-053,SP-1F_ROOF_SLAB-23,X,LBS-1F_ROOF_SLAB-23-X-013,END_CONTINUOUS_RUN,SP-1F_ROOF_SLAB-22,153.032,2273.908,2273.9,153.032,0,0,"[""LBS-1F_ROOF_SLAB-22-X-001""]",0.358004824,0.179002412,0.358004194,0.322204342,0.322204342,0.358004824,0.358004824,0.000000001
S7-0276-014,S7-0276,1F_ROOF_SLAB,SUP-1F_ROOF_SLAB-053,SP-1F_ROOF_SLAB-23,X,LBS-1F_ROOF_SLAB-23-X-014,END_CONTINUOUS_RUN,SP-1F_ROOF_SLAB-22,162.684,2273.908,2273.9,162.684,0,0,"[""LBS-1F_ROOF_SLAB-22-X-001""]",0.380584824,0.190292412,0.380584155,0.342526342,0.342526342,0.380584824,0.380584824,0.000000001
S7-0276-015,S7-0276,1F_ROOF_SLAB,SUP-1F_ROOF_SLAB-053,SP-1F_ROOF_SLAB-23,X,LBS-1F_ROOF_SLAB-23-X-015,END_CONTINUOUS_RUN,SP-1F_ROOF_SLAB-22,171.098,2273.908,2273.9,171.098,0,0,"[""LBS-1F_ROOF_SLAB-22-X-001""]",0.400268633,0.200134316,0.400267929,0.36024177,0.36024177,0.400268633,0.400268633,0
S7-0276-016,S7-0276,1F_ROOF_SLAB,SUP-1F_ROOF_SLAB-053,SP-1F_ROOF_SLAB-23,X,LBS-1F_ROOF_SLAB-23-X-016,END_CONTINUOUS_RUN,SP-1F_ROOF_SLAB-22,178.21,2273.908,2273.9,178.21,0,0,"[""LBS-1F_ROOF_SLAB-22-X-001""]",0.416906527,0.208453264,0.416905794,0.375215874,0.375215874,0.416906527,0.416906527,0.000000002
S7-0276-017,S7-0276,1F_ROOF_SLAB,SUP-1F_ROOF_SLAB-053,SP-1F_ROOF_SLAB-23,X,LBS-1F_ROOF_SLAB-23-X-017,END_CONTINUOUS_RUN,SP-1F_ROOF_SLAB-22,183.965,2273.908,2273.9,183.965,0,0,"[""LBS-1F_ROOF_SLAB-22-X-001""]",0.430369841,0.21518492,0.430369084,0.387332857,0.387332857,0.430369841,0.430369841,0
S7-0276-018,S7-0276,1F_ROOF_SLAB,SUP-1F_ROOF_SLAB-053,SP-1F_ROOF_SLAB-23,X,LBS-1F_ROOF_SLAB-23-X-018,END_CONTINUOUS_RUN,SP-1F_ROOF_SLAB-22,188.321,2273.908,2273.9,188.321,0,0,"[""LBS-1F_ROOF_SLAB-22-X-001""]",0.440560317,0.220280158,0.440559542,0.396504285,0.396504285,0.440560317,0.440560317,0.000000001
S7-0276-019,S7-0276,1F_ROOF_SLAB,SUP-1F_ROOF_SLAB-053,SP-1F_ROOF_SLAB-23,X,LBS-1F_ROOF_SLAB-23-X-019,END_CONTINUOUS_RUN,SP-1F_ROOF_SLAB-22,191.243,2273.908,2273.9,191.243,0,0,"[""LBS-1F_ROOF_SLAB-22-X-001""]",0.447396078,0.223698039,0.447395291,0.40265647,0.40265647,0.447396078,0.447396078,0
S7-0276-020,S7-0276,1F_ROOF_SLAB,SUP-1F_ROOF_SLAB-053,SP-1F_ROOF_SLAB-23,X,LBS-1F_ROOF_SLAB-23-X-020,END_CONTINUOUS_RUN,SP-1F_ROOF_SLAB-22,192.709,2273.908,2273.9,192.709,0,0,"[""LBS-1F_ROOF_SLAB-22-X-001""]",0.450825655,0.225412827,0.450824862,0.405743089,0.405743089,0.450825655,0.450825655,0.000000001
S7-0276-021,S7-0276,1F_ROOF_SLAB,SUP-1F_ROOF_SLAB-053,SP-1F_ROOF_SLAB-23,X,LBS-1F_ROOF_SLAB-23-X-021,END_CONTINUOUS_RUN,SP-1F_ROOF_SLAB-22,192.709,2273.908,2273.9,192.709,0,0,"[""LBS-1F_ROOF_SLAB-22-X-001""]",0.450825655,0.225412827,0.450824862,0.405743089,0.405743089,0.450825655,0.450825655,0.000000001
S7-0276-022,S7-0276,1F_ROOF_SLAB,SUP-1F_ROOF_SLAB-053,SP-1F_ROOF_SLAB-23,X,LBS-1F_ROOF_SLAB-23-X-022,END_CONTINUOUS_RUN,SP-1F_ROOF_SLAB-22,191.243,2273.908,2273.9,191.243,0,0,"[""LBS-1F_ROOF_SLAB-22-X-001""]",0.447396078,0.223698039,0.447395291,0.40265647,0.40265647,0.447396078,0.447396078,0
S7-0276-023,S7-0276,1F_ROOF_SLAB,SUP-1F_ROOF_SLAB-053,SP-1F_ROOF_SLAB-23,X,LBS-1F_ROOF_SLAB-23-X-023,END_CONTINUOUS_RUN,SP-1F_ROOF_SLAB-22,188.321,2273.908,2273.9,188.321,0,0,"[""LBS-1F_ROOF_SLAB-22-X-001""]",0.440560317,0.220280158,0.440559542,0.396504285,0.396504285,0.440560317,0.440560317,0.000000001
S7-0276-024,S7-0276,1F_ROOF_SLAB,SUP-1F_ROOF_SLAB-053,SP-1F_ROOF_SLAB-23,X,LBS-1F_ROOF_SLAB-23-X-024,END_CONTINUOUS_RUN,SP-1F_ROOF_SLAB-22,183.965,2273.908,2273.9,183.965,0,0,"[""LBS-1F_ROOF_SLAB-22-X-001""]",0.430369841,0.21518492,0.430369084,0.387332857,0.387332857,0.430369841,0.430369841,0
S7-0276-025,S7-0276,1F_ROOF_SLAB,SUP-1F_ROOF_SLAB-053,SP-1F_ROOF_SLAB-23,X,LBS-1F_ROOF_SLAB-23-X-025,END_CONTINUOUS_RUN,SP-1F_ROOF_SLAB-22,178.21,2273.908,2273.9,178.21,0,0,"[""LBS-1F_ROOF_SLAB-22-X-001""]",0.416906527,0.208453264,0.416905794,0.375215874,0.375215874,0.416906527,0.416906527,0.000000002
S7-0276-026,S7-0276,1F_ROOF_SLAB,SUP-1F_ROOF_SLAB-053,SP-1F_ROOF_SLAB-23,X,LBS-1F_ROOF_SLAB-23-X-026,END_CONTINUOUS_RUN,SP-1F_ROOF_SLAB-22,171.098,2273.908,2273.9,171.098,0,0,"[""LBS-1F_ROOF_SLAB-22-X-001""]",0.400268633,0.200134316,0.400267929,0.36024177,0.36024177,0.400268633,0.400268633,0
S7-0276-027,S7-0276,1F_ROOF_SLAB,SUP-1F_ROOF_SLAB-053,SP-1F_ROOF_SLAB-23,X,LBS-1F_ROOF_SLAB-23-X-027,END_CONTINUOUS_RUN,SP-1F_ROOF_SLAB-22,162.684,2273.908,2273.9,162.684,0,0,"[""LBS-1F_ROOF_SLAB-22-X-001""]",0.380584824,0.190292412,0.380584155,0.342526342,0.342526342,0.380584824,0.380584824,0.000000001
S7-0276-028,S7-0276,1F_ROOF_SLAB,SUP-1F_ROOF_SLAB-053,SP-1F_ROOF_SLAB-23,X,LBS-1F_ROOF_SLAB-23-X-028,END_CONTINUOUS_RUN,SP-1F_ROOF_SLAB-22,78.34,2273.908,2273.9,78.34,0,0,"[""LBS-1F_ROOF_SLAB-22-X-001""]",0.183269499,0.09163475,0.183269177,0.164942549,0.164942549,0.183269499,0.183269499,-0.000000001
S7-0278-001,S7-0278,1F_ROOF_SLAB,SUP-1F_ROOF_SLAB-057,SP-1F_ROOF_SLAB-11,X,LBS-1F_ROOF_SLAB-11-X-001,END_CONTINUOUS_RUN,SP-1F_ROOF_SLAB-12,29.087,4300,2950,29.043,0.044,0,"[""LBS-1F_ROOF_SLAB-12-X-001""]",0.128677058,0.064338529,0.108508308,0.115809352,0.115809352,0.128677058,0.128677058,-0.000000002
S7-0278-002,S7-0278,1F_ROOF_SLAB,SUP-1F_ROOF_SLAB-057,SP-1F_ROOF_SLAB-11,X,LBS-1F_ROOF_SLAB-11-X-002,END_CONTINUOUS_RUN,SP-1F_ROOF_SLAB-12,126.386,4300,2950,126.386,0,0,"[""LBS-1F_ROOF_SLAB-12-X-001""]",0.559115021,0.27955751,0.471346965,0.503203519,0.503203519,0.559115021,0.559115021,0
S7-0278-003,S7-0278,1F_ROOF_SLAB,SUP-1F_ROOF_SLAB-057,SP-1F_ROOF_SLAB-11,X,LBS-1F_ROOF_SLAB-11-X-003,END_CONTINUOUS_RUN,SP-1F_ROOF_SLAB-12,114.018,4300,2950,114.018,0,0,"[""LBS-1F_ROOF_SLAB-12-X-001""]",0.504400617,0.252200309,0.42522145,0.453960555,0.453960555,0.504400617,0.504400617,0.000000001
S7-0278-004,S7-0278,1F_ROOF_SLAB,SUP-1F_ROOF_SLAB-057,SP-1F_ROOF_SLAB-11,X,LBS-1F_ROOF_SLAB-11-X-004,END_CONTINUOUS_RUN,SP-1F_ROOF_SLAB-12,100.821,4300,2950,100.821,0,0,"[""LBS-1F_ROOF_SLAB-12-X-001""]",0.446018827,0.223009414,0.376004244,0.401416944,0.401416944,0.446018827,0.446018827,0.000000001
S7-0278-005,S7-0278,1F_ROOF_SLAB,SUP-1F_ROOF_SLAB-057,SP-1F_ROOF_SLAB-11,X,LBS-1F_ROOF_SLAB-11-X-005,END_CONTINUOUS_RUN,SP-1F_ROOF_SLAB-12,86.892,4300,2950,86.892,0,0,"[""LBS-1F_ROOF_SLAB-12-X-001""]",0.384398765,0.192199382,0.324057098,0.345958888,0.345958888,0.384398765,0.384398765,0.000000002
S7-0278-006,S7-0278,1F_ROOF_SLAB,SUP-1F_ROOF_SLAB-057,SP-1F_ROOF_SLAB-11,X,LBS-1F_ROOF_SLAB-11-X-006,END_CONTINUOUS_RUN,SP-1F_ROOF_SLAB-12,72.332,4300,2950,72.332,0,0,"[""LBS-1F_ROOF_SLAB-12-X-001""]",0.319987243,0.159993621,0.269756687,0.287988519,0.287988519,0.319987243,0.319987243,0
S7-0278-007,S7-0278,1F_ROOF_SLAB,SUP-1F_ROOF_SLAB-057,SP-1F_ROOF_SLAB-11,X,LBS-1F_ROOF_SLAB-11-X-007,END_CONTINUOUS_RUN,SP-1F_ROOF_SLAB-12,57.246,4300,2950,57.246,0,0,"[""LBS-1F_ROOF_SLAB-12-X-001""]",0.253248765,0.126624382,0.213494598,0.227923888,0.227923888,0.253248765,0.253248765,0.000000002
S7-0278-008,S7-0278,1F_ROOF_SLAB,SUP-1F_ROOF_SLAB-057,SP-1F_ROOF_SLAB-11,X,LBS-1F_ROOF_SLAB-11-X-008,END_CONTINUOUS_RUN,SP-1F_ROOF_SLAB-12,41.743,4300,2950,41.743,0,0,"[""LBS-1F_ROOF_SLAB-12-X-001""]",0.184665535,0.092332767,0.155677341,0.166198981,0.166198981,0.184665535,0.184665535,0.000000001
S7-0278-009,S7-0278,1F_ROOF_SLAB,SUP-1F_ROOF_SLAB-057,SP-1F_ROOF_SLAB-11,X,LBS-1F_ROOF_SLAB-11-X-009,END_CONTINUOUS_RUN,SP-1F_ROOF_SLAB-12,25.938,4300,2950,25.938,0,0,"[""LBS-1F_ROOF_SLAB-12-X-001""]",0.114746296,0.057373148,0.096733796,0.103271666,0.103271666,0.114746296,0.114746296,0.000000003
S7-0278-010,S7-0278,1F_ROOF_SLAB,SUP-1F_ROOF_SLAB-057,SP-1F_ROOF_SLAB-11,X,LBS-1F_ROOF_SLAB-11-X-010,END_CONTINUOUS_RUN,SP-1F_ROOF_SLAB-12,9.945,4300,2950,9.945,0,0,"[""LBS-1F_ROOF_SLAB-12-X-001""]",0.04399537,0.021997685,0.03708912,0.039595833,0.039595833,0.04399537,0.04399537,0.000000009
S7-0278-011,S7-0278,1F_ROOF_SLAB,SUP-1F_ROOF_SLAB-057,SP-1F_ROOF_SLAB-11,X,LBS-1F_ROOF_SLAB-11-X-011,END_CONTINUOUS_RUN,SP-1F_ROOF_SLAB-12,0.114,4300,2950,0.114,0,0,"[""LBS-1F_ROOF_SLAB-12-X-001""]",0.000504321,0.00025216,0.000425154,0.000453889,0.000453889,0.000504321,0.000504321,-0.000000024
S7-0278-012,S7-0278,1F_ROOF_SLAB,SUP-1F_ROOF_SLAB-057,SP-1F_ROOF_SLAB-11,X,LBS-1F_ROOF_SLAB-11-X-012,END_CONTINUOUS_RUN,SP-1F_ROOF_SLAB-12,250,4300,2950,250,0,0,"[""LBS-1F_ROOF_SLAB-12-X-001""]",1.105967078,0.552983539,0.932355967,0.99537037,0.99537037,1.105967078,1.105967078,0.000000001
S7-0278-013,S7-0278,1F_ROOF_SLAB,SUP-1F_ROOF_SLAB-057,SP-1F_ROOF_SLAB-11,X,LBS-1F_ROOF_SLAB-11-X-013,END_CONTINUOUS_RUN,SP-1F_ROOF_SLAB-12,335.478,4300,2950,335.478,0,0,"[""LBS-1F_ROOF_SLAB-12-X-001""]",1.484110494,0.742055247,1.251139661,1.335699445,1.335699445,1.484110494,1.484110494,0.000000001
S7-0279-001,S7-0279,1F_ROOF_SLAB,SUP-1F_ROOF_SLAB-057,SP-1F_ROOF_SLAB-12,X,LBS-1F_ROOF_SLAB-12-X-001,END_CONTINUOUS_RUN,SP-1F_ROOF_SLAB-11,1250,2950,4300,1249.956,0.044,0,"[""LBS-1F_ROOF_SLAB-11-X-001"", ""LBS-1F_ROOF_SLAB-11-X-002"", ""LBS-1F_ROOF_SLAB-11-X-003"", ""LBS-1F_ROOF_SLAB-11-X-004"", ""LBS-1F_ROOF_SLAB-11-X-005"", ""LBS-1F_ROOF_SLAB-11-X-006"", ""LBS-1F_ROOF_SLAB-11-X-007"", ""LBS-1F_ROOF_SLAB-11-X-008"", ""LBS-1F_ROOF_SLAB-11-X-009"", ""LBS-1F_ROOF_SLAB-11-X-010"", ""LBS-1F_ROOF_SLAB-11-X-011"", ""LBS-1F_ROOF_SLAB-11-X-012"", ""LBS-1F_ROOF_SLAB-11-X-013""]",3.79372428,1.89686214,4.66174928,4.976796852,4.976796852,5.52977428,3.79372428,0.000000001
S7-0281-001,S7-0281,1F_ROOF_SLAB,SUP-1F_ROOF_SLAB-058,SP-1F_ROOF_SLAB-21,X,LBS-1F_ROOF_SLAB-21-X-001,END_CONTINUOUS_SPLIT,SP-1F_ROOF_SLAB-22,1042.339,4300,2273.9,1042.295,0.044,0,"[""LBS-1F_ROOF_SLAB-22-X-001""]",4.611170473,2.305585236,3.524856739,4.150053426,4.150053426,4.611170473,4.611170473,0.000000001
S7-0281-002,S7-0281,1F_ROOF_SLAB,SUP-1F_ROOF_SLAB-058,SP-1F_ROOF_SLAB-21,X,LBS-1F_ROOF_SLAB-21-X-002,END_CONTINUOUS_SPLIT,SP-1F_ROOF_SLAB-22,250,4300,2273.9,250,0,0,"[""LBS-1F_ROOF_SLAB-22-X-001""]",1.105967078,0.552983539,0.84540895,0.99537037,0.99537037,1.105967078,1.105967078,0.000000001
S7-0281-003,S7-0281,1F_ROOF_SLAB,SUP-1F_ROOF_SLAB-058,SP-1F_ROOF_SLAB-21,X,LBS-1F_ROOF_SLAB-21-X-003,END_CONTINUOUS_SPLIT,SP-1F_ROOF_SLAB-22,0.113,4300,2273.9,0.113,0,0,"[""LBS-1F_ROOF_SLAB-22-X-001""]",0.000499897,0.000249949,0.000382125,0.000449907,0.000449907,0.000499897,0.000499897,0.000000239
S7-0281-004,S7-0281,1F_ROOF_SLAB,SUP-1F_ROOF_SLAB-058,SP-1F_ROOF_SLAB-21,X,LBS-1F_ROOF_SLAB-21-X-004,END_CONTINUOUS_SPLIT,SP-1F_ROOF_SLAB-22,9.945,4300,2273.9,9.945,0,0,"[""LBS-1F_ROOF_SLAB-22-X-001""]",0.04399537,0.021997685,0.033630368,0.039595833,0.039595833,0.04399537,0.04399537,0.000000009
S7-0281-005,S7-0281,1F_ROOF_SLAB,SUP-1F_ROOF_SLAB-058,SP-1F_ROOF_SLAB-21,X,LBS-1F_ROOF_SLAB-21-X-005,END_CONTINUOUS_SPLIT,SP-1F_ROOF_SLAB-22,25.938,4300,2273.9,25.938,0,0,"[""LBS-1F_ROOF_SLAB-22-X-001""]",0.114746296,0.057373148,0.087712869,0.103271666,0.103271666,0.114746296,0.114746296,0.000000003
S7-0281-006,S7-0281,1F_ROOF_SLAB,SUP-1F_ROOF_SLAB-058,SP-1F_ROOF_SLAB-21,X,LBS-1F_ROOF_SLAB-21-X-006,END_CONTINUOUS_SPLIT,SP-1F_ROOF_SLAB-22,41.743,4300,2273.9,41.743,0,0,"[""LBS-1F_ROOF_SLAB-22-X-001""]",0.184665535,0.092332767,0.141159623,0.166198981,0.166198981,0.184665535,0.184665535,0.000000001
S7-0281-007,S7-0281,1F_ROOF_SLAB,SUP-1F_ROOF_SLAB-058,SP-1F_ROOF_SLAB-21,X,LBS-1F_ROOF_SLAB-21-X-007,END_CONTINUOUS_SPLIT,SP-1F_ROOF_SLAB-22,57.246,4300,2273.9,57.246,0,0,"[""LBS-1F_ROOF_SLAB-22-X-001""]",0.253248765,0.126624382,0.193585123,0.227923888,0.227923888,0.253248765,0.253248765,0.000000002
S7-0281-008,S7-0281,1F_ROOF_SLAB,SUP-1F_ROOF_SLAB-058,SP-1F_ROOF_SLAB-21,X,LBS-1F_ROOF_SLAB-21-X-008,END_CONTINUOUS_SPLIT,SP-1F_ROOF_SLAB-22,72.332,4300,2273.9,72.332,0,0,"[""LBS-1F_ROOF_SLAB-22-X-001""]",0.319987243,0.159993621,0.244600481,0.287988519,0.287988519,0.319987243,0.319987243,0
S7-0281-009,S7-0281,1F_ROOF_SLAB,SUP-1F_ROOF_SLAB-058,SP-1F_ROOF_SLAB-21,X,LBS-1F_ROOF_SLAB-21-X-009,END_CONTINUOUS_SPLIT,SP-1F_ROOF_SLAB-22,86.892,4300,2273.9,86.892,0,0,"[""LBS-1F_ROOF_SLAB-22-X-001""]",0.384398765,0.192199382,0.293837098,0.345958888,0.345958888,0.384398765,0.384398765,0.000000002
S7-0281-010,S7-0281,1F_ROOF_SLAB,SUP-1F_ROOF_SLAB-058,SP-1F_ROOF_SLAB-21,X,LBS-1F_ROOF_SLAB-21-X-010,END_CONTINUOUS_SPLIT,SP-1F_ROOF_SLAB-22,100.821,4300,2273.9,100.821,0,0,"[""LBS-1F_ROOF_SLAB-22-X-001""]",0.446018827,0.223009414,0.340939903,0.401416944,0.401416944,0.446018827,0.446018827,0.000000001
S7-0281-011,S7-0281,1F_ROOF_SLAB,SUP-1F_ROOF_SLAB-058,SP-1F_ROOF_SLAB-21,X,LBS-1F_ROOF_SLAB-21-X-011,END_CONTINUOUS_SPLIT,SP-1F_ROOF_SLAB-22,114.018,4300,2273.9,114.018,0,0,"[""LBS-1F_ROOF_SLAB-22-X-001""]",0.504400617,0.252200309,0.385567351,0.453960555,0.453960555,0.504400617,0.504400617,0.000000001
S7-0281-012,S7-0281,1F_ROOF_SLAB,SUP-1F_ROOF_SLAB-058,SP-1F_ROOF_SLAB-21,X,LBS-1F_ROOF_SLAB-21-X-012,END_CONTINUOUS_SPLIT,SP-1F_ROOF_SLAB-22,126.386,4300,2273.9,126.386,0,0,"[""LBS-1F_ROOF_SLAB-22-X-001""]",0.559115021,0.27955751,0.427391423,0.503203519,0.503203519,0.559115021,0.559115021,0
S7-0281-013,S7-0281,1F_ROOF_SLAB,SUP-1F_ROOF_SLAB-058,SP-1F_ROOF_SLAB-21,X,LBS-1F_ROOF_SLAB-21-X-013,END_CONTINUOUS_SPLIT,SP-1F_ROOF_SLAB-22,137.835,4300,2273.9,137.835,0,0,"[""LBS-1F_ROOF_SLAB-22-X-001""]",0.609763889,0.304881945,0.466107771,0.5487875,0.5487875,0.609763889,0.609763889,0
S7-0281-014,S7-0281,1F_ROOF_SLAB,SUP-1F_ROOF_SLAB-058,SP-1F_ROOF_SLAB-21,X,LBS-1F_ROOF_SLAB-21-X-014,END_CONTINUOUS_SPLIT,SP-1F_ROOF_SLAB-22,148.283,4300,2273.9,148.283,0,0,"[""LBS-1F_ROOF_SLAB-22-X-001""]",0.655984465,0.327992232,0.501439102,0.590386018,0.590386018,0.655984465,0.655984465,0.000000001
S7-0281-015,S7-0281,1F_ROOF_SLAB,SUP-1F_ROOF_SLAB-058,SP-1F_ROOF_SLAB-21,X,LBS-1F_ROOF_SLAB-21-X-015,END_CONTINUOUS_SPLIT,SP-1F_ROOF_SLAB-22,157.654,4300,2273.9,157.654,0,0,"[""LBS-1F_ROOF_SLAB-22-X-001""]",0.697440535,0.348720268,0.533128411,0.627696482,0.627696482,0.697440535,0.697440535,0.000000001
S7-0281-016,S7-0281,1F_ROOF_SLAB,SUP-1F_ROOF_SLAB-058,SP-1F_ROOF_SLAB-21,X,LBS-1F_ROOF_SLAB-21-X-016,END_CONTINUOUS_SPLIT,SP-1F_ROOF_SLAB-22,165.878,4300,2273.9,165.878,0,0,"[""LBS-1F_ROOF_SLAB-22-X-001""]",0.733822428,0.366911214,0.560938984,0.660440185,0.660440185,0.733822428,0.733822428,0.000000001
S7-0281-017,S7-0281,1F_ROOF_SLAB,SUP-1F_ROOF_SLAB-058,SP-1F_ROOF_SLAB-21,X,LBS-1F_ROOF_SLAB-21-X-017,END_CONTINUOUS_SPLIT,SP-1F_ROOF_SLAB-22,362.577,4300,2273.9,362.577,0,0,"[""LBS-1F_ROOF_SLAB-22-X-001""]",1.603992901,0.801996451,1.226103364,1.443593611,1.443593611,1.603992901,1.603992901,0.000000001
S7-0281-018,S7-0281,1F_ROOF_SLAB,SUP-1F_ROOF_SLAB-058,SP-1F_ROOF_SLAB-21,X,LBS-1F_ROOF_SLAB-21-X-018,END_CONTINUOUS_SPLIT,SP-1F_ROOF_SLAB-22,603.43,4300,2273.9,603.43,0,0,"[""LBS-1F_ROOF_SLAB-22-X-001""]",2.669494856,1.334747428,2.040580492,2.40254537,2.40254537,2.669494856,2.669494856,0.000000001
S7-0281-019,S7-0281,1F_ROOF_SLAB,SUP-1F_ROOF_SLAB-058,SP-1F_ROOF_SLAB-21,X,LBS-1F_ROOF_SLAB-21-X-019,END_CONTINUOUS_SPLIT,SP-1F_ROOF_SLAB-22,96.57,4300,2273.9,96.57,0,0,"[""LBS-1F_ROOF_SLAB-22-X-001""]",0.427212963,0.213606482,0.326564569,0.384491667,0.384491667,0.427212963,0.427212963,0.000000001
S7-0281-020,S7-0281,1F_ROOF_SLAB,SUP-1F_ROOF_SLAB-058,SP-1F_ROOF_SLAB-21,X,LBS-1F_ROOF_SLAB-21-X-020,END_CONTINUOUS_SPLIT,SP-1F_ROOF_SLAB-22,869.437,4300,2273.9,869.437,0,0,"[""LBS-1F_ROOF_SLAB-22-X-001""]",3.846274794,1.923137397,2.940119287,3.461647315,3.461647315,3.846274794,3.846274794,0.000000001
S7-0281-021,S7-0281,1F_ROOF_SLAB,SUP-1F_ROOF_SLAB-058,SP-1F_ROOF_SLAB-21,X,LBS-1F_ROOF_SLAB-21-X-021,END_CONTINUOUS_SPLIT,SP-1F_ROOF_SLAB-22,165.878,4300,2273.9,165.878,0,0,"[""LBS-1F_ROOF_SLAB-22-X-001""]",0.733822428,0.366911214,0.560938984,0.660440185,0.660440185,0.733822428,0.733822428,0.000000001
S7-0281-022,S7-0281,1F_ROOF_SLAB,SUP-1F_ROOF_SLAB-058,SP-1F_ROOF_SLAB-21,X,LBS-1F_ROOF_SLAB-21-X-022,END_CONTINUOUS_SPLIT,SP-1F_ROOF_SLAB-22,157.654,4300,2273.9,157.654,0,0,"[""LBS-1F_ROOF_SLAB-22-X-001""]",0.697440535,0.348720268,0.533128411,0.627696482,0.627696482,0.697440535,0.697440535,0.000000001
S7-0281-023,S7-0281,1F_ROOF_SLAB,SUP-1F_ROOF_SLAB-058,SP-1F_ROOF_SLAB-21,X,LBS-1F_ROOF_SLAB-21-X-023,END_CONTINUOUS_SPLIT,SP-1F_ROOF_SLAB-22,57.031,4300,2273.9,57.031,0,0,"[""LBS-1F_ROOF_SLAB-22-X-001""]",0.252297634,0.126148817,0.192858072,0.227067871,0.227067871,0.252297634,0.252297634,0
S7-0282-001,S7-0282,1F_ROOF_SLAB,SUP-1F_ROOF_SLAB-058,SP-1F_ROOF_SLAB-22,X,LBS-1F_ROOF_SLAB-22-X-001,END_CONTINUOUS_SPLIT,SP-1F_ROOF_SLAB-21,4850,2273.909,4300,4849.956,0.044,0,"[""LBS-1F_ROOF_SLAB-21-X-001"", ""LBS-1F_ROOF_SLAB-21-X-002"", ""LBS-1F_ROOF_SLAB-21-X-003"", ""LBS-1F_ROOF_SLAB-21-X-004"", ""LBS-1F_ROOF_SLAB-21-X-005"", ""LBS-1F_ROOF_SLAB-21-X-006"", ""LBS-1F_ROOF_SLAB-21-X-007"", ""LBS-1F_ROOF_SLAB-21-X-008"", ""LBS-1F_ROOF_SLAB-21-X-009"", ""LBS-1F_ROOF_SLAB-21-X-010"", ""LBS-1F_ROOF_SLAB-21-X-011"", ""LBS-1F_ROOF_SLAB-21-X-012"", ""LBS-1F_ROOF_SLAB-21-X-013"", ""LBS-1F_ROOF_SLAB-21-X-014"", ""LBS-1F_ROOF_SLAB-21-X-015"", ""LBS-1F_ROOF_SLAB-21-X-016"", ""LBS-1F_ROOF_SLAB-21-X-017"", ""LBS-1F_ROOF_SLAB-21-X-018"", ""LBS-1F_ROOF_SLAB-21-X-019"", ""LBS-1F_ROOF_SLAB-21-X-020"", ""LBS-1F_ROOF_SLAB-21-X-021"", ""LBS-1F_ROOF_SLAB-21-X-022"", ""LBS-1F_ROOF_SLAB-21-X-023""]",11.346150874,5.673075437,16.400910237,19.31010264,19.31010264,21.4556696,11.346150874,0.000000001
S7-0284-001,S7-0284,2F_ROOF_SLAB,SUP-2F_ROOF_SLAB-059,SP-2F_ROOF_SLAB-06,Y,LBS-2F_ROOF_SLAB-06-Y-002,END_UNRESOLVED,SP-2F_ROOF_SLAB-01,2450,2900,,0,2450,0,[],7.309670782,3.654835391,3.654835391,5.482253087,6.578703704,7.309670782,7.309670782,0.000000001
S7-0285-001,S7-0285,GF_ROOF_SLAB,SUP-GF_ROOF_SLAB-060,SP-GF_ROOF_SLAB-20,X,LBS-GF_ROOF_SLAB-20-X-001,END_NON_CONTINUOUS,SP-GF_ROOF_SLAB-01,500,4200,,0,500,0,[],2.160493827,1.080246913,1.080246913,1.62037037,1.62037037,2.160493827,2.160493827,0.000000001
S7-0285-002,S7-0285,GF_ROOF_SLAB,SUP-GF_ROOF_SLAB-060,SP-GF_ROOF_SLAB-20,X,LBS-GF_ROOF_SLAB-20-X-002,END_NON_CONTINUOUS,SP-GF_ROOF_SLAB-01,113.302,4200,,0,113.302,0,[],0.489576543,0.244788271,0.244788271,0.367182407,0.367182407,0.489576543,0.489576543,0.000000001
S7-0285-003,S7-0285,GF_ROOF_SLAB,SUP-GF_ROOF_SLAB-060,SP-GF_ROOF_SLAB-20,X,LBS-GF_ROOF_SLAB-20-X-003,END_NON_CONTINUOUS,SP-GF_ROOF_SLAB-01,4.939,4200,,0,4.939,0,[],0.021341358,0.010670679,0.010670679,0.016006019,0.016006019,0.021341358,0.021341358,0.000000002
S7-0285-004,S7-0285,GF_ROOF_SLAB,SUP-GF_ROOF_SLAB-060,SP-GF_ROOF_SLAB-20,X,LBS-GF_ROOF_SLAB-20-X-004,END_NON_CONTINUOUS,SP-GF_ROOF_SLAB-01,107.502,4200,,0,107.502,0,[],0.464514815,0.232257408,0.232257408,0.348386111,0.348386111,0.464514815,0.464514815,0
S7-0285-005,S7-0285,GF_ROOF_SLAB,SUP-GF_ROOF_SLAB-060,SP-GF_ROOF_SLAB-20,X,LBS-GF_ROOF_SLAB-20-X-005,END_NON_CONTINUOUS,SP-GF_ROOF_SLAB-01,110.722,4200,,0,110.722,0,[],0.478428395,0.239214198,0.239214198,0.358821296,0.358821296,0.478428395,0.478428395,0.000000001
S7-0285-006,S7-0285,GF_ROOF_SLAB,SUP-GF_ROOF_SLAB-060,SP-GF_ROOF_SLAB-20,X,LBS-GF_ROOF_SLAB-20-X-006,END_NON_CONTINUOUS,SP-GF_ROOF_SLAB-01,108.161,4200,,0,108.161,0,[],0.467362346,0.233681173,0.233681173,0.350521759,0.350521759,0.467362346,0.467362346,0
S7-0285-007,S7-0285,GF_ROOF_SLAB,SUP-GF_ROOF_SLAB-060,SP-GF_ROOF_SLAB-20,X,LBS-GF_ROOF_SLAB-20-X-007,END_NON_CONTINUOUS,SP-GF_ROOF_SLAB-01,104.778,4200,,0,104.778,0,[],0.452744444,0.226372222,0.226372222,0.339558333,0.339558333,0.452744444,0.452744444,0.000000002
S7-0285-008,S7-0285,GF_ROOF_SLAB,SUP-GF_ROOF_SLAB-060,SP-GF_ROOF_SLAB-20,X,LBS-GF_ROOF_SLAB-20-X-008,END_NON_CONTINUOUS,SP-GF_ROOF_SLAB-01,100.596,4200,,0,100.596,0,[],0.434674074,0.217337037,0.217337037,0.326005556,0.326005556,0.434674074,0.434674074,0.000000001
S7-0285-009,S7-0285,GF_ROOF_SLAB,SUP-GF_ROOF_SLAB-060,SP-GF_ROOF_SLAB-20,X,LBS-GF_ROOF_SLAB-20-X-009,END_NON_CONTINUOUS,SP-GF_ROOF_SLAB-01,95.649,4200,,0,95.649,0,[],0.413298148,0.206649074,0.206649074,0.309973611,0.309973611,0.413298148,0.413298148,0.000000001
S7-0285-010,S7-0285,GF_ROOF_SLAB,SUP-GF_ROOF_SLAB-060,SP-GF_ROOF_SLAB-20,X,LBS-GF_ROOF_SLAB-20-X-010,END_NON_CONTINUOUS,SP-GF_ROOF_SLAB-01,89.975,4200,,0,89.975,0,[],0.388780864,0.194390432,0.194390432,0.291585648,0.291585648,0.388780864,0.388780864,0.000000001
S7-0285-011,S7-0285,GF_ROOF_SLAB,SUP-GF_ROOF_SLAB-060,SP-GF_ROOF_SLAB-20,X,LBS-GF_ROOF_SLAB-20-X-011,END_NON_CONTINUOUS,SP-GF_ROOF_SLAB-01,83.615,4200,,0,83.615,0,[],0.361299383,0.180649691,0.180649691,0.270974537,0.270974537,0.361299383,0.361299383,0
S7-0285-012,S7-0285,GF_ROOF_SLAB,SUP-GF_ROOF_SLAB-060,SP-GF_ROOF_SLAB-20,X,LBS-GF_ROOF_SLAB-20-X-012,END_NON_CONTINUOUS,SP-GF_ROOF_SLAB-01,76.619,4200,,0,76.619,0,[],0.331069753,0.165534877,0.165534877,0.248302315,0.248302315,0.331069753,0.331069753,0.000000001
S7-0285-013,S7-0285,GF_ROOF_SLAB,SUP-GF_ROOF_SLAB-060,SP-GF_ROOF_SLAB-20,X,LBS-GF_ROOF_SLAB-20-X-013,END_NON_CONTINUOUS,SP-GF_ROOF_SLAB-01,69.04,4200,,0,69.04,0,[],0.298320988,0.149160494,0.149160494,0.223740741,0.223740741,0.298320988,0.298320988,-0.000000001
S7-0285-014,S7-0285,GF_ROOF_SLAB,SUP-GF_ROOF_SLAB-060,SP-GF_ROOF_SLAB-20,X,LBS-GF_ROOF_SLAB-20-X-014,END_NON_CONTINUOUS,SP-GF_ROOF_SLAB-01,60.935,4200,,0,60.935,0,[],0.263299383,0.131649691,0.131649691,0.197474537,0.197474537,0.263299383,0.263299383,0
S7-0285-015,S7-0285,GF_ROOF_SLAB,SUP-GF_ROOF_SLAB-060,SP-GF_ROOF_SLAB-20,X,LBS-GF_ROOF_SLAB-20-X-015,END_NON_CONTINUOUS,SP-GF_ROOF_SLAB-01,52.367,4200,,0,52.367,0,[],0.22627716,0.11313858,0.11313858,0.16970787,0.16970787,0.22627716,0.22627716,0.000000003
S7-0285-016,S7-0285,GF_ROOF_SLAB,SUP-GF_ROOF_SLAB-060,SP-GF_ROOF_SLAB-20,X,LBS-GF_ROOF_SLAB-20-X-016,END_NON_CONTINUOUS,SP-GF_ROOF_SLAB-01,43.4,4200,,0,43.4,0,[],0.187530864,0.093765432,0.093765432,0.140648148,0.140648148,0.187530864,0.187530864,0.000000002
S7-0285-017,S7-0285,GF_ROOF_SLAB,SUP-GF_ROOF_SLAB-060,SP-GF_ROOF_SLAB-20,X,LBS-GF_ROOF_SLAB-20-X-017,END_NON_CONTINUOUS,SP-GF_ROOF_SLAB-01,28.4,4200,,0,28.4,0,[],0.122716049,0.061358024,0.061358024,0.092037037,0.092037037,0.122716049,0.122716049,0.000000004
S7-0285-018,S7-0285,GF_ROOF_SLAB,SUP-GF_ROOF_SLAB-060,SP-GF_ROOF_SLAB-20,X,LBS-GF_ROOF_SLAB-20-X-018,END_NON_CONTINUOUS,SP-GF_ROOF_SLAB-01,5.704,4200,,0,5.704,0,[],0.024646914,0.012323457,0.012323457,0.018485185,0.018485185,0.024646914,0.024646914,-0.000000016
S7-0285-019,S7-0285,GF_ROOF_SLAB,SUP-GF_ROOF_SLAB-060,SP-GF_ROOF_SLAB-20,X,LBS-GF_ROOF_SLAB-20-X-019,END_NON_CONTINUOUS,SP-GF_ROOF_SLAB-01,24.546,4200,,0,24.546,0,[],0.106062963,0.053031481,0.053031481,0.079547222,0.079547222,0.106062963,0.106062963,0
S7-0285-020,S7-0285,GF_ROOF_SLAB,SUP-GF_ROOF_SLAB-060,SP-GF_ROOF_SLAB-20,X,LBS-GF_ROOF_SLAB-20-X-020,END_NON_CONTINUOUS,SP-GF_ROOF_SLAB-01,14.803,4200,,0,14.803,0,[],0.06396358,0.03198179,0.03198179,0.047972685,0.047972685,0.06396358,0.06396358,0.000000004
S7-0285-021,S7-0285,GF_ROOF_SLAB,SUP-GF_ROOF_SLAB-060,SP-GF_ROOF_SLAB-20,X,LBS-GF_ROOF_SLAB-20-X-021,END_NON_CONTINUOUS,SP-GF_ROOF_SLAB-01,4.947,4200,,0,4.947,0,[],0.021375926,0.010687963,0.010687963,0.016031944,0.016031944,0.021375926,0.021375926,-0.000000003
S7-0285-022,S7-0285,GF_ROOF_SLAB,SUP-GF_ROOF_SLAB-060,SP-GF_ROOF_SLAB-20,X,LBS-GF_ROOF_SLAB-20-X-022,END_NON_CONTINUOUS,SP-GF_ROOF_SLAB-01,150,4200,,0,150,0,[],0.648148148,0.324074074,0.324074074,0.486111111,0.486111111,0.648148148,0.648148148,0.000000001
S7-0285-023,S7-0285,GF_ROOF_SLAB,SUP-GF_ROOF_SLAB-060,SP-GF_ROOF_SLAB-20,X,LBS-GF_ROOF_SLAB-20-X-023,END_NON_CONTINUOUS,SP-GF_ROOF_SLAB-01,1118.016,4200,,0,1118.016,0,[],4.830933333,2.415466666,2.415466666,3.6232,3.6232,4.830933333,4.830933333,0.000000001
S7-0285-024,S7-0285,GF_ROOF_SLAB,SUP-GF_ROOF_SLAB-060,SP-GF_ROOF_SLAB-20,X,LBS-GF_ROOF_SLAB-20-X-024,END_NON_CONTINUOUS,SP-GF_ROOF_SLAB-01,131.984,4200,,0,131.984,0,[],0.570301235,0.285150617,0.285150617,0.427725926,0.427725926,0.570301235,0.570301235,0
S7-0285-025,S7-0285,GF_ROOF_SLAB,SUP-GF_ROOF_SLAB-060,SP-GF_ROOF_SLAB-20,X,LBS-GF_ROOF_SLAB-20-X-025,END_NON_CONTINUOUS,SP-GF_ROOF_SLAB-01,500,4200,,0,500,0,[],2.160493827,1.080246913,1.080246913,1.62037037,1.62037037,2.160493827,2.160493827,0.000000001
S7-0286-001,S7-0286,GF_ROOF_SLAB,SUP-GF_ROOF_SLAB-061,SP-GF_ROOF_SLAB-29,X,LBS-GF_ROOF_SLAB-29-X-001,END_UNRESOLVED,SP-GF_ROOF_SLAB-34,300,3432.449847458,2950,300,0,0,"[""LBS-GF_ROOF_SLAB-34-X-003"", ""LBS-GF_ROOF_SLAB-34-X-004""]",1.059398101,0.52969905,0.984945964,0.794548576,0.953458291,1.059398101,1.059398101,0.000000001
S7-0286-002,S7-0286,GF_ROOF_SLAB,SUP-GF_ROOF_SLAB-061,SP-GF_ROOF_SLAB-29,X,LBS-GF_ROOF_SLAB-29-X-002,END_UNRESOLVED,SP-GF_ROOF_SLAB-34,54.63,3301.584104537,2999.959729087,54.63,0,0,"[""LBS-GF_ROOF_SLAB-34-X-004"", ""LBS-GF_ROOF_SLAB-34-X-005""]",0.185561255,0.092780628,0.177085051,0.139170941,0.167005129,0.185561255,0.185561255,-0.000000001
S7-0286-003,S7-0286,GF_ROOF_SLAB,SUP-GF_ROOF_SLAB-061,SP-GF_ROOF_SLAB-29,X,LBS-GF_ROOF_SLAB-29-X-003,END_UNRESOLVED,SP-GF_ROOF_SLAB-34,270.988,3181.424384609,3000,270.988,0,0,"[""LBS-GF_ROOF_SLAB-34-X-005""]",0.886962789,0.443481395,0.861672752,0.665222092,0.79826651,0.886962789,0.886962789,0.000000001
S7-0286-004,S7-0286,GF_ROOF_SLAB,SUP-GF_ROOF_SLAB-061,SP-GF_ROOF_SLAB-29,X,LBS-GF_ROOF_SLAB-29-X-004,END_UNRESOLVED,SP-GF_ROOF_SLAB-34,1974.382,2352.836805495,3000,1974.382,0,0,"[""LBS-GF_ROOF_SLAB-34-X-005""]",4.779216705,2.389608352,5.436494155,3.584412529,5.488553295,6.09839255,4.779216705,0.000000001
S7-0286-005,S7-0286,GF_ROOF_SLAB,SUP-GF_ROOF_SLAB-061,SP-GF_ROOF_SLAB-29,X,LBS-GF_ROOF_SLAB-29-X-005,END_UNRESOLVED,SP-GF_ROOF_SLAB-34,350,1495.092177966,2950.006285714,350,0,0,"[""LBS-GF_ROOF_SLAB-34-X-005"", ""LBS-GF_ROOF_SLAB-34-X-006""]",0.538356237,0.269178119,0.800300649,0.403767178,0.956020556,1.062245062,0.538356237,0
S7-0286-006,S7-0286,GF_ROOF_SLAB,SUP-GF_ROOF_SLAB-061,SP-GF_ROOF_SLAB-29,X,LBS-GF_ROOF_SLAB-29-X-006,END_UNRESOLVED,SP-GF_ROOF_SLAB-34,50,1200,2950,50,0,0,"[""LBS-GF_ROOF_SLAB-34-X-006"", ""LBS-GF_ROOF_SLAB-34-X-007""]",0.061728395,0.030864197,0.106738683,0.046296296,0.136574074,0.151748971,0.061728395,0.000000002
S7-0287-001,S7-0287,GF_ROOF_SLAB,SUP-GF_ROOF_SLAB-061,SP-GF_ROOF_SLAB-34,X,LBS-GF_ROOF_SLAB-34-X-003,END_UNRESOLVED,SP-GF_ROOF_SLAB-29,200,2950,,0,200,0,[],0.606995885,0.303497943,0.303497943,0.455246914,0.546296297,0.606995885,0.606995885,0
S7-0287-002,S7-0287,GF_ROOF_SLAB,SUP-GF_ROOF_SLAB-061,SP-GF_ROOF_SLAB-34,X,LBS-GF_ROOF_SLAB-34-X-004,END_UNRESOLVED,SP-GF_ROOF_SLAB-29,300,2950,3432.466243333,299.956,0.044,0,"[""LBS-GF_ROOF_SLAB-29-X-001""]",0.910493827,0.455246914,0.984870805,0.68287037,0.953443189,1.059381321,0.910493827,0.000000001
S7-0287-003,S7-0287,GF_ROOF_SLAB,SUP-GF_ROOF_SLAB-061,SP-GF_ROOF_SLAB-34,X,LBS-GF_ROOF_SLAB-34-X-005,END_UNRESOLVED,SP-GF_ROOF_SLAB-29,2300,3000,2472.985669565,2300,0,0,"[""LBS-GF_ROOF_SLAB-29-X-001"", ""LBS-GF_ROOF_SLAB-29-X-002"", ""LBS-GF_ROOF_SLAB-29-X-003"", ""LBS-GF_ROOF_SLAB-29-X-004""]",7.098765432,3.549382716,6.475240247,5.324074074,6.453821326,7.170912585,7.098765432,0.000000001
S7-0287-004,S7-0287,GF_ROOF_SLAB,SUP-GF_ROOF_SLAB-061,SP-GF_ROOF_SLAB-34,X,LBS-GF_ROOF_SLAB-34-X-006,END_UNRESOLVED,SP-GF_ROOF_SLAB-29,350,2950,1495.082472,350,0,0,"[""LBS-GF_ROOF_SLAB-29-X-004"", ""LBS-GF_ROOF_SLAB-29-X-005""]",1.062242798,0.531121399,0.80029777,0.796682098,0.956018518,1.062242798,1.062242798,0.000000001
S7-0287-005,S7-0287,GF_ROOF_SLAB,SUP-GF_ROOF_SLAB-061,SP-GF_ROOF_SLAB-34,X,LBS-GF_ROOF_SLAB-34-X-007,END_UNRESOLVED,SP-GF_ROOF_SLAB-29,50,2950,1200.146006288,50,0,0,"[""LBS-GF_ROOF_SLAB-29-X-005"", ""LBS-GF_ROOF_SLAB-29-X-006""]",0.151748971,0.075874486,0.106742438,0.113811728,0.136574074,0.151748971,0.151748971,0.000000002
S7-0288-001,S7-0288,GF_ROOF_SLAB,SUP-GF_ROOF_SLAB-062,SP-GF_ROOF_SLAB-30,X,LBS-GF_ROOF_SLAB-30-X-001,END_CONTINUOUS_SPLIT,SP-GF_ROOF_SLAB-34,100,1200,3000,99.956,0.044,0,"[""LBS-GF_ROOF_SLAB-34-X-001""]",0.12345679,0.061728395,0.216008642,0.277704444,0.277704444,0.308560494,0.12345679,0.000000002
S7-0288-002,S7-0288,GF_ROOF_SLAB,SUP-GF_ROOF_SLAB-062,SP-GF_ROOF_SLAB-30,X,LBS-GF_ROOF_SLAB-30-X-002,END_CONTINUOUS_SPLIT,SP-GF_ROOF_SLAB-34,1200,4133.5895,3000,1200,0,0,"[""LBS-GF_ROOF_SLAB-34-X-001"", ""LBS-GF_ROOF_SLAB-34-X-002""]",5.103196914,2.551598457,4.403450309,4.592877223,4.592877223,5.103196914,5.103196914,0.000000001
S7-0289-001,S7-0289,GF_ROOF_SLAB,SUP-GF_ROOF_SLAB-062,SP-GF_ROOF_SLAB-34,X,LBS-GF_ROOF_SLAB-34-X-001,END_CONTINUOUS_SPLIT,SP-GF_ROOF_SLAB-30,100,3000,1200,99.956,0.044,0,"[""LBS-GF_ROOF_SLAB-30-X-001""]",0.308641975,0.154320988,0.216090123,0.277777777,0.277777777,0.308641975,0.308641975,0.000000002
S7-0289-002,S7-0289,GF_ROOF_SLAB,SUP-GF_ROOF_SLAB-062,SP-GF_ROOF_SLAB-34,X,LBS-GF_ROOF_SLAB-34-X-002,END_CONTINUOUS_SPLIT,SP-GF_ROOF_SLAB-30,1200,3000,4133.508670071,1200,0,0,"[""LBS-GF_ROOF_SLAB-30-X-001"", ""LBS-GF_ROOF_SLAB-30-X-002""]",3.703703704,1.851851852,4.403400414,4.592860745,4.592860745,5.103178605,3.703703704,0.000000001
S7-0291-001,S7-0291,1F_ROOF_SLAB,SUP-1F_ROOF_SLAB-063,SP-1F_ROOF_SLAB-11,Y,LBS-1F_ROOF_SLAB-11-Y-001,END_UNRESOLVED,SP-1F_ROOF_SLAB-01,1100,1700,,0,1100,0,[],1.923868313,0.961934157,0.961934157,1.442901235,1.731481482,1.923868313,1.923868313,0
S7-0291-002,S7-0291,1F_ROOF_SLAB,SUP-1F_ROOF_SLAB-063,SP-1F_ROOF_SLAB-11,Y,LBS-1F_ROOF_SLAB-11-Y-002,END_UNRESOLVED,SP-1F_ROOF_SLAB-01,100,1700,,0,100,0,[],0.174897119,0.087448559,0.087448559,0.131172839,0.157407407,0.174897119,0.174897119,0.000000003
S7-0291-003,S7-0291,1F_ROOF_SLAB,SUP-1F_ROOF_SLAB-063,SP-1F_ROOF_SLAB-11,Y,LBS-1F_ROOF_SLAB-11-Y-003,END_UNRESOLVED,SP-1F_ROOF_SLAB-01,1200,1700,,0,1200,0,[],2.098765432,1.049382716,1.049382716,1.574074074,1.888888889,2.098765432,2.098765432,0.000000001
S7-0292-001,S7-0292,GF_ROOF_SLAB,SUP-GF_ROOF_SLAB-065,SP-GF_ROOF_SLAB-27,X,LBS-GF_ROOF_SLAB-27-X-001,END_CONTINUOUS_RUN,SP-GF_ROOF_SLAB-34,1300,3000,3000,1299.956,0.044,0,"[""LBS-GF_ROOF_SLAB-34-X-001"", ""LBS-GF_ROOF_SLAB-34-X-002""]",4.012345679,2.00617284,4.012345679,3.611111111,3.611111111,4.012345679,4.012345679,0.000000001
S7-0292-002,S7-0292,GF_ROOF_SLAB,SUP-GF_ROOF_SLAB-065,SP-GF_ROOF_SLAB-27,X,LBS-GF_ROOF_SLAB-27-X-002,END_CONTINUOUS_RUN,SP-GF_ROOF_SLAB-34,500,3000,2950.0044,500,0,0,"[""LBS-GF_ROOF_SLAB-34-X-002"", ""LBS-GF_ROOF_SLAB-34-X-003"", ""LBS-GF_ROOF_SLAB-34-X-004""]",1.543209877,0.771604939,1.530350926,1.388888889,1.388888889,1.543209877,1.543209877,0
S7-0292-003,S7-0292,GF_ROOF_SLAB,SUP-GF_ROOF_SLAB-065,SP-GF_ROOF_SLAB-27,X,LBS-GF_ROOF_SLAB-27-X-003,END_CONTINUOUS_RUN,SP-GF_ROOF_SLAB-34,2300,3000,2999.999043478,2300,0,0,"[""LBS-GF_ROOF_SLAB-34-X-004"", ""LBS-GF_ROOF_SLAB-34-X-005""]",7.098765432,3.549382716,7.0987643,6.388888889,6.388888889,7.098765432,7.098765432,0.000000001
S7-0292-004,S7-0292,GF_ROOF_SLAB,SUP-GF_ROOF_SLAB-065,SP-GF_ROOF_SLAB-27,X,LBS-GF_ROOF_SLAB-27-X-004,END_CONTINUOUS_RUN,SP-GF_ROOF_SLAB-34,350,3000,2950.006285714,350,0,0,"[""LBS-GF_ROOF_SLAB-34-X-005"", ""LBS-GF_ROOF_SLAB-34-X-006""]",1.080246914,0.540123457,1.071245988,0.972222223,0.972222223,1.080246914,1.080246914,0
S7-0292-005,S7-0292,GF_ROOF_SLAB,SUP-GF_ROOF_SLAB-065,SP-GF_ROOF_SLAB-27,X,LBS-GF_ROOF_SLAB-27-X-005,END_CONTINUOUS_RUN,SP-GF_ROOF_SLAB-34,50,2700,2950,50,0,0,"[""LBS-GF_ROOF_SLAB-34-X-006"", ""LBS-GF_ROOF_SLAB-34-X-007""]",0.138888889,0.069444444,0.14531893,0.136574074,0.136574074,0.151748971,0.138888889,0
S7-0293-001,S7-0293,GF_ROOF_SLAB,SUP-GF_ROOF_SLAB-065,SP-GF_ROOF_SLAB-34,X,LBS-GF_ROOF_SLAB-34-X-001,END_CONTINUOUS_RUN,SP-GF_ROOF_SLAB-27,100,3000,3000,99.956,0.044,0,"[""LBS-GF_ROOF_SLAB-27-X-001""]",0.308641975,0.154320988,0.308641975,0.277777777,0.277777777,0.308641975,0.308641975,0.000000002
S7-0293-002,S7-0293,GF_ROOF_SLAB,SUP-GF_ROOF_SLAB-065,SP-GF_ROOF_SLAB-34,X,LBS-GF_ROOF_SLAB-34-X-002,END_CONTINUOUS_RUN,SP-GF_ROOF_SLAB-27,1200,3000,3000,1200,0,0,"[""LBS-GF_ROOF_SLAB-27-X-001""]",3.703703704,1.851851852,3.703703704,3.333333334,3.333333334,3.703703704,3.703703704,0.000000001
S7-0293-003,S7-0293,GF_ROOF_SLAB,SUP-GF_ROOF_SLAB-065,SP-GF_ROOF_SLAB-34,X,LBS-GF_ROOF_SLAB-34-X-003,END_CONTINUOUS_RUN,SP-GF_ROOF_SLAB-27,200,2950,3000,200,0,0,"[""LBS-GF_ROOF_SLAB-27-X-001"", ""LBS-GF_ROOF_SLAB-27-X-002""]",0.606995885,0.303497943,0.612139918,0.555555556,0.555555556,0.617283951,0.606995885,0
S7-0293-004,S7-0293,GF_ROOF_SLAB,SUP-GF_ROOF_SLAB-065,SP-GF_ROOF_SLAB-34,X,LBS-GF_ROOF_SLAB-34-X-004,END_CONTINUOUS_RUN,SP-GF_ROOF_SLAB-27,300,2950,3000,300,0,0,"[""LBS-GF_ROOF_SLAB-27-X-002""]",0.910493827,0.455246914,0.918209876,0.833333333,0.833333333,0.925925926,0.910493827,0.000000001
S7-0293-005,S7-0293,GF_ROOF_SLAB,SUP-GF_ROOF_SLAB-065,SP-GF_ROOF_SLAB-34,X,LBS-GF_ROOF_SLAB-34-X-005,END_CONTINUOUS_RUN,SP-GF_ROOF_SLAB-27,2300,3000,3000,2300,0,0,"[""LBS-GF_ROOF_SLAB-27-X-002"", ""LBS-GF_ROOF_SLAB-27-X-003""]",7.098765432,3.549382716,7.098765432,6.388888889,6.388888889,7.098765432,7.098765432,0.000000001
S7-0293-006,S7-0293,GF_ROOF_SLAB,SUP-GF_ROOF_SLAB-065,SP-GF_ROOF_SLAB-34,X,LBS-GF_ROOF_SLAB-34-X-006,END_CONTINUOUS_RUN,SP-GF_ROOF_SLAB-27,350,2950,3000,350,0,0,"[""LBS-GF_ROOF_SLAB-27-X-003"", ""LBS-GF_ROOF_SLAB-27-X-004""]",1.062242798,0.531121399,1.071244856,0.972222222,0.972222222,1.080246913,1.062242798,0.000000001
S7-0293-007,S7-0293,GF_ROOF_SLAB,SUP-GF_ROOF_SLAB-065,SP-GF_ROOF_SLAB-34,X,LBS-GF_ROOF_SLAB-34-X-007,END_CONTINUOUS_RUN,SP-GF_ROOF_SLAB-27,50,2950,2700.264,50,0,0,"[""LBS-GF_ROOF_SLAB-27-X-004"", ""LBS-GF_ROOF_SLAB-27-X-005""]",0.151748971,0.075874486,0.14532572,0.136576111,0.136576111,0.151751234,0.151748971,0.000000002
S7-0295-001,S7-0295,2F_ROOF_SLAB,SUP-2F_ROOF_SLAB-066,SP-2F_ROOF_SLAB-03,Y,LBS-2F_ROOF_SLAB-03-Y-001,END_CONTINUOUS_RUN,SP-2F_ROOF_SLAB-07,1800,1800,1200,1799.996,0.004,0,"[""LBS-2F_ROOF_SLAB-07-Y-001""]",3.333333333,1.666666667,2.777779012,3,3,3.333333333,3.333333333,0.000000001
S7-0296-001,S7-0296,2F_ROOF_SLAB,SUP-2F_ROOF_SLAB-066,SP-2F_ROOF_SLAB-07,Y,LBS-2F_ROOF_SLAB-07-Y-001,END_CONTINUOUS_RUN,SP-2F_ROOF_SLAB-03,1800,1200,1800,1799.996,0.004,0,"[""LBS-2F_ROOF_SLAB-03-Y-001""]",2.222222222,1.111111111,2.777776543,2.999997777,2.999997777,3.333330864,2.222222222,0.000000001
S7-0298-001,S7-0298,2F_ROOF_SLAB,SUP-2F_ROOF_SLAB-067,SP-2F_ROOF_SLAB-04,Y,LBS-2F_ROOF_SLAB-04-Y-001,END_CONTINUOUS_SPLIT,SP-2F_ROOF_SLAB-08,1470,5000,1200,1470,0,0,"[""LBS-2F_ROOF_SLAB-08-Y-001"", ""LBS-2F_ROOF_SLAB-08-Y-002""]",7.561728395,3.780864197,4.688271605,6.805555556,6.805555556,7.561728395,7.561728395,0.000000001
S7-0298-002,S7-0298,2F_ROOF_SLAB,SUP-2F_ROOF_SLAB-067,SP-2F_ROOF_SLAB-04,Y,LBS-2F_ROOF_SLAB-04-Y-002,END_CONTINUOUS_SPLIT,SP-2F_ROOF_SLAB-08,600,5000,1200,600,0,0,"[""LBS-2F_ROOF_SLAB-08-Y-002"", ""LBS-2F_ROOF_SLAB-08-Y-003""]",3.086419753,1.543209876,1.913580247,2.777777778,2.777777778,3.086419753,3.086419753,0.000000001
S7-0298-003,S7-0298,2F_ROOF_SLAB,SUP-2F_ROOF_SLAB-067,SP-2F_ROOF_SLAB-04,Y,LBS-2F_ROOF_SLAB-04-Y-003,END_CONTINUOUS_SPLIT,SP-2F_ROOF_SLAB-08,930,5000,1200,929.996,0.004,0,"[""LBS-2F_ROOF_SLAB-08-Y-003""]",4.783950617,2.391975309,2.966057201,4.305555555,4.305555555,4.783950617,4.783950617,0.000000001
S7-0299-001,S7-0299,2F_ROOF_SLAB,SUP-2F_ROOF_SLAB-067,SP-2F_ROOF_SLAB-08,Y,LBS-2F_ROOF_SLAB-08-Y-001,END_CONTINUOUS_SPLIT,SP-2F_ROOF_SLAB-04,1470,1200,5000,1470,0,0,"[""LBS-2F_ROOF_SLAB-04-Y-001"", ""LBS-2F_ROOF_SLAB-04-Y-002""]",1.814814815,0.907407408,4.688271605,6.805555556,6.805555556,7.561728396,1.814814815,0.000000001
S7-0299-002,S7-0299,2F_ROOF_SLAB,SUP-2F_ROOF_SLAB-067,SP-2F_ROOF_SLAB-08,Y,LBS-2F_ROOF_SLAB-08-Y-002,END_CONTINUOUS_SPLIT,SP-2F_ROOF_SLAB-04,600,1200,5000,600,0,0,"[""LBS-2F_ROOF_SLAB-04-Y-002"", ""LBS-2F_ROOF_SLAB-04-Y-003""]",0.740740741,0.37037037,1.913580248,2.777777779,2.777777779,3.086419754,0.740740741,0
S7-0299-003,S7-0299,2F_ROOF_SLAB,SUP-2F_ROOF_SLAB-067,SP-2F_ROOF_SLAB-08,Y,LBS-2F_ROOF_SLAB-08-Y-003,END_CONTINUOUS_SPLIT,SP-2F_ROOF_SLAB-04,930,1200,5000,929.996,0.004,0,"[""LBS-2F_ROOF_SLAB-04-Y-003""]",1.148148148,0.574074074,2.966041563,4.305541481,4.305541481,4.783934979,1.148148148,0.000000001
S7-0301-001,S7-0301,GF_ROOF_SLAB,SUP-GF_ROOF_SLAB-069,SP-GF_ROOF_SLAB-26,X,LBS-GF_ROOF_SLAB-26-X-001,END_CONTINUOUS_RUN,SP-GF_ROOF_SLAB-27,4450,4000,3000,4449.956,0.044,0,"[""LBS-GF_ROOF_SLAB-27-X-001"", ""LBS-GF_ROOF_SLAB-27-X-002"", ""LBS-GF_ROOF_SLAB-27-X-003"", ""LBS-GF_ROOF_SLAB-27-X-004""]",18.312757202,9.156378601,16.023685185,16.481481482,16.481481482,18.312757202,18.312757202,0.000000001
S7-0302-001,S7-0302,GF_ROOF_SLAB,SUP-GF_ROOF_SLAB-069,SP-GF_ROOF_SLAB-27,X,LBS-GF_ROOF_SLAB-27-X-001,END_CONTINUOUS_RUN,SP-GF_ROOF_SLAB-26,1300,3000,4000,1299.956,0.044,0,"[""LBS-GF_ROOF_SLAB-26-X-001""]",4.012345679,2.00617284,4.681047325,4.814774074,4.814774074,5.349748971,4.012345679,0.000000001
S7-0302-002,S7-0302,GF_ROOF_SLAB,SUP-GF_ROOF_SLAB-069,SP-GF_ROOF_SLAB-27,X,LBS-GF_ROOF_SLAB-27-X-002,END_CONTINUOUS_RUN,SP-GF_ROOF_SLAB-26,500,3000,4000,500,0,0,"[""LBS-GF_ROOF_SLAB-26-X-001""]",1.543209877,0.771604939,1.800411523,1.851851852,1.851851852,2.057613169,1.543209877,0
S7-0302-003,S7-0302,GF_ROOF_SLAB,SUP-GF_ROOF_SLAB-069,SP-GF_ROOF_SLAB-27,X,LBS-GF_ROOF_SLAB-27-X-003,END_CONTINUOUS_RUN,SP-GF_ROOF_SLAB-26,2300,3000,4000,2300,0,0,"[""LBS-GF_ROOF_SLAB-26-X-001""]",7.098765432,3.549382716,8.281893004,8.518518518,8.518518518,9.465020576,7.098765432,0.000000001
S7-0302-004,S7-0302,GF_ROOF_SLAB,SUP-GF_ROOF_SLAB-069,SP-GF_ROOF_SLAB-27,X,LBS-GF_ROOF_SLAB-27-X-004,END_CONTINUOUS_RUN,SP-GF_ROOF_SLAB-26,350,3000,4000,350,0,0,"[""LBS-GF_ROOF_SLAB-26-X-001""]",1.080246914,0.540123457,1.260288066,1.296296297,1.296296297,1.440329219,1.080246914,0
S7-0304-001,S7-0304,GF_ROOF_SLAB,SUP-GF_ROOF_SLAB-070,SP-GF_ROOF_SLAB-19,X,LBS-GF_ROOF_SLAB-19-X-001,END_NON_CONTINUOUS,,500,4000,,0,500,0,[],2.057613169,1.028806585,1.028806585,1.543209877,1.543209877,2.057613169,2.057613169,0
S7-0304-002,S7-0304,GF_ROOF_SLAB,SUP-GF_ROOF_SLAB-070,SP-GF_ROOF_SLAB-19,X,LBS-GF_ROOF_SLAB-19-X-002,END_NON_CONTINUOUS,,95.871,3997.907,,0,95.871,0,[],0.394324426,0.197162213,0.197162213,0.29574332,0.29574332,0.394324426,0.394324426,0
S7-0304-003,S7-0304,GF_ROOF_SLAB,SUP-GF_ROOF_SLAB-070,SP-GF_ROOF_SLAB-19,X,LBS-GF_ROOF_SLAB-19-X-003,END_NON_CONTINUOUS,,17.431,3994.666645125,,0,17.431,0,[],0.071636867,0.035818434,0.035818434,0.05372765,0.05372765,0.071636867,0.071636867,-0.000000006
S7-0304-004,S7-0304,GF_ROOF_SLAB,SUP-GF_ROOF_SLAB-070,SP-GF_ROOF_SLAB-19,X,LBS-GF_ROOF_SLAB-19-X-004,END_NON_CONTINUOUS,,4.939,3993.194192108,,0,4.939,0,[],0.020290521,0.01014526,0.01014526,0.015217891,0.015217891,0.020290521,0.020290521,-0.000000014
S7-0304-005,S7-0304,GF_ROOF_SLAB,SUP-GF_ROOF_SLAB-070,SP-GF_ROOF_SLAB-19,X,LBS-GF_ROOF_SLAB-19-X-005,END_NON_CONTINUOUS,,72.772,3988.079046982,,0,72.772,0,[],0.298580749,0.149290374,0.149290374,0.223935562,0.223935562,0.298580749,0.298580749,0.000000002
S7-0304-006,S7-0304,GF_ROOF_SLAB,SUP-GF_ROOF_SLAB-070,SP-GF_ROOF_SLAB-19,X,LBS-GF_ROOF_SLAB-19-X-006,END_NON_CONTINUOUS,,34.73,3979.439110847,,0,34.73,0,[],0.142187161,0.071093581,0.071093581,0.106640371,0.106640371,0.142187161,0.142187161,-0.000000001
S7-0304-007,S7-0304,GF_ROOF_SLAB,SUP-GF_ROOF_SLAB-070,SP-GF_ROOF_SLAB-19,X,LBS-GF_ROOF_SLAB-19-X-007,END_NON_CONTINUOUS,,58.958,3969.053610847,,0,58.958,0,[],0.240748419,0.120374209,0.120374209,0.180561314,0.180561314,0.240748419,0.240748419,-0.000000001
S7-0304-008,S7-0304,GF_ROOF_SLAB,SUP-GF_ROOF_SLAB-070,SP-GF_ROOF_SLAB-19,X,LBS-GF_ROOF_SLAB-19-X-008,END_NON_CONTINUOUS,,51.764,3954.357566963,,0,51.764,0,[],0.210589882,0.105294941,0.105294941,0.157942411,0.157942411,0.210589882,0.210589882,0
S7-0304-009,S7-0304,GF_ROOF_SLAB,SUP-GF_ROOF_SLAB-070,SP-GF_ROOF_SLAB-19,X,LBS-GF_ROOF_SLAB-19-X-009,END_NON_CONTINUOUS,,39.757,3939.929566963,,0,39.757,0,[],0.161152037,0.080576018,0.080576018,0.120864028,0.120864028,0.161152037,0.161152037,0
S7-0304-010,S7-0304,GF_ROOF_SLAB,SUP-GF_ROOF_SLAB-070,SP-GF_ROOF_SLAB-19,X,LBS-GF_ROOF_SLAB-19-X-010,END_NON_CONTINUOUS,,68.404,3919.495201223,,0,68.404,0,[],0.275832459,0.137916229,0.137916229,0.206874344,0.206874344,0.275832459,0.275832459,-0.000000001
S7-0304-011,S7-0304,GF_ROOF_SLAB,SUP-GF_ROOF_SLAB-070,SP-GF_ROOF_SLAB-19,X,LBS-GF_ROOF_SLAB-19-X-011,END_NON_CONTINUOUS,,20.254,3901.133701223,,0,20.254,0,[],0.081289673,0.040644837,0.040644837,0.060967255,0.060967255,0.081289673,0.081289673,-0.000000002
S7-0304-012,S7-0304,GF_ROOF_SLAB,SUP-GF_ROOF_SLAB-070,SP-GF_ROOF_SLAB-19,X,LBS-GF_ROOF_SLAB-19-X-012,END_NON_CONTINUOUS,,84.524,3874.938630146,,0,84.524,0,[],0.336960198,0.168480099,0.168480099,0.252720149,0.252720149,0.336960198,0.336960198,0.000000002
S7-0304-013,S7-0304,GF_ROOF_SLAB,SUP-GF_ROOF_SLAB-070,SP-GF_ROOF_SLAB-19,X,LBS-GF_ROOF_SLAB-19-X-013,END_NON_CONTINUOUS,,0.596,3852.783130146,,0,0.596,0,[],0.002362406,0.001181203,0.001181203,0.001771805,0.001771805,0.002362406,0.002362406,0.00000005
S7-0304-014,S7-0304,GF_ROOF_SLAB,SUP-GF_ROOF_SLAB-070,SP-GF_ROOF_SLAB-19,X,LBS-GF_ROOF_SLAB-19-X-014,END_NON_CONTINUOUS,,80.934,3826.8475,,0,80.934,0,[],0.318644111,0.159322056,0.159322056,0.238983083,0.238983083,0.318644111,0.318644111,0
S7-0304-015,S7-0304,GF_ROOF_SLAB,SUP-GF_ROOF_SLAB-070,SP-GF_ROOF_SLAB-19,X,LBS-GF_ROOF_SLAB-19-X-015,END_NON_CONTINUOUS,,19.066,3793.752089135,,0,19.066,0,[],0.074415306,0.037207653,0.037207653,0.055811479,0.055811479,0.074415306,0.074415306,-0.000000001
S7-0304-016,S7-0304,GF_ROOF_SLAB,SUP-GF_ROOF_SLAB-070,SP-GF_ROOF_SLAB-19,X,LBS-GF_ROOF_SLAB-19-X-016,END_NON_CONTINUOUS,,57.066,3764.543089135,,0,57.066,0,[],0.22101586,0.11050793,0.11050793,0.165761895,0.165761895,0.22101586,0.22101586,0.000000001
S7-0304-017,S7-0304,GF_ROOF_SLAB,SUP-GF_ROOF_SLAB-070,SP-GF_ROOF_SLAB-19,X,LBS-GF_ROOF_SLAB-19-X-017,END_NON_CONTINUOUS,,38.583,3724.971419075,,0,38.583,0,[],0.147860671,0.073930335,0.073930335,0.110895503,0.110895503,0.147860671,0.147860671,0.000000001
S7-0304-018,S7-0304,GF_ROOF_SLAB,SUP-GF_ROOF_SLAB-070,SP-GF_ROOF_SLAB-19,X,LBS-GF_ROOF_SLAB-19-X-018,END_NON_CONTINUOUS,,32.168,3692.555419075,,0,32.168,0,[],0.12220383,0.061101915,0.061101915,0.091652873,0.091652873,0.12220383,0.12220383,0
S7-0304-019,S7-0304,GF_ROOF_SLAB,SUP-GF_ROOF_SLAB-070,SP-GF_ROOF_SLAB-19,X,LBS-GF_ROOF_SLAB-19-X-019,END_NON_CONTINUOUS,,57.807,3646.274682495,,0,57.807,0,[],0.216852058,0.108426029,0.108426029,0.162639043,0.162639043,0.216852058,0.216852058,0.000000002
S7-0304-020,S7-0304,GF_ROOF_SLAB,SUP-GF_ROOF_SLAB-070,SP-GF_ROOF_SLAB-19,X,LBS-GF_ROOF_SLAB-19-X-020,END_NON_CONTINUOUS,,7.025,3610.899182495,,0,7.025,0,[],0.026097291,0.013048646,0.013048646,0.019572968,0.019572968,0.026097291,0.026097291,-0.000000003
S7-0304-021,S7-0304,GF_ROOF_SLAB,SUP-GF_ROOF_SLAB-070,SP-GF_ROOF_SLAB-19,X,LBS-GF_ROOF_SLAB-19-X-021,END_NON_CONTINUOUS,,57.351,3569.695272382,,0,57.351,0,[],0.210623039,0.10531152,0.10531152,0.157967279,0.157967279,0.210623039,0.210623039,-0.000000001
S7-0305-001,S7-0305,GF_ROOF_SLAB,SUP-GF_ROOF_SLAB-071,SP-GF_ROOF_SLAB-26,X,LBS-GF_ROOF_SLAB-26-X-001,END_NON_CONTINUOUS,,4450,4000,,0,4450,0,[],18.312757202,9.156378601,9.156378601,13.734567902,13.734567902,18.312757202,18.312757202,0.000000001
S7-0305-002,S7-0305,GF_ROOF_SLAB,SUP-GF_ROOF_SLAB-071,SP-GF_ROOF_SLAB-26,X,LBS-GF_ROOF_SLAB-26-X-002,END_NON_CONTINUOUS,,50,4000,,0,50,0,[],0.205761317,0.102880658,0.102880658,0.154320988,0.154320988,0.205761317,0.205761317,0
S7-0306-001,S7-0306,1F_ROOF_SLAB,SUP-1F_ROOF_SLAB-072,SP-1F_ROOF_SLAB-25,Y,LBS-1F_ROOF_SLAB-25-Y-001,END_NON_CONTINUOUS,SP-1F_ROOF_SLAB-10,63.662,1142.339,,0,63.662,0,[],0.074818504,0.037409252,0.037409252,0.056113878,0.056113878,0.074818504,0.074818504,-0.000000006
S7-0306-002,S7-0306,1F_ROOF_SLAB,SUP-1F_ROOF_SLAB-072,SP-1F_ROOF_SLAB-25,Y,LBS-1F_ROOF_SLAB-25-Y-002,END_NON_CONTINUOUS,SP-1F_ROOF_SLAB-10,78.539,1142.339,,0,78.539,0,[],0.092302637,0.046151319,0.046151319,0.069226978,0.069226978,0.092302637,0.092302637,-0.000000004
S7-0306-003,S7-0306,1F_ROOF_SLAB,SUP-1F_ROOF_SLAB-072,SP-1F_ROOF_SLAB-25,Y,LBS-1F_ROOF_SLAB-25-Y-003,END_NON_CONTINUOUS,SP-1F_ROOF_SLAB-10,92.846,1142.339,,0,92.846,0,[],0.109116879,0.054558439,0.054558439,0.081837659,0.081837659,0.109116879,0.109116879,0.000000004
S7-0306-004,S7-0306,1F_ROOF_SLAB,SUP-1F_ROOF_SLAB-072,SP-1F_ROOF_SLAB-25,Y,LBS-1F_ROOF_SLAB-25-Y-004,END_NON_CONTINUOUS,SP-1F_ROOF_SLAB-10,106.479,1142.339,,0,106.479,0,[],0.125139007,0.062569503,0.062569503,0.093854255,0.093854255,0.125139007,0.125139007,-0.000000003
S7-0306-005,S7-0306,1F_ROOF_SLAB,SUP-1F_ROOF_SLAB-072,SP-1F_ROOF_SLAB-25,Y,LBS-1F_ROOF_SLAB-25-Y-005,END_NON_CONTINUOUS,SP-1F_ROOF_SLAB-10,119.337,1142.339,,0,119.337,0,[],0.140250318,0.070125159,0.070125159,0.105187739,0.105187739,0.140250318,0.140250318,0.000000002
S7-0306-006,S7-0306,1F_ROOF_SLAB,SUP-1F_ROOF_SLAB-072,SP-1F_ROOF_SLAB-25,Y,LBS-1F_ROOF_SLAB-25-Y-006,END_NON_CONTINUOUS,SP-1F_ROOF_SLAB-10,131.328,1142.339,,0,131.328,0,[],0.154342692,0.077171346,0.077171346,0.115757019,0.115757019,0.154342692,0.154342692,-0.000000002
S7-0306-007,S7-0306,1F_ROOF_SLAB,SUP-1F_ROOF_SLAB-072,SP-1F_ROOF_SLAB-25,Y,LBS-1F_ROOF_SLAB-25-Y-007,END_NON_CONTINUOUS,SP-1F_ROOF_SLAB-10,142.366,1142.339,,0,142.366,0,[],0.167315056,0.083657528,0.083657528,0.125486292,0.125486292,0.167315056,0.167315056,-0.000000002
S7-0306-008,S7-0306,1F_ROOF_SLAB,SUP-1F_ROOF_SLAB-072,SP-1F_ROOF_SLAB-25,Y,LBS-1F_ROOF_SLAB-25-Y-008,END_NON_CONTINUOUS,SP-1F_ROOF_SLAB-10,152.368,1142.339,,0,152.368,0,[],0.179069865,0.089534932,0.089534932,0.134302399,0.134302399,0.179069865,0.179069865,0
S7-0306-009,S7-0306,1F_ROOF_SLAB,SUP-1F_ROOF_SLAB-072,SP-1F_ROOF_SLAB-25,Y,LBS-1F_ROOF_SLAB-25-Y-009,END_NON_CONTINUOUS,SP-1F_ROOF_SLAB-10,161.264,1142.339,,0,161.264,0,[],0.189524852,0.094762426,0.094762426,0.142143639,0.142143639,0.189524852,0.189524852,0.000000003
S7-0306-010,S7-0306,1F_ROOF_SLAB,SUP-1F_ROOF_SLAB-072,SP-1F_ROOF_SLAB-25,Y,LBS-1F_ROOF_SLAB-25-Y-010,END_NON_CONTINUOUS,SP-1F_ROOF_SLAB-10,168.987,1142.339,,0,168.987,0,[],0.198601276,0.099300638,0.099300638,0.148950957,0.148950957,0.198601276,0.198601276,0.000000002
S7-0306-011,S7-0306,1F_ROOF_SLAB,SUP-1F_ROOF_SLAB-072,SP-1F_ROOF_SLAB-25,Y,LBS-1F_ROOF_SLAB-25-Y-011,END_NON_CONTINUOUS,SP-1F_ROOF_SLAB-10,175.483,1142.339,,0,175.483,0,[],0.206235674,0.103117837,0.103117837,0.154676755,0.154676755,0.206235674,0.206235674,-0.000000001
S7-0306-012,S7-0306,1F_ROOF_SLAB,SUP-1F_ROOF_SLAB-072,SP-1F_ROOF_SLAB-25,Y,LBS-1F_ROOF_SLAB-25-Y-012,END_NON_CONTINUOUS,SP-1F_ROOF_SLAB-10,180.704,1142.339,,0,180.704,0,[],0.212371632,0.106185816,0.106185816,0.159278724,0.159278724,0.212371632,0.212371632,0.000000002
S7-0306-013,S7-0306,1F_ROOF_SLAB,SUP-1F_ROOF_SLAB-072,SP-1F_ROOF_SLAB-25,Y,LBS-1F_ROOF_SLAB-25-Y-013,END_NON_CONTINUOUS,SP-1F_ROOF_SLAB-10,184.611,1142.339,,0,184.611,0,[],0.216963318,0.108481659,0.108481659,0.162722488,0.162722488,0.216963318,0.216963318,0.000000001
S7-0306-014,S7-0306,1F_ROOF_SLAB,SUP-1F_ROOF_SLAB-072,SP-1F_ROOF_SLAB-25,Y,LBS-1F_ROOF_SLAB-25-Y-014,END_NON_CONTINUOUS,SP-1F_ROOF_SLAB-10,187.177,1142.339,,0,187.177,0,[],0.219978999,0.1099895,0.1099895,0.164984249,0.164984249,0.219978999,0.219978999,0.000000001
S7-0306-015,S7-0306,1F_ROOF_SLAB,SUP-1F_ROOF_SLAB-072,SP-1F_ROOF_SLAB-25,Y,LBS-1F_ROOF_SLAB-25-Y-015,END_NON_CONTINUOUS,SP-1F_ROOF_SLAB-10,165.941,1142.339,,0,165.941,0,[],0.195021477,0.097510738,0.097510738,0.146266108,0.146266108,0.195021477,0.195021477,0.000000002
S7-0306-016,S7-0306,1F_ROOF_SLAB,SUP-1F_ROOF_SLAB-072,SP-1F_ROOF_SLAB-25,Y,LBS-1F_ROOF_SLAB-25-Y-016,END_NON_CONTINUOUS,SP-1F_ROOF_SLAB-10,22.441,1142.339,,0,22.441,0,[],0.026373693,0.013186847,0.013186847,0.01978027,0.01978027,0.026373693,0.026373693,-0.000000003
S7-0306-017,S7-0306,1F_ROOF_SLAB,SUP-1F_ROOF_SLAB-072,SP-1F_ROOF_SLAB-25,Y,LBS-1F_ROOF_SLAB-25-Y-017,END_NON_CONTINUOUS,SP-1F_ROOF_SLAB-10,188.22,1142.339,,0,188.22,0,[],0.22120478,0.11060239,0.11060239,0.165903585,0.165903585,0.22120478,0.22120478,0.000000003
S7-0306-018,S7-0306,1F_ROOF_SLAB,SUP-1F_ROOF_SLAB-072,SP-1F_ROOF_SLAB-25,Y,LBS-1F_ROOF_SLAB-25-Y-018,END_NON_CONTINUOUS,SP-1F_ROOF_SLAB-10,186.689,1142.339,,0,186.689,0,[],0.219405479,0.109702739,0.109702739,0.164554109,0.164554109,0.219405479,0.219405479,0.000000001
S7-0306-019,S7-0306,1F_ROOF_SLAB,SUP-1F_ROOF_SLAB-072,SP-1F_ROOF_SLAB-25,Y,LBS-1F_ROOF_SLAB-25-Y-019,END_NON_CONTINUOUS,SP-1F_ROOF_SLAB-10,183.801,1142.339,,0,183.801,0,[],0.216011369,0.108005685,0.108005685,0.162008527,0.162008527,0.216011369,0.216011369,0
S7-0306-020,S7-0306,1F_ROOF_SLAB,SUP-1F_ROOF_SLAB-072,SP-1F_ROOF_SLAB-25,Y,LBS-1F_ROOF_SLAB-25-Y-020,END_NON_CONTINUOUS,SP-1F_ROOF_SLAB-10,179.579,1142.339,,0,179.579,0,[],0.211049481,0.105524741,0.105524741,0.158287111,0.158287111,0.211049481,0.211049481,-0.000000001
S7-0306-021,S7-0306,1F_ROOF_SLAB,SUP-1F_ROOF_SLAB-072,SP-1F_ROOF_SLAB-25,Y,LBS-1F_ROOF_SLAB-25-Y-021,END_NON_CONTINUOUS,SP-1F_ROOF_SLAB-10,174.05,1142.339,,0,174.05,0,[],0.204551546,0.102275773,0.102275773,0.153413659,0.153413659,0.204551546,0.204551546,0.000000002
S7-0306-022,S7-0306,1F_ROOF_SLAB,SUP-1F_ROOF_SLAB-072,SP-1F_ROOF_SLAB-25,Y,LBS-1F_ROOF_SLAB-25-Y-022,END_NON_CONTINUOUS,SP-1F_ROOF_SLAB-10,167.259,1142.339,,0,167.259,0,[],0.196570451,0.098285226,0.098285226,0.147427838,0.147427838,0.196570451,0.196570451,0.000000003
S7-0306-023,S7-0306,1F_ROOF_SLAB,SUP-1F_ROOF_SLAB-072,SP-1F_ROOF_SLAB-25,Y,LBS-1F_ROOF_SLAB-25-Y-023,END_NON_CONTINUOUS,SP-1F_ROOF_SLAB-10,159.25,1142.339,,0,159.25,0,[],0.187157907,0.093578954,0.093578954,0.14036843,0.14036843,0.187157907,0.187157907,0.000000001
S7-0306-024,S7-0306,1F_ROOF_SLAB,SUP-1F_ROOF_SLAB-072,SP-1F_ROOF_SLAB-25,Y,LBS-1F_ROOF_SLAB-25-Y-024,END_NON_CONTINUOUS,SP-1F_ROOF_SLAB-10,150.085,1142.339,,0,150.085,0,[],0.176386779,0.088193389,0.088193389,0.132290084,0.132290084,0.176386779,0.176386779,-0.000000002
S7-0306-025,S7-0306,1F_ROOF_SLAB,SUP-1F_ROOF_SLAB-072,SP-1F_ROOF_SLAB-25,Y,LBS-1F_ROOF_SLAB-25-Y-025,END_NON_CONTINUOUS,SP-1F_ROOF_SLAB-10,139.829,1142.339,,0,139.829,0,[],0.164333457,0.082166728,0.082166728,0.123250093,0.123250093,0.164333457,0.164333457,0
S7-0306-026,S7-0306,1F_ROOF_SLAB,SUP-1F_ROOF_SLAB-072,SP-1F_ROOF_SLAB-25,Y,LBS-1F_ROOF_SLAB-25-Y-026,END_NON_CONTINUOUS,SP-1F_ROOF_SLAB-10,49.437,1142.339,,0,49.437,0,[],0.058100631,0.029050315,0.029050315,0.043575473,0.043575473,0.058100631,0.058100631,-0.000000003
S7-0306-027,S7-0306,1F_ROOF_SLAB,SUP-1F_ROOF_SLAB-072,SP-1F_ROOF_SLAB-25,Y,LBS-1F_ROOF_SLAB-25-Y-027,END_NON_CONTINUOUS,SP-1F_ROOF_SLAB-10,79.12,1142.339,,0,79.12,0,[],0.092985454,0.046492727,0.046492727,0.069739091,0.069739091,0.092985454,0.092985454,0.000000005
S7-0306-028,S7-0306,1F_ROOF_SLAB,SUP-1F_ROOF_SLAB-072,SP-1F_ROOF_SLAB-25,Y,LBS-1F_ROOF_SLAB-25-Y-028,END_NON_CONTINUOUS,SP-1F_ROOF_SLAB-10,116.351,1142.339,,0,116.351,0,[],0.136741034,0.068370517,0.068370517,0.102555776,0.102555776,0.136741034,0.136741034,0
S7-0306-029,S7-0306,1F_ROOF_SLAB,SUP-1F_ROOF_SLAB-072,SP-1F_ROOF_SLAB-25,Y,LBS-1F_ROOF_SLAB-25-Y-029,END_NON_CONTINUOUS,SP-1F_ROOF_SLAB-10,103.3,1142.339,,0,103.3,0,[],0.1214029,0.06070145,0.06070145,0.091052175,0.091052175,0.1214029,0.1214029,0
S7-0306-030,S7-0306,1F_ROOF_SLAB,SUP-1F_ROOF_SLAB-072,SP-1F_ROOF_SLAB-25,Y,LBS-1F_ROOF_SLAB-25-Y-030,END_NON_CONTINUOUS,SP-1F_ROOF_SLAB-10,89.497,1142.339,,0,89.497,0,[],0.105180981,0.052590491,0.052590491,0.078885736,0.078885736,0.105180981,0.105180981,0
S7-0307-001,S7-0307,2F_ROOF_SLAB,SUP-2F_ROOF_SLAB-073,SP-2F_ROOF_SLAB-03,Y,LBS-2F_ROOF_SLAB-03-Y-001,END_UNRESOLVED,SP-2F_ROOF_SLAB-02,1800,1800,,0,1800,0,[],3.333333333,1.666666667,1.666666667,2.5,3,3.333333333,3.333333333,0.000000001
S7-0308-001,S7-0308,1F_ROOF_SLAB,SUP-1F_ROOF_SLAB-074,SP-1F_ROOF_SLAB-25,Y,LBS-1F_ROOF_SLAB-25-Y-001,END_UNRESOLVED,SP-1F_ROOF_SLAB-19,63.662,1142.339,,0,63.662,0,[],0.074818504,0.037409252,0.037409252,0.056113878,0.067336654,0.074818504,0.074818504,-0.000000006
S7-0308-002,S7-0308,1F_ROOF_SLAB,SUP-1F_ROOF_SLAB-074,SP-1F_ROOF_SLAB-25,Y,LBS-1F_ROOF_SLAB-25-Y-002,END_UNRESOLVED,SP-1F_ROOF_SLAB-19,78.539,1142.339,,0,78.539,0,[],0.092302637,0.046151319,0.046151319,0.069226978,0.083072373,0.092302637,0.092302637,-0.000000004
S7-0308-003,S7-0308,1F_ROOF_SLAB,SUP-1F_ROOF_SLAB-074,SP-1F_ROOF_SLAB-25,Y,LBS-1F_ROOF_SLAB-25-Y-003,END_UNRESOLVED,SP-1F_ROOF_SLAB-19,92.846,1142.339,,0,92.846,0,[],0.109116879,0.054558439,0.054558439,0.081837659,0.098205191,0.109116879,0.109116879,0.000000004
S7-0308-004,S7-0308,1F_ROOF_SLAB,SUP-1F_ROOF_SLAB-074,SP-1F_ROOF_SLAB-25,Y,LBS-1F_ROOF_SLAB-25-Y-004,END_UNRESOLVED,SP-1F_ROOF_SLAB-19,106.479,1142.339,,0,106.479,0,[],0.125139007,0.062569503,0.062569503,0.093854255,0.112625106,0.125139007,0.125139007,-0.000000003
S7-0308-005,S7-0308,1F_ROOF_SLAB,SUP-1F_ROOF_SLAB-074,SP-1F_ROOF_SLAB-25,Y,LBS-1F_ROOF_SLAB-25-Y-005,END_UNRESOLVED,SP-1F_ROOF_SLAB-19,119.337,1142.339,,0,119.337,0,[],0.140250318,0.070125159,0.070125159,0.105187739,0.126225286,0.140250318,0.140250318,0.000000002
S7-0308-006,S7-0308,1F_ROOF_SLAB,SUP-1F_ROOF_SLAB-074,SP-1F_ROOF_SLAB-25,Y,LBS-1F_ROOF_SLAB-25-Y-006,END_UNRESOLVED,SP-1F_ROOF_SLAB-19,131.328,1142.339,,0,131.328,0,[],0.154342692,0.077171346,0.077171346,0.115757019,0.138908423,0.154342692,0.154342692,-0.000000002
S7-0308-007,S7-0308,1F_ROOF_SLAB,SUP-1F_ROOF_SLAB-074,SP-1F_ROOF_SLAB-25,Y,LBS-1F_ROOF_SLAB-25-Y-007,END_UNRESOLVED,SP-1F_ROOF_SLAB-19,142.366,1142.339,,0,142.366,0,[],0.167315056,0.083657528,0.083657528,0.125486292,0.15058355,0.167315056,0.167315056,-0.000000002
S7-0308-008,S7-0308,1F_ROOF_SLAB,SUP-1F_ROOF_SLAB-074,SP-1F_ROOF_SLAB-25,Y,LBS-1F_ROOF_SLAB-25-Y-008,END_UNRESOLVED,SP-1F_ROOF_SLAB-19,152.368,1142.339,,0,152.368,0,[],0.179069865,0.089534932,0.089534932,0.134302399,0.161162878,0.179069865,0.179069865,0
S7-0308-009,S7-0308,1F_ROOF_SLAB,SUP-1F_ROOF_SLAB-074,SP-1F_ROOF_SLAB-25,Y,LBS-1F_ROOF_SLAB-25-Y-009,END_UNRESOLVED,SP-1F_ROOF_SLAB-19,161.264,1142.339,,0,161.264,0,[],0.189524852,0.094762426,0.094762426,0.142143639,0.170572367,0.189524852,0.189524852,0.000000003
S7-0308-010,S7-0308,1F_ROOF_SLAB,SUP-1F_ROOF_SLAB-074,SP-1F_ROOF_SLAB-25,Y,LBS-1F_ROOF_SLAB-25-Y-010,END_UNRESOLVED,SP-1F_ROOF_SLAB-19,168.987,1142.339,,0,168.987,0,[],0.198601276,0.099300638,0.099300638,0.148950957,0.178741148,0.198601276,0.198601276,0.000000002
S7-0308-011,S7-0308,1F_ROOF_SLAB,SUP-1F_ROOF_SLAB-074,SP-1F_ROOF_SLAB-25,Y,LBS-1F_ROOF_SLAB-25-Y-011,END_UNRESOLVED,SP-1F_ROOF_SLAB-19,175.483,1142.339,,0,175.483,0,[],0.206235674,0.103117837,0.103117837,0.154676755,0.185612107,0.206235674,0.206235674,-0.000000001
S7-0308-012,S7-0308,1F_ROOF_SLAB,SUP-1F_ROOF_SLAB-074,SP-1F_ROOF_SLAB-25,Y,LBS-1F_ROOF_SLAB-25-Y-012,END_UNRESOLVED,SP-1F_ROOF_SLAB-19,180.704,1142.339,,0,180.704,0,[],0.212371632,0.106185816,0.106185816,0.159278724,0.191134469,0.212371632,0.212371632,0.000000002
S7-0308-013,S7-0308,1F_ROOF_SLAB,SUP-1F_ROOF_SLAB-074,SP-1F_ROOF_SLAB-25,Y,LBS-1F_ROOF_SLAB-25-Y-013,END_UNRESOLVED,SP-1F_ROOF_SLAB-19,184.611,1142.339,,0,184.611,0,[],0.216963318,0.108481659,0.108481659,0.162722488,0.195266986,0.216963318,0.216963318,0.000000001
S7-0308-014,S7-0308,1F_ROOF_SLAB,SUP-1F_ROOF_SLAB-074,SP-1F_ROOF_SLAB-25,Y,LBS-1F_ROOF_SLAB-25-Y-014,END_UNRESOLVED,SP-1F_ROOF_SLAB-19,187.177,1142.339,,0,187.177,0,[],0.219978999,0.1099895,0.1099895,0.164984249,0.197981099,0.219978999,0.219978999,0.000000001
S7-0308-015,S7-0308,1F_ROOF_SLAB,SUP-1F_ROOF_SLAB-074,SP-1F_ROOF_SLAB-25,Y,LBS-1F_ROOF_SLAB-25-Y-015,END_UNRESOLVED,SP-1F_ROOF_SLAB-19,165.941,1142.339,,0,165.941,0,[],0.195021477,0.097510738,0.097510738,0.146266108,0.175519329,0.195021477,0.195021477,0.000000002
S7-0308-016,S7-0308,1F_ROOF_SLAB,SUP-1F_ROOF_SLAB-074,SP-1F_ROOF_SLAB-25,Y,LBS-1F_ROOF_SLAB-25-Y-016,END_UNRESOLVED,SP-1F_ROOF_SLAB-20,22.441,1142.339,,0,22.441,0,[],0.026373693,0.013186847,0.013186847,0.01978027,0.023736324,0.026373693,0.026373693,-0.000000003
S7-0308-017,S7-0308,1F_ROOF_SLAB,SUP-1F_ROOF_SLAB-074,SP-1F_ROOF_SLAB-25,Y,LBS-1F_ROOF_SLAB-25-Y-017,END_UNRESOLVED,SP-1F_ROOF_SLAB-20,188.22,1142.339,,0,188.22,0,[],0.22120478,0.11060239,0.11060239,0.165903585,0.199084302,0.22120478,0.22120478,0.000000003
S7-0308-018,S7-0308,1F_ROOF_SLAB,SUP-1F_ROOF_SLAB-074,SP-1F_ROOF_SLAB-25,Y,LBS-1F_ROOF_SLAB-25-Y-018,END_UNRESOLVED,SP-1F_ROOF_SLAB-20,186.689,1142.339,,0,186.689,0,[],0.219405479,0.109702739,0.109702739,0.164554109,0.197464931,0.219405479,0.219405479,0.000000001
S7-0308-019,S7-0308,1F_ROOF_SLAB,SUP-1F_ROOF_SLAB-074,SP-1F_ROOF_SLAB-25,Y,LBS-1F_ROOF_SLAB-25-Y-019,END_UNRESOLVED,SP-1F_ROOF_SLAB-20,183.801,1142.339,,0,183.801,0,[],0.216011369,0.108005685,0.108005685,0.162008527,0.194410232,0.216011369,0.216011369,0
S7-0308-020,S7-0308,1F_ROOF_SLAB,SUP-1F_ROOF_SLAB-074,SP-1F_ROOF_SLAB-25,Y,LBS-1F_ROOF_SLAB-25-Y-020,END_UNRESOLVED,SP-1F_ROOF_SLAB-20,179.579,1142.339,,0,179.579,0,[],0.211049481,0.105524741,0.105524741,0.158287111,0.189944533,0.211049481,0.211049481,-0.000000001
S7-0308-021,S7-0308,1F_ROOF_SLAB,SUP-1F_ROOF_SLAB-074,SP-1F_ROOF_SLAB-25,Y,LBS-1F_ROOF_SLAB-25-Y-021,END_UNRESOLVED,SP-1F_ROOF_SLAB-19,174.05,1142.339,,0,174.05,0,[],0.204551546,0.102275773,0.102275773,0.153413659,0.184096391,0.204551546,0.204551546,0.000000002
S7-0308-022,S7-0308,1F_ROOF_SLAB,SUP-1F_ROOF_SLAB-074,SP-1F_ROOF_SLAB-25,Y,LBS-1F_ROOF_SLAB-25-Y-022,END_UNRESOLVED,SP-1F_ROOF_SLAB-19,167.259,1142.339,,0,167.259,0,[],0.196570451,0.098285226,0.098285226,0.147427838,0.176913406,0.196570451,0.196570451,0.000000003
S7-0308-023,S7-0308,1F_ROOF_SLAB,SUP-1F_ROOF_SLAB-074,SP-1F_ROOF_SLAB-25,Y,LBS-1F_ROOF_SLAB-25-Y-023,END_UNRESOLVED,SP-1F_ROOF_SLAB-19,159.25,1142.339,,0,159.25,0,[],0.187157907,0.093578954,0.093578954,0.14036843,0.168442116,0.187157907,0.187157907,0.000000001
S7-0308-024,S7-0308,1F_ROOF_SLAB,SUP-1F_ROOF_SLAB-074,SP-1F_ROOF_SLAB-25,Y,LBS-1F_ROOF_SLAB-25-Y-024,END_UNRESOLVED,SP-1F_ROOF_SLAB-19,150.085,1142.339,,0,150.085,0,[],0.176386779,0.088193389,0.088193389,0.132290084,0.158748101,0.176386779,0.176386779,-0.000000002
S7-0308-025,S7-0308,1F_ROOF_SLAB,SUP-1F_ROOF_SLAB-074,SP-1F_ROOF_SLAB-25,Y,LBS-1F_ROOF_SLAB-25-Y-025,END_UNRESOLVED,SP-1F_ROOF_SLAB-19,139.829,1142.339,,0,139.829,0,[],0.164333457,0.082166728,0.082166728,0.123250093,0.147900111,0.164333457,0.164333457,0
S7-0308-026,S7-0308,1F_ROOF_SLAB,SUP-1F_ROOF_SLAB-074,SP-1F_ROOF_SLAB-25,Y,LBS-1F_ROOF_SLAB-25-Y-026,END_UNRESOLVED,SP-1F_ROOF_SLAB-19,49.437,1142.339,,0,49.437,0,[],0.058100631,0.029050315,0.029050315,0.043575473,0.052290568,0.058100631,0.058100631,-0.000000003
S7-0308-027,S7-0308,1F_ROOF_SLAB,SUP-1F_ROOF_SLAB-074,SP-1F_ROOF_SLAB-25,Y,LBS-1F_ROOF_SLAB-25-Y-027,END_UNRESOLVED,SP-1F_ROOF_SLAB-19,79.12,1142.339,,0,79.12,0,[],0.092985454,0.046492727,0.046492727,0.069739091,0.083686909,0.092985454,0.092985454,0.000000005
S7-0308-028,S7-0308,1F_ROOF_SLAB,SUP-1F_ROOF_SLAB-074,SP-1F_ROOF_SLAB-25,Y,LBS-1F_ROOF_SLAB-25-Y-028,END_UNRESOLVED,SP-1F_ROOF_SLAB-19,116.351,1142.339,,0,116.351,0,[],0.136741034,0.068370517,0.068370517,0.102555776,0.123066931,0.136741034,0.136741034,0
S7-0308-029,S7-0308,1F_ROOF_SLAB,SUP-1F_ROOF_SLAB-074,SP-1F_ROOF_SLAB-25,Y,LBS-1F_ROOF_SLAB-25-Y-029,END_UNRESOLVED,SP-1F_ROOF_SLAB-19,103.3,1142.339,,0,103.3,0,[],0.1214029,0.06070145,0.06070145,0.091052175,0.10926261,0.1214029,0.1214029,0
S7-0308-030,S7-0308,1F_ROOF_SLAB,SUP-1F_ROOF_SLAB-074,SP-1F_ROOF_SLAB-25,Y,LBS-1F_ROOF_SLAB-25-Y-030,END_UNRESOLVED,SP-1F_ROOF_SLAB-19,89.497,1142.339,,0,89.497,0,[],0.105180981,0.052590491,0.052590491,0.078885736,0.094662883,0.105180981,0.105180981,0
S7-0309-001,S7-0309,GF_ROOF_SLAB,SUP-GF_ROOF_SLAB-075,SP-GF_ROOF_SLAB-32,X,LBS-GF_ROOF_SLAB-32-X-001,END_CONTINUOUS_RUN,SP-GF_ROOF_SLAB-33,1200,6470,3573.199428,1199.956,0.044,0,"[""LBS-GF_ROOF_SLAB-33-X-001""]",7.987654321,3.99382716,6.199571385,7.188888889,7.188888889,7.987654321,7.987654321,0.000000001
S7-0310-001,S7-0310,GF_ROOF_SLAB,SUP-GF_ROOF_SLAB-075,SP-GF_ROOF_SLAB-33,X,LBS-GF_ROOF_SLAB-33-X-001,END_CONTINUOUS_RUN,SP-GF_ROOF_SLAB-32,1200,3573.173,6470,1199.956,0.044,0,"[""LBS-GF_ROOF_SLAB-32-X-001""]",4.411324691,2.205662345,6.199423587,7.188770235,7.188770235,7.987522483,4.411324691,0.000000001
S7-0312-001,S7-0312,1F_ROOF_SLAB,SUP-1F_ROOF_SLAB-076,SP-1F_ROOF_SLAB-08,Y,LBS-1F_ROOF_SLAB-08-Y-001,END_UNRESOLVED,SP-1F_ROOF_SLAB-14,63.662,785.478,,0,63.662,0,[],0.051445577,0.025722788,0.025722788,0.038584183,0.046301019,0.051445577,0.051445577,-0.000000008
S7-0312-002,S7-0312,1F_ROOF_SLAB,SUP-1F_ROOF_SLAB-076,SP-1F_ROOF_SLAB-08,Y,LBS-1F_ROOF_SLAB-08-Y-002,END_UNRESOLVED,SP-1F_ROOF_SLAB-14,78.539,785.478,,0,78.539,0,[],0.063467754,0.031733877,0.031733877,0.047600815,0.057120979,0.063467754,0.063467754,-0.000000003
S7-0312-003,S7-0312,1F_ROOF_SLAB,SUP-1F_ROOF_SLAB-076,SP-1F_ROOF_SLAB-08,Y,LBS-1F_ROOF_SLAB-08-Y-003,END_UNRESOLVED,SP-1F_ROOF_SLAB-14,92.846,785.478,,0,92.846,0,[],0.075029311,0.037514656,0.037514656,0.056271983,0.06752638,0.075029311,0.075029311,0.000000002
S7-0312-004,S7-0312,1F_ROOF_SLAB,SUP-1F_ROOF_SLAB-076,SP-1F_ROOF_SLAB-08,Y,LBS-1F_ROOF_SLAB-08-Y-004,END_UNRESOLVED,SP-1F_ROOF_SLAB-14,106.479,785.478,,0,106.479,0,[],0.086046206,0.043023103,0.043023103,0.064534654,0.077441585,0.086046206,0.086046206,-0.000000003
S7-0312-005,S7-0312,1F_ROOF_SLAB,SUP-1F_ROOF_SLAB-076,SP-1F_ROOF_SLAB-08,Y,LBS-1F_ROOF_SLAB-08-Y-005,END_UNRESOLVED,SP-1F_ROOF_SLAB-14,119.337,785.478,,0,119.337,0,[],0.096436819,0.048218409,0.048218409,0.072327614,0.086793137,0.096436819,0.096436819,0.000000001
S7-0312-006,S7-0312,1F_ROOF_SLAB,SUP-1F_ROOF_SLAB-076,SP-1F_ROOF_SLAB-08,Y,LBS-1F_ROOF_SLAB-08-Y-006,END_UNRESOLVED,SP-1F_ROOF_SLAB-14,131.328,785.478,,0,131.328,0,[],0.106126805,0.053063403,0.053063403,0.079595104,0.095514124,0.106126805,0.106126805,0.000000004
S7-0312-007,S7-0312,1F_ROOF_SLAB,SUP-1F_ROOF_SLAB-076,SP-1F_ROOF_SLAB-08,Y,LBS-1F_ROOF_SLAB-08-Y-007,END_UNRESOLVED,SP-1F_ROOF_SLAB-14,142.366,785.478,,0,142.366,0,[],0.115046668,0.057523334,0.057523334,0.086285001,0.103542001,0.115046668,0.115046668,-0.000000002
S7-0312-008,S7-0312,1F_ROOF_SLAB,SUP-1F_ROOF_SLAB-076,SP-1F_ROOF_SLAB-08,Y,LBS-1F_ROOF_SLAB-08-Y-008,END_UNRESOLVED,SP-1F_ROOF_SLAB-14,152.368,785.478,,0,152.368,0,[],0.123129333,0.061564666,0.061564666,0.092347,0.1108164,0.123129333,0.123129333,0.000000003
S7-0312-009,S7-0312,1F_ROOF_SLAB,SUP-1F_ROOF_SLAB-076,SP-1F_ROOF_SLAB-08,Y,LBS-1F_ROOF_SLAB-08-Y-009,END_UNRESOLVED,SP-1F_ROOF_SLAB-14,161.264,785.478,,0,161.264,0,[],0.130318235,0.065159118,0.065159118,0.097738676,0.117286411,0.130318235,0.130318235,-0.000000001
S7-0312-010,S7-0312,1F_ROOF_SLAB,SUP-1F_ROOF_SLAB-076,SP-1F_ROOF_SLAB-08,Y,LBS-1F_ROOF_SLAB-08-Y-010,END_UNRESOLVED,SP-1F_ROOF_SLAB-14,168.987,785.478,,0,168.987,0,[],0.136559229,0.068279615,0.068279615,0.102419422,0.122903306,0.136559229,0.136559229,0.000000002
S7-0312-011,S7-0312,1F_ROOF_SLAB,SUP-1F_ROOF_SLAB-076,SP-1F_ROOF_SLAB-08,Y,LBS-1F_ROOF_SLAB-08-Y-011,END_UNRESOLVED,SP-1F_ROOF_SLAB-14,175.483,785.478,,0,175.483,0,[],0.141808679,0.070904339,0.070904339,0.106356509,0.127627811,0.141808679,0.141808679,0
S7-0312-012,S7-0312,1F_ROOF_SLAB,SUP-1F_ROOF_SLAB-076,SP-1F_ROOF_SLAB-08,Y,LBS-1F_ROOF_SLAB-08-Y-012,END_UNRESOLVED,SP-1F_ROOF_SLAB-14,180.704,785.478,,0,180.704,0,[],0.146027795,0.073013897,0.073013897,0.109520846,0.131425015,0.146027795,0.146027795,-0.000000001
S7-0312-013,S7-0312,1F_ROOF_SLAB,SUP-1F_ROOF_SLAB-076,SP-1F_ROOF_SLAB-08,Y,LBS-1F_ROOF_SLAB-08-Y-013,END_UNRESOLVED,SP-1F_ROOF_SLAB-14,184.611,785.478,,0,184.611,0,[],0.149185061,0.074592531,0.074592531,0.111888796,0.134266555,0.149185061,0.149185061,-0.000000001
S7-0312-014,S7-0312,1F_ROOF_SLAB,SUP-1F_ROOF_SLAB-076,SP-1F_ROOF_SLAB-08,Y,LBS-1F_ROOF_SLAB-08-Y-014,END_UNRESOLVED,SP-1F_ROOF_SLAB-14,187.177,785.478,,0,187.177,0,[],0.151258658,0.075629329,0.075629329,0.113443993,0.136132792,0.151258658,0.151258658,0.000000001
S7-0312-015,S7-0312,1F_ROOF_SLAB,SUP-1F_ROOF_SLAB-076,SP-1F_ROOF_SLAB-08,Y,LBS-1F_ROOF_SLAB-08-Y-015,END_UNRESOLVED,SP-1F_ROOF_SLAB-14,165.941,785.478,,0,165.941,0,[],0.134097742,0.067048871,0.067048871,0.100573307,0.120687968,0.134097742,0.134097742,-0.000000003
S7-0312-016,S7-0312,1F_ROOF_SLAB,SUP-1F_ROOF_SLAB-076,SP-1F_ROOF_SLAB-08,Y,LBS-1F_ROOF_SLAB-08-Y-016,END_UNRESOLVED,SP-1F_ROOF_SLAB-13,22.441,785.478,,0,22.441,0,[],0.018134683,0.009067341,0.009067341,0.013601012,0.016321215,0.018134683,0.018134683,-0.000000004
S7-0312-017,S7-0312,1F_ROOF_SLAB,SUP-1F_ROOF_SLAB-076,SP-1F_ROOF_SLAB-08,Y,LBS-1F_ROOF_SLAB-08-Y-017,END_UNRESOLVED,SP-1F_ROOF_SLAB-13,188.22,785.478,,0,188.22,0,[],0.152101511,0.076050755,0.076050755,0.114076133,0.13689136,0.152101511,0.152101511,0.000000004
S7-0312-018,S7-0312,1F_ROOF_SLAB,SUP-1F_ROOF_SLAB-076,SP-1F_ROOF_SLAB-08,Y,LBS-1F_ROOF_SLAB-08-Y-018,END_UNRESOLVED,SP-1F_ROOF_SLAB-13,186.689,785.478,,0,186.689,0,[],0.150864303,0.075432152,0.075432152,0.113148227,0.135777873,0.150864303,0.150864303,-0.000000001
S7-0312-019,S7-0312,1F_ROOF_SLAB,SUP-1F_ROOF_SLAB-076,SP-1F_ROOF_SLAB-08,Y,LBS-1F_ROOF_SLAB-08-Y-019,END_UNRESOLVED,SP-1F_ROOF_SLAB-13,183.801,785.478,,0,183.801,0,[],0.148530496,0.074265248,0.074265248,0.111397872,0.133677446,0.148530496,0.148530496,-0.000000001
S7-0312-020,S7-0312,1F_ROOF_SLAB,SUP-1F_ROOF_SLAB-076,SP-1F_ROOF_SLAB-08,Y,LBS-1F_ROOF_SLAB-08-Y-020,END_UNRESOLVED,SP-1F_ROOF_SLAB-13,179.579,785.478,,0,179.579,0,[],0.145118677,0.072559339,0.072559339,0.108839008,0.130606809,0.145118677,0.145118677,-0.000000001
S7-0312-021,S7-0312,1F_ROOF_SLAB,SUP-1F_ROOF_SLAB-076,SP-1F_ROOF_SLAB-08,Y,LBS-1F_ROOF_SLAB-08-Y-021,END_UNRESOLVED,SP-1F_ROOF_SLAB-14,174.05,785.478,,0,174.05,0,[],0.140650665,0.070325333,0.070325333,0.105487999,0.126585599,0.140650665,0.140650665,-0.000000003
S7-0312-022,S7-0312,1F_ROOF_SLAB,SUP-1F_ROOF_SLAB-076,SP-1F_ROOF_SLAB-08,Y,LBS-1F_ROOF_SLAB-08-Y-022,END_UNRESOLVED,SP-1F_ROOF_SLAB-14,167.259,785.478,,0,167.259,0,[],0.135162824,0.067581412,0.067581412,0.101372118,0.121646542,0.135162824,0.135162824,0
S7-0312-023,S7-0312,1F_ROOF_SLAB,SUP-1F_ROOF_SLAB-076,SP-1F_ROOF_SLAB-08,Y,LBS-1F_ROOF_SLAB-08-Y-023,END_UNRESOLVED,SP-1F_ROOF_SLAB-14,159.25,785.478,,0,159.25,0,[],0.128690711,0.064345356,0.064345356,0.096518033,0.11582164,0.128690711,0.128690711,0.000000004
S7-0312-024,S7-0312,1F_ROOF_SLAB,SUP-1F_ROOF_SLAB-076,SP-1F_ROOF_SLAB-08,Y,LBS-1F_ROOF_SLAB-08-Y-024,END_UNRESOLVED,SP-1F_ROOF_SLAB-14,150.085,785.478,,0,150.085,0,[],0.12128443,0.060642215,0.060642215,0.090963322,0.109155987,0.12128443,0.12128443,-0.000000002
S7-0312-025,S7-0312,1F_ROOF_SLAB,SUP-1F_ROOF_SLAB-076,SP-1F_ROOF_SLAB-08,Y,LBS-1F_ROOF_SLAB-08-Y-025,END_UNRESOLVED,SP-1F_ROOF_SLAB-14,139.829,785.478,,0,139.829,0,[],0.112996505,0.056498253,0.056498253,0.084747379,0.101696854,0.112996505,0.112996505,0.000000004
S7-0312-026,S7-0312,1F_ROOF_SLAB,SUP-1F_ROOF_SLAB-076,SP-1F_ROOF_SLAB-08,Y,LBS-1F_ROOF_SLAB-08-Y-026,END_UNRESOLVED,SP-1F_ROOF_SLAB-14,128.557,785.478,,0,128.557,0,[],0.103887547,0.051943773,0.051943773,0.07791566,0.093498792,0.103887547,0.103887547,-0.000000004
S7-0312-027,S7-0312,1F_ROOF_SLAB,SUP-1F_ROOF_SLAB-076,SP-1F_ROOF_SLAB-08,Y,LBS-1F_ROOF_SLAB-08-Y-027,END_UNRESOLVED,SP-1F_ROOF_SLAB-14,116.351,785.478,,0,116.351,0,[],0.094023818,0.047011909,0.047011909,0.070517863,0.084621436,0.094023818,0.094023818,-0.000000003
S7-0312-028,S7-0312,1F_ROOF_SLAB,SUP-1F_ROOF_SLAB-076,SP-1F_ROOF_SLAB-08,Y,LBS-1F_ROOF_SLAB-08-Y-028,END_UNRESOLVED,SP-1F_ROOF_SLAB-14,103.3,785.478,,0,103.3,0,[],0.08347724,0.04173862,0.04173862,0.06260793,0.075129516,0.08347724,0.08347724,0.000000002
S7-0312-029,S7-0312,1F_ROOF_SLAB,SUP-1F_ROOF_SLAB-076,SP-1F_ROOF_SLAB-08,Y,LBS-1F_ROOF_SLAB-08-Y-029,END_UNRESOLVED,SP-1F_ROOF_SLAB-14,89.497,785.478,,0,89.497,0,[],0.072322968,0.036161484,0.036161484,0.054242226,0.065090671,0.072322968,0.072322968,-0.000000004
S7-0313-001,S7-0313,GF_ROOF_SLAB,SUP-GF_ROOF_SLAB-077,SP-GF_ROOF_SLAB-16,X,LBS-GF_ROOF_SLAB-16-X-001,END_CONTINUOUS_RUN,SP-GF_ROOF_SLAB-18,1118.016,3300,2370,1118.016,0,0,"[""LBS-GF_ROOF_SLAB-18-X-016"", ""LBS-GF_ROOF_SLAB-18-X-017""]",3.795733333,1.897866667,3.26088,3.41616,3.41616,3.795733333,3.795733333,0.000000001
S7-0313-002,S7-0313,GF_ROOF_SLAB,SUP-GF_ROOF_SLAB-077,SP-GF_ROOF_SLAB-16,X,LBS-GF_ROOF_SLAB-16-X-002,END_CONTINUOUS_RUN,SP-GF_ROOF_SLAB-18,131.984,3300,2370,131.984,0,0,"[""LBS-GF_ROOF_SLAB-18-X-017"", ""LBS-GF_ROOF_SLAB-18-X-018""]",0.448093827,0.224046914,0.384953333,0.403284444,0.403284444,0.448093827,0.448093827,0.000000001
S7-0314-001,S7-0314,GF_ROOF_SLAB,SUP-GF_ROOF_SLAB-077,SP-GF_ROOF_SLAB-18,X,LBS-GF_ROOF_SLAB-18-X-001,END_CONTINUOUS_SPLIT,SP-GF_ROOF_SLAB-25,99.404,2370,3300,99.36,0.044,0,"[""LBS-GF_ROOF_SLAB-25-X-018""]",0.242373951,0.121186975,0.289907284,0.303696556,0.303696556,0.337440618,0.242373951,-0.000000001
S7-0314-002,S7-0314,GF_ROOF_SLAB,SUP-GF_ROOF_SLAB-077,SP-GF_ROOF_SLAB-18,X,LBS-GF_ROOF_SLAB-18-X-002,END_CONTINUOUS_SPLIT,SP-GF_ROOF_SLAB-25,100.596,2370,3300,100.596,0,0,"[""LBS-GF_ROOF_SLAB-25-X-018"", ""LBS-GF_ROOF_SLAB-25-X-019""]",0.24528037,0.122640185,0.293405,0.307376666,0.307376666,0.341529629,0.24528037,0.000000002
S7-0314-003,S7-0314,GF_ROOF_SLAB,SUP-GF_ROOF_SLAB-077,SP-GF_ROOF_SLAB-18,X,LBS-GF_ROOF_SLAB-18-X-003,END_CONTINUOUS_SPLIT,SP-GF_ROOF_SLAB-25,95.649,2370,3300,95.649,0,0,"[""LBS-GF_ROOF_SLAB-25-X-019"", ""LBS-GF_ROOF_SLAB-25-X-020"", ""LBS-GF_ROOF_SLAB-25-X-021""]",0.233218241,0.11660912,0.27897625,0.292260834,0.292260834,0.32473426,0.233218241,0
S7-0314-004,S7-0314,GF_ROOF_SLAB,SUP-GF_ROOF_SLAB-077,SP-GF_ROOF_SLAB-18,X,LBS-GF_ROOF_SLAB-18-X-004,END_CONTINUOUS_SPLIT,SP-GF_ROOF_SLAB-25,89.975,2370,3300,89.975,0,0,"[""LBS-GF_ROOF_SLAB-25-X-021""]",0.219383488,0.109691744,0.262427084,0.274923612,0.274923612,0.305470679,0.219383488,-0.000000001
S7-0314-005,S7-0314,GF_ROOF_SLAB,SUP-GF_ROOF_SLAB-077,SP-GF_ROOF_SLAB-18,X,LBS-GF_ROOF_SLAB-18-X-005,END_CONTINUOUS_SPLIT,SP-GF_ROOF_SLAB-25,83.615,2370,3300,83.615,0,0,"[""LBS-GF_ROOF_SLAB-25-X-021"", ""LBS-GF_ROOF_SLAB-25-X-022""]",0.20387608,0.10193804,0.243877083,0.255490277,0.255490277,0.283878086,0.20387608,0.000000002
S7-0314-006,S7-0314,GF_ROOF_SLAB,SUP-GF_ROOF_SLAB-077,SP-GF_ROOF_SLAB-18,X,LBS-GF_ROOF_SLAB-18-X-006,END_CONTINUOUS_SPLIT,SP-GF_ROOF_SLAB-25,76.619,2370,3300,76.619,0,0,"[""LBS-GF_ROOF_SLAB-25-X-022"", ""LBS-GF_ROOF_SLAB-25-X-023"", ""LBS-GF_ROOF_SLAB-25-X-024""]",0.186817932,0.093408966,0.223472083,0.234113611,0.234113611,0.260126234,0.186817932,0.000000001
S7-0314-007,S7-0314,GF_ROOF_SLAB,SUP-GF_ROOF_SLAB-077,SP-GF_ROOF_SLAB-18,X,LBS-GF_ROOF_SLAB-18-X-007,END_CONTINUOUS_SPLIT,SP-GF_ROOF_SLAB-25,69.04,2370,3300,69.04,0,0,"[""LBS-GF_ROOF_SLAB-25-X-024""]",0.168338272,0.084169136,0.201366667,0.210955556,0.210955556,0.234395062,0.168338272,-0.000000002
S7-0314-008,S7-0314,GF_ROOF_SLAB,SUP-GF_ROOF_SLAB-077,SP-GF_ROOF_SLAB-18,X,LBS-GF_ROOF_SLAB-18-X-008,END_CONTINUOUS_SPLIT,SP-GF_ROOF_SLAB-25,60.935,2370,3300,60.935,0,0,"[""LBS-GF_ROOF_SLAB-25-X-024"", ""LBS-GF_ROOF_SLAB-25-X-025""]",0.14857608,0.07428804,0.177727083,0.186190277,0.186190277,0.206878086,0.14857608,0.000000002
S7-0314-009,S7-0314,GF_ROOF_SLAB,SUP-GF_ROOF_SLAB-077,SP-GF_ROOF_SLAB-18,X,LBS-GF_ROOF_SLAB-18-X-009,END_CONTINUOUS_SPLIT,SP-GF_ROOF_SLAB-25,52.367,2370,3300,52.367,0,0,"[""LBS-GF_ROOF_SLAB-25-X-025"", ""LBS-GF_ROOF_SLAB-25-X-026""]",0.127684969,0.063842485,0.152737083,0.160010278,0.160010278,0.177789197,0.127684969,0.000000002
S7-0314-010,S7-0314,GF_ROOF_SLAB,SUP-GF_ROOF_SLAB-077,SP-GF_ROOF_SLAB-18,X,LBS-GF_ROOF_SLAB-18-X-010,END_CONTINUOUS_SPLIT,SP-GF_ROOF_SLAB-25,43.4,2370,3300,43.4,0,0,"[""LBS-GF_ROOF_SLAB-25-X-026"", ""LBS-GF_ROOF_SLAB-25-X-027""]",0.105820988,0.052910494,0.126583334,0.132611112,0.132611112,0.147345679,0.105820988,-0.000000003
S7-0314-011,S7-0314,GF_ROOF_SLAB,SUP-GF_ROOF_SLAB-077,SP-GF_ROOF_SLAB-18,X,LBS-GF_ROOF_SLAB-18-X-011,END_CONTINUOUS_SPLIT,SP-GF_ROOF_SLAB-25,28.4,2370,3300,28.4,0,0,"[""LBS-GF_ROOF_SLAB-25-X-027"", ""LBS-GF_ROOF_SLAB-25-X-028""]",0.069246914,0.034623457,0.082833334,0.086777778,0.086777778,0.096419754,0.069246914,-0.000000005
S7-0314-012,S7-0314,GF_ROOF_SLAB,SUP-GF_ROOF_SLAB-077,SP-GF_ROOF_SLAB-18,X,LBS-GF_ROOF_SLAB-18-X-012,END_CONTINUOUS_RUN,SP-GF_ROOF_SLAB-16,5.704,2370,,0,5.704,0,[],0.013907901,0.006953951,0.013907901,0.012517111,0.012517111,0.013907901,0.013907901,0.000000017
S7-0314-013,S7-0314,GF_ROOF_SLAB,SUP-GF_ROOF_SLAB-077,SP-GF_ROOF_SLAB-18,X,LBS-GF_ROOF_SLAB-18-X-013,END_CONTINUOUS_RUN,SP-GF_ROOF_SLAB-16,24.546,2370,,0,24.546,0,[],0.059849815,0.029924908,0.059849815,0.053864834,0.053864834,0.059849815,0.059849815,-0.000000002
S7-0314-014,S7-0314,GF_ROOF_SLAB,SUP-GF_ROOF_SLAB-077,SP-GF_ROOF_SLAB-18,X,LBS-GF_ROOF_SLAB-18-X-014,END_CONTINUOUS_RUN,SP-GF_ROOF_SLAB-16,14.803,2370,,0,14.803,0,[],0.036093735,0.018046868,0.036093735,0.032484361,0.032484361,0.036093735,0.036093735,-0.000000011
S7-0314-015,S7-0314,GF_ROOF_SLAB,SUP-GF_ROOF_SLAB-077,SP-GF_ROOF_SLAB-18,X,LBS-GF_ROOF_SLAB-18-X-015,END_CONTINUOUS_RUN,SP-GF_ROOF_SLAB-16,4.947,2370,,0,4.947,0,[],0.01206213,0.006031065,0.01206213,0.010855917,0.010855917,0.01206213,0.01206213,-0.00000003
S7-0314-016,S7-0314,GF_ROOF_SLAB,SUP-GF_ROOF_SLAB-077,SP-GF_ROOF_SLAB-18,X,LBS-GF_ROOF_SLAB-18-X-016,END_CONTINUOUS_RUN,SP-GF_ROOF_SLAB-16,150,2370,,0,150,0,[],0.365740741,0.18287037,0.365740741,0.329166667,0.329166667,0.365740741,0.365740741,0
S7-0314-017,S7-0314,GF_ROOF_SLAB,SUP-GF_ROOF_SLAB-077,SP-GF_ROOF_SLAB-18,X,LBS-GF_ROOF_SLAB-18-X-017,END_CONTINUOUS_RUN,SP-GF_ROOF_SLAB-16,1118.016,2370,3300,1117.972,0.044,0,"[""LBS-GF_ROOF_SLAB-16-X-001""]",2.726026667,1.363013334,3.260858951,3.416122112,3.416122112,3.795691235,2.726026667,0
S7-0314-018,S7-0314,GF_ROOF_SLAB,SUP-GF_ROOF_SLAB-077,SP-GF_ROOF_SLAB-18,X,LBS-GF_ROOF_SLAB-18-X-018,END_CONTINUOUS_RUN,SP-GF_ROOF_SLAB-16,131.984,2370,3300,131.984,0,0,"[""LBS-GF_ROOF_SLAB-16-X-001"", ""LBS-GF_ROOF_SLAB-16-X-002""]",0.32181284,0.16090642,0.384953334,0.403284445,0.403284445,0.448093828,0.32181284,-0.000000001
S7-0317-001,S7-0317,GF_ROOF_SLAB,SUP-GF_ROOF_SLAB-078,SP-GF_ROOF_SLAB-25,X,LBS-GF_ROOF_SLAB-25-X-001,END_UNRESOLVED,SP-GF_ROOF_SLAB-21,50,3056.71906167,,0,50,0,[],0.157238635,0.078619317,0.078619317,0.117928976,0.141514771,0.157238635,0.157238635,0
S7-0317-002,S7-0317,GF_ROOF_SLAB,SUP-GF_ROOF_SLAB-078,SP-GF_ROOF_SLAB-25,X,LBS-GF_ROOF_SLAB-25-X-002,END_UNRESOLVED,SP-GF_ROOF_SLAB-21,250,3167.425431689,,0,250,0,[],0.814667035,0.407333518,0.407333518,0.611000276,0.733200331,0.814667035,0.814667035,0
S7-0317-003,S7-0317,GF_ROOF_SLAB,SUP-GF_ROOF_SLAB-078,SP-GF_ROOF_SLAB-25,X,LBS-GF_ROOF_SLAB-25-X-003,END_UNRESOLVED,SP-GF_ROOF_SLAB-21,54.63,3279.840370019,,0,54.63,0,[],0.184339176,0.092169588,0.092169588,0.138254382,0.165905258,0.184339176,0.184339176,0.000000003
S7-0317-004,S7-0317,GF_ROOF_SLAB,SUP-GF_ROOF_SLAB-078,SP-GF_ROOF_SLAB-25,X,LBS-GF_ROOF_SLAB-25-X-004,END_UNRESOLVED,SP-GF_ROOF_SLAB-21,270.988,3300,,0,270.988,0,[],0.920020988,0.460010494,0.460010494,0.690015741,0.828018889,0.920020988,0.920020988,0
S7-0317-005,S7-0317,GF_ROOF_SLAB,SUP-GF_ROOF_SLAB-078,SP-GF_ROOF_SLAB-25,X,LBS-GF_ROOF_SLAB-25-X-005,END_UNRESOLVED,SP-GF_ROOF_SLAB-21,574.382,3300,,0,574.382,0,[],1.950062346,0.975031173,0.975031173,1.462546759,1.755056111,1.950062346,1.950062346,0
S7-0317-006,S7-0317,GF_ROOF_SLAB,SUP-GF_ROOF_SLAB-078,SP-GF_ROOF_SLAB-25,X,LBS-GF_ROOF_SLAB-25-X-006,END_UNRESOLVED,SP-GF_ROOF_SLAB-21,1400,3300,,0,1400,0,[],4.75308642,2.37654321,2.37654321,3.564814815,4.277777778,4.75308642,4.75308642,0.000000001
S7-0317-007,S7-0317,GF_ROOF_SLAB,SUP-GF_ROOF_SLAB-078,SP-GF_ROOF_SLAB-25,X,LBS-GF_ROOF_SLAB-25-X-007,END_UNRESOLVED,SP-GF_ROOF_SLAB-21,350,3300,,0,350,0,[],1.188271605,0.594135802,0.594135802,0.891203704,1.069444444,1.188271605,1.188271605,0.000000001
S7-0317-008,S7-0317,GF_ROOF_SLAB,SUP-GF_ROOF_SLAB-078,SP-GF_ROOF_SLAB-25,X,LBS-GF_ROOF_SLAB-25-X-008,END_UNRESOLVED,SP-GF_ROOF_SLAB-21,50,3300,,0,50,0,[],0.169753086,0.084876543,0.084876543,0.127314815,0.152777777,0.169753086,0.169753086,0.000000003
S7-0317-009,S7-0317,GF_ROOF_SLAB,SUP-GF_ROOF_SLAB-078,SP-GF_ROOF_SLAB-25,X,LBS-GF_ROOF_SLAB-25-X-009,END_UNRESOLVED,SP-GF_ROOF_SLAB-21,200,3250,,0,200,0,[],0.66872428,0.33436214,0.33436214,0.50154321,0.601851852,0.66872428,0.66872428,0
S7-0317-010,S7-0317,GF_ROOF_SLAB,SUP-GF_ROOF_SLAB-078,SP-GF_ROOF_SLAB-25,X,LBS-GF_ROOF_SLAB-25-X-010,END_UNRESOLVED,SP-GF_ROOF_SLAB-21,500,3250,,0,500,0,[],1.6718107,0.83590535,0.83590535,1.253858025,1.50462963,1.6718107,1.6718107,0
S7-0317-011,S7-0317,GF_ROOF_SLAB,SUP-GF_ROOF_SLAB-078,SP-GF_ROOF_SLAB-25,X,LBS-GF_ROOF_SLAB-25-X-011,END_UNRESOLVED,SP-GF_ROOF_SLAB-21,113.302,3300,,0,113.302,0,[],0.384667284,0.192333642,0.192333642,0.288500463,0.346200556,0.384667284,0.384667284,0
S7-0317-012,S7-0317,GF_ROOF_SLAB,SUP-GF_ROOF_SLAB-078,SP-GF_ROOF_SLAB-25,X,LBS-GF_ROOF_SLAB-25-X-012,END_UNRESOLVED,SP-GF_ROOF_SLAB-21,4.939,3300,,0,4.939,0,[],0.01676821,0.008384105,0.008384105,0.012576157,0.015091389,0.01676821,0.01676821,-0.000000007
S7-0317-013,S7-0317,GF_ROOF_SLAB,SUP-GF_ROOF_SLAB-078,SP-GF_ROOF_SLAB-25,X,LBS-GF_ROOF_SLAB-25-X-013,END_UNRESOLVED,SP-GF_ROOF_SLAB-21,107.502,3300,,0,107.502,0,[],0.364975926,0.182487963,0.182487963,0.273731944,0.328478333,0.364975926,0.364975926,0
S7-0317-014,S7-0317,GF_ROOF_SLAB,SUP-GF_ROOF_SLAB-078,SP-GF_ROOF_SLAB-25,X,LBS-GF_ROOF_SLAB-25-X-014,END_UNRESOLVED,SP-GF_ROOF_SLAB-21,24.257,3300,,0,24.257,0,[],0.082354012,0.041177006,0.041177006,0.061765509,0.074118611,0.082354012,0.082354012,0.000000005
S7-0317-015,S7-0317,GF_ROOF_SLAB,SUP-GF_ROOF_SLAB-078,SP-GF_ROOF_SLAB-25,X,LBS-GF_ROOF_SLAB-25-X-015,END_UNRESOLVED,SP-GF_ROOF_SLAB-21,86.465,3300,,0,86.465,0,[],0.293554012,0.146777006,0.146777006,0.220165509,0.264198611,0.293554012,0.293554012,0.000000002
S7-0317-016,S7-0317,GF_ROOF_SLAB,SUP-GF_ROOF_SLAB-078,SP-GF_ROOF_SLAB-25,X,LBS-GF_ROOF_SLAB-25-X-016,END_UNRESOLVED,SP-GF_ROOF_SLAB-21,108.161,3300,,0,108.161,0,[],0.367213272,0.183606636,0.183606636,0.275409954,0.330491945,0.367213272,0.367213272,0
S7-0317-017,S7-0317,GF_ROOF_SLAB,SUP-GF_ROOF_SLAB-078,SP-GF_ROOF_SLAB-25,X,LBS-GF_ROOF_SLAB-25-X-017,END_UNRESOLVED,SP-GF_ROOF_SLAB-21,5.374,3300,,0,5.374,0,[],0.018245062,0.009122531,0.009122531,0.013683796,0.016420556,0.018245062,0.018245062,-0.000000014
S7-0317-018,S7-0317,GF_ROOF_SLAB,SUP-GF_ROOF_SLAB-078,SP-GF_ROOF_SLAB-25,X,LBS-GF_ROOF_SLAB-25-X-018,END_CONTINUOUS_SPLIT,SP-GF_ROOF_SLAB-18,99.404,3300,2370,99.36,0.044,0,"[""LBS-GF_ROOF_SLAB-18-X-001""]",0.337482716,0.168741358,0.289949383,0.303734444,0.303734444,0.337482716,0.337482716,0.000000001
S7-0317-019,S7-0317,GF_ROOF_SLAB,SUP-GF_ROOF_SLAB-078,SP-GF_ROOF_SLAB-25,X,LBS-GF_ROOF_SLAB-25-X-019,END_CONTINUOUS_SPLIT,SP-GF_ROOF_SLAB-18,100.596,3300,2370,100.596,0,0,"[""LBS-GF_ROOF_SLAB-18-X-001"", ""LBS-GF_ROOF_SLAB-18-X-002""]",0.34152963,0.170764815,0.293405,0.307376667,0.307376667,0.34152963,0.34152963,0
S7-0317-020,S7-0317,GF_ROOF_SLAB,SUP-GF_ROOF_SLAB-078,SP-GF_ROOF_SLAB-25,X,LBS-GF_ROOF_SLAB-25-X-020,END_CONTINUOUS_SPLIT,SP-GF_ROOF_SLAB-18,95.649,3300,2370,95.649,0,0,"[""LBS-GF_ROOF_SLAB-18-X-002"", ""LBS-GF_ROOF_SLAB-18-X-003"", ""LBS-GF_ROOF_SLAB-18-X-004""]",0.324734259,0.16236713,0.27897625,0.292260833,0.292260833,0.324734259,0.324734259,0.000000001
S7-0317-021,S7-0317,GF_ROOF_SLAB,SUP-GF_ROOF_SLAB-078,SP-GF_ROOF_SLAB-25,X,LBS-GF_ROOF_SLAB-25-X-021,END_CONTINUOUS_SPLIT,SP-GF_ROOF_SLAB-18,89.975,3300,2370,89.975,0,0,"[""LBS-GF_ROOF_SLAB-18-X-004""]",0.305470679,0.15273534,0.262427083,0.274923611,0.274923611,0.305470679,0.305470679,0.000000001
S7-0317-022,S7-0317,GF_ROOF_SLAB,SUP-GF_ROOF_SLAB-078,SP-GF_ROOF_SLAB-25,X,LBS-GF_ROOF_SLAB-25-X-022,END_CONTINUOUS_SPLIT,SP-GF_ROOF_SLAB-18,83.615,3300,2370,83.615,0,0,"[""LBS-GF_ROOF_SLAB-18-X-004"", ""LBS-GF_ROOF_SLAB-18-X-005""]",0.283878086,0.141939043,0.243877083,0.255490277,0.255490277,0.283878086,0.283878086,0.000000002
S7-0317-023,S7-0317,GF_ROOF_SLAB,SUP-GF_ROOF_SLAB-078,SP-GF_ROOF_SLAB-25,X,LBS-GF_ROOF_SLAB-25-X-023,END_CONTINUOUS_SPLIT,SP-GF_ROOF_SLAB-18,76.619,3300,2370,76.619,0,0,"[""LBS-GF_ROOF_SLAB-18-X-005"", ""LBS-GF_ROOF_SLAB-18-X-006"", ""LBS-GF_ROOF_SLAB-18-X-007""]",0.260126235,0.130063117,0.223472084,0.234113611,0.234113611,0.260126235,0.260126235,-0.000000001
S7-0317-024,S7-0317,GF_ROOF_SLAB,SUP-GF_ROOF_SLAB-078,SP-GF_ROOF_SLAB-25,X,LBS-GF_ROOF_SLAB-25-X-024,END_CONTINUOUS_SPLIT,SP-GF_ROOF_SLAB-18,69.04,3300,2370,69.04,0,0,"[""LBS-GF_ROOF_SLAB-18-X-007""]",0.234395062,0.117197531,0.201366667,0.210955556,0.210955556,0.234395062,0.234395062,-0.000000001
S7-0317-025,S7-0317,GF_ROOF_SLAB,SUP-GF_ROOF_SLAB-078,SP-GF_ROOF_SLAB-25,X,LBS-GF_ROOF_SLAB-25-X-025,END_CONTINUOUS_SPLIT,SP-GF_ROOF_SLAB-18,60.935,3300,2370,60.935,0,0,"[""LBS-GF_ROOF_SLAB-18-X-007"", ""LBS-GF_ROOF_SLAB-18-X-008""]",0.206878086,0.103439043,0.177727083,0.186190277,0.186190277,0.206878086,0.206878086,0.000000003
S7-0317-026,S7-0317,GF_ROOF_SLAB,SUP-GF_ROOF_SLAB-078,SP-GF_ROOF_SLAB-25,X,LBS-GF_ROOF_SLAB-25-X-026,END_CONTINUOUS_SPLIT,SP-GF_ROOF_SLAB-18,52.367,3300,2370,52.367,0,0,"[""LBS-GF_ROOF_SLAB-18-X-008"", ""LBS-GF_ROOF_SLAB-18-X-009""]",0.177789198,0.088894599,0.152737084,0.160010278,0.160010278,0.177789198,0.177789198,-0.000000002
S7-0317-027,S7-0317,GF_ROOF_SLAB,SUP-GF_ROOF_SLAB-078,SP-GF_ROOF_SLAB-25,X,LBS-GF_ROOF_SLAB-25-X-027,END_CONTINUOUS_SPLIT,SP-GF_ROOF_SLAB-18,43.4,3300,2370,43.4,0,0,"[""LBS-GF_ROOF_SLAB-18-X-009"", ""LBS-GF_ROOF_SLAB-18-X-010""]",0.147345679,0.07367284,0.126583333,0.132611111,0.132611111,0.147345679,0.147345679,0.000000001
S7-0317-028,S7-0317,GF_ROOF_SLAB,SUP-GF_ROOF_SLAB-078,SP-GF_ROOF_SLAB-25,X,LBS-GF_ROOF_SLAB-25-X-028,END_CONTINUOUS_SPLIT,SP-GF_ROOF_SLAB-18,28.4,3300,2370,28.4,0,0,"[""LBS-GF_ROOF_SLAB-18-X-010"", ""LBS-GF_ROOF_SLAB-18-X-011""]",0.096419753,0.048209876,0.082833333,0.086777778,0.086777778,0.096419753,0.096419753,0.000000002
S7-0318-001,S7-0318,GF_ROOF_SLAB,SUP-GF_ROOF_SLAB-079,SP-GF_ROOF_SLAB-31,X,LBS-GF_ROOF_SLAB-31-X-001,END_CONTINUOUS_RUN,SP-GF_ROOF_SLAB-32,1200,2447.8355,6470,1199.956,0.044,0,"[""LBS-GF_ROOF_SLAB-32-X-001""]",3.022019136,1.511009568,5.50473567,7.188706983,7.188706983,7.987452203,3.022019136,0.000000001
S7-0319-001,S7-0319,GF_ROOF_SLAB,SUP-GF_ROOF_SLAB-079,SP-GF_ROOF_SLAB-32,X,LBS-GF_ROOF_SLAB-32-X-001,END_CONTINUOUS_RUN,SP-GF_ROOF_SLAB-31,1200,6470,2447.833762167,1199.956,0.044,0,"[""LBS-GF_ROOF_SLAB-31-X-001""]",7.987654321,3.99382716,5.504926692,7.188888889,7.188888889,7.987654321,7.987654321,0.000000001
S7-0321-001,S7-0321,1F_ROOF_SLAB,SUP-1F_ROOF_SLAB-080,SP-1F_ROOF_SLAB-03,X,LBS-1F_ROOF_SLAB-03-X-001,END_CONTINUOUS_SPLIT,SP-1F_ROOF_SLAB-04,90.341,372.739609933,2950,90.341,0,0,"[""LBS-1F_ROOF_SLAB-04-X-007""]",0.034643692,0.017321846,0.154413382,0.246764765,0.246764765,0.274183072,0.034643692,0.000000015
S7-0321-002,S7-0321,1F_ROOF_SLAB,SUP-1F_ROOF_SLAB-080,SP-1F_ROOF_SLAB-03,X,LBS-1F_ROOF_SLAB-03-X-002,END_CONTINUOUS_SPLIT,SP-1F_ROOF_SLAB-04,125,1261.219041672,2950,125,0,0,"[""LBS-1F_ROOF_SLAB-04-X-007""]",0.162193807,0.081096903,0.270783118,0.341435186,0.341435186,0.379372428,0.162193807,-0.000000001
S7-0321-003,S7-0321,1F_ROOF_SLAB,SUP-1F_ROOF_SLAB-080,SP-1F_ROOF_SLAB-03,X,LBS-1F_ROOF_SLAB-03-X-003,END_CONTINUOUS_SPLIT,SP-1F_ROOF_SLAB-04,53.69,1998.479431738,2999.959024027,53.69,0,0,"[""LBS-1F_ROOF_SLAB-04-X-007"", ""LBS-1F_ROOF_SLAB-04-X-008"", ""LBS-1F_ROOF_SLAB-04-X-009""]",0.11038926,0.05519463,0.138048437,0.149136852,0.149136852,0.165707613,0.11038926,0
S7-0321-004,S7-0321,1F_ROOF_SLAB,SUP-1F_ROOF_SLAB-080,SP-1F_ROOF_SLAB-03,X,LBS-1F_ROOF_SLAB-03-X-004,END_CONTINUOUS_SPLIT,SP-1F_ROOF_SLAB-04,621.31,2220,3000,621.31,0,0,"[""LBS-1F_ROOF_SLAB-04-X-009""]",1.419041358,0.709520679,1.668332407,1.725861111,1.725861111,1.917623457,1.419041358,0.000000001
S7-0321-005,S7-0321,1F_ROOF_SLAB,SUP-1F_ROOF_SLAB-080,SP-1F_ROOF_SLAB-03,X,LBS-1F_ROOF_SLAB-03-X-005,END_CONTINUOUS_SPLIT,SP-1F_ROOF_SLAB-04,25,2220,3000,25,0,0,"[""LBS-1F_ROOF_SLAB-04-X-009"", ""LBS-1F_ROOF_SLAB-04-X-010""]",0.057098765,0.028549383,0.067129629,0.069444444,0.069444444,0.077160493,0.057098765,0.000000008
S7-0321-006,S7-0321,1F_ROOF_SLAB,SUP-1F_ROOF_SLAB-080,SP-1F_ROOF_SLAB-03,X,LBS-1F_ROOF_SLAB-03-X-006,END_CONTINUOUS_SPLIT,SP-1F_ROOF_SLAB-04,500,2220,3000,500,0,0,"[""LBS-1F_ROOF_SLAB-04-X-010"", ""LBS-1F_ROOF_SLAB-04-X-011"", ""LBS-1F_ROOF_SLAB-04-X-012""]",1.141975309,0.570987654,1.342592593,1.388888889,1.388888889,1.543209877,1.141975309,0
S7-0321-007,S7-0321,1F_ROOF_SLAB,SUP-1F_ROOF_SLAB-080,SP-1F_ROOF_SLAB-03,X,LBS-1F_ROOF_SLAB-03-X-007,END_CONTINUOUS_SPLIT,SP-1F_ROOF_SLAB-04,2950,2220,3000,2950,0,0,"[""LBS-1F_ROOF_SLAB-04-X-012"", ""LBS-1F_ROOF_SLAB-04-X-013"", ""LBS-1F_ROOF_SLAB-04-X-014""]",6.737654321,3.36882716,7.921296296,8.194444444,8.194444444,9.104938272,6.737654321,0.000000001
S7-0321-008,S7-0321,1F_ROOF_SLAB,SUP-1F_ROOF_SLAB-080,SP-1F_ROOF_SLAB-03,X,LBS-1F_ROOF_SLAB-03-X-008,END_CONTINUOUS_SPLIT,SP-1F_ROOF_SLAB-04,50,2220,931.8216,50,0,0,"[""LBS-1F_ROOF_SLAB-04-X-014"", ""LBS-1F_ROOF_SLAB-04-X-016""]",0.114197531,0.057098765,0.08106537,0.102809556,0.102809556,0.11423284,0.114197531,-0.000000001
S7-0322-001,S7-0322,1F_ROOF_SLAB,SUP-1F_ROOF_SLAB-080,SP-1F_ROOF_SLAB-04,X,LBS-1F_ROOF_SLAB-04-X-006,END_CONTINUOUS_SPLIT,SP-1F_ROOF_SLAB-03,2.926,2950,0.061850111,0.015,2.911,0,"[""LBS-1F_ROOF_SLAB-03-X-001""]",0.00888035,0.004440175,0.008857588,0.007992315,0.007992315,0.00888035,0.00888035,-0.000000023
S7-0322-002,S7-0322,1F_ROOF_SLAB,SUP-1F_ROOF_SLAB-080,SP-1F_ROOF_SLAB-04,X,LBS-1F_ROOF_SLAB-04-X-007,END_CONTINUOUS_SPLIT,SP-1F_ROOF_SLAB-03,215.341,2950,888.240832262,215.341,0,0,"[""LBS-1F_ROOF_SLAB-03-X-001"", ""LBS-1F_ROOF_SLAB-03-X-002""]",0.653555504,0.326777752,0.425170071,0.588199954,0.588199954,0.653555504,0.653555504,0.000000001
S7-0322-003,S7-0322,1F_ROOF_SLAB,SUP-1F_ROOF_SLAB-080,SP-1F_ROOF_SLAB-04,X,LBS-1F_ROOF_SLAB-04-X-008,END_CONTINUOUS_SPLIT,SP-1F_ROOF_SLAB-03,53.69,3000,1998.508102292,53.69,0,0,"[""LBS-1F_ROOF_SLAB-03-X-002"", ""LBS-1F_ROOF_SLAB-03-X-003"", ""LBS-1F_ROOF_SLAB-03-X-004""]",0.165709877,0.082854939,0.13805036,0.149138889,0.149138889,0.165709877,0.165709877,-0.000000002
S7-0322-004,S7-0322,1F_ROOF_SLAB,SUP-1F_ROOF_SLAB-080,SP-1F_ROOF_SLAB-04,X,LBS-1F_ROOF_SLAB-04-X-009,END_CONTINUOUS_SPLIT,SP-1F_ROOF_SLAB-03,621.31,3000,2220,621.31,0,0,"[""LBS-1F_ROOF_SLAB-03-X-004""]",1.917623457,0.958811728,1.668332408,1.725861111,1.725861111,1.917623457,1.917623457,0.000000001
S7-0322-005,S7-0322,1F_ROOF_SLAB,SUP-1F_ROOF_SLAB-080,SP-1F_ROOF_SLAB-04,X,LBS-1F_ROOF_SLAB-04-X-010,END_CONTINUOUS_SPLIT,SP-1F_ROOF_SLAB-03,25,3000,2220,25,0,0,"[""LBS-1F_ROOF_SLAB-03-X-004"", ""LBS-1F_ROOF_SLAB-03-X-005""]",0.077160494,0.038580247,0.06712963,0.069444445,0.069444445,0.077160494,0.077160494,-0.000000002
S7-0322-006,S7-0322,1F_ROOF_SLAB,SUP-1F_ROOF_SLAB-080,SP-1F_ROOF_SLAB-04,X,LBS-1F_ROOF_SLAB-04-X-011,END_CONTINUOUS_SPLIT,SP-1F_ROOF_SLAB-03,300,3000,2220,300,0,0,"[""LBS-1F_ROOF_SLAB-03-X-005"", ""LBS-1F_ROOF_SLAB-03-X-006""]",0.925925926,0.462962963,0.805555556,0.833333333,0.833333333,0.925925926,0.925925926,0.000000001
S7-0322-007,S7-0322,1F_ROOF_SLAB,SUP-1F_ROOF_SLAB-080,SP-1F_ROOF_SLAB-04,X,LBS-1F_ROOF_SLAB-04-X-012,END_CONTINUOUS_SPLIT,SP-1F_ROOF_SLAB-03,200,3000,2220,200,0,0,"[""LBS-1F_ROOF_SLAB-03-X-006""]",0.617283951,0.308641975,0.537037037,0.555555556,0.555555556,0.617283951,0.617283951,0
S7-0322-008,S7-0322,1F_ROOF_SLAB,SUP-1F_ROOF_SLAB-080,SP-1F_ROOF_SLAB-04,X,LBS-1F_ROOF_SLAB-04-X-013,END_CONTINUOUS_SPLIT,SP-1F_ROOF_SLAB-03,2700,3000,2220,2700,0,0,"[""LBS-1F_ROOF_SLAB-03-X-006"", ""LBS-1F_ROOF_SLAB-03-X-007""]",8.333333333,4.166666667,7.25,7.5,7.5,8.333333333,8.333333333,0.000000001
S7-0322-009,S7-0322,1F_ROOF_SLAB,SUP-1F_ROOF_SLAB-080,SP-1F_ROOF_SLAB-04,X,LBS-1F_ROOF_SLAB-04-X-014,END_CONTINUOUS_SPLIT,SP-1F_ROOF_SLAB-03,250,3000,2220,250,0,0,"[""LBS-1F_ROOF_SLAB-03-X-007""]",0.771604938,0.385802469,0.671296296,0.694444444,0.694444444,0.771604938,0.771604938,0.000000001
S7-0322-010,S7-0322,1F_ROOF_SLAB,SUP-1F_ROOF_SLAB-080,SP-1F_ROOF_SLAB-04,X,LBS-1F_ROOF_SLAB-04-X-016,END_CONTINUOUS_SPLIT,SP-1F_ROOF_SLAB-03,50,930,2220,50,0,0,"[""LBS-1F_ROOF_SLAB-03-X-007"", ""LBS-1F_ROOF_SLAB-03-X-008""]",0.047839506,0.023919753,0.081018518,0.102777777,0.102777777,0.11419753,0.047839506,0.000000004
S7-0324-001,S7-0324,1F_ROOF_SLAB,SUP-1F_ROOF_SLAB-081,SP-1F_ROOF_SLAB-09,X,LBS-1F_ROOF_SLAB-09-X-001,END_CONTINUOUS_RUN,SP-1F_ROOF_SLAB-12,16.908,1597.817,2950,16.864,0.044,0,"[""LBS-1F_ROOF_SLAB-12-X-001""]",0.027794125,0.013897062,0.039524173,0.046128799,0.046128799,0.051254222,0.027794125,0.000000013
S7-0324-002,S7-0324,1F_ROOF_SLAB,SUP-1F_ROOF_SLAB-081,SP-1F_ROOF_SLAB-09,X,LBS-1F_ROOF_SLAB-09-X-002,END_CONTINUOUS_RUN,SP-1F_ROOF_SLAB-12,130.316,1597.817,2950,130.316,0,0,"[""LBS-1F_ROOF_SLAB-12-X-001""]",0.214219259,0.107109629,0.304862818,0.35595574,0.35595574,0.395506378,0.214219259,0.000000003
S7-0324-003,S7-0324,1F_ROOF_SLAB,SUP-1F_ROOF_SLAB-081,SP-1F_ROOF_SLAB-09,X,LBS-1F_ROOF_SLAB-09-X-003,END_CONTINUOUS_RUN,SP-1F_ROOF_SLAB-12,117.426,1597.817,2950,117.426,0,0,"[""LBS-1F_ROOF_SLAB-12-X-001""]",0.193030102,0.096515051,0.274707798,0.320746945,0.320746945,0.356385494,0.193030102,0
S7-0324-004,S7-0324,1F_ROOF_SLAB,SUP-1F_ROOF_SLAB-081,SP-1F_ROOF_SLAB-09,X,LBS-1F_ROOF_SLAB-09-X-004,END_CONTINUOUS_RUN,SP-1F_ROOF_SLAB-12,103.641,1597.817,2950,103.641,0,0,"[""LBS-1F_ROOF_SLAB-12-X-001""]",0.170369703,0.085184852,0.242459002,0.283093472,0.283093472,0.314548302,0.170369703,0.000000003
S7-0324-005,S7-0324,1F_ROOF_SLAB,SUP-1F_ROOF_SLAB-081,SP-1F_ROOF_SLAB-09,X,LBS-1F_ROOF_SLAB-09-X-005,END_CONTINUOUS_RUN,SP-1F_ROOF_SLAB-12,89.068,1597.817,2950,89.068,0,0,"[""LBS-1F_ROOF_SLAB-12-X-001""]",0.146413955,0.073206978,0.208366751,0.243287592,0.243287592,0.270319547,0.146413955,0.000000003
S7-0324-006,S7-0324,1F_ROOF_SLAB,SUP-1F_ROOF_SLAB-081,SP-1F_ROOF_SLAB-09,X,LBS-1F_ROOF_SLAB-09-X-006,END_CONTINUOUS_RUN,SP-1F_ROOF_SLAB-12,73.817,1597.817,2950,73.817,0,0,"[""LBS-1F_ROOF_SLAB-12-X-001""]",0.121343681,0.06067184,0.172688379,0.201629769,0.201629769,0.224033077,0.121343681,-0.000000003
S7-0324-007,S7-0324,1F_ROOF_SLAB,SUP-1F_ROOF_SLAB-081,SP-1F_ROOF_SLAB-09,X,LBS-1F_ROOF_SLAB-09-X-007,END_CONTINUOUS_RUN,SP-1F_ROOF_SLAB-12,58.004,1597.817,2950,58.004,0,0,"[""LBS-1F_ROOF_SLAB-12-X-001""]",0.095349565,0.047674782,0.135695256,0.158436852,0.158436852,0.176040946,0.095349565,0.000000002
S7-0324-008,S7-0324,1F_ROOF_SLAB,SUP-1F_ROOF_SLAB-081,SP-1F_ROOF_SLAB-09,X,LBS-1F_ROOF_SLAB-09-X-008,END_CONTINUOUS_RUN,SP-1F_ROOF_SLAB-12,41.75,1597.817,2950,41.75,0,0,"[""LBS-1F_ROOF_SLAB-12-X-001""]",0.068630514,0.034315257,0.097670452,0.114039352,0.114039352,0.126710391,0.068630514,0.000000003
S7-0324-009,S7-0324,1F_ROOF_SLAB,SUP-1F_ROOF_SLAB-081,SP-1F_ROOF_SLAB-09,X,LBS-1F_ROOF_SLAB-09-X-009,END_CONTINUOUS_RUN,SP-1F_ROOF_SLAB-12,25.178,1597.817,2950,25.178,0,0,"[""LBS-1F_ROOF_SLAB-12-X-001""]",0.041388721,0.020694361,0.058901717,0.068773241,0.068773241,0.076414713,0.041388721,-0.000000009
S7-0324-010,S7-0324,1F_ROOF_SLAB,SUP-1F_ROOF_SLAB-081,SP-1F_ROOF_SLAB-09,X,LBS-1F_ROOF_SLAB-09-X-010,END_CONTINUOUS_RUN,SP-1F_ROOF_SLAB-12,8.414,1597.817,2950,8.414,0,0,"[""LBS-1F_ROOF_SLAB-12-X-001""]",0.013831309,0.006915654,0.019683813,0.022982685,0.022982685,0.025536317,0.013831309,-0.000000008
S7-0324-011,S7-0324,1F_ROOF_SLAB,SUP-1F_ROOF_SLAB-081,SP-1F_ROOF_SLAB-09,X,LBS-1F_ROOF_SLAB-09-X-011,END_CONTINUOUS_RUN,SP-1F_ROOF_SLAB-12,250,1597.817,2950,250,0,0,"[""LBS-1F_ROOF_SLAB-12-X-001""]",0.410961163,0.205480582,0.58485301,0.682870371,0.682870371,0.758744857,0.410961163,0
S7-0324-012,S7-0324,1F_ROOF_SLAB,SUP-1F_ROOF_SLAB-081,SP-1F_ROOF_SLAB-09,X,LBS-1F_ROOF_SLAB-09-X-012,END_CONTINUOUS_RUN,SP-1F_ROOF_SLAB-12,335.478,1597.817,2950,335.478,0,0,"[""LBS-1F_ROOF_SLAB-12-X-001""]",0.551473716,0.275736858,0.784821272,0.916351945,0.916351945,1.018168828,0.551473716,0
S7-0324-013,S7-0324,1F_ROOF_SLAB,SUP-1F_ROOF_SLAB-081,SP-1F_ROOF_SLAB-09,X,LBS-1F_ROOF_SLAB-09-X-013,END_CONTINUOUS_RUN,SP-1F_ROOF_SLAB-12,357.496,1597.817,1475.35438297,357.496,0,0,"[""LBS-1F_ROOF_SLAB-12-X-001"", ""LBS-1F_ROOF_SLAB-12-X-002"", ""LBS-1F_ROOF_SLAB-12-X-003""]",0.587667887,0.293833944,0.565147365,0.631535072,0.631535072,0.701705635,0.587667887,0.000000001
S7-0324-014,S7-0324,1F_ROOF_SLAB,SUP-1F_ROOF_SLAB-081,SP-1F_ROOF_SLAB-09,X,LBS-1F_ROOF_SLAB-09-X-014,END_CONTINUOUS_RUN,SP-1F_ROOF_SLAB-12,24.237,1597.817,0.198034286,0.048,24.189,0,"[""LBS-1F_ROOF_SLAB-12-X-003""]",0.039841863,0.019920931,0.039802416,0.035857677,0.035857677,0.039841863,0.039841863,-0.000000005
S7-0325-001,S7-0325,1F_ROOF_SLAB,SUP-1F_ROOF_SLAB-081,SP-1F_ROOF_SLAB-12,X,LBS-1F_ROOF_SLAB-12-X-001,END_CONTINUOUS_RUN,SP-1F_ROOF_SLAB-09,1250,2950,1597.8,1249.956,0.044,0,"[""LBS-1F_ROOF_SLAB-09-X-001"", ""LBS-1F_ROOF_SLAB-09-X-002"", ""LBS-1F_ROOF_SLAB-09-X-003"", ""LBS-1F_ROOF_SLAB-09-X-004"", ""LBS-1F_ROOF_SLAB-09-X-005"", ""LBS-1F_ROOF_SLAB-09-X-006"", ""LBS-1F_ROOF_SLAB-09-X-007"", ""LBS-1F_ROOF_SLAB-09-X-008"", ""LBS-1F_ROOF_SLAB-09-X-009"", ""LBS-1F_ROOF_SLAB-09-X-010"", ""LBS-1F_ROOF_SLAB-09-X-011"", ""LBS-1F_ROOF_SLAB-09-X-012""]",3.79372428,1.89686214,2.924284721,3.414351852,3.414351852,3.79372428,3.79372428,0.000000001
S7-0325-002,S7-0325,1F_ROOF_SLAB,SUP-1F_ROOF_SLAB-081,SP-1F_ROOF_SLAB-12,X,LBS-1F_ROOF_SLAB-12-X-002,END_CONTINUOUS_RUN,SP-1F_ROOF_SLAB-09,200,2124.815941997,1597.8,200,0,0,"[""LBS-1F_ROOF_SLAB-09-X-012"", ""LBS-1F_ROOF_SLAB-09-X-013""]",0.437204926,0.218602463,0.382985179,0.398472334,0.398472334,0.442747038,0.437204926,0.000000001
S7-0325-003,S7-0325,1F_ROOF_SLAB,SUP-1F_ROOF_SLAB-081,SP-1F_ROOF_SLAB-12,X,LBS-1F_ROOF_SLAB-12-X-003,END_CONTINUOUS_RUN,SP-1F_ROOF_SLAB-09,157.496,649.815941997,1597.8,157.496,0,0,"[""LBS-1F_ROOF_SLAB-09-X-013""]",0.105291576,0.052645788,0.18209389,0.233006583,0.233006583,0.258896203,0.105291576,-0.000000002
S7-0327-001,S7-0327,GF_ROOF_SLAB,SUP-GF_ROOF_SLAB-082,SP-GF_ROOF_SLAB-12,X,LBS-GF_ROOF_SLAB-12-X-001,END_UNRESOLVED,SP-GF_ROOF_SLAB-23,600,1990.704,957.850575667,599.956,0.044,0,"[""LBS-GF_ROOF_SLAB-23-X-027""]",1.22882963,0.614414815,0.910026029,0.921622222,1.105946667,1.22882963,1.22882963,0
S7-0328-001,S7-0328,GF_ROOF_SLAB,SUP-GF_ROOF_SLAB-082,SP-GF_ROOF_SLAB-23,X,LBS-GF_ROOF_SLAB-23-X-027,END_UNRESOLVED,SP-GF_ROOF_SLAB-12,600,957.844416107,1990.699428,599.956,0.044,0,"[""LBS-GF_ROOF_SLAB-12-X-001""]",0.591261985,0.295630993,0.909999339,0.443446489,1.105902366,1.228780407,0.591261985,0.000000001
S7-0329-001,S7-0329,GF_ROOF_SLAB,SUP-GF_ROOF_SLAB-083,SP-GF_ROOF_SLAB-22,X,LBS-GF_ROOF_SLAB-22-X-001,END_CONTINUOUS_SPLIT,SP-GF_ROOF_SLAB-23,50,2461.222815534,1104.947244622,50,0,0,"[""LBS-GF_ROOF_SLAB-23-X-003"", ""LBS-GF_ROOF_SLAB-23-X-004""]",0.126606112,0.063303056,0.091722481,0.113945501,0.113945501,0.126606112,0.126606112,0
S7-0329-002,S7-0329,GF_ROOF_SLAB,SUP-GF_ROOF_SLAB-083,SP-GF_ROOF_SLAB-22,X,LBS-GF_ROOF_SLAB-22-X-002,END_CONTINUOUS_SPLIT,SP-GF_ROOF_SLAB-23,1150,2572.38638835,1089.253494625,1150,0,0,"[""LBS-GF_ROOF_SLAB-23-X-004""]",3.043461262,1.521730631,2.166093552,2.739115136,2.739115136,3.043461262,3.043461262,0.000000001
S7-0329-003,S7-0329,GF_ROOF_SLAB,SUP-GF_ROOF_SLAB-083,SP-GF_ROOF_SLAB-22,X,LBS-GF_ROOF_SLAB-22-X-003,END_CONTINUOUS_SPLIT,SP-GF_ROOF_SLAB-23,1200,2790.081718447,1058.519900875,1200,0,0,"[""LBS-GF_ROOF_SLAB-23-X-004""]",3.444545331,1.722272666,2.375680012,3.100090798,3.100090798,3.444545331,3.444545331,0.000000001
S7-0329-004,S7-0329,GF_ROOF_SLAB,SUP-GF_ROOF_SLAB-083,SP-GF_ROOF_SLAB-22,X,LBS-GF_ROOF_SLAB-22-X-004,END_CONTINUOUS_SPLIT,SP-GF_ROOF_SLAB-23,800,2975.354339806,1032.363650875,800,0,0,"[""LBS-GF_ROOF_SLAB-23-X-004""]",2.448851308,1.224425654,1.649266663,2.203966177,2.203966177,2.448851308,2.448851308,0.000000001
S7-0329-005,S7-0329,GF_ROOF_SLAB,SUP-GF_ROOF_SLAB-083,SP-GF_ROOF_SLAB-22,X,LBS-GF_ROOF_SLAB-22-X-005,END_CONTINUOUS_SPLIT,SP-GF_ROOF_SLAB-23,500,3095.781543689,1015.3511528,500,0,0,"[""LBS-GF_ROOF_SLAB-23-X-004"", ""LBS-GF_ROOF_SLAB-23-X-005""]",1.592480218,0.796240109,1.057390097,1.433232196,1.433232196,1.592480218,1.592480218,0.000000001
S7-0329-006,S7-0329,GF_ROOF_SLAB,SUP-GF_ROOF_SLAB-083,SP-GF_ROOF_SLAB-22,X,LBS-GF_ROOF_SLAB-22-X-006,END_CONTINUOUS_SPLIT,SP-GF_ROOF_SLAB-23,113.302,3152.595578302,1007.351100623,113.302,0,0,"[""LBS-GF_ROOF_SLAB-23-X-005"", ""LBS-GF_ROOF_SLAB-23-X-006""]",0.367484963,0.183742481,0.242453847,0.330736467,0.330736467,0.367484963,0.367484963,0.000000001
S7-0329-007,S7-0329,GF_ROOF_SLAB,SUP-GF_ROOF_SLAB-083,SP-GF_ROOF_SLAB-22,X,LBS-GF_ROOF_SLAB-22-X-007,END_CONTINUOUS_SPLIT,SP-GF_ROOF_SLAB-23,4.939,3163.548988313,1005.800915649,4.939,0,0,"[""LBS-GF_ROOF_SLAB-23-X-006"", ""LBS-GF_ROOF_SLAB-23-X-007""]",0.016074865,0.008037433,0.010592808,0.014467379,0.014467379,0.016074865,0.016074865,-0.00000002
S7-0329-008,S7-0329,GF_ROOF_SLAB,SUP-GF_ROOF_SLAB-083,SP-GF_ROOF_SLAB-22,X,LBS-GF_ROOF_SLAB-22-X-008,END_CONTINUOUS_SPLIT,SP-GF_ROOF_SLAB-23,107.502,3173.965107722,1004.300052094,107.502,0,0,"[""LBS-GF_ROOF_SLAB-23-X-007"", ""LBS-GF_ROOF_SLAB-23-X-008""]",0.351036622,0.175518311,0.231055484,0.31593296,0.31593296,0.351036622,0.351036622,0.000000002
S7-0329-009,S7-0329,GF_ROOF_SLAB,SUP-GF_ROOF_SLAB-083,SP-GF_ROOF_SLAB-22,X,LBS-GF_ROOF_SLAB-22-X-009,END_CONTINUOUS_SPLIT,SP-GF_ROOF_SLAB-23,24.257,3186.170775381,1002.582296748,24.257,0,0,"[""LBS-GF_ROOF_SLAB-23-X-008"", ""LBS-GF_ROOF_SLAB-23-X-009""]",0.079513317,0.039756659,0.052266761,0.071561985,0.071561985,0.079513317,0.079513317,0.000000005
S7-0329-010,S7-0329,GF_ROOF_SLAB,SUP-GF_ROOF_SLAB-083,SP-GF_ROOF_SLAB-22,X,LBS-GF_ROOF_SLAB-22-X-010,END_CONTINUOUS_SPLIT,SP-GF_ROOF_SLAB-23,86.465,3196.427652972,1001.132008583,86.465,0,0,"[""LBS-GF_ROOF_SLAB-23-X-009"", ""LBS-GF_ROOF_SLAB-23-X-010""]",0.284340655,0.142170327,0.186698557,0.25590659,0.25590659,0.284340655,0.284340655,0.000000002
S7-0329-011,S7-0329,GF_ROOF_SLAB,SUP-GF_ROOF_SLAB-083,SP-GF_ROOF_SLAB-22,X,LBS-GF_ROOF_SLAB-22-X-011,END_CONTINUOUS_SPLIT,SP-GF_ROOF_SLAB-23,108.161,3214.457087574,998.599961183,108.161,0,0,"[""LBS-GF_ROOF_SLAB-23-X-010""]",0.357694334,0.178847167,0.234407646,0.321924901,0.321924901,0.357694334,0.357694334,0.000000002
S7-0329-012,S7-0329,GF_ROOF_SLAB,SUP-GF_ROOF_SLAB-083,SP-GF_ROOF_SLAB-22,X,LBS-GF_ROOF_SLAB-22-X-012,END_CONTINUOUS_SPLIT,SP-GF_ROOF_SLAB-23,5.374,3224.974551107,997.131237599,5.374,0,0,"[""LBS-GF_ROOF_SLAB-23-X-010"", ""LBS-GF_ROOF_SLAB-23-X-011""]",0.017830261,0.008915131,0.011671603,0.016047235,0.016047235,0.017830261,0.017830261,-0.000000026
S7-0329-013,S7-0329,GF_ROOF_SLAB,SUP-GF_ROOF_SLAB-083,SP-GF_ROOF_SLAB-22,X,LBS-GF_ROOF_SLAB-22-X-013,END_CONTINUOUS_SPLIT,SP-GF_ROOF_SLAB-23,99.404,3234.680798468,995.781520992,99.404,0,0,"[""LBS-GF_ROOF_SLAB-23-X-011""]",0.330802685,0.165401343,0.216319381,0.297722416,0.297722416,0.330802685,0.330802685,0.000000001
S7-0329-014,S7-0329,GF_ROOF_SLAB,SUP-GF_ROOF_SLAB-083,SP-GF_ROOF_SLAB-22,X,LBS-GF_ROOF_SLAB-22-X-014,END_CONTINUOUS_SPLIT,SP-GF_ROOF_SLAB-23,100.596,3253.208060603,993.151127228,100.596,0,0,"[""LBS-GF_ROOF_SLAB-23-X-011"", ""LBS-GF_ROOF_SLAB-23-X-012""]",0.336686953,0.168343477,0.219735982,0.303018258,0.303018258,0.336686953,0.336686953,0
S7-0329-015,S7-0329,GF_ROOF_SLAB,SUP-GF_ROOF_SLAB-083,SP-GF_ROOF_SLAB-22,X,LBS-GF_ROOF_SLAB-22-X-015,END_CONTINUOUS_SPLIT,SP-GF_ROOF_SLAB-23,95.649,3271.387473393,990.550509944,95.649,0,0,"[""LBS-GF_ROOF_SLAB-23-X-012"", ""LBS-GF_ROOF_SLAB-23-X-013"", ""LBS-GF_ROOF_SLAB-23-X-014""]",0.321918663,0.160959331,0.209696557,0.289726797,0.289726797,0.321918663,0.321918663,0.000000001
S7-0329-016,S7-0329,GF_ROOF_SLAB,SUP-GF_ROOF_SLAB-083,SP-GF_ROOF_SLAB-22,X,LBS-GF_ROOF_SLAB-22-X-016,END_CONTINUOUS_SPLIT,SP-GF_ROOF_SLAB-23,89.975,3288.582995926,988.150191667,89.975,0,0,"[""LBS-GF_ROOF_SLAB-23-X-014""]",0.304413843,0.152206922,0.197941908,0.273972459,0.273972459,0.304413843,0.304413843,-0.000000001
S7-0329-017,S7-0329,GF_ROOF_SLAB,SUP-GF_ROOF_SLAB-083,SP-GF_ROOF_SLAB-22,X,LBS-GF_ROOF_SLAB-22-X-017,END_CONTINUOUS_SPLIT,SP-GF_ROOF_SLAB-23,83.615,3304.663733097,985.900328946,83.615,0,0,"[""LBS-GF_ROOF_SLAB-23-X-014"", ""LBS-GF_ROOF_SLAB-23-X-015""]",0.284279278,0.142139639,0.184545018,0.25585135,0.25585135,0.284279278,0.284279278,0
S7-0329-018,S7-0329,GF_ROOF_SLAB,SUP-GF_ROOF_SLAB-083,SP-GF_ROOF_SLAB-22,X,LBS-GF_ROOF_SLAB-22-X-018,END_CONTINUOUS_SPLIT,SP-GF_ROOF_SLAB-23,76.619,3319.507219703,983.799882507,76.619,0,0,"[""LBS-GF_ROOF_SLAB-23-X-015"", ""LBS-GF_ROOF_SLAB-23-X-016"", ""LBS-GF_ROOF_SLAB-23-X-017""]",0.261663913,0.130831957,0.169606526,0.235497522,0.235497522,0.261663913,0.261663913,0.000000002
S7-0329-019,S7-0329,GF_ROOF_SLAB,SUP-GF_ROOF_SLAB-083,SP-GF_ROOF_SLAB-22,X,LBS-GF_ROOF_SLAB-22-X-019,END_CONTINUOUS_SPLIT,SP-GF_ROOF_SLAB-23,69.04,3333.00053208,981.900416787,69.04,0,0,"[""LBS-GF_ROOF_SLAB-23-X-017""]",0.23673905,0.118369525,0.153241132,0.213065145,0.213065145,0.23673905,0.23673905,0.000000001
S7-0329-020,S7-0329,GF_ROOF_SLAB,SUP-GF_ROOF_SLAB-083,SP-GF_ROOF_SLAB-22,X,LBS-GF_ROOF_SLAB-22-X-020,END_CONTINUOUS_SPLIT,SP-GF_ROOF_SLAB-23,60.935,3345.040936561,980.200748765,60.935,0,0,"[""LBS-GF_ROOF_SLAB-23-X-017"", ""LBS-GF_ROOF_SLAB-23-X-018""]",0.209701718,0.104850859,0.135575413,0.188731546,0.188731546,0.209701718,0.209701718,-0.000000001
S7-0329-021,S7-0329,GF_ROOF_SLAB,SUP-GF_ROOF_SLAB-083,SP-GF_ROOF_SLAB-22,X,LBS-GF_ROOF_SLAB-22-X-021,END_CONTINUOUS_SPLIT,SP-GF_ROOF_SLAB-23,52.367,3355.536815833,978.700734732,52.367,0,0,"[""LBS-GF_ROOF_SLAB-23-X-018"", ""LBS-GF_ROOF_SLAB-23-X-019""]",0.180781272,0.090390636,0.116754639,0.162703145,0.162703145,0.180781272,0.180781272,0.000000001
S7-0329-022,S7-0329,GF_ROOF_SLAB,SUP-GF_ROOF_SLAB-083,SP-GF_ROOF_SLAB-22,X,LBS-GF_ROOF_SLAB-22-X-022,END_CONTINUOUS_SPLIT,SP-GF_ROOF_SLAB-23,43.4,3364.408317398,977.451115238,43.4,0,0,"[""LBS-GF_ROOF_SLAB-23-X-019"", ""LBS-GF_ROOF_SLAB-23-X-020""]",0.150221524,0.075110762,0.096932459,0.135199372,0.135199372,0.150221524,0.150221524,-0.000000002
S7-0329-023,S7-0329,GF_ROOF_SLAB,SUP-GF_ROOF_SLAB-083,SP-GF_ROOF_SLAB-22,X,LBS-GF_ROOF_SLAB-22-X-023,END_CONTINUOUS_SPLIT,SP-GF_ROOF_SLAB-23,34.104,3371.588002021,976.451108475,34.104,0,0,"[""LBS-GF_ROOF_SLAB-23-X-020"", ""LBS-GF_ROOF_SLAB-23-X-021""]",0.118296952,0.059148476,0.076278563,0.106467257,0.106467257,0.118296952,0.118296952,0
S7-0329-024,S7-0329,GF_ROOF_SLAB,SUP-GF_ROOF_SLAB-083,SP-GF_ROOF_SLAB-22,X,LBS-GF_ROOF_SLAB-22-X-024,END_CONTINUOUS_SPLIT,SP-GF_ROOF_SLAB-23,24.546,3377.021121642,975.700416387,24.546,0,0,"[""LBS-GF_ROOF_SLAB-23-X-021"", ""LBS-GF_ROOF_SLAB-23-X-022"", ""LBS-GF_ROOF_SLAB-23-X-023""]",0.085280206,0.042640103,0.054959826,0.076752185,0.076752185,0.085280206,0.085280206,0.000000003
S7-0329-025,S7-0329,GF_ROOF_SLAB,SUP-GF_ROOF_SLAB-083,SP-GF_ROOF_SLAB-22,X,LBS-GF_ROOF_SLAB-22-X-025,END_CONTINUOUS_SPLIT,SP-GF_ROOF_SLAB-23,14.803,3380.666267831,975.199797262,14.803,0,0,"[""LBS-GF_ROOF_SLAB-23-X-023"", ""LBS-GF_ROOF_SLAB-23-X-024""]",0.0514856,0.0257428,0.033168666,0.04633704,0.04633704,0.0514856,0.0514856,-0.000000008
S7-0329-026,S7-0329,GF_ROOF_SLAB,SUP-GF_ROOF_SLAB-083,SP-GF_ROOF_SLAB-22,X,LBS-GF_ROOF_SLAB-22-X-026,END_CONTINUOUS_SPLIT,SP-GF_ROOF_SLAB-23,4.947,3382.495834967,974.9007,4.947,0,0,"[""LBS-GF_ROOF_SLAB-23-X-024""]",0.017215233,0.008607616,0.011088498,0.01549371,0.01549371,0.017215233,0.017215233,0.000000026
S7-0329-027,S7-0329,GF_ROOF_SLAB,SUP-GF_ROOF_SLAB-083,SP-GF_ROOF_SLAB-22,X,LBS-GF_ROOF_SLAB-22-X-027,END_CONTINUOUS_SPLIT,SP-GF_ROOF_SLAB-23,150,3396.849553398,972.85114409,150,0,0,"[""LBS-GF_ROOF_SLAB-23-X-024"", ""LBS-GF_ROOF_SLAB-23-X-025""]",0.524205178,0.262102589,0.337168264,0.47178466,0.47178466,0.524205178,0.524205178,0.000000001
S7-0330-001,S7-0330,GF_ROOF_SLAB,SUP-GF_ROOF_SLAB-083,SP-GF_ROOF_SLAB-23,X,LBS-GF_ROOF_SLAB-23-X-001,END_CONTINUOUS_SPLIT,SP-GF_ROOF_SLAB-22,100,1143.495597315,,0,100,0,[],0.11764358,0.05882179,0.11764358,0.105879222,0.105879222,0.11764358,0.11764358,0
S7-0330-002,S7-0330,GF_ROOF_SLAB,SUP-GF_ROOF_SLAB-083,SP-GF_ROOF_SLAB-23,X,LBS-GF_ROOF_SLAB-23-X-003,END_CONTINUOUS_SPLIT,SP-GF_ROOF_SLAB-22,200,1108.195724832,,0,200,0,[],0.228023812,0.114011906,0.228023812,0.205221431,0.205221431,0.228023812,0.228023812,-0.000000001
S7-0330-003,S7-0330,GF_ROOF_SLAB,SUP-GF_ROOF_SLAB-083,SP-GF_ROOF_SLAB-23,X,LBS-GF_ROOF_SLAB-23-X-004,END_CONTINUOUS_SPLIT,SP-GF_ROOF_SLAB-22,3200,1063.744033557,2753.015454644,3199.956,0.044,0,"[""LBS-GF_ROOF_SLAB-22-X-001"", ""LBS-GF_ROOF_SLAB-22-X-002"", ""LBS-GF_ROOF_SLAB-22-X-003"", ""LBS-GF_ROOF_SLAB-22-X-004""]",3.502037971,1.751018986,6.282694381,8.157015712,8.157015712,9.063350791,3.502037971,0
S7-0330-004,S7-0330,GF_ROOF_SLAB,SUP-GF_ROOF_SLAB-083,SP-GF_ROOF_SLAB-23,X,LBS-GF_ROOF_SLAB-23-X-005,END_CONTINUOUS_SPLIT,SP-GF_ROOF_SLAB-22,500,1015.370134228,3095.7918512,500,0,0,"[""LBS-GF_ROOF_SLAB-22-X-004"", ""LBS-GF_ROOF_SLAB-22-X-005""]",0.52230974,0.26115487,1.05739763,1.433236969,1.433236969,1.592485521,0.52230974,0
S7-0330-005,S7-0330,GF_ROOF_SLAB,SUP-GF_ROOF_SLAB-083,SP-GF_ROOF_SLAB-23,X,LBS-GF_ROOF_SLAB-23-X-006,END_CONTINUOUS_SPLIT,SP-GF_ROOF_SLAB-22,113.302,1007.351807416,3152.59203001,113.302,0,0,"[""LBS-GF_ROOF_SLAB-22-X-005"", ""LBS-GF_ROOF_SLAB-22-X-006""]",0.117422813,0.058711407,0.242453681,0.330736094,0.330736094,0.367484549,0.117422813,0.000000003
S7-0330-006,S7-0330,GF_ROOF_SLAB,SUP-GF_ROOF_SLAB-083,SP-GF_ROOF_SLAB-23,X,LBS-GF_ROOF_SLAB-23-X-007,END_CONTINUOUS_SPLIT,SP-GF_ROOF_SLAB-22,4.939,1005.805921407,3163.545867048,4.939,0,0,"[""LBS-GF_ROOF_SLAB-22-X-006"", ""LBS-GF_ROOF_SLAB-22-X-007""]",0.005110777,0.002555389,0.010592813,0.014467363,0.014467363,0.016074848,0.005110777,0.000000041
S7-0330-007,S7-0330,GF_ROOF_SLAB,SUP-GF_ROOF_SLAB-083,SP-GF_ROOF_SLAB-23,X,LBS-GF_ROOF_SLAB-23-X-008,END_CONTINUOUS_SPLIT,SP-GF_ROOF_SLAB-22,107.502,1004.335864755,3173.949629768,107.502,0,0,"[""LBS-GF_ROOF_SLAB-22-X-007"", ""LBS-GF_ROOF_SLAB-22-X-008""]",0.111078307,0.055539154,0.231056609,0.31593142,0.31593142,0.351034911,0.111078307,-0.000000002
S7-0330-008,S7-0330,GF_ROOF_SLAB,SUP-GF_ROOF_SLAB-083,SP-GF_ROOF_SLAB-23,X,LBS-GF_ROOF_SLAB-23-X-009,END_CONTINUOUS_SPLIT,SP-GF_ROOF_SLAB-22,110.722,1001.482798321,3194.151851853,110.722,0,0,"[""LBS-GF_ROOF_SLAB-22-X-008"", ""LBS-GF_ROOF_SLAB-22-X-009"", ""LBS-GF_ROOF_SLAB-22-X-010"", ""LBS-GF_ROOF_SLAB-22-X-011""]",0.11408043,0.057040215,0.238965565,0.32746563,0.32746563,0.3638507,0.11408043,0.000000005
S7-0330-009,S7-0330,GF_ROOF_SLAB,SUP-GF_ROOF_SLAB-083,SP-GF_ROOF_SLAB-23,X,LBS-GF_ROOF_SLAB-23-X-010,END_CONTINUOUS_SPLIT,SP-GF_ROOF_SLAB-22,108.161,998.621116102,3214.450278651,108.161,0,0,"[""LBS-GF_ROOF_SLAB-22-X-011""]",0.111123311,0.055561656,0.234408443,0.321924218,0.321924218,0.357693576,0.111123311,0.000000003
S7-0330-010,S7-0330,GF_ROOF_SLAB,SUP-GF_ROOF_SLAB-083,SP-GF_ROOF_SLAB-23,X,LBS-GF_ROOF_SLAB-23-X-011,END_CONTINUOUS_SPLIT,SP-GF_ROOF_SLAB-22,104.778,995.8371459,3234.194822558,104.778,0,0,"[""LBS-GF_ROOF_SLAB-22-X-011"", ""LBS-GF_ROOF_SLAB-22-X-012"", ""LBS-GF_ROOF_SLAB-22-X-013""]",0.107347556,0.053673778,0.22799089,0.313770801,0.313770801,0.348634223,0.107347556,0.000000001
S7-0330-011,S7-0330,GF_ROOF_SLAB,SUP-GF_ROOF_SLAB-083,SP-GF_ROOF_SLAB-23,X,LBS-GF_ROOF_SLAB-23-X-012,END_CONTINUOUS_SPLIT,SP-GF_ROOF_SLAB-22,100.596,993.152080711,3253.192234591,100.596,0,0,"[""LBS-GF_ROOF_SLAB-22-X-013"", ""LBS-GF_ROOF_SLAB-22-X-014""]",0.10278511,0.051392555,0.219735213,0.303016784,0.303016784,0.336685316,0.10278511,-0.000000001
S7-0330-012,S7-0330,GF_ROOF_SLAB,SUP-GF_ROOF_SLAB-083,SP-GF_ROOF_SLAB-23,X,LBS-GF_ROOF_SLAB-23-X-013,END_CONTINUOUS_SPLIT,SP-GF_ROOF_SLAB-22,95.649,990.586368312,3271.346389647,95.649,0,0,"[""LBS-GF_ROOF_SLAB-22-X-014"", ""LBS-GF_ROOF_SLAB-22-X-015"", ""LBS-GF_ROOF_SLAB-22-X-016""]",0.097477979,0.04873899,0.2096963,0.289723158,0.289723158,0.32191462,0.097477979,0
S7-0330-013,S7-0330,GF_ROOF_SLAB,SUP-GF_ROOF_SLAB-083,SP-GF_ROOF_SLAB-23,X,LBS-GF_ROOF_SLAB-23-X-014,END_CONTINUOUS_SPLIT,SP-GF_ROOF_SLAB-22,89.975,988.159515153,3288.548608333,89.975,0,0,"[""LBS-GF_ROOF_SLAB-22-X-016""]",0.091470836,0.045735418,0.197940748,0.273969594,0.273969594,0.30441066,0.091470836,-0.000000002
S7-0330-014,S7-0330,GF_ROOF_SLAB,SUP-GF_ROOF_SLAB-083,SP-GF_ROOF_SLAB-23,X,LBS-GF_ROOF_SLAB-23-X-015,END_CONTINUOUS_SPLIT,SP-GF_ROOF_SLAB-22,83.615,985.889994833,3304.647682416,83.615,0,0,"[""LBS-GF_ROOF_SLAB-22-X-016"", ""LBS-GF_ROOF_SLAB-22-X-017""]",0.084809868,0.042404934,0.184543882,0.255850107,0.255850107,0.284277896,0.084809868,0.000000003
S7-0330-015,S7-0330,GF_ROOF_SLAB,SUP-GF_ROOF_SLAB-083,SP-GF_ROOF_SLAB-23,X,LBS-GF_ROOF_SLAB-23-X-016,END_CONTINUOUS_SPLIT,SP-GF_ROOF_SLAB-22,76.619,983.795091215,3319.500834203,76.619,0,0,"[""LBS-GF_ROOF_SLAB-22-X-017"", ""LBS-GF_ROOF_SLAB-22-X-018"", ""LBS-GF_ROOF_SLAB-22-X-019""]",0.077548761,0.03877438,0.169606085,0.235497068,0.235497068,0.261663408,0.077548761,0.000000006
S7-0330-016,S7-0330,GF_ROOF_SLAB,SUP-GF_ROOF_SLAB-083,SP-GF_ROOF_SLAB-23,X,LBS-GF_ROOF_SLAB-23-X-017,END_CONTINUOUS_SPLIT,SP-GF_ROOF_SLAB-22,69.04,981.890741539,3332.997036179,69.04,0,0,"[""LBS-GF_ROOF_SLAB-22-X-019""]",0.069742528,0.034871264,0.153240666,0.213064923,0.213064923,0.236738803,0.069742528,-0.000000006
S7-0330-017,S7-0330,GF_ROOF_SLAB,SUP-GF_ROOF_SLAB-083,SP-GF_ROOF_SLAB-23,X,LBS-GF_ROOF_SLAB-23-X-018,END_CONTINUOUS_SPLIT,SP-GF_ROOF_SLAB-22,60.935,980.1914449,3345.044711828,60.935,0,0,"[""LBS-GF_ROOF_SLAB-22-X-019"", ""LBS-GF_ROOF_SLAB-22-X-020""]",0.061448524,0.030724262,0.135575238,0.188731758,0.188731758,0.209701953,0.061448524,0.000000007
S7-0330-018,S7-0330,GF_ROOF_SLAB,SUP-GF_ROOF_SLAB-083,SP-GF_ROOF_SLAB-23,X,LBS-GF_ROOF_SLAB-23-X-019,END_CONTINUOUS_SPLIT,SP-GF_ROOF_SLAB-22,52.367,978.71013151,3355.544909351,52.367,0,0,"[""LBS-GF_ROOF_SLAB-22-X-020"", ""LBS-GF_ROOF_SLAB-22-X-021""]",0.052728512,0.026364256,0.11675511,0.162703538,0.162703538,0.180781709,0.052728512,-0.000000003
S7-0330-019,S7-0330,GF_ROOF_SLAB,SUP-GF_ROOF_SLAB-083,SP-GF_ROOF_SLAB-23,X,LBS-GF_ROOF_SLAB-23-X-020,END_CONTINUOUS_SPLIT,SP-GF_ROOF_SLAB-22,43.4,977.458071181,3364.391889383,43.4,0,0,"[""LBS-GF_ROOF_SLAB-22-X-021"", ""LBS-GF_ROOF_SLAB-22-X-022""]",0.043643704,0.021821852,0.096932247,0.135198711,0.135198711,0.15022079,0.043643704,0.000000001
S7-0330-020,S7-0330,GF_ROOF_SLAB,SUP-GF_ROOF_SLAB-083,SP-GF_ROOF_SLAB-23,X,LBS-GF_ROOF_SLAB-23-X-021,END_CONTINUOUS_SPLIT,SP-GF_ROOF_SLAB-22,34.104,976.444781805,3371.542240481,34.104,0,0,"[""LBS-GF_ROOF_SLAB-22-X-022"", ""LBS-GF_ROOF_SLAB-22-X-023""]",0.034259951,0.017129975,0.076277648,0.10646581,0.10646581,0.118295345,0.034259951,0.000000015
S7-0330-021,S7-0330,GF_ROOF_SLAB,SUP-GF_ROOF_SLAB-083,SP-GF_ROOF_SLAB-23,X,LBS-GF_ROOF_SLAB-23-X-022,END_CONTINUOUS_SPLIT,SP-GF_ROOF_SLAB-22,24.546,975.67799013,3376.996808257,24.546,0,0,"[""LBS-GF_ROOF_SLAB-22-X-023"", ""LBS-GF_ROOF_SLAB-22-X-024"", ""LBS-GF_ROOF_SLAB-22-X-025""]",0.024638881,0.012319441,0.054959237,0.076751634,0.076751634,0.085279594,0.024638881,-0.000000016
S7-0330-022,S7-0330,GF_ROOF_SLAB,SUP-GF_ROOF_SLAB-083,SP-GF_ROOF_SLAB-23,X,LBS-GF_ROOF_SLAB-23-X-023,END_CONTINUOUS_SPLIT,SP-GF_ROOF_SLAB-22,14.803,975.163540248,3380.651368291,14.803,0,0,"[""LBS-GF_ROOF_SLAB-22-X-025"", ""LBS-GF_ROOF_SLAB-22-X-026""]",0.014851179,0.00742559,0.033168276,0.046336836,0.046336836,0.051485373,0.014851179,-0.000000006
S7-0330-023,S7-0330,GF_ROOF_SLAB,SUP-GF_ROOF_SLAB-083,SP-GF_ROOF_SLAB-23,X,LBS-GF_ROOF_SLAB-23-X-024,END_CONTINUOUS_SPLIT,SP-GF_ROOF_SLAB-22,4.947,974.905328218,3382.4965,4.947,0,0,"[""LBS-GF_ROOF_SLAB-22-X-026""]",0.004961787,0.002480893,0.011088512,0.015493714,0.015493714,0.017215238,0.004961787,-0.000000063
S7-0330-024,S7-0330,GF_ROOF_SLAB,SUP-GF_ROOF_SLAB-083,SP-GF_ROOF_SLAB-23,X,LBS-GF_ROOF_SLAB-23-X-025,END_CONTINUOUS_SPLIT,SP-GF_ROOF_SLAB-22,150,972.87954698,3396.841874568,150,0,0,"[""LBS-GF_ROOF_SLAB-22-X-026"", ""LBS-GF_ROOF_SLAB-22-X-027""]",0.150135733,0.075067866,0.337169864,0.471783595,0.471783595,0.524203995,0.150135733,-0.000000002
S7-0330-025,S7-0330,GF_ROOF_SLAB,SUP-GF_ROOF_SLAB-083,SP-GF_ROOF_SLAB-23,X,LBS-GF_ROOF_SLAB-23-X-026,END_CONTINUOUS_SPLIT,SP-GF_ROOF_SLAB-22,200,968.303637584,3410.695937333,0.044,199.956,0,"[""LBS-GF_ROOF_SLAB-22-X-027""]",0.199239432,0.099619716,0.199294653,0.179414887,0.179414887,0.199349875,0.199239432,-0.000000001
S7-0332-001,S7-0332,GF_ROOF_SLAB,SUP-GF_ROOF_SLAB-084,SP-GF_ROOF_SLAB-23,X,LBS-GF_ROOF_SLAB-23-X-002,END_CONTINUOUS_SPLIT,SP-GF_ROOF_SLAB-33,1200,1126.499362416,3573.199428,1199.956,0.044,0,"[""LBS-GF_ROOF_SLAB-33-X-001""]",1.390739954,0.695369977,2.900993614,3.970122547,3.970122547,4.411247274,1.390739954,0
S7-0333-001,S7-0333,GF_ROOF_SLAB,SUP-GF_ROOF_SLAB-084,SP-GF_ROOF_SLAB-33,X,LBS-GF_ROOF_SLAB-33-X-001,END_CONTINUOUS_SPLIT,SP-GF_ROOF_SLAB-23,1200,3573.173,1126.500575667,1199.956,0.044,0,"[""LBS-GF_ROOF_SLAB-23-X-002""]",4.411324691,2.205662345,2.901088096,3.970192222,3.970192222,4.411324691,4.411324691,0.000000001
S7-0335-001,S7-0335,1F_ROOF_SLAB,SUP-1F_ROOF_SLAB-086,SP-1F_ROOF_SLAB-02,X,LBS-1F_ROOF_SLAB-02-X-001,END_UNRESOLVED,SP-1F_ROOF_SLAB-04,1800,1800,3000,1799.956,0.044,0,"[""LBS-1F_ROOF_SLAB-04-X-013""]",3.333333333,1.666666667,4.444376543,2.5,4.999951111,5.555501234,3.333333333,0.000000001
S7-0335-002,S7-0335,1F_ROOF_SLAB,SUP-1F_ROOF_SLAB-086,SP-1F_ROOF_SLAB-02,X,LBS-1F_ROOF_SLAB-02-X-002,END_UNRESOLVED,SP-1F_ROOF_SLAB-04,900,1800,3000,900,0,0,"[""LBS-1F_ROOF_SLAB-04-X-013""]",1.666666667,0.833333334,2.222222223,1.25,2.500000001,2.777777778,1.666666667,0
S7-0335-003,S7-0335,1F_ROOF_SLAB,SUP-1F_ROOF_SLAB-086,SP-1F_ROOF_SLAB-02,X,LBS-1F_ROOF_SLAB-02-X-003,END_UNRESOLVED,SP-1F_ROOF_SLAB-04,250,1800,3000,250,0,0,"[""LBS-1F_ROOF_SLAB-04-X-013"", ""LBS-1F_ROOF_SLAB-04-X-014""]",0.462962963,0.231481481,0.617283951,0.347222222,0.694444444,0.771604938,0.462962963,0.000000001
S7-0335-004,S7-0335,1F_ROOF_SLAB,SUP-1F_ROOF_SLAB-086,SP-1F_ROOF_SLAB-02,X,LBS-1F_ROOF_SLAB-02-X-004,END_UNRESOLVED,SP-1F_ROOF_SLAB-04,50,1800,1471.3464,50,0,0,"[""LBS-1F_ROOF_SLAB-04-X-014"", ""LBS-1F_ROOF_SLAB-04-X-015""]",0.092592593,0.046296297,0.084139568,0.069444445,0.083382223,0.092646914,0.092592593,-0.000000004
S7-0336-001,S7-0336,1F_ROOF_SLAB,SUP-1F_ROOF_SLAB-086,SP-1F_ROOF_SLAB-04,X,LBS-1F_ROOF_SLAB-04-X-013,END_UNRESOLVED,SP-1F_ROOF_SLAB-02,2700,3000,1800,2699.956,0.044,0,"[""LBS-1F_ROOF_SLAB-02-X-001"", ""LBS-1F_ROOF_SLAB-02-X-002""]",8.333333333,4.166666667,6.666625926,6.25,7.5,8.333333333,8.333333333,0.000000001
S7-0336-002,S7-0336,1F_ROOF_SLAB,SUP-1F_ROOF_SLAB-086,SP-1F_ROOF_SLAB-04,X,LBS-1F_ROOF_SLAB-04-X-014,END_UNRESOLVED,SP-1F_ROOF_SLAB-02,250,3000,1800,250,0,0,"[""LBS-1F_ROOF_SLAB-02-X-002"", ""LBS-1F_ROOF_SLAB-02-X-003""]",0.771604938,0.385802469,0.61728395,0.578703703,0.694444444,0.771604938,0.771604938,0.000000001
S7-0336-003,S7-0336,1F_ROOF_SLAB,SUP-1F_ROOF_SLAB-086,SP-1F_ROOF_SLAB-04,X,LBS-1F_ROOF_SLAB-04-X-015,END_UNRESOLVED,SP-1F_ROOF_SLAB-02,50,1470,1800,50,0,0,"[""LBS-1F_ROOF_SLAB-02-X-003"", ""LBS-1F_ROOF_SLAB-02-X-004""]",0.075617284,0.037808642,0.084104938,0.056712963,0.083333333,0.092592593,0.075617284,0
S7-0337-001,S7-0337,1F_ROOF_SLAB,SUP-1F_ROOF_SLAB-087,SP-1F_ROOF_SLAB-04,X,LBS-1F_ROOF_SLAB-04-X-001,END_NON_CONTINUOUS,SP-1F_ROOF_SLAB-06,47.073,194.219989091,,0,47.073,0,[],0.009405882,0.004702941,0.004702941,0.007054412,0.007054412,0.009405882,0.009405882,0.000000027
S7-0337-002,S7-0337,1F_ROOF_SLAB,SUP-1F_ROOF_SLAB-087,SP-1F_ROOF_SLAB-04,X,LBS-1F_ROOF_SLAB-04-X-002,END_NON_CONTINUOUS,SP-1F_ROOF_SLAB-06,50,594.736569742,,0,50,0,[],0.030593445,0.015296723,0.015296723,0.022945084,0.022945084,0.030593445,0.030593445,-0.000000001
S7-0337-003,S7-0337,1F_ROOF_SLAB,SUP-1F_ROOF_SLAB-087,SP-1F_ROOF_SLAB-04,X,LBS-1F_ROOF_SLAB-04-X-003,END_NON_CONTINUOUS,SP-1F_ROOF_SLAB-06,75.364,1111.979887831,,0,75.364,0,[],0.086217338,0.043108669,0.043108669,0.064663003,0.064663003,0.086217338,0.086217338,-0.000000003
S7-0337-004,S7-0337,1F_ROOF_SLAB,SUP-1F_ROOF_SLAB-087,SP-1F_ROOF_SLAB-04,X,LBS-1F_ROOF_SLAB-04-X-004,END_NON_CONTINUOUS,SP-1F_ROOF_SLAB-06,185.058,2186.463307179,,0,185.058,0,[],0.41627832,0.20813916,0.20813916,0.31220874,0.31220874,0.41627832,0.41627832,0
S7-0337-005,S7-0337,1F_ROOF_SLAB,SUP-1F_ROOF_SLAB-087,SP-1F_ROOF_SLAB-04,X,LBS-1F_ROOF_SLAB-04-X-005,END_NON_CONTINUOUS,SP-1F_ROOF_SLAB-06,21.311,2950,,0,21.311,0,[],0.064678447,0.032339224,0.032339224,0.048508835,0.048508835,0.064678447,0.064678447,-0.000000007
S7-0337-006,S7-0337,1F_ROOF_SLAB,SUP-1F_ROOF_SLAB-087,SP-1F_ROOF_SLAB-04,X,LBS-1F_ROOF_SLAB-04-X-006,END_NON_CONTINUOUS,SP-1F_ROOF_SLAB-06,2.926,2950,,0,2.926,0,[],0.00888035,0.004440175,0.004440175,0.006660262,0.006660262,0.00888035,0.00888035,-0.000000023
S7-0337-007,S7-0337,1F_ROOF_SLAB,SUP-1F_ROOF_SLAB-087,SP-1F_ROOF_SLAB-04,X,LBS-1F_ROOF_SLAB-04-X-007,END_NON_CONTINUOUS,SP-1F_ROOF_SLAB-06,215.341,2950,,0,215.341,0,[],0.653555504,0.326777752,0.326777752,0.490166628,0.490166628,0.653555504,0.653555504,0.000000001
S7-0337-008,S7-0337,1F_ROOF_SLAB,SUP-1F_ROOF_SLAB-087,SP-1F_ROOF_SLAB-04,X,LBS-1F_ROOF_SLAB-04-X-008,END_NON_CONTINUOUS,SP-1F_ROOF_SLAB-06,53.69,3000,,0,53.69,0,[],0.165709877,0.082854939,0.082854939,0.124282408,0.124282408,0.165709877,0.165709877,-0.000000002
S7-0337-009,S7-0337,1F_ROOF_SLAB,SUP-1F_ROOF_SLAB-087,SP-1F_ROOF_SLAB-04,X,LBS-1F_ROOF_SLAB-04-X-009,END_NON_CONTINUOUS,SP-1F_ROOF_SLAB-06,621.31,3000,,0,621.31,0,[],1.917623457,0.958811728,0.958811728,1.438217593,1.438217593,1.917623457,1.917623457,0.000000001
S7-0337-010,S7-0337,1F_ROOF_SLAB,SUP-1F_ROOF_SLAB-087,SP-1F_ROOF_SLAB-04,X,LBS-1F_ROOF_SLAB-04-X-010,END_NON_CONTINUOUS,SP-1F_ROOF_SLAB-06,25,3000,,0,25,0,[],0.077160494,0.038580247,0.038580247,0.05787037,0.05787037,0.077160494,0.077160494,-0.000000002
S7-0337-011,S7-0337,1F_ROOF_SLAB,SUP-1F_ROOF_SLAB-087,SP-1F_ROOF_SLAB-04,X,LBS-1F_ROOF_SLAB-04-X-011,END_NON_CONTINUOUS,SP-1F_ROOF_SLAB-06,300,3000,,0,300,0,[],0.925925926,0.462962963,0.462962963,0.694444444,0.694444444,0.925925926,0.925925926,0.000000001
S7-0337-012,S7-0337,1F_ROOF_SLAB,SUP-1F_ROOF_SLAB-087,SP-1F_ROOF_SLAB-04,X,LBS-1F_ROOF_SLAB-04-X-012,END_NON_CONTINUOUS,SP-1F_ROOF_SLAB-06,200,3000,,0,200,0,[],0.617283951,0.308641975,0.308641975,0.462962963,0.462962963,0.617283951,0.617283951,0
S7-0338-001,S7-0338,GF_ROOF_SLAB,SUP-GF_ROOF_SLAB-088,SP-GF_ROOF_SLAB-16,X,LBS-GF_ROOF_SLAB-16-X-001,END_CONTINUOUS_SPLIT,SP-GF_ROOF_SLAB-20,1118.016,3300,4200,1118.016,0,0,"[""LBS-GF_ROOF_SLAB-20-X-022"", ""LBS-GF_ROOF_SLAB-20-X-023""]",3.795733333,1.897866667,4.313333333,4.34784,4.34784,4.830933333,3.795733333,0.000000001
S7-0338-002,S7-0338,GF_ROOF_SLAB,SUP-GF_ROOF_SLAB-088,SP-GF_ROOF_SLAB-16,X,LBS-GF_ROOF_SLAB-16-X-002,END_CONTINUOUS_SPLIT,SP-GF_ROOF_SLAB-20,131.984,3300,4200,131.984,0,0,"[""LBS-GF_ROOF_SLAB-20-X-023"", ""LBS-GF_ROOF_SLAB-20-X-024""]",0.448093827,0.224046914,0.509197531,0.513271111,0.513271111,0.570301234,0.448093827,0.000000001
S7-0338-003,S7-0338,GF_ROOF_SLAB,SUP-GF_ROOF_SLAB-088,SP-GF_ROOF_SLAB-16,X,LBS-GF_ROOF_SLAB-16-X-003,END_CONTINUOUS_SPLIT,SP-GF_ROOF_SLAB-20,200,2500,4200,200,0,0,"[""LBS-GF_ROOF_SLAB-20-X-024"", ""LBS-GF_ROOF_SLAB-20-X-025""]",0.514403292,0.257201646,0.689300411,0.777777778,0.777777778,0.864197531,0.514403292,0.000000001
S7-0338-004,S7-0338,GF_ROOF_SLAB,SUP-GF_ROOF_SLAB-088,SP-GF_ROOF_SLAB-16,X,LBS-GF_ROOF_SLAB-16-X-004,END_CONTINUOUS_SPLIT,SP-GF_ROOF_SLAB-20,55.462,2500,4200,55.462,0,0,"[""LBS-GF_ROOF_SLAB-20-X-025""]",0.142649177,0.071324588,0.191149897,0.215685556,0.215685556,0.239650617,0.142649177,0
S7-0338-005,S7-0338,GF_ROOF_SLAB,SUP-GF_ROOF_SLAB-088,SP-GF_ROOF_SLAB-16,X,LBS-GF_ROOF_SLAB-16-X-005,END_CONTINUOUS_SPLIT,SP-GF_ROOF_SLAB-20,42.978,2500,4200,42.978,0,0,"[""LBS-GF_ROOF_SLAB-20-X-025""]",0.110540123,0.055270062,0.148123765,0.167136666,0.167136666,0.185707407,0.110540123,0.000000005
S7-0338-006,S7-0338,GF_ROOF_SLAB,SUP-GF_ROOF_SLAB-088,SP-GF_ROOF_SLAB-16,X,LBS-GF_ROOF_SLAB-16-X-006,END_CONTINUOUS_SPLIT,SP-GF_ROOF_SLAB-20,201.56,2500,4200,201.56,0,0,"[""LBS-GF_ROOF_SLAB-20-X-025""]",0.518415638,0.259207819,0.694676955,0.783844445,0.783844445,0.870938272,0.518415638,0
S7-0339-001,S7-0339,GF_ROOF_SLAB,SUP-GF_ROOF_SLAB-088,SP-GF_ROOF_SLAB-20,X,LBS-GF_ROOF_SLAB-20-X-018,END_CONTINUOUS_SPLIT,SP-GF_ROOF_SLAB-16,5.704,4200,,0,5.704,0,[],0.024646914,0.012323457,0.024646914,0.022182223,0.022182223,0.024646914,0.024646914,-0.000000016
S7-0339-002,S7-0339,GF_ROOF_SLAB,SUP-GF_ROOF_SLAB-088,SP-GF_ROOF_SLAB-20,X,LBS-GF_ROOF_SLAB-20-X-019,END_CONTINUOUS_SPLIT,SP-GF_ROOF_SLAB-16,24.546,4200,,0,24.546,0,[],0.106062963,0.053031481,0.106062963,0.095456667,0.095456667,0.106062963,0.106062963,0
S7-0339-003,S7-0339,GF_ROOF_SLAB,SUP-GF_ROOF_SLAB-088,SP-GF_ROOF_SLAB-20,X,LBS-GF_ROOF_SLAB-20-X-020,END_CONTINUOUS_SPLIT,SP-GF_ROOF_SLAB-16,14.803,4200,,0,14.803,0,[],0.06396358,0.03198179,0.06396358,0.057567222,0.057567222,0.06396358,0.06396358,0.000000004
S7-0339-004,S7-0339,GF_ROOF_SLAB,SUP-GF_ROOF_SLAB-088,SP-GF_ROOF_SLAB-20,X,LBS-GF_ROOF_SLAB-20-X-021,END_CONTINUOUS_SPLIT,SP-GF_ROOF_SLAB-16,4.947,4200,,0,4.947,0,[],0.021375926,0.010687963,0.021375926,0.019238333,0.019238333,0.021375926,0.021375926,-0.000000003
S7-0339-005,S7-0339,GF_ROOF_SLAB,SUP-GF_ROOF_SLAB-088,SP-GF_ROOF_SLAB-20,X,LBS-GF_ROOF_SLAB-20-X-022,END_CONTINUOUS_SPLIT,SP-GF_ROOF_SLAB-16,150,4200,,0,150,0,[],0.648148148,0.324074074,0.648148148,0.583333333,0.583333333,0.648148148,0.648148148,0.000000001
S7-0339-006,S7-0339,GF_ROOF_SLAB,SUP-GF_ROOF_SLAB-088,SP-GF_ROOF_SLAB-20,X,LBS-GF_ROOF_SLAB-20-X-023,END_CONTINUOUS_SPLIT,SP-GF_ROOF_SLAB-16,1118.016,4200,3300,1117.972,0.044,0,"[""LBS-GF_ROOF_SLAB-16-X-001""]",4.830933333,2.415466666,4.313353703,4.34784,4.34784,4.830933333,4.830933333,0.000000001
S7-0339-007,S7-0339,GF_ROOF_SLAB,SUP-GF_ROOF_SLAB-088,SP-GF_ROOF_SLAB-20,X,LBS-GF_ROOF_SLAB-20-X-024,END_CONTINUOUS_SPLIT,SP-GF_ROOF_SLAB-16,131.984,4200,3300,131.984,0,0,"[""LBS-GF_ROOF_SLAB-16-X-001"", ""LBS-GF_ROOF_SLAB-16-X-002""]",0.570301235,0.285150617,0.509197531,0.513271111,0.513271111,0.570301235,0.570301235,0
S7-0339-008,S7-0339,GF_ROOF_SLAB,SUP-GF_ROOF_SLAB-088,SP-GF_ROOF_SLAB-20,X,LBS-GF_ROOF_SLAB-20-X-025,END_CONTINUOUS_SPLIT,SP-GF_ROOF_SLAB-16,500,4200,2500.0704,500,0,0,"[""LBS-GF_ROOF_SLAB-16-X-002"", ""LBS-GF_ROOF_SLAB-16-X-003"", ""LBS-GF_ROOF_SLAB-16-X-004"", ""LBS-GF_ROOF_SLAB-16-X-005"", ""LBS-GF_ROOF_SLAB-16-X-006""]",2.160493827,1.080246913,1.723269136,1.944444444,1.944444444,2.160493827,2.160493827,0.000000001
S7-0341-001,S7-0341,GF_ROOF_SLAB,SUP-GF_ROOF_SLAB-089,SP-GF_ROOF_SLAB-20,X,LBS-GF_ROOF_SLAB-20-X-001,END_CONTINUOUS_SPLIT,SP-GF_ROOF_SLAB-25,500,4200,3250,500,0,0,"[""LBS-GF_ROOF_SLAB-25-X-009"", ""LBS-GF_ROOF_SLAB-25-X-010""]",2.160493827,1.080246913,1.916152263,1.944444444,1.944444444,2.160493827,2.160493827,0.000000001
S7-0341-002,S7-0341,GF_ROOF_SLAB,SUP-GF_ROOF_SLAB-089,SP-GF_ROOF_SLAB-20,X,LBS-GF_ROOF_SLAB-20-X-002,END_CONTINUOUS_SPLIT,SP-GF_ROOF_SLAB-25,113.302,4200,3299.980582867,113.302,0,0,"[""LBS-GF_ROOF_SLAB-25-X-010"", ""LBS-GF_ROOF_SLAB-25-X-011""]",0.489576543,0.244788271,0.437120782,0.440618889,0.440618889,0.489576543,0.489576543,0.000000001
S7-0341-003,S7-0341,GF_ROOF_SLAB,SUP-GF_ROOF_SLAB-089,SP-GF_ROOF_SLAB-20,X,LBS-GF_ROOF_SLAB-20-X-003,END_CONTINUOUS_SPLIT,SP-GF_ROOF_SLAB-25,4.939,4200,3300,4.939,0,0,"[""LBS-GF_ROOF_SLAB-25-X-011"", ""LBS-GF_ROOF_SLAB-25-X-012""]",0.021341358,0.010670679,0.019054784,0.019207222,0.019207222,0.021341358,0.021341358,0.000000002
S7-0341-004,S7-0341,GF_ROOF_SLAB,SUP-GF_ROOF_SLAB-089,SP-GF_ROOF_SLAB-20,X,LBS-GF_ROOF_SLAB-20-X-004,END_CONTINUOUS_SPLIT,SP-GF_ROOF_SLAB-25,107.502,4200,3300,107.502,0,0,"[""LBS-GF_ROOF_SLAB-25-X-012"", ""LBS-GF_ROOF_SLAB-25-X-013""]",0.464514815,0.232257408,0.414745371,0.418063333,0.418063333,0.464514815,0.464514815,0
S7-0341-005,S7-0341,GF_ROOF_SLAB,SUP-GF_ROOF_SLAB-089,SP-GF_ROOF_SLAB-20,X,LBS-GF_ROOF_SLAB-20-X-005,END_CONTINUOUS_SPLIT,SP-GF_ROOF_SLAB-25,110.722,4200,3300,110.722,0,0,"[""LBS-GF_ROOF_SLAB-25-X-013"", ""LBS-GF_ROOF_SLAB-25-X-014"", ""LBS-GF_ROOF_SLAB-25-X-015"", ""LBS-GF_ROOF_SLAB-25-X-016""]",0.478428395,0.239214198,0.42716821,0.430585556,0.430585556,0.478428395,0.478428395,0.000000001
S7-0341-006,S7-0341,GF_ROOF_SLAB,SUP-GF_ROOF_SLAB-089,SP-GF_ROOF_SLAB-20,X,LBS-GF_ROOF_SLAB-20-X-006,END_CONTINUOUS_SPLIT,SP-GF_ROOF_SLAB-25,108.161,4200,3300,108.161,0,0,"[""LBS-GF_ROOF_SLAB-25-X-016""]",0.467362346,0.233681173,0.417287809,0.420626111,0.420626111,0.467362346,0.467362346,0
S7-0341-007,S7-0341,GF_ROOF_SLAB,SUP-GF_ROOF_SLAB-089,SP-GF_ROOF_SLAB-20,X,LBS-GF_ROOF_SLAB-20-X-007,END_CONTINUOUS_SPLIT,SP-GF_ROOF_SLAB-25,104.778,4200,3300,104.778,0,0,"[""LBS-GF_ROOF_SLAB-25-X-016"", ""LBS-GF_ROOF_SLAB-25-X-017"", ""LBS-GF_ROOF_SLAB-25-X-018""]",0.452744444,0.226372222,0.404236111,0.40747,0.40747,0.452744444,0.452744444,0.000000002
S7-0341-008,S7-0341,GF_ROOF_SLAB,SUP-GF_ROOF_SLAB-089,SP-GF_ROOF_SLAB-20,X,LBS-GF_ROOF_SLAB-20-X-008,END_CONTINUOUS_SPLIT,SP-GF_ROOF_SLAB-25,100.596,4200,3300,100.596,0,0,"[""LBS-GF_ROOF_SLAB-25-X-018"", ""LBS-GF_ROOF_SLAB-25-X-019""]",0.434674074,0.217337037,0.388101852,0.391206667,0.391206667,0.434674074,0.434674074,0.000000001
S7-0341-009,S7-0341,GF_ROOF_SLAB,SUP-GF_ROOF_SLAB-089,SP-GF_ROOF_SLAB-20,X,LBS-GF_ROOF_SLAB-20-X-009,END_CONTINUOUS_SPLIT,SP-GF_ROOF_SLAB-25,95.649,4200,3300,95.649,0,0,"[""LBS-GF_ROOF_SLAB-25-X-019"", ""LBS-GF_ROOF_SLAB-25-X-020"", ""LBS-GF_ROOF_SLAB-25-X-021""]",0.413298148,0.206649074,0.369016204,0.371968333,0.371968333,0.413298148,0.413298148,0.000000001
S7-0341-010,S7-0341,GF_ROOF_SLAB,SUP-GF_ROOF_SLAB-089,SP-GF_ROOF_SLAB-20,X,LBS-GF_ROOF_SLAB-20-X-010,END_CONTINUOUS_SPLIT,SP-GF_ROOF_SLAB-25,89.975,4200,3300,89.975,0,0,"[""LBS-GF_ROOF_SLAB-25-X-021""]",0.388780864,0.194390432,0.347125771,0.349902778,0.349902778,0.388780864,0.388780864,0.000000001
S7-0341-011,S7-0341,GF_ROOF_SLAB,SUP-GF_ROOF_SLAB-089,SP-GF_ROOF_SLAB-20,X,LBS-GF_ROOF_SLAB-20-X-011,END_CONTINUOUS_SPLIT,SP-GF_ROOF_SLAB-25,83.615,4200,3300,83.615,0,0,"[""LBS-GF_ROOF_SLAB-25-X-021"", ""LBS-GF_ROOF_SLAB-25-X-022""]",0.361299383,0.180649691,0.322588735,0.325169445,0.325169445,0.361299383,0.361299383,0
S7-0341-012,S7-0341,GF_ROOF_SLAB,SUP-GF_ROOF_SLAB-089,SP-GF_ROOF_SLAB-20,X,LBS-GF_ROOF_SLAB-20-X-012,END_CONTINUOUS_SPLIT,SP-GF_ROOF_SLAB-25,76.619,4200,3300,76.619,0,0,"[""LBS-GF_ROOF_SLAB-25-X-022"", ""LBS-GF_ROOF_SLAB-25-X-023"", ""LBS-GF_ROOF_SLAB-25-X-024""]",0.331069753,0.165534877,0.295597994,0.297962778,0.297962778,0.331069753,0.331069753,0.000000001
S7-0341-013,S7-0341,GF_ROOF_SLAB,SUP-GF_ROOF_SLAB-089,SP-GF_ROOF_SLAB-20,X,LBS-GF_ROOF_SLAB-20-X-013,END_CONTINUOUS_SPLIT,SP-GF_ROOF_SLAB-25,69.04,4200,3300,69.04,0,0,"[""LBS-GF_ROOF_SLAB-25-X-024""]",0.298320988,0.149160494,0.266358025,0.268488889,0.268488889,0.298320988,0.298320988,-0.000000001
S7-0341-014,S7-0341,GF_ROOF_SLAB,SUP-GF_ROOF_SLAB-089,SP-GF_ROOF_SLAB-20,X,LBS-GF_ROOF_SLAB-20-X-014,END_CONTINUOUS_SPLIT,SP-GF_ROOF_SLAB-25,60.935,4200,3300,60.935,0,0,"[""LBS-GF_ROOF_SLAB-25-X-024"", ""LBS-GF_ROOF_SLAB-25-X-025""]",0.263299383,0.131649691,0.235088735,0.236969445,0.236969445,0.263299383,0.263299383,0
S7-0341-015,S7-0341,GF_ROOF_SLAB,SUP-GF_ROOF_SLAB-089,SP-GF_ROOF_SLAB-20,X,LBS-GF_ROOF_SLAB-20-X-015,END_CONTINUOUS_SPLIT,SP-GF_ROOF_SLAB-25,52.367,4200,3300,52.367,0,0,"[""LBS-GF_ROOF_SLAB-25-X-025"", ""LBS-GF_ROOF_SLAB-25-X-026""]",0.22627716,0.11313858,0.202033179,0.203649444,0.203649444,0.22627716,0.22627716,0.000000003
S7-0341-016,S7-0341,GF_ROOF_SLAB,SUP-GF_ROOF_SLAB-089,SP-GF_ROOF_SLAB-20,X,LBS-GF_ROOF_SLAB-20-X-016,END_CONTINUOUS_SPLIT,SP-GF_ROOF_SLAB-25,43.4,4200,3300,43.4,0,0,"[""LBS-GF_ROOF_SLAB-25-X-026"", ""LBS-GF_ROOF_SLAB-25-X-027""]",0.187530864,0.093765432,0.167438271,0.168777778,0.168777778,0.187530864,0.187530864,0.000000002
S7-0341-017,S7-0341,GF_ROOF_SLAB,SUP-GF_ROOF_SLAB-089,SP-GF_ROOF_SLAB-20,X,LBS-GF_ROOF_SLAB-20-X-017,END_CONTINUOUS_SPLIT,SP-GF_ROOF_SLAB-25,28.4,4200,3300,28.4,0,0,"[""LBS-GF_ROOF_SLAB-25-X-027"", ""LBS-GF_ROOF_SLAB-25-X-028""]",0.122716049,0.061358024,0.109567901,0.110444444,0.110444444,0.122716049,0.122716049,0.000000004
S7-0342-001,S7-0342,GF_ROOF_SLAB,SUP-GF_ROOF_SLAB-089,SP-GF_ROOF_SLAB-25,X,LBS-GF_ROOF_SLAB-25-X-009,END_CONTINUOUS_SPLIT,SP-GF_ROOF_SLAB-20,200,3250,,0,200,0,[],0.66872428,0.33436214,0.66872428,0.601851852,0.601851852,0.66872428,0.66872428,0
S7-0342-002,S7-0342,GF_ROOF_SLAB,SUP-GF_ROOF_SLAB-089,SP-GF_ROOF_SLAB-25,X,LBS-GF_ROOF_SLAB-25-X-010,END_CONTINUOUS_SPLIT,SP-GF_ROOF_SLAB-20,500,3250,4200,499.956,0.044,0,"[""LBS-GF_ROOF_SLAB-20-X-001""]",1.6718107,0.83590535,1.916130762,1.944405741,1.944405741,2.160450824,1.6718107,0
S7-0342-003,S7-0342,GF_ROOF_SLAB,SUP-GF_ROOF_SLAB-089,SP-GF_ROOF_SLAB-25,X,LBS-GF_ROOF_SLAB-25-X-011,END_CONTINUOUS_SPLIT,SP-GF_ROOF_SLAB-20,113.302,3300,4200,113.302,0,0,"[""LBS-GF_ROOF_SLAB-20-X-001"", ""LBS-GF_ROOF_SLAB-20-X-002""]",0.384667284,0.192333642,0.437121914,0.440618889,0.440618889,0.489576543,0.384667284,0
S7-0342-004,S7-0342,GF_ROOF_SLAB,SUP-GF_ROOF_SLAB-089,SP-GF_ROOF_SLAB-25,X,LBS-GF_ROOF_SLAB-25-X-012,END_CONTINUOUS_SPLIT,SP-GF_ROOF_SLAB-20,4.939,3300,4200,4.939,0,0,"[""LBS-GF_ROOF_SLAB-20-X-002"", ""LBS-GF_ROOF_SLAB-20-X-003""]",0.01676821,0.008384105,0.019054784,0.019207222,0.019207222,0.021341358,0.01676821,-0.000000007
S7-0342-005,S7-0342,GF_ROOF_SLAB,SUP-GF_ROOF_SLAB-089,SP-GF_ROOF_SLAB-25,X,LBS-GF_ROOF_SLAB-25-X-013,END_CONTINUOUS_SPLIT,SP-GF_ROOF_SLAB-20,107.502,3300,4200,107.502,0,0,"[""LBS-GF_ROOF_SLAB-20-X-003"", ""LBS-GF_ROOF_SLAB-20-X-004""]",0.364975926,0.182487963,0.41474537,0.418063333,0.418063333,0.464514815,0.364975926,0
S7-0342-006,S7-0342,GF_ROOF_SLAB,SUP-GF_ROOF_SLAB-089,SP-GF_ROOF_SLAB-25,X,LBS-GF_ROOF_SLAB-25-X-014,END_CONTINUOUS_SPLIT,SP-GF_ROOF_SLAB-20,24.257,3300,4200,24.257,0,0,"[""LBS-GF_ROOF_SLAB-20-X-004"", ""LBS-GF_ROOF_SLAB-20-X-005""]",0.082354012,0.041177006,0.093584105,0.094332777,0.094332777,0.104814197,0.082354012,0.000000005
S7-0342-007,S7-0342,GF_ROOF_SLAB,SUP-GF_ROOF_SLAB-089,SP-GF_ROOF_SLAB-25,X,LBS-GF_ROOF_SLAB-25-X-015,END_CONTINUOUS_SPLIT,SP-GF_ROOF_SLAB-20,86.465,3300,4200,86.465,0,0,"[""LBS-GF_ROOF_SLAB-20-X-005"", ""LBS-GF_ROOF_SLAB-20-X-006""]",0.293554012,0.146777006,0.333584105,0.336252777,0.336252777,0.373614197,0.293554012,0.000000002
S7-0342-008,S7-0342,GF_ROOF_SLAB,SUP-GF_ROOF_SLAB-089,SP-GF_ROOF_SLAB-25,X,LBS-GF_ROOF_SLAB-25-X-016,END_CONTINUOUS_SPLIT,SP-GF_ROOF_SLAB-20,108.161,3300,4200,108.161,0,0,"[""LBS-GF_ROOF_SLAB-20-X-006""]",0.367213272,0.183606636,0.417287809,0.420626112,0.420626112,0.467362346,0.367213272,0
S7-0342-009,S7-0342,GF_ROOF_SLAB,SUP-GF_ROOF_SLAB-089,SP-GF_ROOF_SLAB-25,X,LBS-GF_ROOF_SLAB-25-X-017,END_CONTINUOUS_SPLIT,SP-GF_ROOF_SLAB-20,5.374,3300,4200,5.374,0,0,"[""LBS-GF_ROOF_SLAB-20-X-006"", ""LBS-GF_ROOF_SLAB-20-X-007""]",0.018245062,0.009122531,0.020733025,0.020898889,0.020898889,0.023220988,0.018245062,-0.000000014
S7-0342-010,S7-0342,GF_ROOF_SLAB,SUP-GF_ROOF_SLAB-089,SP-GF_ROOF_SLAB-25,X,LBS-GF_ROOF_SLAB-25-X-018,END_CONTINUOUS_SPLIT,SP-GF_ROOF_SLAB-20,99.404,3300,4200,99.404,0,0,"[""LBS-GF_ROOF_SLAB-20-X-007""]",0.337482716,0.168741358,0.383503086,0.386571111,0.386571111,0.429523457,0.337482716,0.000000001
S7-0342-011,S7-0342,GF_ROOF_SLAB,SUP-GF_ROOF_SLAB-089,SP-GF_ROOF_SLAB-25,X,LBS-GF_ROOF_SLAB-25-X-019,END_CONTINUOUS_SPLIT,SP-GF_ROOF_SLAB-20,100.596,3300,4200,100.596,0,0,"[""LBS-GF_ROOF_SLAB-20-X-007"", ""LBS-GF_ROOF_SLAB-20-X-008""]",0.34152963,0.170764815,0.388101852,0.391206667,0.391206667,0.434674075,0.34152963,0
S7-0342-012,S7-0342,GF_ROOF_SLAB,SUP-GF_ROOF_SLAB-089,SP-GF_ROOF_SLAB-25,X,LBS-GF_ROOF_SLAB-25-X-020,END_CONTINUOUS_SPLIT,SP-GF_ROOF_SLAB-20,95.649,3300,4200,95.649,0,0,"[""LBS-GF_ROOF_SLAB-20-X-008"", ""LBS-GF_ROOF_SLAB-20-X-009"", ""LBS-GF_ROOF_SLAB-20-X-010""]",0.324734259,0.16236713,0.369016203,0.371968333,0.371968333,0.413298148,0.324734259,0.000000001
S7-0342-013,S7-0342,GF_ROOF_SLAB,SUP-GF_ROOF_SLAB-089,SP-GF_ROOF_SLAB-25,X,LBS-GF_ROOF_SLAB-25-X-021,END_CONTINUOUS_SPLIT,SP-GF_ROOF_SLAB-20,89.975,3300,4200,89.975,0,0,"[""LBS-GF_ROOF_SLAB-20-X-010""]",0.305470679,0.15273534,0.347125772,0.349902778,0.349902778,0.388780864,0.305470679,0.000000001
S7-0342-014,S7-0342,GF_ROOF_SLAB,SUP-GF_ROOF_SLAB-089,SP-GF_ROOF_SLAB-25,X,LBS-GF_ROOF_SLAB-25-X-022,END_CONTINUOUS_SPLIT,SP-GF_ROOF_SLAB-20,83.615,3300,4200,83.615,0,0,"[""LBS-GF_ROOF_SLAB-20-X-010"", ""LBS-GF_ROOF_SLAB-20-X-011""]",0.283878086,0.141939043,0.322588734,0.325169444,0.325169444,0.361299382,0.283878086,0.000000002
S7-0342-015,S7-0342,GF_ROOF_SLAB,SUP-GF_ROOF_SLAB-089,SP-GF_ROOF_SLAB-25,X,LBS-GF_ROOF_SLAB-25-X-023,END_CONTINUOUS_SPLIT,SP-GF_ROOF_SLAB-20,76.619,3300,4200,76.619,0,0,"[""LBS-GF_ROOF_SLAB-20-X-011"", ""LBS-GF_ROOF_SLAB-20-X-012"", ""LBS-GF_ROOF_SLAB-20-X-013""]",0.260126235,0.130063117,0.295597994,0.297962778,0.297962778,0.331069754,0.260126235,-0.000000001
S7-0342-016,S7-0342,GF_ROOF_SLAB,SUP-GF_ROOF_SLAB-089,SP-GF_ROOF_SLAB-25,X,LBS-GF_ROOF_SLAB-25-X-024,END_CONTINUOUS_SPLIT,SP-GF_ROOF_SLAB-20,69.04,3300,4200,69.04,0,0,"[""LBS-GF_ROOF_SLAB-20-X-013""]",0.234395062,0.117197531,0.266358025,0.268488889,0.268488889,0.298320988,0.234395062,-0.000000001
S7-0342-017,S7-0342,GF_ROOF_SLAB,SUP-GF_ROOF_SLAB-089,SP-GF_ROOF_SLAB-25,X,LBS-GF_ROOF_SLAB-25-X-025,END_CONTINUOUS_SPLIT,SP-GF_ROOF_SLAB-20,60.935,3300,4200,60.935,0,0,"[""LBS-GF_ROOF_SLAB-20-X-013"", ""LBS-GF_ROOF_SLAB-20-X-014""]",0.206878086,0.103439043,0.235088734,0.236969444,0.236969444,0.263299382,0.206878086,0.000000003
S7-0342-018,S7-0342,GF_ROOF_SLAB,SUP-GF_ROOF_SLAB-089,SP-GF_ROOF_SLAB-25,X,LBS-GF_ROOF_SLAB-25-X-026,END_CONTINUOUS_SPLIT,SP-GF_ROOF_SLAB-20,52.367,3300,4200,52.367,0,0,"[""LBS-GF_ROOF_SLAB-20-X-014"", ""LBS-GF_ROOF_SLAB-20-X-015""]",0.177789198,0.088894599,0.20203318,0.203649445,0.203649445,0.226277161,0.177789198,-0.000000002
S7-0342-019,S7-0342,GF_ROOF_SLAB,SUP-GF_ROOF_SLAB-089,SP-GF_ROOF_SLAB-25,X,LBS-GF_ROOF_SLAB-25-X-027,END_CONTINUOUS_SPLIT,SP-GF_ROOF_SLAB-20,43.4,3300,4200,43.4,0,0,"[""LBS-GF_ROOF_SLAB-20-X-015"", ""LBS-GF_ROOF_SLAB-20-X-016""]",0.147345679,0.07367284,0.167438272,0.168777778,0.168777778,0.187530864,0.147345679,0.000000001
S7-0342-020,S7-0342,GF_ROOF_SLAB,SUP-GF_ROOF_SLAB-089,SP-GF_ROOF_SLAB-25,X,LBS-GF_ROOF_SLAB-25-X-028,END_CONTINUOUS_SPLIT,SP-GF_ROOF_SLAB-20,28.4,3300,4200,28.4,0,0,"[""LBS-GF_ROOF_SLAB-20-X-016"", ""LBS-GF_ROOF_SLAB-20-X-017""]",0.096419753,0.048209876,0.109567901,0.110444444,0.110444444,0.122716049,0.096419753,0.000000002
S7-0344-001,S7-0344,GF_ROOF_SLAB,SUP-GF_ROOF_SLAB-090,SP-GF_ROOF_SLAB-24,X,LBS-GF_ROOF_SLAB-24-X-001,END_UNRESOLVED,SP-GF_ROOF_SLAB-25,1974.382,728.587738145,3300,1974.382,0,0,"[""LBS-GF_ROOF_SLAB-25-X-004"", ""LBS-GF_ROOF_SLAB-25-X-005"", ""LBS-GF_ROOF_SLAB-25-X-006""]",1.47994909,0.739974545,4.091548927,1.109961818,6.032833888,6.703148765,1.47994909,0.000000001
S7-0344-002,S7-0344,GF_ROOF_SLAB,SUP-GF_ROOF_SLAB-090,SP-GF_ROOF_SLAB-24,X,LBS-GF_ROOF_SLAB-24-X-002,END_UNRESOLVED,SP-GF_ROOF_SLAB-25,350,1586.332705413,3300,350,0,0,"[""LBS-GF_ROOF_SLAB-25-X-006"", ""LBS-GF_ROOF_SLAB-25-X-007""]",0.571210336,0.285605168,0.87974097,0.428407752,1.069444444,1.188271604,0.571210336,0.000000001
S7-0344-003,S7-0344,GF_ROOF_SLAB,SUP-GF_ROOF_SLAB-090,SP-GF_ROOF_SLAB-24,X,LBS-GF_ROOF_SLAB-24-X-003,END_UNRESOLVED,SP-GF_ROOF_SLAB-25,50,1733.940967268,3300,50,0,0,"[""LBS-GF_ROOF_SLAB-25-X-007"", ""LBS-GF_ROOF_SLAB-25-X-008""]",0.089194494,0.044597247,0.12947379,0.06689587,0.152777777,0.169753086,0.089194494,0.000000003
S7-0345-001,S7-0345,GF_ROOF_SLAB,SUP-GF_ROOF_SLAB-090,SP-GF_ROOF_SLAB-25,X,LBS-GF_ROOF_SLAB-25-X-004,END_UNRESOLVED,SP-GF_ROOF_SLAB-24,270.988,3300,,0,270.988,0,[],0.920020988,0.460010494,0.460010494,0.690015741,0.828018889,0.920020988,0.920020988,0
S7-0345-002,S7-0345,GF_ROOF_SLAB,SUP-GF_ROOF_SLAB-090,SP-GF_ROOF_SLAB-25,X,LBS-GF_ROOF_SLAB-25-X-005,END_UNRESOLVED,SP-GF_ROOF_SLAB-24,574.382,3300,211.950861831,574.356,0.026,0,"[""LBS-GF_ROOF_SLAB-24-X-001""]",1.950062346,0.975031173,1.037652186,1.46254676,1.755056111,1.950062346,1.950062346,0
S7-0345-003,S7-0345,GF_ROOF_SLAB,SUP-GF_ROOF_SLAB-090,SP-GF_ROOF_SLAB-25,X,LBS-GF_ROOF_SLAB-25-X-006,END_UNRESOLVED,SP-GF_ROOF_SLAB-24,1400,3300,940.534624797,1400,0,0,"[""LBS-GF_ROOF_SLAB-24-X-001""]",4.75308642,2.37654321,3.05388296,3.564814815,4.277777778,4.75308642,4.75308642,0.000000001
S7-0345-004,S7-0345,GF_ROOF_SLAB,SUP-GF_ROOF_SLAB-090,SP-GF_ROOF_SLAB-25,X,LBS-GF_ROOF_SLAB-25-X-007,END_UNRESOLVED,SP-GF_ROOF_SLAB-24,350,3300,1586.317528,350,0,0,"[""LBS-GF_ROOF_SLAB-24-X-001"", ""LBS-GF_ROOF_SLAB-24-X-002""]",1.188271605,0.594135802,0.879738238,0.891203704,1.069444444,1.188271605,1.188271605,0.000000001
S7-0345-005,S7-0345,GF_ROOF_SLAB,SUP-GF_ROOF_SLAB-090,SP-GF_ROOF_SLAB-25,X,LBS-GF_ROOF_SLAB-25-X-008,END_UNRESOLVED,SP-GF_ROOF_SLAB-24,50,3300,1733.917528,50,0,0,"[""LBS-GF_ROOF_SLAB-24-X-002"", ""LBS-GF_ROOF_SLAB-24-X-003""]",0.169753086,0.084876543,0.129473187,0.127314815,0.152777777,0.169753086,0.169753086,0.000000003
S7-0346-001,S7-0346,1F_ROOF_SLAB,SUP-1F_ROOF_SLAB-091,SP-1F_ROOF_SLAB-02,X,LBS-1F_ROOF_SLAB-02-X-001,END_UNRESOLVED,SP-1F_ROOF_SLAB-01,1800,1800,,0,1800,0,[],3.333333333,1.666666667,1.666666667,2.5,3,3.333333333,3.333333333,0.000000001
S7-0346-002,S7-0346,1F_ROOF_SLAB,SUP-1F_ROOF_SLAB-091,SP-1F_ROOF_SLAB-02,X,LBS-1F_ROOF_SLAB-02-X-002,END_UNRESOLVED,SP-1F_ROOF_SLAB-01,900,1800,,0,900,0,[],1.666666667,0.833333334,0.833333334,1.25,1.5,1.666666667,1.666666667,0
S7-0346-003,S7-0346,1F_ROOF_SLAB,SUP-1F_ROOF_SLAB-091,SP-1F_ROOF_SLAB-02,X,LBS-1F_ROOF_SLAB-02-X-003,END_UNRESOLVED,SP-1F_ROOF_SLAB-01,250,1800,,0,250,0,[],0.462962963,0.231481481,0.231481481,0.347222222,0.416666667,0.462962963,0.462962963,0.000000001
S7-0346-004,S7-0346,1F_ROOF_SLAB,SUP-1F_ROOF_SLAB-091,SP-1F_ROOF_SLAB-02,X,LBS-1F_ROOF_SLAB-02-X-004,END_UNRESOLVED,SP-1F_ROOF_SLAB-01,50,1800,,0,50,0,[],0.092592593,0.046296297,0.046296297,0.069444445,0.083333334,0.092592593,0.092592593,-0.000000004
S7-0347-001,S7-0347,1F_ROOF_SLAB,SUP-1F_ROOF_SLAB-092,SP-1F_ROOF_SLAB-11,X,LBS-1F_ROOF_SLAB-11-X-014,END_NON_CONTINUOUS,SP-1F_ROOF_SLAB-06,200,2400,,0,200,0,[],0.49382716,0.24691358,0.24691358,0.37037037,0.37037037,0.49382716,0.49382716,0.000000002
S7-0347-002,S7-0347,1F_ROOF_SLAB,SUP-1F_ROOF_SLAB-092,SP-1F_ROOF_SLAB-11,X,LBS-1F_ROOF_SLAB-11-X-015,END_NON_CONTINUOUS,SP-1F_ROOF_SLAB-06,157.496,2400,,0,157.496,0,[],0.388879012,0.194439506,0.194439506,0.291659259,0.291659259,0.388879012,0.388879012,0.000000002
S7-0347-003,S7-0347,1F_ROOF_SLAB,SUP-1F_ROOF_SLAB-092,SP-1F_ROOF_SLAB-11,X,LBS-1F_ROOF_SLAB-11-X-016,END_NON_CONTINUOUS,SP-1F_ROOF_SLAB-06,45.431,2400,,0,45.431,0,[],0.112175309,0.056087655,0.056087655,0.084131482,0.084131482,0.112175309,0.112175309,-0.000000003
S7-0347-004,S7-0347,1F_ROOF_SLAB,SUP-1F_ROOF_SLAB-092,SP-1F_ROOF_SLAB-11,X,LBS-1F_ROOF_SLAB-11-X-017,END_NON_CONTINUOUS,SP-1F_ROOF_SLAB-06,47.073,2400,,0,47.073,0,[],0.11622963,0.058114815,0.058114815,0.087172223,0.087172223,0.11622963,0.11622963,-0.000000003
S7-0348-001,S7-0348,GF_ROOF_SLAB,SUP-GF_ROOF_SLAB-093,SP-GF_ROOF_SLAB-16,Y,LBS-GF_ROOF_SLAB-16-Y-001,END_UNRESOLVED,SP-GF_ROOF_SLAB-03,50,1750,,0,50,0,[],0.090020576,0.045010288,0.045010288,0.067515432,0.081018518,0.090020576,0.090020576,0.000000002
S7-0348-002,S7-0348,GF_ROOF_SLAB,SUP-GF_ROOF_SLAB-093,SP-GF_ROOF_SLAB-16,Y,LBS-GF_ROOF_SLAB-16-Y-002,END_UNRESOLVED,SP-GF_ROOF_SLAB-03,211.732,1750,,0,211.732,0,[],0.381204733,0.190602367,0.190602367,0.28590355,0.34308426,0.381204733,0.381204733,-0.000000001
S7-0348-003,S7-0348,GF_ROOF_SLAB,SUP-GF_ROOF_SLAB-093,SP-GF_ROOF_SLAB-16,Y,LBS-GF_ROOF_SLAB-16-Y-003,END_UNRESOLVED,SP-GF_ROOF_SLAB-03,938.268,1750,,0,938.268,0,[],1.689268519,0.84463426,0.84463426,1.266951389,1.520341667,1.689268519,1.689268519,0
S7-0348-004,S7-0348,GF_ROOF_SLAB,SUP-GF_ROOF_SLAB-093,SP-GF_ROOF_SLAB-16,Y,LBS-GF_ROOF_SLAB-16-Y-004,END_NON_CONTINUOUS,,100,1750,,0,100,0,[],0.180041152,0.090020576,0.090020576,0.135030864,0.135030864,0.180041152,0.180041152,0.000000002
S7-0348-005,S7-0348,GF_ROOF_SLAB,SUP-GF_ROOF_SLAB-093,SP-GF_ROOF_SLAB-16,Y,LBS-GF_ROOF_SLAB-16-Y-005,END_UNRESOLVED,SP-GF_ROOF_SLAB-03,1200,1750,,0,1200,0,[],2.160493827,1.080246913,1.080246913,1.62037037,1.944444444,2.160493827,2.160493827,0.000000001
S7-0349-001,S7-0349,1F_ROOF_SLAB,SUP-1F_ROOF_SLAB-095,SP-1F_ROOF_SLAB-03,X,LBS-1F_ROOF_SLAB-03-X-005,END_CONTINUOUS_SPLIT,SP-1F_ROOF_SLAB-05,25,2220,4100,25,0,0,"[""LBS-1F_ROOF_SLAB-05-X-002"", ""LBS-1F_ROOF_SLAB-05-X-003""]",0.057098765,0.028549383,0.08127572,0.094907407,0.094907407,0.105452674,0.057098765,0.000000008
S7-0349-002,S7-0349,1F_ROOF_SLAB,SUP-1F_ROOF_SLAB-095,SP-1F_ROOF_SLAB-03,X,LBS-1F_ROOF_SLAB-03-X-006,END_CONTINUOUS_SPLIT,SP-1F_ROOF_SLAB-05,500,2220,4100,500,0,0,"[""LBS-1F_ROOF_SLAB-05-X-003""]",1.141975309,0.570987654,1.625514404,1.898148149,1.898148149,2.109053499,1.141975309,0
S7-0349-003,S7-0349,1F_ROOF_SLAB,SUP-1F_ROOF_SLAB-095,SP-1F_ROOF_SLAB-03,X,LBS-1F_ROOF_SLAB-03-X-007,END_CONTINUOUS_SPLIT,SP-1F_ROOF_SLAB-05,2950,2220,4100,2950,0,0,"[""LBS-1F_ROOF_SLAB-05-X-003""]",6.737654321,3.36882716,9.590534979,11.199074074,11.199074074,12.443415638,6.737654321,0.000000001
S7-0350-001,S7-0350,1F_ROOF_SLAB,SUP-1F_ROOF_SLAB-095,SP-1F_ROOF_SLAB-05,X,LBS-1F_ROOF_SLAB-05-X-003,END_CONTINUOUS_SPLIT,SP-1F_ROOF_SLAB-03,3475,4100,2220,3475,0,0,"[""LBS-1F_ROOF_SLAB-03-X-004"", ""LBS-1F_ROOF_SLAB-03-X-005"", ""LBS-1F_ROOF_SLAB-03-X-006"", ""LBS-1F_ROOF_SLAB-03-X-007""]",14.657921811,7.328960905,11.297325103,13.19212963,13.19212963,14.657921811,14.657921811,0.000000001
S7-0352-001,S7-0352,GF_ROOF_SLAB,SUP-GF_ROOF_SLAB-096,SP-GF_ROOF_SLAB-32,Y,LBS-GF_ROOF_SLAB-32-Y-001,END_UNRESOLVED,SP-GF_ROOF_SLAB-21,3020,1200,,0,3020,0,[],3.728395062,1.864197531,1.864197531,2.796296297,3.355555556,3.728395062,3.728395062,0.000000001
S7-0352-002,S7-0352,GF_ROOF_SLAB,SUP-GF_ROOF_SLAB-096,SP-GF_ROOF_SLAB-32,Y,LBS-GF_ROOF_SLAB-32-Y-002,END_UNRESOLVED,SP-GF_ROOF_SLAB-21,450,1200,,0,450,0,[],0.555555556,0.277777778,0.277777778,0.416666667,0.5,0.555555556,0.555555556,0
S7-0352-003,S7-0352,GF_ROOF_SLAB,SUP-GF_ROOF_SLAB-096,SP-GF_ROOF_SLAB-32,Y,LBS-GF_ROOF_SLAB-32-Y-003,END_UNRESOLVED,SP-GF_ROOF_SLAB-21,300,1200,,0,300,0,[],0.37037037,0.185185185,0.185185185,0.277777777,0.333333333,0.37037037,0.37037037,0.000000002
S7-0353-001,S7-0353,GF_ROOF_SLAB,SUP-GF_ROOF_SLAB-097,SP-GF_ROOF_SLAB-22,Y,LBS-GF_ROOF_SLAB-22-Y-004,END_CONTINUOUS_SPLIT,SP-GF_ROOF_SLAB-33,412.639,5150,1200,412.639,0,0,"[""LBS-GF_ROOF_SLAB-33-Y-005"", ""LBS-GF_ROOF_SLAB-33-Y-006""]",2.186307459,1.09315373,1.347869162,1.967676713,1.967676713,2.186307459,2.186307459,0.000000001
S7-0353-002,S7-0353,GF_ROOF_SLAB,SUP-GF_ROOF_SLAB-097,SP-GF_ROOF_SLAB-22,Y,LBS-GF_ROOF_SLAB-22-Y-005,END_CONTINUOUS_SPLIT,SP-GF_ROOF_SLAB-33,200,5150,1200,200,0,0,"[""LBS-GF_ROOF_SLAB-33-Y-006""]",1.059670782,0.529835391,0.653292181,0.953703704,0.953703704,1.059670782,1.059670782,0.000000001
S7-0353-003,S7-0353,GF_ROOF_SLAB,SUP-GF_ROOF_SLAB-097,SP-GF_ROOF_SLAB-22,Y,LBS-GF_ROOF_SLAB-22-Y-006,END_CONTINUOUS_SPLIT,SP-GF_ROOF_SLAB-33,1750,5150,1200,1750,0,0,"[""LBS-GF_ROOF_SLAB-33-Y-006""]",9.272119342,4.636059671,5.716306585,8.344907408,8.344907408,9.272119342,9.272119342,0.000000001
S7-0353-004,S7-0353,GF_ROOF_SLAB,SUP-GF_ROOF_SLAB-097,SP-GF_ROOF_SLAB-22,Y,LBS-GF_ROOF_SLAB-22-Y-007,END_CONTINUOUS_SPLIT,SP-GF_ROOF_SLAB-33,57.589,5150,1200,57.589,0,0,"[""LBS-GF_ROOF_SLAB-33-Y-006""]",0.305126903,0.152563452,0.188112217,0.274614213,0.274614213,0.305126903,0.305126903,0.000000002
S7-0353-005,S7-0353,GF_ROOF_SLAB,SUP-GF_ROOF_SLAB-097,SP-GF_ROOF_SLAB-22,Y,LBS-GF_ROOF_SLAB-22-Y-008,END_CONTINUOUS_SPLIT,SP-GF_ROOF_SLAB-33,31.168,5150,600.884585151,31.168,0,0,"[""LBS-GF_ROOF_SLAB-33-Y-006"", ""LBS-GF_ROOF_SLAB-33-Y-007""]",0.165139095,0.082569548,0.092203483,0.148625186,0.148625186,0.165139095,0.165139095,-0.000000001
S7-0353-006,S7-0353,GF_ROOF_SLAB,SUP-GF_ROOF_SLAB-097,SP-GF_ROOF_SLAB-22,Y,LBS-GF_ROOF_SLAB-22-Y-009,END_CONTINUOUS_SPLIT,SP-GF_ROOF_SLAB-33,5.195,5150,0.75,0.039,5.156,0,"[""LBS-GF_ROOF_SLAB-33-Y-007""]",0.027524949,0.013762474,0.027421646,0.024772454,0.024772454,0.027524949,0.027524949,-0.000000015
S7-0354-001,S7-0354,GF_ROOF_SLAB,SUP-GF_ROOF_SLAB-097,SP-GF_ROOF_SLAB-33,Y,LBS-GF_ROOF_SLAB-33-Y-005,END_CONTINUOUS_SPLIT,SP-GF_ROOF_SLAB-22,737.361,1200,,0,737.361,0,[],0.910322222,0.455161111,0.910322222,0.81929,0.81929,0.910322222,0.910322222,0.000000001
S7-0354-002,S7-0354,GF_ROOF_SLAB,SUP-GF_ROOF_SLAB-097,SP-GF_ROOF_SLAB-33,Y,LBS-GF_ROOF_SLAB-33-Y-006,END_CONTINUOUS_SPLIT,SP-GF_ROOF_SLAB-22,2420.228,1200,5150,2420.193,0.035,0,"[""LBS-GF_ROOF_SLAB-22-Y-004"", ""LBS-GF_ROOF_SLAB-22-Y-005"", ""LBS-GF_ROOF_SLAB-22-Y-006"", ""LBS-GF_ROOF_SLAB-22-Y-007""]",2.987935802,1.493967901,7.905509027,11.540774026,11.540774026,12.823082251,2.987935802,0.000000001
S7-0354-003,S7-0354,GF_ROOF_SLAB,SUP-GF_ROOF_SLAB-097,SP-GF_ROOF_SLAB-33,Y,LBS-GF_ROOF_SLAB-33-Y-007,END_CONTINUOUS_SPLIT,SP-GF_ROOF_SLAB-22,31.168,600,5150,31.168,0,0,"[""LBS-GF_ROOF_SLAB-22-Y-007"", ""LBS-GF_ROOF_SLAB-22-Y-008""]",0.019239506,0.009619753,0.0921893,0.148625184,0.148625184,0.165139093,0.019239506,0.00000001
S7-0356-001,S7-0356,GF_ROOF_SLAB,SUP-GF_ROOF_SLAB-098,SP-GF_ROOF_SLAB-25,Y,LBS-GF_ROOF_SLAB-25-Y-005,END_CONTINUOUS_SPLIT,SP-GF_ROOF_SLAB-31,147.608,4950,0.029806932,0.044,147.564,0,"[""LBS-GF_ROOF_SLAB-31-Y-001""]",0.751707407,0.375853704,0.751595371,0.676536666,0.676536666,0.751707407,0.751707407,0.000000001
S7-0356-002,S7-0356,GF_ROOF_SLAB,SUP-GF_ROOF_SLAB-098,SP-GF_ROOF_SLAB-25,Y,LBS-GF_ROOF_SLAB-25-Y-006,END_CONTINUOUS_SPLIT,SP-GF_ROOF_SLAB-31,885.649,4950,600.02506492,885.649,0,0,"[""LBS-GF_ROOF_SLAB-31-Y-001""]",4.510249537,2.255124768,2.528484644,4.059224583,4.059224583,4.510249537,4.510249537,0.000000001
S7-0356-003,S7-0356,GF_ROOF_SLAB,SUP-GF_ROOF_SLAB-098,SP-GF_ROOF_SLAB-25,Y,LBS-GF_ROOF_SLAB-25-Y-007,END_CONTINUOUS_SPLIT,SP-GF_ROOF_SLAB-31,1205.011,4950,1199.999999972,1205.011,0,0,"[""LBS-GF_ROOF_SLAB-31-Y-001"", ""LBS-GF_ROOF_SLAB-31-Y-002""]",6.136630093,3.068315046,3.812148997,5.522967084,5.522967084,6.136630093,6.136630093,0.000000001
S7-0356-004,S7-0356,GF_ROOF_SLAB,SUP-GF_ROOF_SLAB-098,SP-GF_ROOF_SLAB-25,Y,LBS-GF_ROOF_SLAB-25-Y-008,END_CONTINUOUS_SPLIT,SP-GF_ROOF_SLAB-31,200,4950,1200,200,0,0,"[""LBS-GF_ROOF_SLAB-31-Y-002""]",1.018518519,0.509259259,0.63271605,0.916666667,0.916666667,1.018518519,1.018518519,0
S7-0356-005,S7-0356,GF_ROOF_SLAB,SUP-GF_ROOF_SLAB-098,SP-GF_ROOF_SLAB-25,Y,LBS-GF_ROOF_SLAB-25-Y-009,END_CONTINUOUS_SPLIT,SP-GF_ROOF_SLAB-31,600,4950,1200,599.996,0.004,0,"[""LBS-GF_ROOF_SLAB-31-Y-002""]",3.055555556,1.527777778,1.898155864,2.75,2.75,3.055555556,3.055555556,0
S7-0357-001,S7-0357,GF_ROOF_SLAB,SUP-GF_ROOF_SLAB-098,SP-GF_ROOF_SLAB-31,Y,LBS-GF_ROOF_SLAB-31-Y-001,END_CONTINUOUS_SPLIT,SP-GF_ROOF_SLAB-25,885.649,600,4950,885.649,0,0,"[""LBS-GF_ROOF_SLAB-25-Y-006""]",0.546696914,0.273348457,2.528473227,4.059224586,4.059224586,4.510249541,0.546696914,0
S7-0357-002,S7-0357,GF_ROOF_SLAB,SUP-GF_ROOF_SLAB-098,SP-GF_ROOF_SLAB-31,Y,LBS-GF_ROOF_SLAB-31-Y-002,END_CONTINUOUS_SPLIT,SP-GF_ROOF_SLAB-25,2005.011,1200,4950,2005.007,0.004,0,"[""LBS-GF_ROOF_SLAB-25-Y-006"", ""LBS-GF_ROOF_SLAB-25-Y-007"", ""LBS-GF_ROOF_SLAB-25-Y-008"", ""LBS-GF_ROOF_SLAB-25-Y-009""]",2.475322222,1.237661111,6.343005478,9.18961986,9.18961986,10.210688734,2.475322222,0.000000001
S7-0359-001,S7-0359,GF_ROOF_SLAB,SUP-GF_ROOF_SLAB-099,SP-GF_ROOF_SLAB-32,Y,LBS-GF_ROOF_SLAB-32-Y-004,END_UNRESOLVED,SP-GF_ROOF_SLAB-28,50,1200,,0,50,0,[],0.061728395,0.030864197,0.030864197,0.046296296,0.055555555,0.061728395,0.061728395,0.000000002
S7-0359-002,S7-0359,GF_ROOF_SLAB,SUP-GF_ROOF_SLAB-099,SP-GF_ROOF_SLAB-32,Y,LBS-GF_ROOF_SLAB-32-Y-005,END_UNRESOLVED,SP-GF_ROOF_SLAB-28,2000,1200,,0,2000,0,[],2.469135802,1.234567901,1.234567901,1.851851851,2.222222222,2.469135802,2.469135802,0.000000001
S7-0359-003,S7-0359,GF_ROOF_SLAB,SUP-GF_ROOF_SLAB-099,SP-GF_ROOF_SLAB-32,Y,LBS-GF_ROOF_SLAB-32-Y-006,END_UNRESOLVED,SP-GF_ROOF_SLAB-28,650,1200,,0,650,0,[],0.802469136,0.401234568,0.401234568,0.601851852,0.722222222,0.802469136,0.802469136,0
S7-0360-001,S7-0360,GF_ROOF_SLAB,SUP-GF_ROOF_SLAB-100,SP-GF_ROOF_SLAB-33,Y,LBS-GF_ROOF_SLAB-33-Y-001,END_UNRESOLVED,SP-GF_ROOF_SLAB-28,103.087,1200,,0,103.087,0,[],0.127267901,0.06363395,0.06363395,0.095450926,0.114541111,0.127267901,0.127267901,0.000000002
S7-0360-002,S7-0360,GF_ROOF_SLAB,SUP-GF_ROOF_SLAB-100,SP-GF_ROOF_SLAB-33,Y,LBS-GF_ROOF_SLAB-33-Y-002,END_UNRESOLVED,SP-GF_ROOF_SLAB-28,213.885,1200,,0,213.885,0,[],0.264055556,0.132027778,0.132027778,0.198041667,0.23765,0.264055556,0.264055556,-0.000000001
S7-0360-003,S7-0360,GF_ROOF_SLAB,SUP-GF_ROOF_SLAB-100,SP-GF_ROOF_SLAB-33,Y,LBS-GF_ROOF_SLAB-33-Y-003,END_UNRESOLVED,SP-GF_ROOF_SLAB-28,33.028,1200,,0,33.028,0,[],0.040775309,0.020387655,0.020387655,0.030581482,0.036697778,0.040775309,0.040775309,-0.000000008
S7-0360-004,S7-0360,GF_ROOF_SLAB,SUP-GF_ROOF_SLAB-100,SP-GF_ROOF_SLAB-33,Y,LBS-GF_ROOF_SLAB-33-Y-004,END_UNRESOLVED,SP-GF_ROOF_SLAB-28,50,1200,,0,50,0,[],0.061728395,0.030864197,0.030864197,0.046296296,0.055555555,0.061728395,0.061728395,0.000000002
S7-0361-001,S7-0361,GF_ROOF_SLAB,SUP-GF_ROOF_SLAB-101,SP-GF_ROOF_SLAB-29,Y,LBS-GF_ROOF_SLAB-29-Y-001,END_UNRESOLVED,SP-GF_ROOF_SLAB-30,1200,3000,1299.999666667,1200,0,0,"[""LBS-GF_ROOF_SLAB-30-Y-001"", ""LBS-GF_ROOF_SLAB-30-Y-002""]",3.703703704,1.851851852,2.654320782,2.777777778,3.333333334,3.703703704,3.703703704,0.000000001
S7-0361-002,S7-0361,GF_ROOF_SLAB,SUP-GF_ROOF_SLAB-101,SP-GF_ROOF_SLAB-29,Y,LBS-GF_ROOF_SLAB-29-Y-002,END_UNRESOLVED,SP-GF_ROOF_SLAB-30,165.935,2950,1200,165.935,0,0,"[""LBS-GF_ROOF_SLAB-30-Y-002"", ""LBS-GF_ROOF_SLAB-30-Y-003""]",0.503609311,0.251804655,0.354233668,0.377706983,0.45324838,0.503609311,0.503609311,0
S7-0361-003,S7-0361,GF_ROOF_SLAB,SUP-GF_ROOF_SLAB-101,SP-GF_ROOF_SLAB-29,Y,LBS-GF_ROOF_SLAB-29-Y-003,END_UNRESOLVED,SP-GF_ROOF_SLAB-30,934.065,2317.199804246,1200,934.065,0,0,"[""LBS-GF_ROOF_SLAB-30-Y-003""]",2.226764645,1.113382322,1.689965656,1.670073484,2.00408818,2.226764645,2.226764645,0.000000001
S7-0361-004,S7-0361,GF_ROOF_SLAB,SUP-GF_ROOF_SLAB-101,SP-GF_ROOF_SLAB-29,Y,LBS-GF_ROOF_SLAB-29-Y-004,END_UNRESOLVED,SP-GF_ROOF_SLAB-30,147.608,1584.399746282,1200,147.608,0,0,"[""LBS-GF_ROOF_SLAB-30-Y-003"", ""LBS-GF_ROOF_SLAB-30-Y-004""]",0.240607076,0.120303538,0.211419587,0.180455307,0.216546368,0.240607076,0.240607076,0
S7-0361-005,S7-0361,GF_ROOF_SLAB,SUP-GF_ROOF_SLAB-101,SP-GF_ROOF_SLAB-29,Y,LBS-GF_ROOF_SLAB-29-Y-005,END_UNRESOLVED,SP-GF_ROOF_SLAB-30,352.392,1245.665185114,1200,352.392,0,0,"[""LBS-GF_ROOF_SLAB-30-Y-004""]",0.451607455,0.225803727,0.443329654,0.338705591,0.419183328,0.465759254,0.451607455,0
S7-0361-006,S7-0361,GF_ROOF_SLAB,SUP-GF_ROOF_SLAB-101,SP-GF_ROOF_SLAB-29,Y,LBS-GF_ROOF_SLAB-29-Y-006,END_UNRESOLVED,SP-GF_ROOF_SLAB-30,743.156,503.465243078,1200,743.156,0,0,"[""LBS-GF_ROOF_SLAB-30-Y-004""]",0.384931292,0.192465646,0.651203917,0.288698469,0.825728888,0.917476542,0.384931292,0.000000002
S7-0362-001,S7-0362,GF_ROOF_SLAB,SUP-GF_ROOF_SLAB-101,SP-GF_ROOF_SLAB-30,Y,LBS-GF_ROOF_SLAB-30-Y-001,END_UNRESOLVED,SP-GF_ROOF_SLAB-29,1200,1300,2999.999833333,1200,0,0,"[""LBS-GF_ROOF_SLAB-29-Y-001"", ""LBS-GF_ROOF_SLAB-29-Y-002""]",1.604938272,0.802469136,2.654320885,1.203703704,3.333333149,3.703703499,1.604938272,0
S7-0362-002,S7-0362,GF_ROOF_SLAB,SUP-GF_ROOF_SLAB-101,SP-GF_ROOF_SLAB-30,Y,LBS-GF_ROOF_SLAB-30-Y-002,END_UNRESOLVED,SP-GF_ROOF_SLAB-29,165.935,1200,2949.99999379,165.935,0,0,"[""LBS-GF_ROOF_SLAB-29-Y-002"", ""LBS-GF_ROOF_SLAB-29-Y-003""]",0.204858025,0.102429012,0.354233668,0.153643519,0.453248379,0.50360931,0.204858025,-0.000000001
S7-0362-003,S7-0362,GF_ROOF_SLAB,SUP-GF_ROOF_SLAB-101,SP-GF_ROOF_SLAB-30,Y,LBS-GF_ROOF_SLAB-30-Y-003,END_UNRESOLVED,SP-GF_ROOF_SLAB-29,1081.673,1200,2217.173511526,1081.673,0,0,"[""LBS-GF_ROOF_SLAB-29-Y-003"", ""LBS-GF_ROOF_SLAB-29-Y-004"", ""LBS-GF_ROOF_SLAB-29-Y-005""]",1.335398765,0.667699383,1.901370536,1.001549074,2.220608077,2.467342308,1.335398765,0.000000001
S7-0362-004,S7-0362,GF_ROOF_SLAB,SUP-GF_ROOF_SLAB-101,SP-GF_ROOF_SLAB-30,Y,LBS-GF_ROOF_SLAB-30-Y-004,END_UNRESOLVED,SP-GF_ROOF_SLAB-29,1095.548,1200,742.197773364,1095.548,0,0,"[""LBS-GF_ROOF_SLAB-29-Y-005"", ""LBS-GF_ROOF_SLAB-29-Y-006""]",1.352528395,0.676264197,1.094532349,1.014396296,1.244907936,1.38323104,1.352528395,0.000000001
S7-0362-005,S7-0362,GF_ROOF_SLAB,SUP-GF_ROOF_SLAB-101,SP-GF_ROOF_SLAB-30,Y,LBS-GF_ROOF_SLAB-30-Y-005,END_UNRESOLVED,SP-GF_ROOF_SLAB-29,147.609,1200,0.02709634,0.04,147.569,0,"[""LBS-GF_ROOF_SLAB-29-Y-006""]",0.182233333,0.091116666,0.091116667,0.136675,0.16401,0.182233333,0.182233333,0.000000002
S7-0363-001,S7-0363,1F_ROOF_SLAB,SUP-1F_ROOF_SLAB-102,SP-1F_ROOF_SLAB-02,Y,LBS-1F_ROOF_SLAB-02-Y-001,END_NON_CONTINUOUS,SP-1F_ROOF_SLAB-10,1800,3000,,0,1800,0,[],5.555555556,2.777777778,2.777777778,4.166666667,4.166666667,5.555555556,5.555555556,0.000000001
S7-0364-001,S7-0364,1F_ROOF_SLAB,SUP-1F_ROOF_SLAB-103,SP-1F_ROOF_SLAB-03,Y,LBS-1F_ROOF_SLAB-03-Y-001,END_NON_CONTINUOUS,SP-1F_ROOF_SLAB-10,1597.817,4318.525165467,,0,1597.817,0,[],7.09898449,3.549492245,3.549492245,5.324238368,5.324238368,7.09898449,7.09898449,0.000000001
S7-0364-002,S7-0364,1F_ROOF_SLAB,SUP-1F_ROOF_SLAB-103,SP-1F_ROOF_SLAB-03,Y,LBS-1F_ROOF_SLAB-03-Y-002,END_NON_CONTINUOUS,SP-1F_ROOF_SLAB-10,550,4188.383418772,,0,550,0,[],2.369970041,1.184985021,1.184985021,1.777477531,1.777477531,2.369970041,2.369970041,0.000000001
S7-0364-003,S7-0364,1F_ROOF_SLAB,SUP-1F_ROOF_SLAB-103,SP-1F_ROOF_SLAB-03,Y,LBS-1F_ROOF_SLAB-03-Y-003,END_NON_CONTINUOUS,SP-1F_ROOF_SLAB-10,8.414,4154.547680746,,0,8.414,0,[],0.035963338,0.017981669,0.017981669,0.026972504,0.026972504,0.035963338,0.035963338,-0.000000009
S7-0364-004,S7-0364,1F_ROOF_SLAB,SUP-1F_ROOF_SLAB-103,SP-1F_ROOF_SLAB-03,Y,LBS-1F_ROOF_SLAB-03-Y-004,END_NON_CONTINUOUS,SP-1F_ROOF_SLAB-10,25.178,4152.512255216,,0,25.178,0,[],0.107563738,0.053781869,0.053781869,0.080672804,0.080672804,0.107563738,0.107563738,0.000000003
S7-0364-005,S7-0364,1F_ROOF_SLAB,SUP-1F_ROOF_SLAB-103,SP-1F_ROOF_SLAB-03,Y,LBS-1F_ROOF_SLAB-03-Y-005,END_NON_CONTINUOUS,SP-1F_ROOF_SLAB-10,38.591,4148.648327775,,0,38.591,0,[],0.164712436,0.082356218,0.082356218,0.123534327,0.123534327,0.164712436,0.164712436,0
S7-0365-001,S7-0365,1F_ROOF_SLAB,SUP-1F_ROOF_SLAB-104,SP-1F_ROOF_SLAB-04,Y,LBS-1F_ROOF_SLAB-04-Y-001,END_NON_CONTINUOUS,SP-1F_ROOF_SLAB-10,50,4200,,0,50,0,[],0.216049383,0.108024692,0.108024692,0.162037037,0.162037037,0.216049383,0.216049383,-0.000000001
S7-0365-002,S7-0365,1F_ROOF_SLAB,SUP-1F_ROOF_SLAB-104,SP-1F_ROOF_SLAB-04,Y,LBS-1F_ROOF_SLAB-04-Y-002,END_NON_CONTINUOUS,SP-1F_ROOF_SLAB-10,1420,4711.031830508,,0,1420,0,[],6.882371604,3.441185802,3.441185802,5.161778703,5.161778703,6.882371604,6.882371604,0.000000001
S7-0365-003,S7-0365,1F_ROOF_SLAB,SUP-1F_ROOF_SLAB-104,SP-1F_ROOF_SLAB-04,Y,LBS-1F_ROOF_SLAB-04-Y-003,END_NON_CONTINUOUS,SP-1F_ROOF_SLAB-10,600,4538.635237288,,0,600,0,[],2.80162669,1.400813345,1.400813345,2.101220018,2.101220018,2.80162669,2.80162669,0.000000001
S7-0365-004,S7-0365,1F_ROOF_SLAB,SUP-1F_ROOF_SLAB-104,SP-1F_ROOF_SLAB-04,Y,LBS-1F_ROOF_SLAB-04-Y-004,END_NON_CONTINUOUS,SP-1F_ROOF_SLAB-10,930,4495.92890678,,0,930,0,[],4.301660374,2.150830187,2.150830187,3.226245281,3.226245281,4.301660374,4.301660374,0.000000001
S7-0366-001,S7-0366,1F_ROOF_SLAB,SUP-1F_ROOF_SLAB-105,SP-1F_ROOF_SLAB-05,Y,LBS-1F_ROOF_SLAB-05-Y-001,END_NON_CONTINUOUS,SP-1F_ROOF_SLAB-10,24.048,4275,,0,24.048,0,[],0.105766667,0.052883333,0.052883333,0.079325,0.079325,0.105766667,0.105766667,-0.000000003
S7-0366-002,S7-0366,1F_ROOF_SLAB,SUP-1F_ROOF_SLAB-105,SP-1F_ROOF_SLAB-05,Y,LBS-1F_ROOF_SLAB-05-Y-002,END_NON_CONTINUOUS,SP-1F_ROOF_SLAB-10,103.641,4275,,0,103.641,0,[],0.455828472,0.227914236,0.227914236,0.341871354,0.341871354,0.455828472,0.455828472,0.000000001
S7-0366-003,S7-0366,1F_ROOF_SLAB,SUP-1F_ROOF_SLAB-105,SP-1F_ROOF_SLAB-05,Y,LBS-1F_ROOF_SLAB-05-Y-003,END_NON_CONTINUOUS,SP-1F_ROOF_SLAB-10,117.426,4275,,0,117.426,0,[],0.516456944,0.258228472,0.258228472,0.387342708,0.387342708,0.516456944,0.516456944,0.000000001
S7-0366-004,S7-0366,1F_ROOF_SLAB,SUP-1F_ROOF_SLAB-105,SP-1F_ROOF_SLAB-05,Y,LBS-1F_ROOF_SLAB-05-Y-004,END_NON_CONTINUOUS,SP-1F_ROOF_SLAB-10,54.885,4275,,0,54.885,0,[],0.241392361,0.12069618,0.12069618,0.181044271,0.181044271,0.241392361,0.241392361,0.000000001
S7-0366-005,S7-0366,1F_ROOF_SLAB,SUP-1F_ROOF_SLAB-105,SP-1F_ROOF_SLAB-05,Y,LBS-1F_ROOF_SLAB-05-Y-005,END_NON_CONTINUOUS,SP-1F_ROOF_SLAB-10,75.431,4325,,0,75.431,0,[],0.335636908,0.167818454,0.167818454,0.251727681,0.251727681,0.335636908,0.335636908,0.000000002
S7-0366-006,S7-0366,1F_ROOF_SLAB,SUP-1F_ROOF_SLAB-105,SP-1F_ROOF_SLAB-05,Y,LBS-1F_ROOF_SLAB-05-Y-006,END_NON_CONTINUOUS,SP-1F_ROOF_SLAB-10,142.216,4325,,0,142.216,0,[],0.632802675,0.316401337,0.316401337,0.474602006,0.474602006,0.632802675,0.632802675,0
S7-0366-007,S7-0366,1F_ROOF_SLAB,SUP-1F_ROOF_SLAB-105,SP-1F_ROOF_SLAB-05,Y,LBS-1F_ROOF_SLAB-05-Y-007,END_NON_CONTINUOUS,SP-1F_ROOF_SLAB-10,153.032,4325,,0,153.032,0,[],0.680929424,0.340464712,0.340464712,0.510697068,0.510697068,0.680929424,0.680929424,0
S7-0366-008,S7-0366,1F_ROOF_SLAB,SUP-1F_ROOF_SLAB-105,SP-1F_ROOF_SLAB-05,Y,LBS-1F_ROOF_SLAB-05-Y-008,END_NON_CONTINUOUS,SP-1F_ROOF_SLAB-10,162.684,4325,,0,162.684,0,[],0.723876852,0.361938426,0.361938426,0.542907639,0.542907639,0.723876852,0.723876852,0
S7-0366-009,S7-0366,1F_ROOF_SLAB,SUP-1F_ROOF_SLAB-105,SP-1F_ROOF_SLAB-05,Y,LBS-1F_ROOF_SLAB-05-Y-009,END_NON_CONTINUOUS,SP-1F_ROOF_SLAB-10,171.098,4325,,0,171.098,0,[],0.761315689,0.380657845,0.380657845,0.570986767,0.570986767,0.761315689,0.761315689,0.000000001
S7-0366-010,S7-0366,1F_ROOF_SLAB,SUP-1F_ROOF_SLAB-105,SP-1F_ROOF_SLAB-05,Y,LBS-1F_ROOF_SLAB-05-Y-010,END_NON_CONTINUOUS,SP-1F_ROOF_SLAB-10,178.21,4325,,0,178.21,0,[],0.792961163,0.396480581,0.396480581,0.594720872,0.594720872,0.792961163,0.792961163,0
S7-0366-011,S7-0366,1F_ROOF_SLAB,SUP-1F_ROOF_SLAB-105,SP-1F_ROOF_SLAB-05,Y,LBS-1F_ROOF_SLAB-05-Y-011,END_NON_CONTINUOUS,SP-1F_ROOF_SLAB-10,183.965,4325,,0,183.965,0,[],0.818568544,0.409284272,0.409284272,0.613926408,0.613926408,0.818568544,0.818568544,0.000000001
S7-0366-012,S7-0366,1F_ROOF_SLAB,SUP-1F_ROOF_SLAB-105,SP-1F_ROOF_SLAB-05,Y,LBS-1F_ROOF_SLAB-05-Y-012,END_NON_CONTINUOUS,SP-1F_ROOF_SLAB-10,188.321,4325,,0,188.321,0,[],0.837950952,0.418975476,0.418975476,0.628463214,0.628463214,0.837950952,0.837950952,0
S7-0366-013,S7-0366,1F_ROOF_SLAB,SUP-1F_ROOF_SLAB-105,SP-1F_ROOF_SLAB-05,Y,LBS-1F_ROOF_SLAB-05-Y-013,END_NON_CONTINUOUS,SP-1F_ROOF_SLAB-10,191.243,4325,,0,191.243,0,[],0.850952649,0.425476325,0.425476325,0.638214487,0.638214487,0.850952649,0.850952649,0.000000001
S7-0366-014,S7-0366,1F_ROOF_SLAB,SUP-1F_ROOF_SLAB-105,SP-1F_ROOF_SLAB-05,Y,LBS-1F_ROOF_SLAB-05-Y-014,END_NON_CONTINUOUS,SP-1F_ROOF_SLAB-10,192.709,4325,,0,192.709,0,[],0.857475746,0.428737873,0.428737873,0.643106809,0.643106809,0.857475746,0.857475746,0
S7-0366-015,S7-0366,1F_ROOF_SLAB,SUP-1F_ROOF_SLAB-105,SP-1F_ROOF_SLAB-05,Y,LBS-1F_ROOF_SLAB-05-Y-015,END_NON_CONTINUOUS,SP-1F_ROOF_SLAB-10,192.709,4325,,0,192.709,0,[],0.857475746,0.428737873,0.428737873,0.643106809,0.643106809,0.857475746,0.857475746,0
S7-0366-016,S7-0366,1F_ROOF_SLAB,SUP-1F_ROOF_SLAB-105,SP-1F_ROOF_SLAB-05,Y,LBS-1F_ROOF_SLAB-05-Y-016,END_NON_CONTINUOUS,SP-1F_ROOF_SLAB-10,191.243,4325,,0,191.243,0,[],0.850952649,0.425476325,0.425476325,0.638214487,0.638214487,0.850952649,0.850952649,0.000000001
S7-0366-017,S7-0366,1F_ROOF_SLAB,SUP-1F_ROOF_SLAB-105,SP-1F_ROOF_SLAB-05,Y,LBS-1F_ROOF_SLAB-05-Y-017,END_NON_CONTINUOUS,SP-1F_ROOF_SLAB-10,188.321,4325,,0,188.321,0,[],0.837950952,0.418975476,0.418975476,0.628463214,0.628463214,0.837950952,0.837950952,0
S7-0366-018,S7-0366,1F_ROOF_SLAB,SUP-1F_ROOF_SLAB-105,SP-1F_ROOF_SLAB-05,Y,LBS-1F_ROOF_SLAB-05-Y-018,END_NON_CONTINUOUS,SP-1F_ROOF_SLAB-10,183.965,4325,,0,183.965,0,[],0.818568544,0.409284272,0.409284272,0.613926408,0.613926408,0.818568544,0.818568544,0.000000001
S7-0366-019,S7-0366,1F_ROOF_SLAB,SUP-1F_ROOF_SLAB-105,SP-1F_ROOF_SLAB-05,Y,LBS-1F_ROOF_SLAB-05-Y-019,END_NON_CONTINUOUS,SP-1F_ROOF_SLAB-10,178.21,4325,,0,178.21,0,[],0.792961163,0.396480581,0.396480581,0.594720872,0.594720872,0.792961163,0.792961163,0
S7-0366-020,S7-0366,1F_ROOF_SLAB,SUP-1F_ROOF_SLAB-105,SP-1F_ROOF_SLAB-05,Y,LBS-1F_ROOF_SLAB-05-Y-020,END_NON_CONTINUOUS,SP-1F_ROOF_SLAB-10,171.098,4325,,0,171.098,0,[],0.761315689,0.380657845,0.380657845,0.570986767,0.570986767,0.761315689,0.761315689,0.000000001
S7-0366-021,S7-0366,1F_ROOF_SLAB,SUP-1F_ROOF_SLAB-105,SP-1F_ROOF_SLAB-05,Y,LBS-1F_ROOF_SLAB-05-Y-021,END_NON_CONTINUOUS,SP-1F_ROOF_SLAB-10,162.684,4325,,0,162.684,0,[],0.723876852,0.361938426,0.361938426,0.542907639,0.542907639,0.723876852,0.723876852,0
S7-0366-022,S7-0366,1F_ROOF_SLAB,SUP-1F_ROOF_SLAB-105,SP-1F_ROOF_SLAB-05,Y,LBS-1F_ROOF_SLAB-05-Y-022,END_NON_CONTINUOUS,SP-1F_ROOF_SLAB-10,153.032,4325,,0,153.032,0,[],0.680929424,0.340464712,0.340464712,0.510697068,0.510697068,0.680929424,0.680929424,0
S7-0366-023,S7-0366,1F_ROOF_SLAB,SUP-1F_ROOF_SLAB-105,SP-1F_ROOF_SLAB-05,Y,LBS-1F_ROOF_SLAB-05-Y-023,END_NON_CONTINUOUS,SP-1F_ROOF_SLAB-10,142.216,4325,,0,142.216,0,[],0.632802675,0.316401337,0.316401337,0.474602006,0.474602006,0.632802675,0.632802675,0
S7-0366-024,S7-0366,1F_ROOF_SLAB,SUP-1F_ROOF_SLAB-105,SP-1F_ROOF_SLAB-05,Y,LBS-1F_ROOF_SLAB-05-Y-024,END_NON_CONTINUOUS,SP-1F_ROOF_SLAB-10,130.316,4325,,0,130.316,0,[],0.579852572,0.289926286,0.289926286,0.434889429,0.434889429,0.579852572,0.579852572,0.000000001
S7-0366-025,S7-0366,1F_ROOF_SLAB,SUP-1F_ROOF_SLAB-105,SP-1F_ROOF_SLAB-05,Y,LBS-1F_ROOF_SLAB-05-Y-025,END_NON_CONTINUOUS,SP-1F_ROOF_SLAB-10,117.426,4325,,0,117.426,0,[],0.522497377,0.261248688,0.261248688,0.391873033,0.391873033,0.522497377,0.522497377,0
S7-0366-026,S7-0366,1F_ROOF_SLAB,SUP-1F_ROOF_SLAB-105,SP-1F_ROOF_SLAB-05,Y,LBS-1F_ROOF_SLAB-05-Y-026,END_NON_CONTINUOUS,SP-1F_ROOF_SLAB-10,99.871,4325,,0,99.871,0,[],0.444384851,0.222192426,0.222192426,0.333288638,0.333288638,0.444384851,0.444384851,0
S7-0366-027,S7-0366,1F_ROOF_SLAB,SUP-1F_ROOF_SLAB-105,SP-1F_ROOF_SLAB-05,Y,LBS-1F_ROOF_SLAB-05-Y-027,END_NON_CONTINUOUS,SP-1F_ROOF_SLAB-10,3.77,4275,,0,3.77,0,[],0.016581019,0.008290509,0.008290509,0.012435764,0.012435764,0.016581019,0.016581019,-0.000000028
S7-0366-028,S7-0366,1F_ROOF_SLAB,SUP-1F_ROOF_SLAB-105,SP-1F_ROOF_SLAB-05,Y,LBS-1F_ROOF_SLAB-05-Y-028,END_NON_CONTINUOUS,SP-1F_ROOF_SLAB-10,89.068,4275,,0,89.068,0,[],0.391734259,0.195867129,0.195867129,0.293800694,0.293800694,0.391734259,0.391734259,0.000000001
S7-0366-029,S7-0366,1F_ROOF_SLAB,SUP-1F_ROOF_SLAB-105,SP-1F_ROOF_SLAB-05,Y,LBS-1F_ROOF_SLAB-05-Y-029,END_NON_CONTINUOUS,SP-1F_ROOF_SLAB-10,73.817,4275,,0,73.817,0,[],0.324658102,0.162329051,0.162329051,0.243493577,0.243493577,0.324658102,0.324658102,0
S7-0366-030,S7-0366,1F_ROOF_SLAB,SUP-1F_ROOF_SLAB-105,SP-1F_ROOF_SLAB-05,Y,LBS-1F_ROOF_SLAB-05-Y-030,END_NON_CONTINUOUS,SP-1F_ROOF_SLAB-10,58.004,4275,,0,58.004,0,[],0.255110185,0.127555092,0.127555092,0.191332639,0.191332639,0.255110185,0.255110185,0.000000001
S7-0366-031,S7-0366,1F_ROOF_SLAB,SUP-1F_ROOF_SLAB-105,SP-1F_ROOF_SLAB-05,Y,LBS-1F_ROOF_SLAB-05-Y-031,END_NON_CONTINUOUS,SP-1F_ROOF_SLAB-10,25.341,4275,,0,25.341,0,[],0.111453472,0.055726736,0.055726736,0.083590104,0.083590104,0.111453472,0.111453472,0.000000003
S7-0367-001,S7-0367,GF_ROOF_SLAB,SUP-GF_ROOF_SLAB-106,SP-GF_ROOF_SLAB-04,X,LBS-GF_ROOF_SLAB-04-X-001,END_CONTINUOUS_RUN,SP-GF_ROOF_SLAB-05,750,1470,1900,749.956,0.044,0,"[""LBS-GF_ROOF_SLAB-05-X-001""]",1.134259259,0.56712963,1.300144588,1.319426926,1.319426926,1.466029917,1.134259259,0.000000001
S7-0367-002,S7-0367,GF_ROOF_SLAB,SUP-GF_ROOF_SLAB-106,SP-GF_ROOF_SLAB-04,X,LBS-GF_ROOF_SLAB-04-X-002,END_CONTINUOUS_RUN,SP-GF_ROOF_SLAB-05,750,1470,1900,750,0,0,"[""LBS-GF_ROOF_SLAB-05-X-001"", ""LBS-GF_ROOF_SLAB-05-X-002""]",1.134259259,0.56712963,1.300154321,1.319444444,1.319444444,1.466049382,1.134259259,0.000000001
S7-0367-003,S7-0367,GF_ROOF_SLAB,SUP-GF_ROOF_SLAB-106,SP-GF_ROOF_SLAB-04,X,LBS-GF_ROOF_SLAB-04-X-003,END_CONTINUOUS_RUN,SP-GF_ROOF_SLAB-05,250,1470,1900,250,0,0,"[""LBS-GF_ROOF_SLAB-05-X-002"", ""LBS-GF_ROOF_SLAB-05-X-003""]",0.37808642,0.18904321,0.433384774,0.439814815,0.439814815,0.488683128,0.37808642,0
S7-0368-001,S7-0368,GF_ROOF_SLAB,SUP-GF_ROOF_SLAB-106,SP-GF_ROOF_SLAB-05,X,LBS-GF_ROOF_SLAB-05-X-001,END_CONTINUOUS_RUN,SP-GF_ROOF_SLAB-04,750,1900,1470,749.956,0.044,0,"[""LBS-GF_ROOF_SLAB-04-X-001""]",1.466049383,0.733024692,1.300164054,1.319444445,1.319444445,1.466049383,1.466049383,0
S7-0368-002,S7-0368,GF_ROOF_SLAB,SUP-GF_ROOF_SLAB-106,SP-GF_ROOF_SLAB-05,X,LBS-GF_ROOF_SLAB-05-X-002,END_CONTINUOUS_RUN,SP-GF_ROOF_SLAB-04,750,1900,1470,750,0,0,"[""LBS-GF_ROOF_SLAB-04-X-001"", ""LBS-GF_ROOF_SLAB-04-X-002""]",1.466049383,0.733024692,1.300154321,1.319444445,1.319444445,1.466049383,1.466049383,0
S7-0368-003,S7-0368,GF_ROOF_SLAB,SUP-GF_ROOF_SLAB-106,SP-GF_ROOF_SLAB-05,X,LBS-GF_ROOF_SLAB-05-X-003,END_CONTINUOUS_RUN,SP-GF_ROOF_SLAB-04,250,1900,1470,250,0,0,"[""LBS-GF_ROOF_SLAB-04-X-002"", ""LBS-GF_ROOF_SLAB-04-X-003""]",0.488683128,0.244341564,0.433384774,0.439814815,0.439814815,0.488683128,0.488683128,0
S7-0370-001,S7-0370,GF_ROOF_SLAB,SUP-GF_ROOF_SLAB-107,SP-GF_ROOF_SLAB-10,X,LBS-GF_ROOF_SLAB-10-X-001,END_CONTINUOUS_RUN,SP-GF_ROOF_SLAB-11,304.065,723.383316881,1420,304.065,0,0,"[""LBS-GF_ROOF_SLAB-11-X-006"", ""LBS-GF_ROOF_SLAB-11-X-007""]",0.226291716,0.113145858,0.33525095,0.399858877,0.399858877,0.444287641,0.226291716,0.000000002
S7-0370-002,S7-0370,GF_ROOF_SLAB,SUP-GF_ROOF_SLAB-107,SP-GF_ROOF_SLAB-10,X,LBS-GF_ROOF_SLAB-10-X-002,END_CONTINUOUS_RUN,SP-GF_ROOF_SLAB-11,29.86,1517.804819157,1420,29.86,0,0,"[""LBS-GF_ROOF_SLAB-11-X-007"", ""LBS-GF_ROOF_SLAB-11-X-008""]",0.046627214,0.023313607,0.045124924,0.041964493,0.041964493,0.046627214,0.046627214,-0.000000002
S7-0370-003,S7-0370,GF_ROOF_SLAB,SUP-GF_ROOF_SLAB-107,SP-GF_ROOF_SLAB-10,X,LBS-GF_ROOF_SLAB-10-X-003,END_CONTINUOUS_RUN,SP-GF_ROOF_SLAB-11,70.14,1755.708989937,1420,70.14,0,0,"[""LBS-GF_ROOF_SLAB-11-X-008""]",0.126692828,0.063346414,0.114580365,0.114023545,0.114023545,0.126692828,0.126692828,-0.000000002
S7-0370-004,S7-0370,GF_ROOF_SLAB,SUP-GF_ROOF_SLAB-107,SP-GF_ROOF_SLAB-10,X,LBS-GF_ROOF_SLAB-10-X-004,END_CONTINUOUS_RUN,SP-GF_ROOF_SLAB-11,50,2041.527060712,1469.956,50,0,0,"[""LBS-GF_ROOF_SLAB-11-X-008"", ""LBS-GF_ROOF_SLAB-11-X-009""]",0.105016824,0.052508412,0.090315922,0.094515142,0.094515142,0.105016824,0.105016824,0.000000002
S7-0370-005,S7-0370,GF_ROOF_SLAB,SUP-GF_ROOF_SLAB-107,SP-GF_ROOF_SLAB-10,X,LBS-GF_ROOF_SLAB-10-X-005,END_CONTINUOUS_RUN,SP-GF_ROOF_SLAB-11,250,2755.239573051,1470,250,0,0,"[""LBS-GF_ROOF_SLAB-11-X-009"", ""LBS-GF_ROOF_SLAB-11-X-010""]",0.708652154,0.354326077,0.543369287,0.637786939,0.637786939,0.708652154,0.708652154,0
S7-0370-006,S7-0370,GF_ROOF_SLAB,SUP-GF_ROOF_SLAB-107,SP-GF_ROOF_SLAB-10,X,LBS-GF_ROOF_SLAB-10-X-006,END_CONTINUOUS_RUN,SP-GF_ROOF_SLAB-11,79.86,3750,1470,79.86,0,0,"[""LBS-GF_ROOF_SLAB-11-X-010"", ""LBS-GF_ROOF_SLAB-11-X-011""]",0.308101852,0.154050926,0.214438889,0.277291667,0.277291667,0.308101852,0.308101852,0
S7-0370-007,S7-0370,GF_ROOF_SLAB,SUP-GF_ROOF_SLAB-107,SP-GF_ROOF_SLAB-10,X,LBS-GF_ROOF_SLAB-10-X-007,END_CONTINUOUS_RUN,SP-GF_ROOF_SLAB-11,295.14,3750,1470,295.14,0,0,"[""LBS-GF_ROOF_SLAB-11-X-011""]",1.138657407,0.569328703,0.792505555,1.024791666,1.024791666,1.138657407,1.138657407,0.000000001
S7-0370-008,S7-0370,GF_ROOF_SLAB,SUP-GF_ROOF_SLAB-107,SP-GF_ROOF_SLAB-10,X,LBS-GF_ROOF_SLAB-10-X-008,END_CONTINUOUS_RUN,SP-GF_ROOF_SLAB-11,25,3750,1470,25,0,0,"[""LBS-GF_ROOF_SLAB-11-X-011"", ""LBS-GF_ROOF_SLAB-11-X-012""]",0.096450617,0.048225309,0.067129629,0.086805555,0.086805555,0.096450617,0.096450617,0.000000004
S7-0370-009,S7-0370,GF_ROOF_SLAB,SUP-GF_ROOF_SLAB-107,SP-GF_ROOF_SLAB-10,X,LBS-GF_ROOF_SLAB-10-X-009,END_CONTINUOUS_RUN,SP-GF_ROOF_SLAB-11,500,3750,1470,500,0,0,"[""LBS-GF_ROOF_SLAB-11-X-012"", ""LBS-GF_ROOF_SLAB-11-X-013"", ""LBS-GF_ROOF_SLAB-11-X-014""]",1.929012346,0.964506173,1.342592593,1.736111111,1.736111111,1.929012346,1.929012346,0
S7-0370-010,S7-0370,GF_ROOF_SLAB,SUP-GF_ROOF_SLAB-107,SP-GF_ROOF_SLAB-10,X,LBS-GF_ROOF_SLAB-10-X-010,END_CONTINUOUS_RUN,SP-GF_ROOF_SLAB-11,750,3750,1470,750,0,0,"[""LBS-GF_ROOF_SLAB-11-X-014"", ""LBS-GF_ROOF_SLAB-11-X-015""]",2.893518519,1.44675926,2.013888889,2.604166667,2.604166667,2.893518519,2.893518519,0
S7-0370-011,S7-0370,GF_ROOF_SLAB,SUP-GF_ROOF_SLAB-107,SP-GF_ROOF_SLAB-10,X,LBS-GF_ROOF_SLAB-10-X-011,END_CONTINUOUS_RUN,SP-GF_ROOF_SLAB-11,250,3750,1470,250,0,0,"[""LBS-GF_ROOF_SLAB-11-X-015"", ""LBS-GF_ROOF_SLAB-11-X-016""]",0.964506173,0.482253087,0.671296296,0.868055556,0.868055556,0.964506173,0.964506173,0
S7-0371-001,S7-0371,GF_ROOF_SLAB,SUP-GF_ROOF_SLAB-107,SP-GF_ROOF_SLAB-11,X,LBS-GF_ROOF_SLAB-11-X-006,END_CONTINUOUS_RUN,SP-GF_ROOF_SLAB-10,42.033,1420,,0,42.033,0,[],0.061406235,0.030703118,0.061406235,0.055265612,0.055265612,0.061406235,0.061406235,-0.000000006
S7-0371-002,S7-0371,GF_ROOF_SLAB,SUP-GF_ROOF_SLAB-107,SP-GF_ROOF_SLAB-11,X,LBS-GF_ROOF_SLAB-11-X-007,END_CONTINUOUS_RUN,SP-GF_ROOF_SLAB-10,304.065,1420,723.295331799,304.056,0.009,0,"[""LBS-GF_ROOF_SLAB-10-X-001""]",0.444210185,0.222105092,0.335240414,0.39985797,0.39985797,0.444286634,0.444210185,0.000000001
S7-0371-003,S7-0371,GF_ROOF_SLAB,SUP-GF_ROOF_SLAB-107,SP-GF_ROOF_SLAB-11,X,LBS-GF_ROOF_SLAB-11-X-008,END_CONTINUOUS_RUN,SP-GF_ROOF_SLAB-10,100,1420,1684.596447974,100,0,0,"[""LBS-GF_ROOF_SLAB-10-X-001"", ""LBS-GF_ROOF_SLAB-10-X-002"", ""LBS-GF_ROOF_SLAB-10-X-003""]",0.146090535,0.073045267,0.159701463,0.155981153,0.155981153,0.173312392,0.146090535,0
S7-0371-004,S7-0371,GF_ROOF_SLAB,SUP-GF_ROOF_SLAB-107,SP-GF_ROOF_SLAB-11,X,LBS-GF_ROOF_SLAB-11-X-009,END_CONTINUOUS_RUN,SP-GF_ROOF_SLAB-10,50,1470,2041.340648058,50,0,0,"[""LBS-GF_ROOF_SLAB-10-X-003"", ""LBS-GF_ROOF_SLAB-10-X-004""]",0.075617284,0.037808642,0.09031226,0.094506512,0.094506512,0.105007235,0.075617284,0
S7-0371-005,S7-0371,GF_ROOF_SLAB,SUP-GF_ROOF_SLAB-107,SP-GF_ROOF_SLAB-11,X,LBS-GF_ROOF_SLAB-11-X-010,END_CONTINUOUS_RUN,SP-GF_ROOF_SLAB-10,250,1470,2755.040648,250,0,0,"[""LBS-GF_ROOF_SLAB-10-X-004"", ""LBS-GF_ROOF_SLAB-10-X-005""]",0.37808642,0.18904321,0.543343705,0.637740891,0.637740891,0.70860099,0.37808642,0
S7-0371-006,S7-0371,GF_ROOF_SLAB,SUP-GF_ROOF_SLAB-107,SP-GF_ROOF_SLAB-11,X,LBS-GF_ROOF_SLAB-11-X-011,END_CONTINUOUS_RUN,SP-GF_ROOF_SLAB-10,375,1470,3749.953054385,375,0,0,"[""LBS-GF_ROOF_SLAB-10-X-005"", ""LBS-GF_ROOF_SLAB-10-X-006"", ""LBS-GF_ROOF_SLAB-10-X-007""]",0.56712963,0.283564815,1.006935389,1.302067034,1.302067034,1.446741148,0.56712963,0
S7-0371-007,S7-0371,GF_ROOF_SLAB,SUP-GF_ROOF_SLAB-107,SP-GF_ROOF_SLAB-11,X,LBS-GF_ROOF_SLAB-11-X-012,END_CONTINUOUS_RUN,SP-GF_ROOF_SLAB-10,25,1470,3750,25,0,0,"[""LBS-GF_ROOF_SLAB-10-X-007"", ""LBS-GF_ROOF_SLAB-10-X-008""]",0.037808642,0.018904321,0.06712963,0.086805556,0.086805556,0.096450617,0.037808642,0
S7-0371-008,S7-0371,GF_ROOF_SLAB,SUP-GF_ROOF_SLAB-107,SP-GF_ROOF_SLAB-11,X,LBS-GF_ROOF_SLAB-11-X-013,END_CONTINUOUS_RUN,SP-GF_ROOF_SLAB-10,300,1470,3750,300,0,0,"[""LBS-GF_ROOF_SLAB-10-X-008"", ""LBS-GF_ROOF_SLAB-10-X-009""]",0.453703704,0.226851852,0.805555556,1.041666667,1.041666667,1.157407408,0.453703704,0
S7-0371-009,S7-0371,GF_ROOF_SLAB,SUP-GF_ROOF_SLAB-107,SP-GF_ROOF_SLAB-11,X,LBS-GF_ROOF_SLAB-11-X-014,END_CONTINUOUS_RUN,SP-GF_ROOF_SLAB-10,200,1470,3750,200,0,0,"[""LBS-GF_ROOF_SLAB-10-X-009""]",0.302469136,0.151234568,0.537037037,0.694444445,0.694444445,0.771604939,0.302469136,0
S7-0371-010,S7-0371,GF_ROOF_SLAB,SUP-GF_ROOF_SLAB-107,SP-GF_ROOF_SLAB-11,X,LBS-GF_ROOF_SLAB-11-X-015,END_CONTINUOUS_RUN,SP-GF_ROOF_SLAB-10,750,1470,3750,750,0,0,"[""LBS-GF_ROOF_SLAB-10-X-009"", ""LBS-GF_ROOF_SLAB-10-X-010""]",1.134259259,0.56712963,2.013888888,2.604166666,2.604166666,2.893518518,1.134259259,0.000000001
S7-0371-011,S7-0371,GF_ROOF_SLAB,SUP-GF_ROOF_SLAB-107,SP-GF_ROOF_SLAB-11,X,LBS-GF_ROOF_SLAB-11-X-016,END_CONTINUOUS_RUN,SP-GF_ROOF_SLAB-10,250,1470,3750,250,0,0,"[""LBS-GF_ROOF_SLAB-10-X-010"", ""LBS-GF_ROOF_SLAB-10-X-011""]",0.37808642,0.18904321,0.671296297,0.868055556,0.868055556,0.964506173,0.37808642,0
S7-0373-001,S7-0373,GF_ROOF_SLAB,SUP-GF_ROOF_SLAB-108,SP-GF_ROOF_SLAB-17,X,LBS-GF_ROOF_SLAB-17-X-001,END_CONTINUOUS_SPLIT,SP-GF_ROOF_SLAB-18,99.404,4163.309531645,2370,99.36,0.044,0,"[""LBS-GF_ROOF_SLAB-18-X-001""]",0.425771215,0.212885607,0.334113351,0.383194093,0.383194093,0.425771215,0.425771215,0
S7-0373-002,S7-0373,GF_ROOF_SLAB,SUP-GF_ROOF_SLAB-108,SP-GF_ROOF_SLAB-17,X,LBS-GF_ROOF_SLAB-17-X-002,END_CONTINUOUS_SPLIT,SP-GF_ROOF_SLAB-18,100.596,4147.379652857,2370,100.596,0,0,"[""LBS-GF_ROOF_SLAB-18-X-001"", ""LBS-GF_ROOF_SLAB-18-X-002""]",0.429228193,0.214614096,0.337254282,0.386305374,0.386305374,0.429228193,0.429228193,0.000000001
S7-0373-003,S7-0373,GF_ROOF_SLAB,SUP-GF_ROOF_SLAB-108,SP-GF_ROOF_SLAB-17,X,LBS-GF_ROOF_SLAB-17-X-003,END_CONTINUOUS_SPLIT,SP-GF_ROOF_SLAB-18,95.649,4131.748857543,2370,95.649,0,0,"[""LBS-GF_ROOF_SLAB-18-X-002"", ""LBS-GF_ROOF_SLAB-18-X-003"", ""LBS-GF_ROOF_SLAB-18-X-004""]",0.406581941,0.203290971,0.319900091,0.365923747,0.365923747,0.406581941,0.406581941,0
S7-0373-004,S7-0373,GF_ROOF_SLAB,SUP-GF_ROOF_SLAB-108,SP-GF_ROOF_SLAB-17,X,LBS-GF_ROOF_SLAB-17-X-004,END_CONTINUOUS_SPLIT,SP-GF_ROOF_SLAB-18,89.975,4116.964018443,2370,89.975,0,0,"[""LBS-GF_ROOF_SLAB-18-X-004""]",0.381094483,0.190547241,0.300238985,0.342985035,0.342985035,0.381094483,0.381094483,0.000000001
S7-0373-005,S7-0373,GF_ROOF_SLAB,SUP-GF_ROOF_SLAB-108,SP-GF_ROOF_SLAB-17,X,LBS-GF_ROOF_SLAB-17-X-005,END_CONTINUOUS_SPLIT,SP-GF_ROOF_SLAB-18,83.615,4103.137680149,2370,83.615,0,0,"[""LBS-GF_ROOF_SLAB-18-X-004"", ""LBS-GF_ROOF_SLAB-18-X-005""]",0.352966931,0.176483465,0.278421506,0.317670238,0.317670238,0.352966931,0.352966931,0.000000001
S7-0373-006,S7-0373,GF_ROOF_SLAB,SUP-GF_ROOF_SLAB-108,SP-GF_ROOF_SLAB-17,X,LBS-GF_ROOF_SLAB-17-X-006,END_CONTINUOUS_SPLIT,SP-GF_ROOF_SLAB-18,76.619,4090.37513916,2370,76.619,0,0,"[""LBS-GF_ROOF_SLAB-18-X-005"", ""LBS-GF_ROOF_SLAB-18-X-006"", ""LBS-GF_ROOF_SLAB-18-X-007""]",0.322428449,0.161214225,0.25462319,0.290185604,0.290185604,0.322428449,0.322428449,0.000000002
S7-0373-007,S7-0373,GF_ROOF_SLAB,SUP-GF_ROOF_SLAB-108,SP-GF_ROOF_SLAB-17,X,LBS-GF_ROOF_SLAB-17-X-007,END_CONTINUOUS_SPLIT,SP-GF_ROOF_SLAB-18,69.04,4078.773488088,2370,69.04,0,0,"[""LBS-GF_ROOF_SLAB-18-X-007""]",0.289710413,0.144855206,0.229024342,0.260739372,0.260739372,0.289710413,0.289710413,0.000000001
S7-0373-008,S7-0373,GF_ROOF_SLAB,SUP-GF_ROOF_SLAB-108,SP-GF_ROOF_SLAB-17,X,LBS-GF_ROOF_SLAB-17-X-008,END_CONTINUOUS_SPLIT,SP-GF_ROOF_SLAB-18,60.935,4068.421058111,2370,60.935,0,0,"[""LBS-GF_ROOF_SLAB-18-X-007"", ""LBS-GF_ROOF_SLAB-18-X-008""]",0.255050656,0.127525328,0.201813368,0.22954559,0.22954559,0.255050656,0.255050656,-0.000000001
S7-0373-009,S7-0373,GF_ROOF_SLAB,SUP-GF_ROOF_SLAB-108,SP-GF_ROOF_SLAB-17,X,LBS-GF_ROOF_SLAB-17-X-009,END_CONTINUOUS_SPLIT,SP-GF_ROOF_SLAB-18,52.367,4059.396622479,2370,52.367,0,0,"[""LBS-GF_ROOF_SLAB-18-X-008"", ""LBS-GF_ROOF_SLAB-18-X-009""]",0.218702081,0.10935104,0.173193525,0.196831873,0.196831873,0.218702081,0.218702081,0.000000002
S7-0373-010,S7-0373,GF_ROOF_SLAB,SUP-GF_ROOF_SLAB-108,SP-GF_ROOF_SLAB-17,X,LBS-GF_ROOF_SLAB-17-X-010,END_CONTINUOUS_SPLIT,SP-GF_ROOF_SLAB-18,43.4,4051.76883897,2370,43.4,0,0,"[""LBS-GF_ROOF_SLAB-18-X-009"", ""LBS-GF_ROOF_SLAB-18-X-010""]",0.180912312,0.090456156,0.14336665,0.162821081,0.162821081,0.180912312,0.180912312,0.000000003
S7-0373-011,S7-0373,GF_ROOF_SLAB,SUP-GF_ROOF_SLAB-108,SP-GF_ROOF_SLAB-17,X,LBS-GF_ROOF_SLAB-17-X-011,END_CONTINUOUS_SPLIT,SP-GF_ROOF_SLAB-18,34.104,4045.595692342,2370,34.104,0,0,"[""LBS-GF_ROOF_SLAB-18-X-010"", ""LBS-GF_ROOF_SLAB-18-X-011"", ""LBS-GF_ROOF_SLAB-18-X-012""]",0.141945469,0.070972734,0.112550142,0.127750922,0.127750922,0.141945469,0.141945469,-0.000000002
S7-0373-012,S7-0373,GF_ROOF_SLAB,SUP-GF_ROOF_SLAB-108,SP-GF_ROOF_SLAB-17,X,LBS-GF_ROOF_SLAB-17-X-012,END_CONTINUOUS_SPLIT,SP-GF_ROOF_SLAB-18,24.546,4040.924255387,2370,24.546,0,0,"[""LBS-GF_ROOF_SLAB-18-X-012"", ""LBS-GF_ROOF_SLAB-18-X-013"", ""LBS-GF_ROOF_SLAB-18-X-014""]",0.102045809,0.051022905,0.080947812,0.091841228,0.091841228,0.102045809,0.102045809,0.000000005
S7-0373-013,S7-0373,GF_ROOF_SLAB,SUP-GF_ROOF_SLAB-108,SP-GF_ROOF_SLAB-17,X,LBS-GF_ROOF_SLAB-17-X-013,END_CONTINUOUS_SPLIT,SP-GF_ROOF_SLAB-18,14.803,4037.790131385,2370,14.803,0,0,"[""LBS-GF_ROOF_SLAB-18-X-014"", ""LBS-GF_ROOF_SLAB-18-X-015""]",0.061493217,0.030746609,0.048793476,0.055343895,0.055343895,0.061493217,0.061493217,0.000000007
S7-0373-014,S7-0373,GF_ROOF_SLAB,SUP-GF_ROOF_SLAB-108,SP-GF_ROOF_SLAB-17,X,LBS-GF_ROOF_SLAB-17-X-014,END_CONTINUOUS_SPLIT,SP-GF_ROOF_SLAB-18,4.947,4036.217055855,2370,4.947,0,0,"[""LBS-GF_ROOF_SLAB-18-X-015""]",0.020542352,0.010271176,0.016302241,0.018488117,0.018488117,0.020542352,0.020542352,-0.000000018
S7-0373-015,S7-0373,GF_ROOF_SLAB,SUP-GF_ROOF_SLAB-108,SP-GF_ROOF_SLAB-17,X,LBS-GF_ROOF_SLAB-17-X-015,END_CONTINUOUS_SPLIT,SP-GF_ROOF_SLAB-18,150,4023.875621212,2370,150,0,0,"[""LBS-GF_ROOF_SLAB-18-X-015"", ""LBS-GF_ROOF_SLAB-18-X-016""]",0.62096846,0.31048423,0.4933546,0.558871614,0.558871614,0.62096846,0.62096846,0.000000001
S7-0373-016,S7-0373,GF_ROOF_SLAB,SUP-GF_ROOF_SLAB-108,SP-GF_ROOF_SLAB-17,X,LBS-GF_ROOF_SLAB-17-X-016,END_CONTINUOUS_SPLIT,SP-GF_ROOF_SLAB-18,200,3995.998333333,2370,200,0,0,"[""LBS-GF_ROOF_SLAB-18-X-016"", ""LBS-GF_ROOF_SLAB-18-X-017""]",0.822221879,0.411110939,0.6549381,0.739999691,0.739999691,0.822221879,0.822221879,0.000000001
S7-0373-017,S7-0373,GF_ROOF_SLAB,SUP-GF_ROOF_SLAB-108,SP-GF_ROOF_SLAB-17,X,LBS-GF_ROOF_SLAB-17-X-017,END_CONTINUOUS_SPLIT,SP-GF_ROOF_SLAB-18,918.016,3906.949036519,2370,918.016,0,0,"[""LBS-GF_ROOF_SLAB-18-X-017""]",3.689960624,1.844980312,2.964166485,3.320964562,3.320964562,3.689960624,3.689960624,0.000000001
S7-0373-018,S7-0373,GF_ROOF_SLAB,SUP-GF_ROOF_SLAB-108,SP-GF_ROOF_SLAB-17,X,LBS-GF_ROOF_SLAB-17-X-018,END_CONTINUOUS_SPLIT,SP-GF_ROOF_SLAB-18,131.984,3823.317172882,2370,131.984,0,0,"[""LBS-GF_ROOF_SLAB-18-X-017"", ""LBS-GF_ROOF_SLAB-18-X-018""]",0.519152977,0.259576488,0.420482908,0.467237679,0.467237679,0.519152977,0.519152977,0.000000001
S7-0373-019,S7-0373,GF_ROOF_SLAB,SUP-GF_ROOF_SLAB-108,SP-GF_ROOF_SLAB-17,X,LBS-GF_ROOF_SLAB-17-X-019,END_CONTINUOUS_SPLIT,SP-GF_ROOF_SLAB-18,255.462,3792.457333798,812.595572843,255.462,0,0,"[""LBS-GF_ROOF_SLAB-18-X-018"", ""LBS-GF_ROOF_SLAB-18-X-019"", ""LBS-GF_ROOF_SLAB-18-X-020"", ""LBS-GF_ROOF_SLAB-18-X-021""]",0.996737382,0.498368691,0.605152276,0.897063644,0.897063644,0.996737382,0.996737382,0.000000001
S7-0373-020,S7-0373,GF_ROOF_SLAB,SUP-GF_ROOF_SLAB-108,SP-GF_ROOF_SLAB-17,X,LBS-GF_ROOF_SLAB-17-X-020,END_CONTINUOUS_SPLIT,SP-GF_ROOF_SLAB-18,42.978,3768.686768671,102.216709302,42.978,0,0,"[""LBS-GF_ROOF_SLAB-18-X-021""]",0.16663644,0.08331822,0.08557803,0.149972796,0.149972796,0.16663644,0.16663644,0.000000002
S7-0373-021,S7-0373,GF_ROOF_SLAB,SUP-GF_ROOF_SLAB-108,SP-GF_ROOF_SLAB-17,X,LBS-GF_ROOF_SLAB-17-X-021,END_CONTINUOUS_SPLIT,SP-GF_ROOF_SLAB-18,42.034,3761.915614393,0.009511628,0.004,42.03,0,"[""LBS-GF_ROOF_SLAB-18-X-021""]",0.162683499,0.08134175,0.162675752,0.146415149,0.146415149,0.162683499,0.162683499,0
S7-0374-001,S7-0374,GF_ROOF_SLAB,SUP-GF_ROOF_SLAB-108,SP-GF_ROOF_SLAB-18,X,LBS-GF_ROOF_SLAB-18-X-001,END_CONTINUOUS_SPLIT,SP-GF_ROOF_SLAB-17,99.404,2370,4163.303179074,99.36,0.044,0,"[""LBS-GF_ROOF_SLAB-17-X-001""]",0.242373951,0.121186975,0.334031669,0.383120449,0.383120449,0.425689387,0.242373951,-0.000000001
S7-0374-002,S7-0374,GF_ROOF_SLAB,SUP-GF_ROOF_SLAB-108,SP-GF_ROOF_SLAB-18,X,LBS-GF_ROOF_SLAB-18-X-002,END_CONTINUOUS_SPLIT,SP-GF_ROOF_SLAB-17,100.596,2370,4147.40667992,100.596,0,0,"[""LBS-GF_ROOF_SLAB-17-X-001"", ""LBS-GF_ROOF_SLAB-17-X-002""]",0.24528037,0.122640185,0.33725568,0.386307891,0.386307891,0.429230989,0.24528037,0.000000002
S7-0374-003,S7-0374,GF_ROOF_SLAB,SUP-GF_ROOF_SLAB-108,SP-GF_ROOF_SLAB-18,X,LBS-GF_ROOF_SLAB-18-X-003,END_CONTINUOUS_SPLIT,SP-GF_ROOF_SLAB-17,95.649,2370,4131.753120806,95.649,0,0,"[""LBS-GF_ROOF_SLAB-17-X-002"", ""LBS-GF_ROOF_SLAB-17-X-003"", ""LBS-GF_ROOF_SLAB-17-X-004""]",0.233218241,0.11660912,0.319900301,0.365924125,0.365924125,0.406582361,0.233218241,0
S7-0374-004,S7-0374,GF_ROOF_SLAB,SUP-GF_ROOF_SLAB-108,SP-GF_ROOF_SLAB-18,X,LBS-GF_ROOF_SLAB-18-X-004,END_CONTINUOUS_SPLIT,SP-GF_ROOF_SLAB-17,89.975,2370,4116.951191667,89.975,0,0,"[""LBS-GF_ROOF_SLAB-17-X-004""]",0.219383488,0.109691744,0.300238392,0.342983967,0.342983967,0.381093296,0.219383488,-0.000000001
S7-0374-005,S7-0374,GF_ROOF_SLAB,SUP-GF_ROOF_SLAB-108,SP-GF_ROOF_SLAB-18,X,LBS-GF_ROOF_SLAB-18-X-005,END_CONTINUOUS_SPLIT,SP-GF_ROOF_SLAB-17,83.615,2370,4103.151988636,83.615,0,0,"[""LBS-GF_ROOF_SLAB-17-X-004"", ""LBS-GF_ROOF_SLAB-17-X-005""]",0.20387608,0.10193804,0.278422121,0.317671345,0.317671345,0.352968162,0.20387608,0.000000002
S7-0374-006,S7-0374,GF_ROOF_SLAB,SUP-GF_ROOF_SLAB-108,SP-GF_ROOF_SLAB-18,X,LBS-GF_ROOF_SLAB-18-X-006,END_CONTINUOUS_SPLIT,SP-GF_ROOF_SLAB-17,76.619,2370,4090.39928329,76.619,0,0,"[""LBS-GF_ROOF_SLAB-17-X-005"", ""LBS-GF_ROOF_SLAB-17-X-006"", ""LBS-GF_ROOF_SLAB-17-X-007""]",0.186817932,0.093408966,0.254624142,0.290187317,0.290187317,0.322430352,0.186817932,0.000000001
S7-0374-007,S7-0374,GF_ROOF_SLAB,SUP-GF_ROOF_SLAB-108,SP-GF_ROOF_SLAB-18,X,LBS-GF_ROOF_SLAB-18-X-007,END_CONTINUOUS_SPLIT,SP-GF_ROOF_SLAB-17,69.04,2370,4078.802547033,69.04,0,0,"[""LBS-GF_ROOF_SLAB-17-X-007""]",0.168338272,0.084169136,0.229025375,0.26074123,0.26074123,0.289712478,0.168338272,-0.000000002
S7-0374-008,S7-0374,GF_ROOF_SLAB,SUP-GF_ROOF_SLAB-108,SP-GF_ROOF_SLAB-18,X,LBS-GF_ROOF_SLAB-18-X-008,END_CONTINUOUS_SPLIT,SP-GF_ROOF_SLAB-17,60.935,2370,4068.454539407,60.935,0,0,"[""LBS-GF_ROOF_SLAB-17-X-007"", ""LBS-GF_ROOF_SLAB-17-X-008""]",0.14857608,0.07428804,0.201814417,0.229547479,0.229547479,0.255052754,0.14857608,0.000000002
S7-0374-009,S7-0374,GF_ROOF_SLAB,SUP-GF_ROOF_SLAB-108,SP-GF_ROOF_SLAB-18,X,LBS-GF_ROOF_SLAB-18-X-009,END_CONTINUOUS_SPLIT,SP-GF_ROOF_SLAB-17,52.367,2370,4059.404408396,52.367,0,0,"[""LBS-GF_ROOF_SLAB-17-X-008"", ""LBS-GF_ROOF_SLAB-17-X-009""]",0.127684969,0.063842485,0.173193735,0.19683225,0.19683225,0.2187025,0.127684969,0.000000002
S7-0374-010,S7-0374,GF_ROOF_SLAB,SUP-GF_ROOF_SLAB-108,SP-GF_ROOF_SLAB-18,X,LBS-GF_ROOF_SLAB-18-X-010,END_CONTINUOUS_SPLIT,SP-GF_ROOF_SLAB-17,43.4,2370,4051.756995421,43.4,0,0,"[""LBS-GF_ROOF_SLAB-17-X-009"", ""LBS-GF_ROOF_SLAB-17-X-010""]",0.105820988,0.052910494,0.143366386,0.162820606,0.162820606,0.180911784,0.105820988,-0.000000003
S7-0374-011,S7-0374,GF_ROOF_SLAB,SUP-GF_ROOF_SLAB-108,SP-GF_ROOF_SLAB-18,X,LBS-GF_ROOF_SLAB-18-X-011,END_CONTINUOUS_SPLIT,SP-GF_ROOF_SLAB-17,28.4,2370,4046.058287411,28.4,0,0,"[""LBS-GF_ROOF_SLAB-17-X-010"", ""LBS-GF_ROOF_SLAB-17-X-011""]",0.069246914,0.034623457,0.093732539,0.106396348,0.106396348,0.118218165,0.069246914,-0.000000005
S7-0374-012,S7-0374,GF_ROOF_SLAB,SUP-GF_ROOF_SLAB-108,SP-GF_ROOF_SLAB-18,X,LBS-GF_ROOF_SLAB-18-X-012,END_CONTINUOUS_SPLIT,SP-GF_ROOF_SLAB-17,5.704,2370,4043.357970674,5.704,0,0,"[""LBS-GF_ROOF_SLAB-17-X-011""]",0.013907901,0.006953951,0.018817795,0.02135492,0.02135492,0.023727689,0.013907901,0.000000017
S7-0374-013,S7-0374,GF_ROOF_SLAB,SUP-GF_ROOF_SLAB-108,SP-GF_ROOF_SLAB-18,X,LBS-GF_ROOF_SLAB-18-X-013,END_CONTINUOUS_SPLIT,SP-GF_ROOF_SLAB-17,24.546,2370,4040.952706093,24.546,0,0,"[""LBS-GF_ROOF_SLAB-17-X-011"", ""LBS-GF_ROOF_SLAB-17-X-012"", ""LBS-GF_ROOF_SLAB-17-X-013""]",0.059849815,0.029924908,0.080948172,0.091841875,0.091841875,0.102046528,0.059849815,-0.000000002
S7-0374-014,S7-0374,GF_ROOF_SLAB,SUP-GF_ROOF_SLAB-108,SP-GF_ROOF_SLAB-18,X,LBS-GF_ROOF_SLAB-18-X-014,END_CONTINUOUS_SPLIT,SP-GF_ROOF_SLAB-17,14.803,2370,4037.79878379,14.803,0,0,"[""LBS-GF_ROOF_SLAB-17-X-013"", ""LBS-GF_ROOF_SLAB-17-X-014""]",0.036093735,0.018046868,0.048793542,0.055344015,0.055344015,0.06149335,0.036093735,-0.000000011
S7-0374-015,S7-0374,GF_ROOF_SLAB,SUP-GF_ROOF_SLAB-108,SP-GF_ROOF_SLAB-18,X,LBS-GF_ROOF_SLAB-18-X-015,END_CONTINUOUS_SPLIT,SP-GF_ROOF_SLAB-17,4.947,2370,4036.2028,4.947,0,0,"[""LBS-GF_ROOF_SLAB-17-X-014""]",0.01206213,0.006031065,0.016302205,0.018488052,0.018488052,0.02054228,0.01206213,-0.00000003
S7-0374-016,S7-0374,GF_ROOF_SLAB,SUP-GF_ROOF_SLAB-108,SP-GF_ROOF_SLAB-18,X,LBS-GF_ROOF_SLAB-18-X-016,END_CONTINUOUS_SPLIT,SP-GF_ROOF_SLAB-17,150,2370,4023.857010671,150,0,0,"[""LBS-GF_ROOF_SLAB-17-X-014"", ""LBS-GF_ROOF_SLAB-17-X-015""]",0.365740741,0.18287037,0.493353165,0.55886903,0.55886903,0.620965589,0.365740741,0
S7-0374-017,S7-0374,GF_ROOF_SLAB,SUP-GF_ROOF_SLAB-108,SP-GF_ROOF_SLAB-18,X,LBS-GF_ROOF_SLAB-18-X-017,END_CONTINUOUS_SPLIT,SP-GF_ROOF_SLAB-17,1118.016,2370,3922.885967009,1118.016,0,0,"[""LBS-GF_ROOF_SLAB-17-X-015"", ""LBS-GF_ROOF_SLAB-17-X-016"", ""LBS-GF_ROOF_SLAB-17-X-017""]",2.726026667,1.363013334,3.619108641,4.060971554,4.060971554,4.512190615,2.726026667,0
S7-0374-018,S7-0374,GF_ROOF_SLAB,SUP-GF_ROOF_SLAB-108,SP-GF_ROOF_SLAB-18,X,LBS-GF_ROOF_SLAB-18-X-018,END_CONTINUOUS_SPLIT,SP-GF_ROOF_SLAB-17,131.984,2370,3823.305727274,131.984,0,0,"[""LBS-GF_ROOF_SLAB-17-X-017"", ""LBS-GF_ROOF_SLAB-17-X-018""]",0.32181284,0.16090642,0.420482132,0.467236281,0.467236281,0.519151424,0.32181284,-0.000000001
S7-0374-019,S7-0374,GF_ROOF_SLAB,SUP-GF_ROOF_SLAB-108,SP-GF_ROOF_SLAB-18,X,LBS-GF_ROOF_SLAB-18-X-019,END_CONTINUOUS_SPLIT,SP-GF_ROOF_SLAB-17,200,944.192467498,3796.871224744,200,0,0,"[""LBS-GF_ROOF_SLAB-17-X-018"", ""LBS-GF_ROOF_SLAB-17-X-019""]",0.194278285,0.097139142,0.487763753,0.703124299,0.703124299,0.781249221,0.194278285,0.000000003
S7-0374-020,S7-0374,GF_ROOF_SLAB,SUP-GF_ROOF_SLAB-108,SP-GF_ROOF_SLAB-18,X,LBS-GF_ROOF_SLAB-18-X-020,END_CONTINUOUS_SPLIT,SP-GF_ROOF_SLAB-17,55.462,336.438748157,3776.516284655,55.462,0,0,"[""LBS-GF_ROOF_SLAB-17-X-019"", ""LBS-GF_ROOF_SLAB-17-X-020""]",0.019197084,0.009598542,0.117341929,0.193938096,0.193938096,0.215486774,0.019197084,0.000000011
S7-0374-021,S7-0374,GF_ROOF_SLAB,SUP-GF_ROOF_SLAB-108,SP-GF_ROOF_SLAB-18,X,LBS-GF_ROOF_SLAB-18-X-021,END_CONTINUOUS_SPLIT,SP-GF_ROOF_SLAB-17,42.978,102.246280659,3768.698893023,42.978,0,0,"[""LBS-GF_ROOF_SLAB-17-X-020""]",0.004520927,0.002260464,0.085578959,0.149973292,0.149973292,0.166636991,0.004520927,-0.000000089
S7-0376-001,S7-0376,GF_ROOF_SLAB,SUP-GF_ROOF_SLAB-109,SP-GF_ROOF_SLAB-30,Y,LBS-GF_ROOF_SLAB-30-Y-002,END_NON_CONTINUOUS,,165.935,1200,,0,165.935,0,[],0.204858025,0.102429012,0.102429012,0.153643519,0.153643519,0.204858025,0.204858025,-0.000000001
S7-0376-002,S7-0376,GF_ROOF_SLAB,SUP-GF_ROOF_SLAB-109,SP-GF_ROOF_SLAB-30,Y,LBS-GF_ROOF_SLAB-30-Y-003,END_NON_CONTINUOUS,,1081.673,1200,,0,1081.673,0,[],1.335398765,0.667699382,0.667699382,1.001549074,1.001549074,1.335398765,1.335398765,0.000000001
S7-0376-003,S7-0376,GF_ROOF_SLAB,SUP-GF_ROOF_SLAB-109,SP-GF_ROOF_SLAB-30,Y,LBS-GF_ROOF_SLAB-30-Y-004,END_NON_CONTINUOUS,,1095.548,1200,,0,1095.548,0,[],1.352528395,0.676264197,0.676264197,1.014396296,1.014396296,1.352528395,1.352528395,0.000000001
S7-0376-004,S7-0376,GF_ROOF_SLAB,SUP-GF_ROOF_SLAB-109,SP-GF_ROOF_SLAB-30,Y,LBS-GF_ROOF_SLAB-30-Y-005,END_NON_CONTINUOUS,,147.609,1200,,0,147.609,0,[],0.182233333,0.091116666,0.091116666,0.136675,0.136675,0.182233333,0.182233333,0.000000002
S7-0376-005,S7-0376,GF_ROOF_SLAB,SUP-GF_ROOF_SLAB-109,SP-GF_ROOF_SLAB-30,Y,LBS-GF_ROOF_SLAB-30-Y-006,END_NON_CONTINUOUS,,509.235,855.008925658,,0,509.235,0,[],0.447942871,0.223971436,0.223971436,0.335957153,0.335957153,0.447942871,0.447942871,0
S7-0376-006,S7-0376,GF_ROOF_SLAB,SUP-GF_ROOF_SLAB-109,SP-GF_ROOF_SLAB-30,Y,LBS-GF_ROOF_SLAB-30-Y-007,END_NON_CONTINUOUS,,200,374.523993139,,0,200,0,[],0.07706255,0.038531275,0.038531275,0.057796912,0.057796912,0.07706255,0.07706255,0.000000001
S7-0376-007,S7-0376,GF_ROOF_SLAB,SUP-GF_ROOF_SLAB-109,SP-GF_ROOF_SLAB-30,Y,LBS-GF_ROOF_SLAB-30-Y-008,END_NON_CONTINUOUS,,50,205.156670419,,0,50,0,[],0.010553327,0.005276663,0.005276663,0.007914995,0.007914995,0.010553327,0.010553327,-0.000000031
S7-0376-008,S7-0376,GF_ROOF_SLAB,SUP-GF_ROOF_SLAB-109,SP-GF_ROOF_SLAB-30,Y,LBS-GF_ROOF_SLAB-30-Y-009,END_NON_CONTINUOUS,,126.414,85.641602938,,0,126.414,0,[],0.011138166,0.005569083,0.005569083,0.008353625,0.008353625,0.011138166,0.011138166,0.000000023
S7-0377-001,S7-0377,GF_ROOF_SLAB,SUP-GF_ROOF_SLAB-110,SP-GF_ROOF_SLAB-31,Y,LBS-GF_ROOF_SLAB-31-Y-002,END_NON_CONTINUOUS,,2005.011,1200,,0,2005.011,0,[],2.475322222,1.237661111,1.237661111,1.856491666,1.856491666,2.475322222,2.475322222,0.000000001
S7-0378-001,S7-0378,GF_ROOF_SLAB,SUP-GF_ROOF_SLAB-111,SP-GF_ROOF_SLAB-32,Y,LBS-GF_ROOF_SLAB-32-Y-001,END_NON_CONTINUOUS,,3020,1200,,0,3020,0,[],3.728395062,1.864197531,1.864197531,2.796296297,2.796296297,3.728395062,3.728395062,0.000000001
S7-0378-002,S7-0378,GF_ROOF_SLAB,SUP-GF_ROOF_SLAB-111,SP-GF_ROOF_SLAB-32,Y,LBS-GF_ROOF_SLAB-32-Y-002,END_NON_CONTINUOUS,,450,1200,,0,450,0,[],0.555555556,0.277777778,0.277777778,0.416666667,0.416666667,0.555555556,0.555555556,0
S7-0378-003,S7-0378,GF_ROOF_SLAB,SUP-GF_ROOF_SLAB-111,SP-GF_ROOF_SLAB-32,Y,LBS-GF_ROOF_SLAB-32-Y-003,END_NON_CONTINUOUS,,300,1200,,0,300,0,[],0.37037037,0.185185185,0.185185185,0.277777777,0.277777777,0.37037037,0.37037037,0.000000002
S7-0378-004,S7-0378,GF_ROOF_SLAB,SUP-GF_ROOF_SLAB-111,SP-GF_ROOF_SLAB-32,Y,LBS-GF_ROOF_SLAB-32-Y-004,END_NON_CONTINUOUS,,50,1200,,0,50,0,[],0.061728395,0.030864197,0.030864197,0.046296296,0.046296296,0.061728395,0.061728395,0.000000002
S7-0378-005,S7-0378,GF_ROOF_SLAB,SUP-GF_ROOF_SLAB-111,SP-GF_ROOF_SLAB-32,Y,LBS-GF_ROOF_SLAB-32-Y-005,END_NON_CONTINUOUS,,2000,1200,,0,2000,0,[],2.469135802,1.234567901,1.234567901,1.851851851,1.851851851,2.469135802,2.469135802,0.000000001
S7-0378-006,S7-0378,GF_ROOF_SLAB,SUP-GF_ROOF_SLAB-111,SP-GF_ROOF_SLAB-32,Y,LBS-GF_ROOF_SLAB-32-Y-006,END_NON_CONTINUOUS,,650,1200,,0,650,0,[],0.802469136,0.401234568,0.401234568,0.601851852,0.601851852,0.802469136,0.802469136,0
S7-0379-001,S7-0379,GF_ROOF_SLAB,SUP-GF_ROOF_SLAB-112,SP-GF_ROOF_SLAB-33,Y,LBS-GF_ROOF_SLAB-33-Y-001,END_NON_CONTINUOUS,,103.087,1200,,0,103.087,0,[],0.127267901,0.06363395,0.06363395,0.095450926,0.095450926,0.127267901,0.127267901,0.000000002
S7-0379-002,S7-0379,GF_ROOF_SLAB,SUP-GF_ROOF_SLAB-112,SP-GF_ROOF_SLAB-33,Y,LBS-GF_ROOF_SLAB-33-Y-002,END_NON_CONTINUOUS,,213.885,1200,,0,213.885,0,[],0.264055556,0.132027778,0.132027778,0.198041667,0.198041667,0.264055556,0.264055556,-0.000000001
S7-0379-003,S7-0379,GF_ROOF_SLAB,SUP-GF_ROOF_SLAB-112,SP-GF_ROOF_SLAB-33,Y,LBS-GF_ROOF_SLAB-33-Y-003,END_NON_CONTINUOUS,,33.028,1200,,0,33.028,0,[],0.040775309,0.020387655,0.020387655,0.030581482,0.030581482,0.040775309,0.040775309,-0.000000008
S7-0379-004,S7-0379,GF_ROOF_SLAB,SUP-GF_ROOF_SLAB-112,SP-GF_ROOF_SLAB-33,Y,LBS-GF_ROOF_SLAB-33-Y-004,END_NON_CONTINUOUS,,50,1200,,0,50,0,[],0.061728395,0.030864197,0.030864197,0.046296296,0.046296296,0.061728395,0.061728395,0.000000002
S7-0379-005,S7-0379,GF_ROOF_SLAB,SUP-GF_ROOF_SLAB-112,SP-GF_ROOF_SLAB-33,Y,LBS-GF_ROOF_SLAB-33-Y-005,END_NON_CONTINUOUS,,737.361,1200,,0,737.361,0,[],0.910322222,0.455161111,0.455161111,0.682741666,0.682741666,0.910322222,0.910322222,0.000000001
S7-0379-006,S7-0379,GF_ROOF_SLAB,SUP-GF_ROOF_SLAB-112,SP-GF_ROOF_SLAB-33,Y,LBS-GF_ROOF_SLAB-33-Y-006,END_NON_CONTINUOUS,,2420.228,1200,,0,2420.228,0,[],2.987935802,1.493967901,1.493967901,2.240951852,2.240951852,2.987935802,2.987935802,0.000000001
S7-0380-001,S7-0380,1F_ROOF_SLAB,SUP-1F_ROOF_SLAB-113,SP-1F_ROOF_SLAB-21,Y,LBS-1F_ROOF_SLAB-21-Y-001,END_NON_CONTINUOUS,SP-1F_ROOF_SLAB-10,2400,4850,,0,2400,0,[],11.975308642,5.987654321,5.987654321,8.981481482,8.981481482,11.975308642,11.975308642,0.000000001
S7-0380-002,S7-0380,1F_ROOF_SLAB,SUP-1F_ROOF_SLAB-113,SP-1F_ROOF_SLAB-21,Y,LBS-1F_ROOF_SLAB-21-Y-002,END_NON_CONTINUOUS,SP-1F_ROOF_SLAB-10,200,4850,,0,200,0,[],0.997942387,0.498971194,0.498971194,0.74845679,0.74845679,0.997942387,0.997942387,0
S7-0380-003,S7-0380,1F_ROOF_SLAB,SUP-1F_ROOF_SLAB-113,SP-1F_ROOF_SLAB-21,Y,LBS-1F_ROOF_SLAB-21-Y-003,END_NON_CONTINUOUS,SP-1F_ROOF_SLAB-10,1700,4850,,0,1700,0,[],8.482510288,4.241255144,4.241255144,6.361882716,6.361882716,8.482510288,8.482510288,0.000000001
S7-0381-001,S7-0381,1F_ROOF_SLAB,SUP-1F_ROOF_SLAB-114,SP-1F_ROOF_SLAB-22,Y,LBS-1F_ROOF_SLAB-22-Y-001,END_NON_CONTINUOUS,SP-1F_ROOF_SLAB-10,2273.909,4850,,0,2273.909,0,[],11.346150874,5.673075437,5.673075437,8.509613156,8.509613156,11.346150874,11.346150874,0.000000001
S7-0382-001,S7-0382,1F_ROOF_SLAB,SUP-1F_ROOF_SLAB-115,SP-1F_ROOF_SLAB-23,Y,LBS-1F_ROOF_SLAB-23-Y-001,END_NON_CONTINUOUS,SP-1F_ROOF_SLAB-10,476.091,4850,,0,476.091,0,[],2.375556944,1.187778472,1.187778472,1.781667708,1.781667708,2.375556944,2.375556944,0.000000001
S7-0382-002,S7-0382,1F_ROOF_SLAB,SUP-1F_ROOF_SLAB-115,SP-1F_ROOF_SLAB-23,Y,LBS-1F_ROOF_SLAB-23-Y-002,END_NON_CONTINUOUS,SP-1F_ROOF_SLAB-10,200,4850,,0,200,0,[],0.997942387,0.498971194,0.498971194,0.74845679,0.74845679,0.997942387,0.997942387,0
S7-0382-003,S7-0382,1F_ROOF_SLAB,SUP-1F_ROOF_SLAB-115,SP-1F_ROOF_SLAB-23,Y,LBS-1F_ROOF_SLAB-23-Y-003,END_NON_CONTINUOUS,SP-1F_ROOF_SLAB-10,1597.817,4850,,0,1597.817,0,[],7.972646553,3.986323277,3.986323277,5.979484915,5.979484915,7.972646553,7.972646553,0.000000001
S7-0383-001,S7-0383,1F_ROOF_SLAB,SUP-1F_ROOF_SLAB-116,SP-1F_ROOF_SLAB-24,Y,LBS-1F_ROOF_SLAB-24-Y-001,END_NON_CONTINUOUS,SP-1F_ROOF_SLAB-10,8.414,1042.339,,0,8.414,0,[],0.009022881,0.00451144,0.00451144,0.006767161,0.006767161,0.009022881,0.009022881,0.000000002
S7-0383-002,S7-0383,1F_ROOF_SLAB,SUP-1F_ROOF_SLAB-116,SP-1F_ROOF_SLAB-24,Y,LBS-1F_ROOF_SLAB-24-Y-002,END_NON_CONTINUOUS,SP-1F_ROOF_SLAB-10,25.178,1042.339,,0,25.178,0,[],0.027000012,0.013500006,0.013500006,0.020250009,0.020250009,0.027000012,0.027000012,-0.000000012
S7-0383-003,S7-0383,1F_ROOF_SLAB,SUP-1F_ROOF_SLAB-116,SP-1F_ROOF_SLAB-24,Y,LBS-1F_ROOF_SLAB-24-Y-003,END_NON_CONTINUOUS,SP-1F_ROOF_SLAB-10,41.75,1042.339,,0,41.75,0,[],0.044771248,0.022385624,0.022385624,0.033578436,0.033578436,0.044771248,0.044771248,0.000000005
S7-0383-004,S7-0383,1F_ROOF_SLAB,SUP-1F_ROOF_SLAB-116,SP-1F_ROOF_SLAB-24,Y,LBS-1F_ROOF_SLAB-24-Y-004,END_NON_CONTINUOUS,SP-1F_ROOF_SLAB-10,58.004,1042.339,,0,58.004,0,[],0.062201473,0.031100737,0.031100737,0.046651105,0.046651105,0.062201473,0.062201473,-0.000000006
S7-0383-005,S7-0383,1F_ROOF_SLAB,SUP-1F_ROOF_SLAB-116,SP-1F_ROOF_SLAB-24,Y,LBS-1F_ROOF_SLAB-24-Y-005,END_NON_CONTINUOUS,SP-1F_ROOF_SLAB-10,73.817,1042.339,,0,73.817,0,[],0.079158784,0.039579392,0.039579392,0.059369088,0.059369088,0.079158784,0.079158784,0
S7-0383-006,S7-0383,1F_ROOF_SLAB,SUP-1F_ROOF_SLAB-116,SP-1F_ROOF_SLAB-24,Y,LBS-1F_ROOF_SLAB-24-Y-006,END_NON_CONTINUOUS,SP-1F_ROOF_SLAB-10,89.068,1042.339,,0,89.068,0,[],0.095513426,0.047756713,0.047756713,0.07163507,0.07163507,0.095513426,0.095513426,0
S7-0383-007,S7-0383,1F_ROOF_SLAB,SUP-1F_ROOF_SLAB-116,SP-1F_ROOF_SLAB-24,Y,LBS-1F_ROOF_SLAB-24-Y-007,END_NON_CONTINUOUS,SP-1F_ROOF_SLAB-10,103.641,1042.339,,0,103.641,0,[],0.111141004,0.055570502,0.055570502,0.083355753,0.083355753,0.111141004,0.111141004,0.000000004
S7-0383-008,S7-0383,1F_ROOF_SLAB,SUP-1F_ROOF_SLAB-116,SP-1F_ROOF_SLAB-24,Y,LBS-1F_ROOF_SLAB-24-Y-008,END_NON_CONTINUOUS,SP-1F_ROOF_SLAB-10,117.426,1042.339,,0,117.426,0,[],0.125923559,0.062961779,0.062961779,0.094442669,0.094442669,0.125923559,0.125923559,0.000000001
S7-0383-009,S7-0383,1F_ROOF_SLAB,SUP-1F_ROOF_SLAB-116,SP-1F_ROOF_SLAB-24,Y,LBS-1F_ROOF_SLAB-24-Y-009,END_NON_CONTINUOUS,SP-1F_ROOF_SLAB-10,130.316,1042.339,,0,130.316,0,[],0.139746347,0.069873173,0.069873173,0.10480976,0.10480976,0.139746347,0.139746347,-0.000000001
S7-0383-010,S7-0383,1F_ROOF_SLAB,SUP-1F_ROOF_SLAB-116,SP-1F_ROOF_SLAB-24,Y,LBS-1F_ROOF_SLAB-24-Y-010,END_NON_CONTINUOUS,SP-1F_ROOF_SLAB-10,142.216,1042.339,,0,142.216,0,[],0.152507493,0.076253746,0.076253746,0.11438062,0.11438062,0.152507493,0.152507493,0.000000001
S7-0383-011,S7-0383,1F_ROOF_SLAB,SUP-1F_ROOF_SLAB-116,SP-1F_ROOF_SLAB-24,Y,LBS-1F_ROOF_SLAB-24-Y-011,END_NON_CONTINUOUS,SP-1F_ROOF_SLAB-10,153.032,1042.339,,0,153.032,0,[],0.164106195,0.082053098,0.082053098,0.123079646,0.123079646,0.164106195,0.164106195,0.000000003
S7-0383-012,S7-0383,1F_ROOF_SLAB,SUP-1F_ROOF_SLAB-116,SP-1F_ROOF_SLAB-24,Y,LBS-1F_ROOF_SLAB-24-Y-012,END_NON_CONTINUOUS,SP-1F_ROOF_SLAB-10,162.684,1042.339,,0,162.684,0,[],0.174456664,0.087228332,0.087228332,0.130842498,0.130842498,0.174456664,0.174456664,0.000000003
S7-0383-013,S7-0383,1F_ROOF_SLAB,SUP-1F_ROOF_SLAB-116,SP-1F_ROOF_SLAB-24,Y,LBS-1F_ROOF_SLAB-24-Y-013,END_NON_CONTINUOUS,SP-1F_ROOF_SLAB-10,171.098,1042.339,,0,171.098,0,[],0.183479545,0.091739772,0.091739772,0.137609659,0.137609659,0.183479545,0.183479545,0.000000003
S7-0383-014,S7-0383,1F_ROOF_SLAB,SUP-1F_ROOF_SLAB-116,SP-1F_ROOF_SLAB-24,Y,LBS-1F_ROOF_SLAB-24-Y-014,END_NON_CONTINUOUS,SP-1F_ROOF_SLAB-10,178.21,1042.339,,0,178.21,0,[],0.191106207,0.095553104,0.095553104,0.143329655,0.143329655,0.191106207,0.191106207,0.000000001
S7-0383-015,S7-0383,1F_ROOF_SLAB,SUP-1F_ROOF_SLAB-116,SP-1F_ROOF_SLAB-24,Y,LBS-1F_ROOF_SLAB-24-Y-015,END_NON_CONTINUOUS,SP-1F_ROOF_SLAB-10,183.965,1042.339,,0,183.965,0,[],0.197277669,0.098638834,0.098638834,0.147958252,0.147958252,0.197277669,0.197277669,0
S7-0383-016,S7-0383,1F_ROOF_SLAB,SUP-1F_ROOF_SLAB-116,SP-1F_ROOF_SLAB-24,Y,LBS-1F_ROOF_SLAB-24-Y-016,END_NON_CONTINUOUS,SP-1F_ROOF_SLAB-10,188.321,1042.339,,0,188.321,0,[],0.201948892,0.100974446,0.100974446,0.151461669,0.151461669,0.201948892,0.201948892,0
S7-0383-017,S7-0383,1F_ROOF_SLAB,SUP-1F_ROOF_SLAB-116,SP-1F_ROOF_SLAB-24,Y,LBS-1F_ROOF_SLAB-24-Y-017,END_NON_CONTINUOUS,SP-1F_ROOF_SLAB-10,191.243,1042.339,,0,191.243,0,[],0.205082343,0.102541172,0.102541172,0.153811757,0.153811757,0.205082343,0.205082343,0.000000001
S7-0383-018,S7-0383,1F_ROOF_SLAB,SUP-1F_ROOF_SLAB-116,SP-1F_ROOF_SLAB-24,Y,LBS-1F_ROOF_SLAB-24-Y-018,END_NON_CONTINUOUS,SP-1F_ROOF_SLAB-10,192.709,1042.339,,0,192.709,0,[],0.20665443,0.103327215,0.103327215,0.154990822,0.154990822,0.20665443,0.20665443,0.000000003
S7-0383-019,S7-0383,1F_ROOF_SLAB,SUP-1F_ROOF_SLAB-116,SP-1F_ROOF_SLAB-24,Y,LBS-1F_ROOF_SLAB-24-Y-019,END_NON_CONTINUOUS,SP-1F_ROOF_SLAB-10,192.709,1042.339,,0,192.709,0,[],0.20665443,0.103327215,0.103327215,0.154990823,0.154990823,0.20665443,0.20665443,0.000000003
S7-0383-020,S7-0383,1F_ROOF_SLAB,SUP-1F_ROOF_SLAB-116,SP-1F_ROOF_SLAB-24,Y,LBS-1F_ROOF_SLAB-24-Y-020,END_NON_CONTINUOUS,SP-1F_ROOF_SLAB-10,191.243,1042.339,,0,191.243,0,[],0.205082343,0.102541172,0.102541172,0.153811757,0.153811757,0.205082343,0.205082343,0.000000001
S7-0383-021,S7-0383,1F_ROOF_SLAB,SUP-1F_ROOF_SLAB-116,SP-1F_ROOF_SLAB-24,Y,LBS-1F_ROOF_SLAB-24-Y-021,END_NON_CONTINUOUS,SP-1F_ROOF_SLAB-10,188.321,1042.339,,0,188.321,0,[],0.201948892,0.100974446,0.100974446,0.151461669,0.151461669,0.201948892,0.201948892,0
S7-0383-022,S7-0383,1F_ROOF_SLAB,SUP-1F_ROOF_SLAB-116,SP-1F_ROOF_SLAB-24,Y,LBS-1F_ROOF_SLAB-24-Y-022,END_NON_CONTINUOUS,SP-1F_ROOF_SLAB-10,183.965,1042.339,,0,183.965,0,[],0.197277669,0.098638834,0.098638834,0.147958252,0.147958252,0.197277669,0.197277669,0
S7-0383-023,S7-0383,1F_ROOF_SLAB,SUP-1F_ROOF_SLAB-116,SP-1F_ROOF_SLAB-24,Y,LBS-1F_ROOF_SLAB-24-Y-023,END_NON_CONTINUOUS,SP-1F_ROOF_SLAB-10,178.21,1042.339,,0,178.21,0,[],0.191106207,0.095553104,0.095553104,0.143329655,0.143329655,0.191106207,0.191106207,0.000000001
S7-0383-024,S7-0383,1F_ROOF_SLAB,SUP-1F_ROOF_SLAB-116,SP-1F_ROOF_SLAB-24,Y,LBS-1F_ROOF_SLAB-24-Y-024,END_NON_CONTINUOUS,SP-1F_ROOF_SLAB-10,171.098,1042.339,,0,171.098,0,[],0.183479545,0.091739772,0.091739772,0.137609659,0.137609659,0.183479545,0.183479545,0.000000003
S7-0383-025,S7-0383,1F_ROOF_SLAB,SUP-1F_ROOF_SLAB-116,SP-1F_ROOF_SLAB-24,Y,LBS-1F_ROOF_SLAB-24-Y-025,END_NON_CONTINUOUS,SP-1F_ROOF_SLAB-10,162.684,1042.339,,0,162.684,0,[],0.174456664,0.087228332,0.087228332,0.130842498,0.130842498,0.174456664,0.174456664,0.000000003
S7-0383-026,S7-0383,1F_ROOF_SLAB,SUP-1F_ROOF_SLAB-116,SP-1F_ROOF_SLAB-24,Y,LBS-1F_ROOF_SLAB-24-Y-026,END_NON_CONTINUOUS,SP-1F_ROOF_SLAB-10,153.032,1042.339,,0,153.032,0,[],0.164106195,0.082053098,0.082053098,0.123079646,0.123079646,0.164106195,0.164106195,0.000000003
S7-0383-027,S7-0383,1F_ROOF_SLAB,SUP-1F_ROOF_SLAB-116,SP-1F_ROOF_SLAB-24,Y,LBS-1F_ROOF_SLAB-24-Y-027,END_NON_CONTINUOUS,SP-1F_ROOF_SLAB-10,142.216,1042.339,,0,142.216,0,[],0.152507493,0.076253746,0.076253746,0.11438062,0.11438062,0.152507493,0.152507493,0.000000001
S7-0383-028,S7-0383,1F_ROOF_SLAB,SUP-1F_ROOF_SLAB-116,SP-1F_ROOF_SLAB-24,Y,LBS-1F_ROOF_SLAB-24-Y-028,END_NON_CONTINUOUS,SP-1F_ROOF_SLAB-10,130.316,1042.339,,0,130.316,0,[],0.139746347,0.069873173,0.069873173,0.10480976,0.10480976,0.139746347,0.139746347,-0.000000001
S7-0383-029,S7-0383,1F_ROOF_SLAB,SUP-1F_ROOF_SLAB-116,SP-1F_ROOF_SLAB-24,Y,LBS-1F_ROOF_SLAB-24-Y-029,END_NON_CONTINUOUS,SP-1F_ROOF_SLAB-10,117.426,1042.339,,0,117.426,0,[],0.125923559,0.062961779,0.062961779,0.094442669,0.094442669,0.125923559,0.125923559,0.000000001
S7-0383-030,S7-0383,1F_ROOF_SLAB,SUP-1F_ROOF_SLAB-116,SP-1F_ROOF_SLAB-24,Y,LBS-1F_ROOF_SLAB-24-Y-030,END_NON_CONTINUOUS,SP-1F_ROOF_SLAB-10,103.641,1042.339,,0,103.641,0,[],0.111141004,0.055570502,0.055570502,0.083355753,0.083355753,0.111141004,0.111141004,0.000000004
S7-0383-031,S7-0383,1F_ROOF_SLAB,SUP-1F_ROOF_SLAB-116,SP-1F_ROOF_SLAB-24,Y,LBS-1F_ROOF_SLAB-24-Y-031,END_NON_CONTINUOUS,SP-1F_ROOF_SLAB-10,89.068,1042.339,,0,89.068,0,[],0.095513426,0.047756713,0.047756713,0.071635069,0.071635069,0.095513426,0.095513426,0
S7-0383-032,S7-0383,1F_ROOF_SLAB,SUP-1F_ROOF_SLAB-116,SP-1F_ROOF_SLAB-24,Y,LBS-1F_ROOF_SLAB-24-Y-032,END_NON_CONTINUOUS,SP-1F_ROOF_SLAB-10,73.817,1042.339,,0,73.817,0,[],0.079158784,0.039579392,0.039579392,0.059369088,0.059369088,0.079158784,0.079158784,0
S7-0383-033,S7-0383,1F_ROOF_SLAB,SUP-1F_ROOF_SLAB-116,SP-1F_ROOF_SLAB-24,Y,LBS-1F_ROOF_SLAB-24-Y-033,END_NON_CONTINUOUS,SP-1F_ROOF_SLAB-10,58.004,1042.339,,0,58.004,0,[],0.062201473,0.031100736,0.031100736,0.046651105,0.046651105,0.062201473,0.062201473,-0.000000006
S7-0383-034,S7-0383,1F_ROOF_SLAB,SUP-1F_ROOF_SLAB-116,SP-1F_ROOF_SLAB-24,Y,LBS-1F_ROOF_SLAB-24-Y-034,END_NON_CONTINUOUS,SP-1F_ROOF_SLAB-10,25.341,1042.339,,0,25.341,0,[],0.027174807,0.013587403,0.013587403,0.020381105,0.020381105,0.027174807,0.027174807,0.000000008
S7-0384-001,S7-0384,1F_ROOF_SLAB,SUP-1F_ROOF_SLAB-117,SP-1F_ROOF_SLAB-09,Y,LBS-1F_ROOF_SLAB-09-Y-001,END_CONTINUOUS_RUN,SP-1F_ROOF_SLAB-23,1597.817,1728.5485,4850,1597.796,0.021,0,"[""LBS-1F_ROOF_SLAB-23-Y-003""]",2.841465204,1.420732602,5.407023205,7.175323085,7.175323085,7.972581205,2.841465204,0.000000001
S7-0385-001,S7-0385,1F_ROOF_SLAB,SUP-1F_ROOF_SLAB-117,SP-1F_ROOF_SLAB-23,Y,LBS-1F_ROOF_SLAB-23-Y-001,END_CONTINUOUS_RUN,SP-1F_ROOF_SLAB-12,476.091,4850,1578.650787755,476.087,0.004,0,"[""LBS-1F_ROOF_SLAB-12-Y-005""]",2.375556944,1.187778472,1.574401166,2.13800125,2.13800125,2.375556944,2.375556944,0.000000001
S7-0385-002,S7-0385,1F_ROOF_SLAB,SUP-1F_ROOF_SLAB-117,SP-1F_ROOF_SLAB-23,Y,LBS-1F_ROOF_SLAB-23-Y-002,END_CONTINUOUS_RUN,SP-1F_ROOF_SLAB-09,200,4850,1631.700242458,0.004,199.996,0,"[""LBS-1F_ROOF_SLAB-09-Y-001""]",0.997942387,0.498971194,0.997935765,0.898148148,0.898148148,0.997942387,0.997942387,0
S7-0385-003,S7-0385,1F_ROOF_SLAB,SUP-1F_ROOF_SLAB-117,SP-1F_ROOF_SLAB-23,Y,LBS-1F_ROOF_SLAB-23-Y-003,END_CONTINUOUS_RUN,SP-1F_ROOF_SLAB-09,1597.817,4850,1728.550242458,1597.796,0.021,0,"[""LBS-1F_ROOF_SLAB-09-Y-001""]",7.972646553,3.986323277,5.40709103,7.175381898,7.175381898,7.972646553,7.972646553,0.000000001
S7-0387-001,S7-0387,1F_ROOF_SLAB,SUP-1F_ROOF_SLAB-118,SP-1F_ROOF_SLAB-11,Y,LBS-1F_ROOF_SLAB-11-Y-001,END_CONTINUOUS_SPLIT,SP-1F_ROOF_SLAB-21,1100,1700,4850,1100,0,0,"[""LBS-1F_ROOF_SLAB-21-Y-001""]",1.923868313,0.961934157,3.706275721,4.939814815,4.939814815,5.488683128,1.923868313,0
S7-0387-002,S7-0387,1F_ROOF_SLAB,SUP-1F_ROOF_SLAB-118,SP-1F_ROOF_SLAB-11,Y,LBS-1F_ROOF_SLAB-11-Y-002,END_CONTINUOUS_SPLIT,SP-1F_ROOF_SLAB-21,100,1700,4850,100,0,0,"[""LBS-1F_ROOF_SLAB-21-Y-001""]",0.174897119,0.087448559,0.336934156,0.449074073,0.449074073,0.498971192,0.174897119,0.000000003
S7-0387-003,S7-0387,1F_ROOF_SLAB,SUP-1F_ROOF_SLAB-118,SP-1F_ROOF_SLAB-11,Y,LBS-1F_ROOF_SLAB-11-Y-003,END_CONTINUOUS_SPLIT,SP-1F_ROOF_SLAB-21,1200,1700,4850,1200,0,0,"[""LBS-1F_ROOF_SLAB-21-Y-001"", ""LBS-1F_ROOF_SLAB-21-Y-002""]",2.098765432,1.049382716,4.043209876,5.388888889,5.388888889,5.987654321,2.098765432,0.000000001
S7-0387-004,S7-0387,1F_ROOF_SLAB,SUP-1F_ROOF_SLAB-118,SP-1F_ROOF_SLAB-11,Y,LBS-1F_ROOF_SLAB-11-Y-004,END_CONTINUOUS_SPLIT,SP-1F_ROOF_SLAB-21,200,1250,4850,200,0,0,"[""LBS-1F_ROOF_SLAB-21-Y-002"", ""LBS-1F_ROOF_SLAB-21-Y-003""]",0.257201646,0.128600823,0.627572016,0.898148148,0.898148148,0.997942386,0.257201646,0.000000001
S7-0387-005,S7-0387,1F_ROOF_SLAB,SUP-1F_ROOF_SLAB-118,SP-1F_ROOF_SLAB-11,Y,LBS-1F_ROOF_SLAB-11-Y-005,END_CONTINUOUS_SPLIT,SP-1F_ROOF_SLAB-21,1700,1250,4850,1699.996,0.004,0,"[""LBS-1F_ROOF_SLAB-21-Y-003""]",2.186213992,1.093106996,5.334354733,7.634245927,7.634245927,8.482495474,2.186213992,0.000000001
S7-0388-001,S7-0388,1F_ROOF_SLAB,SUP-1F_ROOF_SLAB-118,SP-1F_ROOF_SLAB-21,Y,LBS-1F_ROOF_SLAB-21-Y-001,END_CONTINUOUS_SPLIT,SP-1F_ROOF_SLAB-11,2400,4850,1699.99925,2400,0,0,"[""LBS-1F_ROOF_SLAB-11-Y-001"", ""LBS-1F_ROOF_SLAB-11-Y-002"", ""LBS-1F_ROOF_SLAB-11-Y-003"", ""LBS-1F_ROOF_SLAB-11-Y-004""]",11.975308642,5.987654321,8.086418827,10.777777778,10.777777778,11.975308642,11.975308642,0.000000001
S7-0388-002,S7-0388,1F_ROOF_SLAB,SUP-1F_ROOF_SLAB-118,SP-1F_ROOF_SLAB-21,Y,LBS-1F_ROOF_SLAB-21-Y-002,END_CONTINUOUS_SPLIT,SP-1F_ROOF_SLAB-11,200,4850,1250,200,0,0,"[""LBS-1F_ROOF_SLAB-11-Y-004"", ""LBS-1F_ROOF_SLAB-11-Y-005""]",0.997942387,0.498971194,0.627572017,0.898148148,0.898148148,0.997942387,0.997942387,0
S7-0388-003,S7-0388,1F_ROOF_SLAB,SUP-1F_ROOF_SLAB-118,SP-1F_ROOF_SLAB-21,Y,LBS-1F_ROOF_SLAB-21-Y-003,END_CONTINUOUS_SPLIT,SP-1F_ROOF_SLAB-11,1700,4850,1250,1699.996,0.004,0,"[""LBS-1F_ROOF_SLAB-11-Y-005""]",8.482510288,4.241255144,5.334369547,7.634259259,7.634259259,8.482510288,8.482510288,0.000000001
S7-0390-001,S7-0390,1F_ROOF_SLAB,SUP-1F_ROOF_SLAB-119,SP-1F_ROOF_SLAB-12,Y,LBS-1F_ROOF_SLAB-12-Y-001,END_CONTINUOUS_RUN,SP-1F_ROOF_SLAB-22,1420,1336.041410169,4850,1420,0,0,"[""LBS-1F_ROOF_SLAB-22-Y-001""]",1.951830044,0.975915022,4.518610496,6.376851853,6.376851853,7.085390948,1.951830044,0
S7-0390-002,S7-0390,1F_ROOF_SLAB,SUP-1F_ROOF_SLAB-119,SP-1F_ROOF_SLAB-12,Y,LBS-1F_ROOF_SLAB-12-Y-002,END_CONTINUOUS_RUN,SP-1F_ROOF_SLAB-22,600,1458.438345763,4850,600,0,0,"[""LBS-1F_ROOF_SLAB-22-Y-001""]",0.900270584,0.450135292,1.947048873,2.694444445,2.694444445,2.993827161,0.900270584,0
S7-0390-003,S7-0390,1F_ROOF_SLAB,SUP-1F_ROOF_SLAB-119,SP-1F_ROOF_SLAB-12,Y,LBS-1F_ROOF_SLAB-12-Y-003,END_CONTINUOUS_RUN,SP-1F_ROOF_SLAB-22,253.909,1510.178863028,4850,253.896,0.013,0,"[""LBS-1F_ROOF_SLAB-22-Y-001""]",0.394493832,0.197246916,0.830691068,1.140199474,1.140199474,1.266888304,0.394493832,0.000000001
S7-0390-004,S7-0390,1F_ROOF_SLAB,SUP-1F_ROOF_SLAB-119,SP-1F_ROOF_SLAB-12,Y,LBS-1F_ROOF_SLAB-12-Y-004,END_CONTINUOUS_RUN,SP-1F_ROOF_SLAB-22,200,1537.682363344,,0,200,0,[],0.316395548,0.158197774,0.316395548,0.284755993,0.284755993,0.316395548,0.316395548,0.000000001
S7-0390-005,S7-0390,1F_ROOF_SLAB,SUP-1F_ROOF_SLAB-119,SP-1F_ROOF_SLAB-12,Y,LBS-1F_ROOF_SLAB-12-Y-005,END_CONTINUOUS_RUN,SP-1F_ROOF_SLAB-23,476.091,1578.648435909,4850,476.087,0.004,0,"[""LBS-1F_ROOF_SLAB-23-Y-001""]",0.773230774,0.386615387,1.574387187,2.13798924,2.13798924,2.3755436,0.773230774,0.000000001
S7-0391-001,S7-0391,1F_ROOF_SLAB,SUP-1F_ROOF_SLAB-119,SP-1F_ROOF_SLAB-22,Y,LBS-1F_ROOF_SLAB-22-Y-001,END_CONTINUOUS_RUN,SP-1F_ROOF_SLAB-12,2273.909,4850,1387.793272646,2273.909,0,0,"[""LBS-1F_ROOF_SLAB-12-Y-001"", ""LBS-1F_ROOF_SLAB-12-Y-002"", ""LBS-1F_ROOF_SLAB-12-Y-003"", ""LBS-1F_ROOF_SLAB-12-Y-004""]",11.346150874,5.673075437,7.296385937,10.211535787,10.211535787,11.346150874,11.346150874,0.000000001
S7-0394-001,S7-0394,GF_ROOF_SLAB,SUP-GF_ROOF_SLAB-120,SP-GF_ROOF_SLAB-12,X,LBS-GF_ROOF_SLAB-12-X-001,END_UNRESOLVED,SP-GF_ROOF_SLAB-14,600,1990.704,1312.696494667,599.956,0.044,0,"[""LBS-GF_ROOF_SLAB-14-X-001""]",1.22882963,0.614414815,1.019538343,0.921622222,1.105946667,1.22882963,1.22882963,0
S7-0394-002,S7-0394,GF_ROOF_SLAB,SUP-GF_ROOF_SLAB-120,SP-GF_ROOF_SLAB-12,X,LBS-GF_ROOF_SLAB-12-X-002,END_UNRESOLVED,SP-GF_ROOF_SLAB-14,50,1750,1364.472995197,50,0,0,"[""LBS-GF_ROOF_SLAB-14-X-001"", ""LBS-GF_ROOF_SLAB-14-X-002""]",0.090020576,0.045010288,0.080104758,0.067515432,0.081018518,0.090020576,0.090020576,0.000000002
S7-0394-003,S7-0394,GF_ROOF_SLAB,SUP-GF_ROOF_SLAB-120,SP-GF_ROOF_SLAB-12,X,LBS-GF_ROOF_SLAB-12-X-003,END_UNRESOLVED,SP-GF_ROOF_SLAB-14,200,1750,1384.3729952,200,0,0,"[""LBS-GF_ROOF_SLAB-14-X-002""]",0.360082305,0.180041152,0.322466358,0.270061729,0.324074074,0.360082305,0.360082305,-0.000000001
S7-0394-004,S7-0394,GF_ROOF_SLAB,SUP-GF_ROOF_SLAB-120,SP-GF_ROOF_SLAB-12,X,LBS-GF_ROOF_SLAB-12-X-004,END_UNRESOLVED,SP-GF_ROOF_SLAB-14,50,2200,1404.263599993,50,0,0,"[""LBS-GF_ROOF_SLAB-14-X-002"", ""LBS-GF_ROOF_SLAB-14-X-003""]",0.113168724,0.056584362,0.092702253,0.084876543,0.101851852,0.113168724,0.113168724,0.000000003
S7-0394-005,S7-0394,GF_ROOF_SLAB,SUP-GF_ROOF_SLAB-120,SP-GF_ROOF_SLAB-12,X,LBS-GF_ROOF_SLAB-12-X-005,END_UNRESOLVED,SP-GF_ROOF_SLAB-14,18.016,2200,1409.664870588,18.016,0,0,"[""LBS-GF_ROOF_SLAB-14-X-003""]",0.040776955,0.020388478,0.033452532,0.030582716,0.036699259,0.040776955,0.040776955,-0.000000006
S7-0394-006,S7-0394,GF_ROOF_SLAB,SUP-GF_ROOF_SLAB-120,SP-GF_ROOF_SLAB-12,X,LBS-GF_ROOF_SLAB-12-X-006,END_UNRESOLVED,SP-GF_ROOF_SLAB-14,256.984,2200,1431.577009315,256.984,0,0,"[""LBS-GF_ROOF_SLAB-14-X-003"", ""LBS-GF_ROOF_SLAB-14-X-004""]",0.581651029,0.290825514,0.480070569,0.436238272,0.523485926,0.581651029,0.581651029,0
S7-0394-007,S7-0394,GF_ROOF_SLAB,SUP-GF_ROOF_SLAB-120,SP-GF_ROOF_SLAB-12,X,LBS-GF_ROOF_SLAB-12-X-007,END_UNRESOLVED,SP-GF_ROOF_SLAB-14,382.221,2200,1482.523947188,382.221,0,0,"[""LBS-GF_ROOF_SLAB-14-X-004"", ""LBS-GF_ROOF_SLAB-14-X-005""]",0.865109259,0.43255463,0.724042173,0.648831944,0.778598333,0.865109259,0.865109259,0.000000001
S7-0394-008,S7-0394,GF_ROOF_SLAB,SUP-GF_ROOF_SLAB-120,SP-GF_ROOF_SLAB-12,X,LBS-GF_ROOF_SLAB-12-X-008,END_UNRESOLVED,SP-GF_ROOF_SLAB-14,392.779,2200,1544.237961072,392.779,0,0,"[""LBS-GF_ROOF_SLAB-14-X-005"", ""LBS-GF_ROOF_SLAB-14-X-006"", ""LBS-GF_ROOF_SLAB-14-X-007""]",0.889005967,0.444502984,0.756511338,0.666754475,0.80010537,0.889005967,0.889005967,0.000000001
S7-0394-009,S7-0394,GF_ROOF_SLAB,SUP-GF_ROOF_SLAB-120,SP-GF_ROOF_SLAB-12,X,LBS-GF_ROOF_SLAB-12-X-009,END_UNRESOLVED,SP-GF_ROOF_SLAB-14,29.86,2200,1577.896456438,29.844,0.016,0,"[""LBS-GF_ROOF_SLAB-14-X-007"", ""LBS-GF_ROOF_SLAB-14-X-008""]",0.067584362,0.033792181,0.058015814,0.050688271,0.060825926,0.067584362,0.067584362,0.000000003
S7-0395-001,S7-0395,GF_ROOF_SLAB,SUP-GF_ROOF_SLAB-120,SP-GF_ROOF_SLAB-14,X,LBS-GF_ROOF_SLAB-14-X-001,END_UNRESOLVED,SP-GF_ROOF_SLAB-12,600,1312.677591183,1990.699428,599.956,0.044,0,"[""LBS-GF_ROOF_SLAB-12-X-001""]",0.810294809,0.405147404,1.019515751,0.607721107,1.105914556,1.228793951,0.810294809,0.000000001
S7-0395-002,S7-0395,GF_ROOF_SLAB,SUP-GF_ROOF_SLAB-120,SP-GF_ROOF_SLAB-14,X,LBS-GF_ROOF_SLAB-14-X-002,END_UNRESOLVED,SP-GF_ROOF_SLAB-12,250,1380.379512026,1750.043735899,250,0,0,"[""LBS-GF_ROOF_SLAB-12-X-001"", ""LBS-GF_ROOF_SLAB-12-X-002"", ""LBS-GF_ROOF_SLAB-12-X-003""]",0.355035883,0.177517941,0.402575006,0.266276912,0.405102717,0.45011413,0.355035883,0
S7-0395-003,S7-0395,GF_ROOF_SLAB,SUP-GF_ROOF_SLAB-120,SP-GF_ROOF_SLAB-14,X,LBS-GF_ROOF_SLAB-14-X-003,END_UNRESOLVED,SP-GF_ROOF_SLAB-12,68.016,1405.709269742,2199.708892025,68.016,0,0,"[""LBS-GF_ROOF_SLAB-12-X-003"", ""LBS-GF_ROOF_SLAB-12-X-004"", ""LBS-GF_ROOF_SLAB-12-X-005""]",0.09836494,0.04918247,0.126145124,0.073773705,0.138532778,0.153925309,0.09836494,0.000000001
S7-0395-004,S7-0395,GF_ROOF_SLAB,SUP-GF_ROOF_SLAB-120,SP-GF_ROOF_SLAB-14,X,LBS-GF_ROOF_SLAB-14-X-004,END_UNRESOLVED,SP-GF_ROOF_SLAB-12,472.458,1448.757655584,2200,472.458,0,0,"[""LBS-GF_ROOF_SLAB-12-X-005"", ""LBS-GF_ROOF_SLAB-12-X-006"", ""LBS-GF_ROOF_SLAB-12-X-007""]",0.704194593,0.352097296,0.886771988,0.528145945,0.962414444,1.069349383,0.704194593,0.000000001
S7-0395-005,S7-0395,GF_ROOF_SLAB,SUP-GF_ROOF_SLAB-120,SP-GF_ROOF_SLAB-14,X,LBS-GF_ROOF_SLAB-14-X-005,END_UNRESOLVED,SP-GF_ROOF_SLAB-12,166.747,1499.669898305,2200,166.747,0,0,"[""LBS-GF_ROOF_SLAB-12-X-007""]",0.257268988,0.128634494,0.317339947,0.192951741,0.339669815,0.377410905,0.257268988,0.000000001
S7-0395-006,S7-0395,GF_ROOF_SLAB,SUP-GF_ROOF_SLAB-120,SP-GF_ROOF_SLAB-14,X,LBS-GF_ROOF_SLAB-14-X-006,END_UNRESOLVED,SP-GF_ROOF_SLAB-12,88.714,1520.017192893,2200,88.714,0,0,"[""LBS-GF_ROOF_SLAB-12-X-007"", ""LBS-GF_ROOF_SLAB-12-X-008""]",0.138731281,0.069365641,0.169762142,0.104048461,0.180713704,0.200793004,0.138731281,0.000000001
S7-0395-007,S7-0395,GF_ROOF_SLAB,SUP-GF_ROOF_SLAB-120,SP-GF_ROOF_SLAB-14,X,LBS-GF_ROOF_SLAB-14-X-007,END_UNRESOLVED,SP-GF_ROOF_SLAB-12,304.065,1551.301772619,2200,304.065,0,0,"[""LBS-GF_ROOF_SLAB-12-X-008""]",0.485284541,0.242642271,0.586748752,0.363963406,0.619391667,0.688212963,0.485284541,0
S7-0395-008,S7-0395,GF_ROOF_SLAB,SUP-GF_ROOF_SLAB-120,SP-GF_ROOF_SLAB-14,X,LBS-GF_ROOF_SLAB-14-X-008,END_UNRESOLVED,SP-GF_ROOF_SLAB-12,29.86,1577.898671345,2200,29.844,0.016,0,"[""LBS-GF_ROOF_SLAB-12-X-008"", ""LBS-GF_ROOF_SLAB-12-X-009""]",0.048473307,0.024236654,0.058010728,0.03635498,0.060816745,0.067574161,0.048473307,-0.000000001
S7-0396-001,S7-0396,GF_ROOF_SLAB,SUP-GF_ROOF_SLAB-121,SP-GF_ROOF_SLAB-12,X,LBS-GF_ROOF_SLAB-12-X-004,END_UNRESOLVED,SP-GF_ROOF_SLAB-15,50,2200,,0,50,0,[],0.113168724,0.056584362,0.056584362,0.084876543,0.101851852,0.113168724,0.113168724,0.000000003
S7-0396-002,S7-0396,GF_ROOF_SLAB,SUP-GF_ROOF_SLAB-121,SP-GF_ROOF_SLAB-12,X,LBS-GF_ROOF_SLAB-12-X-005,END_UNRESOLVED,SP-GF_ROOF_SLAB-15,18.016,2200,1150,17.972,0.044,0,"[""LBS-GF_ROOF_SLAB-15-X-002""]",0.040776955,0.020388478,0.031020062,0.030582716,0.036699259,0.040776955,0.040776955,-0.000000006
S7-0396-003,S7-0396,GF_ROOF_SLAB,SUP-GF_ROOF_SLAB-121,SP-GF_ROOF_SLAB-12,X,LBS-GF_ROOF_SLAB-12-X-006,END_UNRESOLVED,SP-GF_ROOF_SLAB-15,256.984,2200,1150,256.984,0,0,"[""LBS-GF_ROOF_SLAB-15-X-002"", ""LBS-GF_ROOF_SLAB-15-X-003""]",0.581651029,0.290825514,0.442847943,0.436238272,0.523485926,0.581651029,0.581651029,0
S7-0396-004,S7-0396,GF_ROOF_SLAB,SUP-GF_ROOF_SLAB-121,SP-GF_ROOF_SLAB-12,X,LBS-GF_ROOF_SLAB-12-X-007,END_UNRESOLVED,SP-GF_ROOF_SLAB-15,382.221,2200,1150,382.221,0,0,"[""LBS-GF_ROOF_SLAB-15-X-003"", ""LBS-GF_ROOF_SLAB-15-X-004""]",0.865109259,0.43255463,0.658662731,0.648831944,0.778598333,0.865109259,0.865109259,0.000000001
S7-0396-005,S7-0396,GF_ROOF_SLAB,SUP-GF_ROOF_SLAB-121,SP-GF_ROOF_SLAB-12,X,LBS-GF_ROOF_SLAB-12-X-008,END_UNRESOLVED,SP-GF_ROOF_SLAB-15,392.779,2200,1150,392.779,0,0,"[""LBS-GF_ROOF_SLAB-15-X-004"", ""LBS-GF_ROOF_SLAB-15-X-005""]",0.889005967,0.444502984,0.676856816,0.666754475,0.80010537,0.889005967,0.889005967,0.000000001
S7-0396-006,S7-0396,GF_ROOF_SLAB,SUP-GF_ROOF_SLAB-121,SP-GF_ROOF_SLAB-12,X,LBS-GF_ROOF_SLAB-12-X-009,END_UNRESOLVED,SP-GF_ROOF_SLAB-15,29.86,2200,1150,29.844,0.016,0,"[""LBS-GF_ROOF_SLAB-15-X-005"", ""LBS-GF_ROOF_SLAB-15-X-006""]",0.067584362,0.033792181,0.051446811,0.050688271,0.060825926,0.067584362,0.067584362,0.000000003
S7-0397-001,S7-0397,GF_ROOF_SLAB,SUP-GF_ROOF_SLAB-121,SP-GF_ROOF_SLAB-15,X,LBS-GF_ROOF_SLAB-15-X-002,END_UNRESOLVED,SP-GF_ROOF_SLAB-12,18.016,1150,2200,18.016,0,0,"[""LBS-GF_ROOF_SLAB-12-X-004"", ""LBS-GF_ROOF_SLAB-12-X-005""]",0.021315226,0.010657613,0.03104609,0.015986419,0.036699259,0.040776954,0.021315226,0.000000016
S7-0397-002,S7-0397,GF_ROOF_SLAB,SUP-GF_ROOF_SLAB-121,SP-GF_ROOF_SLAB-15,X,LBS-GF_ROOF_SLAB-15-X-003,END_UNRESOLVED,SP-GF_ROOF_SLAB-12,256.984,1150,2200,256.984,0,0,"[""LBS-GF_ROOF_SLAB-12-X-005"", ""LBS-GF_ROOF_SLAB-12-X-006""]",0.304044856,0.152022428,0.442847942,0.228033642,0.523485926,0.581651029,0.304044856,0.000000001
S7-0397-003,S7-0397,GF_ROOF_SLAB,SUP-GF_ROOF_SLAB-121,SP-GF_ROOF_SLAB-15,X,LBS-GF_ROOF_SLAB-15-X-004,END_UNRESOLVED,SP-GF_ROOF_SLAB-12,382.221,1150,2200,382.221,0,0,"[""LBS-GF_ROOF_SLAB-12-X-006"", ""LBS-GF_ROOF_SLAB-12-X-007""]",0.452216204,0.226108102,0.658662732,0.339162153,0.778598334,0.86510926,0.452216204,0
S7-0397-004,S7-0397,GF_ROOF_SLAB,SUP-GF_ROOF_SLAB-121,SP-GF_ROOF_SLAB-15,X,LBS-GF_ROOF_SLAB-15-X-005,END_UNRESOLVED,SP-GF_ROOF_SLAB-12,392.779,1150,2200,392.779,0,0,"[""LBS-GF_ROOF_SLAB-12-X-007"", ""LBS-GF_ROOF_SLAB-12-X-008""]",0.464707665,0.232353832,0.676856816,0.348530749,0.800105371,0.889005968,0.464707665,0
S7-0397-005,S7-0397,GF_ROOF_SLAB,SUP-GF_ROOF_SLAB-121,SP-GF_ROOF_SLAB-15,X,LBS-GF_ROOF_SLAB-15-X-006,END_UNRESOLVED,SP-GF_ROOF_SLAB-12,29.86,1150,2200,29.844,0.016,0,"[""LBS-GF_ROOF_SLAB-12-X-008"", ""LBS-GF_ROOF_SLAB-12-X-009""]",0.035328189,0.017664095,0.051438168,0.026496142,0.06081037,0.067567078,0.035328189,0.000000009
S7-0398-001,S7-0398,1F_ROOF_SLAB,SUP-1F_ROOF_SLAB-122,SP-1F_ROOF_SLAB-11,Y,LBS-1F_ROOF_SLAB-11-Y-005,END_NON_CONTINUOUS,SP-1F_ROOF_SLAB-06,1700,1250,,0,1700,0,[],2.186213992,1.093106996,1.093106996,1.639660494,1.639660494,2.186213992,2.186213992,0.000000001
S7-0399-001,S7-0399,GF_ROOF_SLAB,SUP-GF_ROOF_SLAB-123,SP-GF_ROOF_SLAB-04,X,LBS-GF_ROOF_SLAB-04-X-001,END_UNRESOLVED,SP-GF_ROOF_SLAB-07,750,1470,1800,750,0,0,"[""LBS-GF_ROOF_SLAB-07-X-003"", ""LBS-GF_ROOF_SLAB-07-X-004"", ""LBS-GF_ROOF_SLAB-07-X-005""]",1.134259259,0.56712963,1.261574074,0.850694444,1.25,1.388888889,1.134259259,0.000000001
S7-0399-002,S7-0399,GF_ROOF_SLAB,SUP-GF_ROOF_SLAB-123,SP-GF_ROOF_SLAB-04,X,LBS-GF_ROOF_SLAB-04-X-002,END_UNRESOLVED,SP-GF_ROOF_SLAB-07,750,1470,1800,750,0,0,"[""LBS-GF_ROOF_SLAB-07-X-005"", ""LBS-GF_ROOF_SLAB-07-X-006""]",1.134259259,0.56712963,1.261574074,0.850694444,1.25,1.388888889,1.134259259,0.000000001
S7-0399-003,S7-0399,GF_ROOF_SLAB,SUP-GF_ROOF_SLAB-123,SP-GF_ROOF_SLAB-04,X,LBS-GF_ROOF_SLAB-04-X-003,END_UNRESOLVED,SP-GF_ROOF_SLAB-07,250,1470,1800,250,0,0,"[""LBS-GF_ROOF_SLAB-07-X-006"", ""LBS-GF_ROOF_SLAB-07-X-007""]",0.37808642,0.18904321,0.420524692,0.283564815,0.416666667,0.462962963,0.37808642,0
S7-0400-001,S7-0400,GF_ROOF_SLAB,SUP-GF_ROOF_SLAB-123,SP-GF_ROOF_SLAB-07,X,LBS-GF_ROOF_SLAB-07-X-003,END_UNRESOLVED,SP-GF_ROOF_SLAB-04,200,1800,,0,200,0,[],0.37037037,0.185185185,0.185185185,0.277777777,0.333333333,0.37037037,0.37037037,0.000000002
S7-0400-002,S7-0400,GF_ROOF_SLAB,SUP-GF_ROOF_SLAB-123,SP-GF_ROOF_SLAB-07,X,LBS-GF_ROOF_SLAB-07-X-004,END_UNRESOLVED,SP-GF_ROOF_SLAB-04,600,1800,1470,599.956,0.044,0,"[""LBS-GF_ROOF_SLAB-04-X-001""]",1.111111111,0.555555556,1.009225988,0.833333333,1,1.111111111,1.111111111,0.000000001
S7-0400-003,S7-0400,GF_ROOF_SLAB,SUP-GF_ROOF_SLAB-123,SP-GF_ROOF_SLAB-07,X,LBS-GF_ROOF_SLAB-07-X-005,END_UNRESOLVED,SP-GF_ROOF_SLAB-04,150,1800,1470,150,0,0,"[""LBS-GF_ROOF_SLAB-04-X-001""]",0.277777778,0.138888889,0.252314815,0.208333333,0.25,0.277777778,0.277777778,0
S7-0400-004,S7-0400,GF_ROOF_SLAB,SUP-GF_ROOF_SLAB-123,SP-GF_ROOF_SLAB-07,X,LBS-GF_ROOF_SLAB-07-X-006,END_UNRESOLVED,SP-GF_ROOF_SLAB-04,750,1800,1470,750,0,0,"[""LBS-GF_ROOF_SLAB-04-X-001"", ""LBS-GF_ROOF_SLAB-04-X-002""]",1.388888889,0.694444444,1.261574074,1.041666667,1.25,1.388888889,1.388888889,0.000000001
S7-0400-005,S7-0400,GF_ROOF_SLAB,SUP-GF_ROOF_SLAB-123,SP-GF_ROOF_SLAB-07,X,LBS-GF_ROOF_SLAB-07-X-007,END_UNRESOLVED,SP-GF_ROOF_SLAB-04,250,1800,1470,250,0,0,"[""LBS-GF_ROOF_SLAB-04-X-002"", ""LBS-GF_ROOF_SLAB-04-X-003""]",0.462962963,0.231481481,0.420524691,0.347222222,0.416666667,0.462962963,0.462962963,0.000000001
S7-0401-001,S7-0401,GF_ROOF_SLAB,SUP-GF_ROOF_SLAB-124,SP-GF_ROOF_SLAB-07,X,LBS-GF_ROOF_SLAB-07-X-001,END_CONTINUOUS_RUN,SP-GF_ROOF_SLAB-11,750,1800,1470,749.956,0.044,0,"[""LBS-GF_ROOF_SLAB-11-X-015""]",1.388888889,0.694444444,1.261581543,1.25,1.25,1.388888889,1.388888889,0.000000001
S7-0401-002,S7-0401,GF_ROOF_SLAB,SUP-GF_ROOF_SLAB-124,SP-GF_ROOF_SLAB-07,X,LBS-GF_ROOF_SLAB-07-X-002,END_CONTINUOUS_RUN,SP-GF_ROOF_SLAB-11,250,1800,1470,250,0,0,"[""LBS-GF_ROOF_SLAB-11-X-015"", ""LBS-GF_ROOF_SLAB-11-X-016""]",0.462962963,0.231481481,0.420524691,0.416666667,0.416666667,0.462962963,0.462962963,0.000000001
S7-0402-001,S7-0402,GF_ROOF_SLAB,SUP-GF_ROOF_SLAB-124,SP-GF_ROOF_SLAB-11,X,LBS-GF_ROOF_SLAB-11-X-015,END_CONTINUOUS_RUN,SP-GF_ROOF_SLAB-07,750,1470,1800,749.956,0.044,0,"[""LBS-GF_ROOF_SLAB-07-X-001""]",1.134259259,0.56712963,1.261566605,1.249986555,1.249986555,1.38887395,1.134259259,0.000000001
S7-0402-002,S7-0402,GF_ROOF_SLAB,SUP-GF_ROOF_SLAB-124,SP-GF_ROOF_SLAB-11,X,LBS-GF_ROOF_SLAB-11-X-016,END_CONTINUOUS_RUN,SP-GF_ROOF_SLAB-07,250,1470,1800,250,0,0,"[""LBS-GF_ROOF_SLAB-07-X-001"", ""LBS-GF_ROOF_SLAB-07-X-002""]",0.37808642,0.18904321,0.420524692,0.416666667,0.416666667,0.462962963,0.37808642,0
S7-0404-001,S7-0404,GF_ROOF_SLAB,SUP-GF_ROOF_SLAB-125,SP-GF_ROOF_SLAB-11,X,LBS-GF_ROOF_SLAB-11-X-001,END_NON_CONTINUOUS,SP-GF_ROOF_SLAB-13,42.978,102.246280659,,0,42.978,0,[],0.004520927,0.002260464,0.002260464,0.003390695,0.003390695,0.004520927,0.004520927,-0.000000089
S7-0404-002,S7-0404,GF_ROOF_SLAB,SUP-GF_ROOF_SLAB-125,SP-GF_ROOF_SLAB-11,X,LBS-GF_ROOF_SLAB-11-X-002,END_NON_CONTINUOUS,SP-GF_ROOF_SLAB-13,42.034,304.493030425,,0,42.034,0,[],0.013167757,0.006583879,0.006583879,0.009875818,0.009875818,0.013167757,0.013167757,0.000000019
S7-0404-003,S7-0404,GF_ROOF_SLAB,SUP-GF_ROOF_SLAB-125,SP-GF_ROOF_SLAB-11,X,LBS-GF_ROOF_SLAB-11-X-003,END_NON_CONTINUOUS,SP-GF_ROOF_SLAB-13,159.526,784.011861681,,0,159.526,0,[],0.128673124,0.064336562,0.064336562,0.096504843,0.096504843,0.128673124,0.128673124,-0.000000002
S7-0404-004,S7-0404,GF_ROOF_SLAB,SUP-GF_ROOF_SLAB-125,SP-GF_ROOF_SLAB-11,X,LBS-GF_ROOF_SLAB-11-X-004,END_NON_CONTINUOUS,SP-GF_ROOF_SLAB-13,7.221,1180.709254792,,0,7.221,0,[],0.008771504,0.004385752,0.004385752,0.006578628,0.006578628,0.008771504,0.008771504,-0.000000042
S7-0404-005,S7-0404,GF_ROOF_SLAB,SUP-GF_ROOF_SLAB-125,SP-GF_ROOF_SLAB-11,X,LBS-GF_ROOF_SLAB-11-X-005,END_NON_CONTINUOUS,SP-GF_ROOF_SLAB-13,46.681,1308.944142876,,0,46.681,0,[],0.062862985,0.031431492,0.031431492,0.047147239,0.047147239,0.062862985,0.062862985,0.000000002
S7-0404-006,S7-0404,GF_ROOF_SLAB,SUP-GF_ROOF_SLAB-125,SP-GF_ROOF_SLAB-11,X,LBS-GF_ROOF_SLAB-11-X-006,END_NON_CONTINUOUS,SP-GF_ROOF_SLAB-13,42.033,1420,,0,42.033,0,[],0.061406235,0.030703118,0.030703118,0.046054676,0.046054676,0.061406235,0.061406235,-0.000000006
S7-0404-007,S7-0404,GF_ROOF_SLAB,SUP-GF_ROOF_SLAB-125,SP-GF_ROOF_SLAB-11,X,LBS-GF_ROOF_SLAB-11-X-007,END_NON_CONTINUOUS,SP-GF_ROOF_SLAB-13,304.065,1420,,0,304.065,0,[],0.444210185,0.222105092,0.222105092,0.333157639,0.333157639,0.444210185,0.444210185,0.000000001
S7-0404-008,S7-0404,GF_ROOF_SLAB,SUP-GF_ROOF_SLAB-125,SP-GF_ROOF_SLAB-11,X,LBS-GF_ROOF_SLAB-11-X-008,END_NON_CONTINUOUS,SP-GF_ROOF_SLAB-13,100,1420,,0,100,0,[],0.146090535,0.073045267,0.073045267,0.109567901,0.109567901,0.146090535,0.146090535,0
S7-0404-009,S7-0404,GF_ROOF_SLAB,SUP-GF_ROOF_SLAB-125,SP-GF_ROOF_SLAB-11,X,LBS-GF_ROOF_SLAB-11-X-009,END_NON_CONTINUOUS,SP-GF_ROOF_SLAB-13,50,1470,,0,50,0,[],0.075617284,0.037808642,0.037808642,0.056712963,0.056712963,0.075617284,0.075617284,0
S7-0404-010,S7-0404,GF_ROOF_SLAB,SUP-GF_ROOF_SLAB-125,SP-GF_ROOF_SLAB-11,X,LBS-GF_ROOF_SLAB-11-X-010,END_NON_CONTINUOUS,SP-GF_ROOF_SLAB-13,250,1470,,0,250,0,[],0.37808642,0.18904321,0.18904321,0.283564815,0.283564815,0.37808642,0.37808642,0
S7-0404-011,S7-0404,GF_ROOF_SLAB,SUP-GF_ROOF_SLAB-125,SP-GF_ROOF_SLAB-11,X,LBS-GF_ROOF_SLAB-11-X-011,END_NON_CONTINUOUS,SP-GF_ROOF_SLAB-13,375,1470,,0,375,0,[],0.56712963,0.283564815,0.283564815,0.425347223,0.425347223,0.56712963,0.56712963,0
S7-0404-012,S7-0404,GF_ROOF_SLAB,SUP-GF_ROOF_SLAB-125,SP-GF_ROOF_SLAB-11,X,LBS-GF_ROOF_SLAB-11-X-012,END_NON_CONTINUOUS,SP-GF_ROOF_SLAB-13,25,1470,,0,25,0,[],0.037808642,0.018904321,0.018904321,0.028356481,0.028356481,0.037808642,0.037808642,0
S7-0404-013,S7-0404,GF_ROOF_SLAB,SUP-GF_ROOF_SLAB-125,SP-GF_ROOF_SLAB-11,X,LBS-GF_ROOF_SLAB-11-X-013,END_NON_CONTINUOUS,SP-GF_ROOF_SLAB-13,300,1470,,0,300,0,[],0.453703704,0.226851852,0.226851852,0.340277778,0.340277778,0.453703704,0.453703704,0
S7-0404-014,S7-0404,GF_ROOF_SLAB,SUP-GF_ROOF_SLAB-125,SP-GF_ROOF_SLAB-11,X,LBS-GF_ROOF_SLAB-11-X-014,END_NON_CONTINUOUS,SP-GF_ROOF_SLAB-13,200,1470,,0,200,0,[],0.302469136,0.151234568,0.151234568,0.226851852,0.226851852,0.302469136,0.302469136,0
S7-0405-001,S7-0405,1F_ROOF_SLAB,SUP-1F_ROOF_SLAB-126,SP-1F_ROOF_SLAB-02,Y,LBS-1F_ROOF_SLAB-02-Y-001,END_NON_CONTINUOUS,SP-1F_ROOF_SLAB-06,1800,3000,,0,1800,0,[],5.555555556,2.777777778,2.777777778,4.166666667,4.166666667,5.555555556,5.555555556,0.000000001
S7-0406-001,S7-0406,GF_ROOF_SLAB,SUP-GF_ROOF_SLAB-127,SP-GF_ROOF_SLAB-07,X,LBS-GF_ROOF_SLAB-07-X-001,END_UNRESOLVED,SP-GF_ROOF_SLAB-03,750,1800,,0,750,0,[],1.388888889,0.694444444,0.694444444,1.041666667,1.25,1.388888889,1.388888889,0.000000001
S7-0406-002,S7-0406,GF_ROOF_SLAB,SUP-GF_ROOF_SLAB-127,SP-GF_ROOF_SLAB-07,X,LBS-GF_ROOF_SLAB-07-X-002,END_UNRESOLVED,SP-GF_ROOF_SLAB-03,250,1800,,0,250,0,[],0.462962963,0.231481481,0.231481481,0.347222222,0.416666667,0.462962963,0.462962963,0.000000001
S7-0406-003,S7-0406,GF_ROOF_SLAB,SUP-GF_ROOF_SLAB-127,SP-GF_ROOF_SLAB-07,X,LBS-GF_ROOF_SLAB-07-X-003,END_UNRESOLVED,SP-GF_ROOF_SLAB-03,200,1800,,0,200,0,[],0.37037037,0.185185185,0.185185185,0.277777777,0.333333333,0.37037037,0.37037037,0.000000002
S7-0406-004,S7-0406,GF_ROOF_SLAB,SUP-GF_ROOF_SLAB-127,SP-GF_ROOF_SLAB-07,X,LBS-GF_ROOF_SLAB-07-X-004,END_UNRESOLVED,SP-GF_ROOF_SLAB-03,600,1800,,0,600,0,[],1.111111111,0.555555556,0.555555556,0.833333333,1,1.111111111,1.111111111,0.000000001
S7-0406-005,S7-0406,GF_ROOF_SLAB,SUP-GF_ROOF_SLAB-127,SP-GF_ROOF_SLAB-07,X,LBS-GF_ROOF_SLAB-07-X-005,END_UNRESOLVED,SP-GF_ROOF_SLAB-03,150,1800,,0,150,0,[],0.277777778,0.138888889,0.138888889,0.208333333,0.25,0.277777778,0.277777778,0
S7-0406-006,S7-0406,GF_ROOF_SLAB,SUP-GF_ROOF_SLAB-127,SP-GF_ROOF_SLAB-07,X,LBS-GF_ROOF_SLAB-07-X-006,END_UNRESOLVED,SP-GF_ROOF_SLAB-03,750,1800,,0,750,0,[],1.388888889,0.694444444,0.694444444,1.041666667,1.25,1.388888889,1.388888889,0.000000001
S7-0406-007,S7-0406,GF_ROOF_SLAB,SUP-GF_ROOF_SLAB-127,SP-GF_ROOF_SLAB-07,X,LBS-GF_ROOF_SLAB-07-X-007,END_UNRESOLVED,SP-GF_ROOF_SLAB-03,250,1800,,0,250,0,[],0.462962963,0.231481481,0.231481481,0.347222222,0.416666667,0.462962963,0.462962963,0.000000001
S7-0407-001,S7-0407,GF_ROOF_SLAB,SUP-GF_ROOF_SLAB-128,SP-GF_ROOF_SLAB-16,X,LBS-GF_ROOF_SLAB-16-X-003,END_NON_CONTINUOUS,SP-GF_ROOF_SLAB-13,200,2500,,0,200,0,[],0.514403292,0.257201646,0.257201646,0.385802469,0.385802469,0.514403292,0.514403292,0.000000001
S7-0407-002,S7-0407,GF_ROOF_SLAB,SUP-GF_ROOF_SLAB-128,SP-GF_ROOF_SLAB-16,X,LBS-GF_ROOF_SLAB-16-X-004,END_NON_CONTINUOUS,SP-GF_ROOF_SLAB-13,55.462,2500,,0,55.462,0,[],0.142649177,0.071324588,0.071324588,0.106986883,0.106986883,0.142649177,0.142649177,0
S7-0407-003,S7-0407,GF_ROOF_SLAB,SUP-GF_ROOF_SLAB-128,SP-GF_ROOF_SLAB-16,X,LBS-GF_ROOF_SLAB-16-X-005,END_NON_CONTINUOUS,SP-GF_ROOF_SLAB-13,42.978,2500,,0,42.978,0,[],0.110540123,0.055270062,0.055270062,0.082905092,0.082905092,0.110540123,0.110540123,0.000000005
S7-0407-004,S7-0407,GF_ROOF_SLAB,SUP-GF_ROOF_SLAB-128,SP-GF_ROOF_SLAB-16,X,LBS-GF_ROOF_SLAB-16-X-006,END_NON_CONTINUOUS,SP-GF_ROOF_SLAB-13,201.56,2500,,0,201.56,0,[],0.518415638,0.259207819,0.259207819,0.388811729,0.388811729,0.518415638,0.518415638,0
S7-0408-001,S7-0408,1F_ROOF_SLAB,SUP-1F_ROOF_SLAB-129,SP-1F_ROOF_SLAB-03,Y,LBS-1F_ROOF_SLAB-03-Y-003,END_CONTINUOUS_RUN,SP-1F_ROOF_SLAB-07,8.414,4154.547680746,978.003333622,8.414,0,0,"[""LBS-1F_ROOF_SLAB-07-Y-001"", ""LBS-1F_ROOF_SLAB-07-Y-002""]",0.035963338,0.017981669,0.022214653,0.032367004,0.032367004,0.035963338,0.035963338,-0.000000009
S7-0408-002,S7-0408,1F_ROOF_SLAB,SUP-1F_ROOF_SLAB-129,SP-1F_ROOF_SLAB-03,Y,LBS-1F_ROOF_SLAB-03-Y-004,END_CONTINUOUS_RUN,SP-1F_ROOF_SLAB-07,25.178,4152.512255216,980.052952368,25.178,0,0,"[""LBS-1F_ROOF_SLAB-07-Y-002"", ""LBS-1F_ROOF_SLAB-07-Y-003""]",0.107563738,0.053781869,0.066475168,0.096807364,0.096807364,0.107563738,0.107563738,0.000000003
S7-0408-003,S7-0408,1F_ROOF_SLAB,SUP-1F_ROOF_SLAB-129,SP-1F_ROOF_SLAB-03,Y,LBS-1F_ROOF_SLAB-03-Y-005,END_CONTINUOUS_RUN,SP-1F_ROOF_SLAB-07,38.591,4148.648327775,983.901012955,38.591,0,0,"[""LBS-1F_ROOF_SLAB-07-Y-003"", ""LBS-1F_ROOF_SLAB-07-Y-004""]",0.164712436,0.082356218,0.101887969,0.148241192,0.148241192,0.164712436,0.164712436,0
S7-0409-001,S7-0409,1F_ROOF_SLAB,SUP-1F_ROOF_SLAB-129,SP-1F_ROOF_SLAB-07,Y,LBS-1F_ROOF_SLAB-07-Y-001,END_CONTINUOUS_RUN,SP-1F_ROOF_SLAB-03,8.414,978.003817615,4154.5463342,8.414,0,0,"[""LBS-1F_ROOF_SLAB-03-Y-003"", ""LBS-1F_ROOF_SLAB-03-Y-004""]",0.008465971,0.004232985,0.022214648,0.032366992,0.032366992,0.035963325,0.008465971,0.000000038
S7-0409-002,S7-0409,1F_ROOF_SLAB,SUP-1F_ROOF_SLAB-129,SP-1F_ROOF_SLAB-07,Y,LBS-1F_ROOF_SLAB-07-Y-002,END_CONTINUOUS_RUN,SP-1F_ROOF_SLAB-03,25.178,980.039210215,4152.497142848,25.178,0,0,"[""LBS-1F_ROOF_SLAB-03-Y-004"", ""LBS-1F_ROOF_SLAB-03-Y-005""]",0.025386242,0.012693121,0.066474794,0.096807012,0.096807012,0.107563347,0.025386242,0.000000001
S7-0409-003,S7-0409,1F_ROOF_SLAB,SUP-1F_ROOF_SLAB-129,SP-1F_ROOF_SLAB-07,Y,LBS-1F_ROOF_SLAB-07-Y-003,END_CONTINUOUS_RUN,SP-1F_ROOF_SLAB-03,38.591,983.903075144,4148.649208549,38.587,0.004,0,"[""LBS-1F_ROOF_SLAB-03-Y-005""]",0.039063584,0.019531792,0.101881521,0.148229511,0.148229511,0.164699457,0.039063584,-0.000000001
S7-0409-004,S7-0409,1F_ROOF_SLAB,SUP-1F_ROOF_SLAB-129,SP-1F_ROOF_SLAB-07,Y,LBS-1F_ROOF_SLAB-07-Y-004,END_CONTINUOUS_RUN,SP-1F_ROOF_SLAB-03,3.159,986.432773913,,0,3.159,0,[],0.003205907,0.001602954,0.003205907,0.002885316,0.002885316,0.003205907,0.003205907,-0.000000151
S7-0409-005,S7-0409,1F_ROOF_SLAB,SUP-1F_ROOF_SLAB-129,SP-1F_ROOF_SLAB-07,Y,LBS-1F_ROOF_SLAB-07-Y-005,END_CONTINUOUS_RUN,SP-1F_ROOF_SLAB-03,58.004,990.138737166,,0,58.004,0,[],0.059086427,0.029543213,0.059086427,0.053177784,0.053177784,0.059086427,0.059086427,0.000000005
S7-0409-006,S7-0409,1F_ROOF_SLAB,SUP-1F_ROOF_SLAB-129,SP-1F_ROOF_SLAB-07,Y,LBS-1F_ROOF_SLAB-07-Y-006,END_CONTINUOUS_RUN,SP-1F_ROOF_SLAB-03,73.817,998.125980792,,0,73.817,0,[],0.075801096,0.037900548,0.075801096,0.068220986,0.068220986,0.075801096,0.075801096,0.000000003
S7-0409-007,S7-0409,1F_ROOF_SLAB,SUP-1F_ROOF_SLAB-129,SP-1F_ROOF_SLAB-07,Y,LBS-1F_ROOF_SLAB-07-Y-007,END_CONTINUOUS_RUN,SP-1F_ROOF_SLAB-03,65.02,1006.538334995,,0,65.02,0,[],0.067330373,0.033665186,0.067330373,0.060597336,0.060597336,0.067330373,0.067330373,0
S7-0411-001,S7-0411,1F_ROOF_SLAB,SUP-1F_ROOF_SLAB-130,SP-1F_ROOF_SLAB-03,Y,LBS-1F_ROOF_SLAB-03-Y-001,END_CONTINUOUS_RUN,SP-1F_ROOF_SLAB-09,1597.817,4318.525165467,1728.550242458,1597.796,0.021,0,"[""LBS-1F_ROOF_SLAB-09-Y-001""]",7.09898449,3.549492245,4.970253212,6.389086041,6.389086041,7.09898449,7.09898449,0.000000001
S7-0411-002,S7-0411,1F_ROOF_SLAB,SUP-1F_ROOF_SLAB-130,SP-1F_ROOF_SLAB-03,Y,LBS-1F_ROOF_SLAB-03-Y-002,END_CONTINUOUS_RUN,SP-1F_ROOF_SLAB-09,550,4188.383418772,,0,550,0,[],2.369970041,1.184985021,2.369970041,2.132973037,2.132973037,2.369970041,2.369970041,0.000000001
S7-0412-001,S7-0412,1F_ROOF_SLAB,SUP-1F_ROOF_SLAB-130,SP-1F_ROOF_SLAB-09,Y,LBS-1F_ROOF_SLAB-09-Y-001,END_CONTINUOUS_RUN,SP-1F_ROOF_SLAB-03,1597.817,1728.5485,4318.498485417,1597.817,0,0,"[""LBS-1F_ROOF_SLAB-03-Y-001"", ""LBS-1F_ROOF_SLAB-03-Y-002""]",2.841465204,1.420732602,4.970202918,6.389046568,6.389046568,7.098940631,2.841465204,0.000000001
S7-0414-001,S7-0414,1F_ROOF_SLAB,SUP-1F_ROOF_SLAB-131,SP-1F_ROOF_SLAB-04,Y,LBS-1F_ROOF_SLAB-04-Y-002,END_CONTINUOUS_SPLIT,SP-1F_ROOF_SLAB-12,1420,4711.031830508,1336.050484789,1420,0,0,"[""LBS-1F_ROOF_SLAB-12-Y-001"", ""LBS-1F_ROOF_SLAB-12-Y-002""]",6.882371604,3.441185802,4.417107452,6.194134444,6.194134444,6.882371604,6.882371604,0.000000001
S7-0414-002,S7-0414,1F_ROOF_SLAB,SUP-1F_ROOF_SLAB-131,SP-1F_ROOF_SLAB-04,Y,LBS-1F_ROOF_SLAB-04-Y-003,END_CONTINUOUS_SPLIT,SP-1F_ROOF_SLAB-12,600,4538.635237288,1458.450484667,600,0,0,"[""LBS-1F_ROOF_SLAB-12-Y-002"", ""LBS-1F_ROOF_SLAB-12-Y-003""]",2.80162669,1.400813345,1.850952384,2.521464021,2.521464021,2.80162669,2.80162669,0.000000001
S7-0414-003,S7-0414,1F_ROOF_SLAB,SUP-1F_ROOF_SLAB-131,SP-1F_ROOF_SLAB-04,Y,LBS-1F_ROOF_SLAB-04-Y-004,END_CONTINUOUS_SPLIT,SP-1F_ROOF_SLAB-12,930,4495.92890678,1551.156204757,929.996,0.004,0,"[""LBS-1F_ROOF_SLAB-12-Y-003"", ""LBS-1F_ROOF_SLAB-12-Y-004"", ""LBS-1F_ROOF_SLAB-12-Y-005""]",4.301660374,2.150830187,2.892901599,3.871494337,3.871494337,4.301660374,4.301660374,0.000000001
S7-0415-001,S7-0415,1F_ROOF_SLAB,SUP-1F_ROOF_SLAB-131,SP-1F_ROOF_SLAB-12,Y,LBS-1F_ROOF_SLAB-12-Y-001,END_CONTINUOUS_SPLIT,SP-1F_ROOF_SLAB-04,1420,1336.041410169,4711.049374366,1420,0,0,"[""LBS-1F_ROOF_SLAB-04-Y-002"", ""LBS-1F_ROOF_SLAB-04-Y-003""]",1.951830044,0.975915022,4.41711364,6.194157512,6.194157512,6.882397235,1.951830044,0
S7-0415-002,S7-0415,1F_ROOF_SLAB,SUP-1F_ROOF_SLAB-131,SP-1F_ROOF_SLAB-12,Y,LBS-1F_ROOF_SLAB-12-Y-002,END_CONTINUOUS_SPLIT,SP-1F_ROOF_SLAB-04,600,1458.438345763,4538.649848667,600,0,0,"[""LBS-1F_ROOF_SLAB-04-Y-003"", ""LBS-1F_ROOF_SLAB-04-Y-004""]",0.900270584,0.450135292,1.850953147,2.521472139,2.521472139,2.80163571,0.900270584,0
S7-0415-003,S7-0415,1F_ROOF_SLAB,SUP-1F_ROOF_SLAB-131,SP-1F_ROOF_SLAB-12,Y,LBS-1F_ROOF_SLAB-12-Y-003,END_CONTINUOUS_SPLIT,SP-1F_ROOF_SLAB-04,253.909,1510.178863028,4536.914814032,253.909,0,0,"[""LBS-1F_ROOF_SLAB-04-Y-004""]",0.394493832,0.197246916,0.789820734,1.066632873,1.066632873,1.185147637,0.394493832,0.000000001
S7-0415-004,S7-0415,1F_ROOF_SLAB,SUP-1F_ROOF_SLAB-131,SP-1F_ROOF_SLAB-12,Y,LBS-1F_ROOF_SLAB-12-Y-004,END_CONTINUOUS_SPLIT,SP-1F_ROOF_SLAB-04,200,1537.682363344,4509.411833226,200,0,0,"[""LBS-1F_ROOF_SLAB-04-Y-004""]",0.316395548,0.158197774,0.622129033,0.835076265,0.835076265,0.927862517,0.316395548,0.000000001
S7-0415-005,S7-0415,1F_ROOF_SLAB,SUP-1F_ROOF_SLAB-131,SP-1F_ROOF_SLAB-12,Y,LBS-1F_ROOF_SLAB-12-Y-005,END_CONTINUOUS_SPLIT,SP-1F_ROOF_SLAB-04,476.091,1578.648435909,4468.446776828,476.087,0.004,0,"[""LBS-1F_ROOF_SLAB-04-Y-004""]",0.773230774,0.386615387,1.480944528,1.969792454,1.969792454,2.188658282,0.773230774,0.000000001
S7-0417-001,S7-0417,1F_ROOF_SLAB,SUP-1F_ROOF_SLAB-132,SP-1F_ROOF_SLAB-24,Y,LBS-1F_ROOF_SLAB-24-Y-001,END_UNRESOLVED,SP-1F_ROOF_SLAB-17,8.414,1042.339,,0,8.414,0,[],0.009022881,0.00451144,0.00451144,0.006767161,0.008120593,0.009022881,0.009022881,0.000000002
S7-0417-002,S7-0417,1F_ROOF_SLAB,SUP-1F_ROOF_SLAB-132,SP-1F_ROOF_SLAB-24,Y,LBS-1F_ROOF_SLAB-24-Y-002,END_UNRESOLVED,SP-1F_ROOF_SLAB-17,25.178,1042.339,,0,25.178,0,[],0.027000012,0.013500006,0.013500006,0.020250009,0.024300011,0.027000012,0.027000012,-0.000000012
S7-0417-003,S7-0417,1F_ROOF_SLAB,SUP-1F_ROOF_SLAB-132,SP-1F_ROOF_SLAB-24,Y,LBS-1F_ROOF_SLAB-24-Y-003,END_UNRESOLVED,SP-1F_ROOF_SLAB-17,41.75,1042.339,,0,41.75,0,[],0.044771248,0.022385624,0.022385624,0.033578436,0.040294123,0.044771248,0.044771248,0.000000005
S7-0417-004,S7-0417,1F_ROOF_SLAB,SUP-1F_ROOF_SLAB-132,SP-1F_ROOF_SLAB-24,Y,LBS-1F_ROOF_SLAB-24-Y-004,END_UNRESOLVED,SP-1F_ROOF_SLAB-17,58.004,1042.339,,0,58.004,0,[],0.062201473,0.031100737,0.031100737,0.046651105,0.055981326,0.062201473,0.062201473,-0.000000006
S7-0417-005,S7-0417,1F_ROOF_SLAB,SUP-1F_ROOF_SLAB-132,SP-1F_ROOF_SLAB-24,Y,LBS-1F_ROOF_SLAB-24-Y-005,END_UNRESOLVED,SP-1F_ROOF_SLAB-17,73.817,1042.339,,0,73.817,0,[],0.079158784,0.039579392,0.039579392,0.059369088,0.071242906,0.079158784,0.079158784,0
S7-0417-006,S7-0417,1F_ROOF_SLAB,SUP-1F_ROOF_SLAB-132,SP-1F_ROOF_SLAB-24,Y,LBS-1F_ROOF_SLAB-24-Y-006,END_UNRESOLVED,SP-1F_ROOF_SLAB-17,89.068,1042.339,,0,89.068,0,[],0.095513426,0.047756713,0.047756713,0.07163507,0.085962083,0.095513426,0.095513426,0
S7-0417-007,S7-0417,1F_ROOF_SLAB,SUP-1F_ROOF_SLAB-132,SP-1F_ROOF_SLAB-24,Y,LBS-1F_ROOF_SLAB-24-Y-007,END_UNRESOLVED,SP-1F_ROOF_SLAB-17,103.641,1042.339,,0,103.641,0,[],0.111141004,0.055570502,0.055570502,0.083355753,0.100026904,0.111141004,0.111141004,0.000000004
S7-0417-008,S7-0417,1F_ROOF_SLAB,SUP-1F_ROOF_SLAB-132,SP-1F_ROOF_SLAB-24,Y,LBS-1F_ROOF_SLAB-24-Y-008,END_UNRESOLVED,SP-1F_ROOF_SLAB-17,117.426,1042.339,,0,117.426,0,[],0.125923559,0.062961779,0.062961779,0.094442669,0.113331203,0.125923559,0.125923559,0.000000001
S7-0417-009,S7-0417,1F_ROOF_SLAB,SUP-1F_ROOF_SLAB-132,SP-1F_ROOF_SLAB-24,Y,LBS-1F_ROOF_SLAB-24-Y-009,END_UNRESOLVED,SP-1F_ROOF_SLAB-17,130.316,1042.339,,0,130.316,0,[],0.139746347,0.069873173,0.069873173,0.10480976,0.125771712,0.139746347,0.139746347,-0.000000001
S7-0417-010,S7-0417,1F_ROOF_SLAB,SUP-1F_ROOF_SLAB-132,SP-1F_ROOF_SLAB-24,Y,LBS-1F_ROOF_SLAB-24-Y-010,END_UNRESOLVED,SP-1F_ROOF_SLAB-17,142.216,1042.339,,0,142.216,0,[],0.152507493,0.076253746,0.076253746,0.11438062,0.137256744,0.152507493,0.152507493,0.000000001
S7-0417-011,S7-0417,1F_ROOF_SLAB,SUP-1F_ROOF_SLAB-132,SP-1F_ROOF_SLAB-24,Y,LBS-1F_ROOF_SLAB-24-Y-011,END_UNRESOLVED,SP-1F_ROOF_SLAB-17,153.032,1042.339,,0,153.032,0,[],0.164106195,0.082053098,0.082053098,0.123079646,0.147695576,0.164106195,0.164106195,0.000000003
S7-0417-012,S7-0417,1F_ROOF_SLAB,SUP-1F_ROOF_SLAB-132,SP-1F_ROOF_SLAB-24,Y,LBS-1F_ROOF_SLAB-24-Y-012,END_UNRESOLVED,SP-1F_ROOF_SLAB-17,162.684,1042.339,,0,162.684,0,[],0.174456664,0.087228332,0.087228332,0.130842498,0.157010998,0.174456664,0.174456664,0.000000003
S7-0417-013,S7-0417,1F_ROOF_SLAB,SUP-1F_ROOF_SLAB-132,SP-1F_ROOF_SLAB-24,Y,LBS-1F_ROOF_SLAB-24-Y-013,END_UNRESOLVED,SP-1F_ROOF_SLAB-17,171.098,1042.339,,0,171.098,0,[],0.183479545,0.091739772,0.091739772,0.137609659,0.165131591,0.183479545,0.183479545,0.000000003
S7-0417-014,S7-0417,1F_ROOF_SLAB,SUP-1F_ROOF_SLAB-132,SP-1F_ROOF_SLAB-24,Y,LBS-1F_ROOF_SLAB-24-Y-014,END_UNRESOLVED,SP-1F_ROOF_SLAB-17,178.21,1042.339,,0,178.21,0,[],0.191106207,0.095553104,0.095553104,0.143329655,0.171995586,0.191106207,0.191106207,0.000000001
S7-0417-015,S7-0417,1F_ROOF_SLAB,SUP-1F_ROOF_SLAB-132,SP-1F_ROOF_SLAB-24,Y,LBS-1F_ROOF_SLAB-24-Y-015,END_UNRESOLVED,SP-1F_ROOF_SLAB-17,183.965,1042.339,,0,183.965,0,[],0.197277669,0.098638834,0.098638834,0.147958252,0.177549902,0.197277669,0.197277669,0
S7-0417-016,S7-0417,1F_ROOF_SLAB,SUP-1F_ROOF_SLAB-132,SP-1F_ROOF_SLAB-24,Y,LBS-1F_ROOF_SLAB-24-Y-016,END_UNRESOLVED,SP-1F_ROOF_SLAB-17,188.321,1042.339,,0,188.321,0,[],0.201948892,0.100974446,0.100974446,0.151461669,0.181754003,0.201948892,0.201948892,0
S7-0417-017,S7-0417,1F_ROOF_SLAB,SUP-1F_ROOF_SLAB-132,SP-1F_ROOF_SLAB-24,Y,LBS-1F_ROOF_SLAB-24-Y-017,END_UNRESOLVED,SP-1F_ROOF_SLAB-17,191.243,1042.339,,0,191.243,0,[],0.205082343,0.102541172,0.102541172,0.153811757,0.184574109,0.205082343,0.205082343,0.000000001
S7-0417-018,S7-0417,1F_ROOF_SLAB,SUP-1F_ROOF_SLAB-132,SP-1F_ROOF_SLAB-24,Y,LBS-1F_ROOF_SLAB-24-Y-018,END_UNRESOLVED,SP-1F_ROOF_SLAB-17,192.709,1042.339,,0,192.709,0,[],0.20665443,0.103327215,0.103327215,0.154990822,0.185988987,0.20665443,0.20665443,0.000000003
S7-0417-019,S7-0417,1F_ROOF_SLAB,SUP-1F_ROOF_SLAB-132,SP-1F_ROOF_SLAB-24,Y,LBS-1F_ROOF_SLAB-24-Y-019,END_UNRESOLVED,SP-1F_ROOF_SLAB-18,192.709,1042.339,,0,192.709,0,[],0.20665443,0.103327215,0.103327215,0.154990823,0.185988987,0.20665443,0.20665443,0.000000003
S7-0417-020,S7-0417,1F_ROOF_SLAB,SUP-1F_ROOF_SLAB-132,SP-1F_ROOF_SLAB-24,Y,LBS-1F_ROOF_SLAB-24-Y-020,END_UNRESOLVED,SP-1F_ROOF_SLAB-18,191.243,1042.339,,0,191.243,0,[],0.205082343,0.102541172,0.102541172,0.153811757,0.184574109,0.205082343,0.205082343,0.000000001
S7-0417-021,S7-0417,1F_ROOF_SLAB,SUP-1F_ROOF_SLAB-132,SP-1F_ROOF_SLAB-24,Y,LBS-1F_ROOF_SLAB-24-Y-021,END_UNRESOLVED,SP-1F_ROOF_SLAB-18,188.321,1042.339,,0,188.321,0,[],0.201948892,0.100974446,0.100974446,0.151461669,0.181754003,0.201948892,0.201948892,0
S7-0417-022,S7-0417,1F_ROOF_SLAB,SUP-1F_ROOF_SLAB-132,SP-1F_ROOF_SLAB-24,Y,LBS-1F_ROOF_SLAB-24-Y-022,END_UNRESOLVED,SP-1F_ROOF_SLAB-18,183.965,1042.339,,0,183.965,0,[],0.197277669,0.098638834,0.098638834,0.147958252,0.177549902,0.197277669,0.197277669,0
S7-0417-023,S7-0417,1F_ROOF_SLAB,SUP-1F_ROOF_SLAB-132,SP-1F_ROOF_SLAB-24,Y,LBS-1F_ROOF_SLAB-24-Y-023,END_UNRESOLVED,SP-1F_ROOF_SLAB-17,178.21,1042.339,,0,178.21,0,[],0.191106207,0.095553104,0.095553104,0.143329655,0.171995586,0.191106207,0.191106207,0.000000001
S7-0417-024,S7-0417,1F_ROOF_SLAB,SUP-1F_ROOF_SLAB-132,SP-1F_ROOF_SLAB-24,Y,LBS-1F_ROOF_SLAB-24-Y-024,END_UNRESOLVED,SP-1F_ROOF_SLAB-17,171.098,1042.339,,0,171.098,0,[],0.183479545,0.091739772,0.091739772,0.137609659,0.165131591,0.183479545,0.183479545,0.000000003
S7-0417-025,S7-0417,1F_ROOF_SLAB,SUP-1F_ROOF_SLAB-132,SP-1F_ROOF_SLAB-24,Y,LBS-1F_ROOF_SLAB-24-Y-025,END_UNRESOLVED,SP-1F_ROOF_SLAB-17,162.684,1042.339,,0,162.684,0,[],0.174456664,0.087228332,0.087228332,0.130842498,0.157010998,0.174456664,0.174456664,0.000000003
S7-0417-026,S7-0417,1F_ROOF_SLAB,SUP-1F_ROOF_SLAB-132,SP-1F_ROOF_SLAB-24,Y,LBS-1F_ROOF_SLAB-24-Y-026,END_UNRESOLVED,SP-1F_ROOF_SLAB-17,153.032,1042.339,,0,153.032,0,[],0.164106195,0.082053098,0.082053098,0.123079646,0.147695576,0.164106195,0.164106195,0.000000003
S7-0417-027,S7-0417,1F_ROOF_SLAB,SUP-1F_ROOF_SLAB-132,SP-1F_ROOF_SLAB-24,Y,LBS-1F_ROOF_SLAB-24-Y-027,END_UNRESOLVED,SP-1F_ROOF_SLAB-17,142.216,1042.339,,0,142.216,0,[],0.152507493,0.076253746,0.076253746,0.11438062,0.137256744,0.152507493,0.152507493,0.000000001
S7-0417-028,S7-0417,1F_ROOF_SLAB,SUP-1F_ROOF_SLAB-132,SP-1F_ROOF_SLAB-24,Y,LBS-1F_ROOF_SLAB-24-Y-028,END_UNRESOLVED,SP-1F_ROOF_SLAB-17,130.316,1042.339,,0,130.316,0,[],0.139746347,0.069873173,0.069873173,0.10480976,0.125771712,0.139746347,0.139746347,-0.000000001
S7-0417-029,S7-0417,1F_ROOF_SLAB,SUP-1F_ROOF_SLAB-132,SP-1F_ROOF_SLAB-24,Y,LBS-1F_ROOF_SLAB-24-Y-029,END_UNRESOLVED,SP-1F_ROOF_SLAB-17,117.426,1042.339,,0,117.426,0,[],0.125923559,0.062961779,0.062961779,0.094442669,0.113331203,0.125923559,0.125923559,0.000000001
S7-0417-030,S7-0417,1F_ROOF_SLAB,SUP-1F_ROOF_SLAB-132,SP-1F_ROOF_SLAB-24,Y,LBS-1F_ROOF_SLAB-24-Y-030,END_UNRESOLVED,SP-1F_ROOF_SLAB-17,103.641,1042.339,,0,103.641,0,[],0.111141004,0.055570502,0.055570502,0.083355753,0.100026904,0.111141004,0.111141004,0.000000004
S7-0417-031,S7-0417,1F_ROOF_SLAB,SUP-1F_ROOF_SLAB-132,SP-1F_ROOF_SLAB-24,Y,LBS-1F_ROOF_SLAB-24-Y-031,END_UNRESOLVED,SP-1F_ROOF_SLAB-17,89.068,1042.339,,0,89.068,0,[],0.095513426,0.047756713,0.047756713,0.071635069,0.085962083,0.095513426,0.095513426,0
S7-0417-032,S7-0417,1F_ROOF_SLAB,SUP-1F_ROOF_SLAB-132,SP-1F_ROOF_SLAB-24,Y,LBS-1F_ROOF_SLAB-24-Y-032,END_UNRESOLVED,SP-1F_ROOF_SLAB-17,73.817,1042.339,,0,73.817,0,[],0.079158784,0.039579392,0.039579392,0.059369088,0.071242906,0.079158784,0.079158784,0
S7-0417-033,S7-0417,1F_ROOF_SLAB,SUP-1F_ROOF_SLAB-132,SP-1F_ROOF_SLAB-24,Y,LBS-1F_ROOF_SLAB-24-Y-033,END_UNRESOLVED,SP-1F_ROOF_SLAB-17,58.004,1042.339,,0,58.004,0,[],0.062201473,0.031100736,0.031100736,0.046651105,0.055981326,0.062201473,0.062201473,-0.000000006
S7-0417-034,S7-0417,1F_ROOF_SLAB,SUP-1F_ROOF_SLAB-132,SP-1F_ROOF_SLAB-24,Y,LBS-1F_ROOF_SLAB-24-Y-034,END_UNRESOLVED,SP-1F_ROOF_SLAB-17,25.341,1042.339,,0,25.341,0,[],0.027174807,0.013587403,0.013587403,0.020381105,0.024457326,0.027174807,0.027174807,0.000000008
S7-0418-001,S7-0418,GF_ROOF_SLAB,SUP-GF_ROOF_SLAB-133,SP-GF_ROOF_SLAB-06,X,LBS-GF_ROOF_SLAB-06-X-001,END_CONTINUOUS_SPLIT,SP-GF_ROOF_SLAB-08,750,1650,3500,749.956,0.044,0,"[""LBS-GF_ROOF_SLAB-08-X-044"", ""LBS-GF_ROOF_SLAB-08-X-045"", ""LBS-GF_ROOF_SLAB-08-X-046"", ""LBS-GF_ROOF_SLAB-08-X-047"", ""LBS-GF_ROOF_SLAB-08-X-048"", ""LBS-GF_ROOF_SLAB-08-X-049"", ""LBS-GF_ROOF_SLAB-08-X-050"", ""LBS-GF_ROOF_SLAB-08-X-051"", ""LBS-GF_ROOF_SLAB-08-X-052"", ""LBS-GF_ROOF_SLAB-08-X-053"", ""LBS-GF_ROOF_SLAB-08-X-054"", ""LBS-GF_ROOF_SLAB-08-X-055"", ""LBS-GF_ROOF_SLAB-08-X-056"", ""LBS-GF_ROOF_SLAB-08-X-057"", ""LBS-GF_ROOF_SLAB-08-X-058"", ""LBS-GF_ROOF_SLAB-08-X-059"", ""LBS-GF_ROOF_SLAB-08-X-060"", ""LBS-GF_ROOF_SLAB-08-X-061"", ""LBS-GF_ROOF_SLAB-08-X-062"", ""LBS-GF_ROOF_SLAB-08-X-063"", ""LBS-GF_ROOF_SLAB-08-X-064"", ""LBS-GF_ROOF_SLAB-08-X-065"", ""LBS-GF_ROOF_SLAB-08-X-066"", ""LBS-GF_ROOF_SLAB-08-X-067"", ""LBS-GF_ROOF_SLAB-08-X-068"", ""LBS-GF_ROOF_SLAB-08-X-069""]",1.273148148,0.636574074,1.986840843,2.430480185,2.430480185,2.700533539,1.273148148,0.000000001
S7-0418-002,S7-0418,GF_ROOF_SLAB,SUP-GF_ROOF_SLAB-133,SP-GF_ROOF_SLAB-06,X,LBS-GF_ROOF_SLAB-06-X-002,END_CONTINUOUS_SPLIT,SP-GF_ROOF_SLAB-08,750,1650,3500,750,0,0,"[""LBS-GF_ROOF_SLAB-08-X-069"", ""LBS-GF_ROOF_SLAB-08-X-070"", ""LBS-GF_ROOF_SLAB-08-X-071""]",1.273148148,0.636574074,1.986882716,2.430555555,2.430555555,2.700617284,1.273148148,0.000000001
S7-0418-003,S7-0418,GF_ROOF_SLAB,SUP-GF_ROOF_SLAB-133,SP-GF_ROOF_SLAB-06,X,LBS-GF_ROOF_SLAB-06-X-003,END_CONTINUOUS_SPLIT,SP-GF_ROOF_SLAB-08,250,1650,3500,0.044,249.956,0,"[""LBS-GF_ROOF_SLAB-08-X-071""]",0.424382716,0.212191358,0.424424588,0.382019815,0.382019815,0.424466461,0.424382716,0.000000001
S7-0419-001,S7-0419,GF_ROOF_SLAB,SUP-GF_ROOF_SLAB-133,SP-GF_ROOF_SLAB-08,X,LBS-GF_ROOF_SLAB-08-X-044,END_CONTINUOUS_SPLIT,SP-GF_ROOF_SLAB-06,74.474,3500,1650,74.43,0.044,0,"[""LBS-GF_ROOF_SLAB-06-X-001""]",0.268167695,0.134083847,0.197336677,0.241350926,0.241350926,0.268167695,0.268167695,0.000000002
S7-0419-002,S7-0419,GF_ROOF_SLAB,SUP-GF_ROOF_SLAB-133,SP-GF_ROOF_SLAB-08,X,LBS-GF_ROOF_SLAB-08-X-045,END_CONTINUOUS_SPLIT,SP-GF_ROOF_SLAB-06,27.975,3500,1650,27.975,0,0,"[""LBS-GF_ROOF_SLAB-06-X-001""]",0.100733025,0.050366513,0.074110726,0.090659722,0.090659722,0.100733025,0.100733025,-0.000000002
S7-0419-003,S7-0419,GF_ROOF_SLAB,SUP-GF_ROOF_SLAB-133,SP-GF_ROOF_SLAB-08,X,LBS-GF_ROOF_SLAB-08-X-046,END_CONTINUOUS_SPLIT,SP-GF_ROOF_SLAB-06,76.383,3500,1650,76.383,0,0,"[""LBS-GF_ROOF_SLAB-06-X-001""]",0.275041667,0.137520833,0.202352084,0.2475375,0.2475375,0.275041667,0.275041667,-0.000000001
S7-0419-004,S7-0419,GF_ROOF_SLAB,SUP-GF_ROOF_SLAB-133,SP-GF_ROOF_SLAB-08,X,LBS-GF_ROOF_SLAB-08-X-047,END_CONTINUOUS_SPLIT,SP-GF_ROOF_SLAB-06,52.274,3500,1650,52.274,0,0,"[""LBS-GF_ROOF_SLAB-06-X-001""]",0.188229424,0.094114712,0.138483076,0.169406482,0.169406482,0.188229424,0.188229424,0
S7-0419-005,S7-0419,GF_ROOF_SLAB,SUP-GF_ROOF_SLAB-133,SP-GF_ROOF_SLAB-08,X,LBS-GF_ROOF_SLAB-08-X-048,END_CONTINUOUS_SPLIT,SP-GF_ROOF_SLAB-06,46.514,3500,1650,46.514,0,0,"[""LBS-GF_ROOF_SLAB-06-X-001""]",0.167488683,0.083744341,0.123223817,0.150739815,0.150739815,0.167488683,0.167488683,0.000000001
S7-0419-006,S7-0419,GF_ROOF_SLAB,SUP-GF_ROOF_SLAB-133,SP-GF_ROOF_SLAB-08,X,LBS-GF_ROOF_SLAB-08-X-049,END_CONTINUOUS_SPLIT,SP-GF_ROOF_SLAB-06,75.315,3500,1650,75.315,0,0,"[""LBS-GF_ROOF_SLAB-06-X-001""]",0.271195988,0.135597994,0.199522763,0.244076389,0.244076389,0.271195988,0.271195988,-0.000000001
S7-0419-007,S7-0419,GF_ROOF_SLAB,SUP-GF_ROOF_SLAB-133,SP-GF_ROOF_SLAB-08,X,LBS-GF_ROOF_SLAB-08-X-050,END_CONTINUOUS_SPLIT,SP-GF_ROOF_SLAB-06,17.275,3500,1650,17.275,0,0,"[""LBS-GF_ROOF_SLAB-06-X-001""]",0.062204218,0.031102109,0.045764532,0.055983796,0.055983796,0.062204218,0.062204218,0.000000002
S7-0419-008,S7-0419,GF_ROOF_SLAB,SUP-GF_ROOF_SLAB-133,SP-GF_ROOF_SLAB-08,X,LBS-GF_ROOF_SLAB-08-X-051,END_CONTINUOUS_SPLIT,SP-GF_ROOF_SLAB-06,85.806,3500,1650,85.806,0,0,"[""LBS-GF_ROOF_SLAB-06-X-001""]",0.308972222,0.154486111,0.227315278,0.278075,0.278075,0.308972222,0.308972222,0.000000001
S7-0419-009,S7-0419,GF_ROOF_SLAB,SUP-GF_ROOF_SLAB-133,SP-GF_ROOF_SLAB-08,X,LBS-GF_ROOF_SLAB-08-X-052,END_CONTINUOUS_SPLIT,SP-GF_ROOF_SLAB-06,11.029,3500,1650,11.029,0,0,"[""LBS-GF_ROOF_SLAB-06-X-001""]",0.039713477,0.019856738,0.029217772,0.035742129,0.035742129,0.039713477,0.039713477,0.00000001
S7-0419-010,S7-0419,GF_ROOF_SLAB,SUP-GF_ROOF_SLAB-133,SP-GF_ROOF_SLAB-08,X,LBS-GF_ROOF_SLAB-08-X-053,END_CONTINUOUS_SPLIT,SP-GF_ROOF_SLAB-06,67.45,3500,1650,67.45,0,0,"[""LBS-GF_ROOF_SLAB-06-X-001""]",0.242875514,0.121437757,0.178686985,0.218587963,0.218587963,0.242875514,0.242875514,0.000000002
S7-0419-011,S7-0419,GF_ROOF_SLAB,SUP-GF_ROOF_SLAB-133,SP-GF_ROOF_SLAB-08,X,LBS-GF_ROOF_SLAB-08-X-054,END_CONTINUOUS_SPLIT,SP-GF_ROOF_SLAB-06,38.102,3500,1650,38.102,0,0,"[""LBS-GF_ROOF_SLAB-06-X-001""]",0.13719856,0.06859928,0.100938941,0.123478704,0.123478704,0.13719856,0.13719856,-0.000000002
S7-0419-012,S7-0419,GF_ROOF_SLAB,SUP-GF_ROOF_SLAB-133,SP-GF_ROOF_SLAB-08,X,LBS-GF_ROOF_SLAB-08-X-055,END_CONTINUOUS_SPLIT,SP-GF_ROOF_SLAB-06,25.61,3500,1650,25.61,0,0,"[""LBS-GF_ROOF_SLAB-06-X-001""]",0.092217078,0.046108539,0.067845422,0.08299537,0.08299537,0.092217078,0.092217078,0.000000003
S7-0419-013,S7-0419,GF_ROOF_SLAB,SUP-GF_ROOF_SLAB-133,SP-GF_ROOF_SLAB-08,X,LBS-GF_ROOF_SLAB-08-X-056,END_CONTINUOUS_SPLIT,SP-GF_ROOF_SLAB-06,6.941,3500,1650,6.941,0,0,"[""LBS-GF_ROOF_SLAB-06-X-001""]",0.024993313,0.012496656,0.018387937,0.022493982,0.022493982,0.024993313,0.024993313,-0.000000009
S7-0419-014,S7-0419,GF_ROOF_SLAB,SUP-GF_ROOF_SLAB-133,SP-GF_ROOF_SLAB-08,X,LBS-GF_ROOF_SLAB-08-X-057,END_CONTINUOUS_SPLIT,SP-GF_ROOF_SLAB-06,15.461,3500,1650,15.461,0,0,"[""LBS-GF_ROOF_SLAB-06-X-001""]",0.055672325,0.027836163,0.040958925,0.050105093,0.050105093,0.055672325,0.055672325,0.000000002
S7-0419-015,S7-0419,GF_ROOF_SLAB,SUP-GF_ROOF_SLAB-133,SP-GF_ROOF_SLAB-08,X,LBS-GF_ROOF_SLAB-08-X-058,END_CONTINUOUS_SPLIT,SP-GF_ROOF_SLAB-06,5.965,3500,1650,5.965,0,0,"[""LBS-GF_ROOF_SLAB-06-X-001""]",0.021478909,0.010739455,0.01580234,0.019331018,0.019331018,0.021478909,0.021478909,0.000000022
S7-0419-016,S7-0419,GF_ROOF_SLAB,SUP-GF_ROOF_SLAB-133,SP-GF_ROOF_SLAB-08,X,LBS-GF_ROOF_SLAB-08-X-059,END_CONTINUOUS_SPLIT,SP-GF_ROOF_SLAB-06,13.065,3500,1650,13.065,0,0,"[""LBS-GF_ROOF_SLAB-06-X-001""]",0.047044753,0.023522377,0.034611497,0.042340278,0.042340278,0.047044753,0.047044753,0.000000002
S7-0419-017,S7-0419,GF_ROOF_SLAB,SUP-GF_ROOF_SLAB-133,SP-GF_ROOF_SLAB-08,X,LBS-GF_ROOF_SLAB-08-X-060,END_CONTINUOUS_SPLIT,SP-GF_ROOF_SLAB-06,4.941,3500,1650,4.941,0,0,"[""LBS-GF_ROOF_SLAB-06-X-001""]",0.017791667,0.008895834,0.013089584,0.0160125,0.0160125,0.017791667,0.017791667,-0.000000018
S7-0419-018,S7-0419,GF_ROOF_SLAB,SUP-GF_ROOF_SLAB-133,SP-GF_ROOF_SLAB-08,X,LBS-GF_ROOF_SLAB-08-X-061,END_CONTINUOUS_SPLIT,SP-GF_ROOF_SLAB-06,10.572,3500,1650,10.572,0,0,"[""LBS-GF_ROOF_SLAB-06-X-001""]",0.038067901,0.019033951,0.028007099,0.034261111,0.034261111,0.038067901,0.038067901,0.000000007
S7-0419-019,S7-0419,GF_ROOF_SLAB,SUP-GF_ROOF_SLAB-133,SP-GF_ROOF_SLAB-08,X,LBS-GF_ROOF_SLAB-08-X-062,END_CONTINUOUS_SPLIT,SP-GF_ROOF_SLAB-06,3.882,3500,1650,3.882,0,0,"[""LBS-GF_ROOF_SLAB-06-X-001""]",0.013978395,0.006989197,0.010284105,0.012580555,0.012580555,0.013978395,0.013978395,0.000000005
S7-0419-020,S7-0419,GF_ROOF_SLAB,SUP-GF_ROOF_SLAB-133,SP-GF_ROOF_SLAB-08,X,LBS-GF_ROOF_SLAB-08-X-063,END_CONTINUOUS_SPLIT,SP-GF_ROOF_SLAB-06,7.999,3500,1650,7.999,0,0,"[""LBS-GF_ROOF_SLAB-06-X-001""]",0.028802984,0.014401492,0.021190767,0.025922686,0.025922686,0.028802984,0.028802984,-0.000000015
S7-0419-021,S7-0419,GF_ROOF_SLAB,SUP-GF_ROOF_SLAB-133,SP-GF_ROOF_SLAB-08,X,LBS-GF_ROOF_SLAB-08-X-064,END_CONTINUOUS_SPLIT,SP-GF_ROOF_SLAB-06,2.794,3500,1650,2.794,0,0,"[""LBS-GF_ROOF_SLAB-06-X-001""]",0.0100607,0.00503035,0.007401801,0.00905463,0.00905463,0.0100607,0.0100607,-0.00000004
S7-0419-022,S7-0419,GF_ROOF_SLAB,SUP-GF_ROOF_SLAB-133,SP-GF_ROOF_SLAB-08,X,LBS-GF_ROOF_SLAB-08-X-065,END_CONTINUOUS_SPLIT,SP-GF_ROOF_SLAB-06,5.366,3500,1650,5.366,0,0,"[""LBS-GF_ROOF_SLAB-06-X-001""]",0.019322016,0.009661008,0.014215483,0.017389814,0.017389814,0.019322016,0.019322016,0.000000024
S7-0419-023,S7-0419,GF_ROOF_SLAB,SUP-GF_ROOF_SLAB-133,SP-GF_ROOF_SLAB-08,X,LBS-GF_ROOF_SLAB-08-X-066,END_CONTINUOUS_SPLIT,SP-GF_ROOF_SLAB-06,1.685,3500,1650,1.685,0,0,"[""LBS-GF_ROOF_SLAB-06-X-001""]",0.006067387,0.003033693,0.004463863,0.005460648,0.005460648,0.006067387,0.006067387,-0.000000027
S7-0419-024,S7-0419,GF_ROOF_SLAB,SUP-GF_ROOF_SLAB-133,SP-GF_ROOF_SLAB-08,X,LBS-GF_ROOF_SLAB-08-X-067,END_CONTINUOUS_SPLIT,SP-GF_ROOF_SLAB-06,2.693,3500,1650,2.693,0,0,"[""LBS-GF_ROOF_SLAB-06-X-001""]",0.009697016,0.004848508,0.007134233,0.008727314,0.008727314,0.009697016,0.009697016,0.000000048
S7-0419-025,S7-0419,GF_ROOF_SLAB,SUP-GF_ROOF_SLAB-133,SP-GF_ROOF_SLAB-08,X,LBS-GF_ROOF_SLAB-08-X-068,END_CONTINUOUS_SPLIT,SP-GF_ROOF_SLAB-06,0.563,3500,1650,0.563,0,0,"[""LBS-GF_ROOF_SLAB-06-X-001""]",0.002027263,0.001013632,0.001491486,0.001824537,0.001824537,0.002027263,0.002027263,0.000000185
S7-0419-026,S7-0419,GF_ROOF_SLAB,SUP-GF_ROOF_SLAB-133,SP-GF_ROOF_SLAB-08,X,LBS-GF_ROOF_SLAB-08-X-069,END_CONTINUOUS_SPLIT,SP-GF_ROOF_SLAB-06,69.866,3500,1650,69.866,0,0,"[""LBS-GF_ROOF_SLAB-06-X-001""]",0.251575103,0.125787552,0.185087397,0.226417593,0.226417593,0.251575103,0.251575103,0
S7-0419-027,S7-0419,GF_ROOF_SLAB,SUP-GF_ROOF_SLAB-133,SP-GF_ROOF_SLAB-08,X,LBS-GF_ROOF_SLAB-08-X-070,END_CONTINUOUS_SPLIT,SP-GF_ROOF_SLAB-06,130.333,3500,1650,130.333,0,0,"[""LBS-GF_ROOF_SLAB-06-X-001"", ""LBS-GF_ROOF_SLAB-06-X-002""]",0.46930607,0.234653035,0.34527518,0.422375463,0.422375463,0.46930607,0.46930607,0.000000001
S7-0419-028,S7-0419,GF_ROOF_SLAB,SUP-GF_ROOF_SLAB-133,SP-GF_ROOF_SLAB-08,X,LBS-GF_ROOF_SLAB-08-X-071,END_CONTINUOUS_SPLIT,SP-GF_ROOF_SLAB-06,619.667,3500,1650,619.667,0,0,"[""LBS-GF_ROOF_SLAB-06-X-002""]",2.231311214,1.115655607,1.641607536,2.008180093,2.008180093,2.231311214,2.231311214,0.000000001
S7-0421-001,S7-0421,GF_ROOF_SLAB,SUP-GF_ROOF_SLAB-134,SP-GF_ROOF_SLAB-08,X,LBS-GF_ROOF_SLAB-08-X-001,END_CONTINUOUS_SPLIT,SP-GF_ROOF_SLAB-10,0.03,3500,3750,0.03,0,0,"[""LBS-GF_ROOF_SLAB-10-X-007""]",0.000108025,0.000054012,0.000111883,0.000104167,0.000104167,0.000115741,0.000108025,-0.000002857
S7-0421-002,S7-0421,GF_ROOF_SLAB,SUP-GF_ROOF_SLAB-134,SP-GF_ROOF_SLAB-08,X,LBS-GF_ROOF_SLAB-08-X-002,END_CONTINUOUS_SPLIT,SP-GF_ROOF_SLAB-10,1.415,3500,3750,1.415,0,0,"[""LBS-GF_ROOF_SLAB-10-X-007""]",0.005095165,0.002547582,0.005277135,0.004913195,0.004913195,0.005459105,0.005095165,-0.000000076
S7-0421-003,S7-0421,GF_ROOF_SLAB,SUP-GF_ROOF_SLAB-134,SP-GF_ROOF_SLAB-08,X,LBS-GF_ROOF_SLAB-08-X-003,END_CONTINUOUS_SPLIT,SP-GF_ROOF_SLAB-10,1.994,3500,3750,1.994,0,0,"[""LBS-GF_ROOF_SLAB-10-X-007""]",0.007180041,0.00359002,0.007436471,0.006923611,0.006923611,0.007692901,0.007180041,0.000000022
S7-0421-004,S7-0421,GF_ROOF_SLAB,SUP-GF_ROOF_SLAB-134,SP-GF_ROOF_SLAB-08,X,LBS-GF_ROOF_SLAB-08-X-004,END_CONTINUOUS_SPLIT,SP-GF_ROOF_SLAB-10,4.235,3500,3750,4.235,0,0,"[""LBS-GF_ROOF_SLAB-10-X-007""]",0.015249486,0.007624743,0.01579411,0.014704862,0.014704862,0.016338735,0.015249486,-0.000000026
S7-0421-005,S7-0421,GF_ROOF_SLAB,SUP-GF_ROOF_SLAB-134,SP-GF_ROOF_SLAB-08,X,LBS-GF_ROOF_SLAB-08-X-005,END_CONTINUOUS_SPLIT,SP-GF_ROOF_SLAB-10,3.973,3500,3750,3.973,0,0,"[""LBS-GF_ROOF_SLAB-10-X-007""]",0.01430607,0.007153035,0.014817001,0.013795139,0.013795139,0.015327932,0.01430607,-0.000000002
S7-0421-006,S7-0421,GF_ROOF_SLAB,SUP-GF_ROOF_SLAB-134,SP-GF_ROOF_SLAB-08,X,LBS-GF_ROOF_SLAB-08-X-006,END_CONTINUOUS_SPLIT,SP-GF_ROOF_SLAB-10,7.025,3500,3750,7.025,0,0,"[""LBS-GF_ROOF_SLAB-10-X-007""]",0.025295782,0.012647891,0.026199203,0.024392361,0.024392361,0.027102624,0.025295782,-0.000000004
S7-0421-007,S7-0421,GF_ROOF_SLAB,SUP-GF_ROOF_SLAB-134,SP-GF_ROOF_SLAB-08,X,LBS-GF_ROOF_SLAB-08-X-007,END_CONTINUOUS_SPLIT,SP-GF_ROOF_SLAB-10,5.926,3500,3750,5.926,0,0,"[""LBS-GF_ROOF_SLAB-10-X-007""]",0.021338477,0.010669239,0.022100565,0.020576389,0.020576389,0.022862654,0.021338477,0.000000018
S7-0421-008,S7-0421,GF_ROOF_SLAB,SUP-GF_ROOF_SLAB-134,SP-GF_ROOF_SLAB-08,X,LBS-GF_ROOF_SLAB-08-X-008,END_CONTINUOUS_SPLIT,SP-GF_ROOF_SLAB-10,9.766,3500,3750,9.766,0,0,"[""LBS-GF_ROOF_SLAB-10-X-007""]",0.035165638,0.017582819,0.036421554,0.033909722,0.033909722,0.037677469,0.035165638,-0.000000003
S7-0421-009,S7-0421,GF_ROOF_SLAB,SUP-GF_ROOF_SLAB-134,SP-GF_ROOF_SLAB-08,X,LBS-GF_ROOF_SLAB-08-X-009,END_CONTINUOUS_SPLIT,SP-GF_ROOF_SLAB-10,7.836,3500,3750,7.836,0,0,"[""LBS-GF_ROOF_SLAB-10-X-007""]",0.028216049,0.014108024,0.029223765,0.027208333,0.027208333,0.030231481,0.028216049,0.000000014
S7-0421-010,S7-0421,GF_ROOF_SLAB,SUP-GF_ROOF_SLAB-134,SP-GF_ROOF_SLAB-08,X,LBS-GF_ROOF_SLAB-08-X-010,END_CONTINUOUS_SPLIT,SP-GF_ROOF_SLAB-10,12.439,3500,3750,12.439,0,0,"[""LBS-GF_ROOF_SLAB-10-X-007""]",0.044790638,0.022395319,0.046390304,0.043190972,0.043190972,0.047989969,0.044790638,-0.000000003
S7-0421-011,S7-0421,GF_ROOF_SLAB,SUP-GF_ROOF_SLAB-134,SP-GF_ROOF_SLAB-08,X,LBS-GF_ROOF_SLAB-08-X-011,END_CONTINUOUS_SPLIT,SP-GF_ROOF_SLAB-10,9.692,3500,3750,9.692,0,0,"[""LBS-GF_ROOF_SLAB-10-X-007""]",0.034899177,0.017449589,0.036145576,0.033652778,0.033652778,0.037391975,0.034899177,-0.000000001
S7-0421-012,S7-0421,GF_ROOF_SLAB,SUP-GF_ROOF_SLAB-134,SP-GF_ROOF_SLAB-08,X,LBS-GF_ROOF_SLAB-08-X-012,END_CONTINUOUS_SPLIT,SP-GF_ROOF_SLAB-10,15.025,3500,3750,15.025,0,0,"[""LBS-GF_ROOF_SLAB-10-X-007""]",0.054102366,0.027051183,0.056034593,0.052170139,0.052170139,0.057966821,0.054102366,0.000000005
S7-0421-013,S7-0421,GF_ROOF_SLAB,SUP-GF_ROOF_SLAB-134,SP-GF_ROOF_SLAB-08,X,LBS-GF_ROOF_SLAB-08-X-013,END_CONTINUOUS_SPLIT,SP-GF_ROOF_SLAB-10,11.48,3500,3750,11.48,0,0,"[""LBS-GF_ROOF_SLAB-10-X-007""]",0.041337449,0.020668724,0.042813786,0.039861112,0.039861112,0.044290124,0.041337449,-0.00000001
S7-0421-014,S7-0421,GF_ROOF_SLAB,SUP-GF_ROOF_SLAB-134,SP-GF_ROOF_SLAB-08,X,LBS-GF_ROOF_SLAB-08-X-014,END_CONTINUOUS_SPLIT,SP-GF_ROOF_SLAB-10,17.506,3500,3750,17.506,0,0,"[""LBS-GF_ROOF_SLAB-10-X-007""]",0.063036008,0.031518004,0.065287294,0.060784722,0.060784722,0.06753858,0.063036008,0.000000004
S7-0421-015,S7-0421,GF_ROOF_SLAB,SUP-GF_ROOF_SLAB-134,SP-GF_ROOF_SLAB-08,X,LBS-GF_ROOF_SLAB-08-X-015,END_CONTINUOUS_SPLIT,SP-GF_ROOF_SLAB-10,13.187,3500,3750,13.187,0,0,"[""LBS-GF_ROOF_SLAB-10-X-007""]",0.047484053,0.023742026,0.049179912,0.045788194,0.045788194,0.050875771,0.047484053,0.000000011
S7-0421-016,S7-0421,GF_ROOF_SLAB,SUP-GF_ROOF_SLAB-134,SP-GF_ROOF_SLAB-08,X,LBS-GF_ROOF_SLAB-08-X-016,END_CONTINUOUS_SPLIT,SP-GF_ROOF_SLAB-10,19.865,3500,3750,19.865,0,0,"[""LBS-GF_ROOF_SLAB-10-X-007""]",0.07153035,0.035765175,0.074085005,0.068975695,0.068975695,0.076639661,0.07153035,-0.000000002
S7-0421-017,S7-0421,GF_ROOF_SLAB,SUP-GF_ROOF_SLAB-134,SP-GF_ROOF_SLAB-08,X,LBS-GF_ROOF_SLAB-08-X-017,END_CONTINUOUS_SPLIT,SP-GF_ROOF_SLAB-10,36.887,3500,3750,36.887,0,0,"[""LBS-GF_ROOF_SLAB-10-X-007""]",0.13282356,0.06641178,0.137567259,0.128079861,0.128079861,0.142310957,0.13282356,-0.000000002
S7-0421-018,S7-0421,GF_ROOF_SLAB,SUP-GF_ROOF_SLAB-134,SP-GF_ROOF_SLAB-08,X,LBS-GF_ROOF_SLAB-08-X-018,END_CONTINUOUS_SPLIT,SP-GF_ROOF_SLAB-10,18.556,3500,3750,18.556,0,0,"[""LBS-GF_ROOF_SLAB-10-X-007""]",0.066816872,0.033408436,0.069203189,0.064430555,0.064430555,0.071589506,0.066816872,0.000000007
S7-0421-019,S7-0421,GF_ROOF_SLAB,SUP-GF_ROOF_SLAB-134,SP-GF_ROOF_SLAB-08,X,LBS-GF_ROOF_SLAB-08-X-019,END_CONTINUOUS_SPLIT,SP-GF_ROOF_SLAB-10,81.358,3500,3750,81.358,0,0,"[""LBS-GF_ROOF_SLAB-10-X-007""]",0.292955761,0.14647788,0.303418467,0.282493055,0.282493055,0.313881173,0.292955761,0.000000002
S7-0421-020,S7-0421,GF_ROOF_SLAB,SUP-GF_ROOF_SLAB-134,SP-GF_ROOF_SLAB-08,X,LBS-GF_ROOF_SLAB-08-X-020,END_CONTINUOUS_SPLIT,SP-GF_ROOF_SLAB-10,16.024,3500,3750,16.024,0,0,"[""LBS-GF_ROOF_SLAB-10-X-007""]",0.057699588,0.028849794,0.059760288,0.055638888,0.055638888,0.061820987,0.057699588,0.000000009
S7-0421-021,S7-0421,GF_ROOF_SLAB,SUP-GF_ROOF_SLAB-134,SP-GF_ROOF_SLAB-08,X,LBS-GF_ROOF_SLAB-08-X-021,END_CONTINUOUS_SPLIT,SP-GF_ROOF_SLAB-10,0.921,3500,3750,0.921,0,0,"[""LBS-GF_ROOF_SLAB-10-X-007""]",0.003316358,0.001658179,0.003434799,0.003197917,0.003197917,0.003553241,0.003316358,0.000000008
S7-0421-022,S7-0421,GF_ROOF_SLAB,SUP-GF_ROOF_SLAB-134,SP-GF_ROOF_SLAB-08,X,LBS-GF_ROOF_SLAB-08-X-022,END_CONTINUOUS_SPLIT,SP-GF_ROOF_SLAB-10,25,3500,3750,25,0,0,"[""LBS-GF_ROOF_SLAB-10-X-007"", ""LBS-GF_ROOF_SLAB-10-X-008""]",0.090020576,0.045010288,0.093235597,0.086805555,0.086805555,0.096450617,0.090020576,0.000000002
S7-0421-023,S7-0421,GF_ROOF_SLAB,SUP-GF_ROOF_SLAB-134,SP-GF_ROOF_SLAB-08,X,LBS-GF_ROOF_SLAB-08-X-023,END_CONTINUOUS_SPLIT,SP-GF_ROOF_SLAB-10,45.026,3500,3750,45.026,0,0,"[""LBS-GF_ROOF_SLAB-10-X-008"", ""LBS-GF_ROOF_SLAB-10-X-009""]",0.162130658,0.081065329,0.167921039,0.156340277,0.156340277,0.173711419,0.162130658,0.000000003
S7-0421-024,S7-0421,GF_ROOF_SLAB,SUP-GF_ROOF_SLAB-134,SP-GF_ROOF_SLAB-08,X,LBS-GF_ROOF_SLAB-08-X-024,END_CONTINUOUS_SPLIT,SP-GF_ROOF_SLAB-10,52.513,3500,3750,52.513,0,0,"[""LBS-GF_ROOF_SLAB-10-X-009""]",0.189090021,0.09454501,0.195843236,0.182336806,0.182336806,0.202596451,0.189090021,-0.000000002
S7-0421-025,S7-0421,GF_ROOF_SLAB,SUP-GF_ROOF_SLAB-134,SP-GF_ROOF_SLAB-08,X,LBS-GF_ROOF_SLAB-08-X-025,END_CONTINUOUS_SPLIT,SP-GF_ROOF_SLAB-10,39.602,3500,3750,39.602,0,0,"[""LBS-GF_ROOF_SLAB-10-X-009""]",0.142599794,0.071299897,0.147692644,0.137506944,0.137506944,0.152785494,0.142599794,0.000000002
S7-0421-026,S7-0421,GF_ROOF_SLAB,SUP-GF_ROOF_SLAB-134,SP-GF_ROOF_SLAB-08,X,LBS-GF_ROOF_SLAB-08-X-026,END_CONTINUOUS_SPLIT,SP-GF_ROOF_SLAB-10,90.475,3500,3750,90.475,0,0,"[""LBS-GF_ROOF_SLAB-10-X-009""]",0.325784465,0.162892233,0.337419624,0.314149306,0.314149306,0.349054784,0.325784465,0.000000001
S7-0421-027,S7-0421,GF_ROOF_SLAB,SUP-GF_ROOF_SLAB-134,SP-GF_ROOF_SLAB-08,X,LBS-GF_ROOF_SLAB-08-X-027,END_CONTINUOUS_SPLIT,SP-GF_ROOF_SLAB-10,6.288,3500,3750,6.288,0,0,"[""LBS-GF_ROOF_SLAB-10-X-009""]",0.022641975,0.011320987,0.023450617,0.021833333,0.021833333,0.024259259,0.022641975,0.000000014
S7-0421-028,S7-0421,GF_ROOF_SLAB,SUP-GF_ROOF_SLAB-134,SP-GF_ROOF_SLAB-08,X,LBS-GF_ROOF_SLAB-08-X-028,END_CONTINUOUS_SPLIT,SP-GF_ROOF_SLAB-10,100.889,3500,3750,100.889,0,0,"[""LBS-GF_ROOF_SLAB-10-X-009""]",0.363283436,0.181641718,0.376257844,0.350309028,0.350309028,0.389232253,0.363283436,0.000000001
S7-0421-029,S7-0421,GF_ROOF_SLAB,SUP-GF_ROOF_SLAB-134,SP-GF_ROOF_SLAB-08,X,LBS-GF_ROOF_SLAB-08-X-029,END_CONTINUOUS_SPLIT,SP-GF_ROOF_SLAB-10,28.563,3500,3750,28.563,0,0,"[""LBS-GF_ROOF_SLAB-10-X-009""]",0.102850309,0.051425155,0.106523534,0.099177084,0.099177084,0.11019676,0.102850309,-0.000000003
S7-0421-030,S7-0421,GF_ROOF_SLAB,SUP-GF_ROOF_SLAB-134,SP-GF_ROOF_SLAB-08,X,LBS-GF_ROOF_SLAB-08-X-030,END_CONTINUOUS_SPLIT,SP-GF_ROOF_SLAB-10,136.644,3500,3750,136.644,0,0,"[""LBS-GF_ROOF_SLAB-10-X-009""]",0.492030864,0.246015432,0.509603395,0.474458333,0.474458333,0.527175926,0.492030864,0.000000001
S7-0421-031,S7-0421,GF_ROOF_SLAB,SUP-GF_ROOF_SLAB-134,SP-GF_ROOF_SLAB-08,X,LBS-GF_ROOF_SLAB-08-X-031,END_CONTINUOUS_SPLIT,SP-GF_ROOF_SLAB-10,3.764,3500,3750,3.764,0,0,"[""LBS-GF_ROOF_SLAB-10-X-009"", ""LBS-GF_ROOF_SLAB-10-X-010""]",0.013553498,0.006776749,0.014037551,0.013069444,0.013069444,0.014521605,0.013553498,-0.000000004
S7-0421-032,S7-0421,GF_ROOF_SLAB,SUP-GF_ROOF_SLAB-134,SP-GF_ROOF_SLAB-08,X,LBS-GF_ROOF_SLAB-08-X-032,END_CONTINUOUS_SPLIT,SP-GF_ROOF_SLAB-10,144.047,3500,3750,144.047,0,0,"[""LBS-GF_ROOF_SLAB-10-X-010""]",0.518687757,0.259343879,0.53721232,0.500163194,0.500163194,0.555736882,0.518687757,0.000000001
S7-0421-033,S7-0421,GF_ROOF_SLAB,SUP-GF_ROOF_SLAB-134,SP-GF_ROOF_SLAB-08,X,LBS-GF_ROOF_SLAB-08-X-033,END_CONTINUOUS_SPLIT,SP-GF_ROOF_SLAB-10,146.629,3500,3750,146.629,0,0,"[""LBS-GF_ROOF_SLAB-10-X-010""]",0.527985082,0.263992541,0.546841692,0.509128472,0.509128472,0.565698302,0.527985082,0.000000001
S7-0421-034,S7-0421,GF_ROOF_SLAB,SUP-GF_ROOF_SLAB-134,SP-GF_ROOF_SLAB-08,X,LBS-GF_ROOF_SLAB-08-X-034,END_CONTINUOUS_SPLIT,SP-GF_ROOF_SLAB-10,148.136,3500,3750,148.136,0,0,"[""LBS-GF_ROOF_SLAB-10-X-010""]",0.533411523,0.266705762,0.552461935,0.514361111,0.514361111,0.571512346,0.533411523,0
S7-0421-035,S7-0421,GF_ROOF_SLAB,SUP-GF_ROOF_SLAB-134,SP-GF_ROOF_SLAB-08,X,LBS-GF_ROOF_SLAB-08-X-035,END_CONTINUOUS_SPLIT,SP-GF_ROOF_SLAB-10,148.557,3500,3750,148.557,0,0,"[""LBS-GF_ROOF_SLAB-10-X-010""]",0.534927469,0.267463734,0.554032021,0.515822917,0.515822917,0.573136574,0.534927469,0.000000001
S7-0421-036,S7-0421,GF_ROOF_SLAB,SUP-GF_ROOF_SLAB-134,SP-GF_ROOF_SLAB-08,X,LBS-GF_ROOF_SLAB-08-X-036,END_CONTINUOUS_SPLIT,SP-GF_ROOF_SLAB-10,147.889,3500,3750,147.889,0,0,"[""LBS-GF_ROOF_SLAB-10-X-010""]",0.532522119,0.26626106,0.551540766,0.513503472,0.513503472,0.570559413,0.532522119,0.000000001
S7-0421-037,S7-0421,GF_ROOF_SLAB,SUP-GF_ROOF_SLAB-134,SP-GF_ROOF_SLAB-08,X,LBS-GF_ROOF_SLAB-08-X-037,END_CONTINUOUS_SPLIT,SP-GF_ROOF_SLAB-10,10.978,3500,3750,10.978,0,0,"[""LBS-GF_ROOF_SLAB-10-X-010""]",0.039529835,0.019764917,0.040941615,0.038118055,0.038118055,0.042353395,0.039529835,0.000000011
S7-0421-038,S7-0421,GF_ROOF_SLAB,SUP-GF_ROOF_SLAB-134,SP-GF_ROOF_SLAB-08,X,LBS-GF_ROOF_SLAB-08-X-038,END_CONTINUOUS_SPLIT,SP-GF_ROOF_SLAB-10,135.158,3500,3750,135.158,0,0,"[""LBS-GF_ROOF_SLAB-10-X-010"", ""LBS-GF_ROOF_SLAB-10-X-011""]",0.486680041,0.243340021,0.504061471,0.469298611,0.469298611,0.521442901,0.486680041,0.000000001
S7-0421-039,S7-0421,GF_ROOF_SLAB,SUP-GF_ROOF_SLAB-134,SP-GF_ROOF_SLAB-08,X,LBS-GF_ROOF_SLAB-08-X-039,END_CONTINUOUS_SPLIT,SP-GF_ROOF_SLAB-10,114.842,3500,3750,114.842,0,0,"[""LBS-GF_ROOF_SLAB-10-X-011""]",0.41352572,0.20676286,0.428294496,0.398756944,0.398756944,0.443063271,0.41352572,0.000000001
S7-0421-040,S7-0421,GF_ROOF_SLAB,SUP-GF_ROOF_SLAB-134,SP-GF_ROOF_SLAB-08,X,LBS-GF_ROOF_SLAB-08-X-040,END_CONTINUOUS_SPLIT,SP-GF_ROOF_SLAB-10,28.471,3500,3750,0.044,28.427,0,"[""LBS-GF_ROOF_SLAB-10-X-011""]",0.102519033,0.051259516,0.102524691,0.092277315,0.092277315,0.10253035,0.102519033,0
S7-0421-041,S7-0421,GF_ROOF_SLAB,SUP-GF_ROOF_SLAB-134,SP-GF_ROOF_SLAB-08,X,LBS-GF_ROOF_SLAB-08-X-041,END_CONTINUOUS_SPLIT,SP-GF_ROOF_SLAB-10,136.736,3500,,0,136.736,0,[],0.49236214,0.24618107,0.49236214,0.443125926,0.443125926,0.49236214,0.49236214,0
S7-0421-042,S7-0421,GF_ROOF_SLAB,SUP-GF_ROOF_SLAB-134,SP-GF_ROOF_SLAB-08,X,LBS-GF_ROOF_SLAB-08-X-042,END_CONTINUOUS_SPLIT,SP-GF_ROOF_SLAB-10,2.701,3500,,0,2.701,0,[],0.009725823,0.004862911,0.009725823,0.008753241,0.008753241,0.009725823,0.009725823,0.000000005
S7-0421-043,S7-0421,GF_ROOF_SLAB,SUP-GF_ROOF_SLAB-134,SP-GF_ROOF_SLAB-08,X,LBS-GF_ROOF_SLAB-08-X-043,END_CONTINUOUS_SPLIT,SP-GF_ROOF_SLAB-10,32.092,3500,,0,32.092,0,[],0.115557613,0.057778807,0.115557613,0.104001852,0.104001852,0.115557613,0.115557613,0.000000002
S7-0422-001,S7-0422,GF_ROOF_SLAB,SUP-GF_ROOF_SLAB-134,SP-GF_ROOF_SLAB-10,X,LBS-GF_ROOF_SLAB-10-X-006,END_CONTINUOUS_SPLIT,SP-GF_ROOF_SLAB-08,79.86,3750,3500,0.016,79.844,0,"[""LBS-GF_ROOF_SLAB-08-X-001"", ""LBS-GF_ROOF_SLAB-08-X-002""]",0.308101852,0.154050926,0.308099794,0.277291667,0.277291667,0.308101852,0.308101852,0
S7-0422-002,S7-0422,GF_ROOF_SLAB,SUP-GF_ROOF_SLAB-134,SP-GF_ROOF_SLAB-10,X,LBS-GF_ROOF_SLAB-10-X-007,END_CONTINUOUS_SPLIT,SP-GF_ROOF_SLAB-08,295.14,3750,3500,295.14,0,0,"[""LBS-GF_ROOF_SLAB-08-X-002"", ""LBS-GF_ROOF_SLAB-08-X-003"", ""LBS-GF_ROOF_SLAB-08-X-004"", ""LBS-GF_ROOF_SLAB-08-X-005"", ""LBS-GF_ROOF_SLAB-08-X-006"", ""LBS-GF_ROOF_SLAB-08-X-007"", ""LBS-GF_ROOF_SLAB-08-X-008"", ""LBS-GF_ROOF_SLAB-08-X-009"", ""LBS-GF_ROOF_SLAB-08-X-010"", ""LBS-GF_ROOF_SLAB-08-X-011"", ""LBS-GF_ROOF_SLAB-08-X-012"", ""LBS-GF_ROOF_SLAB-08-X-013"", ""LBS-GF_ROOF_SLAB-08-X-014"", ""LBS-GF_ROOF_SLAB-08-X-015"", ""LBS-GF_ROOF_SLAB-08-X-016"", ""LBS-GF_ROOF_SLAB-08-X-017"", ""LBS-GF_ROOF_SLAB-08-X-018"", ""LBS-GF_ROOF_SLAB-08-X-019"", ""LBS-GF_ROOF_SLAB-08-X-020"", ""LBS-GF_ROOF_SLAB-08-X-021""]",1.138657407,0.569328703,1.10070216,1.024791666,1.024791666,1.138657407,1.138657407,0.000000001
S7-0422-003,S7-0422,GF_ROOF_SLAB,SUP-GF_ROOF_SLAB-134,SP-GF_ROOF_SLAB-10,X,LBS-GF_ROOF_SLAB-10-X-008,END_CONTINUOUS_SPLIT,SP-GF_ROOF_SLAB-08,25,3750,3500,25,0,0,"[""LBS-GF_ROOF_SLAB-08-X-021"", ""LBS-GF_ROOF_SLAB-08-X-022""]",0.096450617,0.048225309,0.093235596,0.086805555,0.086805555,0.096450617,0.096450617,0.000000004
S7-0422-004,S7-0422,GF_ROOF_SLAB,SUP-GF_ROOF_SLAB-134,SP-GF_ROOF_SLAB-10,X,LBS-GF_ROOF_SLAB-10-X-009,END_CONTINUOUS_SPLIT,SP-GF_ROOF_SLAB-08,500,3750,3500,500,0,0,"[""LBS-GF_ROOF_SLAB-08-X-022"", ""LBS-GF_ROOF_SLAB-08-X-023"", ""LBS-GF_ROOF_SLAB-08-X-024"", ""LBS-GF_ROOF_SLAB-08-X-025"", ""LBS-GF_ROOF_SLAB-08-X-026"", ""LBS-GF_ROOF_SLAB-08-X-027"", ""LBS-GF_ROOF_SLAB-08-X-028"", ""LBS-GF_ROOF_SLAB-08-X-029"", ""LBS-GF_ROOF_SLAB-08-X-030""]",1.929012346,0.964506173,1.864711934,1.736111111,1.736111111,1.929012346,1.929012346,0
S7-0422-005,S7-0422,GF_ROOF_SLAB,SUP-GF_ROOF_SLAB-134,SP-GF_ROOF_SLAB-10,X,LBS-GF_ROOF_SLAB-10-X-010,END_CONTINUOUS_SPLIT,SP-GF_ROOF_SLAB-08,750,3750,3500,750,0,0,"[""LBS-GF_ROOF_SLAB-08-X-030"", ""LBS-GF_ROOF_SLAB-08-X-031"", ""LBS-GF_ROOF_SLAB-08-X-032"", ""LBS-GF_ROOF_SLAB-08-X-033"", ""LBS-GF_ROOF_SLAB-08-X-034"", ""LBS-GF_ROOF_SLAB-08-X-035"", ""LBS-GF_ROOF_SLAB-08-X-036"", ""LBS-GF_ROOF_SLAB-08-X-037""]",2.893518519,1.44675926,2.797067902,2.604166667,2.604166667,2.893518519,2.893518519,0
S7-0422-006,S7-0422,GF_ROOF_SLAB,SUP-GF_ROOF_SLAB-134,SP-GF_ROOF_SLAB-10,X,LBS-GF_ROOF_SLAB-10-X-011,END_CONTINUOUS_SPLIT,SP-GF_ROOF_SLAB-08,250,3750,3500,250,0,0,"[""LBS-GF_ROOF_SLAB-08-X-037"", ""LBS-GF_ROOF_SLAB-08-X-038"", ""LBS-GF_ROOF_SLAB-08-X-039""]",0.964506173,0.482253087,0.932355967,0.868055556,0.868055556,0.964506173,0.964506173,0
S7-0424-001,S7-0424,1F_ROOF_SLAB,SUP-1F_ROOF_SLAB-135,SP-1F_ROOF_SLAB-07,Y,LBS-1F_ROOF_SLAB-07-Y-001,END_UNRESOLVED,SP-1F_ROOF_SLAB-16,8.414,978.003817615,,0,8.414,0,[],0.008465971,0.004232985,0.004232985,0.006349478,0.007619374,0.008465971,0.008465971,0.000000038
S7-0424-002,S7-0424,1F_ROOF_SLAB,SUP-1F_ROOF_SLAB-135,SP-1F_ROOF_SLAB-07,Y,LBS-1F_ROOF_SLAB-07-Y-002,END_UNRESOLVED,SP-1F_ROOF_SLAB-16,25.178,980.039210215,,0,25.178,0,[],0.025386242,0.012693121,0.012693121,0.019039681,0.022847618,0.025386242,0.025386242,0.000000001
S7-0424-003,S7-0424,1F_ROOF_SLAB,SUP-1F_ROOF_SLAB-135,SP-1F_ROOF_SLAB-07,Y,LBS-1F_ROOF_SLAB-07-Y-003,END_UNRESOLVED,SP-1F_ROOF_SLAB-16,38.591,983.903075144,,0,38.591,0,[],0.039063584,0.019531792,0.019531792,0.029297688,0.035157226,0.039063584,0.039063584,-0.000000001
S7-0424-004,S7-0424,1F_ROOF_SLAB,SUP-1F_ROOF_SLAB-135,SP-1F_ROOF_SLAB-07,Y,LBS-1F_ROOF_SLAB-07-Y-004,END_UNRESOLVED,SP-1F_ROOF_SLAB-16,3.159,986.432773913,,0,3.159,0,[],0.003205907,0.001602954,0.001602954,0.00240443,0.002885316,0.003205907,0.003205907,-0.000000151
S7-0424-005,S7-0424,1F_ROOF_SLAB,SUP-1F_ROOF_SLAB-135,SP-1F_ROOF_SLAB-07,Y,LBS-1F_ROOF_SLAB-07-Y-005,END_UNRESOLVED,SP-1F_ROOF_SLAB-16,58.004,990.138737166,,0,58.004,0,[],0.059086427,0.029543213,0.029543213,0.04431482,0.053177784,0.059086427,0.059086427,0.000000005
S7-0424-006,S7-0424,1F_ROOF_SLAB,SUP-1F_ROOF_SLAB-135,SP-1F_ROOF_SLAB-07,Y,LBS-1F_ROOF_SLAB-07-Y-006,END_UNRESOLVED,SP-1F_ROOF_SLAB-16,73.817,998.125980792,,0,73.817,0,[],0.075801096,0.037900548,0.037900548,0.056850822,0.068220986,0.075801096,0.075801096,0.000000003
S7-0424-007,S7-0424,1F_ROOF_SLAB,SUP-1F_ROOF_SLAB-135,SP-1F_ROOF_SLAB-07,Y,LBS-1F_ROOF_SLAB-07-Y-007,END_UNRESOLVED,SP-1F_ROOF_SLAB-16,65.02,1006.538334995,,0,65.02,0,[],0.067330373,0.033665186,0.033665186,0.05049778,0.060597336,0.067330373,0.067330373,0
S7-0424-008,S7-0424,1F_ROOF_SLAB,SUP-1F_ROOF_SLAB-135,SP-1F_ROOF_SLAB-07,Y,LBS-1F_ROOF_SLAB-07-Y-008,END_UNRESOLVED,SP-1F_ROOF_SLAB-16,24.048,1010.478,,0,24.048,0,[],0.024999974,0.012499987,0.012499987,0.01874998,0.022499977,0.024999974,0.024999974,0.00000001
S7-0424-009,S7-0424,1F_ROOF_SLAB,SUP-1F_ROOF_SLAB-135,SP-1F_ROOF_SLAB-07,Y,LBS-1F_ROOF_SLAB-07-Y-009,END_UNRESOLVED,SP-1F_ROOF_SLAB-16,103.641,1010.478,,0,103.641,0,[],0.107743776,0.053871888,0.053871888,0.080807832,0.096969398,0.107743776,0.107743776,0.000000002
S7-0424-010,S7-0424,1F_ROOF_SLAB,SUP-1F_ROOF_SLAB-135,SP-1F_ROOF_SLAB-07,Y,LBS-1F_ROOF_SLAB-07-Y-010,END_UNRESOLVED,SP-1F_ROOF_SLAB-16,117.426,1010.478,,0,117.426,0,[],0.122074475,0.061037238,0.061037238,0.091555856,0.109867027,0.122074475,0.122074475,0
S7-0424-011,S7-0424,1F_ROOF_SLAB,SUP-1F_ROOF_SLAB-135,SP-1F_ROOF_SLAB-07,Y,LBS-1F_ROOF_SLAB-07-Y-011,END_UNRESOLVED,SP-1F_ROOF_SLAB-16,54.885,1010.478,,0,54.885,0,[],0.057057701,0.028528851,0.028528851,0.042793276,0.051351931,0.057057701,0.057057701,-0.000000006
S7-0424-012,S7-0424,1F_ROOF_SLAB,SUP-1F_ROOF_SLAB-135,SP-1F_ROOF_SLAB-07,Y,LBS-1F_ROOF_SLAB-07-Y-012,END_UNRESOLVED,SP-1F_ROOF_SLAB-16,75.431,1010.478,,0,75.431,0,[],0.078417043,0.039208522,0.039208522,0.058812782,0.070575339,0.078417043,0.078417043,0.000000004
S7-0424-013,S7-0424,1F_ROOF_SLAB,SUP-1F_ROOF_SLAB-135,SP-1F_ROOF_SLAB-07,Y,LBS-1F_ROOF_SLAB-07-Y-013,END_UNRESOLVED,SP-1F_ROOF_SLAB-16,142.216,1010.478,,0,142.216,0,[],0.147845822,0.073922911,0.073922911,0.110884366,0.13306124,0.147845822,0.147845822,0.000000002
S7-0424-014,S7-0424,1F_ROOF_SLAB,SUP-1F_ROOF_SLAB-135,SP-1F_ROOF_SLAB-07,Y,LBS-1F_ROOF_SLAB-07-Y-014,END_UNRESOLVED,SP-1F_ROOF_SLAB-16,153.032,1010.478,,0,153.032,0,[],0.159089989,0.079544994,0.079544994,0.119317492,0.14318099,0.159089989,0.159089989,0.000000001
S7-0424-015,S7-0424,1F_ROOF_SLAB,SUP-1F_ROOF_SLAB-135,SP-1F_ROOF_SLAB-07,Y,LBS-1F_ROOF_SLAB-07-Y-015,END_UNRESOLVED,SP-1F_ROOF_SLAB-16,162.684,1010.478,,0,162.684,0,[],0.169124077,0.084562039,0.084562039,0.126843058,0.152211669,0.169124077,0.169124077,0.000000001
S7-0424-016,S7-0424,1F_ROOF_SLAB,SUP-1F_ROOF_SLAB-135,SP-1F_ROOF_SLAB-07,Y,LBS-1F_ROOF_SLAB-07-Y-016,END_UNRESOLVED,SP-1F_ROOF_SLAB-16,171.098,1010.478,,0,171.098,0,[],0.177871157,0.088935579,0.088935579,0.133403368,0.160084041,0.177871157,0.177871157,0.000000002
S7-0424-017,S7-0424,1F_ROOF_SLAB,SUP-1F_ROOF_SLAB-135,SP-1F_ROOF_SLAB-07,Y,LBS-1F_ROOF_SLAB-07-Y-017,END_UNRESOLVED,SP-1F_ROOF_SLAB-16,178.21,1010.478,,0,178.21,0,[],0.185264696,0.092632348,0.092632348,0.138948522,0.166738226,0.185264696,0.185264696,0
S7-0424-018,S7-0424,1F_ROOF_SLAB,SUP-1F_ROOF_SLAB-135,SP-1F_ROOF_SLAB-07,Y,LBS-1F_ROOF_SLAB-07-Y-018,END_UNRESOLVED,SP-1F_ROOF_SLAB-16,183.965,1010.478,,0,183.965,0,[],0.191247516,0.095623758,0.095623758,0.143435637,0.172122764,0.191247516,0.191247516,-0.000000001
S7-0424-019,S7-0424,1F_ROOF_SLAB,SUP-1F_ROOF_SLAB-135,SP-1F_ROOF_SLAB-07,Y,LBS-1F_ROOF_SLAB-07-Y-019,END_UNRESOLVED,SP-1F_ROOF_SLAB-16,188.321,1010.478,,0,188.321,0,[],0.195775954,0.097887977,0.097887977,0.146831966,0.176198359,0.195775954,0.195775954,0.000000001
S7-0424-020,S7-0424,1F_ROOF_SLAB,SUP-1F_ROOF_SLAB-135,SP-1F_ROOF_SLAB-07,Y,LBS-1F_ROOF_SLAB-07-Y-020,END_UNRESOLVED,SP-1F_ROOF_SLAB-16,191.243,1010.478,,0,191.243,0,[],0.198813626,0.099406813,0.099406813,0.14911022,0.178932263,0.198813626,0.198813626,-0.000000001
S7-0424-021,S7-0424,1F_ROOF_SLAB,SUP-1F_ROOF_SLAB-135,SP-1F_ROOF_SLAB-07,Y,LBS-1F_ROOF_SLAB-07-Y-021,END_UNRESOLVED,SP-1F_ROOF_SLAB-16,192.709,1010.478,,0,192.709,0,[],0.200337659,0.10016883,0.10016883,0.150253244,0.180303893,0.200337659,0.200337659,0.000000002
S7-0424-022,S7-0424,1F_ROOF_SLAB,SUP-1F_ROOF_SLAB-135,SP-1F_ROOF_SLAB-07,Y,LBS-1F_ROOF_SLAB-07-Y-022,END_UNRESOLVED,SP-1F_ROOF_SLAB-15,192.709,1010.478,,0,192.709,0,[],0.200337659,0.10016883,0.10016883,0.150253244,0.180303893,0.200337659,0.200337659,0.000000002
S7-0424-023,S7-0424,1F_ROOF_SLAB,SUP-1F_ROOF_SLAB-135,SP-1F_ROOF_SLAB-07,Y,LBS-1F_ROOF_SLAB-07-Y-023,END_UNRESOLVED,SP-1F_ROOF_SLAB-15,191.243,1010.478,,0,191.243,0,[],0.198813626,0.099406813,0.099406813,0.14911022,0.178932263,0.198813626,0.198813626,-0.000000001
S7-0424-024,S7-0424,1F_ROOF_SLAB,SUP-1F_ROOF_SLAB-135,SP-1F_ROOF_SLAB-07,Y,LBS-1F_ROOF_SLAB-07-Y-024,END_UNRESOLVED,SP-1F_ROOF_SLAB-15,188.321,1010.478,,0,188.321,0,[],0.195775954,0.097887977,0.097887977,0.146831966,0.176198359,0.195775954,0.195775954,0.000000001
S7-0424-025,S7-0424,1F_ROOF_SLAB,SUP-1F_ROOF_SLAB-135,SP-1F_ROOF_SLAB-07,Y,LBS-1F_ROOF_SLAB-07-Y-025,END_UNRESOLVED,SP-1F_ROOF_SLAB-15,183.965,1010.478,,0,183.965,0,[],0.191247516,0.095623758,0.095623758,0.143435637,0.172122764,0.191247516,0.191247516,-0.000000001
S7-0424-026,S7-0424,1F_ROOF_SLAB,SUP-1F_ROOF_SLAB-135,SP-1F_ROOF_SLAB-07,Y,LBS-1F_ROOF_SLAB-07-Y-026,END_UNRESOLVED,SP-1F_ROOF_SLAB-16,178.21,1010.478,,0,178.21,0,[],0.185264696,0.092632348,0.092632348,0.138948522,0.166738226,0.185264696,0.185264696,0
S7-0424-027,S7-0424,1F_ROOF_SLAB,SUP-1F_ROOF_SLAB-135,SP-1F_ROOF_SLAB-07,Y,LBS-1F_ROOF_SLAB-07-Y-027,END_UNRESOLVED,SP-1F_ROOF_SLAB-16,171.098,1010.478,,0,171.098,0,[],0.177871157,0.088935579,0.088935579,0.133403368,0.160084041,0.177871157,0.177871157,0.000000002
S7-0424-028,S7-0424,1F_ROOF_SLAB,SUP-1F_ROOF_SLAB-135,SP-1F_ROOF_SLAB-07,Y,LBS-1F_ROOF_SLAB-07-Y-028,END_UNRESOLVED,SP-1F_ROOF_SLAB-16,162.684,1010.478,,0,162.684,0,[],0.169124077,0.084562039,0.084562039,0.126843058,0.152211669,0.169124077,0.169124077,0.000000001
S7-0424-029,S7-0424,1F_ROOF_SLAB,SUP-1F_ROOF_SLAB-135,SP-1F_ROOF_SLAB-07,Y,LBS-1F_ROOF_SLAB-07-Y-029,END_UNRESOLVED,SP-1F_ROOF_SLAB-16,153.032,1010.478,,0,153.032,0,[],0.159089989,0.079544994,0.079544994,0.119317492,0.14318099,0.159089989,0.159089989,0.000000001
S7-0424-030,S7-0424,1F_ROOF_SLAB,SUP-1F_ROOF_SLAB-135,SP-1F_ROOF_SLAB-07,Y,LBS-1F_ROOF_SLAB-07-Y-030,END_UNRESOLVED,SP-1F_ROOF_SLAB-16,142.216,1010.478,,0,142.216,0,[],0.147845822,0.073922911,0.073922911,0.110884366,0.13306124,0.147845822,0.147845822,0.000000002
S7-0424-031,S7-0424,1F_ROOF_SLAB,SUP-1F_ROOF_SLAB-135,SP-1F_ROOF_SLAB-07,Y,LBS-1F_ROOF_SLAB-07-Y-031,END_UNRESOLVED,SP-1F_ROOF_SLAB-16,130.316,1010.478,,0,130.316,0,[],0.135474744,0.067737372,0.067737372,0.101606058,0.12192727,0.135474744,0.135474744,0
S7-0424-032,S7-0424,1F_ROOF_SLAB,SUP-1F_ROOF_SLAB-135,SP-1F_ROOF_SLAB-07,Y,LBS-1F_ROOF_SLAB-07-Y-032,END_UNRESOLVED,SP-1F_ROOF_SLAB-16,117.426,1010.478,,0,117.426,0,[],0.122074475,0.061037238,0.061037238,0.091555856,0.109867027,0.122074475,0.122074475,0
S7-0424-033,S7-0424,1F_ROOF_SLAB,SUP-1F_ROOF_SLAB-135,SP-1F_ROOF_SLAB-07,Y,LBS-1F_ROOF_SLAB-07-Y-033,END_UNRESOLVED,SP-1F_ROOF_SLAB-16,99.871,1010.478,,0,99.871,0,[],0.103824535,0.051912267,0.051912267,0.077868401,0.093442081,0.103824535,0.103824535,0.000000004
S7-0424-034,S7-0424,1F_ROOF_SLAB,SUP-1F_ROOF_SLAB-135,SP-1F_ROOF_SLAB-07,Y,LBS-1F_ROOF_SLAB-07-Y-034,END_UNRESOLVED,SP-1F_ROOF_SLAB-16,3.77,1010.478,,0,3.77,0,[],0.003919241,0.001959621,0.001959621,0.002939431,0.003527317,0.003919241,0.003919241,-0.00000005
S7-0424-035,S7-0424,1F_ROOF_SLAB,SUP-1F_ROOF_SLAB-135,SP-1F_ROOF_SLAB-07,Y,LBS-1F_ROOF_SLAB-07-Y-035,END_UNRESOLVED,SP-1F_ROOF_SLAB-16,89.068,1010.478,,0,89.068,0,[],0.092593883,0.046296942,0.046296942,0.069445412,0.083334495,0.092593883,0.092593883,0.000000003
S7-0424-036,S7-0424,1F_ROOF_SLAB,SUP-1F_ROOF_SLAB-135,SP-1F_ROOF_SLAB-07,Y,LBS-1F_ROOF_SLAB-07-Y-036,END_UNRESOLVED,SP-1F_ROOF_SLAB-16,73.817,1010.478,,0,73.817,0,[],0.076739151,0.038369576,0.038369576,0.057554363,0.069065236,0.076739151,0.076739151,-0.000000003
S7-0424-037,S7-0424,1F_ROOF_SLAB,SUP-1F_ROOF_SLAB-135,SP-1F_ROOF_SLAB-07,Y,LBS-1F_ROOF_SLAB-07-Y-037,END_UNRESOLVED,SP-1F_ROOF_SLAB-16,58.004,1010.478,,0,58.004,0,[],0.060300171,0.030150086,0.030150086,0.045225128,0.054270154,0.060300171,0.060300171,-0.000000004
S7-0424-038,S7-0424,1F_ROOF_SLAB,SUP-1F_ROOF_SLAB-135,SP-1F_ROOF_SLAB-07,Y,LBS-1F_ROOF_SLAB-07-Y-038,END_UNRESOLVED,SP-1F_ROOF_SLAB-16,25.341,1010.478,,0,25.341,0,[],0.026344159,0.013172079,0.013172079,0.019758119,0.023709743,0.026344159,0.026344159,0.000000018
S7-0425-001,S7-0425,GF_ROOF_SLAB,SUP-GF_ROOF_SLAB-136,SP-GF_ROOF_SLAB-02,X,LBS-GF_ROOF_SLAB-02-X-001,END_CONTINUOUS_SPLIT,SP-GF_ROOF_SLAB-08,619.667,1700,3500,619.656,0.011,0,"[""LBS-GF_ROOF_SLAB-08-X-071""]",1.083779733,0.541889867,1.657535289,2.00816176,2.00816176,2.231290845,1.083779733,0
S7-0426-001,S7-0426,GF_ROOF_SLAB,SUP-GF_ROOF_SLAB-136,SP-GF_ROOF_SLAB-08,X,LBS-GF_ROOF_SLAB-08-X-071,END_CONTINUOUS_SPLIT,SP-GF_ROOF_SLAB-02,619.667,3500,1700,619.656,0.011,0,"[""LBS-GF_ROOF_SLAB-02-X-001""]",2.231311214,1.115655607,1.657555658,2.008180093,2.008180093,2.231311214,2.231311214,0.000000001
S7-0428-001,S7-0428,GF_ROOF_SLAB,SUP-GF_ROOF_SLAB-137,SP-GF_ROOF_SLAB-08,X,LBS-GF_ROOF_SLAB-08-X-001,END_NON_CONTINUOUS,SP-GF_ROOF_SLAB-09,0.03,3500,,0,0.03,0,[],0.000108025,0.000054012,0.000054012,0.000081019,0.000081019,0.000108025,0.000108025,-0.000002857
S7-0428-002,S7-0428,GF_ROOF_SLAB,SUP-GF_ROOF_SLAB-137,SP-GF_ROOF_SLAB-08,X,LBS-GF_ROOF_SLAB-08-X-002,END_NON_CONTINUOUS,SP-GF_ROOF_SLAB-09,1.415,3500,,0,1.415,0,[],0.005095165,0.002547582,0.002547582,0.003821374,0.003821374,0.005095165,0.005095165,-0.000000076
S7-0428-003,S7-0428,GF_ROOF_SLAB,SUP-GF_ROOF_SLAB-137,SP-GF_ROOF_SLAB-08,X,LBS-GF_ROOF_SLAB-08-X-003,END_NON_CONTINUOUS,SP-GF_ROOF_SLAB-09,1.994,3500,,0,1.994,0,[],0.007180041,0.00359002,0.00359002,0.005385031,0.005385031,0.007180041,0.007180041,0.000000022
S7-0428-004,S7-0428,GF_ROOF_SLAB,SUP-GF_ROOF_SLAB-137,SP-GF_ROOF_SLAB-08,X,LBS-GF_ROOF_SLAB-08-X-004,END_NON_CONTINUOUS,SP-GF_ROOF_SLAB-09,4.235,3500,,0,4.235,0,[],0.015249486,0.007624743,0.007624743,0.011437114,0.011437114,0.015249486,0.015249486,-0.000000026
S7-0428-005,S7-0428,GF_ROOF_SLAB,SUP-GF_ROOF_SLAB-137,SP-GF_ROOF_SLAB-08,X,LBS-GF_ROOF_SLAB-08-X-005,END_NON_CONTINUOUS,SP-GF_ROOF_SLAB-09,3.973,3500,,0,3.973,0,[],0.01430607,0.007153035,0.007153035,0.010729552,0.010729552,0.01430607,0.01430607,-0.000000002
S7-0428-006,S7-0428,GF_ROOF_SLAB,SUP-GF_ROOF_SLAB-137,SP-GF_ROOF_SLAB-08,X,LBS-GF_ROOF_SLAB-08-X-006,END_NON_CONTINUOUS,SP-GF_ROOF_SLAB-09,7.025,3500,,0,7.025,0,[],0.025295782,0.012647891,0.012647891,0.018971836,0.018971836,0.025295782,0.025295782,-0.000000004
S7-0428-007,S7-0428,GF_ROOF_SLAB,SUP-GF_ROOF_SLAB-137,SP-GF_ROOF_SLAB-08,X,LBS-GF_ROOF_SLAB-08-X-007,END_NON_CONTINUOUS,SP-GF_ROOF_SLAB-09,5.926,3500,,0,5.926,0,[],0.021338477,0.010669239,0.010669239,0.016003858,0.016003858,0.021338477,0.021338477,0.000000018
S7-0428-008,S7-0428,GF_ROOF_SLAB,SUP-GF_ROOF_SLAB-137,SP-GF_ROOF_SLAB-08,X,LBS-GF_ROOF_SLAB-08-X-008,END_NON_CONTINUOUS,SP-GF_ROOF_SLAB-09,9.766,3500,,0,9.766,0,[],0.035165638,0.017582819,0.017582819,0.026374229,0.026374229,0.035165638,0.035165638,-0.000000003
S7-0428-009,S7-0428,GF_ROOF_SLAB,SUP-GF_ROOF_SLAB-137,SP-GF_ROOF_SLAB-08,X,LBS-GF_ROOF_SLAB-08-X-009,END_NON_CONTINUOUS,SP-GF_ROOF_SLAB-09,7.836,3500,,0,7.836,0,[],0.028216049,0.014108024,0.014108024,0.021162037,0.021162037,0.028216049,0.028216049,0.000000014
S7-0428-010,S7-0428,GF_ROOF_SLAB,SUP-GF_ROOF_SLAB-137,SP-GF_ROOF_SLAB-08,X,LBS-GF_ROOF_SLAB-08-X-010,END_NON_CONTINUOUS,SP-GF_ROOF_SLAB-09,12.439,3500,,0,12.439,0,[],0.044790638,0.022395319,0.022395319,0.033592978,0.033592978,0.044790638,0.044790638,-0.000000003
S7-0428-011,S7-0428,GF_ROOF_SLAB,SUP-GF_ROOF_SLAB-137,SP-GF_ROOF_SLAB-08,X,LBS-GF_ROOF_SLAB-08-X-011,END_NON_CONTINUOUS,SP-GF_ROOF_SLAB-09,9.692,3500,,0,9.692,0,[],0.034899177,0.017449589,0.017449589,0.026174383,0.026174383,0.034899177,0.034899177,-0.000000001
S7-0428-012,S7-0428,GF_ROOF_SLAB,SUP-GF_ROOF_SLAB-137,SP-GF_ROOF_SLAB-08,X,LBS-GF_ROOF_SLAB-08-X-012,END_NON_CONTINUOUS,SP-GF_ROOF_SLAB-09,15.025,3500,,0,15.025,0,[],0.054102366,0.027051183,0.027051183,0.040576775,0.040576775,0.054102366,0.054102366,0.000000005
S7-0428-013,S7-0428,GF_ROOF_SLAB,SUP-GF_ROOF_SLAB-137,SP-GF_ROOF_SLAB-08,X,LBS-GF_ROOF_SLAB-08-X-013,END_NON_CONTINUOUS,SP-GF_ROOF_SLAB-09,11.48,3500,,0,11.48,0,[],0.041337449,0.020668724,0.020668724,0.031003087,0.031003087,0.041337449,0.041337449,-0.00000001
S7-0428-014,S7-0428,GF_ROOF_SLAB,SUP-GF_ROOF_SLAB-137,SP-GF_ROOF_SLAB-08,X,LBS-GF_ROOF_SLAB-08-X-014,END_NON_CONTINUOUS,SP-GF_ROOF_SLAB-09,17.506,3500,,0,17.506,0,[],0.063036008,0.031518004,0.031518004,0.047277006,0.047277006,0.063036008,0.063036008,0.000000004
S7-0428-015,S7-0428,GF_ROOF_SLAB,SUP-GF_ROOF_SLAB-137,SP-GF_ROOF_SLAB-08,X,LBS-GF_ROOF_SLAB-08-X-015,END_NON_CONTINUOUS,SP-GF_ROOF_SLAB-09,13.187,3500,,0,13.187,0,[],0.047484053,0.023742026,0.023742026,0.03561304,0.03561304,0.047484053,0.047484053,0.000000011
S7-0428-016,S7-0428,GF_ROOF_SLAB,SUP-GF_ROOF_SLAB-137,SP-GF_ROOF_SLAB-08,X,LBS-GF_ROOF_SLAB-08-X-016,END_NON_CONTINUOUS,SP-GF_ROOF_SLAB-09,19.865,3500,,0,19.865,0,[],0.07153035,0.035765175,0.035765175,0.053647763,0.053647763,0.07153035,0.07153035,-0.000000002
S7-0428-017,S7-0428,GF_ROOF_SLAB,SUP-GF_ROOF_SLAB-137,SP-GF_ROOF_SLAB-08,X,LBS-GF_ROOF_SLAB-08-X-017,END_NON_CONTINUOUS,SP-GF_ROOF_SLAB-09,36.887,3500,,0,36.887,0,[],0.13282356,0.06641178,0.06641178,0.09961767,0.09961767,0.13282356,0.13282356,-0.000000002
S7-0428-018,S7-0428,GF_ROOF_SLAB,SUP-GF_ROOF_SLAB-137,SP-GF_ROOF_SLAB-08,X,LBS-GF_ROOF_SLAB-08-X-018,END_NON_CONTINUOUS,SP-GF_ROOF_SLAB-09,18.556,3500,,0,18.556,0,[],0.066816872,0.033408436,0.033408436,0.050112654,0.050112654,0.066816872,0.066816872,0.000000007
S7-0428-019,S7-0428,GF_ROOF_SLAB,SUP-GF_ROOF_SLAB-137,SP-GF_ROOF_SLAB-08,X,LBS-GF_ROOF_SLAB-08-X-019,END_NON_CONTINUOUS,SP-GF_ROOF_SLAB-09,81.358,3500,,0,81.358,0,[],0.292955761,0.14647788,0.14647788,0.219716821,0.219716821,0.292955761,0.292955761,0.000000002
S7-0428-020,S7-0428,GF_ROOF_SLAB,SUP-GF_ROOF_SLAB-137,SP-GF_ROOF_SLAB-08,X,LBS-GF_ROOF_SLAB-08-X-020,END_NON_CONTINUOUS,SP-GF_ROOF_SLAB-09,16.024,3500,,0,16.024,0,[],0.057699588,0.028849794,0.028849794,0.043274691,0.043274691,0.057699588,0.057699588,0.000000009
S7-0428-021,S7-0428,GF_ROOF_SLAB,SUP-GF_ROOF_SLAB-137,SP-GF_ROOF_SLAB-08,X,LBS-GF_ROOF_SLAB-08-X-021,END_NON_CONTINUOUS,SP-GF_ROOF_SLAB-09,0.921,3500,,0,0.921,0,[],0.003316358,0.001658179,0.001658179,0.002487269,0.002487269,0.003316358,0.003316358,0.000000008
S7-0428-022,S7-0428,GF_ROOF_SLAB,SUP-GF_ROOF_SLAB-137,SP-GF_ROOF_SLAB-08,X,LBS-GF_ROOF_SLAB-08-X-022,END_NON_CONTINUOUS,SP-GF_ROOF_SLAB-09,25,3500,,0,25,0,[],0.090020576,0.045010288,0.045010288,0.067515432,0.067515432,0.090020576,0.090020576,0.000000002
S7-0428-023,S7-0428,GF_ROOF_SLAB,SUP-GF_ROOF_SLAB-137,SP-GF_ROOF_SLAB-08,X,LBS-GF_ROOF_SLAB-08-X-023,END_NON_CONTINUOUS,SP-GF_ROOF_SLAB-09,45.026,3500,,0,45.026,0,[],0.162130658,0.081065329,0.081065329,0.121597994,0.121597994,0.162130658,0.162130658,0.000000003
S7-0428-024,S7-0428,GF_ROOF_SLAB,SUP-GF_ROOF_SLAB-137,SP-GF_ROOF_SLAB-08,X,LBS-GF_ROOF_SLAB-08-X-024,END_NON_CONTINUOUS,SP-GF_ROOF_SLAB-09,52.513,3500,,0,52.513,0,[],0.189090021,0.09454501,0.09454501,0.141817516,0.141817516,0.189090021,0.189090021,-0.000000002
S7-0428-025,S7-0428,GF_ROOF_SLAB,SUP-GF_ROOF_SLAB-137,SP-GF_ROOF_SLAB-08,X,LBS-GF_ROOF_SLAB-08-X-025,END_NON_CONTINUOUS,SP-GF_ROOF_SLAB-09,39.602,3500,,0,39.602,0,[],0.142599794,0.071299897,0.071299897,0.106949846,0.106949846,0.142599794,0.142599794,0.000000002
S7-0428-026,S7-0428,GF_ROOF_SLAB,SUP-GF_ROOF_SLAB-137,SP-GF_ROOF_SLAB-08,X,LBS-GF_ROOF_SLAB-08-X-026,END_NON_CONTINUOUS,SP-GF_ROOF_SLAB-09,90.475,3500,,0,90.475,0,[],0.325784465,0.162892233,0.162892233,0.244338349,0.244338349,0.325784465,0.325784465,0.000000001
S7-0428-027,S7-0428,GF_ROOF_SLAB,SUP-GF_ROOF_SLAB-137,SP-GF_ROOF_SLAB-08,X,LBS-GF_ROOF_SLAB-08-X-027,END_NON_CONTINUOUS,SP-GF_ROOF_SLAB-09,6.288,3500,,0,6.288,0,[],0.022641975,0.011320987,0.011320987,0.016981481,0.016981481,0.022641975,0.022641975,0.000000014
S7-0428-028,S7-0428,GF_ROOF_SLAB,SUP-GF_ROOF_SLAB-137,SP-GF_ROOF_SLAB-08,X,LBS-GF_ROOF_SLAB-08-X-028,END_NON_CONTINUOUS,SP-GF_ROOF_SLAB-09,100.889,3500,,0,100.889,0,[],0.363283436,0.181641718,0.181641718,0.272462577,0.272462577,0.363283436,0.363283436,0.000000001
S7-0428-029,S7-0428,GF_ROOF_SLAB,SUP-GF_ROOF_SLAB-137,SP-GF_ROOF_SLAB-08,X,LBS-GF_ROOF_SLAB-08-X-029,END_NON_CONTINUOUS,SP-GF_ROOF_SLAB-09,28.563,3500,,0,28.563,0,[],0.102850309,0.051425155,0.051425155,0.077137732,0.077137732,0.102850309,0.102850309,-0.000000003
S7-0428-030,S7-0428,GF_ROOF_SLAB,SUP-GF_ROOF_SLAB-137,SP-GF_ROOF_SLAB-08,X,LBS-GF_ROOF_SLAB-08-X-030,END_NON_CONTINUOUS,SP-GF_ROOF_SLAB-09,136.644,3500,,0,136.644,0,[],0.492030864,0.246015432,0.246015432,0.369023148,0.369023148,0.492030864,0.492030864,0.000000001
S7-0428-031,S7-0428,GF_ROOF_SLAB,SUP-GF_ROOF_SLAB-137,SP-GF_ROOF_SLAB-08,X,LBS-GF_ROOF_SLAB-08-X-031,END_NON_CONTINUOUS,SP-GF_ROOF_SLAB-09,3.764,3500,,0,3.764,0,[],0.013553498,0.006776749,0.006776749,0.010165124,0.010165124,0.013553498,0.013553498,-0.000000004
S7-0428-032,S7-0428,GF_ROOF_SLAB,SUP-GF_ROOF_SLAB-137,SP-GF_ROOF_SLAB-08,X,LBS-GF_ROOF_SLAB-08-X-032,END_NON_CONTINUOUS,SP-GF_ROOF_SLAB-09,144.047,3500,,0,144.047,0,[],0.518687757,0.259343879,0.259343879,0.389015818,0.389015818,0.518687757,0.518687757,0.000000001
S7-0428-033,S7-0428,GF_ROOF_SLAB,SUP-GF_ROOF_SLAB-137,SP-GF_ROOF_SLAB-08,X,LBS-GF_ROOF_SLAB-08-X-033,END_NON_CONTINUOUS,SP-GF_ROOF_SLAB-09,146.629,3500,,0,146.629,0,[],0.527985082,0.263992541,0.263992541,0.395988811,0.395988811,0.527985082,0.527985082,0.000000001
S7-0428-034,S7-0428,GF_ROOF_SLAB,SUP-GF_ROOF_SLAB-137,SP-GF_ROOF_SLAB-08,X,LBS-GF_ROOF_SLAB-08-X-034,END_NON_CONTINUOUS,SP-GF_ROOF_SLAB-09,148.136,3500,,0,148.136,0,[],0.533411523,0.266705762,0.266705762,0.400058642,0.400058642,0.533411523,0.533411523,0
S7-0428-035,S7-0428,GF_ROOF_SLAB,SUP-GF_ROOF_SLAB-137,SP-GF_ROOF_SLAB-08,X,LBS-GF_ROOF_SLAB-08-X-035,END_NON_CONTINUOUS,SP-GF_ROOF_SLAB-09,148.557,3500,,0,148.557,0,[],0.534927469,0.267463734,0.267463734,0.401195602,0.401195602,0.534927469,0.534927469,0.000000001
S7-0428-036,S7-0428,GF_ROOF_SLAB,SUP-GF_ROOF_SLAB-137,SP-GF_ROOF_SLAB-08,X,LBS-GF_ROOF_SLAB-08-X-036,END_NON_CONTINUOUS,SP-GF_ROOF_SLAB-09,147.889,3500,,0,147.889,0,[],0.532522119,0.26626106,0.26626106,0.399391589,0.399391589,0.532522119,0.532522119,0.000000001
S7-0428-037,S7-0428,GF_ROOF_SLAB,SUP-GF_ROOF_SLAB-137,SP-GF_ROOF_SLAB-08,X,LBS-GF_ROOF_SLAB-08-X-037,END_NON_CONTINUOUS,SP-GF_ROOF_SLAB-09,10.978,3500,,0,10.978,0,[],0.039529835,0.019764917,0.019764917,0.029647376,0.029647376,0.039529835,0.039529835,0.000000011
S7-0428-038,S7-0428,GF_ROOF_SLAB,SUP-GF_ROOF_SLAB-137,SP-GF_ROOF_SLAB-08,X,LBS-GF_ROOF_SLAB-08-X-038,END_NON_CONTINUOUS,SP-GF_ROOF_SLAB-09,135.158,3500,,0,135.158,0,[],0.486680041,0.243340021,0.243340021,0.365010031,0.365010031,0.486680041,0.486680041,0.000000001
S7-0428-039,S7-0428,GF_ROOF_SLAB,SUP-GF_ROOF_SLAB-137,SP-GF_ROOF_SLAB-08,X,LBS-GF_ROOF_SLAB-08-X-039,END_NON_CONTINUOUS,SP-GF_ROOF_SLAB-09,114.842,3500,,0,114.842,0,[],0.41352572,0.20676286,0.20676286,0.31014429,0.31014429,0.41352572,0.41352572,0.000000001
S7-0428-040,S7-0428,GF_ROOF_SLAB,SUP-GF_ROOF_SLAB-137,SP-GF_ROOF_SLAB-08,X,LBS-GF_ROOF_SLAB-08-X-040,END_NON_CONTINUOUS,SP-GF_ROOF_SLAB-09,28.471,3500,,0,28.471,0,[],0.102519033,0.051259516,0.051259516,0.076889275,0.076889275,0.102519033,0.102519033,0
S7-0428-041,S7-0428,GF_ROOF_SLAB,SUP-GF_ROOF_SLAB-137,SP-GF_ROOF_SLAB-08,X,LBS-GF_ROOF_SLAB-08-X-041,END_NON_CONTINUOUS,SP-GF_ROOF_SLAB-09,136.736,3500,,0,136.736,0,[],0.49236214,0.24618107,0.24618107,0.369271605,0.369271605,0.49236214,0.49236214,0
S7-0428-042,S7-0428,GF_ROOF_SLAB,SUP-GF_ROOF_SLAB-137,SP-GF_ROOF_SLAB-08,X,LBS-GF_ROOF_SLAB-08-X-042,END_NON_CONTINUOUS,SP-GF_ROOF_SLAB-09,2.701,3500,,0,2.701,0,[],0.009725823,0.004862911,0.004862911,0.007294367,0.007294367,0.009725823,0.009725823,0.000000005
S7-0428-043,S7-0428,GF_ROOF_SLAB,SUP-GF_ROOF_SLAB-137,SP-GF_ROOF_SLAB-08,X,LBS-GF_ROOF_SLAB-08-X-043,END_NON_CONTINUOUS,SP-GF_ROOF_SLAB-09,32.092,3500,,0,32.092,0,[],0.115557613,0.057778807,0.057778807,0.08666821,0.08666821,0.115557613,0.115557613,0.000000002
S7-0428-044,S7-0428,GF_ROOF_SLAB,SUP-GF_ROOF_SLAB-137,SP-GF_ROOF_SLAB-08,X,LBS-GF_ROOF_SLAB-08-X-044,END_NON_CONTINUOUS,SP-GF_ROOF_SLAB-09,74.474,3500,,0,74.474,0,[],0.268167695,0.134083847,0.134083847,0.201125771,0.201125771,0.268167695,0.268167695,0.000000002
S7-0428-045,S7-0428,GF_ROOF_SLAB,SUP-GF_ROOF_SLAB-137,SP-GF_ROOF_SLAB-08,X,LBS-GF_ROOF_SLAB-08-X-045,END_NON_CONTINUOUS,SP-GF_ROOF_SLAB-09,27.975,3500,,0,27.975,0,[],0.100733025,0.050366513,0.050366513,0.075549769,0.075549769,0.100733025,0.100733025,-0.000000002
S7-0428-046,S7-0428,GF_ROOF_SLAB,SUP-GF_ROOF_SLAB-137,SP-GF_ROOF_SLAB-08,X,LBS-GF_ROOF_SLAB-08-X-046,END_NON_CONTINUOUS,SP-GF_ROOF_SLAB-09,76.383,3500,,0,76.383,0,[],0.275041667,0.137520833,0.137520833,0.20628125,0.20628125,0.275041667,0.275041667,-0.000000001
S7-0428-047,S7-0428,GF_ROOF_SLAB,SUP-GF_ROOF_SLAB-137,SP-GF_ROOF_SLAB-08,X,LBS-GF_ROOF_SLAB-08-X-047,END_NON_CONTINUOUS,SP-GF_ROOF_SLAB-09,52.274,3500,,0,52.274,0,[],0.188229424,0.094114712,0.094114712,0.141172068,0.141172068,0.188229424,0.188229424,0
S7-0428-048,S7-0428,GF_ROOF_SLAB,SUP-GF_ROOF_SLAB-137,SP-GF_ROOF_SLAB-08,X,LBS-GF_ROOF_SLAB-08-X-048,END_NON_CONTINUOUS,SP-GF_ROOF_SLAB-09,46.514,3500,,0,46.514,0,[],0.167488683,0.083744341,0.083744341,0.125616512,0.125616512,0.167488683,0.167488683,0.000000001
S7-0428-049,S7-0428,GF_ROOF_SLAB,SUP-GF_ROOF_SLAB-137,SP-GF_ROOF_SLAB-08,X,LBS-GF_ROOF_SLAB-08-X-049,END_NON_CONTINUOUS,SP-GF_ROOF_SLAB-09,75.315,3500,,0,75.315,0,[],0.271195988,0.135597994,0.135597994,0.203396991,0.203396991,0.271195988,0.271195988,-0.000000001
S7-0428-050,S7-0428,GF_ROOF_SLAB,SUP-GF_ROOF_SLAB-137,SP-GF_ROOF_SLAB-08,X,LBS-GF_ROOF_SLAB-08-X-050,END_NON_CONTINUOUS,SP-GF_ROOF_SLAB-09,17.275,3500,,0,17.275,0,[],0.062204218,0.031102109,0.031102109,0.046653163,0.046653163,0.062204218,0.062204218,0.000000002
S7-0428-051,S7-0428,GF_ROOF_SLAB,SUP-GF_ROOF_SLAB-137,SP-GF_ROOF_SLAB-08,X,LBS-GF_ROOF_SLAB-08-X-051,END_NON_CONTINUOUS,SP-GF_ROOF_SLAB-09,85.806,3500,,0,85.806,0,[],0.308972222,0.154486111,0.154486111,0.231729167,0.231729167,0.308972222,0.308972222,0.000000001
S7-0428-052,S7-0428,GF_ROOF_SLAB,SUP-GF_ROOF_SLAB-137,SP-GF_ROOF_SLAB-08,X,LBS-GF_ROOF_SLAB-08-X-052,END_NON_CONTINUOUS,SP-GF_ROOF_SLAB-09,11.029,3500,,0,11.029,0,[],0.039713477,0.019856738,0.019856738,0.029785108,0.029785108,0.039713477,0.039713477,0.00000001
S7-0428-053,S7-0428,GF_ROOF_SLAB,SUP-GF_ROOF_SLAB-137,SP-GF_ROOF_SLAB-08,X,LBS-GF_ROOF_SLAB-08-X-053,END_NON_CONTINUOUS,SP-GF_ROOF_SLAB-09,67.45,3500,,0,67.45,0,[],0.242875514,0.121437757,0.121437757,0.182156636,0.182156636,0.242875514,0.242875514,0.000000002
S7-0428-054,S7-0428,GF_ROOF_SLAB,SUP-GF_ROOF_SLAB-137,SP-GF_ROOF_SLAB-08,X,LBS-GF_ROOF_SLAB-08-X-054,END_NON_CONTINUOUS,SP-GF_ROOF_SLAB-09,38.102,3500,,0,38.102,0,[],0.13719856,0.06859928,0.06859928,0.10289892,0.10289892,0.13719856,0.13719856,-0.000000002
S7-0428-055,S7-0428,GF_ROOF_SLAB,SUP-GF_ROOF_SLAB-137,SP-GF_ROOF_SLAB-08,X,LBS-GF_ROOF_SLAB-08-X-055,END_NON_CONTINUOUS,SP-GF_ROOF_SLAB-09,25.61,3500,,0,25.61,0,[],0.092217078,0.046108539,0.046108539,0.069162809,0.069162809,0.092217078,0.092217078,0.000000003
S7-0428-056,S7-0428,GF_ROOF_SLAB,SUP-GF_ROOF_SLAB-137,SP-GF_ROOF_SLAB-08,X,LBS-GF_ROOF_SLAB-08-X-056,END_NON_CONTINUOUS,SP-GF_ROOF_SLAB-09,6.941,3500,,0,6.941,0,[],0.024993313,0.012496656,0.012496656,0.018744985,0.018744985,0.024993313,0.024993313,-0.000000009
S7-0428-057,S7-0428,GF_ROOF_SLAB,SUP-GF_ROOF_SLAB-137,SP-GF_ROOF_SLAB-08,X,LBS-GF_ROOF_SLAB-08-X-057,END_NON_CONTINUOUS,SP-GF_ROOF_SLAB-09,15.461,3500,,0,15.461,0,[],0.055672325,0.027836163,0.027836163,0.041754244,0.041754244,0.055672325,0.055672325,0.000000002
S7-0428-058,S7-0428,GF_ROOF_SLAB,SUP-GF_ROOF_SLAB-137,SP-GF_ROOF_SLAB-08,X,LBS-GF_ROOF_SLAB-08-X-058,END_NON_CONTINUOUS,SP-GF_ROOF_SLAB-09,5.965,3500,,0,5.965,0,[],0.021478909,0.010739455,0.010739455,0.016109182,0.016109182,0.021478909,0.021478909,0.000000022
S7-0428-059,S7-0428,GF_ROOF_SLAB,SUP-GF_ROOF_SLAB-137,SP-GF_ROOF_SLAB-08,X,LBS-GF_ROOF_SLAB-08-X-059,END_NON_CONTINUOUS,SP-GF_ROOF_SLAB-09,13.065,3500,,0,13.065,0,[],0.047044753,0.023522377,0.023522377,0.035283565,0.035283565,0.047044753,0.047044753,0.000000002
S7-0428-060,S7-0428,GF_ROOF_SLAB,SUP-GF_ROOF_SLAB-137,SP-GF_ROOF_SLAB-08,X,LBS-GF_ROOF_SLAB-08-X-060,END_NON_CONTINUOUS,SP-GF_ROOF_SLAB-09,4.941,3500,,0,4.941,0,[],0.017791667,0.008895834,0.008895834,0.01334375,0.01334375,0.017791667,0.017791667,-0.000000018
S7-0428-061,S7-0428,GF_ROOF_SLAB,SUP-GF_ROOF_SLAB-137,SP-GF_ROOF_SLAB-08,X,LBS-GF_ROOF_SLAB-08-X-061,END_NON_CONTINUOUS,SP-GF_ROOF_SLAB-09,10.572,3500,,0,10.572,0,[],0.038067901,0.019033951,0.019033951,0.028550926,0.028550926,0.038067901,0.038067901,0.000000007
S7-0428-062,S7-0428,GF_ROOF_SLAB,SUP-GF_ROOF_SLAB-137,SP-GF_ROOF_SLAB-08,X,LBS-GF_ROOF_SLAB-08-X-062,END_NON_CONTINUOUS,SP-GF_ROOF_SLAB-09,3.882,3500,,0,3.882,0,[],0.013978395,0.006989197,0.006989197,0.010483796,0.010483796,0.013978395,0.013978395,0.000000005
S7-0428-063,S7-0428,GF_ROOF_SLAB,SUP-GF_ROOF_SLAB-137,SP-GF_ROOF_SLAB-08,X,LBS-GF_ROOF_SLAB-08-X-063,END_NON_CONTINUOUS,SP-GF_ROOF_SLAB-09,7.999,3500,,0,7.999,0,[],0.028802984,0.014401492,0.014401492,0.021602238,0.021602238,0.028802984,0.028802984,-0.000000015
S7-0428-064,S7-0428,GF_ROOF_SLAB,SUP-GF_ROOF_SLAB-137,SP-GF_ROOF_SLAB-08,X,LBS-GF_ROOF_SLAB-08-X-064,END_NON_CONTINUOUS,SP-GF_ROOF_SLAB-09,2.794,3500,,0,2.794,0,[],0.0100607,0.00503035,0.00503035,0.007545525,0.007545525,0.0100607,0.0100607,-0.00000004
S7-0428-065,S7-0428,GF_ROOF_SLAB,SUP-GF_ROOF_SLAB-137,SP-GF_ROOF_SLAB-08,X,LBS-GF_ROOF_SLAB-08-X-065,END_NON_CONTINUOUS,SP-GF_ROOF_SLAB-09,5.366,3500,,0,5.366,0,[],0.019322016,0.009661008,0.009661008,0.014491512,0.014491512,0.019322016,0.019322016,0.000000024
S7-0428-066,S7-0428,GF_ROOF_SLAB,SUP-GF_ROOF_SLAB-137,SP-GF_ROOF_SLAB-08,X,LBS-GF_ROOF_SLAB-08-X-066,END_NON_CONTINUOUS,SP-GF_ROOF_SLAB-09,1.685,3500,,0,1.685,0,[],0.006067387,0.003033693,0.003033693,0.00455054,0.00455054,0.006067387,0.006067387,-0.000000027
S7-0428-067,S7-0428,GF_ROOF_SLAB,SUP-GF_ROOF_SLAB-137,SP-GF_ROOF_SLAB-08,X,LBS-GF_ROOF_SLAB-08-X-067,END_NON_CONTINUOUS,SP-GF_ROOF_SLAB-09,2.693,3500,,0,2.693,0,[],0.009697016,0.004848508,0.004848508,0.007272762,0.007272762,0.009697016,0.009697016,0.000000048
S7-0428-068,S7-0428,GF_ROOF_SLAB,SUP-GF_ROOF_SLAB-137,SP-GF_ROOF_SLAB-08,X,LBS-GF_ROOF_SLAB-08-X-068,END_NON_CONTINUOUS,SP-GF_ROOF_SLAB-09,0.563,3500,,0,0.563,0,[],0.002027263,0.001013632,0.001013632,0.001520447,0.001520447,0.002027263,0.002027263,0.000000185
S7-0428-069,S7-0428,GF_ROOF_SLAB,SUP-GF_ROOF_SLAB-137,SP-GF_ROOF_SLAB-08,X,LBS-GF_ROOF_SLAB-08-X-069,END_NON_CONTINUOUS,SP-GF_ROOF_SLAB-09,69.866,3500,,0,69.866,0,[],0.251575103,0.125787552,0.125787552,0.188681327,0.188681327,0.251575103,0.251575103,0
S7-0428-070,S7-0428,GF_ROOF_SLAB,SUP-GF_ROOF_SLAB-137,SP-GF_ROOF_SLAB-08,X,LBS-GF_ROOF_SLAB-08-X-070,END_NON_CONTINUOUS,SP-GF_ROOF_SLAB-09,130.333,3500,,0,130.333,0,[],0.46930607,0.234653035,0.234653035,0.351979553,0.351979553,0.46930607,0.46930607,0.000000001
S7-0429-001,S7-0429,1F_ROOF_SLAB,SUP-1F_ROOF_SLAB-138,SP-1F_ROOF_SLAB-05,Y,LBS-1F_ROOF_SLAB-05-Y-001,END_CONTINUOUS_SPLIT,SP-1F_ROOF_SLAB-07,24.048,4275,1010.5,24.048,0,0,"[""LBS-1F_ROOF_SLAB-07-Y-008""]",0.105766667,0.052883333,0.065383593,0.09519,0.09519,0.105766667,0.105766667,-0.000000003
S7-0429-002,S7-0429,1F_ROOF_SLAB,SUP-1F_ROOF_SLAB-138,SP-1F_ROOF_SLAB-05,Y,LBS-1F_ROOF_SLAB-05-Y-002,END_CONTINUOUS_SPLIT,SP-1F_ROOF_SLAB-07,103.641,4275,1010.5,103.641,0,0,"[""LBS-1F_ROOF_SLAB-07-Y-008"", ""LBS-1F_ROOF_SLAB-07-Y-009""]",0.455828472,0.227914236,0.281787297,0.410245625,0.410245625,0.455828472,0.455828472,0.000000001
S7-0429-003,S7-0429,1F_ROOF_SLAB,SUP-1F_ROOF_SLAB-138,SP-1F_ROOF_SLAB-05,Y,LBS-1F_ROOF_SLAB-05-Y-003,END_CONTINUOUS_SPLIT,SP-1F_ROOF_SLAB-07,117.426,4275,1010.5,117.426,0,0,"[""LBS-1F_ROOF_SLAB-07-Y-009"", ""LBS-1F_ROOF_SLAB-07-Y-010"", ""LBS-1F_ROOF_SLAB-07-Y-011""]",0.516456944,0.258228472,0.319267038,0.46481125,0.46481125,0.516456944,0.516456944,0.000000001
S7-0429-004,S7-0429,1F_ROOF_SLAB,SUP-1F_ROOF_SLAB-138,SP-1F_ROOF_SLAB-05,Y,LBS-1F_ROOF_SLAB-05-Y-004,END_CONTINUOUS_SPLIT,SP-1F_ROOF_SLAB-07,54.885,4275,1010.5,54.885,0,0,"[""LBS-1F_ROOF_SLAB-07-Y-011"", ""LBS-1F_ROOF_SLAB-07-Y-012""]",0.241392361,0.12069618,0.149225652,0.217253125,0.217253125,0.241392361,0.241392361,0.000000001
S7-0429-005,S7-0429,1F_ROOF_SLAB,SUP-1F_ROOF_SLAB-138,SP-1F_ROOF_SLAB-05,Y,LBS-1F_ROOF_SLAB-05-Y-005,END_CONTINUOUS_SPLIT,SP-1F_ROOF_SLAB-07,75.431,4325,1010.5,75.431,0,0,"[""LBS-1F_ROOF_SLAB-07-Y-012"", ""LBS-1F_ROOF_SLAB-07-Y-013""]",0.335636908,0.167818454,0.207027829,0.302073217,0.302073217,0.335636908,0.335636908,0.000000002
S7-0429-006,S7-0429,1F_ROOF_SLAB,SUP-1F_ROOF_SLAB-138,SP-1F_ROOF_SLAB-05,Y,LBS-1F_ROOF_SLAB-05-Y-006,END_CONTINUOUS_SPLIT,SP-1F_ROOF_SLAB-07,142.216,4325,1010.5,142.216,0,0,"[""LBS-1F_ROOF_SLAB-07-Y-013""]",0.632802675,0.316401337,0.390325858,0.569522408,0.569522408,0.632802675,0.632802675,0
S7-0429-007,S7-0429,1F_ROOF_SLAB,SUP-1F_ROOF_SLAB-138,SP-1F_ROOF_SLAB-05,Y,LBS-1F_ROOF_SLAB-05-Y-007,END_CONTINUOUS_SPLIT,SP-1F_ROOF_SLAB-07,153.032,4325,1010.5,153.032,0,0,"[""LBS-1F_ROOF_SLAB-07-Y-013"", ""LBS-1F_ROOF_SLAB-07-Y-014""]",0.680929424,0.340464712,0.420011438,0.612836482,0.612836482,0.680929424,0.680929424,0
S7-0429-008,S7-0429,1F_ROOF_SLAB,SUP-1F_ROOF_SLAB-138,SP-1F_ROOF_SLAB-05,Y,LBS-1F_ROOF_SLAB-05-Y-008,END_CONTINUOUS_SPLIT,SP-1F_ROOF_SLAB-07,162.684,4325,1010.5,162.684,0,0,"[""LBS-1F_ROOF_SLAB-07-Y-014"", ""LBS-1F_ROOF_SLAB-07-Y-015""]",0.723876852,0.361938426,0.446502306,0.651489167,0.651489167,0.723876852,0.723876852,0
S7-0429-009,S7-0429,1F_ROOF_SLAB,SUP-1F_ROOF_SLAB-138,SP-1F_ROOF_SLAB-05,Y,LBS-1F_ROOF_SLAB-05-Y-009,END_CONTINUOUS_SPLIT,SP-1F_ROOF_SLAB-07,171.098,4325,1010.5,171.098,0,0,"[""LBS-1F_ROOF_SLAB-07-Y-015"", ""LBS-1F_ROOF_SLAB-07-Y-016""]",0.761315689,0.380657845,0.469595359,0.68518412,0.68518412,0.761315689,0.761315689,0.000000001
S7-0429-010,S7-0429,1F_ROOF_SLAB,SUP-1F_ROOF_SLAB-138,SP-1F_ROOF_SLAB-05,Y,LBS-1F_ROOF_SLAB-05-Y-010,END_CONTINUOUS_SPLIT,SP-1F_ROOF_SLAB-07,178.21,4325,1010.5,178.21,0,0,"[""LBS-1F_ROOF_SLAB-07-Y-016"", ""LBS-1F_ROOF_SLAB-07-Y-017""]",0.792961163,0.396480581,0.489114946,0.713665047,0.713665047,0.792961163,0.792961163,0
S7-0429-011,S7-0429,1F_ROOF_SLAB,SUP-1F_ROOF_SLAB-138,SP-1F_ROOF_SLAB-05,Y,LBS-1F_ROOF_SLAB-05-Y-011,END_CONTINUOUS_SPLIT,SP-1F_ROOF_SLAB-07,183.965,4325,1010.5,183.965,0,0,"[""LBS-1F_ROOF_SLAB-07-Y-017"", ""LBS-1F_ROOF_SLAB-07-Y-018"", ""LBS-1F_ROOF_SLAB-07-Y-019""]",0.818568544,0.409284272,0.504910112,0.73671169,0.73671169,0.818568544,0.818568544,0.000000001
S7-0429-012,S7-0429,1F_ROOF_SLAB,SUP-1F_ROOF_SLAB-138,SP-1F_ROOF_SLAB-05,Y,LBS-1F_ROOF_SLAB-05-Y-012,END_CONTINUOUS_SPLIT,SP-1F_ROOF_SLAB-07,188.321,4325,1010.5,188.321,0,0,"[""LBS-1F_ROOF_SLAB-07-Y-019""]",0.837950952,0.418975476,0.516865584,0.754155857,0.754155857,0.837950952,0.837950952,0
S7-0429-013,S7-0429,1F_ROOF_SLAB,SUP-1F_ROOF_SLAB-138,SP-1F_ROOF_SLAB-05,Y,LBS-1F_ROOF_SLAB-05-Y-013,END_CONTINUOUS_SPLIT,SP-1F_ROOF_SLAB-07,191.243,4325,1010.5,191.243,0,0,"[""LBS-1F_ROOF_SLAB-07-Y-019"", ""LBS-1F_ROOF_SLAB-07-Y-020"", ""LBS-1F_ROOF_SLAB-07-Y-021""]",0.850952649,0.425476325,0.524885302,0.765857384,0.765857384,0.850952649,0.850952649,0.000000001
S7-0429-014,S7-0429,1F_ROOF_SLAB,SUP-1F_ROOF_SLAB-138,SP-1F_ROOF_SLAB-05,Y,LBS-1F_ROOF_SLAB-05-Y-014,END_CONTINUOUS_SPLIT,SP-1F_ROOF_SLAB-07,192.709,4325,1010.5,192.709,0,0,"[""LBS-1F_ROOF_SLAB-07-Y-021"", ""LBS-1F_ROOF_SLAB-07-Y-022""]",0.857475746,0.428737873,0.528908884,0.771728171,0.771728171,0.857475746,0.857475746,0
S7-0429-015,S7-0429,1F_ROOF_SLAB,SUP-1F_ROOF_SLAB-138,SP-1F_ROOF_SLAB-05,Y,LBS-1F_ROOF_SLAB-05-Y-015,END_CONTINUOUS_SPLIT,SP-1F_ROOF_SLAB-07,192.709,4325,1010.5,192.709,0,0,"[""LBS-1F_ROOF_SLAB-07-Y-022"", ""LBS-1F_ROOF_SLAB-07-Y-023""]",0.857475746,0.428737873,0.528908884,0.771728171,0.771728171,0.857475746,0.857475746,0
S7-0429-016,S7-0429,1F_ROOF_SLAB,SUP-1F_ROOF_SLAB-138,SP-1F_ROOF_SLAB-05,Y,LBS-1F_ROOF_SLAB-05-Y-016,END_CONTINUOUS_SPLIT,SP-1F_ROOF_SLAB-07,191.243,4325,1010.5,191.243,0,0,"[""LBS-1F_ROOF_SLAB-07-Y-023""]",0.850952649,0.425476325,0.524885302,0.765857384,0.765857384,0.850952649,0.850952649,0.000000001
S7-0429-017,S7-0429,1F_ROOF_SLAB,SUP-1F_ROOF_SLAB-138,SP-1F_ROOF_SLAB-05,Y,LBS-1F_ROOF_SLAB-05-Y-017,END_CONTINUOUS_SPLIT,SP-1F_ROOF_SLAB-07,188.321,4325,1010.5,188.321,0,0,"[""LBS-1F_ROOF_SLAB-07-Y-023"", ""LBS-1F_ROOF_SLAB-07-Y-024""]",0.837950952,0.418975476,0.516865584,0.754155857,0.754155857,0.837950952,0.837950952,0
S7-0429-018,S7-0429,1F_ROOF_SLAB,SUP-1F_ROOF_SLAB-138,SP-1F_ROOF_SLAB-05,Y,LBS-1F_ROOF_SLAB-05-Y-018,END_CONTINUOUS_SPLIT,SP-1F_ROOF_SLAB-07,183.965,4325,1010.5,183.965,0,0,"[""LBS-1F_ROOF_SLAB-07-Y-024"", ""LBS-1F_ROOF_SLAB-07-Y-025""]",0.818568544,0.409284272,0.504910112,0.73671169,0.73671169,0.818568544,0.818568544,0.000000001
S7-0429-019,S7-0429,1F_ROOF_SLAB,SUP-1F_ROOF_SLAB-138,SP-1F_ROOF_SLAB-05,Y,LBS-1F_ROOF_SLAB-05-Y-019,END_CONTINUOUS_SPLIT,SP-1F_ROOF_SLAB-07,178.21,4325,1010.5,178.21,0,0,"[""LBS-1F_ROOF_SLAB-07-Y-025"", ""LBS-1F_ROOF_SLAB-07-Y-026""]",0.792961163,0.396480581,0.489114946,0.713665047,0.713665047,0.792961163,0.792961163,0
S7-0429-020,S7-0429,1F_ROOF_SLAB,SUP-1F_ROOF_SLAB-138,SP-1F_ROOF_SLAB-05,Y,LBS-1F_ROOF_SLAB-05-Y-020,END_CONTINUOUS_SPLIT,SP-1F_ROOF_SLAB-07,171.098,4325,1010.5,171.098,0,0,"[""LBS-1F_ROOF_SLAB-07-Y-026"", ""LBS-1F_ROOF_SLAB-07-Y-027""]",0.761315689,0.380657845,0.469595359,0.68518412,0.68518412,0.761315689,0.761315689,0.000000001
S7-0429-021,S7-0429,1F_ROOF_SLAB,SUP-1F_ROOF_SLAB-138,SP-1F_ROOF_SLAB-05,Y,LBS-1F_ROOF_SLAB-05-Y-021,END_CONTINUOUS_SPLIT,SP-1F_ROOF_SLAB-07,162.684,4325,1010.5,162.684,0,0,"[""LBS-1F_ROOF_SLAB-07-Y-027"", ""LBS-1F_ROOF_SLAB-07-Y-028"", ""LBS-1F_ROOF_SLAB-07-Y-029""]",0.723876852,0.361938426,0.446502306,0.651489167,0.651489167,0.723876852,0.723876852,0
S7-0429-022,S7-0429,1F_ROOF_SLAB,SUP-1F_ROOF_SLAB-138,SP-1F_ROOF_SLAB-05,Y,LBS-1F_ROOF_SLAB-05-Y-022,END_CONTINUOUS_SPLIT,SP-1F_ROOF_SLAB-07,153.032,4325,1010.5,153.032,0,0,"[""LBS-1F_ROOF_SLAB-07-Y-029""]",0.680929424,0.340464712,0.420011438,0.612836482,0.612836482,0.680929424,0.680929424,0
S7-0429-023,S7-0429,1F_ROOF_SLAB,SUP-1F_ROOF_SLAB-138,SP-1F_ROOF_SLAB-05,Y,LBS-1F_ROOF_SLAB-05-Y-023,END_CONTINUOUS_SPLIT,SP-1F_ROOF_SLAB-07,142.216,4325,1010.5,142.216,0,0,"[""LBS-1F_ROOF_SLAB-07-Y-029"", ""LBS-1F_ROOF_SLAB-07-Y-030""]",0.632802675,0.316401337,0.390325858,0.569522408,0.569522408,0.632802675,0.632802675,0
S7-0429-024,S7-0429,1F_ROOF_SLAB,SUP-1F_ROOF_SLAB-138,SP-1F_ROOF_SLAB-05,Y,LBS-1F_ROOF_SLAB-05-Y-024,END_CONTINUOUS_SPLIT,SP-1F_ROOF_SLAB-07,130.316,4325,1010.5,130.316,0,0,"[""LBS-1F_ROOF_SLAB-07-Y-030"", ""LBS-1F_ROOF_SLAB-07-Y-031"", ""LBS-1F_ROOF_SLAB-07-Y-032""]",0.579852572,0.289926286,0.357665133,0.521867315,0.521867315,0.579852572,0.579852572,0.000000001
S7-0429-025,S7-0429,1F_ROOF_SLAB,SUP-1F_ROOF_SLAB-138,SP-1F_ROOF_SLAB-05,Y,LBS-1F_ROOF_SLAB-05-Y-025,END_CONTINUOUS_SPLIT,SP-1F_ROOF_SLAB-07,117.426,4325,1010.5,117.426,0,0,"[""LBS-1F_ROOF_SLAB-07-Y-032"", ""LBS-1F_ROOF_SLAB-07-Y-033""]",0.522497377,0.261248688,0.322287255,0.470247639,0.470247639,0.522497377,0.522497377,0
S7-0429-026,S7-0429,1F_ROOF_SLAB,SUP-1F_ROOF_SLAB-138,SP-1F_ROOF_SLAB-05,Y,LBS-1F_ROOF_SLAB-05-Y-026,END_CONTINUOUS_SPLIT,SP-1F_ROOF_SLAB-07,99.871,4325,1010.5,99.871,0,0,"[""LBS-1F_ROOF_SLAB-07-Y-033"", ""LBS-1F_ROOF_SLAB-07-Y-034""]",0.444384851,0.222192426,0.274105823,0.399946366,0.399946366,0.444384851,0.444384851,0
S7-0429-027,S7-0429,1F_ROOF_SLAB,SUP-1F_ROOF_SLAB-138,SP-1F_ROOF_SLAB-05,Y,LBS-1F_ROOF_SLAB-05-Y-027,END_CONTINUOUS_SPLIT,SP-1F_ROOF_SLAB-07,3.77,4275,1010.5,3.77,0,0,"[""LBS-1F_ROOF_SLAB-07-Y-034""]",0.016581019,0.008290509,0.010250173,0.014922917,0.014922917,0.016581019,0.016581019,-0.000000028
S7-0429-028,S7-0429,1F_ROOF_SLAB,SUP-1F_ROOF_SLAB-138,SP-1F_ROOF_SLAB-05,Y,LBS-1F_ROOF_SLAB-05-Y-028,END_CONTINUOUS_SPLIT,SP-1F_ROOF_SLAB-07,89.068,4275,1010.5,89.068,0,0,"[""LBS-1F_ROOF_SLAB-07-Y-034"", ""LBS-1F_ROOF_SLAB-07-Y-035"", ""LBS-1F_ROOF_SLAB-07-Y-036""]",0.391734259,0.195867129,0.242165079,0.352560833,0.352560833,0.391734259,0.391734259,0.000000001
S7-0429-029,S7-0429,1F_ROOF_SLAB,SUP-1F_ROOF_SLAB-138,SP-1F_ROOF_SLAB-05,Y,LBS-1F_ROOF_SLAB-05-Y-029,END_CONTINUOUS_SPLIT,SP-1F_ROOF_SLAB-07,73.817,4275,1010.5,73.817,0,0,"[""LBS-1F_ROOF_SLAB-07-Y-036""]",0.324658102,0.162329051,0.200699462,0.292192292,0.292192292,0.324658102,0.324658102,0
S7-0429-030,S7-0429,1F_ROOF_SLAB,SUP-1F_ROOF_SLAB-138,SP-1F_ROOF_SLAB-05,Y,LBS-1F_ROOF_SLAB-05-Y-030,END_CONTINUOUS_SPLIT,SP-1F_ROOF_SLAB-07,58.004,4275,1010.5,58.004,0,0,"[""LBS-1F_ROOF_SLAB-07-Y-036"", ""LBS-1F_ROOF_SLAB-07-Y-037""]",0.255110185,0.127555092,0.157705834,0.229599166,0.229599166,0.255110185,0.255110185,0.000000001
S7-0429-031,S7-0429,1F_ROOF_SLAB,SUP-1F_ROOF_SLAB-138,SP-1F_ROOF_SLAB-05,Y,LBS-1F_ROOF_SLAB-05-Y-031,END_CONTINUOUS_SPLIT,SP-1F_ROOF_SLAB-07,25.341,4275,1010.5,25.337,0.004,0,"[""LBS-1F_ROOF_SLAB-07-Y-037"", ""LBS-1F_ROOF_SLAB-07-Y-038""]",0.111453472,0.055726736,0.06890582,0.100308125,0.100308125,0.111453472,0.111453472,0.000000003
S7-0430-001,S7-0430,1F_ROOF_SLAB,SUP-1F_ROOF_SLAB-138,SP-1F_ROOF_SLAB-07,Y,LBS-1F_ROOF_SLAB-07-Y-008,END_CONTINUOUS_SPLIT,SP-1F_ROOF_SLAB-05,24.048,1010.478,4275,24.048,0,0,"[""LBS-1F_ROOF_SLAB-05-Y-001""]",0.024999974,0.012499987,0.06538332,0.095189999,0.095189999,0.105766666,0.024999974,0.00000001
S7-0430-002,S7-0430,1F_ROOF_SLAB,SUP-1F_ROOF_SLAB-138,SP-1F_ROOF_SLAB-07,Y,LBS-1F_ROOF_SLAB-07-Y-009,END_CONTINUOUS_SPLIT,SP-1F_ROOF_SLAB-05,103.641,1010.478,4275,103.641,0,0,"[""LBS-1F_ROOF_SLAB-05-Y-001"", ""LBS-1F_ROOF_SLAB-05-Y-002""]",0.107743776,0.053871888,0.281786124,0.410245625,0.410245625,0.455828472,0.107743776,0.000000002
S7-0430-003,S7-0430,1F_ROOF_SLAB,SUP-1F_ROOF_SLAB-138,SP-1F_ROOF_SLAB-07,Y,LBS-1F_ROOF_SLAB-07-Y-010,END_CONTINUOUS_SPLIT,SP-1F_ROOF_SLAB-05,117.426,1010.478,4275,117.426,0,0,"[""LBS-1F_ROOF_SLAB-05-Y-002"", ""LBS-1F_ROOF_SLAB-05-Y-003"", ""LBS-1F_ROOF_SLAB-05-Y-004""]",0.122074475,0.061037238,0.31926571,0.46481125,0.46481125,0.516456945,0.122074475,0
S7-0430-004,S7-0430,1F_ROOF_SLAB,SUP-1F_ROOF_SLAB-138,SP-1F_ROOF_SLAB-07,Y,LBS-1F_ROOF_SLAB-07-Y-011,END_CONTINUOUS_SPLIT,SP-1F_ROOF_SLAB-05,54.885,1010.478,4275.003643983,54.885,0,0,"[""LBS-1F_ROOF_SLAB-05-Y-004"", ""LBS-1F_ROOF_SLAB-05-Y-005""]",0.057057701,0.028528851,0.149225135,0.217253312,0.217253312,0.241392568,0.057057701,-0.000000006
S7-0430-005,S7-0430,1F_ROOF_SLAB,SUP-1F_ROOF_SLAB-138,SP-1F_ROOF_SLAB-07,Y,LBS-1F_ROOF_SLAB-07-Y-012,END_CONTINUOUS_SPLIT,SP-1F_ROOF_SLAB-05,75.431,1010.478,4325,75.431,0,0,"[""LBS-1F_ROOF_SLAB-05-Y-005"", ""LBS-1F_ROOF_SLAB-05-Y-006""]",0.078417043,0.039208522,0.207026975,0.302073217,0.302073217,0.335636907,0.078417043,0.000000004
S7-0430-006,S7-0430,1F_ROOF_SLAB,SUP-1F_ROOF_SLAB-138,SP-1F_ROOF_SLAB-07,Y,LBS-1F_ROOF_SLAB-07-Y-013,END_CONTINUOUS_SPLIT,SP-1F_ROOF_SLAB-05,142.216,1010.478,4325,142.216,0,0,"[""LBS-1F_ROOF_SLAB-05-Y-006""]",0.147845822,0.073922911,0.390324248,0.569522406,0.569522406,0.632802674,0.147845822,0.000000002
S7-0430-007,S7-0430,1F_ROOF_SLAB,SUP-1F_ROOF_SLAB-138,SP-1F_ROOF_SLAB-07,Y,LBS-1F_ROOF_SLAB-07-Y-014,END_CONTINUOUS_SPLIT,SP-1F_ROOF_SLAB-05,153.032,1010.478,4325,153.032,0,0,"[""LBS-1F_ROOF_SLAB-05-Y-006"", ""LBS-1F_ROOF_SLAB-05-Y-007""]",0.159089989,0.079544994,0.420009706,0.612836482,0.612836482,0.680929424,0.159089989,0.000000001
S7-0430-008,S7-0430,1F_ROOF_SLAB,SUP-1F_ROOF_SLAB-138,SP-1F_ROOF_SLAB-07,Y,LBS-1F_ROOF_SLAB-07-Y-015,END_CONTINUOUS_SPLIT,SP-1F_ROOF_SLAB-05,162.684,1010.478,4325,162.684,0,0,"[""LBS-1F_ROOF_SLAB-05-Y-007"", ""LBS-1F_ROOF_SLAB-05-Y-008""]",0.169124077,0.084562039,0.446500464,0.651489166,0.651489166,0.723876851,0.169124077,0.000000001
S7-0430-009,S7-0430,1F_ROOF_SLAB,SUP-1F_ROOF_SLAB-138,SP-1F_ROOF_SLAB-07,Y,LBS-1F_ROOF_SLAB-07-Y-016,END_CONTINUOUS_SPLIT,SP-1F_ROOF_SLAB-05,171.098,1010.478,4325,171.098,0,0,"[""LBS-1F_ROOF_SLAB-05-Y-008"", ""LBS-1F_ROOF_SLAB-05-Y-009""]",0.177871157,0.088935579,0.469593423,0.685184119,0.685184119,0.761315688,0.177871157,0.000000002
S7-0430-010,S7-0430,1F_ROOF_SLAB,SUP-1F_ROOF_SLAB-138,SP-1F_ROOF_SLAB-07,Y,LBS-1F_ROOF_SLAB-07-Y-017,END_CONTINUOUS_SPLIT,SP-1F_ROOF_SLAB-05,178.21,1010.478,4325,178.21,0,0,"[""LBS-1F_ROOF_SLAB-05-Y-009"", ""LBS-1F_ROOF_SLAB-05-Y-010""]",0.185264696,0.092632348,0.48911293,0.713665047,0.713665047,0.792961163,0.185264696,0
S7-0430-011,S7-0430,1F_ROOF_SLAB,SUP-1F_ROOF_SLAB-138,SP-1F_ROOF_SLAB-07,Y,LBS-1F_ROOF_SLAB-07-Y-018,END_CONTINUOUS_SPLIT,SP-1F_ROOF_SLAB-05,183.965,1010.478,4325,183.965,0,0,"[""LBS-1F_ROOF_SLAB-05-Y-010"", ""LBS-1F_ROOF_SLAB-05-Y-011"", ""LBS-1F_ROOF_SLAB-05-Y-012""]",0.191247516,0.095623758,0.504908031,0.736711691,0.736711691,0.818568545,0.191247516,-0.000000001
S7-0430-012,S7-0430,1F_ROOF_SLAB,SUP-1F_ROOF_SLAB-138,SP-1F_ROOF_SLAB-07,Y,LBS-1F_ROOF_SLAB-07-Y-019,END_CONTINUOUS_SPLIT,SP-1F_ROOF_SLAB-05,188.321,1010.478,4325,188.321,0,0,"[""LBS-1F_ROOF_SLAB-05-Y-012""]",0.195775954,0.097887977,0.516863452,0.754155856,0.754155856,0.837950951,0.195775954,0.000000001
S7-0430-013,S7-0430,1F_ROOF_SLAB,SUP-1F_ROOF_SLAB-138,SP-1F_ROOF_SLAB-07,Y,LBS-1F_ROOF_SLAB-07-Y-020,END_CONTINUOUS_SPLIT,SP-1F_ROOF_SLAB-05,191.243,1010.478,4325,191.243,0,0,"[""LBS-1F_ROOF_SLAB-05-Y-012"", ""LBS-1F_ROOF_SLAB-05-Y-013"", ""LBS-1F_ROOF_SLAB-05-Y-014""]",0.198813626,0.099406813,0.524883138,0.765857386,0.765857386,0.850952651,0.198813626,-0.000000001
S7-0430-014,S7-0430,1F_ROOF_SLAB,SUP-1F_ROOF_SLAB-138,SP-1F_ROOF_SLAB-07,Y,LBS-1F_ROOF_SLAB-07-Y-021,END_CONTINUOUS_SPLIT,SP-1F_ROOF_SLAB-05,192.709,1010.478,4325,192.709,0,0,"[""LBS-1F_ROOF_SLAB-05-Y-014"", ""LBS-1F_ROOF_SLAB-05-Y-015""]",0.200337659,0.10016883,0.528906702,0.77172817,0.77172817,0.857475744,0.200337659,0.000000002
S7-0430-015,S7-0430,1F_ROOF_SLAB,SUP-1F_ROOF_SLAB-138,SP-1F_ROOF_SLAB-07,Y,LBS-1F_ROOF_SLAB-07-Y-022,END_CONTINUOUS_SPLIT,SP-1F_ROOF_SLAB-05,192.709,1010.478,4325,192.709,0,0,"[""LBS-1F_ROOF_SLAB-05-Y-015"", ""LBS-1F_ROOF_SLAB-05-Y-016""]",0.200337659,0.10016883,0.528906702,0.77172817,0.77172817,0.857475744,0.200337659,0.000000002
S7-0430-016,S7-0430,1F_ROOF_SLAB,SUP-1F_ROOF_SLAB-138,SP-1F_ROOF_SLAB-07,Y,LBS-1F_ROOF_SLAB-07-Y-023,END_CONTINUOUS_SPLIT,SP-1F_ROOF_SLAB-05,191.243,1010.478,4325,191.243,0,0,"[""LBS-1F_ROOF_SLAB-05-Y-016""]",0.198813626,0.099406813,0.524883138,0.765857386,0.765857386,0.850952651,0.198813626,-0.000000001
S7-0430-017,S7-0430,1F_ROOF_SLAB,SUP-1F_ROOF_SLAB-138,SP-1F_ROOF_SLAB-07,Y,LBS-1F_ROOF_SLAB-07-Y-024,END_CONTINUOUS_SPLIT,SP-1F_ROOF_SLAB-05,188.321,1010.478,4325,188.321,0,0,"[""LBS-1F_ROOF_SLAB-05-Y-016"", ""LBS-1F_ROOF_SLAB-05-Y-017""]",0.195775954,0.097887977,0.516863452,0.754155856,0.754155856,0.837950951,0.195775954,0.000000001
S7-0430-018,S7-0430,1F_ROOF_SLAB,SUP-1F_ROOF_SLAB-138,SP-1F_ROOF_SLAB-07,Y,LBS-1F_ROOF_SLAB-07-Y-025,END_CONTINUOUS_SPLIT,SP-1F_ROOF_SLAB-05,183.965,1010.478,4325,183.965,0,0,"[""LBS-1F_ROOF_SLAB-05-Y-017"", ""LBS-1F_ROOF_SLAB-05-Y-018""]",0.191247516,0.095623758,0.504908031,0.736711691,0.736711691,0.818568545,0.191247516,-0.000000001
S7-0430-019,S7-0430,1F_ROOF_SLAB,SUP-1F_ROOF_SLAB-138,SP-1F_ROOF_SLAB-07,Y,LBS-1F_ROOF_SLAB-07-Y-026,END_CONTINUOUS_SPLIT,SP-1F_ROOF_SLAB-05,178.21,1010.478,4325,178.21,0,0,"[""LBS-1F_ROOF_SLAB-05-Y-018"", ""LBS-1F_ROOF_SLAB-05-Y-019""]",0.185264696,0.092632348,0.48911293,0.713665047,0.713665047,0.792961163,0.185264696,0
S7-0430-020,S7-0430,1F_ROOF_SLAB,SUP-1F_ROOF_SLAB-138,SP-1F_ROOF_SLAB-07,Y,LBS-1F_ROOF_SLAB-07-Y-027,END_CONTINUOUS_SPLIT,SP-1F_ROOF_SLAB-05,171.098,1010.478,4325,171.098,0,0,"[""LBS-1F_ROOF_SLAB-05-Y-019"", ""LBS-1F_ROOF_SLAB-05-Y-020""]",0.177871157,0.088935579,0.469593423,0.685184119,0.685184119,0.761315688,0.177871157,0.000000002
S7-0430-021,S7-0430,1F_ROOF_SLAB,SUP-1F_ROOF_SLAB-138,SP-1F_ROOF_SLAB-07,Y,LBS-1F_ROOF_SLAB-07-Y-028,END_CONTINUOUS_SPLIT,SP-1F_ROOF_SLAB-05,162.684,1010.478,4325,162.684,0,0,"[""LBS-1F_ROOF_SLAB-05-Y-020"", ""LBS-1F_ROOF_SLAB-05-Y-021"", ""LBS-1F_ROOF_SLAB-05-Y-022""]",0.169124077,0.084562039,0.446500464,0.651489166,0.651489166,0.723876851,0.169124077,0.000000001
S7-0430-022,S7-0430,1F_ROOF_SLAB,SUP-1F_ROOF_SLAB-138,SP-1F_ROOF_SLAB-07,Y,LBS-1F_ROOF_SLAB-07-Y-029,END_CONTINUOUS_SPLIT,SP-1F_ROOF_SLAB-05,153.032,1010.478,4325,153.032,0,0,"[""LBS-1F_ROOF_SLAB-05-Y-022""]",0.159089989,0.079544994,0.420009706,0.612836482,0.612836482,0.680929424,0.159089989,0.000000001
S7-0430-023,S7-0430,1F_ROOF_SLAB,SUP-1F_ROOF_SLAB-138,SP-1F_ROOF_SLAB-07,Y,LBS-1F_ROOF_SLAB-07-Y-030,END_CONTINUOUS_SPLIT,SP-1F_ROOF_SLAB-05,142.216,1010.478,4325,142.216,0,0,"[""LBS-1F_ROOF_SLAB-05-Y-022"", ""LBS-1F_ROOF_SLAB-05-Y-023""]",0.147845822,0.073922911,0.390324248,0.569522406,0.569522406,0.632802674,0.147845822,0.000000002
S7-0430-024,S7-0430,1F_ROOF_SLAB,SUP-1F_ROOF_SLAB-138,SP-1F_ROOF_SLAB-07,Y,LBS-1F_ROOF_SLAB-07-Y-031,END_CONTINUOUS_SPLIT,SP-1F_ROOF_SLAB-05,130.316,1010.478,4325,130.316,0,0,"[""LBS-1F_ROOF_SLAB-05-Y-023"", ""LBS-1F_ROOF_SLAB-05-Y-024"", ""LBS-1F_ROOF_SLAB-05-Y-025""]",0.135474744,0.067737372,0.357663658,0.521867315,0.521867315,0.579852573,0.135474744,0
S7-0430-025,S7-0430,1F_ROOF_SLAB,SUP-1F_ROOF_SLAB-138,SP-1F_ROOF_SLAB-07,Y,LBS-1F_ROOF_SLAB-07-Y-032,END_CONTINUOUS_SPLIT,SP-1F_ROOF_SLAB-05,117.426,1010.478,4325,117.426,0,0,"[""LBS-1F_ROOF_SLAB-05-Y-025"", ""LBS-1F_ROOF_SLAB-05-Y-026""]",0.122074475,0.061037238,0.322285926,0.470247639,0.470247639,0.522497377,0.122074475,0
S7-0430-026,S7-0430,1F_ROOF_SLAB,SUP-1F_ROOF_SLAB-138,SP-1F_ROOF_SLAB-07,Y,LBS-1F_ROOF_SLAB-07-Y-033,END_CONTINUOUS_SPLIT,SP-1F_ROOF_SLAB-05,99.871,1010.478,4324.997997417,99.871,0,0,"[""LBS-1F_ROOF_SLAB-05-Y-026"", ""LBS-1F_ROOF_SLAB-05-Y-027""]",0.103824535,0.051912267,0.274104589,0.399946179,0.399946179,0.444384644,0.103824535,0.000000004
S7-0430-027,S7-0430,1F_ROOF_SLAB,SUP-1F_ROOF_SLAB-138,SP-1F_ROOF_SLAB-07,Y,LBS-1F_ROOF_SLAB-07-Y-034,END_CONTINUOUS_SPLIT,SP-1F_ROOF_SLAB-05,3.77,1010.478,4275,3.77,0,0,"[""LBS-1F_ROOF_SLAB-05-Y-027""]",0.003919241,0.001959621,0.01025013,0.014922917,0.014922917,0.016581019,0.003919241,-0.00000005
S7-0430-028,S7-0430,1F_ROOF_SLAB,SUP-1F_ROOF_SLAB-138,SP-1F_ROOF_SLAB-07,Y,LBS-1F_ROOF_SLAB-07-Y-035,END_CONTINUOUS_SPLIT,SP-1F_ROOF_SLAB-05,89.068,1010.478,4275,89.068,0,0,"[""LBS-1F_ROOF_SLAB-05-Y-027"", ""LBS-1F_ROOF_SLAB-05-Y-028"", ""LBS-1F_ROOF_SLAB-05-Y-029""]",0.092593883,0.046296942,0.242164071,0.352560832,0.352560832,0.391734258,0.092593883,0.000000003
S7-0430-029,S7-0430,1F_ROOF_SLAB,SUP-1F_ROOF_SLAB-138,SP-1F_ROOF_SLAB-07,Y,LBS-1F_ROOF_SLAB-07-Y-036,END_CONTINUOUS_SPLIT,SP-1F_ROOF_SLAB-05,73.817,1010.478,4275,73.817,0,0,"[""LBS-1F_ROOF_SLAB-05-Y-029""]",0.076739151,0.038369576,0.200698627,0.292192293,0.292192293,0.324658103,0.076739151,-0.000000003
S7-0430-030,S7-0430,1F_ROOF_SLAB,SUP-1F_ROOF_SLAB-138,SP-1F_ROOF_SLAB-07,Y,LBS-1F_ROOF_SLAB-07-Y-037,END_CONTINUOUS_SPLIT,SP-1F_ROOF_SLAB-05,58.004,1010.478,4275,58.004,0,0,"[""LBS-1F_ROOF_SLAB-05-Y-029"", ""LBS-1F_ROOF_SLAB-05-Y-030""]",0.060300171,0.030150086,0.157705179,0.229599168,0.229599168,0.255110186,0.060300171,-0.000000004
S7-0430-031,S7-0430,1F_ROOF_SLAB,SUP-1F_ROOF_SLAB-138,SP-1F_ROOF_SLAB-07,Y,LBS-1F_ROOF_SLAB-07-Y-038,END_CONTINUOUS_SPLIT,SP-1F_ROOF_SLAB-05,25.341,1010.478,4275,25.337,0.004,0,"[""LBS-1F_ROOF_SLAB-05-Y-030"", ""LBS-1F_ROOF_SLAB-05-Y-031""]",0.026344159,0.013172079,0.068892098,0.100296032,0.100296032,0.111440036,0.026344159,0.000000018
S7-0432-001,S7-0432,GF_ROOF_SLAB,SUP-GF_ROOF_SLAB-139,SP-GF_ROOF_SLAB-16,Y,LBS-GF_ROOF_SLAB-16-Y-001,END_CONTINUOUS_SPLIT,SP-GF_ROOF_SLAB-25,50,1750,1250.273048217,50,0,0,"[""LBS-GF_ROOF_SLAB-25-Y-002"", ""LBS-GF_ROOF_SLAB-25-Y-003""]",0.090020576,0.045010288,0.077167517,0.081029308,0.081029308,0.090032564,0.090020576,0.000000002
S7-0432-002,S7-0432,GF_ROOF_SLAB,SUP-GF_ROOF_SLAB-139,SP-GF_ROOF_SLAB-16,Y,LBS-GF_ROOF_SLAB-16-Y-002,END_CONTINUOUS_SPLIT,SP-GF_ROOF_SLAB-25,211.732,1750,4806.577218319,211.732,0,0,"[""LBS-GF_ROOF_SLAB-25-Y-003"", ""LBS-GF_ROOF_SLAB-25-Y-004"", ""LBS-GF_ROOF_SLAB-25-Y-005""]",0.381204733,0.190602367,0.714113791,0.942320564,0.942320564,1.047022849,0.381204733,-0.000000001
S7-0432-003,S7-0432,GF_ROOF_SLAB,SUP-GF_ROOF_SLAB-139,SP-GF_ROOF_SLAB-16,Y,LBS-GF_ROOF_SLAB-16-Y-003,END_CONTINUOUS_SPLIT,SP-GF_ROOF_SLAB-25,938.268,1750,4950,938.268,0,0,"[""LBS-GF_ROOF_SLAB-25-Y-005"", ""LBS-GF_ROOF_SLAB-25-Y-006""]",1.689268519,0.84463426,3.233742594,4.300395001,4.300395001,4.778216668,1.689268519,0
S7-0432-004,S7-0432,GF_ROOF_SLAB,SUP-GF_ROOF_SLAB-139,SP-GF_ROOF_SLAB-16,Y,LBS-GF_ROOF_SLAB-16-Y-004,END_CONTINUOUS_SPLIT,SP-GF_ROOF_SLAB-25,100,1750,4950,100,0,0,"[""LBS-GF_ROOF_SLAB-25-Y-006"", ""LBS-GF_ROOF_SLAB-25-Y-007""]",0.180041152,0.090020576,0.344650205,0.458333333,0.458333333,0.509259259,0.180041152,0.000000002
S7-0432-005,S7-0432,GF_ROOF_SLAB,SUP-GF_ROOF_SLAB-139,SP-GF_ROOF_SLAB-16,Y,LBS-GF_ROOF_SLAB-16-Y-005,END_CONTINUOUS_SPLIT,SP-GF_ROOF_SLAB-25,1200,1750,4950,1200,0,0,"[""LBS-GF_ROOF_SLAB-25-Y-007"", ""LBS-GF_ROOF_SLAB-25-Y-008""]",2.160493827,1.080246913,4.135802469,5.5,5.5,6.111111111,2.160493827,0.000000001
S7-0432-006,S7-0432,GF_ROOF_SLAB,SUP-GF_ROOF_SLAB-139,SP-GF_ROOF_SLAB-16,Y,LBS-GF_ROOF_SLAB-16-Y-006,END_CONTINUOUS_SPLIT,SP-GF_ROOF_SLAB-25,200,1250,4950,200,0,0,"[""LBS-GF_ROOF_SLAB-25-Y-008"", ""LBS-GF_ROOF_SLAB-25-Y-009""]",0.257201646,0.128600823,0.637860082,0.916666666,0.916666666,1.018518518,0.257201646,0.000000001
S7-0432-007,S7-0432,GF_ROOF_SLAB,SUP-GF_ROOF_SLAB-139,SP-GF_ROOF_SLAB-16,Y,LBS-GF_ROOF_SLAB-16-Y-007,END_CONTINUOUS_SPLIT,SP-GF_ROOF_SLAB-25,600,1250,4950,599.996,0.004,0,"[""LBS-GF_ROOF_SLAB-25-Y-009""]",0.771604938,0.385802469,1.913572633,2.749986295,2.749986295,3.055540328,0.771604938,0.000000001
S7-0433-001,S7-0433,GF_ROOF_SLAB,SUP-GF_ROOF_SLAB-139,SP-GF_ROOF_SLAB-25,Y,LBS-GF_ROOF_SLAB-25-Y-002,END_CONTINUOUS_SPLIT,SP-GF_ROOF_SLAB-16,50,1250,1750,50,0,0,"[""LBS-GF_ROOF_SLAB-16-Y-001"", ""LBS-GF_ROOF_SLAB-16-Y-002""]",0.064300412,0.032150206,0.077160494,0.081018519,0.081018519,0.090020577,0.064300412,-0.000000007
S7-0433-002,S7-0433,GF_ROOF_SLAB,SUP-GF_ROOF_SLAB-139,SP-GF_ROOF_SLAB-25,Y,LBS-GF_ROOF_SLAB-25-Y-003,END_CONTINUOUS_SPLIT,SP-GF_ROOF_SLAB-16,126.414,4748.75819254,1750,126.414,0,0,"[""LBS-GF_ROOF_SLAB-16-Y-002""]",0.617602385,0.308801192,0.422599804,0.555842146,0.555842146,0.617602385,0.617602385,0.000000001
S7-0433-003,S7-0433,GF_ROOF_SLAB,SUP-GF_ROOF_SLAB-139,SP-GF_ROOF_SLAB-25,Y,LBS-GF_ROOF_SLAB-25-Y-004,END_CONTINUOUS_SPLIT,SP-GF_ROOF_SLAB-16,85.318,4892.199802966,1750,85.318,0,0,"[""LBS-GF_ROOF_SLAB-16-Y-002"", ""LBS-GF_ROOF_SLAB-16-Y-003""]",0.429416361,0.214708181,0.291511936,0.386474725,0.386474725,0.429416361,0.429416361,0
S7-0433-004,S7-0433,GF_ROOF_SLAB,SUP-GF_ROOF_SLAB-139,SP-GF_ROOF_SLAB-25,Y,LBS-GF_ROOF_SLAB-25-Y-005,END_CONTINUOUS_SPLIT,SP-GF_ROOF_SLAB-16,147.608,4950,1750,147.608,0,0,"[""LBS-GF_ROOF_SLAB-16-Y-003""]",0.751707407,0.375853704,0.508731275,0.676536666,0.676536666,0.751707407,0.751707407,0.000000001
S7-0433-005,S7-0433,GF_ROOF_SLAB,SUP-GF_ROOF_SLAB-139,SP-GF_ROOF_SLAB-25,Y,LBS-GF_ROOF_SLAB-25-Y-006,END_CONTINUOUS_SPLIT,SP-GF_ROOF_SLAB-16,885.649,4950,1750,885.649,0,0,"[""LBS-GF_ROOF_SLAB-16-Y-003"", ""LBS-GF_ROOF_SLAB-16-Y-004""]",4.510249537,2.255124768,3.052391101,4.059224583,4.059224583,4.510249537,4.510249537,0.000000001
S7-0433-006,S7-0433,GF_ROOF_SLAB,SUP-GF_ROOF_SLAB-139,SP-GF_ROOF_SLAB-25,Y,LBS-GF_ROOF_SLAB-25-Y-007,END_CONTINUOUS_SPLIT,SP-GF_ROOF_SLAB-16,1205.011,4950,1749.998340264,1205.011,0,0,"[""LBS-GF_ROOF_SLAB-16-Y-004"", ""LBS-GF_ROOF_SLAB-16-Y-005"", ""LBS-GF_ROOF_SLAB-16-Y-006""]",6.136630093,3.068315046,4.153071862,5.522967084,5.522967084,6.136630093,6.136630093,0.000000001
S7-0433-007,S7-0433,GF_ROOF_SLAB,SUP-GF_ROOF_SLAB-139,SP-GF_ROOF_SLAB-25,Y,LBS-GF_ROOF_SLAB-25-Y-008,END_CONTINUOUS_SPLIT,SP-GF_ROOF_SLAB-16,200,4950,1250,200,0,0,"[""LBS-GF_ROOF_SLAB-16-Y-006"", ""LBS-GF_ROOF_SLAB-16-Y-007""]",1.018518519,0.509259259,0.637860083,0.916666667,0.916666667,1.018518519,1.018518519,0
S7-0433-008,S7-0433,GF_ROOF_SLAB,SUP-GF_ROOF_SLAB-139,SP-GF_ROOF_SLAB-25,Y,LBS-GF_ROOF_SLAB-25-Y-009,END_CONTINUOUS_SPLIT,SP-GF_ROOF_SLAB-16,600,4950,1250,599.996,0.004,0,"[""LBS-GF_ROOF_SLAB-16-Y-007""]",3.055555556,1.527777778,1.91358786,2.75,2.75,3.055555556,3.055555556,0
S7-0435-001,S7-0435,GF_ROOF_SLAB,SUP-GF_ROOF_SLAB-140,SP-GF_ROOF_SLAB-05,X,LBS-GF_ROOF_SLAB-05-X-001,END_UNRESOLVED,SP-GF_ROOF_SLAB-06,750,1900,1650,749.956,0.044,0,"[""LBS-GF_ROOF_SLAB-06-X-001""]",1.466049383,0.733024692,1.36956142,1.099537037,1.319444445,1.466049383,1.466049383,0
S7-0435-002,S7-0435,GF_ROOF_SLAB,SUP-GF_ROOF_SLAB-140,SP-GF_ROOF_SLAB-05,X,LBS-GF_ROOF_SLAB-05-X-002,END_UNRESOLVED,SP-GF_ROOF_SLAB-06,750,1900,1650,750,0,0,"[""LBS-GF_ROOF_SLAB-06-X-001"", ""LBS-GF_ROOF_SLAB-06-X-002""]",1.466049383,0.733024692,1.369598766,1.099537037,1.319444445,1.466049383,1.466049383,0
S7-0435-003,S7-0435,GF_ROOF_SLAB,SUP-GF_ROOF_SLAB-140,SP-GF_ROOF_SLAB-05,X,LBS-GF_ROOF_SLAB-05-X-003,END_UNRESOLVED,SP-GF_ROOF_SLAB-06,250,1900,1650,250,0,0,"[""LBS-GF_ROOF_SLAB-06-X-002"", ""LBS-GF_ROOF_SLAB-06-X-003""]",0.488683128,0.244341564,0.456532922,0.366512346,0.439814815,0.488683128,0.488683128,0
S7-0436-001,S7-0436,GF_ROOF_SLAB,SUP-GF_ROOF_SLAB-140,SP-GF_ROOF_SLAB-06,X,LBS-GF_ROOF_SLAB-06-X-001,END_UNRESOLVED,SP-GF_ROOF_SLAB-05,750,1650,1900,749.956,0.044,0,"[""LBS-GF_ROOF_SLAB-05-X-001""]",1.273148148,0.636574074,1.369555761,0.954861111,1.319434259,1.466038066,1.273148148,0.000000001
S7-0436-002,S7-0436,GF_ROOF_SLAB,SUP-GF_ROOF_SLAB-140,SP-GF_ROOF_SLAB-06,X,LBS-GF_ROOF_SLAB-06-X-002,END_UNRESOLVED,SP-GF_ROOF_SLAB-05,750,1650,1900,750,0,0,"[""LBS-GF_ROOF_SLAB-05-X-001"", ""LBS-GF_ROOF_SLAB-05-X-002""]",1.273148148,0.636574074,1.369598765,0.954861111,1.319444444,1.466049383,1.273148148,0.000000001
S7-0436-003,S7-0436,GF_ROOF_SLAB,SUP-GF_ROOF_SLAB-140,SP-GF_ROOF_SLAB-06,X,LBS-GF_ROOF_SLAB-06-X-003,END_UNRESOLVED,SP-GF_ROOF_SLAB-05,250,1650,1900,250,0,0,"[""LBS-GF_ROOF_SLAB-05-X-002"", ""LBS-GF_ROOF_SLAB-05-X-003""]",0.424382716,0.212191358,0.456532922,0.318287037,0.439814815,0.488683128,0.424382716,0.000000001
S7-0437-001,S7-0437,GF_ROOF_SLAB,SUP-GF_ROOF_SLAB-141,SP-GF_ROOF_SLAB-16,Y,LBS-GF_ROOF_SLAB-16-Y-007,END_NON_CONTINUOUS,SP-GF_ROOF_SLAB-13,600,1250,,0,600,0,[],0.771604938,0.385802469,0.385802469,0.578703703,0.578703703,0.771604938,0.771604938,0.000000001
S7-0438-001,S7-0438,GF_ROOF_SLAB,SUP-GF_ROOF_SLAB-142,SP-GF_ROOF_SLAB-18,Y,LBS-GF_ROOF_SLAB-18-Y-001,END_NON_CONTINUOUS,SP-GF_ROOF_SLAB-13,700,2250,,0,700,0,[],1.62037037,0.810185185,0.810185185,1.215277778,1.215277778,1.62037037,1.62037037,0.000000001
S7-0439-001,S7-0439,GF_ROOF_SLAB,SUP-GF_ROOF_SLAB-143,SP-GF_ROOF_SLAB-07,Y,LBS-GF_ROOF_SLAB-07-Y-001,END_NON_CONTINUOUS,SP-GF_ROOF_SLAB-13,1800,2950,,0,1800,0,[],5.462962963,2.731481481,2.731481481,4.097222222,4.097222222,5.462962963,5.462962963,0.000000001
S7-0440-001,S7-0440,GF_ROOF_SLAB,SUP-GF_ROOF_SLAB-144,SP-GF_ROOF_SLAB-04,Y,LBS-GF_ROOF_SLAB-04-Y-001,END_NON_CONTINUOUS,SP-GF_ROOF_SLAB-01,50,1750,,0,50,0,[],0.090020576,0.045010288,0.045010288,0.067515432,0.067515432,0.090020576,0.090020576,0.000000002
S7-0440-002,S7-0440,GF_ROOF_SLAB,SUP-GF_ROOF_SLAB-144,SP-GF_ROOF_SLAB-04,Y,LBS-GF_ROOF_SLAB-04-Y-002,END_NON_CONTINUOUS,SP-GF_ROOF_SLAB-01,1420,1750,,0,1420,0,[],2.556584362,1.278292181,1.278292181,1.917438272,1.917438272,2.556584362,2.556584362,0.000000001
S7-0441-001,S7-0441,GF_ROOF_SLAB,SUP-GF_ROOF_SLAB-145,SP-GF_ROOF_SLAB-05,Y,LBS-GF_ROOF_SLAB-05-Y-001,END_NON_CONTINUOUS,SP-GF_ROOF_SLAB-01,400,1750,,0,400,0,[],0.720164609,0.360082305,0.360082305,0.540123457,0.540123457,0.720164609,0.720164609,0.000000001
S7-0441-002,S7-0441,GF_ROOF_SLAB,SUP-GF_ROOF_SLAB-145,SP-GF_ROOF_SLAB-05,Y,LBS-GF_ROOF_SLAB-05-Y-002,END_NON_CONTINUOUS,SP-GF_ROOF_SLAB-01,1500,1750,,0,1500,0,[],2.700617284,1.350308642,1.350308642,2.025462963,2.025462963,2.700617284,2.700617284,0.000000001
S7-0442-001,S7-0442,GF_ROOF_SLAB,SUP-GF_ROOF_SLAB-146,SP-GF_ROOF_SLAB-06,Y,LBS-GF_ROOF_SLAB-06-Y-001,END_NON_CONTINUOUS,SP-GF_ROOF_SLAB-01,1250,1750,,0,1250,0,[],2.250514403,1.125257201,1.125257201,1.687885802,1.687885802,2.250514403,2.250514403,0.000000001
S7-0442-002,S7-0442,GF_ROOF_SLAB,SUP-GF_ROOF_SLAB-146,SP-GF_ROOF_SLAB-06,Y,LBS-GF_ROOF_SLAB-06-Y-002,END_NON_CONTINUOUS,SP-GF_ROOF_SLAB-01,400,1750,,0,400,0,[],0.720164609,0.360082305,0.360082305,0.540123457,0.540123457,0.720164609,0.720164609,0.000000001
S7-0443-001,S7-0443,GF_ROOF_SLAB,SUP-GF_ROOF_SLAB-147,SP-GF_ROOF_SLAB-07,Y,LBS-GF_ROOF_SLAB-07-Y-001,END_NON_CONTINUOUS,SP-GF_ROOF_SLAB-01,1800,2950,,0,1800,0,[],5.462962963,2.731481481,2.731481481,4.097222222,4.097222222,5.462962963,5.462962963,0.000000001
S7-0444-001,S7-0444,GF_ROOF_SLAB,SUP-GF_ROOF_SLAB-148,SP-GF_ROOF_SLAB-17,Y,LBS-GF_ROOF_SLAB-17-Y-001,END_UNRESOLVED,SP-GF_ROOF_SLAB-21,400,2632.507742468,,0,400,0,[],1.08333652,0.54166826,0.54166826,0.81250239,0.975002868,1.08333652,1.08333652,0
S7-0444-002,S7-0444,GF_ROOF_SLAB,SUP-GF_ROOF_SLAB-148,SP-GF_ROOF_SLAB-17,Y,LBS-GF_ROOF_SLAB-17-Y-002,END_UNRESOLVED,SP-GF_ROOF_SLAB-21,50,2679.795702746,,0,50,0,[],0.137849573,0.068924787,0.068924787,0.10338718,0.124064616,0.137849573,0.137849573,0.000000002
S7-0444-003,S7-0444,GF_ROOF_SLAB,SUP-GF_ROOF_SLAB-148,SP-GF_ROOF_SLAB-17,Y,LBS-GF_ROOF_SLAB-17-Y-003,END_UNRESOLVED,SP-GF_ROOF_SLAB-21,450,2732.337880831,,0,450,0,[],1.264971241,0.632485621,0.632485621,0.948728431,1.138474117,1.264971241,1.264971241,0.000000001
S7-0444-004,S7-0444,GF_ROOF_SLAB,SUP-GF_ROOF_SLAB-148,SP-GF_ROOF_SLAB-17,Y,LBS-GF_ROOF_SLAB-17-Y-004,END_UNRESOLVED,SP-GF_ROOF_SLAB-21,300,2811.15114796,,0,300,0,[],0.867639243,0.433819621,0.433819621,0.650729432,0.780875319,0.867639243,0.867639243,0.000000001
S7-0444-005,S7-0444,GF_ROOF_SLAB,SUP-GF_ROOF_SLAB-148,SP-GF_ROOF_SLAB-17,Y,LBS-GF_ROOF_SLAB-17-Y-005,END_UNRESOLVED,SP-GF_ROOF_SLAB-21,50,2847.93067262,,0,50,0,[],0.146498491,0.073249246,0.073249246,0.109873868,0.131848642,0.146498491,0.146498491,0.000000003
S7-0444-006,S7-0444,GF_ROOF_SLAB,SUP-GF_ROOF_SLAB-148,SP-GF_ROOF_SLAB-17,Y,LBS-GF_ROOF_SLAB-17-Y-006,END_UNRESOLVED,SP-GF_ROOF_SLAB-21,2000,3063.353602771,,0,2000,0,[],6.303196714,3.151598357,3.151598357,4.727397536,5.672877043,6.303196714,6.303196714,0.000000001
S7-0444-007,S7-0444,GF_ROOF_SLAB,SUP-GF_ROOF_SLAB-148,SP-GF_ROOF_SLAB-17,Y,LBS-GF_ROOF_SLAB-17-Y-007,END_UNRESOLVED,SP-GF_ROOF_SLAB-28,100,3284.03075073,,0,100,0,[],0.337863246,0.168931623,0.168931623,0.253397435,0.304076921,0.337863246,0.337863246,0.000000001
S7-0444-008,S7-0444,GF_ROOF_SLAB,SUP-GF_ROOF_SLAB-148,SP-GF_ROOF_SLAB-17,Y,LBS-GF_ROOF_SLAB-17-Y-008,END_UNRESOLVED,SP-GF_ROOF_SLAB-28,25.983,3297.269593174,,0,25.983,0,[],0.088140901,0.04407045,0.04407045,0.066105676,0.079326811,0.088140901,0.088140901,0.000000001
S7-0444-009,S7-0444,GF_ROOF_SLAB,SUP-GF_ROOF_SLAB-148,SP-GF_ROOF_SLAB-17,Y,LBS-GF_ROOF_SLAB-17-Y-009,END_UNRESOLVED,SP-GF_ROOF_SLAB-28,269.558,3300,,0,269.558,0,[],0.915166049,0.457583024,0.457583024,0.686374537,0.823649444,0.915166049,0.915166049,0.000000001
S7-0444-010,S7-0444,GF_ROOF_SLAB,SUP-GF_ROOF_SLAB-148,SP-GF_ROOF_SLAB-17,Y,LBS-GF_ROOF_SLAB-17-Y-010,END_UNRESOLVED,SP-GF_ROOF_SLAB-28,104.459,2972.128704207,,0,104.459,0,[],0.319409046,0.159704523,0.159704523,0.239556784,0.287468141,0.319409046,0.319409046,-0.000000001
S7-0444-011,S7-0444,GF_ROOF_SLAB,SUP-GF_ROOF_SLAB-148,SP-GF_ROOF_SLAB-17,Y,LBS-GF_ROOF_SLAB-17-Y-011,END_UNRESOLVED,SP-GF_ROOF_SLAB-28,150,2173.44403313,,0,150,0,[],0.33540803,0.167704015,0.167704015,0.251556023,0.301867227,0.33540803,0.33540803,0
S7-0444-012,S7-0444,GF_ROOF_SLAB,SUP-GF_ROOF_SLAB-148,SP-GF_ROOF_SLAB-17,Y,LBS-GF_ROOF_SLAB-17-Y-012,END_UNRESOLVED,SP-GF_ROOF_SLAB-28,150,1231.81728256,,0,150,0,[],0.19009526,0.09504763,0.09504763,0.142571445,0.171085734,0.19009526,0.19009526,-0.000000001
S7-0444-013,S7-0444,GF_ROOF_SLAB,SUP-GF_ROOF_SLAB-148,SP-GF_ROOF_SLAB-17,Y,LBS-GF_ROOF_SLAB-17-Y-013,END_UNRESOLVED,SP-GF_ROOF_SLAB-28,19.723,699.098225937,,0,19.723,0,[],0.014185509,0.007092755,0.007092755,0.010639132,0.012766958,0.014185509,0.014185509,-0.000000031
S7-0444-014,S7-0444,GF_ROOF_SLAB,SUP-GF_ROOF_SLAB-148,SP-GF_ROOF_SLAB-17,Y,LBS-GF_ROOF_SLAB-17-Y-014,END_UNRESOLVED,SP-GF_ROOF_SLAB-28,101.504,318.596272299,,0,101.504,0,[],0.033270366,0.016635183,0.016635183,0.024952775,0.029943329,0.033270366,0.033270366,0.000000009
S7-0445-001,S7-0445,GF_ROOF_SLAB,SUP-GF_ROOF_SLAB-149,SP-GF_ROOF_SLAB-18,Y,LBS-GF_ROOF_SLAB-18-Y-001,END_UNRESOLVED,SP-GF_ROOF_SLAB-21,700,2250,,0,700,0,[],1.62037037,0.810185185,0.810185185,1.215277778,1.458333333,1.62037037,1.62037037,0.000000001
S7-0445-002,S7-0445,GF_ROOF_SLAB,SUP-GF_ROOF_SLAB-149,SP-GF_ROOF_SLAB-18,Y,LBS-GF_ROOF_SLAB-18-Y-002,END_UNRESOLVED,SP-GF_ROOF_SLAB-21,200,2250,,0,200,0,[],0.462962963,0.231481481,0.231481481,0.347222222,0.416666667,0.462962963,0.462962963,0.000000001
S7-0445-003,S7-0445,GF_ROOF_SLAB,SUP-GF_ROOF_SLAB-149,SP-GF_ROOF_SLAB-18,Y,LBS-GF_ROOF_SLAB-18-Y-003,END_UNRESOLVED,SP-GF_ROOF_SLAB-21,50,2250,,0,50,0,[],0.115740741,0.057870371,0.057870371,0.086805556,0.104166667,0.115740741,0.115740741,-0.000000002
S7-0445-004,S7-0445,GF_ROOF_SLAB,SUP-GF_ROOF_SLAB-149,SP-GF_ROOF_SLAB-18,Y,LBS-GF_ROOF_SLAB-18-Y-004,END_UNRESOLVED,SP-GF_ROOF_SLAB-21,1420,2399.22,,0,1420,0,[],3.505033333,1.752516667,1.752516667,2.628775,3.15453,3.505033333,3.505033333,0.000000001
S7-0446-001,S7-0446,GF_ROOF_SLAB,SUP-GF_ROOF_SLAB-150,SP-GF_ROOF_SLAB-04,Y,LBS-GF_ROOF_SLAB-04-Y-001,END_UNRESOLVED,SP-GF_ROOF_SLAB-11,50,1750,2200.059559966,50,0,0,"[""LBS-GF_ROOF_SLAB-11-Y-001"", ""LBS-GF_ROOF_SLAB-11-Y-002""]",0.090020576,0.045010288,0.101596182,0.067515432,0.101854609,0.113171788,0.090020576,0.000000002
S7-0446-002,S7-0446,GF_ROOF_SLAB,SUP-GF_ROOF_SLAB-150,SP-GF_ROOF_SLAB-04,Y,LBS-GF_ROOF_SLAB-04-Y-002,END_UNRESOLVED,SP-GF_ROOF_SLAB-11,1420,1750,2795.299579718,1419.996,0.004,0,"[""LBS-GF_ROOF_SLAB-11-Y-002""]",2.556584362,1.278292181,3.320120484,1.917438271,3.675297428,4.083663808,2.556584362,0.000000001
S7-0447-001,S7-0447,GF_ROOF_SLAB,SUP-GF_ROOF_SLAB-150,SP-GF_ROOF_SLAB-11,Y,LBS-GF_ROOF_SLAB-11-Y-001,END_UNRESOLVED,SP-GF_ROOF_SLAB-04,50,2200,1750,50,0,0,"[""LBS-GF_ROOF_SLAB-04-Y-001"", ""LBS-GF_ROOF_SLAB-04-Y-002""]",0.113168724,0.056584362,0.10159465,0.084876543,0.101851852,0.113168724,0.113168724,0.000000003
S7-0447-002,S7-0447,GF_ROOF_SLAB,SUP-GF_ROOF_SLAB-150,SP-GF_ROOF_SLAB-11,Y,LBS-GF_ROOF_SLAB-11-Y-002,END_UNRESOLVED,SP-GF_ROOF_SLAB-04,1420,2795.318,1750,1419.996,0.004,0,"[""LBS-GF_ROOF_SLAB-04-Y-002""]",4.083695021,2.04184751,3.320136091,3.062771266,3.675325519,4.083695021,4.083695021,0.000000001
S7-0448-001,S7-0448,GF_ROOF_SLAB,SUP-GF_ROOF_SLAB-151,SP-GF_ROOF_SLAB-05,Y,LBS-GF_ROOF_SLAB-05-Y-001,END_UNRESOLVED,SP-GF_ROOF_SLAB-10,400,1750,2562.049159,400,0,0,"[""LBS-GF_ROOF_SLAB-10-Y-001"", ""LBS-GF_ROOF_SLAB-10-Y-002""]",0.720164609,0.360082305,0.887252913,0.540123457,0.948907096,1.054341218,0.720164609,0.000000001
S7-0448-002,S7-0448,GF_ROOF_SLAB,SUP-GF_ROOF_SLAB-151,SP-GF_ROOF_SLAB-05,Y,LBS-GF_ROOF_SLAB-05-Y-002,END_UNRESOLVED,SP-GF_ROOF_SLAB-10,1500,1750,2362.3491592,1500,0,0,"[""LBS-GF_ROOF_SLAB-10-Y-002"", ""LBS-GF_ROOF_SLAB-10-Y-003""]",2.700617284,1.350308642,3.173108919,2.025462963,3.281040499,3.645600554,2.700617284,0.000000001
S7-0449-001,S7-0449,GF_ROOF_SLAB,SUP-GF_ROOF_SLAB-151,SP-GF_ROOF_SLAB-10,Y,LBS-GF_ROOF_SLAB-10-Y-001,END_UNRESOLVED,SP-GF_ROOF_SLAB-05,400,2562.031268657,1750,400,0,0,"[""LBS-GF_ROOF_SLAB-05-Y-001"", ""LBS-GF_ROOF_SLAB-05-Y-002""]",1.054333855,0.527166928,0.887249232,0.790750391,0.94890047,1.054333855,1.054333855,0.000000001
S7-0449-002,S7-0449,GF_ROOF_SLAB,SUP-GF_ROOF_SLAB-151,SP-GF_ROOF_SLAB-10,Y,LBS-GF_ROOF_SLAB-10-Y-002,END_UNRESOLVED,SP-GF_ROOF_SLAB-05,1500,2362.371044776,1750,1499.996,0.004,0,"[""LBS-GF_ROOF_SLAB-05-Y-002""]",3.645634328,1.822817164,3.173122205,2.734225746,3.281070895,3.645634328,3.645634328,0.000000001
S7-0449-003,S7-0449,GF_ROOF_SLAB,SUP-GF_ROOF_SLAB-151,SP-GF_ROOF_SLAB-10,Y,LBS-GF_ROOF_SLAB-10-Y-003,END_UNRESOLVED,SP-GF_ROOF_SLAB-05,200,2183.727686567,,0,200,0,[],0.449326684,0.224663342,0.224663342,0.336995013,0.404394016,0.449326684,0.449326684,0.000000002
S7-0450-001,S7-0450,GF_ROOF_SLAB,SUP-GF_ROOF_SLAB-152,SP-GF_ROOF_SLAB-06,Y,LBS-GF_ROOF_SLAB-06-Y-001,END_CONTINUOUS_SPLIT,SP-GF_ROOF_SLAB-10,1250,1750,2031.349159361,1250,0,0,"[""LBS-GF_ROOF_SLAB-10-Y-004"", ""LBS-GF_ROOF_SLAB-10-Y-005""]",2.250514403,1.125257201,2.43142307,2.351098564,2.351098564,2.612331738,2.250514403,0.000000001
S7-0450-002,S7-0450,GF_ROOF_SLAB,SUP-GF_ROOF_SLAB-152,SP-GF_ROOF_SLAB-06,Y,LBS-GF_ROOF_SLAB-06-Y-002,END_CONTINUOUS_SPLIT,SP-GF_ROOF_SLAB-10,400,1750,1900,399.996,0.004,0,"[""LBS-GF_ROOF_SLAB-10-Y-005"", ""LBS-GF_ROOF_SLAB-10-Y-006"", ""LBS-GF_ROOF_SLAB-10-Y-007""]",0.720164609,0.360082305,0.751028498,0.703703148,0.703703148,0.781892387,0.720164609,0.000000001
S7-0451-001,S7-0451,GF_ROOF_SLAB,SUP-GF_ROOF_SLAB-152,SP-GF_ROOF_SLAB-10,Y,LBS-GF_ROOF_SLAB-10-Y-004,END_CONTINUOUS_SPLIT,SP-GF_ROOF_SLAB-06,1250,2031.355410448,1750,1250,0,0,"[""LBS-GF_ROOF_SLAB-06-Y-001"", ""LBS-GF_ROOF_SLAB-06-Y-002""]",2.612339777,1.306169888,2.43142709,2.351105799,2.351105799,2.612339777,2.612339777,0.000000001
S7-0451-002,S7-0451,GF_ROOF_SLAB,SUP-GF_ROOF_SLAB-152,SP-GF_ROOF_SLAB-10,Y,LBS-GF_ROOF_SLAB-10-Y-005,END_CONTINUOUS_SPLIT,SP-GF_ROOF_SLAB-06,25.983,1900,1750,25.983,0,0,"[""LBS-GF_ROOF_SLAB-06-Y-002""]",0.050789815,0.025394908,0.048784954,0.045710834,0.045710834,0.050789815,0.050789815,-0.000000003
S7-0451-003,S7-0451,GF_ROOF_SLAB,SUP-GF_ROOF_SLAB-152,SP-GF_ROOF_SLAB-10,Y,LBS-GF_ROOF_SLAB-10-Y-006,END_CONTINUOUS_SPLIT,SP-GF_ROOF_SLAB-06,269.558,1900,1750,269.558,0,0,"[""LBS-GF_ROOF_SLAB-06-Y-002""]",0.526913786,0.263456893,0.506114558,0.474222407,0.474222407,0.526913786,0.526913786,0.000000001
S7-0451-004,S7-0451,GF_ROOF_SLAB,SUP-GF_ROOF_SLAB-152,SP-GF_ROOF_SLAB-10,Y,LBS-GF_ROOF_SLAB-10-Y-007,END_CONTINUOUS_SPLIT,SP-GF_ROOF_SLAB-06,104.459,1900,1750,104.455,0.004,0,"[""LBS-GF_ROOF_SLAB-06-Y-002""]",0.204189403,0.102094701,0.196129604,0.183770463,0.183770463,0.204189403,0.204189403,0.000000002
S7-0453-001,S7-0453,GF_ROOF_SLAB,SUP-GF_ROOF_SLAB-153,SP-GF_ROOF_SLAB-10,Y,LBS-GF_ROOF_SLAB-10-Y-001,END_CONTINUOUS_SPLIT,SP-GF_ROOF_SLAB-17,400,2562.031268657,2632.50084,400,0,0,"[""LBS-GF_ROOF_SLAB-17-Y-001"", ""LBS-GF_ROOF_SLAB-17-Y-002""]",1.054333855,0.527166928,1.068833767,0.975203036,0.975203036,1.083558929,1.054333855,0.000000001
S7-0453-002,S7-0453,GF_ROOF_SLAB,SUP-GF_ROOF_SLAB-153,SP-GF_ROOF_SLAB-10,Y,LBS-GF_ROOF_SLAB-10-Y-002,END_CONTINUOUS_SPLIT,SP-GF_ROOF_SLAB-17,1500,2362.371044776,2832.160299127,1500,0,0,"[""LBS-GF_ROOF_SLAB-17-Y-002"", ""LBS-GF_ROOF_SLAB-17-Y-003"", ""LBS-GF_ROOF_SLAB-17-Y-004"", ""LBS-GF_ROOF_SLAB-17-Y-005"", ""LBS-GF_ROOF_SLAB-17-Y-006""]",3.645634328,1.822817164,4.008126037,3.933555971,3.933555971,4.370617745,3.645634328,0.000000001
S7-0453-003,S7-0453,GF_ROOF_SLAB,SUP-GF_ROOF_SLAB-153,SP-GF_ROOF_SLAB-10,Y,LBS-GF_ROOF_SLAB-10-Y-003,END_CONTINUOUS_SPLIT,SP-GF_ROOF_SLAB-17,200,2183.727686567,3010.8133406,200,0,0,"[""LBS-GF_ROOF_SLAB-17-Y-006""]",0.449326684,0.224663342,0.534417801,0.557558025,0.557558025,0.619508917,0.449326684,0.000000002
S7-0453-004,S7-0453,GF_ROOF_SLAB,SUP-GF_ROOF_SLAB-153,SP-GF_ROOF_SLAB-10,Y,LBS-GF_ROOF_SLAB-10-Y-004,END_CONTINUOUS_SPLIT,SP-GF_ROOF_SLAB-17,1250,2031.355410448,3163.171490552,1250,0,0,"[""LBS-GF_ROOF_SLAB-17-Y-006"", ""LBS-GF_ROOF_SLAB-17-Y-007"", ""LBS-GF_ROOF_SLAB-17-Y-008""]",2.612339777,1.306169888,3.340102174,3.661078114,3.661078114,4.067864571,2.612339777,0.000000001
S7-0454-001,S7-0454,GF_ROOF_SLAB,SUP-GF_ROOF_SLAB-153,SP-GF_ROOF_SLAB-17,Y,LBS-GF_ROOF_SLAB-17-Y-001,END_CONTINUOUS_SPLIT,SP-GF_ROOF_SLAB-10,400,2632.507742468,2562.049159,400,0,0,"[""LBS-GF_ROOF_SLAB-10-Y-001"", ""LBS-GF_ROOF_SLAB-10-Y-002""]",1.08333652,0.54166826,1.068838869,0.975207299,0.975207299,1.083563666,1.08333652,0
S7-0454-002,S7-0454,GF_ROOF_SLAB,SUP-GF_ROOF_SLAB-153,SP-GF_ROOF_SLAB-17,Y,LBS-GF_ROOF_SLAB-17-Y-002,END_CONTINUOUS_SPLIT,SP-GF_ROOF_SLAB-10,50,2679.795702746,2514.7441592,50,0,0,"[""LBS-GF_ROOF_SLAB-10-Y-002""]",0.137849573,0.068924787,0.13360442,0.124064616,0.124064616,0.137849573,0.137849573,0.000000002
S7-0454-003,S7-0454,GF_ROOF_SLAB,SUP-GF_ROOF_SLAB-153,SP-GF_ROOF_SLAB-17,Y,LBS-GF_ROOF_SLAB-17-Y-003,END_CONTINUOUS_SPLIT,SP-GF_ROOF_SLAB-10,450,2732.337880831,2462.1941592,450,0,0,"[""LBS-GF_ROOF_SLAB-10-Y-002""]",1.264971241,0.632485621,1.202437972,1.138474117,1.138474117,1.264971241,1.264971241,0.000000001
S7-0454-004,S7-0454,GF_ROOF_SLAB,SUP-GF_ROOF_SLAB-153,SP-GF_ROOF_SLAB-17,Y,LBS-GF_ROOF_SLAB-17-Y-004,END_CONTINUOUS_SPLIT,SP-GF_ROOF_SLAB-10,300,2811.15114796,2383.3691592,300,0,0,"[""LBS-GF_ROOF_SLAB-10-Y-002""]",0.867639243,0.433819621,0.801623504,0.780875319,0.780875319,0.867639243,0.867639243,0.000000001
S7-0454-005,S7-0454,GF_ROOF_SLAB,SUP-GF_ROOF_SLAB-153,SP-GF_ROOF_SLAB-17,Y,LBS-GF_ROOF_SLAB-17-Y-005,END_CONTINUOUS_SPLIT,SP-GF_ROOF_SLAB-10,50,2847.93067262,2346.5841592,50,0,0,"[""LBS-GF_ROOF_SLAB-10-Y-002""]",0.146498491,0.073249246,0.133603776,0.131848642,0.131848642,0.146498491,0.146498491,0.000000003
S7-0454-006,S7-0454,GF_ROOF_SLAB,SUP-GF_ROOF_SLAB-153,SP-GF_ROOF_SLAB-17,Y,LBS-GF_ROOF_SLAB-17-Y-006,END_CONTINUOUS_SPLIT,SP-GF_ROOF_SLAB-10,2000,3063.353602771,2131.167384372,2000,0,0,"[""LBS-GF_ROOF_SLAB-10-Y-002"", ""LBS-GF_ROOF_SLAB-10-Y-003"", ""LBS-GF_ROOF_SLAB-10-Y-004""]",6.303196714,3.151598357,5.344157395,5.672877043,5.672877043,6.303196714,6.303196714,0.000000001
S7-0454-007,S7-0454,GF_ROOF_SLAB,SUP-GF_ROOF_SLAB-153,SP-GF_ROOF_SLAB-17,Y,LBS-GF_ROOF_SLAB-17-Y-007,END_CONTINUOUS_SPLIT,SP-GF_ROOF_SLAB-10,100,3284.03075073,1910.507159377,100,0,0,"[""LBS-GF_ROOF_SLAB-10-Y-004"", ""LBS-GF_ROOF_SLAB-10-Y-005""]",0.337863246,0.168931623,0.26720874,0.304076921,0.304076921,0.337863246,0.337863246,0.000000001
S7-0454-008,S7-0454,GF_ROOF_SLAB,SUP-GF_ROOF_SLAB-153,SP-GF_ROOF_SLAB-17,Y,LBS-GF_ROOF_SLAB-17-Y-008,END_CONTINUOUS_SPLIT,SP-GF_ROOF_SLAB-10,25.983,3297.269593174,1900,25.983,0,0,"[""LBS-GF_ROOF_SLAB-10-Y-005""]",0.088140901,0.04407045,0.069465358,0.079326811,0.079326811,0.088140901,0.088140901,0.000000001
S7-0456-001,S7-0456,GF_ROOF_SLAB,SUP-GF_ROOF_SLAB-154,SP-GF_ROOF_SLAB-11,Y,LBS-GF_ROOF_SLAB-11-Y-002,END_CONTINUOUS_RUN,SP-GF_ROOF_SLAB-18,1420,2795.318,2399.200420282,1419.996,0.004,0,"[""LBS-GF_ROOF_SLAB-18-Y-004""]",4.083695021,2.04184751,3.794350383,3.675325519,3.675325519,4.083695021,4.083695021,0.000000001
S7-0457-001,S7-0457,GF_ROOF_SLAB,SUP-GF_ROOF_SLAB-154,SP-GF_ROOF_SLAB-18,Y,LBS-GF_ROOF_SLAB-18-Y-004,END_CONTINUOUS_RUN,SP-GF_ROOF_SLAB-11,1420,2399.22,2795.299579718,1419.996,0.004,0,"[""LBS-GF_ROOF_SLAB-11-Y-002""]",3.505033333,1.752516667,3.794350214,3.675300385,3.675300385,4.083667094,3.505033333,0.000000001
S7-0459-001,S7-0459,GF_ROOF_SLAB,SUP-GF_ROOF_SLAB-156,SP-GF_ROOF_SLAB-08,Y,LBS-GF_ROOF_SLAB-08-Y-001,END_NON_CONTINUOUS,SP-GF_ROOF_SLAB-01,19.723,3520.14,,0,19.723,0,[],0.071427697,0.035713848,0.035713848,0.053570773,0.053570773,0.071427697,0.071427697,-0.000000003
S7-0459-002,S7-0459,GF_ROOF_SLAB,SUP-GF_ROOF_SLAB-156,SP-GF_ROOF_SLAB-08,Y,LBS-GF_ROOF_SLAB-08-Y-002,END_NON_CONTINUOUS,SP-GF_ROOF_SLAB-01,101.504,3520.14,,0,101.504,0,[],0.367601122,0.183800561,0.183800561,0.275700842,0.275700842,0.367601122,0.367601122,0.000000001
S7-0459-003,S7-0459,GF_ROOF_SLAB,SUP-GF_ROOF_SLAB-156,SP-GF_ROOF_SLAB-08,Y,LBS-GF_ROOF_SLAB-08-Y-003,END_NON_CONTINUOUS,SP-GF_ROOF_SLAB-01,78.773,3520.14,,0,78.773,0,[],0.285279823,0.142639911,0.142639911,0.213959867,0.213959867,0.285279823,0.285279823,0.000000002
S7-0459-004,S7-0459,GF_ROOF_SLAB,SUP-GF_ROOF_SLAB-156,SP-GF_ROOF_SLAB-08,Y,LBS-GF_ROOF_SLAB-08-Y-004,END_NON_CONTINUOUS,SP-GF_ROOF_SLAB-01,135.112,3520.14,,0,135.112,0,[],0.489313946,0.244656973,0.244656973,0.366985459,0.366985459,0.489313946,0.489313946,0.000000001
S7-0459-005,S7-0459,GF_ROOF_SLAB,SUP-GF_ROOF_SLAB-156,SP-GF_ROOF_SLAB-08,Y,LBS-GF_ROOF_SLAB-08-Y-005,END_NON_CONTINUOUS,SP-GF_ROOF_SLAB-01,1264.888,3520.14,,0,1264.888,0,[],4.580846548,2.290423274,2.290423274,3.435634911,3.435634911,4.580846548,4.580846548,0.000000001
S7-0459-006,S7-0459,GF_ROOF_SLAB,SUP-GF_ROOF_SLAB-156,SP-GF_ROOF_SLAB-08,Y,LBS-GF_ROOF_SLAB-08-Y-006,END_NON_CONTINUOUS,SP-GF_ROOF_SLAB-01,200,3520.14,,0,200,0,[],0.724308642,0.362154321,0.362154321,0.543231482,0.543231482,0.724308642,0.724308642,0.000000001
S7-0459-007,S7-0459,GF_ROOF_SLAB,SUP-GF_ROOF_SLAB-156,SP-GF_ROOF_SLAB-08,Y,LBS-GF_ROOF_SLAB-08-Y-007,END_NON_CONTINUOUS,SP-GF_ROOF_SLAB-01,1700,3520.14,,0,1700,0,[],6.156623457,3.078311729,3.078311729,4.617467593,4.617467593,6.156623457,6.156623457,0.000000001
S7-0460-001,S7-0460,GF_ROOF_SLAB,SUP-GF_ROOF_SLAB-157,SP-GF_ROOF_SLAB-08,Y,LBS-GF_ROOF_SLAB-08-Y-001,END_NON_CONTINUOUS,,19.723,3520.14,,0,19.723,0,[],0.071427697,0.035713848,0.035713848,0.053570773,0.053570773,0.071427697,0.071427697,-0.000000003
S7-0460-002,S7-0460,GF_ROOF_SLAB,SUP-GF_ROOF_SLAB-157,SP-GF_ROOF_SLAB-08,Y,LBS-GF_ROOF_SLAB-08-Y-006,END_NON_CONTINUOUS,,200,3520.14,,0,200,0,[],0.724308642,0.362154321,0.362154321,0.543231482,0.543231482,0.724308642,0.724308642,0.000000001
S7-0461-001,S7-0461,GF_ROOF_SLAB,SUP-GF_ROOF_SLAB-158,SP-GF_ROOF_SLAB-08,Y,LBS-GF_ROOF_SLAB-08-Y-007,END_UNRESOLVED,SP-GF_ROOF_SLAB-12,1700,3520.14,1979.9,1700,0,0,"[""LBS-GF_ROOF_SLAB-12-Y-001"", ""LBS-GF_ROOF_SLAB-12-Y-002""]",6.156623457,3.078311729,4.809705761,4.617467593,5.540961111,6.156623457,6.156623457,0.000000001
S7-0462-001,S7-0462,GF_ROOF_SLAB,SUP-GF_ROOF_SLAB-158,SP-GF_ROOF_SLAB-12,Y,LBS-GF_ROOF_SLAB-12-Y-001,END_UNRESOLVED,SP-GF_ROOF_SLAB-08,1700,1979.86,3520.1,1699.996,0.004,0,"[""LBS-GF_ROOF_SLAB-08-Y-007""]",3.462718107,1.731359054,4.809628559,2.59703858,5.540892444,6.15654716,3.462718107,0.000000001
S7-0462-002,S7-0462,GF_ROOF_SLAB,SUP-GF_ROOF_SLAB-158,SP-GF_ROOF_SLAB-12,Y,LBS-GF_ROOF_SLAB-12-Y-002,END_UNRESOLVED,SP-GF_ROOF_SLAB-08,50,1979.86,,0,50,0,[],0.10184465,0.050922325,0.050922325,0.076383487,0.091660185,0.10184465,0.10184465,0.000000003
S7-0462-003,S7-0462,GF_ROOF_SLAB,SUP-GF_ROOF_SLAB-158,SP-GF_ROOF_SLAB-12,Y,LBS-GF_ROOF_SLAB-12-Y-004,END_UNRESOLVED,SP-GF_ROOF_SLAB-08,93.952,1129.86,,0,93.952,0,[],0.109210501,0.054605251,0.054605251,0.081907876,0.098289451,0.109210501,0.109210501,-0.000000002
S7-0462-004,S7-0462,GF_ROOF_SLAB,SUP-GF_ROOF_SLAB-158,SP-GF_ROOF_SLAB-12,Y,LBS-GF_ROOF_SLAB-12-Y-006,END_UNRESOLVED,SP-GF_ROOF_SLAB-08,56.999,1129.86,,0,56.999,0,[],0.06625606,0.03312803,0.03312803,0.049692045,0.059630454,0.06625606,0.06625606,-0.000000002
S7-0462-005,S7-0462,GF_ROOF_SLAB,SUP-GF_ROOF_SLAB-158,SP-GF_ROOF_SLAB-12,Y,LBS-GF_ROOF_SLAB-12-Y-008,END_UNRESOLVED,SP-GF_ROOF_SLAB-08,1.444,1129.86,,0,1.444,0,[],0.001678516,0.000839258,0.000839258,0.001258887,0.001510664,0.001678516,0.001678516,0.000000177
S7-0462-006,S7-0462,GF_ROOF_SLAB,SUP-GF_ROOF_SLAB-158,SP-GF_ROOF_SLAB-12,Y,LBS-GF_ROOF_SLAB-12-Y-010,END_UNRESOLVED,SP-GF_ROOF_SLAB-08,9.825,1129.86,,0,9.825,0,[],0.011420653,0.005710326,0.005710326,0.00856549,0.010278588,0.011420653,0.011420653,-0.000000019
S7-0462-007,S7-0462,GF_ROOF_SLAB,SUP-GF_ROOF_SLAB-158,SP-GF_ROOF_SLAB-12,Y,LBS-GF_ROOF_SLAB-12-Y-012,END_UNRESOLVED,SP-GF_ROOF_SLAB-08,4.323,1129.86,,0,4.323,0,[],0.005025087,0.002512544,0.002512544,0.003768815,0.004522578,0.005025087,0.005025087,0.000000045
S7-0462-008,S7-0462,GF_ROOF_SLAB,SUP-GF_ROOF_SLAB-158,SP-GF_ROOF_SLAB-12,Y,LBS-GF_ROOF_SLAB-12-Y-014,END_UNRESOLVED,SP-GF_ROOF_SLAB-08,19.579,1129.86,,0,19.579,0,[],0.022758775,0.011379387,0.011379387,0.017069081,0.020482897,0.022758775,0.022758775,-0.000000016
S7-0462-009,S7-0462,GF_ROOF_SLAB,SUP-GF_ROOF_SLAB-158,SP-GF_ROOF_SLAB-12,Y,LBS-GF_ROOF_SLAB-12-Y-016,END_UNRESOLVED,SP-GF_ROOF_SLAB-08,7.169,1129.86,,0,7.169,0,[],0.008333299,0.00416665,0.00416665,0.006249974,0.007499969,0.008333299,0.008333299,-0.000000035
S7-0462-010,S7-0462,GF_ROOF_SLAB,SUP-GF_ROOF_SLAB-158,SP-GF_ROOF_SLAB-12,Y,LBS-GF_ROOF_SLAB-12-Y-018,END_UNRESOLVED,SP-GF_ROOF_SLAB-08,6.709,1129.86,,0,6.709,0,[],0.007798591,0.003899296,0.003899296,0.005848943,0.007018732,0.007798591,0.007798591,0.000000039
S7-0462-011,S7-0462,GF_ROOF_SLAB,SUP-GF_ROOF_SLAB-158,SP-GF_ROOF_SLAB-12,Y,LBS-GF_ROOF_SLAB-12-Y-020,END_UNRESOLVED,SP-GF_ROOF_SLAB-08,22.479,1129.86,,0,22.479,0,[],0.026129756,0.013064878,0.013064878,0.019597317,0.02351678,0.026129756,0.026129756,0.000000005
S7-0462-012,S7-0462,GF_ROOF_SLAB,SUP-GF_ROOF_SLAB-158,SP-GF_ROOF_SLAB-12,Y,LBS-GF_ROOF_SLAB-12-Y-022,END_UNRESOLVED,SP-GF_ROOF_SLAB-08,5.238,1129.86,,0,5.238,0,[],0.00608869,0.003044345,0.003044345,0.004566517,0.005479821,0.00608869,0.00608869,0.000000001
S7-0462-013,S7-0462,GF_ROOF_SLAB,SUP-GF_ROOF_SLAB-158,SP-GF_ROOF_SLAB-12,Y,LBS-GF_ROOF_SLAB-12-Y-024,END_UNRESOLVED,SP-GF_ROOF_SLAB-08,4.726,1129.86,,0,4.726,0,[],0.005493537,0.002746768,0.002746768,0.004120153,0.004944183,0.005493537,0.005493537,0.000000075
S7-0462-014,S7-0462,GF_ROOF_SLAB,SUP-GF_ROOF_SLAB-158,SP-GF_ROOF_SLAB-12,Y,LBS-GF_ROOF_SLAB-12-Y-026,END_UNRESOLVED,SP-GF_ROOF_SLAB-08,0.469,1129.86,,0,0.469,0,[],0.000545169,0.000272584,0.000272584,0.000408877,0.000490652,0.000545169,0.000545169,0.000000136
S7-0462-015,S7-0462,GF_ROOF_SLAB,SUP-GF_ROOF_SLAB-158,SP-GF_ROOF_SLAB-12,Y,LBS-GF_ROOF_SLAB-12-Y-028,END_UNRESOLVED,SP-GF_ROOF_SLAB-08,15.584,1129.86,,0,15.584,0,[],0.018114957,0.009057479,0.009057479,0.013586218,0.016303461,0.018114957,0.018114957,0.000000003
S7-0462-016,S7-0462,GF_ROOF_SLAB,SUP-GF_ROOF_SLAB-158,SP-GF_ROOF_SLAB-12,Y,LBS-GF_ROOF_SLAB-12-Y-029,END_UNRESOLVED,SP-GF_ROOF_SLAB-08,22.531,1129.86,,0,22.531,0,[],0.026190201,0.0130951,0.0130951,0.019642651,0.023571181,0.026190201,0.026190201,0.000000012
S7-0462-017,S7-0462,GF_ROOF_SLAB,SUP-GF_ROOF_SLAB-158,SP-GF_ROOF_SLAB-12,Y,LBS-GF_ROOF_SLAB-12-Y-030,END_UNRESOLVED,SP-GF_ROOF_SLAB-08,12.685,1129.86,,0,12.685,0,[],0.014745138,0.007372569,0.007372569,0.011058854,0.013270624,0.014745138,0.014745138,-0.000000002
S7-0462-018,S7-0462,GF_ROOF_SLAB,SUP-GF_ROOF_SLAB-158,SP-GF_ROOF_SLAB-12,Y,LBS-GF_ROOF_SLAB-12-Y-031,END_UNRESOLVED,SP-GF_ROOF_SLAB-08,47.696,1129.86,,0,47.696,0,[],0.055442184,0.027721092,0.027721092,0.041581638,0.049897966,0.055442184,0.055442184,-0.000000005
S7-0462-019,S7-0462,GF_ROOF_SLAB,SUP-GF_ROOF_SLAB-158,SP-GF_ROOF_SLAB-12,Y,LBS-GF_ROOF_SLAB-12-Y-032,END_UNRESOLVED,SP-GF_ROOF_SLAB-08,15.313,1129.86,,0,15.313,0,[],0.017799945,0.008899973,0.008899973,0.013349959,0.016019951,0.017799945,0.017799945,-0.00000002
S7-0462-020,S7-0462,GF_ROOF_SLAB,SUP-GF_ROOF_SLAB-158,SP-GF_ROOF_SLAB-12,Y,LBS-GF_ROOF_SLAB-12-Y-033,END_UNRESOLVED,SP-GF_ROOF_SLAB-08,56.46,1129.86,,0,56.46,0,[],0.065629522,0.032814761,0.032814761,0.049222141,0.05906657,0.065629522,0.065629522,0.000000004
S7-0462-021,S7-0462,GF_ROOF_SLAB,SUP-GF_ROOF_SLAB-158,SP-GF_ROOF_SLAB-12,Y,LBS-GF_ROOF_SLAB-12-Y-034,END_UNRESOLVED,SP-GF_ROOF_SLAB-08,17.829,1129.86,,0,17.829,0,[],0.020724562,0.010362281,0.010362281,0.015543421,0.018652106,0.020724562,0.020724562,-0.000000015
S7-0462-022,S7-0462,GF_ROOF_SLAB,SUP-GF_ROOF_SLAB-158,SP-GF_ROOF_SLAB-12,Y,LBS-GF_ROOF_SLAB-12-Y-035,END_UNRESOLVED,SP-GF_ROOF_SLAB-08,28.99,1129.86,,0,28.99,0,[],0.033698191,0.016849096,0.016849096,0.025273643,0.030328372,0.033698191,0.033698191,-0.000000007
S7-0463-001,S7-0463,GF_ROOF_SLAB,SUP-GF_ROOF_SLAB-159,SP-GF_ROOF_SLAB-08,Y,LBS-GF_ROOF_SLAB-08-Y-002,END_CONTINUOUS_RUN,SP-GF_ROOF_SLAB-14,101.504,3520.14,318.782057104,101.504,0,0,"[""LBS-GF_ROOF_SLAB-14-Y-001"", ""LBS-GF_ROOF_SLAB-14-Y-002""]",0.367601122,0.183800561,0.200445445,0.33084101,0.33084101,0.367601122,0.367601122,0.000000001
S7-0463-002,S7-0463,GF_ROOF_SLAB,SUP-GF_ROOF_SLAB-159,SP-GF_ROOF_SLAB-08,Y,LBS-GF_ROOF_SLAB-08-Y-003,END_CONTINUOUS_RUN,SP-GF_ROOF_SLAB-14,78.773,3520.14,884.467465219,78.773,0,0,"[""LBS-GF_ROOF_SLAB-14-Y-002"", ""LBS-GF_ROOF_SLAB-14-Y-003"", ""LBS-GF_ROOF_SLAB-14-Y-004""]",0.285279823,0.142639911,0.178479498,0.256751841,0.256751841,0.285279823,0.285279823,0.000000002
S7-0463-003,S7-0463,GF_ROOF_SLAB,SUP-GF_ROOF_SLAB-159,SP-GF_ROOF_SLAB-08,Y,LBS-GF_ROOF_SLAB-08-Y-004,END_CONTINUOUS_RUN,SP-GF_ROOF_SLAB-14,135.112,3520.14,1555.862777176,135.112,0,0,"[""LBS-GF_ROOF_SLAB-14-Y-004"", ""LBS-GF_ROOF_SLAB-14-Y-005""]",0.489313946,0.244656973,0.352792637,0.440382551,0.440382551,0.489313946,0.489313946,0.000000001
S7-0463-004,S7-0463,GF_ROOF_SLAB,SUP-GF_ROOF_SLAB-159,SP-GF_ROOF_SLAB-08,Y,LBS-GF_ROOF_SLAB-08-Y-005,END_CONTINUOUS_RUN,SP-GF_ROOF_SLAB-14,1264.888,3520.14,1979.9,1264.884,0.004,0,"[""LBS-GF_ROOF_SLAB-14-Y-005"", ""LBS-GF_ROOF_SLAB-14-Y-006"", ""LBS-GF_ROOF_SLAB-14-Y-007"", ""LBS-GF_ROOF_SLAB-14-Y-008""]",4.580846548,2.290423274,3.578673229,4.122761893,4.122761893,4.580846548,4.580846548,0.000000001
S7-0464-001,S7-0464,GF_ROOF_SLAB,SUP-GF_ROOF_SLAB-159,SP-GF_ROOF_SLAB-14,Y,LBS-GF_ROOF_SLAB-14-Y-001,END_CONTINUOUS_RUN,SP-GF_ROOF_SLAB-08,101.504,318.596573501,3520.1,101.504,0,0,"[""LBS-GF_ROOF_SLAB-08-Y-002"", ""LBS-GF_ROOF_SLAB-08-Y-003""]",0.033270398,0.016635199,0.200433673,0.330837253,0.330837253,0.367596948,0.033270398,-0.000000007
S7-0464-002,S7-0464,GF_ROOF_SLAB,SUP-GF_ROOF_SLAB-159,SP-GF_ROOF_SLAB-14,Y,LBS-GF_ROOF_SLAB-14-Y-002,END_CONTINUOUS_RUN,SP-GF_ROOF_SLAB-08,31.86,737.194002454,3520.1,31.86,0,0,"[""LBS-GF_ROOF_SLAB-08-Y-003""]",0.024163581,0.01208179,0.069772318,0.103842949,0.103842949,0.115381055,0.024163581,0.000000009
S7-0464-003,S7-0464,GF_ROOF_SLAB,SUP-GF_ROOF_SLAB-159,SP-GF_ROOF_SLAB-14,Y,LBS-GF_ROOF_SLAB-14-Y-003,END_CONTINUOUS_RUN,SP-GF_ROOF_SLAB-08,46.913,984.443449613,3520.1,46.913,0,0,"[""LBS-GF_ROOF_SLAB-08-Y-003"", ""LBS-GF_ROOF_SLAB-08-Y-004""]",0.047513576,0.023756788,0.108704552,0.152905974,0.152905974,0.169895527,0.047513576,-0.000000006
S7-0464-004,S7-0464,GF_ROOF_SLAB,SUP-GF_ROOF_SLAB-159,SP-GF_ROOF_SLAB-14,Y,LBS-GF_ROOF_SLAB-14-Y-004,END_CONTINUOUS_RUN,SP-GF_ROOF_SLAB-08,135.112,1555.77602066,3520.1,135.112,0,0,"[""LBS-GF_ROOF_SLAB-08-Y-004"", ""LBS-GF_ROOF_SLAB-08-Y-005""]",0.216259269,0.108129635,0.352783827,0.440377547,0.440377547,0.489308385,0.216259269,0.000000002
S7-0464-005,S7-0464,GF_ROOF_SLAB,SUP-GF_ROOF_SLAB-159,SP-GF_ROOF_SLAB-14,Y,LBS-GF_ROOF_SLAB-14-Y-005,END_CONTINUOUS_RUN,SP-GF_ROOF_SLAB-08,31.86,1979.86,3520.1,31.86,0,0,"[""LBS-GF_ROOF_SLAB-08-Y-005""]",0.064895411,0.032447706,0.090138233,0.10384295,0.10384295,0.115381055,0.064895411,0.000000002
S7-0464-006,S7-0464,GF_ROOF_SLAB,SUP-GF_ROOF_SLAB-159,SP-GF_ROOF_SLAB-14,Y,LBS-GF_ROOF_SLAB-14-Y-006,END_CONTINUOUS_RUN,SP-GF_ROOF_SLAB-08,33.028,1979.86,3520.1,33.028,0,0,"[""LBS-GF_ROOF_SLAB-08-Y-005""]",0.067274502,0.033637251,0.093442736,0.107649873,0.107649873,0.11961097,0.067274502,0.000000003
S7-0464-007,S7-0464,GF_ROOF_SLAB,SUP-GF_ROOF_SLAB-159,SP-GF_ROOF_SLAB-14,Y,LBS-GF_ROOF_SLAB-14-Y-007,END_CONTINUOUS_RUN,SP-GF_ROOF_SLAB-08,787.361,1979.86,3520.1,787.361,0,0,"[""LBS-GF_ROOF_SLAB-08-Y-005""]",1.603770113,0.801885056,2.227599798,2.566286534,2.566286534,2.851429482,1.603770113,0
S7-0464-008,S7-0464,GF_ROOF_SLAB,SUP-GF_ROOF_SLAB-159,SP-GF_ROOF_SLAB-14,Y,LBS-GF_ROOF_SLAB-14-Y-008,END_CONTINUOUS_RUN,SP-GF_ROOF_SLAB-08,412.639,1979.86,3520.1,412.635,0.004,0,"[""LBS-GF_ROOF_SLAB-08-Y-005""]",0.840501492,0.420250746,1.16743407,1.344929984,1.344929984,1.494366649,0.840501492,0.000000001
S7-0466-001,S7-0466,GF_ROOF_SLAB,SUP-GF_ROOF_SLAB-160,SP-GF_ROOF_SLAB-15,Y,LBS-GF_ROOF_SLAB-15-Y-001,END_NON_CONTINUOUS,SP-GF_ROOF_SLAB-09,5.197,1129.86,,0,5.197,0,[],0.006041031,0.003020515,0.003020515,0.004530773,0.004530773,0.006041031,0.006041031,0.00000005
S7-0466-002,S7-0466,GF_ROOF_SLAB,SUP-GF_ROOF_SLAB-160,SP-GF_ROOF_SLAB-15,Y,LBS-GF_ROOF_SLAB-15-Y-002,END_NON_CONTINUOUS,SP-GF_ROOF_SLAB-09,0.515,1129.86,,0,0.515,0,[],0.00059864,0.00029932,0.00029932,0.00044898,0.00044898,0.00059864,0.00059864,-0.000000309
S7-0466-003,S7-0466,GF_ROOF_SLAB,SUP-GF_ROOF_SLAB-160,SP-GF_ROOF_SLAB-15,Y,LBS-GF_ROOF_SLAB-15-Y-003,END_NON_CONTINUOUS,SP-GF_ROOF_SLAB-09,14.524,1129.86,,0,14.524,0,[],0.016882805,0.008441403,0.008441403,0.012662104,0.012662104,0.016882805,0.016882805,0.000000012
S7-0466-004,S7-0466,GF_ROOF_SLAB,SUP-GF_ROOF_SLAB-160,SP-GF_ROOF_SLAB-15,Y,LBS-GF_ROOF_SLAB-15-Y-004,END_NON_CONTINUOUS,SP-GF_ROOF_SLAB-09,21.455,1129.86,,0,21.455,0,[],0.024939451,0.012469726,0.012469726,0.018704588,0.018704588,0.024939451,0.024939451,-0.000000002
S7-0466-005,S7-0466,GF_ROOF_SLAB,SUP-GF_ROOF_SLAB-160,SP-GF_ROOF_SLAB-15,Y,LBS-GF_ROOF_SLAB-15-Y-005,END_NON_CONTINUOUS,SP-GF_ROOF_SLAB-09,30.672,1129.86,,0,30.672,0,[],0.03565336,0.01782668,0.01782668,0.02674002,0.02674002,0.03565336,0.03565336,0.000000001
S7-0466-006,S7-0466,GF_ROOF_SLAB,SUP-GF_ROOF_SLAB-160,SP-GF_ROOF_SLAB-15,Y,LBS-GF_ROOF_SLAB-15-Y-006,END_NON_CONTINUOUS,SP-GF_ROOF_SLAB-09,7.385,1129.86,,0,7.385,0,[],0.008584379,0.004292189,0.004292189,0.006438284,0.006438284,0.008584379,0.008584379,-0.000000034
S7-0466-007,S7-0466,GF_ROOF_SLAB,SUP-GF_ROOF_SLAB-160,SP-GF_ROOF_SLAB-15,Y,LBS-GF_ROOF_SLAB-15-Y-007,END_NON_CONTINUOUS,SP-GF_ROOF_SLAB-09,39.852,1129.86,,0,39.852,0,[],0.04632426,0.02316213,0.02316213,0.034743195,0.034743195,0.04632426,0.04632426,0.000000001
S7-0466-008,S7-0466,GF_ROOF_SLAB,SUP-GF_ROOF_SLAB-160,SP-GF_ROOF_SLAB-15,Y,LBS-GF_ROOF_SLAB-15-Y-008,END_NON_CONTINUOUS,SP-GF_ROOF_SLAB-09,6.774,1129.86,,0,6.774,0,[],0.007874148,0.003937074,0.003937074,0.005905611,0.005905611,0.007874148,0.007874148,-0.000000028
S7-0466-009,S7-0466,GF_ROOF_SLAB,SUP-GF_ROOF_SLAB-160,SP-GF_ROOF_SLAB-15,Y,LBS-GF_ROOF_SLAB-15-Y-009,END_NON_CONTINUOUS,SP-GF_ROOF_SLAB-09,34.574,1129.86,,0,34.574,0,[],0.040189074,0.020094537,0.020094537,0.030141805,0.030141805,0.040189074,0.040189074,-0.000000007
S7-0466-010,S7-0466,GF_ROOF_SLAB,SUP-GF_ROOF_SLAB-160,SP-GF_ROOF_SLAB-15,Y,LBS-GF_ROOF_SLAB-15-Y-010,END_NON_CONTINUOUS,SP-GF_ROOF_SLAB-09,20.941,1129.86,,0,20.941,0,[],0.024341974,0.012170987,0.012170987,0.01825648,0.01825648,0.024341974,0.024341974,-0.000000019
S7-0466-011,S7-0466,GF_ROOF_SLAB,SUP-GF_ROOF_SLAB-160,SP-GF_ROOF_SLAB-15,Y,LBS-GF_ROOF_SLAB-15-Y-011,END_NON_CONTINUOUS,SP-GF_ROOF_SLAB-09,18.111,1129.86,,0,18.111,0,[],0.021052361,0.01052618,0.01052618,0.015789271,0.015789271,0.021052361,0.021052361,-0.00000002
S7-0466-012,S7-0466,GF_ROOF_SLAB,SUP-GF_ROOF_SLAB-160,SP-GF_ROOF_SLAB-15,Y,LBS-GF_ROOF_SLAB-15-Y-012,END_NON_CONTINUOUS,SP-GF_ROOF_SLAB-09,3.481,1129.86,,0,3.481,0,[],0.00404634,0.00202317,0.00202317,0.003034755,0.003034755,0.00404634,0.00404634,0.000000046
S7-0466-013,S7-0466,GF_ROOF_SLAB,SUP-GF_ROOF_SLAB-160,SP-GF_ROOF_SLAB-15,Y,LBS-GF_ROOF_SLAB-15-Y-013,END_NON_CONTINUOUS,SP-GF_ROOF_SLAB-09,35.041,1129.86,,0,35.041,0,[],0.040731918,0.020365959,0.020365959,0.030548938,0.030548938,0.040731918,0.040731918,0
S7-0466-014,S7-0466,GF_ROOF_SLAB,SUP-GF_ROOF_SLAB-160,SP-GF_ROOF_SLAB-15,Y,LBS-GF_ROOF_SLAB-15-Y-014,END_NON_CONTINUOUS,SP-GF_ROOF_SLAB-09,8.361,1129.86,,0,8.361,0,[],0.009718888,0.004859444,0.004859444,0.007289166,0.007289166,0.009718888,0.009718888,0.000000035
S7-0466-015,S7-0466,GF_ROOF_SLAB,SUP-GF_ROOF_SLAB-160,SP-GF_ROOF_SLAB-15,Y,LBS-GF_ROOF_SLAB-15-Y-015,END_NON_CONTINUOUS,SP-GF_ROOF_SLAB-09,43.944,1129.86,,0,43.944,0,[],0.051080831,0.025540416,0.025540416,0.038310623,0.038310623,0.051080831,0.051080831,0.000000003
S7-0466-016,S7-0466,GF_ROOF_SLAB,SUP-GF_ROOF_SLAB-160,SP-GF_ROOF_SLAB-15,Y,LBS-GF_ROOF_SLAB-15-Y-016,END_NON_CONTINUOUS,SP-GF_ROOF_SLAB-09,5.048,1129.86,,0,5.048,0,[],0.005867833,0.002933917,0.002933917,0.004400875,0.004400875,0.005867833,0.005867833,-0.000000069
S7-0466-017,S7-0466,GF_ROOF_SLAB,SUP-GF_ROOF_SLAB-160,SP-GF_ROOF_SLAB-15,Y,LBS-GF_ROOF_SLAB-15-Y-017,END_NON_CONTINUOUS,SP-GF_ROOF_SLAB-09,39.111,1129.86,,0,39.111,0,[],0.045462916,0.022731458,0.022731458,0.034097187,0.034097187,0.045462916,0.045462916,0.000000003
S7-0466-018,S7-0466,GF_ROOF_SLAB,SUP-GF_ROOF_SLAB-160,SP-GF_ROOF_SLAB-15,Y,LBS-GF_ROOF_SLAB-15-Y-018,END_NON_CONTINUOUS,SP-GF_ROOF_SLAB-09,18.563,1129.86,,0,18.563,0,[],0.021577769,0.010788885,0.010788885,0.016183327,0.016183327,0.021577769,0.021577769,-0.000000013
S7-0466-019,S7-0466,GF_ROOF_SLAB,SUP-GF_ROOF_SLAB-160,SP-GF_ROOF_SLAB-15,Y,LBS-GF_ROOF_SLAB-15-Y-019,END_NON_CONTINUOUS,SP-GF_ROOF_SLAB-09,25.478,1129.86,,0,25.478,0,[],0.029615816,0.014807908,0.014807908,0.022211862,0.022211862,0.029615816,0.029615816,-0.000000002
S7-0466-020,S7-0466,GF_ROOF_SLAB,SUP-GF_ROOF_SLAB-160,SP-GF_ROOF_SLAB-15,Y,LBS-GF_ROOF_SLAB-15-Y-020,END_NON_CONTINUOUS,SP-GF_ROOF_SLAB-09,32.112,1129.86,,0,32.112,0,[],0.037327227,0.018663613,0.018663613,0.02799542,0.02799542,0.037327227,0.037327227,-0.000000008
S7-0466-021,S7-0466,GF_ROOF_SLAB,SUP-GF_ROOF_SLAB-160,SP-GF_ROOF_SLAB-15,Y,LBS-GF_ROOF_SLAB-15-Y-021,END_NON_CONTINUOUS,SP-GF_ROOF_SLAB-09,11.484,1129.86,,0,11.484,0,[],0.013349087,0.006674544,0.006674544,0.010011815,0.010011815,0.013349087,0.013349087,-0.000000024
S7-0466-022,S7-0466,GF_ROOF_SLAB,SUP-GF_ROOF_SLAB-160,SP-GF_ROOF_SLAB-15,Y,LBS-GF_ROOF_SLAB-15-Y-022,END_NON_CONTINUOUS,SP-GF_ROOF_SLAB-09,42.823,1129.86,,0,42.823,0,[],0.049777772,0.024888886,0.024888886,0.037333329,0.037333329,0.049777772,0.049777772,0.000000009
S7-0466-023,S7-0466,GF_ROOF_SLAB,SUP-GF_ROOF_SLAB-160,SP-GF_ROOF_SLAB-15,Y,LBS-GF_ROOF_SLAB-15-Y-023,END_NON_CONTINUOUS,SP-GF_ROOF_SLAB-09,2.797,1129.86,,0,2.797,0,[],0.003251254,0.001625627,0.001625627,0.00243844,0.00243844,0.003251254,0.003251254,-0.000000147
S7-0466-024,S7-0466,GF_ROOF_SLAB,SUP-GF_ROOF_SLAB-160,SP-GF_ROOF_SLAB-15,Y,LBS-GF_ROOF_SLAB-15-Y-024,END_NON_CONTINUOUS,SP-GF_ROOF_SLAB-09,38.932,1129.86,,0,38.932,0,[],0.045254845,0.022627423,0.022627423,0.033941134,0.033941134,0.045254845,0.045254845,0.000000005
S7-0466-025,S7-0466,GF_ROOF_SLAB,SUP-GF_ROOF_SLAB-160,SP-GF_ROOF_SLAB-15,Y,LBS-GF_ROOF_SLAB-15-Y-025,END_NON_CONTINUOUS,SP-GF_ROOF_SLAB-09,17.286,1129.86,,0,17.286,0,[],0.020093374,0.010046687,0.010046687,0.01507003,0.01507003,0.020093374,0.020093374,0.000000023
S7-0466-026,S7-0466,GF_ROOF_SLAB,SUP-GF_ROOF_SLAB-160,SP-GF_ROOF_SLAB-15,Y,LBS-GF_ROOF_SLAB-15-Y-026,END_NON_CONTINUOUS,SP-GF_ROOF_SLAB-09,23.038,1129.86,,0,23.038,0,[],0.026779542,0.013389771,0.013389771,0.020084656,0.020084656,0.026779542,0.026779542,-0.000000005
S7-0466-027,S7-0466,GF_ROOF_SLAB,SUP-GF_ROOF_SLAB-160,SP-GF_ROOF_SLAB-15,Y,LBS-GF_ROOF_SLAB-15-Y-027,END_NON_CONTINUOUS,SP-GF_ROOF_SLAB-09,31.902,1129.86,,0,31.902,0,[],0.037083121,0.01854156,0.01854156,0.027812341,0.027812341,0.037083121,0.037083121,0.000000004
S7-0466-028,S7-0466,GF_ROOF_SLAB,SUP-GF_ROOF_SLAB-160,SP-GF_ROOF_SLAB-15,Y,LBS-GF_ROOF_SLAB-15-Y-028,END_NON_CONTINUOUS,SP-GF_ROOF_SLAB-09,6.715,1129.86,,0,6.715,0,[],0.007805566,0.003902783,0.003902783,0.005854174,0.005854174,0.007805566,0.007805566,-0.000000033
S7-0466-029,S7-0466,GF_ROOF_SLAB,SUP-GF_ROOF_SLAB-160,SP-GF_ROOF_SLAB-15,Y,LBS-GF_ROOF_SLAB-15-Y-029,END_NON_CONTINUOUS,SP-GF_ROOF_SLAB-09,46.562,1129.86,,0,46.562,0,[],0.054124014,0.027062007,0.027062007,0.04059301,0.04059301,0.054124014,0.054124014,-0.000000005
S7-0466-030,S7-0466,GF_ROOF_SLAB,SUP-GF_ROOF_SLAB-160,SP-GF_ROOF_SLAB-15,Y,LBS-GF_ROOF_SLAB-15-Y-030,END_NON_CONTINUOUS,SP-GF_ROOF_SLAB-09,51.241,1129.86,,0,51.241,0,[],0.059562918,0.029781459,0.029781459,0.044672189,0.044672189,0.059562918,0.059562918,0
S7-0466-031,S7-0466,GF_ROOF_SLAB,SUP-GF_ROOF_SLAB-160,SP-GF_ROOF_SLAB-15,Y,LBS-GF_ROOF_SLAB-15-Y-031,END_NON_CONTINUOUS,SP-GF_ROOF_SLAB-09,3.377,1129.86,,0,3.377,0,[],0.00392545,0.001962725,0.001962725,0.002944087,0.002944087,0.00392545,0.00392545,-0.000000047
S7-0466-032,S7-0466,GF_ROOF_SLAB,SUP-GF_ROOF_SLAB-160,SP-GF_ROOF_SLAB-15,Y,LBS-GF_ROOF_SLAB-15-Y-032,END_NON_CONTINUOUS,SP-GF_ROOF_SLAB-09,45.472,1129.86,,0,45.472,0,[],0.05285699,0.026428495,0.026428495,0.039642742,0.039642742,0.05285699,0.05285699,-0.000000006
S7-0466-033,S7-0466,GF_ROOF_SLAB,SUP-GF_ROOF_SLAB-160,SP-GF_ROOF_SLAB-15,Y,LBS-GF_ROOF_SLAB-15-Y-033,END_NON_CONTINUOUS,SP-GF_ROOF_SLAB-09,49.766,1129.86,,0,49.766,0,[],0.057848367,0.028924184,0.028924184,0.043386275,0.043386275,0.057848367,0.057848367,0.000000001
S7-0466-034,S7-0466,GF_ROOF_SLAB,SUP-GF_ROOF_SLAB-160,SP-GF_ROOF_SLAB-15,Y,LBS-GF_ROOF_SLAB-15-Y-034,END_NON_CONTINUOUS,SP-GF_ROOF_SLAB-09,35.497,1129.86,,0,35.497,0,[],0.041261976,0.020630988,0.020630988,0.030946482,0.030946482,0.041261976,0.041261976,-0.000000006
S7-0466-035,S7-0466,GF_ROOF_SLAB,SUP-GF_ROOF_SLAB-160,SP-GF_ROOF_SLAB-15,Y,LBS-GF_ROOF_SLAB-15-Y-035,END_NON_CONTINUOUS,SP-GF_ROOF_SLAB-09,53.196,1129.86,,0,53.196,0,[],0.061835424,0.030917712,0.030917712,0.046376568,0.046376568,0.061835424,0.061835424,0.000000008
S7-0466-036,S7-0466,GF_ROOF_SLAB,SUP-GF_ROOF_SLAB-160,SP-GF_ROOF_SLAB-15,Y,LBS-GF_ROOF_SLAB-15-Y-036,END_NON_CONTINUOUS,SP-GF_ROOF_SLAB-09,26.314,1129.86,,0,26.314,0,[],0.030587589,0.015293794,0.015293794,0.022940692,0.022940692,0.030587589,0.030587589,-0.000000015
S7-0466-037,S7-0466,GF_ROOF_SLAB,SUP-GF_ROOF_SLAB-160,SP-GF_ROOF_SLAB-15,Y,LBS-GF_ROOF_SLAB-15-Y-037,END_NON_CONTINUOUS,SP-GF_ROOF_SLAB-09,55.272,1129.86,,0,55.272,0,[],0.064248582,0.032124291,0.032124291,0.048186436,0.048186436,0.064248582,0.064248582,0.000000004
S7-0466-038,S7-0466,GF_ROOF_SLAB,SUP-GF_ROOF_SLAB-160,SP-GF_ROOF_SLAB-15,Y,LBS-GF_ROOF_SLAB-15-Y-038,END_NON_CONTINUOUS,SP-GF_ROOF_SLAB-09,18.058,1129.86,,0,18.058,0,[],0.020990753,0.010495377,0.010495377,0.015743065,0.015743065,0.020990753,0.020990753,-0.000000001
S7-0466-039,S7-0466,GF_ROOF_SLAB,SUP-GF_ROOF_SLAB-160,SP-GF_ROOF_SLAB-15,Y,LBS-GF_ROOF_SLAB-15-Y-039,END_NON_CONTINUOUS,SP-GF_ROOF_SLAB-09,55.904,1129.86,,0,55.904,0,[],0.064983224,0.032491612,0.032491612,0.048737418,0.048737418,0.064983224,0.064983224,-0.000000004
S7-0466-040,S7-0466,GF_ROOF_SLAB,SUP-GF_ROOF_SLAB-160,SP-GF_ROOF_SLAB-15,Y,LBS-GF_ROOF_SLAB-15-Y-040,END_NON_CONTINUOUS,SP-GF_ROOF_SLAB-09,10.849,1129.86,,0,10.849,0,[],0.012610958,0.006305479,0.006305479,0.009458218,0.009458218,0.012610958,0.012610958,-0.000000002
S7-0466-041,S7-0466,GF_ROOF_SLAB,SUP-GF_ROOF_SLAB-160,SP-GF_ROOF_SLAB-15,Y,LBS-GF_ROOF_SLAB-15-Y-041,END_NON_CONTINUOUS,SP-GF_ROOF_SLAB-09,55.019,1129.86,,0,55.019,0,[],0.063954493,0.031977247,0.031977247,0.04796587,0.04796587,0.063954493,0.063954493,0.000000003
S7-0466-042,S7-0466,GF_ROOF_SLAB,SUP-GF_ROOF_SLAB-160,SP-GF_ROOF_SLAB-15,Y,LBS-GF_ROOF_SLAB-15-Y-042,END_NON_CONTINUOUS,SP-GF_ROOF_SLAB-09,4.798,1129.86,,0,4.798,0,[],0.005577231,0.002788616,0.002788616,0.004182923,0.004182923,0.005577231,0.005577231,-0.000000046
S7-0466-043,S7-0466,GF_ROOF_SLAB,SUP-GF_ROOF_SLAB-160,SP-GF_ROOF_SLAB-15,Y,LBS-GF_ROOF_SLAB-15-Y-043,END_NON_CONTINUOUS,SP-GF_ROOF_SLAB-09,52.559,1129.86,,0,52.559,0,[],0.061094971,0.030547486,0.030547486,0.045821228,0.045821228,0.061094971,0.061094971,-0.000000001
S7-0467-001,S7-0467,GF_ROOF_SLAB,SUP-GF_ROOF_SLAB-161,SP-GF_ROOF_SLAB-12,Y,LBS-GF_ROOF_SLAB-12-Y-001,END_UNRESOLVED,SP-GF_ROOF_SLAB-22,1700,1979.86,5150,1700,0,0,"[""LBS-GF_ROOF_SLAB-22-Y-006""]",3.462718107,1.731359054,6.234959877,2.59703858,8.106481481,9.007201646,3.462718107,0.000000001
S7-0467-002,S7-0467,GF_ROOF_SLAB,SUP-GF_ROOF_SLAB-161,SP-GF_ROOF_SLAB-12,Y,LBS-GF_ROOF_SLAB-12-Y-002,END_UNRESOLVED,SP-GF_ROOF_SLAB-22,50,1979.86,5150,50,0,0,"[""LBS-GF_ROOF_SLAB-22-Y-006"", ""LBS-GF_ROOF_SLAB-22-Y-007""]",0.10184465,0.050922325,0.183381172,0.076383487,0.238425925,0.264917695,0.10184465,0.000000003
S7-0467-003,S7-0467,GF_ROOF_SLAB,SUP-GF_ROOF_SLAB-161,SP-GF_ROOF_SLAB-12,Y,LBS-GF_ROOF_SLAB-12-Y-003,END_UNRESOLVED,SP-GF_ROOF_SLAB-22,93.952,600,5150,93.952,0,0,"[""LBS-GF_ROOF_SLAB-22-Y-007"", ""LBS-GF_ROOF_SLAB-22-Y-008"", ""LBS-GF_ROOF_SLAB-22-Y-009""]",0.057995062,0.028997531,0.277893005,0.043496296,0.448011854,0.497790949,0.057995062,-0.000000004
S7-0467-004,S7-0467,GF_ROOF_SLAB,SUP-GF_ROOF_SLAB-161,SP-GF_ROOF_SLAB-12,Y,LBS-GF_ROOF_SLAB-12-Y-005,END_UNRESOLVED,SP-GF_ROOF_SLAB-22,56.999,600,4053.952544445,56.999,0,0,"[""LBS-GF_ROOF_SLAB-22-Y-009"", ""LBS-GF_ROOF_SLAB-22-Y-010""]",0.035184568,0.017592284,0.136456091,0.026388426,0.213954853,0.237727615,0.035184568,-0.000000002
S7-0467-005,S7-0467,GF_ROOF_SLAB,SUP-GF_ROOF_SLAB-161,SP-GF_ROOF_SLAB-12,Y,LBS-GF_ROOF_SLAB-12-Y-007,END_UNRESOLVED,SP-GF_ROOF_SLAB-22,1.444,600,2928.401666981,1.444,0,0,"[""LBS-GF_ROOF_SLAB-22-Y-010""]",0.000891358,0.000445679,0.002620891,0.000668518,0.003915381,0.004350424,0.000891358,0.000000028
S7-0467-006,S7-0467,GF_ROOF_SLAB,SUP-GF_ROOF_SLAB-161,SP-GF_ROOF_SLAB-12,Y,LBS-GF_ROOF_SLAB-12-Y-009,END_UNRESOLVED,SP-GF_ROOF_SLAB-22,9.825,600,2711.372421226,9.825,0,0,"[""LBS-GF_ROOF_SLAB-22-Y-010""]",0.006064815,0.003032408,0.016735718,0.004548611,0.024665958,0.02740662,0.006064815,-0.00000003
S7-0467-007,S7-0467,GF_ROOF_SLAB,SUP-GF_ROOF_SLAB-161,SP-GF_ROOF_SLAB-12,Y,LBS-GF_ROOF_SLAB-12-Y-011,END_UNRESOLVED,SP-GF_ROOF_SLAB-22,4.323,600,2438.896623113,4.323,0,0,"[""LBS-GF_ROOF_SLAB-22-Y-010""]",0.002668519,0.001334259,0.006757794,0.002001389,0.009762363,0.01084707,0.002668519,-0.00000018
S7-0467-008,S7-0467,GF_ROOF_SLAB,SUP-GF_ROOF_SLAB-161,SP-GF_ROOF_SLAB-12,Y,LBS-GF_ROOF_SLAB-12-Y-013,END_UNRESOLVED,SP-GF_ROOF_SLAB-22,19.579,600,1978.568907075,19.579,0,0,"[""LBS-GF_ROOF_SLAB-22-Y-010""]",0.012085802,0.006042901,0.025970061,0.009064351,0.035868888,0.03985432,0.012085802,0.000000039
S7-0467-009,S7-0467,GF_ROOF_SLAB,SUP-GF_ROOF_SLAB-161,SP-GF_ROOF_SLAB-12,Y,LBS-GF_ROOF_SLAB-12-Y-015,END_UNRESOLVED,SP-GF_ROOF_SLAB-22,7.169,600,1463.430184434,7.169,0,0,"[""LBS-GF_ROOF_SLAB-22-Y-010""]",0.004425309,0.002212654,0.00760943,0.003318982,0.009714196,0.010793551,0.004425309,-0.00000008
S7-0467-010,S7-0467,GF_ROOF_SLAB,SUP-GF_ROOF_SLAB-161,SP-GF_ROOF_SLAB-12,Y,LBS-GF_ROOF_SLAB-12-Y-017,END_UNRESOLVED,SP-GF_ROOF_SLAB-22,6.709,600,1196.154306126,6.709,0,0,"[""LBS-GF_ROOF_SLAB-22-Y-010"", ""LBS-GF_ROOF_SLAB-22-Y-011""]",0.004141358,0.002070679,0.006198765,0.003106019,0.007430555,0.008256172,0.004141358,0.000000007
S7-0467-011,S7-0467,GF_ROOF_SLAB,SUP-GF_ROOF_SLAB-161,SP-GF_ROOF_SLAB-12,Y,LBS-GF_ROOF_SLAB-12-Y-019,END_UNRESOLVED,SP-GF_ROOF_SLAB-22,22.479,600,633.961413357,22.479,0,0,"[""LBS-GF_ROOF_SLAB-22-Y-011""]",0.013875926,0.006937963,0.014268631,0.010406945,0.015108652,0.016787391,0.013875926,-0.000000005
S7-0467-012,S7-0467,GF_ROOF_SLAB,SUP-GF_ROOF_SLAB-161,SP-GF_ROOF_SLAB-12,Y,LBS-GF_ROOF_SLAB-12-Y-021,END_UNRESOLVED,SP-GF_ROOF_SLAB-22,5.238,600,100.488460289,5.217,0.021,0,"[""LBS-GF_ROOF_SLAB-22-Y-011""]",0.003233333,0.001616667,0.001886342,0.002425,0.00291,0.003233333,0.003233333,0.000000104
S7-0467-013,S7-0467,GF_ROOF_SLAB,SUP-GF_ROOF_SLAB-161,SP-GF_ROOF_SLAB-12,Y,LBS-GF_ROOF_SLAB-12-Y-023,END_UNRESOLVED,SP-GF_ROOF_SLAB-22,4.726,600,,0,4.726,0,[],0.002917284,0.001458642,0.001458642,0.002187963,0.002625556,0.002917284,0.002917284,-0.000000016
S7-0467-014,S7-0467,GF_ROOF_SLAB,SUP-GF_ROOF_SLAB-161,SP-GF_ROOF_SLAB-12,Y,LBS-GF_ROOF_SLAB-12-Y-025,END_UNRESOLVED,SP-GF_ROOF_SLAB-22,0.469,600,,0,0.469,0,[],0.000289506,0.000144753,0.000144753,0.000217129,0.000260555,0.000289506,0.000289506,0.000000598
S7-0468-001,S7-0468,GF_ROOF_SLAB,SUP-GF_ROOF_SLAB-161,SP-GF_ROOF_SLAB-22,Y,LBS-GF_ROOF_SLAB-22-Y-005,END_UNRESOLVED,SP-GF_ROOF_SLAB-12,200,5150,1979.9,0.004,199.996,0,"[""LBS-GF_ROOF_SLAB-12-Y-001""]",1.059670782,0.529835391,0.529839465,0.794753087,0.953703704,1.059670782,1.059670782,0.000000001
S7-0468-002,S7-0468,GF_ROOF_SLAB,SUP-GF_ROOF_SLAB-161,SP-GF_ROOF_SLAB-22,Y,LBS-GF_ROOF_SLAB-22-Y-006,END_UNRESOLVED,SP-GF_ROOF_SLAB-12,1750,5150,1979.896845943,1750,0,0,"[""LBS-GF_ROOF_SLAB-12-Y-001"", ""LBS-GF_ROOF_SLAB-12-Y-002"", ""LBS-GF_ROOF_SLAB-12-Y-003""]",9.272119342,4.636059671,6.418374219,6.954089506,8.344907408,9.272119342,9.272119342,0.000000001
S7-0468-003,S7-0468,GF_ROOF_SLAB,SUP-GF_ROOF_SLAB-161,SP-GF_ROOF_SLAB-22,Y,LBS-GF_ROOF_SLAB-22-Y-007,END_UNRESOLVED,SP-GF_ROOF_SLAB-12,57.589,5150,600,57.589,0,0,"[""LBS-GF_ROOF_SLAB-12-Y-003""]",0.305126903,0.152563452,0.170337834,0.228845177,0.274614213,0.305126903,0.305126903,0.000000002
S7-0468-004,S7-0468,GF_ROOF_SLAB,SUP-GF_ROOF_SLAB-161,SP-GF_ROOF_SLAB-22,Y,LBS-GF_ROOF_SLAB-22-Y-008,END_UNRESOLVED,SP-GF_ROOF_SLAB-12,31.168,5150,600,31.168,0,0,"[""LBS-GF_ROOF_SLAB-12-Y-003""]",0.165139095,0.082569548,0.092189301,0.123854321,0.148625186,0.165139095,0.165139095,-0.000000001
S7-0468-005,S7-0468,GF_ROOF_SLAB,SUP-GF_ROOF_SLAB-161,SP-GF_ROOF_SLAB-22,Y,LBS-GF_ROOF_SLAB-22-Y-009,END_UNRESOLVED,SP-GF_ROOF_SLAB-12,5.195,5150,600,5.195,0,0,"[""LBS-GF_ROOF_SLAB-12-Y-003""]",0.027524949,0.013762474,0.01536587,0.020643712,0.024772454,0.027524949,0.027524949,-0.000000015
S7-0468-006,S7-0468,GF_ROOF_SLAB,SUP-GF_ROOF_SLAB-161,SP-GF_ROOF_SLAB-22,Y,LBS-GF_ROOF_SLAB-22-Y-010,END_UNRESOLVED,SP-GF_ROOF_SLAB-12,106.048,3108.557171158,600,106.048,0,0,"[""LBS-GF_ROOF_SLAB-12-Y-003"", ""LBS-GF_ROOF_SLAB-12-Y-005"", ""LBS-GF_ROOF_SLAB-12-Y-007"", ""LBS-GF_ROOF_SLAB-12-Y-009"", ""LBS-GF_ROOF_SLAB-12-Y-011"", ""LBS-GF_ROOF_SLAB-12-Y-013"", ""LBS-GF_ROOF_SLAB-12-Y-015"", ""LBS-GF_ROOF_SLAB-12-Y-017"", ""LBS-GF_ROOF_SLAB-12-Y-019""]",0.339152542,0.169576271,0.202307135,0.254364406,0.305237288,0.339152542,0.339152542,0.000000001
S7-0468-007,S7-0468,GF_ROOF_SLAB,SUP-GF_ROOF_SLAB-161,SP-GF_ROOF_SLAB-22,Y,LBS-GF_ROOF_SLAB-22-Y-011,END_UNRESOLVED,SP-GF_ROOF_SLAB-12,27.717,533.557171158,600,27.717,0,0,"[""LBS-GF_ROOF_SLAB-12-Y-019"", ""LBS-GF_ROOF_SLAB-12-Y-021"", ""LBS-GF_ROOF_SLAB-12-Y-023""]",0.015214613,0.007607307,0.016161936,0.01141096,0.018022116,0.020024573,0.015214613,0.000000019
S7-0469-001,S7-0469,GF_ROOF_SLAB,SUP-GF_ROOF_SLAB-162,SP-GF_ROOF_SLAB-14,Y,LBS-GF_ROOF_SLAB-14-Y-005,END_CONTINUOUS_SPLIT,SP-GF_ROOF_SLAB-22,31.86,1979.86,,0,31.86,0,[],0.064895411,0.032447706,0.064895411,0.05840587,0.05840587,0.064895411,0.064895411,0.000000002
S7-0469-002,S7-0469,GF_ROOF_SLAB,SUP-GF_ROOF_SLAB-162,SP-GF_ROOF_SLAB-14,Y,LBS-GF_ROOF_SLAB-14-Y-006,END_CONTINUOUS_SPLIT,SP-GF_ROOF_SLAB-22,33.028,1979.86,103.662563635,33.004,0.024,0,"[""LBS-GF_ROOF_SLAB-22-Y-001"", ""LBS-GF_ROOF_SLAB-22-Y-002""]",0.067274502,0.033637251,0.035421611,0.060547052,0.060547052,0.067274502,0.067274502,0.000000003
S7-0469-003,S7-0469,GF_ROOF_SLAB,SUP-GF_ROOF_SLAB-162,SP-GF_ROOF_SLAB-14,Y,LBS-GF_ROOF_SLAB-14-Y-007,END_CONTINUOUS_SPLIT,SP-GF_ROOF_SLAB-22,787.361,1979.86,2678.571664833,787.361,0,0,"[""LBS-GF_ROOF_SLAB-22-Y-002"", ""LBS-GF_ROOF_SLAB-22-Y-003""]",1.603770113,0.801885056,1.886763074,2.184494532,2.184494532,2.427216147,1.603770113,0
S7-0469-004,S7-0469,GF_ROOF_SLAB,SUP-GF_ROOF_SLAB-162,SP-GF_ROOF_SLAB-14,Y,LBS-GF_ROOF_SLAB-14-Y-008,END_CONTINUOUS_SPLIT,SP-GF_ROOF_SLAB-22,412.639,1979.86,5149.999990682,412.635,0.004,0,"[""LBS-GF_ROOF_SLAB-22-Y-003"", ""LBS-GF_ROOF_SLAB-22-Y-004""]",0.840501492,0.420250746,1.51339795,1.967664967,1.967664967,2.186294408,0.840501492,0.000000001
S7-0470-001,S7-0470,GF_ROOF_SLAB,SUP-GF_ROOF_SLAB-162,SP-GF_ROOF_SLAB-22,Y,LBS-GF_ROOF_SLAB-22-Y-001,END_CONTINUOUS_SPLIT,SP-GF_ROOF_SLAB-14,33.028,103.666797093,1979.9,33.028,0,0,"[""LBS-GF_ROOF_SLAB-14-Y-005"", ""LBS-GF_ROOF_SLAB-14-Y-006"", ""LBS-GF_ROOF_SLAB-14-Y-007""]",0.003522538,0.001761269,0.035399199,0.060548275,0.060548275,0.067275861,0.003522538,0.000000012
S7-0470-002,S7-0470,GF_ROOF_SLAB,SUP-GF_ROOF_SLAB-162,SP-GF_ROOF_SLAB-22,Y,LBS-GF_ROOF_SLAB-22-Y-002,END_CONTINUOUS_SPLIT,SP-GF_ROOF_SLAB-14,50,364.271339572,1979.9,50,0,0,"[""LBS-GF_ROOF_SLAB-14-Y-007""]",0.018738238,0.009369119,0.060292474,0.091662039,0.091662039,0.10184671,0.018738238,-0.000000019
S7-0470-003,S7-0470,GF_ROOF_SLAB,SUP-GF_ROOF_SLAB-162,SP-GF_ROOF_SLAB-22,Y,LBS-GF_ROOF_SLAB-22-Y-003,END_CONTINUOUS_SPLIT,SP-GF_ROOF_SLAB-14,737.361,2835.604542479,1979.9,737.361,0,0,"[""LBS-GF_ROOF_SLAB-14-Y-007""]",2.151094857,1.075547428,1.826525332,2.092907939,2.092907939,2.325453265,2.151094857,0.000000001
S7-0470-004,S7-0470,GF_ROOF_SLAB,SUP-GF_ROOF_SLAB-162,SP-GF_ROOF_SLAB-22,Y,LBS-GF_ROOF_SLAB-22-Y-004,END_CONTINUOUS_SPLIT,SP-GF_ROOF_SLAB-14,412.639,5150,1979.9,412.635,0.004,0,"[""LBS-GF_ROOF_SLAB-14-Y-007"", ""LBS-GF_ROOF_SLAB-14-Y-008""]",2.186307459,1.09315373,1.513419489,1.967676713,1.967676713,2.186307459,2.186307459,0.000000001
S7-0472-001,S7-0472,GF_ROOF_SLAB,SUP-GF_ROOF_SLAB-163,SP-GF_ROOF_SLAB-02,Y,LBS-GF_ROOF_SLAB-02-Y-001,END_NON_CONTINUOUS,SP-GF_ROOF_SLAB-09,0.951,619.667,,0,0.951,0,[],0.000606279,0.00030314,0.00030314,0.000454709,0.000454709,0.000606279,0.000606279,0.00000022
S7-0472-002,S7-0472,GF_ROOF_SLAB,SUP-GF_ROOF_SLAB-163,SP-GF_ROOF_SLAB-02,Y,LBS-GF_ROOF_SLAB-02-Y-002,END_NON_CONTINUOUS,SP-GF_ROOF_SLAB-09,1.444,619.667,,0,1.444,0,[],0.000920575,0.000460287,0.000460287,0.000690431,0.000690431,0.000920575,0.000920575,0.000000278
S7-0472-003,S7-0472,GF_ROOF_SLAB,SUP-GF_ROOF_SLAB-163,SP-GF_ROOF_SLAB-02,Y,LBS-GF_ROOF_SLAB-02-Y-003,END_NON_CONTINUOUS,SP-GF_ROOF_SLAB-09,9.825,619.667,,0,9.825,0,[],0.006263609,0.003131804,0.003131804,0.004697707,0.004697707,0.006263609,0.006263609,0.000000054
S7-0472-004,S7-0472,GF_ROOF_SLAB,SUP-GF_ROOF_SLAB-163,SP-GF_ROOF_SLAB-02,Y,LBS-GF_ROOF_SLAB-02-Y-004,END_NON_CONTINUOUS,SP-GF_ROOF_SLAB-09,4.323,619.667,,0,4.323,0,[],0.002755988,0.001377994,0.001377994,0.002066991,0.002066991,0.002755988,0.002755988,0.00000004
S7-0472-005,S7-0472,GF_ROOF_SLAB,SUP-GF_ROOF_SLAB-163,SP-GF_ROOF_SLAB-02,Y,LBS-GF_ROOF_SLAB-02-Y-005,END_NON_CONTINUOUS,SP-GF_ROOF_SLAB-09,19.579,619.667,,0,19.579,0,[],0.012481955,0.006240977,0.006240977,0.009361466,0.009361466,0.012481955,0.012481955,-0.000000005
S7-0472-006,S7-0472,GF_ROOF_SLAB,SUP-GF_ROOF_SLAB-163,SP-GF_ROOF_SLAB-02,Y,LBS-GF_ROOF_SLAB-02-Y-006,END_NON_CONTINUOUS,SP-GF_ROOF_SLAB-09,7.169,619.667,,0,7.169,0,[],0.004570363,0.002285182,0.002285182,0.003427772,0.003427772,0.004570363,0.004570363,-0.000000025
S7-0472-007,S7-0472,GF_ROOF_SLAB,SUP-GF_ROOF_SLAB-163,SP-GF_ROOF_SLAB-02,Y,LBS-GF_ROOF_SLAB-02-Y-007,END_NON_CONTINUOUS,SP-GF_ROOF_SLAB-09,6.709,619.667,,0,6.709,0,[],0.004277105,0.002138552,0.002138552,0.003207829,0.003207829,0.004277105,0.004277105,-0.000000037
S7-0472-008,S7-0472,GF_ROOF_SLAB,SUP-GF_ROOF_SLAB-163,SP-GF_ROOF_SLAB-02,Y,LBS-GF_ROOF_SLAB-02-Y-008,END_NON_CONTINUOUS,SP-GF_ROOF_SLAB-09,22.479,619.667,,0,22.479,0,[],0.014330756,0.007165378,0.007165378,0.010748067,0.010748067,0.014330756,0.014330756,-0.000000024
S7-0472-009,S7-0472,GF_ROOF_SLAB,SUP-GF_ROOF_SLAB-163,SP-GF_ROOF_SLAB-02,Y,LBS-GF_ROOF_SLAB-02-Y-009,END_NON_CONTINUOUS,SP-GF_ROOF_SLAB-09,9.964,619.667,,0,9.964,0,[],0.006352224,0.003176112,0.003176112,0.004764168,0.004764168,0.006352224,0.006352224,0.000000043
S7-0472-010,S7-0472,GF_ROOF_SLAB,SUP-GF_ROOF_SLAB-163,SP-GF_ROOF_SLAB-02,Y,LBS-GF_ROOF_SLAB-02-Y-010,END_NON_CONTINUOUS,SP-GF_ROOF_SLAB-09,38.584,619.667,,0,38.584,0,[],0.024597975,0.012298988,0.012298988,0.018448481,0.018448481,0.024597975,0.024597975,-0.000000007
S7-0472-011,S7-0472,GF_ROOF_SLAB,SUP-GF_ROOF_SLAB-163,SP-GF_ROOF_SLAB-02,Y,LBS-GF_ROOF_SLAB-02-Y-011,END_NON_CONTINUOUS,SP-GF_ROOF_SLAB-09,12.685,619.667,,0,12.685,0,[],0.008086909,0.004043454,0.004043454,0.006065182,0.006065182,0.008086909,0.008086909,0.000000045
S7-0472-012,S7-0472,GF_ROOF_SLAB,SUP-GF_ROOF_SLAB-163,SP-GF_ROOF_SLAB-02,Y,LBS-GF_ROOF_SLAB-02-Y-012,END_NON_CONTINUOUS,SP-GF_ROOF_SLAB-09,47.696,619.667,,0,47.696,0,[],0.030407034,0.015203517,0.015203517,0.022805275,0.022805275,0.030407034,0.030407034,0.000000007
S7-0472-013,S7-0472,GF_ROOF_SLAB,SUP-GF_ROOF_SLAB-163,SP-GF_ROOF_SLAB-02,Y,LBS-GF_ROOF_SLAB-02-Y-013,END_NON_CONTINUOUS,SP-GF_ROOF_SLAB-09,15.313,619.667,,0,15.313,0,[],0.009762305,0.004881153,0.004881153,0.007321729,0.007321729,0.009762305,0.009762305,0.000000033
S7-0472-014,S7-0472,GF_ROOF_SLAB,SUP-GF_ROOF_SLAB-163,SP-GF_ROOF_SLAB-02,Y,LBS-GF_ROOF_SLAB-02-Y-014,END_NON_CONTINUOUS,SP-GF_ROOF_SLAB-09,56.46,619.667,,0,56.46,0,[],0.035994237,0.017997118,0.017997118,0.026995678,0.026995678,0.035994237,0.035994237,0.000000014
S7-0472-015,S7-0472,GF_ROOF_SLAB,SUP-GF_ROOF_SLAB-163,SP-GF_ROOF_SLAB-02,Y,LBS-GF_ROOF_SLAB-02-Y-015,END_NON_CONTINUOUS,SP-GF_ROOF_SLAB-09,17.829,619.667,,0,17.829,0,[],0.011366299,0.005683149,0.005683149,0.008524724,0.008524724,0.011366299,0.011366299,0.000000029
S7-0472-016,S7-0472,GF_ROOF_SLAB,SUP-GF_ROOF_SLAB-163,SP-GF_ROOF_SLAB-02,Y,LBS-GF_ROOF_SLAB-02-Y-016,END_NON_CONTINUOUS,SP-GF_ROOF_SLAB-09,64.808,619.667,,0,64.808,0,[],0.041316233,0.020658116,0.020658116,0.030987175,0.030987175,0.041316233,0.041316233,0.000000012
S7-0472-017,S7-0472,GF_ROOF_SLAB,SUP-GF_ROOF_SLAB-163,SP-GF_ROOF_SLAB-02,Y,LBS-GF_ROOF_SLAB-02-Y-017,END_NON_CONTINUOUS,SP-GF_ROOF_SLAB-09,20.214,619.667,,0,20.214,0,[],0.012886779,0.006443389,0.006443389,0.009665084,0.009665084,0.012886779,0.012886779,-0.000000035
S7-0472-018,S7-0472,GF_ROOF_SLAB,SUP-GF_ROOF_SLAB-163,SP-GF_ROOF_SLAB-02,Y,LBS-GF_ROOF_SLAB-02-Y-018,END_NON_CONTINUOUS,SP-GF_ROOF_SLAB-09,72.682,619.667,,0,72.682,0,[],0.046336046,0.023168023,0.023168023,0.034752035,0.034752035,0.046336046,0.046336046,0.000000005
S7-0472-019,S7-0472,GF_ROOF_SLAB,SUP-GF_ROOF_SLAB-163,SP-GF_ROOF_SLAB-02,Y,LBS-GF_ROOF_SLAB-02-Y-019,END_NON_CONTINUOUS,SP-GF_ROOF_SLAB-09,22.451,619.667,,0,22.451,0,[],0.014312905,0.007156453,0.007156453,0.010734679,0.010734679,0.014312905,0.014312905,0.000000012
S7-0472-020,S7-0472,GF_ROOF_SLAB,SUP-GF_ROOF_SLAB-163,SP-GF_ROOF_SLAB-02,Y,LBS-GF_ROOF_SLAB-02-Y-020,END_NON_CONTINUOUS,SP-GF_ROOF_SLAB-09,21.906,619.667,,0,21.906,0,[],0.013965458,0.006982729,0.006982729,0.010474094,0.010474094,0.013965458,0.013965458,0.00000001
S7-0472-021,S7-0472,GF_ROOF_SLAB,SUP-GF_ROOF_SLAB-163,SP-GF_ROOF_SLAB-02,Y,LBS-GF_ROOF_SLAB-02-Y-021,END_NON_CONTINUOUS,SP-GF_ROOF_SLAB-09,47.284,619.667,,0,47.284,0,[],0.030144377,0.015072188,0.015072188,0.022608283,0.022608283,0.030144377,0.030144377,0
S7-0472-022,S7-0472,GF_ROOF_SLAB,SUP-GF_ROOF_SLAB-163,SP-GF_ROOF_SLAB-02,Y,LBS-GF_ROOF_SLAB-02-Y-022,END_NON_CONTINUOUS,SP-GF_ROOF_SLAB-09,29.645,619.667,,0,29.645,0,[],0.018899206,0.009449603,0.009449603,0.014174405,0.014174405,0.018899206,0.018899206,0
S7-0472-023,S7-0472,GF_ROOF_SLAB,SUP-GF_ROOF_SLAB-163,SP-GF_ROOF_SLAB-02,Y,LBS-GF_ROOF_SLAB-02-Y-023,END_NON_CONTINUOUS,SP-GF_ROOF_SLAB-09,5.712,619.667,,0,5.712,0,[],0.0036415,0.00182075,0.00182075,0.002731125,0.002731125,0.0036415,0.0036415,-0.000000027
S7-0472-024,S7-0472,GF_ROOF_SLAB,SUP-GF_ROOF_SLAB-163,SP-GF_ROOF_SLAB-02,Y,LBS-GF_ROOF_SLAB-02-Y-024,END_NON_CONTINUOUS,SP-GF_ROOF_SLAB-09,14.524,619.667,,0,14.524,0,[],0.009259304,0.004629652,0.004629652,0.006944478,0.006944478,0.009259304,0.009259304,0.000000003
S7-0472-025,S7-0472,GF_ROOF_SLAB,SUP-GF_ROOF_SLAB-163,SP-GF_ROOF_SLAB-02,Y,LBS-GF_ROOF_SLAB-02-Y-025,END_NON_CONTINUOUS,SP-GF_ROOF_SLAB-09,21.455,619.667,,0,21.455,0,[],0.013677938,0.006838969,0.006838969,0.010258454,0.010258454,0.013677938,0.013677938,-0.000000018
S7-0472-026,S7-0472,GF_ROOF_SLAB,SUP-GF_ROOF_SLAB-163,SP-GF_ROOF_SLAB-02,Y,LBS-GF_ROOF_SLAB-02-Y-026,END_NON_CONTINUOUS,SP-GF_ROOF_SLAB-09,30.672,619.667,,0,30.672,0,[],0.019553936,0.009776968,0.009776968,0.014665452,0.014665452,0.019553936,0.019553936,0.000000023
S7-0472-027,S7-0472,GF_ROOF_SLAB,SUP-GF_ROOF_SLAB-163,SP-GF_ROOF_SLAB-02,Y,LBS-GF_ROOF_SLAB-02-Y-027,END_NON_CONTINUOUS,SP-GF_ROOF_SLAB-09,7.385,619.667,,0,7.385,0,[],0.004708067,0.002354033,0.002354033,0.00353105,0.00353105,0.004708067,0.004708067,-0.000000071
S7-0472-028,S7-0472,GF_ROOF_SLAB,SUP-GF_ROOF_SLAB-163,SP-GF_ROOF_SLAB-02,Y,LBS-GF_ROOF_SLAB-02-Y-028,END_NON_CONTINUOUS,SP-GF_ROOF_SLAB-09,39.852,619.667,,0,39.852,0,[],0.025406347,0.012703173,0.012703173,0.01905476,0.01905476,0.025406347,0.025406347,0.000000001
S7-0472-029,S7-0472,GF_ROOF_SLAB,SUP-GF_ROOF_SLAB-163,SP-GF_ROOF_SLAB-02,Y,LBS-GF_ROOF_SLAB-02-Y-029,END_NON_CONTINUOUS,SP-GF_ROOF_SLAB-09,6.774,619.667,,0,6.774,0,[],0.004318543,0.002159272,0.002159272,0.003238907,0.003238907,0.004318543,0.004318543,0.000000111
S7-0472-030,S7-0472,GF_ROOF_SLAB,SUP-GF_ROOF_SLAB-163,SP-GF_ROOF_SLAB-02,Y,LBS-GF_ROOF_SLAB-02-Y-030,END_NON_CONTINUOUS,SP-GF_ROOF_SLAB-09,34.574,619.667,,0,34.574,0,[],0.02204153,0.011020765,0.011020765,0.016531147,0.016531147,0.02204153,0.02204153,-0.000000013
S7-0472-031,S7-0472,GF_ROOF_SLAB,SUP-GF_ROOF_SLAB-163,SP-GF_ROOF_SLAB-02,Y,LBS-GF_ROOF_SLAB-02-Y-031,END_NON_CONTINUOUS,SP-GF_ROOF_SLAB-09,20.941,619.667,,0,20.941,0,[],0.013350254,0.006675127,0.006675127,0.01001269,0.01001269,0.013350254,0.013350254,-0.000000018
S7-0472-032,S7-0472,GF_ROOF_SLAB,SUP-GF_ROOF_SLAB-163,SP-GF_ROOF_SLAB-02,Y,LBS-GF_ROOF_SLAB-02-Y-032,END_NON_CONTINUOUS,SP-GF_ROOF_SLAB-09,21.592,619.667,,0,21.592,0,[],0.013765278,0.006882639,0.006882639,0.010323959,0.010323959,0.013765278,0.013765278,-0.000000026
S7-0472-033,S7-0472,GF_ROOF_SLAB,SUP-GF_ROOF_SLAB-163,SP-GF_ROOF_SLAB-02,Y,LBS-GF_ROOF_SLAB-02-Y-033,END_NON_CONTINUOUS,SP-GF_ROOF_SLAB-09,35.041,619.667,,0,35.041,0,[],0.02233925,0.011169625,0.011169625,0.016754438,0.016754438,0.02233925,0.02233925,0.000000017
S7-0472-034,S7-0472,GF_ROOF_SLAB,SUP-GF_ROOF_SLAB-163,SP-GF_ROOF_SLAB-02,Y,LBS-GF_ROOF_SLAB-02-Y-034,END_NON_CONTINUOUS,SP-GF_ROOF_SLAB-09,8.361,619.667,,0,8.361,0,[],0.005330284,0.002665142,0.002665142,0.003997713,0.003997713,0.005330284,0.005330284,-0.00000005
S7-0472-035,S7-0472,GF_ROOF_SLAB,SUP-GF_ROOF_SLAB-163,SP-GF_ROOF_SLAB-02,Y,LBS-GF_ROOF_SLAB-02-Y-035,END_NON_CONTINUOUS,SP-GF_ROOF_SLAB-09,43.944,619.667,,0,43.944,0,[],0.028015069,0.014007535,0.014007535,0.021011302,0.021011302,0.028015069,0.028015069,-0.000000015
S7-0472-036,S7-0472,GF_ROOF_SLAB,SUP-GF_ROOF_SLAB-163,SP-GF_ROOF_SLAB-02,Y,LBS-GF_ROOF_SLAB-02-Y-036,END_NON_CONTINUOUS,SP-GF_ROOF_SLAB-09,5.048,619.667,,0,5.048,0,[],0.003218188,0.001609094,0.001609094,0.002413641,0.002413641,0.003218188,0.003218188,0.00000009
S7-0472-037,S7-0472,GF_ROOF_SLAB,SUP-GF_ROOF_SLAB-163,SP-GF_ROOF_SLAB-02,Y,LBS-GF_ROOF_SLAB-02-Y-037,END_NON_CONTINUOUS,SP-GF_ROOF_SLAB-09,39.111,619.667,,0,39.111,0,[],0.024933947,0.012466974,0.012466974,0.01870046,0.01870046,0.024933947,0.024933947,-0.000000018
S7-0472-038,S7-0472,GF_ROOF_SLAB,SUP-GF_ROOF_SLAB-163,SP-GF_ROOF_SLAB-02,Y,LBS-GF_ROOF_SLAB-02-Y-038,END_NON_CONTINUOUS,SP-GF_ROOF_SLAB-09,18.563,619.667,,0,18.563,0,[],0.011834237,0.005917118,0.005917118,0.008875678,0.008875678,0.011834237,0.011834237,0.000000014
S7-0472-039,S7-0472,GF_ROOF_SLAB,SUP-GF_ROOF_SLAB-163,SP-GF_ROOF_SLAB-02,Y,LBS-GF_ROOF_SLAB-02-Y-039,END_NON_CONTINUOUS,SP-GF_ROOF_SLAB-09,25.478,619.667,,0,25.478,0,[],0.016242671,0.008121336,0.008121336,0.012182003,0.012182003,0.016242671,0.016242671,-0.000000024
S7-0472-040,S7-0472,GF_ROOF_SLAB,SUP-GF_ROOF_SLAB-163,SP-GF_ROOF_SLAB-02,Y,LBS-GF_ROOF_SLAB-02-Y-040,END_NON_CONTINUOUS,SP-GF_ROOF_SLAB-09,32.112,619.667,,0,32.112,0,[],0.020471962,0.010235981,0.010235981,0.015353972,0.015353972,0.020471962,0.020471962,-0.000000017
S7-0472-041,S7-0472,GF_ROOF_SLAB,SUP-GF_ROOF_SLAB-163,SP-GF_ROOF_SLAB-02,Y,LBS-GF_ROOF_SLAB-02-Y-041,END_NON_CONTINUOUS,SP-GF_ROOF_SLAB-09,11.484,619.667,,0,11.484,0,[],0.007321251,0.003660625,0.003660625,0.005490938,0.005490938,0.007321251,0.007321251,-0.00000002
S7-0472-042,S7-0472,GF_ROOF_SLAB,SUP-GF_ROOF_SLAB-163,SP-GF_ROOF_SLAB-02,Y,LBS-GF_ROOF_SLAB-02-Y-042,END_NON_CONTINUOUS,SP-GF_ROOF_SLAB-09,42.823,619.667,,0,42.823,0,[],0.027300411,0.013650206,0.013650206,0.020475308,0.020475308,0.027300411,0.027300411,0.000000018
S7-0472-043,S7-0472,GF_ROOF_SLAB,SUP-GF_ROOF_SLAB-163,SP-GF_ROOF_SLAB-02,Y,LBS-GF_ROOF_SLAB-02-Y-043,END_NON_CONTINUOUS,SP-GF_ROOF_SLAB-09,2.797,619.667,,0,2.797,0,[],0.001783136,0.000891568,0.000891568,0.001337352,0.001337352,0.001783136,0.001783136,0.000000235
S7-0472-044,S7-0472,GF_ROOF_SLAB,SUP-GF_ROOF_SLAB-163,SP-GF_ROOF_SLAB-02,Y,LBS-GF_ROOF_SLAB-02-Y-044,END_NON_CONTINUOUS,SP-GF_ROOF_SLAB-09,38.932,619.667,,0,38.932,0,[],0.024819831,0.012409915,0.012409915,0.018614873,0.018614873,0.024819831,0.024819831,-0.000000003
S7-0472-045,S7-0472,GF_ROOF_SLAB,SUP-GF_ROOF_SLAB-163,SP-GF_ROOF_SLAB-02,Y,LBS-GF_ROOF_SLAB-02-Y-045,END_NON_CONTINUOUS,SP-GF_ROOF_SLAB-09,17.286,619.667,,0,17.286,0,[],0.011020127,0.005510063,0.005510063,0.008265095,0.008265095,0.011020127,0.011020127,0.00000003
S7-0472-046,S7-0472,GF_ROOF_SLAB,SUP-GF_ROOF_SLAB-163,SP-GF_ROOF_SLAB-02,Y,LBS-GF_ROOF_SLAB-02-Y-046,END_NON_CONTINUOUS,SP-GF_ROOF_SLAB-09,23.038,619.667,,0,23.038,0,[],0.014687128,0.007343564,0.007343564,0.011015346,0.011015346,0.014687128,0.014687128,-0.000000004
S7-0472-047,S7-0472,GF_ROOF_SLAB,SUP-GF_ROOF_SLAB-163,SP-GF_ROOF_SLAB-02,Y,LBS-GF_ROOF_SLAB-02-Y-047,END_NON_CONTINUOUS,SP-GF_ROOF_SLAB-09,31.902,619.667,,0,31.902,0,[],0.020338083,0.010169041,0.010169041,0.015253562,0.015253562,0.020338083,0.020338083,-0.000000002
S7-0472-048,S7-0472,GF_ROOF_SLAB,SUP-GF_ROOF_SLAB-163,SP-GF_ROOF_SLAB-02,Y,LBS-GF_ROOF_SLAB-02-Y-048,END_NON_CONTINUOUS,SP-GF_ROOF_SLAB-09,6.715,619.667,,0,6.715,0,[],0.00428093,0.002140465,0.002140465,0.003210697,0.003210697,0.00428093,0.00428093,-0.000000013
S7-0472-049,S7-0472,GF_ROOF_SLAB,SUP-GF_ROOF_SLAB-163,SP-GF_ROOF_SLAB-02,Y,LBS-GF_ROOF_SLAB-02-Y-049,END_NON_CONTINUOUS,SP-GF_ROOF_SLAB-09,46.562,619.667,,0,46.562,0,[],0.029684089,0.014842045,0.014842045,0.022263067,0.022263067,0.029684089,0.029684089,0.000000013
S7-0472-050,S7-0472,GF_ROOF_SLAB,SUP-GF_ROOF_SLAB-163,SP-GF_ROOF_SLAB-02,Y,LBS-GF_ROOF_SLAB-02-Y-050,END_NON_CONTINUOUS,SP-GF_ROOF_SLAB-09,51.241,619.667,,0,51.241,0,[],0.032667034,0.016333517,0.016333517,0.024500276,0.024500276,0.032667034,0.032667034,-0.000000009
S7-0472-051,S7-0472,GF_ROOF_SLAB,SUP-GF_ROOF_SLAB-163,SP-GF_ROOF_SLAB-02,Y,LBS-GF_ROOF_SLAB-02-Y-051,END_NON_CONTINUOUS,SP-GF_ROOF_SLAB-09,3.377,619.667,,0,3.377,0,[],0.002152897,0.001076448,0.001076448,0.001614673,0.001614673,0.002152897,0.002152897,-0.000000202
S7-0472-052,S7-0472,GF_ROOF_SLAB,SUP-GF_ROOF_SLAB-163,SP-GF_ROOF_SLAB-02,Y,LBS-GF_ROOF_SLAB-02-Y-052,END_NON_CONTINUOUS,SP-GF_ROOF_SLAB-09,45.472,619.667,,0,45.472,0,[],0.028989195,0.014494597,0.014494597,0.021741896,0.021741896,0.028989195,0.028989195,0.000000011
S7-0472-053,S7-0472,GF_ROOF_SLAB,SUP-GF_ROOF_SLAB-163,SP-GF_ROOF_SLAB-02,Y,LBS-GF_ROOF_SLAB-02-Y-053,END_NON_CONTINUOUS,SP-GF_ROOF_SLAB-09,49.766,619.667,,0,49.766,0,[],0.031726695,0.015863347,0.015863347,0.023795021,0.023795021,0.031726695,0.031726695,0.000000013
S7-0472-054,S7-0472,GF_ROOF_SLAB,SUP-GF_ROOF_SLAB-163,SP-GF_ROOF_SLAB-02,Y,LBS-GF_ROOF_SLAB-02-Y-054,END_NON_CONTINUOUS,SP-GF_ROOF_SLAB-09,35.497,619.667,,0,35.497,0,[],0.022629958,0.011314979,0.011314979,0.016972468,0.016972468,0.022629958,0.022629958,0.000000015
S7-0472-055,S7-0472,GF_ROOF_SLAB,SUP-GF_ROOF_SLAB-163,SP-GF_ROOF_SLAB-02,Y,LBS-GF_ROOF_SLAB-02-Y-055,END_NON_CONTINUOUS,SP-GF_ROOF_SLAB-09,53.196,619.667,,0,53.196,0,[],0.03391338,0.01695669,0.01695669,0.025435035,0.025435035,0.03391338,0.03391338,0.000000012
S7-0472-056,S7-0472,GF_ROOF_SLAB,SUP-GF_ROOF_SLAB-163,SP-GF_ROOF_SLAB-02,Y,LBS-GF_ROOF_SLAB-02-Y-056,END_NON_CONTINUOUS,SP-GF_ROOF_SLAB-09,26.314,619.667,,0,26.314,0,[],0.016775635,0.008387818,0.008387818,0.012581726,0.012581726,0.016775635,0.016775635,0.000000014
S7-0472-057,S7-0472,GF_ROOF_SLAB,SUP-GF_ROOF_SLAB-163,SP-GF_ROOF_SLAB-02,Y,LBS-GF_ROOF_SLAB-02-Y-057,END_NON_CONTINUOUS,SP-GF_ROOF_SLAB-09,55.272,619.667,,0,55.272,0,[],0.035236867,0.017618433,0.017618433,0.02642765,0.02642765,0.035236867,0.035236867,-0.000000008
S7-0472-058,S7-0472,GF_ROOF_SLAB,SUP-GF_ROOF_SLAB-163,SP-GF_ROOF_SLAB-02,Y,LBS-GF_ROOF_SLAB-02-Y-058,END_NON_CONTINUOUS,SP-GF_ROOF_SLAB-09,18.058,619.667,,0,18.058,0,[],0.011512291,0.005756145,0.005756145,0.008634218,0.008634218,0.011512291,0.011512291,-0.000000014
S7-0472-059,S7-0472,GF_ROOF_SLAB,SUP-GF_ROOF_SLAB-163,SP-GF_ROOF_SLAB-02,Y,LBS-GF_ROOF_SLAB-02-Y-059,END_NON_CONTINUOUS,SP-GF_ROOF_SLAB-09,55.904,619.667,,0,55.904,0,[],0.035639778,0.017819889,0.017819889,0.026729833,0.026729833,0.035639778,0.035639778,-0.000000007
S7-0472-060,S7-0472,GF_ROOF_SLAB,SUP-GF_ROOF_SLAB-163,SP-GF_ROOF_SLAB-02,Y,LBS-GF_ROOF_SLAB-02-Y-060,END_NON_CONTINUOUS,SP-GF_ROOF_SLAB-09,10.849,619.667,,0,10.849,0,[],0.006916427,0.003458214,0.003458214,0.00518732,0.00518732,0.006916427,0.006916427,0.000000036
S7-0472-061,S7-0472,GF_ROOF_SLAB,SUP-GF_ROOF_SLAB-163,SP-GF_ROOF_SLAB-02,Y,LBS-GF_ROOF_SLAB-02-Y-061,END_NON_CONTINUOUS,SP-GF_ROOF_SLAB-09,55.019,619.667,,0,55.019,0,[],0.035075575,0.017537787,0.017537787,0.026306681,0.026306681,0.035075575,0.035075575,-0.000000006
S7-0472-062,S7-0472,GF_ROOF_SLAB,SUP-GF_ROOF_SLAB-163,SP-GF_ROOF_SLAB-02,Y,LBS-GF_ROOF_SLAB-02-Y-062,END_NON_CONTINUOUS,SP-GF_ROOF_SLAB-09,4.798,619.667,,0,4.798,0,[],0.003058809,0.001529405,0.001529405,0.002294107,0.002294107,0.003058809,0.003058809,-0.000000027
S7-0472-063,S7-0472,GF_ROOF_SLAB,SUP-GF_ROOF_SLAB-163,SP-GF_ROOF_SLAB-02,Y,LBS-GF_ROOF_SLAB-02-Y-063,END_NON_CONTINUOUS,SP-GF_ROOF_SLAB-09,52.559,619.667,,0,52.559,0,[],0.033507282,0.016753641,0.016753641,0.025130461,0.025130461,0.033507282,0.033507282,-0.000000007
S7-0473-001,S7-0473,GF_ROOF_SLAB,SUP-GF_ROOF_SLAB-164,SP-GF_ROOF_SLAB-23,Y,LBS-GF_ROOF_SLAB-23-Y-001,END_NON_CONTINUOUS,,194.803,3725,,0,194.803,0,[],0.746544419,0.37327221,0.37327221,0.559908314,0.559908314,0.746544419,0.746544419,0
S7-0473-002,S7-0473,GF_ROOF_SLAB,SUP-GF_ROOF_SLAB-164,SP-GF_ROOF_SLAB-23,Y,LBS-GF_ROOF_SLAB-23-Y-002,END_NON_CONTINUOUS,,950,7500,,0,950,0,[],7.330246914,3.665123457,3.665123457,5.497685186,5.497685186,7.330246914,7.330246914,0.000000001
S7-0474-001,S7-0474,GF_ROOF_SLAB,SUP-GF_ROOF_SLAB-165,SP-GF_ROOF_SLAB-15,Y,LBS-GF_ROOF_SLAB-15-Y-012,END_CONTINUOUS_RUN,SP-GF_ROOF_SLAB-23,3.481,1129.86,7500,3.481,0,0,"[""LBS-GF_ROOF_SLAB-23-Y-002""]",0.00404634,0.00202317,0.015452953,0.02417361,0.02417361,0.026859567,0.00404634,0.000000046
S7-0474-002,S7-0474,GF_ROOF_SLAB,SUP-GF_ROOF_SLAB-165,SP-GF_ROOF_SLAB-15,Y,LBS-GF_ROOF_SLAB-15-Y-013,END_CONTINUOUS_RUN,SP-GF_ROOF_SLAB-23,35.041,1129.86,7500,35.041,0,0,"[""LBS-GF_ROOF_SLAB-23-Y-002""]",0.040731918,0.020365959,0.155555002,0.243340278,0.243340278,0.270378087,0.040731918,0
S7-0474-003,S7-0474,GF_ROOF_SLAB,SUP-GF_ROOF_SLAB-165,SP-GF_ROOF_SLAB-15,Y,LBS-GF_ROOF_SLAB-15-Y-014,END_CONTINUOUS_RUN,SP-GF_ROOF_SLAB-23,8.361,1129.86,7500,8.361,0,0,"[""LBS-GF_ROOF_SLAB-23-Y-002""]",0.009718888,0.004859444,0.037116387,0.058062498,0.058062498,0.064513887,0.009718888,0.000000035
S7-0474-004,S7-0474,GF_ROOF_SLAB,SUP-GF_ROOF_SLAB-165,SP-GF_ROOF_SLAB-15,Y,LBS-GF_ROOF_SLAB-15-Y-015,END_CONTINUOUS_RUN,SP-GF_ROOF_SLAB-23,43.944,1129.86,7500,43.944,0,0,"[""LBS-GF_ROOF_SLAB-23-Y-002""]",0.051080831,0.025540416,0.195077452,0.305166666,0.305166666,0.339074073,0.051080831,0.000000003
S7-0474-005,S7-0474,GF_ROOF_SLAB,SUP-GF_ROOF_SLAB-165,SP-GF_ROOF_SLAB-15,Y,LBS-GF_ROOF_SLAB-15-Y-016,END_CONTINUOUS_RUN,SP-GF_ROOF_SLAB-23,5.048,1129.86,7500,5.048,0,0,"[""LBS-GF_ROOF_SLAB-23-Y-002""]",0.005867833,0.002933917,0.022409226,0.035055558,0.035055558,0.03895062,0.005867833,-0.000000069
S7-0474-006,S7-0474,GF_ROOF_SLAB,SUP-GF_ROOF_SLAB-165,SP-GF_ROOF_SLAB-15,Y,LBS-GF_ROOF_SLAB-15-Y-017,END_CONTINUOUS_RUN,SP-GF_ROOF_SLAB-23,39.111,1129.86,7500,39.111,0,0,"[""LBS-GF_ROOF_SLAB-23-Y-002""]",0.045462916,0.022731458,0.173622661,0.271604166,0.271604166,0.301782407,0.045462916,0.000000003
S7-0474-007,S7-0474,GF_ROOF_SLAB,SUP-GF_ROOF_SLAB-165,SP-GF_ROOF_SLAB-15,Y,LBS-GF_ROOF_SLAB-15-Y-018,END_CONTINUOUS_RUN,SP-GF_ROOF_SLAB-23,18.563,1129.86,7500,18.563,0,0,"[""LBS-GF_ROOF_SLAB-23-Y-002""]",0.021577769,0.010788885,0.082405398,0.128909724,0.128909724,0.143233027,0.021577769,-0.000000013
S7-0474-008,S7-0474,GF_ROOF_SLAB,SUP-GF_ROOF_SLAB-165,SP-GF_ROOF_SLAB-15,Y,LBS-GF_ROOF_SLAB-15-Y-019,END_CONTINUOUS_RUN,SP-GF_ROOF_SLAB-23,25.478,1129.86,7500,25.478,0,0,"[""LBS-GF_ROOF_SLAB-23-Y-002""]",0.029615816,0.014807908,0.113102661,0.176930556,0.176930556,0.196589507,0.029615816,-0.000000002
S7-0474-009,S7-0474,GF_ROOF_SLAB,SUP-GF_ROOF_SLAB-165,SP-GF_ROOF_SLAB-15,Y,LBS-GF_ROOF_SLAB-15-Y-020,END_CONTINUOUS_RUN,SP-GF_ROOF_SLAB-23,32.112,1129.86,7500,32.112,0,0,"[""LBS-GF_ROOF_SLAB-23-Y-002""]",0.037327227,0.018663613,0.142552503,0.223000002,0.223000002,0.24777778,0.037327227,-0.000000008
S7-0474-010,S7-0474,GF_ROOF_SLAB,SUP-GF_ROOF_SLAB-165,SP-GF_ROOF_SLAB-15,Y,LBS-GF_ROOF_SLAB-15-Y-021,END_CONTINUOUS_RUN,SP-GF_ROOF_SLAB-23,11.484,1129.86,7500,11.484,0,0,"[""LBS-GF_ROOF_SLAB-23-Y-002""]",0.013349087,0.006674544,0.0509801,0.079750002,0.079750002,0.088611113,0.013349087,-0.000000024
S7-0474-011,S7-0474,GF_ROOF_SLAB,SUP-GF_ROOF_SLAB-165,SP-GF_ROOF_SLAB-15,Y,LBS-GF_ROOF_SLAB-15-Y-022,END_CONTINUOUS_RUN,SP-GF_ROOF_SLAB-23,42.823,1129.86,7500,42.823,0,0,"[""LBS-GF_ROOF_SLAB-23-Y-002""]",0.049777772,0.024888886,0.190101076,0.297381942,0.297381942,0.33042438,0.049777772,0.000000009
S7-0474-012,S7-0474,GF_ROOF_SLAB,SUP-GF_ROOF_SLAB-165,SP-GF_ROOF_SLAB-15,Y,LBS-GF_ROOF_SLAB-15-Y-023,END_CONTINUOUS_RUN,SP-GF_ROOF_SLAB-23,2.797,1129.86,7500,2.797,0,0,"[""LBS-GF_ROOF_SLAB-23-Y-002""]",0.003251254,0.001625627,0.012416524,0.019423614,0.019423614,0.021581793,0.003251254,-0.000000147
S7-0474-013,S7-0474,GF_ROOF_SLAB,SUP-GF_ROOF_SLAB-165,SP-GF_ROOF_SLAB-15,Y,LBS-GF_ROOF_SLAB-15-Y-024,END_CONTINUOUS_RUN,SP-GF_ROOF_SLAB-23,38.932,1129.86,7500,38.932,0,0,"[""LBS-GF_ROOF_SLAB-23-Y-002""]",0.045254845,0.022627423,0.172828039,0.27036111,0.27036111,0.300401233,0.045254845,0.000000005
S7-0474-014,S7-0474,GF_ROOF_SLAB,SUP-GF_ROOF_SLAB-165,SP-GF_ROOF_SLAB-15,Y,LBS-GF_ROOF_SLAB-15-Y-025,END_CONTINUOUS_RUN,SP-GF_ROOF_SLAB-23,17.286,1129.86,7500,17.286,0,0,"[""LBS-GF_ROOF_SLAB-23-Y-002""]",0.020093374,0.010046687,0.0767365,0.120041664,0.120041664,0.133379627,0.020093374,0.000000023
S7-0474-015,S7-0474,GF_ROOF_SLAB,SUP-GF_ROOF_SLAB-165,SP-GF_ROOF_SLAB-15,Y,LBS-GF_ROOF_SLAB-15-Y-026,END_CONTINUOUS_RUN,SP-GF_ROOF_SLAB-23,23.038,1129.86,7500,23.038,0,0,"[""LBS-GF_ROOF_SLAB-23-Y-002""]",0.026779542,0.013389771,0.102270944,0.159986112,0.159986112,0.177762347,0.026779542,-0.000000005
S7-0474-016,S7-0474,GF_ROOF_SLAB,SUP-GF_ROOF_SLAB-165,SP-GF_ROOF_SLAB-15,Y,LBS-GF_ROOF_SLAB-15-Y-027,END_CONTINUOUS_RUN,SP-GF_ROOF_SLAB-23,31.902,1129.86,7500,31.902,0,0,"[""LBS-GF_ROOF_SLAB-23-Y-002""]",0.037083121,0.01854156,0.141620264,0.221541666,0.221541666,0.246157407,0.037083121,0.000000004
S7-0474-017,S7-0474,GF_ROOF_SLAB,SUP-GF_ROOF_SLAB-165,SP-GF_ROOF_SLAB-15,Y,LBS-GF_ROOF_SLAB-15-Y-028,END_CONTINUOUS_RUN,SP-GF_ROOF_SLAB-23,6.715,1129.86,7500,6.715,0,0,"[""LBS-GF_ROOF_SLAB-23-Y-002""]",0.007805566,0.003902783,0.02980942,0.046631946,0.046631946,0.051813273,0.007805566,-0.000000033
S7-0474-018,S7-0474,GF_ROOF_SLAB,SUP-GF_ROOF_SLAB-165,SP-GF_ROOF_SLAB-15,Y,LBS-GF_ROOF_SLAB-15-Y-029,END_CONTINUOUS_RUN,SP-GF_ROOF_SLAB-23,46.562,1129.86,7500,46.562,0,0,"[""LBS-GF_ROOF_SLAB-23-Y-002""]",0.054124014,0.027062007,0.206699354,0.323347224,0.323347224,0.359274693,0.054124014,-0.000000005
S7-0474-019,S7-0474,GF_ROOF_SLAB,SUP-GF_ROOF_SLAB-165,SP-GF_ROOF_SLAB-15,Y,LBS-GF_ROOF_SLAB-15-Y-030,END_CONTINUOUS_RUN,SP-GF_ROOF_SLAB-23,51.241,1129.86,7500,51.241,0,0,"[""LBS-GF_ROOF_SLAB-23-Y-002""]",0.059562918,0.029781459,0.227470502,0.355840278,0.355840278,0.395378087,0.059562918,0
S7-0474-020,S7-0474,GF_ROOF_SLAB,SUP-GF_ROOF_SLAB-165,SP-GF_ROOF_SLAB-15,Y,LBS-GF_ROOF_SLAB-15-Y-031,END_CONTINUOUS_RUN,SP-GF_ROOF_SLAB-23,3.377,1129.86,7500,3.377,0,0,"[""LBS-GF_ROOF_SLAB-23-Y-002""]",0.00392545,0.001962725,0.014991275,0.02345139,0.02345139,0.0260571,0.00392545,-0.000000047
S7-0474-021,S7-0474,GF_ROOF_SLAB,SUP-GF_ROOF_SLAB-165,SP-GF_ROOF_SLAB-15,Y,LBS-GF_ROOF_SLAB-15-Y-032,END_CONTINUOUS_RUN,SP-GF_ROOF_SLAB-23,45.472,1129.86,7500,45.472,0,0,"[""LBS-GF_ROOF_SLAB-23-Y-002""]",0.05285699,0.026428495,0.201860595,0.31577778,0.31577778,0.3508642,0.05285699,-0.000000006
S7-0474-022,S7-0474,GF_ROOF_SLAB,SUP-GF_ROOF_SLAB-165,SP-GF_ROOF_SLAB-15,Y,LBS-GF_ROOF_SLAB-15-Y-033,END_CONTINUOUS_RUN,SP-GF_ROOF_SLAB-23,49.766,1129.86,7500,49.766,0,0,"[""LBS-GF_ROOF_SLAB-23-Y-002""]",0.057848367,0.028924184,0.22092264,0.345597222,0.345597222,0.383996913,0.057848367,0.000000001
S7-0474-023,S7-0474,GF_ROOF_SLAB,SUP-GF_ROOF_SLAB-165,SP-GF_ROOF_SLAB-15,Y,LBS-GF_ROOF_SLAB-15-Y-034,END_CONTINUOUS_RUN,SP-GF_ROOF_SLAB-23,35.497,1129.86,7500,35.497,0,0,"[""LBS-GF_ROOF_SLAB-23-Y-002""]",0.041261976,0.020630988,0.157579291,0.246506946,0.246506946,0.273896607,0.041261976,-0.000000006
S7-0474-024,S7-0474,GF_ROOF_SLAB,SUP-GF_ROOF_SLAB-165,SP-GF_ROOF_SLAB-15,Y,LBS-GF_ROOF_SLAB-15-Y-035,END_CONTINUOUS_RUN,SP-GF_ROOF_SLAB-23,53.196,1129.86,7500,53.196,0,0,"[""LBS-GF_ROOF_SLAB-23-Y-002""]",0.061835424,0.030917712,0.236149192,0.369416664,0.369416664,0.41046296,0.061835424,0.000000008
S7-0474-025,S7-0474,GF_ROOF_SLAB,SUP-GF_ROOF_SLAB-165,SP-GF_ROOF_SLAB-15,Y,LBS-GF_ROOF_SLAB-15-Y-036,END_CONTINUOUS_RUN,SP-GF_ROOF_SLAB-23,26.314,1129.86,7500,26.314,0,0,"[""LBS-GF_ROOF_SLAB-23-Y-002""]",0.030587589,0.015293794,0.116813858,0.182736114,0.182736114,0.203040127,0.030587589,-0.000000015
S7-0474-026,S7-0474,GF_ROOF_SLAB,SUP-GF_ROOF_SLAB-165,SP-GF_ROOF_SLAB-15,Y,LBS-GF_ROOF_SLAB-15-Y-037,END_CONTINUOUS_RUN,SP-GF_ROOF_SLAB-23,55.272,1129.86,7500,55.272,0,0,"[""LBS-GF_ROOF_SLAB-23-Y-002""]",0.064248582,0.032124291,0.245365031,0.383833332,0.383833332,0.42648148,0.064248582,0.000000004
S7-0474-027,S7-0474,GF_ROOF_SLAB,SUP-GF_ROOF_SLAB-165,SP-GF_ROOF_SLAB-15,Y,LBS-GF_ROOF_SLAB-15-Y-038,END_CONTINUOUS_RUN,SP-GF_ROOF_SLAB-23,18.058,1129.86,7500,18.058,0,0,"[""LBS-GF_ROOF_SLAB-23-Y-002""]",0.020990753,0.010495377,0.080163586,0.125402778,0.125402778,0.13933642,0.020990753,-0.000000001
S7-0474-028,S7-0474,GF_ROOF_SLAB,SUP-GF_ROOF_SLAB-165,SP-GF_ROOF_SLAB-15,Y,LBS-GF_ROOF_SLAB-15-Y-039,END_CONTINUOUS_RUN,SP-GF_ROOF_SLAB-23,55.904,1129.86,7500,55.904,0,0,"[""LBS-GF_ROOF_SLAB-23-Y-002""]",0.064983224,0.032491612,0.248170625,0.388222224,0.388222224,0.431358027,0.064983224,-0.000000004
S7-0474-029,S7-0474,GF_ROOF_SLAB,SUP-GF_ROOF_SLAB-165,SP-GF_ROOF_SLAB-15,Y,LBS-GF_ROOF_SLAB-15-Y-040,END_CONTINUOUS_RUN,SP-GF_ROOF_SLAB-23,10.849,1129.86,7500,10.849,0,0,"[""LBS-GF_ROOF_SLAB-23-Y-002""]",0.012610958,0.006305479,0.048161189,0.075340278,0.075340278,0.08371142,0.012610958,-0.000000002
S7-0474-030,S7-0474,GF_ROOF_SLAB,SUP-GF_ROOF_SLAB-165,SP-GF_ROOF_SLAB-15,Y,LBS-GF_ROOF_SLAB-15-Y-041,END_CONTINUOUS_RUN,SP-GF_ROOF_SLAB-23,55.019,1129.86,7500,55.019,0,0,"[""LBS-GF_ROOF_SLAB-23-Y-002""]",0.063954493,0.031977247,0.244241907,0.382076388,0.382076388,0.42452932,0.063954493,0.000000003
S7-0474-031,S7-0474,GF_ROOF_SLAB,SUP-GF_ROOF_SLAB-165,SP-GF_ROOF_SLAB-15,Y,LBS-GF_ROOF_SLAB-15-Y-042,END_CONTINUOUS_RUN,SP-GF_ROOF_SLAB-23,4.798,1129.86,7500,4.798,0,0,"[""LBS-GF_ROOF_SLAB-23-Y-002""]",0.005577231,0.002788616,0.021299419,0.033319446,0.033319446,0.037021607,0.005577231,-0.000000046
S7-0474-032,S7-0474,GF_ROOF_SLAB,SUP-GF_ROOF_SLAB-165,SP-GF_ROOF_SLAB-15,Y,LBS-GF_ROOF_SLAB-15-Y-043,END_CONTINUOUS_RUN,SP-GF_ROOF_SLAB-23,52.559,1129.86,7500,52.555,0.004,0,"[""LBS-GF_ROOF_SLAB-23-Y-002""]",0.061094971,0.030547486,0.233308298,0.364969463,0.364969463,0.405521625,0.061094971,-0.000000001
S7-0475-001,S7-0475,GF_ROOF_SLAB,SUP-GF_ROOF_SLAB-165,SP-GF_ROOF_SLAB-23,Y,LBS-GF_ROOF_SLAB-23-Y-002,END_CONTINUOUS_RUN,SP-GF_ROOF_SLAB-15,950,7500,1129.9,949.996,0.004,0,"[""LBS-GF_ROOF_SLAB-15-Y-012"", ""LBS-GF_ROOF_SLAB-15-Y-013"", ""LBS-GF_ROOF_SLAB-15-Y-014"", ""LBS-GF_ROOF_SLAB-15-Y-015"", ""LBS-GF_ROOF_SLAB-15-Y-016"", ""LBS-GF_ROOF_SLAB-15-Y-017"", ""LBS-GF_ROOF_SLAB-15-Y-018"", ""LBS-GF_ROOF_SLAB-15-Y-019"", ""LBS-GF_ROOF_SLAB-15-Y-020"", ""LBS-GF_ROOF_SLAB-15-Y-021"", ""LBS-GF_ROOF_SLAB-15-Y-022"", ""LBS-GF_ROOF_SLAB-15-Y-023"", ""LBS-GF_ROOF_SLAB-15-Y-024"", ""LBS-GF_ROOF_SLAB-15-Y-025"", ""LBS-GF_ROOF_SLAB-15-Y-026"", ""LBS-GF_ROOF_SLAB-15-Y-027"", ""LBS-GF_ROOF_SLAB-15-Y-028"", ""LBS-GF_ROOF_SLAB-15-Y-029"", ""LBS-GF_ROOF_SLAB-15-Y-030"", ""LBS-GF_ROOF_SLAB-15-Y-031"", ""LBS-GF_ROOF_SLAB-15-Y-032"", ""LBS-GF_ROOF_SLAB-15-Y-033"", ""LBS-GF_ROOF_SLAB-15-Y-034"", ""LBS-GF_ROOF_SLAB-15-Y-035"", ""LBS-GF_ROOF_SLAB-15-Y-036"", ""LBS-GF_ROOF_SLAB-15-Y-037"", ""LBS-GF_ROOF_SLAB-15-Y-038"", ""LBS-GF_ROOF_SLAB-15-Y-039"", ""LBS-GF_ROOF_SLAB-15-Y-040"", ""LBS-GF_ROOF_SLAB-15-Y-041"", ""LBS-GF_ROOF_SLAB-15-Y-042"", ""LBS-GF_ROOF_SLAB-15-Y-043""]",7.330246914,3.665123457,4.21729963,6.597222223,6.597222223,7.330246914,7.330246914,0.000000001
