ELEMENT_ID,ROW_KIND,PARENT_ELEMENT,ELEMENT_FAMILY,FLOOR,SOURCE_PAGE,DXF_HANDLES,PHYSICAL_GEOMETRY,CONCRETE_QUANTITY_STATE,REBAR_COMPONENTS,EXISTING_STAGE_OWNER,NEW_S8_OWNER,S8_SCOPE,SOURCE_AUTHORITY,MISSING_INFORMATION,CONFLICT,QA_STATE,SOURCE_REGISTER
FTG-F-1888-7312,ELEMENT,,ISOLATED_FOOTING,FOUNDATION,2 (plan); 9 (schedule); 13 (typical detail),"[""1669:F>v"", ""1680:CF>v""]",L 90 x W 80 x D 30 cm (schedule); supports 1 column(s),V3b B0001 C-FTG: technical PARTIAL 64.346 m3,"[""BOTTOM_LONG:VERIFIED"", ""BOTTOM_SHORT:VERIFIED"", ""BOXED:BLOCKED_UNQUANTIFIED"", ""STARTER_DOWEL_REFERENCE:NOT_APPLICABLE"", ""TOP_LONG:NOT_APPLICABLE"", ""TOP_SHORT:NOT_APPLICABLE""]",S4.1 (FOCC-1669 REBAR_LOWER_BOUND; D1.2 cover authority),NONE (stays with the existing stage),,PROJECT_SOURCE (plan outline + schedule row),BOXED bar meaning; founding level,,COUNTED_OWNED,S1 FOOTING_OCCURRENCE_REGISTER + S4 FOOTING_REBAR_OCCURRENCES
FTG-F15-7088-7312,ELEMENT,,ISOLATED_FOOTING,FOUNDATION,2 (plan); 9 (schedule); 13 (typical detail),"[""1B2A"", ""1B29""]",L 180 x W 100 x D 40 cm (schedule); supports 1 column(s),V3b B0001 C-FTG: technical PARTIAL 64.346 m3,"[""BOTTOM_LONG:VERIFIED"", ""BOTTOM_SHORT:VERIFIED"", ""BOXED:BLOCKED_UNQUANTIFIED"", ""STARTER_DOWEL_REFERENCE:NOT_APPLICABLE"", ""TOP_LONG:NOT_APPLICABLE"", ""TOP_SHORT:NOT_APPLICABLE""]",S4.1 (FOCC-1B2A REBAR_LOWER_BOUND; D1.2 cover authority),NONE (stays with the existing stage),,PROJECT_SOURCE (plan outline + schedule row),BOXED bar meaning; founding level,,COUNTED_OWNED,S1 FOOTING_OCCURRENCE_REGISTER + S4 FOOTING_REBAR_OCCURRENCES
FTG-F-13638-7312,ELEMENT,,ISOLATED_FOOTING,FOUNDATION,2 (plan); 9 (schedule); 13 (typical detail),"[""166A:F>v"", ""1682:CF>v""]",L 90 x W 80 x D 30 cm (schedule); supports 1 column(s),V3b B0001 C-FTG: technical PARTIAL 64.346 m3,"[""BOTTOM_LONG:VERIFIED"", ""BOTTOM_SHORT:VERIFIED"", ""BOXED:BLOCKED_UNQUANTIFIED"", ""STARTER_DOWEL_REFERENCE:NOT_APPLICABLE"", ""TOP_LONG:NOT_APPLICABLE"", ""TOP_SHORT:NOT_APPLICABLE""]",S4.1 (FOCC-166A REBAR_LOWER_BOUND; D1.2 cover authority),NONE (stays with the existing stage),,PROJECT_SOURCE (plan outline + schedule row),BOXED bar meaning; founding level,,COUNTED_OWNED,S1 FOOTING_OCCURRENCE_REGISTER + S4 FOOTING_REBAR_OCCURRENCES
FTG-F11-16163-7312,ELEMENT,,ISOLATED_FOOTING,FOUNDATION,2 (plan); 9 (schedule); 13 (typical detail),"[""1B07"", ""1684:F11>v""]",L 350 x W 150 x D 50 cm (schedule); supports 1 column(s),V3b B0001 C-FTG: technical PARTIAL 64.346 m3,"[""BOTTOM_LONG:VERIFIED"", ""BOTTOM_SHORT:VERIFIED"", ""BOXED:BLOCKED_UNQUANTIFIED"", ""STARTER_DOWEL_REFERENCE:NOT_APPLICABLE"", ""TOP_LONG:NOT_APPLICABLE"", ""TOP_SHORT:NOT_APPLICABLE""]",S4.1 (FOCC-1B07 REBAR_LOWER_BOUND; D1.2 cover authority),NONE (stays with the existing stage),,PROJECT_SOURCE (plan outline + schedule row),BOXED bar meaning; founding level,,COUNTED_OWNED,S1 FOOTING_OCCURRENCE_REGISTER + S4 FOOTING_REBAR_OCCURRENCES
FTG-F14-22408-7312,ELEMENT,,COMBINED_FOOTING,FOUNDATION,2 (plan); 9 (schedule); 13 (typical detail),"[""1B1A"", ""1683""]",L 380 x W 330 x D 50 cm (schedule); supports 2 column(s),V3b B0001 C-FTG: technical PARTIAL 64.346 m3,"[""BOTTOM_LONG:LOWER_BOUND"", ""BOTTOM_SHORT:LOWER_BOUND"", ""BOXED:NOT_APPLICABLE"", ""STARTER_DOWEL_REFERENCE:NOT_APPLICABLE"", ""TOP_LONG:LOWER_BOUND"", ""TOP_SHORT:LOWER_BOUND""]",S4.1 (FOCC-1B1A REBAR_LOWER_BOUND; D1.2 cover authority),NONE (stays with the existing stage),,PROJECT_SOURCE (plan outline + schedule row),founding level,,COUNTED_OWNED,S1 FOOTING_OCCURRENCE_REGISTER + S4 FOOTING_REBAR_OCCURRENCES
FTG-CONFLICT_F_F10-30008-7312,ELEMENT,,COMBINED_FOOTING,FOUNDATION,2 (plan); 9 (schedule); 13 (typical detail),"[""1B1B"", ""10A5""]",outline drawn; two schedule definitions (F / F10); supports 2 column(s),"V3b B0002 C-FTG-FF10: technical BLOCKED_SOURCE_CONFLICT (commercial PROVISIONAL_SOURCE_RANGE 1.96 m3, not technical)","[""BOTTOM_LONG:BLOCKED_UNQUANTIFIED"", ""BOTTOM_SHORT:BLOCKED_UNQUANTIFIED"", ""BOXED:BLOCKED_UNQUANTIFIED"", ""STARTER_DOWEL_REFERENCE:NOT_APPLICABLE"", ""TOP_LONG:NOT_APPLICABLE"", ""TOP_SHORT:NOT_APPLICABLE""]",S4.1 (FOCC-1B1B REBAR_BLOCKED; D1.2 cover authority),NONE (stays with the existing stage),,PROJECT_SOURCE (plan outline + schedule row),BOXED bar meaning; founding level,"F / F10: one drawn outline, two schedule definitions",COUNTED_SOURCE_CONFLICT,S1 FOOTING_OCCURRENCE_REGISTER + S4 FOOTING_REBAR_OCCURRENCES
FTG-F5-26458-7912,ELEMENT,,ISOLATED_FOOTING,FOUNDATION,2 (plan); 9 (schedule); 13 (typical detail),"[""166D:F>v"", ""166F""]",L 240 x W 210 x D 40 cm (schedule); supports 1 column(s),V3b B0001 C-FTG: technical PARTIAL 64.346 m3,"[""BOTTOM_LONG:VERIFIED"", ""BOTTOM_SHORT:VERIFIED"", ""BOXED:BLOCKED_UNQUANTIFIED"", ""STARTER_DOWEL_REFERENCE:NOT_APPLICABLE"", ""TOP_LONG:NOT_APPLICABLE"", ""TOP_SHORT:NOT_APPLICABLE""]",S4.1 (FOCC-166D REBAR_LOWER_BOUND; D1.2 cover authority),NONE (stays with the existing stage),,PROJECT_SOURCE (plan outline + schedule row),BOXED bar meaning; founding level,,COUNTED_OWNED,S1 FOOTING_OCCURRENCE_REGISTER + S4 FOOTING_REBAR_OCCURRENCES
FTG-F3-11838-8262,ELEMENT,,ISOLATED_FOOTING,FOUNDATION,2 (plan); 9 (schedule); 13 (typical detail),"[""166C:F>v"", ""168E""]",L 160 x W 140 x D 30 cm (schedule); supports 1 column(s),V3b B0001 C-FTG: technical PARTIAL 64.346 m3,"[""BOTTOM_LONG:VERIFIED"", ""BOTTOM_SHORT:VERIFIED"", ""BOXED:BLOCKED_UNQUANTIFIED"", ""STARTER_DOWEL_REFERENCE:NOT_APPLICABLE"", ""TOP_LONG:NOT_APPLICABLE"", ""TOP_SHORT:NOT_APPLICABLE""]",S4.1 (FOCC-166C REBAR_LOWER_BOUND; D1.2 cover authority),NONE (stays with the existing stage),,PROJECT_SOURCE (plan outline + schedule row),BOXED bar meaning; founding level,,COUNTED_OWNED,S1 FOOTING_OCCURRENCE_REGISTER + S4 FOOTING_REBAR_OCCURRENCES
FTG-F13-11188-10712,ELEMENT,,COMBINED_FOOTING,FOUNDATION,2 (plan); 9 (schedule); 13 (typical detail),"[""1ADB"", ""1ADC""]",L 430 x W 240 x D 50 cm (schedule); supports 2 column(s),V3b B0001 C-FTG: technical PARTIAL 64.346 m3,"[""BOTTOM_LONG:LOWER_BOUND"", ""BOTTOM_SHORT:LOWER_BOUND"", ""BOXED:NOT_APPLICABLE"", ""STARTER_DOWEL_REFERENCE:NOT_APPLICABLE"", ""TOP_LONG:LOWER_BOUND"", ""TOP_SHORT:LOWER_BOUND""]",S4.1 (FOCC-1ADB REBAR_LOWER_BOUND; D1.2 cover authority),NONE (stays with the existing stage),,PROJECT_SOURCE (plan outline + schedule row),founding level,,COUNTED_OWNED,S1 FOOTING_OCCURRENCE_REGISTER + S4 FOOTING_REBAR_OCCURRENCES
FTG-FN-32258-10812,ELEMENT,,ISOLATED_FOOTING,FOUNDATION,2 (plan); 9 (schedule); 13 (typical detail),"[""1100+1101+1102+1103"", ""168A""]",L 100 x W 100 x D 30 cm (schedule); supports 1 column(s),V3b B0001 C-FTG: technical PARTIAL 64.346 m3,"[""BOTTOM_LONG:VERIFIED"", ""BOTTOM_SHORT:VERIFIED"", ""BOXED:BLOCKED_UNQUANTIFIED"", ""STARTER_DOWEL_REFERENCE:NOT_APPLICABLE"", ""TOP_LONG:NOT_APPLICABLE"", ""TOP_SHORT:NOT_APPLICABLE""]",S4.1 (FOCC-1100 REBAR_LOWER_BOUND; D1.2 cover authority),NONE (stays with the existing stage),,PROJECT_SOURCE (plan outline + schedule row),BOXED bar meaning; founding level,,COUNTED_OWNED,S1 FOOTING_OCCURRENCE_REGISTER + S4 FOOTING_REBAR_OCCURRENCES
FTG-F6-15938-11062,ELEMENT,,ISOLATED_FOOTING,FOUNDATION,2 (plan); 9 (schedule); 13 (typical detail),"[""1B19"", ""168D""]",L 260 x W 220 x D 50 cm (schedule); supports 1 column(s),V3b B0001 C-FTG: technical PARTIAL 64.346 m3,"[""BOTTOM_LONG:VERIFIED"", ""BOTTOM_SHORT:VERIFIED"", ""BOXED:BLOCKED_UNQUANTIFIED"", ""STARTER_DOWEL_REFERENCE:NOT_APPLICABLE"", ""TOP_LONG:NOT_APPLICABLE"", ""TOP_SHORT:NOT_APPLICABLE""]",S4.1 (FOCC-1B19 REBAR_LOWER_BOUND; D1.2 cover authority),NONE (stays with the existing stage),,PROJECT_SOURCE (plan outline + schedule row),BOXED bar meaning; founding level,,COUNTED_OWNED,S1 FOOTING_OCCURRENCE_REGISTER + S4 FOOTING_REBAR_OCCURRENCES
FTG-F3-5538-11362,ELEMENT,,ISOLATED_FOOTING,FOUNDATION,2 (plan); 9 (schedule); 13 (typical detail),"[""166B:F>v"", ""168F""]",L 160 x W 140 x D 30 cm (schedule); supports 1 column(s),V3b B0001 C-FTG: technical PARTIAL 64.346 m3,"[""BOTTOM_LONG:VERIFIED"", ""BOTTOM_SHORT:VERIFIED"", ""BOXED:BLOCKED_UNQUANTIFIED"", ""STARTER_DOWEL_REFERENCE:NOT_APPLICABLE"", ""TOP_LONG:NOT_APPLICABLE"", ""TOP_SHORT:NOT_APPLICABLE""]",S4.1 (FOCC-166B REBAR_LOWER_BOUND; D1.2 cover authority),NONE (stays with the existing stage),,PROJECT_SOURCE (plan outline + schedule row),BOXED bar meaning; founding level,,COUNTED_OWNED,S1 FOOTING_OCCURRENCE_REGISTER + S4 FOOTING_REBAR_OCCURRENCES
FTG-FN-23558-12287,ELEMENT,,ISOLATED_FOOTING,FOUNDATION,2 (plan); 9 (schedule); 13 (typical detail),"[""10F8+10F9+10FA+10FB"", ""10F5""]",L 100 x W 100 x D 30 cm (schedule); supports 1 column(s),V3b B0001 C-FTG: technical PARTIAL 64.346 m3,"[""BOTTOM_LONG:VERIFIED"", ""BOTTOM_SHORT:VERIFIED"", ""BOXED:BLOCKED_UNQUANTIFIED"", ""STARTER_DOWEL_REFERENCE:NOT_APPLICABLE"", ""TOP_LONG:NOT_APPLICABLE"", ""TOP_SHORT:NOT_APPLICABLE""]",S4.1 (FOCC-10F8 REBAR_LOWER_BOUND; D1.2 cover authority),NONE (stays with the existing stage),,PROJECT_SOURCE (plan outline + schedule row),BOXED bar meaning; founding level,,COUNTED_OWNED,S1 FOOTING_OCCURRENCE_REGISTER + S4 FOOTING_REBAR_OCCURRENCES
FTG-FN-28083-12287,ELEMENT,,ISOLATED_FOOTING,FOUNDATION,2 (plan); 9 (schedule); 13 (typical detail),"[""10F0+10F1+10F2+10F3"", ""10ED""]",L 100 x W 100 x D 30 cm (schedule); supports 1 column(s),V3b B0001 C-FTG: technical PARTIAL 64.346 m3,"[""BOTTOM_LONG:VERIFIED"", ""BOTTOM_SHORT:VERIFIED"", ""BOXED:BLOCKED_UNQUANTIFIED"", ""STARTER_DOWEL_REFERENCE:NOT_APPLICABLE"", ""TOP_LONG:NOT_APPLICABLE"", ""TOP_SHORT:NOT_APPLICABLE""]",S4.1 (FOCC-10F0 REBAR_LOWER_BOUND; D1.2 cover authority),NONE (stays with the existing stage),,PROJECT_SOURCE (plan outline + schedule row),BOXED bar meaning; founding level,,COUNTED_OWNED,S1 FOOTING_OCCURRENCE_REGISTER + S4 FOOTING_REBAR_OCCURRENCES
FTG-F8-29258-13262,ELEMENT,,COMBINED_FOOTING,FOUNDATION,2 (plan); 9 (schedule); 13 (typical detail),"[""1B24"", ""1B25""]",L 400 x W 360 x D 50 cm (schedule); supports 3 column(s),V3b B0001 C-FTG: technical PARTIAL 64.346 m3,"[""BOTTOM_LONG:LOWER_BOUND"", ""BOTTOM_SHORT:LOWER_BOUND"", ""BOXED:NOT_APPLICABLE"", ""STARTER_DOWEL_REFERENCE:NOT_APPLICABLE"", ""TOP_LONG:LOWER_BOUND"", ""TOP_SHORT:LOWER_BOUND""]",S4.1 (FOCC-1B24 REBAR_LOWER_BOUND; D1.2 cover authority),NONE (stays with the existing stage),,PROJECT_SOURCE (plan outline + schedule row),founding level,,COUNTED_OWNED,S1 FOOTING_OCCURRENCE_REGISTER + S4 FOOTING_REBAR_OCCURRENCES
FTG-F-1888-13312,ELEMENT,,ISOLATED_FOOTING,FOUNDATION,2 (plan); 9 (schedule); 13 (typical detail),"[""1668:F>v"", ""167F:CF>v""]",L 90 x W 80 x D 30 cm (schedule); supports 1 column(s),V3b B0001 C-FTG: technical PARTIAL 64.346 m3,"[""BOTTOM_LONG:VERIFIED"", ""BOTTOM_SHORT:VERIFIED"", ""BOXED:BLOCKED_UNQUANTIFIED"", ""STARTER_DOWEL_REFERENCE:NOT_APPLICABLE"", ""TOP_LONG:NOT_APPLICABLE"", ""TOP_SHORT:NOT_APPLICABLE""]",S4.1 (FOCC-1668 REBAR_LOWER_BOUND; D1.2 cover authority),NONE (stays with the existing stage),,PROJECT_SOURCE (plan outline + schedule row),BOXED bar meaning; founding level,,COUNTED_OWNED,S1 FOOTING_OCCURRENCE_REGISTER + S4 FOOTING_REBAR_OCCURRENCES
FTG-F-4288-13462,ELEMENT,,ISOLATED_FOOTING,FOUNDATION,2 (plan); 9 (schedule); 13 (typical detail),"[""1667:F>v"", ""1678:CF>v""]",L 90 x W 80 x D 30 cm (schedule); supports 1 column(s),V3b B0001 C-FTG: technical PARTIAL 64.346 m3,"[""BOTTOM_LONG:VERIFIED"", ""BOTTOM_SHORT:VERIFIED"", ""BOXED:BLOCKED_UNQUANTIFIED"", ""STARTER_DOWEL_REFERENCE:NOT_APPLICABLE"", ""TOP_LONG:NOT_APPLICABLE"", ""TOP_SHORT:NOT_APPLICABLE""]",S4.1 (FOCC-1667 REBAR_LOWER_BOUND; D1.2 cover authority),NONE (stays with the existing stage),,PROJECT_SOURCE (plan outline + schedule row),BOXED bar meaning; founding level,,COUNTED_OWNED,S1 FOOTING_OCCURRENCE_REGISTER + S4 FOOTING_REBAR_OCCURRENCES
FTG-FF-18688-14112,ELEMENT,,LIFT_FOOTING (lift base FF),FOUNDATION,2 (plan); 9 (schedule); 13 (typical detail),"[""1B2B"", ""1676""]",L 460 x W 450 x D 55 cm (schedule); supports 4 column(s),V3b B0001 C-FTG: technical PARTIAL 64.346 m3,"[""BOTTOM_LONG:LOWER_BOUND"", ""BOTTOM_SHORT:LOWER_BOUND"", ""BOXED:NOT_APPLICABLE"", ""OTHER_EXPLICIT_EXTRA:BLOCKED_UNQUANTIFIED"", ""STARTER_DOWEL_REFERENCE:NOT_APPLICABLE"", ""TOP_LONG:LOWER_BOUND"", ""TOP_SHORT:LOWER_BOUND""]",S4.1 (FOCC-1B2B REBAR_LOWER_BOUND; D1.2 cover authority),NONE (stays with the existing stage),,PROJECT_SOURCE (plan outline + schedule row),founding level; the lift walls on FF are the S8 LIFT element SPC-LIFT_PIT,,COUNTED_OWNED,S1 FOOTING_OCCURRENCE_REGISTER + S4 FOOTING_REBAR_OCCURRENCES
FTG-F12-13688-14562,ELEMENT,,COMBINED_FOOTING,FOUNDATION,2 (plan); 9 (schedule); 13 (typical detail),"[""1ABF"", ""1ADA""]",L 440 x W 320 x D 70 cm (schedule); supports 2 column(s),V3b B0001 C-FTG: technical PARTIAL 64.346 m3,"[""BOTTOM_LONG:LOWER_BOUND"", ""BOTTOM_SHORT:LOWER_BOUND"", ""BOXED:NOT_APPLICABLE"", ""STARTER_DOWEL_REFERENCE:NOT_APPLICABLE"", ""TOP_LONG:LOWER_BOUND"", ""TOP_SHORT:LOWER_BOUND""]",S4.1 (FOCC-1ABF REBAR_LOWER_BOUND; D1.2 cover authority),NONE (stays with the existing stage),,PROJECT_SOURCE (plan outline + schedule row),founding level,,COUNTED_OWNED,S1 FOOTING_OCCURRENCE_REGISTER + S4 FOOTING_REBAR_OCCURRENCES
FTG-F9-25608-15262,ELEMENT,,ISOLATED_FOOTING,FOUNDATION,2 (plan); 9 (schedule); 13 (typical detail),"[""180F"", ""1677""]",L 340 x W 270 x D 55 cm (schedule); supports 1 column(s),V3b B0001 C-FTG: technical PARTIAL 64.346 m3,"[""BOTTOM_LONG:VERIFIED"", ""BOTTOM_SHORT:VERIFIED"", ""BOXED:BLOCKED_UNQUANTIFIED"", ""STARTER_DOWEL_REFERENCE:NOT_APPLICABLE"", ""TOP_LONG:NOT_APPLICABLE"", ""TOP_SHORT:NOT_APPLICABLE""]",S4.1 (FOCC-180F REBAR_LOWER_BOUND; D1.2 cover authority),NONE (stays with the existing stage),,PROJECT_SOURCE (plan outline + schedule row),BOXED bar meaning; founding level,,COUNTED_OWNED,S1 FOOTING_OCCURRENCE_REGISTER + S4 FOOTING_REBAR_OCCURRENCES
FTG-FN-28608-17612,ELEMENT,,ISOLATED_FOOTING,FOUNDATION,2 (plan); 9 (schedule); 13 (typical detail),"[""180C"", ""1810""]",L 100 x W 100 x D 30 cm (schedule); supports 1 column(s),V3b B0001 C-FTG: technical PARTIAL 64.346 m3,"[""BOTTOM_LONG:VERIFIED"", ""BOTTOM_SHORT:VERIFIED"", ""BOXED:BLOCKED_UNQUANTIFIED"", ""STARTER_DOWEL_REFERENCE:NOT_APPLICABLE"", ""TOP_LONG:NOT_APPLICABLE"", ""TOP_SHORT:NOT_APPLICABLE""]",S4.1 (FOCC-180C REBAR_LOWER_BOUND; D1.2 cover authority),NONE (stays with the existing stage),,PROJECT_SOURCE (plan outline + schedule row),BOXED bar meaning; founding level,,COUNTED_OWNED,S1 FOOTING_OCCURRENCE_REGISTER + S4 FOOTING_REBAR_OCCURRENCES
FTG-F2-16188-19612,ELEMENT,,ISOLATED_FOOTING,FOUNDATION,2 (plan); 9 (schedule); 13 (typical detail),"[""165C:F>v"", ""1675""]",L 190 x W 170 x D 35 cm (schedule); supports 1 column(s),V3b B0001 C-FTG: technical PARTIAL 64.346 m3,"[""BOTTOM_LONG:VERIFIED"", ""BOTTOM_SHORT:VERIFIED"", ""BOXED:BLOCKED_UNQUANTIFIED"", ""STARTER_DOWEL_REFERENCE:NOT_APPLICABLE"", ""TOP_LONG:NOT_APPLICABLE"", ""TOP_SHORT:NOT_APPLICABLE""]",S4.1 (FOCC-165C REBAR_LOWER_BOUND; D1.2 cover authority),NONE (stays with the existing stage),,PROJECT_SOURCE (plan outline + schedule row),BOXED bar meaning; founding level,,COUNTED_OWNED,S1 FOOTING_OCCURRENCE_REGISTER + S4 FOOTING_REBAR_OCCURRENCES
FTG-F2-18888-19612,ELEMENT,,ISOLATED_FOOTING,FOUNDATION,2 (plan); 9 (schedule); 13 (typical detail),"[""1663:F>v"", ""1674""]",L 190 x W 170 x D 35 cm (schedule); supports 1 column(s),V3b B0001 C-FTG: technical PARTIAL 64.346 m3,"[""BOTTOM_LONG:VERIFIED"", ""BOTTOM_SHORT:VERIFIED"", ""BOXED:BLOCKED_UNQUANTIFIED"", ""STARTER_DOWEL_REFERENCE:NOT_APPLICABLE"", ""TOP_LONG:NOT_APPLICABLE"", ""TOP_SHORT:NOT_APPLICABLE""]",S4.1 (FOCC-1663 REBAR_LOWER_BOUND; D1.2 cover authority),NONE (stays with the existing stage),,PROJECT_SOURCE (plan outline + schedule row),BOXED bar meaning; founding level,,COUNTED_OWNED,S1 FOOTING_OCCURRENCE_REGISTER + S4 FOOTING_REBAR_OCCURRENCES
FTG-F5-22358-19612,ELEMENT,,ISOLATED_FOOTING,FOUNDATION,2 (plan); 9 (schedule); 13 (typical detail),"[""1664:F>v"", ""1673""]",L 240 x W 210 x D 40 cm (schedule); supports 1 column(s),V3b B0001 C-FTG: technical PARTIAL 64.346 m3,"[""BOTTOM_LONG:VERIFIED"", ""BOTTOM_SHORT:VERIFIED"", ""BOXED:BLOCKED_UNQUANTIFIED"", ""STARTER_DOWEL_REFERENCE:NOT_APPLICABLE"", ""TOP_LONG:NOT_APPLICABLE"", ""TOP_SHORT:NOT_APPLICABLE""]",S4.1 (FOCC-1664 REBAR_LOWER_BOUND; D1.2 cover authority),NONE (stays with the existing stage),,PROJECT_SOURCE (plan outline + schedule row),BOXED bar meaning; founding level,,COUNTED_OWNED,S1 FOOTING_OCCURRENCE_REGISTER + S4 FOOTING_REBAR_OCCURRENCES
FTG-F4-26358-19662,ELEMENT,,ISOLATED_FOOTING,FOUNDATION,2 (plan); 9 (schedule); 13 (typical detail),"[""1665:F>v"", ""1672""]",L 220 x W 200 x D 40 cm (schedule); supports 1 column(s),V3b B0001 C-FTG: technical PARTIAL 64.346 m3,"[""BOTTOM_LONG:VERIFIED"", ""BOTTOM_SHORT:VERIFIED"", ""BOXED:BLOCKED_UNQUANTIFIED"", ""STARTER_DOWEL_REFERENCE:NOT_APPLICABLE"", ""TOP_LONG:NOT_APPLICABLE"", ""TOP_SHORT:NOT_APPLICABLE""]",S4.1 (FOCC-1665 REBAR_LOWER_BOUND; D1.2 cover authority),NONE (stays with the existing stage),,PROJECT_SOURCE (plan outline + schedule row),BOXED bar meaning; founding level,,COUNTED_OWNED,S1 FOOTING_OCCURRENCE_REGISTER + S4 FOOTING_REBAR_OCCURRENCES
FTG-F4-30408-19687,ELEMENT,,COMBINED_FOOTING,FOUNDATION,2 (plan); 9 (schedule); 13 (typical detail),"[""1666:F>v"", ""1671""]",L 220 x W 200 x D 40 cm (schedule); supports 2 column(s),V3b B0001 C-FTG: technical PARTIAL 64.346 m3,"[""BOTTOM_LONG:VERIFIED"", ""BOTTOM_SHORT:VERIFIED"", ""BOXED:BLOCKED_UNQUANTIFIED"", ""STARTER_DOWEL_REFERENCE:NOT_APPLICABLE"", ""TOP_LONG:NOT_APPLICABLE"", ""TOP_SHORT:NOT_APPLICABLE""]",S4.1 (FOCC-1666 REBAR_LOWER_BOUND; D1.2 cover authority),NONE (stays with the existing stage),,PROJECT_SOURCE (plan outline + schedule row),BOXED bar meaning; founding level,,COUNTED_OWNED,S1 FOOTING_OCCURRENCE_REGISTER + S4 FOOTING_REBAR_OCCURRENCES
COL-C10-X15-Y01-FOUNDATION,ELEMENT,,NECK_PEDESTAL (foundation storey of the column chain),FOUNDATION,1-6 (plans); 9 (schedule),"[""10E8"", ""88D"", ""255""]","C10 section [70.0, 30.0] cm (drawn), schedule [30.0, 70.0]","V3b B0005 C-NECK: technical BLOCKED (commercial PROVISIONAL_URBAN_FALLBACK 6.25 m3, not technical); CR COLUMNS_AND_JOINTS: foundation interval is a lower bound (founding level not printed)","[""LAP:PROVISIONAL"", ""MAIN_BARS:LOWER_BOUND"", ""OTHER_EXTRA:BLOCKED"", ""STARTER:BLOCKED"", ""TIES:BLOCKED"", ""TIES:LOWER_BOUND""]","S3.1 (columns, all storeys incl. the foundation storey / neck)",NONE (stays with the existing stage),,PROJECT_SOURCE (plan outline + type tag + schedule),founding level / neck height,,COUNTED_OWNED,S1 COLUMN_OCCURRENCE_REGISTER + S3.1 COLUMN_RELEASE
COL-C10-X15-Y01-GF,ELEMENT,,COLUMN,GF,1-6 (plans); 9 (schedule),"[""371""]","C10 section [70.0, 25.0] cm (drawn), schedule [25.0, 70.0]","V3b B0011 C-COL-GF: technical PARTIAL 13.42 m3; V3b B0012 C-COL-GF-RES: technical BLOCKED (commercial PROVISIONAL_GEOMETRIC_INFERENCE 3.6564 m3, not technical); V3b B0013 C-JNT-GF: technical DERIVED 1.878 m3","[""ANCHORAGE:PROVISIONAL"", ""MAIN_BARS:VERIFIED"", ""TIES:BLOCKED"", ""TIES:LOWER_BOUND""]","S3.1 (columns, all storeys incl. the foundation storey / neck)",NONE (stays with the existing stage),,PROJECT_SOURCE (plan outline + type tag + schedule),,,COUNTED_OWNED,S1 COLUMN_OCCURRENCE_REGISTER + S3.1 COLUMN_RELEASE
COL-C-X01-Y01-FOUNDATION,ELEMENT,,NECK_PEDESTAL (foundation storey of the column chain),FOUNDATION,1-6 (plans); 9 (schedule),"[""10AB"", ""849"", ""207""]","C section [50.0, 30.0] cm (drawn), schedule [30.0, 50.0]","V3b B0005 C-NECK: technical BLOCKED (commercial PROVISIONAL_URBAN_FALLBACK 6.25 m3, not technical); CR COLUMNS_AND_JOINTS: foundation interval is a lower bound (founding level not printed)","[""LAP:PROVISIONAL"", ""MAIN_BARS:LOWER_BOUND"", ""OTHER_EXTRA:BLOCKED"", ""STARTER:PROVISIONAL"", ""TIES:LOWER_BOUND""]","S3.1 (columns, all storeys incl. the foundation storey / neck)",NONE (stays with the existing stage),,PROJECT_SOURCE (plan outline + type tag + schedule),founding level / neck height,,COUNTED_OWNED,S1 COLUMN_OCCURRENCE_REGISTER + S3.1 COLUMN_RELEASE
COL-C-X01-Y01-GF,ELEMENT,,COLUMN,GF,1-6 (plans); 9 (schedule),"[""34D""]","C section [40.0, 20.0] cm (drawn), schedule [20.0, 50.0]","V3b B0011 C-COL-GF: technical PARTIAL 13.42 m3; V3b B0012 C-COL-GF-RES: technical BLOCKED (commercial PROVISIONAL_GEOMETRIC_INFERENCE 3.6564 m3, not technical); V3b B0013 C-JNT-GF: technical DERIVED 1.878 m3","[""ANCHORAGE:PROVISIONAL"", ""MAIN_BARS:VERIFIED"", ""TIES:LOWER_BOUND""]","S3.1 (columns, all storeys incl. the foundation storey / neck)",NONE (stays with the existing stage),,PROJECT_SOURCE (plan outline + type tag + schedule),,drawn vs schedule: MISMATCH,COUNTED_OWNED,S1 COLUMN_OCCURRENCE_REGISTER + S3.1 COLUMN_RELEASE
COL-C3-X04-Y01-FOUNDATION,ELEMENT,,NECK_PEDESTAL (foundation storey of the column chain),FOUNDATION,1-6 (plans); 9 (schedule),"[""10AE"", ""84C"", ""20B""]","C3 section [50.0, 30.0] cm (drawn), schedule [30.0, 50.0]","V3b B0005 C-NECK: technical BLOCKED (commercial PROVISIONAL_URBAN_FALLBACK 6.25 m3, not technical); CR COLUMNS_AND_JOINTS: foundation interval is a lower bound (founding level not printed)","[""LAP:LOWER_BOUND"", ""MAIN_BARS:LOWER_BOUND"", ""OTHER_EXTRA:BLOCKED"", ""STARTER:LOWER_BOUND"", ""TIES:LOWER_BOUND""]","S3.1 (columns, all storeys incl. the foundation storey / neck)",NONE (stays with the existing stage),,PROJECT_SOURCE (plan outline + type tag + schedule),founding level / neck height,,COUNTED_OWNED,S1 COLUMN_OCCURRENCE_REGISTER + S3.1 COLUMN_RELEASE
COL-C3-X04-Y01-GF,ELEMENT,,COLUMN,GF,1-6 (plans); 9 (schedule),"[""350""]","C3 section [40.0, 20.0] cm (drawn), schedule [25.0, 50.0]","V3b B0011 C-COL-GF: technical PARTIAL 13.42 m3; V3b B0012 C-COL-GF-RES: technical BLOCKED (commercial PROVISIONAL_GEOMETRIC_INFERENCE 3.6564 m3, not technical); V3b B0013 C-JNT-GF: technical DERIVED 1.878 m3","[""ANCHORAGE:LOWER_BOUND"", ""MAIN_BARS:LOWER_BOUND"", ""TIES:BLOCKED"", ""TIES:LOWER_BOUND""]","S3.1 (columns, all storeys incl. the foundation storey / neck)",NONE (stays with the existing stage),,PROJECT_SOURCE (plan outline + type tag + schedule),,drawn vs schedule: MISMATCH,COUNTED_OWNED,S1 COLUMN_OCCURRENCE_REGISTER + S3.1 COLUMN_RELEASE
COL-C-X06-Y01-FOUNDATION,ELEMENT,,NECK_PEDESTAL (foundation storey of the column chain),FOUNDATION,1-6 (plans); 9 (schedule),"[""10B7"", ""85B"", ""218""]","C section [50.0, 30.0] cm (drawn), schedule [30.0, 50.0]","V3b B0005 C-NECK: technical BLOCKED (commercial PROVISIONAL_URBAN_FALLBACK 6.25 m3, not technical); CR COLUMNS_AND_JOINTS: foundation interval is a lower bound (founding level not printed)","[""LAP:PROVISIONAL"", ""MAIN_BARS:LOWER_BOUND"", ""OTHER_EXTRA:BLOCKED"", ""STARTER:PROVISIONAL"", ""TIES:LOWER_BOUND""]","S3.1 (columns, all storeys incl. the foundation storey / neck)",NONE (stays with the existing stage),,PROJECT_SOURCE (plan outline + type tag + schedule),founding level / neck height,,COUNTED_OWNED,S1 COLUMN_OCCURRENCE_REGISTER + S3.1 COLUMN_RELEASE
COL-C-X06-Y01-GF,ELEMENT,,COLUMN,GF,1-6 (plans); 9 (schedule),"[""359""]","C section [40.0, 20.0] cm (drawn), schedule [20.0, 50.0]","V3b B0011 C-COL-GF: technical PARTIAL 13.42 m3; V3b B0012 C-COL-GF-RES: technical BLOCKED (commercial PROVISIONAL_GEOMETRIC_INFERENCE 3.6564 m3, not technical); V3b B0013 C-JNT-GF: technical DERIVED 1.878 m3","[""ANCHORAGE:PROVISIONAL"", ""MAIN_BARS:VERIFIED"", ""TIES:LOWER_BOUND""]","S3.1 (columns, all storeys incl. the foundation storey / neck)",NONE (stays with the existing stage),,PROJECT_SOURCE (plan outline + type tag + schedule),,drawn vs schedule: MISMATCH,COUNTED_OWNED,S1 COLUMN_OCCURRENCE_REGISTER + S3.1 COLUMN_RELEASE
COL-C11-X?-Y01@17913-7462-FOUNDATION,ELEMENT,,NECK_PEDESTAL (foundation storey of the column chain),FOUNDATION,1-6 (plans); 9 (schedule),"[""10DD"", ""883"", ""249""]","C11 section [110.0, 30.0] cm (drawn), schedule [30.0, 110.0]","V3b B0005 C-NECK: technical BLOCKED (commercial PROVISIONAL_URBAN_FALLBACK 6.25 m3, not technical); CR COLUMNS_AND_JOINTS: foundation interval is a lower bound (founding level not printed)","[""LAP:PROVISIONAL"", ""MAIN_BARS:LOWER_BOUND"", ""OTHER_EXTRA:BLOCKED"", ""STARTER:PROVISIONAL"", ""TIES:BLOCKED"", ""TIES:LOWER_BOUND""]","S3.1 (columns, all storeys incl. the foundation storey / neck)",NONE (stays with the existing stage),,PROJECT_SOURCE (plan outline + type tag + schedule),founding level / neck height,,COUNTED_OWNED,S1 COLUMN_OCCURRENCE_REGISTER + S3.1 COLUMN_RELEASE
COL-C11-X?-Y01@17913-7462-GF,ELEMENT,,COLUMN,GF,1-6 (plans); 9 (schedule),"[""37D""]","C11 section [110.0, 25.0] cm (drawn), schedule [25.0, 110.0]","V3b B0011 C-COL-GF: technical PARTIAL 13.42 m3; V3b B0012 C-COL-GF-RES: technical BLOCKED (commercial PROVISIONAL_GEOMETRIC_INFERENCE 3.6564 m3, not technical); V3b B0013 C-JNT-GF: technical DERIVED 1.878 m3","[""ANCHORAGE:PROVISIONAL"", ""MAIN_BARS:VERIFIED"", ""TIES:BLOCKED"", ""TIES:LOWER_BOUND""]","S3.1 (columns, all storeys incl. the foundation storey / neck)",NONE (stays with the existing stage),,PROJECT_SOURCE (plan outline + type tag + schedule),,,COUNTED_OWNED,S1 COLUMN_OCCURRENCE_REGISTER + S3.1 COLUMN_RELEASE
COL-C3-X12-Y01-FOUNDATION,ELEMENT,,NECK_PEDESTAL (foundation storey of the column chain),FOUNDATION,1-6 (plans); 9 (schedule),"[""10E4"", ""88A"", ""251""]","C3 section [50.0, 30.0] cm (drawn), schedule [30.0, 50.0]","V3b B0005 C-NECK: technical BLOCKED (commercial PROVISIONAL_URBAN_FALLBACK 6.25 m3, not technical); CR COLUMNS_AND_JOINTS: foundation interval is a lower bound (founding level not printed)","[""LAP:PROVISIONAL"", ""MAIN_BARS:LOWER_BOUND"", ""OTHER_EXTRA:BLOCKED"", ""STARTER:PROVISIONAL"", ""TIES:LOWER_BOUND""]","S3.1 (columns, all storeys incl. the foundation storey / neck)",NONE (stays with the existing stage),,PROJECT_SOURCE (plan outline + type tag + schedule),founding level / neck height,,COUNTED_OWNED,S1 COLUMN_OCCURRENCE_REGISTER + S3.1 COLUMN_RELEASE
COL-C3-X12-Y01-GF,ELEMENT,,COLUMN,GF,1-6 (plans); 9 (schedule),"[""383""]","C3 section [50.0, 25.0] cm (drawn), schedule [25.0, 50.0]","V3b B0011 C-COL-GF: technical PARTIAL 13.42 m3; V3b B0012 C-COL-GF-RES: technical BLOCKED (commercial PROVISIONAL_GEOMETRIC_INFERENCE 3.6564 m3, not technical); V3b B0013 C-JNT-GF: technical DERIVED 1.878 m3","[""ANCHORAGE:PROVISIONAL"", ""MAIN_BARS:VERIFIED"", ""TIES:LOWER_BOUND""]","S3.1 (columns, all storeys incl. the foundation storey / neck)",NONE (stays with the existing stage),,PROJECT_SOURCE (plan outline + type tag + schedule),,,COUNTED_OWNED,S1 COLUMN_OCCURRENCE_REGISTER + S3.1 COLUMN_RELEASE
COL-C-X16-Y01-FOUNDATION,ELEMENT,,NECK_PEDESTAL (foundation storey of the column chain),FOUNDATION,1-6 (plans); 9 (schedule),"[""10A4"", ""840"", ""200""]","C section [30.0, 50.0] cm (drawn), schedule [30.0, 50.0]","V3b B0005 C-NECK: technical BLOCKED (commercial PROVISIONAL_URBAN_FALLBACK 6.25 m3, not technical); CR COLUMNS_AND_JOINTS: foundation interval is a lower bound (founding level not printed)","[""LAP:PROVISIONAL"", ""MAIN_BARS:LOWER_BOUND"", ""OTHER_EXTRA:BLOCKED"", ""STARTER:BLOCKED"", ""TIES:LOWER_BOUND""]","S3.1 (columns, all storeys incl. the foundation storey / neck)",NONE (stays with the existing stage),,PROJECT_SOURCE (plan outline + type tag + schedule),founding level / neck height,,COUNTED_OWNED,S1 COLUMN_OCCURRENCE_REGISTER + S3.1 COLUMN_RELEASE
COL-C-X16-Y01-GF,ELEMENT,,COLUMN,GF,1-6 (plans); 9 (schedule),"[""347""]","C section [20.0, 40.0] cm (drawn), schedule [20.0, 50.0]","V3b B0011 C-COL-GF: technical PARTIAL 13.42 m3; V3b B0012 C-COL-GF-RES: technical BLOCKED (commercial PROVISIONAL_GEOMETRIC_INFERENCE 3.6564 m3, not technical); V3b B0013 C-JNT-GF: technical DERIVED 1.878 m3","[""ANCHORAGE:PROVISIONAL"", ""MAIN_BARS:VERIFIED"", ""TIES:LOWER_BOUND""]","S3.1 (columns, all storeys incl. the foundation storey / neck)",NONE (stays with the existing stage),,PROJECT_SOURCE (plan outline + type tag + schedule),,drawn vs schedule: MISMATCH,COUNTED_OWNED,S1 COLUMN_OCCURRENCE_REGISTER + S3.1 COLUMN_RELEASE
COL-P.C-X08-Y02-1F,ELEMENT,,COLUMN,1F,1-6 (plans); 9 (schedule),"[""66A""]","P.C section [70.0, 20.0] cm (drawn), schedule [20, 70]","V3b B0018 C-COL-1F: technical PARTIAL 6.755 m3; V3b B0019 C-COL-1F-RES: technical BLOCKED (commercial PROVISIONAL_GEOMETRIC_INFERENCE 1.035 m3, not technical); V3b B0020 C-JNT-1F: technical DERIVED 0.921 m3","[""ANCHORAGE:LOWER_BOUND"", ""MAIN_BARS:VERIFIED"", ""TIES:LOWER_BOUND""]","S3.1 (columns, all storeys incl. the foundation storey / neck)",NONE (stays with the existing stage),,PROJECT_SOURCE (plan outline + type tag + schedule),,,COUNTED_OWNED,S1 COLUMN_OCCURRENCE_REGISTER + S3.1 COLUMN_RELEASE
COL-C8-X12-Y02-FOUNDATION,ELEMENT,,NECK_PEDESTAL (foundation storey of the column chain),FOUNDATION,1-6 (plans); 9 (schedule),"[""10E0"", ""886"", ""24D""]","C8 section [80.0, 30.0] cm (drawn), schedule [30.0, 90.0]","V3b B0005 C-NECK: technical BLOCKED (commercial PROVISIONAL_URBAN_FALLBACK 6.25 m3, not technical); CR COLUMNS_AND_JOINTS: foundation interval is a lower bound (founding level not printed)","[""LAP:LOWER_BOUND"", ""MAIN_BARS:LOWER_BOUND"", ""OTHER_EXTRA:BLOCKED"", ""STARTER:LOWER_BOUND"", ""TIES:LOWER_BOUND""]","S3.1 (columns, all storeys incl. the foundation storey / neck)",NONE (stays with the existing stage),,PROJECT_SOURCE (plan outline + type tag + schedule),founding level / neck height,drawn vs schedule: MISMATCH,COUNTED_OWNED,S1 COLUMN_OCCURRENCE_REGISTER + S3.1 COLUMN_RELEASE
COL-C8-X12-Y02-GF,ELEMENT,,COLUMN,GF,1-6 (plans); 9 (schedule),"[""380""]","C8 section [80.0, 25.0] cm (drawn), schedule [25.0, 90.0]","V3b B0011 C-COL-GF: technical PARTIAL 13.42 m3; V3b B0012 C-COL-GF-RES: technical BLOCKED (commercial PROVISIONAL_GEOMETRIC_INFERENCE 3.6564 m3, not technical); V3b B0013 C-JNT-GF: technical DERIVED 1.878 m3","[""ANCHORAGE:PROVISIONAL"", ""LAP:PROVISIONAL"", ""MAIN_BARS:LOWER_BOUND"", ""OTHER_EXTRA:BLOCKED"", ""TIES:LOWER_BOUND""]","S3.1 (columns, all storeys incl. the foundation storey / neck)",NONE (stays with the existing stage),,PROJECT_SOURCE (plan outline + type tag + schedule),,drawn vs schedule: MISMATCH,COUNTED_OWNED,S1 COLUMN_OCCURRENCE_REGISTER + S3.1 COLUMN_RELEASE
COL-C8-X12-Y02-1F,ELEMENT,,COLUMN,1F,1-6 (plans); 9 (schedule),"[""69A""]","C8 section [80.0, 25.0] cm (drawn), schedule [20.0, 90.0]","V3b B0018 C-COL-1F: technical PARTIAL 6.755 m3; V3b B0019 C-COL-1F-RES: technical BLOCKED (commercial PROVISIONAL_GEOMETRIC_INFERENCE 1.035 m3, not technical); V3b B0020 C-JNT-1F: technical DERIVED 0.921 m3","[""ANCHORAGE:PROVISIONAL"", ""MAIN_BARS:PROVISIONAL"", ""TIES:LOWER_BOUND""]","S3.1 (columns, all storeys incl. the foundation storey / neck)",NONE (stays with the existing stage),,PROJECT_SOURCE (plan outline + type tag + schedule),,drawn vs schedule: MISMATCH,COUNTED_OWNED,S1 COLUMN_OCCURRENCE_REGISTER + S3.1 COLUMN_RELEASE
COL-P.C-X15-Y02-1F,ELEMENT,,COLUMN,1F,1-6 (plans); 9 (schedule),"[""69D""]","P.C section [50.0, 20.0] cm (drawn), schedule [20, 50]","V3b B0018 C-COL-1F: technical PARTIAL 6.755 m3; V3b B0019 C-COL-1F-RES: technical BLOCKED (commercial PROVISIONAL_GEOMETRIC_INFERENCE 1.035 m3, not technical); V3b B0020 C-JNT-1F: technical DERIVED 0.921 m3","[""ANCHORAGE:LOWER_BOUND"", ""MAIN_BARS:VERIFIED"", ""TIES:LOWER_BOUND""]","S3.1 (columns, all storeys incl. the foundation storey / neck)",NONE (stays with the existing stage),,PROJECT_SOURCE (plan outline + type tag + schedule),,,COUNTED_OWNED,S1 COLUMN_OCCURRENCE_REGISTER + S3.1 COLUMN_RELEASE
COL-C5-X14-Y02-FOUNDATION,ELEMENT,,NECK_PEDESTAL (foundation storey of the column chain),FOUNDATION,1-6 (plans); 9 (schedule),"[""10D3"", ""878"", ""23C""]","C5 section [60.0, 30.0] cm (drawn), schedule [30.0, 60.0]","V3b B0005 C-NECK: technical BLOCKED (commercial PROVISIONAL_URBAN_FALLBACK 6.25 m3, not technical); CR COLUMNS_AND_JOINTS: foundation interval is a lower bound (founding level not printed)","[""LAP:PROVISIONAL"", ""MAIN_BARS:LOWER_BOUND"", ""OTHER_EXTRA:BLOCKED"", ""STARTER:PROVISIONAL"", ""TIES:BLOCKED"", ""TIES:LOWER_BOUND""]","S3.1 (columns, all storeys incl. the foundation storey / neck)",NONE (stays with the existing stage),,PROJECT_SOURCE (plan outline + type tag + schedule),founding level / neck height,,COUNTED_OWNED,S1 COLUMN_OCCURRENCE_REGISTER + S3.1 COLUMN_RELEASE
COL-C5-X14-Y02-GF,ELEMENT,,COLUMN,GF,1-6 (plans); 9 (schedule),"[""374""]","C5 section [60.0, 25.0] cm (drawn), schedule [25.0, 60.0]","V3b B0011 C-COL-GF: technical PARTIAL 13.42 m3; V3b B0012 C-COL-GF-RES: technical BLOCKED (commercial PROVISIONAL_GEOMETRIC_INFERENCE 3.6564 m3, not technical); V3b B0013 C-JNT-GF: technical DERIVED 1.878 m3","[""ANCHORAGE:PROVISIONAL"", ""LAP:PROVISIONAL"", ""MAIN_BARS:VERIFIED"", ""OTHER_EXTRA:BLOCKED"", ""TIES:BLOCKED"", ""TIES:LOWER_BOUND""]","S3.1 (columns, all storeys incl. the foundation storey / neck)",NONE (stays with the existing stage),,PROJECT_SOURCE (plan outline + type tag + schedule),,,COUNTED_OWNED,S1 COLUMN_OCCURRENCE_REGISTER + S3.1 COLUMN_RELEASE
COL-C5-X14-Y02-1F,ELEMENT,,COLUMN,1F,1-6 (plans); 9 (schedule),"[""694""]","C5 section [60.0, 25.0] cm (drawn), schedule [20.0, 50.0]","V3b B0018 C-COL-1F: technical PARTIAL 6.755 m3; V3b B0019 C-COL-1F-RES: technical BLOCKED (commercial PROVISIONAL_GEOMETRIC_INFERENCE 1.035 m3, not technical); V3b B0020 C-JNT-1F: technical DERIVED 0.921 m3","[""ANCHORAGE:PROVISIONAL"", ""MAIN_BARS:VERIFIED"", ""TIES:LOWER_BOUND""]","S3.1 (columns, all storeys incl. the foundation storey / neck)",NONE (stays with the existing stage),,PROJECT_SOURCE (plan outline + type tag + schedule),,drawn vs schedule: MISMATCH,COUNTED_OWNED,S1 COLUMN_OCCURRENCE_REGISTER + S3.1 COLUMN_RELEASE
COL-C3-X05-Y02-FOUNDATION,ELEMENT,,NECK_PEDESTAL (foundation storey of the column chain),FOUNDATION,1-6 (plans); 9 (schedule),"[""10C5"", ""868"", ""22C""]","C3 section [30.0, 50.0] cm (drawn), schedule [30.0, 50.0]","V3b B0005 C-NECK: technical BLOCKED (commercial PROVISIONAL_URBAN_FALLBACK 6.25 m3, not technical); CR COLUMNS_AND_JOINTS: foundation interval is a lower bound (founding level not printed)","[""LAP:PROVISIONAL"", ""MAIN_BARS:LOWER_BOUND"", ""OTHER_EXTRA:BLOCKED"", ""STARTER:PROVISIONAL"", ""TIES:LOWER_BOUND""]","S3.1 (columns, all storeys incl. the foundation storey / neck)",NONE (stays with the existing stage),,PROJECT_SOURCE (plan outline + type tag + schedule),founding level / neck height,,COUNTED_OWNED,S1 COLUMN_OCCURRENCE_REGISTER + S3.1 COLUMN_RELEASE
COL-C3-X05-Y02-GF,ELEMENT,,COLUMN,GF,1-6 (plans); 9 (schedule),"[""365""]","C3 section [25.0, 50.0] cm (drawn), schedule [25.0, 50.0]","V3b B0011 C-COL-GF: technical PARTIAL 13.42 m3; V3b B0012 C-COL-GF-RES: technical BLOCKED (commercial PROVISIONAL_GEOMETRIC_INFERENCE 3.6564 m3, not technical); V3b B0013 C-JNT-GF: technical DERIVED 1.878 m3","[""ANCHORAGE:PROVISIONAL"", ""LAP:PROVISIONAL"", ""MAIN_BARS:VERIFIED"", ""OTHER_EXTRA:BLOCKED"", ""TIES:LOWER_BOUND""]","S3.1 (columns, all storeys incl. the foundation storey / neck)",NONE (stays with the existing stage),,PROJECT_SOURCE (plan outline + type tag + schedule),,,COUNTED_OWNED,S1 COLUMN_OCCURRENCE_REGISTER + S3.1 COLUMN_RELEASE
COL-C3-X05-Y02-1F,ELEMENT,,COLUMN,1F,1-6 (plans); 9 (schedule),"[""68B""]","C3 section [20.0, 50.0] cm (drawn), schedule [20.0, 50.0]","V3b B0018 C-COL-1F: technical PARTIAL 6.755 m3; V3b B0019 C-COL-1F-RES: technical BLOCKED (commercial PROVISIONAL_GEOMETRIC_INFERENCE 1.035 m3, not technical); V3b B0020 C-JNT-1F: technical DERIVED 0.921 m3","[""ANCHORAGE:PROVISIONAL"", ""MAIN_BARS:VERIFIED"", ""TIES:LOWER_BOUND""]","S3.1 (columns, all storeys incl. the foundation storey / neck)",NONE (stays with the existing stage),,PROJECT_SOURCE (plan outline + type tag + schedule),,,COUNTED_OWNED,S1 COLUMN_OCCURRENCE_REGISTER + S3.1 COLUMN_RELEASE
COL-CN-X16-Y03-FOUNDATION,ELEMENT,,NECK_PEDESTAL (foundation storey of the column chain),FOUNDATION,1-6 (plans); 9 (schedule),"[""10FE"", ""895"", ""809""]","CN section [30.0, 30.0] cm (drawn), schedule [30.0, 30.0]","V3b B0005 C-NECK: technical BLOCKED (commercial PROVISIONAL_URBAN_FALLBACK 6.25 m3, not technical); CR COLUMNS_AND_JOINTS: foundation interval is a lower bound (founding level not printed)","[""ANCHORAGE:PROVISIONAL"", ""MAIN_BARS:LOWER_BOUND"", ""STARTER:BLOCKED"", ""TIES:LOWER_BOUND""]","S3.1 (columns, all storeys incl. the foundation storey / neck)",NONE (stays with the existing stage),,PROJECT_SOURCE (plan outline + type tag + schedule),founding level / neck height,,COUNTED_OWNED,S1 COLUMN_OCCURRENCE_REGISTER + S3.1 COLUMN_RELEASE
COL-C5-X05-Y04-FOUNDATION,ELEMENT,,NECK_PEDESTAL (foundation storey of the column chain),FOUNDATION,1-6 (plans); 9 (schedule),"[""10BD"", ""862"", ""223""]","C5 section [30.0, 60.0] cm (drawn), schedule [30.0, 60.0]","V3b B0005 C-NECK: technical BLOCKED (commercial PROVISIONAL_URBAN_FALLBACK 6.25 m3, not technical); CR COLUMNS_AND_JOINTS: foundation interval is a lower bound (founding level not printed)","[""LAP:PROVISIONAL"", ""MAIN_BARS:LOWER_BOUND"", ""OTHER_EXTRA:BLOCKED"", ""STARTER:PROVISIONAL"", ""TIES:BLOCKED"", ""TIES:LOWER_BOUND""]","S3.1 (columns, all storeys incl. the foundation storey / neck)",NONE (stays with the existing stage),,PROJECT_SOURCE (plan outline + type tag + schedule),founding level / neck height,,COUNTED_OWNED,S1 COLUMN_OCCURRENCE_REGISTER + S3.1 COLUMN_RELEASE
COL-C5-X05-Y04-GF,ELEMENT,,COLUMN,GF,1-6 (plans); 9 (schedule),"[""35F""]","C5 section [25.0, 60.0] cm (drawn), schedule [25.0, 60.0]","V3b B0011 C-COL-GF: technical PARTIAL 13.42 m3; V3b B0012 C-COL-GF-RES: technical BLOCKED (commercial PROVISIONAL_GEOMETRIC_INFERENCE 3.6564 m3, not technical); V3b B0013 C-JNT-GF: technical DERIVED 1.878 m3","[""ANCHORAGE:PROVISIONAL"", ""LAP:PROVISIONAL"", ""MAIN_BARS:VERIFIED"", ""OTHER_EXTRA:BLOCKED"", ""TIES:BLOCKED"", ""TIES:LOWER_BOUND""]","S3.1 (columns, all storeys incl. the foundation storey / neck)",NONE (stays with the existing stage),,PROJECT_SOURCE (plan outline + type tag + schedule),,,COUNTED_OWNED,S1 COLUMN_OCCURRENCE_REGISTER + S3.1 COLUMN_RELEASE
COL-C5-X05-Y04-1F,ELEMENT,,COLUMN,1F,1-6 (plans); 9 (schedule),"[""685""]","C5 section [20.0, 60.0] cm (drawn), schedule [20.0, 50.0]","V3b B0018 C-COL-1F: technical PARTIAL 6.755 m3; V3b B0019 C-COL-1F-RES: technical BLOCKED (commercial PROVISIONAL_GEOMETRIC_INFERENCE 1.035 m3, not technical); V3b B0020 C-JNT-1F: technical DERIVED 0.921 m3","[""ANCHORAGE:PROVISIONAL"", ""MAIN_BARS:VERIFIED"", ""TIES:LOWER_BOUND""]","S3.1 (columns, all storeys incl. the foundation storey / neck)",NONE (stays with the existing stage),,PROJECT_SOURCE (plan outline + type tag + schedule),,drawn vs schedule: MISMATCH,COUNTED_OWNED,S1 COLUMN_OCCURRENCE_REGISTER + S3.1 COLUMN_RELEASE
COL-C3-X03-Y04-FOUNDATION,ELEMENT,,NECK_PEDESTAL (foundation storey of the column chain),FOUNDATION,1-6 (plans); 9 (schedule),"[""10B1"", ""853"", ""211""]","C3 section [50.0, 30.0] cm (drawn), schedule [30.0, 50.0]","V3b B0005 C-NECK: technical BLOCKED (commercial PROVISIONAL_URBAN_FALLBACK 6.25 m3, not technical); CR COLUMNS_AND_JOINTS: foundation interval is a lower bound (founding level not printed)","[""LAP:PROVISIONAL"", ""MAIN_BARS:LOWER_BOUND"", ""OTHER_EXTRA:BLOCKED"", ""STARTER:PROVISIONAL"", ""TIES:LOWER_BOUND""]","S3.1 (columns, all storeys incl. the foundation storey / neck)",NONE (stays with the existing stage),,PROJECT_SOURCE (plan outline + type tag + schedule),founding level / neck height,,COUNTED_OWNED,S1 COLUMN_OCCURRENCE_REGISTER + S3.1 COLUMN_RELEASE
COL-C3-X03-Y04-GF,ELEMENT,,COLUMN,GF,1-6 (plans); 9 (schedule),"[""353""]","C3 section [50.0, 25.0] cm (drawn), schedule [25.0, 50.0]","V3b B0011 C-COL-GF: technical PARTIAL 13.42 m3; V3b B0012 C-COL-GF-RES: technical BLOCKED (commercial PROVISIONAL_GEOMETRIC_INFERENCE 3.6564 m3, not technical); V3b B0013 C-JNT-GF: technical DERIVED 1.878 m3","[""ANCHORAGE:PROVISIONAL"", ""MAIN_BARS:VERIFIED"", ""TIES:LOWER_BOUND""]","S3.1 (columns, all storeys incl. the foundation storey / neck)",NONE (stays with the existing stage),,PROJECT_SOURCE (plan outline + type tag + schedule),,,COUNTED_OWNED,S1 COLUMN_OCCURRENCE_REGISTER + S3.1 COLUMN_RELEASE
COL-C11-X06-Y04-FOUNDATION,ELEMENT,,NECK_PEDESTAL (foundation storey of the column chain),FOUNDATION,1-6 (plans); 9 (schedule),"[""10BA"", ""85E"", ""220""]","C11 section [110.0, 30.0] cm (drawn), schedule [30.0, 110.0]","V3b B0005 C-NECK: technical BLOCKED (commercial PROVISIONAL_URBAN_FALLBACK 6.25 m3, not technical); CR COLUMNS_AND_JOINTS: foundation interval is a lower bound (founding level not printed)","[""LAP:PROVISIONAL"", ""MAIN_BARS:LOWER_BOUND"", ""OTHER_EXTRA:BLOCKED"", ""STARTER:PROVISIONAL"", ""TIES:BLOCKED"", ""TIES:LOWER_BOUND""]","S3.1 (columns, all storeys incl. the foundation storey / neck)",NONE (stays with the existing stage),,PROJECT_SOURCE (plan outline + type tag + schedule),founding level / neck height,,COUNTED_OWNED,S1 COLUMN_OCCURRENCE_REGISTER + S3.1 COLUMN_RELEASE
COL-C11-X06-Y04-GF,ELEMENT,,COLUMN (DEAD_COLUMN bound),GF,1-6 (plans); 9 (schedule),"[""35C""]","C11 section [110.0, 25.0] cm (drawn), schedule [25.0, 110.0]","V3b B0011 C-COL-GF: technical PARTIAL 13.42 m3; V3b B0012 C-COL-GF-RES: technical BLOCKED (commercial PROVISIONAL_GEOMETRIC_INFERENCE 3.6564 m3, not technical); V3b B0013 C-JNT-GF: technical DERIVED 1.878 m3","[""ANCHORAGE:PROVISIONAL"", ""MAIN_BARS:VERIFIED"", ""TIES:BLOCKED"", ""TIES:LOWER_BOUND""]","S3.1 (columns, all storeys incl. the foundation storey / neck)",NONE (stays with the existing stage),,PROJECT_SOURCE (plan outline + type tag + schedule),special extras are the SPC component rows (S8),,COUNTED_OWNED,S1 COLUMN_OCCURRENCE_REGISTER + S3.1 COLUMN_RELEASE
COL-C6-X08-Y04-FOUNDATION,ELEMENT,,NECK_PEDESTAL (foundation storey of the column chain),FOUNDATION,1-6 (plans); 9 (schedule),"[""10C2"", ""865"", ""228""]","C6 section [30.0, 70.0] cm (drawn), schedule [30.0, 70.0]","V3b B0005 C-NECK: technical BLOCKED (commercial PROVISIONAL_URBAN_FALLBACK 6.25 m3, not technical); CR COLUMNS_AND_JOINTS: foundation interval is a lower bound (founding level not printed)","[""LAP:PROVISIONAL"", ""MAIN_BARS:LOWER_BOUND"", ""OTHER_EXTRA:BLOCKED"", ""STARTER:PROVISIONAL"", ""TIES:BLOCKED"", ""TIES:LOWER_BOUND""]","S3.1 (columns, all storeys incl. the foundation storey / neck)",NONE (stays with the existing stage),,PROJECT_SOURCE (plan outline + type tag + schedule),founding level / neck height,,COUNTED_OWNED,S1 COLUMN_OCCURRENCE_REGISTER + S3.1 COLUMN_RELEASE
COL-C6-X08-Y04-GF,ELEMENT,,COLUMN,GF,1-6 (plans); 9 (schedule),"[""362""]","C6 section [25.0, 70.0] cm (drawn), schedule [25.0, 70.0]","V3b B0011 C-COL-GF: technical PARTIAL 13.42 m3; V3b B0012 C-COL-GF-RES: technical BLOCKED (commercial PROVISIONAL_GEOMETRIC_INFERENCE 3.6564 m3, not technical); V3b B0013 C-JNT-GF: technical DERIVED 1.878 m3","[""ANCHORAGE:PROVISIONAL"", ""LAP:PROVISIONAL"", ""MAIN_BARS:VERIFIED"", ""OTHER_EXTRA:BLOCKED"", ""TIES:BLOCKED"", ""TIES:LOWER_BOUND""]","S3.1 (columns, all storeys incl. the foundation storey / neck)",NONE (stays with the existing stage),,PROJECT_SOURCE (plan outline + type tag + schedule),,,COUNTED_OWNED,S1 COLUMN_OCCURRENCE_REGISTER + S3.1 COLUMN_RELEASE
COL-C6-X08-Y04-1F,ELEMENT,,COLUMN,1F,1-6 (plans); 9 (schedule),"[""688""]","C6 section [25.0, 70.0] cm (drawn), schedule [20.0, 60.0]","V3b B0018 C-COL-1F: technical PARTIAL 6.755 m3; V3b B0019 C-COL-1F-RES: technical BLOCKED (commercial PROVISIONAL_GEOMETRIC_INFERENCE 1.035 m3, not technical); V3b B0020 C-JNT-1F: technical DERIVED 0.921 m3","[""ANCHORAGE:PROVISIONAL"", ""MAIN_BARS:VERIFIED"", ""TIES:LOWER_BOUND""]","S3.1 (columns, all storeys incl. the foundation storey / neck)",NONE (stays with the existing stage),,PROJECT_SOURCE (plan outline + type tag + schedule),,drawn vs schedule: MISMATCH,COUNTED_OWNED,S1 COLUMN_OCCURRENCE_REGISTER + S3.1 COLUMN_RELEASE
COL-CN-X?-Y?@24058-12787-FOUNDATION,ELEMENT,,NECK_PEDESTAL (foundation storey of the column chain),FOUNDATION,1-6 (plans); 9 (schedule),"[""10F6"", ""892"", ""7F5""]","CN section [30.0, 30.0] cm (drawn), schedule [30.0, 30.0]","V3b B0005 C-NECK: technical BLOCKED (commercial PROVISIONAL_URBAN_FALLBACK 6.25 m3, not technical); CR COLUMNS_AND_JOINTS: foundation interval is a lower bound (founding level not printed)","[""ANCHORAGE:PROVISIONAL"", ""MAIN_BARS:LOWER_BOUND"", ""STARTER:BLOCKED"", ""TIES:LOWER_BOUND""]","S3.1 (columns, all storeys incl. the foundation storey / neck)",NONE (stays with the existing stage),,PROJECT_SOURCE (plan outline + type tag + schedule),founding level / neck height,,COUNTED_OWNED,S1 COLUMN_OCCURRENCE_REGISTER + S3.1 COLUMN_RELEASE
COL-CN-X?-Y?@28583-12787-FOUNDATION,ELEMENT,,NECK_PEDESTAL (foundation storey of the column chain),FOUNDATION,1-6 (plans); 9 (schedule),"[""10EE"", ""88F"", ""7ED""]","CN section [30.0, 30.0] cm (drawn), schedule [30.0, 30.0]","V3b B0005 C-NECK: technical BLOCKED (commercial PROVISIONAL_URBAN_FALLBACK 6.25 m3, not technical); CR COLUMNS_AND_JOINTS: foundation interval is a lower bound (founding level not printed)","[""ANCHORAGE:PROVISIONAL"", ""MAIN_BARS:LOWER_BOUND"", ""STARTER:BLOCKED"", ""TIES:LOWER_BOUND""]","S3.1 (columns, all storeys incl. the foundation storey / neck)",NONE (stays with the existing stage),,PROJECT_SOURCE (plan outline + type tag + schedule),founding level / neck height,,COUNTED_OWNED,S1 COLUMN_OCCURRENCE_REGISTER + S3.1 COLUMN_RELEASE
COL-C-X01-Y05-FOUNDATION,ELEMENT,,NECK_PEDESTAL (foundation storey of the column chain),FOUNDATION,1-6 (plans); 9 (schedule),"[""10A8"", ""844"", ""204""]","C section [30.0, 50.0] cm (drawn), schedule [30.0, 50.0]","V3b B0005 C-NECK: technical BLOCKED (commercial PROVISIONAL_URBAN_FALLBACK 6.25 m3, not technical); CR COLUMNS_AND_JOINTS: foundation interval is a lower bound (founding level not printed)","[""LAP:PROVISIONAL"", ""MAIN_BARS:LOWER_BOUND"", ""OTHER_EXTRA:BLOCKED"", ""STARTER:PROVISIONAL"", ""TIES:LOWER_BOUND""]","S3.1 (columns, all storeys incl. the foundation storey / neck)",NONE (stays with the existing stage),,PROJECT_SOURCE (plan outline + type tag + schedule),founding level / neck height,,COUNTED_OWNED,S1 COLUMN_OCCURRENCE_REGISTER + S3.1 COLUMN_RELEASE
COL-C-X01-Y05-GF,ELEMENT,,COLUMN,GF,1-6 (plans); 9 (schedule),"[""34A""]","C section [20.0, 40.0] cm (drawn), schedule [20.0, 50.0]","V3b B0011 C-COL-GF: technical PARTIAL 13.42 m3; V3b B0012 C-COL-GF-RES: technical BLOCKED (commercial PROVISIONAL_GEOMETRIC_INFERENCE 3.6564 m3, not technical); V3b B0013 C-JNT-GF: technical DERIVED 1.878 m3","[""ANCHORAGE:PROVISIONAL"", ""MAIN_BARS:VERIFIED"", ""TIES:LOWER_BOUND""]","S3.1 (columns, all storeys incl. the foundation storey / neck)",NONE (stays with the existing stage),,PROJECT_SOURCE (plan outline + type tag + schedule),,drawn vs schedule: MISMATCH,COUNTED_OWNED,S1 COLUMN_OCCURRENCE_REGISTER + S3.1 COLUMN_RELEASE
COL-C-X02-Y05-FOUNDATION,ELEMENT,,NECK_PEDESTAL (foundation storey of the column chain),FOUNDATION,1-6 (plans); 9 (schedule),"[""10B4"", ""856"", ""214""]","C section [50.0, 30.0] cm (drawn), schedule [30.0, 50.0]","V3b B0005 C-NECK: technical BLOCKED (commercial PROVISIONAL_URBAN_FALLBACK 6.25 m3, not technical); CR COLUMNS_AND_JOINTS: foundation interval is a lower bound (founding level not printed)","[""LAP:PROVISIONAL"", ""MAIN_BARS:LOWER_BOUND"", ""OTHER_EXTRA:BLOCKED"", ""STARTER:PROVISIONAL"", ""TIES:LOWER_BOUND""]","S3.1 (columns, all storeys incl. the foundation storey / neck)",NONE (stays with the existing stage),,PROJECT_SOURCE (plan outline + type tag + schedule),founding level / neck height,,COUNTED_OWNED,S1 COLUMN_OCCURRENCE_REGISTER + S3.1 COLUMN_RELEASE
COL-C-X02-Y05-GF,ELEMENT,,COLUMN,GF,1-6 (plans); 9 (schedule),"[""356""]","C section [40.0, 20.0] cm (drawn), schedule [20.0, 50.0]","V3b B0011 C-COL-GF: technical PARTIAL 13.42 m3; V3b B0012 C-COL-GF-RES: technical BLOCKED (commercial PROVISIONAL_GEOMETRIC_INFERENCE 3.6564 m3, not technical); V3b B0013 C-JNT-GF: technical DERIVED 1.878 m3","[""ANCHORAGE:PROVISIONAL"", ""MAIN_BARS:VERIFIED"", ""TIES:LOWER_BOUND""]","S3.1 (columns, all storeys incl. the foundation storey / neck)",NONE (stays with the existing stage),,PROJECT_SOURCE (plan outline + type tag + schedule),,drawn vs schedule: MISMATCH,COUNTED_OWNED,S1 COLUMN_OCCURRENCE_REGISTER + S3.1 COLUMN_RELEASE
COL-C3-X16-Y06-FOUNDATION,ELEMENT,,NECK_PEDESTAL (foundation storey of the column chain),FOUNDATION,1-6 (plans); 9 (schedule),"[""10A0"", ""83C"", ""1FC""]","C3 section [30.0, 50.0] cm (drawn), schedule [30.0, 50.0]","V3b B0005 C-NECK: technical BLOCKED (commercial PROVISIONAL_URBAN_FALLBACK 6.25 m3, not technical); CR COLUMNS_AND_JOINTS: foundation interval is a lower bound (founding level not printed)","[""LAP:PROVISIONAL"", ""MAIN_BARS:LOWER_BOUND"", ""OTHER_EXTRA:BLOCKED"", ""STARTER:PROVISIONAL"", ""TIES:LOWER_BOUND""]","S3.1 (columns, all storeys incl. the foundation storey / neck)",NONE (stays with the existing stage),,PROJECT_SOURCE (plan outline + type tag + schedule),founding level / neck height,,COUNTED_OWNED,S1 COLUMN_OCCURRENCE_REGISTER + S3.1 COLUMN_RELEASE
COL-C3-X16-Y06-GF,ELEMENT,,COLUMN,GF,1-6 (plans); 9 (schedule),"[""344""]","C3 section [20.0, 50.0] cm (drawn), schedule [25.0, 50.0]","V3b B0011 C-COL-GF: technical PARTIAL 13.42 m3; V3b B0012 C-COL-GF-RES: technical BLOCKED (commercial PROVISIONAL_GEOMETRIC_INFERENCE 3.6564 m3, not technical); V3b B0013 C-JNT-GF: technical DERIVED 1.878 m3","[""ANCHORAGE:PROVISIONAL"", ""MAIN_BARS:VERIFIED"", ""TIES:LOWER_BOUND""]","S3.1 (columns, all storeys incl. the foundation storey / neck)",NONE (stays with the existing stage),,PROJECT_SOURCE (plan outline + type tag + schedule),,drawn vs schedule: MISMATCH,COUNTED_OWNED,S1 COLUMN_OCCURRENCE_REGISTER + S3.1 COLUMN_RELEASE
COL-C8-X15-Y06-FOUNDATION,ELEMENT,,NECK_PEDESTAL (foundation storey of the column chain),FOUNDATION,1-6 (plans); 9 (schedule),"[""10D0"", ""873"", ""238""]","C8 section [90.0, 30.0] cm (drawn), schedule [30.0, 90.0]","V3b B0005 C-NECK: technical BLOCKED (commercial PROVISIONAL_URBAN_FALLBACK 6.25 m3, not technical); CR COLUMNS_AND_JOINTS: foundation interval is a lower bound (founding level not printed)","[""LAP:PROVISIONAL"", ""MAIN_BARS:LOWER_BOUND"", ""OTHER_EXTRA:BLOCKED"", ""STARTER:PROVISIONAL"", ""TIES:LOWER_BOUND""]","S3.1 (columns, all storeys incl. the foundation storey / neck)",NONE (stays with the existing stage),,PROJECT_SOURCE (plan outline + type tag + schedule),founding level / neck height,,COUNTED_OWNED,S1 COLUMN_OCCURRENCE_REGISTER + S3.1 COLUMN_RELEASE
COL-C8-X15-Y06-GF,ELEMENT,,COLUMN (TURN_COLUMN bound),GF,1-6 (plans); 9 (schedule),"[""36E""]","C8 section [90.0, 25.0] cm (drawn), schedule [25.0, 90.0]","V3b B0011 C-COL-GF: technical PARTIAL 13.42 m3; V3b B0012 C-COL-GF-RES: technical BLOCKED (commercial PROVISIONAL_GEOMETRIC_INFERENCE 3.6564 m3, not technical); V3b B0013 C-JNT-GF: technical DERIVED 1.878 m3","[""LAP:PROVISIONAL"", ""MAIN_BARS:VERIFIED"", ""OTHER_EXTRA:BLOCKED"", ""OTHER_EXTRA:LOWER_BOUND"", ""TIES:LOWER_BOUND""]","S3.1 (columns, all storeys incl. the foundation storey / neck)",NONE (stays with the existing stage),,PROJECT_SOURCE (plan outline + type tag + schedule),special extras are the SPC component rows (S8),,COUNTED_OWNED,S1 COLUMN_OCCURRENCE_REGISTER + S3.1 COLUMN_RELEASE
COL-C8-X15-Y06-1F,ELEMENT,,COLUMN,1F,1-6 (plans); 9 (schedule),"[""664""]","C8 section [20.0, 90.0] cm (drawn), schedule [20.0, 90.0]","V3b B0018 C-COL-1F: technical PARTIAL 6.755 m3; V3b B0019 C-COL-1F-RES: technical BLOCKED (commercial PROVISIONAL_GEOMETRIC_INFERENCE 1.035 m3, not technical); V3b B0020 C-JNT-1F: technical DERIVED 0.921 m3","[""ANCHORAGE:LOWER_BOUND"", ""MAIN_BARS:VERIFIED"", ""TIES:LOWER_BOUND""]","S3.1 (columns, all storeys incl. the foundation storey / neck)",NONE (stays with the existing stage),,PROJECT_SOURCE (plan outline + type tag + schedule),,,COUNTED_OWNED,S1 COLUMN_OCCURRENCE_REGISTER + S3.1 COLUMN_RELEASE
COL-C2-X09-Y07-FOUNDATION,ELEMENT,,NECK_PEDESTAL (foundation storey of the column chain),FOUNDATION,1-6 (plans); 9 (schedule),"[""1096"", ""834"", ""1F2""]","C2 section [20.0, 50.0] cm (drawn), schedule [30.0, 50.0]","V3b B0005 C-NECK: technical BLOCKED (commercial PROVISIONAL_URBAN_FALLBACK 6.25 m3, not technical); CR COLUMNS_AND_JOINTS: foundation interval is a lower bound (founding level not printed)","[""LAP:PROVISIONAL"", ""MAIN_BARS:LOWER_BOUND"", ""OTHER_EXTRA:BLOCKED"", ""STARTER:PROVISIONAL"", ""TIES:LOWER_BOUND""]","S3.1 (columns, all storeys incl. the foundation storey / neck)",NONE (stays with the existing stage),,PROJECT_SOURCE (plan outline + type tag + schedule),founding level / neck height,drawn vs schedule: MISMATCH,COUNTED_OWNED,S1 COLUMN_OCCURRENCE_REGISTER + S3.1 COLUMN_RELEASE
COL-C2-X09-Y07-GF,ELEMENT,,COLUMN,GF,1-6 (plans); 9 (schedule),"[""33E""]","C2 section [20.0, 50.0] cm (drawn), schedule [20.0, 50.0]","V3b B0011 C-COL-GF: technical PARTIAL 13.42 m3; V3b B0012 C-COL-GF-RES: technical BLOCKED (commercial PROVISIONAL_GEOMETRIC_INFERENCE 3.6564 m3, not technical); V3b B0013 C-JNT-GF: technical DERIVED 1.878 m3","[""LAP:PROVISIONAL"", ""MAIN_BARS:VERIFIED"", ""TIES:LOWER_BOUND""]","S3.1 (columns, all storeys incl. the foundation storey / neck)",NONE (stays with the existing stage),,PROJECT_SOURCE (plan outline + type tag + schedule),,,COUNTED_OWNED,S1 COLUMN_OCCURRENCE_REGISTER + S3.1 COLUMN_RELEASE
COL-C2-X09-Y07-1F,ELEMENT,,COLUMN,1F,1-6 (plans); 9 (schedule),"[""67F""]","C2 section [20.0, 50.0] cm (drawn), schedule [20.0, 50.0]","V3b B0018 C-COL-1F: technical PARTIAL 6.755 m3; V3b B0019 C-COL-1F-RES: technical BLOCKED (commercial PROVISIONAL_GEOMETRIC_INFERENCE 1.035 m3, not technical); V3b B0020 C-JNT-1F: technical DERIVED 0.921 m3","[""ANCHORAGE:PROVISIONAL"", ""LAP:PROVISIONAL"", ""MAIN_BARS:VERIFIED"", ""TIES:LOWER_BOUND""]","S3.1 (columns, all storeys incl. the foundation storey / neck)",NONE (stays with the existing stage),,PROJECT_SOURCE (plan outline + type tag + schedule),,,COUNTED_OWNED,S1 COLUMN_OCCURRENCE_REGISTER + S3.1 COLUMN_RELEASE
COL-C2-X09-Y07-2F,ELEMENT,,COLUMN,2F,1-6 (plans); 9 (schedule),"[""41E""]","C2 section [20.0, 50.0] cm (drawn), schedule [20.0, 50.0]","V3b B0025 C-COL-2F: technical PARTIAL 2.962 m3; V3b B0026 C-COL-2F-RES: technical BLOCKED (commercial PROVISIONAL_GEOMETRIC_INFERENCE 0.3625 m3, not technical); V3b B0027 C-JNT-2F: technical DERIVED 0.415 m3","[""ANCHORAGE:PROVISIONAL"", ""MAIN_BARS:VERIFIED"", ""TIES:LOWER_BOUND""]","S3.1 (columns, all storeys incl. the foundation storey / neck)",NONE (stays with the existing stage),,PROJECT_SOURCE (plan outline + type tag + schedule),,,COUNTED_OWNED,S1 COLUMN_OCCURRENCE_REGISTER + S3.1 COLUMN_RELEASE
COL-CN-X15-Y?@31208-15726-FOUNDATION,ELEMENT,,NECK_PEDESTAL (foundation storey of the column chain),FOUNDATION,1-6 (plans); 9 (schedule),"[""17C5"", ""17CC"", ""17BD""]","CN section [30.0, 30.0] cm (drawn), schedule [30.0, 30.0]","V3b B0005 C-NECK: technical BLOCKED (commercial PROVISIONAL_URBAN_FALLBACK 6.25 m3, not technical); CR COLUMNS_AND_JOINTS: foundation interval is a lower bound (founding level not printed)","[""ANCHORAGE:PROVISIONAL"", ""MAIN_BARS:LOWER_BOUND"", ""STARTER:PROVISIONAL"", ""TIES:BLOCKED""]","S3.1 (columns, all storeys incl. the foundation storey / neck)",NONE (stays with the existing stage),,PROJECT_SOURCE (plan outline + type tag + schedule),founding level / neck height,,COUNTED_OWNED,S1 COLUMN_OCCURRENCE_REGISTER + S3.1 COLUMN_RELEASE
COL-C9-X10-Y07-FOUNDATION,ELEMENT,,NECK_PEDESTAL (foundation storey of the column chain),FOUNDATION,1-6 (plans); 9 (schedule),"[""1090"", ""82E"", ""1EC""]","C9 section [25.0, 100.0] cm (drawn), schedule [30.0, 100.0]","V3b B0005 C-NECK: technical BLOCKED (commercial PROVISIONAL_URBAN_FALLBACK 6.25 m3, not technical); CR COLUMNS_AND_JOINTS: foundation interval is a lower bound (founding level not printed)","[""LAP:PROVISIONAL"", ""MAIN_BARS:LOWER_BOUND"", ""OTHER_EXTRA:BLOCKED"", ""STARTER:PROVISIONAL"", ""TIES:BLOCKED""]","S3.1 (columns, all storeys incl. the foundation storey / neck)",NONE (stays with the existing stage),,PROJECT_SOURCE (plan outline + type tag + schedule),founding level / neck height,drawn vs schedule: MISMATCH,COUNTED_OWNED,S1 COLUMN_OCCURRENCE_REGISTER + S3.1 COLUMN_RELEASE
COL-C9-X10-Y07-GF,ELEMENT,,COLUMN,GF,1-6 (plans); 9 (schedule),"[""338""]","C9 section [25.0, 100.0] cm (drawn), schedule [25.0, 100.0]","V3b B0011 C-COL-GF: technical PARTIAL 13.42 m3; V3b B0012 C-COL-GF-RES: technical BLOCKED (commercial PROVISIONAL_GEOMETRIC_INFERENCE 3.6564 m3, not technical); V3b B0013 C-JNT-GF: technical DERIVED 1.878 m3","[""ANCHORAGE:PROVISIONAL"", ""LAP:PROVISIONAL"", ""MAIN_BARS:VERIFIED"", ""OTHER_EXTRA:BLOCKED"", ""TIES:BLOCKED"", ""TIES:LOWER_BOUND""]","S3.1 (columns, all storeys incl. the foundation storey / neck)",NONE (stays with the existing stage),,PROJECT_SOURCE (plan outline + type tag + schedule),,,COUNTED_OWNED,S1 COLUMN_OCCURRENCE_REGISTER + S3.1 COLUMN_RELEASE
COL-C9-X10-Y07-1F,ELEMENT,,COLUMN,1F,1-6 (plans); 9 (schedule),"[""679""]","C9 section [25.0, 100.0] cm (drawn), schedule [20.0, 90.0]","V3b B0018 C-COL-1F: technical PARTIAL 6.755 m3; V3b B0019 C-COL-1F-RES: technical BLOCKED (commercial PROVISIONAL_GEOMETRIC_INFERENCE 1.035 m3, not technical); V3b B0020 C-JNT-1F: technical DERIVED 0.921 m3","[""ANCHORAGE:PROVISIONAL"", ""LAP:PROVISIONAL"", ""MAIN_BARS:VERIFIED"", ""OTHER_EXTRA:BLOCKED"", ""TIES:LOWER_BOUND""]","S3.1 (columns, all storeys incl. the foundation storey / neck)",NONE (stays with the existing stage),,PROJECT_SOURCE (plan outline + type tag + schedule),,drawn vs schedule: MISMATCH,COUNTED_OWNED,S1 COLUMN_OCCURRENCE_REGISTER + S3.1 COLUMN_RELEASE
COL-C9-X10-Y07-2F,ELEMENT,,COLUMN,2F,1-6 (plans); 9 (schedule),"[""418""]","C9 section [20.0, 70.0] cm (drawn), schedule [20.0, 70.0]","V3b B0025 C-COL-2F: technical PARTIAL 2.962 m3; V3b B0026 C-COL-2F-RES: technical BLOCKED (commercial PROVISIONAL_GEOMETRIC_INFERENCE 0.3625 m3, not technical); V3b B0027 C-JNT-2F: technical DERIVED 0.415 m3","[""ANCHORAGE:PROVISIONAL"", ""MAIN_BARS:VERIFIED"", ""TIES:BLOCKED"", ""TIES:LOWER_BOUND""]","S3.1 (columns, all storeys incl. the foundation storey / neck)",NONE (stays with the existing stage),,PROJECT_SOURCE (plan outline + type tag + schedule),,,COUNTED_OWNED,S1 COLUMN_OCCURRENCE_REGISTER + S3.1 COLUMN_RELEASE
COL-P.C-X?-Y?@24888-15994-2F,ELEMENT,,COLUMN,2F,1-6 (plans); 9 (schedule),"[""778""]","P.C section [20.0, 40.0] cm (drawn), schedule [20, 50]","V3b B0025 C-COL-2F: technical PARTIAL 2.962 m3; V3b B0026 C-COL-2F-RES: technical BLOCKED (commercial PROVISIONAL_GEOMETRIC_INFERENCE 0.3625 m3, not technical); V3b B0027 C-JNT-2F: technical DERIVED 0.415 m3","[""ANCHORAGE:LOWER_BOUND"", ""MAIN_BARS:VERIFIED"", ""TIES:LOWER_BOUND""]","S3.1 (columns, all storeys incl. the foundation storey / neck)",NONE (stays with the existing stage),,PROJECT_SOURCE (plan outline + type tag + schedule),,drawn vs schedule: MISMATCH,COUNTED_OWNED,S1 COLUMN_OCCURRENCE_REGISTER + S3.1 COLUMN_RELEASE
COL-C7-X07-Y?@15888-16162-FOUNDATION,ELEMENT,,NECK_PEDESTAL (foundation storey of the column chain),FOUNDATION,1-6 (plans); 9 (schedule),"[""10C8"", ""86C"", ""230""]","C7 section [80.0, 30.0] cm (drawn), schedule [30.0, 80.0]","V3b B0005 C-NECK: technical BLOCKED (commercial PROVISIONAL_URBAN_FALLBACK 6.25 m3, not technical); CR COLUMNS_AND_JOINTS: foundation interval is a lower bound (founding level not printed)","[""LAP:PROVISIONAL"", ""MAIN_BARS:LOWER_BOUND"", ""OTHER_EXTRA:BLOCKED"", ""STARTER:PROVISIONAL"", ""TIES:LOWER_BOUND""]","S3.1 (columns, all storeys incl. the foundation storey / neck)",NONE (stays with the existing stage),,PROJECT_SOURCE (plan outline + type tag + schedule),founding level / neck height,,COUNTED_OWNED,S1 COLUMN_OCCURRENCE_REGISTER + S3.1 COLUMN_RELEASE
COL-C7-X07-Y?@15888-16162-GF,ELEMENT,,COLUMN,GF,1-6 (plans); 9 (schedule),"[""368""]","C7 section [80.0, 25.0] cm (drawn), schedule [25.0, 80.0]","V3b B0011 C-COL-GF: technical PARTIAL 13.42 m3; V3b B0012 C-COL-GF-RES: technical BLOCKED (commercial PROVISIONAL_GEOMETRIC_INFERENCE 3.6564 m3, not technical); V3b B0013 C-JNT-GF: technical DERIVED 1.878 m3","[""ANCHORAGE:PROVISIONAL"", ""LAP:PROVISIONAL"", ""MAIN_BARS:VERIFIED"", ""OTHER_EXTRA:BLOCKED"", ""TIES:LOWER_BOUND""]","S3.1 (columns, all storeys incl. the foundation storey / neck)",NONE (stays with the existing stage),,PROJECT_SOURCE (plan outline + type tag + schedule),,,COUNTED_OWNED,S1 COLUMN_OCCURRENCE_REGISTER + S3.1 COLUMN_RELEASE
COL-C7-X07-Y?@15888-16162-1F,ELEMENT,,COLUMN,1F,1-6 (plans); 9 (schedule),"[""68E""]","C7 section [80.0, 25.0] cm (drawn), schedule [20.0, 80.0]","V3b B0018 C-COL-1F: technical PARTIAL 6.755 m3; V3b B0019 C-COL-1F-RES: technical BLOCKED (commercial PROVISIONAL_GEOMETRIC_INFERENCE 1.035 m3, not technical); V3b B0020 C-JNT-1F: technical DERIVED 0.921 m3","[""ANCHORAGE:PROVISIONAL"", ""MAIN_BARS:VERIFIED"", ""TIES:LOWER_BOUND""]","S3.1 (columns, all storeys incl. the foundation storey / neck)",NONE (stays with the existing stage),,PROJECT_SOURCE (plan outline + type tag + schedule),,drawn vs schedule: MISMATCH,COUNTED_OWNED,S1 COLUMN_OCCURRENCE_REGISTER + S3.1 COLUMN_RELEASE
COL-C9-X13-Y08-FOUNDATION,ELEMENT,,NECK_PEDESTAL (foundation storey of the column chain),FOUNDATION,1-6 (plans); 9 (schedule),"[""10DA"", ""880"", ""245""]","C9 section [100.0, 30.0] cm (drawn), schedule [30.0, 100.0]","V3b B0005 C-NECK: technical BLOCKED (commercial PROVISIONAL_URBAN_FALLBACK 6.25 m3, not technical); CR COLUMNS_AND_JOINTS: foundation interval is a lower bound (founding level not printed)","[""LAP:PROVISIONAL"", ""MAIN_BARS:LOWER_BOUND"", ""OTHER_EXTRA:BLOCKED"", ""STARTER:PROVISIONAL"", ""TIES:BLOCKED"", ""TIES:LOWER_BOUND""]","S3.1 (columns, all storeys incl. the foundation storey / neck)",NONE (stays with the existing stage),,PROJECT_SOURCE (plan outline + type tag + schedule),founding level / neck height,,COUNTED_OWNED,S1 COLUMN_OCCURRENCE_REGISTER + S3.1 COLUMN_RELEASE
COL-C9-X13-Y08-GF,ELEMENT,,COLUMN (TURN_COLUMN bound),GF,1-6 (plans); 9 (schedule),"[""37A""]","C9 section [100.0, 25.0] cm (drawn), schedule [25.0, 100.0]","V3b B0011 C-COL-GF: technical PARTIAL 13.42 m3; V3b B0012 C-COL-GF-RES: technical BLOCKED (commercial PROVISIONAL_GEOMETRIC_INFERENCE 3.6564 m3, not technical); V3b B0013 C-JNT-GF: technical DERIVED 1.878 m3","[""ANCHORAGE:LOWER_BOUND"", ""LAP:PROVISIONAL"", ""MAIN_BARS:VERIFIED"", ""OTHER_EXTRA:BLOCKED"", ""OTHER_EXTRA:LOWER_BOUND"", ""TIES:BLOCKED"", ""TIES:LOWER_BOUND""]","S3.1 (columns, all storeys incl. the foundation storey / neck)",NONE (stays with the existing stage),,PROJECT_SOURCE (plan outline + type tag + schedule),special extras are the SPC component rows (S8),,COUNTED_OWNED,S1 COLUMN_OCCURRENCE_REGISTER + S3.1 COLUMN_RELEASE
COL-C9-X13-Y08-1F,ELEMENT,,COLUMN,1F,1-6 (plans); 9 (schedule),"[""667""]","C9 section [20.0, 100.0] cm (drawn), schedule [20.0, 90.0]","V3b B0018 C-COL-1F: technical PARTIAL 6.755 m3; V3b B0019 C-COL-1F-RES: technical BLOCKED (commercial PROVISIONAL_GEOMETRIC_INFERENCE 1.035 m3, not technical); V3b B0020 C-JNT-1F: technical DERIVED 0.921 m3","[""ANCHORAGE:LOWER_BOUND"", ""MAIN_BARS:VERIFIED"", ""TIES:LOWER_BOUND""]","S3.1 (columns, all storeys incl. the foundation storey / neck)",NONE (stays with the existing stage),,PROJECT_SOURCE (plan outline + type tag + schedule),,drawn vs schedule: MISMATCH,COUNTED_OWNED,S1 COLUMN_OCCURRENCE_REGISTER + S3.1 COLUMN_RELEASE
COL-C3-X08-Y09-FOUNDATION,ELEMENT,,NECK_PEDESTAL (foundation storey of the column chain),FOUNDATION,1-6 (plans); 9 (schedule),"[""10CC"", ""870"", ""234""]","C3 section [30.0, 50.0] cm (drawn), schedule [30.0, 50.0]","V3b B0005 C-NECK: technical BLOCKED (commercial PROVISIONAL_URBAN_FALLBACK 6.25 m3, not technical); CR COLUMNS_AND_JOINTS: foundation interval is a lower bound (founding level not printed)","[""LAP:PROVISIONAL"", ""MAIN_BARS:LOWER_BOUND"", ""OTHER_EXTRA:BLOCKED"", ""STARTER:PROVISIONAL"", ""TIES:LOWER_BOUND""]","S3.1 (columns, all storeys incl. the foundation storey / neck)",NONE (stays with the existing stage),,PROJECT_SOURCE (plan outline + type tag + schedule),founding level / neck height,,COUNTED_OWNED,S1 COLUMN_OCCURRENCE_REGISTER + S3.1 COLUMN_RELEASE
COL-C3-X08-Y09-GF,ELEMENT,,COLUMN,GF,1-6 (plans); 9 (schedule),"[""36B""]","C3 section [25.0, 50.0] cm (drawn), schedule [25.0, 50.0]","V3b B0011 C-COL-GF: technical PARTIAL 13.42 m3; V3b B0012 C-COL-GF-RES: technical BLOCKED (commercial PROVISIONAL_GEOMETRIC_INFERENCE 3.6564 m3, not technical); V3b B0013 C-JNT-GF: technical DERIVED 1.878 m3","[""ANCHORAGE:PROVISIONAL"", ""LAP:PROVISIONAL"", ""MAIN_BARS:VERIFIED"", ""OTHER_EXTRA:BLOCKED"", ""TIES:LOWER_BOUND""]","S3.1 (columns, all storeys incl. the foundation storey / neck)",NONE (stays with the existing stage),,PROJECT_SOURCE (plan outline + type tag + schedule),,,COUNTED_OWNED,S1 COLUMN_OCCURRENCE_REGISTER + S3.1 COLUMN_RELEASE
COL-C3-X08-Y09-1F,ELEMENT,,COLUMN,1F,1-6 (plans); 9 (schedule),"[""691""]","C3 section [25.0, 50.0] cm (drawn), schedule [20.0, 50.0]","V3b B0018 C-COL-1F: technical PARTIAL 6.755 m3; V3b B0019 C-COL-1F-RES: technical BLOCKED (commercial PROVISIONAL_GEOMETRIC_INFERENCE 1.035 m3, not technical); V3b B0020 C-JNT-1F: technical DERIVED 0.921 m3","[""LAP:PROVISIONAL"", ""MAIN_BARS:VERIFIED"", ""TIES:LOWER_BOUND""]","S3.1 (columns, all storeys incl. the foundation storey / neck)",NONE (stays with the existing stage),,PROJECT_SOURCE (plan outline + type tag + schedule),,drawn vs schedule: MISMATCH,COUNTED_OWNED,S1 COLUMN_OCCURRENCE_REGISTER + S3.1 COLUMN_RELEASE
COL-C3-X08-Y09-2F,ELEMENT,,COLUMN,2F,1-6 (plans); 9 (schedule),"[""424""]","C3 section [25.0, 50.0] cm (drawn), schedule [20.0, 50.0]","V3b B0025 C-COL-2F: technical PARTIAL 2.962 m3; V3b B0026 C-COL-2F-RES: technical BLOCKED (commercial PROVISIONAL_GEOMETRIC_INFERENCE 0.3625 m3, not technical); V3b B0027 C-JNT-2F: technical DERIVED 0.415 m3","[""ANCHORAGE:PROVISIONAL"", ""MAIN_BARS:VERIFIED"", ""TIES:LOWER_BOUND""]","S3.1 (columns, all storeys incl. the foundation storey / neck)",NONE (stays with the existing stage),,PROJECT_SOURCE (plan outline + type tag + schedule),,drawn vs schedule: MISMATCH,COUNTED_OWNED,S1 COLUMN_OCCURRENCE_REGISTER + S3.1 COLUMN_RELEASE
COL-C1-X09-Y09-FOUNDATION,ELEMENT,,NECK_PEDESTAL (foundation storey of the column chain),FOUNDATION,1-6 (plans); 9 (schedule),"[""1099"", ""837"", ""1F5""]","C1 section [20.0, 50.0] cm (drawn), schedule [30.0, 50.0]","V3b B0005 C-NECK: technical BLOCKED (commercial PROVISIONAL_URBAN_FALLBACK 6.25 m3, not technical); CR COLUMNS_AND_JOINTS: foundation interval is a lower bound (founding level not printed)","[""LAP:PROVISIONAL"", ""MAIN_BARS:LOWER_BOUND"", ""OTHER_EXTRA:BLOCKED"", ""STARTER:PROVISIONAL"", ""TIES:LOWER_BOUND""]","S3.1 (columns, all storeys incl. the foundation storey / neck)",NONE (stays with the existing stage),,PROJECT_SOURCE (plan outline + type tag + schedule),founding level / neck height,drawn vs schedule: MISMATCH,COUNTED_OWNED,S1 COLUMN_OCCURRENCE_REGISTER + S3.1 COLUMN_RELEASE
COL-C1-X09-Y09-GF,ELEMENT,,COLUMN,GF,1-6 (plans); 9 (schedule),"[""341""]","C1 section [20.0, 50.0] cm (drawn), schedule [20.0, 50.0]","V3b B0011 C-COL-GF: technical PARTIAL 13.42 m3; V3b B0012 C-COL-GF-RES: technical BLOCKED (commercial PROVISIONAL_GEOMETRIC_INFERENCE 3.6564 m3, not technical); V3b B0013 C-JNT-GF: technical DERIVED 1.878 m3","[""ANCHORAGE:PROVISIONAL"", ""LAP:PROVISIONAL"", ""MAIN_BARS:VERIFIED"", ""TIES:LOWER_BOUND""]","S3.1 (columns, all storeys incl. the foundation storey / neck)",NONE (stays with the existing stage),,PROJECT_SOURCE (plan outline + type tag + schedule),,,COUNTED_OWNED,S1 COLUMN_OCCURRENCE_REGISTER + S3.1 COLUMN_RELEASE
COL-C1-X09-Y09-1F,ELEMENT,,COLUMN,1F,1-6 (plans); 9 (schedule),"[""682""]","C1 section [20.0, 50.0] cm (drawn), schedule [20.0, 50.0]","V3b B0018 C-COL-1F: technical PARTIAL 6.755 m3; V3b B0019 C-COL-1F-RES: technical BLOCKED (commercial PROVISIONAL_GEOMETRIC_INFERENCE 1.035 m3, not technical); V3b B0020 C-JNT-1F: technical DERIVED 0.921 m3","[""LAP:PROVISIONAL"", ""MAIN_BARS:VERIFIED"", ""TIES:LOWER_BOUND""]","S3.1 (columns, all storeys incl. the foundation storey / neck)",NONE (stays with the existing stage),,PROJECT_SOURCE (plan outline + type tag + schedule),,,COUNTED_OWNED,S1 COLUMN_OCCURRENCE_REGISTER + S3.1 COLUMN_RELEASE
COL-C1-X09-Y09-2F,ELEMENT,,COLUMN,2F,1-6 (plans); 9 (schedule),"[""421""]","C1 section [20.0, 50.0] cm (drawn), schedule [20.0, 50.0]","V3b B0025 C-COL-2F: technical PARTIAL 2.962 m3; V3b B0026 C-COL-2F-RES: technical BLOCKED (commercial PROVISIONAL_GEOMETRIC_INFERENCE 0.3625 m3, not technical); V3b B0027 C-JNT-2F: technical DERIVED 0.415 m3","[""ANCHORAGE:PROVISIONAL"", ""MAIN_BARS:VERIFIED"", ""TIES:LOWER_BOUND""]","S3.1 (columns, all storeys incl. the foundation storey / neck)",NONE (stays with the existing stage),,PROJECT_SOURCE (plan outline + type tag + schedule),,,COUNTED_OWNED,S1 COLUMN_OCCURRENCE_REGISTER + S3.1 COLUMN_RELEASE
COL-C2-X10-Y09-FOUNDATION,ELEMENT,,NECK_PEDESTAL (foundation storey of the column chain),FOUNDATION,1-6 (plans); 9 (schedule),"[""1093"", ""831"", ""1EF""]","C2 section [20.0, 50.0] cm (drawn), schedule [30.0, 50.0]","V3b B0005 C-NECK: technical BLOCKED (commercial PROVISIONAL_URBAN_FALLBACK 6.25 m3, not technical); CR COLUMNS_AND_JOINTS: foundation interval is a lower bound (founding level not printed)","[""LAP:PROVISIONAL"", ""MAIN_BARS:LOWER_BOUND"", ""OTHER_EXTRA:BLOCKED"", ""STARTER:PROVISIONAL"", ""TIES:LOWER_BOUND""]","S3.1 (columns, all storeys incl. the foundation storey / neck)",NONE (stays with the existing stage),,PROJECT_SOURCE (plan outline + type tag + schedule),founding level / neck height,drawn vs schedule: MISMATCH,COUNTED_OWNED,S1 COLUMN_OCCURRENCE_REGISTER + S3.1 COLUMN_RELEASE
COL-C2-X10-Y09-GF,ELEMENT,,COLUMN,GF,1-6 (plans); 9 (schedule),"[""33B""]","C2 section [20.0, 50.0] cm (drawn), schedule [20.0, 50.0]","V3b B0011 C-COL-GF: technical PARTIAL 13.42 m3; V3b B0012 C-COL-GF-RES: technical BLOCKED (commercial PROVISIONAL_GEOMETRIC_INFERENCE 3.6564 m3, not technical); V3b B0013 C-JNT-GF: technical DERIVED 1.878 m3","[""LAP:PROVISIONAL"", ""MAIN_BARS:VERIFIED"", ""TIES:LOWER_BOUND""]","S3.1 (columns, all storeys incl. the foundation storey / neck)",NONE (stays with the existing stage),,PROJECT_SOURCE (plan outline + type tag + schedule),,,COUNTED_OWNED,S1 COLUMN_OCCURRENCE_REGISTER + S3.1 COLUMN_RELEASE
COL-C2-X10-Y09-1F,ELEMENT,,COLUMN,1F,1-6 (plans); 9 (schedule),"[""67C""]","C2 section [20.0, 50.0] cm (drawn), schedule [20.0, 50.0]","V3b B0018 C-COL-1F: technical PARTIAL 6.755 m3; V3b B0019 C-COL-1F-RES: technical BLOCKED (commercial PROVISIONAL_GEOMETRIC_INFERENCE 1.035 m3, not technical); V3b B0020 C-JNT-1F: technical DERIVED 0.921 m3","[""ANCHORAGE:PROVISIONAL"", ""LAP:PROVISIONAL"", ""MAIN_BARS:VERIFIED"", ""TIES:LOWER_BOUND""]","S3.1 (columns, all storeys incl. the foundation storey / neck)",NONE (stays with the existing stage),,PROJECT_SOURCE (plan outline + type tag + schedule),,,COUNTED_OWNED,S1 COLUMN_OCCURRENCE_REGISTER + S3.1 COLUMN_RELEASE
COL-C2-X10-Y09-2F,ELEMENT,,COLUMN,2F,1-6 (plans); 9 (schedule),"[""41B""]","C2 section [20.0, 50.0] cm (drawn), schedule [20.0, 50.0]","V3b B0025 C-COL-2F: technical PARTIAL 2.962 m3; V3b B0026 C-COL-2F-RES: technical BLOCKED (commercial PROVISIONAL_GEOMETRIC_INFERENCE 0.3625 m3, not technical); V3b B0027 C-JNT-2F: technical DERIVED 0.415 m3","[""ANCHORAGE:PROVISIONAL"", ""MAIN_BARS:VERIFIED"", ""TIES:LOWER_BOUND""]","S3.1 (columns, all storeys incl. the foundation storey / neck)",NONE (stays with the existing stage),,PROJECT_SOURCE (plan outline + type tag + schedule),,,COUNTED_OWNED,S1 COLUMN_OCCURRENCE_REGISTER + S3.1 COLUMN_RELEASE
COL-CN-X?-Y?@29108-18112-FOUNDATION,ELEMENT,,NECK_PEDESTAL (foundation storey of the column chain),FOUNDATION,1-6 (plans); 9 (schedule),"[""180A"", ""17BA""]","CN section [30.0, 30.0] cm (drawn), schedule [30.0, 30.0]","V3b B0005 C-NECK: technical BLOCKED (commercial PROVISIONAL_URBAN_FALLBACK 6.25 m3, not technical); CR COLUMNS_AND_JOINTS: foundation interval is a lower bound (founding level not printed)","[""ANCHORAGE:PROVISIONAL"", ""MAIN_BARS:LOWER_BOUND"", ""STARTER:PROVISIONAL"", ""TIES:BLOCKED""]","S3.1 (columns, all storeys incl. the foundation storey / neck)",NONE (stays with the existing stage),,PROJECT_SOURCE (plan outline + type tag + schedule),founding level / neck height,,COUNTED_OWNED,S1 COLUMN_OCCURRENCE_REGISTER + S3.1 COLUMN_RELEASE
COL-CN-X?-Y10@31108-20498-FOUNDATION,ELEMENT,,NECK_PEDESTAL (foundation storey of the column chain),FOUNDATION,1-6 (plans); 9 (schedule),"[""17C8"", ""17CF"", ""17C0""]","CN section [30.0, 30.0] cm (drawn), schedule [30.0, 30.0]","V3b B0005 C-NECK: technical BLOCKED (commercial PROVISIONAL_URBAN_FALLBACK 6.25 m3, not technical); CR COLUMNS_AND_JOINTS: foundation interval is a lower bound (founding level not printed)","[""ANCHORAGE:PROVISIONAL"", ""MAIN_BARS:LOWER_BOUND"", ""STARTER:PROVISIONAL"", ""TIES:LOWER_BOUND""]","S3.1 (columns, all storeys incl. the foundation storey / neck)",NONE (stays with the existing stage),,PROJECT_SOURCE (plan outline + type tag + schedule),founding level / neck height,,COUNTED_OWNED,S1 COLUMN_OCCURRENCE_REGISTER + S3.1 COLUMN_RELEASE
COL-C2-X08-Y10-FOUNDATION,ELEMENT,,NECK_PEDESTAL (foundation storey of the column chain),FOUNDATION,1-6 (plans); 9 (schedule),"[""1084"", ""817"", ""1DC""]","C2 section [30.0, 50.0] cm (drawn), schedule [30.0, 50.0]","V3b B0005 C-NECK: technical BLOCKED (commercial PROVISIONAL_URBAN_FALLBACK 6.25 m3, not technical); CR COLUMNS_AND_JOINTS: foundation interval is a lower bound (founding level not printed)","[""LAP:PROVISIONAL"", ""MAIN_BARS:LOWER_BOUND"", ""OTHER_EXTRA:BLOCKED"", ""STARTER:PROVISIONAL"", ""TIES:LOWER_BOUND""]","S3.1 (columns, all storeys incl. the foundation storey / neck)",NONE (stays with the existing stage),,PROJECT_SOURCE (plan outline + type tag + schedule),founding level / neck height,,COUNTED_OWNED,S1 COLUMN_OCCURRENCE_REGISTER + S3.1 COLUMN_RELEASE
COL-C2-X08-Y10-GF,ELEMENT,,COLUMN,GF,1-6 (plans); 9 (schedule),"[""32C""]","C2 section [20.0, 50.0] cm (drawn), schedule [20.0, 50.0]","V3b B0011 C-COL-GF: technical PARTIAL 13.42 m3; V3b B0012 C-COL-GF-RES: technical BLOCKED (commercial PROVISIONAL_GEOMETRIC_INFERENCE 3.6564 m3, not technical); V3b B0013 C-JNT-GF: technical DERIVED 1.878 m3","[""LAP:PROVISIONAL"", ""MAIN_BARS:VERIFIED"", ""TIES:LOWER_BOUND""]","S3.1 (columns, all storeys incl. the foundation storey / neck)",NONE (stays with the existing stage),,PROJECT_SOURCE (plan outline + type tag + schedule),,,COUNTED_OWNED,S1 COLUMN_OCCURRENCE_REGISTER + S3.1 COLUMN_RELEASE
COL-C2-X08-Y10-1F,ELEMENT,,COLUMN,1F,1-6 (plans); 9 (schedule),"[""66D""]","C2 section [20.0, 50.0] cm (drawn), schedule [20.0, 50.0]","V3b B0018 C-COL-1F: technical PARTIAL 6.755 m3; V3b B0019 C-COL-1F-RES: technical BLOCKED (commercial PROVISIONAL_GEOMETRIC_INFERENCE 1.035 m3, not technical); V3b B0020 C-JNT-1F: technical DERIVED 0.921 m3","[""ANCHORAGE:PROVISIONAL"", ""LAP:PROVISIONAL"", ""MAIN_BARS:VERIFIED"", ""TIES:LOWER_BOUND""]","S3.1 (columns, all storeys incl. the foundation storey / neck)",NONE (stays with the existing stage),,PROJECT_SOURCE (plan outline + type tag + schedule),,,COUNTED_OWNED,S1 COLUMN_OCCURRENCE_REGISTER + S3.1 COLUMN_RELEASE
COL-C2-X08-Y10-2F,ELEMENT,,COLUMN,2F,1-6 (plans); 9 (schedule),"[""40F""]","C2 section [20.0, 50.0] cm (drawn), schedule [20.0, 50.0]","V3b B0025 C-COL-2F: technical PARTIAL 2.962 m3; V3b B0026 C-COL-2F-RES: technical BLOCKED (commercial PROVISIONAL_GEOMETRIC_INFERENCE 0.3625 m3, not technical); V3b B0027 C-JNT-2F: technical DERIVED 0.415 m3","[""ANCHORAGE:PROVISIONAL"", ""MAIN_BARS:VERIFIED"", ""TIES:LOWER_BOUND""]","S3.1 (columns, all storeys incl. the foundation storey / neck)",NONE (stays with the existing stage),,PROJECT_SOURCE (plan outline + type tag + schedule),,,COUNTED_OWNED,S1 COLUMN_OCCURRENCE_REGISTER + S3.1 COLUMN_RELEASE
COL-C2-X09-Y10-FOUNDATION,ELEMENT,,NECK_PEDESTAL (foundation storey of the column chain),FOUNDATION,1-6 (plans); 9 (schedule),"[""1087"", ""821"", ""1E0""]","C2 section [30.0, 50.0] cm (drawn), schedule [30.0, 50.0]","V3b B0005 C-NECK: technical BLOCKED (commercial PROVISIONAL_URBAN_FALLBACK 6.25 m3, not technical); CR COLUMNS_AND_JOINTS: foundation interval is a lower bound (founding level not printed)","[""LAP:PROVISIONAL"", ""MAIN_BARS:LOWER_BOUND"", ""OTHER_EXTRA:BLOCKED"", ""STARTER:PROVISIONAL"", ""TIES:LOWER_BOUND""]","S3.1 (columns, all storeys incl. the foundation storey / neck)",NONE (stays with the existing stage),,PROJECT_SOURCE (plan outline + type tag + schedule),founding level / neck height,,COUNTED_OWNED,S1 COLUMN_OCCURRENCE_REGISTER + S3.1 COLUMN_RELEASE
COL-C2-X09-Y10-GF,ELEMENT,,COLUMN,GF,1-6 (plans); 9 (schedule),"[""32F""]","C2 section [20.0, 50.0] cm (drawn), schedule [20.0, 50.0]","V3b B0011 C-COL-GF: technical PARTIAL 13.42 m3; V3b B0012 C-COL-GF-RES: technical BLOCKED (commercial PROVISIONAL_GEOMETRIC_INFERENCE 3.6564 m3, not technical); V3b B0013 C-JNT-GF: technical DERIVED 1.878 m3","[""LAP:PROVISIONAL"", ""MAIN_BARS:VERIFIED"", ""TIES:LOWER_BOUND""]","S3.1 (columns, all storeys incl. the foundation storey / neck)",NONE (stays with the existing stage),,PROJECT_SOURCE (plan outline + type tag + schedule),,,COUNTED_OWNED,S1 COLUMN_OCCURRENCE_REGISTER + S3.1 COLUMN_RELEASE
COL-C2-X09-Y10-1F,ELEMENT,,COLUMN,1F,1-6 (plans); 9 (schedule),"[""670""]","C2 section [20.0, 50.0] cm (drawn), schedule [20.0, 50.0]","V3b B0018 C-COL-1F: technical PARTIAL 6.755 m3; V3b B0019 C-COL-1F-RES: technical BLOCKED (commercial PROVISIONAL_GEOMETRIC_INFERENCE 1.035 m3, not technical); V3b B0020 C-JNT-1F: technical DERIVED 0.921 m3","[""ANCHORAGE:PROVISIONAL"", ""LAP:PROVISIONAL"", ""MAIN_BARS:VERIFIED"", ""TIES:LOWER_BOUND""]","S3.1 (columns, all storeys incl. the foundation storey / neck)",NONE (stays with the existing stage),,PROJECT_SOURCE (plan outline + type tag + schedule),,,COUNTED_OWNED,S1 COLUMN_OCCURRENCE_REGISTER + S3.1 COLUMN_RELEASE
COL-C2-X09-Y10-2F,ELEMENT,,COLUMN,2F,1-6 (plans); 9 (schedule),"[""412""]","C2 section [20.0, 50.0] cm (drawn), schedule [20.0, 50.0]","V3b B0025 C-COL-2F: technical PARTIAL 2.962 m3; V3b B0026 C-COL-2F-RES: technical BLOCKED (commercial PROVISIONAL_GEOMETRIC_INFERENCE 0.3625 m3, not technical); V3b B0027 C-JNT-2F: technical DERIVED 0.415 m3","[""ANCHORAGE:PROVISIONAL"", ""MAIN_BARS:VERIFIED"", ""TIES:LOWER_BOUND""]","S3.1 (columns, all storeys incl. the foundation storey / neck)",NONE (stays with the existing stage),,PROJECT_SOURCE (plan outline + type tag + schedule),,,COUNTED_OWNED,S1 COLUMN_OCCURRENCE_REGISTER + S3.1 COLUMN_RELEASE
COL-C5-X11-Y10-FOUNDATION,ELEMENT,,NECK_PEDESTAL (foundation storey of the column chain),FOUNDATION,1-6 (plans); 9 (schedule),"[""108A"", ""826"", ""1E4""]","C5 section [60.0, 30.0] cm (drawn), schedule [30.0, 60.0]","V3b B0005 C-NECK: technical BLOCKED (commercial PROVISIONAL_URBAN_FALLBACK 6.25 m3, not technical); CR COLUMNS_AND_JOINTS: foundation interval is a lower bound (founding level not printed)","[""LAP:PROVISIONAL"", ""MAIN_BARS:LOWER_BOUND"", ""OTHER_EXTRA:BLOCKED"", ""STARTER:PROVISIONAL"", ""TIES:BLOCKED"", ""TIES:LOWER_BOUND""]","S3.1 (columns, all storeys incl. the foundation storey / neck)",NONE (stays with the existing stage),,PROJECT_SOURCE (plan outline + type tag + schedule),founding level / neck height,,COUNTED_OWNED,S1 COLUMN_OCCURRENCE_REGISTER + S3.1 COLUMN_RELEASE
COL-C5-X11-Y10-GF,ELEMENT,,COLUMN,GF,1-6 (plans); 9 (schedule),"[""332""]","C5 section [60.0, 25.0] cm (drawn), schedule [25.0, 60.0]","V3b B0011 C-COL-GF: technical PARTIAL 13.42 m3; V3b B0012 C-COL-GF-RES: technical BLOCKED (commercial PROVISIONAL_GEOMETRIC_INFERENCE 3.6564 m3, not technical); V3b B0013 C-JNT-GF: technical DERIVED 1.878 m3","[""ANCHORAGE:PROVISIONAL"", ""LAP:PROVISIONAL"", ""MAIN_BARS:VERIFIED"", ""OTHER_EXTRA:BLOCKED"", ""TIES:BLOCKED"", ""TIES:LOWER_BOUND""]","S3.1 (columns, all storeys incl. the foundation storey / neck)",NONE (stays with the existing stage),,PROJECT_SOURCE (plan outline + type tag + schedule),,,COUNTED_OWNED,S1 COLUMN_OCCURRENCE_REGISTER + S3.1 COLUMN_RELEASE
COL-C5-X11-Y10-1F,ELEMENT,,COLUMN,1F,1-6 (plans); 9 (schedule),"[""673""]","C5 section [60.0, 25.0] cm (drawn), schedule [20.0, 50.0]","V3b B0018 C-COL-1F: technical PARTIAL 6.755 m3; V3b B0019 C-COL-1F-RES: technical BLOCKED (commercial PROVISIONAL_GEOMETRIC_INFERENCE 1.035 m3, not technical); V3b B0020 C-JNT-1F: technical DERIVED 0.921 m3","[""ANCHORAGE:PROVISIONAL"", ""LAP:PROVISIONAL"", ""MAIN_BARS:VERIFIED"", ""TIES:LOWER_BOUND""]","S3.1 (columns, all storeys incl. the foundation storey / neck)",NONE (stays with the existing stage),,PROJECT_SOURCE (plan outline + type tag + schedule),,drawn vs schedule: MISMATCH,COUNTED_OWNED,S1 COLUMN_OCCURRENCE_REGISTER + S3.1 COLUMN_RELEASE
COL-C5-X11-Y10-2F,ELEMENT,,COLUMN,2F,1-6 (plans); 9 (schedule),"[""415""]","C5 section [60.0, 20.0] cm (drawn), schedule [20.0, 50.0]","V3b B0025 C-COL-2F: technical PARTIAL 2.962 m3; V3b B0026 C-COL-2F-RES: technical BLOCKED (commercial PROVISIONAL_GEOMETRIC_INFERENCE 0.3625 m3, not technical); V3b B0027 C-JNT-2F: technical DERIVED 0.415 m3","[""ANCHORAGE:PROVISIONAL"", ""MAIN_BARS:VERIFIED"", ""TIES:LOWER_BOUND""]","S3.1 (columns, all storeys incl. the foundation storey / neck)",NONE (stays with the existing stage),,PROJECT_SOURCE (plan outline + type tag + schedule),,drawn vs schedule: MISMATCH,COUNTED_OWNED,S1 COLUMN_OCCURRENCE_REGISTER + S3.1 COLUMN_RELEASE
COL-C4-X13-Y10-FOUNDATION,ELEMENT,,NECK_PEDESTAL (foundation storey of the column chain),FOUNDATION,1-6 (plans); 9 (schedule),"[""10D7"", ""87C"", ""241""]","C4 section [50.0, 30.0] cm (drawn), schedule [30.0, 50.0]","V3b B0005 C-NECK: technical BLOCKED (commercial PROVISIONAL_URBAN_FALLBACK 6.25 m3, not technical); CR COLUMNS_AND_JOINTS: foundation interval is a lower bound (founding level not printed)","[""LAP:PROVISIONAL"", ""MAIN_BARS:LOWER_BOUND"", ""OTHER_EXTRA:BLOCKED"", ""STARTER:PROVISIONAL"", ""TIES:LOWER_BOUND""]","S3.1 (columns, all storeys incl. the foundation storey / neck)",NONE (stays with the existing stage),,PROJECT_SOURCE (plan outline + type tag + schedule),founding level / neck height,,COUNTED_OWNED,S1 COLUMN_OCCURRENCE_REGISTER + S3.1 COLUMN_RELEASE
COL-C4-X13-Y10-GF,ELEMENT,,COLUMN,GF,1-6 (plans); 9 (schedule),"[""377""]","C4 section [50.0, 25.0] cm (drawn), schedule [25.0, 50.0]","V3b B0011 C-COL-GF: technical PARTIAL 13.42 m3; V3b B0012 C-COL-GF-RES: technical BLOCKED (commercial PROVISIONAL_GEOMETRIC_INFERENCE 3.6564 m3, not technical); V3b B0013 C-JNT-GF: technical DERIVED 1.878 m3","[""LAP:PROVISIONAL"", ""MAIN_BARS:VERIFIED"", ""OTHER_EXTRA:BLOCKED"", ""TIES:LOWER_BOUND""]","S3.1 (columns, all storeys incl. the foundation storey / neck)",NONE (stays with the existing stage),,PROJECT_SOURCE (plan outline + type tag + schedule),,,COUNTED_OWNED,S1 COLUMN_OCCURRENCE_REGISTER + S3.1 COLUMN_RELEASE
COL-C4-X13-Y10-1F,ELEMENT,,COLUMN,1F,1-6 (plans); 9 (schedule),"[""697""]","C4 section [50.0, 25.0] cm (drawn), schedule [20.0, 50.0]","V3b B0018 C-COL-1F: technical PARTIAL 6.755 m3; V3b B0019 C-COL-1F-RES: technical BLOCKED (commercial PROVISIONAL_GEOMETRIC_INFERENCE 1.035 m3, not technical); V3b B0020 C-JNT-1F: technical DERIVED 0.921 m3","[""ANCHORAGE:PROVISIONAL"", ""MAIN_BARS:VERIFIED"", ""TIES:LOWER_BOUND""]","S3.1 (columns, all storeys incl. the foundation storey / neck)",NONE (stays with the existing stage),,PROJECT_SOURCE (plan outline + type tag + schedule),,drawn vs schedule: MISMATCH,COUNTED_OWNED,S1 COLUMN_OCCURRENCE_REGISTER + S3.1 COLUMN_RELEASE
COL-C4-X15-Y10-FOUNDATION,ELEMENT,,NECK_PEDESTAL (foundation storey of the column chain),FOUNDATION,1-6 (plans); 9 (schedule),"[""108D"", ""82A"", ""1E8""]","C4 section [50.0, 25.0] cm (drawn), schedule [30.0, 50.0]","V3b B0005 C-NECK: technical BLOCKED (commercial PROVISIONAL_URBAN_FALLBACK 6.25 m3, not technical); CR COLUMNS_AND_JOINTS: foundation interval is a lower bound (founding level not printed)","[""LAP:PROVISIONAL"", ""MAIN_BARS:LOWER_BOUND"", ""OTHER_EXTRA:BLOCKED"", ""STARTER:PROVISIONAL"", ""TIES:LOWER_BOUND""]","S3.1 (columns, all storeys incl. the foundation storey / neck)",NONE (stays with the existing stage),,PROJECT_SOURCE (plan outline + type tag + schedule),founding level / neck height,drawn vs schedule: MISMATCH,COUNTED_OWNED,S1 COLUMN_OCCURRENCE_REGISTER + S3.1 COLUMN_RELEASE
COL-C4-X15-Y10-GF,ELEMENT,,COLUMN,GF,1-6 (plans); 9 (schedule),"[""335""]","C4 section [50.0, 25.0] cm (drawn), schedule [25.0, 50.0]","V3b B0011 C-COL-GF: technical PARTIAL 13.42 m3; V3b B0012 C-COL-GF-RES: technical BLOCKED (commercial PROVISIONAL_GEOMETRIC_INFERENCE 3.6564 m3, not technical); V3b B0013 C-JNT-GF: technical DERIVED 1.878 m3","[""LAP:PROVISIONAL"", ""MAIN_BARS:VERIFIED"", ""OTHER_EXTRA:BLOCKED"", ""TIES:LOWER_BOUND""]","S3.1 (columns, all storeys incl. the foundation storey / neck)",NONE (stays with the existing stage),,PROJECT_SOURCE (plan outline + type tag + schedule),,,COUNTED_OWNED,S1 COLUMN_OCCURRENCE_REGISTER + S3.1 COLUMN_RELEASE
COL-C4-X15-Y10-1F,ELEMENT,,COLUMN,1F,1-6 (plans); 9 (schedule),"[""676""]","C4 section [50.0, 25.0] cm (drawn), schedule [20.0, 50.0]","V3b B0018 C-COL-1F: technical PARTIAL 6.755 m3; V3b B0019 C-COL-1F-RES: technical BLOCKED (commercial PROVISIONAL_GEOMETRIC_INFERENCE 1.035 m3, not technical); V3b B0020 C-JNT-1F: technical DERIVED 0.921 m3","[""ANCHORAGE:PROVISIONAL"", ""MAIN_BARS:VERIFIED"", ""TIES:LOWER_BOUND""]","S3.1 (columns, all storeys incl. the foundation storey / neck)",NONE (stays with the existing stage),,PROJECT_SOURCE (plan outline + type tag + schedule),,drawn vs schedule: MISMATCH,COUNTED_OWNED,S1 COLUMN_OCCURRENCE_REGISTER + S3.1 COLUMN_RELEASE
GSO-107-7CE-1,ELEMENT,,"GROUND_BEAM (exterior, depth FOLLOW ARCH.)",FOUNDATION / GROUND,2 (straps) / 3 (ground beams); 13 (sections),"[""107"", ""7CE""]",GB (typical p.13) clear 0.364 m x 300 x ? mm (BOUNDED_ABOVE),"V3b B0007 C-GB-EXT: technical BLOCKED (commercial PROVISIONAL_SOURCE_DERIVED 33.0898 m3, not technical)","[""BLOCKED_UNQUANTIFIED:8"", ""LOWER_BOUND:4"", ""NOT_APPLICABLE:4"", ""VERIFIED:2""]",S5.1 (LOWER_BOUND; AD1 + D1.1 corrections),NONE (stays with the existing stage),,PROJECT_SOURCE (plan linework + p.13 section by length),,,COUNTED_OWNED,S5 GROUND_SYSTEM_REBAR_OCCURRENCES
GSO-109-7CB-1,ELEMENT,,GROUND_BEAM (exterior / interior detail conflict),FOUNDATION / GROUND,2 (straps) / 3 (ground beams); 13 (sections),"[""109"", ""7CB""]",GB (typical p.13) clear 9.5 m x  x ? mm (UNRESOLVED),"V3b B0006 C-GB-INT: technical DERIVED 11.245 m3; V3b B0007 C-GB-EXT: technical BLOCKED (commercial PROVISIONAL_SOURCE_DERIVED 33.0898 m3, not technical)","[""BLOCKED_UNQUANTIFIED:18""]",S5.1 (BLOCKED; AD1 + D1.1 corrections),NONE (stays with the existing stage),,PROJECT_SOURCE (plan linework + p.13 section by length),3 candidates: concentrated-load case has no project detail; exterior / interior not resolved;,"detail candidates ['NO_PROJECT_DETAIL_FOR_CONCENTRATED_LOAD', 'P13-GB-EXTERIOR', 'P13-GB-GT5M']",COUNTED_OWNED,S5 GROUND_SYSTEM_REBAR_OCCURRENCES
GSO-109-7CB-2,ELEMENT,,"GROUND_BEAM (exterior, depth FOLLOW ARCH.)",FOUNDATION / GROUND,2 (straps) / 3 (ground beams); 13 (sections),"[""109"", ""7CB""]",GB (typical p.13) clear 2.7 m x 300 x ? mm (BOUNDED_ABOVE),"V3b B0007 C-GB-EXT: technical BLOCKED (commercial PROVISIONAL_SOURCE_DERIVED 33.0898 m3, not technical)","[""BLOCKED_UNQUANTIFIED:8"", ""LOWER_BOUND:4"", ""NOT_APPLICABLE:4"", ""VERIFIED:2""]",S5.1 (LOWER_BOUND; AD1 + D1.1 corrections),NONE (stays with the existing stage),,PROJECT_SOURCE (plan linework + p.13 section by length),,,COUNTED_OWNED,S5 GROUND_SYSTEM_REBAR_OCCURRENCES
GSO-10A-7C9-1,ELEMENT,,"GROUND_BEAM (exterior, depth FOLLOW ARCH.)",FOUNDATION / GROUND,2 (straps) / 3 (ground beams); 13 (sections),"[""10A"", ""7C9""]",GB (typical p.13) clear 4.6 m x 300 x ? mm (BOUNDED_ABOVE),"V3b B0007 C-GB-EXT: technical BLOCKED (commercial PROVISIONAL_SOURCE_DERIVED 33.0898 m3, not technical)","[""BLOCKED_UNQUANTIFIED:8"", ""LOWER_BOUND:4"", ""NOT_APPLICABLE:4"", ""VERIFIED:2""]",S5.1 (LOWER_BOUND; AD1 + D1.1 corrections),NONE (stays with the existing stage),,PROJECT_SOURCE (plan linework + p.13 section by length),,,COUNTED_OWNED,S5 GROUND_SYSTEM_REBAR_OCCURRENCES
GSO-10B-7D1-1,ELEMENT,,GROUND_BEAM (exterior / interior detail conflict),FOUNDATION / GROUND,2 (straps) / 3 (ground beams); 13 (sections),"[""10B"", ""7D1""]",GB (typical p.13) clear 1.5 m x 300 x ? mm (CANDIDATE_CONFLICT),"V3b B0006 C-GB-INT: technical DERIVED 11.245 m3; V3b B0007 C-GB-EXT: technical BLOCKED (commercial PROVISIONAL_SOURCE_DERIVED 33.0898 m3, not technical)","[""BLOCKED_UNQUANTIFIED:15"", ""NOT_APPLICABLE:3""]",S5.1 (BLOCKED; AD1 + D1.1 corrections),NONE (stays with the existing stage),,PROJECT_SOURCE (plan linework + p.13 section by length),3 candidates: exterior / interior not resolved; <2.5 m and <5 m titles both hold,"detail candidates ['P13-GB-EXTERIOR', 'P13-GB-LT2_5M', 'P13-GB-LT5M']",COUNTED_OWNED,S5 GROUND_SYSTEM_REBAR_OCCURRENCES
GSO-10B-7D1-2,ELEMENT,,"GROUND_BEAM (exterior, depth FOLLOW ARCH.)",FOUNDATION / GROUND,2 (straps) / 3 (ground beams); 13 (sections),"[""10B"", ""7D1""]",GB (typical p.13) clear 2.3 m x 300 x ? mm (SOURCE_CONFLICT),"V3b B0007 C-GB-EXT: technical BLOCKED (commercial PROVISIONAL_SOURCE_DERIVED 33.0898 m3, not technical)","[""BLOCKED_UNQUANTIFIED:8"", ""LOWER_BOUND:4"", ""NOT_APPLICABLE:4"", ""VERIFIED:2""]",S5.1 (LOWER_BOUND; AD1 + D1.1 corrections),NONE (stays with the existing stage),,PROJECT_SOURCE (plan linework + p.13 section by length),,detail candidates ['P13-GB-EXTERIOR'],COUNTED_OWNED,S5 GROUND_SYSTEM_REBAR_OCCURRENCES
GSO-114-115-7DF-1,ELEMENT,,GROUND_BEAM (exterior / interior detail conflict),FOUNDATION / GROUND,2 (straps) / 3 (ground beams); 13 (sections),"[""114"", ""115"", ""7DF""]",GB (typical p.13) clear 2.625 m x 300 x ? mm (CANDIDATE_CONFLICT),"V3b B0006 C-GB-INT: technical DERIVED 11.245 m3; V3b B0007 C-GB-EXT: technical BLOCKED (commercial PROVISIONAL_SOURCE_DERIVED 33.0898 m3, not technical)","[""BLOCKED_UNQUANTIFIED:11"", ""LOWER_BOUND:1"", ""NOT_APPLICABLE:4"", ""VERIFIED:2""]",S5.1 (BLOCKED; AD1 + D1.1 corrections),NONE (stays with the existing stage),,PROJECT_SOURCE (plan linework + p.13 section by length),2 candidates: exterior / interior not resolved;,"detail candidates ['P13-GB-EXTERIOR', 'P13-GB-LT5M']",COUNTED_OWNED,S5 GROUND_SYSTEM_REBAR_OCCURRENCES
GSO-114-115-7DF-2,ELEMENT,,"GROUND_BEAM (exterior, depth FOLLOW ARCH.)",FOUNDATION / GROUND,2 (straps) / 3 (ground beams); 13 (sections),"[""114"", ""115"", ""7DF""]",GB (typical p.13) clear 1.3 m x 300 x ? mm (BOUNDED_ABOVE),"V3b B0007 C-GB-EXT: technical BLOCKED (commercial PROVISIONAL_SOURCE_DERIVED 33.0898 m3, not technical)","[""BLOCKED_UNQUANTIFIED:8"", ""LOWER_BOUND:4"", ""NOT_APPLICABLE:4"", ""VERIFIED:2""]",S5.1 (LOWER_BOUND; AD1 + D1.1 corrections),NONE (stays with the existing stage),,PROJECT_SOURCE (plan linework + p.13 section by length),,,COUNTED_OWNED,S5 GROUND_SYSTEM_REBAR_OCCURRENCES
GSO-136-7D5-1,ELEMENT,,"GROUND_BEAM (exterior, depth FOLLOW ARCH.)",FOUNDATION / GROUND,2 (straps) / 3 (ground beams); 13 (sections),"[""136"", ""7D5""]",GB (typical p.13) clear 6.4 m x 300 x ? mm (SOURCE_CONFLICT),"V3b B0007 C-GB-EXT: technical BLOCKED (commercial PROVISIONAL_SOURCE_DERIVED 33.0898 m3, not technical)","[""BLOCKED_UNQUANTIFIED:12"", ""NOT_APPLICABLE:4"", ""VERIFIED:2""]",S5.1 (BLOCKED; AD1 + D1.1 corrections),NONE (stays with the existing stage),,PROJECT_SOURCE (plan linework + p.13 section by length),,detail candidates ['P13-GB-EXTERIOR'],COUNTED_OWNED,S5 GROUND_SYSTEM_REBAR_OCCURRENCES
GSO-137-138-1,ELEMENT,,"GROUND_BEAM (exterior, depth FOLLOW ARCH.)",FOUNDATION / GROUND,2 (straps) / 3 (ground beams); 13 (sections),"[""137"", ""138""]",GB (typical p.13) clear 2.45 m x 300 x ? mm (SOURCE_CONFLICT),"V3b B0007 C-GB-EXT: technical BLOCKED (commercial PROVISIONAL_SOURCE_DERIVED 33.0898 m3, not technical)","[""BLOCKED_UNQUANTIFIED:8"", ""LOWER_BOUND:4"", ""NOT_APPLICABLE:4"", ""VERIFIED:2""]",S5.1 (LOWER_BOUND; AD1 + D1.1 corrections),NONE (stays with the existing stage),,PROJECT_SOURCE (plan linework + p.13 section by length),,detail candidates ['P13-GB-EXTERIOR'],COUNTED_OWNED,S5 GROUND_SYSTEM_REBAR_OCCURRENCES
GSO-13C-7D9-1,ELEMENT,,GROUND_BEAM (interior),FOUNDATION / GROUND,2 (straps) / 3 (ground beams); 13 (sections),"[""13C"", ""7D9""]",GB (typical p.13) clear 1.45 m x 300 x ? mm (CANDIDATE_CONFLICT),V3b B0006 C-GB-INT: technical DERIVED 11.245 m3,"[""BLOCKED_UNQUANTIFIED:11"", ""LOWER_BOUND:3"", ""NOT_APPLICABLE:4""]",S5.1 (LOWER_BOUND; AD1 + D1.1 corrections),NONE (stays with the existing stage),,PROJECT_SOURCE (plan linework + p.13 section by length),2 candidates: <2.5 m and <5 m titles both hold,"detail candidates ['P13-GB-LT2_5M', 'P13-GB-LT5M']",COUNTED_OWNED,S5 GROUND_SYSTEM_REBAR_OCCURRENCES
GSO-13D-7D2-1,ELEMENT,,"GROUND_BEAM (exterior, depth FOLLOW ARCH.)",FOUNDATION / GROUND,2 (straps) / 3 (ground beams); 13 (sections),"[""13D"", ""7D2""]",GB (typical p.13) clear 5.9 m x 300 x ? mm (SOURCE_CONFLICT),"V3b B0007 C-GB-EXT: technical BLOCKED (commercial PROVISIONAL_SOURCE_DERIVED 33.0898 m3, not technical)","[""BLOCKED_UNQUANTIFIED:8"", ""LOWER_BOUND:4"", ""NOT_APPLICABLE:4"", ""VERIFIED:2""]",S5.1 (LOWER_BOUND; AD1 + D1.1 corrections),NONE (stays with the existing stage),,PROJECT_SOURCE (plan linework + p.13 section by length),,detail candidates ['P13-GB-EXTERIOR'],COUNTED_OWNED,S5 GROUND_SYSTEM_REBAR_OCCURRENCES
GSO-13E-7D6-1,ELEMENT,,GROUND_BEAM (interior),FOUNDATION / GROUND,2 (straps) / 3 (ground beams); 13 (sections),"[""13E"", ""7D6""]",GB (typical p.13) clear 5.1 m x  x ? mm (UNRESOLVED),V3b B0006 C-GB-INT: technical DERIVED 11.245 m3,"[""BLOCKED_UNQUANTIFIED:18""]",S5.1 (BLOCKED; AD1 + D1.1 corrections),NONE (stays with the existing stage),,PROJECT_SOURCE (plan linework + p.13 section by length),2 candidates: concentrated-load case has no project detail;,,COUNTED_OWNED,S5 GROUND_SYSTEM_REBAR_OCCURRENCES
GSO-13F-7D3-1,ELEMENT,,GROUND_BEAM (interior),FOUNDATION / GROUND,2 (straps) / 3 (ground beams); 13 (sections),"[""13F"", ""7D3""]",GB (typical p.13) clear 4.3 m x  x ? mm (UNRESOLVED),V3b B0006 C-GB-INT: technical DERIVED 11.245 m3,"[""BLOCKED_UNQUANTIFIED:18""]",S5.1 (BLOCKED; AD1 + D1.1 corrections),NONE (stays with the existing stage),,PROJECT_SOURCE (plan linework + p.13 section by length),2 candidates: concentrated-load case has no project detail;,,COUNTED_OWNED,S5 GROUND_SYSTEM_REBAR_OCCURRENCES
GSO-140-7D7-1,ELEMENT,,GROUND_BEAM (interior),FOUNDATION / GROUND,2 (straps) / 3 (ground beams); 13 (sections),"[""140"", ""7D7""]",GB (typical p.13) clear 4.3 m x  x ? mm (UNRESOLVED),V3b B0006 C-GB-INT: technical DERIVED 11.245 m3,"[""BLOCKED_UNQUANTIFIED:18""]",S5.1 (BLOCKED; AD1 + D1.1 corrections),NONE (stays with the existing stage),,PROJECT_SOURCE (plan linework + p.13 section by length),2 candidates: concentrated-load case has no project detail;,,COUNTED_OWNED,S5 GROUND_SYSTEM_REBAR_OCCURRENCES
GSO-141-7DA-1,ELEMENT,,GROUND_BEAM (interior),FOUNDATION / GROUND,2 (straps) / 3 (ground beams); 13 (sections),"[""141"", ""7DA""]",GB (typical p.13) clear 1.2 m x 300 x ? mm (CANDIDATE_CONFLICT),V3b B0006 C-GB-INT: technical DERIVED 11.245 m3,"[""BLOCKED_UNQUANTIFIED:11"", ""LOWER_BOUND:3"", ""NOT_APPLICABLE:4""]",S5.1 (LOWER_BOUND; AD1 + D1.1 corrections),NONE (stays with the existing stage),,PROJECT_SOURCE (plan linework + p.13 section by length),2 candidates: <2.5 m and <5 m titles both hold,"detail candidates ['P13-GB-LT2_5M', 'P13-GB-LT5M']",COUNTED_OWNED,S5 GROUND_SYSTEM_REBAR_OCCURRENCES
GSO-142-7D8-1,ELEMENT,,GROUND_BEAM (interior),FOUNDATION / GROUND,2 (straps) / 3 (ground beams); 13 (sections),"[""142"", ""7D8""]",GB (typical p.13) clear 2.45 m x 300 x ? mm (CANDIDATE_CONFLICT),V3b B0006 C-GB-INT: technical DERIVED 11.245 m3,"[""BLOCKED_UNQUANTIFIED:11"", ""LOWER_BOUND:3"", ""NOT_APPLICABLE:4""]",S5.1 (LOWER_BOUND; AD1 + D1.1 corrections),NONE (stays with the existing stage),,PROJECT_SOURCE (plan linework + p.13 section by length),2 candidates: <2.5 m and <5 m titles both hold,"detail candidates ['P13-GB-LT2_5M', 'P13-GB-LT5M']",COUNTED_OWNED,S5 GROUND_SYSTEM_REBAR_OCCURRENCES
GSO-145-7CA-1,ELEMENT,,GROUND_BEAM (exterior / interior detail conflict),FOUNDATION / GROUND,2 (straps) / 3 (ground beams); 13 (sections),"[""145"", ""7CA""]",GB (typical p.13) clear 0.4 m x 300 x ? mm (CANDIDATE_CONFLICT),"V3b B0006 C-GB-INT: technical DERIVED 11.245 m3; V3b B0007 C-GB-EXT: technical BLOCKED (commercial PROVISIONAL_SOURCE_DERIVED 33.0898 m3, not technical)","[""BLOCKED_UNQUANTIFIED:15"", ""NOT_APPLICABLE:3""]",S5.1 (BLOCKED; AD1 + D1.1 corrections),NONE (stays with the existing stage),,PROJECT_SOURCE (plan linework + p.13 section by length),3 candidates: exterior / interior not resolved; <2.5 m and <5 m titles both hold,"detail candidates ['P13-GB-EXTERIOR', 'P13-GB-LT2_5M', 'P13-GB-LT5M']",COUNTED_OWNED,S5 GROUND_SYSTEM_REBAR_OCCURRENCES
GSO-145-7CA-2,ELEMENT,,GROUND_BEAM (exterior / interior detail conflict),FOUNDATION / GROUND,2 (straps) / 3 (ground beams); 13 (sections),"[""145"", ""7CA""]",GB (typical p.13) clear 2.3 m x 300 x ? mm (CANDIDATE_CONFLICT),"V3b B0006 C-GB-INT: technical DERIVED 11.245 m3; V3b B0007 C-GB-EXT: technical BLOCKED (commercial PROVISIONAL_SOURCE_DERIVED 33.0898 m3, not technical)","[""BLOCKED_UNQUANTIFIED:18""]",S5.1 (BLOCKED; AD1 + D1.1 corrections),NONE (stays with the existing stage),,PROJECT_SOURCE (plan linework + p.13 section by length),3 candidates: exterior / interior not resolved; <2.5 m and <5 m titles both hold,"detail candidates ['P13-GB-EXTERIOR', 'P13-GB-LT2_5M', 'P13-GB-LT5M']",COUNTED_OWNED,S5 GROUND_SYSTEM_REBAR_OCCURRENCES
GSO-15C-7CC-1,ELEMENT,,GROUND_BEAM (interior),FOUNDATION / GROUND,2 (straps) / 3 (ground beams); 13 (sections),"[""15C"", ""7CC""]",GB (typical p.13) clear 2.4 m x 300 x ? mm (CANDIDATE_CONFLICT),V3b B0006 C-GB-INT: technical DERIVED 11.245 m3,"[""BLOCKED_UNQUANTIFIED:11"", ""LOWER_BOUND:3"", ""NOT_APPLICABLE:4""]",S5.1 (LOWER_BOUND; AD1 + D1.1 corrections),NONE (stays with the existing stage),,PROJECT_SOURCE (plan linework + p.13 section by length),2 candidates: <2.5 m and <5 m titles both hold,"detail candidates ['P13-GB-LT2_5M', 'P13-GB-LT5M']",COUNTED_OWNED,S5 GROUND_SYSTEM_REBAR_OCCURRENCES
GSO-15D-7C8-1,ELEMENT,,GROUND_BEAM (interior),FOUNDATION / GROUND,2 (straps) / 3 (ground beams); 13 (sections),"[""15D"", ""7C8""]",GB (typical p.13) clear 2.9 m x 300 x ? mm (CANDIDATE_CONFLICT),V3b B0006 C-GB-INT: technical DERIVED 11.245 m3,"[""BLOCKED_UNQUANTIFIED:11"", ""LOWER_BOUND:3"", ""NOT_APPLICABLE:4""]",S5.1 (LOWER_BOUND; AD1 + D1.1 corrections),NONE (stays with the existing stage),,PROJECT_SOURCE (plan linework + p.13 section by length),2 candidates: <2.5 m and <5 m titles both hold,"detail candidates ['P13-GB-LT2_5M', 'P13-GB-LT5M']",COUNTED_OWNED,S5 GROUND_SYSTEM_REBAR_OCCURRENCES
GSO-15E-15F-1,ELEMENT,,GROUND_BEAM (interior),FOUNDATION / GROUND,2 (straps) / 3 (ground beams); 13 (sections),"[""15E"", ""15F""]",GB (typical p.13) clear 3.0 m x  x ? mm (UNRESOLVED),V3b B0006 C-GB-INT: technical DERIVED 11.245 m3,"[""BLOCKED_UNQUANTIFIED:18""]",S5.1 (BLOCKED; AD1 + D1.1 corrections),NONE (stays with the existing stage),,PROJECT_SOURCE (plan linework + p.13 section by length),2 candidates: concentrated-load case has no project detail;,,COUNTED_OWNED,S5 GROUND_SYSTEM_REBAR_OCCURRENCES
GSO-16F-7FF-1,ELEMENT,,GROUND_BEAM (interior),FOUNDATION / GROUND,2 (straps) / 3 (ground beams); 13 (sections),"[""16F"", ""7FF""]",GB (typical p.13) clear 1.25 m x 300 x ? mm (CANDIDATE_CONFLICT),V3b B0006 C-GB-INT: technical DERIVED 11.245 m3,"[""BLOCKED_UNQUANTIFIED:11"", ""LOWER_BOUND:3"", ""NOT_APPLICABLE:4""]",S5.1 (LOWER_BOUND; AD1 + D1.1 corrections),NONE (stays with the existing stage),,PROJECT_SOURCE (plan linework + p.13 section by length),2 candidates: <2.5 m and <5 m titles both hold,"detail candidates ['P13-GB-LT2_5M', 'P13-GB-LT5M']",COUNTED_OWNED,S5 GROUND_SYSTEM_REBAR_OCCURRENCES
GSO-170-7C3-1,ELEMENT,,"GROUND_BEAM (exterior, depth FOLLOW ARCH.)",FOUNDATION / GROUND,2 (straps) / 3 (ground beams); 13 (sections),"[""170"", ""7C3""]",GB (typical p.13) clear 6.22 m x 300 x ? mm (BOUNDED_ABOVE),"V3b B0007 C-GB-EXT: technical BLOCKED (commercial PROVISIONAL_SOURCE_DERIVED 33.0898 m3, not technical)","[""BLOCKED_UNQUANTIFIED:8"", ""LOWER_BOUND:4"", ""NOT_APPLICABLE:4"", ""VERIFIED:2""]",S5.1 (LOWER_BOUND; AD1 + D1.1 corrections),NONE (stays with the existing stage),,PROJECT_SOURCE (plan linework + p.13 section by length),,,COUNTED_OWNED,S5 GROUND_SYSTEM_REBAR_OCCURRENCES
GSO-170-7C3-2,ELEMENT,,"GROUND_BEAM (exterior, depth FOLLOW ARCH.)",FOUNDATION / GROUND,2 (straps) / 3 (ground beams); 13 (sections),"[""170"", ""7C3""]",GB (typical p.13) clear 3.6 m x 300 x ? mm (BOUNDED_ABOVE),"V3b B0007 C-GB-EXT: technical BLOCKED (commercial PROVISIONAL_SOURCE_DERIVED 33.0898 m3, not technical)","[""BLOCKED_UNQUANTIFIED:8"", ""LOWER_BOUND:4"", ""NOT_APPLICABLE:4"", ""VERIFIED:2""]",S5.1 (LOWER_BOUND; AD1 + D1.1 corrections),NONE (stays with the existing stage),,PROJECT_SOURCE (plan linework + p.13 section by length),,,COUNTED_OWNED,S5 GROUND_SYSTEM_REBAR_OCCURRENCES
GSO-170-7C3-3,ELEMENT,,"GROUND_BEAM (exterior, depth FOLLOW ARCH.)",FOUNDATION / GROUND,2 (straps) / 3 (ground beams); 13 (sections),"[""170"", ""7C3""]",GB (typical p.13) clear 3.35 m x 300 x ? mm (BOUNDED_ABOVE),"V3b B0007 C-GB-EXT: technical BLOCKED (commercial PROVISIONAL_SOURCE_DERIVED 33.0898 m3, not technical)","[""BLOCKED_UNQUANTIFIED:8"", ""LOWER_BOUND:4"", ""NOT_APPLICABLE:4"", ""VERIFIED:2""]",S5.1 (LOWER_BOUND; AD1 + D1.1 corrections),NONE (stays with the existing stage),,PROJECT_SOURCE (plan linework + p.13 section by length),,,COUNTED_OWNED,S5 GROUND_SYSTEM_REBAR_OCCURRENCES
GSO-175-7DE-1,ELEMENT,,GROUND_BEAM (interior),FOUNDATION / GROUND,2 (straps) / 3 (ground beams); 13 (sections),"[""175"", ""7DE""]",GB (typical p.13) clear 3.75 m x  x ? mm (UNRESOLVED),V3b B0006 C-GB-INT: technical DERIVED 11.245 m3,"[""BLOCKED_UNQUANTIFIED:18""]",S5.1 (BLOCKED; AD1 + D1.1 corrections),NONE (stays with the existing stage),,PROJECT_SOURCE (plan linework + p.13 section by length),2 candidates: concentrated-load case has no project detail;,,COUNTED_OWNED,S5 GROUND_SYSTEM_REBAR_OCCURRENCES
GSO-176-7E6-1,ELEMENT,,GROUND_BEAM (interior),FOUNDATION / GROUND,2 (straps) / 3 (ground beams); 13 (sections),"[""176"", ""7E6""]",GB (typical p.13) clear 3.75 m x  x ? mm (UNRESOLVED),V3b B0006 C-GB-INT: technical DERIVED 11.245 m3,"[""BLOCKED_UNQUANTIFIED:18""]",S5.1 (BLOCKED; AD1 + D1.1 corrections),NONE (stays with the existing stage),,PROJECT_SOURCE (plan linework + p.13 section by length),2 candidates: concentrated-load case has no project detail;,,COUNTED_OWNED,S5 GROUND_SYSTEM_REBAR_OCCURRENCES
GSO-177-7CD-1,ELEMENT,,GROUND_BEAM (interior),FOUNDATION / GROUND,2 (straps) / 3 (ground beams); 13 (sections),"[""177"", ""7CD""]",GB (typical p.13) clear 5.37 m x  x ? mm (UNRESOLVED),V3b B0006 C-GB-INT: technical DERIVED 11.245 m3,"[""BLOCKED_UNQUANTIFIED:18""]",S5.1 (BLOCKED; AD1 + D1.1 corrections),NONE (stays with the existing stage),,PROJECT_SOURCE (plan linework + p.13 section by length),2 candidates: concentrated-load case has no project detail;,,COUNTED_OWNED,S5 GROUND_SYSTEM_REBAR_OCCURRENCES
GSO-177-7CD-2,ELEMENT,,GROUND_BEAM (interior),FOUNDATION / GROUND,2 (straps) / 3 (ground beams); 13 (sections),"[""177"", ""7CD""]",GB (typical p.13) clear 1.887 m x 300 x ? mm (CANDIDATE_CONFLICT),V3b B0006 C-GB-INT: technical DERIVED 11.245 m3,"[""BLOCKED_UNQUANTIFIED:14"", ""NOT_APPLICABLE:4""]",S5.1 (BLOCKED; AD1 + D1.1 corrections),NONE (stays with the existing stage),,PROJECT_SOURCE (plan linework + p.13 section by length),2 candidates: <2.5 m and <5 m titles both hold,"detail candidates ['P13-GB-LT2_5M', 'P13-GB-LT5M']",COUNTED_OWNED,S5 GROUND_SYSTEM_REBAR_OCCURRENCES
GSO-178-7DB-1,ELEMENT,,GROUND_BEAM (exterior / interior detail conflict),FOUNDATION / GROUND,2 (straps) / 3 (ground beams); 13 (sections),"[""178"", ""7DB""]",GB (typical p.13) clear 3.8 m x 300 x ? mm (CANDIDATE_CONFLICT),"V3b B0006 C-GB-INT: technical DERIVED 11.245 m3; V3b B0007 C-GB-EXT: technical BLOCKED (commercial PROVISIONAL_SOURCE_DERIVED 33.0898 m3, not technical)","[""BLOCKED_UNQUANTIFIED:11"", ""LOWER_BOUND:1"", ""NOT_APPLICABLE:4"", ""VERIFIED:2""]",S5.1 (BLOCKED; AD1 + D1.1 corrections),NONE (stays with the existing stage),,PROJECT_SOURCE (plan linework + p.13 section by length),2 candidates: exterior / interior not resolved;,"detail candidates ['P13-GB-EXTERIOR', 'P13-GB-LT5M']",COUNTED_OWNED,S5 GROUND_SYSTEM_REBAR_OCCURRENCES
GSO-17B-7E5-1,ELEMENT,,GROUND_BEAM (interior),FOUNDATION / GROUND,2 (straps) / 3 (ground beams); 13 (sections),"[""17B"", ""7E5""]",GB (typical p.13) clear 1.2 m x 300 x ? mm (CANDIDATE_CONFLICT),V3b B0006 C-GB-INT: technical DERIVED 11.245 m3,"[""BLOCKED_UNQUANTIFIED:11"", ""LOWER_BOUND:3"", ""NOT_APPLICABLE:4""]",S5.1 (LOWER_BOUND; AD1 + D1.1 corrections),NONE (stays with the existing stage),,PROJECT_SOURCE (plan linework + p.13 section by length),2 candidates: <2.5 m and <5 m titles both hold,"detail candidates ['P13-GB-LT2_5M', 'P13-GB-LT5M']",COUNTED_OWNED,S5 GROUND_SYSTEM_REBAR_OCCURRENCES
GSO-17C-7E3-1,ELEMENT,,GROUND_BEAM (interior),FOUNDATION / GROUND,2 (straps) / 3 (ground beams); 13 (sections),"[""17C"", ""7E3""]",GB (typical p.13) clear 3.228 m x 300 x ? mm (CANDIDATE_CONFLICT),V3b B0006 C-GB-INT: technical DERIVED 11.245 m3,"[""BLOCKED_UNQUANTIFIED:11"", ""LOWER_BOUND:3"", ""NOT_APPLICABLE:4""]",S5.1 (LOWER_BOUND; AD1 + D1.1 corrections),NONE (stays with the existing stage),,PROJECT_SOURCE (plan linework + p.13 section by length),2 candidates: <2.5 m and <5 m titles both hold,"detail candidates ['P13-GB-LT2_5M', 'P13-GB-LT5M']",COUNTED_OWNED,S5 GROUND_SYSTEM_REBAR_OCCURRENCES
GSO-17D-7E4-1,ELEMENT,,GROUND_BEAM (interior),FOUNDATION / GROUND,2 (straps) / 3 (ground beams); 13 (sections),"[""17D"", ""7E4""]",GB (typical p.13) clear 4.272 m x  x ? mm (UNRESOLVED),V3b B0006 C-GB-INT: technical DERIVED 11.245 m3,"[""BLOCKED_UNQUANTIFIED:18""]",S5.1 (BLOCKED; AD1 + D1.1 corrections),NONE (stays with the existing stage),,PROJECT_SOURCE (plan linework + p.13 section by length),2 candidates: concentrated-load case has no project detail;,,COUNTED_OWNED,S5 GROUND_SYSTEM_REBAR_OCCURRENCES
GSO-17E-17F-1,ELEMENT,,GROUND_BEAM (interior),FOUNDATION / GROUND,2 (straps) / 3 (ground beams); 13 (sections),"[""17E"", ""17F""]",GB (typical p.13) clear 2.467 m x  x ? mm (UNRESOLVED),V3b B0006 C-GB-INT: technical DERIVED 11.245 m3,"[""BLOCKED_UNQUANTIFIED:18""]",S5.1 (BLOCKED; AD1 + D1.1 corrections),NONE (stays with the existing stage),,PROJECT_SOURCE (plan linework + p.13 section by length),2 candidates: concentrated-load case has no project detail;,,COUNTED_OWNED,S5 GROUND_SYSTEM_REBAR_OCCURRENCES
GSO-180-181-1,ELEMENT,,GROUND_BEAM (interior),FOUNDATION / GROUND,2 (straps) / 3 (ground beams); 13 (sections),"[""180"", ""181""]",GB (typical p.13) clear 0.789 m x 300 x ? mm (CANDIDATE_CONFLICT),V3b B0006 C-GB-INT: technical DERIVED 11.245 m3,"[""BLOCKED_UNQUANTIFIED:14"", ""NOT_APPLICABLE:4""]",S5.1 (BLOCKED; AD1 + D1.1 corrections),NONE (stays with the existing stage),,PROJECT_SOURCE (plan linework + p.13 section by length),2 candidates: <2.5 m and <5 m titles both hold,"detail candidates ['P13-GB-LT2_5M', 'P13-GB-LT5M']",COUNTED_OWNED,S5 GROUND_SYSTEM_REBAR_OCCURRENCES
GSO-180D-180E-1,ELEMENT,,GROUND_BEAM (exterior / interior detail conflict),FOUNDATION / GROUND,2 (straps) / 3 (ground beams); 13 (sections),"[""180D"", ""180E""]",GB (typical p.13) clear 2.1 m x 300 x ? mm (CANDIDATE_CONFLICT),"V3b B0006 C-GB-INT: technical DERIVED 11.245 m3; V3b B0007 C-GB-EXT: technical BLOCKED (commercial PROVISIONAL_SOURCE_DERIVED 33.0898 m3, not technical)","[""BLOCKED_UNQUANTIFIED:15"", ""NOT_APPLICABLE:3""]",S5.1 (BLOCKED; AD1 + D1.1 corrections),NONE (stays with the existing stage),,PROJECT_SOURCE (plan linework + p.13 section by length),3 candidates: exterior / interior not resolved; <2.5 m and <5 m titles both hold,"detail candidates ['P13-GB-EXTERIOR', 'P13-GB-LT2_5M', 'P13-GB-LT5M']",COUNTED_OWNED,S5 GROUND_SYSTEM_REBAR_OCCURRENCES
GSO-1811-1812-1,ELEMENT,,GROUND_BEAM (exterior / interior detail conflict),FOUNDATION / GROUND,2 (straps) / 3 (ground beams); 13 (sections),"[""1811"", ""1812""]",GB (typical p.13) clear 1.3 m x 300 x ? mm (CANDIDATE_CONFLICT),"V3b B0006 C-GB-INT: technical DERIVED 11.245 m3; V3b B0007 C-GB-EXT: technical BLOCKED (commercial PROVISIONAL_SOURCE_DERIVED 33.0898 m3, not technical)","[""BLOCKED_UNQUANTIFIED:15"", ""NOT_APPLICABLE:3""]",S5.1 (BLOCKED; AD1 + D1.1 corrections),NONE (stays with the existing stage),,PROJECT_SOURCE (plan linework + p.13 section by length),3 candidates: exterior / interior not resolved; <2.5 m and <5 m titles both hold,"detail candidates ['P13-GB-EXTERIOR', 'P13-GB-LT2_5M', 'P13-GB-LT5M']",COUNTED_OWNED,S5 GROUND_SYSTEM_REBAR_OCCURRENCES
GSO-182-183-1,ELEMENT,,GROUND_BEAM (interior),FOUNDATION / GROUND,2 (straps) / 3 (ground beams); 13 (sections),"[""182"", ""183""]",GB (typical p.13) clear 2.073 m x 300 x ? mm (CANDIDATE_CONFLICT),V3b B0006 C-GB-INT: technical DERIVED 11.245 m3,"[""BLOCKED_UNQUANTIFIED:14"", ""NOT_APPLICABLE:4""]",S5.1 (BLOCKED; AD1 + D1.1 corrections),NONE (stays with the existing stage),,PROJECT_SOURCE (plan linework + p.13 section by length),2 candidates: <2.5 m and <5 m titles both hold,"detail candidates ['P13-GB-LT2_5M', 'P13-GB-LT5M']",COUNTED_OWNED,S5 GROUND_SYSTEM_REBAR_OCCURRENCES
GSO-184-7CF-1,ELEMENT,,GROUND_BEAM (interior),FOUNDATION / GROUND,2 (straps) / 3 (ground beams); 13 (sections),"[""184"", ""7CF""]",GB (typical p.13) clear 3.27 m x  x ? mm (UNRESOLVED),V3b B0006 C-GB-INT: technical DERIVED 11.245 m3,"[""BLOCKED_UNQUANTIFIED:18""]",S5.1 (BLOCKED; AD1 + D1.1 corrections),NONE (stays with the existing stage),,PROJECT_SOURCE (plan linework + p.13 section by length),2 candidates: concentrated-load case has no project detail;,,COUNTED_OWNED,S5 GROUND_SYSTEM_REBAR_OCCURRENCES
GSO-184-7CF-2,ELEMENT,,GROUND_BEAM (interior),FOUNDATION / GROUND,2 (straps) / 3 (ground beams); 13 (sections),"[""184"", ""7CF""]",GB (typical p.13) clear 3.05 m x 300 x 400 mm (SOURCE_EXPLICIT),V3b B0006 C-GB-INT: technical DERIVED 11.245 m3,"[""BLOCKED_UNQUANTIFIED:7"", ""LOWER_BOUND:4"", ""NOT_APPLICABLE:5"", ""VERIFIED:2""]",S5.1 (LOWER_BOUND; AD1 + D1.1 corrections),NONE (stays with the existing stage),,PROJECT_SOURCE (plan linework + p.13 section by length),,,COUNTED_OWNED,S5 GROUND_SYSTEM_REBAR_OCCURRENCES
GSO-184-7CF-3,ELEMENT,,GROUND_BEAM (interior),FOUNDATION / GROUND,2 (straps) / 3 (ground beams); 13 (sections),"[""184"", ""7CF""]",GB (typical p.13) clear 5.15 m x  x ? mm (UNRESOLVED),V3b B0006 C-GB-INT: technical DERIVED 11.245 m3,"[""BLOCKED_UNQUANTIFIED:18""]",S5.1 (BLOCKED; AD1 + D1.1 corrections),NONE (stays with the existing stage),,PROJECT_SOURCE (plan linework + p.13 section by length),2 candidates: concentrated-load case has no project detail;,,COUNTED_OWNED,S5 GROUND_SYSTEM_REBAR_OCCURRENCES
GSO-185-7C7-1,ELEMENT,,"GROUND_BEAM (exterior, depth FOLLOW ARCH.)",FOUNDATION / GROUND,2 (straps) / 3 (ground beams); 13 (sections),"[""185"", ""7C7""]",GB (typical p.13) clear 0.85 m x 300 x ? mm (BOUNDED_ABOVE),"V3b B0007 C-GB-EXT: technical BLOCKED (commercial PROVISIONAL_SOURCE_DERIVED 33.0898 m3, not technical)","[""BLOCKED_UNQUANTIFIED:8"", ""LOWER_BOUND:4"", ""NOT_APPLICABLE:4"", ""VERIFIED:2""]",S5.1 (LOWER_BOUND; AD1 + D1.1 corrections),NONE (stays with the existing stage),,PROJECT_SOURCE (plan linework + p.13 section by length),,,COUNTED_OWNED,S5 GROUND_SYSTEM_REBAR_OCCURRENCES
GSO-7D0-FC-1,ELEMENT,,"GROUND_BEAM (exterior, depth FOLLOW ARCH.)",FOUNDATION / GROUND,2 (straps) / 3 (ground beams); 13 (sections),"[""7D0"", ""FC""]",GB (typical p.13) clear 3.375 m x 300 x ? mm (BOUNDED_ABOVE),"V3b B0007 C-GB-EXT: technical BLOCKED (commercial PROVISIONAL_SOURCE_DERIVED 33.0898 m3, not technical)","[""BLOCKED_UNQUANTIFIED:8"", ""LOWER_BOUND:4"", ""NOT_APPLICABLE:4"", ""VERIFIED:2""]",S5.1 (LOWER_BOUND; AD1 + D1.1 corrections),NONE (stays with the existing stage),,PROJECT_SOURCE (plan linework + p.13 section by length),,,COUNTED_OWNED,S5 GROUND_SYSTEM_REBAR_OCCURRENCES
GSO-7D0-FC-2,ELEMENT,,"GROUND_BEAM (exterior, depth FOLLOW ARCH.)",FOUNDATION / GROUND,2 (straps) / 3 (ground beams); 13 (sections),"[""7D0"", ""FC""]",GB (typical p.13) clear 6.245 m x 300 x ? mm (BOUNDED_ABOVE),"V3b B0007 C-GB-EXT: technical BLOCKED (commercial PROVISIONAL_SOURCE_DERIVED 33.0898 m3, not technical)","[""BLOCKED_UNQUANTIFIED:8"", ""LOWER_BOUND:4"", ""NOT_APPLICABLE:4"", ""VERIFIED:2""]",S5.1 (LOWER_BOUND; AD1 + D1.1 corrections),NONE (stays with the existing stage),,PROJECT_SOURCE (plan linework + p.13 section by length),,,COUNTED_OWNED,S5 GROUND_SYSTEM_REBAR_OCCURRENCES
GSO-7D0-FC-3,ELEMENT,,"GROUND_BEAM (exterior, depth FOLLOW ARCH.)",FOUNDATION / GROUND,2 (straps) / 3 (ground beams); 13 (sections),"[""7D0"", ""FC""]",GB (typical p.13) clear 6.65 m x 300 x ? mm (BOUNDED_ABOVE),"V3b B0007 C-GB-EXT: technical BLOCKED (commercial PROVISIONAL_SOURCE_DERIVED 33.0898 m3, not technical)","[""BLOCKED_UNQUANTIFIED:8"", ""LOWER_BOUND:4"", ""NOT_APPLICABLE:4"", ""VERIFIED:2""]",S5.1 (LOWER_BOUND; AD1 + D1.1 corrections),NONE (stays with the existing stage),,PROJECT_SOURCE (plan linework + p.13 section by length),,,COUNTED_OWNED,S5 GROUND_SYSTEM_REBAR_OCCURRENCES
GSO-7D0-FC-4,ELEMENT,,"GROUND_BEAM (exterior, depth FOLLOW ARCH.)",FOUNDATION / GROUND,2 (straps) / 3 (ground beams); 13 (sections),"[""7D0"", ""FC""]",GB (typical p.13) clear 1.4 m x 300 x ? mm (BOUNDED_ABOVE),"V3b B0007 C-GB-EXT: technical BLOCKED (commercial PROVISIONAL_SOURCE_DERIVED 33.0898 m3, not technical)","[""BLOCKED_UNQUANTIFIED:8"", ""LOWER_BOUND:4"", ""NOT_APPLICABLE:4"", ""VERIFIED:2""]",S5.1 (LOWER_BOUND; AD1 + D1.1 corrections),NONE (stays with the existing stage),,PROJECT_SOURCE (plan linework + p.13 section by length),,,COUNTED_OWNED,S5 GROUND_SYSTEM_REBAR_OCCURRENCES
GSO-7D4-F8-1,ELEMENT,,"GROUND_BEAM (exterior, depth FOLLOW ARCH.)",FOUNDATION / GROUND,2 (straps) / 3 (ground beams); 13 (sections),"[""7D4"", ""F8""]",GB (typical p.13) clear 5.53 m x 300 x ? mm (SOURCE_CONFLICT),"V3b B0007 C-GB-EXT: technical BLOCKED (commercial PROVISIONAL_SOURCE_DERIVED 33.0898 m3, not technical)","[""BLOCKED_UNQUANTIFIED:8"", ""LOWER_BOUND:4"", ""NOT_APPLICABLE:4"", ""VERIFIED:2""]",S5.1 (LOWER_BOUND; AD1 + D1.1 corrections),NONE (stays with the existing stage),,PROJECT_SOURCE (plan linework + p.13 section by length),,detail candidates ['P13-GB-EXTERIOR'],COUNTED_OWNED,S5 GROUND_SYSTEM_REBAR_OCCURRENCES
GSO-7D4-F8-2,ELEMENT,,"GROUND_BEAM (exterior, depth FOLLOW ARCH.)",FOUNDATION / GROUND,2 (straps) / 3 (ground beams); 13 (sections),"[""7D4"", ""F8""]",GB (typical p.13) clear 4.3 m x 300 x ? mm (SOURCE_CONFLICT),"V3b B0007 C-GB-EXT: technical BLOCKED (commercial PROVISIONAL_SOURCE_DERIVED 33.0898 m3, not technical)","[""BLOCKED_UNQUANTIFIED:8"", ""LOWER_BOUND:4"", ""NOT_APPLICABLE:4"", ""VERIFIED:2""]",S5.1 (LOWER_BOUND; AD1 + D1.1 corrections),NONE (stays with the existing stage),,PROJECT_SOURCE (plan linework + p.13 section by length),,detail candidates ['P13-GB-EXTERIOR'],COUNTED_OWNED,S5 GROUND_SYSTEM_REBAR_OCCURRENCES
GSO-7DC-7DD-1,ELEMENT,,GROUND_BEAM (interior),FOUNDATION / GROUND,2 (straps) / 3 (ground beams); 13 (sections),"[""7DC"", ""7DD""]",GB (typical p.13) clear 3.525 m x  x ? mm (UNRESOLVED),V3b B0006 C-GB-INT: technical DERIVED 11.245 m3,"[""BLOCKED_UNQUANTIFIED:18""]",S5.1 (BLOCKED; AD1 + D1.1 corrections),NONE (stays with the existing stage),,PROJECT_SOURCE (plan linework + p.13 section by length),2 candidates: concentrated-load case has no project detail;,,COUNTED_OWNED,S5 GROUND_SYSTEM_REBAR_OCCURRENCES
GSO-7DC-7DD-2,ELEMENT,,GROUND_BEAM (interior),FOUNDATION / GROUND,2 (straps) / 3 (ground beams); 13 (sections),"[""7DC"", ""7DD""]",GB (typical p.13) clear 3.525 m x 300 x 400 mm (SOURCE_EXPLICIT),V3b B0006 C-GB-INT: technical DERIVED 11.245 m3,"[""BLOCKED_UNQUANTIFIED:7"", ""LOWER_BOUND:4"", ""NOT_APPLICABLE:5"", ""VERIFIED:2""]",S5.1 (LOWER_BOUND; AD1 + D1.1 corrections),NONE (stays with the existing stage),,PROJECT_SOURCE (plan linework + p.13 section by length),,,COUNTED_OWNED,S5 GROUND_SYSTEM_REBAR_OCCURRENCES
GSO-7E0-FD-1,ELEMENT,,"GROUND_BEAM (exterior, depth FOLLOW ARCH.)",FOUNDATION / GROUND,2 (straps) / 3 (ground beams); 13 (sections),"[""7E0"", ""FD""]",GB (typical p.13) clear 3.85 m x 300 x ? mm (BOUNDED_ABOVE),"V3b B0007 C-GB-EXT: technical BLOCKED (commercial PROVISIONAL_SOURCE_DERIVED 33.0898 m3, not technical)","[""BLOCKED_UNQUANTIFIED:12"", ""NOT_APPLICABLE:4"", ""VERIFIED:2""]",S5.1 (BLOCKED; AD1 + D1.1 corrections),NONE (stays with the existing stage),,PROJECT_SOURCE (plan linework + p.13 section by length),,,COUNTED_OWNED,S5 GROUND_SYSTEM_REBAR_OCCURRENCES
GSO-7E0-FD-2,ELEMENT,,"GROUND_BEAM (exterior, depth FOLLOW ARCH.)",FOUNDATION / GROUND,2 (straps) / 3 (ground beams); 13 (sections),"[""7E0"", ""FD""]",GB (typical p.13) clear 3.25 m x 300 x ? mm (BOUNDED_ABOVE),"V3b B0007 C-GB-EXT: technical BLOCKED (commercial PROVISIONAL_SOURCE_DERIVED 33.0898 m3, not technical)","[""BLOCKED_UNQUANTIFIED:8"", ""LOWER_BOUND:4"", ""NOT_APPLICABLE:4"", ""VERIFIED:2""]",S5.1 (LOWER_BOUND; AD1 + D1.1 corrections),NONE (stays with the existing stage),,PROJECT_SOURCE (plan linework + p.13 section by length),,,COUNTED_OWNED,S5 GROUND_SYSTEM_REBAR_OCCURRENCES
GSO-7E1-7E2-1,ELEMENT,,GROUND_BEAM (interior),FOUNDATION / GROUND,2 (straps) / 3 (ground beams); 13 (sections),"[""7E1"", ""7E2""]",GB (typical p.13) clear 6.72 m x  x ? mm (UNRESOLVED),V3b B0006 C-GB-INT: technical DERIVED 11.245 m3,"[""BLOCKED_UNQUANTIFIED:18""]",S5.1 (BLOCKED; AD1 + D1.1 corrections),NONE (stays with the existing stage),,PROJECT_SOURCE (plan linework + p.13 section by length),2 candidates: concentrated-load case has no project detail;,,COUNTED_OWNED,S5 GROUND_SYSTEM_REBAR_OCCURRENCES
GSO-7E7-7E8-1,ELEMENT,,GROUND_BEAM (interior),FOUNDATION / GROUND,2 (straps) / 3 (ground beams); 13 (sections),"[""7E7"", ""7E8""]",GB (typical p.13) clear 3.525 m x 300 x 400 mm (SOURCE_EXPLICIT),V3b B0006 C-GB-INT: technical DERIVED 11.245 m3,"[""BLOCKED_UNQUANTIFIED:7"", ""LOWER_BOUND:4"", ""NOT_APPLICABLE:5"", ""VERIFIED:2""]",S5.1 (LOWER_BOUND; AD1 + D1.1 corrections),NONE (stays with the existing stage),,PROJECT_SOURCE (plan linework + p.13 section by length),,,COUNTED_OWNED,S5 GROUND_SYSTEM_REBAR_OCCURRENCES
GSO-7E7-7E8-2,ELEMENT,,GROUND_BEAM (interior),FOUNDATION / GROUND,2 (straps) / 3 (ground beams); 13 (sections),"[""7E7"", ""7E8""]",GB (typical p.13) clear 3.525 m x  x ? mm (UNRESOLVED),V3b B0006 C-GB-INT: technical DERIVED 11.245 m3,"[""BLOCKED_UNQUANTIFIED:18""]",S5.1 (BLOCKED; AD1 + D1.1 corrections),NONE (stays with the existing stage),,PROJECT_SOURCE (plan linework + p.13 section by length),2 candidates: concentrated-load case has no project detail;,,COUNTED_OWNED,S5 GROUND_SYSTEM_REBAR_OCCURRENCES
GSO-7E9-7EA-1,ELEMENT,,GROUND_BEAM (interior),FOUNDATION / GROUND,2 (straps) / 3 (ground beams); 13 (sections),"[""7E9"", ""7EA""]",GB (typical p.13) clear 4.225 m x 300 x 400 mm (SOURCE_EXPLICIT),V3b B0006 C-GB-INT: technical DERIVED 11.245 m3,"[""BLOCKED_UNQUANTIFIED:7"", ""LOWER_BOUND:4"", ""NOT_APPLICABLE:5"", ""VERIFIED:2""]",S5.1 (LOWER_BOUND; AD1 + D1.1 corrections),NONE (stays with the existing stage),,PROJECT_SOURCE (plan linework + p.13 section by length),,,COUNTED_OWNED,S5 GROUND_SYSTEM_REBAR_OCCURRENCES
GSO-A-139-13A-1,ELEMENT,,"GROUND_BEAM (exterior, depth FOLLOW ARCH.)",FOUNDATION / GROUND,2 (straps) / 3 (ground beams); 13 (sections),"[""139"", ""13A""]",GB (typical p.13) clear 1.806 m x 300 x ? mm (SOURCE_CONFLICT),"V3b B0007 C-GB-EXT: technical BLOCKED (commercial PROVISIONAL_SOURCE_DERIVED 33.0898 m3, not technical)","[""BLOCKED_UNQUANTIFIED:8"", ""LOWER_BOUND:4"", ""NOT_APPLICABLE:4"", ""VERIFIED:2""]",S5.1 (LOWER_BOUND; AD1 + D1.1 corrections),NONE (stays with the existing stage),,PROJECT_SOURCE (plan linework + p.13 section by length),,detail candidates ['P13-GB-EXTERIOR'],COUNTED_OWNED,S5 GROUND_SYSTEM_REBAR_OCCURRENCES
GSO-A-157-158-1,ELEMENT,,"GROUND_BEAM (exterior, depth FOLLOW ARCH.)",FOUNDATION / GROUND,2 (straps) / 3 (ground beams); 13 (sections),"[""157"", ""158""]",GB (typical p.13) clear 5.878 m x 300 x ? mm (BOUNDED_ABOVE),"V3b B0007 C-GB-EXT: technical BLOCKED (commercial PROVISIONAL_SOURCE_DERIVED 33.0898 m3, not technical)","[""BLOCKED_UNQUANTIFIED:12"", ""NOT_APPLICABLE:4"", ""VERIFIED:2""]",S5.1 (BLOCKED; AD1 + D1.1 corrections),NONE (stays with the existing stage),,PROJECT_SOURCE (plan linework + p.13 section by length),,,COUNTED_OWNED,S5 GROUND_SYSTEM_REBAR_OCCURRENCES
SOCC-1689-1B1C,ELEMENT,,STRAP_BEAM,FOUNDATION / GROUND,2 (straps) / 3 (ground beams); 13 (sections),"[""1689"", ""1B1C"", ""1B1D:SB1>v""]",SB1 clear 4.55 m x 700 x 500 mm (SOURCE_EXPLICIT),V3b B0004 C-STR: technical DERIVED 3.392 m3,"[""BLOCKED_UNQUANTIFIED:7"", ""LOWER_BOUND:3"", ""NOT_APPLICABLE:2"", ""VERIFIED:2""]",S5.1 (LOWER_BOUND; AD1 + D1.1 corrections),NONE (stays with the existing stage),,PROJECT_SOURCE (plan linework + p.13 section by length),,,COUNTED_OWNED,S5 GROUND_SYSTEM_REBAR_OCCURRENCES
SOCC-1B08-1B09,ELEMENT,,STRAP_BEAM,FOUNDATION / GROUND,2 (straps) / 3 (ground beams); 13 (sections),"[""1B08"", ""1B09"", ""1B12:sb2>v""]",SB2 clear 1.829 m x  x 500 mm (CANDIDATE_INVARIANT),V3b B0004 C-STR: technical DERIVED 3.392 m3,"[""BLOCKED_UNQUANTIFIED:9"", ""LOWER_BOUND:1"", ""NOT_APPLICABLE:2"", ""VERIFIED:2""]",S5.1 (BLOCKED; AD1 + D1.1 corrections),NONE (stays with the existing stage),,PROJECT_SOURCE (plan linework + p.13 section by length),"duplicated SBT schedule key: two rows, different bars and widths; the drawn width does not choose",,COUNTED_OWNED,S5 GROUND_SYSTEM_REBAR_OCCURRENCES
SOCC-1B26-1B27,ELEMENT,,STRAP_BEAM,FOUNDATION / GROUND,2 (straps) / 3 (ground beams); 13 (sections),"[""1B26"", ""1B27"", ""1B28""]",SB3 clear 2.838 m x 500 x 400 mm (SOURCE_EXPLICIT),V3b B0004 C-STR: technical DERIVED 3.392 m3,"[""BLOCKED_UNQUANTIFIED:7"", ""LOWER_BOUND:3"", ""NOT_APPLICABLE:2"", ""VERIFIED:2""]",S5.1 (LOWER_BOUND; AD1 + D1.1 corrections),NONE (stays with the existing stage),,PROJECT_SOURCE (plan linework + p.13 section by length),,,COUNTED_OWNED,S5 GROUND_SYSTEM_REBAR_OCCURRENCES
BM-1F_ROOF-B1-BL014-6D0,ELEMENT,,BEAM (SIMPLE_BEAM),1F_ROOF,4-6 (plans); 10-12 (schedules),"[""BD016"", ""BD029""]","B1 drawn width 200 mm, schedule width 200",V3b B0021 C-BEAM-1F: technical PARTIAL 13.523 m3,"[""BLOCKED_UNQUANTIFIED:5"", ""LOWER_BOUND:3"", ""NOT_APPLICABLE:11""]",S6.1 (LOWER_BOUND; D1.1 corrections),NONE (stays with the existing stage),,PROJECT_SOURCE (plan band + tag + schedule),,,COUNTED_OWNED,S6 SUPERSTRUCTURE_BEAM_OCCURRENCES
BM-1F_ROOF-B1-BL016-6CE,ELEMENT,,BEAM (SIMPLE_BEAM),1F_ROOF,4-6 (plans); 10-12 (schedules),"[""BD024""]","B1 drawn width 200 mm, schedule width 200",V3b B0021 C-BEAM-1F: technical PARTIAL 13.523 m3,"[""BLOCKED_UNQUANTIFIED:5"", ""LOWER_BOUND:3"", ""NOT_APPLICABLE:11""]",S6.1 (LOWER_BOUND; D1.1 corrections),NONE (stays with the existing stage),,PROJECT_SOURCE (plan band + tag + schedule),,,COUNTED_OWNED,S6 SUPERSTRUCTURE_BEAM_OCCURRENCES
BM-1F_ROOF-B1-BL028-6CB,ELEMENT,,BEAM (SIMPLE_BEAM),1F_ROOF,4-6 (plans); 10-12 (schedules),"[""BD036""]","B1 drawn width 200 mm, schedule width 200",V3b B0021 C-BEAM-1F: technical PARTIAL 13.523 m3,"[""BLOCKED_UNQUANTIFIED:5"", ""LOWER_BOUND:3"", ""NOT_APPLICABLE:11""]",S6.1 (LOWER_BOUND; D1.1 corrections),NONE (stays with the existing stage),,PROJECT_SOURCE (plan band + tag + schedule),,,COUNTED_OWNED,S6 SUPERSTRUCTURE_BEAM_OCCURRENCES
BM-1F_ROOF-B11-BL025-6D8,ELEMENT,,BEAM (SIMPLE_BEAM),1F_ROOF,4-6 (plans); 10-12 (schedules),"[""BD014"", ""BD015""]","B11 drawn width 200 mm, schedule width 200",V3b B0021 C-BEAM-1F: technical PARTIAL 13.523 m3,"[""BLOCKED_UNQUANTIFIED:6"", ""LOWER_BOUND:3"", ""NOT_APPLICABLE:10""]",S6.1 (LOWER_BOUND; D1.1 corrections),NONE (stays with the existing stage),,PROJECT_SOURCE (plan band + tag + schedule),,,COUNTED_OWNED,S6 SUPERSTRUCTURE_BEAM_OCCURRENCES
BM-1F_ROOF-B18-BL008-6ED,ELEMENT,,BEAM (SIMPLE_BEAM),1F_ROOF,4-6 (plans); 10-12 (schedules),"[""BD009""]","B18 drawn width 350 mm, schedule width 350",V3b B0021 C-BEAM-1F: technical PARTIAL 13.523 m3,"[""BLOCKED_UNQUANTIFIED:6"", ""LOWER_BOUND:3"", ""NOT_APPLICABLE:10""]",S6.1 (LOWER_BOUND; D1.1 corrections),NONE (stays with the existing stage),,PROJECT_SOURCE (plan band + tag + schedule),,,COUNTED_OWNED,S6 SUPERSTRUCTURE_BEAM_OCCURRENCES
BM-1F_ROOF-B19-BL029-6CF,ELEMENT,,BEAM (SIMPLE_BEAM),1F_ROOF,4-6 (plans); 10-12 (schedules),"[""BD022""]","B19 drawn width 400 mm, schedule width 400",V3b B0021 C-BEAM-1F: technical PARTIAL 13.523 m3,"[""BLOCKED_UNQUANTIFIED:6"", ""LOWER_BOUND:3"", ""NOT_APPLICABLE:10""]",S6.1 (LOWER_BOUND; D1.1 corrections),NONE (stays with the existing stage),,PROJECT_SOURCE (plan band + tag + schedule),,,COUNTED_OWNED,S6 SUPERSTRUCTURE_BEAM_OCCURRENCES
BM-1F_ROOF-B2-BL016-6C9,ELEMENT,,BEAM (SIMPLE_BEAM),1F_ROOF,4-6 (plans); 10-12 (schedules),"[""BD024""]","B2 drawn width 200 mm, schedule width 200",V3b B0021 C-BEAM-1F: technical PARTIAL 13.523 m3,"[""BLOCKED_UNQUANTIFIED:5"", ""LOWER_BOUND:3"", ""NOT_APPLICABLE:11""]",S6.1 (LOWER_BOUND; D1.1 corrections),NONE (stays with the existing stage),,PROJECT_SOURCE (plan band + tag + schedule),,,COUNTED_OWNED,S6 SUPERSTRUCTURE_BEAM_OCCURRENCES
BM-1F_ROOF-B2-BL017-6CA,ELEMENT,,BEAM (SIMPLE_BEAM),1F_ROOF,4-6 (plans); 10-12 (schedules),"[""BD023"", ""BD037""]","B2 drawn width 200 mm, schedule width 200",V3b B0021 C-BEAM-1F: technical PARTIAL 13.523 m3,"[""BLOCKED_UNQUANTIFIED:5"", ""LOWER_BOUND:3"", ""NOT_APPLICABLE:11""]",S6.1 (LOWER_BOUND; D1.1 corrections),NONE (stays with the existing stage),,PROJECT_SOURCE (plan band + tag + schedule),,,COUNTED_OWNED,S6 SUPERSTRUCTURE_BEAM_OCCURRENCES
BM-1F_ROOF-B2-BL019-6BA,ELEMENT,,BEAM (SIMPLE_BEAM),1F_ROOF,4-6 (plans); 10-12 (schedules),"[""BD031""]","B2 drawn width 200 mm, schedule width 200",V3b B0021 C-BEAM-1F: technical PARTIAL 13.523 m3,"[""BLOCKED_UNQUANTIFIED:5"", ""LOWER_BOUND:3"", ""NOT_APPLICABLE:11""]",S6.1 (LOWER_BOUND; D1.1 corrections),NONE (stays with the existing stage),,PROJECT_SOURCE (plan band + tag + schedule),,,COUNTED_OWNED,S6 SUPERSTRUCTURE_BEAM_OCCURRENCES
BM-1F_ROOF-B23-BL009-74B,ELEMENT,,BEAM (SIMPLE_BEAM),1F_ROOF,4-6 (plans); 10-12 (schedules),"[""BD027""]","B23 drawn width 450 mm, schedule width 450",V3b B0021 C-BEAM-1F: technical PARTIAL 13.523 m3,"[""BLOCKED_UNQUANTIFIED:6"", ""LOWER_BOUND:3"", ""NOT_APPLICABLE:10""]",S6.1 (LOWER_BOUND; D1.1 corrections),NONE (stays with the existing stage),,PROJECT_SOURCE (plan band + tag + schedule),,,COUNTED_OWNED,S6 SUPERSTRUCTURE_BEAM_OCCURRENCES
BM-1F_ROOF-B25-BL006-6D1,ELEMENT,,BEAM (SIMPLE_BEAM),1F_ROOF,4-6 (plans); 10-12 (schedules),"[""BD011""]","B25 drawn width 550 mm, schedule width 550",V3b B0021 C-BEAM-1F: technical PARTIAL 13.523 m3,"[""BLOCKED_UNQUANTIFIED:6"", ""LOWER_BOUND:3"", ""NOT_APPLICABLE:10""]",S6.1 (LOWER_BOUND; D1.1 corrections),NONE (stays with the existing stage),,PROJECT_SOURCE (plan band + tag + schedule),,,COUNTED_OWNED,S6 SUPERSTRUCTURE_BEAM_OCCURRENCES
BM-1F_ROOF-B3-BL023-6B9,ELEMENT,,BEAM (SIMPLE_BEAM),1F_ROOF,4-6 (plans); 10-12 (schedules),"[""BL023""]","B3 drawn width 200 mm, schedule width 200","V3b B0022 C-BEAM-1F-RES: technical BLOCKED (commercial BUDGET_ESTIMATE 1.6694 m3, not technical)","[""BLOCKED_UNQUANTIFIED:9"", ""NOT_APPLICABLE:10""]",S6.1 (BLOCKED; D1.1 corrections),NONE (stays with the existing stage),,PROJECT_SOURCE (plan band + tag + schedule),'WITH STAIR' qualifier 6B8: the p.16 stair-beam detail is an unread candidate (an undefined candidate blocks the component),,COUNTED_OWNED,S6 SUPERSTRUCTURE_BEAM_OCCURRENCES
BM-1F_ROOF-B4-BA001-1829,ELEMENT,,BEAM (SIMPLE_BEAM),1F_ROOF,4-6 (plans); 10-12 (schedules),"[""BA001""]","B4 drawn width 200 mm, schedule width 200","V3b B0022 C-BEAM-1F-RES: technical BLOCKED (commercial BUDGET_ESTIMATE 1.6694 m3, not technical)","[""BLOCKED_UNQUANTIFIED:8"", ""NOT_APPLICABLE:11""]",S6.1 (BLOCKED; D1.1 corrections),NONE (stays with the existing stage),,PROJECT_SOURCE (plan band + tag + schedule),,,COUNTED_OWNED,S6 SUPERSTRUCTURE_BEAM_OCCURRENCES
BM-1F_ROOF-B4-BA002-1828,ELEMENT,,BEAM (SIMPLE_BEAM),1F_ROOF,4-6 (plans); 10-12 (schedules),"[""BA002""]","B4 drawn width 200 mm, schedule width 200","V3b B0022 C-BEAM-1F-RES: technical BLOCKED (commercial BUDGET_ESTIMATE 1.6694 m3, not technical)","[""BLOCKED_UNQUANTIFIED:8"", ""NOT_APPLICABLE:11""]",S6.1 (BLOCKED; D1.1 corrections),NONE (stays with the existing stage),,PROJECT_SOURCE (plan band + tag + schedule),,,COUNTED_OWNED,S6 SUPERSTRUCTURE_BEAM_OCCURRENCES
BM-1F_ROOF-B4-BL011-711,ELEMENT,,BEAM (SIMPLE_BEAM),1F_ROOF,4-6 (plans); 10-12 (schedules),"[""BD003""]","B4 drawn width 200 mm, schedule width 200",V3b B0021 C-BEAM-1F: technical PARTIAL 13.523 m3,"[""BLOCKED_UNQUANTIFIED:5"", ""LOWER_BOUND:3"", ""NOT_APPLICABLE:11""]",S6.1 (LOWER_BOUND; D1.1 corrections),NONE (stays with the existing stage),,PROJECT_SOURCE (plan band + tag + schedule),,,COUNTED_OWNED,S6 SUPERSTRUCTURE_BEAM_OCCURRENCES
BM-1F_ROOF-B4-BL025-6D9,ELEMENT,,BEAM (SIMPLE_BEAM),1F_ROOF,4-6 (plans); 10-12 (schedules),"[""BD014"", ""BD015""]","B4 drawn width 200 mm, schedule width 200",V3b B0021 C-BEAM-1F: technical PARTIAL 13.523 m3,"[""BLOCKED_UNQUANTIFIED:5"", ""LOWER_BOUND:3"", ""NOT_APPLICABLE:11""]",S6.1 (LOWER_BOUND; D1.1 corrections),NONE (stays with the existing stage),,PROJECT_SOURCE (plan band + tag + schedule),,,COUNTED_OWNED,S6 SUPERSTRUCTURE_BEAM_OCCURRENCES
BM-1F_ROOF-B4-BL032-6B5,ELEMENT,,BEAM (SIMPLE_BEAM),1F_ROOF,4-6 (plans); 10-12 (schedules),"[""BD028""]","B4 drawn width 200 mm, schedule width 200",V3b B0021 C-BEAM-1F: technical PARTIAL 13.523 m3,"[""BLOCKED_UNQUANTIFIED:5"", ""LOWER_BOUND:3"", ""NOT_APPLICABLE:11""]",S6.1 (LOWER_BOUND; D1.1 corrections),NONE (stays with the existing stage),,PROJECT_SOURCE (plan band + tag + schedule),,,COUNTED_OWNED,S6 SUPERSTRUCTURE_BEAM_OCCURRENCES
BM-1F_ROOF-B5-BL007-6EC,ELEMENT,,BEAM (SIMPLE_BEAM),1F_ROOF,4-6 (plans); 10-12 (schedules),"[""BD010""]","B5 drawn width 200 mm, schedule width 200",V3b B0021 C-BEAM-1F: technical PARTIAL 13.523 m3,"[""BLOCKED_UNQUANTIFIED:5"", ""LOWER_BOUND:3"", ""NOT_APPLICABLE:11""]",S6.1 (LOWER_BOUND; D1.1 corrections),NONE (stays with the existing stage),,PROJECT_SOURCE (plan band + tag + schedule),,,COUNTED_OWNED,S6 SUPERSTRUCTURE_BEAM_OCCURRENCES
BM-1F_ROOF-B5-BL022-6C4,ELEMENT,,BEAM (SIMPLE_BEAM),1F_ROOF,4-6 (plans); 10-12 (schedules),"[""BD035""]","B5 drawn width 200 mm, schedule width 200",V3b B0021 C-BEAM-1F: technical PARTIAL 13.523 m3,"[""BLOCKED_UNQUANTIFIED:5"", ""LOWER_BOUND:3"", ""NOT_APPLICABLE:11""]",S6.1 (LOWER_BOUND; D1.1 corrections),NONE (stays with the existing stage),,PROJECT_SOURCE (plan band + tag + schedule),,,COUNTED_OWNED,S6 SUPERSTRUCTURE_BEAM_OCCURRENCES
BM-1F_ROOF-B6-BL012-76C,ELEMENT,,BEAM (SIMPLE_BEAM),1F_ROOF,4-6 (plans); 10-12 (schedules),"[""BD012""]","B6 drawn width 250 mm, schedule width 250",V3b B0021 C-BEAM-1F: technical PARTIAL 13.523 m3,"[""BLOCKED_UNQUANTIFIED:5"", ""LOWER_BOUND:3"", ""NOT_APPLICABLE:11""]",S6.1 (LOWER_BOUND; D1.1 corrections),NONE (stays with the existing stage),,PROJECT_SOURCE (plan band + tag + schedule),,,COUNTED_OWNED,S6 SUPERSTRUCTURE_BEAM_OCCURRENCES
BM-1F_ROOF-B6-BL013-6BD,ELEMENT,,BEAM (SIMPLE_BEAM),1F_ROOF,4-6 (plans); 10-12 (schedules),"[""BD018""]","B6 drawn width 250 mm, schedule width 250",V3b B0021 C-BEAM-1F: technical PARTIAL 13.523 m3,"[""BLOCKED_UNQUANTIFIED:5"", ""LOWER_BOUND:3"", ""NOT_APPLICABLE:11""]",S6.1 (LOWER_BOUND; D1.1 corrections),NONE (stays with the existing stage),,PROJECT_SOURCE (plan band + tag + schedule),,,COUNTED_OWNED,S6 SUPERSTRUCTURE_BEAM_OCCURRENCES
BM-1F_ROOF-B6-BL014-6C5,ELEMENT,,BEAM (SIMPLE_BEAM),1F_ROOF,4-6 (plans); 10-12 (schedules),"[""BL014""]","B6 drawn width 200 mm, schedule width 250","V3b B0022 C-BEAM-1F-RES: technical BLOCKED (commercial BUDGET_ESTIMATE 1.6694 m3, not technical)","[""BLOCKED_UNQUANTIFIED:8"", ""NOT_APPLICABLE:11""]",S6.1 (BLOCKED; D1.1 corrections),NONE (stays with the existing stage),,PROJECT_SOURCE (plan band + tag + schedule),6C5 B6: drawn width conflicts with the schedule width,,COUNTED_OWNED,S6 SUPERSTRUCTURE_BEAM_OCCURRENCES
BM-1F_ROOF-B6-BL030-6D7,ELEMENT,,BEAM (SIMPLE_BEAM),1F_ROOF,4-6 (plans); 10-12 (schedules),"[""BD013""]","B6 drawn width 250 mm, schedule width 250",V3b B0021 C-BEAM-1F: technical PARTIAL 13.523 m3,"[""BLOCKED_UNQUANTIFIED:5"", ""LOWER_BOUND:3"", ""NOT_APPLICABLE:11""]",S6.1 (LOWER_BOUND; D1.1 corrections),NONE (stays with the existing stage),,PROJECT_SOURCE (plan band + tag + schedule),,,COUNTED_OWNED,S6 SUPERSTRUCTURE_BEAM_OCCURRENCES
BM-1F_ROOF-B6-BL031-6D4,ELEMENT,,BEAM (SIMPLE_BEAM),1F_ROOF,4-6 (plans); 10-12 (schedules),"[""BD019""]","B6 drawn width 250 mm, schedule width 250",V3b B0021 C-BEAM-1F: technical PARTIAL 13.523 m3,"[""BLOCKED_UNQUANTIFIED:5"", ""LOWER_BOUND:3"", ""NOT_APPLICABLE:11""]",S6.1 (LOWER_BOUND; D1.1 corrections),NONE (stays with the existing stage),,PROJECT_SOURCE (plan band + tag + schedule),,,COUNTED_OWNED,S6 SUPERSTRUCTURE_BEAM_OCCURRENCES
BM-1F_ROOF-B7-BL017-6CD,ELEMENT,,BEAM (SIMPLE_BEAM),1F_ROOF,4-6 (plans); 10-12 (schedules),"[""BD023"", ""BD037""]","B7 drawn width 200 mm, schedule width 200",V3b B0021 C-BEAM-1F: technical PARTIAL 13.523 m3,"[""BLOCKED_UNQUANTIFIED:6"", ""LOWER_BOUND:3"", ""NOT_APPLICABLE:10""]",S6.1 (LOWER_BOUND; D1.1 corrections),NONE (stays with the existing stage),,PROJECT_SOURCE (plan band + tag + schedule),,,COUNTED_OWNED,S6 SUPERSTRUCTURE_BEAM_OCCURRENCES
BM-1F_ROOF-B7-BL027-6CC,ELEMENT,,BEAM (SIMPLE_BEAM),1F_ROOF,4-6 (plans); 10-12 (schedules),"[""BD021""]","B7 drawn width 200 mm, schedule width 200",V3b B0021 C-BEAM-1F: technical PARTIAL 13.523 m3,"[""BLOCKED_UNQUANTIFIED:6"", ""LOWER_BOUND:3"", ""NOT_APPLICABLE:10""]",S6.1 (LOWER_BOUND; D1.1 corrections),NONE (stays with the existing stage),,PROJECT_SOURCE (plan band + tag + schedule),,,COUNTED_OWNED,S6 SUPERSTRUCTURE_BEAM_OCCURRENCES
BM-2F_ROOF-B1-BL002-78B,ELEMENT,,BEAM (SIMPLE_BEAM),2F_ROOF,4-6 (plans); 10-12 (schedules),"[""BD004""]","B1 drawn width 200 mm, schedule width 200",V3b B0028 C-BEAM-2F: technical DERIVED 2.65 m3,"[""BLOCKED_UNQUANTIFIED:5"", ""LOWER_BOUND:3"", ""NOT_APPLICABLE:11""]",S6.1 (LOWER_BOUND; D1.1 corrections),NONE (stays with the existing stage),,PROJECT_SOURCE (plan band + tag + schedule),,,COUNTED_OWNED,S6 SUPERSTRUCTURE_BEAM_OCCURRENCES
BM-2F_ROOF-B1-BL003-78C,ELEMENT,,BEAM (SIMPLE_BEAM),2F_ROOF,4-6 (plans); 10-12 (schedules),"[""BD003"", ""BD013""]","B1 drawn width 200 mm, schedule width 200",V3b B0028 C-BEAM-2F: technical DERIVED 2.65 m3,"[""BLOCKED_UNQUANTIFIED:5"", ""LOWER_BOUND:3"", ""NOT_APPLICABLE:11""]",S6.1 (LOWER_BOUND; D1.1 corrections),NONE (stays with the existing stage),,PROJECT_SOURCE (plan band + tag + schedule),,,COUNTED_OWNED,S6 SUPERSTRUCTURE_BEAM_OCCURRENCES
BM-2F_ROOF-B1-BL006-78F,ELEMENT,,BEAM (SIMPLE_BEAM),2F_ROOF,4-6 (plans); 10-12 (schedules),"[""BL006""]","B1 drawn width 200 mm, schedule width 200",V3b B0028 C-BEAM-2F: technical DERIVED 2.65 m3,"[""BLOCKED_UNQUANTIFIED:8"", ""NOT_APPLICABLE:11""]",S6.1 (BLOCKED; D1.1 corrections),NONE (stays with the existing stage),,PROJECT_SOURCE (plan band + tag + schedule),binding is a candidate (tag binding BOUND_CANDIDATE: a candidate never releases steel),,COUNTED_OWNED,S6 SUPERSTRUCTURE_BEAM_OCCURRENCES
BM-2F_ROOF-B1-BL011-78D,ELEMENT,,BEAM (SIMPLE_BEAM),2F_ROOF,4-6 (plans); 10-12 (schedules),"[""BD012""]","B1 drawn width 200 mm, schedule width 200",V3b B0028 C-BEAM-2F: technical DERIVED 2.65 m3,"[""BLOCKED_UNQUANTIFIED:5"", ""LOWER_BOUND:3"", ""NOT_APPLICABLE:11""]",S6.1 (LOWER_BOUND; D1.1 corrections),NONE (stays with the existing stage),,PROJECT_SOURCE (plan band + tag + schedule),,,COUNTED_OWNED,S6 SUPERSTRUCTURE_BEAM_OCCURRENCES
BM-2F_ROOF-B15-BL004-7A9,ELEMENT,,BEAM (SIMPLE_BEAM),2F_ROOF,4-6 (plans); 10-12 (schedules),"[""BD002""]","B15 drawn width 200 mm, schedule width 200",V3b B0028 C-BEAM-2F: technical DERIVED 2.65 m3,"[""BLOCKED_UNQUANTIFIED:6"", ""LOWER_BOUND:3"", ""NOT_APPLICABLE:10""]",S6.1 (LOWER_BOUND; D1.1 corrections),NONE (stays with the existing stage),,PROJECT_SOURCE (plan band + tag + schedule),,,COUNTED_OWNED,S6 SUPERSTRUCTURE_BEAM_OCCURRENCES
BM-2F_ROOF-B2-BL006-78E,ELEMENT,,BEAM (SIMPLE_BEAM),2F_ROOF,4-6 (plans); 10-12 (schedules),"[""BD006"", ""BD007"", ""BD008""]","B2 drawn width 200 mm, schedule width 200",V3b B0028 C-BEAM-2F: technical DERIVED 2.65 m3,"[""BLOCKED_UNQUANTIFIED:5"", ""LOWER_BOUND:3"", ""NOT_APPLICABLE:11""]",S6.1 (LOWER_BOUND; D1.1 corrections),NONE (stays with the existing stage),,PROJECT_SOURCE (plan band + tag + schedule),,,COUNTED_OWNED,S6 SUPERSTRUCTURE_BEAM_OCCURRENCES
BM-2F_ROOF-B2-BL006-790,ELEMENT,,BEAM (SIMPLE_BEAM),2F_ROOF,4-6 (plans); 10-12 (schedules),"[""BD006"", ""BD007"", ""BD008""]","B2 drawn width 200 mm, schedule width 200",V3b B0028 C-BEAM-2F: technical DERIVED 2.65 m3,"[""BLOCKED_UNQUANTIFIED:5"", ""LOWER_BOUND:3"", ""NOT_APPLICABLE:11""]",S6.1 (LOWER_BOUND; D1.1 corrections),NONE (stays with the existing stage),,PROJECT_SOURCE (plan band + tag + schedule),,,COUNTED_OWNED,S6 SUPERSTRUCTURE_BEAM_OCCURRENCES
BM-2F_ROOF-B2-BL010-775,ELEMENT,,BEAM (SIMPLE_BEAM),2F_ROOF,4-6 (plans); 10-12 (schedules),"[""BD009""]","B2 drawn width 200 mm, schedule width 200",V3b B0028 C-BEAM-2F: technical DERIVED 2.65 m3,"[""BLOCKED_UNQUANTIFIED:5"", ""LOWER_BOUND:3"", ""NOT_APPLICABLE:11""]",S6.1 (LOWER_BOUND; D1.1 corrections),NONE (stays with the existing stage),,PROJECT_SOURCE (plan band + tag + schedule),,,COUNTED_OWNED,S6 SUPERSTRUCTURE_BEAM_OCCURRENCES
BM-2F_ROOF-B2-BL010-78A,ELEMENT,,BEAM (SIMPLE_BEAM),2F_ROOF,4-6 (plans); 10-12 (schedules),"[""BD009""]","B2 drawn width 200 mm, schedule width 200",V3b B0028 C-BEAM-2F: technical DERIVED 2.65 m3,"[""BLOCKED_UNQUANTIFIED:5"", ""LOWER_BOUND:3"", ""NOT_APPLICABLE:11""]",S6.1 (LOWER_BOUND; D1.1 corrections),NONE (stays with the existing stage),,PROJECT_SOURCE (plan band + tag + schedule),,,COUNTED_OWNED,S6 SUPERSTRUCTURE_BEAM_OCCURRENCES
BM-2F_ROOF-B3-BL002-79B,ELEMENT,,BEAM (SIMPLE_BEAM),2F_ROOF,4-6 (plans); 10-12 (schedules),"[""BD004""]","B3 drawn width 200 mm, schedule width 200",V3b B0028 C-BEAM-2F: technical DERIVED 2.65 m3,"[""BLOCKED_UNQUANTIFIED:5"", ""LOWER_BOUND:3"", ""NOT_APPLICABLE:11""]",S6.1 (LOWER_BOUND; D1.1 corrections),NONE (stays with the existing stage),,PROJECT_SOURCE (plan band + tag + schedule),,,COUNTED_OWNED,S6 SUPERSTRUCTURE_BEAM_OCCURRENCES
BM-2F_ROOF-B3-BL003-79C,ELEMENT,,BEAM (SIMPLE_BEAM),2F_ROOF,4-6 (plans); 10-12 (schedules),"[""BD003"", ""BD013""]","B3 drawn width 200 mm, schedule width 200",V3b B0028 C-BEAM-2F: technical DERIVED 2.65 m3,"[""BLOCKED_UNQUANTIFIED:5"", ""LOWER_BOUND:3"", ""NOT_APPLICABLE:11""]",S6.1 (LOWER_BOUND; D1.1 corrections),NONE (stays with the existing stage),,PROJECT_SOURCE (plan band + tag + schedule),,,COUNTED_OWNED,S6 SUPERSTRUCTURE_BEAM_OCCURRENCES
BM-2F_ROOF-B3-BL007-79D,ELEMENT,,BEAM (SIMPLE_BEAM),2F_ROOF,4-6 (plans); 10-12 (schedules),"[""BD016""]","B3 drawn width 200 mm, schedule width 200",V3b B0028 C-BEAM-2F: technical DERIVED 2.65 m3,"[""BLOCKED_UNQUANTIFIED:5"", ""LOWER_BOUND:3"", ""NOT_APPLICABLE:11""]",S6.1 (LOWER_BOUND; D1.1 corrections),NONE (stays with the existing stage),,PROJECT_SOURCE (plan band + tag + schedule),,,COUNTED_OWNED,S6 SUPERSTRUCTURE_BEAM_OCCURRENCES
BM-2F_ROOF-B3-BL008-774,ELEMENT,,BEAM (SIMPLE_BEAM),2F_ROOF,4-6 (plans); 10-12 (schedules),"[""BD011""]","B3 drawn width 200 mm, schedule width 200",V3b B0028 C-BEAM-2F: technical DERIVED 2.65 m3,"[""BLOCKED_UNQUANTIFIED:5"", ""LOWER_BOUND:3"", ""NOT_APPLICABLE:11""]",S6.1 (LOWER_BOUND; D1.1 corrections),NONE (stays with the existing stage),,PROJECT_SOURCE (plan band + tag + schedule),,,COUNTED_OWNED,S6 SUPERSTRUCTURE_BEAM_OCCURRENCES
BM-2F_ROOF-B7-BL001-7A1,ELEMENT,,BEAM (SIMPLE_BEAM),2F_ROOF,4-6 (plans); 10-12 (schedules),"[""BD005""]","B7 drawn width 200 mm, schedule width 200",V3b B0028 C-BEAM-2F: technical DERIVED 2.65 m3,"[""BLOCKED_UNQUANTIFIED:6"", ""LOWER_BOUND:3"", ""NOT_APPLICABLE:10""]",S6.1 (LOWER_BOUND; D1.1 corrections),NONE (stays with the existing stage),,PROJECT_SOURCE (plan band + tag + schedule),,,COUNTED_OWNED,S6 SUPERSTRUCTURE_BEAM_OCCURRENCES
BM-2F_ROOF-B8-BL007-79E,ELEMENT,,BEAM (SIMPLE_BEAM),2F_ROOF,4-6 (plans); 10-12 (schedules),"[""BD016""]","B8 drawn width 200 mm, schedule width 200",V3b B0028 C-BEAM-2F: technical DERIVED 2.65 m3,"[""BLOCKED_UNQUANTIFIED:6"", ""LOWER_BOUND:3"", ""NOT_APPLICABLE:10""]",S6.1 (LOWER_BOUND; D1.1 corrections),NONE (stays with the existing stage),,PROJECT_SOURCE (plan band + tag + schedule),,,COUNTED_OWNED,S6 SUPERSTRUCTURE_BEAM_OCCURRENCES
BM-GF_ROOF-B1-BL004-476,ELEMENT,,BEAM (SIMPLE_BEAM),GF_ROOF,4-6 (plans); 10-12 (schedules),"[""BL004""]","B1 drawn width 200 mm, schedule width 200","V3b B0015 C-BEAM-GF-RES: technical BLOCKED (commercial BUDGET_ESTIMATE 6.2801 m3, not technical)","[""BLOCKED_UNQUANTIFIED:8"", ""NOT_APPLICABLE:11""]",S6.1 (BLOCKED; D1.1 corrections),NONE (stays with the existing stage),,PROJECT_SOURCE (plan band + tag + schedule),binding is a candidate (tag binding BOUND_CANDIDATE: a candidate never releases steel),,COUNTED_OWNED,S6 SUPERSTRUCTURE_BEAM_OCCURRENCES
BM-GF_ROOF-B1-BL004-477,ELEMENT,,BEAM (SIMPLE_BEAM),GF_ROOF,4-6 (plans); 10-12 (schedules),"[""BD020""]","B1 drawn width 200 mm, schedule width 200",V3b B0014 C-BEAM-GF: technical PARTIAL 21.414 m3,"[""BLOCKED_UNQUANTIFIED:5"", ""LOWER_BOUND:3"", ""NOT_APPLICABLE:11""]",S6.1 (LOWER_BOUND; D1.1 corrections),NONE (stays with the existing stage),,PROJECT_SOURCE (plan band + tag + schedule),,,COUNTED_OWNED,S6 SUPERSTRUCTURE_BEAM_OCCURRENCES
BM-GF_ROOF-B1-BL008-478,ELEMENT,,BEAM (SIMPLE_BEAM),GF_ROOF,4-6 (plans); 10-12 (schedules),"[""BD009""]","B1 drawn width 200 mm, schedule width 200",V3b B0014 C-BEAM-GF: technical PARTIAL 21.414 m3,"[""BLOCKED_UNQUANTIFIED:5"", ""LOWER_BOUND:3"", ""NOT_APPLICABLE:11""]",S6.1 (LOWER_BOUND; D1.1 corrections),NONE (stays with the existing stage),,PROJECT_SOURCE (plan band + tag + schedule),,,COUNTED_OWNED,S6 SUPERSTRUCTURE_BEAM_OCCURRENCES
BM-GF_ROOF-B1-BL012-50E,ELEMENT,,BEAM (SIMPLE_BEAM),GF_ROOF,4-6 (plans); 10-12 (schedules),"[""BD012""]","B1 drawn width 200 mm, schedule width 200",V3b B0014 C-BEAM-GF: technical PARTIAL 21.414 m3,"[""BLOCKED_UNQUANTIFIED:5"", ""LOWER_BOUND:3"", ""NOT_APPLICABLE:11""]",S6.1 (LOWER_BOUND; D1.1 corrections),NONE (stays with the existing stage),,PROJECT_SOURCE (plan band + tag + schedule),,,COUNTED_OWNED,S6 SUPERSTRUCTURE_BEAM_OCCURRENCES
BM-GF_ROOF-B1-BL016-45D,ELEMENT,,BEAM (SIMPLE_BEAM),GF_ROOF,4-6 (plans); 10-12 (schedules),"[""BL016""]","B1 drawn width 200 mm, schedule width 200","V3b B0015 C-BEAM-GF-RES: technical BLOCKED (commercial BUDGET_ESTIMATE 6.2801 m3, not technical)","[""BLOCKED_UNQUANTIFIED:8"", ""NOT_APPLICABLE:11""]",S6.1 (BLOCKED; D1.1 corrections),NONE (stays with the existing stage),,PROJECT_SOURCE (plan band + tag + schedule),binding is a candidate (tag binding BOUND_CANDIDATE: a candidate never releases steel),,COUNTED_OWNED,S6 SUPERSTRUCTURE_BEAM_OCCURRENCES
BM-GF_ROOF-B1-BL023-466,ELEMENT,,BEAM (SIMPLE_BEAM),GF_ROOF,4-6 (plans); 10-12 (schedules),"[""BD025"", ""BD037""]","B1 drawn width 200 mm, schedule width 200",V3b B0014 C-BEAM-GF: technical PARTIAL 21.414 m3,"[""BLOCKED_UNQUANTIFIED:5"", ""LOWER_BOUND:3"", ""NOT_APPLICABLE:11""]",S6.1 (LOWER_BOUND; D1.1 corrections),NONE (stays with the existing stage),,PROJECT_SOURCE (plan band + tag + schedule),,,COUNTED_OWNED,S6 SUPERSTRUCTURE_BEAM_OCCURRENCES
BM-GF_ROOF-B1-BL027-4B7,ELEMENT,,BEAM (SIMPLE_BEAM),GF_ROOF,4-6 (plans); 10-12 (schedules),"[""BD036""]","B1 drawn width 200 mm, schedule width 200",V3b B0014 C-BEAM-GF: technical PARTIAL 21.414 m3,"[""BLOCKED_UNQUANTIFIED:5"", ""LOWER_BOUND:3"", ""NOT_APPLICABLE:11""]",S6.1 (LOWER_BOUND; D1.1 corrections),NONE (stays with the existing stage),,PROJECT_SOURCE (plan band + tag + schedule),,,COUNTED_OWNED,S6 SUPERSTRUCTURE_BEAM_OCCURRENCES
BM-GF_ROOF-B1-BL034-447,ELEMENT,,BEAM (SIMPLE_BEAM),GF_ROOF,4-6 (plans); 10-12 (schedules),"[""BD051""]","B1 drawn width 200 mm, schedule width 200",V3b B0014 C-BEAM-GF: technical PARTIAL 21.414 m3,"[""BLOCKED_UNQUANTIFIED:5"", ""LOWER_BOUND:3"", ""NOT_APPLICABLE:11""]",S6.1 (LOWER_BOUND; D1.1 corrections),NONE (stays with the existing stage),,PROJECT_SOURCE (plan band + tag + schedule),,,COUNTED_OWNED,S6 SUPERSTRUCTURE_BEAM_OCCURRENCES
BM-GF_ROOF-B1-BL037-45E,ELEMENT,,BEAM (SIMPLE_BEAM),GF_ROOF,4-6 (plans); 10-12 (schedules),"[""BD047""]","B1 drawn width 200 mm, schedule width 200",V3b B0014 C-BEAM-GF: technical PARTIAL 21.414 m3,"[""BLOCKED_UNQUANTIFIED:5"", ""LOWER_BOUND:3"", ""NOT_APPLICABLE:11""]",S6.1 (LOWER_BOUND; D1.1 corrections),NONE (stays with the existing stage),,PROJECT_SOURCE (plan band + tag + schedule),,,COUNTED_OWNED,S6 SUPERSTRUCTURE_BEAM_OCCURRENCES
BM-GF_ROOF-B1-BL040-445,ELEMENT,,BEAM (SIMPLE_BEAM),GF_ROOF,4-6 (plans); 10-12 (schedules),"[""BL040""]","B1 drawn width 200 mm, schedule width 200","V3b B0015 C-BEAM-GF-RES: technical BLOCKED (commercial BUDGET_ESTIMATE 6.2801 m3, not technical)","[""BLOCKED_UNQUANTIFIED:8"", ""NOT_APPLICABLE:11""]",S6.1 (BLOCKED; D1.1 corrections),NONE (stays with the existing stage),,PROJECT_SOURCE (plan band + tag + schedule),binding is a candidate (tag binding BOUND_CANDIDATE: a candidate never releases steel),,COUNTED_OWNED,S6 SUPERSTRUCTURE_BEAM_OCCURRENCES
BM-GF_ROOF-B1-BL047-6A1,ELEMENT,,BEAM (SIMPLE_BEAM),GF_ROOF,4-6 (plans); 10-12 (schedules),"[""BD003""]","B1 drawn width 200 mm, schedule width 200",V3b B0014 C-BEAM-GF: technical PARTIAL 21.414 m3,"[""BLOCKED_UNQUANTIFIED:5"", ""LOWER_BOUND:3"", ""NOT_APPLICABLE:11""]",S6.1 (LOWER_BOUND; D1.1 corrections),NONE (stays with the existing stage),,PROJECT_SOURCE (plan band + tag + schedule),,,COUNTED_OWNED,S6 SUPERSTRUCTURE_BEAM_OCCURRENCES
BM-GF_ROOF-B1-BL048-430,ELEMENT,,BEAM (SIMPLE_BEAM),GF_ROOF,4-6 (plans); 10-12 (schedules),"[""BD030""]","B1 drawn width 200 mm, schedule width 200",V3b B0014 C-BEAM-GF: technical PARTIAL 21.414 m3,"[""BLOCKED_UNQUANTIFIED:5"", ""LOWER_BOUND:3"", ""NOT_APPLICABLE:11""]",S6.1 (LOWER_BOUND; D1.1 corrections),NONE (stays with the existing stage),,PROJECT_SOURCE (plan band + tag + schedule),,,COUNTED_OWNED,S6 SUPERSTRUCTURE_BEAM_OCCURRENCES
BM-GF_ROOF-B11-BL023-444,ELEMENT,,BEAM (SIMPLE_BEAM),GF_ROOF,4-6 (plans); 10-12 (schedules),"[""BD025"", ""BD037""]","B11 drawn width 200 mm, schedule width 200",V3b B0014 C-BEAM-GF: technical PARTIAL 21.414 m3,"[""BLOCKED_UNQUANTIFIED:6"", ""LOWER_BOUND:3"", ""NOT_APPLICABLE:10""]",S6.1 (LOWER_BOUND; D1.1 corrections),NONE (stays with the existing stage),,PROJECT_SOURCE (plan band + tag + schedule),,,COUNTED_OWNED,S6 SUPERSTRUCTURE_BEAM_OCCURRENCES
BM-GF_ROOF-B13-BL042-467,ELEMENT,,BEAM (SIMPLE_BEAM),GF_ROOF,4-6 (plans); 10-12 (schedules),"[""BD033""]","B13 drawn width 250 mm, schedule width 250",V3b B0014 C-BEAM-GF: technical PARTIAL 21.414 m3,"[""BLOCKED_UNQUANTIFIED:6"", ""LOWER_BOUND:3"", ""NOT_APPLICABLE:10""]",S6.1 (LOWER_BOUND; D1.1 corrections),NONE (stays with the existing stage),,PROJECT_SOURCE (plan band + tag + schedule),,,COUNTED_OWNED,S6 SUPERSTRUCTURE_BEAM_OCCURRENCES
BM-GF_ROOF-B14-BL036-45F,ELEMENT,,BEAM (SIMPLE_BEAM),GF_ROOF,4-6 (plans); 10-12 (schedules),"[""BD032""]","B14 drawn width 200 mm, schedule width 200",V3b B0014 C-BEAM-GF: technical PARTIAL 21.414 m3,"[""BLOCKED_UNQUANTIFIED:6"", ""LOWER_BOUND:3"", ""NOT_APPLICABLE:10""]",S6.1 (LOWER_BOUND; D1.1 corrections),NONE (stays with the existing stage),,PROJECT_SOURCE (plan band + tag + schedule),,,COUNTED_OWNED,S6 SUPERSTRUCTURE_BEAM_OCCURRENCES
BM-GF_ROOF-B16-BL030-473,ELEMENT,,BEAM (SIMPLE_BEAM),GF_ROOF,4-6 (plans); 10-12 (schedules),"[""BD044""]","B16 drawn width 300 mm, schedule width 300",V3b B0014 C-BEAM-GF: technical PARTIAL 21.414 m3,"[""BLOCKED_UNQUANTIFIED:6"", ""LOWER_BOUND:3"", ""NOT_APPLICABLE:10""]",S6.1 (LOWER_BOUND; D1.1 corrections),NONE (stays with the existing stage),,PROJECT_SOURCE (plan band + tag + schedule),,,COUNTED_OWNED,S6 SUPERSTRUCTURE_BEAM_OCCURRENCES
BM-GF_ROOF-B17-BL044-432,ELEMENT,,BEAM (SIMPLE_BEAM),GF_ROOF,4-6 (plans); 10-12 (schedules),"[""BD043""]","B17 drawn width 450 mm, schedule width 450",V3b B0014 C-BEAM-GF: technical PARTIAL 21.414 m3,"[""BLOCKED_UNQUANTIFIED:6"", ""LOWER_BOUND:3"", ""NOT_APPLICABLE:10""]",S6.1 (LOWER_BOUND; D1.1 corrections),NONE (stays with the existing stage),,PROJECT_SOURCE (plan band + tag + schedule),,,COUNTED_OWNED,S6 SUPERSTRUCTURE_BEAM_OCCURRENCES
BM-GF_ROOF-B2-BL005-485,ELEMENT,,BEAM (SIMPLE_BEAM),GF_ROOF,4-6 (plans); 10-12 (schedules),"[""BD026""]","B2 drawn width 200 mm, schedule width 200",V3b B0014 C-BEAM-GF: technical PARTIAL 21.414 m3,"[""BLOCKED_UNQUANTIFIED:5"", ""LOWER_BOUND:3"", ""NOT_APPLICABLE:11""]",S6.1 (LOWER_BOUND; D1.1 corrections),NONE (stays with the existing stage),,PROJECT_SOURCE (plan band + tag + schedule),,,COUNTED_OWNED,S6 SUPERSTRUCTURE_BEAM_OCCURRENCES
BM-GF_ROOF-B2-BL016-492,ELEMENT,,BEAM (SIMPLE_BEAM),GF_ROOF,4-6 (plans); 10-12 (schedules),"[""BD018"", ""BD039""]","B2 drawn width 200 mm, schedule width 200",V3b B0014 C-BEAM-GF: technical PARTIAL 21.414 m3,"[""BLOCKED_UNQUANTIFIED:5"", ""LOWER_BOUND:3"", ""NOT_APPLICABLE:11""]",S6.1 (LOWER_BOUND; D1.1 corrections),NONE (stays with the existing stage),,PROJECT_SOURCE (plan band + tag + schedule),,,COUNTED_OWNED,S6 SUPERSTRUCTURE_BEAM_OCCURRENCES
BM-GF_ROOF-B2-BL028-449,ELEMENT,,BEAM (SIMPLE_BEAM),GF_ROOF,4-6 (plans); 10-12 (schedules),"[""BD035"", ""BD048""]","B2 drawn width 200 mm, schedule width 200",V3b B0014 C-BEAM-GF: technical PARTIAL 21.414 m3,"[""BLOCKED_UNQUANTIFIED:5"", ""LOWER_BOUND:3"", ""NOT_APPLICABLE:11""]",S6.1 (LOWER_BOUND; D1.1 corrections),NONE (stays with the existing stage),,PROJECT_SOURCE (plan band + tag + schedule),,,COUNTED_OWNED,S6 SUPERSTRUCTURE_BEAM_OCCURRENCES
BM-GF_ROOF-B20-BL020-453:b20>v,ELEMENT,,BEAM (SIMPLE_BEAM),GF_ROOF,4-6 (plans); 10-12 (schedules),"[""BD038""]","B20 drawn width 400 mm, schedule width 400",V3b B0014 C-BEAM-GF: technical PARTIAL 21.414 m3,"[""BLOCKED_UNQUANTIFIED:6"", ""LOWER_BOUND:3"", ""NOT_APPLICABLE:10""]",S6.1 (LOWER_BOUND; D1.1 corrections),NONE (stays with the existing stage),,PROJECT_SOURCE (plan band + tag + schedule),,,COUNTED_OWNED,S6 SUPERSTRUCTURE_BEAM_OCCURRENCES
BM-GF_ROOF-B21-BL001-468,ELEMENT,,BEAM (SIMPLE_BEAM),GF_ROOF,4-6 (plans); 10-12 (schedules),"[""BL001""]","B21 drawn width 400 mm, schedule width 450","V3b B0015 C-BEAM-GF-RES: technical BLOCKED (commercial BUDGET_ESTIMATE 6.2801 m3, not technical)","[""BLOCKED_UNQUANTIFIED:9"", ""NOT_APPLICABLE:10""]",S6.1 (BLOCKED; D1.1 corrections),NONE (stays with the existing stage),,PROJECT_SOURCE (plan band + tag + schedule),468 B21: drawn width conflicts with the schedule width,,COUNTED_OWNED,S6 SUPERSTRUCTURE_BEAM_OCCURRENCES
BM-GF_ROOF-B22-BL013-496,ELEMENT,,BEAM (SIMPLE_BEAM),GF_ROOF,4-6 (plans); 10-12 (schedules),"[""BD011""]","B22 drawn width 500 mm, schedule width 500",V3b B0014 C-BEAM-GF: technical PARTIAL 21.414 m3,"[""BLOCKED_UNQUANTIFIED:6"", ""LOWER_BOUND:3"", ""NOT_APPLICABLE:10""]",S6.1 (LOWER_BOUND; D1.1 corrections),NONE (stays with the existing stage),,PROJECT_SOURCE (plan band + tag + schedule),,,COUNTED_OWNED,S6 SUPERSTRUCTURE_BEAM_OCCURRENCES
BM-GF_ROOF-B24-BL043-1814:B24>v,ELEMENT,,BEAM (SIMPLE_BEAM),GF_ROOF,4-6 (plans); 10-12 (schedules),"[""BD055""]","B24 drawn width 500 mm, schedule width 500",V3b B0014 C-BEAM-GF: technical PARTIAL 21.414 m3,"[""BLOCKED_UNQUANTIFIED:6"", ""LOWER_BOUND:3"", ""NOT_APPLICABLE:10""]",S6.1 (LOWER_BOUND; D1.1 corrections),NONE (stays with the existing stage),,PROJECT_SOURCE (plan band + tag + schedule),,,COUNTED_OWNED,S6 SUPERSTRUCTURE_BEAM_OCCURRENCES
BM-GF_ROOF-B26-BL014-4CC,ELEMENT,,BEAM (SIMPLE_BEAM),GF_ROOF,4-6 (plans); 10-12 (schedules),"[""BL014""]","B26 drawn width 650 mm, schedule width 650","V3b B0015 C-BEAM-GF-RES: technical BLOCKED (commercial BUDGET_ESTIMATE 6.2801 m3, not technical)","[""BLOCKED_UNQUANTIFIED:10"", ""NOT_APPLICABLE:9""]",S6.1 (BLOCKED; D1.1 corrections),NONE (stays with the existing stage),,PROJECT_SOURCE (plan band + tag + schedule),"carries planted column ['COLPOS-X15-Y02-31508-8912']: the p.15 detail is a candidate (AI transcription, not machine-read) (an undefined candidate blocks the component)",,COUNTED_OWNED,S6 SUPERSTRUCTURE_BEAM_OCCURRENCES
BM-GF_ROOF-B27-BL002-532,ELEMENT,,BEAM (SIMPLE_BEAM),GF_ROOF,4-6 (plans); 10-12 (schedules),"[""BD019""]","B27 drawn width 900 mm, schedule width 900",V3b B0014 C-BEAM-GF: technical PARTIAL 21.414 m3,"[""BLOCKED_UNQUANTIFIED:6"", ""LOWER_BOUND:3"", ""NOT_APPLICABLE:10""]",S6.1 (LOWER_BOUND; D1.1 corrections),NONE (stays with the existing stage),,PROJECT_SOURCE (plan band + tag + schedule),,,COUNTED_OWNED,S6 SUPERSTRUCTURE_BEAM_OCCURRENCES
BM-GF_ROOF-B28-BL026-46C,ELEMENT,,BEAM (SIMPLE_BEAM),GF_ROOF,4-6 (plans); 10-12 (schedules),"[""BD031""]","B28 drawn width 250 mm, schedule width 250",V3b B0014 C-BEAM-GF: technical PARTIAL 21.414 m3,"[""BLOCKED_UNQUANTIFIED:6"", ""LOWER_BOUND:3"", ""NOT_APPLICABLE:10""]",S6.1 (LOWER_BOUND; D1.1 corrections),NONE (stays with the existing stage),,PROJECT_SOURCE (plan band + tag + schedule),,,COUNTED_OWNED,S6 SUPERSTRUCTURE_BEAM_OCCURRENCES
BM-GF_ROOF-B29-BL039-465,ELEMENT,,BEAM (SIMPLE_BEAM),GF_ROOF,4-6 (plans); 10-12 (schedules),"[""BL039""]","B29 drawn width 200 mm, schedule width 250","V3b B0015 C-BEAM-GF-RES: technical BLOCKED (commercial BUDGET_ESTIMATE 6.2801 m3, not technical)","[""BLOCKED_UNQUANTIFIED:9"", ""NOT_APPLICABLE:10""]",S6.1 (BLOCKED; D1.1 corrections),NONE (stays with the existing stage),,PROJECT_SOURCE (plan band + tag + schedule),465 B29: drawn width conflicts with the schedule width,,COUNTED_OWNED,S6 SUPERSTRUCTURE_BEAM_OCCURRENCES
BM-GF_ROOF-B3-BL027-448,ELEMENT,,BEAM (SIMPLE_BEAM),GF_ROOF,4-6 (plans); 10-12 (schedules),"[""BD036""]","B3 drawn width 200 mm, schedule width 200",V3b B0014 C-BEAM-GF: technical PARTIAL 21.414 m3,"[""BLOCKED_UNQUANTIFIED:5"", ""LOWER_BOUND:3"", ""NOT_APPLICABLE:11""]",S6.1 (LOWER_BOUND; D1.1 corrections),NONE (stays with the existing stage),,PROJECT_SOURCE (plan band + tag + schedule),,,COUNTED_OWNED,S6 SUPERSTRUCTURE_BEAM_OCCURRENCES
BM-GF_ROOF-B3-BL032-462,ELEMENT,,BEAM (SIMPLE_BEAM),GF_ROOF,4-6 (plans); 10-12 (schedules),"[""BD027""]","B3 drawn width 200 mm, schedule width 200",V3b B0014 C-BEAM-GF: technical PARTIAL 21.414 m3,"[""BLOCKED_UNQUANTIFIED:5"", ""LOWER_BOUND:3"", ""NOT_APPLICABLE:11""]",S6.1 (LOWER_BOUND; D1.1 corrections),NONE (stays with the existing stage),,PROJECT_SOURCE (plan band + tag + schedule),,,COUNTED_OWNED,S6 SUPERSTRUCTURE_BEAM_OCCURRENCES
BM-GF_ROOF-B3-BL033-6B7,ELEMENT,,BEAM (SIMPLE_BEAM),GF_ROOF,4-6 (plans); 10-12 (schedules),"[""BL033""]","B3 drawn width 200 mm, schedule width 200","V3b B0015 C-BEAM-GF-RES: technical BLOCKED (commercial BUDGET_ESTIMATE 6.2801 m3, not technical)","[""BLOCKED_UNQUANTIFIED:9"", ""NOT_APPLICABLE:10""]",S6.1 (BLOCKED; D1.1 corrections),NONE (stays with the existing stage),,PROJECT_SOURCE (plan band + tag + schedule),'WITH STAIR' qualifier 6B6: the p.16 stair-beam detail is an unread candidate (an undefined candidate blocks the component),,COUNTED_OWNED,S6 SUPERSTRUCTURE_BEAM_OCCURRENCES
BM-GF_ROOF-B4-BL009-49B:b4>v,ELEMENT,,BEAM (SIMPLE_BEAM),GF_ROOF,4-6 (plans); 10-12 (schedules),"[""BD008""]","B4 drawn width 200 mm, schedule width 200",V3b B0014 C-BEAM-GF: technical PARTIAL 21.414 m3,"[""BLOCKED_UNQUANTIFIED:5"", ""LOWER_BOUND:3"", ""NOT_APPLICABLE:11""]",S6.1 (LOWER_BOUND; D1.1 corrections),NONE (stays with the existing stage),,PROJECT_SOURCE (plan band + tag + schedule),,,COUNTED_OWNED,S6 SUPERSTRUCTURE_BEAM_OCCURRENCES
BM-GF_ROOF-B4-BL010-508,ELEMENT,,BEAM (SIMPLE_BEAM),GF_ROOF,4-6 (plans); 10-12 (schedules),"[""BD007""]","B4 drawn width 200 mm, schedule width 200",V3b B0014 C-BEAM-GF: technical PARTIAL 21.414 m3,"[""BLOCKED_UNQUANTIFIED:5"", ""LOWER_BOUND:3"", ""NOT_APPLICABLE:11""]",S6.1 (LOWER_BOUND; D1.1 corrections),NONE (stays with the existing stage),,PROJECT_SOURCE (plan band + tag + schedule),,,COUNTED_OWNED,S6 SUPERSTRUCTURE_BEAM_OCCURRENCES
BM-GF_ROOF-B4-BL022-497,ELEMENT,,BEAM (SIMPLE_BEAM),GF_ROOF,4-6 (plans); 10-12 (schedules),"[""BD013"", ""BD014"", ""BD015""]","B4 drawn width 200 mm, schedule width 200",V3b B0014 C-BEAM-GF: technical PARTIAL 21.414 m3,"[""BLOCKED_UNQUANTIFIED:5"", ""LOWER_BOUND:3"", ""NOT_APPLICABLE:11""]",S6.1 (LOWER_BOUND; D1.1 corrections),NONE (stays with the existing stage),,PROJECT_SOURCE (plan band + tag + schedule),,,COUNTED_OWNED,S6 SUPERSTRUCTURE_BEAM_OCCURRENCES
BM-GF_ROOF-B4-BL025-46B,ELEMENT,,BEAM (SIMPLE_BEAM),GF_ROOF,4-6 (plans); 10-12 (schedules),"[""BD029""]","B4 drawn width 200 mm, schedule width 200",V3b B0014 C-BEAM-GF: technical PARTIAL 21.414 m3,"[""BLOCKED_UNQUANTIFIED:5"", ""LOWER_BOUND:3"", ""NOT_APPLICABLE:11""]",S6.1 (LOWER_BOUND; D1.1 corrections),NONE (stays with the existing stage),,PROJECT_SOURCE (plan band + tag + schedule),,,COUNTED_OWNED,S6 SUPERSTRUCTURE_BEAM_OCCURRENCES
BM-GF_ROOF-B4-BL040-446,ELEMENT,,BEAM (SIMPLE_BEAM),GF_ROOF,4-6 (plans); 10-12 (schedules),"[""BD049"", ""BD050""]","B4 drawn width 200 mm, schedule width 200",V3b B0014 C-BEAM-GF: technical PARTIAL 21.414 m3,"[""BLOCKED_UNQUANTIFIED:5"", ""LOWER_BOUND:3"", ""NOT_APPLICABLE:11""]",S6.1 (LOWER_BOUND; D1.1 corrections),NONE (stays with the existing stage),,PROJECT_SOURCE (plan band + tag + schedule),,,COUNTED_OWNED,S6 SUPERSTRUCTURE_BEAM_OCCURRENCES
BM-GF_ROOF-B4-BL045-4DB,ELEMENT,,BEAM (SIMPLE_BEAM),GF_ROOF,4-6 (plans); 10-12 (schedules),"[""BD028""]","B4 drawn width 200 mm, schedule width 200",V3b B0014 C-BEAM-GF: technical PARTIAL 21.414 m3,"[""BLOCKED_UNQUANTIFIED:5"", ""LOWER_BOUND:3"", ""NOT_APPLICABLE:11""]",S6.1 (LOWER_BOUND; D1.1 corrections),NONE (stays with the existing stage),,PROJECT_SOURCE (plan band + tag + schedule),,,COUNTED_OWNED,S6 SUPERSTRUCTURE_BEAM_OCCURRENCES
BM-GF_ROOF-B5-BL022-498,ELEMENT,,BEAM (SIMPLE_BEAM),GF_ROOF,4-6 (plans); 10-12 (schedules),"[""BD013"", ""BD014"", ""BD015""]","B5 drawn width 200 mm, schedule width 200",V3b B0014 C-BEAM-GF: technical PARTIAL 21.414 m3,"[""BLOCKED_UNQUANTIFIED:5"", ""LOWER_BOUND:3"", ""NOT_APPLICABLE:11""]",S6.1 (LOWER_BOUND; D1.1 corrections),NONE (stays with the existing stage),,PROJECT_SOURCE (plan band + tag + schedule),,,COUNTED_OWNED,S6 SUPERSTRUCTURE_BEAM_OCCURRENCES
BM-GF_ROOF-B7-BA001-47D:b7>v,ELEMENT,,BEAM (SIMPLE_BEAM),GF_ROOF,4-6 (plans); 10-12 (schedules),"[""BA001""]","B7 drawn width 200 mm, schedule width 200","V3b B0015 C-BEAM-GF-RES: technical BLOCKED (commercial BUDGET_ESTIMATE 6.2801 m3, not technical)","[""BLOCKED_UNQUANTIFIED:9"", ""NOT_APPLICABLE:10""]",S6.1 (BLOCKED; D1.1 corrections),NONE (stays with the existing stage),,PROJECT_SOURCE (plan band + tag + schedule),,,COUNTED_OWNED,S6 SUPERSTRUCTURE_BEAM_OCCURRENCES
BM-GF_ROOF-B7-BA002-46E,ELEMENT,,BEAM (SIMPLE_BEAM),GF_ROOF,4-6 (plans); 10-12 (schedules),"[""BA002""]","B7 drawn width 200 mm, schedule width 200","V3b B0015 C-BEAM-GF-RES: technical BLOCKED (commercial BUDGET_ESTIMATE 6.2801 m3, not technical)","[""BLOCKED_UNQUANTIFIED:9"", ""NOT_APPLICABLE:10""]",S6.1 (BLOCKED; D1.1 corrections),NONE (stays with the existing stage),,PROJECT_SOURCE (plan band + tag + schedule),,,COUNTED_OWNED,S6 SUPERSTRUCTURE_BEAM_OCCURRENCES
BM-GF_ROOF-B7-BA003-470,ELEMENT,,BEAM (SIMPLE_BEAM),GF_ROOF,4-6 (plans); 10-12 (schedules),"[""BA003""]","B7 drawn width 200 mm, schedule width 200","V3b B0015 C-BEAM-GF-RES: technical BLOCKED (commercial BUDGET_ESTIMATE 6.2801 m3, not technical)","[""BLOCKED_UNQUANTIFIED:9"", ""NOT_APPLICABLE:10""]",S6.1 (BLOCKED; D1.1 corrections),NONE (stays with the existing stage),,PROJECT_SOURCE (plan band + tag + schedule),,,COUNTED_OWNED,S6 SUPERSTRUCTURE_BEAM_OCCURRENCES
BM-GF_ROOF-B7-BA004-46F,ELEMENT,,BEAM (SIMPLE_BEAM),GF_ROOF,4-6 (plans); 10-12 (schedules),"[""BA004""]","B7 drawn width 200 mm, schedule width 200","V3b B0015 C-BEAM-GF-RES: technical BLOCKED (commercial BUDGET_ESTIMATE 6.2801 m3, not technical)","[""BLOCKED_UNQUANTIFIED:9"", ""NOT_APPLICABLE:10""]",S6.1 (BLOCKED; D1.1 corrections),NONE (stays with the existing stage),,PROJECT_SOURCE (plan band + tag + schedule),,,COUNTED_OWNED,S6 SUPERSTRUCTURE_BEAM_OCCURRENCES
BM-GF_ROOF-B7-BA005-471,ELEMENT,,BEAM (SIMPLE_BEAM),GF_ROOF,4-6 (plans); 10-12 (schedules),"[""BA005""]","B7 drawn width 200 mm, schedule width 200","V3b B0015 C-BEAM-GF-RES: technical BLOCKED (commercial BUDGET_ESTIMATE 6.2801 m3, not technical)","[""BLOCKED_UNQUANTIFIED:9"", ""NOT_APPLICABLE:10""]",S6.1 (BLOCKED; D1.1 corrections),NONE (stays with the existing stage),,PROJECT_SOURCE (plan band + tag + schedule),,,COUNTED_OWNED,S6 SUPERSTRUCTURE_BEAM_OCCURRENCES
BM-GF_ROOF-B7-BL028-4B6,ELEMENT,,BEAM (SIMPLE_BEAM),GF_ROOF,4-6 (plans); 10-12 (schedules),"[""BD035"", ""BD048""]","B7 drawn width 200 mm, schedule width 200",V3b B0014 C-BEAM-GF: technical PARTIAL 21.414 m3,"[""BLOCKED_UNQUANTIFIED:6"", ""LOWER_BOUND:3"", ""NOT_APPLICABLE:10""]",S6.1 (LOWER_BOUND; D1.1 corrections),NONE (stays with the existing stage),,PROJECT_SOURCE (plan band + tag + schedule),,,COUNTED_OWNED,S6 SUPERSTRUCTURE_BEAM_OCCURRENCES
BM-GF_ROOF-B7-BL046-4D2,ELEMENT,,BEAM (SIMPLE_BEAM),GF_ROOF,4-6 (plans); 10-12 (schedules),"[""BD052""]","B7 drawn width 200 mm, schedule width 200",V3b B0014 C-BEAM-GF: technical PARTIAL 21.414 m3,"[""BLOCKED_UNQUANTIFIED:6"", ""LOWER_BOUND:3"", ""NOT_APPLICABLE:10""]",S6.1 (LOWER_BOUND; D1.1 corrections),NONE (stays with the existing stage),,PROJECT_SOURCE (plan band + tag + schedule),,,COUNTED_OWNED,S6 SUPERSTRUCTURE_BEAM_OCCURRENCES
BM-GF_ROOF-B8-BL031-472,ELEMENT,,BEAM (SIMPLE_BEAM),GF_ROOF,4-6 (plans); 10-12 (schedules),"[""BD045""]","B8 drawn width 200 mm, schedule width 200",V3b B0014 C-BEAM-GF: technical PARTIAL 21.414 m3,"[""BLOCKED_UNQUANTIFIED:6"", ""LOWER_BOUND:3"", ""NOT_APPLICABLE:10""]",S6.1 (LOWER_BOUND; D1.1 corrections),NONE (stays with the existing stage),,PROJECT_SOURCE (plan band + tag + schedule),,,COUNTED_OWNED,S6 SUPERSTRUCTURE_BEAM_OCCURRENCES
BM-GF_ROOF-B9-BL011-5BD,ELEMENT,,BEAM (SIMPLE_BEAM),GF_ROOF,4-6 (plans); 10-12 (schedules),"[""BD006""]","B9 drawn width 200 mm, schedule width 200",V3b B0014 C-BEAM-GF: technical PARTIAL 21.414 m3,"[""BLOCKED_UNQUANTIFIED:6"", ""LOWER_BOUND:3"", ""NOT_APPLICABLE:10""]",S6.1 (LOWER_BOUND; D1.1 corrections),NONE (stays with the existing stage),,PROJECT_SOURCE (plan band + tag + schedule),,,COUNTED_OWNED,S6 SUPERSTRUCTURE_BEAM_OCCURRENCES
BM-GF_ROOF-CA-BL015-69E,ELEMENT,,CANTILEVER_BEAM (CA),GF_ROOF,4-6 (plans); 10-12 (schedules),"[""BL015""]","CA drawn width 300 mm, schedule width 300","V3b B0015 C-BEAM-GF-RES: technical BLOCKED (commercial BUDGET_ESTIMATE 6.2801 m3, not technical)","[""BLOCKED_UNQUANTIFIED:8"", ""NOT_APPLICABLE:11""]",S6.1 (BLOCKED; D1.1 corrections),NONE (stays with the existing stage),,PROJECT_SOURCE (plan band + tag + schedule),,,COUNTED_OWNED,S6 SUPERSTRUCTURE_BEAM_OCCURRENCES
CBO-FFRS-CB10-BL001,ELEMENT,,BEAM (CONTINUOUS_BEAM),1F_ROOF,4-6 (plans); 10-12 (schedules),"[""BD002""]","CB10 drawn width [200.0, 200.0] mm, schedule width 250","V3b B0022 C-BEAM-1F-RES: technical BLOCKED (commercial BUDGET_ESTIMATE 1.6694 m3, not technical)","[""BLOCKED_UNQUANTIFIED:15"", ""NOT_APPLICABLE:8""]",S6.1 (BLOCKED; D1.1 corrections),NONE (stays with the existing stage),,PROJECT_SOURCE (plan band + tag + schedule),a span is BOUND_SOURCE_CONFLICT (717 CB10: drawn width conflicts with the schedule width; 718 CB10: drawn width conflicts with the schedule width),,COUNTED_OWNED,S6 SUPERSTRUCTURE_BEAM_OCCURRENCES
CBO-FFRS-CB11-BL024,ELEMENT,,BEAM (CONTINUOUS_BEAM),1F_ROOF,4-6 (plans); 10-12 (schedules),"[""BD004""]","CB11 drawn width [300.0, 300.0, 300.0] mm, schedule width 300",V3b B0021 C-BEAM-1F: technical PARTIAL 13.523 m3,"[""BLOCKED_UNQUANTIFIED:13"", ""LOWER_BOUND:8"", ""NOT_APPLICABLE:7""]",S6.1 (LOWER_BOUND; D1.1 corrections),NONE (stays with the existing stage),,PROJECT_SOURCE (plan band + tag + schedule),,,COUNTED_OWNED,S6 SUPERSTRUCTURE_BEAM_OCCURRENCES
CBO-FFRS-CB12-BL003,ELEMENT,,BEAM (CONTINUOUS_BEAM),1F_ROOF,4-6 (plans); 10-12 (schedules),"[""BD007""]","CB12 drawn width [250.0, 250.0] mm, schedule width 250",V3b B0021 C-BEAM-1F: technical PARTIAL 13.523 m3,"[""BLOCKED_UNQUANTIFIED:11"", ""LOWER_BOUND:5"", ""NOT_APPLICABLE:7""]",S6.1 (LOWER_BOUND; D1.1 corrections),NONE (stays with the existing stage),,PROJECT_SOURCE (plan band + tag + schedule),,,COUNTED_OWNED,S6 SUPERSTRUCTURE_BEAM_OCCURRENCES
CBO-FFRS-CB13-BL004,ELEMENT,,BEAM (CONTINUOUS_BEAM),1F_ROOF,4-6 (plans); 10-12 (schedules),"[""BD006""]","CB13 drawn width [300.0, 300.0] mm, schedule width 300",V3b B0021 C-BEAM-1F: technical PARTIAL 13.523 m3,"[""BLOCKED_UNQUANTIFIED:14"", ""LOWER_BOUND:1"", ""NOT_APPLICABLE:8""]",S6.1 (LOWER_BOUND; D1.1 corrections),NONE (stays with the existing stage),,PROJECT_SOURCE (plan band + tag + schedule),,,COUNTED_OWNED,S6 SUPERSTRUCTURE_BEAM_OCCURRENCES
CBO-FFRS-CB9-BL023,ELEMENT,,BEAM (CONTINUOUS_BEAM),1F_ROOF,4-6 (plans); 10-12 (schedules),"[""BD040""]","CB9 drawn width [200.0, 200.0, 200.0] mm, schedule width 200",V3b B0021 C-BEAM-1F: technical PARTIAL 13.523 m3,"[""BLOCKED_UNQUANTIFIED:12"", ""LOWER_BOUND:8"", ""NOT_APPLICABLE:8""]",S6.1 (LOWER_BOUND; D1.1 corrections),NONE (stays with the existing stage),,PROJECT_SOURCE (plan band + tag + schedule),,,COUNTED_OWNED,S6 SUPERSTRUCTURE_BEAM_OCCURRENCES
CBO-GFRS-CB1-BL007,ELEMENT,,BEAM (CONTINUOUS_BEAM),GF_ROOF,4-6 (plans); 10-12 (schedules),"[""BD001""]","CB1 drawn width [350.0, 350.0] mm, schedule width 350",V3b B0014 C-BEAM-GF: technical PARTIAL 21.414 m3,"[""BLOCKED_UNQUANTIFIED:11"", ""LOWER_BOUND:5"", ""NOT_APPLICABLE:7""]",S6.1 (LOWER_BOUND; D1.1 corrections),NONE (stays with the existing stage),,PROJECT_SOURCE (plan band + tag + schedule),,,COUNTED_OWNED,S6 SUPERSTRUCTURE_BEAM_OCCURRENCES
CBO-GFRS-CB2-BL038,ELEMENT,,BEAM (CONTINUOUS_BEAM),GF_ROOF,4-6 (plans); 10-12 (schedules),"[""BD056""]","CB2 drawn width [250.0, 250.0] mm, schedule width 200","V3b B0015 C-BEAM-GF-RES: technical BLOCKED (commercial BUDGET_ESTIMATE 6.2801 m3, not technical)","[""BLOCKED_UNQUANTIFIED:15"", ""NOT_APPLICABLE:8""]",S6.1 (BLOCKED; D1.1 corrections),NONE (stays with the existing stage),,PROJECT_SOURCE (plan band + tag + schedule),"a span is BOUND_SOURCE_CONFLICT (42A CB2: drawn width conflicts with the schedule width; 42B CB2: drawn width conflicts with the schedule width); both reading directions match the schedule (mapping undecided); released only where candidate-invariant: ['CONTINUOUS_TOP', 'SUPPORT_TOP']",,COUNTED_OWNED,S6 SUPERSTRUCTURE_BEAM_OCCURRENCES
CBO-GFRS-CB3-BL022,ELEMENT,,BEAM (CONTINUOUS_BEAM),GF_ROOF,4-6 (plans); 10-12 (schedules),"[""BD013"", ""BD014"", ""BD015""]","CB3 drawn width [200.0, 200.0, 200.0] mm, schedule width 200","V3b B0015 C-BEAM-GF-RES: technical BLOCKED (commercial BUDGET_ESTIMATE 6.2801 m3, not technical)","[""BLOCKED_UNQUANTIFIED:20"", ""NOT_APPLICABLE:7""]",S6.1 (BLOCKED; D1.1 corrections),NONE (stays with the existing stage),,PROJECT_SOURCE (plan band + tag + schedule),"a span is BOUND_SOURCE_CONFLICT (two marks claim the same physical span: ['B3', 'CB3'])",,COUNTED_OWNED,S6 SUPERSTRUCTURE_BEAM_OCCURRENCES
CBO-GFRS-CB4-BL016,ELEMENT,,BEAM (CONTINUOUS_BEAM),GF_ROOF,4-6 (plans); 10-12 (schedules),"[""BD018"", ""BD039""]","CB4 drawn width [200.0, 200.0] mm, schedule width 200","V3b B0015 C-BEAM-GF-RES: technical BLOCKED (commercial BUDGET_ESTIMATE 6.2801 m3, not technical)","[""BLOCKED_UNQUANTIFIED:15"", ""NOT_APPLICABLE:8""]",S6.1 (BLOCKED; D1.1 corrections),NONE (stays with the existing stage),,PROJECT_SOURCE (plan band + tag + schedule),"plan c/c [np.float64(2.724), np.float64(3.75)] vs schedule [3.3, 3.7] (both kept)",,COUNTED_OWNED,S6 SUPERSTRUCTURE_BEAM_OCCURRENCES
CBO-GFRS-CB5-BL008,ELEMENT,,BEAM (CONTINUOUS_BEAM),GF_ROOF,4-6 (plans); 10-12 (schedules),"[""BD009""]","CB5 drawn width [200.0, 200.0] mm, schedule width 200","V3b B0015 C-BEAM-GF-RES: technical BLOCKED (commercial BUDGET_ESTIMATE 6.2801 m3, not technical)","[""BLOCKED_UNQUANTIFIED:15"", ""NOT_APPLICABLE:8""]",S6.1 (BLOCKED; D1.1 corrections),NONE (stays with the existing stage),,PROJECT_SOURCE (plan band + tag + schedule),"plan c/c [np.float64(2.85), np.float64(4.2)] vs schedule [2.5, 4.5] (both kept); a span binding is a candidate; a span binding is a candidate",,COUNTED_OWNED,S6 SUPERSTRUCTURE_BEAM_OCCURRENCES
CBO-GFRS-CB6-BL004,ELEMENT,,BEAM (CONTINUOUS_BEAM),GF_ROOF,4-6 (plans); 10-12 (schedules),"[""BD020""]","CB6 drawn width [200.0, 200.0] mm, schedule width 200",V3b B0014 C-BEAM-GF: technical PARTIAL 21.414 m3,"[""BLOCKED_UNQUANTIFIED:11"", ""LOWER_BOUND:5"", ""NOT_APPLICABLE:7""]",S6.1 (LOWER_BOUND; D1.1 corrections),NONE (stays with the existing stage),,PROJECT_SOURCE (plan band + tag + schedule),,,COUNTED_OWNED,S6 SUPERSTRUCTURE_BEAM_OCCURRENCES
CBO-GFRS-CB7-BL003,ELEMENT,,BEAM (CONTINUOUS_BEAM),GF_ROOF,4-6 (plans); 10-12 (schedules),"[""BD002""]","CB7 drawn width [200.0, 200.0] mm, schedule width 200",V3b B0014 C-BEAM-GF: technical PARTIAL 21.414 m3,"[""BLOCKED_UNQUANTIFIED:13"", ""LOWER_BOUND:3"", ""NOT_APPLICABLE:7""]",S6.1 (LOWER_BOUND; D1.1 corrections),NONE (stays with the existing stage),,PROJECT_SOURCE (plan band + tag + schedule),,,COUNTED_OWNED,S6 SUPERSTRUCTURE_BEAM_OCCURRENCES
CBO-GFRS-CB8-BL024,ELEMENT,,BEAM (CONTINUOUS_BEAM),GF_ROOF,4-6 (plans); 10-12 (schedules),"[""BD004"", ""BD005""]","CB8 drawn width [300.0, 300.0] mm, schedule width 300","V3b B0015 C-BEAM-GF-RES: technical BLOCKED (commercial BUDGET_ESTIMATE 6.2801 m3, not technical)","[""BLOCKED_UNQUANTIFIED:14"", ""NOT_APPLICABLE:7""]",S6.1 (BLOCKED; D1.1 corrections),NONE (stays with the existing stage),,PROJECT_SOURCE (plan band + tag + schedule),"2 bound spans vs 3 schedule spans; frame has 3 spans, plan has 2: no bar run",,COUNTED_OWNED,S6 SUPERSTRUCTURE_BEAM_OCCURRENCES
ARC:FFRS:BA003,ELEMENT,,"DOME_RING_BEAM (S1 DOME_RING arc, untagged in S6)",1F_ROOF,4-6 (plans); 10-12 (schedules),,"untagged drawn width  mm, schedule width ?","V3b B0033 C-DOME-RING-12EB: technical BLOCKED (commercial PROVISIONAL_SOURCE_DERIVED 1.989 m3, not technical); V3b B0037 C-DOME-RING-2F33: technical BLOCKED (commercial PROVISIONAL_SOURCE_DERIVED 1.989 m3, not technical)",[],S6.1 (BLOCKED_TYPE; D1.1 corrections),S8 DOME (ring beam per DETAIL OF DOME) - ownership transfer from S6 required,COMPONENT_OF_OWNED_ELEMENT,PROJECT_GEOMETRY (band without tag),"no tag binds this geometry: type, schedule row and reinforcement unknown (never assigned from nearby marks); no tag binds this span (S1 family DOME_RING); no tag binds this span (R6)","S6 untagged beam vs DETAIL OF DOME ring beam (same object, two potential owners)",COUNTED_OWNED_TRANSFER_PENDING,S6 SUPERSTRUCTURE_BEAM_OCCURRENCES
ARC:FFRS:BA004,ELEMENT,,"DOME_RING_BEAM (S1 DOME_RING arc, untagged in S6)",1F_ROOF,4-6 (plans); 10-12 (schedules),,"untagged drawn width  mm, schedule width ?","V3b B0033 C-DOME-RING-12EB: technical BLOCKED (commercial PROVISIONAL_SOURCE_DERIVED 1.989 m3, not technical); V3b B0037 C-DOME-RING-2F33: technical BLOCKED (commercial PROVISIONAL_SOURCE_DERIVED 1.989 m3, not technical)",[],S6.1 (BLOCKED_TYPE; D1.1 corrections),S8 DOME (ring beam per DETAIL OF DOME) - ownership transfer from S6 required,COMPONENT_OF_OWNED_ELEMENT,PROJECT_GEOMETRY (band without tag),"no tag binds this geometry: type, schedule row and reinforcement unknown (never assigned from nearby marks); no tag binds this span (S1 family DOME_RING); no tag binds this span (R6)","S6 untagged beam vs DETAIL OF DOME ring beam (same object, two potential owners)",COUNTED_OWNED_TRANSFER_PENDING,S6 SUPERSTRUCTURE_BEAM_OCCURRENCES
ARC:FFRS:BA005,ELEMENT,,"DOME_RING_BEAM (S1 DOME_RING arc, untagged in S6)",1F_ROOF,4-6 (plans); 10-12 (schedules),,"untagged drawn width  mm, schedule width ?","V3b B0033 C-DOME-RING-12EB: technical BLOCKED (commercial PROVISIONAL_SOURCE_DERIVED 1.989 m3, not technical); V3b B0037 C-DOME-RING-2F33: technical BLOCKED (commercial PROVISIONAL_SOURCE_DERIVED 1.989 m3, not technical)",[],S6.1 (BLOCKED_TYPE; D1.1 corrections),S8 DOME (ring beam per DETAIL OF DOME) - ownership transfer from S6 required,COMPONENT_OF_OWNED_ELEMENT,PROJECT_GEOMETRY (band without tag),"no tag binds this geometry: type, schedule row and reinforcement unknown (never assigned from nearby marks); no tag binds this span (S1 family DOME_RING); no tag binds this span (R6)","S6 untagged beam vs DETAIL OF DOME ring beam (same object, two potential owners)",COUNTED_OWNED_TRANSFER_PENDING,S6 SUPERSTRUCTURE_BEAM_OCCURRENCES
ARC:FFRS:BA006,ELEMENT,,"DOME_RING_BEAM (S1 DOME_RING arc, untagged in S6)",1F_ROOF,4-6 (plans); 10-12 (schedules),,"untagged drawn width  mm, schedule width ?","V3b B0033 C-DOME-RING-12EB: technical BLOCKED (commercial PROVISIONAL_SOURCE_DERIVED 1.989 m3, not technical); V3b B0037 C-DOME-RING-2F33: technical BLOCKED (commercial PROVISIONAL_SOURCE_DERIVED 1.989 m3, not technical)",[],S6.1 (BLOCKED_TYPE; D1.1 corrections),S8 DOME (ring beam per DETAIL OF DOME) - ownership transfer from S6 required,COMPONENT_OF_OWNED_ELEMENT,PROJECT_GEOMETRY (band without tag),"no tag binds this geometry: type, schedule row and reinforcement unknown (never assigned from nearby marks); no tag binds this span (S1 family DOME_RING); no tag binds this span (R6)","S6 untagged beam vs DETAIL OF DOME ring beam (same object, two potential owners)",COUNTED_OWNED_TRANSFER_PENDING,S6 SUPERSTRUCTURE_BEAM_OCCURRENCES
ARC:FFRS:BA007,ELEMENT,,"DOME_RING_BEAM (S1 DOME_RING arc, untagged in S6)",1F_ROOF,4-6 (plans); 10-12 (schedules),,"untagged drawn width  mm, schedule width ?","V3b B0033 C-DOME-RING-12EB: technical BLOCKED (commercial PROVISIONAL_SOURCE_DERIVED 1.989 m3, not technical); V3b B0037 C-DOME-RING-2F33: technical BLOCKED (commercial PROVISIONAL_SOURCE_DERIVED 1.989 m3, not technical)",[],S6.1 (BLOCKED_TYPE; D1.1 corrections),S8 DOME (ring beam per DETAIL OF DOME) - ownership transfer from S6 required,COMPONENT_OF_OWNED_ELEMENT,PROJECT_GEOMETRY (band without tag),"no tag binds this geometry: type, schedule row and reinforcement unknown (never assigned from nearby marks); no tag binds this span (S1 family DOME_RING); no tag binds this span (R6)","S6 untagged beam vs DETAIL OF DOME ring beam (same object, two potential owners)",COUNTED_OWNED_TRANSFER_PENDING,S6 SUPERSTRUCTURE_BEAM_OCCURRENCES
ARC:FFRS:BA008,ELEMENT,,"DOME_RING_BEAM (S1 DOME_RING arc, untagged in S6)",1F_ROOF,4-6 (plans); 10-12 (schedules),,"untagged drawn width  mm, schedule width ?","V3b B0033 C-DOME-RING-12EB: technical BLOCKED (commercial PROVISIONAL_SOURCE_DERIVED 1.989 m3, not technical); V3b B0037 C-DOME-RING-2F33: technical BLOCKED (commercial PROVISIONAL_SOURCE_DERIVED 1.989 m3, not technical)",[],S6.1 (BLOCKED_TYPE; D1.1 corrections),S8 DOME (ring beam per DETAIL OF DOME) - ownership transfer from S6 required,COMPONENT_OF_OWNED_ELEMENT,PROJECT_GEOMETRY (band without tag),"no tag binds this geometry: type, schedule row and reinforcement unknown (never assigned from nearby marks); no tag binds this span (S1 family DOME_RING); no tag binds this span (R6)","S6 untagged beam vs DETAIL OF DOME ring beam (same object, two potential owners)",COUNTED_OWNED_TRANSFER_PENDING,S6 SUPERSTRUCTURE_BEAM_OCCURRENCES
SPAN:FFRS:BL002:8912-14499,ELEMENT,,BEAM (UNTAGGED_GEOMETRY),1F_ROOF,4-6 (plans); 10-12 (schedules),,"untagged drawn width  mm, schedule width ?","V3b B0022 C-BEAM-1F-RES: technical BLOCKED (commercial BUDGET_ESTIMATE 1.6694 m3, not technical)",[],S6.1 (BLOCKED_TYPE; D1.1 corrections),NONE (stays with the existing stage),,PROJECT_GEOMETRY (band without tag),"no tag binds this geometry: type, schedule row and reinforcement unknown (never assigned from nearby marks); no tag binds this span (S1 family OTHER); no tag binds this span (R6)",,COUNTED_OWNED,S6 SUPERSTRUCTURE_BEAM_OCCURRENCES
SPAN:FFRS:BL005:11912-16087,ELEMENT,,BEAM (UNTAGGED_GEOMETRY),1F_ROOF,4-6 (plans); 10-12 (schedules),,"untagged drawn width  mm, schedule width ?","V3b B0022 C-BEAM-1F-RES: technical BLOCKED (commercial BUDGET_ESTIMATE 1.6694 m3, not technical)",[],S6.1 (BLOCKED_TYPE; D1.1 corrections),NONE (stays with the existing stage),,PROJECT_GEOMETRY (band without tag),"no tag binds this geometry: type, schedule row and reinforcement unknown (never assigned from nearby marks); no tag binds this span (S1 family OTHER); no tag binds this span (R6)",,COUNTED_OWNED,S6 SUPERSTRUCTURE_BEAM_OCCURRENCES
SPAN:FFRS:BL005:9062-11912,ELEMENT,,BEAM (UNTAGGED_GEOMETRY),1F_ROOF,4-6 (plans); 10-12 (schedules),,"untagged drawn width  mm, schedule width ?","V3b B0022 C-BEAM-1F-RES: technical BLOCKED (commercial BUDGET_ESTIMATE 1.6694 m3, not technical)",[],S6.1 (BLOCKED_TYPE; D1.1 corrections),NONE (stays with the existing stage),,PROJECT_GEOMETRY (band without tag),"no tag binds this geometry: type, schedule row and reinforcement unknown (never assigned from nearby marks); no tag binds this span (S1 family OTHER); no tag binds this span (R6)",,COUNTED_OWNED,S6 SUPERSTRUCTURE_BEAM_OCCURRENCES
SPAN:FFRS:BL008:14062-15912,ELEMENT,,BEAM (UNTAGGED_GEOMETRY),1F_ROOF,4-6 (plans); 10-12 (schedules),,"untagged drawn width  mm, schedule width ?","V3b B0022 C-BEAM-1F-RES: technical BLOCKED (commercial BUDGET_ESTIMATE 1.6694 m3, not technical)",[],S6.1 (BLOCKED_TYPE; D1.1 corrections),NONE (stays with the existing stage),,PROJECT_GEOMETRY (band without tag),"no tag binds this geometry: type, schedule row and reinforcement unknown (never assigned from nearby marks); no tag binds this span; the member line carries ['B18'] on other spans (continuity candidate, never bound); no tag binds this span; the member line carries ['B18'] on other spans (continuity candidate, never bound) (R6)",,COUNTED_OWNED,S6 SUPERSTRUCTURE_BEAM_OCCURRENCES
SPAN:FFRS:BL009:12388-15888,ELEMENT,,BEAM (UNTAGGED_GEOMETRY),1F_ROOF,4-6 (plans); 10-12 (schedules),,"untagged drawn width  mm, schedule width ?","V3b B0022 C-BEAM-1F-RES: technical BLOCKED (commercial BUDGET_ESTIMATE 1.6694 m3, not technical)",[],S6.1 (BLOCKED_TYPE; D1.1 corrections),NONE (stays with the existing stage),,PROJECT_GEOMETRY (band without tag),"no tag binds this geometry: type, schedule row and reinforcement unknown (never assigned from nearby marks); no tag binds this span; the member line carries ['B23'] on other spans (continuity candidate, never bound); no tag binds this span; the member line carries ['B23'] on other spans (continuity candidate, never bound) (R6)",,COUNTED_OWNED,S6 SUPERSTRUCTURE_BEAM_OCCURRENCES
SPAN:FFRS:BL010:12388-15888,ELEMENT,,BEAM (UNTAGGED_GEOMETRY),1F_ROOF,4-6 (plans); 10-12 (schedules),,"untagged drawn width  mm, schedule width ?","V3b B0022 C-BEAM-1F-RES: technical BLOCKED (commercial BUDGET_ESTIMATE 1.6694 m3, not technical)",[],S6.1 (BLOCKED_TYPE; D1.1 corrections),NONE (stays with the existing stage),,PROJECT_GEOMETRY (band without tag),"no tag binds this geometry: type, schedule row and reinforcement unknown (never assigned from nearby marks); no tag binds this span (S1 family OTHER); no tag binds this span (R6)",,COUNTED_OWNED,S6 SUPERSTRUCTURE_BEAM_OCCURRENCES
SPAN:FFRS:BL010:15888-16957,ELEMENT,,BEAM (UNTAGGED_GEOMETRY),1F_ROOF,4-6 (plans); 10-12 (schedules),,"untagged drawn width  mm, schedule width ?","V3b B0022 C-BEAM-1F-RES: technical BLOCKED (commercial BUDGET_ESTIMATE 1.6694 m3, not technical)",[],S6.1 (BLOCKED_TYPE; D1.1 corrections),NONE (stays with the existing stage),,PROJECT_GEOMETRY (band without tag),"no tag binds this geometry: type, schedule row and reinforcement unknown (never assigned from nearby marks); no tag binds this span (S1 family OTHER); no tag binds this span (R6)",,COUNTED_OWNED,S6 SUPERSTRUCTURE_BEAM_OCCURRENCES
SPAN:FFRS:BL018:16004-20492,ELEMENT,,BEAM (UNTAGGED_GEOMETRY),1F_ROOF,4-6 (plans); 10-12 (schedules),,"untagged drawn width  mm, schedule width ?","V3b B0022 C-BEAM-1F-RES: technical BLOCKED (commercial BUDGET_ESTIMATE 1.6694 m3, not technical)",[],S6.1 (BLOCKED_TYPE; D1.1 corrections),NONE (stays with the existing stage),,PROJECT_GEOMETRY (band without tag),"no tag binds this geometry: type, schedule row and reinforcement unknown (never assigned from nearby marks); no tag binds this span (S1 family OTHER); no tag binds this span (R6)",,COUNTED_OWNED,S6 SUPERSTRUCTURE_BEAM_OCCURRENCES
SPAN:FFRS:BL019:16087-17362,ELEMENT,,BEAM (UNTAGGED_GEOMETRY),1F_ROOF,4-6 (plans); 10-12 (schedules),,"untagged drawn width  mm, schedule width ?","V3b B0022 C-BEAM-1F-RES: technical BLOCKED (commercial BUDGET_ESTIMATE 1.6694 m3, not technical)",[],S6.1 (BLOCKED_TYPE; D1.1 corrections),NONE (stays with the existing stage),,PROJECT_GEOMETRY (band without tag),"no tag binds this geometry: type, schedule row and reinforcement unknown (never assigned from nearby marks); no tag binds this span; the member line carries ['B2'] on other spans (continuity candidate, never bound); no tag binds this span; the member line carries ['B2'] on other spans (continuity candidate, never bound) (R6)",,COUNTED_OWNED,S6 SUPERSTRUCTURE_BEAM_OCCURRENCES
SPAN:FFRS:BL020:16087-17362,ELEMENT,,BEAM (UNTAGGED_GEOMETRY),1F_ROOF,4-6 (plans); 10-12 (schedules),,"untagged drawn width  mm, schedule width ?","V3b B0022 C-BEAM-1F-RES: technical BLOCKED (commercial BUDGET_ESTIMATE 1.6694 m3, not technical)",[],S6.1 (BLOCKED_TYPE; D1.1 corrections),NONE (stays with the existing stage),,PROJECT_GEOMETRY (band without tag),"no tag binds this geometry: type, schedule row and reinforcement unknown (never assigned from nearby marks); no tag binds this span (S1 family OTHER); no tag binds this span (R6)",,COUNTED_OWNED,S6 SUPERSTRUCTURE_BEAM_OCCURRENCES
SPAN:FFRS:BL021:16482-20442,ELEMENT,,BEAM (UNTAGGED_GEOMETRY),1F_ROOF,4-6 (plans); 10-12 (schedules),,"untagged drawn width  mm, schedule width ?","V3b B0022 C-BEAM-1F-RES: technical BLOCKED (commercial BUDGET_ESTIMATE 1.6694 m3, not technical)",[],S6.1 (BLOCKED_TYPE; D1.1 corrections),NONE (stays with the existing stage),,PROJECT_GEOMETRY (band without tag),"no tag binds this geometry: type, schedule row and reinforcement unknown (never assigned from nearby marks); no tag binds this span (S1 family OTHER); no tag binds this span (R6)",,COUNTED_OWNED,S6 SUPERSTRUCTURE_BEAM_OCCURRENCES
SPAN:FFRS:BL029:26630-29105,ELEMENT,,BEAM (UNTAGGED_GEOMETRY),1F_ROOF,4-6 (plans); 10-12 (schedules),,"untagged drawn width  mm, schedule width ?","V3b B0022 C-BEAM-1F-RES: technical BLOCKED (commercial BUDGET_ESTIMATE 1.6694 m3, not technical)",[],S6.1 (BLOCKED_TYPE; D1.1 corrections),NONE (stays with the existing stage),,PROJECT_GEOMETRY (band without tag),"no tag binds this geometry: type, schedule row and reinforcement unknown (never assigned from nearby marks); no tag binds this span; the member line carries ['B19'] on other spans (continuity candidate, never bound); no tag binds this span; the member line carries ['B19'] on other spans (continuity candidate, never bound) (R6)",,COUNTED_OWNED,S6 SUPERSTRUCTURE_BEAM_OCCURRENCES
SPAN:FFRS:BL033:30758-31508,ELEMENT,,BEAM (UNTAGGED_GEOMETRY),1F_ROOF,4-6 (plans); 10-12 (schedules),,"untagged drawn width  mm, schedule width ?","V3b B0022 C-BEAM-1F-RES: technical BLOCKED (commercial BUDGET_ESTIMATE 1.6694 m3, not technical)",[],S6.1 (BLOCKED_TYPE; D1.1 corrections),NONE (stays with the existing stage),,PROJECT_GEOMETRY (band without tag),"no tag binds this geometry: type, schedule row and reinforcement unknown (never assigned from nearby marks); no tag binds this span (S1 family OTHER); no tag binds this span (R6)",,COUNTED_OWNED,S6 SUPERSTRUCTURE_BEAM_OCCURRENCES
SPAN:GFRS:BL002:2844-4653,ELEMENT,,BEAM (UNTAGGED_GEOMETRY),GF_ROOF,4-6 (plans); 10-12 (schedules),,"untagged drawn width  mm, schedule width ?","V3b B0015 C-BEAM-GF-RES: technical BLOCKED (commercial BUDGET_ESTIMATE 6.2801 m3, not technical)",[],S6.1 (BLOCKED_TYPE; D1.1 corrections),NONE (stays with the existing stage),,PROJECT_GEOMETRY (band without tag),"no tag binds this geometry: type, schedule row and reinforcement unknown (never assigned from nearby marks); no tag binds this span; the member line carries ['B27'] on other spans (continuity candidate, never bound); no tag binds this span; the member line carries ['B27'] on other spans (continuity candidate, never bound) (R6)",,COUNTED_OWNED,S6 SUPERSTRUCTURE_BEAM_OCCURRENCES
SPAN:GFRS:BL010:12087-12712,ELEMENT,,BEAM (UNTAGGED_GEOMETRY),GF_ROOF,4-6 (plans); 10-12 (schedules),,"untagged drawn width  mm, schedule width ?","V3b B0015 C-BEAM-GF-RES: technical BLOCKED (commercial BUDGET_ESTIMATE 6.2801 m3, not technical)",[],S6.1 (BLOCKED_TYPE; D1.1 corrections),NONE (stays with the existing stage),,PROJECT_GEOMETRY (band without tag),"no tag binds this geometry: type, schedule row and reinforcement unknown (never assigned from nearby marks); no tag binds this span; the member line carries ['B4'] on other spans (continuity candidate, never bound); no tag binds this span; the member line carries ['B4'] on other spans (continuity candidate, never bound) (R6)",,COUNTED_OWNED,S6 SUPERSTRUCTURE_BEAM_OCCURRENCES
SPAN:GFRS:BL013:7462-8912,ELEMENT,,BEAM (UNTAGGED_GEOMETRY),GF_ROOF,4-6 (plans); 10-12 (schedules),,"untagged drawn width  mm, schedule width ?","V3b B0015 C-BEAM-GF-RES: technical BLOCKED (commercial BUDGET_ESTIMATE 6.2801 m3, not technical)",[],S6.1 (BLOCKED_TYPE; D1.1 corrections),NONE (stays with the existing stage),,PROJECT_GEOMETRY (band without tag),"no tag binds this geometry: type, schedule row and reinforcement unknown (never assigned from nearby marks); no tag binds this span; the member line carries ['B22'] on other spans (continuity candidate, never bound); no tag binds this span; the member line carries ['B22'] on other spans (continuity candidate, never bound) (R6)",,COUNTED_OWNED,S6 SUPERSTRUCTURE_BEAM_OCCURRENCES
SPAN:GFRS:BL017:11912-16112,ELEMENT,,BEAM (UNTAGGED_GEOMETRY),GF_ROOF,4-6 (plans); 10-12 (schedules),,"untagged drawn width  mm, schedule width ?","V3b B0015 C-BEAM-GF-RES: technical BLOCKED (commercial BUDGET_ESTIMATE 6.2801 m3, not technical)",[],S6.1 (BLOCKED_TYPE; D1.1 corrections),NONE (stays with the existing stage),,PROJECT_GEOMETRY (band without tag),"no tag binds this geometry: type, schedule row and reinforcement unknown (never assigned from nearby marks); no tag binds this span (S1 family CB); no tag binds this span (R6)",,COUNTED_OWNED,S6 SUPERSTRUCTURE_BEAM_OCCURRENCES
SPAN:GFRS:BL020:12388-15888,ELEMENT,,BEAM (UNTAGGED_GEOMETRY),GF_ROOF,4-6 (plans); 10-12 (schedules),,"untagged drawn width  mm, schedule width ?","V3b B0015 C-BEAM-GF-RES: technical BLOCKED (commercial BUDGET_ESTIMATE 6.2801 m3, not technical)",[],S6.1 (BLOCKED_TYPE; D1.1 corrections),NONE (stays with the existing stage),,PROJECT_GEOMETRY (band without tag),"no tag binds this geometry: type, schedule row and reinforcement unknown (never assigned from nearby marks); no tag binds this span; the member line carries ['B20'] on other spans (continuity candidate, never bound); no tag binds this span; the member line carries ['B20'] on other spans (continuity candidate, never bound) (R6)",,COUNTED_OWNED,S6 SUPERSTRUCTURE_BEAM_OCCURRENCES
SPAN:GFRS:BL020:15888-16988,ELEMENT,,BEAM (UNTAGGED_GEOMETRY),GF_ROOF,4-6 (plans); 10-12 (schedules),,"untagged drawn width  mm, schedule width ?","V3b B0015 C-BEAM-GF-RES: technical BLOCKED (commercial BUDGET_ESTIMATE 6.2801 m3, not technical)",[],S6.1 (BLOCKED_TYPE; D1.1 corrections),NONE (stays with the existing stage),,PROJECT_GEOMETRY (band without tag),"no tag binds this geometry: type, schedule row and reinforcement unknown (never assigned from nearby marks); no tag binds this span; the member line carries ['B20'] on other spans (continuity candidate, never bound); no tag binds this span; the member line carries ['B20'] on other spans (continuity candidate, never bound) (R6)",,COUNTED_OWNED,S6 SUPERSTRUCTURE_BEAM_OCCURRENCES
SPAN:GFRS:BL021:12388-15888,ELEMENT,,BEAM (UNTAGGED_GEOMETRY),GF_ROOF,4-6 (plans); 10-12 (schedules),,"untagged drawn width  mm, schedule width ?","V3b B0015 C-BEAM-GF-RES: technical BLOCKED (commercial BUDGET_ESTIMATE 6.2801 m3, not technical)",[],S6.1 (BLOCKED_TYPE; D1.1 corrections),NONE (stays with the existing stage),,PROJECT_GEOMETRY (band without tag),"no tag binds this geometry: type, schedule row and reinforcement unknown (never assigned from nearby marks); no tag binds this span (S1 family OTHER); no tag binds this span (R6)",,COUNTED_OWNED,S6 SUPERSTRUCTURE_BEAM_OCCURRENCES
SPAN:GFRS:BL021:15888-16957,ELEMENT,,BEAM (UNTAGGED_GEOMETRY),GF_ROOF,4-6 (plans); 10-12 (schedules),,"untagged drawn width  mm, schedule width ?","V3b B0015 C-BEAM-GF-RES: technical BLOCKED (commercial BUDGET_ESTIMATE 6.2801 m3, not technical)",[],S6.1 (BLOCKED_TYPE; D1.1 corrections),NONE (stays with the existing stage),,PROJECT_GEOMETRY (band without tag),"no tag binds this geometry: type, schedule row and reinforcement unknown (never assigned from nearby marks); no tag binds this span (S1 family OTHER); no tag binds this span (R6)",,COUNTED_OWNED,S6 SUPERSTRUCTURE_BEAM_OCCURRENCES
SPAN:GFRS:BL023:18712-20687,ELEMENT,,BEAM (UNTAGGED_GEOMETRY),GF_ROOF,4-6 (plans); 10-12 (schedules),,"untagged drawn width  mm, schedule width ?","V3b B0015 C-BEAM-GF-RES: technical BLOCKED (commercial BUDGET_ESTIMATE 6.2801 m3, not technical)",[],S6.1 (BLOCKED_TYPE; D1.1 corrections),NONE (stays with the existing stage),,PROJECT_GEOMETRY (band without tag),"no tag binds this geometry: type, schedule row and reinforcement unknown (never assigned from nearby marks); no tag binds this span; the member line carries ['B1', 'B11'] on other spans (continuity candidate, never bound); no tag binds this span; the member line carries ['B1', 'B11'] on other spans (continuity candidate, never bound) (R6)",,COUNTED_OWNED,S6 SUPERSTRUCTURE_BEAM_OCCURRENCES
SPAN:GFRS:BL024:14088-17913,ELEMENT,,BEAM (UNTAGGED_GEOMETRY),GF_ROOF,4-6 (plans); 10-12 (schedules),,"untagged drawn width  mm, schedule width ?","V3b B0015 C-BEAM-GF-RES: technical BLOCKED (commercial BUDGET_ESTIMATE 6.2801 m3, not technical)",[],S6.1 (BLOCKED_TYPE; D1.1 corrections),NONE (stays with the existing stage),,PROJECT_GEOMETRY (band without tag),"no tag binds this geometry: type, schedule row and reinforcement unknown (never assigned from nearby marks); no tag binds this span; the member line carries ['CB8'] on other spans (continuity candidate, never bound); no tag binds this span; the member line carries ['CB8'] on other spans (continuity candidate, never bound) (R6)",,COUNTED_OWNED,S6 SUPERSTRUCTURE_BEAM_OCCURRENCES
SPAN:GFRS:BL029:16412-17362,ELEMENT,,BEAM (UNTAGGED_GEOMETRY),GF_ROOF,4-6 (plans); 10-12 (schedules),,"untagged drawn width  mm, schedule width ?","V3b B0015 C-BEAM-GF-RES: technical BLOCKED (commercial BUDGET_ESTIMATE 6.2801 m3, not technical)",[],S6.1 (BLOCKED_TYPE; D1.1 corrections),NONE (stays with the existing stage),,PROJECT_GEOMETRY (band without tag),"no tag binds this geometry: type, schedule row and reinforcement unknown (never assigned from nearby marks); no tag binds this span (S1 family OTHER); no tag binds this span (R6)",,COUNTED_OWNED,S6 SUPERSTRUCTURE_BEAM_OCCURRENCES
SPAN:GFRS:BL042:24521-26120,ELEMENT,,BEAM (UNTAGGED_GEOMETRY),GF_ROOF,4-6 (plans); 10-12 (schedules),,"untagged drawn width  mm, schedule width ?","V3b B0015 C-BEAM-GF-RES: technical BLOCKED (commercial BUDGET_ESTIMATE 6.2801 m3, not technical)",[],S6.1 (BLOCKED_TYPE; D1.1 corrections),NONE (stays with the existing stage),,PROJECT_GEOMETRY (band without tag),"no tag binds this geometry: type, schedule row and reinforcement unknown (never assigned from nearby marks); no tag binds this span; the member line carries ['B13'] on other spans (continuity candidate, never bound); no tag binds this span; the member line carries ['B13'] on other spans (continuity candidate, never bound) (R6)",,COUNTED_OWNED,S6 SUPERSTRUCTURE_BEAM_OCCURRENCES
SPAN:GFRS:BL043:31508-33083,ELEMENT,,BEAM (UNTAGGED_GEOMETRY),GF_ROOF,4-6 (plans); 10-12 (schedules),,"untagged drawn width  mm, schedule width ?","V3b B0015 C-BEAM-GF-RES: technical BLOCKED (commercial BUDGET_ESTIMATE 6.2801 m3, not technical)",[],S6.1 (BLOCKED_TYPE; D1.1 corrections),NONE (stays with the existing stage),,PROJECT_GEOMETRY (band without tag),"no tag binds this geometry: type, schedule row and reinforcement unknown (never assigned from nearby marks); no tag binds this span; the member line carries ['B24'] on other spans (continuity candidate, never bound); no tag binds this span; the member line carries ['B24'] on other spans (continuity candidate, never bound) (R6)",,COUNTED_OWNED,S6 SUPERSTRUCTURE_BEAM_OCCURRENCES
SPAN:SFRS:BL001:14112-15994,ELEMENT,,BEAM (UNTAGGED_GEOMETRY),2F_ROOF,4-6 (plans); 10-12 (schedules),,"untagged drawn width  mm, schedule width ?",V3b B0028 C-BEAM-2F: technical DERIVED 2.65 m3,[],S6.1 (BLOCKED_TYPE; D1.1 corrections),NONE (stays with the existing stage),,PROJECT_GEOMETRY (band without tag),"no tag binds this geometry: type, schedule row and reinforcement unknown (never assigned from nearby marks); no tag binds this span; the member line carries ['B7'] on other spans (continuity candidate, never bound); no tag binds this span; the member line carries ['B7'] on other spans (continuity candidate, never bound) (R6)",,COUNTED_OWNED,S6 SUPERSTRUCTURE_BEAM_OCCURRENCES
SPAN:SFRS:BL002:14112-15762,ELEMENT,,BEAM (UNTAGGED_GEOMETRY),2F_ROOF,4-6 (plans); 10-12 (schedules),,"untagged drawn width  mm, schedule width ?",V3b B0028 C-BEAM-2F: technical DERIVED 2.65 m3,[],S6.1 (BLOCKED_TYPE; D1.1 corrections),NONE (stays with the existing stage),,PROJECT_GEOMETRY (band without tag),"no tag binds this geometry: type, schedule row and reinforcement unknown (never assigned from nearby marks); no tag binds this span; the member line carries ['B1', 'B3'] on other spans (continuity candidate, never bound); no tag binds this span; the member line carries ['B1', 'B3'] on other spans (continuity candidate, never bound) (R6)",,COUNTED_OWNED,S6 SUPERSTRUCTURE_BEAM_OCCURRENCES
SPAN:SFRS:BL003:14112-15662,ELEMENT,,BEAM (UNTAGGED_GEOMETRY),2F_ROOF,4-6 (plans); 10-12 (schedules),,"untagged drawn width  mm, schedule width ?",V3b B0028 C-BEAM-2F: technical DERIVED 2.65 m3,[],S6.1 (BLOCKED_TYPE; D1.1 corrections),NONE (stays with the existing stage),,PROJECT_GEOMETRY (band without tag),"no tag binds this geometry: type, schedule row and reinforcement unknown (never assigned from nearby marks); no tag binds this span; the member line carries ['B1', 'B3'] on other spans (continuity candidate, never bound); no tag binds this span; the member line carries ['B1', 'B3'] on other spans (continuity candidate, never bound) (R6)",,COUNTED_OWNED,S6 SUPERSTRUCTURE_BEAM_OCCURRENCES
SPAN:SFRS:BL004:14112-17362,ELEMENT,,BEAM (UNTAGGED_GEOMETRY),2F_ROOF,4-6 (plans); 10-12 (schedules),,"untagged drawn width  mm, schedule width ?",V3b B0028 C-BEAM-2F: technical DERIVED 2.65 m3,[],S6.1 (BLOCKED_TYPE; D1.1 corrections),NONE (stays with the existing stage),,PROJECT_GEOMETRY (band without tag),"no tag binds this geometry: type, schedule row and reinforcement unknown (never assigned from nearby marks); no tag binds this span; the member line carries ['B15'] on other spans (continuity candidate, never bound); no tag binds this span; the member line carries ['B15'] on other spans (continuity candidate, never bound) (R6)",,COUNTED_OWNED,S6 SUPERSTRUCTURE_BEAM_OCCURRENCES
SPAN:SFRS:BL005:14112-17362,ELEMENT,,BEAM (UNTAGGED_GEOMETRY),2F_ROOF,4-6 (plans); 10-12 (schedules),,"untagged drawn width  mm, schedule width ?",V3b B0028 C-BEAM-2F: technical DERIVED 2.65 m3,[],S6.1 (BLOCKED_TYPE; D1.1 corrections),NONE (stays with the existing stage),,PROJECT_GEOMETRY (band without tag),"no tag binds this geometry: type, schedule row and reinforcement unknown (never assigned from nearby marks); no tag binds this span (S1 family OTHER); no tag binds this span (R6)",,COUNTED_OWNED,S6 SUPERSTRUCTURE_BEAM_OCCURRENCES
SPAN:SFRS:BL007:23558-24888,ELEMENT,,BEAM (UNTAGGED_GEOMETRY),2F_ROOF,4-6 (plans); 10-12 (schedules),,"untagged drawn width  mm, schedule width ?",V3b B0028 C-BEAM-2F: technical DERIVED 2.65 m3,[],S6.1 (BLOCKED_TYPE; D1.1 corrections),NONE (stays with the existing stage),,PROJECT_GEOMETRY (band without tag),"no tag binds this geometry: type, schedule row and reinforcement unknown (never assigned from nearby marks); no tag binds this span; the member line carries ['B3', 'B8'] on other spans (continuity candidate, never bound); no tag binds this span; the member line carries ['B3', 'B8'] on other spans (continuity candidate, never bound) (R6)",,COUNTED_OWNED,S6 SUPERSTRUCTURE_BEAM_OCCURRENCES
SP-GF_ROOF_SLAB-02,ELEMENT,,ELEVATED_SLAB,GF_ROOF_SLAB,4,"[""1|277"", ""1|2A9"", ""1|438"", ""1|46D""]","1.053 m2, t 160 mm (PROJECT_DEFAULT)",V3b B0016 C-SLAB-GF: technical DERIVED 44.286 m3; CR SLABS OFFICIAL,"{""blocked_categories"": ""[\""ANCHORAGE_END_COVER\"", \""SOURCE_CONFLICT_FAMILY\"", \""TEMPERATURE\"", \""TRANSITION_LAP_SPLICE\""]"", ""panel_owned_kg_S7"": ""3.048130498"", ""released_items"": ""2""}",S7 (bottom mesh + note-2 top over supports; PROJECT_BASIS_QTO),NONE (stays with the existing stage),,PROJECT_GEOMETRY (slab face) + plan bar tokens,,,COUNTED_OWNED,PRE-S7 01_SLAB_PANEL_CENSUS + S7 05_S7_PANEL_SUMMARY
SP-GF_ROOF_SLAB-03,FACE_OF_ELEMENT,SPC-STAIR-SP-GF_ROOF_SLAB-03,STAIR_AND_LANDING,GF_ROOF_SLAB,4,"[""1|279"", ""1|284"", ""1|296"", ""1|2C6"", ""S-COL.BON|32C"", ""S-COL.BON|32F"", ""S-COL.BON|341"", ""S-COL.BON|36B"", ""S-OPENING|256"", ""S-OPENING|25A"", ""S-OPENING|25F""]","10.415 m2, t ? mm (EXCLUDED_SPECIAL_STRUCTURE)","V3b B0031 C-STAIR: technical BLOCKED (commercial PROVISIONAL_CODE_METHOD 5.2312 m3, not technical)","{""blocked_categories"": ""[]"", ""panel_owned_kg_S7"": """", ""released_items"": ""0""}",none - S7 EXCLUDED_SPECIAL_STRUCTURE,S8 STAIR_AND_LANDING,WHOLE_ELEMENT,PROJECT_GEOMETRY (slab face) + plan bar tokens,special-structure evidence: goes to the special-structures round,,COUNTED_S8_CANDIDATE,PRE-S7 01_SLAB_PANEL_CENSUS + S7 05_S7_PANEL_SUMMARY
SP-GF_ROOF_SLAB-04,ELEMENT,,SUNKEN_SLAB,GF_ROOF_SLAB,4,"[""1|278"", ""1|27A"", ""1|28E"", ""1|28F""]","2.572 m2, t 160 mm (PROJECT_DEFAULT)",V3b B0016 C-SLAB-GF: technical DERIVED 44.286 m3; CR SLABS OFFICIAL,"{""blocked_categories"": ""[\""ANCHORAGE_END_COVER\"", \""SUNKEN_EXTRA\"", \""SUNKEN_LEVEL_CHANGE_CONTINUITY\"", \""TEMPERATURE\""]"", ""panel_owned_kg_S7"": ""14.390914352"", ""released_items"": ""4""}",S7 (bottom mesh + note-2 top over supports; PROJECT_BASIS_QTO),S8 sunken step / edge extras / level-change detail (base mesh stays with S7),COMPONENT_OF_OWNED_ELEMENT,PROJECT_GEOMETRY (slab face) + plan bar tokens,,,COUNTED_OWNED,PRE-S7 01_SLAB_PANEL_CENSUS + S7 05_S7_PANEL_SUMMARY
SP-GF_ROOF_SLAB-05,ELEMENT,,SUNKEN_SLAB,GF_ROOF_SLAB,4,"[""1|278"", ""1|27B"", ""1|428"", ""1|436"", ""S-COL.BON|332""]","3.325 m2, t 160 mm (PROJECT_DEFAULT)",V3b B0016 C-SLAB-GF: technical DERIVED 44.286 m3; CR SLABS OFFICIAL,"{""blocked_categories"": ""[\""ANCHORAGE_END_COVER\"", \""SUNKEN_EXTRA\"", \""SUNKEN_LEVEL_CHANGE_CONTINUITY\"", \""TEMPERATURE\""]"", ""panel_owned_kg_S7"": ""18.600501543"", ""released_items"": ""4""}",S7 (bottom mesh + note-2 top over supports; PROJECT_BASIS_QTO),S8 sunken step / edge extras / level-change detail (base mesh stays with S7),COMPONENT_OF_OWNED_ELEMENT,PROJECT_GEOMETRY (slab face) + plan bar tokens,,,COUNTED_OWNED,PRE-S7 01_SLAB_PANEL_CENSUS + S7 05_S7_PANEL_SUMMARY
SP-GF_ROOF_SLAB-06,ELEMENT,,ELEVATED_SLAB,GF_ROOF_SLAB,4,"[""1|278"", ""1|27B"", ""1|28C"", ""1|28D""]","2.888 m2, t 160 mm (PROJECT_DEFAULT)",V3b B0016 C-SLAB-GF: technical DERIVED 44.286 m3; CR SLABS OFFICIAL,"{""blocked_categories"": ""[\""ANCHORAGE_END_COVER\"", \""SUNKEN_LEVEL_CHANGE_CONTINUITY\"", \""TEMPERATURE\"", \""TRANSITION_LAP_SPLICE\""]"", ""panel_owned_kg_S7"": ""16.15306713"", ""released_items"": ""4""}",S7 (bottom mesh + note-2 top over supports; PROJECT_BASIS_QTO),NONE (stays with the existing stage),,PROJECT_GEOMETRY (slab face) + plan bar tokens,,,COUNTED_OWNED,PRE-S7 01_SLAB_PANEL_CENSUS + S7 05_S7_PANEL_SUMMARY
SP-GF_ROOF_SLAB-07,ELEMENT,,ELEVATED_SLAB,GF_ROOF_SLAB,4,"[""1|278"", ""1|291"", ""1|292"", ""1|294"", ""S-COL.BON|32F""]","5.31 m2, t 160 mm (PROJECT_DEFAULT)",V3b B0016 C-SLAB-GF: technical DERIVED 44.286 m3; CR SLABS OFFICIAL,"{""blocked_categories"": ""[\""ANCHORAGE_END_COVER\"", \""CONTINUITY_UNRESOLVED\"", \""SUNKEN_LEVEL_CHANGE_CONTINUITY\"", \""TEMPERATURE\""]"", ""panel_owned_kg_S7"": ""30.729166667"", ""released_items"": ""3""}",S7 (bottom mesh + note-2 top over supports; PROJECT_BASIS_QTO),NONE (stays with the existing stage),,PROJECT_GEOMETRY (slab face) + plan bar tokens,,,COUNTED_OWNED,PRE-S7 01_SLAB_PANEL_CENSUS + S7 05_S7_PANEL_SUMMARY
SP-GF_ROOF_SLAB-08,ELEMENT,,ELEVATED_SLAB,GF_ROOF_SLAB,4,"[""1|277"", ""1|425"", ""1|42C"", ""1|42D""]","12.32 m2, t 160 mm (PROJECT_DEFAULT)",V3b B0016 C-SLAB-GF: technical DERIVED 44.286 m3; CR SLABS OFFICIAL,"{""blocked_categories"": ""[\""ANCHORAGE_END_COVER\"", \""SUNKEN_LEVEL_CHANGE_CONTINUITY\"", \""TEMPERATURE\"", \""TRANSITION_LAP_SPLICE\""]"", ""panel_owned_kg_S7"": ""78.076200679"", ""released_items"": ""5""}",S7 (bottom mesh + note-2 top over supports; PROJECT_BASIS_QTO),NONE (stays with the existing stage),,PROJECT_GEOMETRY (slab face) + plan bar tokens,,,COUNTED_OWNED,PRE-S7 01_SLAB_PANEL_CENSUS + S7 05_S7_PANEL_SUMMARY
SP-GF_ROOF_SLAB-09,ELEMENT,,OPENING (void),GF_ROOF_SLAB,4,"[""1|2A9"", ""1|2F0"", ""1|310"", ""1|311"", ""1|317"", ""1|318"", ""1|42D"", ""1|437"", ""1|46D""]","3.686 m2, t ? mm ()",DEDUCTION (void),"{""blocked_categories"": ""[]"", ""panel_owned_kg_S7"": """", ""released_items"": ""0""}",none - S7 VOID_OR_OPENING,S8 OPENING_TRIM (trim / diagonal bars: NONE_DRAWN),WHOLE_ELEMENT,PROJECT_GEOMETRY (slab face) + plan bar tokens,open-to-below evidence,,COUNTED_S8_CANDIDATE,PRE-S7 01_SLAB_PANEL_CENSUS + S7 05_S7_PANEL_SUMMARY
SP-GF_ROOF_SLAB-10,ELEMENT,,ELEVATED_SLAB,GF_ROOF_SLAB,4,"[""1|28C"", ""1|427"", ""1|428"", ""1|435"", ""S-COL.BON|322"", ""S-COL.BON|37A""]","8.304 m2, t 160 mm (PROJECT_DEFAULT)",V3b B0016 C-SLAB-GF: technical DERIVED 44.286 m3; CR SLABS OFFICIAL,"{""blocked_categories"": ""[\""CONTINUITY_UNRESOLVED\"", \""OBLIQUE_SUPPORT\"", \""SUNKEN_LEVEL_CHANGE_CONTINUITY\"", \""TEMPERATURE\"", \""TRANSITION_LAP_SPLICE\""]"", ""panel_owned_kg_S7"": ""49.338872174"", ""released_items"": ""4""}",S7 (bottom mesh + note-2 top over supports; PROJECT_BASIS_QTO),NONE (stays with the existing stage),,PROJECT_GEOMETRY (slab face) + plan bar tokens,,,COUNTED_OWNED,PRE-S7 01_SLAB_PANEL_CENSUS + S7 05_S7_PANEL_SUMMARY
SP-GF_ROOF_SLAB-11,ELEMENT,,ELEVATED_SLAB,GF_ROOF_SLAB,4,"[""1|28E"", ""1|28F"", ""1|427"", ""1|429"", ""S-COL.BON|338"", ""S-COL.BON|33B""]","4.079 m2, t 160 mm (PROJECT_DEFAULT)",V3b B0016 C-SLAB-GF: technical DERIVED 44.286 m3; CR SLABS OFFICIAL,"{""blocked_categories"": ""[\""ANCHORAGE_END_COVER\"", \""CONTINUITY_UNRESOLVED\"", \""EDGE_WITHOUT_SUPPORT_RECORD\"", \""OBLIQUE_SUPPORT\"", \""SUNKEN_LEVEL_CHANGE_CONTINUITY\"", \""TEMPERATURE\""]"", ""panel_owned_kg_S7"": ""22.536881798"", ""released_items"": ""4""}",S7 (bottom mesh + note-2 top over supports; PROJECT_BASIS_QTO),NONE (stays with the existing stage),,PROJECT_GEOMETRY (slab face) + plan bar tokens,,,COUNTED_OWNED,PRE-S7 01_SLAB_PANEL_CENSUS + S7 05_S7_PANEL_SUMMARY
SP-GF_ROOF_SLAB-12,ELEMENT,,SUNKEN_SLAB,GF_ROOF_SLAB,4,"[""1|299"", ""1|2F7"", ""1|2F8"", ""1|388"", ""1|431"", ""S-COL.BON|36E""]","4.118 m2, t 160 mm (PROJECT_DEFAULT)",V3b B0016 C-SLAB-GF: technical DERIVED 44.286 m3; CR SLABS OFFICIAL,"{""blocked_categories"": ""[\""ANCHORAGE_END_COVER\"", \""CONTINUITY_UNRESOLVED\"", \""EDGE_WITHOUT_SUPPORT_RECORD\"", \""OBLIQUE_SUPPORT\"", \""SUNKEN_EXTRA\"", \""SUNKEN_LEVEL_CHANGE_CONTINUITY\"", \""TEMPERATURE\""]"", ""panel_owned_kg_S7"": ""22.405794792"", ""released_items"": ""4""}",S7 (bottom mesh + note-2 top over supports; PROJECT_BASIS_QTO),S8 sunken step / edge extras / level-change detail (base mesh stays with S7),COMPONENT_OF_OWNED_ELEMENT,PROJECT_GEOMETRY (slab face) + plan bar tokens,,,COUNTED_OWNED,PRE-S7 01_SLAB_PANEL_CENSUS + S7 05_S7_PANEL_SUMMARY
SP-GF_ROOF_SLAB-13,ELEMENT,,OPENING (void),GF_ROOF_SLAB,4,"[""1|291"", ""1|293"", ""1|295"", ""1|297"", ""S-COL.BON|338"", ""S-COL.BON|33B"", ""S-COL.BON|33E"", ""S-COL.BON|341""]","3.24 m2, t ? mm ()",DEDUCTION (void),"{""blocked_categories"": ""[]"", ""panel_owned_kg_S7"": """", ""released_items"": ""0""}",none - S7 VOID_OR_OPENING,S8 OPENING_TRIM (trim / diagonal bars: NONE_DRAWN),WHOLE_ELEMENT,PROJECT_GEOMETRY (slab face) + plan bar tokens,open-to-below evidence,,COUNTED_S8_CANDIDATE,PRE-S7 01_SLAB_PANEL_CENSUS + S7 05_S7_PANEL_SUMMARY
SP-GF_ROOF_SLAB-14,ELEMENT,,ELEVATED_SLAB,GF_ROOF_SLAB,4,"[""1|299"", ""1|2F7"", ""1|434"", ""1|46A""]","2.817 m2, t 160 mm (PROJECT_DEFAULT)",V3b B0016 C-SLAB-GF: technical DERIVED 44.286 m3; CR SLABS OFFICIAL,"{""blocked_categories"": ""[\""OBLIQUE_SUPPORT\"", \""SUNKEN_LEVEL_CHANGE_CONTINUITY\"", \""TEMPERATURE\"", \""TRANSITION_LAP_SPLICE\""]"", ""panel_owned_kg_S7"": ""15.212653796"", ""released_items"": ""4""}",S7 (bottom mesh + note-2 top over supports; PROJECT_BASIS_QTO),NONE (stays with the existing stage),,PROJECT_GEOMETRY (slab face) + plan bar tokens,,,COUNTED_OWNED,PRE-S7 01_SLAB_PANEL_CENSUS + S7 05_S7_PANEL_SUMMARY
SP-GF_ROOF_SLAB-15,ELEMENT,,ELEVATED_SLAB,GF_ROOF_SLAB,4,"[""1|2A9"", ""1|2C5"", ""1|2F2"", ""1|2F7"", ""S-COL.BON|31B"", ""S-COL.BON|36E""]","1.299 m2, t 160 mm (PROJECT_DEFAULT)",V3b B0016 C-SLAB-GF: technical DERIVED 44.286 m3; CR SLABS OFFICIAL,"{""blocked_categories"": ""[\""ANCHORAGE_END_COVER\"", \""CONTINUITY_UNRESOLVED\"", \""EDGE_WITHOUT_SUPPORT_RECORD\"", \""SOURCE_CONFLICT_FAMILY\"", \""TEMPERATURE\""]"", ""panel_owned_kg_S7"": ""3.759661458"", ""released_items"": ""2""}",S7 (bottom mesh + note-2 top over supports; PROJECT_BASIS_QTO),NONE (stays with the existing stage),,PROJECT_GEOMETRY (slab face) + plan bar tokens,,,COUNTED_OWNED,PRE-S7 01_SLAB_PANEL_CENSUS + S7 05_S7_PANEL_SUMMARY
SP-GF_ROOF_SLAB-16,ELEMENT,,ELEVATED_SLAB,GF_ROOF_SLAB,4,"[""1|27F"", ""1|285"", ""1|28B"", ""1|296"", ""1|458"", ""1|460"", ""S-COL.BON|33E""]","5.375 m2, t 160 mm (PROJECT_DEFAULT)",V3b B0016 C-SLAB-GF: technical DERIVED 44.286 m3; CR SLABS OFFICIAL,"{""blocked_categories"": ""[\""ANCHORAGE_END_COVER\"", \""CONTINUITY_UNRESOLVED\"", \""EDGE_WITHOUT_SUPPORT_RECORD\"", \""TEMPERATURE\"", \""TRANSITION_LAP_SPLICE\""]"", ""panel_owned_kg_S7"": ""29.451195988"", ""released_items"": ""4""}",S7 (bottom mesh + note-2 top over supports; PROJECT_BASIS_QTO),NONE (stays with the existing stage),,PROJECT_GEOMETRY (slab face) + plan bar tokens,,,COUNTED_OWNED,PRE-S7 01_SLAB_PANEL_CENSUS + S7 05_S7_PANEL_SUMMARY
SP-GF_ROOF_SLAB-17,ELEMENT,,ELEVATED_SLAB,GF_ROOF_SLAB,4,"[""1|426"", ""1|433"", ""1|463"", ""1|464"", ""S-COL.BON|37A""]","11.7 m2, t 160 mm (LOCAL_PANEL)",V3b B0016 C-SLAB-GF: technical DERIVED 44.286 m3; CR SLABS OFFICIAL,"{""blocked_categories"": ""[\""CONTINUITY_UNRESOLVED\"", \""OBLIQUE_SUPPORT\"", \""TEMPERATURE\"", \""TRANSITION_LAP_SPLICE\""]"", ""panel_owned_kg_S7"": ""101.616608849"", ""released_items"": ""4""}",S7 (bottom mesh + note-2 top over supports; PROJECT_BASIS_QTO),NONE (stays with the existing stage),,PROJECT_GEOMETRY (slab face) + plan bar tokens,,,COUNTED_OWNED,PRE-S7 01_SLAB_PANEL_CENSUS + S7 05_S7_PANEL_SUMMARY
SP-GF_ROOF_SLAB-18,ELEMENT,,ELEVATED_SLAB,GF_ROOF_SLAB,4,"[""1|28A"", ""1|28B"", ""1|290"", ""1|426"", ""1|463"", ""S-COL.BON|338""]","5.544 m2, t 160 mm (PROJECT_DEFAULT)",V3b B0016 C-SLAB-GF: technical DERIVED 44.286 m3; CR SLABS OFFICIAL,"{""blocked_categories"": ""[\""ANCHORAGE_END_COVER\"", \""CONTINUITY_UNRESOLVED\"", \""EDGE_WITHOUT_SUPPORT_RECORD\"", \""OBLIQUE_SUPPORT\"", \""TEMPERATURE\"", \""TRANSITION_LAP_SPLICE\""]"", ""panel_owned_kg_S7"": ""30.250383333"", ""released_items"": ""4""}",S7 (bottom mesh + note-2 top over supports; PROJECT_BASIS_QTO),NONE (stays with the existing stage),,PROJECT_GEOMETRY (slab face) + plan bar tokens,,,COUNTED_OWNED,PRE-S7 01_SLAB_PANEL_CENSUS + S7 05_S7_PANEL_SUMMARY
SP-GF_ROOF_SLAB-19,ELEMENT,,ELEVATED_SLAB,GF_ROOF_SLAB,4,"[""1|2A0"", ""1|2AF"", ""1|2B0"", ""1|2B2"", ""1|2B9"", ""S-COL.BON|34A"", ""S-COL.BON|356""]","6.139 m2, t 160 mm (PROJECT_DEFAULT)",V3b B0016 C-SLAB-GF: technical DERIVED 44.286 m3; CR SLABS OFFICIAL,"{""blocked_categories"": ""[\""ANCHORAGE_END_COVER\"", \""CONTINUITY_UNRESOLVED\"", \""EDGE_WITHOUT_SUPPORT_RECORD\"", \""TEMPERATURE\""]"", ""panel_owned_kg_S7"": ""38.990486892"", ""released_items"": ""5""}",S7 (bottom mesh + note-2 top over supports; PROJECT_BASIS_QTO),NONE (stays with the existing stage),,PROJECT_GEOMETRY (slab face) + plan bar tokens,,,COUNTED_OWNED,PRE-S7 01_SLAB_PANEL_CENSUS + S7 05_S7_PANEL_SUMMARY
SP-GF_ROOF_SLAB-20,ELEMENT,,ELEVATED_SLAB,GF_ROOF_SLAB,4,"[""1|288"", ""1|2AF"", ""1|2B8"", ""1|458"", ""S-COL.BON|35C"", ""S-COL.BON|362""]","15.54 m2, t 160 mm (PROJECT_DEFAULT)",V3b B0016 C-SLAB-GF: technical DERIVED 44.286 m3; CR SLABS OFFICIAL,"{""blocked_categories"": ""[\""ANCHORAGE_END_COVER\"", \""SUNKEN_LEVEL_CHANGE_CONTINUITY\"", \""TEMPERATURE\"", \""TRANSITION_LAP_SPLICE\""]"", ""panel_owned_kg_S7"": ""117.843066493"", ""released_items"": ""5""}",S7 (bottom mesh + note-2 top over supports; PROJECT_BASIS_QTO),NONE (stays with the existing stage),,PROJECT_GEOMETRY (slab face) + plan bar tokens,,,COUNTED_OWNED,PRE-S7 01_SLAB_PANEL_CENSUS + S7 05_S7_PANEL_SUMMARY
SP-GF_ROOF_SLAB-21,FACE_OF_ELEMENT,SPC-STAIR-SP-GF_ROOF_SLAB-21,STAIR_IN_LIGHT_WELL,GF_ROOF_SLAB,4,"[""1|283"", ""1|28A"", ""1|2CE"", ""1|54E"", ""S-COL.BON|380"", ""S-OPENING|2CF"", ""S-OPENING|2D0""]","20.146 m2, t ? mm (CLASSIFICATION_BLOCKED)","V3b B0031 C-STAIR: technical BLOCKED (commercial PROVISIONAL_CODE_METHOD 5.2312 m3, not technical)","{""blocked_categories"": ""[]"", ""panel_owned_kg_S7"": """", ""released_items"": ""0""}",none - S7 CLASSIFICATION_BLOCKED,S8 STAIR_IN_LIGHT_WELL,WHOLE_ELEMENT,PROJECT_GEOMETRY (slab face) + plan bar tokens,open-to-below evidence and slab / special-structure evidence in the same geometry,SOURCE_CONFLICT,COUNTED_S8_CANDIDATE,PRE-S7 01_SLAB_PANEL_CENSUS + S7 05_S7_PANEL_SUMMARY + PRE-S7.1 transfers ['STAIR_LIGHTWELL_REGION']
SP-GF_ROOF_SLAB-22,ELEMENT,,ELEVATED_SLAB,GF_ROOF_SLAB,4,"[""1|283"", ""1|388"", ""1|434"", ""1|469""]","15.108 m2, t 160 mm (PROJECT_DEFAULT)",V3b B0016 C-SLAB-GF: technical DERIVED 44.286 m3; CR SLABS OFFICIAL,"{""blocked_categories"": ""[\""OBLIQUE_SUPPORT\"", \""SOURCE_CONFLICT_FAMILY\"", \""SUNKEN_LEVEL_CHANGE_CONTINUITY\"", \""TEMPERATURE\"", \""TRANSITION_LAP_SPLICE\""]"", ""panel_owned_kg_S7"": ""48.962375648"", ""released_items"": ""2""}",S7 (bottom mesh + note-2 top over supports; PROJECT_BASIS_QTO),NONE (stays with the existing stage),,PROJECT_GEOMETRY (slab face) + plan bar tokens,,,COUNTED_OWNED,PRE-S7 01_SLAB_PANEL_CENSUS + S7 05_S7_PANEL_SUMMARY
SP-GF_ROOF_SLAB-23,ELEMENT,,ELEVATED_SLAB,GF_ROOF_SLAB,4,"[""1|2A9"", ""1|2AA"", ""1|2F1"", ""1|387"", ""S-COL.BON|36E""]","7.851 m2, t 160 mm (PROJECT_DEFAULT)",V3b B0016 C-SLAB-GF: technical DERIVED 44.286 m3; CR SLABS OFFICIAL,"{""blocked_categories"": ""[\""ANCHORAGE_END_COVER\"", \""CONTINUITY_UNRESOLVED\"", \""EDGE_WITHOUT_SUPPORT_RECORD\"", \""OBLIQUE_SUPPORT\"", \""SUNKEN_LEVEL_CHANGE_CONTINUITY\"", \""TEMPERATURE\"", \""TRANSITION_LAP_SPLICE\""]"", ""panel_owned_kg_S7"": ""49.975146369"", ""released_items"": ""4""}",S7 (bottom mesh + note-2 top over supports; PROJECT_BASIS_QTO),NONE (stays with the existing stage),,PROJECT_GEOMETRY (slab face) + plan bar tokens,,,COUNTED_OWNED,PRE-S7 01_SLAB_PANEL_CENSUS + S7 05_S7_PANEL_SUMMARY
SP-GF_ROOF_SLAB-24,ELEMENT,,SUNKEN_SLAB,GF_ROOF_SLAB,4,"[""1|288"", ""1|2AE"", ""S-BEAM|325""]","2.08 m2, t 160 mm (PROJECT_DEFAULT)",V3b B0016 C-SLAB-GF: technical DERIVED 44.286 m3; CR SLABS OFFICIAL,"{""blocked_categories"": ""[\""OBLIQUE_SUPPORT\"", \""SUNKEN_EXTRA\"", \""SUNKEN_LEVEL_CHANGE_CONTINUITY\"", \""TEMPERATURE\"", \""TRANSITION_LAP_SPLICE\""]"", ""panel_owned_kg_S7"": ""11.236858083"", ""released_items"": ""4""}",S7 (bottom mesh + note-2 top over supports; PROJECT_BASIS_QTO),S8 sunken step / edge extras / level-change detail (base mesh stays with S7),COMPONENT_OF_OWNED_ELEMENT,PROJECT_GEOMETRY (slab face) + plan bar tokens,,,COUNTED_OWNED,PRE-S7 01_SLAB_PANEL_CENSUS + S7 05_S7_PANEL_SUMMARY
SP-GF_ROOF_SLAB-25,ELEMENT,,ELEVATED_SLAB,GF_ROOF_SLAB,4,"[""1|282"", ""1|285"", ""1|460"", ""1|461"", ""S-BEAM|325"", ""S-COL.BON|362""]","16.254 m2, t 160 mm (PROJECT_DEFAULT)",V3b B0016 C-SLAB-GF: technical DERIVED 44.286 m3; CR SLABS OFFICIAL,"{""blocked_categories"": ""[\""CONTINUITY_UNRESOLVED\"", \""EDGE_WITHOUT_SUPPORT_RECORD\"", \""OBLIQUE_SUPPORT\"", \""SUNKEN_LEVEL_CHANGE_CONTINUITY\"", \""TEMPERATURE\"", \""TRANSITION_LAP_SPLICE\""]"", ""panel_owned_kg_S7"": ""114.126294763"", ""released_items"": ""4""}",S7 (bottom mesh + note-2 top over supports; PROJECT_BASIS_QTO),NONE (stays with the existing stage),,PROJECT_GEOMETRY (slab face) + plan bar tokens,,,COUNTED_OWNED,PRE-S7 01_SLAB_PANEL_CENSUS + S7 05_S7_PANEL_SUMMARY
SP-GF_ROOF_SLAB-26,ELEMENT,,ELEVATED_SLAB,GF_ROOF_SLAB,4,"[""1|2AD"", ""1|2AE"", ""1|2B0"", ""1|2B2"", ""S-COL.BON|34D"", ""S-COL.BON|353""]","18 m2, t 160 mm (PROJECT_DEFAULT)",V3b B0016 C-SLAB-GF: technical DERIVED 44.286 m3; CR SLABS OFFICIAL,"{""blocked_categories"": ""[\""ANCHORAGE_END_COVER\"", \""CONTINUITY_UNRESOLVED\"", \""EDGE_WITHOUT_SUPPORT_RECORD\"", \""TEMPERATURE\""]"", ""panel_owned_kg_S7"": ""135.208333333"", ""released_items"": ""4""}",S7 (bottom mesh + note-2 top over supports; PROJECT_BASIS_QTO),NONE (stays with the existing stage),,PROJECT_GEOMETRY (slab face) + plan bar tokens,,,COUNTED_OWNED,PRE-S7 01_SLAB_PANEL_CENSUS + S7 05_S7_PANEL_SUMMARY
SP-GF_ROOF_SLAB-27,ELEMENT,,ELEVATED_SLAB,GF_ROOF_SLAB,4,"[""1|2AD"", ""1|2AE"", ""1|2B3"", ""1|499"", ""S-COL.BON|350"", ""S-COL.BON|353""]","13.485 m2, t 160 mm (PROJECT_DEFAULT)",V3b B0016 C-SLAB-GF: technical DERIVED 44.286 m3; CR SLABS OFFICIAL,"{""blocked_categories"": ""[\""ANCHORAGE_END_COVER\"", \""CONTINUITY_UNRESOLVED\"", \""EDGE_WITHOUT_SUPPORT_RECORD\"", \""TEMPERATURE\""]"", ""panel_owned_kg_S7"": ""100.929398148"", ""released_items"": ""3""}",S7 (bottom mesh + note-2 top over supports; PROJECT_BASIS_QTO),NONE (stays with the existing stage),,PROJECT_GEOMETRY (slab face) + plan bar tokens,,,COUNTED_OWNED,PRE-S7 01_SLAB_PANEL_CENSUS + S7 05_S7_PANEL_SUMMARY
SP-GF_ROOF_SLAB-28,FACE_OF_ELEMENT,SPC-STAIR-SP-GF_ROOF_SLAB-28,STAIR_AND_LANDING,GF_ROOF_SLAB,4,"[""1|283"", ""1|289"", ""1|2CE"", ""1|433"", ""1|54E"", ""S-COL.BON|374"", ""S-COL.BON|380"", ""S-OPENING|2CF"", ""S-OPENING|2D0""]","6.979 m2, t ? mm (EXCLUDED_SPECIAL_STRUCTURE)","V3b B0031 C-STAIR: technical BLOCKED (commercial PROVISIONAL_CODE_METHOD 5.2312 m3, not technical)","{""blocked_categories"": ""[]"", ""panel_owned_kg_S7"": """", ""released_items"": ""0""}",none - S7 EXCLUDED_SPECIAL_STRUCTURE,S8 STAIR_AND_LANDING,WHOLE_ELEMENT,PROJECT_GEOMETRY (slab face) + plan bar tokens,special-structure evidence: goes to the special-structures round,,COUNTED_S8_CANDIDATE,PRE-S7 01_SLAB_PANEL_CENSUS + S7 05_S7_PANEL_SUMMARY
SP-GF_ROOF_SLAB-29,ELEMENT,,SUNKEN_SLAB,GF_ROOF_SLAB,4,"[""1|281"", ""1|2AE"", ""1|2B8"", ""S-BEAM|326"", ""S-COL.BON|35C"", ""S-COL.BON|35F"", ""S-COL.BON|365""]","7.301 m2, t 160 mm (LOCAL_PANEL)",V3b B0016 C-SLAB-GF: technical DERIVED 44.286 m3; CR SLABS OFFICIAL,"{""blocked_categories"": ""[\""CONTINUITY_UNRESOLVED\"", \""EDGE_WITHOUT_SUPPORT_RECORD\"", \""OBLIQUE_SUPPORT\"", \""SUNKEN_EXTRA\"", \""SUNKEN_LEVEL_CHANGE_CONTINUITY\"", \""TEMPERATURE\"", \""TRANSITION_LAP_SPLICE\""]"", ""panel_owned_kg_S7"": ""43.377315611"", ""released_items"": ""4""}",S7 (bottom mesh + note-2 top over supports; PROJECT_BASIS_QTO),S8 sunken step / edge extras / level-change detail (base mesh stays with S7),COMPONENT_OF_OWNED_ELEMENT,PROJECT_GEOMETRY (slab face) + plan bar tokens,,,COUNTED_OWNED,PRE-S7 01_SLAB_PANEL_CENSUS + S7 05_S7_PANEL_SUMMARY
SP-GF_ROOF_SLAB-30,ELEMENT,,ELEVATED_SLAB,GF_ROOF_SLAB,4,"[""1|27C"", ""1|2AC"", ""1|2AD"", ""1|2B8"", ""1|6A2"", ""S-BEAM|326""]","5.08 m2, t 160 mm (PROJECT_DEFAULT)",V3b B0016 C-SLAB-GF: technical DERIVED 44.286 m3; CR SLABS OFFICIAL,"{""blocked_categories"": ""[\""ANCHORAGE_END_COVER\"", \""CONTINUITY_UNRESOLVED\"", \""EDGE_WITHOUT_SUPPORT_RECORD\"", \""OBLIQUE_SUPPORT\"", \""SUNKEN_LEVEL_CHANGE_CONTINUITY\"", \""TEMPERATURE\"", \""TRANSITION_LAP_SPLICE\""]"", ""panel_owned_kg_S7"": ""28.419929514"", ""released_items"": ""4""}",S7 (bottom mesh + note-2 top over supports; PROJECT_BASIS_QTO),NONE (stays with the existing stage),,PROJECT_GEOMETRY (slab face) + plan bar tokens,,,COUNTED_OWNED,PRE-S7 01_SLAB_PANEL_CENSUS + S7 05_S7_PANEL_SUMMARY
SP-GF_ROOF_SLAB-31,ELEMENT,,ELEVATED_SLAB,GF_ROOF_SLAB,4,"[""1|27D"", ""1|2AB"", ""1|460"", ""S-BEAM|325""]","2.937 m2, t 160 mm (PROJECT_DEFAULT)",V3b B0016 C-SLAB-GF: technical DERIVED 44.286 m3; CR SLABS OFFICIAL,"{""blocked_categories"": ""[\""ANCHORAGE_END_COVER\"", \""OBLIQUE_SUPPORT\"", \""TEMPERATURE\"", \""TRANSITION_LAP_SPLICE\""]"", ""panel_owned_kg_S7"": ""16.32972338"", ""released_items"": ""4""}",S7 (bottom mesh + note-2 top over supports; PROJECT_BASIS_QTO),NONE (stays with the existing stage),,PROJECT_GEOMETRY (slab face) + plan bar tokens,,,COUNTED_OWNED,PRE-S7 01_SLAB_PANEL_CENSUS + S7 05_S7_PANEL_SUMMARY
SP-GF_ROOF_SLAB-32,ELEMENT,,ELEVATED_SLAB,GF_ROOF_SLAB,4,"[""1|27E"", ""1|28A"", ""1|2AB"", ""1|4F7"", ""S-COL.BON|380""]","7.764 m2, t 160 mm (PROJECT_DEFAULT)",V3b B0016 C-SLAB-GF: technical DERIVED 44.286 m3; CR SLABS OFFICIAL,"{""blocked_categories"": ""[\""ANCHORAGE_END_COVER\"", \""CONTINUITY_UNRESOLVED\"", \""TEMPERATURE\""]"", ""panel_owned_kg_S7"": ""43.43287037"", ""released_items"": ""4""}",S7 (bottom mesh + note-2 top over supports; PROJECT_BASIS_QTO),NONE (stays with the existing stage),,PROJECT_GEOMETRY (slab face) + plan bar tokens,,,COUNTED_OWNED,PRE-S7 01_SLAB_PANEL_CENSUS + S7 05_S7_PANEL_SUMMARY
SP-GF_ROOF_SLAB-33,ELEMENT,,ELEVATED_SLAB,GF_ROOF_SLAB,4,"[""1|27E"", ""1|2AB"", ""1|388"", ""1|4F8"", ""S-COL.BON|374""]","4.288 m2, t 160 mm (PROJECT_DEFAULT)",V3b B0016 C-SLAB-GF: technical DERIVED 44.286 m3; CR SLABS OFFICIAL,"{""blocked_categories"": ""[\""ANCHORAGE_END_COVER\"", \""CONTINUITY_UNRESOLVED\"", \""OBLIQUE_SUPPORT\"", \""TEMPERATURE\"", \""TRANSITION_LAP_SPLICE\""]"", ""panel_owned_kg_S7"": ""23.982970602"", ""released_items"": ""4""}",S7 (bottom mesh + note-2 top over supports; PROJECT_BASIS_QTO),NONE (stays with the existing stage),,PROJECT_GEOMETRY (slab face) + plan bar tokens,,,COUNTED_OWNED,PRE-S7 01_SLAB_PANEL_CENSUS + S7 05_S7_PANEL_SUMMARY
SP-GF_ROOF_SLAB-34,ELEMENT,,ELEVATED_SLAB,GF_ROOF_SLAB,4,"[""1|2AD"", ""1|2AE"", ""1|2B5"", ""1|49A"", ""S-COL.BON|35F"", ""S-COL.BON|365""]","13.455 m2, t 160 mm (PROJECT_DEFAULT)",V3b B0016 C-SLAB-GF: technical DERIVED 44.286 m3; CR SLABS OFFICIAL,"{""blocked_categories"": ""[\""ANCHORAGE_END_COVER\"", \""CONTINUITY_UNRESOLVED\"", \""EDGE_WITHOUT_SUPPORT_RECORD\"", \""SUNKEN_LEVEL_CHANGE_CONTINUITY\"", \""TEMPERATURE\"", \""TRANSITION_LAP_SPLICE\""]"", ""panel_owned_kg_S7"": ""100.636574074"", ""released_items"": ""5""}",S7 (bottom mesh + note-2 top over supports; PROJECT_BASIS_QTO),NONE (stays with the existing stage),,PROJECT_GEOMETRY (slab face) + plan bar tokens,,,COUNTED_OWNED,PRE-S7 01_SLAB_PANEL_CENSUS + S7 05_S7_PANEL_SUMMARY
SP-1F_ROOF_SLAB-01,FACE_OF_ELEMENT,SPC-STAIR-SP-1F_ROOF_SLAB-01,STAIR_AND_LANDING,1F_ROOF_SLAB,5,"[""1|5C0"", ""1|5D4"", ""1|5E1"", ""1|5E3"", ""S-COL.BON|66D"", ""S-COL.BON|670"", ""S-COL.BON|682"", ""S-COL.BON|691"", ""S-OPENING|62D"", ""S-OPENING|62E"", ""S-OPENING|633""]","10.415 m2, t ? mm (EXCLUDED_SPECIAL_STRUCTURE)","V3b B0031 C-STAIR: technical BLOCKED (commercial PROVISIONAL_CODE_METHOD 5.2312 m3, not technical)","{""blocked_categories"": ""[]"", ""panel_owned_kg_S7"": """", ""released_items"": ""0""}",none - S7 EXCLUDED_SPECIAL_STRUCTURE,S8 STAIR_AND_LANDING,WHOLE_ELEMENT,PROJECT_GEOMETRY (slab face) + plan bar tokens,special-structure evidence: goes to the special-structures round,,COUNTED_S8_CANDIDATE,PRE-S7 01_SLAB_PANEL_CENSUS + S7 05_S7_PANEL_SUMMARY
SP-1F_ROOF_SLAB-02,ELEMENT,,SUNKEN_SLAB,1F_ROOF_SLAB,5,"[""1|5C0"", ""1|5CF"", ""1|5D0"", ""1|5D2"", ""S-COL.BON|670""]","5.4 m2, t 160 mm (PROJECT_DEFAULT)",V3b B0023 C-SLAB-1F: technical DERIVED 27.16 m3; CR SLABS OFFICIAL,"{""blocked_categories"": ""[\""ANCHORAGE_END_COVER\"", \""CONTINUITY_UNRESOLVED\"", \""SUNKEN_EXTRA\"", \""SUNKEN_LEVEL_CHANGE_CONTINUITY\"", \""TEMPERATURE\""]"", ""panel_owned_kg_S7"": ""31.25"", ""released_items"": ""3""}",S7 (bottom mesh + note-2 top over supports; PROJECT_BASIS_QTO),S8 sunken step / edge extras / level-change detail (base mesh stays with S7),COMPONENT_OF_OWNED_ELEMENT,PROJECT_GEOMETRY (slab face) + plan bar tokens,,,COUNTED_OWNED,PRE-S7 01_SLAB_PANEL_CENSUS + S7 05_S7_PANEL_SUMMARY
SP-1F_ROOF_SLAB-03,ELEMENT,,ELEVATED_SLAB,1F_ROOF_SLAB,5,"[""1|5C0"", ""1|5CC"", ""1|6B2"", ""1|6C2"", ""S-COL.BON|667"", ""S-COL.BON|697""]","9.503 m2, t 160 mm (PROJECT_DEFAULT)",V3b B0023 C-SLAB-1F: technical DERIVED 27.16 m3; CR SLABS OFFICIAL,"{""blocked_categories"": ""[\""ANCHORAGE_END_COVER\"", \""CONTINUITY_UNRESOLVED\"", \""EDGE_WITHOUT_SUPPORT_RECORD\"", \""OBLIQUE_SUPPORT\"", \""TEMPERATURE\"", \""TRANSITION_LAP_SPLICE\""]"", ""panel_owned_kg_S7"": ""58.296519483"", ""released_items"": ""4""}",S7 (bottom mesh + note-2 top over supports; PROJECT_BASIS_QTO),NONE (stays with the existing stage),,PROJECT_GEOMETRY (slab face) + plan bar tokens,,,COUNTED_OWNED,PRE-S7 01_SLAB_PANEL_CENSUS + S7 05_S7_PANEL_SUMMARY
SP-1F_ROOF_SLAB-04,ELEMENT,,ELEVATED_SLAB,1F_ROOF_SLAB,5,"[""1|5C0"", ""1|5C9"", ""1|5CD"", ""1|6B2"", ""S-COL.BON|673"", ""S-COL.BON|679"", ""S-COL.BON|67C"", ""S-COL.BON|77B""]","13.804 m2, t 160 mm (PROJECT_DEFAULT)",V3b B0023 C-SLAB-1F: technical DERIVED 27.16 m3; CR SLABS OFFICIAL,"{""blocked_categories"": ""[\""ANCHORAGE_END_COVER\"", \""CONTINUITY_UNRESOLVED\"", \""EDGE_WITHOUT_SUPPORT_RECORD\"", \""OBLIQUE_SUPPORT\"", \""SUNKEN_LEVEL_CHANGE_CONTINUITY\"", \""TEMPERATURE\"", \""TRANSITION_LAP_SPLICE\""]"", ""panel_owned_kg_S7"": ""101.427536415"", ""released_items"": ""4""}",S7 (bottom mesh + note-2 top over supports; PROJECT_BASIS_QTO),NONE (stays with the existing stage),,PROJECT_GEOMETRY (slab face) + plan bar tokens,,,COUNTED_OWNED,PRE-S7 01_SLAB_PANEL_CENSUS + S7 05_S7_PANEL_SUMMARY
SP-1F_ROOF_SLAB-05,ELEMENT,,ELEVATED_SLAB,1F_ROOF_SLAB,5,"[""1|5C0"", ""1|5DF"", ""1|6B4"", ""1|6C3"", ""S-COL.BON|667"", ""S-COL.BON|676"", ""S-COL.BON|697""]","17.705 m2, t 160 mm (PROJECT_DEFAULT)",V3b B0023 C-SLAB-1F: technical DERIVED 27.16 m3; CR SLABS OFFICIAL,"{""blocked_categories"": ""[\""ANCHORAGE_END_COVER\"", \""CONTINUITY_UNRESOLVED\"", \""EDGE_WITHOUT_SUPPORT_RECORD\"", \""TEMPERATURE\"", \""TRANSITION_LAP_SPLICE\""]"", ""panel_owned_kg_S7"": ""133.149402006"", ""released_items"": ""4""}",S7 (bottom mesh + note-2 top over supports; PROJECT_BASIS_QTO),NONE (stays with the existing stage),,PROJECT_GEOMETRY (slab face) + plan bar tokens,,,COUNTED_OWNED,PRE-S7 01_SLAB_PANEL_CENSUS + S7 05_S7_PANEL_SUMMARY
SP-1F_ROOF_SLAB-06,ELEMENT,,OPENING (void),1F_ROOF_SLAB,5,"[""1|5CF"", ""1|5D1"", ""1|5D3"", ""1|5D5"", ""S-COL.BON|679"", ""S-COL.BON|67C"", ""S-COL.BON|67F"", ""S-COL.BON|682""]","3.24 m2, t ? mm ()",DEDUCTION (void),"{""blocked_categories"": ""[]"", ""panel_owned_kg_S7"": """", ""released_items"": ""0""}",none - S7 VOID_OR_OPENING,S8 OPENING_TRIM (trim / diagonal bars: NONE_DRAWN),WHOLE_ELEMENT,PROJECT_GEOMETRY (slab face) + plan bar tokens,open-to-below evidence,,COUNTED_S8_CANDIDATE,PRE-S7 01_SLAB_PANEL_CENSUS + S7 05_S7_PANEL_SUMMARY
SP-1F_ROOF_SLAB-07,ELEMENT,,ELEVATED_SLAB,1F_ROOF_SLAB,5,"[""1|5DF"", ""1|6B1"", ""1|6B3"", ""1|6BF"", ""1|6D3""]","4.414 m2, t 160 mm (PROJECT_DEFAULT)",V3b B0023 C-SLAB-1F: technical DERIVED 27.16 m3; CR SLABS OFFICIAL,"{""blocked_categories"": ""[\""ANCHORAGE_END_COVER\"", \""CONTINUITY_UNRESOLVED\"", \""OBLIQUE_SUPPORT\"", \""TEMPERATURE\"", \""TRANSITION_LAP_SPLICE\""]"", ""panel_owned_kg_S7"": ""24.689751322"", ""released_items"": ""4""}",S7 (bottom mesh + note-2 top over supports; PROJECT_BASIS_QTO),NONE (stays with the existing stage),,PROJECT_GEOMETRY (slab face) + plan bar tokens,,,COUNTED_OWNED,PRE-S7 01_SLAB_PANEL_CENSUS + S7 05_S7_PANEL_SUMMARY
SP-1F_ROOF_SLAB-08,ELEMENT,,ELEVATED_SLAB,1F_ROOF_SLAB,5,"[""1|5C7"", ""1|5E4"", ""1|5E8"", ""1|6BC""]","3.22 m2, t 160 mm (PROJECT_DEFAULT)",V3b B0023 C-SLAB-1F: technical DERIVED 27.16 m3; CR SLABS OFFICIAL,"{""blocked_categories"": ""[\""ANCHORAGE_END_COVER\"", \""SOURCE_CONFLICT_FAMILY\"", \""TEMPERATURE\""]"", ""panel_owned_kg_S7"": ""9.318460069"", ""released_items"": ""2""}",S7 (bottom mesh + note-2 top over supports; PROJECT_BASIS_QTO),NONE (stays with the existing stage),,PROJECT_GEOMETRY (slab face) + plan bar tokens,,,COUNTED_OWNED,PRE-S7 01_SLAB_PANEL_CENSUS + S7 05_S7_PANEL_SUMMARY
SP-1F_ROOF_SLAB-09,ELEMENT,,ELEVATED_SLAB,1F_ROOF_SLAB,5,"[""1|5C3"", ""1|5CB"", ""1|6B1"", ""1|6C0""]","2.762 m2, t 160 mm (PROJECT_DEFAULT)",V3b B0023 C-SLAB-1F: technical DERIVED 27.16 m3; CR SLABS OFFICIAL,"{""blocked_categories"": ""[\""ANCHORAGE_END_COVER\"", \""OBLIQUE_SUPPORT\"", \""TEMPERATURE\""]"", ""panel_owned_kg_S7"": ""15.199567091"", ""released_items"": ""4""}",S7 (bottom mesh + note-2 top over supports; PROJECT_BASIS_QTO),NONE (stays with the existing stage),,PROJECT_GEOMETRY (slab face) + plan bar tokens,,,COUNTED_OWNED,PRE-S7 01_SLAB_PANEL_CENSUS + S7 05_S7_PANEL_SUMMARY
SP-1F_ROOF_SLAB-11,ELEMENT,,ELEVATED_SLAB,1F_ROOF_SLAB,5,"[""1|5C2"", ""1|5C8"", ""1|5D4"", ""1|5E4"", ""1|6AF"", ""1|6B0"", ""S-COL.BON|67F""]","6.455 m2, t 160 mm (PROJECT_DEFAULT)",V3b B0023 C-SLAB-1F: technical DERIVED 27.16 m3; CR SLABS OFFICIAL,"{""blocked_categories"": ""[\""ANCHORAGE_END_COVER\"", \""CONTINUITY_UNRESOLVED\"", \""EDGE_WITHOUT_SUPPORT_RECORD\"", \""TEMPERATURE\"", \""TRANSITION_LAP_SPLICE\""]"", ""panel_owned_kg_S7"": ""39.810270949"", ""released_items"": ""4""}",S7 (bottom mesh + note-2 top over supports; PROJECT_BASIS_QTO),NONE (stays with the existing stage),,PROJECT_GEOMETRY (slab face) + plan bar tokens,,,COUNTED_OWNED,PRE-S7 01_SLAB_PANEL_CENSUS + S7 05_S7_PANEL_SUMMARY
SP-1F_ROOF_SLAB-12,ELEMENT,,ELEVATED_SLAB,1F_ROOF_SLAB,5,"[""1|5C3"", ""1|5CA"", ""1|5CE"", ""1|6B1""]","4.215 m2, t 160 mm (PROJECT_DEFAULT)",V3b B0023 C-SLAB-1F: technical DERIVED 27.16 m3; CR SLABS OFFICIAL,"{""blocked_categories"": ""[\""OBLIQUE_SUPPORT\"", \""TEMPERATURE\"", \""TRANSITION_LAP_SPLICE\""]"", ""panel_owned_kg_S7"": ""22.765159105"", ""released_items"": ""4""}",S7 (bottom mesh + note-2 top over supports; PROJECT_BASIS_QTO),NONE (stays with the existing stage),,PROJECT_GEOMETRY (slab face) + plan bar tokens,,,COUNTED_OWNED,PRE-S7 01_SLAB_PANEL_CENSUS + S7 05_S7_PANEL_SUMMARY
SP-1F_ROOF_SLAB-13,FACE_OF_ELEMENT,SPC-DOME-1,DOME (slab face inside the dome circle),1F_ROOF_SLAB,5,"[""1|5C7"", ""1|5FE"", ""1|6BB"", ""S-COL.BON|688"", ""S-OPENING|609"", ""S-OPENING|60E""]","3.692 m2, t ? mm (EXCLUDED_SPECIAL_STRUCTURE)",V3b B0032 C-DOME-SHELL-12EB: technical DERIVED 2.34 m3; V3b B0036 C-DOME-SHELL-2F33: technical DERIVED 2.34 m3,"{""blocked_categories"": ""[]"", ""panel_owned_kg_S7"": """", ""released_items"": ""0""}",none - S7 EXCLUDED_SPECIAL_STRUCTURE,S8 DOME (slab face inside the dome circle),WHOLE_ELEMENT,PROJECT_GEOMETRY (slab face) + plan bar tokens,special-structure evidence: goes to the special-structures round,,COUNTED_S8_CANDIDATE,PRE-S7 01_SLAB_PANEL_CENSUS + S7 05_S7_PANEL_SUMMARY
SP-1F_ROOF_SLAB-14,FACE_OF_ELEMENT,SPC-DOME-1,DOME (slab face inside the dome circle),1F_ROOF_SLAB,5,"[""1|5E8"", ""1|5FE"", ""S-OPENING|60E"", ""S-OPENING|613""]","3.792 m2, t ? mm (EXCLUDED_SPECIAL_STRUCTURE)",V3b B0032 C-DOME-SHELL-12EB: technical DERIVED 2.34 m3; V3b B0036 C-DOME-SHELL-2F33: technical DERIVED 2.34 m3,"{""blocked_categories"": ""[]"", ""panel_owned_kg_S7"": """", ""released_items"": ""0""}",none - S7 EXCLUDED_SPECIAL_STRUCTURE,S8 DOME (slab face inside the dome circle),WHOLE_ELEMENT,PROJECT_GEOMETRY (slab face) + plan bar tokens,special-structure evidence: goes to the special-structures round,,COUNTED_S8_CANDIDATE,PRE-S7 01_SLAB_PANEL_CENSUS + S7 05_S7_PANEL_SUMMARY
SP-1F_ROOF_SLAB-15,FACE_OF_ELEMENT,SPC-DOME-2,DOME (slab face inside the dome circle),1F_ROOF_SLAB,5,"[""1|5DF"", ""1|649"", ""S-OPENING|658"", ""S-OPENING|65D""]","3.82 m2, t ? mm (EXCLUDED_SPECIAL_STRUCTURE)",V3b B0032 C-DOME-SHELL-12EB: technical DERIVED 2.34 m3; V3b B0036 C-DOME-SHELL-2F33: technical DERIVED 2.34 m3,"{""blocked_categories"": ""[]"", ""panel_owned_kg_S7"": """", ""released_items"": ""0""}",none - S7 EXCLUDED_SPECIAL_STRUCTURE,S8 DOME (slab face inside the dome circle),WHOLE_ELEMENT,PROJECT_GEOMETRY (slab face) + plan bar tokens,special-structure evidence: goes to the special-structures round,,COUNTED_S8_CANDIDATE,PRE-S7 01_SLAB_PANEL_CENSUS + S7 05_S7_PANEL_SUMMARY
SP-1F_ROOF_SLAB-16,FACE_OF_ELEMENT,SPC-DOME-2,DOME (slab face inside the dome circle),1F_ROOF_SLAB,5,"[""1|649"", ""S-OPENING|653"", ""S-OPENING|658""]","3.835 m2, t ? mm (EXCLUDED_SPECIAL_STRUCTURE)",V3b B0032 C-DOME-SHELL-12EB: technical DERIVED 2.34 m3; V3b B0036 C-DOME-SHELL-2F33: technical DERIVED 2.34 m3,"{""blocked_categories"": ""[]"", ""panel_owned_kg_S7"": """", ""released_items"": ""0""}",none - S7 EXCLUDED_SPECIAL_STRUCTURE,S8 DOME (slab face inside the dome circle),WHOLE_ELEMENT,PROJECT_GEOMETRY (slab face) + plan bar tokens,special-structure evidence: goes to the special-structures round,,COUNTED_S8_CANDIDATE,PRE-S7 01_SLAB_PANEL_CENSUS + S7 05_S7_PANEL_SUMMARY
SP-1F_ROOF_SLAB-17,FACE_OF_ELEMENT,SPC-DOME-2,DOME (slab face inside the dome circle),1F_ROOF_SLAB,5,"[""1|649"", ""S-OPENING|64E"", ""S-OPENING|653""]","3.835 m2, t ? mm (EXCLUDED_SPECIAL_STRUCTURE)",V3b B0032 C-DOME-SHELL-12EB: technical DERIVED 2.34 m3; V3b B0036 C-DOME-SHELL-2F33: technical DERIVED 2.34 m3,"{""blocked_categories"": ""[]"", ""panel_owned_kg_S7"": """", ""released_items"": ""0""}",none - S7 EXCLUDED_SPECIAL_STRUCTURE,S8 DOME (slab face inside the dome circle),WHOLE_ELEMENT,PROJECT_GEOMETRY (slab face) + plan bar tokens,special-structure evidence: goes to the special-structures round,,COUNTED_S8_CANDIDATE,PRE-S7 01_SLAB_PANEL_CENSUS + S7 05_S7_PANEL_SUMMARY
SP-1F_ROOF_SLAB-18,FACE_OF_ELEMENT,SPC-DOME-2,DOME (slab face inside the dome circle),1F_ROOF_SLAB,5,"[""1|5DF"", ""1|649"", ""S-OPENING|64E"", ""S-OPENING|65D""]","3.82 m2, t ? mm (EXCLUDED_SPECIAL_STRUCTURE)",V3b B0032 C-DOME-SHELL-12EB: technical DERIVED 2.34 m3; V3b B0036 C-DOME-SHELL-2F33: technical DERIVED 2.34 m3,"{""blocked_categories"": ""[]"", ""panel_owned_kg_S7"": """", ""released_items"": ""0""}",none - S7 EXCLUDED_SPECIAL_STRUCTURE,S8 DOME (slab face inside the dome circle),WHOLE_ELEMENT,PROJECT_GEOMETRY (slab face) + plan bar tokens,special-structure evidence: goes to the special-structures round,,COUNTED_S8_CANDIDATE,PRE-S7 01_SLAB_PANEL_CENSUS + S7 05_S7_PANEL_SUMMARY
SP-1F_ROOF_SLAB-19,FACE_OF_ELEMENT,SPC-DOME-1,DOME (slab face inside the dome circle),1F_ROOF_SLAB,5,"[""1|5E8"", ""1|5FF"", ""S-OPENING|604"", ""S-OPENING|613""]","3.792 m2, t ? mm (EXCLUDED_SPECIAL_STRUCTURE)",V3b B0032 C-DOME-SHELL-12EB: technical DERIVED 2.34 m3; V3b B0036 C-DOME-SHELL-2F33: technical DERIVED 2.34 m3,"{""blocked_categories"": ""[]"", ""panel_owned_kg_S7"": """", ""released_items"": ""0""}",none - S7 EXCLUDED_SPECIAL_STRUCTURE,S8 DOME (slab face inside the dome circle),WHOLE_ELEMENT,PROJECT_GEOMETRY (slab face) + plan bar tokens,special-structure evidence: goes to the special-structures round,,COUNTED_S8_CANDIDATE,PRE-S7 01_SLAB_PANEL_CENSUS + S7 05_S7_PANEL_SUMMARY
SP-1F_ROOF_SLAB-20,FACE_OF_ELEMENT,SPC-DOME-1,DOME (slab face inside the dome circle),1F_ROOF_SLAB,5,"[""1|5C7"", ""1|5FF"", ""1|6DF"", ""S-COL.BON|688"", ""S-OPENING|604"", ""S-OPENING|609""]","3.692 m2, t ? mm (EXCLUDED_SPECIAL_STRUCTURE)",V3b B0032 C-DOME-SHELL-12EB: technical DERIVED 2.34 m3; V3b B0036 C-DOME-SHELL-2F33: technical DERIVED 2.34 m3,"{""blocked_categories"": ""[]"", ""panel_owned_kg_S7"": """", ""released_items"": ""0""}",none - S7 EXCLUDED_SPECIAL_STRUCTURE,S8 DOME (slab face inside the dome circle),WHOLE_ELEMENT,PROJECT_GEOMETRY (slab face) + plan bar tokens,special-structure evidence: goes to the special-structures round,,COUNTED_S8_CANDIDATE,PRE-S7 01_SLAB_PANEL_CENSUS + S7 05_S7_PANEL_SUMMARY
SP-1F_ROOF_SLAB-21,ELEMENT,,ELEVATED_SLAB,1F_ROOF_SLAB,5,"[""1|5C5"", ""1|6AF"", ""1|6B0"", ""1|6BE""]","20.855 m2, t 160 mm (LOCAL_PANEL)",V3b B0023 C-SLAB-1F: technical DERIVED 27.16 m3; CR SLABS OFFICIAL,"{""blocked_categories"": ""[\""ANCHORAGE_END_COVER\"", \""CONTINUITY_UNRESOLVED\"", \""EXPLICIT_COUNT_LENGTH_BLOCKED\"", \""TEMPERATURE\"", \""TRANSITION_LAP_SPLICE\""]"", ""panel_owned_kg_S7"": ""174.596257716"", ""released_items"": ""4""}",S7 (bottom mesh + note-2 top over supports; PROJECT_BASIS_QTO),NONE (stays with the existing stage),,PROJECT_GEOMETRY (slab face) + plan bar tokens,,,COUNTED_OWNED,PRE-S7 01_SLAB_PANEL_CENSUS + S7 05_S7_PANEL_SUMMARY
SP-1F_ROOF_SLAB-22,ELEMENT,,ELEVATED_SLAB,1F_ROOF_SLAB,5,"[""1|5C5"", ""1|5CA"", ""1|6C1"", ""1|6EA""]","11.028 m2, t 160 mm (PROJECT_DEFAULT)",V3b B0023 C-SLAB-1F: technical DERIVED 27.16 m3; CR SLABS OFFICIAL,"{""blocked_categories"": ""[\""ANCHORAGE_END_COVER\"", \""TEMPERATURE\"", \""TRANSITION_LAP_SPLICE\""]"", ""panel_owned_kg_S7"": ""67.651424589"", ""released_items"": ""4""}",S7 (bottom mesh + note-2 top over supports; PROJECT_BASIS_QTO),NONE (stays with the existing stage),,PROJECT_GEOMETRY (slab face) + plan bar tokens,,,COUNTED_OWNED,PRE-S7 01_SLAB_PANEL_CENSUS + S7 05_S7_PANEL_SUMMARY
SP-1F_ROOF_SLAB-23,ELEMENT,,ELEVATED_SLAB,1F_ROOF_SLAB,5,"[""1|5C5"", ""1|6C0"", ""1|6C1"", ""1|6EB""]","11.028 m2, t 160 mm (PROJECT_DEFAULT)",V3b B0023 C-SLAB-1F: technical DERIVED 27.16 m3; CR SLABS OFFICIAL,"{""blocked_categories"": ""[\""ANCHORAGE_END_COVER\"", \""CONTINUITY_UNRESOLVED\"", \""TEMPERATURE\"", \""TRANSITION_LAP_SPLICE\""]"", ""panel_owned_kg_S7"": ""67.651394838"", ""released_items"": ""4""}",S7 (bottom mesh + note-2 top over supports; PROJECT_BASIS_QTO),NONE (stays with the existing stage),,PROJECT_GEOMETRY (slab face) + plan bar tokens,,,COUNTED_OWNED,PRE-S7 01_SLAB_PANEL_CENSUS + S7 05_S7_PANEL_SUMMARY
SP-1F_ROOF_SLAB-24,ELEMENT,,ELEVATED_SLAB,1F_ROOF_SLAB,5,"[""1|5C5"", ""1|5DF"", ""1|6BF"", ""1|6D5""]","4.557 m2, t 160 mm (PROJECT_DEFAULT)",V3b B0023 C-SLAB-1F: technical DERIVED 27.16 m3; CR SLABS OFFICIAL,"{""blocked_categories"": ""[\""ANCHORAGE_END_COVER\"", \""CONTINUITY_UNRESOLVED\"", \""TEMPERATURE\"", \""TRANSITION_LAP_SPLICE\""]"", ""panel_owned_kg_S7"": ""26.373245695"", ""released_items"": ""4""}",S7 (bottom mesh + note-2 top over supports; PROJECT_BASIS_QTO),NONE (stays with the existing stage),,PROJECT_GEOMETRY (slab face) + plan bar tokens,,,COUNTED_OWNED,PRE-S7 01_SLAB_PANEL_CENSUS + S7 05_S7_PANEL_SUMMARY
SP-1F_ROOF_SLAB-25,ELEMENT,,ELEVATED_SLAB,1F_ROOF_SLAB,5,"[""1|5C4"", ""1|5C7"", ""1|5E8"", ""1|6E0"", ""S-COL.BON|66A""]","4.684 m2, t 160 mm (PROJECT_DEFAULT)",V3b B0023 C-SLAB-1F: technical DERIVED 27.16 m3; CR SLABS OFFICIAL,"{""blocked_categories"": ""[\""ANCHORAGE_END_COVER\"", \""CONTINUITY_UNRESOLVED\"", \""TEMPERATURE\"", \""TRANSITION_LAP_SPLICE\""]"", ""panel_owned_kg_S7"": ""27.104108218"", ""released_items"": ""4""}",S7 (bottom mesh + note-2 top over supports; PROJECT_BASIS_QTO),NONE (stays with the existing stage),,PROJECT_GEOMETRY (slab face) + plan bar tokens,,,COUNTED_OWNED,PRE-S7 01_SLAB_PANEL_CENSUS + S7 05_S7_PANEL_SUMMARY
SP-2F_ROOF_SLAB-01,FACE_OF_ELEMENT,SPC-WATER_TANK-SFRS,WATER_TANK_SUPPORT_SLAB,2F_ROOF_SLAB,6,"[""1|38E"", ""1|3A1"", ""1|3AD"", ""1|773"", ""S-COL.BON|40F"", ""S-COL.BON|412"", ""S-COL.BON|421"", ""S-COL.BON|424""]","8.235 m2, t 180 mm (LOCAL_PANEL)",NOT_ITEMISED (inside the V3b slab plate or not measured; not established),"{""blocked_categories"": ""[\""S8_SPECIAL_STRUCTURE\""]"", ""panel_owned_kg_S7"": """", ""released_items"": ""0""}",none - S7 CLASSIFICATION_BLOCKED,S8 WATER_TANK_SUPPORT_SLAB,WHOLE_ELEMENT,PROJECT_GEOMETRY (slab face) + plan bar tokens,slab face designated for a special use: normal slab or special structure is not established,,COUNTED_S8_CANDIDATE,PRE-S7 01_SLAB_PANEL_CENSUS + S7 05_S7_PANEL_SUMMARY + PRE-S7.1 transfers ['WATER_TANK_SUPPORT_REGION']
SP-2F_ROOF_SLAB-02,FACE_OF_ELEMENT,SPC-WATER_TANK-SFRS,WATER_TANK_SUPPORT_SLAB,2F_ROOF_SLAB,6,"[""1|38E"", ""1|39C"", ""1|39D"", ""1|39F"", ""S-COL.BON|412""]","5.4 m2, t 180 mm (LOCAL_PANEL)",NOT_ITEMISED (inside the V3b slab plate or not measured; not established),"{""blocked_categories"": ""[\""S8_SPECIAL_STRUCTURE\""]"", ""panel_owned_kg_S7"": """", ""released_items"": ""0""}",none - S7 CLASSIFICATION_BLOCKED,S8 WATER_TANK_SUPPORT_SLAB,WHOLE_ELEMENT,PROJECT_GEOMETRY (slab face) + plan bar tokens,slab face designated for a special use: normal slab or special structure is not established,,COUNTED_S8_CANDIDATE,PRE-S7 01_SLAB_PANEL_CENSUS + S7 05_S7_PANEL_SUMMARY + PRE-S7.1 transfers ['WATER_TANK_SUPPORT_REGION']
SP-2F_ROOF_SLAB-03,ELEMENT,,ELEVATED_SLAB,2F_ROOF_SLAB,6,"[""1|39C"", ""1|39E"", ""1|3A0"", ""1|3A2"", ""S-COL.BON|418"", ""S-COL.BON|41B"", ""S-COL.BON|41E"", ""S-COL.BON|421""]","3.24 m2, t 160 mm (PROJECT_DEFAULT)",V3b B0029 C-SLAB-2F: technical DERIVED 9.986 m3; CR SLABS OFFICIAL,"{""blocked_categories"": ""[\""ANCHORAGE_END_COVER\"", \""CONTINUITY_UNRESOLVED\"", \""TEMPERATURE\"", \""TRANSITION_LAP_SPLICE\""]"", ""panel_owned_kg_S7"": ""17.569444444"", ""released_items"": ""4""}",S7 (bottom mesh + note-2 top over supports; PROJECT_BASIS_QTO),NONE (stays with the existing stage),,PROJECT_GEOMETRY (slab face) + plan bar tokens,,,COUNTED_OWNED,PRE-S7 01_SLAB_PANEL_CENSUS + S7 05_S7_PANEL_SUMMARY
SP-2F_ROOF_SLAB-04,ELEMENT,,ELEVATED_SLAB,2F_ROOF_SLAB,6,"[""1|38E"", ""1|399"", ""1|39B"", ""1|3A2"", ""S-COL.BON|415"", ""S-COL.BON|418"", ""S-COL.BON|41B"", ""S-COL.BON|778""]","15 m2, t 160 mm (PROJECT_DEFAULT)",V3b B0029 C-SLAB-2F: technical DERIVED 9.986 m3; CR SLABS OFFICIAL,"{""blocked_categories"": ""[\""ANCHORAGE_END_COVER\"", \""CONTINUITY_UNRESOLVED\"", \""EDGE_WITHOUT_SUPPORT_RECORD\"", \""TEMPERATURE\"", \""TRANSITION_LAP_SPLICE\""]"", ""panel_owned_kg_S7"": ""112.699984838"", ""released_items"": ""4""}",S7 (bottom mesh + note-2 top over supports; PROJECT_BASIS_QTO),NONE (stays with the existing stage),,PROJECT_GEOMETRY (slab face) + plan bar tokens,,,COUNTED_OWNED,PRE-S7 01_SLAB_PANEL_CENSUS + S7 05_S7_PANEL_SUMMARY
SP-2F_ROOF_SLAB-06,ELEMENT,,ELEVATED_SLAB,2F_ROOF_SLAB,6,"[""1|393"", ""1|396"", ""1|3A1"", ""1|3AD"", ""1|772"", ""S-COL.BON|41E"", ""S-COL.BON|424""]","7.25 m2, t 160 mm (PROJECT_DEFAULT)",V3b B0029 C-SLAB-2F: technical DERIVED 9.986 m3; CR SLABS OFFICIAL,"{""blocked_categories"": ""[\""ANCHORAGE_END_COVER\"", \""CONTINUITY_UNRESOLVED\"", \""EDGE_WITHOUT_SUPPORT_RECORD\"", \""TEMPERATURE\"", \""TRANSITION_LAP_SPLICE\""]"", ""panel_owned_kg_S7"": ""46.15162037"", ""released_items"": ""4""}",S7 (bottom mesh + note-2 top over supports; PROJECT_BASIS_QTO),NONE (stays with the existing stage),,PROJECT_GEOMETRY (slab face) + plan bar tokens,,,COUNTED_OWNED,PRE-S7 01_SLAB_PANEL_CENSUS + S7 05_S7_PANEL_SUMMARY
SP-2F_ROOF_SLAB-07,ELEMENT,,ELEVATED_SLAB,2F_ROOF_SLAB,6,"[""1|394"", ""1|398"", ""1|39C"", ""1|39E""]","2.16 m2, t 160 mm (PROJECT_DEFAULT)",V3b B0029 C-SLAB-2F: technical DERIVED 9.986 m3; CR SLABS OFFICIAL,"{""blocked_categories"": ""[\""ANCHORAGE_END_COVER\"", \""TEMPERATURE\"", \""TRANSITION_LAP_SPLICE\""]"", ""panel_owned_kg_S7"": ""12.083333333"", ""released_items"": ""4""}",S7 (bottom mesh + note-2 top over supports; PROJECT_BASIS_QTO),NONE (stays with the existing stage),,PROJECT_GEOMETRY (slab face) + plan bar tokens,,,COUNTED_OWNED,PRE-S7 01_SLAB_PANEL_CENSUS + S7 05_S7_PANEL_SUMMARY
SP-2F_ROOF_SLAB-08,ELEMENT,,ELEVATED_SLAB,2F_ROOF_SLAB,6,"[""1|395"", ""1|398"", ""1|399"", ""1|39B""]","3.6 m2, t 160 mm (PROJECT_DEFAULT)",V3b B0029 C-SLAB-2F: technical DERIVED 9.986 m3; CR SLABS OFFICIAL,"{""blocked_categories"": ""[\""ANCHORAGE_END_COVER\"", \""TEMPERATURE\"", \""TRANSITION_LAP_SPLICE\""]"", ""panel_owned_kg_S7"": ""20.833333333"", ""released_items"": ""4""}",S7 (bottom mesh + note-2 top over supports; PROJECT_BASIS_QTO),NONE (stays with the existing stage),,PROJECT_GEOMETRY (slab face) + plan bar tokens,,,COUNTED_OWNED,PRE-S7 01_SLAB_PANEL_CENSUS + S7 05_S7_PANEL_SUMMARY
HZ-GFRS-273,ELEMENT,,CANTILEVER_OR_BEARING_WALL_BAND,GF_ROOF_SLAB,4,"[""273""]","0.75 m2, t ? mm ()",NOT_ITEMISED (inside the V3b slab plate or not measured; not established),"{""blocked_categories"": ""[]"", ""panel_owned_kg_S7"": """", ""released_items"": ""0""}",none - S7 CLASSIFICATION_BLOCKED,S8 CANTILEVER_OR_BEARING_WALL_BAND,WHOLE_ELEMENT,PROJECT_GEOMETRY (slab face) + plan bar tokens,the legend draws the cantilever portion and the bearing wall with the same dense hatch,,COUNTED_S8_CANDIDATE,PRE-S7 01_SLAB_PANEL_CENSUS + S7 05_S7_PANEL_SUMMARY
HZ-GFRS-2B1,ELEMENT,,CANTILEVER_OR_BEARING_WALL_BAND,GF_ROOF_SLAB,4,"[""2B1""]","0.1 m2, t ? mm ()",NOT_ITEMISED (inside the V3b slab plate or not measured; not established),"{""blocked_categories"": ""[]"", ""panel_owned_kg_S7"": """", ""released_items"": ""0""}",none - S7 CLASSIFICATION_BLOCKED,S8 CANTILEVER_OR_BEARING_WALL_BAND,WHOLE_ELEMENT,PROJECT_GEOMETRY (slab face) + plan bar tokens,the legend draws the cantilever portion and the bearing wall with the same dense hatch,,COUNTED_S8_CANDIDATE,PRE-S7 01_SLAB_PANEL_CENSUS + S7 05_S7_PANEL_SUMMARY
HZ-GFRS-2B4,ELEMENT,,CANTILEVER_OR_BEARING_WALL_BAND,GF_ROOF_SLAB,4,"[""2B4""]","1.2 m2, t ? mm ()",NOT_ITEMISED (inside the V3b slab plate or not measured; not established),"{""blocked_categories"": ""[]"", ""panel_owned_kg_S7"": """", ""released_items"": ""0""}",none - S7 CLASSIFICATION_BLOCKED,S8 CANTILEVER_OR_BEARING_WALL_BAND,WHOLE_ELEMENT,PROJECT_GEOMETRY (slab face) + plan bar tokens,the legend draws the cantilever portion and the bearing wall with the same dense hatch,,COUNTED_S8_CANDIDATE,PRE-S7 01_SLAB_PANEL_CENSUS + S7 05_S7_PANEL_SUMMARY
HZ-SFRS-38C,ELEMENT,,CANTILEVER_OR_BEARING_WALL_BAND,2F_ROOF_SLAB,6,"[""38C""]","0.226 m2, t ? mm ()",NOT_ITEMISED (inside the V3b slab plate or not measured; not established),"{""blocked_categories"": ""[]"", ""panel_owned_kg_S7"": """", ""released_items"": ""0""}",none - S7 CLASSIFICATION_BLOCKED,S8 CANTILEVER_OR_BEARING_WALL_BAND,WHOLE_ELEMENT,PROJECT_GEOMETRY (slab face) + plan bar tokens,the legend draws the cantilever portion and the bearing wall with the same dense hatch,,COUNTED_S8_CANDIDATE,PRE-S7 01_SLAB_PANEL_CENSUS + S7 05_S7_PANEL_SUMMARY
HZ-SFRS-390,ELEMENT,,CANTILEVER_OR_BEARING_WALL_BAND,2F_ROOF_SLAB,6,"[""390""]","0.62 m2, t ? mm ()",NOT_ITEMISED (inside the V3b slab plate or not measured; not established),"{""blocked_categories"": ""[]"", ""panel_owned_kg_S7"": """", ""released_items"": ""0""}",none - S7 CLASSIFICATION_BLOCKED,S8 CANTILEVER_OR_BEARING_WALL_BAND,WHOLE_ELEMENT,PROJECT_GEOMETRY (slab face) + plan bar tokens,the legend draws the cantilever portion and the bearing wall with the same dense hatch,,COUNTED_S8_CANDIDATE,PRE-S7 01_SLAB_PANEL_CENSUS + S7 05_S7_PANEL_SUMMARY
HZ-SFRS-391,ELEMENT,,CANTILEVER_OR_BEARING_WALL_BAND,2F_ROOF_SLAB,6,"[""391""]","0.356 m2, t ? mm ()",NOT_ITEMISED (inside the V3b slab plate or not measured; not established),"{""blocked_categories"": ""[]"", ""panel_owned_kg_S7"": """", ""released_items"": ""0""}",none - S7 CLASSIFICATION_BLOCKED,S8 CANTILEVER_OR_BEARING_WALL_BAND,WHOLE_ELEMENT,PROJECT_GEOMETRY (slab face) + plan bar tokens,the legend draws the cantilever portion and the bearing wall with the same dense hatch,,COUNTED_S8_CANDIDATE,PRE-S7 01_SLAB_PANEL_CENSUS + S7 05_S7_PANEL_SUMMARY
HZ-GFRS-54D,ELEMENT,,CANTILEVER_OR_BEARING_WALL_BAND,GF_ROOF_SLAB,4,"[""54D""]","0.345 m2, t ? mm ()",NOT_ITEMISED (inside the V3b slab plate or not measured; not established),"{""blocked_categories"": ""[]"", ""panel_owned_kg_S7"": """", ""released_items"": ""0""}",none - S7 CLASSIFICATION_BLOCKED,S8 CANTILEVER_OR_BEARING_WALL_BAND,WHOLE_ELEMENT,PROJECT_GEOMETRY (slab face) + plan bar tokens,the legend draws the cantilever portion and the bearing wall with the same dense hatch,,COUNTED_S8_CANDIDATE,PRE-S7 01_SLAB_PANEL_CENSUS + S7 05_S7_PANEL_SUMMARY
HZ-FFRS-5E0,ELEMENT,,CANTILEVER_OR_BEARING_WALL_BAND,1F_ROOF_SLAB,5,"[""5E0""]","1.35 m2, t ? mm ()",NOT_ITEMISED (inside the V3b slab plate or not measured; not established),"{""blocked_categories"": ""[]"", ""panel_owned_kg_S7"": """", ""released_items"": ""0""}",none - S7 CLASSIFICATION_BLOCKED,S8 CANTILEVER_OR_BEARING_WALL_BAND,WHOLE_ELEMENT,PROJECT_GEOMETRY (slab face) + plan bar tokens,the legend draws the cantilever portion and the bearing wall with the same dense hatch,,COUNTED_S8_CANDIDATE,PRE-S7 01_SLAB_PANEL_CENSUS + S7 05_S7_PANEL_SUMMARY
SP-GBP-02,FACE_OF_ELEMENT,SPC-GROUND_SLAB,GROUND_SLAB (cell),GROUND,3,"[""1|158"", ""1|7C3"", ""1|7CD"", ""1|7DE"", ""S-COL.BON|17BA"", ""S-COL.BON|241"", ""S-COL.BON|245""]","10.912 m2, t 100 mm (FLOOR_SPECIFIC_NOTE)",V3b B0009 C-GSLAB-ZONE-1: technical DERIVED 7.041 m3; V3b B0010 C-GSLAB-ZONE-2: technical DERIVED 4.4983 m3; CR GROUND_SLAB coverage 53.1 % (T=10 printed in two zones only),"[""MESH 5Ø10/m E.W. (P3-GROUND-SLAB, two printed zones):NOT_IN_S3_S7"", ""V3b R-GROUND_SLAB-GF DERIVED (pre-S stage, not a S3-S7 release)""]",none (no S3-S7 stage),S8 GROUND_SLAB,WHOLE_ELEMENT,PROJECT_GEOMETRY (cell) + PROJECT_SOURCE note (two zones),,,COUNTED_S8_CANDIDATE,S1 SLAB_PANEL_REGISTER (GBP)
SP-GBP-03,FACE_OF_ELEMENT,SPC-GROUND_SLAB,GROUND_SLAB (cell),GROUND,3,"[""1|17E"", ""1|183"", ""1|7C3"", ""1|7E6"", ""S-COL.BON|1E4""]","1.704 m2, t 100 mm (FLOOR_SPECIFIC_NOTE)",V3b B0009 C-GSLAB-ZONE-1: technical DERIVED 7.041 m3; V3b B0010 C-GSLAB-ZONE-2: technical DERIVED 4.4983 m3; CR GROUND_SLAB coverage 53.1 % (T=10 printed in two zones only),"[""MESH 5Ø10/m E.W. (P3-GROUND-SLAB, two printed zones):NOT_IN_S3_S7"", ""V3b R-GROUND_SLAB-GF DERIVED (pre-S stage, not a S3-S7 release)""]",none (no S3-S7 stage),S8 GROUND_SLAB,WHOLE_ELEMENT,PROJECT_GEOMETRY (cell) + PROJECT_SOURCE note (two zones),,,COUNTED_S8_CANDIDATE,S1 SLAB_PANEL_REGISTER (GBP)
SP-GBP-04,FACE_OF_ELEMENT,SPC-GROUND_SLAB,GROUND_SLAB (cell),GROUND,3,"[""1|15D"", ""1|15E"", ""1|16F"", ""1|7C3"", ""S-COL.BON|1E0""]","2.062 m2, t 100 mm (FLOOR_SPECIFIC_NOTE)",V3b B0009 C-GSLAB-ZONE-1: technical DERIVED 7.041 m3; V3b B0010 C-GSLAB-ZONE-2: technical DERIVED 4.4983 m3; CR GROUND_SLAB coverage 53.1 % (T=10 printed in two zones only),"[""MESH 5Ø10/m E.W. (P3-GROUND-SLAB, two printed zones):NOT_IN_S3_S7"", ""V3b R-GROUND_SLAB-GF DERIVED (pre-S stage, not a S3-S7 release)""]",none (no S3-S7 stage),S8 GROUND_SLAB,WHOLE_ELEMENT,PROJECT_GEOMETRY (cell) + PROJECT_SOURCE note (two zones),,,COUNTED_S8_CANDIDATE,S1 SLAB_PANEL_REGISTER (GBP)
SP-GBP-05,FACE_OF_ELEMENT,SPC-GROUND_SLAB,GROUND_SLAB (cell),GROUND,3,"[""1|175"", ""1|176"", ""1|180"", ""1|180D"", ""1|7C3""]","3.834 m2, t 100 mm (FLOOR_SPECIFIC_NOTE)",V3b B0009 C-GSLAB-ZONE-1: technical DERIVED 7.041 m3; V3b B0010 C-GSLAB-ZONE-2: technical DERIVED 4.4983 m3; CR GROUND_SLAB coverage 53.1 % (T=10 printed in two zones only),"[""MESH 5Ø10/m E.W. (P3-GROUND-SLAB, two printed zones):NOT_IN_S3_S7"", ""V3b R-GROUND_SLAB-GF DERIVED (pre-S stage, not a S3-S7 release)""]",none (no S3-S7 stage),S8 GROUND_SLAB,WHOLE_ELEMENT,PROJECT_GEOMETRY (cell) + PROJECT_SOURCE note (two zones),,,COUNTED_S8_CANDIDATE,S1 SLAB_PANEL_REGISTER (GBP)
SP-GBP-06,FACE_OF_ELEMENT,SPC-GROUND_SLAB,GROUND_SLAB (cell),GROUND,3,"[""1|175"", ""1|176"", ""1|180E"", ""1|7CD""]","3.255 m2, t 100 mm (FLOOR_SPECIFIC_NOTE)",V3b B0009 C-GSLAB-ZONE-1: technical DERIVED 7.041 m3; V3b B0010 C-GSLAB-ZONE-2: technical DERIVED 4.4983 m3; CR GROUND_SLAB coverage 53.1 % (T=10 printed in two zones only),"[""MESH 5Ø10/m E.W. (P3-GROUND-SLAB, two printed zones):NOT_IN_S3_S7"", ""V3b R-GROUND_SLAB-GF DERIVED (pre-S stage, not a S3-S7 release)""]",none (no S3-S7 stage),S8 GROUND_SLAB,WHOLE_ELEMENT,PROJECT_GEOMETRY (cell) + PROJECT_SOURCE note (two zones),,,COUNTED_S8_CANDIDATE,S1 SLAB_PANEL_REGISTER (GBP)
SP-GBP-07,FACE_OF_ELEMENT,SPC-GROUND_SLAB,GROUND_SLAB (cell),GROUND,3,"[""1|158"", ""1|177"", ""1|7CE"", ""1|7DF"", ""1|7E8"", ""S-COL.BON|17BD""]","2.053 m2, t 100 mm (FLOOR_SPECIFIC_NOTE)",V3b B0009 C-GSLAB-ZONE-1: technical DERIVED 7.041 m3; V3b B0010 C-GSLAB-ZONE-2: technical DERIVED 4.4983 m3; CR GROUND_SLAB coverage 53.1 % (T=10 printed in two zones only),"[""MESH 5Ø10/m E.W. (P3-GROUND-SLAB, two printed zones):NOT_IN_S3_S7"", ""V3b R-GROUND_SLAB-GF DERIVED (pre-S stage, not a S3-S7 release)""]",none (no S3-S7 stage),S8 GROUND_SLAB,WHOLE_ELEMENT,PROJECT_GEOMETRY (cell) + PROJECT_SOURCE note (two zones),,,COUNTED_S8_CANDIDATE,S1 SLAB_PANEL_REGISTER (GBP)
SP-GBP-08,FACE_OF_ELEMENT,SPC-GROUND_SLAB,GROUND_SLAB (cell),GROUND,3,"[""1|177"", ""1|7DD"", ""1|7E7"", ""1|7E9"", ""S-COL.BON|245""]","14.893 m2, t 100 mm (FLOOR_SPECIFIC_NOTE)",V3b B0009 C-GSLAB-ZONE-1: technical DERIVED 7.041 m3; V3b B0010 C-GSLAB-ZONE-2: technical DERIVED 4.4983 m3; CR GROUND_SLAB coverage 53.1 % (T=10 printed in two zones only),"[""MESH 5Ø10/m E.W. (P3-GROUND-SLAB, two printed zones):NOT_IN_S3_S7"", ""V3b R-GROUND_SLAB-GF DERIVED (pre-S stage, not a S3-S7 release)""]",none (no S3-S7 stage),S8 GROUND_SLAB,WHOLE_ELEMENT,PROJECT_GEOMETRY (cell) + PROJECT_SOURCE note (two zones),,,COUNTED_S8_CANDIDATE,S1 SLAB_PANEL_REGISTER (GBP)
SP-GBP-09,FACE_OF_ELEMENT,SPC-GROUND_SLAB,GROUND_SLAB (cell),GROUND,3,"[""1|109"", ""1|145"", ""1|7C7"", ""1|7DB"", ""S-COL.BON|228"", ""S-COL.BON|230""]","4.18 m2, t 100 mm (FLOOR_SPECIFIC_NOTE)",V3b B0009 C-GSLAB-ZONE-1: technical DERIVED 7.041 m3; V3b B0010 C-GSLAB-ZONE-2: technical DERIVED 4.4983 m3; CR GROUND_SLAB coverage 53.1 % (T=10 printed in two zones only),"[""MESH 5Ø10/m E.W. (P3-GROUND-SLAB, two printed zones):NOT_IN_S3_S7"", ""V3b R-GROUND_SLAB-GF DERIVED (pre-S stage, not a S3-S7 release)""]",none (no S3-S7 stage),S8 GROUND_SLAB,WHOLE_ELEMENT,PROJECT_GEOMETRY (cell) + PROJECT_SOURCE note (two zones),,,COUNTED_S8_CANDIDATE,S1 SLAB_PANEL_REGISTER (GBP)
SP-GBP-10,FACE_OF_ELEMENT,SPC-GROUND_SLAB,GROUND_SLAB (cell),GROUND,3,"[""1|13E"", ""1|13F"", ""1|7D2"", ""1|7D9"", ""S-COL.BON|211""]","2.683 m2, t 100 mm (FLOOR_SPECIFIC_NOTE)",V3b B0009 C-GSLAB-ZONE-1: technical DERIVED 7.041 m3; V3b B0010 C-GSLAB-ZONE-2: technical DERIVED 4.4983 m3; CR GROUND_SLAB coverage 53.1 % (T=10 printed in two zones only),"[""MESH 5Ø10/m E.W. (P3-GROUND-SLAB, two printed zones):NOT_IN_S3_S7"", ""V3b R-GROUND_SLAB-GF DERIVED (pre-S stage, not a S3-S7 release)""]",none (no S3-S7 stage),S8 GROUND_SLAB,WHOLE_ELEMENT,PROJECT_GEOMETRY (cell) + PROJECT_SOURCE note (two zones),,,COUNTED_S8_CANDIDATE,S1 SLAB_PANEL_REGISTER (GBP)
SP-GBP-11,FACE_OF_ELEMENT,SPC-GROUND_SLAB,GROUND_SLAB (cell),GROUND,3,"[""1|7CF"", ""1|7DD"", ""1|7E7"", ""1|7EA"", ""S-COL.BON|23C"", ""S-COL.BON|24D""]","14.893 m2, t 100 mm (FLOOR_SPECIFIC_NOTE)",V3b B0009 C-GSLAB-ZONE-1: technical DERIVED 7.041 m3; V3b B0010 C-GSLAB-ZONE-2: technical DERIVED 4.4983 m3; CR GROUND_SLAB coverage 53.1 % (T=10 printed in two zones only),"[""MESH 5Ø10/m E.W. (P3-GROUND-SLAB, two printed zones):NOT_IN_S3_S7"", ""V3b R-GROUND_SLAB-GF DERIVED (pre-S stage, not a S3-S7 release)""]",none (no S3-S7 stage),S8 GROUND_SLAB,WHOLE_ELEMENT,PROJECT_GEOMETRY (cell) + PROJECT_SOURCE note (two zones),,,COUNTED_S8_CANDIDATE,S1 SLAB_PANEL_REGISTER (GBP)
SP-GBP-12,FACE_OF_ELEMENT,SPC-STAIR-SP-GBP-12,STAIR_AND_LANDING (ground flight),GROUND,3,"[""1|17D"", ""1|7CF"", ""1|7DC"", ""1|7E1""]","8.372 m2, t ? mm (BLOCKED)","V3b B0031 C-STAIR: technical BLOCKED (commercial PROVISIONAL_CODE_METHOD 5.2312 m3, not technical)","[""P16 stair bars:NOT_QUANTIFIED""]",none (no S3-S7 stage),S8 STAIR,WHOLE_ELEMENT,PROJECT_GEOMETRY (cell) + PROJECT_SOURCE note (two zones),thickness / mesh not printed for this cell,,COUNTED_S8_CANDIDATE,S1 SLAB_PANEL_REGISTER (GBP)
SP-GBP-13,FACE_OF_ELEMENT,SPC-GROUND_SLAB,GROUND_SLAB (cell),GROUND,3,"[""1|114"", ""1|7CF"", ""1|7E0"", ""1|7E8"", ""S-COL.BON|1FC"", ""S-COL.BON|238"", ""S-COL.BON|7ED"", ""S-COL.BON|809""]","24.505 m2, t 100 mm (FLOOR_SPECIFIC_NOTE)",V3b B0009 C-GSLAB-ZONE-1: technical DERIVED 7.041 m3; V3b B0010 C-GSLAB-ZONE-2: technical DERIVED 4.4983 m3; CR GROUND_SLAB coverage 53.1 % (T=10 printed in two zones only),"[""MESH 5Ø10/m E.W. (P3-GROUND-SLAB, two printed zones):NOT_IN_S3_S7"", ""V3b R-GROUND_SLAB-GF DERIVED (pre-S stage, not a S3-S7 release)""]",none (no S3-S7 stage),S8 GROUND_SLAB,WHOLE_ELEMENT,PROJECT_GEOMETRY (cell) + PROJECT_SOURCE note (two zones),,,COUNTED_S8_CANDIDATE,S1 SLAB_PANEL_REGISTER (GBP)
SP-GBP-14,FACE_OF_ELEMENT,SPC-GROUND_SLAB,GROUND_SLAB (cell),GROUND,3,"[""1|138"", ""1|13A"", ""1|7D4"", ""1|7D5"", ""1|7D6"", ""S-COL.BON|204"", ""S-COL.BON|207"", ""S-COL.BON|214""]","22.964 m2, t 100 mm (FLOOR_SPECIFIC_NOTE)",V3b B0009 C-GSLAB-ZONE-1: technical DERIVED 7.041 m3; V3b B0010 C-GSLAB-ZONE-2: technical DERIVED 4.4983 m3; CR GROUND_SLAB coverage 53.1 % (T=10 printed in two zones only),"[""MESH 5Ø10/m E.W. (P3-GROUND-SLAB, two printed zones):NOT_IN_S3_S7"", ""V3b R-GROUND_SLAB-GF DERIVED (pre-S stage, not a S3-S7 release)""]",none (no S3-S7 stage),S8 GROUND_SLAB,WHOLE_ELEMENT,PROJECT_GEOMETRY (cell) + PROJECT_SOURCE note (two zones),,,COUNTED_S8_CANDIDATE,S1 SLAB_PANEL_REGISTER (GBP)
SP-GBP-15,FACE_OF_ELEMENT,SPC-GROUND_SLAB,GROUND_SLAB (cell),GROUND,3,"[""1|140"", ""1|7D2"", ""1|7D3"", ""1|7D4"", ""S-COL.BON|20B""]","6.88 m2, t 100 mm (FLOOR_SPECIFIC_NOTE)",V3b B0009 C-GSLAB-ZONE-1: technical DERIVED 7.041 m3; V3b B0010 C-GSLAB-ZONE-2: technical DERIVED 4.4983 m3; CR GROUND_SLAB coverage 53.1 % (T=10 printed in two zones only),"[""MESH 5Ø10/m E.W. (P3-GROUND-SLAB, two printed zones):NOT_IN_S3_S7"", ""V3b R-GROUND_SLAB-GF DERIVED (pre-S stage, not a S3-S7 release)""]",none (no S3-S7 stage),S8 GROUND_SLAB,WHOLE_ELEMENT,PROJECT_GEOMETRY (cell) + PROJECT_SOURCE note (two zones),,,COUNTED_S8_CANDIDATE,S1 SLAB_PANEL_REGISTER (GBP)
SP-GBP-16,FACE_OF_ELEMENT,SPC-GROUND_SLAB,GROUND_SLAB (cell),GROUND,3,"[""1|109"", ""1|7C9"", ""1|7CA"", ""1|7D0"", ""S-COL.BON|218"", ""S-COL.BON|220""]","11.61 m2, t 100 mm (FLOOR_SPECIFIC_NOTE)",V3b B0009 C-GSLAB-ZONE-1: technical DERIVED 7.041 m3; V3b B0010 C-GSLAB-ZONE-2: technical DERIVED 4.4983 m3; CR GROUND_SLAB coverage 53.1 % (T=10 printed in two zones only),"[""MESH 5Ø10/m E.W. (P3-GROUND-SLAB, two printed zones):NOT_IN_S3_S7"", ""V3b R-GROUND_SLAB-GF DERIVED (pre-S stage, not a S3-S7 release)""]",none (no S3-S7 stage),S8 GROUND_SLAB,WHOLE_ELEMENT,PROJECT_GEOMETRY (cell) + PROJECT_SOURCE note (two zones),,,COUNTED_S8_CANDIDATE,S1 SLAB_PANEL_REGISTER (GBP)
SP-GBP-17,FACE_OF_ELEMENT,SPC-GROUND_SLAB,GROUND_SLAB (cell),GROUND,3,"[""1|7CB"", ""1|7D0"", ""1|7E1"", ""1|7E4"", ""S-COL.BON|249""]","14.526 m2, t 100 mm (FLOOR_SPECIFIC_NOTE)",V3b B0009 C-GSLAB-ZONE-1: technical DERIVED 7.041 m3; V3b B0010 C-GSLAB-ZONE-2: technical DERIVED 4.4983 m3; CR GROUND_SLAB coverage 53.1 % (T=10 printed in two zones only),"[""MESH 5Ø10/m E.W. (P3-GROUND-SLAB, two printed zones):NOT_IN_S3_S7"", ""V3b R-GROUND_SLAB-GF DERIVED (pre-S stage, not a S3-S7 release)""]",none (no S3-S7 stage),S8 GROUND_SLAB,WHOLE_ELEMENT,PROJECT_GEOMETRY (cell) + PROJECT_SOURCE note (two zones),,,COUNTED_S8_CANDIDATE,S1 SLAB_PANEL_REGISTER (GBP)
SP-GBP-18,FACE_OF_ELEMENT,SPC-GROUND_SLAB,GROUND_SLAB (cell),GROUND,3,"[""1|7D1"", ""1|7D2"", ""1|7D7"", ""1|7D8"", ""S-COL.BON|223"", ""S-COL.BON|22C""]","6.86 m2, t 100 mm (FLOOR_SPECIFIC_NOTE)",V3b B0009 C-GSLAB-ZONE-1: technical DERIVED 7.041 m3; V3b B0010 C-GSLAB-ZONE-2: technical DERIVED 4.4983 m3; CR GROUND_SLAB coverage 53.1 % (T=10 printed in two zones only),"[""MESH 5Ø10/m E.W. (P3-GROUND-SLAB, two printed zones):NOT_IN_S3_S7"", ""V3b R-GROUND_SLAB-GF DERIVED (pre-S stage, not a S3-S7 release)""]",none (no S3-S7 stage),S8 GROUND_SLAB,WHOLE_ELEMENT,PROJECT_GEOMETRY (cell) + PROJECT_SOURCE note (two zones),,,COUNTED_S8_CANDIDATE,S1 SLAB_PANEL_REGISTER (GBP)
SP-GBP-19,FACE_OF_ELEMENT,SPC-GROUND_SLAB,GROUND_SLAB (cell),GROUND,3,"[""1|13C"", ""1|13E"", ""1|13F"", ""1|7D4""]","3.118 m2, t 100 mm (FLOOR_SPECIFIC_NOTE)",V3b B0009 C-GSLAB-ZONE-1: technical DERIVED 7.041 m3; V3b B0010 C-GSLAB-ZONE-2: technical DERIVED 4.4983 m3; CR GROUND_SLAB coverage 53.1 % (T=10 printed in two zones only),"[""MESH 5Ø10/m E.W. (P3-GROUND-SLAB, two printed zones):NOT_IN_S3_S7"", ""V3b R-GROUND_SLAB-GF DERIVED (pre-S stage, not a S3-S7 release)""]",none (no S3-S7 stage),S8 GROUND_SLAB,WHOLE_ELEMENT,PROJECT_GEOMETRY (cell) + PROJECT_SOURCE note (two zones),,,COUNTED_S8_CANDIDATE,S1 SLAB_PANEL_REGISTER (GBP)
SP-GBP-20,FACE_OF_ELEMENT,SPC-GROUND_SLAB,GROUND_SLAB (cell),GROUND,3,"[""1|142"", ""1|7D4"", ""1|7D7"", ""1|7DA""]","1.44 m2, t 100 mm (FLOOR_SPECIFIC_NOTE)",V3b B0009 C-GSLAB-ZONE-1: technical DERIVED 7.041 m3; V3b B0010 C-GSLAB-ZONE-2: technical DERIVED 4.4983 m3; CR GROUND_SLAB coverage 53.1 % (T=10 printed in two zones only),"[""MESH 5Ø10/m E.W. (P3-GROUND-SLAB, two printed zones):NOT_IN_S3_S7"", ""V3b R-GROUND_SLAB-GF DERIVED (pre-S stage, not a S3-S7 release)""]",none (no S3-S7 stage),S8 GROUND_SLAB,WHOLE_ELEMENT,PROJECT_GEOMETRY (cell) + PROJECT_SOURCE note (two zones),,,COUNTED_S8_CANDIDATE,S1 SLAB_PANEL_REGISTER (GBP)
SP-GBP-21,FACE_OF_ELEMENT,SPC-GROUND_SLAB,GROUND_SLAB (cell),GROUND,3,"[""1|141"", ""1|142"", ""1|7D1"", ""1|7D4""]","1.14 m2, t 100 mm (FLOOR_SPECIFIC_NOTE)",V3b B0009 C-GSLAB-ZONE-1: technical DERIVED 7.041 m3; V3b B0010 C-GSLAB-ZONE-2: technical DERIVED 4.4983 m3; CR GROUND_SLAB coverage 53.1 % (T=10 printed in two zones only),"[""MESH 5Ø10/m E.W. (P3-GROUND-SLAB, two printed zones):NOT_IN_S3_S7"", ""V3b R-GROUND_SLAB-GF DERIVED (pre-S stage, not a S3-S7 release)""]",none (no S3-S7 stage),S8 GROUND_SLAB,WHOLE_ELEMENT,PROJECT_GEOMETRY (cell) + PROJECT_SOURCE note (two zones),,,COUNTED_S8_CANDIDATE,S1 SLAB_PANEL_REGISTER (GBP)
SP-GBP-22,FACE_OF_ELEMENT,SPC-GROUND_SLAB,GROUND_SLAB (cell),GROUND,3,"[""1|17D"", ""1|184"", ""1|7D0"", ""1|7E5"", ""S-COL.BON|23C"", ""S-COL.BON|24D"", ""S-COL.BON|251""]","8.124 m2, t 100 mm (FLOOR_SPECIFIC_NOTE)",V3b B0009 C-GSLAB-ZONE-1: technical DERIVED 7.041 m3; V3b B0010 C-GSLAB-ZONE-2: technical DERIVED 4.4983 m3; CR GROUND_SLAB coverage 53.1 % (T=10 printed in two zones only),"[""MESH 5Ø10/m E.W. (P3-GROUND-SLAB, two printed zones):NOT_IN_S3_S7"", ""V3b R-GROUND_SLAB-GF DERIVED (pre-S stage, not a S3-S7 release)""]",none (no S3-S7 stage),S8 GROUND_SLAB,WHOLE_ELEMENT,PROJECT_GEOMETRY (cell) + PROJECT_SOURCE note (two zones),,,COUNTED_S8_CANDIDATE,S1 SLAB_PANEL_REGISTER (GBP)
SP-GBP-23,FACE_OF_ELEMENT,SPC-GROUND_SLAB,GROUND_SLAB (cell),GROUND,3,"[""1|17B"", ""1|184"", ""1|7D0"", ""1|7E0"", ""S-COL.BON|200"", ""S-COL.BON|255""]","6.0 m2, t 100 mm (FLOOR_SPECIFIC_NOTE)",V3b B0009 C-GSLAB-ZONE-1: technical DERIVED 7.041 m3; V3b B0010 C-GSLAB-ZONE-2: technical DERIVED 4.4983 m3; CR GROUND_SLAB coverage 53.1 % (T=10 printed in two zones only),"[""MESH 5Ø10/m E.W. (P3-GROUND-SLAB, two printed zones):NOT_IN_S3_S7"", ""V3b R-GROUND_SLAB-GF DERIVED (pre-S stage, not a S3-S7 release)""]",none (no S3-S7 stage),S8 GROUND_SLAB,WHOLE_ELEMENT,PROJECT_GEOMETRY (cell) + PROJECT_SOURCE note (two zones),,,COUNTED_S8_CANDIDATE,S1 SLAB_PANEL_REGISTER (GBP)
SPC-TURN_COLUMN-GFRS-31F,COMPONENT_EVIDENCE,COL-C8-X15-Y06-GF,SPECIAL_COLUMN (twisted),GF_ROOF_SLAB,4; 15,"[""SLABLABEL:GFRS:31F""]",T.C,NOT_MEASURED (no Urban concrete line),"[""rule P15-TWISTED: CANDIDATE""]",none (no S3-S7 stage),S8 SPECIAL_COLUMN extras (4Ø16 + spiral 6Ø8/m x 2 m),COMPONENT_OF_OWNED_ELEMENT,S1 COUNTED_DEFINITION_PARTIAL,extra-bar lengths at the floor (1 m above / below printed; anchorage not),,COUNTED_S8_CANDIDATE,S1 SPECIAL_STRUCTURAL_OCCURRENCE_REGISTER
SPC-TURN_COLUMN-GFRS-324,COMPONENT_EVIDENCE,COL-C9-X13-Y08-GF,SPECIAL_COLUMN (twisted),GF_ROOF_SLAB,4; 15,"[""SLABLABEL:GFRS:324""]",T.C,NOT_MEASURED (no Urban concrete line),"[""rule P15-TWISTED: CANDIDATE""]",none (no S3-S7 stage),S8 SPECIAL_COLUMN extras (4Ø16 + spiral 6Ø8/m x 2 m),COMPONENT_OF_OWNED_ELEMENT,S1 COUNTED_DEFINITION_PARTIAL,extra-bar lengths at the floor (1 m above / below printed; anchorage not),,COUNTED_S8_CANDIDATE,S1 SPECIAL_STRUCTURAL_OCCURRENCE_REGISTER
SPC-DEAD_COLUMN-GFRS-38A,COMPONENT_EVIDENCE,COL-C11-X06-Y04-GF,SPECIAL_COLUMN (dead),GF_ROOF_SLAB,4,"[""SLABLABEL:GFRS:38A""]",D.C,NOT_MEASURED (no Urban concrete line),"[""rule P3-LEGEND: EXACT_RULE""]",none (no S3-S7 stage),S8 SPECIAL_COLUMN (termination detail),COMPONENT_OF_OWNED_ELEMENT,S1 COUNTED_DEFINITION_PARTIAL,termination detail of a dead column not drawn,,COUNTED_S8_CANDIDATE,S1 SPECIAL_STRUCTURAL_OCCURRENCE_REGISTER
SPC-PLANTED_COLUMN-GFRS-544,COMPONENT_EVIDENCE,COL-P.C-X08-Y02-1F,SPECIAL_COLUMN (planted),GF_ROOF_SLAB,4-5; 15,"[""SLABLABEL:GFRS:544""]",P.C 20x70,NOT_MEASURED (no Urban concrete line),"[""rule P15-PLANTED: CANDIDATE""]",S6.1 carrying-beam extra (planted_column_extra delta) / column not in S3.1,S8 SPECIAL_COLUMN (column + 4Ø16 support bars),COMPONENT_OF_OWNED_ELEMENT,S1 COUNTED_DEFINITION_PARTIAL,planted column height / schedule row; the carrying beam extra is partly in S6.1,,COUNTED_S8_CANDIDATE,S1 SPECIAL_STRUCTURAL_OCCURRENCE_REGISTER
SPC-PLANTED_COLUMN-GFRS-548,COMPONENT_EVIDENCE,COL-P.C-X15-Y02-1F,SPECIAL_COLUMN (planted),GF_ROOF_SLAB,4-5; 15,"[""SLABLABEL:GFRS:548""]",P.C 20x50,NOT_MEASURED (no Urban concrete line),"[""rule P15-PLANTED: CANDIDATE""]",S6.1 carrying-beam extra (planted_column_extra delta) / column not in S3.1,S8 SPECIAL_COLUMN (column + 4Ø16 support bars),COMPONENT_OF_OWNED_ELEMENT,S1 COUNTED_DEFINITION_PARTIAL,planted column height / schedule row; the carrying beam extra is partly in S6.1,,COUNTED_S8_CANDIDATE,S1 SPECIAL_STRUCTURAL_OCCURRENCE_REGISTER
SPC-PLANTED_COLUMN-FFRS-77C,COMPONENT_EVIDENCE,COL-P.C-X?-Y?@24888-15994-2F,SPECIAL_COLUMN (planted),1F_ROOF_SLAB,4-5; 15,"[""SLABLABEL:FFRS:77C""]",P.C 20x50,NOT_MEASURED (no Urban concrete line),"[""rule P15-PLANTED: CANDIDATE""]",S6.1 carrying-beam extra (planted_column_extra delta) / column not in S3.1,S8 SPECIAL_COLUMN (column + 4Ø16 support bars),COMPONENT_OF_OWNED_ELEMENT,S1 COUNTED_DEFINITION_PARTIAL,planted column height / schedule row; the carrying beam extra is partly in S6.1,,COUNTED_S8_CANDIDATE,S1 SPECIAL_STRUCTURAL_OCCURRENCE_REGISTER
SPC-STAIR-SP-GF_ROOF_SLAB-03,ELEMENT,,STAIR_AND_LANDING,GF_ROOF_SLAB,3-5; 16,[],,"V3b B0031 C-STAIR: technical BLOCKED (commercial PROVISIONAL_CODE_METHOD 5.2312 m3, not technical)","[""rule P16-STAIR: BLOCKED_METHOD""]",none (no S3-S7 stage),S8 STAIR,WHOLE_ELEMENT,S1 COUNTED_BLOCKED,"waist thickness, riser height, landing levels per flight",,COUNTED_S8_CANDIDATE,S1 SPECIAL_STRUCTURAL_OCCURRENCE_REGISTER
SPC-STAIR-SP-GF_ROOF_SLAB-21,ELEMENT,,STAIR_AND_LANDING,GF_ROOF_SLAB,3-5; 16,[],,"V3b B0031 C-STAIR: technical BLOCKED (commercial PROVISIONAL_CODE_METHOD 5.2312 m3, not technical)","[""rule P16-STAIR: BLOCKED_METHOD""]",none (no S3-S7 stage),S8 STAIR,WHOLE_ELEMENT,S1 COUNTED_BLOCKED,"waist thickness, riser height, landing levels per flight",,COUNTED_S8_CANDIDATE,S1 SPECIAL_STRUCTURAL_OCCURRENCE_REGISTER
SPC-STAIR-SP-GF_ROOF_SLAB-28,ELEMENT,,STAIR_AND_LANDING,GF_ROOF_SLAB,3-5; 16,[],,"V3b B0031 C-STAIR: technical BLOCKED (commercial PROVISIONAL_CODE_METHOD 5.2312 m3, not technical)","[""rule P16-STAIR: BLOCKED_METHOD""]",none (no S3-S7 stage),S8 STAIR,WHOLE_ELEMENT,S1 COUNTED_BLOCKED,"waist thickness, riser height, landing levels per flight",,COUNTED_S8_CANDIDATE,S1 SPECIAL_STRUCTURAL_OCCURRENCE_REGISTER
SPC-STAIR-SP-1F_ROOF_SLAB-01,ELEMENT,,STAIR_AND_LANDING,1F_ROOF_SLAB,3-5; 16,[],,"V3b B0031 C-STAIR: technical BLOCKED (commercial PROVISIONAL_CODE_METHOD 5.2312 m3, not technical)","[""rule P16-STAIR: BLOCKED_METHOD""]",none (no S3-S7 stage),S8 STAIR,WHOLE_ELEMENT,S1 COUNTED_BLOCKED,"waist thickness, riser height, landing levels per flight",,COUNTED_S8_CANDIDATE,S1 SPECIAL_STRUCTURAL_OCCURRENCE_REGISTER
SPC-STAIR-SP-GBP-12,ELEMENT,,STAIR_AND_LANDING,GROUND_SLAB_SOG,3-5; 16,[],,"V3b B0031 C-STAIR: technical BLOCKED (commercial PROVISIONAL_CODE_METHOD 5.2312 m3, not technical)","[""rule P16-STAIR: BLOCKED_METHOD""]",none (no S3-S7 stage),S8 STAIR,WHOLE_ELEMENT,S1 COUNTED_BLOCKED,"waist thickness, riser height, landing levels per flight",,COUNTED_S8_CANDIDATE,S1 SPECIAL_STRUCTURAL_OCCURRENCE_REGISTER
SPC-STAIR_BEAM-GFRS-6B6,COMPONENT_EVIDENCE,BM-GF_ROOF-B3-BL033-6B7,STAIR_BEAM,GF_ROOF,4-5; 10,"[""STAIRQUAL:GFRS:6B6""]",,NOT_MEASURED (no Urban concrete line),"[""rule schedule row of the tag: see rule register""]",S6.1 (stair-qualified beam tag),NONE (stays with the existing stage),,S1 COUNTED_AND_DEFINED,,,COUNTED_OWNED,S1 SPECIAL_STRUCTURAL_OCCURRENCE_REGISTER
SPC-STAIR_BEAM-GFRS-1826,COMPONENT_EVIDENCE,CBO-GFRS-CB3-BL022,STAIR_BEAM,GF_ROOF,4-5; 10,"[""STAIRQUAL:GFRS:1826""]",,NOT_MEASURED (no Urban concrete line),"[""rule schedule row of the tag: see rule register""]",S6.1 (stair-qualified beam tag),NONE (stays with the existing stage),,S1 COUNTED_AND_DEFINED,,,COUNTED_OWNED,S1 SPECIAL_STRUCTURAL_OCCURRENCE_REGISTER
SPC-STAIR_BEAM-FFRS-6B8,COMPONENT_EVIDENCE,BM-1F_ROOF-B3-BL023-6B9,STAIR_BEAM,1F_ROOF,4-5; 10,"[""STAIRQUAL:FFRS:6B8""]",,NOT_MEASURED (no Urban concrete line),"[""rule schedule row of the tag: see rule register""]",S6.1 (stair-qualified beam tag),NONE (stays with the existing stage),,S1 COUNTED_AND_DEFINED,,,COUNTED_OWNED,S1 SPECIAL_STRUCTURAL_OCCURRENCE_REGISTER
SPC-LIFT_PIT,ELEMENT,,LIFT_PIT_AND_WALLS,FOUNDATION,2; 9 (FF); 14,[],,NOT_MEASURED (no Urban concrete line),"[""rule P14-LIFT: BLOCKED_METHOD""]",none (no S3-S7 stage),S8 LIFT,WHOLE_ELEMENT,S1 COUNTED_BLOCKED,"pit depth ('As Per Lift Manufactures recommendations'), wall plan outline, wall height",,COUNTED_S8_CANDIDATE,S1 SPECIAL_STRUCTURAL_OCCURRENCE_REGISTER
SPC-LIFT_TIE_BEAM-GF,ELEMENT,,LIFT_TIE_BEAM (conditional),GF,8 note 19,[],,NOT_MEASURED (no Urban concrete line),"[""rule P8-N19: EXACT_RULE""]",none (no S3-S7 stage),S8 LIFT (only if the storey height > 4.30 m),WHOLE_ELEMENT,S1 COUNTED_BLOCKED,storey heights at the lift; tie-beam section,,COUNTED_S8_CANDIDATE,S1 SPECIAL_STRUCTURAL_OCCURRENCE_REGISTER
SPC-LINTELS,POPULATION_RECORD,,LINTEL,ALL,13 schedule; architectural openings,[],,V3b B0017 C-LINT-GF: technical DERIVED 2.726 m3; V3b B0024 C-LINT-1F: technical DERIVED 1.493 m3; V3b B0030 C-LINT-2F: technical DERIVED 0.53 m3,"[""rule P13-LINTEL: see rule register""]",none (no S3-S7 stage),S8 LINTEL,WHOLE_ELEMENT,S1 COUNTED_BLOCKED,opening register binding (architectural),,COUNTED_S8_CANDIDATE,S1 SPECIAL_STRUCTURAL_OCCURRENCE_REGISTER
SPC-BOUNDARY_WALL,POPULATION_RECORD,,"BOUNDARY_WALL (RC columns 20x30, GB 20x40, pads 130x80x30)",SITE,14,[],,"V3b B0041 C-BWALL: technical BLOCKED (commercial PROVISIONAL_SOURCE_DERIVED 5.2884 m3, not technical)","[""rule P14-BOUNDARY: SOURCE_CONFLICT""]",none (no S3-S7 stage),S8 BOUNDARY_WALL,WHOLE_ELEMENT,S1 COUNTED_BLOCKED,column / pad spacing on a plan; B.W schedule row not bound to a run,,COUNTED_S8_CANDIDATE,S1 SPECIAL_STRUCTURAL_OCCURRENCE_REGISTER
SPC-PARAPET-GFRS,POPULATION_RECORD,,RC_PARAPET,GF_ROOF_SLAB,4-6 note 1; 14,"[""NOTE:GFRS:D3""]",,NOT_MEASURED (no Urban concrete line),"[""P14 parapet sections (TYPICAL DETAIL OF PARAPET SECTION / DETAIL OF PARAPET SECTION (5Ø12/m, 5Ø10/m, 6Ø10/m, 6Ø12/m; 30 x 130; 15/15):NOT_QUANTIFIED""]",none (no S3-S7 stage),S8 PARAPET,WHOLE_ELEMENT,S1 COUNTED_BLOCKED,parapet run and height (architectural); RC vs masonry not stated per run,,COUNTED_S8_CANDIDATE,S1 SPECIAL_STRUCTURAL_OCCURRENCE_REGISTER
SPC-PARAPET-FFRS,POPULATION_RECORD,,RC_PARAPET,1F_ROOF_SLAB,4-6 note 1; 14,"[""NOTE:FFRS:DD""]",,NOT_MEASURED (no Urban concrete line),"[""P14 parapet sections (TYPICAL DETAIL OF PARAPET SECTION / DETAIL OF PARAPET SECTION (5Ø12/m, 5Ø10/m, 6Ø10/m, 6Ø12/m; 30 x 130; 15/15):NOT_QUANTIFIED""]",none (no S3-S7 stage),S8 PARAPET,WHOLE_ELEMENT,S1 COUNTED_BLOCKED,parapet run and height (architectural); RC vs masonry not stated per run,,COUNTED_S8_CANDIDATE,S1 SPECIAL_STRUCTURAL_OCCURRENCE_REGISTER
SPC-PARAPET-SFRS,POPULATION_RECORD,,RC_PARAPET,2F_ROOF_SLAB,4-6 note 1; 14,"[""NOTE:SFRS:E6""]",,NOT_MEASURED (no Urban concrete line),"[""P14 parapet sections (TYPICAL DETAIL OF PARAPET SECTION / DETAIL OF PARAPET SECTION (5Ø12/m, 5Ø10/m, 6Ø10/m, 6Ø12/m; 30 x 130; 15/15):NOT_QUANTIFIED""]",none (no S3-S7 stage),S8 PARAPET,WHOLE_ELEMENT,S1 COUNTED_BLOCKED,parapet run and height (architectural); RC vs masonry not stated per run,,COUNTED_S8_CANDIDATE,S1 SPECIAL_STRUCTURAL_OCCURRENCE_REGISTER
SPC-WATER_TANK-SFRS,ELEMENT,,WATER_TANK_SUPPORT_SLAB,2F_ROOF_SLAB,6,"[""NOTE:SFRS:1A85""]",,NOT_MEASURED (no Urban concrete line),"[""rule None: see rule register""]",none (no S3-S7 stage),S8 WATER_TANK,WHOLE_ELEMENT,S1 COUNTED_AND_DEFINED,tank walls absent; slab region only,,COUNTED_S8_CANDIDATE,S1 SPECIAL_STRUCTURAL_OCCURRENCE_REGISTER
SPC-DOME-1,ELEMENT,,DOME_OR_SPECIAL_ROOF,1F_ROOF_SLAB,5; 7,[],,"V3b B0032 C-DOME-SHELL-12EB: technical DERIVED 2.34 m3; V3b B0036 C-DOME-SHELL-2F33: technical DERIVED 2.34 m3; V3b B0033 C-DOME-RING-12EB: technical BLOCKED (commercial PROVISIONAL_SOURCE_DERIVED 1.989 m3, not technical); V3b B0037 C-DOME-RING-2F33: technical BLOCKED (commercial PROVISIONAL_SOURCE_DERIVED 1.989 m3, not technical)","[""rule P7-DOME: CANDIDATE""]",none (no S3-S7 stage),S8 DOME,WHOLE_ELEMENT,S1 COUNTED_DEFINITION_PARTIAL,ring-beam depth 'AS PER ARCH'; shell bar anchorage into the ring,,COUNTED_S8_CANDIDATE,S1 SPECIAL_STRUCTURAL_OCCURRENCE_REGISTER
SPC-DOME-2,ELEMENT,,DOME_OR_SPECIAL_ROOF,1F_ROOF_SLAB,5; 7,[],,"V3b B0032 C-DOME-SHELL-12EB: technical DERIVED 2.34 m3; V3b B0036 C-DOME-SHELL-2F33: technical DERIVED 2.34 m3; V3b B0033 C-DOME-RING-12EB: technical BLOCKED (commercial PROVISIONAL_SOURCE_DERIVED 1.989 m3, not technical); V3b B0037 C-DOME-RING-2F33: technical BLOCKED (commercial PROVISIONAL_SOURCE_DERIVED 1.989 m3, not technical)","[""rule P7-DOME: CANDIDATE""]",none (no S3-S7 stage),S8 DOME,WHOLE_ELEMENT,S1 COUNTED_DEFINITION_PARTIAL,ring-beam depth 'AS PER ARCH'; shell bar anchorage into the ring,,COUNTED_S8_CANDIDATE,S1 SPECIAL_STRUCTURAL_OCCURRENCE_REGISTER
SPC-POOL,ELEMENT,,SWIMMING_POOL (base + walls),GROUND,3; 7,[],,V3b B0038 C-POOL: technical DERIVED 5.053 m3; V3b B0039 C-POOL-BLD: technical DERIVED 0.7955 m3,"[""rule P7-POOL: see rule register""]",none (no S3-S7 stage),S8 POOL,WHOLE_ELEMENT,S1 COUNTED_DEFINITION_PARTIAL,pool bar lengths from an N.I.S. detail (two depths),,COUNTED_S8_CANDIDATE,S1 SPECIAL_STRUCTURAL_OCCURRENCE_REGISTER
SPC-GROUND_SLAB,ELEMENT,,GROUND_SLAB (population record),GROUND_SLAB_SOG,3,[],,V3b B0009 C-GSLAB-ZONE-1: technical DERIVED 7.041 m3; V3b B0010 C-GSLAB-ZONE-2: technical DERIVED 4.4983 m3,"[""rule P3-GROUND-SLAB: see rule register""]",none (no S3-S7 stage),S8 GROUND_SLAB,WHOLE_ELEMENT,S1 COUNTED_DEFINITION_PARTIAL,thickness / mesh outside the two printed zones,,COUNTED_S8_CANDIDATE,S1 SPECIAL_STRUCTURAL_OCCURRENCE_REGISTER
SPC-CORNER_BARS,COMPONENT_EVIDENCE,S7 slab population (CORNER_GROUP),SLAB_CORNER_BARS,ALL,4-6 legend,[],,NOT_MEASURED (no Urban concrete line),"[""rule None: see rule register""]",S7 (CORNER_GROUP blocked),S7.1 / S8 (corner groups blocked in S7),,S1 COUNTED_AND_DEFINED,corner bar length and count per corner,,COUNTED_OWNED,S1 SPECIAL_STRUCTURAL_OCCURRENCE_REGISTER
SPC-BEAM_OPENING,TYPICAL_DETAIL_ONLY,,BEAM_OPENING_DETAIL (typical only),ALL,16,[],,NOT_MEASURED (no Urban concrete line),"[""rule P16-BEAM-OPENING: see rule register""]",none (no S3-S7 stage),none (no occurrence marked),,S1 NOT_IN_SCOPE,no opening in a beam is marked on any plan,,TYPICAL_DETAIL_ONLY,S1 SPECIAL_STRUCTURAL_OCCURRENCE_REGISTER
SPC-CASEMENT_DETAIL,TYPICAL_DETAIL_ONLY,,BEAM_IN_CASEMENT (typical only),ALL,15,[],,NOT_MEASURED (no Urban concrete line),"[""rule P15-CASEMENT: see rule register""]",none (no S3-S7 stage),none (no occurrence marked),,S1 NOT_IN_SCOPE,no occurrence marked,,TYPICAL_DETAIL_ONLY,S1 SPECIAL_STRUCTURAL_OCCURRENCE_REGISTER
SPC-RIBBED_SLAB,TYPICAL_DETAIL_ONLY,,RIBBED_OR_HORDI_SLAB (typical only),ALL,16,[],,NOT_MEASURED (no Urban concrete line),"[""rule P16-RIBS: see rule register""]",none (no S3-S7 stage),none (no occurrence marked),,S1 NOT_IN_SCOPE,no rib / hordi slab on any plan,,TYPICAL_DETAIL_ONLY,S1 SPECIAL_STRUCTURAL_OCCURRENCE_REGISTER
PS8-BLINDING-UNDER-FOOTINGS,POPULATION_RECORD,,LEAN_BLINDING_CONCRETE,FOUNDATION,"8 notes 5, 6, 16; 7 (pool: '10cm PLAIN CONCRETE')","[""1877""]",10 cm plain concrete printed on the pool detail only; under footings / ground beams the extent is not printed,V3b B0003 C-BLD-F: technical REVIEW; V3b B0008 C-BLD-GB: technical REVIEW; V3b B0042 C-BLD-FULL: technical OWNER_PROJECT_FACT 28.8276 m3; V3b B0039 C-POOL-BLD: technical DERIVED 0.7955 m3,"[""NONE (plain concrete)""]",none (concrete only; no rebar stage),concrete register only (no S8 rebar),,"PROJECT_SOURCE notes (mix, strength); extent OWNER fact",blinding extent and thickness under footings / ground beams not printed,V3b blinding per footing (REVIEW) and full-footprint blinding (OWNER_PROJECT_FACT) measure the same layer two ways: never sum them,PREVIOUSLY_UNREGISTERED_IN_S_STAGES (concrete only; V3b lines exist),population search (DXF) + V3b BOQ lines
PS8-LIFT-WALLS,COMPONENT_EVIDENCE,SPC-LIFT_PIT,LIFT_PIT_AND_WALLS (walls 20 cm),FOUNDATION,9 (FF row remark 'lift base'); 14 (DETAIL OF LIFT WITH ISOLATED FOOTING),"[""1C64"", ""1B2B"", ""1676""]",walls 20 cm on the FF footing (460 x 450 x 55); plan outline of the shaft not drawn; pit depth per the lift manufacturer,NOT_MEASURED (no Urban concrete line),"[""P14 walls 6Ø12/m + 6Ø16/m, 2Ø16, 2Ø12:NOT_QUANTIFIED""]",none,S8 LIFT,WHOLE_ELEMENT,PROJECT_SOURCE typical detail (p.14) + schedule remark (decoded Arabic),"shaft plan outline, pit depth, wall height",,NEW_EVIDENCE_LOCATION_BOUND (the S1 LIFT_PIT had no plan location: FF footing + schedule remark bind it),population search (DXF 1C64 + p.14)
PS8-DOME-TOWER-ARCH-ONLY,CONFLICT_CANDIDATE,,"DOME_OR_SPECIAL_ROOF (tower roof, +13.90)",2F_ROOF,architectural P7757 (plan circle); structural p.6 shows a flat panel,"[""P7757:1300""]","architectural plan circle 4410.0 mm; the structural 2F roof has SP-2F_ROOF_SLAB-04 (flat, 160 mm) at that place","V3b B0034 C-DOME-SHELL-1300: technical DERIVED 2.843 m3; V3b B0035 C-DOME-RING-1300: technical BLOCKED (commercial PROVISIONAL_SOURCE_DERIVED 1.989 m3, not technical)","[""DETAIL OF DOME (if it applies):NOT_ESTABLISHED""]",S7 releases the flat panel SP-2F_ROOF_SLAB-04 at that place,S8 DOME only if the structural engineer confirms an RC dome there,COMPONENT_OF_OWNED_ELEMENT,ARCHITECTURAL drawing only (no structural occurrence),"whether the tower dome is structural RC, and what it sits on","architecture shows 3 dome circles, the structural slab sheets 3 (FFRS); the third (tower) is not on any structural plan",SOURCE_CONFLICT_PREVIOUSLY_UNREGISTERED,population search (P7757 + ST7757)
